date,tmax_C,tmin_C,precip_mm_day
2041-01-01,26.3,19.574729684680893,0.0
2041-01-02,28.5,19.6,28.559572490706262
2041-01-03,28.0,19.4,10.685455390334571
2041-01-04,28.4,19.212671887952663,0.0
2041-01-05,29.1,19.7,0.0
2041-01-06,29.5,19.2,0.0
2041-01-07,29.0,19.0,0.8
2041-01-08,29.2,19.536697483503684,7.2
2041-01-09,29.1,19.5,11.0
2041-01-10,26.5,19.3,22.38048327137546
2041-01-11,25.6,19.4,28.559572490706262
2041-01-12,25.7,19.6,5.8453531598512996
2041-01-13,29.030059203444566,19.5,2.2249070631970262
2041-01-14,30.0,18.9,16.572118959107804
2041-01-15,30.6,19.7,27.08531598513011
2041-01-16,28.3,19.7,5.4
2041-01-17,28.6,19.7,1.0
2041-01-18,29.585897255893048,19.7,3.2624535315985135
2041-01-19,30.1,19.0,1.6
2041-01-20,29.5,19.691679822987656,0.0
2041-01-21,31.0,19.085782234124576,1.0
2041-01-22,30.1,19.6,11.363382899628252
2041-01-23,28.6,19.8,5.0
2041-01-24,29.63572079158731,19.4,0.0
2041-01-25,29.5,19.7,0.2
2041-01-26,31.1,19.6,0.0
2041-01-27,31.0,19.7,4.4
2041-01-28,31.8,19.6,1.7206319702602224
2041-01-29,31.8,18.9,1.2
2041-01-30,29.1,19.50207426183778,25.46598513011152
2041-01-31,24.6,19.6,69.18084340148698
2041-02-01,24.7,19.1,10.175416802876759
2041-02-02,27.2,18.2,0.0
2041-02-03,28.3,18.4,0.0
2041-02-04,29.8,19.0,0.0
2041-02-05,29.7,19.0,1.8
2041-02-06,30.0,19.0,0.0
2041-02-07,28.5,19.1,4.742334096109842
2041-02-08,26.4,19.09420631042805,5.6
2041-02-09,28.1,18.9,2.7299771167048044
2041-02-10,26.7,18.97421610834741,2.6
2041-02-11,26.1,18.6,0.5
2041-02-12,27.0,17.4,17.4
2041-02-13,25.6,19.42915956530501,31.26681922196798
2041-02-14,24.6,18.9,76.19115724092853
2041-02-15,24.2,18.7,26.786956521739132
2041-02-16,24.7,18.5,49.94691075514874
2041-02-17,24.3,18.6,24.233638443935924
2041-02-18,23.188361520276413,18.1,44.89042514753706
2041-02-19,25.1,18.5,6.348283752860413
2041-02-20,30.0,16.8,0.0
2041-02-21,31.639702861335284,16.4,0.0
2041-02-22,27.2,18.54973601260836,28.018123569794053
2041-02-23,26.4,18.3,31.0
2041-02-24,26.2,17.9,0.0
2041-02-25,27.2,16.5,0.0
2041-02-26,28.6,15.3,0.0
2041-02-27,30.0,16.4,0.0
2041-02-28,32.0,16.6,0.0
2041-03-01,32.5,18.6,0.0
2041-03-02,32.3563829787234,17.8,0.0
2041-03-03,26.4,19.904563090830575,0.9
2041-03-04,29.2,18.1,0.0
2041-03-05,28.1,17.116840462171126,0.0
2041-03-06,27.8,18.3,0.0
2041-03-07,29.7,17.6,0.0
2041-03-08,30.7,17.9,0.0
2041-03-09,32.677241379310345,17.8,0.0
2041-03-10,32.7,19.2,1.3
2041-03-11,31.3,19.2,8.4
2041-03-12,31.0,19.4,10.020000000000001
2041-03-13,32.0,19.0,1.4
2041-03-14,29.4,17.8,0.0
2041-03-15,27.9,19.0,0.0
2041-03-16,28.7,17.5,0.0
2041-03-17,29.9,18.7,0.3
2041-03-18,31.6,17.8,0.0
2041-03-19,32.387234042553196,17.2,0.0
2041-03-20,30.8,16.1,0.0
2041-03-21,30.4,18.6,0.0
2041-03-22,31.95098039215686,17.8,0.0
2041-03-23,30.8,18.2,0.0
2041-03-24,30.0,17.4,0.0
2041-03-25,31.813333333333333,17.3,0.0
2041-03-26,31.6,18.3,0.3
2041-03-27,32.5,17.8,0.0
2041-03-28,32.448,16.4,0.0
2041-03-29,32.9,16.9,0.0
2041-03-30,33.464028776978424,16.4,0.0
2041-03-31,33.22560975609756,17.90726326192946,0.0
2041-04-01,31.3,18.2,13.314783226723524
2041-04-02,30.529054054054054,18.28241758241758,25.505970149253727
2041-04-03,26.0,18.3,33.12437810945273
2041-04-04,20.337780898876403,17.0,0.9555223880597015
2041-04-05,19.56748003549246,16.7,1.2
2041-04-06,23.0,15.5,0.0
2041-04-07,25.8,14.7,0.0
2041-04-08,26.5,15.9,0.0
2041-04-09,27.3,14.4,0.0
2041-04-10,27.6,14.3,0.0
2041-04-11,27.2,14.2,0.0
2041-04-12,27.9,12.975280898876404,0.0
2041-04-13,27.6,14.3,0.0
2041-04-14,26.6,12.9,0.0
2041-04-15,27.2,12.5,0.0
2041-04-16,28.6,15.659230769230794,0.0
2041-04-17,30.7,14.6,0.0
2041-04-18,30.7,14.7,0.0
2041-04-19,28.4,14.219354838709677,0.6567164179104478
2041-04-20,28.7,14.3,0.0
2041-04-21,27.0,17.3,0.0
2041-04-22,26.0,16.5,0.0
2041-04-23,25.7,15.1,0.0
2041-04-24,27.9,12.8,0.0
2041-04-25,28.0,11.108333333333333,0.0
2041-04-26,28.2,15.9,0.0
2041-04-27,29.5,16.6,0.0
2041-04-28,28.9,16.9,0.0
2041-04-29,26.0,17.6,0.0
2041-04-30,28.0,15.4,0.0
2041-05-01,22.7,17.308678999674537,0.0
2041-05-02,21.282181507481816,16.9,0.0
2041-05-03,26.3,16.398821003274342,0.0
2041-05-04,27.0,16.9,0.0
2041-05-05,28.0,14.9,1.0750000000000002
2041-05-06,27.1,14.0,0.0
2041-05-07,28.6,18.181965719963546,0.0
2041-05-08,28.6,15.3,0.0
2041-05-09,28.8,18.281759432477898,0.0
2041-05-10,23.9,18.16009394265582,0.0
2041-05-11,25.2,16.9,0.0
2041-05-12,24.5,14.8,0.0
2041-05-13,27.3,17.478923450715044,0.0
2041-05-14,25.9,16.5,0.0
2041-05-15,23.5,16.2,1.2636363636363637
2041-05-16,23.4,14.3,18.098220640569387
2041-05-17,26.7,14.1,0.0
2041-05-18,27.5,16.2,1.203030303030303
2041-05-19,29.5,15.28336562612126,0.0
2041-05-20,30.0,14.9,0.0
2041-05-21,25.8,17.5,0.0
2041-05-22,23.0,16.66904295919364,0.0
2041-05-23,24.8,13.2,0.0
2041-05-24,26.4,13.1,0.0
2041-05-25,27.5,13.1,0.0
2041-05-26,27.5,12.6,0.0
2041-05-27,27.4,14.0,0.0
2041-05-28,26.3,16.2,0.0
2041-05-29,25.6,14.50085301704001,0.0
2041-05-30,26.1,11.9,0.0
2041-05-31,24.2,11.7,0.0
2041-06-01,26.1,13.5,0.0
2041-06-02,27.0,14.2,0.0
2041-06-03,25.5,15.958906144960427,0.0
2041-06-04,25.7,16.4,0.0
2041-06-05,25.0,16.769992508683114,0.0
2041-06-06,26.4,14.2,0.0
2041-06-07,25.5,12.2,0.0
2041-06-08,26.5,13.057907847530123,0.0
2041-06-09,26.6,11.5,0.0
2041-06-10,24.0,13.0,0.0
2041-06-11,27.6,15.0,0.0
2041-06-12,27.4,14.90397933187415,0.0
2041-06-13,24.8,14.2,0.0
2041-06-14,25.4,11.7,0.0
2041-06-15,25.8,8.1,0.0
2041-06-16,25.4,7.2,0.0
2041-06-17,26.2,7.0,0.0
2041-06-18,25.9,11.6,0.0
2041-06-19,25.6,12.3,0.0
2041-06-20,21.9,10.6,0.0
2041-06-21,22.1,10.6,0.0
2041-06-22,21.7,11.5,0.0
2041-06-23,23.9,7.8,0.0
2041-06-24,24.6,7.3,0.0
2041-06-25,24.8,13.781325785526283,0.0
2041-06-26,23.5,16.13087186352585,0.0
2041-06-27,23.1,14.50995485179612,0.0
2041-06-28,25.9,11.2,0.0
2041-06-29,25.9,10.9,0.0
2041-06-30,24.8,10.5,0.0
2041-07-01,25.4,10.3,0.0
2041-07-02,26.0,8.431072838177249,0.0
2041-07-03,24.5,11.2,0.0
2041-07-04,22.6,15.3,0.0
2041-07-05,26.0,15.525113967250832,0.0
2041-07-06,23.0,15.0,0.0
2041-07-07,25.0,10.4,0.0
2041-07-08,25.4,9.4,0.0
2041-07-09,25.82195909580193,10.4,0.0
2041-07-10,26.3,11.1,0.0
2041-07-11,24.9,12.502912682834163,0.0
2041-07-12,22.605068173663437,15.806195799177468,0.0
2041-07-13,23.6,13.6,0.0
2041-07-14,25.2,10.770613562970933,0.0
2041-07-15,26.4,9.0,0.0
2041-07-16,26.4,7.3,0.0
2041-07-17,24.3,10.7,0.0
2041-07-18,24.8,8.9,0.0
2041-07-19,26.0,8.4,0.0
2041-07-20,23.7,11.7,0.0
2041-07-21,18.319043967162067,12.815715823466084,0.0
2041-07-22,20.9,9.1,0.0
2041-07-23,20.0,8.9,0.0
2041-07-24,22.5,5.3,0.0
2041-07-25,25.7,6.0,0.0
2041-07-26,26.2,11.5,0.0
2041-07-27,26.5,15.2,0.0
2041-07-28,27.6,15.2,0.0
2041-07-29,22.9,14.2,0.0
2041-07-30,23.5,14.2,0.0
2041-07-31,24.2,11.7,0.0
2041-08-01,25.7,12.2,0.0
2041-08-02,27.2,12.3,0.0
2041-08-03,30.2,14.0,0.0
2041-08-04,29.2,15.5,0.0
2041-08-05,27.9,15.0,0.0
2041-08-06,26.7,13.9,0.0
2041-08-07,26.4,12.8,0.0
2041-08-08,26.4,12.0,0.0
2041-08-09,24.5,12.0,0.0
2041-08-10,24.9,11.8,0.0
2041-08-11,24.1,12.9,0.0
2041-08-12,25.5,10.9,0.0
2041-08-13,26.9,11.1,0.0
2041-08-14,25.7,13.4,0.0
2041-08-15,24.0,12.2,0.0
2041-08-16,24.5,10.2,0.0
2041-08-17,25.0,13.5,0.0
2041-08-18,26.3,11.9,0.0
2041-08-19,26.0,12.9,0.0
2041-08-20,25.7,12.9,0.0
2041-08-21,26.4,12.5,0.0
2041-08-22,29.1,12.2,0.0
2041-08-23,31.2,13.4,0.0
2041-08-24,32.5,15.2,0.0
2041-08-25,32.99064955095351,16.42106251148624,0.0
2041-08-26,34.70990466122072,16.7,0.0
2041-08-27,33.20614514231356,18.0,0.0
2041-08-28,31.4,18.64060140977117,0.0
2041-08-29,31.9,16.294234367705663,0.0
2041-08-30,33.19676288315027,16.17995370861697,0.0
2041-08-31,31.9,18.448062999263502,0.0
2041-09-01,31.3,17.8,0.0
2041-09-02,32.973733778272155,16.9,0.0
2041-09-03,31.9,18.9,0.0
2041-09-04,30.9,17.8,0.0
2041-09-05,31.7,16.9,0.0
2041-09-06,32.7,16.9,0.0
2041-09-07,32.7,17.032288901860156,0.0
2041-09-08,33.0,16.7,0.0
2041-09-09,32.5,17.6,0.0
2041-09-10,31.571318559082748,17.5,0.0
2041-09-11,32.5,16.7,0.0
2041-09-12,31.9,17.2,0.0
2041-09-13,28.6,17.1,0.0
2041-09-14,28.1,14.9,0.0
2041-09-15,29.3,14.8,0.0
2041-09-16,30.9,16.0,0.0
2041-09-17,30.0,17.7,0.0
2041-09-18,29.9,17.2,0.0
2041-09-19,31.6,17.4,0.0
2041-09-20,34.2,18.4,0.0
2041-09-21,35.1,19.390649741542894,0.0
2041-09-22,32.3,20.425673501766028,0.0
2041-09-23,25.841337597330366,17.0,0.0
2041-09-24,27.1,14.2,0.0
2041-09-25,26.7,12.7,0.0
2041-09-26,27.530329996292178,12.6,0.0
2041-09-27,27.5,12.7,0.0
2041-09-28,29.0,12.198488219233491,0.0
2041-09-29,30.9,12.2,0.0
2041-09-30,31.200872764610253,14.0,0.0
2041-10-01,30.0,14.164147339438404,0.0
2041-10-02,30.13407658003998,13.1,0.0
2041-10-03,32.4,12.915848738709224,0.0
2041-10-04,34.2,14.9,0.0
2041-10-05,35.0,17.4,0.0
2041-10-06,36.205896296635586,20.2,0.0
2041-10-07,36.66882107923433,21.3,0.0
2041-10-08,35.8,21.7,0.0
2041-10-09,34.5,21.2,0.0
2041-10-10,33.2,20.0,0.0
2041-10-11,33.8,19.880910879328894,0.0
2041-10-12,34.9,19.9,0.0
2041-10-13,36.0,20.4,0.0
2041-10-14,36.726138021767724,21.9,0.0
2041-10-15,35.6,22.0,0.0
2041-10-16,36.0,21.067672837214623,0.0
2041-10-17,36.9,20.7,0.0
2041-10-18,35.2,22.0,0.0
2041-10-19,35.2,21.0,0.0
2041-10-20,36.9,21.4,0.0
2041-10-21,37.2,21.8,0.0
2041-10-22,36.74756847267072,23.133288674001353,0.0
2041-10-23,37.27502482556937,25.255322265625,0.0
2041-10-24,35.7781869906197,23.0,0.0
2041-10-25,32.7,22.2,0.0
2041-10-26,35.4,21.6,0.0
2041-10-27,35.59696755343686,19.1,0.0
2041-10-28,31.0,18.2,0.0
2041-10-29,24.012034272023335,17.5,3.9600000000000017
2041-10-30,25.7,17.7,0.0
2041-10-31,30.1,16.3,0.0
2041-11-01,34.8,20.3,0.0
2041-11-02,35.600816973814744,20.0,0.0
2041-11-03,35.2,21.5,0.0
2041-11-04,34.8,20.731098526982844,0.0
2041-11-05,31.5,21.0,1.0
2041-11-06,32.1,21.0,0.0
2041-11-07,33.2,20.0,2.8
2041-11-08,32.0,20.0,18.95
2041-11-09,31.9,21.081293168119625,10.583333333333332
2041-11-10,30.7,20.1,16.0
2041-11-11,33.2,19.5,1.4
2041-11-12,32.5,19.92407563959956,0.0
2041-11-13,32.8,19.4,0.0
2041-11-14,32.7,20.0,1.8
2041-11-15,31.6,19.5,5.15
2041-11-16,30.6,20.3,1.4
2041-11-17,30.0,20.4,1.1
2041-11-18,25.150811123470522,17.5,25.6
2041-11-19,24.142712332699414,16.9,0.0
2041-11-20,24.5,17.3,0.0
2041-11-21,28.5,19.4,0.0
2041-11-22,27.0,20.0,0.0
2041-11-23,30.0,18.1,0.0
2041-11-24,32.3,17.3,0.0
2041-11-25,32.9,16.9,0.0
2041-11-26,32.2,17.0,0.0
2041-11-27,30.6,19.6,0.0
2041-11-28,26.798364437852758,18.9,0.0
2041-11-29,31.5,17.5,0.0
2041-11-30,29.0,19.5,7.114285714285714
2041-12-01,26.0,19.9,1.4
2041-12-02,27.92117706563606,17.2,0.0
2041-12-03,29.8,17.6,0.0
2041-12-04,30.0,16.4,0.0
2041-12-05,31.7,14.503430095097572,0.0
2041-12-06,33.318662243993074,17.1,0.0
2041-12-07,32.0,21.0,0.0
2041-12-08,30.9,19.4,0.0
2041-12-09,32.4,17.5,0.0
2041-12-10,33.7,18.0,0.0
2041-12-11,31.8,20.275480573171766,0.0
2041-12-12,31.2,19.0,0.0
2041-12-13,32.1,17.9,0.0
2041-12-14,32.4,20.644980310937303,0.0
2041-12-15,31.2,20.2,2.0
2041-12-16,31.0,20.2,1.4
2041-12-17,30.1,19.9,18.732978723404273
2041-12-18,26.4,19.9,38.9508510638298
2041-12-19,27.0,19.0,0.0
2041-12-20,25.5,18.7,0.8
2041-12-21,26.270258342303553,19.4,48.66297872340427
2041-12-22,27.9,18.6,7.406063829787235
2041-12-23,29.7,18.3,34.60691489361703
2041-12-24,24.1,19.2,10.0
2041-12-25,26.5,19.5,0.3
2041-12-26,27.9,19.2,5.898297872340424
2041-12-27,27.3,19.0,2.4
2041-12-28,28.0,18.6,4.4
2041-12-29,25.2,19.3,1.0
2041-12-30,27.1,19.8,0.0
2041-12-31,31.4,19.9,0.0
2042-01-01,27.4,19.6,3.4
2042-01-02,27.2,19.59519145373529,10.0
2042-01-03,29.2,19.6,8.420879801734817
2042-01-04,26.1,18.9,8.95520446096654
2042-01-05,25.9,18.6,16.0
2042-01-06,28.5,18.0,0.0
2042-01-07,29.9,18.2,0.0
2042-01-08,28.9,18.6,0.7
2042-01-09,25.6,16.3,25.683271375464685
2042-01-10,21.076612861607504,16.3,0.8
2042-01-11,26.4,17.0,10.8
2042-01-12,24.7,18.0,23.028872366790573
2042-01-13,26.843152238699744,16.3,0.0
2042-01-14,29.3,15.4,0.0
2042-01-15,25.5,18.9,42.60498578613601
2042-01-16,30.303873064502778,18.8,23.028872366790573
2042-01-17,31.0,19.1,9.514126394052045
2042-01-18,29.0,18.9,15.168959107806685
2042-01-19,25.0,19.4,50.72992565055749
2042-01-20,24.4,19.2,26.504337050805443
2042-01-21,29.6,19.6,29.55092936802973
2042-01-22,31.418607753359325,19.375633623642404,24.739405204460958
2042-01-23,28.4,17.9,7.302973977695163
2042-01-24,29.9,16.9,1.7
2042-01-25,28.6,16.5,59.955390334572485
2042-01-26,28.0,19.7,14.3
2042-01-27,28.2,19.7,1.1144981412639405
2042-01-28,28.6,19.5,0.0
2042-01-29,28.0,19.856290986266007,0.0
2042-01-30,26.4,19.832628094180198,0.0
2042-01-31,25.661796763947233,19.7,12.330855018587359
2042-02-01,24.7,18.9,29.03636683682451
2042-02-02,25.614586587664963,18.6,0.0
2042-02-03,25.5,19.2,0.0
2042-02-04,26.0,18.5,0.0
2042-02-05,26.5,18.9,6.4
2042-02-06,27.2,18.9,0.0
2042-02-07,27.0,18.8,27.337986270022892
2042-02-08,28.0,19.1,0.0
2042-02-09,29.326171338511767,17.8,0.0
2042-02-10,30.4,17.0,0.0
2042-02-11,31.9,18.6,0.0
2042-02-12,29.1,18.9,0.0
2042-02-13,28.9,19.2,18.554691075514874
2042-02-14,28.0,19.1,21.2
2042-02-15,27.973929078014184,19.481874788922646,6.4
2042-02-16,28.8,19.9,1.0
2042-02-17,30.7,19.135263604856664,3.2
2042-02-18,29.7,18.2,6.4
2042-02-19,28.6,19.697791022038295,0.0
2042-02-20,29.8,19.1,0.0
2042-02-21,29.0,17.6,0.0
2042-02-22,29.0,17.6,0.0
2042-02-23,28.6,19.706290995056946,0.0
2042-02-24,24.9,19.1,0.0
2042-02-25,24.0,19.0,0.0
2042-02-26,26.0,18.7,0.0
2042-02-27,26.3,19.0,0.0
2042-02-28,28.5,18.2,0.0
2042-03-01,28.7,19.374394699737714,9.150000000000006
2042-03-02,26.5,18.7,0.0
2042-03-03,21.474774774774776,17.8,0.0
2042-03-04,25.7,17.791711517761026,0.0
2042-03-05,28.9,16.5,0.0
2042-03-06,26.0,15.7,0.0
2042-03-07,26.7,15.9,0.0
2042-03-08,29.2,14.0,0.0
2042-03-09,30.9,13.5,0.0
2042-03-10,32.37925531914893,13.6,0.0
2042-03-11,31.3,14.4,0.0
2042-03-12,30.0,17.0,0.0
2042-03-13,30.4,16.216205108131845,0.0
2042-03-14,32.4,14.7,0.0
2042-03-15,32.38191489361702,14.8,0.0
2042-03-16,33.55952380952381,16.41610339170139,0.0
2042-03-17,33.296747967479675,17.2,0.0
2042-03-18,32.443999999999996,18.3,0.0
2042-03-19,31.5,18.0,0.0
2042-03-20,32.4,17.6,0.0
2042-03-21,31.9,16.0,0.0
2042-03-22,32.5,17.0,0.0
2042-03-23,32.731818181818184,16.2,0.0
2042-03-24,32.7,17.1,0.0
2042-03-25,33.38349514563107,18.8,0.0
2042-03-26,33.0,19.4,0.0
2042-03-27,32.7,19.3,0.0
2042-03-28,30.9,18.8,0.0
2042-03-29,27.3,16.0,2.6
2042-03-30,29.4,15.5,0.0
2042-03-31,30.7,15.8,0.0
2042-04-01,31.7,13.6,0.0
2042-04-02,32.853971486761715,13.2,0.0
2042-04-03,34.08385452073419,14.342857142857145,0.0
2042-04-04,34.00608429639701,17.3,0.0
2042-04-05,30.4,18.90092592592592,2.0917910447761194
2042-04-06,25.4,18.5,0.0
2042-04-07,27.5,18.3,0.0
2042-04-08,28.2,17.1,0.0
2042-04-09,29.9,17.1,0.0
2042-04-10,31.1,18.6,0.0
2042-04-11,30.9,16.9,0.0
2042-04-12,31.1,14.2,0.0
2042-04-13,31.432432432432428,14.5,0.0
2042-04-14,30.0,18.6,0.0
2042-04-15,30.7,18.6,0.0
2042-04-16,32.596306818181816,18.5,0.0
2042-04-17,33.91601615074025,18.99691358024691,0.0
2042-04-18,34.68762886597936,19.0,0.0
2042-04-19,35.58447265625,19.749489144316744,0.0
2042-04-20,34.4484536082474,23.612353515625,0.0
2042-04-21,35.93701171875,21.7302734375,0.0
2042-04-22,34.27604719764011,20.787890625,0.0
2042-04-23,32.85478615071283,21.365771484375,0.0
2042-04-24,31.224215246636767,19.4,5.154029850746269
2042-04-25,28.6,19.0,0.0
2042-04-26,29.5,18.9,0.0
2042-04-27,29.8,16.7,0.0
2042-04-28,31.278699551569503,17.2,0.0
2042-04-29,30.4,17.5,0.0
2042-04-30,29.5,18.3,0.0
2042-05-01,31.0,17.2,0.0
2042-05-02,31.6,17.8,0.0
2042-05-03,31.0,17.488306443180054,0.0
2042-05-04,29.9,19.574462890625,0.0
2042-05-05,27.0,18.386360121105554,1.42
2042-05-06,27.9,17.8,0.0
2042-05-07,29.3,15.0,0.0
2042-05-08,24.9,15.2,0.0
2042-05-09,27.6,14.9,0.0
2042-05-10,24.6,17.5,0.0
2042-05-11,25.9,16.4034265296806,0.0
2042-05-12,27.0,11.546124865446712,0.0
2042-05-13,27.7,14.5,0.0
2042-05-14,28.6,12.2,0.0
2042-05-15,25.7,13.6,0.0
2042-05-16,26.0,11.909971106452888,0.0
2042-05-17,27.4,18.116863007821006,0.0
2042-05-18,30.1,17.474790465938785,0.0
2042-05-19,30.885996027508984,15.2,0.0
2042-05-20,28.6,14.0,0.0
2042-05-21,27.5,9.6,0.0
2042-05-22,27.0,7.9,0.0
2042-05-23,26.7,6.8,0.0
2042-05-24,27.2,8.4,0.0
2042-05-25,27.6,9.296826535900806,0.0
2042-05-26,26.5,11.3,0.0
2042-05-27,25.5,10.9,0.0
2042-05-28,26.7,16.0624562090224,0.0
2042-05-29,22.5,11.0,0.0
2042-05-30,24.6,10.9,0.0
2042-05-31,24.96004192397031,14.962254964892741,0.0
2042-06-01,25.9,14.911029151694422,0.0
2042-06-02,25.6,12.3,0.0
2042-06-03,18.00428562288629,11.5,0.0
2042-06-04,22.8,11.716559279702821,0.0
2042-06-05,19.2,12.287269187986658,0.0
2042-06-06,24.6,12.9,0.0
2042-06-07,25.6,12.365227097707635,0.0
2042-06-08,24.3,15.036105394883212,0.0
2042-06-09,24.7,15.0,0.0
2042-06-10,23.19334303071789,12.8,0.0
2042-06-11,24.6,12.1,0.0
2042-06-12,25.7,10.0,0.0
2042-06-13,27.5,8.0,0.0
2042-06-14,28.09477497519767,6.5,0.0
2042-06-15,23.5,7.3,0.0
2042-06-16,20.0,4.037594165151886,0.0
2042-06-17,21.0,3.2,0.0
2042-06-18,22.1,5.2,0.0
2042-06-19,22.2,7.606003821910385,0.0
2042-06-20,21.557478005865104,7.0,0.0
2042-06-21,23.0,10.8,0.0
2042-06-22,25.3,9.2,0.0
2042-06-23,25.6,9.770851872450875,0.0
2042-06-24,25.9,10.0,0.0
2042-06-25,26.1,10.6,0.0
2042-06-26,26.3,11.5,0.0
2042-06-27,26.0,11.5,0.0
2042-06-28,25.7,11.113703632054948,0.0
2042-06-29,25.28479792361884,11.41383699197143,0.0
2042-06-30,25.2,9.5,0.0
2042-07-01,25.7,8.3,0.0
2042-07-02,24.3,10.5,0.0
2042-07-03,24.612430867451096,11.0,0.0
2042-07-04,24.7,12.1,0.0
2042-07-05,22.5,13.8,0.0
2042-07-06,23.1,14.2,0.0
2042-07-07,23.6,12.2,0.0
2042-07-08,18.079321082577273,12.624078310010761,0.0
2042-07-09,21.3,10.4,0.0
2042-07-10,25.7,6.1,0.0
2042-07-11,25.4,9.7,0.0
2042-07-12,25.2,12.6,0.0
2042-07-13,25.4,14.0,0.0
2042-07-14,25.2,12.8,0.0
2042-07-15,24.2,12.6,0.0
2042-07-16,24.8,14.2,0.0
2042-07-17,24.6,13.489523590667744,0.0
2042-07-18,22.7,10.4,0.0
2042-07-19,20.2308570366527,10.5,0.0
2042-07-20,22.46107118959648,7.113347685683528,0.0
2042-07-21,23.7,4.6,0.0
2042-07-22,25.0,8.0,0.0
2042-07-23,25.0,8.9,0.0
2042-07-24,26.0,8.4,0.0
2042-07-25,27.2,10.3,0.0
2042-07-26,28.6,12.652170029544461,0.0
2042-07-27,28.8,14.2,0.0
2042-07-28,28.8097333774944,13.1,0.0
2042-07-29,30.7,12.2,0.0
2042-07-30,28.8,15.515731449008635,0.0
2042-07-31,21.2,15.476100856676558,0.0
2042-08-01,24.0,12.8,0.0
2042-08-02,25.2,12.0,0.0
2042-08-03,26.5,11.9,0.0
2042-08-04,27.2,12.0,0.0
2042-08-05,27.0,13.0,0.0
2042-08-06,27.0,12.4,0.0
2042-08-07,27.2,12.2,0.0
2042-08-08,27.0,12.4,0.0
2042-08-09,27.6,12.7,0.0
2042-08-10,30.7,13.8,0.0
2042-08-11,32.47229618718485,17.2,0.0
2042-08-12,31.2,18.72339108996837,0.0
2042-08-13,29.2,16.76303211467424,0.0
2042-08-14,28.9,16.7,0.0
2042-08-15,30.0,16.4,0.0
2042-08-16,30.6,16.0,0.0
2042-08-17,32.1,16.7,0.0
2042-08-18,35.5392571632383,18.2426092243979,0.0
2042-08-19,33.2,25.78076171875,0.0
2042-08-20,33.1,26.654541015625,0.0
2042-08-21,33.1,19.17425586429125,0.0
2042-08-22,30.9,28.017578125,0.0
2042-08-23,33.2,27.513427734375,0.0
2042-08-24,32.9,26.5224609375,0.0
2042-08-25,30.5,18.790555568844745,0.0
2042-08-26,30.0,16.7,0.0
2042-08-27,30.3,16.381658212101087,0.0
2042-08-28,29.963536516392693,17.0,0.0
2042-08-29,29.1,16.3,0.0
2042-08-30,30.0,16.4,0.0
2042-08-31,31.9,16.4,0.0
2042-09-01,34.0,17.3,0.0
2042-09-02,35.22561869876651,18.9,0.0
2042-09-03,33.2,19.98692992213571,0.0
2042-09-04,31.3,19.1636142260169,0.0
2042-09-05,31.6,17.6,0.0
2042-09-06,31.3,17.9,0.0
2042-09-07,28.8,15.4,0.0
2042-09-08,30.0,13.9,0.0
2042-09-09,31.0,14.4,0.0
2042-09-10,30.6,16.2,0.0
2042-09-11,30.18226812860851,15.7,0.0
2042-09-12,30.6,14.7,0.0
2042-09-13,32.5,15.0,0.0
2042-09-14,33.4,16.7,0.0
2042-09-15,33.25500060573354,18.1,0.0
2042-09-16,33.0,18.9,0.0
2042-09-17,33.4,18.7,0.0
2042-09-18,34.99761552123601,18.84071190211346,0.0
2042-09-19,35.4,21.222767896663346,0.0
2042-09-20,31.3,19.4,0.0
2042-09-21,30.3,17.4,0.0
2042-09-22,31.0,17.1,0.0
2042-09-23,32.0,17.6,0.0
2042-09-24,33.1,18.737623364021495,0.0
2042-09-25,34.0,19.6,0.0
2042-09-26,35.08944041233935,20.5,0.0
2042-09-27,35.2,23.21875,0.0
2042-09-28,35.1,21.583778011398216,0.0
2042-09-29,32.9,20.31312878506984,0.0
2042-09-30,32.0,19.6,0.0
2042-10-01,32.0,18.7,0.0
2042-10-02,34.0,17.6,0.0
2042-10-03,35.4,19.5,0.0
2042-10-04,32.10757496540058,19.0,0.0
2042-10-05,32.7,17.5,0.0
2042-10-06,34.0,19.6,0.0
2042-10-07,35.789035829617085,20.7,0.0
2042-10-08,32.3,21.7,0.0
2042-10-09,31.1,19.3,0.0
2042-10-10,31.8,18.1,0.0
2042-10-11,32.7125379195616,17.9,0.0
2042-10-12,35.025621141890554,20.7,0.0
2042-10-13,36.3,20.7,0.0
2042-10-14,36.0,22.0,0.0
2042-10-15,36.2,20.7,0.0
2042-10-16,32.7,20.8,0.0
2042-10-17,32.9,19.5,2.4
2042-10-18,30.1,17.5,0.2
2042-10-19,24.90004617456928,17.1,1.6
2042-10-20,25.9,15.5,0.0
2042-10-21,29.7,12.96061824308513,0.0
2042-10-22,29.3,14.5065436525882,0.0
2042-10-23,31.9,14.5,0.0
2042-10-24,34.4,16.5,0.0
2042-10-25,35.8,17.1,0.0
2042-10-26,35.6,18.19167115177609,0.0
2042-10-27,36.0,18.6,0.0
2042-10-28,35.6,21.3,0.0
2042-10-29,36.0,21.9,0.0
2042-10-30,37.2,23.49865330276558,0.0
2042-10-31,35.98899551558324,21.9,0.0
2042-11-01,35.0,21.457035595105676,0.0
2042-11-02,36.2,21.3,0.0
2042-11-03,35.7,20.9,0.2
2042-11-04,33.4,21.3,3.033333333333333
2042-11-05,32.6,21.3,16.0
2042-11-06,33.4,21.2,0.0
2042-11-07,32.4,21.3,0.0
2042-11-08,35.2,21.0,0.0
2042-11-09,35.2,23.184965368928445,0.0
2042-11-10,35.7,23.21828498045038,0.0
2042-11-11,36.4,23.2,0.0
2042-11-12,34.9,22.1,2.1
2042-11-13,31.1,21.14048943270301,3.6
2042-11-14,27.4,20.4,0.0
2042-11-15,32.5233386890784,20.6,0.0
2042-11-16,32.8,20.0,0.0
2042-11-17,29.7,19.2,0.0
2042-11-18,32.791626251390426,17.459467784718065,0.0
2042-11-19,34.5,17.0,0.0
2042-11-20,35.7,17.1,0.0
2042-11-21,37.13171097699314,18.5,0.0
2042-11-22,37.110150961385656,22.9,0.0
2042-11-23,36.49108298838418,21.3,0.0
2042-11-24,35.6,21.3,0.0
2042-11-25,33.3,20.2,0.0
2042-11-26,33.7,21.0,0.0
2042-11-27,35.2,22.01143375680581,0.0
2042-11-28,35.40593317270465,23.20827146996902,0.0
2042-11-29,35.7,23.28241378335457,0.0
2042-11-30,34.4,21.3,0.0
2042-12-01,33.7,19.4,0.0
2042-12-02,35.035205078125,20.64116967112225,0.0
2042-12-03,36.3142578125,23.1865234375,0.0
2042-12-04,34.97587890625,22.273376827579693,0.0
2042-12-05,33.7,21.0,0.0
2042-12-06,33.7,21.0,0.5
2042-12-07,33.1,20.59523558368495,9.2
2042-12-08,33.33531294604116,20.3,0.0
2042-12-09,33.7,20.32159186666642,0.0
2042-12-10,31.740726535475034,21.0,29.765106382978725
2042-12-11,30.7,20.350957818291963,23.8
2042-12-12,27.0,19.9,4.0
2042-12-13,27.1,19.8,0.7
2042-12-14,27.2,19.9,0.0
2042-12-15,30.2,19.91041941889291,1.7
2042-12-16,31.4,19.9,0.5
2042-12-17,30.3,20.3,24.710425531914886
2042-12-18,32.1,19.9,0.0
2042-12-19,30.0,20.13033317929835,0.0
2042-12-20,31.2,20.3,0.0
2042-12-21,28.3,20.3,47.97791102514506
2042-12-22,26.2,20.2,18.732978723404273
2042-12-23,26.5,20.3,19.315319148936172
2042-12-24,28.5,20.3,52.4
2042-12-25,29.0,20.1,26.988351063829768
2042-12-26,30.7,19.9,0.5
2042-12-27,26.5823154495496,19.9,0.9
2042-12-28,29.78259125159017,19.5,0.0
2042-12-29,31.0,17.6,0.0
2042-12-30,32.4,17.7,0.0
2042-12-31,31.7,19.9,0.0
2043-01-01,32.6,19.7,0.0
2043-01-02,32.6,19.7,0.7053903345724907
2043-01-03,32.0,19.8,16.572118959107804
2043-01-04,31.8,19.8,20.978252788104086
2043-01-05,32.0,19.8,3.8
2043-01-06,31.149013275923927,19.8,26.18633828996281
2043-01-07,29.4,19.829522263113475,41.33680896990046
2043-01-08,26.454764658358318,19.8,34.0
2043-01-09,27.5,19.983683541318243,6.0
2043-01-10,30.5,19.7,0.0
2043-01-11,32.462659567551135,18.0,0.0
2043-01-12,32.62538526980808,17.8,0.0
2043-01-13,32.6,17.8,0.0
2043-01-14,35.142770191109335,17.5,0.0
2043-01-15,36.204057758940735,18.2,0.0
2043-01-16,32.6,19.8,0.0
2043-01-17,32.88313219466477,19.879262817052236,0.0
2043-01-18,29.5,19.9445768155161,38.54521375464682
2043-01-19,29.017976318622175,19.8,47.57808121246783
2043-01-20,26.0,19.7,60.4
2043-01-21,25.6,19.3,22.0
2043-01-22,25.4,18.2,60.4
2043-01-23,28.1,19.627761115539137,4.0
2043-01-24,30.1,19.7,0.0
2043-01-25,31.2,19.8,0.0
2043-01-26,29.9,19.8,0.0
2043-01-27,28.9,18.9,0.0
2043-01-28,29.0,17.8,0.0
2043-01-29,30.1,16.9,0.0
2043-01-30,31.824526419244627,17.2,0.0
2043-01-31,32.0,19.4,0.0
2043-02-01,32.99294813528248,20.095143182426565,0.0
2043-02-02,34.94125662979701,19.9,0.0
2043-02-03,34.03430567123495,21.468212890625,4.2
2043-02-04,34.689699010276904,20.625001573047836,0.8
2043-02-05,30.0,20.19216371378582,0.0
2043-02-06,36.01884765625,18.9,0.0
2043-02-07,36.2703125,20.185806691607752,0.0
2043-02-08,35.151905607307725,19.9,0.0
2043-02-09,35.315743700927264,19.9,0.0
2043-02-10,34.9550963693823,19.0,0.0
2043-02-11,29.6,19.983340690092284,0.0
2043-02-12,29.8,20.8638427734375,4.4
2043-02-13,32.917815403056636,20.729011333299002,9.4
2043-02-14,30.5,19.9,26.8
2043-02-15,32.9,20.546526342626958,0.4036613272311214
2043-02-16,32.9,19.988461630965162,0.0
2043-02-17,32.783895103702065,20.339074998835546,19.234096109839825
2043-02-18,32.7,20.012359997843728,2.6
2043-02-19,33.063471727792034,20.305352039936636,0.0
2043-02-20,26.7,20.66724718261002,0.0
2043-02-21,29.2,20.60471432225333,1.4
2043-02-22,29.5,20.473097858285136,0.0
2043-02-23,32.9,19.877081616247953,9.458352402745996
2043-02-24,30.6,20.742213086287194,0.4
2043-02-25,32.83744311578855,20.766577840536268,5.595881006864992
2043-02-26,30.7,20.137196662019353,13.202517162471405
2043-02-27,31.8,19.9,9.8
2043-02-28,32.95324591113041,19.7,0.0
2043-03-01,30.0,19.905766906214623,1.7
2043-03-02,29.96428571428571,19.82306193743519,1.3
2043-03-03,34.76149379783586,19.3,16.44285714285715
2043-03-04,33.575963718820866,20.776971128490374,27.0
2043-03-05,28.3,20.46479619599592,7.3
2043-03-06,26.7,19.9,4.6
2043-03-07,28.3,19.9,0.0
2043-03-08,27.0,19.6,0.0
2043-03-09,28.479999999999997,17.6,0.0
2043-03-10,29.0,16.5,0.0
2043-03-11,30.7,17.7,0.0
2043-03-12,31.2,19.9,0.0
2043-03-13,31.4,19.9,0.0
2043-03-14,30.9,18.6,0.0
2043-03-15,30.0,17.8,0.0
2043-03-16,30.1,17.9,0.0
2043-03-17,31.650757575757574,20.843086780132303,0.0
2043-03-18,31.1,18.6,0.0
2043-03-19,31.339999999999996,17.3,0.0
2043-03-20,32.6,16.4,0.0
2043-03-21,33.7,17.0,0.0
2043-03-22,31.718749999999996,19.9,0.0
2043-03-23,31.2,19.294627401602316,0.0
2043-03-24,30.2,19.6,0.0
2043-03-25,32.7,19.9,0.0
2043-03-26,33.44580335731415,19.918765680412108,0.0
2043-03-27,32.5,19.9,0.0
2043-03-28,30.968211920529807,17.9,0.0
2043-03-29,31.9,16.5,0.0
2043-03-30,33.593990929705214,17.0,0.0
2043-03-31,34.14645025072578,20.262587523707,0.0
2043-04-01,32.93917727717923,19.0,0.0
2043-04-02,32.51931818181818,18.4,0.0
2043-04-03,32.7,17.6,0.0
2043-04-04,31.4,18.5,0.0
2043-04-05,32.2,17.5,0.0
2043-04-06,33.8099596231494,17.2,0.0
2043-04-07,34.15439528023598,18.0,0.0
2043-04-08,33.276508620689654,18.7,0.0
2043-04-09,33.06728697355533,18.6,0.0
2043-04-10,33.580333333333336,19.19497301902868,0.0
2043-04-11,33.942934051144015,19.12658335700085,0.0
2043-04-12,34.04500339904827,19.4,0.0
2043-04-13,32.7,19.7,0.0
2043-04-14,32.2,19.7,0.0
2043-04-15,31.408494208494208,19.4,0.0
2043-04-16,28.4,19.7,0.0
2043-04-17,30.670689655172417,19.4,0.0
2043-04-18,31.7,17.181081081081086,0.0
2043-04-19,33.2,16.6,0.0
2043-04-20,31.780549682875264,18.29230769230769,0.0
2043-04-21,30.0,17.77361111111111,0.0
2043-04-22,30.348387096774196,16.3,0.0
2043-04-23,31.7,13.9,0.0
2043-04-24,32.2,16.6,0.0
2043-04-25,32.2,18.6,0.0
2043-04-26,31.7,19.4,0.0
2043-04-27,31.6,19.7,0.0
2043-04-28,30.193617021276594,19.0,0.0
2043-04-29,28.4,16.4,0.0
2043-04-30,28.4,15.0,0.0
2043-05-01,29.6,14.6,0.0
2043-05-02,30.1,15.1,0.0
2043-05-03,30.2,15.7,0.0
2043-05-04,31.470909392007332,15.7,0.0
2043-05-05,32.522682005935515,15.1,0.0
2043-05-06,31.738758003839614,15.7,0.0
2043-05-07,31.0,16.0,0.0
2043-05-08,32.61163847955373,14.9,0.0
2043-05-09,33.747292526675416,14.9,0.0
2043-05-10,33.8263671875,16.2,0.0
2043-05-11,34.51044921875,17.558049175043926,0.0
2043-05-12,34.3712890625,18.21551479551461,0.0
2043-05-13,33.9826171875,17.76224238299625,0.0
2043-05-14,34.098583984375,16.9,0.0
2043-05-15,35.440625,17.481492603413795,0.0
2043-05-16,35.461865234375,16.469183212258844,0.0
2043-05-17,34.80146484375,18.024913231994994,0.0
2043-05-18,34.52998046875,19.92236328125,0.0
2043-05-19,36.684033203125,18.41754191901223,0.0
2043-05-20,37.190625,24.058837890625,0.0
2043-05-21,34.2267578125,20.5849609375,0.0
2043-05-22,31.0,18.25431469734291,0.6499999999999999
2043-05-23,29.3,18.227905612590387,0.0
2043-05-24,31.4,17.490987298170058,0.0
2043-05-25,32.7,17.8,0.0
2043-05-26,32.7,17.79055483402157,0.0
2043-05-27,30.7,18.111907683274723,0.0
2043-05-28,32.7,16.9,0.0
2043-05-29,33.317523174516865,17.44719999999998,0.0
2043-05-30,32.7,16.0,0.0
2043-05-31,29.9,17.8,0.0
2043-06-01,27.5,14.2,0.0
2043-06-02,27.617491657397114,13.0,0.0
2043-06-03,27.9,11.9,0.0
2043-06-04,28.5,10.0,0.0
2043-06-05,28.6,9.4,0.0
2043-06-06,28.770926390743952,11.9,0.0
2043-06-07,31.053547996799534,11.8,0.0
2043-06-08,30.57174048382671,11.2,0.0
2043-06-09,27.933016761919376,15.289949031261953,0.0
2043-06-10,30.0,12.9,0.0
2043-06-11,30.56489163221931,12.8,0.0
2043-06-12,28.6,15.30930110293915,0.0
2043-06-13,27.0,13.7,0.0
2043-06-14,27.9,11.9,0.0
2043-06-15,29.5,11.2,0.0
2043-06-16,31.18011103955663,12.1,0.0
2043-06-17,31.908544921875,12.0,0.0
2043-06-18,33.09140625,13.8,0.0
2043-06-19,34.48154296875,16.43747493560097,0.0
2043-06-20,32.920751953125,15.957762910594354,0.0
2043-06-21,31.796240234375,17.510916860317845,0.0
2043-06-22,31.52646484375,16.41719783677772,0.0
2043-06-23,31.35071736627441,16.073215273607858,0.0
2043-06-24,31.873876953125,15.854136984356161,0.0
2043-06-25,28.5,17.588610226984873,0.0
2043-06-26,27.755326362625144,14.2,0.0
2043-06-27,28.5,11.9,0.0
2043-06-28,28.92607705142466,12.6,0.0
2043-06-29,27.8,12.9,0.0
2043-06-30,28.2,9.6,0.0
2043-07-01,27.3,13.8,0.0
2043-07-02,27.9,11.9,0.0
2043-07-03,28.1,11.7,0.0
2043-07-04,27.0,11.7,0.0
2043-07-05,28.0,11.0,0.0
2043-07-06,27.6,12.0,0.0
2043-07-07,28.3,11.2,0.0
2043-07-08,28.42447365575981,12.7,0.0
2043-07-09,28.2,13.9394617868676,0.0
2043-07-10,26.0,14.108465093494369,0.0
2043-07-11,25.9,11.5,0.0
2043-07-12,26.5,12.2,0.0
2043-07-13,26.7,12.9,0.0
2043-07-14,27.2,12.0,0.0
2043-07-15,29.117890693805645,11.5,0.0
2043-07-16,30.7,13.0,0.0
2043-07-17,31.20032370833349,14.6,0.0
2043-07-18,31.162413752321086,15.511428968267742,0.0
2043-07-19,30.799587102164033,16.0,0.0
2043-07-20,31.165883771178056,15.203306307462894,0.0
2043-07-21,30.7,15.813810272970615,0.0
2043-07-22,27.6,16.0,0.0
2043-07-23,27.6,14.2,0.0
2043-07-24,29.023511415783794,11.2,0.0
2043-07-25,29.978777766904766,11.2,0.0
2043-07-26,23.0,15.2,0.0
2043-07-27,21.3,11.5,0.0
2043-07-28,22.0,8.9,0.0
2043-07-29,24.0,8.4,0.0
2043-07-30,25.7,9.2,0.0
2043-07-31,28.2,10.5,0.0
2043-08-01,28.5,12.7,0.0
2043-08-02,29.8,14.4,0.0
2043-08-03,30.0,15.2,0.0
2043-08-04,28.3,14.6,0.0
2043-08-05,28.5,13.2,0.0
2043-08-06,29.1,12.8,0.0
2043-08-07,31.2,11.612214272145883,0.0
2043-08-08,32.5,12.0,0.0
2043-08-09,31.4,14.6,0.0
2043-08-10,31.1,15.0,0.0
2043-08-11,28.7,14.9,0.0
2043-08-12,27.6,12.4,0.0
2043-08-13,28.9,10.6,0.0
2043-08-14,31.0,12.2,0.0
2043-08-15,31.4,12.0,0.0
2043-08-16,31.9,13.2,0.0
2043-08-17,27.2,15.5,0.0
2043-08-18,24.7,13.201606027987086,0.0
2043-08-19,24.0,12.318147062098655,0.0
2043-08-20,22.5,9.9,0.0
2043-08-21,20.74143087805628,9.0,0.0
2043-08-22,22.064461513199905,7.7,0.0
2043-08-23,24.0,8.7,0.0
2043-08-24,24.3,9.7,0.0
2043-08-25,24.6,9.642396977882484,0.0
2043-08-26,25.4,9.7,0.0
2043-08-27,25.4,11.8,0.0
2043-08-28,25.9,10.3,0.0
2043-08-29,27.6,10.7,0.0
2043-08-30,30.0,14.0,0.0
2043-08-31,29.5,16.74390812430786,0.0
2043-09-01,28.0,14.704152196248586,0.0
2043-09-02,28.6,14.0,0.0
2043-09-03,29.0,13.9,0.0
2043-09-04,30.2,13.9,0.0
2043-09-05,31.3,14.4,0.0
2043-09-06,30.1,16.0,0.0
2043-09-07,30.7,15.5,0.0
2043-09-08,31.6,16.0,0.0
2043-09-09,31.3,17.7,0.0
2043-09-10,31.5,17.4,0.0
2043-09-11,31.7,17.6,0.0
2043-09-12,32.4,17.9,0.0
2043-09-13,32.5,17.4,0.0
2043-09-14,32.973733778272155,17.2,0.0
2043-09-15,33.46388862020603,17.2,0.0
2043-09-16,34.8,17.8,0.0
2043-09-17,34.7,19.2,0.0
2043-09-18,34.0,19.2,0.0
2043-09-19,34.01716028562202,19.11884300874846,0.0
2043-09-20,34.0,18.9,0.0
2043-09-21,35.500621783148894,18.792356744017003,0.0
2043-09-22,33.0,21.121587689623155,0.0
2043-09-23,32.7,18.9,0.0
2043-09-24,35.10010607433231,17.5,0.0
2043-09-25,35.13835045812645,19.5,0.0
2043-09-26,33.5,19.6,0.0
2043-09-27,35.0,19.7,0.0
2043-09-28,36.202827332760755,19.6,0.0
2043-09-29,39.68115234375,19.6,0.0
2043-09-30,39.501953125,21.08527525420646,0.0
2043-10-01,34.5,22.0,0.0
2043-10-02,32.9,20.1,0.0
2043-10-03,33.3,19.2,0.0
2043-10-04,34.9,20.0,0.0
2043-10-05,36.02442390626175,21.4,0.0
2043-10-06,39.115576171875,24.4337890625,0.0
2043-10-07,33.78838772348971,22.0,0.0
2043-10-08,32.7,20.308407010074863,0.0
2043-10-09,35.2,19.1,0.0
2043-10-10,36.904924999650504,20.2,0.0
2043-10-11,36.6,21.4,0.0
2043-10-12,36.0,22.0,0.0
2043-10-13,34.7,21.4,0.0
2043-10-14,37.11611410118406,20.4,0.0
2043-10-15,39.614599609375,21.492213850017936,0.0
2043-10-16,38.569921875,21.440365984930022,0.0
2043-10-17,35.72152468091648,20.0,0.0
2043-10-18,33.1,18.9,0.0
2043-10-19,31.4,19.091625403659847,0.2
2043-10-20,30.7,20.0,0.0
2043-10-21,32.33545748116253,20.2,0.0
2043-10-22,33.3,21.0,0.0
2043-10-23,34.7,19.0,0.0
2043-10-24,34.3,18.0,0.0
2043-10-25,35.28623110403892,22.6,0.0
2043-10-26,32.9,20.53159725097291,0.0
2043-10-27,26.9,18.6,0.0
2043-10-28,30.1,18.2,0.0
2043-10-29,32.98363265537363,19.4,0.0
2043-10-30,34.4,21.930183247240453,0.0
2043-10-31,37.21638526677384,18.4,0.0
2043-11-01,38.46276975244272,21.5,0.0
2043-11-02,32.6,21.4,0.0
2043-11-03,27.7,21.0,0.0
2043-11-04,31.1,19.8,0.0
2043-11-05,32.6,19.9,4.15
2043-11-06,33.5,21.408719224335,0.0
2043-11-07,31.5,19.6,64.55454545454546
2043-11-08,23.48203372172696,17.5,1.2
2043-11-09,27.17412392055634,17.0,0.0
2043-11-10,29.7,16.0,0.0
2043-11-11,30.4,15.9,0.0
2043-11-12,32.6,14.888101158149578,0.0
2043-11-13,33.2,16.1,0.0
2043-11-14,33.7,15.5,0.0
2043-11-15,34.2,16.7,0.0
2043-11-16,32.8,20.6,0.0
2043-11-17,35.2,20.0,0.0
2043-11-18,34.6,20.0,0.0
2043-11-19,34.4,18.0,0.0
2043-11-20,35.4,17.5,0.0
2043-11-21,35.2,19.9,0.0
2043-11-22,36.0,19.9,0.0
2043-11-23,37.2,21.2,0.0
2043-11-24,36.48344244059884,23.260231496872077,0.0
2043-11-25,35.7,22.1,0.0
2043-11-26,34.5,21.950448646644425,0.0
2043-11-27,35.7,21.3,0.0
2043-11-28,36.56832887605612,21.3,0.0
2043-11-29,36.2,21.5,0.0
2043-11-30,35.7,21.785687135184585,0.0
2043-12-01,33.7,20.3,0.0
2043-12-02,35.021044921875,20.27170245387723,0.0
2043-12-03,34.3572265625,19.9,0.0
2043-12-04,34.624560546875,23.1171875,0.0
2043-12-05,35.6287109375,23.130615234375,0.0
2043-12-06,35.272021484375,22.7486556143799,0.0
2043-12-07,35.40556640625,21.88050038393889,0.0
2043-12-08,36.1033203125,22.67866533964611,0.0
2043-12-09,32.9,22.9500069466188,0.0
2043-12-10,33.7,20.629737751677084,1.4
2043-12-11,33.171031961029065,19.9,0.0
2043-12-12,31.8,20.178408534164912,0.4
2043-12-13,30.9,20.60477806088848,19.157446808510645
2043-12-14,29.0,20.352592189028744,3.9
2043-12-15,27.4,20.3,0.0
2043-12-16,30.1,20.247522490392143,0.0
2043-12-17,27.359311087190527,20.610811573928988,0.3
2043-12-18,27.7,19.0,16.952765957446818
2043-12-19,26.9,18.6,1.4
2043-12-20,29.0,16.4,0.0
2043-12-21,30.5,14.951848760012316,0.0
2043-12-22,32.1,13.827937651112927,0.0
2043-12-23,32.1,16.9,0.0
2043-12-24,33.1,15.7,0.0
2043-12-25,32.4,17.0,0.0
2043-12-26,32.4,19.2,0.0
2043-12-27,33.7,19.9,0.0
2043-12-28,33.239526324708386,20.3,0.0
2043-12-29,33.7,19.9,0.0
2043-12-30,33.7,19.9,0.0
2043-12-31,33.716601301071705,18.9,0.0
2044-01-01,38.38837890625,20.68204821343002,0.0
2044-01-02,37.243115234375,20.12388531360887,0.0
2044-01-03,36.41271259900915,20.06205606283348,0.0
2044-01-04,32.00407758696643,20.42908094849967,0.0
2044-01-05,34.869567450875785,22.520855712890626,0.0
2044-01-06,38.43134765625,20.024625689169927,0.0
2044-01-07,38.3546875,21.869976806640626,0.0
2044-01-08,38.73212890625,25.11292724609375,0.0
2044-01-09,35.219327002933014,20.793080161854583,3.4
2044-01-10,32.89453014489069,19.8,8.4
2044-01-11,29.6,19.897730834541157,16.49697955390334
2044-01-12,27.4,19.7,59.94823420074349
2044-01-13,27.1,19.8,5.6
2044-01-14,27.5,19.8,8.9
2044-01-15,29.0,19.8,29.087360594795534
2044-01-16,30.1,19.8,0.8
2044-01-17,29.8,19.8,28.019826517967783
2044-01-18,28.7,19.8,31.277137546468392
2044-01-19,27.5,19.7,43.73598513011152
2044-01-20,27.6,19.8,26.084014869888474
2044-01-21,26.7,19.8,0.0
2044-01-22,29.9,19.850679091919375,26.236431226765802
2044-01-23,27.96835614331846,19.858387999864757,8.9
2044-01-24,28.0,19.893131702443924,0.0
2044-01-25,27.9,19.8,9.0
2044-01-26,26.3,19.3,1.0
2044-01-27,31.056250771741116,19.0,9.0
2044-01-28,31.0,19.578733074278485,9.0
2044-01-29,31.9,19.6,1.3
2044-01-30,27.6,19.7,1.6
2044-01-31,26.7,19.2,0.0
2044-02-01,30.803573835593717,17.1,0.0
2044-02-02,32.9,16.5,0.0
2044-02-03,32.600236406619395,18.08929502333758,0.0
2044-02-04,32.898004119919335,17.2,0.0
2044-02-05,32.398466919265516,18.0,0.0
2044-02-06,28.4,21.200634765625,0.0
2044-02-07,32.24087438064704,19.9,29.2
2044-02-08,29.5,19.896364188297703,15.644393592677355
2044-02-09,26.1,19.2,15.6
2044-02-10,26.7,18.84052343768655,0.0
2044-02-11,24.3,19.0,57.443131066046064
2044-02-12,25.9,18.9,12.465903890160185
2044-02-13,24.7,18.8,10.1
2044-02-14,27.2,18.7,24.9
2044-02-15,28.5,17.6,6.4
2044-02-16,27.6,19.244015346298323,22.32677345537758
2044-02-17,32.9,18.0,0.0
2044-02-18,29.4,17.9,2.7299771167048044
2044-02-19,31.8,17.4,0.0
2044-02-20,32.8,18.7,0.0
2044-02-21,31.76277270354141,18.9,2.477574370709384
2044-02-22,30.0,19.0,1.1
2044-02-23,30.1,19.0,1.4
2044-02-24,32.8,18.6,0.0
2044-02-25,29.2,18.655474899179527,9.106407322654462
2044-02-26,30.5,18.6,1.0
2044-02-27,29.795692146046754,18.8,10.027231121281469
2044-02-28,27.3,18.6,3.6
2044-02-29,28.4,17.9,0.0
2044-03-01,27.2,17.5,0.0
2044-03-02,29.6,17.0,0.0
2044-03-03,28.378666666666664,18.9,1.7
2044-03-04,29.2,18.7,0.0
2044-03-05,30.0,18.2,0.0
2044-03-06,32.0,17.9,0.0
2044-03-07,33.3295145631068,18.9,0.0
2044-03-08,33.578911564625855,18.8,0.0
2044-03-09,33.2,19.0,1.2
2044-03-10,30.8,18.9,1.7
2044-03-11,28.0,19.9,28.0
2044-03-12,30.8,19.231595692706108,0.0
2044-03-13,31.9,19.85029486155045,3.55
2044-03-14,32.7,18.7,0.0
2044-03-15,33.2109756097561,19.6,0.0
2044-03-16,31.8,19.9,2.0
2044-03-17,32.7,18.5,4.5
2044-03-18,32.7,18.5,37.826666666666654
2044-03-19,29.5,18.6,0.5
2044-03-20,30.2,17.2,0.0
2044-03-21,31.0,15.9,0.0
2044-03-22,30.1,16.0,0.0
2044-03-23,31.0,17.9,0.0
2044-03-24,32.0,16.4,0.0
2044-03-25,31.1,19.2,0.0
2044-03-26,28.1,19.954758544420095,0.0
2044-03-27,29.0,17.0,0.0
2044-03-28,28.7,18.6,0.0
2044-03-29,30.3,16.1,0.0
2044-03-30,31.4,19.995809864991365,0.0
2044-03-31,31.1,18.0,0.0
2044-04-01,31.3,16.8,0.0
2044-04-02,31.192840095465392,19.4,0.0
2044-04-03,30.3,18.0,0.0
2044-04-04,29.8,17.8,0.0
2044-04-05,29.6,18.7,0.0
2044-04-06,28.6,19.333062330623303,0.0
2044-04-07,26.2,16.9,0.0
2044-04-08,28.6,16.3,0.0
2044-04-09,30.1,19.08497740963856,0.0
2044-04-10,30.4,17.4,0.0
2044-04-11,30.7,17.3,0.0
2044-04-12,31.317164179104473,17.5,0.0
2044-04-13,32.2,16.669565217391305,0.0
2044-04-14,30.3,17.6,0.0
2044-04-15,28.9,17.0,0.0
2044-04-16,27.3,16.7,0.0
2044-04-17,28.9,16.0,0.0
2044-04-18,30.0,15.6,0.0
2044-04-19,31.185202863961813,16.7,0.0
2044-04-20,31.7,17.0,0.0
2044-04-21,32.0,17.5,0.0
2044-04-22,32.77454175152749,19.293739367131682,0.0
2044-04-23,32.7,18.6,0.0
2044-04-24,30.7,19.7,0.0
2044-04-25,29.0,17.0,0.0
2044-04-26,28.6,14.6,0.0
2044-04-27,29.6,12.5,0.0
2044-04-28,30.6,15.0,0.0
2044-04-29,29.9,17.9,0.0
2044-04-30,26.5,15.9,0.0
2044-05-01,29.188013224665532,16.0,0.0
2044-05-02,27.8,14.0,0.0
2044-05-03,28.1,12.3,0.0
2044-05-04,29.4,10.4,0.0
2044-05-05,31.48011622392676,12.0,0.0
2044-05-06,32.7,14.0,0.0
2044-05-07,29.1,17.2,0.0
2044-05-08,29.1,15.3,0.0
2044-05-09,30.1,13.371164903252886,0.0
2044-05-10,31.51626156405488,13.1,0.0
2044-05-11,31.453177715718066,15.3,0.0
2044-05-12,29.9,16.45434318272757,0.0
2044-05-13,27.0,15.1,0.0
2044-05-14,29.2,14.2,0.0
2044-05-15,29.7836277329757,15.2,0.0
2044-05-16,30.5,14.897967453935268,0.0
2044-05-17,30.5,15.3,0.0
2044-05-18,29.9,15.0,0.0
2044-05-19,30.7,14.9,0.0
2044-05-20,29.8,16.5,0.0
2044-05-21,29.2,15.5,0.0
2044-05-22,27.0,16.071637798871368,0.0
2044-05-23,28.9,16.5,0.0
2044-05-24,27.0,14.3,0.0
2044-05-25,27.5,13.5,0.0
2044-05-26,27.6,12.6,0.0
2044-05-27,28.5,12.7,0.0
2044-05-28,27.2,13.5,0.0
2044-05-29,27.0,12.0,0.0
2044-05-30,27.6,12.0,0.0
2044-05-31,26.9,13.1,0.0
2044-06-01,24.7,15.4,0.0
2044-06-02,25.7,14.2,0.0
2044-06-03,25.6,11.9,0.0
2044-06-04,25.09312816709925,11.72759565135266,0.0
2044-06-05,25.4,12.1,0.0
2044-06-06,25.9,9.882063403781984,0.0
2044-06-07,26.1,10.2,0.0
2044-06-08,26.2,11.0,0.0
2044-06-09,26.1,16.81949286054802,0.0
2044-06-10,23.1,15.934571584882583,0.0
2044-06-11,24.6,11.8,0.0
2044-06-12,22.9,14.5,0.0
2044-06-13,25.4,14.675183920831579,0.0
2044-06-14,25.5,12.9,0.0
2044-06-15,23.6,15.938981203151721,0.0
2044-06-16,23.5,16.06270329865043,0.0
2044-06-17,24.5,14.2,0.0
2044-06-18,20.956151821807428,11.5,0.0
2044-06-19,24.5,8.2,0.0
2044-06-20,26.12700778642937,10.1,0.0
2044-06-21,26.2,9.813634362254362,0.0
2044-06-22,26.3,10.4,0.0
2044-06-23,27.0,10.5,0.0
2044-06-24,27.5,11.2,0.0
2044-06-25,26.0,12.2,0.0
2044-06-26,25.3,11.6,0.0
2044-06-27,20.1,12.7,0.0
2044-06-28,21.0,10.7,0.0
2044-06-29,21.4,11.8,0.0
2044-06-30,22.9,12.1,0.0
2044-07-01,22.0,11.0,0.0
2044-07-02,19.045384253854667,11.0,0.0
2044-07-03,21.4,11.7,0.0
2044-07-04,16.2,13.4,0.0
2044-07-05,20.4,12.687272213697334,0.0
2044-07-06,20.0,8.5,0.0
2044-07-07,21.0,9.6,0.0
2044-07-08,23.6,8.9,0.0
2044-07-09,20.246635199913264,12.0,0.0
2044-07-10,22.3,10.5,0.0
2044-07-11,23.7,10.5,0.0
2044-07-12,26.2,8.7,0.0
2044-07-13,27.6,10.581270182992457,0.0
2044-07-14,28.46420859166779,11.7,0.0
2044-07-15,28.3,11.2,0.0
2044-07-16,27.6,11.7,0.0
2044-07-17,27.2,11.5,0.0
2044-07-18,27.6,10.5,0.0
2044-07-19,27.6,11.0,0.0
2044-07-20,25.5,12.2,0.0
2044-07-21,24.5,10.188554000717621,0.0
2044-07-22,25.3,8.971271935314288,0.0
2044-07-23,27.0,9.5,0.0
2044-07-24,25.6,14.495039827771793,0.0
2044-07-25,21.5,13.48092911309732,0.0
2044-07-26,20.909230355220664,12.7,0.0
2044-07-27,22.0,10.5,0.0
2044-07-28,23.0,9.9,0.0
2044-07-29,22.9,11.494689630426972,0.0
2044-07-30,23.6,11.386742595228995,0.0
2044-07-31,26.7,12.2,0.0
2044-08-01,25.4,12.6,0.0
2044-08-02,25.2,11.9,0.0
2044-08-03,25.3,10.5,0.0
2044-08-04,26.6,9.9,0.0
2044-08-05,27.9,10.3,0.0
2044-08-06,29.1,12.6,0.0
2044-08-07,28.4,13.6,0.0
2044-08-08,26.6,13.7,0.0
2044-08-09,24.770456037176086,14.0,0.0
2044-08-10,20.87332235800671,8.5,0.0
2044-08-11,24.2,7.6,0.0
2044-08-12,25.8,11.9,0.0
2044-08-13,25.578771740977846,12.9,0.0
2044-08-14,26.6,13.6,0.0
2044-08-15,26.3,13.255737351991387,0.0
2044-08-16,26.5,12.6,0.0
2044-08-17,26.8,13.5,0.0
2044-08-18,27.7,15.6,0.0
2044-08-19,29.16076426264801,15.8,0.0
2044-08-20,30.0,16.2,0.0
2044-08-21,29.4,16.4,0.0
2044-08-22,28.977682095443125,15.8,0.0
2044-08-23,28.14821620790404,15.5,0.0
2044-08-24,28.1,13.5,0.0
2044-08-25,28.2,13.0,0.0
2044-08-26,29.0,12.0,0.0
2044-08-27,29.9,13.8,0.0
2044-08-28,29.160145317545748,15.3,0.0
2044-08-29,28.9,15.4,0.0
2044-08-30,28.2,15.4,0.0
2044-08-31,27.1,14.6,0.0
2044-09-01,28.2,11.5,0.0
2044-09-02,30.2,11.9,0.0
2044-09-03,28.9,15.7,0.0
2044-09-04,28.3,14.0,0.0
2044-09-05,28.8,14.492951042283636,0.0
2044-09-06,29.5,14.9,0.0
2044-09-07,28.7,14.7,0.0
2044-09-08,28.6,14.0,0.0
2044-09-09,29.2,14.3,0.0
2044-09-10,29.6,13.6,0.0
2044-09-11,30.2,13.5,0.0
2044-09-12,31.7,13.9,0.0
2044-09-13,32.9,15.4,0.0
2044-09-14,33.8,17.0,0.0
2044-09-15,33.8,17.8,0.0
2044-09-16,32.8,19.3,0.0
2044-09-17,32.50520236159836,18.762444086810408,0.0
2044-09-18,32.6,17.8,0.0
2044-09-19,33.2,17.0,0.0
2044-09-20,31.1,19.5,0.0
2044-09-21,29.855409625152447,17.3,0.0
2044-09-22,31.2,16.9,0.0
2044-09-23,32.8,18.7,0.0
2044-09-24,33.0,18.9,0.0
2044-09-25,32.2,18.9,0.0
2044-09-26,31.7,17.2,0.0
2044-09-27,32.9,16.6,0.0
2044-09-28,33.49533539681772,17.1,0.0
2044-09-29,35.13762886597939,16.7,0.0
2044-09-30,35.886034436021355,18.7,0.0
2044-10-01,33.7,20.682875182751467,0.0
2044-10-02,32.3,19.0,0.0
2044-10-03,32.1,18.3,0.0
2044-10-04,32.8,18.15667384284176,0.0
2044-10-05,34.00471591074389,17.4,0.0
2044-10-06,34.6,19.0,0.0
2044-10-07,34.6,18.2,0.0
2044-10-08,35.938548944146355,17.5,0.0
2044-10-09,35.8,20.2,0.0
2044-10-10,33.9,21.0,0.0
2044-10-11,31.21153928955866,18.688033215438985,0.0
2044-10-12,32.0,17.7,0.0
2044-10-13,35.4,20.024196805292554,0.0
2044-10-14,36.81383207750268,20.560312991636987,0.0
2044-10-15,32.8,20.1,0.0
2044-10-16,35.6,19.0,0.0
2044-10-17,35.8,20.7,0.0
2044-10-18,35.7,19.6,0.0
2044-10-19,34.9,21.4,0.0
2044-10-20,34.1,20.7,0.0
2044-10-21,35.5,20.7,0.0
2044-10-22,38.0,20.8,0.0
2044-10-23,38.74521484375,21.8,0.0
2044-10-24,38.407568359375,22.144834929372827,0.0
2044-10-25,38.6744140625,22.0,0.0
2044-10-26,38.15274628493138,22.0,0.0
2044-10-27,32.9,18.2,0.0
2044-10-28,27.4,17.5,0.0
2044-10-29,29.9,15.4403019443801,0.0
2044-10-30,33.3,20.7,0.0
2044-10-31,35.508222240622665,20.5,0.0
2044-11-01,37.2,22.4,0.0
2044-11-02,36.5,22.58288220452849,0.0
2044-11-03,35.3,21.5,0.0
2044-11-04,35.6,21.4,0.0
2044-11-05,36.0,21.5,0.0
2044-11-06,36.4,21.3,0.0
2044-11-07,36.4,21.398422115107323,0.0
2044-11-08,36.4,22.4,0.0
2044-11-09,37.19850714214915,22.3,0.0
2044-11-10,36.0,21.928050426399707,0.0
2044-11-11,36.4,22.19015552634241,0.0
2044-11-12,36.5,23.184467630700784,0.0
2044-11-13,36.2,22.302056839932266,0.0
2044-11-14,36.4,21.5,0.0
2044-11-15,37.91406466955616,21.5,0.0
2044-11-16,39.90625,22.1,0.0
2044-11-17,37.85763204326644,24.131689453125,0.0
2044-11-18,35.7,23.337338573438952,0.0
2044-11-19,35.5,21.9,0.0
2044-11-20,34.8,21.765196414734497,0.0
2044-11-21,35.3,21.0,0.0
2044-11-22,32.8,20.901593119872192,0.0
2044-11-23,34.96545083260007,20.6,0.0
2044-11-24,35.6,21.5,0.0
2044-11-25,35.6,21.3,0.0
2044-11-26,34.2,20.5,0.0
2044-11-27,32.9,20.4,0.0
2044-11-28,34.0,20.3,0.0
2044-11-29,31.2,20.5,0.0
2044-11-30,30.6,19.885328142380434,0.0
2044-12-01,31.7,18.3,0.0
2044-12-02,31.4,19.9,0.6
2044-12-03,31.1,19.7,0.0
2044-12-04,31.4,19.8,1.4
2044-12-05,31.7,19.0,5.04595744680851
2044-12-06,31.0,19.9,0.0
2044-12-07,29.2,19.0,6.5
2044-12-08,28.6,17.9,0.0
2044-12-09,26.5,17.5,0.0
2044-12-10,25.2,17.54020332496113,0.0
2044-12-11,25.0,18.1,0.0
2044-12-12,30.3,18.0,0.0
2044-12-13,31.8,20.1,5.0
2044-12-14,32.0,19.0,3.0706382978723434
2044-12-15,31.73951842988075,18.7,0.0
2044-12-16,32.1,18.4,0.0
2044-12-17,31.2,19.9,0.8
2044-12-18,30.949584379858855,20.1,0.0
2044-12-19,31.4,18.7,0.0
2044-12-20,31.6,20.182219047380638,0.0
2044-12-21,30.9,19.9,18.5
2044-12-22,29.0,19.5,48.12851063829789
2044-12-23,29.8,19.2,15.574893617021278
2044-12-24,28.9,19.6,35.4595744680851
2044-12-25,26.5,19.6,4.242127659574467
2044-12-26,28.9,17.9,1.4
2044-12-27,27.9,19.2,0.49194148936170234
2044-12-28,25.4,18.6,10.389734042553192
2044-12-29,27.9,18.7,1.7
2044-12-30,26.5,18.7,18.978510638297873
2044-12-31,26.4,19.0,0.0
2045-01-01,25.751949030406696,18.4,1.2
2045-01-02,29.4,17.9,0.0
2045-01-03,29.5,19.6,35.84254440313913
2045-01-04,25.1,17.7,34.0
2045-01-05,19.976024594455357,16.4,13.465985130111523
2045-01-06,21.721821313240042,16.1,0.0
2045-01-07,21.666887355157346,16.5,0.0
2045-01-08,25.7,16.035916756368852,0.0
2045-01-09,29.6,15.4,0.0
2045-01-10,29.9,16.7,0.0
2045-01-11,30.0,17.8,0.0
2045-01-12,31.1,16.7,0.0
2045-01-13,29.0,16.8,0.0
2045-01-14,26.0,19.0,8.4
2045-01-15,28.2,17.3,11.0
2045-01-16,28.7,18.0,4.5
2045-01-17,27.4,19.0,20.7
2045-01-18,29.2,19.3,10.848629182156136
2045-01-19,29.5,18.9,1.4
2045-01-20,29.2,18.5,0.0
2045-01-21,27.2,18.5,0.0
2045-01-22,26.0,18.7,18.495315985130105
2045-01-23,26.0,19.6,9.9
2045-01-24,27.5,19.0,22.38048327137546
2045-01-25,27.18659777538572,18.5,27.4
2045-01-26,28.89221385001793,18.4,16.0
2045-01-27,30.0,18.0,0.0
2045-01-28,30.1,19.3,0.0
2045-01-29,28.0,19.0,1.0
2045-01-30,26.9,19.5,43.705929368029736
2045-01-31,25.0,17.7,0.0
2045-02-01,26.185585181195197,16.0,0.0
2045-02-02,28.6,14.132281161340511,0.0
2045-02-03,30.4,15.039481519458446,0.0
2045-02-04,31.318371965634544,14.5,0.0
2045-02-05,31.8,14.603150949198982,0.0
2045-02-06,32.9,15.1,0.0
2045-02-07,32.437010589721176,18.5,0.0
2045-02-08,32.754987692232696,18.746869801243353,0.0
2045-02-09,31.66854324610744,18.3,0.4036613272311214
2045-02-10,27.6,19.0,2.6
2045-02-11,28.7,18.0,7.0
2045-02-12,26.5,19.451042420514298,29.2
2045-02-13,28.2,17.3,4.2791762013730015
2045-02-14,30.0,16.0,0.0
2045-02-15,29.6,16.8,0.0
2045-02-16,30.119289502268227,19.1,0.0
2045-02-17,30.7,16.5,0.0
2045-02-18,29.8,17.4,0.0
2045-02-19,32.0,15.4,0.0
2045-02-20,32.76495576515317,17.2,0.0
2045-02-21,32.9,17.9,1.5
2045-02-22,32.15146198830409,19.1,5.797025171624714
2045-02-23,29.7,19.5,0.0
2045-02-24,28.3,19.7,0.6
2045-02-25,28.5,18.864451847075944,0.0
2045-02-26,29.1,19.2,27.87757437070939
2045-02-27,25.9,19.729145491144,2.6
2045-02-28,27.0,18.68846335697399,0.0
2045-03-01,25.5,18.4,4.2
2045-03-02,25.4,17.2,0.0
2045-03-03,28.3,16.0,0.0
2045-03-04,28.5,18.1,0.0
2045-03-05,31.8,17.0,0.0
2045-03-06,31.0,18.6,0.7
2045-03-07,29.9,17.9,0.0
2045-03-08,30.5,16.0,0.0
2045-03-09,29.9,16.1,0.0
2045-03-10,30.9,19.9,0.0
2045-03-11,32.0,19.3,0.0
2045-03-12,32.0,19.95354256928469,0.0
2045-03-13,32.06788321167883,19.9,11.583333333333336
2045-03-14,31.154545454545456,19.737612336345666,4.989999999999999
2045-03-15,29.8,19.679244999624494,37.00333333333336
2045-03-16,27.2,19.3,9.074999999999998
2045-03-17,25.5,19.8,15.9
2045-03-18,28.41666666666666,18.6,7.0
2045-03-19,29.9,17.4,2.4
2045-03-20,30.7,17.2,0.0
2045-03-21,28.9,18.1,1.08
2045-03-22,29.0,18.6,2.6
2045-03-23,30.65733333333333,18.6,0.0
2045-03-24,29.9,18.9,0.0
2045-03-25,29.6,18.4,0.0
2045-03-26,30.323076923076922,17.5,0.0
2045-03-27,29.9,18.7,9.959999999999999
2045-03-28,29.4,17.9,0.0
2045-03-29,27.6,17.5,0.0
2045-03-30,27.2,16.4,0.0
2045-03-31,28.9,15.5,0.0
2045-04-01,29.5,13.080172413793102,0.0
2045-04-02,29.9,14.4,0.0
2045-04-03,28.4,16.5,0.0
2045-04-04,27.6,14.9,0.0
2045-04-05,27.6,14.4,0.0
2045-04-06,27.8,14.6,0.0
2045-04-07,27.0,16.082424242424242,0.0
2045-04-08,28.0,16.7,1.1208955223880597
2045-04-09,27.8,16.7,0.0
2045-04-10,27.5,17.6,0.0
2045-04-11,27.8,17.3,0.0
2045-04-12,25.3,17.8,0.0
2045-04-13,27.6,16.6,0.0
2045-04-14,27.275,17.0,0.0
2045-04-15,28.2,15.8,0.0
2045-04-16,28.5,14.4,0.0
2045-04-17,28.5,14.5,0.0
2045-04-18,28.1,16.0,0.0
2045-04-19,29.0,18.0,0.0
2045-04-20,28.2,15.6,0.0
2045-04-21,27.472222222222225,14.0,0.0
2045-04-22,29.6,12.9,0.0
2045-04-23,30.8,13.7,0.0
2045-04-24,31.0,14.4,0.0
2045-04-25,29.5,15.2,0.0
2045-04-26,29.5,13.6,0.0
2045-04-27,29.9,12.5,0.0
2045-04-28,30.0,11.5,0.0
2045-04-29,29.5,12.4,0.0
2045-04-30,28.4,14.4,0.0
2045-05-01,23.9,17.8,0.1
2045-05-02,26.0,16.403938254836856,0.0
2045-05-03,27.9,13.0,0.0
2045-05-04,26.7,11.7,0.0
2045-05-05,25.6,10.9,0.0
2045-05-06,27.0,11.5,0.0
2045-05-07,25.5,11.7,0.0
2045-05-08,21.162598992772566,14.0,0.6
2045-05-09,24.2,13.4,0.0
2045-05-10,24.7,9.9,0.0
2045-05-11,27.6,8.9,0.0
2045-05-12,29.5,10.9,0.0
2045-05-13,30.8,12.5,0.0
2045-05-14,31.462384547637495,13.9,0.0
2045-05-15,30.848981451567326,15.0,0.0
2045-05-16,28.5,15.3,0.0
2045-05-17,26.9,14.5,0.0
2045-05-18,26.9,12.3,0.0
2045-05-19,27.809809519352267,11.8,0.0
2045-05-20,28.1,14.9,0.0
2045-05-21,29.1,15.9,0.0
2045-05-22,29.5,15.7,0.0
2045-05-23,30.2,16.2,0.0
2045-05-24,30.2,18.278319593707607,0.0
2045-05-25,30.0,16.896261554496206,0.0
2045-05-26,29.4,15.2,0.0
2045-05-27,30.0,13.9,0.0
2045-05-28,30.1,12.701223211664544,0.0
2045-05-29,30.4,13.1,0.0
2045-05-30,30.2,13.6,0.0
2045-05-31,29.2,15.2,0.0
2045-06-01,28.0,14.0,0.0
2045-06-02,27.5,12.9,0.0
2045-06-03,26.9,11.9,0.0
2045-06-04,28.2,11.728444603018033,0.0
2045-06-05,27.254766671963555,13.2,0.0
2045-06-06,26.1,11.782650166852063,0.0
2045-06-07,26.2,10.9,0.0
2045-06-08,26.6,13.03319259270865,0.0
2045-06-09,26.7,12.5,0.0
2045-06-10,25.5,16.11908570978571,0.0
2045-06-11,25.7,15.397020644753091,0.0
2045-06-12,24.8,12.6,0.0
2045-06-13,24.7,11.8,0.0
2045-06-14,25.423599992705928,8.532138449113935,0.0
2045-06-15,25.6,10.1,0.0
2045-06-16,24.5,9.2,0.0
2045-06-17,25.0,8.9,0.0
2045-06-18,25.5,12.699421579532823,0.0
2045-06-19,26.0,11.8,0.0
2045-06-20,25.9,11.7,0.0
2045-06-21,25.4,14.261229029987973,0.0
2045-06-22,26.2,13.5,0.0
2045-06-23,21.6,15.0,0.0
2045-06-24,20.61997908123454,15.20814883921204,0.0
2045-06-25,21.3,14.66649533964942,0.0
2045-06-26,24.0,12.2,0.0
2045-06-27,23.574927697441602,9.9,0.0
2045-06-28,23.7,9.3,0.0
2045-06-29,21.4,9.4,0.0
2045-06-30,21.8,13.0,0.0
2045-07-01,20.9,13.6,0.0
2045-07-02,22.1,15.0,0.0
2045-07-03,23.8,10.5,0.0
2045-07-04,25.0,10.4,0.0
2045-07-05,25.3,9.9,0.0
2045-07-06,25.6,9.8,0.0
2045-07-07,24.6,8.7,0.0
2045-07-08,25.0,6.5,0.0
2045-07-09,26.2,6.0,0.0
2045-07-10,26.4,7.6,0.0
2045-07-11,26.6,8.3,0.0
2045-07-12,26.270904198062425,9.2,0.0
2045-07-13,25.5,8.6,0.0
2045-07-14,24.4,9.6,0.0
2045-07-15,25.0,7.5,0.0
2045-07-16,26.7,8.9,0.0
2045-07-17,28.2,11.1,0.0
2045-07-18,28.2,13.5,0.0
2045-07-19,27.0,13.4,0.0
2045-07-20,26.3405737602323,14.2,0.0
2045-07-21,26.7,10.7,0.0
2045-07-22,27.1,10.5,0.0
2045-07-23,26.68820872081737,11.9,0.0
2045-07-24,26.7,9.6,0.0
2045-07-25,28.6807815580363,7.9,0.0
2045-07-26,26.9,13.4,0.0
2045-07-27,26.4,11.8,0.0
2045-07-28,26.7,9.9,0.0
2045-07-29,28.8,8.6,0.0
2045-07-30,30.644074492827677,11.5,0.0
2045-07-31,30.669028609190132,15.74977947061904,0.0
2045-08-01,29.4,15.4,0.0
2045-08-02,29.9,14.4,0.0
2045-08-03,28.9,13.8,0.0
2045-08-04,28.1,13.2,0.0
2045-08-05,29.4,13.2,0.0
2045-08-06,31.1,14.3,0.0
2045-08-07,30.0,15.0,0.0
2045-08-08,26.9,15.3,0.0
2045-08-09,26.91205597416577,12.8,0.0
2045-08-10,27.10482238966631,12.9,0.0
2045-08-11,27.6,12.9,0.0
2045-08-12,26.6,13.8,0.0
2045-08-13,26.9,12.1,0.0
2045-08-14,27.6,11.5,0.0
2045-08-15,28.5,11.0,0.0
2045-08-16,28.7,11.8,0.0
2045-08-17,28.7,12.9,0.0
2045-08-18,28.9,14.5,0.0
2045-08-19,29.6,15.554231923523828,0.0
2045-08-20,29.4,15.6,0.0
2045-08-21,30.9,16.4,0.0
2045-08-22,31.4,13.6,0.0
2045-08-23,31.4,16.7,0.0
2045-08-24,33.090685068429956,16.7,0.0
2045-08-25,35.535919728622424,17.4,0.0
2045-08-26,33.2,18.790746508259215,0.0
2045-08-27,28.2,17.731429754314547,0.0
2045-08-28,26.6,16.0,0.0
2045-08-29,27.4,13.9,0.0
2045-08-30,28.1,12.727378572526963,0.0
2045-08-31,28.6,13.8,0.0
2045-09-01,29.4,15.0,0.0
2045-09-02,30.1,16.8,0.0
2045-09-03,30.1,18.8,0.0
2045-09-04,30.0,17.5,0.0
2045-09-05,29.7,16.7,0.0
2045-09-06,29.2,16.0,0.0
2045-09-07,27.2,16.00298744636898,0.0
2045-09-08,27.256716253712916,14.9,0.0
2045-09-09,27.1,14.447500108345496,0.0
2045-09-10,26.868002481389578,15.9,0.0
2045-09-11,27.6,15.0,0.0
2045-09-12,28.6,15.0,0.0
2045-09-13,29.5,16.0,0.0
2045-09-14,30.0,16.3,0.0
2045-09-15,31.0,16.265901506724642,0.0
2045-09-16,31.7,16.2,0.0
2045-09-17,32.9,16.03917504710449,0.0
2045-09-18,32.9,17.0,0.0
2045-09-19,32.0,17.7,0.0
2045-09-20,31.9,16.9,0.0
2045-09-21,33.0,17.6,0.0
2045-09-22,33.6,18.983120678749817,0.0
2045-09-23,33.0,19.5,0.0
2045-09-24,32.9,19.2,0.0
2045-09-25,32.9,18.2,0.0
2045-09-26,32.8,17.20340549328314,0.0
2045-09-27,33.0,17.0,0.0
2045-09-28,33.5,17.6,0.0
2045-09-29,31.9,19.0,0.0
2045-09-30,32.5,17.8,0.0
2045-10-01,32.9,18.0,0.0
2045-10-02,32.9,17.6,0.0
2045-10-03,33.6,16.9,0.0
2045-10-04,35.091647810900454,18.4,0.0
2045-10-05,33.5,20.444919518361825,0.0
2045-10-06,31.480200130304226,19.5,0.0
2045-10-07,31.6,18.2,0.0
2045-10-08,32.9,19.2,0.0
2045-10-09,35.6,20.4,0.0
2045-10-10,35.6,21.9,0.0
2045-10-11,28.6,19.36104186731629,0.0
2045-10-12,28.6,16.5,0.0
2045-10-13,28.7,19.0,0.0
2045-10-14,31.3,19.5,0.0
2045-10-15,31.0,21.2,0.0
2045-10-16,31.7,20.5,0.0
2045-10-17,32.1,20.2,0.0
2045-10-18,33.6,19.5,0.0
2045-10-19,34.9,20.4,0.0
2045-10-20,33.1,19.6,0.0
2045-10-21,34.0,19.0,0.0
2045-10-22,36.023235038017695,19.2,0.0
2045-10-23,36.9,20.7,0.0
2045-10-24,38.82578125,21.926371806548985,0.0
2045-10-25,38.493994140625,23.427312634553267,0.0
2045-10-26,36.0,22.6,0.0
2045-10-27,35.750411348608324,22.003026482464946,0.0
2045-10-28,36.0,21.911385914739384,0.0
2045-10-29,35.98431119109267,21.907747721352077,0.0
2045-10-30,35.0,21.8,0.0
2045-10-31,34.0,20.5,0.0
2045-11-01,35.7,21.0,0.0
2045-11-02,36.4,23.2317020664698,0.0
2045-11-03,37.574996910147064,23.24845329166013,0.0
2045-11-04,37.2,24.1109375,0.0
2045-11-05,36.3,20.84858414110917,0.0
2045-11-06,35.3,19.9,0.0
2045-11-07,34.4,20.0,0.0
2045-11-08,34.4,19.4,0.0
2045-11-09,32.5,20.301190466081913,1.8
2045-11-10,32.4,19.7,0.0
2045-11-11,32.1,19.5,0.1
2045-11-12,27.848444631966554,19.368065527353625,1.4
2045-11-13,28.4,17.8,0.0
2045-11-14,29.0,18.9,0.0
2045-11-15,32.0,18.9,0.0
2045-11-16,32.8,21.3,0.0
2045-11-17,34.0,21.5,0.0
2045-11-18,34.5,20.1,0.0
2045-11-19,34.0,20.0,0.0
2045-11-20,30.4,20.2,0.0
2045-11-21,32.4,17.6,0.0
2045-11-22,33.9,18.7,0.0
2045-11-23,34.6,20.2,0.0
2045-11-24,35.2,21.71083001212962,0.0
2045-11-25,29.3,20.4,0.0
2045-11-26,34.5,19.9,0.0
2045-11-27,34.0,20.0,0.0
2045-11-28,34.2,21.9,0.0
2045-11-29,35.5,21.5,0.0
2045-11-30,36.0,20.1,0.0
2045-12-01,33.7,23.172607421875,0.0
2045-12-02,33.1,20.3,0.5
2045-12-03,31.4,19.9,0.5
2045-12-04,32.03222538066821,20.167967127873,4.0
2045-12-05,27.7,19.9,14.645106382978726
2045-12-06,25.2,19.9,26.0
2045-12-07,24.8,19.7,26.4
2045-12-08,25.6,19.5,2.026595744680851
2045-12-09,26.0,19.0,15.494723404255321
2045-12-10,27.1,19.2,36.768226950354645
2045-12-11,27.1,19.2,7.9
2045-12-12,29.0,19.2,4.2
2045-12-13,26.5,19.2,9.2
2045-12-14,28.1,18.4,16.6
2045-12-15,27.0,17.7,1.3
2045-12-16,28.5,18.1,9.72382978723405
2045-12-17,26.4,18.6,2.5
2045-12-18,26.6,18.4,0.0
2045-12-19,28.0,18.0,0.4794148936170215
2045-12-20,30.0,17.6,0.0
2045-12-21,31.4,16.9,0.0
2045-12-22,30.9,17.3,0.0
2045-12-23,29.9,19.9,0.0
2045-12-24,30.0,18.5,0.0
2045-12-25,30.2,16.5,0.0
2045-12-26,28.3,16.5,0.0
2045-12-27,29.6,17.2,1.0
2045-12-28,29.0,18.0,33.241617021276596
2045-12-29,27.7,19.9,0.0
2045-12-30,24.587095329056666,17.8,0.0
2045-12-31,30.8,17.6,0.0
2046-01-01,31.83982440211541,18.6,0.0
2046-01-02,31.909577527685475,19.1,0.0
2046-01-03,29.9,19.8,3.6
2046-01-04,29.0,19.7,34.0
2046-01-05,27.2,19.5,26.336617100371747
2046-01-06,26.158730826157157,19.7,2.9
2046-01-07,25.5,19.7,0.0
2046-01-08,28.2,19.7,10.8
2046-01-09,28.3,19.7,41.32388176040292
2046-01-10,23.6,17.780402148610452,69.38152315884653
2046-01-11,25.2,16.6,0.0
2046-01-12,26.0,17.7,0.0
2046-01-13,26.9,18.0,0.0
2046-01-14,26.7,19.0,0.0
2046-01-15,25.723172056894622,19.5,0.0
2046-01-16,27.9,19.0,3.5
2046-01-17,30.3,19.8,58.45650557620811
2046-01-18,25.9,19.6,0.0
2046-01-19,26.4,19.4,0.0
2046-01-20,28.0,18.9,0.0
2046-01-21,25.7,19.0,28.3
2046-01-22,28.9,18.9,1.0
2046-01-23,29.2,18.1,5.9
2046-01-24,29.1,19.2,25.0
2046-01-25,27.0,19.219160140059124,4.5
2046-01-26,26.5,19.0,14.0
2046-01-27,26.9,18.8,10.836105947955394
2046-01-28,28.2,19.22954134342945,8.437577447335812
2046-01-29,26.2,18.5,10.660408921933087
2046-01-30,29.4,18.4,5.9457249070631955
2046-01-31,27.5,18.9,9.168401486988833
2046-02-01,24.297884160756503,19.0,4.038215102974828
2046-02-02,25.2,19.175624003518607,2.7299771167048044
2046-02-03,27.3,19.0,4.742334096109842
2046-02-04,26.2,18.4,0.0
2046-02-05,24.7,18.993002260265264,7.653089244851259
2046-02-06,26.7,18.7,23.223684210526322
2046-02-07,30.0,17.6,0.0
2046-02-08,30.7,17.3,0.0
2046-02-09,32.31343242980667,17.9,1.3
2046-02-10,29.7,19.5,4.8
2046-02-11,31.2,19.7,12.4
2046-02-12,30.0,18.9,43.44758685250677
2046-02-13,25.10093871288022,19.7,26.8
2046-02-14,27.0,19.2,1.4
2046-02-15,29.0,18.3,0.0
2046-02-16,26.7,17.9,0.0
2046-02-17,30.1,17.9,3.5
2046-02-18,28.0,17.6,1.6
2046-02-19,26.9,19.2,39.01800152555303
2046-02-20,27.9,19.2,6.449885583524028
2046-02-21,28.3,18.8,1.9
2046-02-22,26.7,18.3,0.0
2046-02-23,26.7,18.6,0.0
2046-02-24,29.9,16.5,0.0
2046-02-25,31.4,15.510151263536798,0.0
2046-02-26,31.8,14.8,0.0
2046-02-27,32.06680403808064,17.534515366430256,0.0
2046-02-28,31.693215945218878,18.8,3.0
2046-03-01,30.7,18.3,4.6
2046-03-02,29.2,18.705018704238558,25.46666666666667
2046-03-03,27.5,19.4,16.75
2046-03-04,27.6,19.3,10.328571428571435
2046-03-05,29.6,18.7,5.9
2046-03-06,28.372000000000003,18.9,7.2
2046-03-07,22.93198653198653,17.4,90.1
2046-03-08,17.05853271484375,14.7,0.0
2046-03-09,23.618181818181817,14.2,0.0
2046-03-10,20.50329191983314,16.19200709859483,0.0
2046-03-11,24.7,16.69468010568548,1.3
2046-03-12,28.1,16.6,0.0
2046-03-13,26.5,17.0,0.0
2046-03-14,28.0,17.1,0.0
2046-03-15,28.401666666666667,16.5,0.0
2046-03-16,27.6,16.0,0.0
2046-03-17,28.1,16.5,0.0
2046-03-18,29.2,15.4,0.0
2046-03-19,33.208130081300816,15.5,0.0
2046-03-20,29.8,18.9,1.4
2046-03-21,30.9,18.9,1.4
2046-03-22,30.3,18.706007737479883,4.6
2046-03-23,32.0,17.3,0.5
2046-03-24,27.4,18.0,1.0
2046-03-25,27.8,18.1,0.0
2046-03-26,28.5,17.0,0.0
2046-03-27,26.5,17.0,0.0
2046-03-28,25.9,16.0,0.0
2046-03-29,24.641279069767442,16.2,0.0
2046-03-30,27.5,17.0,0.0
2046-03-31,25.9,18.0,0.5333333333333333
2046-04-01,28.5,17.9,2.3701492537313436
2046-04-02,28.6,16.3,13.19154228855721
2046-04-03,27.5,16.5,0.0
2046-04-04,26.41412429378531,16.6,0.0
2046-04-05,25.8,17.1,0.0
2046-04-06,28.3,16.6,0.0
2046-04-07,29.8,19.391327913279127,0.0
2046-04-08,29.8,18.3,17.48358208955224
2046-04-09,27.0,18.4,0.0
2046-04-10,25.5,18.243956043956047,0.0
2046-04-11,26.8,17.3,0.0
2046-04-12,28.9,14.8,0.0
2046-04-13,29.786363636363635,13.457435897435907,0.0
2046-04-14,26.9,15.0,4.265671641791046
2046-04-15,26.5,17.5,0.0
2046-04-16,25.5,17.8,0.0
2046-04-17,25.4,13.2,0.0
2046-04-18,25.2,11.4,0.0
2046-04-19,25.442857142857143,9.995901639344263,0.0
2046-04-20,25.8,9.0,0.0
2046-04-21,26.3,10.863501483679526,0.0
2046-04-22,26.5,9.470323325635103,0.0
2046-04-23,28.4,9.41674364896074,0.0
2046-04-24,30.52702702702703,10.087837837837837,0.0
2046-04-25,31.0,11.9,0.0
2046-04-26,31.5,13.8,0.0
2046-04-27,32.7,14.1,0.0
2046-04-28,32.7,17.2,0.0
2046-04-29,31.7,18.753503184713377,0.0
2046-04-30,29.9,17.0,0.0
2046-05-01,29.2,16.2,0.0
2046-05-02,24.1,15.3,0.0
2046-05-03,26.0,13.0,0.0
2046-05-04,26.0,15.0,0.0
2046-05-05,27.5,15.9,0.0
2046-05-06,27.8,15.9,0.0
2046-05-07,27.051969860064577,16.2,0.0
2046-05-08,26.3,15.9,0.0
2046-05-09,26.3,13.3,0.0
2046-05-10,28.422600466451375,12.2,0.0
2046-05-11,29.2,12.0,0.0
2046-05-12,30.0,11.2,0.0
2046-05-13,29.1,10.9,0.0
2046-05-14,28.5,10.9,0.0
2046-05-15,28.325997639643607,9.1,0.0
2046-05-16,26.27956327848685,12.0,0.0
2046-05-17,25.4,14.9,0.0
2046-05-18,28.2,13.8,0.0
2046-05-19,30.4,16.3,0.0
2046-05-20,30.3,14.1,0.0
2046-05-21,28.1,12.0,0.0
2046-05-22,26.9,11.5,0.0
2046-05-23,26.5,9.115940894412365,0.0
2046-05-24,26.8,8.3,0.0
2046-05-25,27.7,8.5,0.0
2046-05-26,27.6,15.2,0.0
2046-05-27,26.4,14.9,0.0
2046-05-28,27.5,12.6,0.0
2046-05-29,26.7,11.4,0.0
2046-05-30,24.3,10.5,0.0
2046-05-31,24.0,11.3,0.0
2046-06-01,23.9,13.2,0.0
2046-06-02,23.4,14.1,0.0
2046-06-03,24.1,13.766348853223162,0.0
2046-06-04,24.7,14.2,0.0
2046-06-05,24.8,14.2,0.0
2046-06-06,25.7,11.5,0.0
2046-06-07,25.0,11.004417094262442,0.0
2046-06-08,25.6,9.520356926799762,0.0
2046-06-09,27.2,12.0,0.0
2046-06-10,27.7,14.7,0.0
2046-06-11,27.5,17.338601526448542,0.0
2046-06-12,27.38335483870968,14.1,0.0
2046-06-13,26.496660142774676,12.9,0.0
2046-06-14,25.4,14.5,0.0
2046-06-15,22.7,13.2,0.0
2046-06-16,24.1,11.9,0.0
2046-06-17,26.2,12.3,0.0
2046-06-18,27.4,11.7,0.0
2046-06-19,27.9,12.1,0.0
2046-06-20,27.9,12.5,0.0
2046-06-21,28.0,13.0,0.0
2046-06-22,28.0,12.9,0.0
2046-06-23,28.0,12.695564913395842,0.0
2046-06-24,27.6,12.6,0.0
2046-06-25,26.9,12.1,0.0
2046-06-26,27.09219238307115,11.5,0.0
2046-06-27,27.2,11.5,0.0
2046-06-28,26.6,11.9,0.0
2046-06-29,25.8,9.515620670140315,0.0
2046-06-30,25.9,7.9,0.0
2046-07-01,24.4,8.9,0.0
2046-07-02,25.022984391819147,7.9,0.0
2046-07-03,26.7,6.4,0.0
2046-07-04,27.7,9.5,0.0
2046-07-05,28.6,12.0,0.0
2046-07-06,28.8,13.0,0.0
2046-07-07,29.2,12.7,0.0
2046-07-08,30.26425037604792,12.9,0.0
2046-07-09,30.69659376911817,13.6,0.0
2046-07-10,29.2,13.5,0.0
2046-07-11,28.0,13.0,0.0
2046-07-12,28.086813778256175,12.2,0.0
2046-07-13,28.557463899100267,11.5,0.0
2046-07-14,28.3,11.4,0.0
2046-07-15,27.198227834807945,12.2,0.0
2046-07-16,26.52255484206228,12.2,0.0
2046-07-17,27.1,11.0,0.0
2046-07-18,27.7,12.7,0.0
2046-07-19,28.2,14.0,0.0
2046-07-20,28.377403039376507,13.1,0.0
2046-07-21,26.0,15.141737528669253,0.0
2046-07-22,22.9,15.3,0.0
2046-07-23,24.3,12.7,0.0
2046-07-24,22.6,15.1,0.0
2046-07-25,22.9,12.2,0.0
2046-07-26,24.6,12.2,0.0
2046-07-27,26.7,12.1,0.0
2046-07-28,28.0,12.6,0.0
2046-07-29,27.6,13.910465255352229,0.0
2046-07-30,25.2,14.2,0.0
2046-07-31,22.0,12.6,0.0
2046-08-01,23.7,9.6,0.0
2046-08-02,24.2,8.1,0.0
2046-08-03,25.5,8.370969611658523,0.0
2046-08-04,24.0,11.0,0.0
2046-08-05,24.3,10.050077741896901,0.0
2046-08-06,25.3,9.0,0.0
2046-08-07,26.6,8.2,0.0
2046-08-08,26.8,11.0,0.0
2046-08-09,24.9,12.218422266646161,0.0
2046-08-10,24.4,11.0,0.0
2046-08-11,24.6,10.3,0.0
2046-08-12,25.3,10.4,0.0
2046-08-13,25.9,10.9,0.0
2046-08-14,27.0,11.0,0.0
2046-08-15,28.3,11.8,0.0
2046-08-16,28.5,13.434337997847152,0.0
2046-08-17,26.7,14.6,0.0
2046-08-18,25.2,13.0,0.0
2046-08-19,25.3,11.8,0.0
2046-08-20,26.4,11.0,0.0
2046-08-21,25.8,11.9,0.0
2046-08-22,24.7,11.9,0.0
2046-08-23,25.0,10.2,0.0
2046-08-24,26.9,7.2,0.0
2046-08-25,30.469354803277607,8.7,0.0
2046-08-26,31.9,12.0,0.0
2046-08-27,31.4,15.02996006805792,0.0
2046-08-28,31.1,15.0,0.0
2046-08-29,31.1,14.7,0.0
2046-08-30,30.9,15.2,0.0
2046-08-31,31.1,15.0,0.0
2046-09-01,29.6,15.6,0.0
2046-09-02,30.0,14.79794563403782,0.0
2046-09-03,30.0,15.1,0.0
2046-09-04,27.1,14.714125958444072,0.0
2046-09-05,26.2,13.4,0.0
2046-09-06,29.0,14.0,0.0
2046-09-07,30.6,15.4,0.0
2046-09-08,32.0,16.9,0.0
2046-09-09,32.5,17.9,0.0
2046-09-10,32.0,19.0,0.0
2046-09-11,32.5,18.0,0.0
2046-09-12,33.0,18.0,0.0
2046-09-13,33.9,18.6,0.0
2046-09-14,32.7,20.854852274885396,0.0
2046-09-15,28.055019354838713,17.419061868429708,0.0
2046-09-16,33.4,16.7,0.0
2046-09-17,33.4,21.15180075151401,0.0
2046-09-18,32.8,19.3,0.0
2046-09-19,31.9,18.3,0.0
2046-09-20,32.0,17.6,0.0
2046-09-21,33.1,17.8,0.0
2046-09-22,35.1,19.5,0.0
2046-09-23,35.08112424145641,20.5,0.0
2046-09-24,33.2,19.6,0.0
2046-09-25,33.0,18.2,0.0
2046-09-26,33.0,18.6,0.0
2046-09-27,33.4,18.3,0.0
2046-09-28,34.5,18.230683567542414,0.0
2046-09-29,34.7,19.3,0.0
2046-09-30,35.3,19.2,0.0
2046-10-01,36.64582767819534,19.6,0.0
2046-10-02,35.2,21.584739504843917,0.0
2046-10-03,33.9,20.4,0.0
2046-10-04,35.2540596647701,19.9,0.0
2046-10-05,37.25807697620651,21.522210979547896,0.0
2046-10-06,34.2,24.450634765625,0.0
2046-10-07,34.0,22.6,0.0
2046-10-08,33.4,22.178611785497953,0.0
2046-10-09,34.0,21.3,0.0
2046-10-10,33.0,19.4,0.0
2046-10-11,32.7,19.6,0.0
2046-10-12,29.146890324123905,19.2,0.8560000000000001
2046-10-13,30.1,19.3,0.0
2046-10-14,32.3,20.0,0.0
2046-10-15,33.1,19.3,0.0
2046-10-16,34.0,21.901510818402418,0.0
2046-10-17,33.1,22.0,0.0
2046-10-18,33.94848531447024,21.9,0.0
2046-10-19,34.2,21.54274273412271,0.0
2046-10-20,33.4,20.7,0.0
2046-10-21,32.5,19.0,0.0
2046-10-22,32.1,18.0,0.0
2046-10-23,30.2,17.6,0.0
2046-10-24,30.6,17.7,0.0
2046-10-25,31.8,17.9,0.0
2046-10-26,34.0,21.754093350669827,0.0
2046-10-27,35.5225801109547,22.6,0.0
2046-10-28,34.7,21.753631339990825,0.0
2046-10-29,33.1,20.7,0.0
2046-10-30,35.0,20.7,0.0
2046-10-31,35.9,21.787589124897412,0.0
2046-11-01,36.2,22.280874833312797,0.0
2046-11-02,35.1,21.77097107231588,0.0
2046-11-03,34.9,21.27736433552215,0.0
2046-11-04,33.7,21.165357288258015,1.3
2046-11-05,32.6,20.6,0.0
2046-11-06,31.9,20.5,0.0
2046-11-07,32.5,20.0,0.0
2046-11-08,33.5,20.2,6.549999999999998
2046-11-09,32.5,20.4,0.0
2046-11-10,32.1,19.2,0.0
2046-11-11,32.4,18.5,1.8
2046-11-12,33.4,19.9,0.0
2046-11-13,32.8,20.5,1.4
2046-11-14,30.6,20.0,0.0
2046-11-15,31.0,20.5,2.3
2046-11-16,30.2,21.0,5.8
2046-11-17,32.3,20.3,0.0
2046-11-18,31.1,20.0,0.0
2046-11-19,30.9,20.4,16.6
2046-11-20,27.5,18.7,47.724999999999994
2046-11-21,24.950148835168967,17.9,0.0
2046-11-22,29.7,16.9,0.0
2046-11-23,32.2,15.844410169374907,0.0
2046-11-24,32.6,16.1,0.0
2046-11-25,33.6,16.08029450712432,0.0
2046-11-26,34.0,16.8,0.0
2046-11-27,32.9,17.8,0.0
2046-11-28,32.4,20.1,0.0
2046-11-29,32.6,18.1,0.0
2046-11-30,33.7,17.5,0.0
2046-12-01,32.1,20.3,0.0
2046-12-02,32.1,21.028941134944173,0.0
2046-12-03,32.1,21.155452369631004,0.0
2046-12-04,32.9,20.80199492561211,0.0
2046-12-05,32.1,20.30231621604509,12.26829787234043
2046-12-06,32.1,20.3,3.6
2046-12-07,31.6,20.1,15.092998065764036
2046-12-08,25.0,19.9,67.87477836879432
2046-12-09,24.19341631046049,19.2,53.957313829787225
2046-12-10,24.5,18.85221907246998,0.0
2046-12-11,30.0,19.5,0.0
2046-12-12,31.6,17.7,0.0
2046-12-13,30.4,20.355518239863976,0.0
2046-12-14,30.2,19.7,0.0
2046-12-15,31.3,19.9,0.0
2046-12-16,31.2,20.1,2.4642553191489367
2046-12-17,31.8,20.1,0.0
2046-12-18,30.060022464548123,19.8,6.4
2046-12-19,30.5,18.5,0.0
2046-12-20,30.6,22.156733552600013,0.0
2046-12-21,32.1,21.49235709602542,0.0
2046-12-22,32.1,20.3,0.0
2046-12-23,29.2,19.9,1.6221276595744685
2046-12-24,31.0,19.7,5.293617021276596
2046-12-25,27.9,19.9,26.0
2046-12-26,27.7,19.9,2.093404255319149
2046-12-27,25.2,19.8,0.0
2046-12-28,29.6,19.9,0.0
2046-12-29,28.6,19.8,4.5
2046-12-30,24.49317551598259,19.2,25.968936170212768
2046-12-31,24.4,18.7,0.0
2047-01-01,25.702966947832955,18.6,0.0
2047-01-02,29.5,16.8,0.0
2047-01-03,29.0,16.2,0.0
2047-01-04,29.5,17.6,0.0
2047-01-05,31.126598649007033,16.4,0.0
2047-01-06,31.0,19.805922890059044,0.0
2047-01-07,29.3,19.7,2.2
2047-01-08,30.9,19.7,16.52202602230483
2047-01-09,27.936595417499614,18.8,3.4
2047-01-10,27.2,18.8,25.188029739776944
2047-01-11,26.4,19.5,2.8
2047-01-12,26.7,19.0,20.855762081784384
2047-01-13,28.4,19.0,32.989591078066915
2047-01-14,30.2,19.1,25.06780669144982
2047-01-15,29.9,19.6,19.052602230483274
2047-01-16,27.8,19.8,15.5
2047-01-17,28.9,19.6,8.153531598513007
2047-01-18,25.6,19.8,0.0
2047-01-19,28.0,19.8,0.0
2047-01-20,31.45375796375173,19.8,0.0
2047-01-21,28.0,18.7,26.5711276332094
2047-01-22,30.1,18.0,1.0
2047-01-23,32.6,18.7,5.9
2047-01-24,29.9,19.8,21.0
2047-01-25,29.0,19.117667352757024,28.384247211895854
2047-01-26,29.7,19.263874802066386,17.373605947955387
2047-01-27,29.56768537152307,18.9,7.2
2047-01-28,25.6,19.5,11.0
2047-01-29,28.7,18.8,4.0
2047-01-30,26.7,19.7,2.0234200743494415
2047-01-31,25.1,18.9,41.4
2047-02-01,28.7,18.9,0.0
2047-02-02,28.3,20.38516415673603,0.0
2047-02-03,31.8,19.896364188297703,0.0
2047-02-04,32.93311854103344,18.9,0.0
2047-02-05,29.36484746144321,19.9,0.0
2047-02-06,27.3,19.72673890782229,0.0
2047-02-07,26.9,19.73846129755061,0.0
2047-02-08,28.8,19.0,0.0
2047-02-09,31.8,19.73260010268645,0.9
2047-02-10,30.5,19.7,0.0
2047-02-11,31.8,19.1,0.0
2047-02-12,29.0,20.151521151993958,21.0
2047-02-13,27.9,20.22229797366923,41.45335076822495
2047-02-14,26.8,20.029677946086757,38.475449493298505
2047-02-15,29.0,19.1,0.0
2047-02-16,32.840256463168714,18.9,0.0
2047-02-17,31.18133963750985,19.9,0.0
2047-02-18,28.5,19.418666043579424,2.6
2047-02-19,29.8,19.0,4.584210526315791
2047-02-20,26.0,19.22166600518829,4.4
2047-02-21,28.1,19.8231875209866,0.4036613272311214
2047-02-22,27.0,19.51742176452175,2.6
2047-02-23,28.4,19.2,9.859725400457666
2047-02-24,27.59091167114904,19.443735149201512,15.2
2047-02-25,27.48712897294458,18.9,4.0
2047-02-26,25.2,18.8,29.9
2047-02-27,26.5,19.793638042579758,9.859725400457666
2047-02-28,25.9,19.7,3.8
2047-03-01,25.0,19.2,0.0
2047-03-02,30.2,19.292968672420837,5.425
2047-03-03,31.1,17.9,0.0
2047-03-04,30.0,18.56217007534983,4.3
2047-03-05,26.5,18.0,0.0
2047-03-06,28.1,16.5,0.0
2047-03-07,29.7,18.9,0.0
2047-03-08,28.7,17.0,0.0
2047-03-09,28.3,14.7,0.0
2047-03-10,29.5,13.7,0.0
2047-03-11,31.3,14.1,0.0
2047-03-12,33.408872901678656,16.6,0.0
2047-03-13,34.24441805225656,17.0,0.0
2047-03-14,32.0,19.3,0.0
2047-03-15,29.0,19.2,0.6
2047-03-16,29.6,17.9,0.0
2047-03-17,30.4,17.2,0.0
2047-03-18,30.2,18.9,0.0
2047-03-19,29.0,17.2,0.0
2047-03-20,29.7,16.0,0.0
2047-03-21,30.0,15.9,0.0
2047-03-22,28.9,18.1,0.0
2047-03-23,28.0,16.7,0.0
2047-03-24,28.7,19.4,0.0
2047-03-25,30.2,19.6,0.0
2047-03-26,31.1,19.9,0.0
2047-03-27,31.1,19.300326400222218,0.0
2047-03-28,30.3,17.7,0.0
2047-03-29,30.648,18.0,0.0
2047-03-30,30.0,17.2,0.0
2047-03-31,27.8,19.2,0.0
2047-04-01,29.16373626373626,17.3,0.0
2047-04-02,30.157446808510638,18.5,0.0
2047-04-03,31.4,19.02816265060241,0.0
2047-04-04,31.8,17.95182012847966,0.0
2047-04-05,31.728118393234674,18.5,0.0
2047-04-06,32.2,15.9,0.0
2047-04-07,33.2,15.3,0.0
2047-04-08,34.01716519374575,17.5,0.0
2047-04-09,34.09204622705642,16.9,0.0
2047-04-10,34.0955472467709,18.6,0.0
2047-04-11,30.6,19.0,0.0
2047-04-12,28.8,19.4,0.0
2047-04-13,22.993382352941175,17.0,28.07164179104477
2047-04-14,27.3,18.1,0.0
2047-04-15,28.1,18.2,0.0
2047-04-16,28.8,19.0,0.0
2047-04-17,27.6,16.6,0.0
2047-04-18,27.2,17.0,0.0
2047-04-19,27.0,15.4,0.0
2047-04-20,28.2,16.7,0.0
2047-04-21,29.4,18.6,0.0
2047-04-22,30.7,17.2,0.0
2047-04-23,29.5,15.8,0.0
2047-04-24,29.0,14.7,0.0
2047-04-25,27.8,16.2,0.0
2047-04-26,30.7,13.7,0.0
2047-04-27,31.0,13.9,0.0
2047-04-28,28.2,15.2,0.0
2047-04-29,28.1,12.6,0.0
2047-04-30,26.169999999999998,14.6,0.0
2047-05-01,27.4,17.9,0.0
2047-05-02,28.4,15.664567635450286,0.0
2047-05-03,27.6,16.9,0.0
2047-05-04,29.4,15.2,0.0
2047-05-05,29.9,13.2,0.0
2047-05-06,30.58494097900055,14.0,0.0
2047-05-07,29.9,15.6,0.0
2047-05-08,30.0,14.6,0.0
2047-05-09,32.552510454877655,14.872095232064819,0.0
2047-05-10,34.15791015625,15.1,0.0
2047-05-11,33.177770021005855,15.47234941339286,0.0
2047-05-12,30.845174988083965,17.5,0.0
2047-05-13,28.8,15.9,0.0
2047-05-14,28.4,13.9,0.0
2047-05-15,29.1,12.0,0.0
2047-05-16,28.9,12.6,0.0
2047-05-17,29.56509687836382,14.0,0.0
2047-05-18,29.6,16.06216002870468,0.0
2047-05-19,26.9,15.5,0.0
2047-05-20,28.1,15.0,0.0
2047-05-21,29.1,13.0,0.0
2047-05-22,28.6,13.4,0.0
2047-05-23,30.7,12.3,0.0
2047-05-24,31.6,13.408817335142968,0.0
2047-05-25,31.9,14.9,0.0
2047-05-26,32.7,15.2,0.0
2047-05-27,32.7,15.3,0.0
2047-05-28,30.7,15.2,0.0
2047-05-29,28.912936582461114,14.6,0.0
2047-05-30,29.5,13.592618791327068,0.0
2047-05-31,30.1,14.1,0.0
2047-06-01,29.502338949999316,15.931305200979516,0.0
2047-06-02,28.432894750781298,15.87998485314654,0.0
2047-06-03,28.2,14.49563442405143,0.0
2047-06-04,28.463114571746384,12.9,0.0
2047-06-05,28.6,11.8,0.0
2047-06-06,27.0,14.1,0.0
2047-06-07,24.770121390917456,17.312941331953027,0.0
2047-06-08,24.7,11.2,0.0
2047-06-09,23.7,6.2,0.0
2047-06-10,24.1,2.9,0.0
2047-06-11,26.2,3.487857619577308,0.0
2047-06-12,27.71052992213571,7.710384963820052,0.0
2047-06-13,28.457337253032478,12.1,0.0
2047-06-14,28.2,13.0,0.0
2047-06-15,26.3,16.352920108236905,0.0
2047-06-16,27.0,17.628526085089053,0.0
2047-06-17,27.9,14.7,0.0
2047-06-18,28.06570434122912,11.9,0.0
2047-06-19,26.3,13.4,0.0
2047-06-20,25.6,11.3,0.0
2047-06-21,24.1,10.7,0.0
2047-06-22,23.2,11.477808676307006,0.0
2047-06-23,23.1,9.0,0.0
2047-06-24,25.8,10.0,0.0
2047-06-25,28.0,11.5,0.0
2047-06-26,28.0,14.2,0.0
2047-06-27,27.9,15.941594310274173,0.0
2047-06-28,26.1,12.1,0.0
2047-06-29,26.62241104656752,8.5,0.0
2047-06-30,25.6,11.9,0.0
2047-07-01,24.8,12.6,0.0
2047-07-02,21.6,12.5,0.0
2047-07-03,25.0,8.6,0.0
2047-07-04,23.18425342149777,10.2,0.0
2047-07-05,21.9,9.6,0.0
2047-07-06,23.833044748577574,9.6,0.0
2047-07-07,24.389927725665075,9.0,0.0
2047-07-08,25.0,9.6,0.0
2047-07-09,24.2,11.2,0.0
2047-07-10,23.7,10.7,0.0
2047-07-11,23.7,11.1,0.0
2047-07-12,23.8,11.1,0.0
2047-07-13,24.9,12.2,0.0
2047-07-14,23.9,10.2,0.0
2047-07-15,25.3,9.5,0.0
2047-07-16,26.4,9.6,0.0
2047-07-17,26.9,11.0,0.0
2047-07-18,26.8,10.4,0.0
2047-07-19,26.2,8.9,0.0
2047-07-20,27.090328982777166,6.4,0.0
2047-07-21,28.5,5.6,0.0
2047-07-22,28.8,6.1,0.0
2047-07-23,27.3,12.1,0.0
2047-07-24,27.077691065662,11.1,0.0
2047-07-25,26.6,11.2,0.0
2047-07-26,25.6,11.5,0.0
2047-07-27,25.0,10.4,0.0
2047-07-28,26.053702906350907,9.0,0.0
2047-07-29,27.6,8.9,0.0
2047-07-30,28.43343948745186,10.6,0.0
2047-07-31,29.2,12.0,0.0
2047-08-01,27.2,11.6,0.0
2047-08-02,27.2,11.7,0.0
2047-08-03,28.2,12.2,0.0
2047-08-04,29.4,12.9,0.0
2047-08-05,30.8,13.5,0.0
2047-08-06,30.4,15.5,0.0
2047-08-07,27.0,15.8,0.0
2047-08-08,26.5,13.8,0.0
2047-08-09,26.456646932185144,12.5,0.0
2047-08-10,26.3,13.2,0.0
2047-08-11,26.0,13.0,0.0
2047-08-12,27.436417807165924,13.0,0.0
2047-08-13,28.9,13.5,0.0
2047-08-14,30.0,14.0,0.0
2047-08-15,30.8,15.2,0.0
2047-08-16,31.0,15.7,0.0
2047-08-17,31.0,15.891727270340516,0.0
2047-08-18,30.2,16.7,0.0
2047-08-19,29.6,15.6,0.0
2047-08-20,30.485118956086204,14.5,0.0
2047-08-21,31.4,13.13237351991388,0.0
2047-08-22,28.2,16.52832887596684,0.0
2047-08-23,27.0,14.0,0.0
2047-08-24,27.1,13.5,0.0
2047-08-25,28.2,13.5,0.0
2047-08-26,29.1,13.6,0.0
2047-08-27,28.9,14.4,0.0
2047-08-28,28.6,14.2,0.0
2047-08-29,30.0,14.4,0.0
2047-08-30,29.0,15.0,0.0
2047-08-31,28.0,15.2,0.0
2047-09-01,28.2,13.8,0.0
2047-09-02,29.2,14.2,0.0
2047-09-03,29.9,14.3,0.0
2047-09-04,30.0,14.9,0.0
2047-09-05,30.0,15.2,0.0
2047-09-06,28.5,16.0,0.0
2047-09-07,29.9,15.7,0.0
2047-09-08,30.6,16.5,0.0
2047-09-09,30.4,15.9,0.0
2047-09-10,31.5,15.4,0.0
2047-09-11,33.97391546162403,16.4,0.0
2047-09-12,31.0,17.9,0.0
2047-09-13,28.0,14.53165305624134,0.0
2047-09-14,30.9,16.3,0.0
2047-09-15,31.9,19.5,0.0
2047-09-16,33.8,20.5,0.0
2047-09-17,34.60439135271075,21.380848530749258,0.0
2047-09-18,34.0,20.42009625568916,0.0
2047-09-19,33.4,19.945651150851376,0.0
2047-09-20,32.1,19.6,0.0
2047-09-21,31.6,18.7,0.0
2047-09-22,32.9,18.1,0.0
2047-09-23,33.8,18.9,0.0
2047-09-24,27.6,17.1,0.0
2047-09-25,28.2,16.0,0.0
2047-09-26,31.140247333638683,15.7,0.0
2047-09-27,33.2,18.727695074905927,0.0
2047-09-28,35.145205583523506,20.0,0.0
2047-09-29,35.6,21.16913777696144,0.0
2047-09-30,35.63205191965286,21.117532245074052,0.0
2047-10-01,36.0256127745058,21.3,0.0
2047-10-02,36.3,21.8,0.0
2047-10-03,36.0,21.6,0.0
2047-10-04,35.2,21.934860924452696,0.0
2047-10-05,34.384090419806235,20.661981266969775,0.0
2047-10-06,35.5,19.2,0.0
2047-10-07,37.2,20.0,0.0
2047-10-08,39.66611328125,21.3,0.0
2047-10-09,33.4,19.1,0.0
2047-10-10,35.797662617253565,17.1,0.0
2047-10-11,34.2,20.9,0.0
2047-10-12,32.0,19.6,0.0
2047-10-13,34.0,21.0,0.0
2047-10-14,35.2,21.904022904312693,0.0
2047-10-15,35.5,21.3,0.0
2047-10-16,36.6,21.3,0.0
2047-10-17,38.791357421875,21.9,0.0
2047-10-18,36.6,22.1,0.0
2047-10-19,32.7,20.7,0.0
2047-10-20,31.0,19.4,0.0
2047-10-21,30.1,21.2,0.0
2047-10-22,32.0,19.2,1.9
2047-10-23,30.4907976538301,19.0,0.0
2047-10-24,29.63704863489578,18.2,7.259520000000006
2047-10-25,26.6,17.922524219590954,2.3580000000000005
2047-10-26,26.55744804173222,16.1,0.0
2047-10-27,27.625638096244394,13.0,0.0
2047-10-28,27.8,13.6,0.0
2047-10-29,27.8,17.0,0.0
2047-10-30,30.1,17.147440358474977,0.0
2047-10-31,32.4,16.6,0.0
2047-11-01,34.2,20.314726286204355,0.0
2047-11-02,30.9,21.2,0.0
2047-11-03,34.2,20.826608875762346,0.0
2047-11-04,35.7,20.2,0.0
2047-11-05,34.6,21.524565953722135,0.0
2047-11-06,34.0,21.0,0.0
2047-11-07,35.5,19.5,0.0
2047-11-08,36.153056544977765,19.7,0.0
2047-11-09,35.5,20.4,0.0
2047-11-10,35.7,21.5,0.0
2047-11-11,35.4,20.755809903724447,0.0
2047-11-12,34.4,20.9,0.0
2047-11-13,32.93827864293658,21.0,11.95
2047-11-14,32.9,20.0,2.8
2047-11-15,30.6,20.4,20.8
2047-11-16,31.0,20.4,1.9222222222222216
2047-11-17,30.4,20.4,38.46666666666667
2047-11-18,30.0,20.3,1.0
2047-11-19,32.2,20.335030016388018,34.487878787878785
2047-11-20,31.2,20.6,0.0
2047-11-21,30.9,19.5,0.0
2047-11-22,32.6,18.06446626519888,0.0
2047-11-23,34.4,18.5,0.0
2047-11-24,33.2,20.3,1.0
2047-11-25,27.0,20.0,65.60999999999996
2047-11-26,30.0,19.5,0.0
2047-11-27,32.2,17.9,0.0
2047-11-28,32.6,18.6,0.0
2047-11-29,26.0,18.0,2.0
2047-11-30,28.4,20.0,0.0
2047-12-01,30.5,20.3,0.5
2047-12-02,32.3666874398051,19.9,10.863829787234062
2047-12-03,30.4,19.9,14.946382978723415
2047-12-04,27.7,20.1,5.6
2047-12-05,30.0,19.9,1.0
2047-12-06,29.5,20.3,0.8
2047-12-07,28.7,20.254051080533113,0.0
2047-12-08,29.2,20.1,2.6319148936170227
2047-12-09,28.551335844994618,18.9,0.0
2047-12-10,31.4,16.9,0.0
2047-12-11,27.7,20.288386628681934,0.5
2047-12-12,32.4,19.9,0.0
2047-12-13,32.4,19.5,0.0
2047-12-14,29.6,20.1,2.3
2047-12-15,28.6,18.2,1.4
2047-12-16,28.9,19.9,0.0
2047-12-17,31.962271259418724,19.9,0.0
2047-12-18,29.4,19.4,0.7
2047-12-19,27.0,18.6,22.521361702127663
2047-12-20,28.9,18.5,12.368510638297874
2047-12-21,27.0,19.85179429645689,36.94638297872339
2047-12-22,28.7,19.9,28.749787234042547
2047-12-23,27.6,19.5,2.9
2047-12-24,25.0,18.5,1.420425531914894
2047-12-25,29.6,17.2,0.0
2047-12-26,26.5,19.646120943583593,0.0
2047-12-27,28.7,17.2,0.0
2047-12-28,28.9,17.2,0.0
2047-12-29,31.4,17.0,0.0
2047-12-30,29.0,19.875750339857582,0.5
2047-12-31,27.4,19.9,0.0
2048-01-01,28.3,19.6,0.0
2048-01-02,27.1,19.5,0.0
2048-01-03,31.0,19.4,0.0
2048-01-04,30.1,19.8,0.0
2048-01-05,32.0,19.7,1.0
2048-01-06,31.1,19.8,11.463568773234199
2048-01-07,32.6,19.8,3.4
2048-01-08,32.0,19.7,5.4
2048-01-09,29.7,18.67064691702425,0.0
2048-01-10,29.9,19.7,1.6
2048-01-11,30.9,19.6,0.35120817843866176
2048-01-12,30.4,18.4,0.0
2048-01-13,30.1,17.3,0.0
2048-01-14,31.1,16.9,0.0
2048-01-15,32.71714355818143,16.99676554607932,0.0
2048-01-16,32.83399649327066,17.9,0.0
2048-01-17,32.69674218508799,19.8,0.0
2048-01-18,31.2,19.865227123760654,3.0
2048-01-19,30.4,19.8,15.407434944237922
2048-01-20,30.0,19.8,14.301610904584878
2048-01-21,29.5,19.842827205774086,56.98694237918216
2048-01-22,25.46269581364492,19.6,17.97453531598513
2048-01-23,30.6,19.0,0.8
2048-01-24,32.0,18.0,0.0
2048-01-25,31.15811921810891,18.5,0.0
2048-01-26,31.903741830991073,19.0,0.0
2048-01-27,32.34977785162652,19.8,0.0
2048-01-28,32.2,19.58458988498609,0.0
2048-01-29,32.6,19.4,0.0
2048-01-30,35.00316659307773,20.457271425489918,0.0
2048-01-31,30.0,19.8,12.477602230483269
2048-02-01,31.619197847884564,19.9,0.8
2048-02-02,31.2,19.89990163856582,0.6
2048-02-03,28.9,19.9,0.0
2048-02-04,27.212484696892965,19.9,0.0
2048-02-05,31.641203228173143,20.107445798225942,0.3
2048-02-06,31.8,19.997256919244006,21.0
2048-02-07,26.281289756525517,19.9,5.797025171624714
2048-02-08,24.85974278621483,19.850030525962328,48.23226544622425
2048-02-09,27.39188050719965,19.61030392622703,4.742334096109842
2048-02-10,25.1,19.2,7.205949656750586
2048-02-11,26.4,19.0,2.0
2048-02-12,29.2,18.9,2.3
2048-02-13,29.643656422379827,18.8,1.0
2048-02-14,29.0,19.0,6.901601830663617
2048-02-15,30.0,19.84503647852499,5.746910755148742
2048-02-16,29.0,19.841290942946973,17.95034324942792
2048-02-17,26.5,19.821176029657668,0.0
2048-02-18,29.0,19.7,21.2
2048-02-19,29.9,19.1,5.894279176201373
2048-02-20,27.0,19.237192915854198,0.0
2048-02-21,29.1,19.0,1.8
2048-02-22,28.016976950354614,19.1,6.4
2048-02-23,27.6,19.5,3.8
2048-02-24,28.6,19.0,10.2
2048-02-25,30.0,19.0,3.2
2048-02-26,30.2,19.0,2.12471395881007
2048-02-27,29.6,18.9,1.6
2048-02-28,27.8,18.4,1.3
2048-02-29,23.76676254268453,18.5,1.9
2048-03-01,26.3,18.1,0.0
2048-03-02,27.63354700854701,16.9,0.0
2048-03-03,29.7,19.3,0.0
2048-03-04,29.6,17.6,0.0
2048-03-05,29.2,16.2,0.0
2048-03-06,28.0,16.0,0.0
2048-03-07,29.2,16.5,0.0
2048-03-08,27.62008547008547,18.2,0.0
2048-03-09,27.9,18.1,0.0
2048-03-10,27.6,16.0,0.0
2048-03-11,29.1,16.1,0.0
2048-03-12,29.1,15.6,0.0
2048-03-13,30.2,14.5,0.0
2048-03-14,28.0,16.9,0.0
2048-03-15,26.5,18.1,0.0
2048-03-16,27.6,15.6,0.0
2048-03-17,29.9,13.5,0.0
2048-03-18,30.2,12.053875692549932,0.0
2048-03-19,28.9,14.8,0.0
2048-03-20,27.9,13.6,0.0
2048-03-21,30.0,10.147024266458692,0.0
2048-03-22,31.2,11.6,0.0
2048-03-23,28.7,15.9,0.0
2048-03-24,25.52916666666667,15.8,0.0
2048-03-25,27.642735042735044,15.4,0.0
2048-03-26,28.1,14.0,0.0
2048-03-27,28.223529411764705,13.206209369146402,0.0
2048-03-28,29.0,13.54853866619776,0.0
2048-03-29,28.6,14.1,0.0
2048-03-30,30.7,13.631875855417931,0.0
2048-03-31,31.9,14.5,0.0
2048-04-01,30.6,15.0,0.0
2048-04-02,30.0,16.0,0.0
2048-04-03,29.8,15.6,0.0
2048-04-04,29.1,14.5,0.0
2048-04-05,30.1,14.0,0.0
2048-04-06,31.4,15.4,0.0
2048-04-07,32.08856304985337,15.0,0.0
2048-04-08,31.2042600896861,16.6,0.0
2048-04-09,30.4,16.6,0.0
2048-04-10,31.2,14.9,0.0
2048-04-11,31.8,16.0,0.0
2048-04-12,31.4,16.7,0.0
2048-04-13,31.7,18.6,0.0
2048-04-14,31.5,17.2,0.0
2048-04-15,31.7,16.5,0.0
2048-04-16,33.35333333333333,16.2,0.0
2048-04-17,36.092041015625,17.5,0.0
2048-04-18,36.920166015625,21.153857421875,0.0
2048-04-19,36.047607421875,20.722216796875,0.0
2048-04-20,34.05499660095173,19.7,0.0
2048-04-21,33.03006856023505,19.4,0.0
2048-04-22,32.0,18.8,0.0
2048-04-23,31.0,19.017620481927707,0.0
2048-04-24,30.504054054054055,17.0,0.0
2048-04-25,29.6,18.2,0.0
2048-04-26,31.6,17.4,0.0
2048-04-27,31.1,18.3,0.0
2048-04-28,29.9,18.4,0.0
2048-04-29,21.157702349869453,17.5,1.3761194029850743
2048-04-30,28.6,18.1,0.0
2048-05-01,32.7,17.577928396368108,0.0
2048-05-02,33.342519673518765,18.298070926001504,0.0
2048-05-03,30.9,18.280649807068116,0.0
2048-05-04,30.2,17.946403444564037,0.0
2048-05-05,28.4,15.9,0.0
2048-05-06,28.9,15.1,0.0
2048-05-07,28.7,14.0,0.0
2048-05-08,29.5,13.5,0.0
2048-05-09,30.4,12.5,0.0
2048-05-10,30.1,14.5,0.0
2048-05-11,27.5,15.0,0.0
2048-05-12,25.2,16.5,0.0
2048-05-13,28.4,15.2,0.0
2048-05-14,27.9,15.7,0.0
2048-05-15,27.9,14.9,0.0
2048-05-16,29.2,13.6,0.0
2048-05-17,29.5,15.3,0.0
2048-05-18,29.132981700753493,15.0,0.0
2048-05-19,28.8,14.6,0.0
2048-05-20,28.0,15.0,0.0
2048-05-21,27.0,15.2,0.0
2048-05-22,22.0,16.2,0.6
2048-05-23,26.0,16.2,0.0
2048-05-24,27.2,16.2,0.0
2048-05-25,22.789941860988094,15.2,0.0
2048-05-26,27.5,16.487605317883876,0.0
2048-05-27,28.2,15.7,0.0
2048-05-28,28.0,13.1,0.0
2048-05-29,27.2,12.0,0.0
2048-05-30,26.578828233123172,15.094472724747376,0.0
2048-05-31,27.5,12.5,0.0
2048-06-01,28.746293899458724,13.0,0.0
2048-06-02,30.0,13.7492081148366,0.0
2048-06-03,28.2,15.4,0.0
2048-06-04,26.2,11.8,0.0
2048-06-05,26.2,9.1,0.0
2048-06-06,26.462401261598682,7.0,0.0
2048-06-07,27.15287565213304,6.5,0.0
2048-06-08,26.3,11.5,0.0
2048-06-09,25.5,10.5,0.0
2048-06-10,25.6,9.9,0.0
2048-06-11,26.6,9.5,0.0
2048-06-12,28.0,11.4,0.0
2048-06-13,28.6,13.630551867666593,0.0
2048-06-14,28.439783092324806,14.219678043631253,0.0
2048-06-15,29.124555585871114,13.2,0.0
2048-06-16,29.21797279996642,11.5,0.0
2048-06-17,27.220102759680067,12.1,0.0
2048-06-18,26.3,9.9,0.0
2048-06-19,26.2,9.9,0.0
2048-06-20,25.7,11.0,0.0
2048-06-21,25.298938214177365,11.2,0.0
2048-06-22,25.7,10.2,0.0
2048-06-23,26.20160495788972,10.7,0.0
2048-06-24,25.8,11.4,0.0
2048-06-25,25.8,10.7,0.0
2048-06-26,26.5,10.3,0.0
2048-06-27,27.893251285854177,11.9,0.0
2048-06-28,27.9,12.2,0.0
2048-06-29,27.9,12.9,0.0
2048-06-30,28.9,13.2,0.0
2048-07-01,30.698384198991704,15.0,0.0
2048-07-02,30.779490731918308,15.2,0.0
2048-07-03,30.000794084949412,15.002908262862137,0.0
2048-07-04,27.6,15.3,0.0
2048-07-05,23.8,15.2,0.0
2048-07-06,26.0,12.8,0.0
2048-07-07,26.4,10.5,0.0
2048-07-08,25.4,11.5,0.0
2048-07-09,24.7,10.5,0.0
2048-07-10,25.0,9.5,0.0
2048-07-11,25.5,9.2,0.0
2048-07-12,26.0,10.0,0.0
2048-07-13,26.0,11.0,0.0
2048-07-14,24.7,11.2,0.0
2048-07-15,24.6,10.7,0.0
2048-07-16,23.6,10.5,0.0
2048-07-17,25.0,8.647839458711362,0.0
2048-07-18,25.0,9.4,0.0
2048-07-19,26.0,8.9,0.0
2048-07-20,26.7,11.1,0.0
2048-07-21,28.262025834230347,12.2,0.0
2048-07-22,29.2,14.738875548563374,0.0
2048-07-23,30.687604319128113,15.318171918258612,0.0
2048-07-24,29.7,15.659168721136114,0.0
2048-07-25,28.5,15.500957870560969,0.0
2048-07-26,27.687152331678174,15.2,0.0
2048-07-27,29.2,14.9512746794566,0.0
2048-07-28,29.2,14.2,0.0
2048-07-29,29.576397754051133,13.4,0.0
2048-07-30,28.394315858250156,15.2,0.0
2048-07-31,26.9,14.6,0.0
2048-08-01,25.2,12.0,0.0
2048-08-02,26.0,13.4,0.0
2048-08-03,26.0,12.9,0.0
2048-08-04,26.5,12.4,0.0
2048-08-05,27.1,12.9,0.0
2048-08-06,28.0,13.2,0.0
2048-08-07,29.0,13.3,0.0
2048-08-08,30.0,13.5,0.0
2048-08-09,28.9,14.5,0.0
2048-08-10,26.7,14.723752264433292,0.0
2048-08-11,26.4,13.492600675346887,0.0
2048-08-12,26.9,13.2,0.0
2048-08-13,27.9,13.3,0.0
2048-08-14,28.9,13.0,0.0
2048-08-15,29.0,17.4,0.0
2048-08-16,28.0,16.4,0.0
2048-08-17,28.3,15.6,0.0
2048-08-18,28.2,14.2,0.0
2048-08-19,29.5,14.0,0.0
2048-08-20,31.1,14.7,0.0
2048-08-21,31.902906350914964,15.5,0.0
2048-08-22,30.5,17.5,0.0
2048-08-23,30.9,15.6,0.0
2048-08-24,31.9,15.0,0.0
2048-08-25,33.1,14.3,0.0
2048-08-26,33.1,14.4,0.0
2048-08-27,33.2,16.4,0.0
2048-08-28,32.1,18.90413485893499,0.0
2048-08-29,30.5,18.0,0.0
2048-08-30,28.9,16.7,0.0
2048-08-31,28.1,15.9,0.0
2048-09-01,27.0,14.272983870967744,0.0
2048-09-02,26.1,13.8,0.0
2048-09-03,25.6,11.8,0.0
2048-09-04,27.2,11.8,0.0
2048-09-05,27.63355506117909,12.70627858113954,0.0
2048-09-06,28.0,13.2,0.0
2048-09-07,29.2,14.2,0.0
2048-09-08,30.9,14.9,0.0
2048-09-09,31.7,15.2,0.0
2048-09-10,32.5,16.9,0.0
2048-09-11,32.3,17.9,0.0
2048-09-12,31.7,18.2,0.0
2048-09-13,31.5,17.58878934551905,0.0
2048-09-14,31.6,17.0,0.0
2048-09-15,32.0,18.2,0.0
2048-09-16,32.5,18.9,0.0
2048-09-17,31.9,18.9,0.0
2048-09-18,33.1,17.7,0.0
2048-09-19,34.4,18.8,0.0
2048-09-20,35.21848550760577,19.4,0.0
2048-09-21,34.9,20.0,0.0
2048-09-22,35.2327645374293,19.77258223422852,0.0
2048-09-23,38.34550655129076,19.3,0.0
2048-09-24,39.790771484375,19.38859108159393,0.0
2048-09-25,36.16916602131764,20.972209518217273,0.0
2048-09-26,35.90603284695415,20.5,0.0
2048-09-27,39.27685546875,19.6,0.0
2048-09-28,35.2,20.0,0.0
2048-09-29,33.1,19.6,0.0
2048-09-30,33.1,18.2,0.0
2048-10-01,35.3,18.0,0.0
2048-10-02,36.9,19.0,0.0
2048-10-03,38.600927734375,20.2,0.0
2048-10-04,36.0,21.0,0.0
2048-10-05,34.4,20.2,0.0
2048-10-06,33.5,20.0,0.0
2048-10-07,33.9,20.0,0.0
2048-10-08,35.0,19.0,0.0
2048-10-09,34.6,20.2,0.0
2048-10-10,34.0,20.6,0.0
2048-10-11,32.9,20.7,0.0
2048-10-12,29.6,18.41164155005381,0.0
2048-10-13,28.7,16.3,0.0
2048-10-14,27.8,16.7,0.0
2048-10-15,30.1,15.3,0.0
2048-10-16,31.1,16.5,0.0
2048-10-17,34.3,21.3,0.0
2048-10-18,32.7,19.0,0.0
2048-10-19,30.6,17.9,0.0
2048-10-20,30.9,17.9,2.5
2048-10-21,28.941990897274987,18.0,0.0
2048-10-22,28.0,17.2,0.0
2048-10-23,29.0,14.6,0.0
2048-10-24,30.2,14.3,0.0
2048-10-25,27.8,16.9,0.0
2048-10-26,30.6,14.4,0.0
2048-10-27,30.9,15.5,0.0
2048-10-28,31.8,15.6,0.0
2048-10-29,32.8,15.38427840996463,0.0
2048-10-30,32.9,17.5,0.0
2048-10-31,32.6,18.8,0.0
2048-11-01,35.1,21.28739938043465,0.0
2048-11-02,36.3,20.0,0.0
2048-11-03,37.809015764642695,21.3,0.0
2048-11-04,39.781494140625,22.541593732005314,0.0
2048-11-05,39.71923828125,23.231309459629408,0.0
2048-11-06,36.64766052114643,23.3745613602049,0.0
2048-11-07,39.54833984375,23.3,0.0
2048-11-08,33.5,21.5,0.0
2048-11-09,35.5,20.5,0.0
2048-11-10,36.0,22.1,0.0
2048-11-11,37.41476316042076,22.3,0.0
2048-11-12,35.5,21.3,0.2
2048-11-13,31.2,20.2,0.0
2048-11-14,27.4,20.4,0.0
2048-11-15,31.2,21.0,0.0
2048-11-16,31.6,20.4,0.3
2048-11-17,32.6,20.0,0.0
2048-11-18,35.0,19.5,0.0
2048-11-19,35.84077668716156,20.6,0.0
2048-11-20,36.0,21.731933862862704,0.0
2048-11-21,35.1,23.370500203556304,0.0
2048-11-22,33.5,21.0,8.3
2048-11-23,29.355398359288095,20.5,41.0
2048-11-24,27.1,20.1,0.0
2048-11-25,28.9,19.9,19.05
2048-11-26,32.728678924294954,19.9,10.666666666666666
2048-11-27,32.7,19.9,5.8
2048-11-28,30.5,20.0,3.833333333333333
2048-11-29,31.8,20.4,3.8
2048-11-30,32.5,20.0,0.0
2048-12-01,31.2,19.5,0.0
2048-12-02,30.7,19.7,0.0
2048-12-03,30.5,19.0,3.7778723404255357
2048-12-04,30.3,19.9,4.0
2048-12-05,31.1,19.566810846526124,0.1
2048-12-06,30.7,19.9,8.6
2048-12-07,29.5,19.9,15.494723404255321
2048-12-08,27.5,19.9,18.491829787234053
2048-12-09,27.0,19.9,5.6
2048-12-10,25.6,19.9,0.0
2048-12-11,26.7,19.9,3.6
2048-12-12,28.0,19.7,0.0
2048-12-13,29.6,18.8,1.2
2048-12-14,27.9,19.9,23.8
2048-12-15,28.9,19.9,18.8
2048-12-16,28.3,19.9,26.988351063829768
2048-12-17,29.0,19.5,1.6722340425531919
2048-12-18,29.0,19.4,7.9
2048-12-19,29.9,19.7,1.0
2048-12-20,29.6,19.8,4.4
2048-12-21,27.6,19.6,6.6
2048-12-22,26.3,19.9,19.315319148936172
2048-12-23,24.58781460579777,19.9,4.4
2048-12-24,29.0,19.9,40.03753799392097
2048-12-25,29.6,18.0,2.9
2048-12-26,28.7,19.6,3.0
2048-12-27,26.56512378902045,20.0,36.768226950354645
2048-12-28,28.2,19.9,11.467234042553192
2048-12-29,30.055964805541247,18.9,0.0
2048-12-30,31.2,18.5,0.0
2048-12-31,31.6,19.9,0.0
2049-01-01,30.2,19.8,0.0
2049-01-02,30.6,19.2,0.0
2049-01-03,32.0,19.5,0.0
2049-01-04,32.0,19.7,0.0
2049-01-05,29.9,19.8,0.4014869888475836
2049-01-06,30.9,19.277460049623645,1.1144981412639405
2049-01-07,28.5,19.691679822987656,25.4860223048327
2049-01-08,30.338262813612648,19.7,11.0
2049-01-09,28.0,19.6,11.964684014869889
2049-01-10,28.7,19.7,0.9755266418835187
2049-01-11,27.0,19.5,8.420879801734817
2049-01-12,28.2,19.5,26.386710037174716
2049-01-13,27.7,18.9,1.0
2049-01-14,26.4,17.1,38.47007434944237
2049-01-15,20.228326513174704,16.2,60.4
2049-01-16,20.967433574665744,16.7,0.0
2049-01-17,26.5,16.0,0.0
2049-01-18,29.3,15.7,0.0
2049-01-19,29.2,16.6,0.0
2049-01-20,27.6,17.0,0.0
2049-01-21,29.0,17.0,0.0
2049-01-22,28.4,15.9,0.0
2049-01-23,29.0,14.966328882619155,0.0
2049-01-24,29.1,19.7,0.0
2049-01-25,29.9,19.8,0.0
2049-01-26,31.1,18.0,0.0
2049-01-27,32.04200377205307,16.9,0.0
2049-01-28,31.979497403913125,19.029790189994817,0.0
2049-01-29,26.1,19.0,11.61403345724907
2049-01-30,28.0,19.2,5.8453531598512996
2049-01-31,27.5,19.8,14.3
2049-02-01,26.8,19.1,5.0
2049-02-02,27.7,19.733143524726838,24.401601830663623
2049-02-03,28.7,18.9,4.4
2049-02-04,29.6,19.725574432021467,1.1
2049-02-05,29.0,19.117114615131552,43.24399313501148
2049-02-06,27.4,19.4,67.51062438705542
2049-02-07,24.9,17.4,65.24354364171384
2049-02-08,29.1,16.7,2.12471395881007
2049-02-09,30.2,18.2,0.0
2049-02-10,29.6,19.09985835344517,0.0
2049-02-11,29.0,19.2,1.0
2049-02-12,28.0,19.485420511289615,0.0
2049-02-13,28.1,15.7,0.0
2049-02-14,28.2,15.0,0.0
2049-02-15,29.0,13.9,0.0
2049-02-16,32.75332634674594,12.407512654862133,0.0
2049-02-17,33.106925932058374,15.2,0.0
2049-02-18,30.1,19.0,0.0
2049-02-19,29.0,18.7,0.9
2049-02-20,31.287714063310847,17.8,1.0
2049-02-21,29.6,19.45011744946204,11.0
2049-02-22,25.5,19.5,15.845766590389012
2049-02-23,28.050214243498818,18.9,0.0
2049-02-24,28.9,20.09676379564626,0.0
2049-02-25,30.8,16.8,0.0
2049-02-26,31.98217687639114,16.4,0.0
2049-02-27,31.7,16.4,0.0
2049-02-28,29.1,17.2,0.0
2049-03-01,29.0,15.7,0.0
2049-03-02,30.9,17.3,0.0
2049-03-03,32.4,18.95468245425188,0.0
2049-03-04,32.9128617363344,19.9,0.0
2049-03-05,32.9,18.7,0.0
2049-03-06,31.7,20.82400184976147,0.0
2049-03-07,30.7,20.3,0.0
2049-03-08,31.855555555555558,19.965459125611655,0.0
2049-03-09,32.5,19.41747209789812,0.0
2049-03-10,32.4,18.9,0.0
2049-03-11,32.0934306569343,18.9,4.5
2049-03-12,34.000884955752205,19.0,21.6125
2049-03-13,32.04087591240876,19.3,4.985000000000001
2049-03-14,30.6,19.27730289681798,21.8
2049-03-15,30.1,19.56731063395839,8.685714285714285
2049-03-16,28.9,19.4,43.87833333333334
2049-03-17,27.6,19.6443988284477,0.8
2049-03-18,27.75142857142857,19.4,1.8
2049-03-19,28.8,19.3,0.0
2049-03-20,29.901587301587302,17.5,0.0
2049-03-21,29.7,18.0,0.0
2049-03-22,29.7,17.6,0.0
2049-03-23,29.9,18.8,5.7
2049-03-24,29.6,17.6,0.0
2049-03-25,24.0,19.4,8.2
2049-03-26,29.0,18.9,1.0
2049-03-27,31.8,17.7,8.575000000000001
2049-03-28,31.1,18.2,1.6
2049-03-29,31.2,18.9,9.0
2049-03-30,28.7,19.9,12.733333333333329
2049-03-31,29.6,19.9,0.0
2049-04-01,28.9,18.2,0.0
2049-04-02,31.8,18.7,54.640796019900456
2049-04-03,31.0,18.5,28.523383084577087
2049-04-04,31.3,19.0,70.0
2049-04-05,28.9,18.6,29.33532338308457
2049-04-06,27.8,19.239843484178294,70.0
2049-04-07,26.9,18.8,33.39502487562188
2049-04-08,27.4,18.6,36.00248756218905
2049-04-09,27.0,18.7,5.467164179104477
2049-04-10,28.0,19.05210843373494,0.0
2049-04-11,29.7,18.2,0.0
2049-04-12,29.8,16.9,0.0
2049-04-13,30.2,16.7,0.0
2049-04-14,30.0,17.0,5.652238805970152
2049-04-15,28.6,19.0,1.7
2049-04-16,28.6,18.674509803921566,19.331542288557227
2049-04-17,28.6,19.0,70.0
2049-04-18,25.6,18.9,1.171641791044776
2049-04-19,25.2,16.0,0.0
2049-04-20,24.834389140271494,14.1,0.0
2049-04-21,25.6,13.6,0.0
2049-04-22,25.87142857142857,14.6,0.0
2049-04-23,26.9,17.3,0.0
2049-04-24,24.6,17.4,0.0
2049-04-25,22.953860294117646,13.453333333333344,1.755721393034826
2049-04-26,25.7,13.2,0.0
2049-04-27,27.0,11.5,0.0
2049-04-28,27.0,12.0,0.0
2049-04-29,26.4,11.9,0.0
2049-04-30,23.6,13.2,0.0
2049-05-01,23.1,14.5,0.0
2049-05-02,23.2,13.5,0.0
2049-05-03,22.4,14.9,0.0
2049-05-04,22.606883213664698,15.709500034354013,0.0
2049-05-05,24.0,15.7,0.0
2049-05-06,24.7,13.9,0.0
2049-05-07,25.1,13.0,0.0
2049-05-08,24.6,11.768783638320755,0.0
2049-05-09,25.157265877287404,9.6,0.0
2049-05-10,26.0,7.9,0.0
2049-05-11,25.2,8.9,0.0
2049-05-12,23.750826157158233,15.585533994705132,0.0
2049-05-13,24.8,13.0,0.0
2049-05-14,25.4,10.7,0.0
2049-05-15,25.6,10.9,0.0
2049-05-16,23.8,13.5,0.0
2049-05-17,24.5,12.8,0.0
2049-05-18,22.37271653233217,15.2,0.0
2049-05-19,23.9,14.2,0.0
2049-05-20,24.9,13.1,0.0
2049-05-21,24.6,11.9,0.0
2049-05-22,25.0,11.8,0.0
2049-05-23,26.3,11.054680629800583,0.0
2049-05-24,26.8,10.2,0.0
2049-05-25,26.1,12.9,0.0
2049-05-26,26.9,13.0,0.0
2049-05-27,26.5,11.0,0.0
2049-05-28,24.6,12.0,0.0
2049-05-29,24.0,10.0,0.0
2049-05-30,24.1,8.1,0.0
2049-05-31,24.1,12.6,0.0
2049-06-01,24.5,12.0,0.0
2049-06-02,24.8,10.9,0.0
2049-06-03,24.6,11.0,0.0
2049-06-04,24.7,12.2,0.0
2049-06-05,23.9,11.3,0.0
2049-06-06,23.1,11.7,0.0
2049-06-07,24.143715239154616,9.3,0.0
2049-06-08,23.628435635554656,10.6,0.0
2049-06-09,24.6,8.571585627866579,0.0
2049-06-10,25.3,10.6,0.0
2049-06-11,25.5,6.1,0.0
2049-06-12,25.9,6.5,0.0
2049-06-13,23.9,12.9,0.0
2049-06-14,24.2,12.6,0.0
2049-06-15,23.7,12.3,0.0
2049-06-16,23.5,12.9,0.0
2049-06-17,24.2,9.5,0.0
2049-06-18,25.2,9.0,0.0
2049-06-19,25.7,5.839239896180942,0.0
2049-06-20,23.1,10.1,0.0
2049-06-21,19.5,11.3,0.0
2049-06-22,18.04666368843507,11.5,0.0
2049-06-23,17.703966398363917,10.0,0.0
2049-06-24,20.1,10.9,0.0
2049-06-25,22.694403503893213,5.5,0.0
2049-06-26,23.1,10.6,0.0
2049-06-27,22.7,11.983328142380428,0.0
2049-06-28,24.2,10.1,0.0
2049-06-29,25.5,9.6,0.0
2049-06-30,25.8,7.684455662987364,0.0
2049-07-01,23.4,10.3,0.0
2049-07-02,22.2,8.7,0.0
2049-07-03,23.2,8.0,0.0
2049-07-04,21.6,11.7,0.0
2049-07-05,21.73295776443261,9.3,0.0
2049-07-06,21.7,11.9,0.0
2049-07-07,24.0,8.84822389666308,0.0
2049-07-08,25.265258831588216,9.2,0.0
2049-07-09,25.2,9.5,0.0
2049-07-10,24.2,9.3,0.0
2049-07-11,24.1,8.4,0.0
2049-07-12,24.7,8.3,0.0
2049-07-13,20.0,10.573089343379975,0.0
2049-07-14,21.7,8.9,0.0
2049-07-15,21.7,8.9,0.0
2049-07-16,22.1,9.5,0.0
2049-07-17,21.200041861021404,11.2,0.0
2049-07-18,18.702464945483836,11.1,0.0
2049-07-19,21.592040510013796,10.3,0.0
2049-07-20,19.0,6.9,0.0
2049-07-21,18.724315927575592,4.6,0.0
2049-07-22,24.089086046824534,9.1,0.0
2049-07-23,23.1,15.36999451315793,0.0
2049-07-24,23.6,14.0,0.0
2049-07-25,19.3,11.2,0.0
2049-07-26,21.3,9.6,0.0
2049-07-27,23.9,14.2,0.0
2049-07-28,18.8,9.5,0.0
2049-07-29,25.5,9.2,0.0
2049-07-30,26.7,11.2,0.0
2049-07-31,28.419379433207503,12.6,0.0
2049-08-01,29.1,12.8,0.0
2049-08-02,30.4,14.5,0.0
2049-08-03,30.230570505920337,14.4,0.0
2049-08-04,29.2,14.2,0.0
2049-08-05,27.4,14.8,0.0
2049-08-06,28.9,13.6,0.0
2049-08-07,31.2,13.7,0.0
2049-08-08,32.68687854627719,15.2,0.0
2049-08-09,31.1,16.33766782903514,0.0
2049-08-10,29.1,16.419883693454793,0.0
2049-08-11,28.2,14.8,0.0
2049-08-12,28.7,13.6,0.0
2049-08-13,28.9,13.1,0.0
2049-08-14,30.0,12.8,0.0
2049-08-15,30.7,13.5,0.0
2049-08-16,27.4,14.7,0.0
2049-08-17,26.4,13.5,0.0
2049-08-18,26.7,11.9,0.0
2049-08-19,28.0,10.6,0.0
2049-08-20,27.0,12.3,0.0
2049-08-21,26.4,12.6,0.0
2049-08-22,25.5,13.5,0.0
2049-08-23,25.4,12.9,0.0
2049-08-24,26.3,12.3,0.0
2049-08-25,27.188503767491923,12.4,0.0
2049-08-26,28.2,13.0,0.0
2049-08-27,29.9,12.6,0.0
2049-08-28,30.579059625137326,13.7,0.0
2049-08-29,28.4,15.4,0.0
2049-08-30,26.9,14.4,0.0
2049-08-31,27.0,13.7,0.0
2049-09-01,28.2,12.281673404053285,0.0
2049-09-02,29.6,14.0012173442974,0.0
2049-09-03,29.85878285109292,15.2,0.0
2049-09-04,28.8,15.5,0.0
2049-09-05,28.7,14.2,0.0
2049-09-06,29.2,14.182228598369045,0.0
2049-09-07,30.2,14.5,0.0
2049-09-08,29.9,15.5,0.0
2049-09-09,29.2,14.7,0.0
2049-09-10,28.8,14.138297032545118,0.0
2049-09-11,28.29539567773717,14.2,0.0
2049-09-12,29.0,13.6,0.0
2049-09-13,29.9,12.9,0.0
2049-09-14,31.3,13.8,0.0
2049-09-15,32.8,15.7,0.0
2049-09-16,33.0,18.6,0.0
2049-09-17,33.1,18.3,0.0
2049-09-18,33.1,18.1,0.0
2049-09-19,33.409516129032255,17.8,0.0
2049-09-20,34.0,18.3,0.0
2049-09-21,34.6,19.69035562315398,0.0
2049-09-22,33.9,19.5,0.0
2049-09-23,34.04184649610679,18.3,0.0
2049-09-24,35.0,18.0,0.0
2049-09-25,34.4,18.9,0.0
2049-09-26,32.9,18.9,0.0
2049-09-27,33.4,18.3,0.0
2049-09-28,34.0,18.9,0.0
2049-09-29,32.8,19.6,0.0
2049-09-30,31.45141703341877,20.5,0.0
2049-10-01,33.6,21.7,0.0
2049-10-02,33.4,19.5,0.0
2049-10-03,34.65115715823466,19.0,0.0
2049-10-04,38.4244140625,19.4,0.0
2049-10-05,38.99912109375,21.2,0.0
2049-10-06,34.2,21.946121999222925,0.0
2049-10-07,33.6,19.8,0.0
2049-10-08,35.880496232508065,20.2,0.0
2049-10-09,37.2,21.09868732821312,0.0
2049-10-10,38.471044921875,21.7,0.0
2049-10-11,37.5440106017832,21.7,0.0
2049-10-12,36.0,21.377234930032284,0.0
2049-10-13,35.8,21.9,0.0
2049-10-14,36.3,22.0,0.0
2049-10-15,36.759320655423984,21.32272697559082,0.0
2049-10-16,36.55415529806599,20.9,0.0
2049-10-17,35.5,20.7,0.0
2049-10-18,32.70617477248262,21.06411909345438,0.0
2049-10-19,32.2,20.0,0.0
2049-10-20,34.0,19.5,0.0
2049-10-21,39.025732421875,21.0,0.0
2049-10-22,39.939306640625,25.0421875,0.0
2049-10-23,37.24824722357605,20.43298245174856,0.0
2049-10-24,33.4,19.4,0.0
2049-10-25,29.9,18.1,0.0
2049-10-26,27.6,18.2,0.2
2049-10-27,33.0,18.9,0.0
2049-10-28,33.5,18.5,0.0
2049-10-29,31.6,18.1,0.0
2049-10-30,29.8,17.2,2.2
2049-10-31,26.6,17.0,2.4184000000000005
2049-11-01,32.4,20.13683282599178,0.0
2049-11-02,32.3,20.0,2.3
2049-11-03,29.5,20.1,2.250000000000001
2049-11-04,29.4,20.3,1.8
2049-11-05,30.1,19.7,1.0
2049-11-06,30.6,17.706123470522808,0.0
2049-11-07,28.4,18.9,0.0
2049-11-08,28.1,18.0,0.0
2049-11-09,27.1,17.4,0.0
2049-11-10,31.2,19.8,0.0
2049-11-11,32.7,18.8,0.0
2049-11-12,33.9,16.9,0.0
2049-11-13,34.4,17.3,0.0
2049-11-14,33.5,20.9,0.0
2049-11-15,34.2,20.0,0.0
2049-11-16,32.9,18.0,0.0
2049-11-17,28.2,19.9,0.0
2049-11-18,32.1,20.1,3.8
2049-11-19,25.4,19.5,22.137500000000006
2049-11-20,27.0,19.3,0.0
2049-11-21,30.8,17.5,0.0
2049-11-22,33.97356381642685,16.9,0.0
2049-11-23,33.823226470539396,21.0,0.0
2049-11-24,32.6,20.6,15.612499999999999
2049-11-25,28.4,20.4,0.0
2049-11-26,31.1,20.7,14.99090909090909
2049-11-27,28.34006459378776,20.4,22.8
2049-11-28,24.782952924248143,19.4,0.0
2049-11-29,27.0,18.5,0.0
2049-11-30,32.6,19.6,0.0
2049-12-01,32.1,17.5,0.0
2049-12-02,31.8,18.4,0.0
2049-12-03,30.0,19.278444309372347,0.0
2049-12-04,30.3,19.5,0.0
2049-12-05,29.5,19.0,0.0
2049-12-06,28.9,18.6,4.0
2049-12-07,30.0,19.4,25.16723404255319
2049-12-08,27.9,17.7,0.0
2049-12-09,30.2,17.6,0.0
2049-12-10,30.3,18.4,0.0
2049-12-11,31.0,19.8,0.0
2049-12-12,32.0,19.0,2.3
2049-12-13,30.3,19.9,5.798404255319149
2049-12-14,31.2,20.080422002296856,12.8
2049-12-15,28.7,20.1,40.03753799392097
2049-12-16,29.9,20.27285100214277,11.2
2049-12-17,28.482999192680296,19.8,10.2
2049-12-18,27.3,19.9,22.56144680851064
2049-12-19,29.6,19.9,43.2
2049-12-20,30.0,20.3,11.870638297872343
2049-12-21,30.1,20.0,3.0
2049-12-22,32.1,19.0,0.0
2049-12-23,31.6,19.9,3.6
2049-12-24,30.1,19.9,1.2
2049-12-25,31.23362064224147,19.9,22.41446808510639
2049-12-26,29.9,18.7,5.293617021276596
2049-12-27,28.1,17.9,0.0
2049-12-28,28.953913578348455,18.0,0.0
2049-12-29,28.7,17.7,0.0
2049-12-30,30.1,18.1,4.594148936170215
2049-12-31,29.5,19.9,23.8
2050-01-01,26.4,19.7,25.683271375464685
2050-01-02,25.0,19.0,16.0
2050-01-03,24.71137584413776,18.1,0.0
2050-01-04,26.7,18.3,0.0
2050-01-05,27.6,18.9,3.6340148698884756
2050-01-06,29.6,18.4,11.0
2050-01-07,29.2,19.7,16.54707249070632
2050-01-08,31.2,19.3,2.8
2050-01-09,29.5,19.4,17.47379182156134
2050-01-10,26.0,19.6,60.4
2050-01-11,24.0,19.6,70.6
2050-01-12,26.0,19.5168943366089,41.3949814126394
2050-01-13,29.8,19.8,10.0
2050-01-14,29.5,19.8,27.4
2050-01-15,30.9,18.80508073196983,5.895446096654275
2050-01-16,30.2,19.7,14.335006195786862
2050-01-17,31.2,19.7,43.79609665427509
2050-01-18,29.0,19.7,0.8
2050-01-19,30.5,19.8,15.407434944237922
2050-01-20,27.5,19.8,32.989591078066915
2050-01-21,25.2,19.6,1.9
2050-01-22,28.4,19.5,33.47411710037173
2050-01-23,28.0,19.6,0.0
2050-01-24,28.4,19.7,2.4
2050-01-25,29.6,19.6,1.9
2050-01-26,30.0,19.6,4.0
2050-01-27,28.4,19.0,33.047418422139614
2050-01-28,27.6,19.6,26.436802973977688
2050-01-29,26.14136167922497,19.6,15.672614622056992
2050-01-30,29.4,19.6,13.926468401486982
2050-01-31,29.5,19.6,25.54613382899628
2050-02-01,27.7,19.1,0.0
2050-02-02,24.7,18.8,125.0
2050-02-03,24.513795311268716,19.1,77.11588754494983
2050-02-04,26.9,19.2,43.71856337556516
2050-02-05,28.3,19.538086103631745,0.5
2050-02-06,32.2665701609508,18.8,21.88878718535472
2050-02-07,28.5,19.1,5.894279176201373
2050-02-08,28.0,19.85509393516964,6.348283752860413
2050-02-09,28.7,19.2,0.0
2050-02-10,27.6,18.7,4.2791762013730015
2050-02-11,26.4,19.499048418126105,9.659038901601832
2050-02-12,30.1,19.0,0.0
2050-02-13,32.1,18.9,0.0
2050-02-14,32.99902581174314,18.6,2.2
2050-02-15,33.03259632363584,18.6,2.0
2050-02-16,28.6,19.0,6.0
2050-02-17,26.5,18.9,38.58999673095786
2050-02-18,24.9,18.9,43.42480757229041
2050-02-19,25.9,19.0,42.272647731861625
2050-02-20,28.2,19.1,43.01847826086959
2050-02-21,29.681574189959676,18.4,41.82562929061787
2050-02-22,26.9,17.8,30.353089244851276
2050-02-23,27.0,18.5,0.0
2050-02-24,28.7,17.4,11.928604118993146
2050-02-25,28.7,17.0,0.0
2050-02-26,28.5,17.3,0.0
2050-02-27,29.3,16.7,0.0
2050-02-28,30.7,15.4,0.0
2050-03-01,26.5,18.4,1.2
2050-03-02,28.3,19.1,1.5
2050-03-03,29.4,19.0,0.0
2050-03-04,31.2,17.0,0.0
2050-03-05,30.4,18.0,36.45
2050-03-06,30.7,18.9,16.7
2050-03-07,30.0,18.6,5.9
2050-03-08,28.0,19.2,0.8
2050-03-09,27.6,19.0,16.25
2050-03-10,30.1,18.7,36.2725
2050-03-11,31.1,18.5,7.0
2050-03-12,27.9,18.3,9.855555555555556
2050-03-13,25.0,19.6,25.480000000000004
2050-03-14,26.5,19.072102973059025,3.4
2050-03-15,27.153125,18.6,0.0
2050-03-16,29.9,17.7,7.0
2050-03-17,28.9,18.233791583371765,0.0
2050-03-18,30.0,18.4,0.0
2050-03-19,29.2,18.0,0.0
2050-03-20,29.6,18.8,0.0
2050-03-21,28.3,19.2,1.6
2050-03-22,29.6,19.1,0.0
2050-03-23,30.6,18.9,0.0
2050-03-24,30.9,18.7,8.45
2050-03-25,28.5,19.9,0.6
2050-03-26,25.3,18.4,0.0
2050-03-27,25.874897119341565,16.8,0.0
2050-03-28,26.2,14.5,0.0
2050-03-29,26.2,13.7,0.0
2050-03-30,27.0,12.690550062866912,0.0
2050-03-31,27.80769230769231,11.418749945303544,0.0
2050-04-01,26.7,11.4,0.0
2050-04-02,27.0,10.2,0.0
2050-04-03,26.9,14.4,0.0
2050-04-04,27.0,13.8,0.0
2050-04-05,26.1,13.7,0.0
2050-04-06,27.6,13.9,0.0
2050-04-07,28.5,13.2,0.0
2050-04-08,28.5,11.34406779661017,0.0
2050-04-09,27.5,14.1,0.0
2050-04-10,27.2,13.619444444444445,0.0
2050-04-11,26.9,11.4,0.0
2050-04-12,28.2,11.5,0.0
2050-04-13,29.5,11.5,0.0
2050-04-14,28.0,13.9,0.0
2050-04-15,26.61392405063291,15.00147058823529,0.0
2050-04-16,26.0,13.070689655172414,0.0
2050-04-17,24.7,15.9,0.0
2050-04-18,25.0,11.4,0.0
2050-04-19,25.0,10.5,0.0
2050-04-20,25.3,10.5,0.0
2050-04-21,26.0,15.1,0.0
2050-04-22,25.4,17.5,0.0
2050-04-23,25.8,15.9,0.0
2050-04-24,27.48333333333333,15.4,0.0
2050-04-25,28.5,16.4,0.0
2050-04-26,29.0,17.0,0.0
2050-04-27,28.5,15.5,0.0
2050-04-28,28.6,15.02205882352941,0.0
2050-04-29,24.9,14.9,0.0
2050-04-30,25.4,14.0,0.0
2050-05-01,25.0,11.2,0.0
2050-05-02,26.0,9.1,0.0
2050-05-03,27.5,10.8,0.0
2050-05-04,28.340097526813384,9.9,0.0
2050-05-05,28.7,12.4,0.0
2050-05-06,28.7,13.9,0.0
2050-05-07,29.468077233584495,11.0,0.0
2050-05-08,29.8,10.1,0.0
2050-05-09,30.0,10.9,0.0
2050-05-10,29.4,11.0,0.0
2050-05-11,29.4,10.9,0.0
2050-05-12,29.3,11.9,0.0
2050-05-13,25.7,13.5,0.0
2050-05-14,27.0,12.4,0.0
2050-05-15,27.0,12.0,0.0
2050-05-16,27.2,16.029284013439007,0.0
2050-05-17,27.0,15.7,0.0
2050-05-18,26.8,14.0,0.0
2050-05-19,27.2,13.5,0.0
2050-05-20,25.2,14.9,0.0
2050-05-21,28.1,15.7,0.0
2050-05-22,29.6,17.438152114408723,0.0
2050-05-23,30.2,17.2,0.0
2050-05-24,30.0,16.2,0.0
2050-05-25,28.5,14.8,0.0
2050-05-26,27.0,14.2,0.0
2050-05-27,25.7,15.872547542160014,0.0
2050-05-28,26.8,15.2,0.0
2050-05-29,30.1,12.3,0.0
2050-05-30,30.810391787287728,12.2,0.0
2050-05-31,31.23550832512652,12.2,0.0
2050-06-01,29.6,16.763013779482893,0.0
2050-06-02,24.5,15.9,0.0
2050-06-03,25.6,13.194542181371117,0.0
2050-06-04,24.84304783092325,10.7,0.0
2050-06-05,26.0,8.9,0.0
2050-06-06,27.6,8.3,0.0
2050-06-07,26.6,11.2,0.0
2050-06-08,27.9,11.4,0.0
2050-06-09,29.6,11.7,0.0
2050-06-10,29.6,12.2,0.0
2050-06-11,27.84898129925939,14.2,0.0
2050-06-12,27.154847326450355,13.0,0.0
2050-06-13,27.6,12.558363459399343,0.0
2050-06-14,25.5,12.9,0.0
2050-06-15,23.9,11.9,0.0
2050-06-16,23.01341459646521,11.5,0.0
2050-06-17,22.7,9.870064886911388,0.0
2050-06-18,21.1,9.0,0.0
2050-06-19,21.9,10.1,0.0
2050-06-20,21.8,12.2,0.0
2050-06-21,24.996265692038776,13.2,0.0
2050-06-22,25.8,12.1,0.0
2050-06-23,26.3,9.0,0.0
2050-06-24,25.7,9.0,0.0
2050-06-25,26.2,7.4,0.0
2050-06-26,25.7,10.6,0.0
2050-06-27,25.9,10.2,0.0
2050-06-28,26.3,10.8,0.0
2050-06-29,27.5,11.1,0.0
2050-06-30,27.264543672864026,12.4,0.0
2050-07-01,26.0,10.5,0.0
2050-07-02,25.374355072194792,11.2,0.0
2050-07-03,25.0,11.0,0.0
2050-07-04,25.0,10.3,0.0
2050-07-05,25.4,9.8,0.0
2050-07-06,22.1,10.5,0.0
2050-07-07,23.4,10.842841765339074,0.0
2050-07-08,24.1,11.0,0.0
2050-07-09,26.0,10.4,0.0
2050-07-10,26.8,15.081812382888806,0.0
2050-07-11,26.411740036067258,14.3,0.0
2050-07-12,26.3,11.7,0.0
2050-07-13,26.0,12.2,0.0
2050-07-14,25.0,12.0,0.0
2050-07-15,25.9,10.9,0.0
2050-07-16,28.48233290928661,11.6,0.0
2050-07-17,29.65465743871192,11.1,0.0
2050-07-18,29.7,10.0,0.0
2050-07-19,29.2,12.6,0.0
2050-07-20,29.2,12.355285252960174,0.0
2050-07-21,30.697414382810205,10.5,0.0
2050-07-22,31.201971967290557,11.9,0.0
2050-07-23,31.69208984375,14.4,0.0
2050-07-24,31.19735684221078,13.109665244720846,0.0
2050-07-25,29.2,15.998865060307443,0.0
2050-07-26,26.4,15.349685658400102,0.0
2050-07-27,27.5,14.4,0.0
2050-07-28,26.6,12.4,0.0
2050-07-29,27.3,11.5,0.0
2050-07-30,28.3,12.6,0.0
2050-07-31,29.0,14.4,0.0
2050-08-01,27.7,12.8,0.0
2050-08-02,27.1,12.6,0.0
2050-08-03,26.3,12.6,0.0
2050-08-04,25.948611410118403,12.3,0.0
2050-08-05,25.2,12.8,0.0
2050-08-06,24.004350556153568,15.2,0.0
2050-08-07,24.3,13.2,0.0
2050-08-08,24.2,12.8,0.0
2050-08-09,25.3,13.0,0.0
2050-08-10,25.7,12.0,0.0
2050-08-11,26.5,12.2,0.0
2050-08-12,27.9,12.7,0.0
2050-08-13,29.8,13.7,0.0
2050-08-14,31.2,14.2,0.0
2050-08-15,31.2,15.0,0.0
2050-08-16,31.9,15.4,0.0
2050-08-17,31.4,16.2,0.0
2050-08-18,30.5,16.79536904383919,0.0
2050-08-19,28.5,16.0,0.0
2050-08-20,29.0,14.6,0.0
2050-08-21,30.5,14.3,0.0
2050-08-22,31.0,15.087334282440365,0.0
2050-08-23,31.0,15.863435637585644,0.0
2050-08-24,30.5,16.29873838211974,0.0
2050-08-25,29.9,15.7,0.0
2050-08-26,29.5,15.370376006829739,0.0
2050-08-27,30.4,15.2,0.0
2050-08-28,31.1,15.614447906634178,0.0
2050-08-29,31.1,16.0,0.0
2050-08-30,33.2,15.6,0.0
2050-08-31,35.26058137282195,16.4,0.0
2050-09-01,33.8,17.8,0.0
2050-09-02,30.92324805339266,18.2,0.0
2050-09-03,27.0,16.0,0.0
2050-09-04,29.0,12.7,0.0
2050-09-05,31.0,13.4,0.0
2050-09-06,32.0,15.6,0.0
2050-09-07,32.5,17.7,0.0
2050-09-08,32.1,18.9,0.0
2050-09-09,32.7,18.22052200630436,0.0
2050-09-10,32.7,19.0,0.0
2050-09-11,32.0,19.0,0.0
2050-09-12,32.4,18.1,0.0
2050-09-13,32.0,17.799184278828335,0.0
2050-09-14,30.8,18.8,0.0
2050-09-15,29.273781325655957,17.417747418884836,0.0
2050-09-16,29.0,15.2,0.0
2050-09-17,30.9,16.3,0.0
2050-09-18,32.9,17.678028921023365,0.0
2050-09-19,32.1,19.0,0.0
2050-09-20,30.2,17.7,0.0
2050-09-21,30.6,16.9,0.0
2050-09-22,31.7,17.768075639599555,0.0
2050-09-23,32.5,18.661900789236718,0.0
2050-09-24,34.0,19.4,0.0
2050-09-25,35.53225768744934,19.4,0.0
2050-09-26,34.0,21.133348478815574,0.0
2050-09-27,33.0,19.675753608822102,0.0
2050-09-28,33.0,18.6,0.0
2050-09-29,34.5,18.856485296651996,0.0
2050-09-30,36.177199138283044,20.0,0.0
2050-10-01,39.226171875,21.8,0.0
2050-10-02,39.66953125,21.9,0.0
2050-10-03,37.569249751203344,22.29442624953239,0.0
2050-10-04,36.5,22.0,0.0
2050-10-05,35.078315502734995,20.4,0.0
2050-10-06,35.0,20.2,0.0
2050-10-07,36.9,20.0,0.0
2050-10-08,38.529638671875,21.091579840692635,0.0
2050-10-09,37.725958293043306,22.0,0.0
2050-10-10,34.5,21.9437831606168,0.0
2050-10-11,33.3,20.7,0.0
2050-10-12,34.2,20.5,0.0
2050-10-13,36.0,20.7,0.0
2050-10-14,37.221808578569956,20.3,0.0
2050-10-15,38.4107421875,22.2,0.0
2050-10-16,38.972998046875,23.60529515771893,0.0
2050-10-17,37.648390438085116,23.04808857450407,0.0
2050-10-18,34.5,21.0,1.6
2050-10-19,34.0,19.6,0.0
2050-10-20,33.1,21.3,0.0
2050-10-21,34.2,20.7,0.0
2050-10-22,35.6,19.1,0.0
2050-10-23,37.25604323428295,19.6,0.0
2050-10-24,36.9,20.7,0.0
2050-10-25,36.6,22.09597974011993,0.0
2050-10-26,36.75171630187776,24.636181640625,0.0
2050-10-27,36.0,23.758068668331813,0.0
2050-10-28,34.5,20.2,0.0
2050-10-29,30.2,20.0,0.0
2050-10-30,31.0,19.1,0.0
2050-10-31,32.5,19.33744984832174,0.0
2050-11-01,36.27660585724934,22.181671352007285,0.0
2050-11-02,37.12271252987368,21.5,0.0
2050-11-03,40.001708984375,23.2,0.0
2050-11-04,39.87939453125,22.271001776813378,0.0
2050-11-05,40.14794921875,23.880646699097305,0.0
2050-11-06,40.338623046875,23.3,0.0
2050-11-07,39.6455078125,23.33698893743609,0.0
2050-11-08,38.16181750716646,23.453304658331522,0.0
2050-11-09,35.7,21.2,0.0
2050-11-10,29.6,17.5,0.0
2050-11-11,34.0,17.7,0.0
2050-11-12,35.7,20.5,0.0
2050-11-13,36.5,21.2,0.0
2050-11-14,37.84598020789382,21.5,0.0
2050-11-15,36.05277504487536,21.7,0.0
2050-11-16,35.7,21.79313830625735,0.0
2050-11-17,32.0,21.5,4.5
2050-11-18,31.6,20.7,14.98181818181818
2050-11-19,29.7,21.29241690289091,4.8
2050-11-20,32.1,21.143061969484563,25.320000000000004
2050-11-21,30.9,20.9,11.4
2050-11-22,32.9,17.8,0.0
2050-11-23,33.34339324395526,16.4,0.0
2050-11-24,33.6,18.4,0.0
2050-11-25,33.8,20.6,1.7400000000000007
2050-11-26,33.4,21.2,5.8
2050-11-27,32.6,20.743420083617817,5.94
2050-11-28,32.604509283819624,19.9,0.0
2050-11-29,33.5,18.0,0.0
2050-11-30,32.05510928058203,20.5,0.0
2050-12-01,29.9,19.9,9.609300911854108
2050-12-02,27.5,19.9,29.538662613981753
2050-12-03,25.87765926215872,20.28427603488947,7.055319148936172
2050-12-04,25.70797084825919,19.5,27.031755319148935
2050-12-05,29.0,19.9,0.0
2050-12-06,30.5,18.4,0.0
2050-12-07,30.2,19.0,0.0
2050-12-08,28.9,20.0,2.4308510638297878
2050-12-09,29.9,19.9,0.0
2050-12-10,31.6,19.9,0.5
2050-12-11,30.7,20.1,6.6
2050-12-12,31.4,19.45450095464081,0.0
2050-12-13,31.4,20.19905131442018,0.8
2050-12-14,29.6,20.122688916082947,0.8
2050-12-15,30.2,19.9,15.34851063829788
2050-12-16,30.0,19.9,10.0
2050-12-17,28.0,20.3,2.0
2050-12-18,29.2,19.9,63.44871453900716
2050-12-19,25.0,19.2,0.0
2050-12-20,27.2,19.9,0.0
2050-12-21,30.0,19.9,0.0
2050-12-22,32.20034184271794,18.2,0.0
2050-12-23,32.1,19.0,0.0
2050-12-24,32.0,17.2,0.0
2050-12-25,30.2,19.9,0.0
2050-12-26,28.0,18.6,0.0
2050-12-27,30.2,19.9,0.0
2050-12-28,32.0,20.1,0.0
2050-12-29,32.4,19.9,0.0
2050-12-30,33.285869889938965,18.6,0.0
2050-12-31,31.0,20.2,0.0
2051-01-01,26.0,18.4,4.6
2051-01-02,29.6,17.7,13.128810408921925
2051-01-03,29.5,19.7,0.0
2051-01-04,24.7,18.9,60.4
2051-01-05,26.2,17.8,0.0
2051-01-06,27.6,18.0,0.0
2051-01-07,26.1,16.6,0.0
2051-01-08,29.4,15.4,0.0
2051-01-09,31.1,15.6,0.0
2051-01-10,31.8,16.3,0.0
2051-01-11,30.998182261307548,18.9,0.0
2051-01-12,30.5,18.5,0.0
2051-01-13,30.627363203314335,17.177190527448868,0.0
2051-01-14,30.4,17.3,0.0
2051-01-15,30.738747481438526,17.0,0.0
2051-01-16,30.8,18.4,0.0
2051-01-17,31.0,18.9,7.2
2051-01-18,33.46002144494437,19.7,5.4
2051-01-19,32.822311199761735,19.7,0.0
2051-01-20,31.77583999999999,19.8,23.3628252788104
2051-01-21,28.9,19.8,38.36988847583643
2051-01-22,26.2,19.749198847326866,34.87267657992565
2051-01-23,26.4,19.7,0.0
2051-01-24,29.5,19.7,5.6
2051-01-25,30.1,19.4,23.660718711276324
2051-01-26,31.196644358122334,19.6,0.0
2051-01-27,29.74084636023328,19.861509690562883,0.0
2051-01-28,30.1,19.6,0.0
2051-01-29,28.0,19.7,1.6
2051-01-30,27.6,19.6,44.10999070631969
2051-01-31,30.9,19.0,26.70470879801734
2051-02-01,30.1,18.9,0.0
2051-02-02,30.0,18.98207020575939,0.2
2051-02-03,27.9,19.7,1.4
2051-02-04,30.310364563891994,19.8546084027799,0.0
2051-02-05,29.5,18.7,0.0
2051-02-06,31.489717442107484,18.570685579196223,0.0
2051-02-07,35.22904180293732,16.9,0.0
2051-02-08,34.38999111592958,19.0,0.0
2051-02-09,32.0,19.9,0.0
2051-02-10,28.6,19.1,0.0
2051-02-11,32.9,18.0,0.0
2051-02-12,34.28570517936286,20.735628920872838,0.0
2051-02-13,35.04383352319359,19.892635993162184,0.0
2051-02-14,29.6,19.9,3.2
2051-02-15,32.9,18.9,0.0
2051-02-16,26.43587864460205,19.80118772735512,3.73592677345538
2051-02-17,24.2,17.3,0.0
2051-02-18,20.110830351337267,16.7,6.801372997711676
2051-02-19,28.4,16.4,0.0
2051-02-20,29.0,15.963798405824393,0.0
2051-02-21,29.0,16.1,0.0
2051-02-22,29.6,16.9,0.0
2051-02-23,30.7,16.8,0.0
2051-02-24,30.6,16.8,0.0
2051-02-25,29.2,18.6,0.0
2051-02-26,29.0,17.9,0.0
2051-02-27,31.754135355988474,17.5,0.0
2051-02-28,30.9,19.35857064920895,2.12471395881007
2051-03-01,30.5,19.3,1.4
2051-03-02,30.7,19.9,9.0
2051-03-03,29.8,19.850103350129096,18.0
2051-03-04,29.6,19.365249624766896,15.9
2051-03-05,30.0,19.9,36.339999999999996
2051-03-06,29.2,19.4,28.207692307692305
2051-03-07,28.2,18.8,2.5
2051-03-08,29.5,16.9,0.0
2051-03-09,30.0,16.0,0.0
2051-03-10,32.1,15.066906768207964,0.0
2051-03-11,32.4,17.7,0.0
2051-03-12,31.8,19.9,0.0
2051-03-13,30.4,16.0,0.0
2051-03-14,29.2,15.5,0.0
2051-03-15,29.9,14.0,0.0
2051-03-16,31.3,14.9,0.0
2051-03-17,33.0,15.7,0.0
2051-03-18,34.53578780680918,16.4,0.0
2051-03-19,33.55,17.9,0.0
2051-03-20,31.8,19.9,1.4222222222222223
2051-03-21,30.6,18.6,0.0
2051-03-22,30.9,17.6,0.0
2051-03-23,32.0,17.2,0.0
2051-03-24,32.339893617021275,18.7,0.0
2051-03-25,28.7,19.527879440258317,0.0
2051-03-26,28.1,19.6,0.0
2051-03-27,29.0,21.52332822692174,0.0
2051-03-28,30.7,18.3,0.0
2051-03-29,32.0,18.5,0.0
2051-03-30,32.0,22.664739990234374,0.0
2051-03-31,32.0,19.936470278383602,0.0
2051-04-01,31.981012658227844,18.6,0.0
2051-04-02,33.275215517241385,17.93254817987152,0.0
2051-04-03,33.59266666666667,18.3,0.0
2051-04-04,31.772093023255817,19.4,0.0
2051-04-05,31.4,18.621568627450984,0.0
2051-04-06,31.979746835443038,17.8,0.0
2051-04-07,32.5,17.3,0.0
2051-04-08,27.1,19.7,0.0
2051-04-09,28.6,19.7,0.0
2051-04-10,30.0,19.757790549169833,0.0
2051-04-11,26.292,19.4,0.0
2051-04-12,28.5,17.9,0.0
2051-04-13,29.9,15.1,0.0
2051-04-14,30.2,13.9,0.0
2051-04-15,30.7,13.8,0.0
2051-04-16,30.2,15.9,0.0
2051-04-17,29.8,17.0,0.0
2051-04-18,29.8,17.9,0.0
2051-04-19,30.5,17.7,0.0
2051-04-20,30.7,16.7,0.0
2051-04-21,31.6,15.8,0.0
2051-04-22,33.2,16.3,0.0
2051-04-23,34.053433038749155,17.7,0.0
2051-04-24,34.130088495575215,18.5,0.0
2051-04-25,34.214454277286144,18.9,0.0
2051-04-26,33.2,19.317344173441732,0.0
2051-04-27,33.081390793339864,18.9,0.0
2051-04-28,32.18448275862069,18.7,0.0
2051-04-29,32.5,17.9,0.0
2051-04-30,33.92759084791387,17.0,0.0
2051-05-01,34.2990234375,20.592529296875,0.0
2051-05-02,30.4,18.398492025585718,0.0
2051-05-03,32.7,16.0,0.0
2051-05-04,30.83651200222528,16.348420902979445,0.0
2051-05-05,30.7,15.02628437224776,0.0
2051-05-06,31.50091684418917,13.8,0.0
2051-05-07,33.8,13.7,0.0
2051-05-08,33.18316699238129,15.2,0.0
2051-05-09,30.817217170085485,16.9,0.0
2051-05-10,30.2,16.2,0.0
2051-05-11,30.0,15.585533994705132,0.0
2051-05-12,30.2,13.6,0.0
2051-05-13,29.7836277329757,14.4,0.0
2051-05-14,28.0,14.1,0.0
2051-05-15,29.1,11.2,0.0
2051-05-16,31.0,11.4,0.0
2051-05-17,32.7,12.4,0.0
2051-05-18,32.528288061942376,14.7,0.0
2051-05-19,31.59835543305642,15.3,0.0
2051-05-20,31.7,15.0,0.0
2051-05-21,31.6,15.0,0.0
2051-05-22,31.6,15.0,0.0
2051-05-23,31.0,15.1,0.0
2051-05-24,30.4,14.9,0.0
2051-05-25,28.9,15.054115767908593,0.0
2051-05-26,28.511775167314074,14.3,0.0
2051-05-27,28.8,12.8,0.0
2051-05-28,30.2,11.9,0.0
2051-05-29,29.1,12.4,0.0
2051-05-30,24.594455092021317,11.8,0.0
2051-05-31,24.9,9.7,0.0
2051-06-01,26.26210520106516,11.3,0.0
2051-06-02,28.02785788613052,12.0,0.0
2051-06-03,27.9,12.7,0.0
2051-06-04,27.788783027840918,13.4,0.0
2051-06-05,28.446004820170568,12.34760689810746,0.0
2051-06-06,27.9,13.2,0.0
2051-06-07,26.9,13.5,0.0
2051-06-08,27.0,12.1,0.0
2051-06-09,28.5,11.5,0.0
2051-06-10,28.9,10.9,0.0
2051-06-11,27.4,14.221973678236596,0.0
2051-06-12,26.2,16.50140866135111,0.0
2051-06-13,25.9,14.0,0.0
2051-06-14,25.0,12.3,0.0
2051-06-15,25.6,11.79389877641825,0.0
2051-06-16,25.9,14.1,0.0
2051-06-17,26.2,12.6,0.0
2051-06-18,25.6,14.2,0.0
2051-06-19,24.6,11.87569403355975,0.0
2051-06-20,25.9,11.907425986138449,0.0
2051-06-21,26.1,16.4,0.0
2051-06-22,26.9,15.1,0.0
2051-06-23,25.9,13.2,0.0
2051-06-24,26.2,13.755635891731558,0.0
2051-06-25,25.2,11.8,0.0
2051-06-26,23.7,11.416897838111893,0.0
2051-06-27,19.54260517654336,11.9,0.0
2051-06-28,23.8,11.432202068814181,0.0
2051-06-29,23.9,14.40783277715981,0.0
2051-06-30,26.5,10.52877889012483,0.0
2051-07-01,28.885312957701736,12.2,0.0
2051-07-02,30.2,12.2,0.0
2051-07-03,30.768476161535997,13.458179025410912,0.0
2051-07-04,30.771155381358692,14.0,0.0
2051-07-05,29.2,15.3,0.0
2051-07-06,28.475545552402373,15.2,0.0
2051-07-07,27.6,13.4,0.0
2051-07-08,27.2,12.8,0.0
2051-07-09,27.2,11.4,0.0
2051-07-10,27.6,11.0,0.0
2051-07-11,28.352838255253417,10.0,0.0
2051-07-12,27.6,12.9,0.0
2051-07-13,25.96338670613563,13.4,0.0
2051-07-14,25.2,12.2,0.0
2051-07-15,26.4,12.2,0.0
2051-07-16,26.9,12.4,0.0
2051-07-17,26.7,13.6,0.0
2051-07-18,26.1,11.8,0.0
2051-07-19,27.6,10.5,0.0
2051-07-20,28.984096107740477,10.5,0.0
2051-07-21,30.7,12.2,0.0
2051-07-22,31.179972047737355,14.0,0.0
2051-07-23,26.8,8.1,0.0
2051-07-24,27.6,2.981136742888201,0.0
2051-07-25,27.3,7.8,0.0
2051-07-26,25.60350914962324,12.0,0.0
2051-07-27,25.9,10.5,0.0
2051-07-28,28.8,10.5,0.0
2051-07-29,29.025148716786568,9.5,0.0
2051-07-30,28.673441298484533,12.7,0.0
2051-07-31,28.400021387508737,12.2,0.0
2051-08-01,27.0,9.6,0.0
2051-08-02,28.078581407599106,7.940948359139962,0.0
2051-08-03,27.9,9.78923573735199,0.0
2051-08-04,27.439866215592808,11.0,0.0
2051-08-05,28.677631862217435,12.9,0.0
2051-08-06,28.9,14.5,0.0
2051-08-07,29.8,14.6,0.0
2051-08-08,29.0,14.4,0.0
2051-08-09,26.4,15.0,0.0
2051-08-10,26.7,12.4,0.0
2051-08-11,28.2,12.6,0.0
2051-08-12,26.9,13.6,0.0
2051-08-13,27.0,13.6,0.0
2051-08-14,27.5,13.2,0.0
2051-08-15,28.2,13.8,0.0
2051-08-16,28.5,14.3,0.0
2051-08-17,27.1,14.7,0.0
2051-08-18,26.4,14.4,0.0
2051-08-19,26.0,13.601548003485563,0.0
2051-08-20,26.7,14.3,0.0
2051-08-21,26.7,15.5,0.0
2051-08-22,25.9,15.2,0.0
2051-08-23,26.2,16.3,0.0
2051-08-24,27.5,18.0,0.0
2051-08-25,30.697033100107642,16.4,0.0
2051-08-26,31.900076887590345,16.7,0.0
2051-08-27,31.955958788251575,17.4,0.0
2051-08-28,30.5,17.2,0.0
2051-08-29,30.5,14.6,0.0
2051-08-30,33.1,15.5,0.0
2051-08-31,37.07447708649,17.7,0.0
2051-09-01,32.1,19.2,0.0
2051-09-02,29.0,17.3,0.0
2051-09-03,29.0,14.9,0.0
2051-09-04,31.3,15.6,0.0
2051-09-05,34.0,17.0,0.0
2051-09-06,34.9,18.2,0.0
2051-09-07,35.2,19.0,0.0
2051-09-08,34.72287247268207,21.1111449199092,0.0
2051-09-09,31.9,20.2,0.0
2051-09-10,28.8,17.4,0.0
2051-09-11,28.6,15.3,0.0
2051-09-12,30.0,15.0,0.0
2051-09-13,31.0,15.0,0.0
2051-09-14,31.7,16.9,0.0
2051-09-15,31.6,18.3,0.0
2051-09-16,32.5,19.0,0.0
2051-09-17,34.70310933717203,20.033476485900717,0.0
2051-09-18,36.24063023612732,22.86489977682256,0.0
2051-09-19,35.6,21.42077150533685,0.0
2051-09-20,35.1,20.977413565671906,0.0
2051-09-21,34.6,20.5,0.0
2051-09-22,33.5,20.20828411866565,0.0
2051-09-23,33.5,19.5,0.0
2051-09-24,34.0,19.3,0.0
2051-09-25,34.9,19.0,0.0
2051-09-26,36.11616290448033,19.5,0.0
2051-09-27,36.0,20.5,0.0
2051-09-28,32.1,20.5,0.0
2051-09-29,32.1,18.9,0.0
2051-09-30,35.3,19.0,0.0
2051-10-01,34.5,20.84224908244386,0.0
2051-10-02,25.26640228126829,17.1,4.864000000000001
2051-10-03,28.475885200208157,17.4,2.4
2051-10-04,24.9,16.6,0.0
2051-10-05,22.110659526747504,15.7,0.0
2051-10-06,20.50316131016454,15.0,0.0
2051-10-07,24.9,15.6,0.0
2051-10-08,26.6,14.951520746741256,0.0
2051-10-09,30.36575373239107,14.115407269231136,0.0
2051-10-10,32.5,16.3,0.0
2051-10-11,34.7,17.6,0.0
2051-10-12,27.3,18.2,0.0
2051-10-13,29.8,18.9,0.0
2051-10-14,31.8,18.7,1.3529411764705892
2051-10-15,30.9,19.0,2.1424000000000025
2051-10-16,32.1,18.43963939720129,0.0
2051-10-17,25.212917115177607,17.9,20.065333333333342
2051-10-18,25.7,17.4,0.0
2051-10-19,25.067743092931465,17.5,0.0
2051-10-20,26.993058302250482,18.5,0.0
2051-10-21,24.0,17.2,0.0
2051-10-22,25.861360437194666,14.2,0.0
2051-10-23,28.4,13.0,0.0
2051-10-24,29.05308575529243,14.9,0.0
2051-10-25,28.0,14.3,0.0
2051-10-26,30.1,13.2,0.0
2051-10-27,31.3,16.5,0.0
2051-10-28,33.4,17.7,0.0
2051-10-29,32.5,19.9,0.0
2051-10-30,30.4,18.8,0.5960000000000001
2051-10-31,28.8,17.2,0.0
2051-11-01,32.1,20.9,0.0
2051-11-02,31.0,20.82017260557708,0.0
2051-11-03,30.891157259109956,19.7,0.0
2051-11-04,33.2,17.205869910100475,0.0
2051-11-05,34.0,18.5,0.0
2051-11-06,34.6,18.7,0.0
2051-11-07,35.1,20.672197664863845,0.0
2051-11-08,36.0,21.2,0.0
2051-11-09,37.41026803611457,21.797981567454638,0.0
2051-11-10,35.7,23.2,0.0
2051-11-11,32.8,21.7,0.0
2051-11-12,35.0,21.3,0.0
2051-11-13,35.7,20.0,0.0
2051-11-14,36.0,21.3,0.0
2051-11-15,35.2,21.5,0.0
2051-11-16,35.61152406577879,21.042159817550235,0.0
2051-11-17,36.081378828461624,20.0,0.0
2051-11-18,36.4,19.5,0.0
2051-11-19,37.76666736987456,21.3,0.0
2051-11-20,37.8991768631813,21.716926680119176,0.0
2051-11-21,35.7,21.3,0.0
2051-11-22,26.86273042034185,20.5,88.86486314449397
2051-11-23,27.0,20.3,20.4
2051-11-24,27.4,20.0,2.2
2051-11-25,29.3,20.0,0.1
2051-11-26,32.0,20.611901585028484,0.0
2051-11-27,32.3,20.95389321468299,0.0
2051-11-28,33.3,19.8,0.0
2051-11-29,32.7,18.4,0.0
2051-11-30,34.0,17.5,0.0
2051-12-01,33.1,18.0,0.0
2051-12-02,33.60981183598751,19.9,0.0
2051-12-03,31.8,20.358444290699193,2.0
2051-12-04,30.074016595611226,20.3,6.953617021276596
2051-12-05,29.0,20.3,2.1
2051-12-06,29.5,20.3,7.957872340425536
2051-12-07,31.0,20.1,7.8
2051-12-08,30.7,19.7,10.565319148936172
2051-12-09,29.4,20.2,4.4
2051-12-10,27.6,19.9,17.26000000000003
2051-12-11,26.8,19.9,22.223404255319174
2051-12-12,24.548074565851778,19.7,43.2
2051-12-13,25.0,19.7,19.758297872340435
2051-12-14,27.9,19.9,12.778897485493234
2051-12-15,30.3,19.7,0.3
2051-12-16,29.0,20.0,3.1508085106383
2051-12-17,26.3,18.5,0.0
2051-12-18,27.6,17.5,0.0
2051-12-19,29.4,16.3,0.0
2051-12-20,29.7,15.2,0.0
2051-12-21,30.0,15.2,0.0
2051-12-22,29.3,16.5,0.0
2051-12-23,29.5,17.7,0.0
2051-12-24,31.8,20.379295698002423,0.0
2051-12-25,32.219424507440394,20.0,0.0
2051-12-26,30.7,18.6,0.0
2051-12-27,31.2,20.1,0.0
2051-12-28,31.134030447485763,19.8,0.0
2051-12-29,28.4,19.9,32.3795744680851
2051-12-30,29.7,20.164516663150103,11.542393617021279
2051-12-31,27.9,19.9,23.8
2052-01-01,28.8,18.0,0.0
2052-01-02,29.2,17.0,1.7206319702602224
2052-01-03,30.2,17.8,0.0
2052-01-04,30.605396424120887,17.3,0.0
2052-01-05,29.4,18.6,1.7
2052-01-06,30.4,17.7,0.0
2052-01-07,31.96720129171151,17.2,0.0
2052-01-08,32.65067147871263,19.9,0.0
2052-01-09,32.6747364786644,19.8,0.0
2052-01-10,31.1,19.8,10.0
2052-01-11,28.7,19.8,16.8
2052-01-12,27.971117945563584,19.8,11.0
2052-01-13,29.0,19.7,5.6
2052-01-14,26.3,19.8,20.7
2052-01-15,25.680806218928378,19.8,42.69927837305926
2052-01-16,25.4,19.6,69.14327369888476
2052-01-17,30.2,18.8,0.8
2052-01-18,31.9,17.5,0.0
2052-01-19,31.8,18.2,0.0
2052-01-20,31.773056103336913,17.16614639397201,0.0
2052-01-21,31.8,17.4,0.0
2052-01-22,29.9,17.9,0.0
2052-01-23,29.2,19.7,3.8
2052-01-24,30.1,19.6,30.752788104089227
2052-01-25,30.2,19.4,1.0
2052-01-26,28.8,17.4,3.0
2052-01-27,30.8,19.3,0.0
2052-01-28,29.4,19.4,0.0
2052-01-29,31.2,19.796988780497703,5.9
2052-01-30,25.9,19.8,56.98694237918216
2052-01-31,25.7,19.7,2.8
2052-02-01,29.4,19.9,0.0
2052-02-02,29.1,19.9,0.0
2052-02-03,31.721265450023168,20.11278569685553,0.0
2052-02-04,29.8,19.831476252497197,0.0
2052-02-05,30.5,19.7,3.367276887871856
2052-02-06,30.77054060510208,19.0,1.6421052631578947
2052-02-07,30.4,19.7,1.0
2052-02-08,25.0,18.9,43.40658414811733
2052-02-09,27.6,19.2,6.901601830663617
2052-02-10,25.5,19.2,0.0
2052-02-11,25.6,19.7,10.2
2052-02-12,29.5,16.4,4.2791762013730015
2052-02-13,30.0,15.4,0.0
2052-02-14,31.0,19.0,0.0
2052-02-15,32.9,17.3,0.0
2052-02-16,31.7,18.9,0.0
2052-02-17,29.8,19.9,0.0
2052-02-18,30.1,18.8,0.0
2052-02-19,31.4,19.0,0.0
2052-02-20,28.1,17.9,0.9
2052-02-21,29.7,17.2,0.0
2052-02-22,29.8,15.4,0.0
2052-02-23,29.0,15.4,0.0
2052-02-24,31.011182356941617,17.6,0.0
2052-02-25,31.796122462148542,18.9,0.0
2052-02-26,32.0,17.9,0.0
2052-02-27,29.7,19.9,0.0
2052-02-28,32.083790173151876,18.2,0.0
2052-02-29,32.9,18.2,0.0
2052-03-01,32.4,19.8,0.0
2052-03-02,33.7,18.9,1.7
2052-03-03,32.9,19.9,1.4
2052-03-04,32.5,19.6,9.0
2052-03-05,29.7,19.4,4.2
2052-03-06,28.9,19.944726749553006,4.8
2052-03-07,28.8,19.920954435655837,4.920000000000001
2052-03-08,24.9,18.8,5.533333333333334
2052-03-09,28.3,18.7,0.0
2052-03-10,28.7,19.4,0.0
2052-03-11,30.0,19.2,18.4
2052-03-12,28.8,19.9,7.0
2052-03-13,29.0,19.3,0.0
2052-03-14,28.2,18.8,0.0
2052-03-15,30.1,18.4,0.0
2052-03-16,28.9,18.3,0.0
2052-03-17,29.8,17.0,0.0
2052-03-18,30.7,19.4,0.0
2052-03-19,31.1,18.4,0.0
2052-03-20,30.4,18.2,0.0
2052-03-21,30.7,17.0,0.0
2052-03-22,33.0,16.0,0.0
2052-03-23,33.25487804878049,18.2,0.0
2052-03-24,31.0,19.9,1.7
2052-03-25,31.3,18.9,5.4
2052-03-26,32.51875,19.2,0.0
2052-03-27,32.7,18.0,0.0
2052-03-28,25.9,19.286886665422088,0.0
2052-03-29,30.7,17.6,0.0
2052-03-30,31.8,17.8,0.0
2052-03-31,32.5,16.8074606125844,0.0
2052-04-01,31.772727272727273,15.6,0.0
2052-04-02,31.4,17.5,0.0
2052-04-03,32.97933398628796,19.0,0.0
2052-04-04,32.3,19.4,0.0
2052-04-05,30.5,19.0,2.8
2052-04-06,28.5,19.3970189701897,28.19850746268656
2052-04-07,27.6,19.0,32.177114427860666
2052-04-08,27.5,19.0,70.0
2052-04-09,28.5,19.2,70.0
2052-04-10,27.614516129032257,19.0,6.407089552238799
2052-04-11,27.6,19.4,0.8119402985074627
2052-04-12,28.1,17.9,0.0
2052-04-13,26.5,17.3,1.2577114427860696
2052-04-14,26.9,18.798726114649686,1.2238805970149254
2052-04-15,27.6,18.9,0.0
2052-04-16,28.9,19.0,0.0
2052-04-17,28.5,19.4,0.0
2052-04-18,29.4,19.685440613026827,0.0
2052-04-19,30.2,19.397560975609753,0.0
2052-04-20,28.9,18.3,31.365174129353225
2052-04-21,28.5,17.9,0.0
2052-04-22,28.5,16.5,0.0
2052-04-23,27.9,15.8,0.0
2052-04-24,26.9,14.6,0.0
2052-04-25,25.4,13.7,0.0
2052-04-26,24.6,11.0,0.0
2052-04-27,24.9,10.2,0.0
2052-04-28,26.965317919075144,11.4,0.0
2052-04-29,28.0,11.2,0.0
2052-04-30,27.8,9.961475409836066,0.0
2052-05-01,27.2,8.6,0.0
2052-05-02,22.8,11.7,0.0
2052-05-03,24.8,13.5,0.0
2052-05-04,25.0,10.8,0.0
2052-05-05,24.90160635919516,9.940209413836966,0.0
2052-05-06,25.4,8.3,0.0
2052-05-07,26.1,8.5,0.0
2052-05-08,25.7,8.9,0.0
2052-05-09,24.6,10.734960004640872,0.0
2052-05-10,24.4,9.3,0.0
2052-05-11,26.8,8.6,0.0
2052-05-12,29.483315392895584,10.1,0.0
2052-05-13,30.2,11.925403659849295,0.0
2052-05-14,29.777232702182847,13.0,0.0
2052-05-15,26.975122367325376,14.0,0.0
2052-05-16,27.758859816179502,12.6,0.0
2052-05-17,29.2,10.0,0.0
2052-05-18,30.0,10.9,0.0
2052-05-19,30.409266530201684,12.7,0.0
2052-05-20,29.3,14.0,0.0
2052-05-21,27.6,14.6,0.0
2052-05-22,29.5,13.6,0.0
2052-05-23,30.40906668548941,15.0,0.0
2052-05-24,27.5,17.5,0.0
2052-05-25,25.6,15.7,0.0
2052-05-26,27.0,13.9,0.0
2052-05-27,26.4,11.0,0.0
2052-05-28,26.7,10.4,0.0
2052-05-29,27.9,8.1,0.0
2052-05-30,28.4,6.600346746673384,0.0
2052-05-31,27.2,5.4,0.0
2052-06-01,25.5,10.182374355344326,0.0
2052-06-02,25.7,9.1,0.0
2052-06-03,26.0,9.7,0.0
2052-06-04,25.79227424410962,10.2,0.0
2052-06-05,26.293920854821856,11.6,0.0
2052-06-06,27.126629407562156,11.73014250634878,0.0
2052-06-07,27.911455256798742,13.0,0.0
2052-06-08,27.9,20.250927734375,0.0
2052-06-09,27.970668942503163,16.53165702320974,0.0
2052-06-10,26.7,13.5,0.0
2052-06-11,25.9,12.256054296440492,0.0
2052-06-12,26.9,10.2,0.0
2052-06-13,23.5,12.205716768631815,0.0
2052-06-14,22.7,11.0,0.0
2052-06-15,23.1,6.7,0.0
2052-06-16,25.1,5.4,0.0
2052-06-17,25.9,5.4,0.0
2052-06-18,23.7,10.9,0.0
2052-06-19,21.4,12.115464590285507,0.0
2052-06-20,22.0,10.4,0.0
2052-06-21,22.9,9.9,0.0
2052-06-22,23.0,11.9,0.0
2052-06-23,22.9,7.3,0.0
2052-06-24,23.1,5.0,0.0
2052-06-25,23.2,5.0,0.0
2052-06-26,23.4,5.316101223581758,0.0
2052-06-27,25.6,4.202603800140747,0.0
2052-06-28,24.4,8.2,0.0
2052-06-29,22.1,11.0,0.0
2052-06-30,21.3,10.4,0.0
2052-07-01,20.9,9.5,0.0
2052-07-02,21.0,14.2,0.0
2052-07-03,20.0,12.5,0.0
2052-07-04,20.0,11.1,0.0
2052-07-05,19.0,11.2,0.0
2052-07-06,22.4,13.8,0.0
2052-07-07,23.1,10.6,0.0
2052-07-08,23.7,10.2,0.0
2052-07-09,24.6,10.2,0.0
2052-07-10,23.2,10.5,0.0
2052-07-11,22.9,15.0,0.0
2052-07-12,24.3,10.5,0.0
2052-07-13,25.7,9.0,0.0
2052-07-14,28.3,9.4,0.0
2052-07-15,31.172320656157734,11.7,0.0
2052-07-16,33.05390625,15.0,0.0
2052-07-17,31.118049561234713,15.503342377959548,0.0
2052-07-18,30.2,15.200003950188128,0.0
2052-07-19,28.8,15.956523971184883,0.0
2052-07-20,26.2,15.950409317987342,0.0
2052-07-21,27.2,14.2,0.0
2052-07-22,27.6,11.583852131471453,0.0
2052-07-23,26.7,10.2,0.0
2052-07-24,28.1,9.0,0.0
2052-07-25,29.2,8.9,0.0
2052-07-26,30.0,9.0,0.0
2052-07-27,27.9,14.3,0.0
2052-07-28,28.2,11.7,0.0
2052-07-29,28.528202368137773,10.9,0.0
2052-07-30,26.7,12.7,0.0
2052-07-31,27.0,11.9,0.0
2052-08-01,25.93895586652314,10.2,0.0
2052-08-02,25.7,10.3,0.0
2052-08-03,26.0,11.0,0.0
2052-08-04,26.5,10.9,0.0
2052-08-05,26.7,11.0,0.0
2052-08-06,26.4,11.2,0.0
2052-08-07,26.2,11.0,0.0
2052-08-08,26.3,11.8,0.0
2052-08-09,25.5,12.0,0.0
2052-08-10,25.9,9.0,0.0
2052-08-11,27.6,9.4,0.0
2052-08-12,30.4,11.0,0.0
2052-08-13,31.9,13.4,0.0
2052-08-14,31.5,16.7,0.0
2052-08-15,29.9,16.7,0.0
2052-08-16,30.5,15.125075066568465,0.0
2052-08-17,32.94597464775155,14.4,0.0
2052-08-18,31.1,14.7,0.0
2052-08-19,28.6,15.6,0.0
2052-08-20,28.2,14.2,0.0
2052-08-21,27.2,13.8,0.0
2052-08-22,26.9,13.2,0.0
2052-08-23,27.3,12.9,0.0
2052-08-24,28.9,12.9,0.0
2052-08-25,30.4,13.6,0.0
2052-08-26,29.427787944025827,15.5,0.0
2052-08-27,26.6,16.0,0.0
2052-08-28,25.4,13.6,0.0
2052-08-29,26.5,13.0,0.0
2052-08-30,28.6,14.0,0.0
2052-08-31,29.5,16.7,0.0
2052-09-01,30.368968045302857,16.9,0.0
2052-09-02,30.1,17.2,0.0
2052-09-03,29.7,16.3,0.0
2052-09-04,30.0,15.2,0.0
2052-09-05,30.2,16.6,0.0
2052-09-06,29.9,15.7,0.0
2052-09-07,30.7,14.7,0.0
2052-09-08,29.2,16.3,0.0
2052-09-09,27.1,14.5,0.0
2052-09-10,28.5,12.3,0.0
2052-09-11,29.0,14.2,0.0
2052-09-12,22.7244600701052,14.5,0.0
2052-09-13,22.345220233248856,14.9,0.0
2052-09-14,27.60369076751947,13.426607341490548,0.0
2052-09-15,30.0,16.1,0.0
2052-09-16,30.9,16.7,0.0
2052-09-17,30.0,16.5,0.0
2052-09-18,28.8,15.3,0.0
2052-09-19,29.194801717670792,14.5,0.0
2052-09-20,30.9,15.133644790507972,0.0
2052-09-21,31.7,19.16928945074106,0.0
2052-09-22,31.5,18.9,0.0
2052-09-23,31.6,17.9,0.0
2052-09-24,32.7,17.8,0.0
2052-09-25,34.7,18.660789766407117,0.0
2052-09-26,35.3,19.7,0.0
2052-09-27,36.0652020415332,20.2,0.0
2052-09-28,40.094482421875,20.5,0.0
2052-09-29,40.44970703125,21.95546365486782,0.0
2052-09-30,39.294677734375,19.6,0.4
2052-10-01,32.7,20.0,0.0
2052-10-02,34.3,20.7,0.0
2052-10-03,33.508293162353155,22.15547815747476,0.0
2052-10-04,33.4,21.0,0.0
2052-10-05,34.0,21.426292992977586,0.0
2052-10-06,35.6,21.931136107413312,0.0
2052-10-07,36.0,22.6,0.0
2052-10-08,36.0,22.6,0.0
2052-10-09,36.9,22.0,0.0
2052-10-10,37.2,24.321240234375,0.0
2052-10-11,34.6,23.787868606324093,0.0
2052-10-12,33.4,22.083897335844977,0.0
2052-10-13,35.50104330545664,20.9,0.0
2052-10-14,32.0,19.9,0.0
2052-10-15,29.8,17.0,0.0
2052-10-16,29.3,14.3,0.0
2052-10-17,30.5,14.151408457452414,0.0
2052-10-18,32.5,15.5,0.0
2052-10-19,34.5,16.9,0.0
2052-10-20,35.6,17.9,0.0
2052-10-21,36.0,18.5,0.0
2052-10-22,36.0,20.8,0.0
2052-10-23,34.6,21.0,0.0
2052-10-24,35.8,21.1,0.0
2052-10-25,39.14267578125,20.7,0.0
2052-10-26,38.42001953125,21.1,0.0
2052-10-27,35.2,22.314387467649926,0.0
2052-10-28,35.744856220206046,21.96899064337169,0.0
2052-10-29,36.9,23.763706494438456,0.0
2052-10-30,35.0,19.86288927656731,0.0
2052-10-31,26.930892539758034,18.5,7.162545454545455
2052-11-01,34.9,21.5,0.0
2052-11-02,34.5,21.3,0.0
2052-11-03,34.0,21.3,0.0
2052-11-04,32.9,21.3,0.0
2052-11-05,29.7,20.158556469924886,0.0
2052-11-06,28.0,19.4,4.966666666666667
2052-11-07,31.8,21.0,0.0
2052-11-08,32.6,20.7,0.0
2052-11-09,33.7,21.2,0.0
2052-11-10,32.5,21.1,14.9
2052-11-11,31.0,20.1,34.114285714285714
2052-11-12,27.0,20.0,0.0
2052-11-13,30.008577097676095,20.2,0.0
2052-11-14,31.2,19.905410456062302,0.0
2052-11-15,32.4,20.3,0.0
2052-11-16,34.0304176357569,21.165357288258015,0.0
2052-11-17,35.150442110819924,20.0,0.0
2052-11-18,35.7,18.2,0.0
2052-11-19,34.5,21.70379539521859,0.0
2052-11-20,34.8,21.5,0.0
2052-11-21,34.0,21.0,1.6
2052-11-22,34.0,21.2,25.8
2052-11-23,32.1,20.6,1.6
2052-11-24,34.0,20.0,1.0
2052-11-25,26.68941247851148,20.1,34.42727272727273
2052-11-26,27.1,20.5,0.0
2052-11-27,24.702565949934176,19.7,0.0
2052-11-28,28.9,19.9,0.0
2052-11-29,33.0,19.7,1.0
2052-11-30,33.2,21.155067141131806,8.3
2052-12-01,30.23703884920246,20.288386628681934,0.0
2052-12-02,25.7,19.922649191049345,1.7
2052-12-03,26.2,19.4,0.0
2052-12-04,24.6,18.0,4.5
2052-12-05,24.126580701779957,17.7,0.5
2052-12-06,29.0,19.4,0.0
2052-12-07,27.784924716607495,19.9,5.798404255319149
2052-12-08,28.7,19.237953103023333,2.9
2052-12-09,28.5,19.4,0.0
2052-12-10,31.8,17.9,0.0
2052-12-11,31.4,18.0,0.0
2052-12-12,31.60522963760315,20.3,4.0
2052-12-13,26.5,20.30190468588776,16.353191489361727
2052-12-14,28.1,20.1,0.0
2052-12-15,31.615599210620722,19.9,0.0
2052-12-16,32.1,18.4,0.0
2052-12-17,31.4,18.0,0.0
2052-12-18,31.8,17.2,0.0
2052-12-19,33.1,17.2,0.0
2052-12-20,31.4,20.3,0.0
2052-12-21,29.7,19.9,0.0
2052-12-22,29.9,18.0,0.0
2052-12-23,31.4,18.0,0.0
2052-12-24,31.6,19.5,0.0
2052-12-25,30.5,20.178408534164912,2.6319148936170227
2052-12-26,30.6,20.3,0.0
2052-12-27,29.0,19.9,0.0
2052-12-28,30.2,19.4,0.0
2052-12-29,30.0923878863904,20.178288518000635,0.0
2052-12-30,31.2,19.9,6.4
2052-12-31,31.854429405318857,19.9,32.33948936170213
2053-01-01,29.2,19.710978987262287,14.301610904584878
2053-01-02,31.9,19.7,7.2
2053-01-03,30.6,19.7,5.8
2053-01-04,31.1,19.7,13.926468401486982
2053-01-05,27.073816859062394,19.8,18.61085501858735
2053-01-06,28.0,19.8,4.5
2053-01-07,28.7,19.701424022246137,0.0
2053-01-08,30.1,19.7,1.0
2053-01-09,31.0,19.8,17.9
2053-01-10,32.6,19.525088371123974,0.0
2053-01-11,32.0,17.8,0.0
2053-01-12,31.7,20.050248180981455,6.0
2053-01-13,29.5,19.8,8.4
2053-01-14,29.5,19.6,4.5
2053-01-15,27.8,19.8,34.0
2053-01-16,25.4,19.8,26.504337050805443
2053-01-17,26.4,19.6,0.0
2053-01-18,31.2,19.6,2.4
2053-01-19,30.2,19.296493925880345,11.0
2053-01-20,28.2,19.7,5.6
2053-01-21,27.9,19.6,9.168401486988833
2053-01-22,27.8,19.6,3.4
2053-01-23,29.7,19.0,16.0
2053-01-24,29.2,18.8,11.0
2053-01-25,28.6,19.8,34.39395910780666
2053-01-26,27.2,19.6,16.8
2053-01-27,28.4,19.8,0.0
2053-01-28,30.1,19.8,0.0
2053-01-29,29.2,19.26394745044905,1.7
2053-01-30,28.1,19.0,18.0
2053-01-31,30.8,18.5,41.4
2053-02-01,26.0,19.730853388985214,13.395377574370716
2053-02-02,28.5,19.9,0.0
2053-02-03,28.2,17.5,0.0
2053-02-04,29.2,19.0,0.0
2053-02-05,31.4,16.9,0.0
2053-02-06,30.5,19.9,0.0
2053-02-07,29.6,19.9,23.17683066361557
2053-02-08,28.2,19.5,4.2791762013730015
2053-02-09,29.9,19.886549497847916,5.894279176201373
2053-02-10,29.6,19.728834964263786,20.898169336384452
2053-02-11,27.7,19.866469265443595,14.369565217391306
2053-02-12,27.2,19.834389446835644,1.4
2053-02-13,28.9,19.753211324361082,0.0
2053-02-14,31.658540800521717,19.892479929179768,1.0
2053-02-15,29.2,19.2,1.3
2053-02-16,32.95032546919477,19.870405545888996,0.0
2053-02-17,33.90194933366003,19.9,3.6
2053-02-18,33.69455765644356,19.60262628395777,1.0
2053-02-19,31.8,19.2,2.5
2053-02-20,29.8,20.160844784521814,20.316704805491998
2053-02-21,28.7,20.16660848462994,9.458352402745996
2053-02-22,27.0,19.826551566829806,52.575817923186335
2053-02-23,26.3,19.9,3.73592677345538
2053-02-24,26.2,18.8,0.0
2053-02-25,28.0,18.6,0.0
2053-02-26,30.0,18.6,0.0
2053-02-27,32.70266831123445,18.957871094814358,6.0951945080091585
2053-02-28,30.743588603059266,19.798703512313356,0.0
2053-03-01,30.6,18.4,0.0
2053-03-02,32.5,16.0,0.0
2053-03-03,32.0,15.6,0.0
2053-03-04,30.2,19.9,1.8
2053-03-05,29.8,18.9,0.0
2053-03-06,31.8,17.7,16.028571428571425
2053-03-07,29.0,19.533136932751656,12.733333333333329
2053-03-08,28.7,19.3,39.623076923076916
2053-03-09,26.5,19.6,44.47333333333333
2053-03-10,26.6,19.428315676165663,1.0
2053-03-11,31.0,19.6,0.0
2053-03-12,31.0,19.206161845256762,3.4
2053-03-13,33.0,19.0,2.8
2053-03-14,26.4,19.0,1.4222222222222223
2053-03-15,24.2,18.7,0.0
2053-03-16,27.6,18.0,0.0
2053-03-17,26.4,17.3,0.0
2053-03-18,29.9,17.0,5.425
2053-03-19,31.2,19.891699630845213,3.8
2053-03-20,31.1,19.0,12.9
2053-03-21,27.7,19.314951712427423,1.2
2053-03-22,26.539024390243902,17.0,7.3
2053-03-23,29.9,16.5,1.4
2053-03-24,24.62151162790698,19.3,0.7
2053-03-25,25.5,19.0,0.0
2053-03-26,26.3,19.251869049368636,0.0
2053-03-27,28.7,16.9,0.0
2053-03-28,28.6,15.5,0.0
2053-03-29,24.8,15.8,0.0
2053-03-30,27.2,16.9,0.0
2053-03-31,26.5,15.7,0.0
2053-04-01,25.5,16.5,0.0
2053-04-02,26.8,18.4,0.0
2053-04-03,28.6,18.0,0.0
2053-04-04,30.0,16.7,0.0
2053-04-05,31.0,16.5,0.0
2053-04-06,30.1,15.6,0.0
2053-04-07,28.7,18.6,0.0
2053-04-08,27.9,18.2,0.0
2053-04-09,28.4,18.5,0.0
2053-04-10,29.9,16.6,0.0
2053-04-11,30.606896551724137,15.8,0.0
2053-04-12,29.3,16.98461538461538,0.0
2053-04-13,29.4,16.2,0.0
2053-04-14,28.6,15.0,0.0
2053-04-15,28.4,13.9,0.0
2053-04-16,28.3,13.8,0.0
2053-04-17,28.5,13.9,0.0
2053-04-18,27.2,15.4,0.0
2053-04-19,27.6,17.29006622516556,0.0
2053-04-20,27.9,17.0,0.0
2053-04-21,28.1,15.9,0.0
2053-04-22,29.6,17.0,0.0
2053-04-23,28.631250000000005,16.5,0.0
2053-04-24,28.4,15.5,0.0
2053-04-25,29.8,14.5,0.0
2053-04-26,31.512820512820515,19.0,0.0
2053-04-27,32.0,18.3,0.0
2053-04-28,31.158949880668256,17.0,0.0
2053-04-29,30.5,15.0,0.0
2053-04-30,31.0,12.7,0.0
2053-05-01,33.49051030965535,12.8,0.0
2053-05-02,33.70496890904708,17.64742071706548,0.0
2053-05-03,32.7,17.8,0.0
2053-05-04,31.0,16.41929000952438,0.0
2053-05-05,30.6,14.1,0.0
2053-05-06,30.6,14.9,0.0
2053-05-07,29.5,16.6490507877483,0.0
2053-05-08,30.4,15.9,0.0
2053-05-09,33.41438460814942,16.0,0.0
2053-05-10,33.878369140625,17.5,0.0
2053-05-11,33.581122618537385,17.894199681835058,0.0
2053-05-12,31.6,19.9384765625,0.0
2053-05-13,26.0,19.891357421875,0.0
2053-05-14,27.0,14.3,0.0
2053-05-15,26.7,12.9,0.0
2053-05-16,27.6,10.7384716036173,0.0
2053-05-17,28.4,13.0,0.0
2053-05-18,27.0,16.2722873002807,0.0
2053-05-19,24.1,13.0,0.0
2053-05-20,27.4,9.2,0.0
2053-05-21,28.8,9.0,0.0
2053-05-22,29.2,9.3,0.0
2053-05-23,27.6,13.0,0.0
2053-05-24,26.5,11.9,0.0
2053-05-25,26.5,11.0,0.0
2053-05-26,26.0,12.0,0.0
2053-05-27,26.8,13.6,0.0
2053-05-28,26.5,11.9,0.0
2053-05-29,27.9,11.0,0.0
2053-05-30,28.9,12.1,0.0
2053-05-31,29.2,12.5,0.0
2053-06-01,27.6,13.2,0.0
2053-06-02,23.1,12.660315302324946,0.0
2053-06-03,20.73298109010011,15.542741615843923,0.0
2053-06-04,25.6,15.965112274376251,0.0
2053-06-05,25.3,16.4,0.0
2053-06-06,25.6,15.9,0.0
2053-06-07,27.9,15.908277194462903,0.0
2053-06-08,29.389924079613824,14.0,0.0
2053-06-09,30.562251111117664,15.4,0.0
2053-06-10,30.569760093000475,16.426966366137822,0.0
2053-06-11,30.0,15.0,0.0
2053-06-12,28.0,14.2,0.0
2053-06-13,27.9,12.4,0.0
2053-06-14,28.43911647862705,10.7,0.0
2053-06-15,29.0,11.0,0.0
2053-06-16,29.563609075443306,10.0,0.0
2053-06-17,29.3,11.9,0.0
2053-06-18,27.4,14.1,0.0
2053-06-19,26.2,14.2,0.0
2053-06-20,27.7,13.013547133747991,0.0
2053-06-21,28.5,13.392331125492976,0.0
2053-06-22,30.287290730910595,14.2,0.0
2053-06-23,31.121659543742563,15.996630277496138,0.0
2053-06-24,30.877879695388035,16.621051735488447,0.0
2053-06-25,30.61489650058175,16.048050242649172,0.0
2053-06-26,29.5,15.4,0.0
2053-06-27,27.7,14.4,0.0
2053-06-28,27.6,12.3,0.0
2053-06-29,27.9,11.7,0.0
2053-06-30,27.928189559280433,12.1,0.0
2053-07-01,27.6,11.2,0.0
2053-07-02,28.01654467168998,11.5,0.0
2053-07-03,28.572431301663375,12.2,0.0
2053-07-04,28.82007948993954,13.0,0.0
2053-07-05,26.7,15.018892141323478,0.0
2053-07-06,25.0,15.0,0.0
2053-07-07,20.0,13.6,0.0
2053-07-08,22.6,15.0,0.0
2053-07-09,23.5,14.3,0.0
2053-07-10,26.0,15.970137727360532,0.0
2053-07-11,25.0,15.993673373630298,0.0
2053-07-12,26.4,15.527913171588285,0.0
2053-07-13,28.04069967707211,16.0,0.0
2053-07-14,29.0,15.082228999720922,0.0
2053-07-15,29.2,15.1,0.0
2053-07-16,29.2,15.19315994909059,0.0
2053-07-17,28.85660760122546,15.034076825861762,0.0
2053-07-18,27.1,15.12122326520329,0.0
2053-07-19,26.2,13.4,0.0
2053-07-20,26.9,14.176905088897952,0.0
2053-07-21,28.0,13.4,0.0
2053-07-22,28.781790455687112,14.2,0.0
2053-07-23,29.2,15.813810272970615,0.0
2053-07-24,29.5,15.499531233723365,0.0
2053-07-25,28.8,15.417110217120618,0.0
2053-07-26,28.241494079655528,14.97792778821768,0.0
2053-07-27,29.2,14.264065303193389,0.0
2053-07-28,30.7,15.2,0.0
2053-07-29,31.133803446845366,15.2,0.0
2053-07-30,30.7,15.44385816967849,0.0
2053-07-31,29.5,15.46355627427538,0.0
2053-08-01,28.4,13.0,0.0
2053-08-02,30.0,13.6,0.0
2053-08-03,31.9,15.1,0.0
2053-08-04,31.9,16.308147966714575,0.0
2053-08-05,30.0,17.0,0.0
2053-08-06,31.0,16.0,0.0
2053-08-07,31.9,17.4,0.0
2053-08-08,32.9,18.841536392510175,0.0
2053-08-09,33.163082311524626,25.849365234375,0.0
2053-08-10,32.42854795762278,27.4306640625,0.0
2053-08-11,32.9,26.464111328125,0.0
2053-08-12,33.03144318007073,19.247180682561144,0.0
2053-08-13,32.9,25.706787109375,0.0
2053-08-14,31.6,18.786593575994335,0.0
2053-08-15,30.5,18.03617902525878,0.0
2053-08-16,29.9,16.7,0.0
2053-08-17,30.08619876392399,15.6,0.0
2053-08-18,30.2,15.7,0.0
2053-08-19,30.9,16.149547951505234,0.0
2053-08-20,31.0,16.521353189883808,0.0
2053-08-21,31.9,16.2,0.0
2053-08-22,33.1,17.4,0.0
2053-08-23,32.9,18.2,0.0
2053-08-24,31.2,18.83623782375843,0.0
2053-08-25,31.2,18.0,0.0
2053-08-26,33.1,18.0,0.0
2053-08-27,33.51048201366802,18.782201969461358,0.0
2053-08-28,33.15022610923412,18.806212600831877,0.0
2053-08-29,32.9,18.87776714640724,0.0
2053-08-30,33.05770413655236,18.805019229491393,0.0
2053-08-31,33.2107857911733,18.012833979866084,0.0
2053-09-01,33.0,16.5,0.0
2053-09-02,32.9,17.7,0.0
2053-09-03,32.2,17.5,0.0
2053-09-04,32.0,17.7,0.0
2053-09-05,32.1,17.7,0.0
2053-09-06,31.9,18.0,0.0
2053-09-07,32.6,16.9,0.0
2053-09-08,34.0,15.4,0.0
2053-09-09,33.5,19.0,0.0
2053-09-10,32.9,18.7,0.0
2053-09-11,33.0,17.2,0.0
2053-09-12,34.0,16.5,0.0
2053-09-13,32.6,18.6,0.0
2053-09-14,31.8,17.8,0.0
2053-09-15,32.0,18.2,0.0
2053-09-16,32.0,18.4,0.0
2053-09-17,31.9,19.342957452725255,0.0
2053-09-18,31.5,17.9,0.0
2053-09-19,31.4,16.9,0.0
2053-09-20,31.2,16.9,0.0
2053-09-21,31.0,16.4,0.0
2053-09-22,33.71571997560013,17.0,0.0
2053-09-23,32.9,19.7,0.0
2053-09-24,30.6,18.6,0.0
2053-09-25,30.0,16.9,0.0
2053-09-26,31.9,16.5,0.0
2053-09-27,33.2,17.5,0.0
2053-09-28,33.4,18.3,0.0
2053-09-29,33.5,17.9,0.0
2053-09-30,34.0,18.3,0.0
2053-10-01,35.6,20.5,0.0
2053-10-02,36.0,21.0,0.0
2053-10-03,35.01546319281211,21.7,0.0
2053-10-04,33.7,20.4,0.0
2053-10-05,33.2,19.7,0.0
2053-10-06,33.2,20.024196805292554,0.0
2053-10-07,34.7,20.0,0.0
2053-10-08,36.0,21.2,0.0
2053-10-09,37.2,21.948460837829053,0.0
2053-10-10,37.210961954977705,22.078481085652765,0.0
2053-10-11,37.281803965314545,22.180283036191653,0.0
2053-10-12,38.748876953125,22.173598033416884,0.0
2053-10-13,38.996923828125,22.019526134559218,0.0
2053-10-14,38.80625,22.6,0.0
2053-10-15,38.7974609375,22.6,0.0
2053-10-16,39.090673828125,22.2,0.0
2053-10-17,38.87705078125,23.538228071396105,0.0
2053-10-18,34.9,20.0,0.2
2053-10-19,26.9,18.2,2.5
2053-10-20,30.0,19.507622014062242,0.0
2053-10-21,28.42644087853492,19.6,0.0
2053-10-22,30.18148034240607,17.5,0.0
2053-10-23,31.6,15.854437977778183,0.0
2053-10-24,32.8,16.7,0.0
2053-10-25,32.8,18.366336950513478,0.0
2053-10-26,32.0,19.1,0.0
2053-10-27,33.5,18.3,0.0
2053-10-28,36.0,19.2,0.0
2053-10-29,38.935888671875,21.1,0.0
2053-10-30,39.74814453125,22.0,0.0
2053-10-31,40.136328125,23.058754421036433,0.0
2053-11-01,40.076171875,23.567109351139695,0.0
2053-11-02,37.86414099957806,23.54983705033406,0.0
2053-11-03,36.54849596478355,23.399809113872923,0.0
2053-11-04,40.13818359375,22.22612842552332,0.0
2053-11-05,40.597900390625,23.75325480982205,0.0
2053-11-06,36.0,23.27984139061904,0.0
2053-11-07,35.425037242008194,21.5,0.0
2053-11-08,36.27031701057145,22.914261745273755,0.0
2053-11-09,38.33339360272062,21.9,0.0
2053-11-10,39.723388671875,22.54190417164834,0.0
2053-11-11,39.69580078125,23.509673748460724,0.0
2053-11-12,36.530646344638235,23.357429196064793,0.0
2053-11-13,36.4,21.577134729767558,0.0
2053-11-14,37.93431475585898,23.819465296243642,0.0
2053-11-15,38.67821158116446,23.606440252974192,0.0
2053-11-16,32.5,21.544267573163676,0.0
2053-11-17,34.2,21.7,0.2
2053-11-18,35.2,21.2,5.7333333333333325
2053-11-19,30.8,20.3,1.0
2053-11-20,29.9,21.2,0.0
2053-11-21,31.572535621590117,21.0,0.0
2053-11-22,33.9,20.0,0.0
2053-11-23,32.6,21.2,4.5
2053-11-24,33.5,21.2,0.0
2053-11-25,34.0,21.5,44.304761904761904
2053-11-26,29.5,21.0,34.418181818181814
2053-11-27,29.41505641188622,20.9,2.8
2053-11-28,33.3,20.782842238502557,10.45
2053-11-29,33.3,21.2,1.6
2053-11-30,34.0,20.7,1.0
2053-12-01,31.832042321142968,20.3,9.552036474164137
2053-12-02,27.1,20.139167567325742,23.8
2053-12-03,28.6,20.035042627800852,0.0
2053-12-04,31.561058436675157,19.4,0.0
2053-12-05,31.6,20.2,19.090638297872342
2053-12-06,24.8,19.9,22.381063829787237
2053-12-07,23.9,19.0,0.506595744680851
2053-12-08,23.9,19.0,0.0
2053-12-09,25.0,19.0,0.9
2053-12-10,29.5,19.9,0.0
2053-12-11,30.3,19.9,0.0
2053-12-12,31.5,20.461817631966724,0.0
2053-12-13,32.1,20.164726691437583,0.0
2053-12-14,32.9,18.6,0.0
2053-12-15,32.4,21.543724298651497,0.0
2053-12-16,31.2,20.3,20.37957446808511
2053-12-17,25.6,19.3,0.0
2053-12-18,25.0,18.5,0.0
2053-12-19,26.7,17.1,0.0
2053-12-20,29.7,19.9,0.0
2053-12-21,32.4,17.5,0.0
2053-12-22,33.1,17.7,0.0
2053-12-23,32.4,19.9,0.0
2053-12-24,31.4,20.582739860624752,0.0
2053-12-25,32.1,20.406304147898886,2.8
2053-12-26,30.5,20.3,0.0
2053-12-27,30.3,20.177208372522163,15.2
2053-12-28,29.7,20.3,10.863829787234062
2053-12-29,30.2,20.309189101639653,5.898297872340424
2053-12-30,29.5,20.3,32.56389236545681
2053-12-31,29.9,20.3,19.315319148936172
2054-01-01,28.6,19.8,12.828252788104077
2054-01-02,29.8,19.8,42.54423791821557
2054-01-03,25.0,19.7,8.437577447335812
2054-01-04,25.7,19.6,0.0
2054-01-05,26.9,19.6,0.0
2054-01-06,24.0,18.9,2.4
2054-01-07,29.1,18.1,0.0
2054-01-08,29.2,19.8,0.0
2054-01-09,28.9,19.8,0.0
2054-01-10,29.0,19.970003528975703,0.0
2054-01-11,29.6,19.509914233133077,0.0
2054-01-12,30.5,19.81108773601372,0.0
2054-01-13,31.074292875844034,19.8,0.0
2054-01-14,31.47873311324107,19.7862083689789,0.0
2054-01-15,31.9,19.8,0.0
2054-01-16,31.9,20.265560455051514,0.0
2054-01-17,33.89384337861216,19.7,0.0
2054-01-18,32.0,20.04995451345353,0.0
2054-01-19,31.9,19.8,0.0
2054-01-20,31.6,19.8,27.120724907063188
2054-01-21,29.8,19.8,18.0
2054-01-22,25.5,19.8,25.4860223048327
2054-01-23,24.5,19.6,65.16059479553897
2054-01-24,24.0,19.592967348403292,6.0
2054-01-25,24.720994060911803,19.4,0.0
2054-01-26,28.9,18.7,15.307249070631965
2054-01-27,27.6,19.8,11.61403345724907
2054-01-28,27.5,19.8,1.1
2054-01-29,29.4,19.8,18.650929368029733
2054-01-30,29.4,19.8,22.28382899628252
2054-01-31,28.1,18.6,0.5
2054-02-01,28.2,18.5,0.0
2054-02-02,30.6,17.6,0.0
2054-02-03,31.2,18.5,0.0
2054-02-04,31.2,19.0,0.0
2054-02-05,29.8,19.7,0.0
2054-02-06,30.9,18.9,6.0
2054-02-07,31.804678099240757,20.269623751469844,29.854233409610973
2054-02-08,31.8,19.4,0.0
2054-02-09,32.9,20.069967144501987,0.0
2054-02-10,32.0,20.125414980915984,0.0
2054-02-11,30.2,20.296394901200312,16.373455377574373
2054-02-12,27.2,19.1,2.8
2054-02-13,30.1,17.6,0.0
2054-02-14,32.9,17.1,0.0
2054-02-15,32.94314276065036,18.6,0.0
2054-02-16,32.25994753716118,19.9,0.0
2054-02-17,29.0,20.27475405294758,6.4
2054-02-18,28.0,20.522345410254953,2.6
2054-02-19,32.23716571132485,20.077014927573693,10.0
2054-02-20,25.489657101156684,20.13266198619899,32.87307398932117
2054-02-21,29.0,18.8,0.0
2054-02-22,29.2,17.9,0.0
2054-02-23,30.6,18.2,0.0
2054-02-24,32.9,19.0,0.0
2054-02-25,31.4,20.341665216193956,0.0
2054-02-26,29.2,19.1,1.8
2054-02-27,29.7,18.6,0.0
2054-02-28,32.9,17.6,0.0
2054-03-01,34.1943784639747,17.7,0.0
2054-03-02,34.78345209817892,17.6,0.0
2054-03-03,33.809734513274336,19.922377126564257,0.0
2054-03-04,33.58956916099774,19.805902514082685,0.0
2054-03-05,34.38989179202956,18.1,0.0
2054-03-06,34.80963314858802,18.0,0.0
2054-03-07,31.5,19.8,0.0
2054-03-08,31.3,18.3,0.0
2054-03-09,32.6,17.1,0.0
2054-03-10,33.0,16.2,0.0
2054-03-11,32.924115755627014,17.3,0.0
2054-03-12,33.35864077669903,19.3,0.0
2054-03-13,34.42684085510691,19.932092767896147,0.0
2054-03-14,34.778595935603086,19.789591208351055,0.0
2054-03-15,35.15439453125,22.929022216796874,0.0
2054-03-16,34.40572710477696,22.816351318359374,0.0
2054-03-17,33.0,20.3,0.0
2054-03-18,32.5,22.616888427734374,0.0
2054-03-19,34.4397202428081,22.549017333984374,0.0
2054-03-20,35.7876953125,24.091009521484374,0.0
2054-03-21,36.09677734375,22.382025146484374,0.0
2054-03-22,34.986669921875,19.9,0.0
2054-03-23,35.63583984375,19.8,0.0
2054-03-24,37.243994140625,18.0,0.0
2054-03-25,39.57236328125,18.3,0.0
2054-03-26,39.206396484375,19.9,0.0
2054-03-27,37.372900390625,22.739935302734374,0.0
2054-03-28,34.570625494853516,22.535833740234374,0.0
2054-03-29,34.71398785959357,22.089300537109374,0.0
2054-03-30,35.44345703125,19.3,0.0
2054-03-31,35.19248046875,21.03666250246521,0.0
2054-04-01,32.99069539666993,19.7,0.0
2054-04-02,34.0426580557444,22.64482421875,0.0
2054-04-03,36.5859375,21.93486328125,0.0
2054-04-04,33.08550440744367,19.7,0.0
2054-04-05,31.0,18.9,0.0
2054-04-06,32.0,18.3,0.0
2054-04-07,33.2,16.7,0.0
2054-04-08,33.953432032301485,17.1,0.0
2054-04-09,32.985994123408425,18.6,0.0
2054-04-10,33.793521897810216,18.6,0.0
2054-04-11,34.24772861356932,18.6,0.0
2054-04-12,35.679443359375,19.12703777335984,0.0
2054-04-13,36.280029296875,19.4,0.0
2054-04-14,36.819580078125,19.7,0.0
2054-04-15,34.591408934707886,19.7,0.0
2054-04-16,33.94374158815613,19.78492975734356,0.0
2054-04-17,32.82342158859471,20.80888671875,0.0
2054-04-18,29.9,19.4,0.0
2054-04-19,24.6,19.055873493975902,5.467164179104477
2054-04-20,32.11724137931035,18.3,0.0
2054-04-21,34.088681169272604,19.042018072289157,0.0
2054-04-22,36.713134765625,19.4,0.0
2054-04-23,36.61376953125,19.90051085568328,0.0
2054-04-24,34.07916383412645,20.385546875,0.0
2054-04-25,30.2,19.04954819277108,0.0
2054-04-26,33.2,17.1,0.0
2054-04-27,35.134364261168415,17.9,0.0
2054-04-28,33.70839416058394,19.7,0.0
2054-04-29,33.756843065693424,19.4,0.0
2054-04-30,33.06924583741431,19.391327913279127,0.0
2054-05-01,35.1876953125,18.312422081301218,0.0
2054-05-02,34.3595703125,20.063232421875,0.0
2054-05-03,33.686221534795614,20.30810546875,0.0
2054-05-04,32.7,18.393794611351012,0.0
2054-05-05,31.0,18.120622219545766,0.0
2054-05-06,30.1,16.9,0.0
2054-05-07,30.7,15.5,0.0
2054-05-08,32.7,16.2,0.0
2054-05-09,32.974673466615016,14.1,0.0
2054-05-10,31.68017222820236,15.7,0.0
2054-05-11,32.51972031596963,16.330594200838103,0.0
2054-05-12,33.75268949805084,15.990816546209421,0.0
2054-05-13,33.8,15.2,0.0
2054-05-14,31.6,17.454125542057493,0.0
2054-05-15,31.801093072031776,16.474556326399473,0.0
2054-05-16,33.69161850617104,17.602777423023344,0.0
2054-05-17,32.88852795021895,18.277542855920768,0.0
2054-05-18,31.49273299359412,20.197021484375,0.0
2054-05-19,31.9,20.460205078125,0.0
2054-05-20,33.325476606017475,18.331100775699,0.0
2054-05-21,33.8,17.950703982777164,0.0
2054-05-22,36.291943359375,18.235525040404145,0.0
2054-05-23,38.106396484375,19.95166015625,0.0
2054-05-24,38.98017578125,24.23779296875,0.0
2054-05-25,37.770458984375,21.7099609375,2.377272727272727
2054-05-26,35.70234375,19.9287109375,0.0
2054-05-27,35.02705078125,18.233490727152894,0.0
2054-05-28,34.5109375,16.445132129915052,0.0
2054-05-29,35.128125,18.06624699455748,0.0
2054-05-30,35.15107421875,18.039756848384833,0.0
2054-05-31,29.8,18.373710391434184,0.0
2054-06-01,27.5,16.47627086429678,0.0
2054-06-02,26.2,13.2,0.0
2054-06-03,27.4,11.9,0.0
2054-06-04,27.6,13.5,0.0
2054-06-05,29.617302052785945,13.0,0.0
2054-06-06,31.214821731748714,14.1,0.0
2054-06-07,32.384130859375,16.078630533434406,0.0
2054-06-08,33.49765625,20.594189453125,0.0
2054-06-09,32.817724609375,21.101513671875,0.0
2054-06-10,31.733740234375,19.257952732992823,0.0
2054-06-11,30.4,18.407338619347694,0.0
2054-06-12,30.0,18.27031959330946,0.0
2054-06-13,30.0,16.77513473019909,0.0
2054-06-14,28.5,16.854753808086098,0.0
2054-06-15,28.2,15.925099071563691,0.0
2054-06-16,28.5,15.355862511690717,0.0
2054-06-17,28.5,14.132278086763074,0.0
2054-06-18,28.7549673118831,12.9,0.0
2054-06-19,29.5,13.2,0.0
2054-06-20,30.480726609296248,15.314673573179713,0.0
2054-06-21,31.255262962746112,16.87630216491491,0.0
2054-06-22,33.628515625,18.005050758899387,0.0
2054-06-23,33.9380859375,19.550077296506227,0.0
2054-06-24,32.06796875,17.64064339915638,0.0
2054-06-25,28.961971635150174,17.529092831418858,0.0
2054-06-26,27.904375359594958,17.971070040441845,0.0
2054-06-27,27.286764129456003,14.4,0.0
2054-06-28,27.9,13.4,0.0
2054-06-29,28.6,13.0,0.0
2054-06-30,29.0,14.0,0.0
2054-07-01,28.2,15.139275817053338,0.0
2054-07-02,28.2,12.6,0.0
2054-07-03,29.201422628225625,11.8,0.0
2054-07-04,30.7,14.158850822166945,0.0
2054-07-05,29.7,15.3,0.0
2054-07-06,28.394723396054342,15.102781848599996,0.0
2054-07-07,28.358721860813393,13.4,0.0
2054-07-08,27.6,14.2,0.0
2054-07-09,22.3,14.2,0.0
2054-07-10,26.0,12.9,0.0
2054-07-11,25.0,12.782459377723097,0.0
2054-07-12,26.0,15.535844250544407,0.0
2054-07-13,26.7,15.282901944163367,0.0
2054-07-14,26.9,14.808886648226606,0.0
2054-07-15,26.7,14.4,0.0
2054-07-16,27.0,14.0,0.0
2054-07-17,28.2,13.6,0.0
2054-07-18,30.211963408519527,14.6,0.0
2054-07-19,30.7,13.6,0.0
2054-07-20,29.2,14.3,0.0
2054-07-21,27.2,15.0,0.0
2054-07-22,28.2,13.6,0.0
2054-07-23,28.6,15.0,0.0
2054-07-24,28.3,15.0,0.0
2054-07-25,28.6,13.5,0.0
2054-07-26,29.354935041405096,11.2,0.0
2054-07-27,28.99894345092474,14.0,0.0
2054-07-28,27.093731498923564,15.2,0.0
2054-07-29,25.4,14.2,0.0
2054-07-30,26.75452099031215,11.5,0.0
2054-07-31,29.2,11.6,0.0
2054-08-01,30.9,11.6,0.0
2054-08-02,31.4,13.5,0.0
2054-08-03,30.9,16.7,0.0
2054-08-04,27.9,15.5,0.0
2054-08-05,29.1,14.2,0.0
2054-08-06,30.0,15.19999305531442,0.0
2054-08-07,28.3,16.0,0.0
2054-08-08,28.2,15.005014757456856,0.0
2054-08-09,26.5,17.401456795725174,0.0
2054-08-10,24.0,16.4,0.0
2054-08-11,24.0,13.6,0.0
2054-08-12,26.4,11.2,0.0
2054-08-13,30.0,11.7,0.0
2054-08-14,30.8,12.8,0.0
2054-08-15,27.6,15.6,0.0
2054-08-16,26.2,13.6,0.0
2054-08-17,27.5,12.15246839316997,0.0
2054-08-18,30.2,11.7,0.0
2054-08-19,31.1,13.3,0.0
2054-08-20,31.5,14.5,0.0
2054-08-21,30.4,15.5,0.0
2054-08-22,29.1,15.5,0.0
2054-08-23,27.6,15.5,0.0
2054-08-24,30.2,15.2,0.0
2054-08-25,30.8,15.2,0.0
2054-08-26,31.6,15.4,0.0
2054-08-27,33.1,16.4,0.0
2054-08-28,34.5141508545485,18.0,0.0
2054-08-29,32.9,18.90862193517521,0.0
2054-08-30,29.5,18.0303427639106,0.0
2054-08-31,25.9,16.796412170586454,0.0
2054-09-01,28.0,14.7,0.0
2054-09-02,30.3,14.0,0.0
2054-09-03,30.7,16.4,0.0
2054-09-04,27.7,16.4,0.0
2054-09-05,27.1,14.1,0.0
2054-09-06,27.9,14.3,0.0
2054-09-07,28.1,16.3,0.0
2054-09-08,29.0,15.978555119723682,0.0
2054-09-09,30.3,16.0,0.0
2054-09-10,30.7,16.9,0.0
2054-09-11,30.3,16.9,0.0
2054-09-12,31.0,16.6,0.0
2054-09-13,31.9,16.9,0.0
2054-09-14,31.7,18.0,0.0
2054-09-15,31.4,17.71519095291065,0.0
2054-09-16,31.82599631774769,17.7,0.0
2054-09-17,33.07979890510153,18.2,0.0
2054-09-18,33.2,19.2,0.0
2054-09-19,32.8,19.7,0.0
2054-09-20,33.2,18.7,0.0
2054-09-21,34.8,19.145327390794574,0.0
2054-09-22,35.0,20.0,0.0
2054-09-23,35.1,20.37793845012978,0.0
2054-09-24,35.063844133802746,20.5,0.0
2054-09-25,34.563717622755455,19.368347592095798,0.0
2054-09-26,35.3,19.0,0.0
2054-09-27,35.3,19.5,0.0
2054-09-28,34.0,20.5,0.0
2054-09-29,34.68148667601683,19.6,0.0
2054-09-30,34.78742886621205,19.9,0.0
2054-10-01,34.0,20.408891280947245,0.0
2054-10-02,34.0,19.9,0.0
2054-10-03,35.8,20.0,0.0
2054-10-04,39.64169921875,21.0,0.0
2054-10-05,41.533544921875,22.137798084346763,0.0
2054-10-06,36.569944617706064,23.558986931448395,0.0
2054-10-07,33.2,21.315548040424808,0.0
2054-10-08,33.4,20.408891280947245,0.0
2054-10-09,35.6,19.6,0.0
2054-10-10,37.2,20.2,0.0
2054-10-11,38.89560546875,21.3,0.0
2054-10-12,33.0,20.3,0.0
2054-10-13,30.4,18.3,0.0
2054-10-14,32.4,17.6,0.0
2054-10-15,34.7,20.251981602896556,0.0
2054-10-16,33.7,22.0,0.0
2054-10-17,35.2,22.2,0.0
2054-10-18,34.9,21.944562773485508,0.0
2054-10-19,35.880496232508065,20.7,0.0
2054-10-20,38.704931640625,21.275543595263713,0.0
2054-10-21,39.686865234375,22.0,0.0
2054-10-22,39.1255859375,23.582229757660816,0.0
2054-10-23,38.9185546875,23.075134113925433,0.0
2054-10-24,41.985693359375,22.14474696881,0.0
2054-10-25,42.18662109375,23.44054879626561,0.0
2054-10-26,40.645361328125,25.9650390625,0.0
2054-10-27,39.134619140625,22.0,0.0
2054-10-28,35.8,20.9,0.0
2054-10-29,33.2,20.4,0.0
2054-10-30,34.7,21.3,0.0
2054-10-31,36.0,23.612392203890654,0.0
2054-11-01,37.15213053007191,23.16231827956989,0.0
2054-11-02,36.3,22.1,0.0
2054-11-03,37.088844748132836,23.2,0.0
2054-11-04,36.2,22.3,0.1
2054-11-05,36.0,21.4,0.0
2054-11-06,35.7,21.2,1.8
2054-11-07,35.7,21.5,9.5
2054-11-08,33.52375040367433,21.5,13.120000000000001
2054-11-09,32.8,21.3,20.62857142857143
2054-11-10,30.6,21.3,1.0
2054-11-11,32.6,21.5,6.1600000000000135
2054-11-12,34.5,20.7,0.0
2054-11-13,33.9,21.4,1.8
2054-11-14,33.83713910979031,21.5,0.0
2054-11-15,34.5,21.5,0.0
2054-11-16,32.8,21.1,10.55
2054-11-17,32.1,21.2,1.4200000000000015
2054-11-18,32.5,20.1,0.2
2054-11-19,32.5,20.7,0.4
2054-11-20,33.5,20.4,15.433333333333334
2054-11-21,32.3,21.2,5.8
2054-11-22,33.0,21.2,0.0
2054-11-23,35.21293324152056,21.2,0.0
2054-11-24,35.7,21.7,0.0
2054-11-25,35.7,21.616533171730715,0.0
2054-11-26,33.4,21.9,0.0
2054-11-27,31.2,21.2,0.0
2054-11-28,33.2,20.4,0.0
2054-11-29,33.3,21.162784751476458,0.0
2054-11-30,32.7,21.1,0.0
2054-12-01,32.1,19.0,0.0
2054-12-02,31.956781485468245,20.5,16.353191489361727
2054-12-03,29.9,20.181768986764606,0.5
2054-12-04,31.2,19.9,7.0
2054-12-05,27.70740214827199,20.3,6.4
2054-12-06,28.7,20.299993011154776,35.33430851063829
2054-12-07,29.9,20.143012585949066,53.8
2054-12-08,29.0,19.9,0.0
2054-12-09,30.8,20.3,1.4
2054-12-10,29.6,20.3,53.04272340425535
2054-12-11,25.4,20.1,32.40473091364204
2054-12-12,30.0,19.0,0.0
2054-12-13,31.9,17.1,0.0
2054-12-14,31.310632887788916,18.0,0.0
2054-12-15,31.4,19.0,0.0
2054-12-16,28.11011840688913,19.63561952920954,0.0
2054-12-17,32.12696201809262,20.323964340316596,1.0
2054-12-18,28.9,19.9,10.0
2054-12-19,29.5,19.5,0.0
2054-12-20,29.6,20.38259080029434,0.0
2054-12-21,30.8,19.9,0.0
2054-12-22,31.712034027610844,19.9,3.1508085106383
2054-12-23,30.0,20.032480089416023,32.39136420525657
2054-12-24,28.3,20.328419318615268,0.4
2054-12-25,29.4,20.3,1.2
2054-12-26,28.7,20.10712574546474,0.0
2054-12-27,28.3,20.38828473705477,6.098723404255319
2054-12-28,27.0,20.472503840647114,3.0
2054-12-29,28.9,20.501839442524503,25.668297872340432
2054-12-30,29.9,19.9,0.0
2054-12-31,26.2,20.1,1.1
2055-01-01,28.2,19.8,26.0
2055-01-02,29.2,19.8,5.8
2055-01-03,29.4,19.8,10.0
2055-01-04,30.2,19.8,11.51366171003717
2055-01-05,31.8,19.2,0.0
2055-01-06,31.782645080731964,17.7,0.0
2055-01-07,30.7,18.4,0.0
2055-01-08,29.7,19.2,0.0
2055-01-09,30.7,17.1,0.0
2055-01-10,32.0,16.3,0.0
2055-01-11,32.0020136066409,17.0,0.0
2055-01-12,32.0,19.0,0.0
2055-01-13,31.803008377404403,19.8,0.0
2055-01-14,31.8,19.6,0.0
2055-01-15,32.0,19.5,0.0
2055-01-16,29.7,19.8,20.7
2055-01-17,31.7,19.7,0.0
2055-01-18,30.3,19.7,0.0
2055-01-19,29.7,19.8,0.0
2055-01-20,30.2,19.6,0.8
2055-01-21,27.7,19.8,41.18420074349441
2055-01-22,26.0,19.8,38.47007434944237
2055-01-23,23.6,18.6,69.19649744423792
2055-01-24,21.829287912366237,16.4,0.0
2055-01-25,24.7,16.2,0.0
2055-01-26,25.9,17.1,0.0
2055-01-27,28.4,16.4,0.0
2055-01-28,29.8,15.9,0.0
2055-01-29,31.9,16.030949818032703,0.0
2055-01-30,32.6,17.0,0.0
2055-01-31,32.6,18.8,0.0
2055-02-01,29.7,19.156541730741274,0.0
2055-02-02,31.4,18.2,0.0
2055-02-03,35.79326171875,19.044059250442245,0.0
2055-02-04,32.9,18.9,0.0
2055-02-05,31.05224262443732,19.0,0.0
2055-02-06,32.34045273486836,16.7,0.0
2055-02-07,30.5,19.9,0.0
2055-02-08,34.33333182755868,18.9,0.0
2055-02-09,29.2,18.353569590800255,5.345080091533182
2055-02-10,30.1,19.1,0.0
2055-02-11,31.4,17.6,0.0
2055-02-12,33.266916411402704,17.4,0.0
2055-02-13,32.43581851743903,19.5,0.0
2055-02-14,31.4,21.38251953125,0.0
2055-02-15,30.0,19.0,0.0
2055-02-16,33.25591177525732,17.0,0.0
2055-02-17,35.99345703125,16.0,0.0
2055-02-18,35.46309622239368,18.0,0.0
2055-02-19,34.724705410404376,20.286903007912606,0.0
2055-02-20,29.6,19.5,10.4
2055-02-21,31.7,18.7,22.4
2055-02-22,26.7,19.1,0.0
2055-02-23,27.0,17.9,0.0
2055-02-24,28.6,17.9,0.0
2055-02-25,29.781725768321515,19.73780142793014,0.0
2055-02-26,30.5,18.3,0.0
2055-02-27,32.996263231533746,19.0,0.0
2055-02-28,32.9,20.471092528717307,3.6
2055-03-01,35.3833984375,19.9,9.0
2055-03-02,32.7,19.6,38.12307692307692
2055-03-03,31.10519480519481,20.997811037067397,10.040000000000001
2055-03-04,28.8,20.074788697912798,10.21428571428571
2055-03-05,32.05912408759124,19.9,37.39333333333334
2055-03-06,30.0,19.6,21.750000000000004
2055-03-07,30.7,19.9,19.3
2055-03-08,30.9,19.91584734008714,1.2
2055-03-09,32.5,19.25242195909579,3.9
2055-03-10,29.0,19.9,15.9
2055-03-11,29.0,19.9,34.29999999999995
2055-03-12,26.9,19.9,19.06666666666667
2055-03-13,26.766666666666666,19.9,38.36923076923076
2055-03-14,27.1,19.9,4.3
2055-03-15,25.0,19.0,5.425
2055-03-16,24.0,17.4,0.0
2055-03-17,25.0,17.4,0.0
2055-03-18,27.6,17.0,0.0
2055-03-19,30.0,19.847958422210034,0.0
2055-03-20,30.7,18.7,0.0
2055-03-21,30.7,18.9,0.0
2055-03-22,29.3,19.9,1.3
2055-03-23,30.0,19.0,0.0
2055-03-24,30.9,19.3,1.4
2055-03-25,31.3,19.4,4.5
2055-03-26,28.3,20.268623712132854,5.9
2055-03-27,28.9,18.9,3.9
2055-03-28,30.0,17.0,0.0
2055-03-29,30.98622516556291,17.0,0.0
2055-03-30,31.9,17.6,0.0
2055-03-31,32.7,19.9,0.0
2055-04-01,31.23318385650224,18.9,0.0
2055-04-02,31.23609865470852,18.6,0.0
2055-04-03,31.4,18.7,0.0
2055-04-04,31.77526427061311,17.3,0.0
2055-04-05,29.5,17.5,0.0
2055-04-06,27.3,13.6,0.0
2055-04-07,27.2,12.6,0.0
2055-04-08,28.6,11.0,0.0
2055-04-09,30.4,11.3,0.0
2055-04-10,29.1,13.2,0.0
2055-04-11,28.9,14.4,0.0
2055-04-12,30.3,12.9,0.0
2055-04-13,30.53513513513514,13.2,0.0
2055-04-14,29.9,17.4,0.0
2055-04-15,28.4,16.7,0.0
2055-04-16,27.1,16.9,0.0
2055-04-17,25.629714285714286,18.6,0.0
2055-04-18,27.0,15.7,0.0
2055-04-19,27.6,12.3,0.0
2055-04-20,28.5,11.5,0.0
2055-04-21,29.4,12.0,0.0
2055-04-22,29.0,14.4,0.0
2055-04-23,29.0,13.9,0.0
2055-04-24,29.8,14.2,0.0
2055-04-25,31.095652173913045,15.2,0.0
2055-04-26,31.837888198757767,16.6,0.0
2055-04-27,31.4,16.6,0.0
2055-04-28,29.0,16.6,0.0
2055-04-29,28.4,15.2,0.0
2055-04-30,28.9,14.5,0.0
2055-05-01,28.9,15.2,0.0
2055-05-02,28.9,15.473992094146553,0.0
2055-05-03,23.9,15.2,0.3
2055-05-04,27.0,15.2,0.0
2055-05-05,25.1,17.5,0.0
2055-05-06,28.9,17.5,0.0
2055-05-07,28.7,15.9,0.0
2055-05-08,28.1,14.854272145887403,0.0
2055-05-09,27.2,14.897967453935268,0.0
2055-05-10,27.0,13.9,0.0
2055-05-11,27.4,12.5,0.0
2055-05-12,27.6,11.9,0.0
2055-05-13,27.6,10.6,0.0
2055-05-14,27.919555077143873,9.5,0.0
2055-05-15,29.2,10.9,0.0
2055-05-16,28.701503284956004,12.3,0.0
2055-05-17,28.4,13.0,0.0
2055-05-18,24.6,16.2,0.0
2055-05-19,27.0,15.9,0.0
2055-05-20,28.2,14.5,0.0
2055-05-21,28.4,14.0,0.0
2055-05-22,27.6,12.5,0.0
2055-05-23,26.0,13.0,0.0
2055-05-24,26.4,12.4,0.0
2055-05-25,23.9,14.4,0.0
2055-05-26,26.4,16.410334819289982,0.0
2055-05-27,27.6,14.885318812131944,0.0
2055-05-28,27.6,12.2,0.0
2055-05-29,26.5,12.5,0.0
2055-05-30,25.0,11.3,0.0
2055-05-31,24.6,10.0,0.0
2055-06-01,25.7,17.34127446337517,0.0
2055-06-02,26.9,17.497730371479893,0.0
2055-06-03,28.0,14.0,0.0
2055-06-04,29.503951990551922,12.2,0.0
2055-06-05,29.6,10.6,0.0
2055-06-06,24.882711345939935,14.219907607091784,0.0
2055-06-07,22.596930676269302,11.3,0.0
2055-06-08,20.9,11.154659298862537,0.0
2055-06-09,23.9,11.1,0.0
2055-06-10,24.2,10.00110729092932,0.0
2055-06-11,23.4,9.2,0.0
2055-06-12,24.6,7.0,0.0
2055-06-13,25.9,9.4,0.0
2055-06-14,27.4,10.5,0.0
2055-06-15,28.2,11.9,0.0
2055-06-16,27.4,12.7,0.0
2055-06-17,27.9,12.1,0.0
2055-06-18,28.2,13.0,0.0
2055-06-19,29.117512120385342,12.50991550065375,0.0
2055-06-20,28.0,14.0,0.0
2055-06-21,28.6,13.075652133042977,0.0
2055-06-22,27.9,14.0,0.0
2055-06-23,26.3,12.9,0.0
2055-06-24,26.6,12.370890733293404,0.0
2055-06-25,25.8,13.0,0.0
2055-06-26,24.1,12.3,0.0
2055-06-27,25.5,11.6,0.0
2055-06-28,26.660432716736015,9.4,0.0
2055-06-29,28.0,10.8,0.0
2055-06-30,27.6,12.9,0.0
2055-07-01,26.543472773839124,11.7,0.0
2055-07-02,26.8,11.5,0.0
2055-07-03,28.28442411194832,12.2,0.0
2055-07-04,28.8,13.4,0.0
2055-07-05,28.3,14.6,0.0
2055-07-06,26.6,15.0,0.0
2055-07-07,26.7,11.9,0.0
2055-07-08,28.2,11.5,0.0
2055-07-09,30.656756704431913,11.9,0.0
2055-07-10,30.692154995056683,13.0,0.0
2055-07-11,31.118257762366138,15.1,0.0
2055-07-12,30.7,15.445102260495148,0.0
2055-07-13,26.1,15.577635334560217,0.0
2055-07-14,26.4,13.4,0.0
2055-07-15,27.0,9.6,0.0
2055-07-16,28.0,7.1,0.0
2055-07-17,28.39513093385853,8.3,0.0
2055-07-18,29.0,8.9,0.0
2055-07-19,29.2,9.960822764075436,0.0
2055-07-20,29.0,12.4,0.0
2055-07-21,29.0,12.197946062316355,0.0
2055-07-22,29.2,9.9,0.0
2055-07-23,30.7,9.5,0.0
2055-07-24,31.175894775580417,9.0,0.0
2055-07-25,30.93330816316688,10.0,0.0
2055-07-26,30.646760137637987,10.4,0.0
2055-07-27,29.0,15.3,0.0
2055-07-28,29.0,13.5,0.0
2055-07-29,30.659405048619863,11.0,0.0
2055-07-30,30.66544774944306,12.70479009687836,0.0
2055-07-31,29.340150699677057,13.6,0.0
2055-08-01,27.1,13.6,0.0
2055-08-02,25.2,13.4,0.0
2055-08-03,25.20829348887276,12.2,0.0
2055-08-04,25.1,11.9,0.0
2055-08-05,25.3,11.4,0.0
2055-08-06,25.9,11.9,0.0
2055-08-07,26.0,11.9,0.0
2055-08-08,26.4,12.2,0.0
2055-08-09,26.7,12.9,0.0
2055-08-10,25.9,13.6,0.0
2055-08-11,25.3,13.2,0.0
2055-08-12,24.4,12.7,0.0
2055-08-13,24.6,15.8,0.0
2055-08-14,25.0,15.6,0.0
2055-08-15,25.2,12.9,0.0
2055-08-16,24.3,14.6,0.0
2055-08-17,24.7,14.3,0.0
2055-08-18,25.2,12.2,0.0
2055-08-19,25.7,11.9,0.0
2055-08-20,29.4,11.8,0.0
2055-08-21,36.50711320180999,13.2,0.0
2055-08-22,32.49615885785506,16.3,0.0
2055-08-23,33.189129513040285,14.2,0.0
2055-08-24,33.454800110145925,18.875953221969706,0.0
2055-08-25,34.44193765099092,25.68798828125,0.0
2055-08-26,28.9,17.4,0.0
2055-08-27,27.1,15.5,0.0
2055-08-28,30.9,15.7,0.0
2055-08-29,32.9,18.815377692726784,0.0
2055-08-30,34.525039153871745,18.841918271339136,0.0
2055-08-31,37.670654296875,19.081858685318444,0.0
2055-09-01,36.10344461682571,19.0,0.0
2055-09-02,36.09590135656159,19.380356441798085,0.0
2055-09-03,34.6,20.0,0.0
2055-09-04,33.2,19.3,0.0
2055-09-05,35.30112016354509,18.9,0.0
2055-09-06,31.3,17.8,0.0
2055-09-07,30.0,14.4,0.0
2055-09-08,30.7,17.5,0.0
2055-09-09,31.6,16.9,0.0
2055-09-10,31.7,17.0,0.0
2055-09-11,29.2,17.3,0.0
2055-09-12,28.0,14.761857534665317,0.0
2055-09-13,30.2,14.2,0.0
2055-09-14,31.0,16.9,0.0
2055-09-15,32.4,17.0,0.0
2055-09-16,33.1,17.7,0.0
2055-09-17,33.1,18.0,0.0
2055-09-18,33.0,18.5,0.0
2055-09-19,33.8,18.7,0.0
2055-09-20,35.2809167396398,19.5,0.0
2055-09-21,38.80607601519727,20.118487778443292,0.0
2055-09-22,40.015380859375,20.5,0.0
2055-09-23,33.818438301510405,21.238752785678823,0.0
2055-09-24,31.5,19.123257072422813,0.0
2055-09-25,30.0,16.9,0.0
2055-09-26,31.5,17.4,0.0
2055-09-27,33.0,17.8,0.0
2055-09-28,33.8,18.1,0.0
2055-09-29,34.0,18.237101395692758,0.0
2055-09-30,33.6,18.1,0.0
2055-10-01,32.3,19.0,0.0
2055-10-02,29.9,17.2,0.0
2055-10-03,29.0,14.030242407434391,0.0
2055-10-04,30.9,14.771065662002153,0.0
2055-10-05,32.8,17.4,0.0
2055-10-06,35.4,19.891852566719862,0.0
2055-10-07,36.71991627795717,21.0,0.0
2055-10-08,36.3,21.70006354234338,0.0
2055-10-09,36.9,21.7,0.0
2055-10-10,35.6,22.0,0.0
2055-10-11,33.2,20.5,0.0
2055-10-12,33.9,19.6,0.0
2055-10-13,36.0,19.107468887504,0.0
2055-10-14,35.6,21.3,0.0
2055-10-15,36.0,20.9,0.0
2055-10-16,38.494482421875,22.0,0.0
2055-10-17,38.773046875,25.82685546875,0.0
2055-10-18,39.066259765625,23.80341796875,0.0
2055-10-19,38.6626953125,23.752732868623735,0.0
2055-10-20,35.4218563460221,22.6,0.0
2055-10-21,33.1,21.29109795479008,0.0
2055-10-22,34.0,19.6,0.0
2055-10-23,35.984671523745796,20.9,0.0
2055-10-24,37.2,21.303457202250463,0.0
2055-10-25,35.2,20.3,0.0
2055-10-26,29.1,19.2,57.348275862069116
2055-10-27,29.7,19.5,0.0
2055-10-28,29.219084250045945,19.6,0.0
2055-10-29,26.6,18.7,0.0
2055-10-30,28.49457967290531,19.2,0.0
2055-10-31,27.7,18.2,7.697280000000004
2055-11-01,30.4,21.0,0.0
2055-11-02,33.4,21.2,0.0
2055-11-03,34.9675377284877,21.3,0.0
2055-11-04,35.2,20.7,0.0
2055-11-05,36.0,21.519430460502782,0.0
2055-11-06,36.0,21.81828600862791,0.0
2055-11-07,35.7,23.37795013992492,0.0
2055-11-08,35.7,23.15360786058584,0.0
2055-11-09,35.3,23.372786285113463,0.0
2055-11-10,34.8,23.233697817908492,0.0
2055-11-11,33.2,21.571905863944217,34.114285714285714
2055-11-12,32.5,21.5,0.0
2055-11-13,32.7,19.9,0.0
2055-11-14,32.7,18.9,0.0
2055-11-15,34.4,17.9,0.0
2055-11-16,35.7,19.2,0.0
2055-11-17,36.36499175328909,21.3,0.0
2055-11-18,34.0,21.5,0.0
2055-11-19,34.9,21.2,0.0
2055-11-20,34.6,21.1,0.0
2055-11-21,34.2,21.0,16.799999999999994
2055-11-22,31.0,21.2,0.0
2055-11-23,32.8,21.1,34.487878787878785
2055-11-24,33.9,21.3,10.533333333333333
2055-11-25,32.8,21.3,33.57142857142857
2055-11-26,29.9,21.3,1.9888888888888885
2055-11-27,27.473160142093363,21.24123817383712,1.6
2055-11-28,32.8,21.0,15.649999999999999
2055-11-29,32.7,20.3,1.6
2055-11-30,26.535169681712624,20.4,0.0
2055-12-01,26.2,18.8,0.0
2055-12-02,30.1,17.5,0.0
2055-12-03,30.9,17.0,0.0
2055-12-04,31.0,17.7,0.0
2055-12-05,30.772982215789973,17.0,0.0
2055-12-06,31.2,19.4,0.0
2055-12-07,32.1,18.4,0.0
2055-12-08,32.687954000743794,17.5,0.0
2055-12-09,33.27908627058605,19.9,0.0
2055-12-10,32.488222982985576,22.071680715662197,0.0
2055-12-11,31.0,20.270251656068123,0.0
2055-12-12,33.24842438403834,19.0,2.8
2055-12-13,31.7,20.03005606661956,2.6319148936170227
2055-12-14,30.4,20.3577061877858,4.4
2055-12-15,29.0,20.255743677977073,20.40368794326242
2055-12-16,31.327534475305754,20.3,15.056557059961325
2055-12-17,30.1,20.3740498951537,0.7
2055-12-18,31.2,20.319430279562923,1.0
2055-12-19,32.011159039367925,21.05056712839989,0.0
2055-12-20,31.6,18.6,0.0
2055-12-21,31.952664155005372,17.6,0.0
2055-12-22,32.4,18.7,0.0
2055-12-23,33.1,17.5,0.0
2055-12-24,33.1,19.9,0.0
2055-12-25,33.41671637827609,19.2,0.0
2055-12-26,33.7,17.1,0.0
2055-12-27,29.2,19.9,0.0
2055-12-28,30.1,17.1,0.0
2055-12-29,32.0,16.0,0.0
2055-12-30,32.9,16.4,0.0
2055-12-31,32.4,17.5,0.0
2056-01-01,32.0,18.5,0.0
2056-01-02,32.0,17.4,0.0
2056-01-03,32.67270113040978,16.3,0.0
2056-01-04,38.24970703125,19.8,0.0
2056-01-05,40.20625,19.6,0.0
2056-01-06,38.15595703125,21.481854248046876,0.0
2056-01-07,32.66685848365531,19.8,0.0
2056-01-08,38.551708984375,19.8,0.0
2056-01-09,39.546337890625,20.847729492187504,0.0
2056-01-10,32.878055796664974,19.9,1.0131970260223042
2056-01-11,26.1,19.8,18.530706319702592
2056-01-12,29.9,19.9,11.0
2056-01-13,30.1,19.79452097545123,12.928438661710025
2056-01-14,30.9,19.804413165856907,38.319795539033436
2056-01-15,31.0,19.8,35.48632796365134
2056-01-16,29.1,19.8,38.47007434944237
2056-01-17,26.850342054461827,19.7,0.0
2056-01-18,28.5,19.7,3.4
2056-01-19,25.439333136042713,19.0,0.0
2056-01-20,27.0,19.4,0.0
2056-01-21,29.9,18.1,0.0
2056-01-22,30.0,18.0,0.0
2056-01-23,29.7,18.6,0.0
2056-01-24,30.0,17.9,0.0
2056-01-25,31.786356942949404,16.5,0.0
2056-01-26,31.9,16.8,0.0
2056-01-27,32.68754720003178,17.5,0.0
2056-01-28,32.07953239313277,17.9,0.0
2056-01-29,37.419873046875,19.8,11.0
2056-01-30,31.2,19.87037433895756,15.739405204460958
2056-01-31,31.889678268149737,19.8,7.6861833952911995
2056-02-01,32.355552317108696,19.827834759574127,0.8
2056-02-02,32.0,20.389041127233817,8.705491990846683
2056-02-03,27.2,20.007903847160495,26.8
2056-02-04,26.5,19.90846394069404,26.0
2056-02-05,25.1546642776347,19.9,8.4
2056-02-06,26.8,19.809688400701155,0.0
2056-02-07,28.3,19.958141031898624,7.552860411899313
2056-02-08,28.5,19.85256223056599,37.67299771167052
2056-02-09,27.6,19.863868199069973,12.4
2056-02-10,29.191103330640097,19.967196707001513,15.6
2056-02-11,33.208789358942504,19.9,0.0
2056-02-12,32.76894299432136,19.1,2.6
2056-02-13,29.8,19.98059216250514,16.373455377574373
2056-02-14,27.7,20.0259467668135,29.2
2056-02-15,24.7,19.2,1.0
2056-02-16,28.5,19.477897413397972,0.0
2056-02-17,30.7,19.787214017745203,0.0
2056-02-18,27.6,19.9,0.0
2056-02-19,29.5,16.4,0.0
2056-02-20,31.331342616617654,14.8,0.0
2056-02-21,31.79348327261848,15.7,0.0
2056-02-22,32.0,17.9,0.0
2056-02-23,32.35594967453608,17.84713265579683,0.0
2056-02-24,32.8,16.9,0.0
2056-02-25,32.41237442922374,17.1,0.0
2056-02-26,29.0,19.9,2.6
2056-02-27,30.1,19.84892073764292,0.0
2056-02-28,29.9,19.9,0.0
2056-02-29,32.25650377279057,18.8,0.0
2056-03-01,34.100422275006636,20.3,0.0
2056-03-02,33.7,19.9,0.0
2056-03-03,35.237890625,19.4,0.0
2056-03-04,31.8,20.3,6.82
2056-03-05,32.5,19.9,25.573333333333334
2056-03-06,30.4,20.3,22.4
2056-03-07,28.2,19.9,2.0
2056-03-08,30.0,19.9,3.9
2056-03-09,27.1,20.3,0.0
2056-03-10,29.7,20.578624173564926,0.0
2056-03-11,30.6,21.431311598347996,0.0
2056-03-12,29.9,19.6,0.0
2056-03-13,30.3,19.9,0.0
2056-03-14,30.9,17.5,0.0
2056-03-15,31.3,18.9,0.0
2056-03-16,31.3,19.6,0.0
2056-03-17,31.9,18.7,0.0
2056-03-18,32.99035369774919,18.0,0.0
2056-03-19,33.297560975609755,19.9,1.5
2056-03-20,33.007118644067795,19.4,0.5
2056-03-21,34.32528371602004,19.9,0.0
2056-03-22,33.519274376417236,18.3,0.0
2056-03-23,29.4,19.4,1.4
2056-03-24,26.5,19.3,0.0
2056-03-25,28.2,18.6,0.0
2056-03-26,27.6,19.481876380941568,1.5
2056-03-27,27.7,18.275651237890198,0.0
2056-03-28,27.9,19.62349112574161,0.0
2056-03-29,29.8,18.0,0.0
2056-03-30,31.3,19.9,0.0
2056-03-31,32.09416058394161,19.95038103393264,0.0
2056-04-01,31.1,19.132263561488216,0.0
2056-04-02,31.7,19.2,0.0
2056-04-03,32.16264367816092,17.9,0.0
2056-04-04,31.140095465393795,17.7,0.0
2056-04-05,28.6,18.2,0.0
2056-04-06,30.4,17.5,0.0
2056-04-07,31.132458233890215,16.4,0.0
2056-04-08,31.4,16.0,0.0
2056-04-09,32.13448275862069,16.9,0.0
2056-04-10,32.3,16.0,0.0
2056-04-11,31.8,17.2,0.0
2056-04-12,31.0,18.1,0.0
2056-04-13,31.36492537313433,18.3,0.0
2056-04-14,33.7911496350365,17.3,0.0
2056-04-15,34.004690686607745,17.5,0.0
2056-04-16,33.73111313868614,19.7,0.0
2056-04-17,33.62533333333333,19.0,0.0
2056-04-18,32.90803134182173,19.293194964273564,0.0
2056-04-19,29.1,19.240932289894516,0.0
2056-04-20,27.6,16.9,0.0
2056-04-21,27.6,14.470000000000002,0.0
2056-04-22,27.6,12.9,0.0
2056-04-23,27.604838709677416,12.7,0.0
2056-04-24,27.9,13.2,0.0
2056-04-25,27.8,13.6,0.0
2056-04-26,28.4,13.6,0.0
2056-04-27,28.0,12.6,0.0
2056-04-28,28.5,12.4,0.0
2056-04-29,28.125,17.0,0.0
2056-04-30,28.0,16.6,0.0
2056-05-01,29.3,16.5,0.0
2056-05-02,30.7,14.7,0.0
2056-05-03,30.809472985757264,14.2,0.0
2056-05-04,30.4,13.6,0.0
2056-05-05,30.597062633412985,14.391186759956929,0.0
2056-05-06,26.0,15.9,0.0
2056-05-07,29.4,16.9,0.0
2056-05-08,31.0,17.5,0.0
2056-05-09,29.1,17.9,0.0
2056-05-10,27.0,14.9,0.0
2056-05-11,27.2,12.4,0.0
2056-05-12,28.6,10.9,0.0
2056-05-13,28.89953973497642,10.9,0.0
2056-05-14,27.2,12.8,0.0
2056-05-15,26.5,11.9,0.0
2056-05-16,25.7,11.1,0.0
2056-05-17,26.5,10.0,0.0
2056-05-18,26.679796714252934,13.0,0.0
2056-05-19,27.6,13.6,0.0
2056-05-20,27.2,12.82834589163974,0.0
2056-05-21,29.051935885360596,12.0,0.0
2056-05-22,30.427652243731128,13.0,0.0
2056-05-23,32.61206157812028,13.6,0.0
2056-05-24,32.7,15.2,0.0
2056-05-25,30.1,15.618606796862975,0.0
2056-05-26,29.3,14.0,0.0
2056-05-27,29.2,11.2,0.0
2056-05-28,28.1,9.6,0.0
2056-05-29,26.8,9.5,0.0
2056-05-30,28.0,8.7,0.0
2056-05-31,25.7,16.542761659198426,0.0
2056-06-01,28.0,17.566157556801315,0.0
2056-06-02,28.4,16.602740673577575,0.0
2056-06-03,28.498000688595795,16.4,0.0
2056-06-04,28.6,16.131827497612896,0.0
2056-06-05,28.6,16.718019341218152,0.0
2056-06-06,28.9,15.877112867725387,0.0
2056-06-07,29.605732724147153,13.2,0.0
2056-06-08,30.0,12.3,0.0
2056-06-09,27.6,15.381128113806373,0.0
2056-06-10,25.4,13.2,0.0
2056-06-11,26.49902282423509,12.3,0.0
2056-06-12,28.0,12.38284729730781,0.0
2056-06-13,28.795211945532216,12.7,0.0
2056-06-14,29.5,14.2,0.0
2056-06-15,28.5,14.24883260311912,0.0
2056-06-16,27.9,13.2,0.0
2056-06-17,27.0,13.457808676307017,0.0
2056-06-18,26.7,13.6,0.0
2056-06-19,25.6,15.9,0.0
2056-06-20,20.218387096774194,13.4,0.0
2056-06-21,26.2,13.5,0.0
2056-06-22,27.22543566926214,11.2,0.0
2056-06-23,25.7,12.0,0.0
2056-06-24,17.58098510248008,13.0,0.0
2056-06-25,22.5,10.0,0.0
2056-06-26,22.1,6.9,0.0
2056-06-27,22.0,9.9,0.0
2056-06-28,23.5,13.0,0.0
2056-06-29,22.0,11.4,0.0
2056-06-30,25.2,7.372638303517672,0.0
2056-07-01,26.2,11.4,0.0
2056-07-02,28.8,13.8,0.0
2056-07-03,29.2,15.00770342640054,0.0
2056-07-04,29.26329386437028,15.2,0.0
2056-07-05,30.083410683089497,15.2,0.0
2056-07-06,30.30898815931107,15.2,0.0
2056-07-07,29.2,15.3,0.0
2056-07-08,28.376791732670224,14.6,0.0
2056-07-09,28.330318247765234,14.4,0.0
2056-07-10,27.6,14.3,0.0
2056-07-11,26.8,12.5,0.0
2056-07-12,28.2,10.3,0.0
2056-07-13,29.0,10.4,0.0
2056-07-14,28.822824376914784,11.204974834899486,0.0
2056-07-15,26.6,15.157601892416258,0.0
2056-07-16,20.3,11.4,0.0
2056-07-17,23.6,9.6,0.0
2056-07-18,23.7,10.5,0.0
2056-07-19,23.9,10.5,0.0
2056-07-20,23.6,10.0,0.0
2056-07-21,25.2,8.722727614088667,0.0
2056-07-22,25.9,10.2,0.0
2056-07-23,26.3,10.5,0.0
2056-07-24,26.4,11.0,0.0
2056-07-25,26.6,12.0,0.0
2056-07-26,26.7,13.1,0.0
2056-07-27,24.8,15.0,0.0
2056-07-28,25.7,15.3,0.0
2056-07-29,25.0,14.2,0.0
2056-07-30,26.8,12.1,0.0
2056-07-31,28.1,11.2,0.0
2056-08-01,26.7,13.0,0.0
2056-08-02,27.2,13.0,0.0
2056-08-03,27.4,13.0,0.0
2056-08-04,27.6,13.0,0.0
2056-08-05,29.0,11.7,0.0
2056-08-06,30.5,10.4,0.0
2056-08-07,26.6,15.4,0.0
2056-08-08,27.0,13.1,0.0
2056-08-09,28.6,14.0,0.0
2056-08-10,31.0,14.798694171416464,0.0
2056-08-11,31.2,15.6,0.0
2056-08-12,30.2,15.8,0.0
2056-08-13,29.471697677994772,14.9,0.0
2056-08-14,28.7,13.9,0.0
2056-08-15,28.5,13.3,0.0
2056-08-16,28.6,13.0,0.0
2056-08-17,30.2,13.8,0.0
2056-08-18,31.956666154082733,14.5,0.0
2056-08-19,31.2,16.4,0.0
2056-08-20,27.6,17.0,0.0
2056-08-21,26.6,15.4,0.0
2056-08-22,25.9,13.5,0.0
2056-08-23,24.508411502383517,12.78656004920806,0.0
2056-08-24,26.3,10.5,0.0
2056-08-25,29.8,9.9,0.0
2056-08-26,31.1,12.3,0.0
2056-08-27,30.0,15.5,0.0
2056-08-28,30.0,14.2,0.0
2056-08-29,30.0,14.022963760315747,0.0
2056-08-30,29.3,14.5,0.0
2056-08-31,30.2,15.2,0.0
2056-09-01,30.9,15.7,0.0
2056-09-02,30.7,17.3,0.0
2056-09-03,30.0,16.5,0.0
2056-09-04,29.9,15.2,0.0
2056-09-05,31.4,15.2,0.0
2056-09-06,31.7,16.3,0.0
2056-09-07,31.1,17.0,0.0
2056-09-08,31.6,16.3,0.0
2056-09-09,32.7,16.0,0.0
2056-09-10,33.2,17.0,0.0
2056-09-11,33.4,17.9,0.0
2056-09-12,34.01595608023252,17.7,0.0
2056-09-13,35.63682969700882,18.2,0.0
2056-09-14,39.1669921875,19.0,0.0
2056-09-15,32.2,18.9,0.0
2056-09-16,31.0,17.9,0.0
2056-09-17,32.9,18.1,0.0
2056-09-18,34.0,19.2,0.0
2056-09-19,35.1,19.6,0.0
2056-09-20,35.2,19.688027765796722,0.0
2056-09-21,33.4,19.6,0.0
2056-09-22,30.0,17.8,0.0
2056-09-23,30.9,17.0,0.0
2056-09-24,31.6,15.0,0.0
2056-09-25,32.4,14.5,0.0
2056-09-26,32.1,16.8,0.0
2056-09-27,29.6,16.7,0.0
2056-09-28,29.5,15.9,0.0
2056-09-29,30.3,14.9,0.0
2056-09-30,31.5,14.2,0.0
2056-10-01,32.2,15.7,0.0
2056-10-02,29.9,17.1,0.0
2056-10-03,29.8,15.0,0.0
2056-10-04,30.7,14.5,0.0
2056-10-05,32.9,16.0,0.0
2056-10-06,34.5,17.9,0.0
2056-10-07,33.9,20.0,0.0
2056-10-08,32.6,19.0,0.0
2056-10-09,31.0,16.5,0.0
2056-10-10,32.0,15.1,0.0
2056-10-11,33.1,15.9,0.0
2056-10-12,34.1,16.938333692142084,0.0
2056-10-13,33.74513901651395,17.4,0.0
2056-10-14,34.6,17.0,0.0
2056-10-15,35.6,18.0,0.0
2056-10-16,36.0,19.4,0.0
2056-10-17,38.0,19.2,0.0
2056-10-18,35.2,21.8,0.0
2056-10-19,33.2,19.5,0.0
2056-10-20,32.8,19.9,0.0
2056-10-21,32.255731969860065,19.0,0.0
2056-10-22,34.2,17.6,0.0
2056-10-23,36.5,17.2,0.0
2056-10-24,35.73263493772104,20.7,0.0
2056-10-25,36.0,20.4,0.0
2056-10-26,35.9,21.3733573604459,0.0
2056-10-27,36.0,21.767260655021357,0.0
2056-10-28,37.2,22.0,0.0
2056-10-29,37.59390194366024,22.0,0.0
2056-10-30,36.6,22.10635305923774,0.0
2056-10-31,38.0,21.753169329311824,0.0
2056-11-01,39.894775390625,22.3,0.0
2056-11-02,37.85425702888265,23.660407522158074,0.0
2056-11-03,36.62485267318297,23.362781316416257,0.0
2056-11-04,35.0,22.10111039556623,0.0
2056-11-05,34.5,21.3,0.0
2056-11-06,36.20612585412363,23.258497483326984,0.0
2056-11-07,35.7,23.225795113311406,0.0
2056-11-08,32.8,21.5,0.0
2056-11-09,33.5,21.530635172981377,4.400000000000001
2056-11-10,28.4,20.7,0.0
2056-11-11,31.5,20.55400444938821,0.0
2056-11-12,34.154312002298354,21.3,0.0
2056-11-13,34.0,21.2,0.9
2056-11-14,35.4,19.9,0.0
2056-11-15,32.6,21.5,0.0
2056-11-16,35.6,21.2,1.2
2056-11-17,34.4,20.3,2.1750000000000003
2056-11-18,34.7,20.7,0.0
2056-11-19,35.2,20.1,0.0
2056-11-20,35.675175613695586,22.352836387537234,0.0
2056-11-21,34.4,21.5,0.0
2056-11-22,34.0,21.0,1.0
2056-11-23,34.4,21.3,0.0
2056-11-24,34.4,21.5105133768219,0.0
2056-11-25,33.96202408133793,20.4,0.0
2056-11-26,32.6,20.5,0.0
2056-11-27,33.9,20.7,0.1
2056-11-28,33.5,19.7,1.0
2056-11-29,29.6,20.917054036648906,5.8
2056-11-30,33.3,21.0,0.9
2056-12-01,32.1,19.9,0.0
2056-12-02,31.1,20.1,0.0
2056-12-03,29.6,19.9,0.0
2056-12-04,28.3,17.6,0.0
2056-12-05,30.7,16.5,0.0
2056-12-06,32.1,17.3,0.0
2056-12-07,32.1,19.6,0.5
2056-12-08,30.4,19.907426118015454,0.0
2056-12-09,30.7,19.5,0.0
2056-12-10,31.2,17.4,0.0
2056-12-11,32.1,19.2,0.0
2056-12-12,32.16244984384931,19.0,0.0
2056-12-13,33.1,16.6,0.0
2056-12-14,33.7,16.5,0.0
2056-12-15,34.119961486658255,17.0,0.0
2056-12-16,33.7,23.588134765625,0.0
2056-12-17,33.73174989469738,20.1,0.0
2056-12-18,31.7,19.9,0.0
2056-12-19,32.1,20.3,0.0
2056-12-20,32.818784333102045,20.6083187803833,0.0
2056-12-21,33.1,20.69944606176226,0.0
2056-12-22,33.7,21.0,0.0
2056-12-23,32.27428716851743,20.703101405301727,0.0
2056-12-24,32.0,20.3,0.0
2056-12-25,29.9522293354484,20.3,2.0
2056-12-26,32.0,20.284759634159176,4.5
2056-12-27,31.5,20.154547641819025,0.4
2056-12-28,31.2,20.3,0.2
2056-12-29,29.7,19.7,10.6
2056-12-30,28.3,19.4,0.0
2056-12-31,29.5,19.9,1.2
2057-01-01,27.0,19.572802126726483,0.7053903345724907
2057-01-02,27.984926956789174,19.465225280639753,25.06780669144982
2057-01-03,26.6,19.2,3.7
2057-01-04,27.8,17.9,22.323234200743492
2057-01-05,30.2,16.9,0.0
2057-01-06,30.9,16.5,0.0
2057-01-07,31.880727983096122,16.0,0.0
2057-01-08,31.6,19.8,5.8
2057-01-09,29.1,19.6,23.0
2057-01-10,29.6,18.6,11.213104089219327
2057-01-11,29.2,19.6,1.7206319702602224
2057-01-12,28.7,19.5,9.0
2057-01-13,31.8,17.1,0.0
2057-01-14,31.9,17.0,0.0
2057-01-15,32.02420139514038,19.6,0.0
2057-01-16,32.0,19.8,0.0
2057-01-17,31.495845715668953,19.970248251915628,0.0
2057-01-18,31.9,19.9,0.0
2057-01-19,30.4,19.8,16.4
2057-01-20,30.4,19.7,1.3
2057-01-21,32.0,19.7,1.9
2057-01-22,30.9,19.6,6.0
2057-01-23,31.6,19.7,1.6
2057-01-24,29.0,19.6,10.0
2057-01-25,27.2,19.7,17.373605947955387
2057-01-26,25.6,19.6,18.61085501858735
2057-01-27,29.0,19.2,2.0234200743494415
2057-01-28,26.3,18.4,7.302973977695163
2057-01-29,28.3,19.6,13.926468401486982
2057-01-30,28.2,19.0,0.0
2057-01-31,30.9,17.7,0.0
2057-02-01,30.9,19.0,0.0
2057-02-02,32.4310502283105,19.774346560146075,1.6
2057-02-03,31.620364799869566,19.0,3.2
2057-02-04,26.2,19.9,16.52013729977118
2057-02-05,25.040770828855937,19.7,14.369565217391306
2057-02-06,26.0,19.79501600561074,0.0
2057-02-07,28.5,18.4,0.0
2057-02-08,30.4,18.2,0.0
2057-02-09,25.677986055001945,17.9,0.0
2057-02-10,25.3,19.0,18.28443935926774
2057-02-11,27.9,19.78597191022433,9.859725400457666
2057-02-12,29.86278812056772,19.9,10.4
2057-02-13,24.9,19.0,51.85825771324865
2057-02-14,25.2,17.7,0.0
2057-02-15,26.9,17.4,5.894279176201373
2057-02-16,29.0,19.1,1.9
2057-02-17,29.9,19.730853388985214,0.0
2057-02-18,29.7,19.476571621556417,13.315194508009165
2057-02-19,29.7,20.0259467668135,14.87025171624714
2057-02-20,29.1,19.5,15.6
2057-02-21,25.2,19.0,0.0
2057-02-22,26.1,18.7,0.0
2057-02-23,29.0,18.2,0.0
2057-02-24,32.0,16.9,0.0
2057-02-25,32.88186439021211,19.445677588411233,0.0
2057-02-26,33.23220948202115,18.6,0.0
2057-02-27,31.789404525162936,19.869451821552005,2.5
2057-02-28,31.7,19.886098646343157,3.5343249427917627
2057-03-01,30.0,19.0,8.1
2057-03-02,30.2,19.6,0.0
2057-03-03,24.0,19.4,28.32307692307692
2057-03-04,28.2,19.9,1.7
2057-03-05,30.9,19.3,0.0
2057-03-06,30.2,18.6,0.0
2057-03-07,29.7,19.9,0.0
2057-03-08,27.6,19.6,0.0
2057-03-09,28.9,19.805672700377073,0.0
2057-03-10,29.7,17.9,0.0
2057-03-11,29.921428571428574,17.9,0.0
2057-03-12,29.9,17.0,0.0
2057-03-13,31.8,16.0,0.0
2057-03-14,32.682758620689654,16.8,0.0
2057-03-15,32.9,18.1,0.0
2057-03-16,31.3,19.9,0.0
2057-03-17,30.7,17.1,0.0
2057-03-18,32.39627659574467,15.7,0.0
2057-03-19,32.0,18.9,0.0
2057-03-20,30.9,17.9,0.0
2057-03-21,28.9,19.462489377372375,0.8
2057-03-22,28.5,18.5,1.3
2057-03-23,30.7,17.9,2.4
2057-03-24,32.1,18.2,0.6
2057-03-25,31.3,19.4,3.9
2057-03-26,34.995458984375,17.7,0.0
2057-03-27,34.421984692531,19.809656137941044,0.5
2057-03-28,33.583333333333336,18.6,0.0
2057-03-29,32.9,19.4,0.4
2057-03-30,32.9,19.4,25.546666666666667
2057-03-31,29.0,18.7,11.320000000000004
2057-04-01,27.8,18.5,38.49230769230772
2057-04-02,30.2,18.6,18.66169154228857
2057-04-03,31.261434977578475,18.666666666666664,8.720558497833412
2057-04-04,31.4,19.2,22.45701492537312
2057-04-05,29.5,19.0,38.714810562571756
2057-04-06,29.9,18.5,3.856716417910447
2057-04-07,30.6,18.0,0.0
2057-04-08,29.7,18.5,0.0
2057-04-09,28.1,17.3,0.0
2057-04-10,27.0,16.0,0.0
2057-04-11,27.2,15.0,0.0
2057-04-12,28.4,13.24193548387097,0.0
2057-04-13,27.3,14.0,0.0
2057-04-14,25.58732394366197,14.10909090909091,0.0
2057-04-15,27.2,17.9,0.0
2057-04-16,27.7,18.9,0.0
2057-04-17,28.3,15.0,0.0
2057-04-18,28.7,13.0,0.0
2057-04-19,28.9,14.0,0.0
2057-04-20,28.7,17.16216216216216,0.0
2057-04-21,30.026086956521738,15.2,0.0
2057-04-22,30.6,15.2,0.0
2057-04-23,27.1,16.0,0.0
2057-04-24,21.23157894736842,16.3,0.0
2057-04-25,23.3,17.4,1.2
2057-04-26,26.2,17.657142857142855,1.4597014925373129
2057-04-27,29.4,17.6,0.0
2057-04-28,27.7,18.9,0.0
2057-04-29,27.2,16.0,0.0
2057-04-30,26.0,14.6,0.0
2057-05-01,21.6,15.5,1.2363636363636363
2057-05-02,25.2,13.0,0.0
2057-05-03,24.7,12.9,0.0
2057-05-04,26.2,10.9,0.0
2057-05-05,26.9,14.2,0.0
2057-05-06,26.4,14.459295334611028,0.0
2057-05-07,24.680828477042425,14.3,0.0
2057-05-08,23.5,16.3,0.0
2057-05-09,24.2,15.848112665949039,0.0
2057-05-10,25.3,16.2,0.0
2057-05-11,26.98800292462985,16.2,0.0
2057-05-12,27.9,13.5,0.0
2057-05-13,27.0,13.6,0.0
2057-05-14,25.7,11.4,0.0
2057-05-15,25.0,10.9,0.0
2057-05-16,26.979722566362693,11.5,0.0
2057-05-17,29.1,12.102834589163963,0.0
2057-05-18,30.2,13.8,0.0
2057-05-19,30.7,14.7,0.0
2057-05-20,31.9,14.9,0.0
2057-05-21,32.70396825794175,14.8,0.0
2057-05-22,32.7,15.0,0.0
2057-05-23,31.0,15.9,0.0
2057-05-24,31.0,14.9,0.0
2057-05-25,30.4,14.6,0.0
2057-05-26,29.3,15.3,0.0
2057-05-27,29.8,15.0,0.0
2057-05-28,25.9,17.2,0.0
2057-05-29,24.4,10.0,0.0
2057-05-30,24.0,9.9,0.0
2057-05-31,24.9,12.0,0.0
2057-06-01,24.4,10.9,0.0
2057-06-02,24.8,10.7,0.0
2057-06-03,25.7,13.4,0.0
2057-06-04,25.6,11.9,0.0
2057-06-05,25.51692992213571,12.251836067853175,0.0
2057-06-06,26.6,13.0,0.0
2057-06-07,27.603492769744165,13.0,0.0
2057-06-08,28.0,14.0,0.0
2057-06-09,28.4,15.17041156840936,0.0
2057-06-10,27.0,14.7,0.0
2057-06-11,26.7,13.0,0.0
2057-06-12,26.084133886136108,12.763704770005898,0.0
2057-06-13,26.6,12.2,0.0
2057-06-14,26.288971753126372,11.8,0.0
2057-06-15,27.629157397107903,12.0,0.0
2057-06-16,29.62038720708962,12.2,0.0
2057-06-17,31.900732421875,14.2,0.0
2057-06-18,32.4185546875,15.345341424136274,0.0
2057-06-19,31.197630115332814,16.055695315345478,0.0
2057-06-20,30.0,14.67642514671474,0.0
2057-06-21,28.2,13.2,0.0
2057-06-22,27.9,11.806649457836958,0.0
2057-06-23,27.9,12.1,0.0
2057-06-24,28.0,13.3,0.0
2057-06-25,28.2,14.2,0.0
2057-06-26,27.9,14.0,0.0
2057-06-27,27.48980348535409,12.3,0.0
2057-06-28,27.9,12.5,0.0
2057-06-29,27.882881739444592,13.5,0.0
2057-06-30,27.0,13.2,0.0
2057-07-01,25.9,12.8,0.0
2057-07-02,20.7,12.4,0.0
2057-07-03,24.8,10.4,0.0
2057-07-04,25.2,10.6,0.0
2057-07-05,26.0,11.1,0.0
2057-07-06,28.8,12.1,0.0
2057-07-07,29.2,12.857158234660927,0.0
2057-07-08,28.376587963768138,15.46117176687681,0.0
2057-07-09,24.6,15.2,0.0
2057-07-10,25.1,14.0,0.0
2057-07-11,23.6,10.0,0.0
2057-07-12,25.7,8.3,0.0
2057-07-13,27.0,11.5,0.0
2057-07-14,27.2,15.991135215699261,0.0
2057-07-15,26.0,15.511688153854543,0.0
2057-07-16,26.7,14.2,0.0
2057-07-17,27.6,14.2,0.0
2057-07-18,26.9185706931249,15.0,0.0
2057-07-19,26.0,14.2,0.0
2057-07-20,20.0,11.2,0.0
2057-07-21,23.5,10.2,0.0
2057-07-22,24.5,11.1,0.0
2057-07-23,19.2,9.8,0.0
2057-07-24,26.0,8.4,0.0
2057-07-25,27.18457034839454,11.2,0.0
2057-07-26,28.41082113931963,11.9,0.0
2057-07-27,27.6,11.5,0.0
2057-07-28,26.0,12.4,0.0
2057-07-29,23.8,12.9,0.0
2057-07-30,24.6,11.0,0.0
2057-07-31,23.4,13.5,0.0
2057-08-01,24.221290173765954,10.7,0.0
2057-08-02,24.4,13.7,0.0
2057-08-03,25.2,12.9,0.0
2057-08-04,25.2,10.9,0.0
2057-08-05,26.0,9.9,0.0
2057-08-06,27.6,10.9,0.0
2057-08-07,29.2,10.9,0.0
2057-08-08,27.6,14.4,0.0
2057-08-09,28.0,13.4,0.0
2057-08-10,30.2,13.0,0.0
2057-08-11,27.2,15.6,0.0
2057-08-12,24.6,13.037310590378405,0.0
2057-08-13,24.1,10.4,0.0
2057-08-14,24.4,7.5,0.0
2057-08-15,27.7,8.5,0.0
2057-08-16,29.5,11.3,0.0
2057-08-17,27.0,13.5,0.0
2057-08-18,25.9,13.2,0.0
2057-08-19,24.6,13.8,0.0
2057-08-20,24.5,11.5,0.0
2057-08-21,24.6,11.8,0.0
2057-08-22,24.810489773950483,11.9,0.0
2057-08-23,25.0,13.2441377825619,0.0
2057-08-24,25.9,12.0,0.0
2057-08-25,27.4,12.4,0.0
2057-08-26,29.2,13.0,0.0
2057-08-27,29.4,14.6,0.0
2057-08-28,28.4,15.2,0.0
2057-08-29,27.6,14.6,0.0
2057-08-30,25.9,14.5,0.0
2057-08-31,22.000169152698756,11.709737517595428,0.0
2057-09-01,24.453712237583204,7.0,0.0
2057-09-02,26.045814051235894,9.962627800160732,0.0
2057-09-03,26.4,11.4,0.0
2057-09-04,28.017688987764185,11.8,0.0
2057-09-05,30.340333956921828,11.4,0.0
2057-09-06,33.5,13.6,0.0
2057-09-07,35.2,15.4,0.0
2057-09-08,35.590473187084555,15.2,0.0
2057-09-09,34.3,18.9,0.0
2057-09-10,32.1,18.9,0.0
2057-09-11,31.0,17.3,0.0
2057-09-12,31.7,16.0,0.0
2057-09-13,31.7,16.9,0.0
2057-09-14,32.4,17.4,0.0
2057-09-15,33.0,17.9,0.0
2057-09-16,32.8,18.5,0.0
2057-09-17,33.4,18.9,0.0
2057-09-18,34.0,19.6,0.0
2057-09-19,33.7,20.2,0.0
2057-09-20,33.0,19.347417882614675,0.0
2057-09-21,32.9,18.1,0.0
2057-09-22,32.1,18.3,0.0
2057-09-23,30.9,17.8,0.0
2057-09-24,30.0,16.9,0.0
2057-09-25,29.9,15.5,0.0
2057-09-26,31.0,14.5,0.0
2057-09-27,32.9,15.4,0.0
2057-09-28,31.2,18.6,0.0
2057-09-29,29.4,15.4,0.0
2057-09-30,31.7,16.5,0.0
2057-10-01,37.2,18.6,0.0
2057-10-02,35.0,17.9,0.0
2057-10-03,31.6,16.3,0.0
2057-10-04,29.8,16.3,0.0
2057-10-05,30.4,17.4,0.0
2057-10-06,31.8,18.8,0.0
2057-10-07,33.1,21.3,0.0
2057-10-08,35.8,18.5,0.0
2057-10-09,38.648291015625,20.7,0.0
2057-10-10,31.6,19.4,0.0
2057-10-11,30.6,17.2,0.0
2057-10-12,31.7,16.3,0.0
2057-10-13,34.3,16.6,0.0
2057-10-14,35.9,18.4,0.0
2057-10-15,36.0,19.6,0.0
2057-10-16,39.661962890625,20.0,0.0
2057-10-17,39.674169921875,21.09868732821312,0.0
2057-10-18,39.95859375,21.432218463273355,0.0
2057-10-19,39.1080078125,22.199194557199206,0.0
2057-10-20,36.6,23.15235292463224,0.0
2057-10-21,36.21232560326899,22.0,0.0
2057-10-22,37.2,22.0,0.0
2057-10-23,37.2,21.3,0.0
2057-10-24,37.2,23.0,0.0
2057-10-25,30.0,19.0,0.0
2057-10-26,30.2,17.3,0.0
2057-10-27,32.0,16.0,0.0
2057-10-28,33.9,15.4,0.0
2057-10-29,38.7662109375,15.7,0.0
2057-10-30,39.03623046875,19.0,0.0
2057-10-31,35.8,22.141052625171312,0.0
2057-11-01,36.2,22.1,0.0
2057-11-02,37.18466337734997,22.511325866809752,0.0
2057-11-03,37.2,23.2,0.0
2057-11-04,37.2,23.2,0.0
2057-11-05,37.2,22.396004223313298,0.0
2057-11-06,37.918564688734605,22.9,0.0
2057-11-07,40.031005859375,23.2,0.0
2057-11-08,36.42078994875909,23.3,0.0
2057-11-09,35.15755170528459,22.937938971097303,0.0
2057-11-10,36.0,21.67451343122519,0.0
2057-11-11,37.124443000473576,22.3,0.0
2057-11-12,38.234001625037145,23.2,0.0
2057-11-13,37.88037321161442,22.957403212985778,0.0
2057-11-14,38.23344636259195,23.32079810099598,0.0
2057-11-15,36.4,21.7,0.0
2057-11-16,32.1,21.3,5.7333333333333325
2057-11-17,32.1,21.0,0.0
2057-11-18,32.5,21.5,0.0
2057-11-19,33.4,21.447703003337047,0.0
2057-11-20,31.9,21.1,0.0
2057-11-21,32.7,21.2,2.5
2057-11-22,34.0,21.2,0.8
2057-11-23,31.0,20.5,0.3
2057-11-24,32.2,20.3,2.4
2057-11-25,30.0,20.0,0.0
2057-11-26,34.6,19.9,0.0
2057-11-27,35.5,20.4,0.0
2057-11-28,34.0,21.3,0.0
2057-11-29,26.58532027138666,20.4,90.06460852959897
2057-11-30,25.366352819615265,19.9,73.8
2057-12-01,26.7,19.9,2.3
2057-12-02,27.2,19.9,0.0
2057-12-03,31.1,19.0,5.798404255319149
2057-12-04,29.0,20.0,1.7
2057-12-05,29.5,20.1,2.2606382978723407
2057-12-06,28.0,20.1,18.8
2057-12-07,26.5,18.6,18.43170212765959
2057-12-08,24.2,18.0,0.1
2057-12-09,27.900937658059572,19.5,0.2
2057-12-10,28.94835844994618,16.52148690144753,0.0
2057-12-11,31.2,16.0,0.0
2057-12-12,30.9,17.6,0.0
2057-12-13,31.7,16.9,0.0
2057-12-14,32.4,17.3,0.0
2057-12-15,31.6,18.6,0.0
2057-12-16,28.7,18.0,0.0
2057-12-17,30.3,17.4,0.0
2057-12-18,30.7,17.7,0.0
2057-12-19,31.4,16.33959709103594,0.0
2057-12-20,32.1,16.4,0.0
2057-12-21,33.276619499912265,20.08646294969597,0.0
2057-12-22,30.4,20.300460589153868,0.0
2057-12-23,32.4,20.0,0.5567021276595745
2057-12-24,28.1,20.104379303590942,7.0
2057-12-25,30.0,19.9,19.758297872340435
2057-12-26,31.707503631632292,19.2,0.8
2057-12-27,29.0,20.104013111341107,25.0
2057-12-28,28.9,20.179128631150558,15.0
2057-12-29,29.9,19.9,4.0
2057-12-30,29.9,20.3,26.0
2057-12-31,29.25730175816289,19.9,3.4
2058-01-01,29.1,19.6,41.31741815565415
2058-01-02,28.3,19.7,26.236431226765802
2058-01-03,27.1,19.8,3.0
2058-01-04,26.9,19.8,60.4
2058-01-05,25.4,19.6,41.356199784146774
2058-01-06,26.520658157773337,19.25871676689759,1.8
2058-01-07,27.5,19.5,0.0
2058-01-08,26.4,19.8,0.0
2058-01-09,28.6,19.7,25.32565055762082
2058-01-10,29.763930080490983,19.6,13.926468401486982
2058-01-11,29.5,19.6,0.0
2058-01-12,28.2,19.8,27.385687732342
2058-01-13,29.5,18.5,0.0
2058-01-14,29.5,18.0,4.5
2058-01-15,27.7,19.0,4.6
2058-01-16,30.8,18.7,19.4767657992565
2058-01-17,29.7,19.7,8.554460966542747
2058-01-18,31.47595809663114,19.5,0.0
2058-01-19,29.1,19.6,0.0
2058-01-20,30.479521062458684,19.8,0.0
2058-01-21,31.876252840569304,20.087152400324157,0.0
2058-01-22,32.06232964186021,19.8,0.0
2058-01-23,30.468118447291175,19.8,3.4
2058-01-24,30.8,19.6,22.0
2058-01-25,30.2,19.3,25.46598513011152
2058-01-26,28.1,19.6,14.3
2058-01-27,28.9,19.7,13.632342007434948
2058-01-28,30.8,19.8,12.2
2058-01-29,29.5,19.3,17.97453531598513
2058-01-30,27.3,19.3,11.0
2058-01-31,29.1,19.6,11.0
2058-02-01,30.5,19.739354062331245,9.3
2058-02-02,29.8,19.922323377657808,8.705491990846683
2058-02-03,31.8,20.342099704267003,5.894279176201373
2058-02-04,30.5,20.26440989459354,9.8
2058-02-05,34.016240756164635,20.016750729008717,43.13123569794054
2058-02-06,29.0,19.92388569860207,13.5
2058-02-07,28.3,19.9,0.0
2058-02-08,28.4,19.9,3.8
2058-02-09,27.2,19.83700785365175,12.765446224256294
2058-02-10,28.2,19.49488604839098,0.0
2058-02-11,26.0,19.851816591538878,0.0
2058-02-12,29.6,17.3,0.0
2058-02-13,31.344290715549864,16.0,0.0
2058-02-14,31.4,17.0,0.0
2058-02-15,31.8,16.4,0.0
2058-02-16,29.6,18.1,0.0
2058-02-17,33.04348878274714,20.171058400154596,0.0
2058-02-18,31.9,19.561838809402317,4.4
2058-02-19,30.0,18.0,0.0
2058-02-20,27.0,19.1,1.8
2058-02-21,24.6,19.9,29.2
2058-02-22,24.57995999272595,19.82606603444007,83.4337639329741
2058-02-23,27.0,18.7,31.0
2058-02-24,30.9,16.8,0.0
2058-02-25,32.95498239011917,18.2,0.0
2058-02-26,33.20229944531833,18.9,6.4
2058-02-27,30.1,19.835464554270075,3.8
2058-02-28,32.9,19.9,0.0
2058-03-01,31.90196078431373,19.4,0.0
2058-03-02,33.469784172661875,19.9,0.2
2058-03-03,33.0,19.25555511421636,2.8
2058-03-04,31.2,19.499456121466213,9.0
2058-03-05,30.7,18.9,31.9
2058-03-06,28.2,19.3,2.8
2058-03-07,28.8,18.6,0.0
2058-03-08,28.4,19.859908734901957,0.0
2058-03-09,31.2,19.3,0.0
2058-03-10,31.3,19.9,28.33461538461539
2058-03-11,30.2,19.3,1.6
2058-03-12,30.0,19.9,28.0
2058-03-13,30.37307692307692,19.9,7.0
2058-03-14,29.5,19.636268055173108,1.7
2058-03-15,28.5,19.301937567276628,0.0
2058-03-16,27.7,19.4,43.283333333333346
2058-03-17,24.634883720930233,18.8,29.933333333333366
2058-03-18,24.0,18.1,0.6
2058-03-19,26.4,18.0,1.7
2058-03-20,25.0,18.7,3.95
2058-03-21,25.8,19.0,0.0
2058-03-22,30.2,18.9,4.9
2058-03-23,33.0,18.3,3.6
2058-03-24,32.30531914893617,17.0,0.0
2058-03-25,33.26260162601626,17.5,0.0
2058-03-26,34.17812087622067,18.5,0.0
2058-03-27,30.4,18.9,0.0
2058-03-28,25.0,19.9,1.3
2058-03-29,30.959735099337752,19.844281402920213,9.8
2058-03-30,31.3,19.4,13.9
2058-03-31,27.2,19.6,2.8
2058-04-01,27.03,18.80833333333333,0.0
2058-04-02,27.1,19.19338256177222,0.0
2058-04-03,27.6,19.0,0.0
2058-04-04,28.2,19.084939759036143,70.0
2058-04-05,27.2,18.8,35.46753731343284
2058-04-06,29.4,18.9,1.1970149253731344
2058-04-07,28.7,18.5,6.407089552238799
2058-04-08,30.7,17.9,0.0
2058-04-09,30.2,18.0,0.0
2058-04-10,26.372727272727275,17.328571428571433,0.0
2058-04-11,24.6,15.9,0.0
2058-04-12,25.7,18.2,0.0
2058-04-13,25.2,13.2,0.0
2058-04-14,26.7,11.4,0.0
2058-04-15,29.0,12.7,0.0
2058-04-16,24.7,17.0,0.0
2058-04-17,26.1,13.376470588235296,0.0
2058-04-18,27.6,11.5,0.0
2058-04-19,26.92543352601156,13.3,0.0
2058-04-20,27.0,15.0,0.0
2058-04-21,28.9,13.207526881720428,0.0
2058-04-22,29.9,13.706249999999999,0.0
2058-04-23,28.106250000000006,16.43286713286713,0.0
2058-04-24,28.4,15.5,0.0
2058-04-25,30.1,14.6,0.0
2058-04-26,29.891176470588235,17.5,0.0
2058-04-27,27.9,15.5,0.0
2058-04-28,27.2,13.9,0.0
2058-04-29,25.5,13.9,0.0
2058-04-30,25.341379310344827,13.2,0.0
2058-05-01,24.4,16.9,0.0
2058-05-02,25.0,15.1,0.0
2058-05-03,24.2,13.1,0.0
2058-05-04,23.9,12.0,0.0
2058-05-05,22.8,12.0,0.0
2058-05-06,22.5,11.8,0.0
2058-05-07,22.4,11.8,0.0
2058-05-08,22.7,13.4,0.0
2058-05-09,23.3,12.5,0.0
2058-05-10,25.1,10.1,0.0
2058-05-11,26.4,11.0,0.0
2058-05-12,27.5,12.9,0.0
2058-05-13,27.9,12.9,0.0
2058-05-14,27.6,11.9,0.0
2058-05-15,28.6,10.9,0.0
2058-05-16,30.4,13.0,0.0
2058-05-17,31.0,13.9,0.0
2058-05-18,30.28845739836052,12.5,0.0
2058-05-19,29.1,13.2,0.0
2058-05-20,27.4,13.6,0.0
2058-05-21,25.9,11.4,0.0
2058-05-22,26.4,9.5,0.0
2058-05-23,27.2,10.1,0.0
2058-05-24,27.2,11.5,0.0
2058-05-25,27.5,14.1,0.0
2058-05-26,28.0,15.3,0.0
2058-05-27,27.0,14.0,0.0
2058-05-28,26.9,11.5,0.0
2058-05-29,27.0,9.6,0.0
2058-05-30,25.9,10.0,0.0
2058-05-31,26.0,11.0,0.0
2058-06-01,25.9,10.4,0.0
2058-06-02,26.3,9.8,0.0
2058-06-03,27.6,10.2,0.0
2058-06-04,28.6,10.7,0.0
2058-06-05,29.0,9.7,0.0
2058-06-06,29.93590687618481,8.8,0.0
2058-06-07,30.861880966641817,10.0,0.0
2058-06-08,30.61489650058175,12.3,0.0
2058-06-09,29.9,11.3,0.0
2058-06-10,30.346953365905865,12.2,0.0
2058-06-11,27.9,13.91652407139814,0.0
2058-06-12,23.5,12.1,0.0
2058-06-13,25.5,10.7,0.0
2058-06-14,25.9,10.595727136431792,0.0
2058-06-15,25.6,11.7,0.0
2058-06-16,25.7,11.7,0.0
2058-06-17,25.9,11.4,0.0
2058-06-18,25.5,11.5,0.0
2058-06-19,24.0,11.26745828698555,0.0
2058-06-20,22.9,11.5,0.0
2058-06-21,25.5,11.4,0.0
2058-06-22,26.5,12.2,0.0
2058-06-23,27.6,12.1,0.0
2058-06-24,27.8,12.25999130978866,0.0
2058-06-25,27.856957873420615,12.6,0.0
2058-06-26,28.0,12.3,0.0
2058-06-27,28.620355951056737,13.7,0.0
2058-06-28,28.2,14.2,0.0
2058-06-29,27.131181891351726,14.2,0.0
2058-06-30,26.3,15.0,0.0
2058-07-01,26.0,13.4,0.0
2058-07-02,25.0,13.9,0.0
2058-07-03,25.5,14.2,0.0
2058-07-04,22.7,15.3,0.0
2058-07-05,20.0,9.8,0.0
2058-07-06,18.16364263167394,9.4,0.0
2058-07-07,20.3,9.2,0.0
2058-07-08,20.285912755264032,10.4,0.0
2058-07-09,23.6,6.5,0.0
2058-07-10,24.3,10.5,0.0
2058-07-11,25.7,8.0,0.0
2058-07-12,27.129371340807054,8.9,0.0
2058-07-13,26.0,12.690463321347591,0.0
2058-07-14,24.4,11.267649250641712,0.0
2058-07-15,25.5,10.2,0.0
2058-07-16,24.4,11.7,0.0
2058-07-17,24.3,8.9,0.0
2058-07-18,25.004319160387507,11.0,0.0
2058-07-19,26.3,10.0,0.0
2058-07-20,21.5,15.85603599127814,0.0
2058-07-21,22.7,15.2,0.0
2058-07-22,24.0,15.0,0.0
2058-07-23,19.270105389641273,12.4,0.0
2058-07-24,22.9,15.2,0.0
2058-07-25,24.6,15.317471612922132,0.0
2058-07-26,27.6,13.456662352898489,0.0
2058-07-27,29.541589619759687,15.1,0.0
2058-07-28,29.2,16.0,0.0
2058-07-29,28.3,15.496109983977593,0.0
2058-07-30,26.7,15.517234725412084,0.0
2058-07-31,28.0,14.66134636085119,0.0
2058-08-01,26.6,12.5,0.0
2058-08-02,27.1,12.9,0.0
2058-08-03,27.7,13.5,0.0
2058-08-04,27.4,14.0,0.0
2058-08-05,26.9,13.9,0.0
2058-08-06,26.6,13.4,0.0
2058-08-07,27.7,13.1,0.0
2058-08-08,30.0,13.4,0.0
2058-08-09,30.0,14.8,0.0
2058-08-10,27.1,15.2,0.0
2058-08-11,27.2,13.9,0.0
2058-08-12,25.6,14.1,0.0
2058-08-13,25.2,12.4,0.0
2058-08-14,25.36038751345533,11.5,0.0
2058-08-15,25.7,10.9,0.0
2058-08-16,26.7,11.5,0.0
2058-08-17,27.6,11.6,0.0
2058-08-18,27.1,12.5,0.0
2058-08-19,26.7,12.0,0.0
2058-08-20,27.1,12.0,0.0
2058-08-21,28.9,12.2,0.0
2058-08-22,30.1,14.2,0.0
2058-08-23,30.7,15.5,0.0
2058-08-24,31.0,16.0,0.0
2058-08-25,30.9,16.4,0.0
2058-08-26,30.724134219219767,16.6,0.0
2058-08-27,29.6,17.4,0.0
2058-08-28,30.0,15.5,0.0
2058-08-29,31.1,15.0,0.0
2058-08-30,30.2,15.9,0.0
2058-08-31,31.740615520109586,15.5,0.0
2058-09-01,33.0,19.3,0.0
2058-09-02,33.4,19.5,0.0
2058-09-03,32.1,18.952195031516506,0.0
2058-09-04,30.9,18.1,0.0
2058-09-05,31.04228858938872,16.3,0.0
2058-09-06,32.0,16.4,0.0
2058-09-07,33.1,17.2,0.0
2058-09-08,33.25684864370753,18.8,0.0
2058-09-09,35.348539819018136,18.9,0.0
2058-09-10,36.0393269045807,20.2,0.0
2058-09-11,36.078095753845126,20.233620020717943,0.0
2058-09-12,34.9,20.572824095968244,0.0
2058-09-13,31.7,19.6,0.0
2058-09-14,31.521392456264536,18.3,0.0
2058-09-15,31.0,18.8,0.0
2058-09-16,32.6,17.5,0.0
2058-09-17,34.6,19.0,0.0
2058-09-18,34.0,22.816832032533426,0.0
2058-09-19,35.48037480439661,21.2,0.0
2058-09-20,39.15966796875,21.614833291039968,0.0
2058-09-21,38.63639252849477,21.363352406428003,0.0
2058-09-22,33.697405847767364,21.358063805212716,0.0
2058-09-23,33.98805575218257,19.9,0.0
2058-09-24,34.9,20.05752955746936,0.0
2058-09-25,35.204615413682106,20.242279126482657,0.0
2058-09-26,34.0,20.6,0.0
2058-09-27,34.0,20.0,0.0
2058-09-28,35.13173586344507,20.0,0.0
2058-09-29,35.503152655492926,20.0,0.0
2058-09-30,35.2,20.635529673493444,0.0
2058-10-01,36.0,21.952878644085057,0.0
2058-10-02,35.5,21.9,0.0
2058-10-03,35.5,21.5,0.0
2058-10-04,36.0,20.836627024783734,0.0
2058-10-05,36.55866653224887,21.071226580974873,0.0
2058-10-06,36.261253879837376,21.2,0.0
2058-10-07,37.2,21.2,0.0
2058-10-08,38.458349609375,21.4,0.0
2058-10-09,39.87412109375,21.4,0.0
2058-10-10,39.37900390625,22.171486979909062,0.0
2058-10-11,34.8,22.0,0.0
2058-10-12,34.8,21.3,0.0
2058-10-13,36.0,21.3,0.0
2058-10-14,38.431982421875,22.0,0.0
2058-10-15,36.22863502879178,22.6,0.0
2058-10-16,37.2,22.0,0.0
2058-10-17,38.0,23.997021484375,0.0
2058-10-18,33.4,21.3,0.0
2058-10-19,32.6,18.5,0.0
2058-10-20,33.4,19.83263872907464,0.0
2058-10-21,35.6,19.6,0.0
2058-10-22,37.21333465388852,20.9,0.0
2058-10-23,38.511328125,22.0,0.0
2058-10-24,39.210302734375,23.605472583873215,0.0
2058-10-25,38.79404296875,23.0,0.0
2058-10-26,38.02280678148539,22.2,0.0
2058-10-27,39.0201171875,22.05598281562354,0.0
2058-10-28,40.72421875,21.943436666008488,0.0
2058-10-29,39.659033203125,22.0,0.0
2058-10-30,35.6,20.88834995525697,1.32470588235294
2058-10-31,31.400995694294934,19.2,14.595118644067798
2058-11-01,32.4,21.2,63.44318181818183
2058-11-02,27.4,21.1,7.05
2058-11-03,27.0,20.7,2.5
2058-11-04,27.601841166110493,20.4,0.0
2058-11-05,25.1,19.6,1.2
2058-11-06,26.5,19.4,0.0
2058-11-07,27.1,20.0,0.0
2058-11-08,29.9,20.7,0.0
2058-11-09,32.1,19.4,0.0
2058-11-10,27.5948560731436,20.4,0.0
2058-11-11,27.0,18.7,0.0
2058-11-12,27.0,19.4,0.0
2058-11-13,31.9,19.0,0.0
2058-11-14,32.8,17.7,0.0
2058-11-15,33.2,18.5,0.0
2058-11-16,34.1,18.7,0.0
2058-11-17,34.0,21.2,0.0
2058-11-18,33.6,20.5,0.0
2058-11-19,34.4,21.5,0.0
2058-11-20,35.4,22.3,0.0
2058-11-21,34.0,21.661244871840882,0.0
2058-11-22,32.6,21.2,0.0
2058-11-23,31.9,21.267329290609638,0.0
2058-11-24,33.4,20.775118714280236,0.0
2058-11-25,32.8,20.4,0.0
2058-11-26,33.5,20.1,0.0
2058-11-27,33.2,19.5,0.0
2058-11-28,34.2,19.9,0.0
2058-11-29,34.1,19.9,0.0
2058-11-30,30.3,21.229196119942113,3.1500000000000004
2058-12-01,26.73584115023835,20.3,0.2
2058-12-02,30.7,20.3,1.0
2058-12-03,32.0,20.2,1.7
2058-12-04,28.9,20.3,41.24372340425532
2058-12-05,25.2,19.9,63.37494680851069
2058-12-06,26.5,19.9,0.0
2058-12-07,27.4,20.07368847695589,0.0
2058-12-08,28.9,19.9,0.0
2058-12-09,30.2,19.7,0.0
2058-12-10,30.0,20.508494023001536,0.0
2058-12-11,30.1,18.7,0.0
2058-12-12,32.0,17.3,0.0
2058-12-13,32.423676539954734,18.0,0.0
2058-12-14,33.1,19.9,0.0
2058-12-15,33.1,19.9,0.0
2058-12-16,32.83246679140435,20.3,0.0
2058-12-17,32.9,19.0,0.0
2058-12-18,32.4,20.10053428496762,0.0
2058-12-19,32.83332187399612,18.3,0.0
2058-12-20,31.5,17.5,0.0
2058-12-21,32.788301337308546,17.5,0.0
2058-12-22,30.7,20.586550500439802,2.7329787234042575
2058-12-23,28.2,20.1,15.2
2058-12-24,30.5,18.9,0.0
2058-12-25,31.7,19.9,0.0
2058-12-26,27.0,20.3,0.45436170212765975
2058-12-27,28.5,20.1,6.9
2058-12-28,28.51143891280948,20.1,0.45436170212765975
2058-12-29,26.9,20.1,23.615106382978723
2058-12-30,25.3,19.9,11.0
2058-12-31,26.4,19.9,0.7
2059-01-01,30.9,18.7,0.0
2059-01-02,31.1,18.9,0.0
2059-01-03,32.75109795612335,19.6,1.0
2059-01-04,32.73956830689271,19.6,1.1
2059-01-05,30.2,19.8,16.342379182156133
2059-01-06,34.40572323806125,19.8,43.51649628252787
2059-01-07,28.0,19.8,0.0
2059-01-08,29.4,19.8,27.744981412639397
2059-01-09,27.8,19.8,13.872788104089215
2059-01-10,29.2,19.6,25.733364312267657
2059-01-11,28.3,19.8,0.0
2059-01-12,26.4,19.8,11.0
2059-01-13,25.1697626736378,19.7,0.0
2059-01-14,30.1,17.6,0.0
2059-01-15,32.6,17.3,0.0
2059-01-16,32.53661655384654,19.6,1.7
2059-01-17,32.6,19.3,0.9
2059-01-18,28.9,19.7,0.0
2059-01-19,26.1,19.5,0.0
2059-01-20,27.6,16.6,0.0
2059-01-21,30.4,15.2,0.0
2059-01-22,31.0,15.4,0.0
2059-01-23,31.853429613682568,16.2,0.0
2059-01-24,32.0,16.8,0.0
2059-01-25,32.6,20.048486175813906,0.0
2059-01-26,29.8,19.879358135852183,0.0
2059-01-27,29.5,19.7,0.0
2059-01-28,29.2,19.4,0.0
2059-01-29,31.662962208710315,18.2,0.0
2059-01-30,32.01843945006494,19.572505579348885,0.0
2059-01-31,32.6,19.4,0.0
2059-02-01,33.49412477368945,19.876700126513153,3.2
2059-02-02,32.0,20.26497807130441,24.116933638443932
2059-02-03,28.7,20.27995119874417,2.6
2059-02-04,29.1,20.08549488046745,0.0
2059-02-05,29.711279972982098,19.9,6.4
2059-02-06,29.5,19.9,0.0
2059-02-07,26.6,19.798839367823454,0.0
2059-02-08,25.2,19.9,82.88008046061864
2059-02-09,28.3,20.181611056970212,12.465903890160185
2059-02-10,31.9,20.033786012155282,15.845766590389012
2059-02-11,29.0,20.04863535188925,52.48913352711979
2059-02-12,26.2,20.086889361609977,53.62898550724636
2059-02-13,24.9,19.867943203055304,125.0
2059-02-14,29.0,19.7,7.4
2059-02-15,30.2,18.3,0.0
2059-02-16,24.9,19.5,65.84014383785652
2059-02-17,26.8,19.1,0.0
2059-02-18,28.7,18.6,0.0
2059-02-19,31.9,17.0,1.8
2059-02-20,28.7,19.822840712136788,33.42990083905421
2059-02-21,30.5,19.792454158848926,52.03404044777041
2059-02-22,28.7,19.224959592299243,29.005527195916223
2059-02-23,30.0,19.9,51.44006154817328
2059-02-24,30.0,19.9,4.4
2059-02-25,29.215510434292156,19.7,2.8
2059-02-26,29.905949566587857,18.4,0.2
2059-02-27,27.37254244573393,19.46985016524339,9.993592677345537
2059-02-28,33.17577545050637,19.465410304192584,10.4
2059-03-01,26.5,19.3,1.8
2059-03-02,28.1,19.9,0.0
2059-03-03,27.4,19.241179461310214,0.0
2059-03-04,26.9,19.0,0.0
2059-03-05,27.3,15.2,0.0
2059-03-06,30.0,14.0,0.0
2059-03-07,31.8,14.0,0.0
2059-03-08,28.7,17.1,0.0
2059-03-09,26.5,18.0,0.0
2059-03-10,26.9,17.9,0.0
2059-03-11,27.777142857142856,18.6,0.0
2059-03-12,25.7,18.7,0.0
2059-03-13,26.5,19.1,0.5
2059-03-14,28.46333333333333,19.847958422210034,0.0
2059-03-15,29.5,18.6,4.6
2059-03-16,28.7,18.1,0.0
2059-03-17,29.7,19.6,0.0
2059-03-18,30.0,18.60071270749532,0.0
2059-03-19,29.2,18.8,0.0
2059-03-20,28.1,16.9,0.0
2059-03-21,29.9,16.1,0.0
2059-03-22,30.7,15.754878968038645,0.0
2059-03-23,30.276190476190475,18.4,0.0
2059-03-24,30.1,17.2,0.0
2059-03-25,30.0,16.0,0.0
2059-03-26,30.0,17.3,0.0
2059-03-27,31.0,16.2,0.0
2059-03-28,30.2,16.706982372662882,0.0
2059-03-29,29.5,19.952521150170952,0.0
2059-03-30,28.1,19.9,0.0
2059-03-31,28.2,19.1,0.0
2059-04-01,29.9,15.9,0.0
2059-04-02,31.584615384615383,18.3,0.0
2059-04-03,31.6,19.7,0.0
2059-04-04,32.058064516129036,19.628735632183897,0.0
2059-04-05,32.55482954545455,18.886197916666667,0.0
2059-04-06,30.0,19.0,0.0
2059-04-07,28.9,17.0,0.0
2059-04-08,28.5,19.020180722891567,0.0
2059-04-09,27.9,19.0,0.0
2059-04-10,28.0,18.9,0.0
2059-04-11,27.2,18.744585987261143,0.0
2059-04-12,27.2,18.6,0.0
2059-04-13,26.7,18.758598726114645,0.0
2059-04-14,27.2,15.9,0.0
2059-04-15,29.0,14.4,0.0
2059-04-16,29.5,15.9,0.0
2059-04-17,32.18218390804598,16.4,0.0
2059-04-18,34.033344663494226,19.0,0.0
2059-04-19,31.747991543340383,20.531787109375,0.0
2059-04-20,31.79809725158562,19.200102075535895,0.0
2059-04-21,29.9,18.5,0.0
2059-04-22,28.2,17.4,0.0
2059-04-23,30.9,16.0,0.0
2059-04-24,30.0,17.5,0.0
2059-04-25,31.4,19.0,0.0
2059-04-26,31.5,19.37533875338753,0.0
2059-04-27,29.5,19.7,0.0
2059-04-28,28.9,18.2,0.0
2059-04-29,32.2,15.9,0.0
2059-04-30,33.7625,17.6,0.0
2059-05-01,35.225048828125,17.923336921420873,0.0
2059-05-02,30.6,18.292966649116575,0.0
2059-05-03,27.6,16.2,0.0
2059-05-04,27.9,14.7,0.0
2059-05-05,28.7,13.5,0.0
2059-05-06,28.4,14.9,0.0
2059-05-07,27.6,16.01772667933947,0.0
2059-05-08,28.9,13.5,0.0
2059-05-09,28.7,15.0,0.0
2059-05-10,30.093110871905264,18.26707538955526,0.0
2059-05-11,29.99843918191604,16.0224718661317,0.0
2059-05-12,29.2,15.5,0.0
2059-05-13,28.4,16.07371106109533,0.0
2059-05-14,26.0,16.9,0.0
2059-05-15,26.8,17.867386189355756,0.0
2059-05-16,28.1,18.212814707017507,0.0
2059-05-17,26.5,17.543691959643123,0.0
2059-05-18,27.8,16.0,0.0
2059-05-19,28.6,15.6,0.0
2059-05-20,28.6,14.0,0.0
2059-05-21,28.1,12.127698147413733,0.0
2059-05-22,28.6,10.662069175619951,0.0
2059-05-23,29.3,10.0,0.0
2059-05-24,28.0,11.4,0.0
2059-05-25,26.8,10.461670613562964,0.0
2059-05-26,27.2,8.5,0.0
2059-05-27,26.5,10.2,0.0
2059-05-28,25.6,10.9,0.0
2059-05-29,25.5,12.9,0.0
2059-05-30,26.9,13.30441597311558,0.0
2059-05-31,29.1,14.2,0.0
2059-06-01,28.9,20.020703125,0.0
2059-06-02,28.6,21.40498046875,0.0
2059-06-03,28.5,19.091337597330433,0.0
2059-06-04,28.4,16.69432839209099,0.0
2059-06-05,27.97710521268843,16.014284504907128,0.0
2059-06-06,28.5,13.424384236453212,0.0
2059-06-07,29.2,12.6,0.0
2059-06-08,29.0,12.0,0.0
2059-06-09,28.42422877271043,12.235244368743052,0.0
2059-06-10,28.5,10.7,0.0
2059-06-11,27.9,12.3,0.0
2059-06-12,26.2,12.3,0.0
2059-06-13,26.758993911363515,12.277707869855401,0.0
2059-06-14,27.220102759680067,13.120222037431018,0.0
2059-06-15,27.9,14.5,0.0
2059-06-16,28.5,20.24873046875,0.0
2059-06-17,29.0,17.92338741938057,0.0
2059-06-18,28.6,15.948617035665771,0.0
2059-06-19,28.0,14.2,0.0
2059-06-20,27.3,13.4,0.0
2059-06-21,27.986432815100326,13.0,0.0
2059-06-22,30.327904246631288,14.2,0.0
2059-06-23,31.741552734375,15.9,0.0
2059-06-24,32.27353515625,17.606073414905453,0.0
2059-06-25,30.5,18.86388601410698,0.0
2059-06-26,29.5,16.45988633495668,0.0
2059-06-27,28.2,15.0,0.0
2059-06-28,28.0,12.9,0.0
2059-06-29,29.6,9.9,0.0
2059-06-30,28.5,11.9,0.0
2059-07-01,24.4,14.2,0.0
2059-07-02,26.7,12.60825988966631,0.0
2059-07-03,25.0,11.9,0.0
2059-07-04,25.2,11.0,0.0
2059-07-05,25.7,11.0,0.0
2059-07-06,25.7,11.6,0.0
2059-07-07,26.2,11.0,0.0
2059-07-08,27.1,11.1,0.0
2059-07-09,27.6,13.4,0.0
2059-07-10,27.2,15.554557449911448,0.0
2059-07-11,28.0,16.0,0.0
2059-07-12,30.66947621665852,15.418561656406695,0.0
2059-07-13,31.169076188526475,15.2,0.0
2059-07-14,31.63740234375,15.570087850272566,0.0
2059-07-15,31.156202418567112,17.355615234375,0.0
2059-07-16,30.213179384508567,15.989981507548759,0.0
2059-07-17,31.1579374279956,15.2,0.0
2059-07-18,30.7,13.1,0.0
2059-07-19,29.0,15.758432281747654,0.0
2059-07-20,29.2,15.05348243830482,0.0
2059-07-21,26.7,15.490718923772143,0.0
2059-07-22,23.9,12.7,0.0
2059-07-23,24.26746223228536,10.2,0.0
2059-07-24,25.1,10.2,0.0
2059-07-25,25.5,11.5,0.0
2059-07-26,26.0,12.2,0.0
2059-07-27,26.0,12.9,0.0
2059-07-28,27.2,13.4,0.0
2059-07-29,28.6,12.4,0.0
2059-07-30,29.2,13.0,0.0
2059-07-31,29.2,15.2,0.0
2059-08-01,26.6,14.2,0.0
2059-08-02,24.758680984011132,12.7,0.0
2059-08-03,25.2,11.162259842776526,0.0
2059-08-04,25.6,11.7,0.0
2059-08-05,26.4,11.8,0.0
2059-08-06,26.2,12.4,0.0
2059-08-07,25.3,12.9,0.0
2059-08-08,25.7,11.9,0.0
2059-08-09,25.7,13.6,0.0
2059-08-10,26.315909580193754,15.2,0.0
2059-08-11,25.7,13.8,0.0
2059-08-12,26.9,15.6,0.0
2059-08-13,28.0,14.335651980253138,0.0
2059-08-14,31.2,14.6,0.0
2059-08-15,32.9,15.7,0.0
2059-08-16,30.2,18.82096267060026,0.0
2059-08-17,24.2,16.188122419482813,0.0
2059-08-18,28.6,14.5,0.0
2059-08-19,30.7,14.6,0.0
2059-08-20,32.9,15.6,0.0
2059-08-21,32.9,16.458195279477007,0.0
2059-08-22,31.2,17.660106174772476,0.0
2059-08-23,30.7,16.654929586435756,0.0
2059-08-24,30.2,16.3,0.0
2059-08-25,29.6,15.739884759070465,0.0
2059-08-26,29.65649919817227,15.2,0.0
2059-08-27,30.0,15.6,0.0
2059-08-28,28.9,16.7,0.0
2059-08-29,30.0,15.2,0.0
2059-08-30,32.9,16.4,0.0
2059-08-31,38.112060546875,18.77485080200399,0.0
2059-09-01,39.06103515625,19.7,0.0
2059-09-02,39.680419921875,21.114592047775957,0.0
2059-09-03,35.3,21.204199591241323,0.0
2059-09-04,31.9,19.7,0.0
2059-09-05,31.0,17.6,0.0
2059-09-06,31.7,16.7,0.0
2059-09-07,32.7,16.9,0.0
2059-09-08,32.8,17.06832564235289,0.0
2059-09-09,33.0,17.3,0.0
2059-09-10,33.0,17.5,0.0
2059-09-11,31.7,17.8,0.0
2059-09-12,31.5,16.8,0.0
2059-09-13,31.5,16.326505144605118,0.0
2059-09-14,31.31061364479051,16.9,0.0
2059-09-15,31.3,17.4,0.0
2059-09-16,31.3,17.4983513427618,0.0
2059-09-17,31.9,17.3,0.0
2059-09-18,33.0,17.9,0.0
2059-09-19,33.4,19.6,0.0
2059-09-20,34.0,19.6,0.0
2059-09-21,33.5,20.0,0.0
2059-09-22,33.0,19.316881093371727,0.0
2059-09-23,34.7,18.647457492451938,0.0
2059-09-24,36.1586520888188,19.517824434556918,0.0
2059-09-25,35.599132292849255,21.344265725350276,0.0
2059-09-26,36.053273164836455,24.006591796875,0.0
2059-09-27,36.0,22.98978921664399,0.0
2059-09-28,32.0,21.2,0.0
2059-09-29,32.2,19.4,0.0
2059-09-30,32.8,19.3,0.0
2059-10-01,34.1,20.4,0.0
2059-10-02,33.1,19.6,0.0
2059-10-03,32.4,19.4,0.0
2059-10-04,33.0,19.0,0.0
2059-10-05,35.900742002570865,20.4,0.0
2059-10-06,37.20350490125806,21.900384710925398,0.0
2059-10-07,38.47958984375,22.0,0.0
2059-10-08,38.50986328125,21.96526582633231,0.0
2059-10-09,37.69432230756593,22.0,0.0
2059-10-10,37.2,22.0,0.0
2059-10-11,38.006604323645426,22.0,0.0
2059-10-12,37.25807697620651,23.077419652468084,0.0
2059-10-13,38.704443359375,22.164362174320168,0.0
2059-10-14,39.634619140625,22.2,0.0
2059-10-15,40.00986328125,23.450083319532983,0.0
2059-10-16,37.2,23.446269510226035,0.0
2059-10-17,35.0,22.0,0.0
2059-10-18,34.5,21.6,0.0
2059-10-19,35.9,21.203295182443266,0.0
2059-10-20,38.785498046875,22.0,0.0
2059-10-21,40.32919921875,23.77613991451294,0.0
2059-10-22,39.873876953125,22.278099687760026,0.0
2059-10-23,33.6,20.8,0.0
2059-10-24,38.0,21.934514429844384,0.0
2059-10-25,36.9,21.0,0.0
2059-10-26,38.801611328125,19.587653915828714,0.0
2059-10-27,40.264013671875,22.6,0.0
2059-10-28,40.059912109375,25.063427734375,0.0
2059-10-29,40.30869140625,23.500896073114163,0.0
2059-10-30,40.1294921875,26.02900390625,0.0
2059-10-31,38.57919921875,22.1,0.0
2059-11-01,37.341658244072654,23.2,0.0
2059-11-02,39.87939453125,23.555802583945624,0.0
2059-11-03,37.827497986268256,23.3,0.0
2059-11-04,37.16435918897784,23.3,0.0
2059-11-05,35.3,22.3,0.0
2059-11-06,36.0,23.184840934371525,0.0
2059-11-07,37.843006980936664,24.18125,0.0
2059-11-08,37.97063633922746,22.9,0.0
2059-11-09,36.2,21.7,0.0
2059-11-10,36.2,21.4,2.7666666666666666
2059-11-11,35.2,21.5,1.0
2059-11-12,34.4,21.5,44.390476190476186
2059-11-13,26.678359354047316,20.6,25.320000000000004
2059-11-14,25.12784302558398,19.5,0.0
2059-11-15,28.7,19.2,0.0
2059-11-16,33.7,18.0,0.0
2059-11-17,32.4,21.5,0.0
2059-11-18,32.6,21.3,5.05
2059-11-19,33.5,21.3,0.0
2059-11-20,33.7,21.2,5.7333333333333325
2059-11-21,32.8,21.3,0.8
2059-11-22,32.6,21.16878733730008,0.0
2059-11-23,31.5,21.4,0.0
2059-11-24,29.9,21.264318777135887,0.0
2059-11-25,31.9,20.337523456936882,0.0
2059-11-26,32.35441203327079,17.2,0.0
2059-11-27,33.3,16.9,0.0
2059-11-28,33.97957766694176,16.5,0.0
2059-11-29,32.6,19.9,0.0
2059-11-30,33.9,17.0,0.0
2059-12-01,32.02316458871109,16.40458534398293,0.0
2059-12-02,33.12506727664154,16.0,0.0
2059-12-03,33.7,17.4,0.0
2059-12-04,33.7,17.7,0.0
2059-12-05,33.7,19.9,0.0
2059-12-06,33.7,19.0,0.0
2059-12-07,32.4,20.376264203893864,0.0
2059-12-08,32.1,20.490389595914863,0.0
2059-12-09,31.9,20.655269038437957,7.6
2059-12-10,30.7,20.289112027586487,16.353191489361727
2059-12-11,30.4,20.3,3.1508085106383
2059-12-12,31.2,21.0,4.242127659574467
2059-12-13,31.714148212400836,20.3,0.0
2059-12-14,31.6,20.580199434081376,0.0
2059-12-15,30.3,20.69876560176012,5.2
2059-12-16,28.5,20.3,11.133191489361707
2059-12-17,27.4,19.0,18.10808510638299
2059-12-18,29.0,17.1,0.0
2059-12-19,29.0,19.5,0.0
2059-12-20,31.2526946013687,18.0,0.0
2059-12-21,32.4,19.7,0.0
2059-12-22,32.871678435969535,19.9,0.0
2059-12-23,32.1,20.1,0.0
2059-12-24,32.1,20.692112215072576,0.0
2059-12-25,33.1,20.3,0.0
2059-12-26,32.1,20.3,1.7
2059-12-27,31.932534983853603,19.9,1.014255319148937
2059-12-28,30.7,19.9,1.4
2059-12-29,30.2,19.5,0.0
2059-12-30,28.7,18.4,1.6221276595744685
2059-12-31,25.6,18.4,1.0
2060-01-01,26.9,19.0,39.3224907063197
2060-01-02,25.1,19.7,10.0
2060-01-03,28.3,19.5,1.0
2060-01-04,31.2,19.4,22.040520446096654
2060-01-05,27.0,19.4,2.8
2060-01-06,30.868329474910418,17.2,0.0
2060-01-07,26.5,18.7,11.0
2060-01-08,30.0,18.0,10.0
2060-01-09,29.9,19.8,34.0
2060-01-10,29.1,19.8,29.55092936802973
2060-01-11,29.4,19.8,41.343272574649234
2060-01-12,28.6,19.7,25.392918215613378
2060-01-13,31.094840827739006,19.6,2.2
2060-01-14,30.9,19.8,2.4
2060-01-15,30.953498385360597,19.8,9.514126394052045
2060-01-16,30.3865943529022,19.830912355781223,0.0
2060-01-17,30.2,19.8,3.9
2060-01-18,31.1,19.8,10.0
2060-01-19,24.6,19.0,0.0
2060-01-20,21.940071993240505,17.2,0.0
2060-01-21,25.4,16.3,0.0
2060-01-22,26.9,18.2,0.0
2060-01-23,29.5,18.8,0.0
2060-01-24,30.9,18.36424063019858,0.0
2060-01-25,31.2,20.215307951899508,0.0
2060-01-26,31.91481469138559,19.8,0.7
2060-01-27,31.1,19.8,0.0
2060-01-28,32.0023146037717,19.8,41.37559059839309
2060-01-29,27.1,19.8,0.8
2060-01-30,29.3,19.8,6.449256505576207
2060-01-31,29.9,19.8,26.504337050805443
2060-02-01,31.0,19.4,0.0
2060-02-02,28.8,20.428713230517303,0.0
2060-02-03,28.3,20.67535205627996,0.0
2060-02-04,31.27828086259586,20.261702699676974,1.0
2060-02-05,31.0,20.269707306868522,4.4
2060-02-06,28.9,19.8187713119476,2.2
2060-02-07,26.97907077724707,20.160908354743597,0.0
2060-02-08,28.8,19.902324873562065,0.0
2060-02-09,28.0,20.284780700786673,0.0
2060-02-10,28.1,20.421995376465073,0.0
2060-02-11,30.757064604080675,20.16785869899163,0.0
2060-02-12,34.646958638028416,19.9,0.0
2060-02-13,34.45483048849205,20.090922050319453,0.0
2060-02-14,30.4,19.9,1.5
2060-02-15,24.9,18.6,0.0
2060-02-16,26.0,18.5,0.0
2060-02-17,27.9,17.6,0.0
2060-02-18,29.0,19.7,0.0
2060-02-19,28.3,20.279332888794105,0.0
2060-02-20,30.2,19.9,0.0
2060-02-21,31.9,17.7,0.0
2060-02-22,32.9,15.9,0.0
2060-02-23,35.6564455254229,16.4,0.0
2060-02-24,34.8317598666079,19.912965923257488,0.0
2060-02-25,32.9,18.7,0.0
2060-02-26,32.42588458175458,15.6,0.0
2060-02-27,32.99736826361751,15.0,0.0
2060-02-28,34.545195846960326,16.0,0.0
2060-02-29,34.02320865197746,19.0,0.0
2060-03-01,33.315145631067956,20.308027125092543,0.0
2060-03-02,31.4,19.3,21.9
2060-03-03,26.7,19.9,10.328571428571435
2060-03-04,30.5,19.991091881465998,0.0
2060-03-05,31.0,20.904005196271367,0.0
2060-03-06,32.9,18.9,0.0
2060-03-07,33.554761904761904,17.9,0.0
2060-03-08,32.9,19.9,2.75
2060-03-09,31.0,19.962832619319183,0.0
2060-03-10,27.0,19.9,26.919999999999998
2060-03-11,26.4,19.9,0.0
2060-03-12,26.2,19.254817901246817,0.0
2060-03-13,30.0,19.2,0.0
2060-03-14,31.8,17.0,0.0
2060-03-15,33.0,15.4,0.0
2060-03-16,33.55487528344672,14.9,0.0
2060-03-17,32.0,17.4,0.0
2060-03-18,31.3,17.0,0.0
2060-03-19,34.13990498812348,15.4,0.0
2060-03-20,35.050390625,18.0,0.0
2060-03-21,34.45787806809184,19.68229403960248,1.2
2060-03-22,28.0,19.859602316627804,0.5
2060-03-23,28.7,18.9,0.0
2060-03-24,29.7,19.1,0.0
2060-03-25,30.4,17.0,0.0
2060-03-26,30.7,16.0,0.0
2060-03-27,30.0,16.2,0.0
2060-03-28,30.7,16.5,0.0
2060-03-29,32.5,15.6,0.0
2060-03-30,33.0,16.1,0.0
2060-03-31,32.7,18.3,0.0
2060-04-01,31.2067264573991,18.6,0.0
2060-04-02,32.5,16.4,0.0
2060-04-03,34.06155676410605,16.7,0.0
2060-04-04,33.2,19.4,0.0
2060-04-05,30.2,18.9,0.0
2060-04-06,31.28363228699552,17.4,0.0
2060-04-07,32.2,17.0,0.0
2060-04-08,31.6,18.3,0.0
2060-04-09,29.905940594059405,17.32053571428571,0.0
2060-04-10,28.6,17.270860927152317,0.0
2060-04-11,29.9,16.2,0.0
2060-04-12,29.835294117647063,16.0,0.0
2060-04-13,29.2,15.8,0.0
2060-04-14,29.5,17.0,0.0
2060-04-15,30.2,16.8,0.0
2060-04-16,30.6,13.9,0.0
2060-04-17,32.374025974025976,12.8,0.0
2060-04-18,33.92409152086137,13.4,0.0
2060-04-19,35.702392578125,13.6,0.0
2060-04-20,34.056798096532965,16.4,0.0
2060-04-21,32.01231671554252,19.53065134099617,0.0
2060-04-22,32.74521384928717,18.3,0.0
2060-04-23,33.2,16.634782608695648,0.0
2060-04-24,32.60341880341881,16.6,0.0
2060-04-25,32.2,16.7,0.0
2060-04-26,31.12458233890215,16.9,0.0
2060-04-27,31.406949806949807,15.6,0.0
2060-04-28,32.0,19.4,0.0
2060-04-29,31.0,18.5,2.0
2060-04-30,29.4,18.9,2.585074626865672
2060-05-01,31.0,17.806241072340555,0.0
2060-05-02,30.425054262471527,18.044324114966333,0.0
2060-05-03,32.531038202624984,18.29448313717658,0.0
2060-05-04,33.01358847074307,17.781445610648206,0.0
2060-05-05,33.956982421875,16.0,0.0
2060-05-06,33.854931640625,17.5,0.0
2060-05-07,31.746801238445055,18.258013448708816,0.0
2060-05-08,30.2,16.5,0.0
2060-05-09,31.0,16.3,0.0
2060-05-10,32.57186721429755,16.2,0.0
2060-05-11,32.70044024999789,16.0,0.0
2060-05-12,32.7,16.9,0.0
2060-05-13,32.7,17.474902168230035,0.0
2060-05-14,31.0,15.8,0.0
2060-05-15,30.881008247772158,15.2,0.0
2060-05-16,33.8,15.571797631862202,0.0
2060-05-17,34.799267578125,15.6,0.0
2060-05-18,34.404248046875,16.444876267336927,0.0
2060-05-19,35.050732421875,16.9,0.0
2060-05-20,35.364453125,15.7,0.0
2060-05-21,33.61691306029023,15.3,0.0
2060-05-22,29.6,17.9,0.0
2060-05-23,28.4,15.3,0.0
2060-05-24,28.8,11.684124167224265,0.0
2060-05-25,29.9,8.3,0.0
2060-05-26,30.0,8.3,0.0
2060-05-27,28.9,12.0,0.0
2060-05-28,27.6,14.1,0.0
2060-05-29,27.4,13.0,0.0
2060-05-30,28.0,13.9,0.0
2060-05-31,24.6,17.8,0.0
2060-06-01,27.0,20.54365234375,0.0
2060-06-02,26.582929060963803,19.87373046875,0.0
2060-06-03,26.3,16.714713627386452,0.0
2060-06-04,26.6,16.213314264526733,0.0
2060-06-05,27.5,13.706356268870174,0.0
2060-06-06,27.2,15.9,0.0
2060-06-07,25.8,14.1,0.0
2060-06-08,26.3,16.14297656196168,0.0
2060-06-09,27.158790675084994,14.2,0.0
2060-06-10,25.5,14.0,0.0
2060-06-11,27.153532876905476,13.0,0.0
2060-06-12,27.9,14.938399040408456,0.0
2060-06-13,26.40525111759397,14.5,0.0
2060-06-14,22.7,13.7,0.0
2060-06-15,25.7,12.4,0.0
2060-06-16,25.3,11.7,0.0
2060-06-17,25.3,11.137178991149591,0.0
2060-06-18,26.3,14.5,0.0
2060-06-19,20.05380832503952,16.435254815291852,0.0
2060-06-20,26.3,15.588253231559982,0.0
2060-06-21,24.5,14.153875417130148,0.0
2060-06-22,26.1,12.0,0.0
2060-06-23,27.0,14.0,0.0
2060-06-24,24.7,11.3,0.0
2060-06-25,22.405771118235947,7.371812717494466,0.0
2060-06-26,22.5,6.5,0.0
2060-06-27,22.847009221715886,6.1,0.0
2060-06-28,23.7,6.9,0.0
2060-06-29,24.7,6.8,0.0
2060-06-30,26.2,5.481006674082315,0.0
2060-07-01,26.6,7.7,0.0
2060-07-02,26.4,10.6,0.0
2060-07-03,26.4,12.0,0.0
2060-07-04,27.3,10.9,0.0
2060-07-05,28.21722927879439,12.1,0.0
2060-07-06,28.3,12.2,0.0
2060-07-07,29.2,12.9,0.0
2060-07-08,29.2,14.2,0.0
2060-07-09,29.2,14.2,0.0
2060-07-10,30.692080393811956,13.09763186221743,0.0
2060-07-11,30.7,12.2,0.0
2060-07-12,29.7,15.0,0.0
2060-07-13,30.160943117318464,14.6,0.0
2060-07-14,31.11489184407487,15.2,0.0
2060-07-15,32.65986328125,15.2,0.0
2060-07-16,31.156375919509962,14.2,0.0
2060-07-17,30.65067670298636,13.1,0.0
2060-07-18,31.12353219102873,11.0,0.0
2060-07-19,31.282091307397756,15.426337224010734,0.0
2060-07-20,32.409130859375,16.180730605477166,0.0
2060-07-21,31.539501953125,18.17421875,0.0
2060-07-22,30.7,16.685693359375,0.0
2060-07-23,28.091754574811613,15.967830311059567,0.0
2060-07-24,20.293298278492383,15.0,0.0
2060-07-25,27.6,11.8,0.0
2060-07-26,29.2,12.1,0.0
2060-07-27,28.322608695652168,15.151310851620037,0.0
2060-07-28,27.7,14.2,0.0
2060-07-29,27.6,12.2,0.0
2060-07-30,28.37211213553609,9.3,0.0
2060-07-31,29.2,12.2,0.0
2060-08-01,26.9,13.5,0.0
2060-08-02,26.5,13.5,0.0
2060-08-03,27.9,13.6,0.0
2060-08-04,29.6,14.385650124345785,0.0
2060-08-05,28.9,15.4,0.0
2060-08-06,27.807521803123826,14.4,0.0
2060-08-07,29.5,12.8,0.0
2060-08-08,31.2,12.3,0.0
2060-08-09,32.9,13.6,0.0
2060-08-10,32.470307631295654,15.57151605015718,0.0
2060-08-11,31.943226203290784,15.807955137331145,0.0
2060-08-12,32.49417030196589,16.7,0.0
2060-08-13,31.90113793633707,17.4,0.0
2060-08-14,31.969398739043516,16.6,0.0
2060-08-15,29.5,17.0,0.0
2060-08-16,27.119842124147826,14.8,0.0
2060-08-17,28.3,13.2,0.0
2060-08-18,30.353390742734124,13.0,0.0
2060-08-19,27.6,15.4,0.0
2060-08-20,27.2,14.4,0.0
2060-08-21,28.0,15.2,0.0
2060-08-22,26.0,14.6,0.0
2060-08-23,27.6,14.0,0.0
2060-08-24,29.492388128556044,15.1,0.0
2060-08-25,30.307754707977757,16.9,0.0
2060-08-26,28.8,16.625759071598267,0.0
2060-08-27,29.0,15.4,0.0
2060-08-28,31.9,15.9,0.0
2060-08-29,34.575976370245975,17.2,0.0
2060-08-30,37.638916015625,17.79643833023808,0.0
2060-08-31,32.5,19.05747686256858,0.0
2060-09-01,31.0,17.6,0.0
2060-09-02,31.3,16.0,0.0
2060-09-03,32.1,16.0,0.0
2060-09-04,32.9,17.041529091730087,0.0
2060-09-05,33.0,16.9,0.0
2060-09-06,34.4,15.6,0.0
2060-09-07,35.262549404775996,14.1,0.0
2060-09-08,34.7,17.0,0.0
2060-09-09,33.55464029101404,18.617459876052763,0.0
2060-09-10,32.7,17.9,0.0
2060-09-11,32.5,16.5,0.0
2060-09-12,34.828027498677955,16.682943139435974,0.0
2060-09-13,35.82798278280217,18.9,0.0
2060-09-14,39.37109375,19.67617685561433,0.0
2060-09-15,39.29296875,19.3,0.0
2060-09-16,35.3,20.0,0.0
2060-09-17,36.1935016403599,19.0,0.0
2060-09-18,35.26056374695288,18.3,0.0
2060-09-19,33.0,19.128932297146985,0.0
2060-09-20,35.100346605048,19.4,0.0
2060-09-21,39.255859375,20.97984212115073,0.0
2060-09-22,39.880859375,21.69903471934701,0.0
2060-09-23,39.071044921875,21.422878993039184,0.0
2060-09-24,36.13939623491643,21.076254905285104,0.0
2060-09-25,34.9341951462337,20.5,0.0
2060-09-26,35.34904428343806,19.5,0.0
2060-09-27,36.18263330564199,18.7,0.0
2060-09-28,39.75048828125,18.6,0.0
2060-09-29,34.0,21.548176494942915,0.0
2060-09-30,30.670376962056608,19.0,0.0
2060-10-01,30.2,16.0,0.0
2060-10-02,30.9,15.4,0.0
2060-10-03,32.1,15.4,0.0
2060-10-04,32.2,17.1,0.0
2060-10-05,32.9,19.0,0.0
2060-10-06,34.0,20.0,0.0
2060-10-07,34.9,21.2,0.0
2060-10-08,35.6,22.0,0.0
2060-10-09,37.2,21.3,0.0
2060-10-10,39.703466796875,21.85650671350064,0.0
2060-10-11,39.390234375,23.425405729899794,0.0
2060-10-12,38.8931640625,22.187143960092065,0.0
2060-10-13,39.53330078125,22.16656118839082,0.0
2060-10-14,39.876318359375,22.6,0.0
2060-10-15,39.11728515625,23.50762632483231,0.0
2060-10-16,38.583349609375,22.0,0.0
2060-10-17,39.450537109375,22.1,0.0
2060-10-18,39.2486328125,22.546050178024306,0.0
2060-10-19,39.13681640625,23.894970703125,0.0
2060-10-20,38.965673828125,23.70418987668165,0.0
2060-10-21,38.0,24.98115234375,0.0
2060-10-22,39.02646484375,23.750719359299936,0.0
2060-10-23,38.833837890625,22.271701440578973,0.0
2060-10-24,38.90048828125,23.54550254372211,0.0
2060-10-25,35.5,22.1,0.0
2060-10-26,35.2,22.0,0.0
2060-10-27,37.2,21.3,0.0
2060-10-28,38.584326171875,22.08514723973549,0.0
2060-10-29,35.5,22.178523824935127,0.0
2060-10-30,34.6,20.2,0.0
2060-10-31,34.5,23.45288759108221,0.0
2060-11-01,36.8,23.616983986799333,0.0
2060-11-02,39.580322265625,23.32502062810744,0.0
2060-11-03,40.80029296875,24.806005859375,0.0
2060-11-04,39.76806640625,25.699560546875,0.0
2060-11-05,36.2,23.259511717664676,0.0
2060-11-06,34.9598857768997,21.5,0.0
2060-11-07,35.7,21.671837419248522,0.0
2060-11-08,33.29981389578163,21.2,0.0
2060-11-09,35.2,21.2,0.0
2060-11-10,34.4,21.816609495136547,17.216666666666665
2060-11-11,31.0,21.190510981233185,1.4600000000000004
2060-11-12,31.5,20.7,0.0
2060-11-13,31.7,20.4,2.3
2060-11-14,32.5,19.9,2.1500000000000004
2060-11-15,32.1,20.3,15.440740740740742
2060-11-16,31.4,20.6,3.433333333333333
2060-11-17,32.2,20.2,0.0
2060-11-18,32.6,20.1,2.1
2060-11-19,30.868718715239154,21.2,38.46666666666667
2060-11-20,30.0,20.089366628669136,9.5
2060-11-21,26.15581660782512,18.9,0.0
2060-11-22,28.3,20.0,0.0
2060-11-23,30.0,19.2,0.0
2060-11-24,31.5,19.5,2.3
2060-11-25,32.5,18.5,2.3
2060-11-26,34.0,19.4,3.1
2060-11-27,30.9,21.0,1.0
2060-11-28,31.7,19.9,1.6
2060-11-29,32.7,18.9,0.0
2060-11-30,32.8,17.4,0.0
2060-12-01,31.6,16.353359196108872,0.0
2060-12-02,31.6,16.4,0.0
2060-12-03,31.2,17.8,0.0
2060-12-04,27.7,19.612343581808403,0.8
2060-12-05,30.2,19.9,0.0
2060-12-06,32.0,20.0,0.0
2060-12-07,32.1,19.935065953914357,0.0
2060-12-08,30.9,20.13404087582798,0.0
2060-12-09,31.0,19.9,0.0
2060-12-10,31.5,20.135871837077186,4.594148936170215
2060-12-11,31.2,19.9,0.506595744680851
2060-12-12,30.2,20.0,0.0
2060-12-13,32.0052695245958,20.3,0.0
2060-12-14,32.1,19.42747322684309,0.0
2060-12-15,31.4,21.004303128248353,0.0
2060-12-16,32.1,20.65952574163697,0.0
2060-12-17,32.659353500191834,22.438698683416263,0.0
2060-12-18,32.9,20.3,0.0
2060-12-19,27.6,19.9,0.0
2060-12-20,28.9,17.6,0.0
2060-12-21,30.0,17.0,0.0
2060-12-22,30.0,18.5,0.0
2060-12-23,30.4,17.128106096211287,0.0
2060-12-24,31.4,16.3,0.0
2060-12-25,32.766783928513135,16.9,0.0
2060-12-26,33.76177961079324,18.0,0.0
2060-12-27,33.7,18.1,0.0
2060-12-28,33.7,20.3,0.0
2060-12-29,32.1,20.1,0.0
2060-12-30,32.85482109344618,20.565248087927028,0.0
2060-12-31,32.1,20.611478435896622,0.0
2061-01-01,32.6,20.01618274774204,0.0
2061-01-02,34.869567450875785,20.072469023927848,0.0
2061-01-03,37.124951171875,19.8,0.0
2061-01-04,37.24775390625,19.8,0.0
2061-01-05,36.27160788702032,19.6,0.0
2061-01-06,37.454296875,19.6,0.0
2061-01-07,32.6,20.162453648943156,0.3011152416356877
2061-01-08,32.772696592896,19.863201599261867,21.0
2061-01-09,28.7,19.8,0.0
2061-01-10,31.9,19.8,0.0
2061-01-11,32.89577529911703,19.6,0.0
2061-01-12,35.88882382790152,19.8,0.0
2061-01-13,35.85880154875517,21.597271728515626,0.0
2061-01-14,32.646648672750544,21.73707275390625,0.0
2061-01-15,32.840796950968496,21.98490600585938,0.0
2061-01-16,38.12958984375,21.023175048828126,0.0
2061-01-17,39.02998046875,19.86818200655888,0.0
2061-01-18,37.976025390625,21.643658447265626,0.6
2061-01-19,32.644733050863834,19.955099901933462,2.6273234200743496
2061-01-20,32.504179279155586,19.997094358426857,0.0
2061-01-21,32.67327581697578,19.8,0.0
2061-01-22,31.9,19.850691006769363,16.572118959107804
2061-01-23,28.8,19.8,6.449256505576207
2061-01-24,29.8,19.8,0.0
2061-01-25,30.9,19.8,8.053345724907064
2061-01-26,29.0,19.7,6.4
2061-01-27,27.7,19.8,49.46933085501853
2061-01-28,27.3,19.8,2.8
2061-01-29,28.8,19.8,0.8
2061-01-30,30.4,19.8,1.7
2061-01-31,27.6,19.8,18.0
2061-02-01,28.3,19.815743674865445,0.9
2061-02-02,29.4,19.85190329375133,12.4
2061-02-03,27.4,19.9,5.994508009153316
2061-02-04,26.4,19.2,0.0
2061-02-05,29.5,19.1,0.0
2061-02-06,31.77644850383354,18.6,0.0
2061-02-07,32.7,19.726777723682314,0.0
2061-02-08,31.8,20.531686903825072,6.4
2061-02-09,30.494228676498178,19.9,9.006178489702512
2061-02-10,28.6,19.9,27.75729977116706
2061-02-11,26.0,19.9,4.4
2061-02-12,24.9,19.775297548716743,0.0
2061-02-13,24.0,19.402363608041473,18.28443935926774
2061-02-14,30.2,19.46926435024363,0.0
2061-02-15,32.27796107386897,18.5,0.8
2061-02-16,32.36270475080151,19.7,0.0
2061-02-17,31.8,18.9,4.2791762013730015
2061-02-18,31.069440750591017,19.0,6.348283752860413
2061-02-19,25.677251698237423,19.0,0.0
2061-02-20,30.0,19.7,0.0
2061-02-21,31.307170039785507,19.0,2.6
2061-02-22,28.7,19.81611242553571,48.953089244851256
2061-02-23,26.5,19.785622567484072,0.0
2061-02-24,27.0,19.5,0.0
2061-02-25,30.5,17.9,0.0
2061-02-26,32.0,17.0,0.0
2061-02-27,32.9,16.5,0.0
2061-02-28,26.1,19.869729268631854,0.0
2061-03-01,27.2,19.87002053794897,0.0
2061-03-02,26.721212121212123,18.6,0.0
2061-03-03,27.1,17.3,0.0
2061-03-04,27.4,17.0,0.0
2061-03-05,29.7,17.843344097595978,0.0
2061-03-06,31.66136363636363,17.0,0.0
2061-03-07,29.4,21.134813572943795,0.0
2061-03-08,30.0,18.6,0.0
2061-03-09,32.5,17.0,0.0
2061-03-10,32.9,19.9,0.0
2061-03-11,33.0,19.4,0.0
2061-03-12,28.7,19.91283172175133,0.0
2061-03-13,30.5,16.9,0.0
2061-03-14,29.942857142857136,18.6,0.0
2061-03-15,30.0,19.4,0.0
2061-03-16,27.39230769230769,18.9,0.0
2061-03-17,28.7,17.2,0.0
2061-03-18,29.2,16.9,0.0
2061-03-19,31.3,17.1,0.0
2061-03-20,32.7,17.0,0.0
2061-03-21,33.0,17.8,0.0
2061-03-22,33.2,17.9,6.82
2061-03-23,30.2,19.851597139215595,1.0
2061-03-24,30.9,19.246247800475842,2.6
2061-03-25,31.8,18.8,0.0
2061-03-26,28.5,19.9,0.0
2061-03-27,30.4,18.6,0.0
2061-03-28,30.9,17.2,0.0
2061-03-29,32.5,22.646429443359374,0.0
2061-03-30,32.5,19.9,0.0
2061-03-31,33.7,19.08786064070104,0.0
2061-04-01,33.927321668909826,18.5,0.0
2061-04-02,34.02902787219579,19.4,0.0
2061-04-03,30.0,19.4,5.154029850746269
2061-04-04,28.5,19.0,0.0
2061-04-05,29.7,16.9,0.0
2061-04-06,29.0,17.9,0.0
2061-04-07,30.0,19.0,0.0
2061-04-08,31.1,19.0,0.0
2061-04-09,28.5,19.382384823848234,0.0
2061-04-10,30.1,19.029066265060237,0.0
2061-04-11,31.260538116591924,20.66435546875,0.0
2061-04-12,32.0,18.0,0.0
2061-04-13,32.0,17.98479657387581,0.0
2061-04-14,25.4,19.0,0.0
2061-04-15,24.883257918552037,18.8,13.532267235252311
2061-04-16,27.3,18.2,25.29283582089552
2061-04-17,28.4,17.0,0.0
2061-04-18,28.0,18.44615384615385,0.0
2061-04-19,28.0,18.2,0.0
2061-04-20,27.2,16.3,0.0
2061-04-21,27.0,15.497927461139895,0.0
2061-04-22,27.3,14.0,0.0
2061-04-23,26.8,15.8,0.0
2061-04-24,26.7,18.1,0.0
2061-04-25,27.0,18.6,0.0
2061-04-26,27.2,18.2,0.0
2061-04-27,29.0,19.0,0.0
2061-04-28,30.4,19.4,0.0
2061-04-29,32.35064935064935,19.0,0.0
2061-04-30,32.7,16.7,0.0
2061-05-01,32.7,18.068416446183697,0.0
2061-05-02,30.6,20.92626953125,0.0
2061-05-03,31.6,20.026611328125,0.0
2061-05-04,33.01870139099344,18.341568242064508,0.0
2061-05-05,29.363578800734498,17.487636229432553,0.0
2061-05-06,29.5,14.6,0.0
2061-05-07,30.7,14.4,0.0
2061-05-08,30.7,15.9,0.0
2061-05-09,29.0,15.0,0.0
2061-05-10,28.7,14.0,0.0
2061-05-11,29.2,14.0,0.0
2061-05-12,28.7,13.99870031495433,0.0
2061-05-13,30.4,13.83017445637335,0.0
2061-05-14,31.0,14.5,0.0
2061-05-15,31.50603175081108,15.2,0.0
2061-05-16,31.172104527861105,15.0,0.0
2061-05-17,31.73138503878463,15.0,0.0
2061-05-18,30.0,17.194597242543935,0.0
2061-05-19,26.967762048865684,16.2,0.0
2061-05-20,28.0,14.0,0.0
2061-05-21,27.5,11.9,0.0
2061-05-22,27.2,11.3,0.0
2061-05-23,28.5,13.0,0.0
2061-05-24,24.0,17.4,0.0
2061-05-25,27.6,15.2,0.0
2061-05-26,28.336572555020936,12.9,0.0
2061-05-27,27.6,15.2,0.0
2061-05-28,27.267325570016634,18.386877946296778,0.0
2061-05-29,29.2,18.2786894688442,0.0
2061-05-30,29.6,15.9,0.0
2061-05-31,29.1,14.0,0.0
2061-06-01,28.6,13.44880978865407,0.0
2061-06-02,28.9,13.5,0.0
2061-06-03,29.3,13.7,0.0
2061-06-04,30.1,14.0,0.0
2061-06-05,31.479833984375,14.2,0.0
2061-06-06,31.433203125,15.158800100470073,0.0
2061-06-07,30.1,16.845203968127855,0.0
2061-06-08,30.0,16.4,0.0
2061-06-09,28.5,16.435698839353677,0.0
2061-06-10,28.6,14.627675791894049,0.0
2061-06-11,30.534360606981526,14.938813735692012,0.0
2061-06-12,31.18944363132523,16.854019205012392,0.0
2061-06-13,31.163410612181178,17.473495743345193,0.0
2061-06-14,28.0,17.51056046872765,0.0
2061-06-15,26.6,14.849654249729634,0.0
2061-06-16,26.5,12.9,0.0
2061-06-17,26.3,11.868035405770009,0.0
2061-06-18,25.9,11.0,0.0
2061-06-19,25.4,11.1,0.0
2061-06-20,26.28331563690296,8.7,0.0
2061-06-21,28.2,8.5,0.0
2061-06-22,28.6,11.7,0.0
2061-06-23,26.1,13.097198765451449,0.0
2061-06-24,25.578015977348574,11.48102256475449,0.0
2061-06-25,26.2,10.5,0.0
2061-06-26,26.9,10.4,0.0
2061-06-27,26.6,11.0,0.0
2061-06-28,27.4,7.7,0.0
2061-06-29,28.2,8.2,0.0
2061-06-30,29.955623619357976,9.0,0.0
2061-07-01,29.73608989965391,11.2,0.0
2061-07-02,29.2,14.2,0.0
2061-07-03,31.142409093610656,14.6,0.0
2061-07-04,30.184859569849248,15.3,0.0
2061-07-05,28.8,15.3,0.0
2061-07-06,28.824091247826438,15.0,0.0
2061-07-07,28.2,15.3,0.0
2061-07-08,26.5,14.2,0.0
2061-07-09,25.4,11.6,0.0
2061-07-10,24.9,9.8,0.0
2061-07-11,26.3,9.5,0.0
2061-07-12,27.6,9.1,0.0
2061-07-13,26.7,11.5,0.0
2061-07-14,26.0,10.7,0.0
2061-07-15,25.497803031639872,11.1,0.0
2061-07-16,23.0,11.0,0.0
2061-07-17,25.1,11.2,0.0
2061-07-18,25.7,10.0,0.0
2061-07-19,27.0733164020452,11.12003431774824,0.0
2061-07-20,27.6,13.0,0.0
2061-07-21,27.6,13.631072838177246,0.0
2061-07-22,27.6,12.9,0.0
2061-07-23,28.335390321523832,13.6,0.0
2061-07-24,29.5,15.161978268622336,0.0
2061-07-25,29.2,15.28055541911155,0.0
2061-07-26,29.0,15.2,0.0
2061-07-27,28.550420415541154,14.4,0.0
2061-07-28,28.3,14.0,0.0
2061-07-29,28.8,13.5,0.0
2061-07-30,29.2,15.0,0.0
2061-07-31,28.84879523060362,15.035515374923278,0.0
2061-08-01,27.1,12.2,0.0
2061-08-02,27.2,12.2,0.0
2061-08-03,25.396071044133475,13.5,0.0
2061-08-04,25.0,11.6,0.0
2061-08-05,25.7,11.0,0.0
2061-08-06,26.82417685050338,12.0,0.0
2061-08-07,28.2,12.6,0.0
2061-08-08,28.4,14.3,0.0
2061-08-09,27.8,18.0,0.0
2061-08-10,28.0,16.3,0.0
2061-08-11,28.0,14.2,0.0
2061-08-12,26.3,14.5,0.0
2061-08-13,25.5,12.2,0.0
2061-08-14,26.3,12.3,0.0
2061-08-15,28.2,13.2,0.0
2061-08-16,30.0,13.8,0.0
2061-08-17,28.305147274684405,16.4,0.0
2061-08-18,23.5,15.51582275322749,0.0
2061-08-19,25.9,13.2,0.0
2061-08-20,28.1,12.0,0.0
2061-08-21,29.7,12.5,0.0
2061-08-22,32.141491747398625,13.8,0.0
2061-08-23,31.9,13.61765851658209,0.0
2061-08-24,30.0,16.7,0.0
2061-08-25,30.0,15.5,0.0
2061-08-26,30.0,15.925613664520585,0.0
2061-08-27,30.0,15.5,0.0
2061-08-28,31.1,13.6,0.0
2061-08-29,33.19642808621562,11.8,0.0
2061-08-30,40.435546875,14.1,0.0
2061-08-31,37.7333984375,15.9,0.0
2061-09-01,34.7,16.0,0.0
2061-09-02,31.3,18.9,0.0
2061-09-03,28.66188225011918,17.1,0.0
2061-09-04,28.9,14.7,0.0
2061-09-05,30.4,13.4,0.0
2061-09-06,31.2,14.2,0.0
2061-09-07,31.7,14.1,0.0
2061-09-08,32.0,16.0,0.0
2061-09-09,31.9,17.9,0.0
2061-09-10,32.0,18.2,0.0
2061-09-11,33.1,17.8,0.0
2061-09-12,33.5,17.8,0.0
2061-09-13,33.4,18.3,0.0
2061-09-14,34.0,18.2,0.0
2061-09-15,34.9,17.9,0.0
2061-09-16,39.531494140625,18.286304744845435,0.0
2061-09-17,34.05178119057017,19.6,0.0
2061-09-18,31.8,18.6,0.0
2061-09-19,32.5,18.2,0.0
2061-09-20,33.9,18.1,0.0
2061-09-21,36.11537349352246,18.205814483459804,0.0
2061-09-22,39.80517578125,20.4,0.0
2061-09-23,33.4,20.4,0.0
2061-09-24,29.2,19.314479323431264,3.9
2061-09-25,33.325481111008884,17.9,0.0
2061-09-26,24.83247518610422,14.9,2.886075949367088
2061-09-27,15.36591796875,14.5,0.0
2061-09-28,21.57876311542837,13.8,0.0
2061-09-29,27.9,10.5,0.0
2061-09-30,28.6,13.23780077278848,0.0
2061-10-01,29.7,13.0,0.0
2061-10-02,30.7,12.42003556886788,0.0
2061-10-03,31.9,12.145031710935909,0.0
2061-10-04,32.8,13.2,0.0
2061-10-05,33.3,16.5,0.0
2061-10-06,34.6,16.9,0.0
2061-10-07,35.6,18.5,0.0
2061-10-08,35.8,19.7,0.0
2061-10-09,38.770361328125,19.1,0.0
2061-10-10,40.061865234375,20.8,0.0
2061-10-11,39.437109375,22.0,0.0
2061-10-12,35.82999641191243,22.1,0.0
2061-10-13,37.2,21.7,0.0
2061-10-14,39.242041015625,22.0,0.0
2061-10-15,38.0,21.7,0.0
2061-10-16,36.48873739185902,20.7,0.0
2061-10-17,38.0,20.0,0.0
2061-10-18,40.97080078125,21.36051084488566,0.0
2061-10-19,36.3,23.43505242402913,0.0
2061-10-20,35.43458264018005,21.099979598671396,0.0
2061-10-21,35.8,21.3,0.0
2061-10-22,36.3,21.2,0.0
2061-10-23,36.0,21.793595263724423,0.0
2061-10-24,36.31090615520109,21.733364946439487,0.0
2061-10-25,38.0,21.6,0.0
2061-10-26,36.49565044053741,23.0,0.0
2061-10-27,36.9,22.2,0.0
2061-10-28,36.0,23.74301768613639,0.0
2061-10-29,35.6,21.959635288947197,0.0
2061-10-30,36.74895108240639,21.4,0.0
2061-10-31,39.342626953125,21.402591111794546,0.0
2061-11-01,40.617919921875,23.314666023407373,0.0
2061-11-02,37.74939051052892,23.355116219430485,0.0
2061-11-03,37.79808714663801,23.2,0.0
2061-11-04,39.8994140625,23.229346425427416,0.0
2061-11-05,39.923095703125,23.51272588193644,0.0
2061-11-06,38.9768847641658,23.240503003142063,0.0
2061-11-07,40.09228515625,23.534645749625472,0.0
2061-11-08,40.008544921875,23.704455357545918,0.0
2061-11-09,39.599609375,24.009375,0.0
2061-11-10,38.63656689777752,23.38012864117351,0.0
2061-11-11,40.278076171875,23.726860791924285,0.0
2061-11-12,37.80146216102181,23.578069284984213,0.0
2061-11-13,37.743283341643945,23.023186539644502,0.0
2061-11-14,39.501220703125,23.3,0.0
2061-11-15,39.938232421875,23.451752579092464,0.0
2061-11-16,36.0,21.3,0.0
2061-11-17,37.42659243491075,20.9,0.0
2061-11-18,36.09248382679512,21.9,0.0
2061-11-19,31.0,21.4,0.0
2061-11-20,32.9,21.2,0.0
2061-11-21,36.0,20.4,0.0
2061-11-22,37.815685435924955,21.5,0.0
2061-11-23,37.94556480380498,23.3,0.0
2061-11-24,37.90185033178626,22.3,0.0
2061-11-25,36.420280578906734,22.254660166055718,0.0
2061-11-26,36.3,22.512412405560355,0.0
2061-11-27,37.77052452917033,22.3,0.0
2061-11-28,36.2,21.946715609936977,0.0
2061-11-29,35.7,21.54781573211523,0.0
2061-11-30,34.4,22.282577084433395,0.0
2061-12-01,32.0,20.685080795050506,9.8
2061-12-02,31.0,20.5,0.0
2061-12-03,32.4,20.35854973397253,3.6
2061-12-04,25.2,19.51229313800135,11.567446808510642
2061-12-05,27.7,19.4,2.4
2061-12-06,31.1,20.1,0.0
2061-12-07,32.4,19.0,0.0
2061-12-08,32.77731849323588,17.4,0.0
2061-12-09,31.6,20.300101435562024,0.0
2061-12-10,31.7,17.6,0.0
2061-12-11,33.23207678666472,16.0,0.0
2061-12-12,34.411181640625,19.9,0.0
2061-12-13,33.7,21.66604742391719,0.0
2061-12-14,30.5,20.122139627708183,0.0
2061-12-15,31.7,19.7,0.0
2061-12-16,33.1,19.9,0.0
2061-12-17,32.75490452574066,19.88613835867736,0.0
2061-12-18,32.820984253743525,20.276296646939386,13.720425531914909
2061-12-19,32.1,20.337671965850962,1.6221276595744685
2061-12-20,31.6,20.138435182826065,11.467234042553192
2061-12-21,31.5,20.239301302807213,0.0
2061-12-22,32.1,20.3,12.8
2061-12-23,31.8,20.394716776728583,6.6
2061-12-24,32.12610894535808,20.3,7.613829787234045
2061-12-25,25.4,20.176488275536517,55.37999999999998
2061-12-26,25.7,20.2,33.10131914893616
2061-12-27,29.5,20.3,0.0
2061-12-28,30.7,20.3,0.0
2061-12-29,29.6,20.3,19.51574468085107
2061-12-30,26.2,20.091698437441874,15.534808510638301
2061-12-31,24.2,19.4,114.9
2062-01-01,23.2,18.8,70.6
2062-01-02,26.4,19.3,25.683271375464685
2062-01-03,29.8,19.6,0.0
2062-01-04,32.0,19.216564839216545,0.2
2062-01-05,31.1,19.8,10.0
2062-01-06,30.5,19.8,9.514126394052045
2062-01-07,28.5,19.7,0.0
2062-01-08,29.9,17.2,0.0
2062-01-09,31.6,16.3,0.0
2062-01-10,31.0,17.7,0.0
2062-01-11,31.93022691598876,16.7,0.0
2062-01-12,32.78466922968792,17.0,0.0
2062-01-13,31.8,19.4,0.0
2062-01-14,31.7,19.7,0.0
2062-01-15,30.9,19.6,0.0
2062-01-16,30.9,18.6,0.0
2062-01-17,31.1,17.7,0.0
2062-01-18,30.3,19.174351329318878,0.0
2062-01-19,31.07028351937672,19.6,0.0
2062-01-20,30.4,19.6,0.0
2062-01-21,31.7,19.6,0.0
2062-01-22,31.8,19.9,0.0
2062-01-23,32.6,19.7,0.0
2062-01-24,36.053946363207814,19.6,0.0
2062-01-25,37.45576171875,19.8,0.0
2062-01-26,37.958935546875,20.018556560259437,1.0
2062-01-27,31.9,19.806359915485984,1.6
2062-01-28,30.4,19.96120573928492,35.66443618339524
2062-01-29,32.40038000014444,19.8,0.0
2062-01-30,36.11248980754368,19.7,0.0
2062-01-31,32.642530085694126,19.832246818980423,1.6
2062-02-01,31.9,19.85110563339676,0.9093821510297486
2062-02-02,30.4,20.334897228902584,14.069107551487415
2062-02-03,27.02853624901497,19.96496895306246,0.0
2062-02-04,29.6,20.18864616151395,0.0
2062-02-05,31.232904454068073,19.0,0.0
2062-02-06,30.0,18.8,10.2
2062-02-07,30.5,20.042077521651404,9.809610983981692
2062-02-08,30.6,19.868480756772527,0.0
2062-02-09,30.5,19.099050918728437,0.0
2062-02-10,31.639202739056,19.88776332882227,1.3
2062-02-11,31.663208608461726,19.9,41.91933638443936
2062-02-12,29.0,19.88637609342301,22.582379862700233
2062-02-13,28.0,19.9,1.9
2062-02-14,31.8,19.872503739430382,2.3
2062-02-15,32.15727794663966,20.158810537424827,0.5
2062-02-16,28.5,19.9,18.28443935926774
2062-02-17,28.4,20.045695634886076,1.4
2062-02-18,32.81824379922416,19.9,0.0
2062-02-19,34.773144498952654,19.0,0.0
2062-02-20,35.54979812038363,18.7,0.0
2062-02-21,36.13212890625,20.355084213218642,0.0
2062-02-22,34.57246827496654,20.533825922030776,0.0
2062-02-23,34.756862452381775,19.827696036034197,0.0
2062-02-24,34.19998674945105,20.07886167287055,0.0
2062-02-25,32.06941728963006,19.851209676051706,0.0
2062-02-26,34.769073987309966,20.095972333376174,0.0
2062-02-27,33.78141190563699,20.321962853190083,1.4
2062-02-28,30.5,19.71086180958521,1.1631578947368422
2062-03-01,30.0,19.9,1.4
2062-03-02,30.0,19.9,0.0
2062-03-03,32.0,19.709445014644402,0.0
2062-03-04,32.1,17.8,0.0
2062-03-05,32.872727272727275,19.4,0.0
2062-03-06,30.7,19.0,0.5
2062-03-07,31.2,19.926061531224533,0.0
2062-03-08,31.3,19.02708106551039,0.5
2062-03-09,27.7,19.958844220875054,7.0
2062-03-10,28.9,19.94113962290356,9.0
2062-03-11,31.1,19.9,2.0
2062-03-12,33.0,19.3,4.9799999999999995
2062-03-13,33.439568345323735,18.4,0.0
2062-03-14,34.12385853787276,20.75720459346356,0.0
2062-03-15,34.71187648456055,19.9,0.5
2062-03-16,34.13272631301132,19.9,2.4
2062-03-17,32.4,20.25891332205648,0.8
2062-03-18,33.0,19.956181235328515,4.6
2062-03-19,32.0,19.9,11.379999999999995
2062-03-20,30.4,19.90568178795515,0.0
2062-03-21,31.684848484848484,18.0,0.0
2062-03-22,31.2,15.9,0.0
2062-03-23,31.5,15.072627475898958,0.0
2062-03-24,30.3,17.7,0.0
2062-03-25,28.8,19.9,0.0
2062-03-26,26.7,19.95826055281006,0.0
2062-03-27,27.6,18.7,0.0
2062-03-28,30.0,18.0,0.1
2062-03-29,30.2,19.0,1.8
2062-03-30,28.2,19.0,1.8
2062-03-31,29.826562499999998,19.9,0.0
2062-04-01,28.3,19.4,2.5174129353233834
2062-04-02,29.7,18.1,0.0
2062-04-03,29.9,17.5,0.0
2062-04-04,30.1,18.2,0.0
2062-04-05,31.1,17.4,0.0
2062-04-06,25.5,17.6,0.0
2062-04-07,29.1,19.2275944198707,0.0
2062-04-08,27.6,19.4,0.0
2062-04-09,29.6,16.5,0.0
2062-04-10,30.0,15.0,0.0
2062-04-11,29.6,16.2,0.0
2062-04-12,28.4,17.4,0.0
2062-04-13,27.0,15.8,0.0
2062-04-14,29.5,14.1,0.0
2062-04-15,31.1,14.3,0.0
2062-04-16,32.87922606924643,14.9,0.0
2062-04-17,34.00999320190346,15.4,0.0
2062-04-18,35.46838487972512,16.4,0.0
2062-04-19,33.75675182481751,17.250331125827813,0.0
2062-04-20,32.5,16.97692307692307,0.0
2062-04-21,30.0,19.0,0.0
2062-04-22,27.4,19.07183734939759,0.0
2062-04-23,31.21412556053811,19.2,0.0
2062-04-24,32.1448275862069,20.934619140625,0.0
2062-04-25,31.944303797468354,22.75712890625,0.0
2062-04-26,29.5,20.620654296875,0.0
2062-04-27,29.961386138613864,19.7,0.0
2062-04-28,28.0,19.7,0.0
2062-04-29,28.4,18.5,0.0
2062-04-30,27.0,17.3,0.0
2062-05-01,27.5,14.9,0.0
2062-05-02,27.4,15.2,0.0
2062-05-03,27.0,18.20323228977692,0.0
2062-05-04,26.9,17.992927448869732,0.0
2062-05-05,27.0,14.8,0.0
2062-05-06,25.0,13.0,0.0
2062-05-07,27.4,14.5,0.0
2062-05-08,26.90488389973857,13.8,0.0
2062-05-09,26.1,13.0,0.0
2062-05-10,27.0,11.677520146626705,0.0
2062-05-11,28.0,13.0,0.0
2062-05-12,30.0,12.9,0.0
2062-05-13,30.833493082910888,13.6,0.0
2062-05-14,32.7,14.4,0.0
2062-05-15,32.70467385953054,15.1,0.0
2062-05-16,24.4,15.9,0.1
2062-05-17,27.5,13.7,0.0
2062-05-18,28.1,12.2,0.0
2062-05-19,29.3,11.75656620021527,0.0
2062-05-20,30.0,11.527798708288477,0.0
2062-05-21,31.0,11.3,0.0
2062-05-22,32.7,11.5,0.0
2062-05-23,30.4,16.033134357569214,0.0
2062-05-24,26.5,16.2,0.0
2062-05-25,27.2,14.2,0.0
2062-05-26,26.7,11.9,0.0
2062-05-27,26.9,10.0,0.0
2062-05-28,28.0,11.067933444016703,0.0
2062-05-29,28.9,13.0,0.0
2062-05-30,28.7,14.0,0.0
2062-05-31,28.8,14.7,0.0
2062-06-01,27.9,15.577909682533608,0.0
2062-06-02,27.9,14.2,0.0
2062-06-03,27.879691109780097,13.5,0.0
2062-06-04,28.04248038014589,12.9,0.0
2062-06-05,29.256711860138108,12.9,0.0
2062-06-06,29.411619813260526,13.6,0.0
2062-06-07,27.5,15.329224013414578,0.0
2062-06-08,27.0,14.092532443455696,0.0
2062-06-09,27.850975442799697,11.8,0.0
2062-06-10,28.0,9.9,0.0
2062-06-11,29.0,12.237494090656291,0.0
2062-06-12,23.5,15.448337809851967,0.0
2062-06-13,24.1,14.5,0.0
2062-06-14,21.9,14.2,0.0
2062-06-15,23.0,14.0,0.0
2062-06-16,22.7,12.3,0.0
2062-06-17,24.4,11.5,0.0
2062-06-18,25.0,10.23898776418243,0.0
2062-06-19,26.0,9.5037800284917,0.0
2062-06-20,26.6,8.5,0.0
2062-06-21,27.0,10.2,0.0
2062-06-22,27.0,10.073371085718142,0.0
2062-06-23,26.0,13.4,0.0
2062-06-24,22.52751999576249,12.699421579532823,0.0
2062-06-25,24.8,10.9,0.0
2062-06-26,24.6,9.0,0.0
2062-06-27,25.2,8.1,0.0
2062-06-28,26.7,5.6,0.0
2062-06-29,27.6,6.9,0.0
2062-06-30,27.6,8.3,0.0
2062-07-01,28.089009687836366,9.2,0.0
2062-07-02,28.8,10.5,0.0
2062-07-03,29.2,11.0,0.0
2062-07-04,29.2,12.6,0.0
2062-07-05,29.4,11.265918688415997,0.0
2062-07-06,30.664664436373386,13.6,0.0
2062-07-07,30.7,14.0,0.0
2062-07-08,31.113920238794922,14.6,0.0
2062-07-09,30.693721621196037,14.275313957660565,0.0
2062-07-10,29.2,14.4,0.0
2062-07-11,30.0,12.2,0.0
2062-07-12,29.2,12.0,0.0
2062-07-13,23.8,15.2,0.0
2062-07-14,24.0,11.1,0.0
2062-07-15,25.1,8.4,0.0
2062-07-16,23.0,10.2,0.0
2062-07-17,22.0,11.7,0.0
2062-07-18,25.4,10.6,0.0
2062-07-19,25.4,13.6,0.0
2062-07-20,28.0,12.4,0.0
2062-07-21,29.2,15.0,0.0
2062-07-22,30.247834700195977,14.766564544174871,0.0
2062-07-23,29.460638393680373,15.300664284846679,0.0
2062-07-24,28.2,15.3,0.0
2062-07-25,27.929549046103098,13.2,0.0
2062-07-26,28.6,14.2,0.0
2062-07-27,29.1,15.035835052492502,0.0
2062-07-28,29.2,15.2,0.0
2062-07-29,29.2,15.149396187029874,0.0
2062-07-30,29.43423936117745,14.2,0.0
2062-07-31,31.26471455615993,14.4,0.0
2062-08-01,32.9,14.4,0.0
2062-08-02,30.5,16.4,0.0
2062-08-03,28.331480575398768,15.4,0.0
2062-08-04,25.0,13.7,0.0
2062-08-05,24.1,10.7,0.0
2062-08-06,24.5,9.2,0.0
2062-08-07,25.5,7.9,0.0
2062-08-08,25.4,10.2,0.0
2062-08-09,25.9,10.1,0.0
2062-08-10,24.3,11.0,0.0
2062-08-11,24.4,9.7,0.0
2062-08-12,25.2,9.7,0.0
2062-08-13,26.8,10.2,0.0
2062-08-14,28.9,12.0,0.0
2062-08-15,29.5,12.9,0.0
2062-08-16,29.5,12.9,0.0
2062-08-17,30.5,12.9,0.0
2062-08-18,31.9,14.767001358767576,0.0
2062-08-19,31.4,16.0,0.0
2062-08-20,31.0,16.7,0.0
2062-08-21,31.1,15.7,0.0
2062-08-22,31.422143221347223,15.6,0.0
2062-08-23,30.2,15.4,0.0
2062-08-24,28.6,14.6,0.0
2062-08-25,27.8,13.2,0.0
2062-08-26,28.5,13.2,0.0
2062-08-27,30.9,13.5,0.0
2062-08-28,31.9,15.6,0.0
2062-08-29,31.0,17.5,0.0
2062-08-30,30.0,16.9,0.0
2062-08-31,31.2,16.3,0.0
2062-09-01,34.9,17.1,0.0
2062-09-02,36.0,20.6,0.0
2062-09-03,34.3,21.583265759362895,0.0
2062-09-04,34.4,20.392078740688316,0.0
2062-09-05,33.1,19.4,0.0
2062-09-06,33.0,18.6,0.0
2062-09-07,33.0889485048747,18.1,0.0
2062-09-08,32.9,18.231485796061207,0.0
2062-09-09,32.5,17.9,0.0
2062-09-10,33.5,18.0,0.0
2062-09-11,33.7,18.9,0.0
2062-09-12,33.7,18.9,0.0
2062-09-13,33.38486901154539,19.3,0.0
2062-09-14,32.5,19.3,0.0
2062-09-15,32.6,18.37270990756012,0.0
2062-09-16,32.4,19.181901061239213,0.0
2062-09-17,32.8,19.018542488286652,0.0
2062-09-18,33.4,19.0,0.0
2062-09-19,36.080025425075476,19.6,0.0
2062-09-20,39.417724609375,22.752436667689135,0.0
2062-09-21,34.0,20.5,0.0
2062-09-22,31.7,18.9,0.0
2062-09-23,31.6,19.3,0.0
2062-09-24,35.2,19.6,0.0
2062-09-25,35.3,21.419896699120788,0.0
2062-09-26,39.68505859375,20.0,0.0
2062-09-27,36.42802924426949,21.413415180338145,0.0
2062-09-28,36.01860448668077,21.10539757103101,0.0
2062-09-29,36.179207417524395,20.5,0.0
2062-09-30,39.16259765625,21.139127487298044,0.0
2062-10-01,38.518408203125,21.7,0.0
2062-10-02,39.067236328125,21.0,0.0
2062-10-03,38.0,21.972282342150677,0.0
2062-10-04,35.8,22.0,0.0
2062-10-05,37.2,21.4,0.0
2062-10-06,36.560640197203874,22.137798084346763,0.0
2062-10-07,39.01376953125,22.0,0.0
2062-10-08,40.089697265625,22.42630553945513,0.0
2062-10-09,37.2,21.4,0.0
2062-10-10,33.0,20.0,0.0
2062-10-11,26.8,15.5,14.805830508474592
2062-10-12,23.694138369703495,14.975363195650294,0.0
2062-10-13,27.4,15.7,0.0
2062-10-14,30.1,15.9,0.0
2062-10-15,30.2,18.2,0.0
2062-10-16,30.2,17.4,0.4
2062-10-17,25.22819859120352,17.711166057402288,0.0
2062-10-18,26.6,17.5,0.0
2062-10-19,29.8,15.6,0.0
2062-10-20,31.0,14.172732238168093,0.0
2062-10-21,32.1,15.4,0.0
2062-10-22,33.2,16.0,0.0
2062-10-23,34.9,17.0,0.0
2062-10-24,36.0,19.5,0.0
2062-10-25,36.0,21.0,0.0
2062-10-26,37.2,21.3,0.0
2062-10-27,38.0,21.7,0.0
2062-10-28,36.6,22.0,0.0
2062-10-29,35.5,21.9,0.0
2062-10-30,37.2,21.3,0.0
2062-10-31,38.938818359375,22.0,0.0
2062-11-01,36.0,22.9,0.0
2062-11-02,34.6,22.1,7.114285714285714
2062-11-03,35.7,21.2,0.0
2062-11-04,31.11535038932146,21.5,6.5875
2062-11-05,27.186932044935425,21.2,5.0
2062-11-06,32.1,21.0,0.0
2062-11-07,31.5,20.7,0.0
2062-11-08,32.6,19.9,0.0
2062-11-09,34.26468298109009,19.0,0.0
2062-11-10,35.9,18.8,0.0
2062-11-11,35.7,21.3,0.0
2062-11-12,34.0,21.5,0.0
2062-11-13,35.7,21.2,2.8
2062-11-14,32.5,21.1,0.2
2062-11-15,34.2,21.2,13.5
2062-11-16,32.6,21.2,40.1
2062-11-17,28.4,21.1,34.445454545454545
2062-11-18,27.789944382647384,21.2,18.95
2062-11-19,28.7,20.6,0.0
2062-11-20,32.9,21.5,22.5
2062-11-21,32.6,19.5,0.0
2062-11-22,32.1,17.0,0.0
2062-11-23,32.7,16.3,0.0
2062-11-24,29.1,20.1,11.4
2062-11-25,30.416506991041416,21.1,0.0
2062-11-26,31.1,20.3,0.8
2062-11-27,32.6,20.4,0.2
2062-11-28,32.6,19.6,0.0
2062-11-29,26.900424000523454,20.173420015773853,0.0
2062-11-30,30.5,21.0,0.0
2062-12-01,30.6,20.2,31.473617021276578
2062-12-02,30.7,19.9,10.0
2062-12-03,29.5,20.3,15.176291793313077
2062-12-04,28.3,20.342733242971338,0.0
2062-12-05,30.2,20.2,0.1
2062-12-06,30.3,20.3,0.0
2062-12-07,31.531015084713268,20.76275506548895,0.0
2062-12-08,30.0,20.3,0.0
2062-12-09,28.9,21.0,43.2
2062-12-10,32.4,20.5,0.5
2062-12-11,25.2,20.3,1.4
2062-12-12,27.5,19.9,0.0
2062-12-13,30.0,17.5,0.0
2062-12-14,32.0,16.8,0.0
2062-12-15,33.35011357008387,17.8,0.0
2062-12-16,33.30139484927659,19.9,0.0
2062-12-17,33.1,19.9,0.0
2062-12-18,30.23873568842352,20.3,0.0
2062-12-19,32.1,20.2,0.0
2062-12-20,32.88878008780481,19.3,0.0
2062-12-21,33.276825064135075,17.4,0.0
2062-12-22,32.4,20.3,0.0
2062-12-23,32.1,19.4,0.0
2062-12-24,32.1,18.0,0.0
2062-12-25,32.0,19.4,0.0
2062-12-26,32.1,18.3,0.0
2062-12-27,32.37061696221176,19.0,0.0
2062-12-28,32.1,20.1,10.4
2062-12-29,31.602637244348745,19.9,9.361276595744682
2062-12-30,31.2,20.2,25.0
2062-12-31,30.1,20.1,0.0
2063-01-01,28.0,19.8,11.0
2063-01-02,30.2,19.8,12.2
2063-01-03,31.1,19.6,0.0
2063-01-04,32.6,18.4,0.0
2063-01-05,33.31141116316866,18.5,0.0
2063-01-06,32.01198951154764,20.306529042253477,27.01017657992565
2063-01-07,32.6,20.070413351232375,6.2
2063-01-08,30.8,19.9,2.6273234200743496
2063-01-09,28.7,19.8,56.98694237918216
2063-01-10,30.0,19.80806828760945,57.156006040892116
2063-01-11,28.4,19.8,1.0
2063-01-12,29.8,17.8,0.0
2063-01-13,31.911223493419797,19.7,0.0
2063-01-14,32.94344607240394,18.4,0.0
2063-01-15,30.2,20.06287588468226,8.153531598513007
2063-01-16,29.5,19.9,0.5
2063-01-17,31.1,18.5,0.0
2063-01-18,32.014483487774335,16.9,0.0
2063-01-19,32.6,16.6,0.0
2063-01-20,32.8499919360247,17.7,0.0
2063-01-21,36.26410231723383,19.241652747361492,0.0
2063-01-22,32.6,19.7,0.0
2063-01-23,32.6,20.00619805179256,0.0
2063-01-24,32.62337386682703,19.820304999563593,15.168959107806685
2063-01-25,30.9,19.8,11.0
2063-01-26,30.95896988037451,19.880501961451493,32.91445167286245
2063-01-27,30.0,19.869730937057955,30.290055762081774
2063-01-28,30.8,19.9,11.0
2063-01-29,30.0,19.9,38.26970260223047
2063-01-30,28.505989995567656,19.9,5.9
2063-01-31,28.9,19.93699040437802,1.2
2063-02-01,27.7,20.08240440874617,23.916475972540056
2063-02-02,31.9,18.6,0.0
2063-02-03,32.0,19.198110121502005,0.0
2063-02-04,32.77293022348955,19.723982981760336,0.0
2063-02-05,32.0,20.634760843611236,0.0
2063-02-06,31.8,19.851140314281736,0.0
2063-02-07,32.885418092166,20.05489167269086,0.0
2063-02-08,32.9,19.834216042410738,0.0
2063-02-09,33.28215359991169,18.5,0.0
2063-02-10,32.95119370868915,19.0,0.0
2063-02-11,35.12646490954073,20.803662109375,0.0
2063-02-12,30.102303367196992,20.459762416659125,1.4
2063-02-13,25.5,19.9,33.87536231884063
2063-02-14,28.85433053943692,19.9,0.0
2063-02-15,30.42209463769747,19.86563692420404,0.3
2063-02-16,28.77239773622752,19.749873160398703,0.0
2063-02-17,31.4,19.2,1.4
2063-02-18,27.9,18.0,2.4274599542334108
2063-02-19,30.4,16.5,0.0
2063-02-20,30.5,20.398900664275608,0.9
2063-02-21,31.4,19.76233305146755,3.8
2063-02-22,30.0,19.9,29.15972540045768
2063-02-23,31.8,19.1,0.0
2063-02-24,31.6,18.9,0.9093821510297486
2063-02-25,32.9,17.3,0.0
2063-02-26,35.65196796261585,19.9,1.4
2063-02-27,30.42055987091448,19.775685707317024,4.2791762013730015
2063-02-28,31.8,17.7,0.0
2063-03-01,33.0,17.6,0.0
2063-03-02,32.9,16.6,0.0
2063-03-03,32.03941605839417,18.6,0.0
2063-03-04,33.238617886178865,19.0,0.0
2063-03-05,32.985852090032154,19.3,1.3
2063-03-06,34.11140142517813,18.9,0.0
2063-03-07,34.29255740300872,18.3,0.0
2063-03-08,31.1,19.6,28.04615384615384
2063-03-09,29.0,19.9,9.0
2063-03-10,28.7,19.9,0.0
2063-03-11,25.9,19.9,2.3
2063-03-12,30.274603174603172,19.3,0.0
2063-03-13,28.7,19.933746494080296,1.9
2063-03-14,30.2,19.4,0.0
2063-03-15,30.5,19.072102973059025,0.0
2063-03-16,25.1,19.4,2.6
2063-03-17,29.8,19.3,0.9
2063-03-18,31.9,19.9,3.9
2063-03-19,31.2,19.9,0.0
2063-03-20,31.5,18.3,0.0
2063-03-21,32.7,19.9,0.0
2063-03-22,31.93921568627451,20.3,0.0
2063-03-23,29.0,20.3,0.0
2063-03-24,27.6,18.9,0.0
2063-03-25,28.0,17.8,0.0
2063-03-26,27.2,17.2,0.0
2063-03-27,27.4,17.7,0.0
2063-03-28,28.2,17.9,0.0
2063-03-29,28.7,18.4,0.0
2063-03-30,30.1,16.9,0.0
2063-03-31,30.8,16.2,0.0
2063-04-01,30.1,14.9,0.0
2063-04-02,31.0,15.4,0.0
2063-04-03,31.5,15.5,0.0
2063-04-04,31.3,16.4,0.0
2063-04-05,31.1,17.1,0.0
2063-04-06,30.8,16.7,0.0
2063-04-07,31.1,15.3,0.0
2063-04-08,30.8,14.6,0.0
2063-04-09,31.2,12.7,0.0
2063-04-10,30.624137931034486,14.2,0.0
2063-04-11,30.15531914893617,13.750781249999953,0.0
2063-04-12,29.6,17.4,0.0
2063-04-13,31.6,16.6,0.0
2063-04-14,32.5,17.3,0.0
2063-04-15,31.7,18.3,0.0
2063-04-16,31.5,15.7,0.0
2063-04-17,32.56363636363636,15.439896373056992,0.0
2063-04-18,33.21336206896552,18.2,0.0
2063-04-19,32.2,19.4,0.0
2063-04-20,32.7,19.7,0.0
2063-04-21,34.08276682528892,18.6,0.0
2063-04-22,34.01461590754589,17.4,0.0
2063-04-23,33.2,19.0,0.0
2063-04-24,32.7,19.4,0.0
2063-04-25,32.82586558044807,18.920370370370367,0.0
2063-04-26,33.87348586810228,19.0,0.0
2063-04-27,34.15687315634218,19.194291394490204,0.0
2063-04-28,36.529052734375,19.7,0.0
2063-04-29,36.744140625,21.9587890625,0.0
2063-04-30,31.5,21.252001953125,0.0
2063-05-01,26.2,19.8056640625,0.6
2063-05-02,27.6,15.9,0.0
2063-05-03,27.7,14.0,0.0
2063-05-04,27.8,13.3,0.0
2063-05-05,27.0,15.1,0.0
2063-05-06,26.9,18.327143111737502,0.0
2063-05-07,29.2,20.176513671875,0.0
2063-05-08,29.1,18.360616811598888,0.0
2063-05-09,30.0,17.9,0.0
2063-05-10,30.406268859517535,16.9,0.0
2063-05-11,31.12144309464007,17.5,0.0
2063-05-12,31.907205815821907,18.29810791351517,0.0
2063-05-13,32.98972817624115,18.658282816837477,0.0
2063-05-14,33.8,18.207333248022117,0.0
2063-05-15,32.60032059289838,17.94914015069966,0.0
2063-05-16,30.812098132987167,17.2,0.0
2063-05-17,30.70627018299245,16.2,0.0
2063-05-18,30.579431136085805,16.9,0.0
2063-05-19,30.2,16.070453077600536,0.0
2063-05-20,29.5,15.9,0.0
2063-05-21,30.0,16.3,0.0
2063-05-22,31.6,17.45792341996,0.0
2063-05-23,32.7,18.20944884327453,0.0
2063-05-24,31.0,18.131216361679208,0.0
2063-05-25,30.1,16.65238281632252,0.0
2063-05-26,30.7,15.2,0.0
2063-05-27,33.00932770386771,15.158496078732878,0.0
2063-05-28,32.7,17.2,0.0
2063-05-29,28.4,17.490875595878805,0.0
2063-05-30,28.0,17.475125572812537,0.0
2063-05-31,29.326290128537956,16.2,0.0
2063-06-01,28.6,17.646880251985163,0.0
2063-06-02,27.2,14.2,0.0
2063-06-03,27.1,11.9,0.0
2063-06-04,29.9,12.0,0.0
2063-06-05,32.81259765625,13.2,0.0
2063-06-06,34.2466796875,18.69124204129882,0.0
2063-06-07,34.942236328125,25.618115234375,0.0
2063-06-08,32.21005859375,22.60712890625,0.0
2063-06-09,33.44736328125,21.95234375,0.0
2063-06-10,31.6900390625,19.80537109375,0.0
2063-06-11,29.4,19.08585683628879,0.0
2063-06-12,28.6,15.47143695014664,0.0
2063-06-13,26.2,16.766686794851438,0.0
2063-06-14,21.8,15.918892942147867,0.0
2063-06-15,25.3,12.9,0.0
2063-06-16,26.2,10.9,0.0
2063-06-17,27.1,11.9,0.0
2063-06-18,27.9,12.6,0.0
2063-06-19,27.9,13.0,0.0
2063-06-20,27.6,13.0,0.0
2063-06-21,28.0,12.4,0.0
2063-06-22,29.555569288235212,13.0,0.0
2063-06-23,30.54995618473812,13.7,0.0
2063-06-24,30.607387518698943,15.379889734771561,0.0
2063-06-25,29.0,16.4,0.0
2063-06-26,28.5,14.2,0.0
2063-06-27,28.5,13.5,0.0
2063-06-28,29.59197283474013,14.2,0.0
2063-06-29,29.601104992691628,14.4,0.0
2063-06-30,28.0,14.2,0.0
2063-07-01,28.0,13.5,0.0
2063-07-02,29.2,13.4,0.0
2063-07-03,29.2,13.463740157956481,0.0
2063-07-04,27.739342067263504,15.0,0.0
2063-07-05,26.6,14.193266768122916,0.0
2063-07-06,26.0,12.2,0.0
2063-07-07,27.4,9.0,0.0
2063-07-08,28.604214659313456,9.0,0.0
2063-07-09,26.4,14.192138376452228,0.0
2063-07-10,25.4,12.612829655543596,0.0
2063-07-11,26.0,15.984789820871613,0.0
2063-07-12,27.6,16.0,0.0
2063-07-13,28.3,15.1,0.0
2063-07-14,26.0,17.062158203125,0.0
2063-07-15,28.2,15.447175745189554,0.0
2063-07-16,28.0,15.429862147991235,0.0
2063-07-17,26.3,15.329726956310484,0.0
2063-07-18,24.7,15.0,0.0
2063-07-19,26.0,12.9,0.0
2063-07-20,27.18400128646065,15.2,0.0
2063-07-21,24.5,15.03199892166178,0.0
2063-07-22,26.0,12.6,0.0
2063-07-23,24.0,13.069214208826693,0.0
2063-07-24,27.3,12.1,0.0
2063-07-25,28.2,12.7,0.0
2063-07-26,28.8,14.3,0.0
2063-07-27,29.176573050200595,15.0,0.0
2063-07-28,28.87613333568617,15.298154357000207,0.0
2063-07-29,28.8,15.0,0.0
2063-07-30,30.0,13.6,0.0
2063-07-31,30.7,15.0,0.0
2063-08-01,29.4,13.1,0.0
2063-08-02,30.5,10.7,0.0
2063-08-03,21.4,10.9,0.0
2063-08-04,20.403284161833092,7.667937567276641,0.0
2063-08-05,22.0,6.5,0.0
2063-08-06,23.5,6.1,0.0
2063-08-07,24.454431906759215,7.1,0.0
2063-08-08,26.3,8.1,0.0
2063-08-09,27.7,11.7,0.0
2063-08-10,27.7,13.4,0.0
2063-08-11,30.0,14.2,0.0
2063-08-12,33.03480316776872,14.6,0.0
2063-08-13,33.1,15.561913757583099,0.0
2063-08-14,32.44379355277319,16.7,0.0
2063-08-15,25.9,17.2,0.0
2063-08-16,25.6,15.7,0.0
2063-08-17,26.094548421820203,13.25187082884822,0.0
2063-08-18,27.0,10.9,0.0
2063-08-19,28.0,11.5,0.0
2063-08-20,29.640735045363673,11.0,0.0
2063-08-21,30.0,12.9,0.0
2063-08-22,29.8,13.7,0.0
2063-08-23,28.5,14.2,0.0
2063-08-24,27.2,14.6,0.0
2063-08-25,27.6,13.7,0.0
2063-08-26,28.9,13.7,0.0
2063-08-27,30.0,15.2,0.0
2063-08-28,31.9,16.405737877077357,0.0
2063-08-29,31.9,16.7,0.0
2063-08-30,31.9,16.7,0.0
2063-08-31,28.5,18.0,0.0
2063-09-01,28.2,15.131570881226054,0.0
2063-09-02,29.48354653318502,14.7,0.0
2063-09-03,30.5,15.4,0.0
2063-09-04,29.7,16.7,0.0
2063-09-05,31.3,15.859246899847575,0.0
2063-09-06,32.8,17.0,0.0
2063-09-07,32.9,18.0,0.0
2063-09-08,32.05629506035513,17.9,0.0
2063-09-09,31.2,17.0,0.0
2063-09-10,31.1,17.0,0.0
2063-09-11,31.0,17.8,0.0
2063-09-12,31.020584887601206,18.6,0.0
2063-09-13,31.6,17.9,0.0
2063-09-14,32.4,17.5,0.0
2063-09-15,32.1,18.7,0.0
2063-09-16,31.6,18.7,0.0
2063-09-17,29.6,17.59887863391758,0.0
2063-09-18,28.9,15.215011123470523,0.0
2063-09-19,31.5,16.6,0.0
2063-09-20,33.0,18.3,0.0
2063-09-21,34.9,19.546965909834455,0.0
2063-09-22,36.060904137429226,20.5,0.0
2063-09-23,39.896484375,20.0,0.0
2063-09-24,41.668701171875,20.5,0.0
2063-09-25,40.877685546875,21.415522668040474,0.0
2063-09-26,41.119384765625,21.68840548961396,0.0
2063-09-27,41.616455078125,21.2,0.0
2063-09-28,36.05458884976624,22.81688019660586,0.0
2063-09-29,33.8,20.5,0.0
2063-09-30,33.7,19.6,0.0
2063-10-01,36.0,19.7,0.0
2063-10-02,38.0,20.9,0.0
2063-10-03,36.0,22.0,0.0
2063-10-04,36.5,20.7,0.0
2063-10-05,38.535009765625,20.0,0.0
2063-10-06,39.114599609375,21.3,0.0
2063-10-07,38.640966796875,21.9,0.0
2063-10-08,38.79990234375,21.6,0.0
2063-10-09,39.709814453125,21.764488590947348,0.0
2063-10-10,37.87306562551308,22.6,0.0
2063-10-11,36.0,22.0,0.0
2063-10-12,37.2,21.9,0.0
2063-10-13,38.967626953125,22.13225656888873,0.0
2063-10-14,40.058935546875,23.562890306842846,0.0
2063-10-15,36.0,23.494390810010753,0.0
2063-10-16,35.582404570671514,21.9,0.0
2063-10-17,37.2,22.927125941872973,0.0
2063-10-18,39.632666015625,25.5275390625,0.0
2063-10-19,39.15048828125,27.472607421875,0.0
2063-10-20,37.5410758169669,20.0,0.0
2063-10-21,27.4,19.0,0.0
2063-10-22,26.6,17.7,0.0
2063-10-23,27.3,16.37620119385458,0.0
2063-10-24,30.6,16.8,0.0
2063-10-25,32.5,17.2,0.0
2063-10-26,35.0,18.6,0.0
2063-10-27,36.0,20.7,0.0
2063-10-28,36.035718154580266,21.3,0.0
2063-10-29,38.95615234375,21.5642077502691,0.0
2063-10-30,38.87119140625,22.22801685637724,0.0
2063-10-31,38.494482421875,24.4337890625,0.0
2063-11-01,40.591796875,23.395162989296455,0.0
2063-11-02,42.149169921875,22.9,0.0
2063-11-03,40.98486328125,23.630233020750637,0.0
2063-11-04,35.2,22.3,0.0
2063-11-05,35.3,22.3,0.0
2063-11-06,36.0,23.281824873093974,0.0
2063-11-07,38.27009368397249,22.9,0.0
2063-11-08,40.7587890625,22.0,0.0
2063-11-09,40.56494140625,23.326903283507452,0.0
2063-11-10,39.62939453125,23.352103970790466,0.0
2063-11-11,39.7265625,23.3,0.0
2063-11-12,35.7,21.63615725955961,15.462962962962962
2063-11-13,34.5,21.5,1.0
2063-11-14,33.9,21.3,5.94
2063-11-15,34.12282889745043,21.3,10.633333333333333
2063-11-16,34.4,21.5,1.0
2063-11-17,32.9,21.229196119942113,7.0
2063-11-18,34.4,21.3,0.0
2063-11-19,32.4,21.2,0.0
2063-11-20,34.0,21.5,3.8
2063-11-21,35.0,21.3,0.0
2063-11-22,31.0,21.2,15.470370370370372
2063-11-23,28.751751421915333,21.3,64.55454545454546
2063-11-24,32.5,21.3,10.566666666666666
2063-11-25,34.0,21.145348668845944,0.0
2063-11-26,33.9,20.6,0.0
2063-11-27,34.0,20.946525379076164,0.0
2063-11-28,33.3,21.5,0.0
2063-11-29,31.9,21.5,0.7750000000000001
2063-11-30,29.4,21.0,0.0
2063-12-01,27.6,19.9,10.863829787234062
2063-12-02,24.9,18.0,0.0
2063-12-03,25.6,18.0,0.0
2063-12-04,27.0,17.1,0.0
2063-12-05,30.7,16.303065437838512,0.0
2063-12-06,32.1,17.8,0.0
2063-12-07,27.2,20.2,0.0
2063-12-08,31.0,20.645234353591643,0.0
2063-12-09,29.6,20.322277247943134,0.0
2063-12-10,31.5,20.15968601253804,0.4
2063-12-11,30.92106805406051,19.8,2.7
2063-12-12,29.0,19.9,2.7
2063-12-13,27.6,20.662550008313126,0.0
2063-12-14,30.6,20.1,0.0
2063-12-15,28.4,20.0,5.0
2063-12-16,28.3,20.2,0.0
2063-12-17,30.7,20.574769272344934,43.13226063829787
2063-12-18,26.1,19.9,4.0
2063-12-19,25.4,19.8,0.0
2063-12-20,29.5,19.4,0.0
2063-12-21,31.727135347539367,18.4,0.0
2063-12-22,32.0,16.9,0.0
2063-12-23,32.4,16.5,0.0
2063-12-24,33.7,18.7,0.0
2063-12-25,29.5,19.8,0.0
2063-12-26,32.84602595821661,18.5,1.3
2063-12-27,30.0,20.00789357248047,0.0
2063-12-28,27.3,19.9,0.0
2063-12-29,29.2,19.9,1.7
2063-12-30,27.1,19.9,0.0
2063-12-31,27.3,20.1,0.0
2064-01-01,30.4,19.4,1.821747211895909
2064-01-02,28.0,19.8,8.153531598513007
2064-01-03,29.9,19.8,25.733364312267657
2064-01-04,30.373582015401173,19.99210201045213,0.35120817843866176
2064-01-05,32.02170741891369,19.8,0.0
2064-01-06,32.6,19.947660324559344,0.9
2064-01-07,36.9533203125,19.8,0.0
2064-01-08,32.607681561047094,20.070070739116453,0.7
2064-01-09,28.5,19.6,0.9
2064-01-10,31.1,18.6,1.6
2064-01-11,29.8,19.8,16.142007434944226
2064-01-12,29.7,19.6,8.7092936802974
2064-01-13,30.5,19.7,68.1792441140024
2064-01-14,29.8,19.6,7.302973977695163
2064-01-15,28.1,19.8,0.0
2064-01-16,28.2,19.8,0.0
2064-01-17,29.8,19.8,0.0
2064-01-18,30.7,19.8,0.0
2064-01-19,31.0,19.84978547816991,3.4
2064-01-20,25.66008591299893,19.8,69.4735858535115
2064-01-21,28.6,18.1,0.0
2064-01-22,28.4,16.9,0.0
2064-01-23,28.3,15.9,0.0
2064-01-24,30.0,15.2,0.0
2064-01-25,31.9,15.9,0.0
2064-01-26,32.6,16.8,0.0
2064-01-27,32.02463139104153,18.6,0.0
2064-01-28,31.9,17.9,0.0
2064-01-29,32.6,17.0,0.0
2064-01-30,36.777483290640134,17.5,0.0
2064-01-31,37.716259765625,19.6,0.0
2064-02-01,36.260546875,21.708935546875,0.0
2064-02-02,34.28344701931908,21.3234375,0.3
2064-02-03,30.9,20.44906732563072,24.016704805491997
2064-02-04,34.21426520706911,20.35374732684013,1.9
2064-02-05,33.00820668693009,20.14846978134848,9.993592677345537
2064-02-06,29.7,20.157793413876334,4.038215102974828
2064-02-07,27.2,20.463372009881162,8.0
2064-02-08,26.7,20.539975599372085,6.4
2064-02-09,27.0,20.30877781128166,4.0
2064-02-10,29.6,20.22528925694121,9.759267734553775
2064-02-11,27.3,20.323266317409175,7.592951945080093
2064-02-12,29.2,20.130839639841273,9.809610983981692
2064-02-13,28.9,20.330218126577613,23.374027459954235
2064-02-14,31.342177266209355,20.370959738963926,4.441418764302061
2064-02-15,28.0,19.899312063521137,6.4
2064-02-16,30.5,19.466181113402794,0.0
2064-02-17,30.3,20.225406234499314,0.0
2064-02-18,29.199670826226175,19.0,2.3
2064-02-19,32.0,18.8,42.4495221429533
2064-02-20,32.0,20.10388695607702,53.539893211289105
2064-02-21,27.9,20.08398733328633,16.4
2064-02-22,29.4,19.9,26.666681922196798
2064-02-23,32.30031963470318,19.9,2.8
2064-02-24,29.1,19.961149946309803,0.0
2064-02-25,29.2,20.067837734108668,21.19486760379209
2064-02-26,29.4,19.9,0.0
2064-02-27,31.1746548755217,18.7,0.0
2064-02-28,32.9,18.6,0.0
2064-02-29,31.8,20.406153272879276,0.9
2064-03-01,33.55975056689342,19.3,0.0
2064-03-02,34.651280021113756,18.9,0.0
2064-03-03,33.50873015873015,18.530204520990303,0.5333333333333333
2064-03-04,34.3968593296384,18.98797990670972,0.0
2064-03-05,33.533900226757375,20.23713055512839,2.4
2064-03-06,31.519047619047623,19.929368983592838,8.500000000000004
2064-03-07,28.9,20.558176033881796,43.05666666666667
2064-03-08,26.7,20.3,36.265
2064-03-09,28.193904761904758,20.3,10.1
2064-03-10,29.2,19.95018647791097,0.0
2064-03-11,30.2,18.3,0.0
2064-03-12,30.5,16.2,0.0
2064-03-13,32.0,21.959661865234374,0.0
2064-03-14,31.8,19.9,1.4
2064-03-15,32.0,19.9,10.01
2064-03-16,32.93279742765274,19.6,45.604761904761894
2064-03-17,26.5,19.9,5.4
2064-03-18,28.9,20.39459091641743,0.0
2064-03-19,29.9,17.7,0.0
2064-03-20,30.3,15.4,0.0
2064-03-21,33.2,14.1,0.0
2064-03-22,32.99324758842443,17.9,1.95
2064-03-23,30.9,20.3,7.0
2064-03-24,30.0,19.9,16.4
2064-03-25,30.9,19.4,7.0
2064-03-26,30.2,20.3,16.028571428571425
2064-03-27,29.1,20.25261469065559,8.26666666666667
2064-03-28,27.935384615384617,19.86910128312651,0.0
2064-03-29,29.9,19.948630029737654,0.0
2064-03-30,31.2,21.025075223311514,0.4
2064-03-31,32.5,20.06288816436288,38.24615384615384
2064-04-01,30.7,19.7,70.0
2064-04-02,26.5,19.4,11.817910447761193
2064-04-03,26.605063291139242,19.009638554216867,0.0
2064-04-04,28.0,17.609523809523807,0.0
2064-04-05,29.6,17.4,0.0
2064-04-06,30.7,18.9,0.0
2064-04-07,31.240358744394623,18.1,0.0
2064-04-08,31.7,19.73671775223499,5.467164179104477
2064-04-09,29.5,19.7,70.0
2064-04-10,27.8,19.4,1.3761194029850743
2064-04-11,31.1,19.4,35.32164179104478
2064-04-12,29.0,19.7,35.32164179104478
2064-04-13,28.2,19.4,0.0
2064-04-14,29.0,17.9,0.0
2064-04-15,27.7,19.7,0.0
2064-04-16,28.4,19.4,0.0
2064-04-17,30.2,19.7,0.0
2064-04-18,27.820000000000004,19.7,0.9555223880597015
2064-04-19,25.4,19.0,0.0
2064-04-20,25.2,18.5,0.0
2064-04-21,26.5,15.2,0.0
2064-04-22,27.1,12.4,0.0
2064-04-23,27.2,11.7,0.0
2064-04-24,27.6,12.6,0.0
2064-04-25,27.9,14.1,0.0
2064-04-26,29.0,13.4,0.0
2064-04-27,30.0,14.0,0.0
2064-04-28,29.6,14.0,0.0
2064-04-29,28.0,15.3,0.0
2064-04-30,25.0,17.6,0.0
2064-05-01,22.6,15.0,1.2212121212121212
2064-05-02,25.1,13.6,0.0
2064-05-03,29.2,11.951124582176641,0.0
2064-05-04,27.6,13.9,0.0
2064-05-05,27.9,14.1,0.0
2064-05-06,27.9,14.7,0.0
2064-05-07,27.0,14.0,0.0
2064-05-08,24.7,15.5,0.0
2064-05-09,24.7,14.7,0.0
2064-05-10,24.5,12.590703591349435,0.0
2064-05-11,25.1,12.0,0.0
2064-05-12,24.9,12.1,0.0
2064-05-13,24.9,11.4,0.0
2064-05-14,24.9,14.4,0.0
2064-05-15,25.7,16.3,0.0
2064-05-16,25.7,17.0,0.0
2064-05-17,26.6,17.8,0.0
2064-05-18,28.4,16.0,0.0
2064-05-19,30.4,15.6,0.0
2064-05-20,31.0,15.84892716182274,0.0
2064-05-21,29.1,15.9,0.0
2064-05-22,28.4,15.3,0.0
2064-05-23,27.5,14.40208196592191,0.0
2064-05-24,27.9,13.4,0.0
2064-05-25,27.8,13.0,0.0
2064-05-26,24.4,18.0,0.6
2064-05-27,27.8,18.335687227392725,0.0
2064-05-28,28.9,15.2,0.0
2064-05-29,28.4,13.5,0.0
2064-05-30,26.2,12.9,0.0
2064-05-31,25.5,11.3,0.0
2064-06-01,26.2,12.2,0.0
2064-06-02,26.3,12.0,0.0
2064-06-03,26.3,10.8,0.0
2064-06-04,27.065931843462444,9.8,0.0
2064-06-05,28.080326835244488,9.6,0.0
2064-06-06,28.9,12.244243256395999,0.0
2064-06-07,27.5,14.89651481677032,0.0
2064-06-08,21.8,14.262147283830105,0.0
2064-06-09,23.15521634682794,14.7,0.0
2064-06-10,26.6,12.0,0.0
2064-06-11,28.2,11.1,0.0
2064-06-12,28.6,12.1,0.0
2064-06-13,27.6,14.08353355580275,0.0
2064-06-14,26.6,13.7,0.0
2064-06-15,25.5,11.7,0.0
2064-06-16,24.7,9.4,0.0
2064-06-17,23.1,9.2,0.0
2064-06-18,17.462516981570065,9.1,0.0
2064-06-19,21.73921817892897,11.4,0.0
2064-06-20,21.1,10.1,0.0
2064-06-21,21.1,9.4,0.0
2064-06-22,21.9,8.026900637896983,0.0
2064-06-23,23.1,12.662537249893573,0.0
2064-06-24,24.5,11.5,0.0
2064-06-25,23.2,16.811412226737186,0.0
2064-06-26,23.9,17.3230984922742,0.0
2064-06-27,23.0,16.621602687793725,0.0
2064-06-28,22.5,14.246307405053235,0.0
2064-06-29,24.0,11.9,0.0
2064-06-30,24.28842253666865,9.377310218901508,0.0
2064-07-01,25.6,8.6,0.0
2064-07-02,26.55956349059055,9.8,0.0
2064-07-03,26.9,9.4,0.0
2064-07-04,26.8,9.7,0.0
2064-07-05,27.1,10.94277000358808,0.0
2064-07-06,25.0,13.9,0.0
2064-07-07,25.4,13.6,0.0
2064-07-08,23.8,11.5,0.0
2064-07-09,25.0,9.8,0.0
2064-07-10,26.0,15.808733957108505,0.0
2064-07-11,25.8,15.2,0.0
2064-07-12,26.7,15.18085139101102,0.0
2064-07-13,25.0,13.1,0.0
2064-07-14,23.6,9.5,0.0
2064-07-15,25.3,6.3,0.0
2064-07-16,25.3,11.9,0.0
2064-07-17,26.3,10.5,0.0
2064-07-18,27.4,12.0,0.0
2064-07-19,26.886480086114094,12.8,0.0
2064-07-20,24.592131671238576,12.2,0.0
2064-07-21,24.6,9.6,0.0
2064-07-22,26.511291340336285,10.149085037674924,0.0
2064-07-23,25.1,11.8,0.0
2064-07-24,23.4,14.99623068362189,0.0
2064-07-25,25.7,15.0,0.0
2064-07-26,26.7,14.815721273725643,0.0
2064-07-27,25.7,16.0,0.0
2064-07-28,27.6,15.510962434211494,0.0
2064-07-29,28.355678616558226,16.0,0.0
2064-07-30,28.2,15.040983933341298,0.0
2064-07-31,28.8929626427147,14.2,0.0
2064-08-01,28.5,12.3,0.0
2064-08-02,29.0,12.4,0.0
2064-08-03,29.0,13.0,0.0
2064-08-04,28.9,14.2,0.0
2064-08-05,28.7,13.440958756653934,0.0
2064-08-06,26.7,13.8,0.0
2064-08-07,23.9,13.6,0.0
2064-08-08,22.65841080340542,12.5,0.0
2064-08-09,24.3,12.0,0.0
2064-08-10,24.2,10.9,0.0
2064-08-11,24.2,10.6,0.0
2064-08-12,24.6,11.0,0.0
2064-08-13,26.3,10.1,0.0
2064-08-14,28.0,8.7,0.0
2064-08-15,29.194806243272335,12.4,0.0
2064-08-16,30.5,13.5,0.0
2064-08-17,31.4,14.3,0.0
2064-08-18,31.184428747652685,14.4,0.0
2064-08-19,29.8,15.2,0.0
2064-08-20,27.9,15.1,0.0
2064-08-21,25.3,15.8,0.0
2064-08-22,27.9,14.2,0.0
2064-08-23,28.9,13.5,0.0
2064-08-24,30.2,13.0,0.0
2064-08-25,30.7,13.6,0.0
2064-08-26,31.9,15.2,0.0
2064-08-27,33.18310316821662,16.817274705531588,0.0
2064-08-28,33.2,18.838910975561113,0.0
2064-08-29,32.9,19.02112477842347,0.0
2064-08-30,33.1,18.81003138912142,0.0
2064-08-31,32.1,18.791653470477982,0.0
2064-09-01,30.0,18.2,0.0
2064-09-02,28.774886626165827,16.2,0.0
2064-09-03,27.0,15.0,0.0
2064-09-04,27.7,14.371245828698559,0.0
2064-09-05,29.0,14.9,0.0
2064-09-06,30.0,15.828138260618799,0.0
2064-09-07,31.7,16.008701278064063,0.0
2064-09-08,32.0,15.5,0.0
2064-09-09,33.0,16.0,0.0
2064-09-10,35.0,17.3,0.0
2064-09-11,35.916620240977366,18.46755919275386,0.0
2064-09-12,33.8,20.6,0.0
2064-09-13,31.4,18.9,0.0
2064-09-14,31.9,16.9,0.0
2064-09-15,33.9,15.7,0.0
2064-09-16,35.1,16.3,0.0
2064-09-17,34.8,17.7,0.0
2064-09-18,34.86634332264608,19.02891203469624,0.0
2064-09-19,35.52846137893329,19.377611561866136,0.0
2064-09-20,34.886929922135714,19.926211855207264,0.0
2064-09-21,34.7,19.3,0.0
2064-09-22,35.3,19.0,0.0
2064-09-23,33.159258435298476,20.5,0.0
2064-09-24,32.0,19.0,0.0
2064-09-25,32.9,18.1,0.0
2064-09-26,33.33530973111887,18.0,0.0
2064-09-27,35.2,17.9,0.0
2064-09-28,40.794189453125,18.9,0.0
2064-09-29,40.80859375,20.5,0.0
2064-09-30,33.5,21.379695377100813,0.0
2064-10-01,31.450728712254257,19.9,0.0
2064-10-02,32.1,18.2,0.0
2064-10-03,34.0,18.889968732379923,0.0
2064-10-04,36.0,19.0,0.0
2064-10-05,37.817702650927664,21.1,0.0
2064-10-06,37.20452177221981,22.0,0.0
2064-10-07,37.24790826658877,22.463348844911796,0.0
2064-10-08,38.479833984375,22.2,0.0
2064-10-09,33.4,22.0,0.0
2064-10-10,34.3,22.0,0.0
2064-10-11,32.9,21.7,0.0
2064-10-12,33.2,22.1,0.0
2064-10-13,31.0,20.5,0.0
2064-10-14,33.2,18.0,0.0
2064-10-15,31.3,19.4,0.0
2064-10-16,31.5,17.61054467168999,0.0
2064-10-17,32.4,18.8,0.0
2064-10-18,33.29714285714285,20.0,0.0
2064-10-19,33.53872560490475,19.9,0.0
2064-10-20,36.2,21.05668853831932,0.0
2064-10-21,36.0,22.0,0.0
2064-10-22,32.1,20.5,0.0
2064-10-23,32.38140266622505,18.4,0.0
2064-10-24,35.4,19.140214907559525,0.0
2064-10-25,34.7,21.089964502619797,0.0
2064-10-26,35.7,20.0,0.0
2064-10-27,37.2,20.7,0.0
2064-10-28,35.6,21.879428927539504,0.0
2064-10-29,35.2,20.8,0.0
2064-10-30,36.6,20.7,0.0
2064-10-31,34.7,22.0,0.0
2064-11-01,35.7,22.1,0.0
2064-11-02,36.94369617034799,21.7,0.0
2064-11-03,39.5400390625,22.9,0.0
2064-11-04,40.04150390625,23.800250728680723,0.0
2064-11-05,39.739501953125,23.75245709311819,0.0
2064-11-06,36.503871914420266,23.227383391225423,0.0
2064-11-07,36.3,22.4,0.0
2064-11-08,36.5,22.705050434826592,0.0
2064-11-09,37.2,22.58288220452849,0.0
2064-11-10,38.19957535343725,22.555873955584758,0.0
2064-11-11,39.736328125,23.14701282906934,0.0
2064-11-12,38.73762466279644,23.2,0.0
2064-11-13,35.7,22.127307144390457,0.0
2064-11-14,34.4,21.9,0.0
2064-11-15,35.2,21.67317542523686,0.0
2064-11-16,35.5,21.5,0.0
2064-11-17,36.0,22.4,0.0
2064-11-18,37.14647765944559,22.960333576899448,0.0
2064-11-19,37.8853553757048,22.3,0.0
2064-11-20,39.913818359375,23.25126697401631,0.0
2064-11-21,36.8,23.550808183712675,0.0
2064-11-22,35.2,22.2866624871228,0.0
2064-11-23,34.8,21.67941945318242,0.0
2064-11-24,33.7,21.9,1.7799999999999998
2064-11-25,32.9,21.5,22.187500000000004
2064-11-26,34.5,21.2,2.3
2064-11-27,35.1,21.5,0.0
2064-11-28,35.6,21.9,0.0
2064-11-29,35.5,22.96326877373876,0.0
2064-11-30,35.6,22.58567616131577,0.0
2064-12-01,32.1,20.70627688531168,10.6
2064-12-02,28.54480301399354,20.5,14.8
2064-12-03,30.7,20.387652077414717,4.5
2064-12-04,32.219424507440394,19.9,0.0
2064-12-05,32.1,19.9,0.4
2064-12-06,29.8,20.3,1.5
2064-12-07,30.191672374987764,20.3,0.0
2064-12-08,29.5,20.349797942285203,42.18290135396517
2064-12-09,30.360492593162125,20.3,0.0
2064-12-10,32.56496332441543,18.9,0.0
2064-12-11,33.1,19.9,0.0
2064-12-12,32.1,20.3,1.9
2064-12-13,32.1,20.130378953329586,0.0
2064-12-14,29.5,19.9,0.0
2064-12-15,27.9,19.9,0.0
2064-12-16,26.782504228817466,19.0,0.0
2064-12-17,27.5,17.9,0.1
2064-12-18,30.1,19.9,0.0
2064-12-19,31.4,19.9,0.0
2064-12-20,32.33332416250252,19.9,0.0
2064-12-21,32.4,19.9,0.0
2064-12-22,33.26325782542926,20.31816496028283,0.0
2064-12-23,33.7,20.5,0.0
2064-12-24,33.7,19.9,0.0
2064-12-25,30.1,20.3,26.0
2064-12-26,32.63892457122614,20.302555651772984,0.0
2064-12-27,33.1,20.13111133782926,0.1
2064-12-28,31.3,20.584264116550766,0.5
2064-12-29,32.107682574292106,20.3,0.0
2064-12-30,33.1,20.3,2.2606382978723407
2064-12-31,31.52973664420425,20.119026993584544,0.0
2065-01-01,26.8,17.206822886478424,5.8
2065-01-02,25.5,18.6,18.485297397769507
2065-01-03,28.2,19.7,22.961710037174722
2065-01-04,24.9,19.7,64.2903345724905
2065-01-05,25.4,19.526706945843014,25.4860223048327
2065-01-06,28.9,19.6,9.0
2065-01-07,31.566832738748754,17.9,0.0
2065-01-08,31.814776056535777,18.4,0.0
2065-01-09,32.74156773723698,19.0,0.0
2065-01-10,31.932471414717373,19.528325520562042,0.0
2065-01-11,32.00209960582113,19.523166313645135,0.0
2065-01-12,31.92439121929435,19.6,4.0
2065-01-13,32.81685167738461,19.8,34.09340148698883
2065-01-14,28.7,19.8,69.26509092735859
2065-01-15,27.1,19.7,0.0
2065-01-16,28.7,18.220880472748828,0.0
2065-01-17,29.763930080490983,19.8,0.0
2065-01-18,30.0,19.8,0.7
2065-01-19,29.9,19.7,18.0
2065-01-20,30.9,19.8,15.168959107806685
2065-01-21,29.41086072162497,19.8,56.31068773234189
2065-01-22,26.3,19.39060084156959,2.2
2065-01-23,26.0,19.4,17.306815365551422
2065-01-24,26.5,19.8,0.0
2065-01-25,29.1,19.7,19.0
2065-01-26,29.9,19.6,0.35120817843866176
2065-01-27,29.50464423331929,18.9,32.8470260223048
2065-01-28,29.4,19.6,33.99014869888475
2065-01-29,30.1,19.7,38.21960966542749
2065-01-30,29.4,19.797032075323084,0.0
2065-01-31,29.7,18.4,0.0
2065-02-01,32.2559739628874,17.3,0.0
2065-02-02,33.98604654097574,20.06766813505079,0.0
2065-02-03,34.21186239620403,18.9,0.0
2065-02-04,28.6,19.5,26.84118993135011
2065-02-05,25.0,19.7,15.744622425629297
2065-02-06,27.6,19.733415235747028,0.0
2065-02-07,28.7,19.4,0.5
2065-02-08,32.95711352342355,18.6,7.753318077803205
2065-02-09,32.0,17.0,0.0
2065-02-10,31.2,17.8,0.0
2065-02-11,32.9,19.5,0.0
2065-02-12,34.638410563578674,19.22272465818824,1.4
2065-02-13,32.34879724084329,19.7,1.4
2065-02-14,31.15404476950355,19.794860742170634,16.974370709382153
2065-02-15,28.0,20.068459597320874,21.0
2065-02-16,24.9,19.732677734406508,66.37708401438462
2065-02-17,24.4,18.97124428770503,79.5322082379864
2065-02-18,24.9,18.6,9.6
2065-02-19,30.5,19.78329361588242,23.791189931350118
2065-02-20,31.77638852225331,19.93499553642798,21.2
2065-02-21,29.6,20.26855424236702,24.9
2065-02-22,28.3,18.1,1.4
2065-02-23,29.224148756165167,17.4,0.0
2065-02-24,31.8,17.8,0.0
2065-02-25,30.5,20.004200567885196,0.0
2065-02-26,30.9,18.8,0.0
2065-02-27,32.85654426379068,17.5,0.0
2065-02-28,32.9,19.9,0.0
2065-03-01,33.2,20.378402805835023,1.4
2065-03-02,31.8,20.03403838606006,2.3
2065-03-03,32.5,19.9,9.844444444444445
2065-03-04,30.6,19.9,5.533333333333334
2065-03-05,30.7,19.3,9.0
2065-03-06,29.2,20.261964221641282,6.4
2065-03-07,27.4,19.9,0.0
2065-03-08,27.0,19.920030294552927,0.0
2065-03-09,31.1,18.9,0.0
2065-03-10,33.549886621315196,17.7,0.0
2065-03-11,31.9,19.9,4.8
2065-03-12,27.7,19.9,1.6
2065-03-13,28.3,19.4,36.279999999999994
2065-03-14,26.8,19.31459997877468,37.86999999999999
2065-03-15,31.2,19.2,28.7
2065-03-16,31.2,18.6,18.4
2065-03-17,31.612878787878792,19.3,1.5
2065-03-18,32.7,19.2,10.271428571428565
2065-03-19,28.9,19.0,0.0
2065-03-20,27.62094017094017,19.3,1.2
2065-03-21,25.5,18.8,0.9
2065-03-22,30.3,19.6,0.0
2065-03-23,32.5,18.6,0.0
2065-03-24,30.4,17.7,0.0
2065-03-25,29.6,19.9,0.0
2065-03-26,25.0,19.3,0.0
2065-03-27,25.045054945054947,17.9,0.0
2065-03-28,28.1,17.0,0.0
2065-03-29,30.1,15.6,0.0
2065-03-30,32.5,16.0,0.0
2065-03-31,32.5,17.9,0.0
2065-04-01,31.5,18.2,0.0
2065-04-02,31.5,18.0,0.0
2065-04-03,31.7,18.2,0.0
2065-04-04,31.73615221987315,17.9,0.0
2065-04-05,31.6,18.1,0.0
2065-04-06,31.1,18.99691358024691,0.0
2065-04-07,29.971287128712873,19.7,0.0
2065-04-08,28.0,17.0,0.0
2065-04-09,28.5,14.4,0.0
2065-04-10,28.5,12.5,0.0
2065-04-11,29.8,12.5,0.0
2065-04-12,31.7,12.7,0.0
2065-04-13,31.4,15.5,0.0
2065-04-14,30.8,16.6,0.0
2065-04-15,29.9,17.1,0.0
2065-04-16,29.4,15.5,0.0
2065-04-17,29.5,14.4,0.0
2065-04-18,29.8,14.4,0.0
2065-04-19,28.5,13.7,0.0
2065-04-20,28.227586206896547,18.4,0.0
2065-04-21,28.6,19.7,0.0
2065-04-22,30.2,18.6,0.0
2065-04-23,31.5,17.2,0.0
2065-04-24,31.5,18.4,0.0
2065-04-25,27.2,15.2,0.0
2065-04-26,28.2,18.5,0.0
2065-04-27,27.3,18.5,0.0
2065-04-28,29.6,17.9,0.0
2065-04-29,31.8,17.286754966887415,0.0
2065-04-30,32.0,18.5,0.0
2065-05-01,30.0,18.31120149335047,0.0
2065-05-02,27.7063467748613,18.238853916633452,0.0
2065-05-03,27.4,15.2,0.0
2065-05-04,27.0,12.2,0.0
2065-05-05,27.9,12.0,0.0
2065-05-06,27.415060469828397,13.02054306282403,0.0
2065-05-07,27.4,12.9,0.0
2065-05-08,27.5,12.3,0.0
2065-05-09,27.301751639103625,12.3,0.0
2065-05-10,27.5,11.8,0.0
2065-05-11,29.1,11.6,0.0
2065-05-12,30.5,11.5,0.0
2065-05-13,27.4,15.0,0.0
2065-05-14,24.6,17.598359818284635,0.0
2065-05-15,28.7,14.9,0.0
2065-05-16,29.05498351722281,12.3,0.0
2065-05-17,30.1,15.7,0.0
2065-05-18,30.5,16.9,0.0
2065-05-19,30.1,17.2,0.0
2065-05-20,27.0,14.5,0.0
2065-05-21,27.182333153928948,13.0,0.0
2065-05-22,28.0,11.9,0.0
2065-05-23,30.7,12.6,0.0
2065-05-24,30.7,13.9,0.0
2065-05-25,30.968092722857772,15.2,0.0
2065-05-26,30.7,15.2,0.0
2065-05-27,30.0,15.1,0.0
2065-05-28,30.0,14.9,0.0
2065-05-29,30.0,14.1,0.0
2065-05-30,30.1,13.4,0.0
2065-05-31,28.4,14.8903016104181,0.0
2065-06-01,25.4,15.347803806329864,0.0
2065-06-02,26.27341743351198,13.8,0.0
2065-06-03,24.9,9.9,0.0
2065-06-04,25.338341212458293,6.9,0.0
2065-06-05,24.8,11.7,0.0
2065-06-06,25.9,14.24263438968469,0.0
2065-06-07,25.9,14.2,0.0
2065-06-08,26.1,12.6,0.0
2065-06-09,26.2,11.9,0.0
2065-06-10,26.12078605858361,11.3,0.0
2065-06-11,25.971236188357434,11.64887922607611,0.0
2065-06-12,25.5,13.0,0.0
2065-06-13,25.6,12.9,0.0
2065-06-14,21.8,14.218989353249652,0.0
2065-06-15,24.0,12.7,0.0
2065-06-16,25.7,12.9,0.0
2065-06-17,27.20054875787912,11.9,0.0
2065-06-18,28.9,11.87186471966488,0.0
2065-06-19,30.0,13.0,0.0
2065-06-20,28.5,15.4,0.0
2065-06-21,26.3,14.2,0.0
2065-06-22,26.9,12.2,0.0
2065-06-23,27.9,10.2,0.0
2065-06-24,28.5,11.6,0.0
2065-06-25,27.4,14.0,0.0
2065-06-26,27.0,12.0,0.0
2065-06-27,27.0,12.5,0.0
2065-06-28,27.8,12.0,0.0
2065-06-29,27.6,12.4,0.0
2065-06-30,27.10766072510558,12.726650526729056,0.0
2065-07-01,25.5,13.6,0.0
2065-07-02,25.7,13.6,0.0
2065-07-03,21.43953420099814,14.97792778821768,0.0
2065-07-04,24.584605368241945,13.4,0.0
2065-07-05,24.04825585306781,13.4,0.0
2065-07-06,24.7,11.8,0.0
2065-07-07,26.7,14.049190746601509,0.0
2065-07-08,23.5,14.2,0.0
2065-07-09,22.7,14.2,0.0
2065-07-10,26.0,15.3,0.0
2065-07-11,25.4,13.6,0.0
2065-07-12,25.4,10.5,0.0
2065-07-13,25.80389596861001,12.6,0.0
2065-07-14,26.4,15.0,0.0
2065-07-15,26.7,14.2,0.0
2065-07-16,27.0,12.623375269106562,0.0
2065-07-17,26.9,13.0,0.0
2065-07-18,27.0,13.077108001435226,0.0
2065-07-19,27.6,13.4,0.0
2065-07-20,26.7,14.2,0.0
2065-07-21,23.6,15.525684175541798,0.0
2065-07-22,25.7,15.2,0.0
2065-07-23,25.7,14.2,0.0
2065-07-24,26.3,12.8,0.0
2065-07-25,26.7,11.2,0.0
2065-07-26,20.7,12.2,0.0
2065-07-27,23.5,10.4,0.0
2065-07-28,24.3,8.1,0.0
2065-07-29,25.6,8.6232969398739,0.0
2065-07-30,25.0,10.4,0.0
2065-07-31,25.4,10.2,0.0
2065-08-01,24.8,8.388815103088513,0.0
2065-08-02,26.0,10.67585493086031,0.0
2065-08-03,28.2,10.765390062885949,0.0
2065-08-04,28.5,13.4,0.0
2065-08-05,26.4,13.7,0.0
2065-08-06,25.1,12.4,0.0
2065-08-07,25.7,11.8,0.0
2065-08-08,25.8,11.5,0.0
2065-08-09,25.9,12.4,0.0
2065-08-10,25.7,12.8,0.0
2065-08-11,25.2,12.5,0.0
2065-08-12,26.0,10.9,0.0
2065-08-13,28.2,10.9,0.0
2065-08-14,31.5,11.5,0.0
2065-08-15,32.5,13.0,0.0
2065-08-16,29.5,17.0,0.0
2065-08-17,20.9,15.2,0.0
2065-08-18,24.3,13.0,0.0
2065-08-19,24.0,10.0,0.0
2065-08-20,24.6,9.5,0.0
2065-08-21,25.3,9.9,0.0
2065-08-22,26.0,10.5,0.0
2065-08-23,27.6,11.7,0.0
2065-08-24,29.16757265877287,13.0,0.0
2065-08-25,30.5,14.1,0.0
2065-08-26,29.686056984688385,15.7,0.0
2065-08-27,29.9,15.1,0.0
2065-08-28,31.2,14.6,0.0
2065-08-29,33.1,13.6,0.0
2065-08-30,30.5,17.724419025538495,0.0
2065-08-31,30.0,16.0,0.0
2065-09-01,30.8,14.9,0.0
2065-09-02,31.1,16.0,0.0
2065-09-03,32.0,16.4,0.0
2065-09-04,33.5,16.7,0.0
2065-09-05,36.059237603184826,18.2,0.0
2065-09-06,39.670654296875,19.3,0.0
2065-09-07,39.251953125,20.5,0.0
2065-09-08,39.488037109375,19.99455752117738,0.0
2065-09-09,36.705614025080116,19.804579691720974,0.0
2065-09-10,35.14821221746959,18.7,0.0
2065-09-11,35.6,18.382364312838018,0.0
2065-09-12,39.9345703125,19.6,0.0
2065-09-13,36.15026456963434,20.6,0.0
2065-09-14,34.917695536477,20.5,0.0
2065-09-15,34.4,19.6,0.0
2065-09-16,33.9,19.5,0.0
2065-09-17,33.0,19.0,0.0
2065-09-18,33.9,17.7,0.0
2065-09-19,36.148610692612046,17.6,0.0
2065-09-20,36.161132904352236,17.2,0.0
2065-09-21,30.2,19.161722484442173,0.0
2065-09-22,28.3,16.7,0.0
2065-09-23,29.2,15.9,0.0
2065-09-24,31.4,16.3,0.0
2065-09-25,33.0,17.7,0.0
2065-09-26,34.2,18.0,0.0
2065-09-27,34.3,19.0,0.0
2065-09-28,33.868572058945205,19.3,0.0
2065-09-29,32.5,19.3,0.0
2065-09-30,32.6,18.9,0.0
2065-10-01,33.2,16.9,0.0
2065-10-02,34.5,17.6,0.0
2065-10-03,34.8,20.0,0.0
2065-10-04,34.5,20.7,0.0
2065-10-05,35.6,20.9,0.0
2065-10-06,36.9,21.7,0.0
2065-10-07,35.8,22.0,0.0
2065-10-08,35.9,21.7,0.0
2065-10-09,37.2,21.4,0.0
2065-10-10,38.0,21.918142559601524,0.0
2065-10-11,38.804296875,22.0,0.0
2065-10-12,38.0,22.1,0.0
2065-10-13,36.3,22.0,0.0
2065-10-14,38.825048828125,22.0,0.0
2065-10-15,36.592782740756874,23.762750077509654,0.0
2065-10-16,34.9,21.36315571573629,0.0
2065-10-17,34.0,20.3,0.0
2065-10-18,33.9,21.4,0.0
2065-10-19,34.78331539289558,20.8,0.0
2065-10-20,35.747078271566956,21.3,0.0
2065-10-21,36.0,22.2,0.0
2065-10-22,36.2,21.91259864586849,0.0
2065-10-23,36.4,21.7,0.0
2065-10-24,38.579443359375,22.0,0.0
2065-10-25,38.09941705226953,22.243019642870763,0.0
2065-10-26,35.6,22.160052106741706,0.0
2065-10-27,36.0,22.659252440518166,0.0
2065-10-28,36.3,22.6,0.0
2065-10-29,35.6,22.317696905847022,0.0
2065-10-30,36.58770760230113,22.134895385773508,0.0
2065-10-31,35.2,22.290234294482726,0.0
2065-11-01,37.47394069291082,23.153981164256585,0.0
2065-11-02,40.6337890625,23.24645754022144,0.0
2065-11-03,40.2255859375,23.50620541496563,0.0
2065-11-04,38.06686762904426,23.3,0.0
2065-11-05,37.94974339304204,23.24619171267325,0.0
2065-11-06,38.54605911921653,23.293308623175623,0.0
2065-11-07,40.490234375,23.288826361747738,0.0
2065-11-08,42.01953125,24.07333984375,0.0
2065-11-09,40.655517578125,23.37015056755344,0.0
2065-11-10,35.2321680173738,21.5,0.0
2065-11-11,34.6,21.5,2.8
2065-11-12,33.82879152623977,21.2,15.425925925925927
2065-11-13,30.0,21.2,21.35
2065-11-14,25.526929313388564,20.0,67.69541666666662
2065-11-15,25.2,19.8,0.0
2065-11-16,28.2,19.6,0.0
2065-11-17,27.9,20.2,34.481818181818184
2065-11-18,31.39517982944011,19.5,0.0
2065-11-19,33.9,19.0,0.0
2065-11-20,34.1,20.328974517912187,0.0
2065-11-21,33.7,17.4,0.0
2065-11-22,27.5,20.77190057918761,0.0
2065-11-23,26.938550448044357,17.068279068835242,0.0
2065-11-24,30.6,16.0,0.0
2065-11-25,31.3,17.2,0.0
2065-11-26,31.1,20.3,1.0
2065-11-27,33.5,19.4,0.0
2065-11-28,33.5,18.5,0.0
2065-11-29,32.6,18.0,0.0
2065-11-30,31.9,18.2,0.0
2065-12-01,25.4,19.2,0.0
2065-12-02,29.0,19.9,0.0
2065-12-03,31.6,19.9,0.0
2065-12-04,32.1,19.5,0.9
2065-12-05,32.4,20.1,0.5
2065-12-06,32.4,20.3,32.422415519399244
2065-12-07,26.6,20.17336785526537,63.522482269503634
2065-12-08,25.0,19.8,64.85030141843984
2065-12-09,25.0,19.7,0.0
2065-12-10,24.4924147049188,19.6,9.261063829787238
2065-12-11,25.3,19.5,0.0
2065-12-12,27.6,18.4,3.1508085106383
2065-12-13,28.3,19.2,0.8
2065-12-14,29.0,18.1,3.3
2065-12-15,32.1,18.4,9.609300911854108
2065-12-16,31.2,19.0,1.2
2065-12-17,31.44838536060278,18.7,0.0
2065-12-18,31.0,19.6,16.952765957446818
2065-12-19,31.4,19.6,0.3
2065-12-20,31.1,20.112984821462184,0.0
2065-12-21,32.1,19.649341377324976,0.0
2065-12-22,29.2,21.0,0.0
2065-12-23,28.6,19.5,0.0
2065-12-24,29.6,19.9,0.0
2065-12-25,28.99724357988621,20.3,0.0
2065-12-26,31.2,20.3,0.0
2065-12-27,29.994172912749935,19.9,26.240212765957438
2065-12-28,32.0,18.7,0.0
2065-12-29,29.5,20.3,0.9
2065-12-30,29.8,19.66390333859032,0.0
2065-12-31,29.6,19.8,0.0
2066-01-01,30.4,19.3,0.0
2066-01-02,31.797801851453166,17.2,0.0
2066-01-03,32.792810622706426,17.0,0.0
2066-01-04,32.81330777689423,17.8,0.0
2066-01-05,31.9,19.8,0.0
2066-01-06,32.0,20.028688089972878,0.0
2066-01-07,32.0,19.975558739712305,9.306412639405199
2066-01-08,32.6,19.8,1.8
2066-01-09,29.1,19.899196361090283,7.585811648079305
2066-01-10,31.1,19.829649381681985,44.13503717472119
2066-01-11,29.4,19.8,9.0
2066-01-12,29.9,19.8,7.6
2066-01-13,31.6,19.8,4.6
2066-01-14,30.8,19.8,1.6
2066-01-15,32.0,19.8,10.0
2066-01-16,32.67432940901348,19.789325596406027,0.0
2066-01-17,32.694730782106944,19.8,0.0
2066-01-18,36.2701067730631,19.8,0.0
2066-01-19,32.71762246365309,19.8,2.1
2066-01-20,28.6,19.7,41.304490946156605
2066-01-21,25.5,19.3,0.0
2066-01-22,25.3,18.9,0.0
2066-01-23,29.38360602798708,18.6,0.0
2066-01-24,31.735424977310615,16.921004285004553,0.0
2066-01-25,32.6,18.0,0.0
2066-01-26,33.125273032460115,16.3,0.0
2066-01-27,36.865185546875,17.0,0.0
2066-01-28,30.4,19.8,5.8453531598512996
2066-01-29,28.6,18.9,0.0
2066-01-30,30.9,18.4,1.0
2066-01-31,25.7,19.7,59.962546468401484
2066-02-01,29.331696498930548,18.2,0.0
2066-02-02,32.84529087427005,17.6,0.0
2066-02-03,35.83427734375,19.0,0.0
2066-02-04,29.8,19.827054439662042,0.0
2066-02-05,31.728703165971524,20.246930105194,0.0
2066-02-06,30.4,20.073208370941376,8.509839816933644
2066-02-07,33.67228733613752,19.9,1.6
2066-02-08,32.229748372680454,19.746884339176585,8.7
2066-02-09,27.2,18.7,1.4
2066-02-10,28.9,19.762294235607516,0.0
2066-02-11,30.9,16.1,0.0
2066-02-12,32.8,15.533041724392085,0.0
2066-02-13,33.93649705964007,20.382791183414117,0.0
2066-02-14,30.6,20.096349220171454,14.069107551487415
2066-02-15,28.0,19.9,1.4
2066-02-16,28.6,17.4,0.0
2066-02-17,33.07243063029499,15.94497374422059,0.0
2066-02-18,32.9,18.9,0.0
2066-02-19,32.1,18.7,0.0
2066-02-20,31.92902547938009,19.9,32.761708619374545
2066-02-21,24.9,19.0,1.3
2066-02-22,25.3,17.9,0.0
2066-02-23,27.3,17.0,0.0
2066-02-24,33.274817175814775,19.0,1.5
2066-02-25,28.3,17.9,1.1631578947368422
2066-02-26,31.372822281646833,16.2,0.0
2066-02-27,30.750326603569967,17.4,0.0
2066-02-28,32.0,17.3,0.0
2066-03-01,33.7,19.0,0.0
2066-03-02,33.464748201438844,17.6,0.0
2066-03-03,33.59036281179139,15.6,0.0
2066-03-04,34.64874637107418,19.9,8.1
2066-03-05,28.7,19.903274157187052,2.0
2066-03-06,27.7,17.5,0.0
2066-03-07,30.0,16.5,0.0
2066-03-08,30.4,15.7,0.0
2066-03-09,31.740624999999998,18.6,0.0
2066-03-10,31.3,19.9,0.0
2066-03-11,33.7,19.4,0.0
2066-03-12,35.41171875,22.1489013671875,0.0
2066-03-13,29.4,19.3,1.0
2066-03-14,29.8,20.719460735631888,0.0
2066-03-15,31.2,18.0,0.0
2066-03-16,30.7,15.4,0.0
2066-03-17,30.1,14.98210315944612,0.0
2066-03-18,32.6,16.7,0.0
2066-03-19,33.52154195011338,16.4,0.0
2066-03-20,34.22499340195299,17.3,0.0
2066-03-21,32.34946808510638,20.3,10.9
2066-03-22,32.9,19.9,1.3
2066-03-23,32.7,19.9,1.5
2066-03-24,31.0,19.9,0.0
2066-03-25,30.9,19.241179461310214,0.0
2066-03-26,33.7,19.285412239482987,0.0
2066-03-27,34.640300870942184,19.3,1.6
2066-03-28,32.88181818181819,19.6,5.185714285714286
2066-03-29,32.69379310344828,19.4,0.0
2066-03-30,33.09932203389831,19.98861129218977,1.4
2066-03-31,27.5,19.9,1.7
2066-04-01,26.9,19.173388241976713,27.754477611940295
2066-04-02,25.5,19.066265060240962,1.0
2066-04-03,25.7,18.993209876543215,4.605970149253731
2066-04-04,28.6,18.6,0.0
2066-04-05,26.5,18.0,0.0
2066-04-06,29.7,17.1,0.0
2066-04-07,28.5,19.57969348659005,0.0
2066-04-08,25.2,18.3,0.0
2066-04-09,27.2,16.2,0.0
2066-04-10,27.6,14.0,0.0
2066-04-11,28.0,13.9,0.0
2066-04-12,29.0,15.0,0.0
2066-04-13,29.5,14.9,0.0
2066-04-14,29.1,14.6,0.0
2066-04-15,28.3,14.6,0.0
2066-04-16,27.8,14.9,0.0
2066-04-17,28.9,12.5,0.0
2066-04-18,29.5,14.6,0.0
2066-04-19,29.9,15.2,0.0
2066-04-20,29.9,14.4,0.0
2066-04-21,30.3,14.4,0.0
2066-04-22,31.43822393822394,15.5,0.0
2066-04-23,32.2,15.7,0.0
2066-04-24,32.0,16.6,0.0
2066-04-25,29.5,17.116216216216216,0.0
2066-04-26,26.0,16.4,0.0
2066-04-27,28.6,15.0,0.0
2066-04-28,31.3,13.5,0.0
2066-04-29,32.7,15.4,0.0
2066-04-30,33.12522522522523,16.9,0.0
2066-05-01,34.087841796875,17.9,0.0
2066-05-02,36.049267578125,18.29592565020929,0.0
2066-05-03,31.0,18.233305789584595,0.0
2066-05-04,27.2,13.9,0.0
2066-05-05,28.344797489203305,10.9,0.0
2066-05-06,28.6,11.5,0.0
2066-05-07,29.8,10.4,0.0
2066-05-08,31.6,10.2,0.0
2066-05-09,32.0,11.8,0.0
2066-05-10,31.63002742208085,14.8,0.0
2066-05-11,31.0,15.0,0.0
2066-05-12,31.0,15.3,0.0
2066-05-13,30.0,15.9,0.0
2066-05-14,29.2,14.9,0.0
2066-05-15,30.1,13.8,0.0
2066-05-16,30.0,14.5,0.0
2066-05-17,28.4,13.9,0.0
2066-05-18,29.329158487937693,13.0,0.0
2066-05-19,30.1,13.8,0.0
2066-05-20,31.0,13.5,0.0
2066-05-21,32.7,13.9,0.0
2066-05-22,31.6,16.2,0.0
2066-05-23,26.6,15.9,0.0
2066-05-24,28.6,14.7,0.0
2066-05-25,29.1,13.9,0.0
2066-05-26,29.9,13.6,0.0
2066-05-27,30.2,13.6,0.0
2066-05-28,29.687957481162538,13.8,0.0
2066-05-29,27.5,13.9,0.0
2066-05-30,27.8,12.0,0.0
2066-05-31,30.0,12.9,0.0
2066-06-01,31.24822258649962,15.26308668005912,0.0
2066-06-02,32.666845703125,16.738771878050454,0.0
2066-06-03,32.472998046875,18.60629024515506,0.0
2066-06-04,29.5,18.028069955273832,0.0
2066-06-05,26.9,16.42060202125169,0.0
2066-06-06,29.318344006825278,14.943790079094562,0.0
2066-06-07,29.0,15.1,0.0
2066-06-08,28.0,14.931763915871738,0.0
2066-06-09,27.944923861762113,14.1,0.0
2066-06-10,28.0,13.5,0.0
2066-06-11,28.0,14.254571689632476,0.0
2066-06-12,28.6,14.686975566721653,0.0
2066-06-13,29.132479484542593,14.614388843681645,0.0
2066-06-14,28.5,14.2,0.0
2066-06-15,27.5,14.7,0.0
2066-06-16,26.690965270053145,14.2,0.0
2066-06-17,26.9,12.5,0.0
2066-06-18,27.2,12.9,0.0
2066-06-19,27.9,12.276583008898783,0.0
2066-06-20,28.0,12.0,0.0
2066-06-21,28.0,12.9,0.0
2066-06-22,29.0,12.1,0.0
2066-06-23,29.38176938777715,11.9,0.0
2066-06-24,26.2,14.0,0.0
2066-06-25,26.696726129169587,11.835500853365492,0.0
2066-06-26,27.6,11.7,0.0
2066-06-27,29.0,11.9,0.0
2066-06-28,29.6,12.3,0.0
2066-06-29,29.9,13.2,0.0
2066-06-30,28.483335187245086,14.1,0.0
2066-07-01,28.83127018299245,13.2,0.0
2066-07-02,29.2,12.9,0.0
2066-07-03,22.7,15.0,0.0
2066-07-04,25.2,13.1534983853606,0.0
2066-07-05,25.1,10.5,0.0
2066-07-06,26.0,8.7,0.0
2066-07-07,28.0,8.3,0.0
2066-07-08,28.30860977207843,12.6,0.0
2066-07-09,27.6,15.2,0.0
2066-07-10,27.35840285252959,13.6,0.0
2066-07-11,24.0,12.0,0.0
2066-07-12,21.0,11.2,0.0
2066-07-13,24.9,12.4,0.0
2066-07-14,24.6,11.7,0.0
2066-07-15,27.2,10.5,0.0
2066-07-16,28.1,11.4,0.0
2066-07-17,29.2,11.4,0.0
2066-07-18,29.43349572645906,11.5,0.0
2066-07-19,29.5,14.2,0.0
2066-07-20,29.5,15.0,0.0
2066-07-21,29.7,15.0,0.0
2066-07-22,29.2,15.2,0.0
2066-07-23,28.1,15.070563728421638,0.0
2066-07-24,21.1,13.6,0.0
2066-07-25,23.0,10.2,0.0
2066-07-26,25.0,8.0,0.0
2066-07-27,27.0,8.3,0.0
2066-07-28,29.2,10.4,0.0
2066-07-29,29.5,14.0,0.0
2066-07-30,30.64832676377734,15.098060439341385,0.0
2066-07-31,31.12254323565449,15.438778132177186,0.0
2066-08-01,30.2,14.6,0.0
2066-08-02,30.672894241119476,13.6,0.0
2066-08-03,31.2,13.2,0.0
2066-08-04,31.2,15.0,0.0
2066-08-05,31.4,15.6,0.0
2066-08-06,30.9,16.33303726239662,0.0
2066-08-07,28.5,16.7,0.0
2066-08-08,29.0,15.05552901142401,0.0
2066-08-09,31.6,14.6,0.0
2066-08-10,31.95525142242042,15.05552901142401,0.0
2066-08-11,31.4,15.2,0.0
2066-08-12,32.6,15.5,0.0
2066-08-13,33.328679250006246,16.7,0.0
2066-08-14,33.162613595816126,16.790848827934415,0.0
2066-08-15,31.900076887590345,16.7,0.0
2066-08-16,31.49752421959096,15.7,0.0
2066-08-17,31.1,16.7,0.0
2066-08-18,29.3,17.2,0.0
2066-08-19,29.1,15.533106879860844,0.0
2066-08-20,30.5,15.4,0.0
2066-08-21,31.2,16.182676612238918,0.0
2066-08-22,31.981070275257572,17.2,0.0
2066-08-23,31.5,17.67438594774439,0.0
2066-08-24,30.2,17.46040826965683,0.0
2066-08-25,30.7,15.6,0.0
2066-08-26,31.4,15.64700810152399,0.0
2066-08-27,33.1,17.0,0.0
2066-08-28,34.56784143397,18.0,0.0
2066-08-29,34.5734733129303,18.780101635902106,0.0
2066-08-30,35.60767457286146,18.81814631423671,0.0
2066-08-31,34.57948065048794,18.867074539196512,0.0
2066-09-01,32.5,18.9,0.0
2066-09-02,31.9,17.6,0.0
2066-09-03,32.9,17.0,0.0
2066-09-04,32.5,18.220254596798096,0.0
2066-09-05,31.3,18.230683567542414,0.0
2066-09-06,31.383436141166946,17.3,0.0
2066-09-07,32.0,17.3,0.0
2066-09-08,32.6,18.0,0.0
2066-09-09,33.0,18.1,0.0
2066-09-10,33.6,18.2,0.0
2066-09-11,34.0,18.235764348161435,0.0
2066-09-12,35.0,18.4,0.0
2066-09-13,35.10696119972937,19.3,0.0
2066-09-14,32.0,19.6,0.0
2066-09-15,30.9,18.359193740171076,0.0
2066-09-16,31.32551986775429,17.1,0.0
2066-09-17,33.1,16.6,0.0
2066-09-18,33.9,17.8,0.0
2066-09-19,30.0,18.2,0.0
2066-09-20,30.8,17.0,0.0
2066-09-21,31.9,14.9,0.0
2066-09-22,33.1,17.944561417447964,0.0
2066-09-23,34.0,19.0,0.0
2066-09-24,33.4,19.3,0.0
2066-09-25,36.30678531701892,19.3,0.0
2066-09-26,39.52001953125,19.629003240315335,0.0
2066-09-27,29.2,18.5,0.0
2066-09-28,29.9,16.7,0.0
2066-09-29,29.12155172413793,16.0,0.0
2066-09-30,30.0,16.0,0.0
2066-10-01,30.7,17.7,0.0
2066-10-02,31.9,20.0,0.0
2066-10-03,32.9,19.547335272427453,0.0
2066-10-04,36.0,20.8,0.0
2066-10-05,38.876806640625,21.753862345330322,0.0
2066-10-06,38.572119140625,22.2,0.0
2066-10-07,36.0,22.156533684228673,0.0
2066-10-08,32.9,21.3,0.0
2066-10-09,31.6,19.0,0.0
2066-10-10,32.9,17.8,0.0
2066-10-11,35.7,18.5,0.0
2066-10-12,37.541956252411794,20.0,0.0
2066-10-13,35.4,22.0,0.0
2066-10-14,32.9,20.6,0.0
2066-10-15,32.1,19.2,0.0
2066-10-16,33.5,20.4,0.0
2066-10-17,34.9,19.1,0.0
2066-10-18,37.83193884439251,21.0,0.0
2066-10-19,38.93515625,21.964572837115675,0.0
2066-10-20,39.28720703125,22.16427421375734,0.0
2066-10-21,40.258154296875,22.0,0.0
2066-10-22,40.725927734375,24.0392578125,0.0
2066-10-23,38.591162109375,23.886669921875,0.0
2066-10-24,36.4,22.0,0.0
2066-10-25,35.6,21.9,0.0
2066-10-26,36.5,20.251981602896556,0.0
2066-10-27,40.025,20.2,0.0
2066-10-28,36.838536060279864,23.70285918052444,0.0
2066-10-29,37.84775683713118,22.516760122546966,0.0
2066-10-30,38.496923828125,22.6,0.0
2066-10-31,38.860693359375,22.2,0.0
2066-11-01,40.134033203125,23.288924513457836,0.0
2066-11-02,40.237548828125,23.254702283869793,0.0
2066-11-03,40.27197265625,23.363830224424834,0.0
2066-11-04,40.48291015625,23.275150556807198,0.0
2066-11-05,40.2275390625,23.51640231544122,0.0
2066-11-06,38.740400975022276,22.4,0.0
2066-11-07,36.4,21.51102692614383,0.0
2066-11-08,32.4,21.5,34.43636363636364
2066-11-09,27.5,19.5,20.742857142857144
2066-11-10,31.2,17.5,0.0
2066-11-11,24.6,18.5,0.0
2066-11-12,27.0,19.5,0.0
2066-11-13,30.0,19.5,0.0
2066-11-14,32.7,19.5,0.0
2066-11-15,34.4,17.9,0.0
2066-11-16,34.2,19.8,0.0
2066-11-17,33.86566002025467,19.626708688666422,0.0
2066-11-18,31.9,20.2,1.0
2066-11-19,32.02739680726333,20.6,0.0
2066-11-20,33.5,18.7,0.0
2066-11-21,33.489276974416015,19.2,0.0
2066-11-22,35.0,18.7,0.0
2066-11-23,36.0,20.4,0.0
2066-11-24,33.5,21.3,0.0
2066-11-25,31.5,20.7,0.0
2066-11-26,32.8,21.0,0.0
2066-11-27,34.4,20.0,0.0
2066-11-28,32.1,20.7,0.0
2066-11-29,31.0,21.3,0.0
2066-11-30,33.0,21.5,18.95
2066-12-01,30.2,20.3,2.093404255319149
2066-12-02,27.5,20.3,20.559574468085113
2066-12-03,27.5,20.3,0.0
2066-12-04,28.7,20.3,7.155531914893616
2066-12-05,28.5,20.1556054629527,2.4
2066-12-06,29.0,20.3,1.9
2066-12-07,28.4,20.1,4.0
2066-12-08,29.8,20.19047015867453,2.9
2066-12-09,31.6,20.3,4.0
2066-12-10,31.54188182903991,19.9,1.4
2066-12-11,31.7,19.9,0.8102127659574471
2066-12-12,30.7,19.8,0.2
2066-12-13,27.9,19.90486043154907,0.0
2066-12-14,29.9,18.3,0.0
2066-12-15,30.8,17.2,0.0
2066-12-16,32.1,17.1,0.0
2066-12-17,32.42577375696953,18.1,0.0
2066-12-18,32.1,20.42690935027747,0.0
2066-12-19,31.544438710057946,22.062544054182247,0.0
2066-12-20,31.8,20.3,0.0
2066-12-21,31.52973664420425,19.9,0.0
2066-12-22,31.6,18.3,0.0
2066-12-23,30.953905035282848,21.0,0.0
2066-12-24,31.0,21.0,0.0
2066-12-25,31.8,19.0,0.0
2066-12-26,32.747928178357775,18.7,0.0
2066-12-27,33.7,19.9,0.0
2066-12-28,32.78000816933531,20.628975623714076,9.552036474164137
2066-12-29,31.2,20.5,0.0
2066-12-30,32.1,20.36838231921161,0.0
2066-12-31,32.74123200556858,20.3,0.0
2067-01-01,37.581982421875,19.0,0.0
2067-01-02,37.428662109375,20.1610097835975,0.0
2067-01-03,34.47327336614083,20.34765489850421,0.0
2067-01-04,31.850073256787468,19.8,8.420879801734817
2067-01-05,31.048733228364906,19.8,42.65213207959762
2067-01-06,31.2,19.8,59.99832713754647
2067-01-07,29.0,19.8,26.77149938042132
2067-01-08,29.1,19.8,9.168401486988833
2067-01-09,31.1,19.80703531841852,0.0
2067-01-10,30.844494743205978,19.981909300003693,18.530706319702592
2067-01-11,31.0,19.8,2.1
2067-01-12,31.803050404829875,19.9,7.0
2067-01-13,31.9,19.9,0.2
2067-01-14,32.39000007224333,19.9,0.0
2067-01-15,31.9,19.87189943975665,7.6
2067-01-16,31.9,19.8,2.8
2067-01-17,29.2,19.8,11.0
2067-01-18,29.5,19.8,15.5
2067-01-19,25.66141657484761,19.8,70.6
2067-01-20,29.5,19.219160140059124,0.0
2067-01-21,28.2,19.6,0.0
2067-01-22,29.8,19.6,0.0
2067-01-23,32.6,18.7,0.0
2067-01-24,36.89130859375,19.8,1.4
2067-01-25,31.9,19.8,0.3011152416356877
2067-01-26,32.012075510727875,19.8,2.1
2067-01-27,31.916011757374182,19.8,0.6
2067-01-28,30.4,19.9,27.0
2067-01-29,28.9,19.8,41.4
2067-01-30,31.1,19.8,25.4860223048327
2067-01-31,31.80754733935508,19.8,16.52202602230483
2067-02-01,31.8,19.906681905929343,2.8
2067-02-02,28.2,19.2,27.113272311212825
2067-02-03,22.81608040201004,16.7,0.0
2067-02-04,24.7,16.6,0.0
2067-02-05,28.5,17.7,0.0
2067-02-06,30.0,16.9,0.0
2067-02-07,29.0,17.6,0.0
2067-02-08,28.7,16.5,0.0
2067-02-09,29.0,15.3,0.0
2067-02-10,30.4,19.5,0.0
2067-02-11,29.0,19.9,3.0
2067-02-12,27.9,20.126432104464477,29.2
2067-02-13,27.5,19.94471664452565,0.0
2067-02-14,31.4,20.180000611351765,9.859725400457666
2067-02-15,31.961821022216697,19.0,0.0
2067-02-16,31.8,19.9,0.8
2067-02-17,33.681195464259915,19.9,0.0
2067-02-18,34.81344256421567,19.79586995453134,0.0
2067-02-19,36.220751953125,19.2,0.0
2067-02-20,33.566503314684,19.9,0.0
2067-02-21,32.083790173151876,19.904439441129746,15.69450800915332
2067-02-22,32.9,19.7,0.0
2067-02-23,34.158695515004666,19.453324015776513,16.974370709382153
2067-02-24,28.3,20.297731787578886,0.8
2067-02-25,31.016480455973316,17.6,0.0
2067-02-26,32.8,16.5,0.0
2067-02-27,33.1165197174159,18.6,0.0
2067-02-28,32.15146198830409,18.6,0.8
2067-03-01,31.3,19.94556577239643,0.0
2067-03-02,30.0,19.908478530766576,0.0
2067-03-03,31.9,19.0,0.0
2067-03-04,30.2,17.0,0.0
2067-03-05,31.0,16.3,0.0
2067-03-06,31.62878787878788,16.3,0.0
2067-03-07,31.2,19.2,0.0
2067-03-08,31.5,20.000180194935986,0.0
2067-03-09,32.08467153284671,20.3,0.0
2067-03-10,33.0,20.620202057586997,0.0
2067-03-11,34.192900501451554,19.913403230064972,0.0
2067-03-12,35.34482421875,21.235350259718818,0.9
2067-03-13,32.0,20.132848876747286,1.6
2067-03-14,31.2,19.9,21.13333333333334
2067-03-15,26.6,19.9,16.028571428571425
2067-03-16,32.0,19.9,0.0
2067-03-17,32.5,18.3,0.0
2067-03-18,34.66838215888099,18.8,0.0
2067-03-19,33.580952380952375,19.2,0.0
2067-03-20,32.0,19.26034699851841,1.6
2067-03-21,29.7,18.2,0.0
2067-03-22,32.6,18.2,0.0
2067-03-23,33.2,17.7,0.0
2067-03-24,32.5,17.0,0.0
2067-03-25,32.69379310344828,16.0,0.0
2067-03-26,32.393085106382976,17.5,0.0
2067-03-27,31.8,18.0,0.0
2067-03-28,32.0,17.0,0.0
2067-03-29,31.9,16.5,0.0
2067-03-30,31.6,17.2,0.0
2067-03-31,31.8,16.4,0.0
2067-04-01,31.139856801909314,18.3,0.0
2067-04-02,31.4,19.0,0.0
2067-04-03,31.4,19.0,0.0
2067-04-04,31.72241014799154,19.4,0.0
2067-04-05,30.4,19.117722238000567,0.0
2067-04-06,30.63534482758621,17.8,0.0
2067-04-07,30.6,16.9,0.0
2067-04-08,30.9,17.0,0.0
2067-04-09,31.0,18.9,0.0
2067-04-10,29.6,18.6,0.0
2067-04-11,29.9,18.7,0.0
2067-04-12,31.1,17.6,0.0
2067-04-13,32.0,15.6,0.0
2067-04-14,33.2,16.0,0.0
2067-04-15,33.94401076716017,17.0,0.0
2067-04-16,34.107433628318574,18.2,0.0
2067-04-17,34.09391570360299,19.0,0.0
2067-04-18,33.70875912408759,19.394850948509486,0.0
2067-04-19,31.29103139013453,19.4,0.0
2067-04-20,29.7,19.7,0.0
2067-04-21,30.6,18.1,0.0
2067-04-22,30.7,17.0,0.0
2067-04-23,30.1,16.4,0.0
2067-04-24,30.3,15.6,0.0
2067-04-25,32.05571847507331,14.0,0.0
2067-04-26,33.2,15.0,0.0
2067-04-27,32.119540229885054,18.1,0.0
2067-04-28,31.28408071748879,18.3,0.0
2067-04-29,33.036532810969646,16.4,0.0
2067-04-30,32.7,17.9,0.0
2067-05-01,30.7,17.5,0.0
2067-05-02,30.5,16.2,0.0
2067-05-03,31.1,15.6,0.0
2067-05-04,33.37944631977167,14.6,0.0
2067-05-05,33.15021706187878,17.8,0.0
2067-05-06,32.7,18.043639024979104,0.0
2067-05-07,35.16083984375,17.8100935783709,0.0
2067-05-08,36.3546875,20.221923828125,0.0
2067-05-09,36.2580078125,21.95458984375,0.0
2067-05-10,34.9904296875,21.7099609375,0.0
2067-05-11,33.13942311912792,19.856201171875,0.0
2067-05-12,32.7,18.2984408011381,0.0
2067-05-13,33.93916015625,18.235746965486086,0.0
2067-05-14,30.6,18.177010395417266,0.0
2067-05-15,28.7,15.3,0.0
2067-05-16,29.1,13.2,0.0
2067-05-17,30.0,13.1,0.0
2067-05-18,30.556840780135367,13.9,0.0
2067-05-19,32.7,15.0,0.0
2067-05-20,36.015576171875,17.8,0.0
2067-05-21,36.753369140625,19.75537109375,0.0
2067-05-22,35.891796875,20.125,0.0
2067-05-23,35.467724609375,18.392500048372952,0.0
2067-05-24,33.10760939312539,19.92578125,0.0
2067-05-25,31.27700799303757,17.495231985237567,0.0
2067-05-26,30.4,14.9,0.0
2067-05-27,29.3,12.6,0.0
2067-05-28,29.613763408930627,12.4,0.0
2067-05-29,31.579987642819553,12.5,0.0
2067-05-30,33.68224481904531,13.9,0.0
2067-05-31,34.106396484375,16.0,0.0
2067-06-01,32.71640625,18.328963736453826,0.0
2067-06-02,32.8130859375,17.693923941893658,0.0
2067-06-03,30.0,20.1212890625,0.0
2067-06-04,30.0,17.486147644797857,0.0
2067-06-05,31.087931229631334,16.4,0.0
2067-06-06,32.62216796875,16.736384418060904,0.0
2067-06-07,30.558785427171753,19.74628854179296,0.0
2067-06-08,28.456892843900636,15.976544618036987,0.0
2067-06-09,28.6,14.130478309232487,0.0
2067-06-10,28.501153839362964,13.2,0.0
2067-06-11,28.0,12.0,0.0
2067-06-12,28.0,11.9,0.0
2067-06-13,28.427561841199218,12.2,0.0
2067-06-14,28.928769145204075,12.5,0.0
2067-06-15,28.5,13.0,0.0
2067-06-16,26.66446531811752,14.134077864293662,0.0
2067-06-17,22.6,14.247455222355908,0.0
2067-06-18,25.2,12.9,0.0
2067-06-19,24.8,13.0,0.0
2067-06-20,25.98119095291064,17.130550821840014,0.0
2067-06-21,27.07886010911596,14.2,0.0
2067-06-22,28.2,14.0,0.0
2067-06-23,29.599063774564335,14.0,0.0
2067-06-24,30.265731262584328,13.2,0.0
2067-06-25,28.5,16.395468040402136,0.0
2067-06-26,26.3,15.078287680756407,0.0
2067-06-27,27.0,13.7,0.0
2067-06-28,26.7,12.9,0.0
2067-06-29,26.2,13.0,0.0
2067-06-30,25.9,12.1,0.0
2067-07-01,25.7,11.2,0.0
2067-07-02,25.1,11.4,0.0
2067-07-03,25.7,10.3,0.0
2067-07-04,26.4,10.5,0.0
2067-07-05,28.3,11.721552831695542,0.0
2067-07-06,29.390971874367185,12.857158234660927,0.0
2067-07-07,30.2,15.188783572884523,0.0
2067-07-08,28.367040061777494,15.3,0.0
2067-07-09,27.3,14.3,0.0
2067-07-10,26.9,13.4,0.0
2067-07-11,25.9,12.6,0.0
2067-07-12,25.6,12.0,0.0
2067-07-13,25.7,10.8,0.0
2067-07-14,27.0,14.2,0.0
2067-07-15,27.6,14.2,0.0
2067-07-16,28.0,16.0,0.0
2067-07-17,28.332144194318328,15.158148939442022,0.0
2067-07-18,29.2,14.6,0.0
2067-07-19,29.2,15.0,0.0
2067-07-20,27.6,14.3,0.0
2067-07-21,26.7,10.7,0.0
2067-07-22,26.6,8.3,0.0
2067-07-23,27.7,9.0,0.0
2067-07-24,30.0,11.9,0.0
2067-07-25,30.7,13.4,0.0
2067-07-26,30.0,15.0,0.0
2067-07-27,29.2,14.2,0.0
2067-07-28,29.2,15.3,0.0
2067-07-29,30.641202344905544,15.3,0.0
2067-07-30,30.7,15.53299320908959,0.0
2067-07-31,28.3,15.436289950543905,0.0
2067-08-01,27.2,11.4,0.0
2067-08-02,28.0,13.4,0.0
2067-08-03,26.2,14.4,0.0
2067-08-04,24.5,14.0,0.0
2067-08-05,26.6,12.2,0.0
2067-08-06,27.8,13.0,0.0
2067-08-07,28.8,14.6,0.0
2067-08-08,28.8,14.3,0.0
2067-08-09,28.5,14.5,0.0
2067-08-10,28.0,14.2,0.0
2067-08-11,28.5,13.5,0.0
2067-08-12,29.1,13.4,0.0
2067-08-13,30.5,14.2,0.0
2067-08-14,30.5,14.7,0.0
2067-08-15,31.4,14.5,0.0
2067-08-16,33.909002837850984,13.928672081416963,0.0
2067-08-17,33.10751648277718,13.7,0.0
2067-08-18,30.988824738232697,18.0,0.0
2067-08-19,30.0,16.644634110610763,0.0
2067-08-20,29.983174910145774,15.5,0.0
2067-08-21,29.0,14.0,0.0
2067-08-22,30.0,13.0,0.0
2067-08-23,31.1,14.0,0.0
2067-08-24,31.926249423343066,14.9,0.0
2067-08-25,33.170782641021546,14.4,0.0
2067-08-26,29.5,17.922547271360937,0.0
2067-08-27,27.4,15.6,0.0
2067-08-28,28.3,14.24452577442889,0.0
2067-08-29,30.43519913885899,13.4,0.0
2067-08-30,29.1,15.5,0.0
2067-08-31,29.5,14.6,0.0
2067-09-01,30.5,14.7,0.0
2067-09-02,31.4,15.6,0.0
2067-09-03,31.647808676307008,16.400407860585833,0.0
2067-09-04,31.6,16.8,0.0
2067-09-05,30.0,16.4,0.0
2067-09-06,28.4,15.1481621554814,0.0
2067-09-07,28.9,14.5,0.0
2067-09-08,30.2,15.4,0.0
2067-09-09,31.5,16.0,0.0
2067-09-10,31.6,17.3,0.0
2067-09-11,29.4,16.9,0.0
2067-09-12,28.899095769492984,14.5,0.0
2067-09-13,29.50526696329255,13.179420329704666,0.0
2067-09-14,31.0,12.7,0.0
2067-09-15,33.0,13.9,0.0
2067-09-16,33.2,18.8,0.0
2067-09-17,32.2,18.9,0.0
2067-09-18,32.5,17.6,0.0
2067-09-19,33.4,17.4,0.0
2067-09-20,34.20132340777503,18.2,0.0
2067-09-21,34.7,18.737623364021495,0.0
2067-09-22,34.3,19.0,0.0
2067-09-23,33.9,18.9,0.0
2067-09-24,33.0,19.0,0.0
2067-09-25,33.0,17.87463848720801,0.0
2067-09-26,31.71706739682268,18.1,0.0
2067-09-27,31.7,16.9,0.0
2067-09-28,32.4,16.9,0.0
2067-09-29,33.0,18.2,0.0
2067-09-30,33.2,18.257691927675125,0.0
2067-10-01,34.3,18.2,0.0
2067-10-02,34.9,19.4,0.0
2067-10-03,34.5,20.4,0.0
2067-10-04,34.76776103336921,19.9,0.0
2067-10-05,36.55612896302101,19.6,0.0
2067-10-06,38.402197265625,20.3,0.0
2067-10-07,40.298681640625,20.71406022271544,0.0
2067-10-08,41.589697265625,22.69135960917445,0.0
2067-10-09,35.1,22.6,0.0
2067-10-10,34.7,20.7,0.0
2067-10-11,32.9,18.8,0.0
2067-10-12,31.1,19.5,0.0
2067-10-13,30.6,18.0,0.0
2067-10-14,27.6,18.4,1.6
2067-10-15,24.288734082092734,17.3,0.5960000000000001
2067-10-16,25.33662430205402,15.888183028954042,0.0
2067-10-17,28.0,14.1,0.0
2067-10-18,29.115781605071163,14.5,0.0
2067-10-19,30.8,13.630605686681193,0.0
2067-10-20,32.1,13.6,0.0
2067-10-21,33.2,16.5,0.0
2067-10-22,33.8,18.0,0.0
2067-10-23,33.2,18.0,0.0
2067-10-24,33.1,17.0,0.0
2067-10-25,34.12159772412731,18.5,0.0
2067-10-26,35.5,20.5,0.0
2067-10-27,36.9,20.6,0.0
2067-10-28,37.2,21.4,0.0
2067-10-29,38.780126953125,21.3,0.0
2067-10-30,39.926611328125,21.98449627709377,0.0
2067-10-31,39.79990234375,22.6,0.0
2067-11-01,41.14208984375,23.390940462185007,0.0
2067-11-02,40.95263671875,23.387497892310694,0.0
2067-11-03,39.62890625,23.359795962853376,0.0
2067-11-04,36.2,23.215080657096347,0.0
2067-11-05,35.7,22.1,0.0
2067-11-06,35.7,21.5,0.0
2067-11-07,36.0,21.3,0.0
2067-11-08,36.5,21.2,0.0
2067-11-09,37.75831019140039,21.3,0.0
2067-11-10,39.65576171875,21.747686162713507,0.0
2067-11-11,41.743896484375,22.4,0.0
2067-11-12,42.8818359375,22.9,0.0
2067-11-13,37.819060450308754,21.5,9.5
2067-11-14,35.02378150154891,21.2,0.0
2067-11-15,35.5,21.5,0.0
2067-11-16,36.2,21.3,0.0
2067-11-17,37.476668927534654,23.254407828739495,0.0
2067-11-18,36.3,22.583968743279094,0.0
2067-11-19,35.241045606229136,21.5,5.6
2067-11-20,34.4,21.52148465779052,4.0
2067-11-21,31.0,18.9,44.319047619047616
2067-11-22,24.344968015402863,17.5,0.0
2067-11-23,30.0,16.4,0.0
2067-11-24,32.0,16.0,0.0
2067-11-25,32.0,16.5,0.0
2067-11-26,33.8,17.8,0.0
2067-11-27,34.8,17.4,0.0
2067-11-28,36.0,17.5,0.0
2067-11-29,36.39231329830079,21.2,0.0
2067-11-30,36.2,21.9,0.0
2067-12-01,28.9,20.3,0.40425531914893625
2067-12-02,25.153866234966053,19.5,9.2
2067-12-03,24.2,19.0,20.37957446808511
2067-12-04,25.1,19.7,9.81244680851064
2067-12-05,32.1,18.589659473405383,0.0
2067-12-06,25.6,18.754069719300897,0.0
2067-12-07,28.0,19.9,0.0
2067-12-08,26.9,19.6,0.0
2067-12-09,27.7,20.3,0.8
2067-12-10,29.8,20.3,29.2451367781155
2067-12-11,31.6,20.003461073652648,34.60691489361703
2067-12-12,27.4,20.3,4.2
2067-12-13,27.3,20.2,4.644255319148937
2067-12-14,29.7,20.198811282091633,0.3
2067-12-15,28.9,20.053603716642346,2.4308510638297878
2067-12-16,29.2,20.1,35.58377659574468
2067-12-17,30.5,20.3,2.4
2067-12-18,31.6,20.0,3.4
2067-12-19,28.12841765339074,20.3,9.2
2067-12-20,29.0,20.3,16.6
2067-12-21,29.1,20.281767363677886,43.19489361702128
2067-12-22,29.4,19.9,0.5
2067-12-23,30.8,19.9,0.0
2067-12-24,30.2,19.0,0.0
2067-12-25,29.0,20.3,0.0
2067-12-26,26.5,20.1,35.7555744680851
2067-12-27,29.5,20.1,0.0
2067-12-28,29.6,19.9,9.8
2067-12-29,29.5,20.29153002393499,0.0
2067-12-30,27.5,20.5,0.0
2067-12-31,27.3,20.2,0.0
2068-01-01,26.9,19.8,7.2
2068-01-02,27.0,19.6,8.4
2068-01-03,30.4,19.8,20.666640579143028
2068-01-04,28.8599928238249,19.7,27.744981412639397
2068-01-05,30.1,19.7,60.4
2068-01-06,30.9,19.6,0.0
2068-01-07,27.9,19.6,12.2
2068-01-08,25.2,19.776077379840753,70.39692052647445
2068-01-09,27.0,18.9,0.0
2068-01-10,31.9,18.0,0.0
2068-01-11,30.6,19.6,1.9
2068-01-12,31.7,19.1,0.0
2068-01-13,32.023169404977615,19.8,0.0
2068-01-14,29.5,19.88410024614933,0.9
2068-01-15,29.8,19.8,9.3
2068-01-16,26.0,19.8,20.7
2068-01-17,28.7,19.8,17.521561338289967
2068-01-18,30.0,19.2,0.0
2068-01-19,32.01625722086658,17.8,0.0
2068-01-20,32.034067979055294,19.8,0.0
2068-01-21,37.99036865234375,19.866502012709883,5.6
2068-01-22,31.1,19.76646592860712,11.9
2068-01-23,28.4,19.7,1.6195167286245342
2068-01-24,32.0,19.188128684733208,0.0
2068-01-25,31.9,19.6,7.0
2068-01-26,30.5,19.7,20.7
2068-01-27,30.8,18.0,0.0
2068-01-28,31.8,17.9,0.0
2068-01-29,32.3419929057007,18.4,0.0
2068-01-30,32.6,19.8,2.2
2068-01-31,30.2,19.8,0.0
2068-02-01,29.2,20.486366455592236,0.0
2068-02-02,29.8,20.251408674562132,2.12471395881007
2068-02-03,28.1,19.890815246700647,5.894279176201373
2068-02-04,26.7,19.9,40.31405034324943
2068-02-05,27.6,19.862827772520525,39.6525400457666
2068-02-06,28.3,19.9,6.4
2068-02-07,27.9,19.906451690911897,0.0
2068-02-08,29.8,20.0580575217712,0.0
2068-02-09,31.7,19.478729887344997,0.0
2068-02-10,27.0,19.2,0.0
2068-02-11,30.7,19.9,0.8
2068-02-12,33.93907776179297,19.9,2.4
2068-02-13,32.9,19.9,3.0
2068-02-14,30.5,19.933143896790327,43.38750260037449
2068-02-15,29.4,19.922034058964424,32.464164759725406
2068-02-16,24.9,19.78669000363483,24.818764302059506
2068-02-17,26.7,17.8,0.0
2068-02-18,25.8,17.6,0.0
2068-02-19,27.0,18.6,0.0
2068-02-20,27.7,19.798470617153193,0.0
2068-02-21,28.5,17.2,0.0
2068-02-22,29.6,19.0,0.0
2068-02-23,31.48823843167034,18.9,0.0
2068-02-24,32.78788233287026,16.4,0.0
2068-02-25,33.15461268868834,16.0,0.0
2068-02-26,33.334285398901685,18.8,0.0
2068-02-27,34.21272263025499,19.86591437128389,2.6
2068-02-28,33.03804255319148,20.25207711775139,7.5
2068-02-29,31.71286802879116,20.070174432239387,8.0
2068-03-01,35.103125,19.9,11.2
2068-03-02,33.0,19.96211519398929,26.2
2068-03-03,29.7,20.760101413251984,8.474999999999998
2068-03-04,29.0,20.388030471602438,2.8
2068-03-05,28.3,19.9,28.507692307692306
2068-03-06,33.32873786407767,19.9,9.88888888888889
2068-03-07,30.9,21.79298806899198,9.88888888888889
2068-03-08,30.0,19.9,4.35
2068-03-09,30.7,19.3,3.6
2068-03-10,27.9,19.911421190594258,90.1
2068-03-11,27.1,19.8831965237375,4.6
2068-03-12,28.669230769230765,19.9,0.0
2068-03-13,29.2,19.0,4.0
2068-03-14,29.0,18.3,0.0
2068-03-15,29.5,18.6,0.0
2068-03-16,32.9,17.2,0.0
2068-03-17,31.9,18.4,0.0
2068-03-18,30.4,18.7,0.0
2068-03-19,26.8,19.23233290567565,0.0
2068-03-20,27.6,19.9,0.0
2068-03-21,28.0,19.9,0.0
2068-03-22,30.4,19.529193813381656,0.5
2068-03-23,32.5,19.9,2.5
2068-03-24,29.9,19.9,38.24615384615384
2068-03-25,29.8,20.255764006356028,35.499999999999986
2068-03-26,26.5,19.9,1.4
2068-03-27,26.8,20.00230362992696,4.9
2068-03-28,29.8,19.6,0.0
2068-03-29,29.0,19.207267664711075,0.0
2068-03-30,30.0,18.8,0.0
2068-03-31,31.8,20.3,0.0
2068-04-01,31.4,21.062548828125,0.0
2068-04-02,27.9,19.7,0.0
2068-04-03,27.6,19.647509578544046,0.0
2068-04-04,27.2,19.4,0.0
2068-04-05,30.0,19.4,0.0
2068-04-06,29.3,19.7,24.689850746268657
2068-04-07,29.4,16.3,0.0
2068-04-08,30.4,14.4,0.0
2068-04-09,31.8,15.0,0.0
2068-04-10,31.80993788819876,17.1,0.0
2068-04-11,29.775000000000002,20.037164750957842,0.0
2068-04-12,27.9,19.187247940925875,25.363880597014923
2068-04-13,23.9,18.6,0.0
2068-04-14,27.7,18.0,0.0
2068-04-15,29.7,16.5,0.0
2068-04-16,31.24461883408072,16.7,0.0
2068-04-17,31.789640591966172,16.6,0.0
2068-04-18,30.0,18.7,0.0
2068-04-19,27.3,15.7,0.0
2068-04-20,27.1,11.0,0.0
2068-04-21,28.0,9.229363141085855,0.0
2068-04-22,29.5,9.564779874213837,0.0
2068-04-23,31.278699551569503,10.0,0.0
2068-04-24,28.6,14.0,0.0
2068-04-25,26.8,16.1,0.0
2068-04-26,26.3,12.763492063492063,0.0
2068-04-27,25.8,12.0,0.0
2068-04-28,25.6,13.2,0.0
2068-04-29,23.9,16.8,0.0
2068-04-30,23.5,16.0,0.0
2068-05-01,25.0,13.1,0.0
2068-05-02,24.5,15.254043774668087,0.0
2068-05-03,23.7,15.507706153276024,0.0
2068-05-04,25.7,13.6,0.0
2068-05-05,21.127623789020454,16.48376737921199,1.3476190476190475
2068-05-06,24.4,14.1,0.0
2068-05-07,26.0,13.6,0.0
2068-05-08,27.0,13.9,0.0
2068-05-09,27.2,14.18200574094007,0.0
2068-05-10,27.5,15.6,0.0
2068-05-11,26.0,18.222172547973233,0.0
2068-05-12,26.0,17.750178816907194,0.0
2068-05-13,24.653925244051816,17.44474254959248,0.0
2068-05-14,25.176141532692107,15.0,0.0
2068-05-15,26.6,17.55031836675119,0.0
2068-05-16,25.2,16.5,0.0
2068-05-17,26.0,14.0,0.0
2068-05-18,25.0,12.9,0.0
2068-05-19,26.6,14.3,0.0
2068-05-20,26.5,14.8450731336668,0.0
2068-05-21,28.0,16.3,0.0
2068-05-22,27.8,14.3,0.0
2068-05-23,26.5,11.4,0.0
2068-05-24,24.9,9.4,0.0
2068-05-25,24.4,9.0,0.0
2068-05-26,24.8,8.156362448100875,0.0
2068-05-27,25.276167922497304,11.3,0.0
2068-05-28,27.2,8.7,0.0
2068-05-29,27.88695730175816,8.4,0.0
2068-05-30,28.5,10.4,0.0
2068-05-31,29.3,10.8,0.0
2068-06-01,28.6,13.4,0.0
2068-06-02,27.0,15.0,0.0
2068-06-03,27.1,13.7,0.0
2068-06-04,27.7,12.250992422135715,0.0
2068-06-05,28.11747587409435,11.9,0.0
2068-06-06,29.0,12.5,0.0
2068-06-07,30.857368504687752,13.2,0.0
2068-06-08,33.13388671875,12.9,0.0
2068-06-09,29.6,14.898173597904513,0.0
2068-06-10,27.9,12.265334399332598,0.0
2068-06-11,26.5,11.9,0.0
2068-06-12,25.0,12.7,0.0
2068-06-13,26.6,11.9,0.0
2068-06-14,27.6,12.6,0.0
2068-06-15,28.0,13.7,0.0
2068-06-16,28.0,14.2,0.0
2068-06-17,27.8,13.6,0.0
2068-06-18,27.4,13.6,0.0
2068-06-19,27.0,13.0,0.0
2068-06-20,26.2,14.7,0.0
2068-06-21,26.7,16.68606410751175,0.0
2068-06-22,26.1,15.028793798665196,0.0
2068-06-23,24.264548464702383,14.3,0.0
2068-06-24,23.4,12.6,0.0
2068-06-25,26.0,12.23833773637375,0.0
2068-06-26,26.9,13.107116861237406,0.0
2068-06-27,27.0,12.9,0.0
2068-06-28,27.6,13.0,0.0
2068-06-29,28.2,13.2,0.0
2068-06-30,28.9,13.2,0.0
2068-07-01,28.3,13.8,0.0
2068-07-02,27.3,13.112442690268297,0.0
2068-07-03,27.3,12.6,0.0
2068-07-04,27.6,12.4,0.0
2068-07-05,26.0,14.0,0.0
2068-07-06,24.0,10.9,0.0
2068-07-07,26.4,10.4,0.0
2068-07-08,27.5,12.2,0.0
2068-07-09,27.1,10.2,0.0
2068-07-10,27.6,10.5,0.0
2068-07-11,29.2,10.349558665231424,0.0
2068-07-12,31.13095803138265,11.5,0.0
2068-07-13,32.6623046875,15.0,0.0
2068-07-14,33.567822265625,15.884071099334802,0.0
2068-07-15,30.66186688969598,17.20498046875,0.0
2068-07-16,29.2,15.570668425987002,0.0
2068-07-17,29.5,15.488956461781884,0.0
2068-07-18,31.189913651762577,15.80458060776679,0.0
2068-07-19,32.46357421875,17.18642578125,0.0
2068-07-20,31.622265625,18.053125,0.0
2068-07-21,31.130558979214097,18.1791015625,0.0
2068-07-22,31.13696116400521,17.04677734375,0.0
2068-07-23,30.170821652059445,16.81875,0.0
2068-07-24,28.8,15.885224807485265,0.0
2068-07-25,25.0,16.0,0.0
2068-07-26,28.2,15.033916987077141,0.0
2068-07-27,28.8,15.0,0.0
2068-07-28,29.5,15.2,0.0
2068-07-29,30.7,15.511584479619815,0.0
2068-07-30,31.125440701400066,16.1400283360776,0.0
2068-07-31,31.143224548042035,16.0,0.0
2068-08-01,31.192181373897053,15.4,0.0
2068-08-02,32.1,15.2,0.0
2068-08-03,32.1,15.7,0.0
2068-08-04,31.9,15.5,0.0
2068-08-05,32.1,14.6,0.0
2068-08-06,31.4,14.69386437029063,0.0
2068-08-07,31.2,15.0,0.0
2068-08-08,30.5,15.3,0.0
2068-08-09,30.2,14.3,0.0
2068-08-10,31.4,13.9,0.0
2068-08-11,29.4,16.6,0.0
2068-08-12,27.6,14.8,0.0
2068-08-13,29.3,13.8,0.0
2068-08-14,31.9,12.9,0.0
2068-08-15,31.9,14.0,0.0
2068-08-16,30.0,16.7,0.0
2068-08-17,30.0,15.4,0.0
2068-08-18,29.9,16.0,0.0
2068-08-19,30.9,15.0,0.0
2068-08-20,33.04903890512072,15.2,0.0
2068-08-21,31.966569275718896,16.924227871160042,0.0
2068-08-22,30.3,16.4,0.0
2068-08-23,28.9,15.6,0.0
2068-08-24,29.0,15.4,0.0
2068-08-25,31.2,15.6,0.0
2068-08-26,33.2,16.7,0.0
2068-08-27,34.37103256856646,18.76243974006297,0.0
2068-08-28,34.44669345989072,18.88134726042869,0.0
2068-08-29,34.543561778007835,18.910006245930173,0.0
2068-08-30,31.9,19.0,0.0
2068-08-31,30.7,17.40622492964612,0.0
2068-09-01,29.9,16.3,0.0
2068-09-02,30.0,15.5,0.0
2068-09-03,30.2,14.9,0.0
2068-09-04,30.3,14.7,0.0
2068-09-05,30.4,15.2,0.0
2068-09-06,30.9,15.6,0.0
2068-09-07,30.9,16.3,0.0
2068-09-08,31.3,15.9,0.0
2068-09-09,32.3,16.1,0.0
2068-09-10,33.1,18.278817278670033,0.0
2068-09-11,33.7,19.5,0.0
2068-09-12,35.0,20.5,0.0
2068-09-13,36.067044000434905,20.5,0.0
2068-09-14,36.062658384002276,19.817911965676156,0.0
2068-09-15,33.8,19.6,0.0
2068-09-16,32.8,18.9,0.0
2068-09-17,32.8,18.9,0.0
2068-09-18,32.8,19.0,0.0
2068-09-19,32.9,18.9,0.0
2068-09-20,32.937958843159066,18.275073545582323,0.0
2068-09-21,33.807640261447524,18.9,0.0
2068-09-22,34.765788073705096,19.6,0.0
2068-09-23,35.2,19.6,0.0
2068-09-24,35.4,20.240675588378082,0.0
2068-09-25,36.03494128814807,20.0,0.0
2068-09-26,36.1763721997719,20.5,0.0
2068-09-27,39.63720703125,20.5,0.0
2068-09-28,40.231689453125,21.2,0.0
2068-09-29,37.42436762347774,21.580768530690655,0.0
2068-09-30,39.076416015625,21.137201151137216,0.0
2068-10-01,39.049169921875,21.9,0.0
2068-10-02,40.657568359375,22.2,0.0
2068-10-03,33.2,20.8,0.0
2068-10-04,30.2,19.0,0.0
2068-10-05,33.1,18.2,0.0
2068-10-06,36.9,20.3,0.0
2068-10-07,39.536962890625,22.117507580013623,0.0
2068-10-08,40.0474609375,25.834423828125,0.0
2068-10-09,39.185400390625,23.59358503153558,0.0
2068-10-10,30.2,19.4,0.0
2068-10-11,24.0,16.5,0.4
2068-10-12,26.6,15.4,0.0
2068-10-13,30.1,14.94947710826334,0.0
2068-10-14,32.7125379195616,16.8,0.0
2068-10-15,31.2,18.2,0.0
2068-10-16,31.7,16.7,0.0
2068-10-17,33.88196986006458,16.9,0.0
2068-10-18,35.2,18.1,0.0
2068-10-19,38.545751953125,19.2,0.0
2068-10-20,38.56015625,21.7,0.0
2068-10-21,38.51767578125,21.8,0.0
2068-10-22,38.45517578125,21.7374762308958,0.0
2068-10-23,35.0573647327607,21.94265705313978,0.0
2068-10-24,35.1,20.3,0.0
2068-10-25,36.0,21.3,0.0
2068-10-26,39.956640625,23.452999761944174,0.0
2068-10-27,41.89267578125,24.49384765625,0.0
2068-10-28,40.106298828125,22.6,0.0
2068-10-29,37.591847594288836,20.3,0.532
2068-10-30,28.0,19.6,2.3160000000000003
2068-10-31,30.2,19.6,0.0
2068-11-01,35.50501329980171,21.3,0.0
2068-11-02,34.8,21.803942504312847,0.0
2068-11-03,32.3,19.5,0.0
2068-11-04,34.9,17.5,0.0
2068-11-05,34.4,19.0,0.0
2068-11-06,35.7,17.9,0.0
2068-11-07,37.85546239116258,19.5,0.0
2068-11-08,40.4208984375,20.5,0.0
2068-11-09,40.517578125,22.3,0.0
2068-11-10,36.0,22.0,0.0
2068-11-11,34.0,21.3,0.0
2068-11-12,33.9,20.7,0.0
2068-11-13,33.9,20.6,0.0
2068-11-14,34.4,21.2,0.0
2068-11-15,34.4,21.5,0.0
2068-11-16,35.5,21.3,0.0
2068-11-17,36.0,21.1,0.0
2068-11-18,35.225756425422716,21.54258686629188,0.0
2068-11-19,34.5,21.5,0.0
2068-11-20,34.13085400260775,21.2,0.0
2068-11-21,34.2,20.4,0.0
2068-11-22,36.4,21.5,0.0
2068-11-23,26.7,20.5,1.4
2068-11-24,31.29070280109212,21.4,2.3
2068-11-25,33.9,21.3,5.0
2068-11-26,33.3,21.5,3.9
2068-11-27,33.9,21.3,0.0
2068-11-28,34.5,21.4,5.8
2068-11-29,34.15801589698634,21.9,1.3
2068-11-30,34.4,21.9,1.0
2068-12-01,31.4,20.686895355056205,11.517340425531916
2068-12-02,30.0,20.634564562109492,9.060425531914893
2068-12-03,31.2,20.729412525384298,52.47027823240589
2068-12-04,28.7,21.0,48.596170212765976
2068-12-05,31.0,20.67147159500779,15.494723404255321
2068-12-06,29.2,20.517049912186284,19.315319148936172
2068-12-07,28.1,20.3,0.1
2068-12-08,27.6,20.3,0.0
2068-12-09,28.7,20.67283251501206,0.0
2068-12-10,31.0,20.31500166208259,0.0
2068-12-11,30.0,20.77296196552098,0.0
2068-12-12,32.1,20.762301425487525,0.0
2068-12-13,32.336305828865406,21.0,0.0
2068-12-14,32.54614956329069,21.0,0.0
2068-12-15,32.17388101849209,20.6329132848563,0.0
2068-12-16,31.7,20.539105093195854,0.9
2068-12-17,31.7,20.46636612078966,10.6
2068-12-18,28.109203444564045,20.656094677064548,32.7
2068-12-19,29.6,20.659960479971662,0.0
2068-12-20,31.6,19.9,0.0
2068-12-21,30.9,20.24359324632582,0.0
2068-12-22,31.2,19.712539717535364,0.0
2068-12-23,31.8,17.9,0.0
2068-12-24,32.1,19.9,0.0
2068-12-25,32.71546495841758,18.7,0.0
2068-12-26,33.7,18.8,0.0
2068-12-27,33.1,20.804943585621352,0.0
2068-12-28,32.1,19.0,0.0
2068-12-29,32.87803047807977,17.6,0.0
2068-12-30,31.4,19.6,0.0
2068-12-31,32.1,19.5,0.0
2069-01-01,32.64147649365642,21.090069580078126,0.0
2069-01-02,32.98080069919496,20.16472957228456,5.4
2069-01-03,31.962083834610272,19.8,0.0
2069-01-04,32.6,20.0013035929938,0.0
2069-01-05,32.62346964792137,21.234844970703126,1.3
2069-01-06,32.0,20.519785872372005,0.0
2069-01-07,31.82721617447465,19.826979569720407,0.8
2069-01-08,32.6,18.8,0.0
2069-01-09,32.6,17.9,0.0
2069-01-10,32.73160650342609,18.4,0.0
2069-01-11,35.5400024720676,19.9,0.0
2069-01-12,37.695263671875,19.0,0.0
2069-01-13,38.70234375,22.534405517578126,0.0
2069-01-14,38.854443359375,21.024761962890626,0.7
2069-01-15,37.993359375,20.150902726178057,9.0
2069-01-16,31.6,20.00715247125833,1.0
2069-01-17,32.6,20.021162859569795,30.415288104089203
2069-01-18,31.83814330509664,19.966577407816565,0.0
2069-01-19,36.64088192052336,19.986326549069567,0.8
2069-01-20,30.1,20.109275354094557,7.2
2069-01-21,27.1,20.06094257345675,0.0
2069-01-22,30.9,20.054212692608445,0.0
2069-01-23,32.04225976537556,19.7,0.0
2069-01-24,32.2,19.8,0.6
2069-01-25,32.018267451704475,19.40557257597095,0.0
2069-01-26,32.612617548038386,19.8,0.0
2069-01-27,35.873812688328535,22.304852294921876,0.0
2069-01-28,37.221142578125,20.64418568994108,0.0
2069-01-29,36.78048551855458,19.96846177445408,0.0
2069-01-30,37.046337890625,20.237016122701583,0.0
2069-01-31,34.16104166301644,20.050162527952462,2.9
2069-02-01,34.45971510246323,20.56215120217626,3.73592677345538
2069-02-02,28.4,21.8008544921875,27.87757437070939
2069-02-03,33.36193807434392,20.667046649653233,0.0
2069-02-04,35.19769886328841,20.05443940853653,0.0
2069-02-05,36.231494140625,20.39345285228304,0.0
2069-02-06,36.50859375,20.51577795592031,7.592951945080093
2069-02-07,30.0,20.776203422461794,0.3
2069-02-08,29.6,21.143994140625,0.0
2069-02-09,31.4,20.827160644531254,3.6
2069-02-10,33.23220948202115,20.815869140625,0.0
2069-02-11,35.57137183209006,21.52161865234375,0.0
2069-02-12,35.57055772976157,21.014813232421876,0.0
2069-02-13,35.476935961978974,20.613504350192297,0.0
2069-02-14,34.384037784905104,21.2375,1.3
2069-02-15,34.30007528873228,20.606084630791383,4.792448512585814
2069-02-16,32.9,20.434963174337003,43.4111400041606
2069-02-17,29.6,20.46514338433278,0.0
2069-02-18,26.1,20.15226280458141,0.0
2069-02-19,26.9,20.05481629533181,0.0
2069-02-20,30.9,18.8,0.0
2069-02-21,32.98702832054808,17.6,0.0
2069-02-22,36.032275390625,18.4,0.0
2069-02-23,37.120654296875,19.7,0.0
2069-02-24,36.8318359375,19.9,0.0
2069-02-25,32.8,20.226576010080585,0.0
2069-02-26,28.8,19.910510296404702,0.0
2069-02-27,27.2,19.147154322262768,0.0
2069-02-28,31.8,18.5,0.0
2069-03-01,34.05929203539823,19.8,0.0
2069-03-02,34.62784375824755,18.2,0.0
2069-03-03,33.30504854368932,19.9,0.0
2069-03-04,33.2,19.142310176368337,0.0
2069-03-05,35.41025390625,18.3,0.0
2069-03-06,37.175634765625,19.0,0.0
2069-03-07,37.741796875,19.9,0.0
2069-03-08,35.96982421875,23.379583740234374,0.0
2069-03-09,36.609716796875,23.232855224609374,1.8
2069-03-10,35.01572265625,22.330023193359374,0.5
2069-03-11,34.8757191871206,22.030706787109374,0.0
2069-03-12,34.52396410662442,20.6379237786457,0.0
2069-03-13,33.910619469026535,19.990751408428086,0.0
2069-03-14,29.9,19.9,0.0
2069-03-15,35.021826171875,22.239202880859374,10.21428571428571
2069-03-16,35.472998046875,23.037298583984374,0.0
2069-03-17,36.290380859375,19.9,0.0
2069-03-18,37.379736328125,20.512678923086995,0.0
2069-03-19,38.308447265625,20.689384930181344,0.0
2069-03-20,38.2310546875,19.6,0.0
2069-03-21,38.2173828125,19.91426657241111,0.0
2069-03-22,38.11875,21.719459966715082,0.0
2069-03-23,36.32431640625,24.990057373046874,0.0
2069-03-24,36.183447265625,23.86905517578125,0.0
2069-03-25,34.98544921875,23.133978271484374,0.0
2069-03-26,36.87216796875,20.397317335041862,0.0
2069-03-27,36.704443359375,18.7,0.0
2069-03-28,36.42197265625,20.3,0.0
2069-03-29,34.57717075745581,23.977972412109374,0.0
2069-03-30,33.24674796747968,23.079046630859374,0.0
2069-03-31,34.84489311163899,23.794378662109374,0.0
2069-04-01,36.740478515625,22.36064453125,0.0
2069-04-02,37.16552734375,24.158251953125,0.0
2069-04-03,32.06158357771261,23.66875,0.0
2069-04-04,30.1,19.4,0.0
2069-04-05,30.536486486486485,18.0,0.0
2069-04-06,32.7,16.3,0.0
2069-04-07,34.25693215339233,16.3,0.0
2069-04-08,34.07413324269205,19.385365853658538,0.0
2069-04-09,34.20348082595871,19.4,0.0
2069-04-10,36.333251953125,19.511494252873568,0.0
2069-04-11,34.03555404486743,20.992724609375,0.0
2069-04-12,30.7,19.7,0.0
2069-04-13,31.7,17.4,0.0
2069-04-14,34.048334466349424,17.13783783783784,0.0
2069-04-15,36.55615234375,17.7,0.0
2069-04-16,36.2890625,19.7,0.0
2069-04-17,34.05081577158396,23.1921875,0.0
2069-04-18,34.01363018354861,20.361865234375,0.0
2069-04-19,34.03280081577159,19.0,0.0
2069-04-20,34.11356932153393,19.021234939759037,0.0
2069-04-21,35.729248046875,22.956103515625,0.0
2069-04-22,32.98677766895201,19.87401021711364,0.0
2069-04-23,34.624398625429606,19.7,0.0
2069-04-24,35.651123046875,19.7,0.0
2069-04-25,35.771484375,19.01099397590361,0.0
2069-04-26,34.280766961651906,19.27087444709085,0.0
2069-04-27,34.1917994100295,19.45363984674328,0.0
2069-04-28,33.269181034482756,18.7,0.0
2069-04-29,33.2,18.3,0.0
2069-04-30,33.67600000000001,18.0,0.0
2069-05-01,33.29309477776491,18.268591877615286,0.0
2069-05-02,32.7,20.416015625,0.0
2069-05-03,32.7,18.353293283894413,0.0
2069-05-04,33.73365807267431,20.717041015625,0.0
2069-05-05,35.1486328125,20.953369140625,0.0
2069-05-06,33.8,20.51318359375,0.0
2069-05-07,30.7,18.280649807068116,0.0
2069-05-08,30.421656902362827,16.5,0.0
2069-05-09,30.87956441679571,16.898200830385967,0.0
2069-05-10,29.2,15.739653711380335,0.0
2069-05-11,29.1,14.305228356143308,0.0
2069-05-12,31.6,13.9,0.0
2069-05-13,32.7,12.8,0.0
2069-05-14,31.764563381532067,15.0,0.0
2069-05-15,30.42005814466462,16.2,0.0
2069-05-16,29.3,15.2,0.0
2069-05-17,31.0,15.0,0.0
2069-05-18,32.7,15.0,0.0
2069-05-19,33.8,13.602391795502658,0.0
2069-05-20,33.989697265625,12.9,0.0
2069-05-21,33.8,15.2,0.0
2069-05-22,32.576415523888016,16.885013754335592,0.0
2069-05-23,32.7,15.9796463170844,0.0
2069-05-24,33.157318340004295,15.7,0.0
2069-05-25,32.53918285003117,15.2,0.0
2069-05-26,30.0,14.8778446147027,0.0
2069-05-27,30.4,14.2,0.0
2069-05-28,31.1,13.0,0.0
2069-05-29,29.1,15.2,0.0
2069-05-30,29.9,13.6,0.0
2069-05-31,30.4,13.2,0.0
2069-06-01,29.5230780428185,14.2,0.0
2069-06-02,28.9,14.835139914805506,0.0
2069-06-03,28.656413691980998,13.0,0.0
2069-06-04,30.5,13.8,0.0
2069-06-05,32.0611328125,13.7,0.0
2069-06-06,33.3404296875,12.0,0.0
2069-06-07,32.177099609375,12.1,0.0
2069-06-08,31.449560546875,15.4,0.0
2069-06-09,32.24228515625,15.9,0.0
2069-06-10,30.499860374847003,18.68137667142398,0.0
2069-06-11,29.10782735534242,16.41749385281893,0.0
2069-06-12,31.13328435103331,13.5,0.0
2069-06-13,31.272618308842173,15.4,0.0
2069-06-14,29.24262492916659,17.42841220718294,0.0
2069-06-15,30.020407486401815,15.334820336581831,0.0
2069-06-16,31.257882637628544,16.423266165622632,0.0
2069-06-17,30.9840038189081,17.32951354089808,0.0
2069-06-18,29.9,16.245881667461216,0.0
2069-06-19,28.9,15.973604872524229,0.0
2069-06-20,28.0,15.171863001901759,0.0
2069-06-21,27.7508467185762,14.2,0.0
2069-06-22,28.0,13.06171019442574,0.0
2069-06-23,29.0,12.0,0.0
2069-06-24,29.145685982328384,12.035490414185704,0.0
2069-06-25,28.0,14.2,0.0
2069-06-26,27.9,12.6,0.0
2069-06-27,28.714375741737012,11.9,0.0
2069-06-28,28.445116001906886,13.272880978865413,0.0
2069-06-29,27.461805710048193,13.7,0.0
2069-06-30,27.9,12.9,0.0
2069-07-01,28.0,14.3,0.0
2069-07-02,28.0,15.0,0.0
2069-07-03,27.9,14.2,0.0
2069-07-04,27.9,13.6,0.0
2069-07-05,27.2,15.0,0.0
2069-07-06,26.0,14.126786255261257,0.0
2069-07-07,25.77755651237889,13.5,0.0
2069-07-08,26.7,11.4,0.0
2069-07-09,27.0,11.6,0.0
2069-07-10,27.07720499192679,13.1,0.0
2069-07-11,26.4,12.4,0.0
2069-07-12,28.2,13.1,0.0
2069-07-13,29.2,14.0,0.0
2069-07-14,30.259386472091794,12.9,0.0
2069-07-15,29.2,15.3,0.0
2069-07-16,29.5,15.0,0.0
2069-07-17,31.15120559141307,13.6,0.0
2069-07-18,31.482861328125,14.2,0.0
2069-07-19,31.119958071606046,15.774699566669378,0.0
2069-07-20,31.156167718378537,15.2,0.0
2069-07-21,31.243023169410673,15.0,0.0
2069-07-22,32.0685546875,15.1,0.0
2069-07-23,31.53291015625,15.3,0.0
2069-07-24,29.2,16.356866974825703,0.0
2069-07-25,27.7,15.875764400651331,0.0
2069-07-26,28.0,15.2,0.0
2069-07-27,28.744920862735714,13.6,0.0
2069-07-28,29.2,12.932131324004304,0.0
2069-07-29,29.2,15.0,0.0
2069-07-30,29.2,12.4,0.0
2069-07-31,30.2,12.9,0.0
2069-08-01,31.1,13.7,0.0
2069-08-02,33.19147309158282,15.0,0.0
2069-08-03,36.26681790947486,16.304675041735685,0.0
2069-08-04,31.2,17.441335733973066,0.0
2069-08-05,24.7,16.6,0.0
2069-08-06,26.6,14.423893074991035,0.0
2069-08-07,26.7,13.5,0.0
2069-08-08,28.6,12.4,0.0
2069-08-09,30.6,12.9,0.0
2069-08-10,31.385339074273386,13.9,0.0
2069-08-11,31.4,15.0,0.0
2069-08-12,31.4,14.509856989081959,0.0
2069-08-13,31.2,14.811109720379505,0.0
2069-08-14,30.9,15.5,0.0
2069-08-15,30.7,14.4,0.0
2069-08-16,31.9,14.847077377525222,0.0
2069-08-17,32.9,15.6,0.0
2069-08-18,31.9,18.65868675995694,0.0
2069-08-19,31.9,17.77986751676739,0.0
2069-08-20,32.9,16.7,0.0
2069-08-21,34.01433604070836,16.7,0.0
2069-08-22,35.4357966901495,18.216681303494386,0.0
2069-08-23,33.20374996870853,18.3,0.0
2069-08-24,31.2,18.98686608347609,0.0
2069-08-25,25.7,17.03631001076426,0.0
2069-08-26,29.7,14.8,0.0
2069-08-27,31.1,14.7,0.0
2069-08-28,31.6,14.7,0.0
2069-08-29,32.5,15.4,0.0
2069-08-30,32.9,16.770681710820785,0.0
2069-08-31,33.2643510687375,16.7,0.0
2069-09-01,32.9,18.5,0.0
2069-09-02,32.0,17.6,0.0
2069-09-03,32.8,17.4019740243463,0.0
2069-09-04,35.2,17.4,0.0
2069-09-05,39.70556640625,19.0,0.0
2069-09-06,40.232177734375,20.5,0.0
2069-09-07,34.4,21.375758749128536,0.0
2069-09-08,32.5,19.5,0.0
2069-09-09,32.5,18.6,0.0
2069-09-10,33.2,17.4,0.0
2069-09-11,34.007526642506015,17.1,0.0
2069-09-12,35.1,18.0,0.0
2069-09-13,34.0,19.6,0.0
2069-09-14,33.3,19.5,0.0
2069-09-15,33.0,19.2,0.0
2069-09-16,33.2,18.9,0.0
2069-09-17,34.0,19.331634823005956,0.0
2069-09-18,33.4,19.5,0.0
2069-09-19,32.9,19.4,0.0
2069-09-20,31.9,18.88803208572906,0.0
2069-09-21,33.07979890510153,17.48501906880661,0.0
2069-09-22,33.2,18.2,0.0
2069-09-23,39.10107421875,17.7,0.0
2069-09-24,40.371826171875,18.9,0.0
2069-09-25,41.627685546875,21.2,0.0
2069-09-26,40.778564453125,21.657926493511948,0.0
2069-09-27,39.897216796875,21.54548717175745,0.0
2069-09-28,35.132818251665654,21.36868077156221,0.0
2069-09-29,33.9,20.984525763859892,0.0
2069-09-30,33.4,20.5,0.0
2069-10-01,32.1,20.7,0.0
2069-10-02,34.7,22.0,0.0
2069-10-03,36.7,22.057232719514055,0.0
2069-10-04,38.407568359375,22.18951889528836,0.0
2069-10-05,38.44052734375,22.6,0.0
2069-10-06,35.3,22.130321436506563,0.0
2069-10-07,34.9,21.4,0.0
2069-10-08,38.84287109375,21.93979847262118,0.0
2069-10-09,40.478369140625,24.40009765625,0.0
2069-10-10,40.4302734375,24.06025390625,0.0
2069-10-11,39.312841796875,23.629425114702816,0.0
2069-10-12,38.848974609375,22.6,0.0
2069-10-13,39.316259765625,22.0,0.0
2069-10-14,38.899267578125,22.15662164479149,0.0
2069-10-15,38.7515625,22.073064835460546,0.0
2069-10-16,39.07138671875,22.0,0.0
2069-10-17,38.95419921875,22.122713023042373,0.0
2069-10-18,39.641455078125,21.9,0.0
2069-10-19,39.318701171875,22.2,0.0
2069-10-20,40.210302734375,22.105237607160156,0.0
2069-10-21,39.89609375,22.282071013596546,0.0
2069-10-22,39.4927734375,23.0,0.0
2069-10-23,40.13193359375,23.731943384855477,0.0
2069-10-24,40.959326171875,23.754847053413723,0.0
2069-10-25,41.616064453125,24.0060546875,0.0
2069-10-26,39.417333984375,23.447952073155573,0.0
2069-10-27,35.0,21.935294042713092,0.0
2069-10-28,38.54306640625,24.124462890625,0.0
2069-10-29,38.74765625,25.76337890625,0.0
2069-10-30,40.494482421875,26.231640625,0.0
2069-10-31,39.1841796875,24.832958984375,0.0
2069-11-01,42.967529296875,23.368805813696287,0.0
2069-11-02,36.0,22.3,0.0
2069-11-03,33.7,22.9,1.8
2069-11-04,36.4,23.279272928631386,0.0
2069-11-05,35.83736222990951,22.55013082218867,0.0
2069-11-06,35.2,21.533623096309004,0.0
2069-11-07,36.0,21.5,0.0
2069-11-08,37.8512838019255,21.9,0.0
2069-11-09,39.70263671875,22.539420654504088,0.0
2069-11-10,40.328857421875,23.3,0.0
2069-11-11,40.3349609375,23.36678868291056,0.0
2069-11-12,40.40966796875,23.3,0.0
2069-11-13,41.044921875,23.285620072551154,0.0
2069-11-14,40.1953125,22.3,0.0
2069-11-15,40.117431640625,21.5,0.0
2069-11-16,40.35302734375,24.830908203125,0.0
2069-11-17,38.453330290874966,23.499060647965717,0.0
2069-11-18,40.752685546875,23.653817688517353,0.0
2069-11-19,40.916015625,23.876623432242972,0.0
2069-11-20,37.934957615741574,23.366170096136276,0.0
2069-11-21,38.28341998265632,23.3,0.0
2069-11-22,34.4,21.802265990821482,66.36833333333328
2069-11-23,29.9,21.3,15.5
2069-11-24,33.5,20.5,0.0
2069-11-25,35.2,20.4,0.0
2069-11-26,36.25927659084807,21.0,0.0
2069-11-27,36.02888247270332,21.60716712981237,0.0
2069-11-28,34.4,22.0,9.5
2069-11-29,33.9,21.5,0.0
2069-11-30,34.0,21.2,0.0
2069-12-01,32.1,21.0,0.2
2069-12-02,32.4,20.0,0.0
2069-12-03,33.7,20.3,0.0
2069-12-04,34.18897907189337,21.657708065443796,0.0
2069-12-05,33.898797789092974,24.711639404296875,0.0
2069-12-06,32.8500570618635,21.62436393853438,0.0
2069-12-07,32.30410383214626,21.078023726990637,1.6221276595744685
2069-12-08,30.5,21.0,26.03978723404256
2069-12-09,29.5,20.844863905746653,53.844574468085106
2069-12-10,30.949584379858855,20.3,0.5
2069-12-11,30.1,20.57168900516109,3.2
2069-12-12,30.0,20.364797247918005,5.0
2069-12-13,31.8,20.2,7.0
2069-12-14,30.7,20.0,3.6
2069-12-15,31.2,20.0,1.0
2069-12-16,29.2,20.3,0.0
2069-12-17,27.7,20.1,0.0
2069-12-18,31.8,19.0,0.0
2069-12-19,32.1,17.6,0.0
2069-12-20,33.20724499318581,18.7,0.0
2069-12-21,33.1,19.5,0.0
2069-12-22,32.87888556067154,19.9,0.0
2069-12-23,32.0,20.330501823263756,0.961595744680851
2069-12-24,32.0,21.0,20.40368794326242
2069-12-25,29.6,20.730092985386438,32.63463078848561
2069-12-26,27.9,20.383750676301087,20.44822695035462
2069-12-27,29.6,20.37884756409072,0.6
2069-12-28,30.9,20.3,40.3238601823708
2069-12-29,32.1,20.827625585692545,13.6
2069-12-30,26.9,20.063576839004934,6.6
2069-12-31,26.968717496465946,19.9,5.293617021276596
2070-01-01,28.1,19.9,0.0
2070-01-02,29.0,19.879429624952135,0.0
2070-01-03,29.2,19.840563384275438,0.0
2070-01-04,29.46484140187046,19.8,34.0
2070-01-05,26.9,19.872614330756225,26.984758364312263
2070-01-06,29.0,19.8,60.4
2070-01-07,25.0,19.557381663091284,1.1
2070-01-08,24.6,18.9,0.0
2070-01-09,28.5,19.4,0.0
2070-01-10,32.00321759516413,18.3,5.0
2070-01-11,30.4,19.8,0.0
2070-01-12,30.4,20.082331358407366,0.0
2070-01-13,31.012674812733366,19.8,0.0
2070-01-14,26.2,19.8,23.79429987608424
2070-01-15,26.0,19.6,0.0
2070-01-16,32.00639956483266,18.4,0.0
2070-01-17,28.9,17.165941872981694,0.0
2070-01-18,26.3,17.5,0.0
2070-01-19,27.0,19.8,0.0
2070-01-20,31.2,19.8,0.0
2070-01-21,30.7,19.8,0.0
2070-01-22,32.7335221253128,19.4,0.0
2070-01-23,32.6,19.0,0.0
2070-01-24,32.71992120991717,19.7,0.0
2070-01-25,35.154779102767876,19.788286520596987,0.0
2070-01-26,36.843701171875,19.783091141551782,0.0
2070-01-27,32.0,19.9,0.5
2070-01-28,32.0,19.8,0.0
2070-01-29,30.92329117330462,19.9,0.0
2070-01-30,30.2,20.145457640764445,0.0
2070-01-31,30.2,20.53236739627275,0.0
2070-02-01,34.87246498303504,19.91003281340555,0.0
2070-02-02,34.75726950354614,21.259930419921876,0.0
2070-02-03,35.824755859375,21.047802734375,0.0
2070-02-04,35.25346487279358,20.720187883200605,3.6
2070-02-05,32.382572622170414,20.46781715708987,2.4274599542334108
2070-02-06,34.79227590367349,20.438823433755072,39.10709382151031
2070-02-07,28.4,20.53008264017081,24.9
2070-02-08,30.42209463769747,20.239309852836247,0.0
2070-02-09,31.4,20.365077438898307,2.6
2070-02-10,29.7,20.26933966311444,0.0
2070-02-11,31.2,19.9,0.0
2070-02-12,33.0981786571736,20.284981233743455,2.5
2070-02-13,31.2,20.26992455090502,2.4
2070-02-14,33.92421965396604,20.483960060110842,18.910983981693366
2070-02-15,30.128435882691207,20.47269679237157,2.6
2070-02-16,30.0,20.36318908688864,8.956064073226544
2070-02-17,29.9,19.9,6.0
2070-02-18,31.4,19.9,24.06681922196797
2070-02-19,32.84766000890597,19.9,0.0
2070-02-20,30.0,20.314576555948598,0.0
2070-02-21,30.8,19.910714931975765,0.0
2070-02-22,29.1,20.368987831555575,0.0
2070-02-23,28.0,20.597328025011844,1.0
2070-02-24,29.8,19.97651276892844,6.4
2070-02-25,30.0,19.81632591276586,2.4
2070-02-26,32.9364336372847,19.9,0.0
2070-02-27,33.00062932407005,21.47230224609375,0.0
2070-02-28,33.55870870257685,19.9,0.0
2070-03-01,34.05929203539823,22.012640380859374,0.0
2070-03-02,34.688017946687786,19.9,0.0
2070-03-03,35.453466796875,19.9,1.5
2070-03-04,32.0,19.80720479174783,1.4888888888888892
2070-03-05,31.6,18.8,4.35
2070-03-06,32.5,18.2,0.0
2070-03-07,31.3,19.9,0.6
2070-03-08,33.21869918699187,18.6,0.0
2070-03-09,33.34563106796116,18.3,0.0
2070-03-10,33.53503401360545,18.7,0.6
2070-03-11,33.24024390243902,19.6,0.0
2070-03-12,32.4,19.9,7.0
2070-03-13,32.5,18.5,0.0
2070-03-14,31.8,17.3,0.0
2070-03-15,33.0,16.5,0.0
2070-03-16,33.7,17.8,0.0
2070-03-17,32.7,19.90832045399898,44.30333333333332
2070-03-18,32.9,20.264588651391655,90.1
2070-03-19,24.2,19.3,6.7
2070-03-20,27.0,19.3,0.0
2070-03-21,29.5,20.684954499916795,0.0
2070-03-22,27.9,19.9,0.4
2070-03-23,29.2,19.4,2.4
2070-03-24,28.8,19.9,1.4
2070-03-25,28.9,19.4,0.0
2070-03-26,30.0,18.7,0.0
2070-03-27,31.3,18.9,0.0
2070-03-28,31.6,19.9,0.0
2070-03-29,30.4,19.3,0.0
2070-03-30,30.0,21.60239436702966,0.0
2070-03-31,31.3,19.4,0.0
2070-04-01,31.4,18.2,0.0
2070-04-02,31.7,17.4,0.0
2070-04-03,32.11149425287356,17.517647058823535,0.0
2070-04-04,32.0,20.318408203125,0.0
2070-04-05,32.09589442815249,17.5,0.0
2070-04-06,31.0,16.6,0.0
2070-04-07,30.3,16.6,0.0
2070-04-08,30.56283783783784,18.2,0.0
2070-04-09,31.1,17.0,0.0
2070-04-10,30.6,17.0,0.0
2070-04-11,30.7,17.3,0.0
2070-04-12,31.1,17.0,0.0
2070-04-13,31.4,17.0,0.0
2070-04-14,31.5,16.6,0.0
2070-04-15,31.4,16.5,0.0
2070-04-16,31.5,16.0,0.0
2070-04-17,31.3,16.7,0.0
2070-04-18,31.385074626865666,16.4,0.0
2070-04-19,31.481467181467185,16.4,0.0
2070-04-20,31.7,17.0,0.0
2070-04-21,26.4,18.6,29.60597014925372
2070-04-22,30.0,18.5,0.9555223880597015
2070-04-23,29.5,17.6,0.0
2070-04-24,29.8,16.7,0.0
2070-04-25,30.739436619718308,15.2,0.0
2070-04-26,32.007624633431085,15.7,0.0
2070-04-27,32.7,17.0,0.0
2070-04-28,31.7,18.6,2.8
2070-04-29,29.6,19.0,0.0
2070-04-30,28.9,17.1,0.0
2070-05-01,30.1,15.0,0.0
2070-05-02,31.1,14.5,0.0
2070-05-03,32.70084345090576,14.2,0.0
2070-05-04,33.67656379654491,14.0,0.0
2070-05-05,32.7,15.9,0.0
2070-05-06,33.565215755536165,14.5,0.0
2070-05-07,31.6,16.86911169203956,0.0
2070-05-08,30.2,16.11221450239748,0.0
2070-05-09,30.7,17.42304748235855,0.0
2070-05-10,31.0,16.9,0.0
2070-05-11,30.7,15.2,0.0
2070-05-12,30.4,13.9,0.0
2070-05-13,29.8,15.073663668877382,0.0
2070-05-14,31.453177715718066,16.02217568581399,0.0
2070-05-15,30.884814711255526,18.165732760242967,0.0
2070-05-16,29.5,17.669975987414073,0.0
2070-05-17,27.8,18.364870375669685,0.0
2070-05-18,28.4,15.3,0.0
2070-05-19,29.1,13.5,0.0
2070-05-20,29.2,12.2,0.0
2070-05-21,29.6,11.9,0.0
2070-05-22,30.81616711119352,12.0,0.0
2070-05-23,32.0,13.0,0.0
2070-05-24,33.18231483900629,13.9,0.0
2070-05-25,33.8,15.2,0.0
2070-05-26,33.856640625,15.9,0.0
2070-05-27,31.0,17.494561771490062,0.0
2070-05-28,30.2,15.7,0.0
2070-05-29,29.8,15.2,0.0
2070-05-30,29.2,15.7,0.0
2070-05-31,27.5,14.1,0.0
2070-06-01,26.6,12.7,0.0
2070-06-02,26.5,11.5,0.0
2070-06-03,26.0,7.6,0.0
2070-06-04,26.0,4.1,0.0
2070-06-05,26.2,6.9760970366574595,0.0
2070-06-06,26.9,7.8,0.0
2070-06-07,27.9,11.1,0.0
2070-06-08,27.0,14.2,0.0
2070-06-09,28.32551182996123,15.0,0.0
2070-06-10,30.0,15.0,0.0
2070-06-11,30.215098998887676,15.96396904001018,0.0
2070-06-12,28.469114095026224,16.597447210252312,0.0
2070-06-13,26.7,13.95352884305512,0.0
2070-06-14,26.6,13.2,0.0
2070-06-15,26.243722823339066,12.67364698773672,0.0
2070-06-16,25.7,13.0,0.0
2070-06-17,26.7,16.657598238405512,0.0
2070-06-18,26.61376975789286,13.7,0.0
2070-06-19,27.0,12.2,0.0
2070-06-20,23.4,12.1,0.0
2070-06-21,25.9,16.664760618374167,0.0
2070-06-22,27.850177785383572,15.0,0.0
2070-06-23,27.9,13.2,0.0
2070-06-24,27.6,11.9,0.0
2070-06-25,25.95381535038932,13.0,0.0
2070-06-26,26.6,12.0,0.0
2070-06-27,27.6,13.0,0.0
2070-06-28,27.9,13.0,0.0
2070-06-29,27.9,12.9,0.0
2070-06-30,27.6,13.4,0.0
2070-07-01,25.8,13.5,0.0
2070-07-02,21.6,15.016015043200438,0.0
2070-07-03,21.1,15.504275446072022,0.0
2070-07-04,25.2,15.14857561649124,0.0
2070-07-05,25.7,15.3,0.0
2070-07-06,26.9,12.7,0.0
2070-07-07,26.7,12.8,0.0
2070-07-08,25.0,13.6,0.0
2070-07-09,24.7,11.6,0.0
2070-07-10,22.7,15.3,0.0
2070-07-11,22.0,15.497561423263688,0.0
2070-07-12,25.4,11.6,0.0
2070-07-13,26.8,14.0,0.0
2070-07-14,26.8,12.650255364954308,0.0
2070-07-15,27.0,12.4,0.0
2070-07-16,28.3,12.2,0.0
2070-07-17,29.5,12.2,0.0
2070-07-18,30.7,13.2,0.0
2070-07-19,31.216012369017182,15.0,0.0
2070-07-20,31.555859375,15.1,0.0
2070-07-21,30.7,16.72744140625,0.0
2070-07-22,29.2,15.591569151706647,0.0
2070-07-23,29.60076486908533,14.829390524723717,0.0
2070-07-24,28.6,16.49482245429499,0.0
2070-07-25,25.7,15.432039306920368,0.0
2070-07-26,25.0,13.142590599210612,0.0
2070-07-27,22.1,11.2,0.0
2070-07-28,24.5,10.1,0.0
2070-07-29,25.7,10.4,0.0
2070-07-30,25.8,11.2,0.0
2070-07-31,26.0,10.4,0.0
2070-08-01,24.9,9.5,0.0
2070-08-02,25.6,10.2,0.0
2070-08-03,24.7,11.6,0.0
2070-08-04,26.0,10.9,0.0
2070-08-05,28.0,10.2,0.0
2070-08-06,30.0,10.2,0.0
2070-08-07,30.510361004450292,11.4,0.0
2070-08-08,30.675911598493002,14.5,0.0
2070-08-09,31.4,15.0,0.0
2070-08-10,31.4,15.7,0.0
2070-08-11,31.4,15.8,0.0
2070-08-12,31.2,15.2,0.0
2070-08-13,31.4,14.005063190208507,0.0
2070-08-14,31.4,15.0,0.0
2070-08-15,31.2,15.0,0.0
2070-08-16,31.9,15.7,0.0
2070-08-17,32.9,15.8,0.0
2070-08-18,30.1,17.7,0.0
2070-08-19,28.7,15.2,0.0
2070-08-20,29.5,13.9,0.0
2070-08-21,31.4,15.0,0.0
2070-08-22,32.5,16.196291130348655,0.0
2070-08-23,30.4,18.03982668860138,0.0
2070-08-24,29.5,16.0,0.0
2070-08-25,30.5,15.69744733200061,0.0
2070-08-26,30.919986721927504,16.76094586117972,0.0
2070-08-27,31.5,15.7,0.0
2070-08-28,33.19374971073843,16.0,0.0
2070-08-29,32.993531802773,17.878775311249655,0.0
2070-08-30,31.409438558721874,18.2,0.0
2070-08-31,31.2,16.633194693027438,0.0
2070-09-01,32.2,15.4,0.0
2070-09-02,34.0,16.5,0.0
2070-09-03,34.60168625364738,19.0,0.0
2070-09-04,35.0,19.5,0.0
2070-09-05,35.0,19.5,0.0
2070-09-06,33.0,19.373494241968203,0.0
2070-09-07,33.2,18.2,0.0
2070-09-08,34.58538256793263,18.364986383337808,0.0
2070-09-09,33.4,19.534156470152027,0.0
2070-09-10,33.5,19.0,0.0
2070-09-11,32.7,19.2,0.0
2070-09-12,32.9,17.0,0.0
2070-09-13,32.2,18.4,0.0
2070-09-14,31.0,17.0,0.0
2070-09-15,20.187258231496635,14.7,0.0
2070-09-16,24.472172309213466,11.0,0.0
2070-09-17,26.0,11.200297431929197,0.0
2070-09-18,27.9,12.7,0.0
2070-09-19,30.61334445680386,14.0,0.0
2070-09-20,31.5,16.7,0.0
2070-09-21,31.9,16.5,0.0
2070-09-22,32.8,16.5,0.0
2070-09-23,33.1,16.6,0.0
2070-09-24,32.5,18.0,0.0
2070-09-25,31.7,18.9,0.0
2070-09-26,32.1,18.2,0.0
2070-09-27,33.0,19.2,0.0
2070-09-28,33.3,19.3,0.0
2070-09-29,33.2,19.3,0.0
2070-09-30,33.0,19.354280082444546,0.0
2070-10-01,33.7,19.5,0.0
2070-10-02,35.5,19.2,0.0
2070-10-03,38.60361328125,19.7,0.0
2070-10-04,37.599771513292836,21.4,0.0
2070-10-05,35.2,21.0,0.0
2070-10-06,35.2,19.9,0.0
2070-10-07,34.5,20.7,0.0
2070-10-08,33.2,20.6,0.0
2070-10-09,35.0,19.8,0.0
2070-10-10,36.5,21.3,0.0
2070-10-11,38.7720703125,21.9,0.0
2070-10-12,40.280126953125,22.1,0.0
2070-10-13,39.526220703125,23.538228071396105,0.0
2070-10-14,38.734228515625,23.545147691413543,0.0
2070-10-15,36.6,22.6,0.0
2070-10-16,36.0,22.250079777691244,0.0
2070-10-17,38.427587890625,23.023328573625346,0.0
2070-10-18,39.04208984375,25.5041015625,0.0
2070-10-19,38.9556640625,26.466259765625,0.0
2070-10-20,38.63974609375,25.8283203125,0.0
2070-10-21,38.578466796875,23.693121104094065,0.0
2070-10-22,39.558447265625,23.734359596044037,0.0
2070-10-23,39.347509765625,24.343212890625,0.0
2070-10-24,39.340673828125,24.247509765625,0.0
2070-10-25,40.29306640625,23.634747899331607,0.0
2070-10-26,35.5,22.533989566945408,0.0
2070-10-27,29.9,20.6,0.0
2070-10-28,31.1,20.359729471738728,0.0
2070-10-29,32.6,21.9,0.0
2070-10-30,33.4,20.5,0.0
2070-10-31,32.1,20.5,0.0
2070-11-01,34.6,21.510279945311925,0.0
2070-11-02,36.4,21.9,0.0
2070-11-03,37.2,22.9,0.0
2070-11-04,36.5,21.2,0.0
2070-11-05,36.0,20.2,0.0
2070-11-06,34.8,21.2,0.1
2070-11-07,36.47783937222293,20.4,0.0
2070-11-08,36.5,21.5,0.0
2070-11-09,37.7938281999156,21.717864629040648,0.0
2070-11-10,37.2,22.4,0.0
2070-11-11,36.4,21.2,0.0
2070-11-12,35.202576054522666,19.9,0.0
2070-11-13,35.047565091155896,19.9,0.0
2070-11-14,35.7,20.4,0.0
2070-11-15,35.2,21.0,6.5
2070-11-16,32.9,21.0,1.0
2070-11-17,33.4,21.1,0.0
2070-11-18,30.4,20.2,8.366666666666667
2070-11-19,30.0,21.2,0.0
2070-11-20,32.6,21.3,0.0
2070-11-21,34.5,21.00462090093897,0.0
2070-11-22,34.5,21.3,1.7400000000000007
2070-11-23,34.0,20.80472555713245,25.439999999999998
2070-11-24,27.042988941961656,20.4,2.8
2070-11-25,27.6,21.0,0.2
2070-11-26,30.0,20.7,0.0
2070-11-27,31.9,21.2,2.3
2070-11-28,32.6,20.4,23.639999999999997
2070-11-29,31.9,20.5,12.314285714285713
2070-11-30,31.3,21.1,19.4
2070-12-01,24.2,19.2,35.94263829787234
2070-12-02,22.45095745283553,17.5,12.8
2070-12-03,23.5,17.5,0.0
2070-12-04,27.6,18.1,0.0
2070-12-05,30.5,17.6,11.133191489361707
2070-12-06,29.8,20.3,2.8
2070-12-07,29.5,19.9,5.0
2070-12-08,28.9,19.9,17.086382978723414
2070-12-09,31.2,20.151984296070143,1.0
2070-12-10,30.0,20.3,52.531947626841244
2070-12-11,30.0,20.1,32.259319148936164
2070-12-12,27.9,20.3,2.4
2070-12-13,30.5,20.29056282539559,2.3
2070-12-14,31.5,20.2,0.4
2070-12-15,32.1,20.3,32.49315394242803
2070-12-16,28.1,20.2,29.17574468085106
2070-12-17,28.5,20.3,20.731914893617073
2070-12-18,30.0,20.243835045960665,9.773936170212766
2070-12-19,29.3,20.317110527549417,0.0
2070-12-20,29.9,20.3,11.2
2070-12-21,31.6,20.017866694843057,15.0
2070-12-22,30.7,20.261577094167844,2.3
2070-12-23,32.1,19.9,5.6
2070-12-24,26.7,20.303019558495787,42.40154738878144
2070-12-25,28.0,20.14786463325944,0.506595744680851
2070-12-26,28.7,19.5,1.0
2070-12-27,29.5,20.1076750338395,0.0
2070-12-28,30.1,20.090540589190372,0.0
2070-12-29,30.0,20.3,9.862553191489365
2070-12-30,32.0,20.133491587453218,4.0
2070-12-31,29.3,19.4,9.45659574468086
