date,tmax_C,tmin_C,precip_mm_day
2041-01-01,26.7,19.3,20.1
2041-01-02,29.5,19.5,0.0
2041-01-03,28.7,19.718452419429624,0.0
2041-01-04,30.7,18.991966328040945,0.0
2041-01-05,30.9,17.7,0.0
2041-01-06,31.7,18.2,0.0
2041-01-07,29.3,19.656175727400733,3.9
2041-01-08,29.5,19.657483178807077,0.0
2041-01-09,28.7,19.3,4.4
2041-01-10,28.7,19.3,20.0
2041-01-11,24.40455771544355,19.220067262698183,25.7
2041-01-12,27.2,19.67629910991579,1.2
2041-01-13,27.6,18.9,1.4
2041-01-14,28.2,18.9,0.6
2041-01-15,28.2,18.7,1.6
2041-01-16,28.6,19.2,6.8
2041-01-17,29.0,18.643525816868607,0.9
2041-01-18,28.3,18.9,12.1
2041-01-19,28.5,19.4,34.0
2041-01-20,26.5,17.6,0.0
2041-01-21,26.1,18.0,60.4
2041-01-22,27.6,18.3,0.0
2041-01-23,26.1,18.6,0.0
2041-01-24,27.2,17.9,0.0
2041-01-25,29.2,17.0,0.0
2041-01-26,27.0,18.4,0.0
2041-01-27,27.0,18.9,6.2
2041-01-28,29.1,18.6,0.0
2041-01-29,27.2,17.7,0.0
2041-01-30,31.5,16.7,0.0
2041-01-31,29.9,19.5,32.233333333333334
2041-02-01,30.6,19.0,0.0
2041-02-02,28.6,19.0,0.3
2041-02-03,26.9,19.0,0.0
2041-02-04,26.5,18.6,0.0
2041-02-05,29.02258641239571,18.90997055917199,7.4
2041-02-06,29.4,18.5,1.9
2041-02-07,27.9,18.2,0.0
2041-02-08,27.6,17.9,7.922222222222221
2041-02-09,29.6,18.9,29.4
2041-02-10,28.0,18.4,7.4
2041-02-11,26.4,18.8,0.0
2041-02-12,29.8,19.0,0.0
2041-02-13,25.3,18.7,3.6307870370370385
2041-02-14,24.0,18.5,1.9881944444444448
2041-02-15,25.505541850301668,17.0,4.5
2041-02-16,29.72406580308844,16.2,0.0
2041-02-17,24.9,17.9,1.0
2041-02-18,25.2,19.0,0.0
2041-02-19,27.2,19.0,21.03125
2041-02-20,25.0,18.9,41.96666666666667
2041-02-21,24.210006218900926,19.0,12.624074074074086
2041-02-22,23.5,18.4,1.8
2041-02-23,24.6,18.2,13.912500000000003
2041-02-24,26.0,19.0,26.976262626262624
2041-02-25,26.5,19.0,24.711111111111116
2041-02-26,26.0,19.5,0.0
2041-02-27,28.5,18.9,0.0
2041-02-28,27.7,18.0,0.0
2041-03-01,26.0,17.7,0.0
2041-03-02,28.3,17.7,0.0
2041-03-03,31.4,16.5,0.0
2041-03-04,32.5,17.0,0.0
2041-03-05,29.2,19.213745687394756,3.4931034482758623
2041-03-06,29.8,19.043255775440915,5.19605911330049
2041-03-07,29.2,19.2,0.0
2041-03-08,29.8,18.6,0.0
2041-03-09,30.0,18.3,0.0
2041-03-10,28.1,19.0,0.0
2041-03-11,28.0,17.0,0.0
2041-03-12,28.2,15.4,0.0
2041-03-13,29.7,17.0,0.0
2041-03-14,30.5,18.8,0.0
2041-03-15,31.1,21.89097773397748,0.0
2041-03-16,24.3,18.2,16.684827586206897
2041-03-17,27.9,18.1,0.0
2041-03-18,29.9,17.2,10.905241379310343
2041-03-19,30.2,18.8,20.78318965517243
2041-03-20,32.0,18.0,0.0
2041-03-21,31.8,18.1,0.0
2041-03-22,30.0,17.7,0.0
2041-03-23,26.1,18.5,0.0
2041-03-24,27.0,16.7,0.0
2041-03-25,29.7,15.7,0.0
2041-03-26,30.5,16.2,0.0
2041-03-27,29.6,14.9,0.0
2041-03-28,29.9,14.0,0.0
2041-03-29,30.7,13.9,0.0
2041-03-30,30.0,19.54972794941979,0.0
2041-03-31,28.335714285714285,17.0,0.0
2041-04-01,23.7,17.0,36.1
2041-04-02,23.6,17.0,17.0
2041-04-03,28.9,18.6,29.799999999999997
2041-04-04,26.1,17.7,17.540000000000003
2041-04-05,26.7,17.7,0.0
2041-04-06,27.2,18.0,4.250000000000001
2041-04-07,29.1,17.5,1.6
2041-04-08,29.0,17.0,0.0
2041-04-09,29.5,17.6,1.9333333333333336
2041-04-10,29.9,16.8,0.0
2041-04-11,31.1,16.0,0.0
2041-04-12,31.2,16.5,0.0
2041-04-13,30.2,15.8,0.0
2041-04-14,29.5,17.0,0.0
2041-04-15,26.7,18.4,0.0
2041-04-16,27.7,18.1,0.0
2041-04-17,29.4,15.6,0.0
2041-04-18,25.44513274336283,18.4,0.0
2041-04-19,24.913978494623656,16.2,0.0
2041-04-20,26.0,13.9,0.0
2041-04-21,27.0,10.115294117647059,0.0
2041-04-22,24.478125,12.5,0.0
2041-04-23,23.4,15.0,0.0
2041-04-24,23.3,11.4,0.0
2041-04-25,23.4,9.3,0.0
2041-04-26,24.158490566037734,8.6727078891258,0.0
2041-04-27,25.6,10.2,0.0
2041-04-28,27.247222222222224,14.3,0.0
2041-04-29,28.2,12.5,0.0
2041-04-30,27.4,9.492830188679246,0.0
2041-05-01,25.9,9.6,0.0
2041-05-02,27.0,6.5,0.0
2041-05-03,23.9,11.5,0.0
2041-05-04,23.4,9.9,0.0
2041-05-05,23.7,7.601741119483313,0.0
2041-05-06,24.5,6.0,0.0
2041-05-07,23.2,7.9,0.0
2041-05-08,23.0,7.0,0.0
2041-05-09,23.7,7.3,0.0
2041-05-10,25.4,7.3,0.0
2041-05-11,25.8,8.5,0.0
2041-05-12,24.5,10.4,0.0
2041-05-13,23.7,9.861373293297826,0.0
2041-05-14,22.8,13.2,0.0
2041-05-15,23.9,14.6,0.0
2041-05-16,23.0,15.7,0.0
2041-05-17,26.0,16.5,0.0
2041-05-18,27.5,15.784897116778891,0.0
2041-05-19,27.15989739596454,17.38254644341549,0.0
2041-05-20,23.9,15.8,0.0
2041-05-21,22.5,12.9,0.0
2041-05-22,24.49387046326949,11.7,0.0
2041-05-23,24.7,11.0,0.0
2041-05-24,24.5,10.4,0.0
2041-05-25,24.3,10.4,0.0
2041-05-26,25.5,10.556964477933253,0.0
2041-05-27,28.6,10.9,0.0
2041-05-28,30.2,12.9,0.0
2041-05-29,30.212938643702902,14.5,0.0
2041-05-30,28.7,13.7,0.0
2041-05-31,29.1,12.1,0.0
2041-06-01,28.0,13.482108604203743,0.0
2041-06-02,27.04312109929197,13.2,0.0
2041-06-03,24.0,12.1,0.0
2041-06-04,24.730332209918163,10.1,0.0
2041-06-05,26.13767360559352,10.2,0.0
2041-06-06,25.5,11.6,0.0
2041-06-07,24.8,11.5,0.0
2041-06-08,24.1,11.2,0.0
2041-06-09,24.1,10.24712505620903,0.0
2041-06-10,24.6,10.0,0.0
2041-06-11,24.8,10.2,0.0
2041-06-12,24.9,10.2,0.0
2041-06-13,25.12549000805493,9.9,0.0
2041-06-14,25.4,9.64730367074528,0.0
2041-06-15,25.8,9.963073848532275,0.0
2041-06-16,26.2,10.8,0.0
2041-06-17,25.2,11.7,0.0
2041-06-18,23.5,10.1,0.0
2041-06-19,24.534472747497222,9.4,0.0
2041-06-20,25.0,10.4,0.0
2041-06-21,24.7,11.1,0.0
2041-06-22,23.2,8.8,0.0
2041-06-23,23.2,6.9,0.0
2041-06-24,23.9,7.80808260852085,0.0
2041-06-25,22.1,9.2,0.0
2041-06-26,22.3,7.0,0.0
2041-06-27,22.9,8.0,0.0
2041-06-28,23.0,11.2,0.0
2041-06-29,23.4,12.4,0.0
2041-06-30,23.1,12.947230951056733,0.0
2041-07-01,23.9,14.174969682931142,0.0
2041-07-02,22.8,12.2,0.0
2041-07-03,21.0,8.9,0.0
2041-07-04,23.1,8.6,0.0
2041-07-05,23.6,10.4,0.0
2041-07-06,24.3,9.6,0.0
2041-07-07,27.2,9.2,0.0
2041-07-08,28.6,9.9,0.0
2041-07-09,28.6,12.2,0.0
2041-07-10,28.2,12.1,0.0
2041-07-11,25.3,12.4,0.0
2041-07-12,20.0,12.0,0.0
2041-07-13,18.928518609683426,11.1,0.0
2041-07-14,19.107700932902763,10.3,0.0
2041-07-15,18.8658643869364,12.0,0.0
2041-07-16,20.9,8.4,0.0
2041-07-17,21.0,8.4,0.0
2041-07-18,24.0,9.2,0.0
2041-07-19,26.6,10.9,0.0
2041-07-20,27.5,12.0,0.0
2041-07-21,27.3,12.4,0.0
2041-07-22,21.2,12.2,0.0
2041-07-23,20.3,9.0,0.0
2041-07-24,21.2,7.1,0.0
2041-07-25,21.6,7.5,0.0
2041-07-26,22.9,7.2,0.0
2041-07-27,25.2,7.9,0.0
2041-07-28,26.4,10.7,0.0
2041-07-29,25.9,12.2,0.0
2041-07-30,26.5,12.4,0.0
2041-07-31,27.5,12.4,0.0
2041-08-01,24.79737044441027,11.4,0.0
2041-08-02,24.4,9.5,0.0
2041-08-03,25.2,9.0,0.0
2041-08-04,26.2,11.5,0.0
2041-08-05,26.0,13.9,0.0
2041-08-06,26.5,15.7,0.0
2041-08-07,27.21464506260268,14.0,0.0
2041-08-08,28.6,14.5,0.0
2041-08-09,28.9,15.1,0.0
2041-08-10,28.0,15.1,0.0
2041-08-11,27.6,15.9,0.0
2041-08-12,27.9,14.195002306627705,0.0
2041-08-13,28.2,12.4,0.0
2041-08-14,28.0,12.809585713891412,0.0
2041-08-15,26.9,12.591388589881587,0.0
2041-08-16,25.9,13.3,0.0
2041-08-17,26.4,12.2,0.0
2041-08-18,27.6,12.7,0.0
2041-08-19,28.6,12.5,0.0
2041-08-20,30.4,13.969002322814566,0.0
2041-08-21,29.2,16.171331180480802,0.0
2041-08-22,29.6,15.4,0.0
2041-08-23,31.5,15.595756168261529,0.0
2041-08-24,31.9,17.7,0.0
2041-08-25,31.9,18.337440776912615,0.0
2041-08-26,33.2,18.7395769348515,0.0
2041-08-27,33.51489096648557,19.046575220071716,0.0
2041-08-28,31.613504303154283,25.637451171875,0.0
2041-08-29,31.1,18.973250862862837,0.0
2041-08-30,30.4,18.62715668033851,0.0
2041-08-31,28.0,18.0,0.0
2041-09-01,26.1,15.2,0.0
2041-09-02,20.24635168724163,14.4,0.0
2041-09-03,24.669110065893857,11.849911248905403,0.0
2041-09-04,27.122692216941385,12.6,0.0
2041-09-05,28.7,14.2,0.0
2041-09-06,29.8,17.0,0.0
2041-09-07,29.93058606785317,16.0,0.0
2041-09-08,30.466996362324505,15.2,0.0
2041-09-09,30.3,15.5,0.0
2041-09-10,28.5,15.6,0.0
2041-09-11,28.6,14.9,0.0
2041-09-12,30.0,14.7,0.0
2041-09-13,31.4,15.9,0.0
2041-09-14,32.5,16.9,0.0
2041-09-15,33.1,17.2,0.0
2041-09-16,33.3,17.7,0.0
2041-09-17,33.1,17.5,0.0
2041-09-18,31.226131916120796,17.5593622543567,0.0
2041-09-19,31.0,16.3,0.0
2041-09-20,31.6,16.5,0.0
2041-09-21,32.0,17.5,0.0
2041-09-22,30.0,18.6,0.0
2041-09-23,29.0,16.7,0.0
2041-09-24,29.2,16.0,0.0
2041-09-25,31.0,16.5,0.0
2041-09-26,32.3,17.7,0.0
2041-09-27,32.7,19.3,0.0
2041-09-28,31.5,19.2,0.0
2041-09-29,31.7,18.0,0.0
2041-09-30,32.9,17.9,0.0
2041-10-01,32.5,17.4,0.0
2041-10-02,32.1,18.0,0.0
2041-10-03,31.4,18.0,0.0
2041-10-04,29.3,17.6,0.0
2041-10-05,28.6,16.3,0.0
2041-10-06,28.7,16.9,0.0
2041-10-07,30.1,16.7,0.0
2041-10-08,32.0,16.46375286877754,0.0
2041-10-09,33.9,17.0,0.0
2041-10-10,34.6,18.4,0.0
2041-10-11,33.5,19.4,0.0
2041-10-12,32.9,18.0,0.0
2041-10-13,34.4,17.4,0.0
2041-10-14,36.9,18.0,0.0
2041-10-15,35.0,20.3,0.0
2041-10-16,34.6,19.4,0.0
2041-10-17,36.26355143779792,19.6,0.0
2041-10-18,37.2,20.831173103427453,0.0
2041-10-19,38.08702285084232,20.5,0.0
2041-10-20,34.6,19.5,1.6
2041-10-21,27.2,18.0,0.0
2041-10-22,28.0,17.1,0.0
2041-10-23,30.7,16.7,0.0
2041-10-24,32.2,16.8,0.0
2041-10-25,33.6,17.4,0.0
2041-10-26,35.0,18.2,0.0
2041-10-27,33.4,20.2,0.0
2041-10-28,32.7,19.6,0.0
2041-10-29,34.9,18.4,0.0
2041-10-30,38.0,20.1,0.0
2041-10-31,36.0,21.8,0.0
2041-11-01,35.2,20.1,0.0
2041-11-02,35.3,19.9,0.0
2041-11-03,35.2,19.6,0.0
2041-11-04,35.556387520525455,19.9,0.0
2041-11-05,39.645263671875,19.9,0.0
2041-11-06,37.33320467932303,22.3,0.0
2041-11-07,37.83608550826984,23.64457781857263,0.0
2041-11-08,35.6,21.950263613846044,0.0
2041-11-09,34.9,20.7,0.0
2041-11-10,34.0,21.9,0.0
2041-11-11,34.5,21.3,0.0
2041-11-12,36.45560799642385,21.0,0.0
2041-11-13,36.4,22.37198121369423,0.0
2041-11-14,33.3,21.9,0.0
2041-11-15,33.5,21.4,0.0
2041-11-16,35.5,20.2,0.0
2041-11-17,35.6,20.0,0.0
2041-11-18,35.2,20.986636078861864,0.0
2041-11-19,32.9,23.2,0.0
2041-11-20,33.8,21.2,0.0
2041-11-21,35.6,19.9,0.0
2041-11-22,39.5244140625,20.5,0.0
2041-11-23,37.99789745190685,21.9,0.0
2041-11-24,37.2,22.3,0.0
2041-11-25,36.0,19.9,0.0
2041-11-26,32.9,19.9,0.0
2041-11-27,33.4,19.7,0.0
2041-11-28,33.5,19.3,0.0
2041-11-29,36.66924788226234,22.3,0.0
2041-11-30,34.14038990691411,23.592383133905365,0.0
2041-12-01,32.71382063517625,20.3,0.0
2041-12-02,32.1,19.6,0.5
2041-12-03,32.0,19.9,4.0
2041-12-04,29.8,19.6,0.9230277185501066
2041-12-05,30.0,19.5,1.2
2041-12-06,29.7,19.6,0.5
2041-12-07,31.2,19.9,1.1
2041-12-08,29.0,19.2,2.0
2041-12-09,30.6700203324961,19.53889324659522,2.3
2041-12-10,28.3,19.5,7.161087420042648
2041-12-11,28.7,19.4,39.612473347547976
2041-12-12,29.76016043175014,19.2,2.0
2041-12-13,30.4,19.2,0.0
2041-12-14,31.6,18.7,0.0
2041-12-15,31.6,18.9,0.0
2041-12-16,30.6,19.0,0.0
2041-12-17,29.9,18.3,7.110874200426439
2041-12-18,23.4,19.0,5.0
2041-12-19,21.9,16.3,0.0
2041-12-20,21.9,16.3,0.0
2041-12-21,27.1,18.0,0.0
2041-12-22,29.9,16.8,0.0
2041-12-23,31.2,15.333939644703909,0.0
2041-12-24,30.5,19.4,0.0
2041-12-25,30.851150612399266,17.2,0.9
2041-12-26,30.3,17.0,0.0
2041-12-27,27.6,18.9,1.0
2041-12-28,23.979323645496947,18.4,29.491410295461463
2041-12-29,21.9,16.62466975759316,0.0
2041-12-30,19.522104648801065,15.4,0.7
2041-12-31,19.556482326488695,15.2,2.0
2042-01-01,23.2,15.2,0.0
2042-01-02,24.6,17.9,0.0
2042-01-03,24.7,18.8,0.0
2042-01-04,29.1,16.3,0.0
2042-01-05,29.0,16.0,0.0
2042-01-06,28.5,15.344273301299458,0.0
2042-01-07,26.1,16.6,0.0
2042-01-08,27.0,16.7,0.0
2042-01-09,29.6,16.0,0.0
2042-01-10,31.2,17.2,0.0
2042-01-11,31.1,17.9,0.0
2042-01-12,31.9,17.0,0.0
2042-01-13,30.9,19.8,4.6
2042-01-14,27.9,19.0,0.0
2042-01-15,29.8,18.1,7.0
2042-01-16,29.0,18.7,0.0
2042-01-17,29.5,19.3,10.9
2042-01-18,27.5,17.9,17.3
2042-01-19,28.19483315392895,18.9,18.9
2042-01-20,24.862608409510475,17.4,6.4
2042-01-21,28.0,17.3,4.4
2042-01-22,28.5,18.6,1.0
2042-01-23,27.3,18.5,0.6
2042-01-24,26.7,18.3,6.4
2042-01-25,27.2,18.0,4.4
2042-01-26,26.395101008836708,18.895775136750046,34.0
2042-01-27,27.0,18.8,23.4
2042-01-28,26.1,18.294438464298512,35.68000000000002
2042-01-29,22.918171157789658,18.560546984013065,31.133333333333333
2042-01-30,23.6,18.3,12.9
2042-01-31,24.2,18.5,7.6
2042-02-01,27.7,18.4,2.4
2042-02-02,24.4,16.0,1.4
2042-02-03,23.7,16.0,0.0
2042-02-04,27.4,17.1,9.4
2042-02-05,29.6,16.9,10.1
2042-02-06,28.6,16.8,12.495833333333335
2042-02-07,29.866807977468138,17.148732403440388,0.0
2042-02-08,29.8,18.0,15.753571428571433
2042-02-09,28.5,18.0,21.28611111111111
2042-02-10,26.2,18.970731113534328,48.49722222222221
2042-02-11,24.7,18.9,2.045833333333334
2042-02-12,24.9,18.8,6.0
2042-02-13,28.5,18.6,9.345833333333333
2042-02-14,29.0,18.4,6.0
2042-02-15,29.9,17.3,3.5
2042-02-16,30.6,19.1,0.0
2042-02-17,29.7,19.0,0.0
2042-02-18,27.6,19.0,0.0
2042-02-19,28.4,19.0,0.0
2042-02-20,30.2,19.0,0.0
2042-02-21,30.6,17.6,0.0
2042-02-22,30.2,20.111215905855737,0.0
2042-02-23,30.0,16.2,0.0
2042-02-24,28.6,16.5,0.0
2042-02-25,29.858773701856318,18.7,0.0
2042-02-26,31.246626936829554,17.4,0.0
2042-02-27,30.1,18.6,0.0
2042-02-28,29.4,20.125480678568007,0.0
2042-03-01,30.7,18.8,0.0
2042-03-02,31.6,17.3,1.1289655172413802
2042-03-03,24.2,18.6,90.1
2042-03-04,22.8,18.4,90.1
2042-03-05,28.1,18.0,3.4
2042-03-06,31.5,18.7,19.283349753694583
2042-03-07,30.6,18.1,6.67241379310345
2042-03-08,30.1,19.2,9.0
2042-03-09,26.78235294117647,19.1,9.554482758620685
2042-03-10,27.7,18.8,0.0
2042-03-11,27.5,18.5,0.0
2042-03-12,27.8,18.9,0.0
2042-03-13,26.5,18.7,0.0
2042-03-14,25.687671232876713,18.39950504052572,0.0
2042-03-15,27.5,17.6,0.0
2042-03-16,29.0,16.0,0.0
2042-03-17,29.0,15.7,0.0
2042-03-18,28.2,17.7,0.0
2042-03-19,29.1,17.3,0.0
2042-03-20,29.2,17.4,0.0
2042-03-21,30.1,17.2,0.0
2042-03-22,30.7,16.6,0.0
2042-03-23,29.9,18.0,0.0
2042-03-24,28.2,18.3,0.0
2042-03-25,26.7,18.6,0.0
2042-03-26,26.5,17.4,0.0
2042-03-27,26.2,17.0,0.0
2042-03-28,28.2,17.6,0.0
2042-03-29,26.9,19.0,0.0
2042-03-30,28.382142857142856,18.5,0.0
2042-03-31,28.9,17.6,0.0
2042-04-01,28.6,16.0,0.0
2042-04-02,28.9,15.9,0.0
2042-04-03,30.0,18.2,0.0
2042-04-04,30.3,17.5,0.0
2042-04-05,30.0,16.7,0.0
2042-04-06,29.2,16.8,0.0
2042-04-07,27.627118644067803,17.692156862745097,0.0
2042-04-08,27.5,14.5,0.0
2042-04-09,27.2,13.6,0.0
2042-04-10,27.0,14.3,0.0
2042-04-11,28.6,14.0,0.0
2042-04-12,28.6,14.7,0.0
2042-04-13,27.6,16.0,0.0
2042-04-14,27.6,14.5,0.0
2042-04-15,25.5,14.5,0.0
2042-04-16,27.4,14.1,0.0
2042-04-17,27.9,11.5,0.0
2042-04-18,29.2,11.9,0.0
2042-04-19,30.0,13.0,0.0
2042-04-20,30.2,13.6,0.0
2042-04-21,31.2,14.0,0.0
2042-04-22,32.21034482758621,15.321666666666665,0.0
2042-04-23,32.4,17.0,0.0
2042-04-24,29.9,17.6,0.0
2042-04-25,29.2,15.0,0.0
2042-04-26,28.6,14.9,0.0
2042-04-27,28.9,15.4,0.0
2042-04-28,29.4,14.0,0.0
2042-04-29,29.0,13.9,0.0
2042-04-30,28.2,14.1,0.0
2042-05-01,25.8,13.6,0.0
2042-05-02,27.8,10.9,0.0
2042-05-03,28.4,9.3,0.0
2042-05-04,27.5,10.5,0.0
2042-05-05,25.6,11.5,0.0
2042-05-06,24.379440258342303,13.5,0.0
2042-05-07,26.5,10.6,0.0
2042-05-08,27.6,11.6,0.0
2042-05-09,29.1,12.6,0.0
2042-05-10,30.3,15.2,0.0
2042-05-11,30.6,18.11695191013452,0.0
2042-05-12,30.6,17.93927974137967,0.0
2042-05-13,32.54162236652624,17.843091185911415,0.0
2042-05-14,31.92984108009186,17.9,0.0
2042-05-15,31.043661541498814,16.85097375871769,0.0
2042-05-16,28.9,16.2,0.0
2042-05-17,26.0,16.71252946215322,0.0
2042-05-18,26.216869137321236,14.1,0.0
2042-05-19,24.2,14.0,0.0
2042-05-20,24.0,14.3,0.0
2042-05-21,23.8,13.9,0.0
2042-05-22,26.964918289460797,12.0,0.0
2042-05-23,27.9,12.5,0.0
2042-05-24,29.2,12.9,0.0
2042-05-25,29.9,13.2,0.0
2042-05-26,29.1,14.3,0.0
2042-05-27,28.6,14.0,0.0
2042-05-28,29.0,12.5,0.0
2042-05-29,29.9,11.9,0.0
2042-05-30,28.0,13.262622174381043,0.0
2042-05-31,25.4,12.1,0.0
2042-06-01,25.0,10.2,0.0
2042-06-02,25.5,9.2,0.0
2042-06-03,25.0,11.5,0.0
2042-06-04,25.2,10.2,0.0
2042-06-05,25.5,9.736316667642413,0.0
2042-06-06,25.6,9.9,0.0
2042-06-07,24.94378501365153,10.4,0.0
2042-06-08,25.2,8.4,0.0
2042-06-09,25.4,8.5,0.0
2042-06-10,25.0,9.0,0.0
2042-06-11,24.9,8.5,0.0
2042-06-12,25.3,10.0,0.0
2042-06-13,25.8,10.8,0.0
2042-06-14,27.0,11.0,0.0
2042-06-15,26.9,12.5,0.0
2042-06-16,25.0,12.3,0.0
2042-06-17,25.2,10.0,0.0
2042-06-18,25.8,9.3,0.0
2042-06-19,26.0,9.2,0.0
2042-06-20,26.5,8.9,0.0
2042-06-21,26.4,9.2,0.0
2042-06-22,24.8,11.0,0.0
2042-06-23,23.4,10.0,0.0
2042-06-24,23.5,9.2,0.0
2042-06-25,24.6,6.9,0.0
2042-06-26,24.9,6.0,0.0
2042-06-27,23.4,9.756876327232284,0.0
2042-06-28,24.4,8.0,0.0
2042-06-29,25.6,9.2,0.0
2042-06-30,26.2,11.5,0.0
2042-07-01,28.5,16.0,0.0
2042-07-02,28.183102733072527,16.0,0.0
2042-07-03,28.1,15.3,0.0
2042-07-04,28.2,15.944071849398902,0.0
2042-07-05,28.5,14.4,0.0
2042-07-06,29.0,14.082151884955417,0.0
2042-07-07,30.0,14.336166733076022,0.0
2042-07-08,30.7,14.249529807846457,0.0
2042-07-09,28.7,15.319603438323886,0.0
2042-07-10,27.3,14.218512241485925,0.0
2042-07-11,27.1,12.83366590985156,0.0
2042-07-12,26.0,12.6,0.0
2042-07-13,24.0,12.0,0.0
2042-07-14,22.6,11.2,0.0
2042-07-15,23.1,9.9,0.0
2042-07-16,24.0,9.3,0.0
2042-07-17,25.0,9.4,0.0
2042-07-18,24.0,10.2,0.0
2042-07-19,23.0,9.3,0.0
2042-07-20,22.3,9.9,0.0
2042-07-21,24.066947597612284,8.3,0.0
2042-07-22,24.0,11.5,0.0
2042-07-23,23.6,10.4,0.0
2042-07-24,23.2,9.9,0.0
2042-07-25,23.8,9.6,0.0
2042-07-26,24.178192380677583,9.5,0.0
2042-07-27,24.7,8.70075349838536,0.0
2042-07-28,25.0,9.4,0.0
2042-07-29,24.7,10.1,0.0
2042-07-30,24.9,11.2,0.0
2042-07-31,26.6,10.3,0.0
2042-08-01,27.6,8.9,0.0
2042-08-02,28.515160558036428,11.2,0.0
2042-08-03,27.3,12.5,0.0
2042-08-04,26.4,11.7,0.0
2042-08-05,23.7642491926803,13.0,0.0
2042-08-06,26.4,14.7,0.0
2042-08-07,24.0,12.5,0.0
2042-08-08,23.459506801056854,10.2,0.0
2042-08-09,24.009125994381577,9.2,0.0
2042-08-10,25.9,10.0,0.0
2042-08-11,28.453389204982308,12.6,0.0
2042-08-12,29.3,14.6,0.0
2042-08-13,28.9,14.9,0.0
2042-08-14,28.7,14.7,0.0
2042-08-15,28.7,14.5,0.0
2042-08-16,29.0,14.0,0.0
2042-08-17,29.21649623250806,13.8,0.0
2042-08-18,28.6,13.9,0.0
2042-08-19,28.6,13.7,0.0
2042-08-20,29.9,12.9,0.0
2042-08-21,30.8,13.5,0.0
2042-08-22,29.385866320043863,16.4,0.0
2042-08-23,31.0,15.289571936240167,0.0
2042-08-24,32.16029329618982,14.6,0.0
2042-08-25,31.2,17.644671689989234,0.0
2042-08-26,31.047173304628625,16.9,0.0
2042-08-27,31.5,15.4,0.0
2042-08-28,32.5,14.955295299605302,0.0
2042-08-29,33.07747227334282,14.6,0.0
2042-08-30,33.819055841318736,16.7,0.0
2042-08-31,34.464305473569674,18.059784214083656,0.0
2042-09-01,35.918880974162036,18.665425159669688,0.0
2042-09-02,36.03478650168574,18.6,0.0
2042-09-03,36.0,18.6,0.0
2042-09-04,32.7,19.85272401433692,0.0
2042-09-05,31.7,17.5,0.0
2042-09-06,31.4,17.2,0.0
2042-09-07,31.7,15.6,0.0
2042-09-08,33.0,14.5,0.0
2042-09-09,33.5,14.5,0.0
2042-09-10,33.75544566426464,15.59361350009496,0.0
2042-09-11,34.4,17.5,0.0
2042-09-12,34.98410266399431,17.8,0.0
2042-09-13,33.5,18.6,0.0
2042-09-14,32.6,18.1,0.0
2042-09-15,33.1,16.9,0.0
2042-09-16,33.7,17.4,0.0
2042-09-17,32.9,18.947816044720607,0.0
2042-09-18,32.0,17.8,0.0
2042-09-19,33.0,17.5,0.0
2042-09-20,33.4,18.3,0.0
2042-09-21,37.29990198900089,18.877476657565648,0.0
2042-09-22,40.29736328125,20.926184082809637,0.0
2042-09-23,35.647868079872644,20.962562562881615,0.0
2042-09-24,33.3,21.08325328046764,3.7704020530367837
2042-09-25,34.95829826279072,21.066495618075074,0.0
2042-09-26,33.1,20.13566751316978,0.0
2042-09-27,33.1,18.2,0.0
2042-09-28,33.767618610049816,18.614744859998968,0.0
2042-09-29,34.6,19.2,0.0
2042-09-30,35.1,19.534888438133876,0.0
2042-10-01,34.1,19.4,0.0
2042-10-02,34.627825618945096,18.8,0.0
2042-10-03,34.9,19.6,0.0
2042-10-04,32.7,20.0,0.0
2042-10-05,32.0,17.6,0.0
2042-10-06,33.8,17.2,0.0
2042-10-07,33.8,18.9,0.0
2042-10-08,32.5,18.6,0.0
2042-10-09,32.1,18.2,0.0
2042-10-10,32.4,18.4,0.0
2042-10-11,34.2,17.3,0.0
2042-10-12,35.6,18.4,0.0
2042-10-13,38.386392297862706,20.0,0.0
2042-10-14,39.640478515625,22.522461012289703,0.0
2042-10-15,39.2486328125,23.08548654272516,0.0
2042-10-16,38.528662109375,23.3069532996605,0.0
2042-10-17,37.2,22.96142319704627,0.0
2042-10-18,36.7,22.36089753744101,0.0
2042-10-19,36.0,22.1,0.0
2042-10-20,36.0,21.36632609963926,0.0
2042-10-21,37.39730224153216,21.34523866260198,0.0
2042-10-22,34.9,22.39009575578715,0.0
2042-10-23,35.3,21.4,0.0
2042-10-24,36.0,22.0,0.0
2042-10-25,36.5,25.708935546875,0.0
2042-10-26,35.0,23.42039851928579,0.0
2042-10-27,32.7,21.38253955358774,2.4189189189189193
2042-10-28,31.0,18.7,6.972362685265914
2042-10-29,28.6,18.1,0.4
2042-10-30,29.8,18.5,0.0
2042-10-31,31.3,20.7,0.0
2042-11-01,32.4,19.754451418039505,0.0
2042-11-02,32.6,19.9,0.0
2042-11-03,31.719554525108222,19.5,0.0
2042-11-04,30.0,18.25233023569496,26.3888888888889
2042-11-05,30.2,18.0,0.8
2042-11-06,30.5,18.5,0.0
2042-11-07,29.0,18.2,5.8
2042-11-08,29.1,17.7,6.6
2042-11-09,27.565182092657064,18.4,3.4
2042-11-10,30.7,17.8,0.0
2042-11-11,30.9,18.2,10.383333333333333
2042-11-12,31.0,18.8,0.0
2042-11-13,31.6,16.5,0.0
2042-11-14,32.2,18.5,0.0
2042-11-15,31.6,18.4,0.0
2042-11-16,30.5,19.2,0.0
2042-11-17,30.6,18.5,0.0
2042-11-18,31.4,19.9,0.0
2042-11-19,32.0,20.3,0.0
2042-11-20,31.9,21.0,0.0
2042-11-21,29.4,19.1,10.5
2042-11-22,30.4,18.6,3.733333333333333
2042-11-23,27.0,17.2,23.549999999999994
2042-11-24,25.2,17.1,0.0
2042-11-25,27.2,16.2,0.0
2042-11-26,29.9,15.484747586092219,0.0
2042-11-27,30.0,18.0,0.0
2042-11-28,25.65477196885428,18.3,0.0
2042-11-29,28.249565173425015,18.5,1.4
2042-11-30,27.9,18.4,2.8
2042-12-01,28.9,18.6,2.4
2042-12-02,27.0,19.2,8.6362473347548
2042-12-03,30.0,19.4,1.1
2042-12-04,30.0,19.0,0.0
2042-12-05,28.0,19.0,22.731130063965846
2042-12-06,27.0,19.2,5.4
2042-12-07,25.7,19.0,4.5
2042-12-08,28.0,17.9,1.0
2042-12-09,30.0,17.1,0.0
2042-12-10,30.0,19.6,0.0
2042-12-11,27.7,17.5,0.0
2042-12-12,30.6,16.0,0.0
2042-12-13,31.1,16.0,0.0
2042-12-14,31.715418742904244,15.6,0.0
2042-12-15,31.6,16.5,0.0
2042-12-16,31.7,16.5,0.0
2042-12-17,31.54125275513865,19.8,0.0
2042-12-18,31.6,19.9,0.0
2042-12-19,31.7,20.3,0.0
2042-12-20,31.8,19.9,0.0
2042-12-21,32.0,18.2,0.0
2042-12-22,32.0,17.9,0.0
2042-12-23,28.3,19.0,0.0
2042-12-24,28.3,17.6,1.0
2042-12-25,30.2,18.5,0.0
2042-12-26,29.8,18.4,1.0
2042-12-27,31.8,19.8,0.0
2042-12-28,30.9,19.755475368364564,0.0
2042-12-29,32.4,20.3,0.0
2042-12-30,32.84027446498768,20.2,0.0
2042-12-31,30.7,20.11811947636599,0.0
2043-01-01,29.2,19.4,5.4
2043-01-02,28.9,18.8,6.4
2043-01-03,29.2,19.1,34.0
2043-01-04,30.3,18.97653138455328,0.6
2043-01-05,30.2,18.0,0.0
2043-01-06,30.9,18.6,0.0
2043-01-07,29.7,18.1,9.0
2043-01-08,25.9,18.3,9.0
2043-01-09,26.2,18.2,0.0
2043-01-10,29.3,19.4,1.6
2043-01-11,29.680649312894317,19.0,7.45
2043-01-12,28.1,18.6,1.2
2043-01-13,30.944969290191857,17.9,0.0
2043-01-14,30.9,18.7,0.0
2043-01-15,31.7,19.8,0.0
2043-01-16,32.04212574459411,19.4,0.0
2043-01-17,34.716218988690784,18.3,0.0
2043-01-18,32.6,19.670671384297176,0.0
2043-01-19,32.23090236026147,18.0,0.0
2043-01-20,31.8,19.712966486512812,0.0
2043-01-21,28.8,18.5,9.4
2043-01-22,29.0,18.3,11.5
2043-01-23,27.2,18.5,20.7
2043-01-24,28.4,18.6,5.2
2043-01-25,28.3,19.0,6.666666666666669
2043-01-26,28.8,18.7,10.4
2043-01-27,31.72362041517308,19.455533719793397,59.949999999999996
2043-01-28,27.6,18.7,9.8
2043-01-29,30.0,17.2,0.0
2043-01-30,30.0,16.397691363166746,0.0
2043-01-31,30.9,17.4,0.0
2043-02-01,31.9,15.5,0.0
2043-02-02,31.7224814642782,17.6,0.0
2043-02-03,27.159136334464108,17.254510991921595,0.0
2043-02-04,30.0,17.0,7.668750000000002
2043-02-05,30.6,18.5,0.0
2043-02-06,33.80790471682509,19.0,0.0
2043-02-07,29.9,19.7,0.0
2043-02-08,30.3,19.0,4.152222222222223
2043-02-09,29.5,19.1,0.8
2043-02-10,28.6,19.934212249668615,0.0
2043-02-11,29.0,19.0,0.0
2043-02-12,26.8,18.6,2.8
2043-02-13,23.5,18.5,21.0
2043-02-14,26.3,18.0,1.0
2043-02-15,28.5,17.4,12.949305555555558
2043-02-16,29.6,18.4,1.4
2043-02-17,30.3,18.9,7.668750000000002
2043-02-18,29.1,18.6,0.0
2043-02-19,29.872670827238906,18.5,0.0
2043-02-20,30.5,17.9,0.0
2043-02-21,28.2,19.0,0.0
2043-02-22,30.1,19.967829341517433,0.0
2043-02-23,31.8,20.14986355456792,0.0
2043-02-24,30.8,20.186591608563774,0.0
2043-02-25,30.0,20.184022570126068,0.0
2043-02-26,29.6,19.0,0.0
2043-02-27,31.8,20.147343368091555,0.0
2043-02-28,32.9,17.9,0.0
2043-03-01,32.9,19.6,0.0
2043-03-02,32.9,19.0,0.0
2043-03-03,32.72702702702702,22.175970458984374,0.0
2043-03-04,32.29260355029586,20.955335331649728,0.0
2043-03-05,31.8,18.9,0.0
2043-03-06,32.6,17.3,0.0
2043-03-07,32.5,17.0,0.0
2043-03-08,28.0,19.4,0.0
2043-03-09,30.3,16.9,0.0
2043-03-10,31.8,16.2,0.0
2043-03-11,32.0,16.1,0.0
2043-03-12,31.5,17.2,0.0
2043-03-13,22.057739130434783,17.6,24.08620689655173
2043-03-14,20.86076260762608,17.6,90.1
2043-03-15,26.5,18.2,8.985517241379315
2043-03-16,26.0,19.0,8.998103448275867
2043-03-17,26.2,18.6,17.642068965517247
2043-03-18,27.3625,18.5,0.0
2043-03-19,29.1,18.1,0.0
2043-03-20,30.1,17.6,0.0
2043-03-21,28.1,18.1,0.0
2043-03-22,25.06851851851852,18.374874048296626,0.0
2043-03-23,27.0,17.5,0.0
2043-03-24,29.0,16.5,0.0
2043-03-25,29.9,15.4,0.0
2043-03-26,28.7,15.4,0.0
2043-03-27,27.5,15.7,0.0
2043-03-28,27.0,16.0,0.0
2043-03-29,27.6,15.6,0.0
2043-03-30,28.1,16.1,0.0
2043-03-31,26.3,13.7,0.0
2043-04-01,25.7,12.0,0.0
2043-04-02,29.4,16.4,25.93220338983051
2043-04-03,25.0,17.8,45.12992125984253
2043-04-04,25.883333333333333,18.2,27.777777777777775
2043-04-05,27.5,16.6,0.0
2043-04-06,26.7,15.0,0.0
2043-04-07,26.0,14.4,0.0
2043-04-08,26.8,12.7,0.0
2043-04-09,27.6,11.6,0.0
2043-04-10,27.5,11.5,0.0
2043-04-11,28.0,8.559275053304903,0.0
2043-04-12,28.6,7.453222996515679,0.0
2043-04-13,29.2,8.041176470588235,0.0
2043-04-14,30.0,9.642857142857142,0.0
2043-04-15,28.2,14.7,25.701694915254237
2043-04-16,22.60531914893617,16.4,2.883333333333333
2043-04-17,26.8,17.31174089068826,0.0
2043-04-18,26.2,18.1,0.0
2043-04-19,23.9,15.7,0.0
2043-04-20,24.5,14.0,0.0
2043-04-21,27.0,15.9,0.0
2043-04-22,22.9,15.9,0.0
2043-04-23,23.22642405063291,15.5,0.0
2043-04-24,25.7,15.2,0.0
2043-04-25,26.2,12.5,0.0
2043-04-26,26.6,15.2,0.0
2043-04-27,27.0,16.3,0.0
2043-04-28,27.2,15.9,0.0
2043-04-29,25.095454545454547,16.812030075187966,0.0
2043-04-30,23.7,17.712765957446805,1.3833333333333333
2043-05-01,24.9,15.620997684946234,0.0
2043-05-02,24.6,15.7,0.0
2043-05-03,24.2,14.9,0.0
2043-05-04,24.9,14.0,0.0
2043-05-05,26.6,12.1,0.0
2043-05-06,27.0,10.5,0.0
2043-05-07,25.231585422112865,10.4,0.0
2043-05-08,25.7,9.6,0.0
2043-05-09,27.6,9.840796555435945,0.0
2043-05-10,29.4,10.2,0.0
2043-05-11,30.0,11.9,0.0
2043-05-12,30.2,14.1,0.0
2043-05-13,30.0,14.9,0.0
2043-05-14,29.5,14.7,0.0
2043-05-15,28.8,13.0,0.0
2043-05-16,29.0,15.2,0.0
2043-05-17,29.3,15.6,0.0
2043-05-18,28.4,15.539958247708503,0.0
2043-05-19,28.5,15.9,0.0
2043-05-20,27.725726587728733,15.3,0.0
2043-05-21,27.6,14.1,0.0
2043-05-22,28.2,13.2,0.0
2043-05-23,28.6,12.7,0.0
2043-05-24,27.9,12.9,0.0
2043-05-25,25.8,15.716646704771126,0.0
2043-05-26,28.2,14.9,0.0
2043-05-27,29.7,15.6,0.0
2043-05-28,31.0,15.7,0.0
2043-05-29,31.7,16.2,0.0
2043-05-30,30.5,18.080536618426805,0.0
2043-05-31,27.4,16.9,0.0
2043-06-01,24.6,14.5,0.0
2043-06-02,26.3,12.7,0.0
2043-06-03,26.3,12.9,0.0
2043-06-04,26.0,11.8,0.0
2043-06-05,26.9,12.3,0.0
2043-06-06,26.3,12.9,0.0
2043-06-07,26.8,12.3,0.0
2043-06-08,26.9,12.6,0.0
2043-06-09,25.5,12.3,0.0
2043-06-10,26.5,11.3,0.0
2043-06-11,27.6,11.246085928809793,0.0
2043-06-12,28.675078875518263,11.7,0.0
2043-06-13,27.5,12.230412579633942,0.0
2043-06-14,26.4,12.1,0.0
2043-06-15,25.7,11.302288150144458,0.0
2043-06-16,24.234553948832037,11.3,0.0
2043-06-17,23.9,9.677000000000007,0.0
2043-06-18,24.1,8.2,0.0
2043-06-19,24.8,8.2,0.0
2043-06-20,24.9,9.2,0.0
2043-06-21,25.4,10.2,0.0
2043-06-22,25.8,10.9,0.0
2043-06-23,26.3,11.2,0.0
2043-06-24,27.29256483812423,11.5,0.0
2043-06-25,29.0,12.1,0.0
2043-06-26,29.836264089218815,13.2,0.0
2043-06-27,27.1,13.5,0.0
2043-06-28,24.9,12.1,0.0
2043-06-29,23.9,11.4,0.0
2043-06-30,24.1,10.9,0.0
2043-07-01,25.7,12.4,0.0
2043-07-02,25.0,12.1,0.0
2043-07-03,24.3,12.7,0.0
2043-07-04,25.3,10.7,0.0
2043-07-05,26.4,11.2,0.0
2043-07-06,26.7,11.533786159065823,0.0
2043-07-07,26.7,11.2,0.0
2043-07-08,26.7,11.6,0.0
2043-07-09,24.9,12.0,0.0
2043-07-10,23.6,12.2,0.0
2043-07-11,23.2,11.5389121281901,0.0
2043-07-12,22.5,14.0,0.0
2043-07-13,22.9,15.249176767913138,0.0
2043-07-14,24.4,12.6,0.0
2043-07-15,24.2,12.1,0.0
2043-07-16,26.0,12.9,0.0
2043-07-17,27.1,13.48362086521397,0.0
2043-07-18,27.6,13.4,0.0
2043-07-19,28.2,13.6,0.0
2043-07-20,28.5,13.6,0.0
2043-07-21,28.1,14.2,0.0
2043-07-22,27.0,13.177018299246495,0.0
2043-07-23,24.6,13.464163733162657,0.0
2043-07-24,19.0,11.6,0.0
2043-07-25,16.2,11.9,0.0
2043-07-26,19.89455449842008,12.9,0.0
2043-07-27,20.0,11.942443487621096,0.0
2043-07-28,23.9,11.2,0.0
2043-07-29,26.289020452099024,11.8,0.0
2043-07-30,28.2,13.4,0.0
2043-07-31,28.2,13.847371725870111,0.0
2043-08-01,25.1,12.8,0.0
2043-08-02,24.6,11.4,0.0
2043-08-03,25.4,10.2,0.0
2043-08-04,25.9,11.0,0.0
2043-08-05,24.7,11.2,0.0
2043-08-06,23.2,10.2,0.0
2043-08-07,23.0,9.4,0.0
2043-08-08,24.1,7.9,0.0
2043-08-09,25.9,6.278030139935415,0.0
2043-08-10,27.9,8.6,0.0
2043-08-11,29.6,10.8,0.0
2043-08-12,30.0,14.362003383053972,0.0
2043-08-13,30.5,15.2,0.0
2043-08-14,31.9,16.2,0.0
2043-08-15,32.312569052471666,17.048606822072035,0.0
2043-08-16,31.1,17.41606976701756,0.0
2043-08-17,31.2,15.3,0.0
2043-08-18,31.0,15.2,0.0
2043-08-19,30.2,15.5,0.0
2043-08-20,28.72485348642506,15.531821533610765,0.0
2043-08-21,27.2,15.1,0.0
2043-08-22,28.1,13.8,0.0
2043-08-23,26.7,15.7,0.0
2043-08-24,26.3,13.7,0.0
2043-08-25,27.0,13.6,0.0
2043-08-26,28.4,13.383925696961317,0.0
2043-08-27,29.4,13.5,0.0
2043-08-28,31.0,14.5,0.0
2043-08-29,32.9,15.7,0.0
2043-08-30,32.14394983709762,17.455390341354825,0.0
2043-08-31,31.855918070316395,17.42467114265384,0.0
2043-09-01,33.58624913757903,17.0,0.0
2043-09-02,34.9,17.7,0.0
2043-09-03,33.4,19.5,0.0
2043-09-04,34.01231878772407,19.6,0.0
2043-09-05,33.5,20.5,0.0
2043-09-06,32.0,20.5,0.0
2043-09-07,33.0,18.9,0.0
2043-09-08,32.9,19.0,0.0
2043-09-09,32.7,19.0,0.0
2043-09-10,32.9,15.6,0.0
2043-09-11,31.7,16.0,0.0
2043-09-12,29.6,20.125982748126855,0.0
2043-09-13,31.2,18.191459646520833,0.0
2043-09-14,32.7,18.0,0.0
2043-09-15,33.1,19.2,0.0
2043-09-16,34.6,19.0,0.0
2043-09-17,36.0,19.5,0.0
2043-09-18,33.9,21.05633405683701,0.0
2043-09-19,31.0,19.6,0.0
2043-09-20,31.4,18.1,0.0
2043-09-21,32.9,18.1,0.0
2043-09-22,33.2,19.0,0.0
2043-09-23,32.3,19.6,0.0
2043-09-24,33.4,19.5,0.0
2043-09-25,34.80676535181541,20.5,0.0
2043-09-26,34.6,20.5,0.0
2043-09-27,33.1,23.0712890625,0.0
2043-09-28,34.8,22.29050292625943,0.0
2043-09-29,35.92716784211729,21.04367667354049,0.0
2043-09-30,36.14359592165074,24.457275390625,0.0
2043-10-01,36.2,21.828769144915526,0.0
2043-10-02,36.0,20.2,0.0
2043-10-03,36.0,19.7,0.0
2043-10-04,31.7,21.1,0.0
2043-10-05,28.0,18.4,0.0
2043-10-06,28.9,16.3,0.0
2043-10-07,31.4,16.0,0.0
2043-10-08,30.8,16.96090479607702,0.0
2043-10-09,31.0,16.5,0.0
2043-10-10,31.9,16.9,0.0
2043-10-11,34.0,17.4,0.0
2043-10-12,35.6,19.7,0.0
2043-10-13,36.0,20.7,0.0
2043-10-14,34.1,21.0,0.0
2043-10-15,32.0,20.4,0.0
2043-10-16,31.5,19.4,0.0
2043-10-17,31.2,19.0,0.0
2043-10-18,32.0,18.6,0.0
2043-10-19,33.1,19.6,0.0
2043-10-20,34.2,20.2,0.0
2043-10-21,34.2,20.0,0.0
2043-10-22,34.9,19.4,0.0
2043-10-23,35.8,20.3,0.0
2043-10-24,36.0,20.4,0.0
2043-10-25,36.0,20.3,0.0
2043-10-26,36.0,21.0,0.0
2043-10-27,37.37699292235782,21.8,0.0
2043-10-28,38.0,21.5,0.0
2043-10-29,38.598486328125,21.63177179763186,0.0
2043-10-30,38.28796325240297,21.704571376222418,0.0
2043-10-31,36.6,22.6,0.0
2043-11-01,35.2,21.4,0.0
2043-11-02,37.2,20.6,0.0
2043-11-03,37.810686412089716,23.267198217765948,0.0
2043-11-04,32.0,19.739464774323462,0.0
2043-11-05,31.4,18.3,0.0
2043-11-06,32.0,19.4,0.0
2043-11-07,33.9,22.980086655423598,0.0
2043-11-08,33.9,19.3,1.55
2043-11-09,32.4,19.2,2.3
2043-11-10,31.6,19.5,1.7
2043-11-11,29.6,19.0,4.8
2043-11-12,29.0,18.7,11.4
2043-11-13,29.865403379082622,18.3,5.6
2043-11-14,29.0,18.2,2.8
2043-11-15,28.63587319243604,18.3,11.4
2043-11-16,28.839641930186982,18.5,20.9
2043-11-17,29.9,18.0,22.5
2043-11-18,30.1,18.5,5.9
2043-11-19,28.61794729186275,18.5,22.5
2043-11-20,25.32736767267614,18.0,0.0
2043-11-21,25.411691509084164,16.4,0.0
2043-11-22,25.2,16.0,0.0
2043-11-23,27.0,17.3,0.0
2043-11-24,29.0,16.0,0.0
2043-11-25,31.0,16.5,0.0
2043-11-26,30.2,16.3,0.0
2043-11-27,30.2,15.6,0.0
2043-11-28,30.1,16.0,0.0
2043-11-29,31.0,16.0,0.0
2043-11-30,31.4,17.0,0.0
2043-12-01,31.6,19.0,0.0
2043-12-02,32.0,16.7,0.0
2043-12-03,33.1,19.9,0.0
2043-12-04,33.49795594962247,20.2,0.0
2043-12-05,33.1,20.2,0.0
2043-12-06,25.4,19.5,100.83439806462209
2043-12-07,26.3,19.0,40.641791044776106
2043-12-08,28.6,19.59797982588848,7.0
2043-12-09,30.7,19.9,0.0
2043-12-10,28.0,19.7,17.521108742004287
2043-12-11,29.2,19.415847801141794,0.0
2043-12-12,29.561376480086103,17.9,0.0
2043-12-13,30.0,18.2,0.0
2043-12-14,29.0,17.5,0.0
2043-12-15,24.1,16.3,0.0
2043-12-16,25.258595817027654,17.6,0.0
2043-12-17,27.9,18.1,0.0
2043-12-18,28.3,16.5,0.0
2043-12-19,29.2,17.9,6.502345415778253
2043-12-20,29.0,19.0,0.0
2043-12-21,29.000141437404558,19.2,0.0
2043-12-22,29.4,19.2,18.8
2043-12-23,29.0,18.424740280872093,0.0
2043-12-24,31.250430570505912,16.9,0.0
2043-12-25,30.8,17.657445963810794,0.0
2043-12-26,25.6,19.0,0.0
2043-12-27,28.9,17.2,3.6
2043-12-28,30.9,16.1,0.0
2043-12-29,31.6,19.2,0.0
2043-12-30,31.1,18.6,0.0
2043-12-31,30.5,18.0,0.0
2044-01-01,31.554538930749906,18.5,0.0
2044-01-02,30.710712434716744,20.098616153141876,0.0
2044-01-03,31.6,18.4,0.0
2044-01-04,31.7,18.3,1.7
2044-01-05,31.5,18.6,0.7
2044-01-06,29.67500475356123,19.4,1.4
2044-01-07,30.9,18.8,0.0
2044-01-08,27.6,19.42797154547818,0.7
2044-01-09,29.09917132787856,18.9,1.2
2044-01-10,26.2,19.263474787514955,4.0
2044-01-11,27.5,19.4,27.0
2044-01-12,26.1,18.9,9.0
2044-01-13,26.8,19.0,16.4
2044-01-14,26.4,17.9,5.6
2044-01-15,29.4,16.9,16.8
2044-01-16,30.1,18.6,0.0
2044-01-17,23.1,18.7,3.4
2044-01-18,27.1,19.2,1.0
2044-01-19,32.134921019154206,18.9,2.2
2044-01-20,29.7,17.6,1.2
2044-01-21,31.7,18.9,40.96
2044-01-22,29.2,18.7,17.9
2044-01-23,25.9,19.0,7.4
2044-01-24,28.7,18.9,37.425
2044-01-25,28.4,18.9,1.0
2044-01-26,29.4,17.7,0.0
2044-01-27,29.7,17.4,0.0
2044-01-28,30.3,18.2,0.0
2044-01-29,30.4,18.5,0.0
2044-01-30,29.5,19.7,0.0
2044-01-31,27.2,18.8,1.9
2044-02-01,30.35956242379406,18.8,0.3
2044-02-02,30.4,18.8,15.753571428571433
2044-02-03,28.2,19.37512167262614,5.234259259259259
2044-02-04,29.8,19.1,7.922222222222221
2044-02-05,30.7,16.4,0.0
2044-02-06,30.811442193087007,17.6,0.0
2044-02-07,31.668172751818236,19.0,0.0
2044-02-08,32.7,19.526496799332428,0.0
2044-02-09,31.912560754806247,20.133897584142993,0.0
2044-02-10,31.0,18.3,0.0
2044-02-11,29.4,18.5,0.0
2044-02-12,28.052664736931714,18.3,0.0
2044-02-13,29.5,16.3,0.0
2044-02-14,29.2,18.3,0.0
2044-02-15,30.0,19.1,0.0
2044-02-16,31.08436725504663,18.5,0.0
2044-02-17,32.82519050635855,20.14593528214695,0.0
2044-02-18,28.43559584300441,18.6,0.0
2044-02-19,30.5,19.557700809019636,0.0
2044-02-20,29.7,19.0,0.0
2044-02-21,31.7,17.2,10.1
2044-02-22,31.908541793665663,18.2,0.0
2044-02-23,32.0,17.8,0.0
2044-02-24,31.8,16.9,0.0
2044-02-25,32.40377989114578,15.2,0.0
2044-02-26,32.07486431434733,19.0,0.0
2044-02-27,29.0,19.558256203749245,1.0
2044-02-28,32.73834814453426,18.3,0.0
2044-03-01,30.7,19.84806412049972,4.5
2044-03-02,29.3,19.2,2.4
2044-03-03,27.6,19.4,4.5
2044-03-04,28.2,18.4,4.5
2044-03-05,30.9,18.8,4.793891625615763
2044-03-06,31.1,19.0,2.0
2044-03-07,32.0,18.6,1.0
2044-03-08,33.3,19.0,36.00594827586207
2044-03-09,27.3,18.9,38.160000000000004
2044-03-10,24.2,18.8,61.6562613430127
2044-03-11,27.74705882352941,19.134634006730746,1.7
2044-03-12,28.6,19.10510276751961,1.8
2044-03-13,30.6,17.5,0.0
2044-03-14,30.7,17.1,0.0
2044-03-15,32.1,18.5,1.6
2044-03-16,29.0,18.0,9.393869731800766
2044-03-17,28.7,18.6,10.9
2044-03-18,27.5,18.0,2.8
2044-03-19,29.9,17.7,2.5
2044-03-20,30.2,17.9,8.11158620689655
2044-03-21,29.9,19.2,19.259811912225707
2044-03-22,29.9,18.1,0.0
2044-03-23,31.9,17.3,0.0
2044-03-24,31.0,19.0,0.0
2044-03-25,31.3,19.087173967044794,0.0
2044-03-26,33.185993485342024,18.7,8.131724137931034
2044-03-27,26.3,19.2,61.50552127445048
2044-03-28,26.0,18.5,1.2
2044-03-29,26.3,17.7,0.0
2044-03-30,23.4,17.2,0.0
2044-03-31,25.980392156862745,17.6,0.0
2044-04-01,28.5,18.5,0.0
2044-04-02,29.5,19.0,0.0
2044-04-03,28.9,19.0,0.0
2044-04-04,28.6,19.0,0.0
2044-04-05,27.3,16.5,0.0
2044-04-06,26.1,16.7,0.0
2044-04-07,28.6,16.0,0.0
2044-04-08,28.7,15.2,0.0
2044-04-09,29.7,13.0,0.0
2044-04-10,29.2,18.7,0.0
2044-04-11,29.7,18.50224719101124,1.4
2044-04-12,30.1,16.0,0.0
2044-04-13,30.0,15.4,0.0
2044-04-14,26.1,18.2,1.4
2044-04-15,27.1,18.2,0.0
2044-04-16,28.6,16.6,0.0
2044-04-17,27.5,15.6,0.0
2044-04-18,26.2,13.6,0.0
2044-04-19,27.9,15.9,0.0
2044-04-20,28.9,15.2,0.0
2044-04-21,29.9,14.1,0.0
2044-04-22,29.0,14.9,0.0
2044-04-23,27.0,14.7,0.0
2044-04-24,27.1,14.1,0.0
2044-04-25,28.1,12.5,0.0
2044-04-26,28.7,12.7,0.0
2044-04-27,29.9,13.5,0.0
2044-04-28,30.8,14.2,0.0
2044-04-29,31.7,15.2,0.0
2044-04-30,32.135,16.3,0.0
2044-05-01,31.6,16.2,0.0
2044-05-02,31.0,16.9,0.0
2044-05-03,28.457937060723093,16.5,0.0
2044-05-04,26.5,15.3,0.0
2044-05-05,27.0,13.4,0.0
2044-05-06,27.579815271363582,12.488994469396085,0.0
2044-05-07,29.0,12.2,0.0
2044-05-08,29.9,14.318900251166118,0.0
2044-05-09,29.9,15.0,0.0
2044-05-10,29.0,15.6,0.0
2044-05-11,29.5,14.9,0.0
2044-05-12,31.0,15.3,0.0
2044-05-13,30.5,17.96247216625789,0.0
2044-05-14,30.0,17.90410190606211,0.0
2044-05-15,29.4,17.87760820023467,0.0
2044-05-16,29.6,15.8,0.0
2044-05-17,30.7,15.8,0.0
2044-05-18,32.0,16.9,0.0
2044-05-19,29.8,19.70361328125,0.0
2044-05-20,30.7,18.083673935866237,0.0
2044-05-21,29.92242765782307,18.0,0.0
2044-05-22,29.364337375121202,17.071255197450302,0.0
2044-05-23,28.2,15.7,0.0
2044-05-24,21.9,15.8,0.0
2044-05-25,26.7,14.9,0.0
2044-05-26,29.1,14.6,0.0
2044-05-27,29.8,14.9,0.0
2044-05-28,28.0,15.3,0.0
2044-05-29,28.4,14.4,0.0
2044-05-30,30.6,15.0,0.0
2044-05-31,31.940498110441055,16.7,0.0
2044-06-01,29.697918396960016,15.946580900454057,0.0
2044-06-02,30.472762188595297,14.0,0.0
2044-06-03,30.891182926949316,18.146503209807367,0.0
2044-06-04,32.052099609375,17.012984195238523,0.0
2044-06-05,26.4,14.76572207162942,0.0
2044-06-06,25.4,12.1,0.0
2044-06-07,24.5,10.0,0.0
2044-06-08,23.9,9.8,0.0
2044-06-09,23.7,9.722107897664076,0.0
2044-06-10,24.079363313734838,9.2,0.0
2044-06-11,23.9,9.9,0.0
2044-06-12,24.6,8.2,0.0
2044-06-13,26.3,8.9,0.0
2044-06-14,28.5,10.9,0.0
2044-06-15,30.0,12.7,0.0
2044-06-16,30.602700405748728,14.070989651801666,0.0
2044-06-17,31.5962890625,14.4,0.0
2044-06-18,30.659794913826882,13.478591123687934,0.0
2044-06-19,30.65881253574597,15.9,0.0
2044-06-20,30.783266231571623,15.642521649007088,0.0
2044-06-21,30.569288360360616,16.252026460467718,0.0
2044-06-22,28.0,14.27570503173461,0.0
2044-06-23,28.2,12.3,0.0
2044-06-24,27.681264367816098,14.051219368321705,0.0
2044-06-25,26.6,14.0,0.0
2044-06-26,25.8,12.6,0.0
2044-06-27,26.3,12.2,0.0
2044-06-28,27.2,11.8,0.0
2044-06-29,29.372894290559646,12.1,0.0
2044-06-30,29.052837202626588,13.0,0.0
2044-07-01,27.7,15.231896226267919,0.0
2044-07-02,28.1,13.687881685318704,0.0
2044-07-03,29.0,12.89113802679306,0.0
2044-07-04,28.7,14.0,0.0
2044-07-05,28.1,13.43254589357926,0.0
2044-07-06,27.2,13.6,0.0
2044-07-07,26.6,13.4,0.0
2044-07-08,27.1,12.2,0.0
2044-07-09,28.0,12.542978046829472,0.0
2044-07-10,27.083582868512895,13.9,0.0
2044-07-11,25.5,12.4,0.0
2044-07-12,25.6,12.6,0.0
2044-07-13,27.0,12.2,0.0
2044-07-14,28.0,13.1,0.0
2044-07-15,27.7,13.263354705854816,0.0
2044-07-16,27.796449698505374,12.9,0.0
2044-07-17,28.0,12.8,0.0
2044-07-18,28.6,11.1,0.0
2044-07-19,26.1,11.2,0.0
2044-07-20,22.6,12.0,0.0
2044-07-21,22.39155005382131,9.49472551130247,0.0
2044-07-22,23.1,8.0,0.0
2044-07-23,24.1,8.9,0.0
2044-07-24,24.6,9.5,0.0
2044-07-25,24.593868510391648,10.0,0.0
2044-07-26,24.1,10.4,0.0
2044-07-27,24.4,9.3,0.0
2044-07-28,26.6,10.2,0.0
2044-07-29,27.970758960847,12.0,0.0
2044-07-30,28.7,13.1,0.0
2044-07-31,29.2,15.196165019774796,0.0
2044-08-01,27.5,16.2,0.0
2044-08-02,24.9,14.7,0.0
2044-08-03,23.40293896989268,14.123446521186025,0.0
2044-08-04,26.0,11.9,0.0
2044-08-05,27.7,12.9,0.0
2044-08-06,27.8,13.7,0.0
2044-08-07,25.2,13.6,0.0
2044-08-08,22.9,11.8,0.0
2044-08-09,22.81246878363832,9.820701068371374,0.0
2044-08-10,24.5,7.9,0.0
2044-08-11,26.3,6.5,0.0
2044-08-12,27.5,6.1,0.0
2044-08-13,28.0,11.2,0.0
2044-08-14,28.4,12.6,0.0
2044-08-15,29.7,12.8,0.0
2044-08-16,29.80416730739658,11.7,0.0
2044-08-17,24.5,14.2,0.0
2044-08-18,22.1,11.2,0.0
2044-08-19,22.773363832077504,8.696285274066568,0.0
2044-08-20,24.5,8.0,0.0
2044-08-21,26.4,9.0,0.0
2044-08-22,27.9,10.5,0.0
2044-08-23,28.6,12.3,0.0
2044-08-24,28.9,13.8,0.0
2044-08-25,29.764380792354743,14.3,0.0
2044-08-26,31.0,14.348746732277402,0.0
2044-08-27,31.0,15.4,0.0
2044-08-28,23.1,15.4,0.0
2044-08-29,23.996232508073195,12.3,0.0
2044-08-30,25.1,10.389020452099029,0.0
2044-08-31,27.705898297171455,9.0,0.0
2044-09-01,30.6,9.5,0.0
2044-09-02,32.0,13.5,0.0
2044-09-03,31.472719688542824,15.3,0.0
2044-09-04,30.0,16.3,0.0
2044-09-05,30.2,14.4,0.0
2044-09-06,31.6,14.5,0.0
2044-09-07,33.0,16.0,0.0
2044-09-08,32.0,18.0,0.0
2044-09-09,31.4,18.651209953664488,0.0
2044-09-10,31.4,17.4,0.0
2044-09-11,32.27608754471936,15.6,0.0
2044-09-12,33.1,15.3,0.0
2044-09-13,33.4,17.044632400780742,0.0
2044-09-14,30.7,18.65677242557957,0.0
2044-09-15,30.5,17.0,0.0
2044-09-16,31.17951105092614,16.9,0.0
2044-09-17,32.0,17.4,0.0
2044-09-18,31.7,18.7,0.0
2044-09-19,30.2,18.2,0.0
2044-09-20,30.1,17.5,0.0
2044-09-21,30.9,16.7,0.0
2044-09-22,31.363562253340852,16.3,0.0
2044-09-23,32.5,16.0,0.0
2044-09-24,33.2,16.9,0.0
2044-09-25,34.7,17.6,0.0
2044-09-26,36.0,18.5,0.0
2044-09-27,33.9,20.07898760751383,0.0
2044-09-28,33.7,18.9,0.0
2044-09-29,35.4,18.9,0.0
2044-09-30,33.97858175750835,20.5,0.0
2044-10-01,30.7,19.248479049555463,0.0
2044-10-02,28.7,16.0,0.0
2044-10-03,30.2,16.5,0.0
2044-10-04,32.1,16.9,0.0
2044-10-05,33.0,17.7,0.0
2044-10-06,34.2,17.2,0.0
2044-10-07,36.0,17.4,0.0
2044-10-08,35.5,20.4,0.0
2044-10-09,33.2,21.0,0.0
2044-10-10,32.9,20.3,0.0
2044-10-11,33.0,20.13758383704561,0.0
2044-10-12,34.9,19.8348454559434,0.0
2044-10-13,35.316493242435094,20.7,0.0
2044-10-14,35.2,20.8,0.0
2044-10-15,34.7,20.0,0.0
2044-10-16,34.0,19.2,0.0
2044-10-17,35.0,18.3,0.0
2044-10-18,36.676816170314545,19.6,0.0
2044-10-19,38.70078125,20.8,0.0
2044-10-20,39.433447265625,21.7,0.0
2044-10-21,39.01083984375,21.99702424500964,0.0
2044-10-22,38.0,22.0,0.0
2044-10-23,35.6,21.7,0.0
2044-10-24,34.9,21.7,0.0
2044-10-25,35.1,20.3,0.0
2044-10-26,34.9,20.5,0.0
2044-10-27,33.7,20.7,0.0
2044-10-28,36.9,19.6,0.0
2044-10-29,38.493994140625,21.9,0.0
2044-10-30,38.258479897772176,21.87317741461981,0.0
2044-10-31,35.8,24.460888671875,0.0
2044-11-01,35.6,23.1569163095953,0.0
2044-11-02,36.42642396016342,22.0,0.0
2044-11-03,37.54735801684412,23.62696997314269,0.0
2044-11-04,35.49354838709677,22.3,0.0
2044-11-05,35.2,23.3,0.0
2044-11-06,35.23739012846517,23.360055848351198,0.0
2044-11-07,36.482614119530524,24.16190185546875,0.0
2044-11-08,34.77343512994235,20.761375384414062,0.0
2044-11-09,35.22094047852733,22.906439161257122,0.0
2044-11-10,36.0,23.88206688648946,0.0
2044-11-11,37.885105763897506,23.826467729245266,0.0
2044-11-12,36.99119127072407,23.20002851122565,0.0
2044-11-13,36.4,24.04788818359375,0.0
2044-11-14,35.87928571721756,23.224681936133223,0.0
2044-11-15,34.0,19.9,0.7
2044-11-16,30.3,19.2,0.0
2044-11-17,32.9,19.5,0.0
2044-11-18,34.929666440344974,21.3,0.0
2044-11-19,37.2,23.3,0.0
2044-11-20,34.916350057061955,21.1,0.0
2044-11-21,32.1,19.0,8.3
2044-11-22,31.9,18.9,2.5
2044-11-23,31.3,19.3,1.8
2044-11-24,30.0,19.2,10.5
2044-11-25,31.6,19.5,1.0
2044-11-26,31.3,19.8,4.5
2044-11-27,31.5,18.8,1.0
2044-11-28,31.8,19.4,1.0
2044-11-29,31.8,19.8,0.4
2044-11-30,29.7,18.7,8.814285714285715
2044-12-01,25.6,19.2,22.562899786780385
2044-12-02,28.3,19.6,7.110874200426439
2044-12-03,28.9,19.0,4.5
2044-12-04,29.6,19.8,0.0
2044-12-05,29.5,19.8,0.0
2044-12-06,29.7,19.9,2.0
2044-12-07,28.9,19.5,34.956588486140724
2044-12-08,28.7,19.0,6.604904051172708
2044-12-09,23.9,19.5,18.5
2044-12-10,26.1,19.5,0.0
2044-12-11,28.0,19.5,0.0
2044-12-12,29.4,19.762014290596756,13.6
2044-12-13,26.9,19.9,0.0
2044-12-14,28.108817127137897,18.0,0.0
2044-12-15,28.2,19.5,0.0
2044-12-16,30.7,19.0,0.0
2044-12-17,30.4,18.9,0.0
2044-12-18,31.8,19.9,0.0
2044-12-19,31.8,18.3,0.0
2044-12-20,30.8,19.645366431482405,0.0
2044-12-21,29.9,17.7,0.0
2044-12-22,27.5,18.9,0.0
2044-12-23,31.0,18.2,3.3
2044-12-24,30.4,18.9,7.462366737739873
2044-12-25,31.3,19.737144947025133,0.0
2044-12-26,31.68814020292863,19.5,27.338379530916843
2044-12-27,24.5,19.5,58.395095948827276
2044-12-28,22.6,18.1,0.0
2044-12-29,26.041728694775895,18.4,0.0
2044-12-30,24.06217838193128,18.0,0.0
2044-12-31,29.9,18.1,0.0
2045-01-01,31.1,16.2,0.0
2045-01-02,29.2,19.4,0.0
2045-01-03,30.2,19.6,0.0
2045-01-04,30.0,18.3,1.4
2045-01-05,29.5,19.8,20.7
2045-01-06,29.6,19.788569131207275,3.0
2045-01-07,30.9,19.527391269713192,14.0
2045-01-08,29.9,19.7,11.7
2045-01-09,31.2,19.9,4.0
2045-01-10,29.1,19.8,15.35
2045-01-11,30.0,19.8,1.5
2045-01-12,30.1,18.5,1.9
2045-01-13,30.6,19.6,1.9
2045-01-14,30.7,19.9,10.0
2045-01-15,30.9,19.7,20.366666666666674
2045-01-16,28.7,19.8,41.4
2045-01-17,29.0,19.9,24.0
2045-01-18,30.9,19.8,25.374999999999996
2045-01-19,29.2,19.8,23.4
2045-01-20,31.1,19.8,0.0
2045-01-21,29.5,19.551575789242005,33.95
2045-01-22,29.7,19.8,16.4
2045-01-23,29.1,19.6,0.0
2045-01-24,28.4,19.8,0.0
2045-01-25,27.6,19.8,2.7
2045-01-26,26.5,19.64935424180241,2.4
2045-01-27,27.9,19.676242264202482,0.0
2045-01-28,29.3,19.8,1.0
2045-01-29,29.2,19.5,0.6
2045-01-30,28.9,19.065449666012977,1.9
2045-01-31,28.7,19.0,14.0
2045-02-01,28.4,19.79770532342686,13.012499999999994
2045-02-02,27.0,19.2,13.0
2045-02-03,29.7,19.171642228817195,83.54013713080167
2045-02-04,28.7,19.579891352989208,9.9
2045-02-05,27.0,18.9,0.0
2045-02-06,24.347241799243406,17.9,0.0
2045-02-07,26.9,19.2,48.91805555555553
2045-02-08,27.9,19.1,12.691666666666672
2045-02-09,28.1,19.076268306210835,8.834722222222224
2045-02-10,29.6,19.0,1.3
2045-02-11,30.5,19.939964176322718,12.691666666666672
2045-02-12,29.9,17.8,0.0
2045-02-13,30.7,18.8,0.0
2045-02-14,29.890910804303548,18.8,0.0
2045-02-15,30.6,16.6,0.0
2045-02-16,31.68259833134683,16.0,0.0
2045-02-17,29.1,17.6,27.134469696969703
2045-02-18,23.62548709591107,17.6,125.0
2045-02-19,25.3,18.5,7.4138888888888905
2045-02-20,24.28126093879827,18.9,27.0
2045-02-21,24.7,18.4,0.0
2045-02-22,26.4,17.6,0.0
2045-02-23,29.6,17.3,7.4138888888888905
2045-02-24,30.4,15.09485358715663,0.0
2045-02-25,31.686947640800906,18.3,0.0
2045-02-26,33.838693249539475,19.7,1.4
2045-02-27,28.5,18.9,7.4
2045-02-28,28.0,17.6,7.4
2045-03-01,29.6,18.2,0.0
2045-03-02,25.5,18.4,2.6
2045-03-03,22.737138796778776,18.4,62.023690260133115
2045-03-04,29.0,18.5,19.241504702194362
2045-03-05,32.6,18.9,26.230344827586222
2045-03-06,32.4,19.2,16.433103448275862
2045-03-07,29.9,19.2,21.872413793103448
2045-03-08,30.0,18.7,0.9
2045-03-09,27.6,18.5,2.4
2045-03-10,27.9,18.3,61.52436378302076
2045-03-11,28.8,18.4,0.0
2045-03-12,29.9,16.9,0.0
2045-03-13,27.7,17.3,0.0
2045-03-14,27.0,18.2,0.0
2045-03-15,28.9,16.5,0.0
2045-03-16,30.1,14.9,0.0
2045-03-17,28.506818181818186,20.284831019243953,0.0
2045-03-18,30.0,19.0,0.0
2045-03-19,31.1,18.6,0.0
2045-03-20,30.6,18.8,0.0
2045-03-21,27.9,18.2,0.0
2045-03-22,25.00185185185185,17.8,0.0
2045-03-23,25.0,17.6,0.0
2045-03-24,25.6,18.9,1.0954022988505756
2045-03-25,27.0,18.2,0.0
2045-03-26,25.3,19.0,0.0
2045-03-27,25.6,18.1,0.0
2045-03-28,29.0,17.2,0.0
2045-03-29,28.2,18.2,0.0
2045-03-30,28.1,16.2,0.0
2045-03-31,27.7,18.6,0.0
2045-04-01,26.7,18.4,0.0
2045-04-02,26.1,18.6,0.0
2045-04-03,28.1,15.6879120879121,0.0
2045-04-04,27.4,14.1,0.0
2045-04-05,27.6,11.55,0.0
2045-04-06,26.9,12.743809523809524,0.0
2045-04-07,26.9,16.8,0.0
2045-04-08,28.0,15.9,0.0
2045-04-09,28.811363636363634,15.7,0.0
2045-04-10,27.9,15.1,0.0
2045-04-11,28.0,12.5,0.0
2045-04-12,28.9,10.2,0.0
2045-04-13,27.9,15.028915662650622,0.0
2045-04-14,29.4,15.8,0.0
2045-04-15,30.111851851851853,17.185,0.0
2045-04-16,30.0,16.9,0.0
2045-04-17,29.0,16.2,0.0
2045-04-18,29.5,15.5,0.0
2045-04-19,31.3,14.0,0.0
2045-04-20,32.5,14.270270270270272,0.0
2045-04-21,32.5,14.4,0.0
2045-04-22,30.1,18.4,0.0
2045-04-23,26.9,18.7,0.0
2045-04-24,28.2,15.0,0.0
2045-04-25,29.4,13.566666666666666,0.0
2045-04-26,30.4,12.2,0.0
2045-04-27,28.9,14.0,0.0
2045-04-28,28.6,12.7,0.0
2045-04-29,29.0,10.416587677725119,0.0
2045-04-30,28.6,11.5,0.0
2045-05-01,27.6,10.9,0.0
2045-05-02,28.1,7.623732508073195,0.0
2045-05-03,29.1,9.0,0.0
2045-05-04,29.2,10.9,0.0
2045-05-05,29.31678424325454,13.5,0.0
2045-05-06,29.049256918643003,14.7,0.0
2045-05-07,29.1,14.1,0.0
2045-05-08,29.5,13.9,0.0
2045-05-09,29.7,13.5,0.0
2045-05-10,29.8,14.0,0.0
2045-05-11,30.0,15.0,0.0
2045-05-12,30.5,15.2,0.0
2045-05-13,31.6,15.2,0.0
2045-05-14,33.65407382360868,16.412013390269554,0.0
2045-05-15,33.11087516247201,17.8,0.0
2045-05-16,30.0,17.822134427215147,0.0
2045-05-17,29.3,16.5,0.0
2045-05-18,30.1,15.3,0.0
2045-05-19,31.0,15.867688652982428,0.0
2045-05-20,31.913252003348877,15.2,0.0
2045-05-21,31.94880068059684,15.511821117526162,0.0
2045-05-22,29.9,16.9,0.0
2045-05-23,29.1,17.9727273201156,0.0
2045-05-24,30.0,16.5,0.0
2045-05-25,29.9,16.115860584239616,0.0
2045-05-26,29.2,14.41280947255112,0.0
2045-05-27,29.0,13.2,0.0
2045-05-28,28.893537232923002,13.4,0.0
2045-05-29,27.799131914302567,14.5,0.0
2045-05-30,26.1,12.9,0.0
2045-05-31,27.4,9.9,0.0
2045-06-01,26.3,10.749204822174788,0.0
2045-06-02,27.7,11.8,0.0
2045-06-03,28.0,9.6,0.0
2045-06-04,27.300206728650277,9.4,0.0
2045-06-05,26.6,8.5,0.0
2045-06-06,25.6,10.8,0.0
2045-06-07,25.4,9.9,0.0
2045-06-08,25.2,9.6,0.0
2045-06-09,25.8,9.7,0.0
2045-06-10,26.6,10.4,0.0
2045-06-11,26.7,10.232286464866405,0.0
2045-06-12,24.2,11.7,0.0
2045-06-13,24.1,10.872555364546473,0.0
2045-06-14,24.5,9.2,0.0
2045-06-15,25.2,8.5,0.0
2045-06-16,23.4,9.9,0.0
2045-06-17,22.7,9.625355734365753,0.0
2045-06-18,23.0,12.3,0.0
2045-06-19,23.523510399395555,11.9,0.0
2045-06-20,23.5,10.5,0.0
2045-06-21,23.6,10.2,0.0
2045-06-22,22.9,9.6,0.0
2045-06-23,24.4,8.5,0.0
2045-06-24,25.2,8.4,0.0
2045-06-25,25.6,7.0,0.0
2045-06-26,25.7,7.9,0.0
2045-06-27,25.4,10.2,0.0
2045-06-28,23.2,10.0,0.0
2045-06-29,24.7,7.0,0.0
2045-06-30,26.9,5.436012235817577,0.0
2045-07-01,25.8,12.0,0.0
2045-07-02,24.6,10.5,0.0
2045-07-03,26.0,7.8,0.0
2045-07-04,27.963467410645627,8.4,0.0
2045-07-05,28.108633066031416,10.0,0.0
2045-07-06,26.581956404736275,12.0,0.0
2045-07-07,25.0,10.0,0.0
2045-07-08,25.3,11.0,0.0
2045-07-09,27.173374925858386,11.4,0.0
2045-07-10,28.0,12.4,0.0
2045-07-11,27.7,12.4,0.0
2045-07-12,27.5,12.4,0.0
2045-07-13,28.1,11.0,0.0
2045-07-14,28.1,12.1,0.0
2045-07-15,25.6,13.6,0.0
2045-07-16,24.6,12.2,0.0
2045-07-17,25.2,11.279763186221736,0.0
2045-07-18,24.5,12.9,0.0
2045-07-19,25.7,12.1,0.0
2045-07-20,26.4,11.7,0.0
2045-07-21,28.2,11.2,0.0
2045-07-22,27.7,12.1,0.0
2045-07-23,24.3,13.0,0.0
2045-07-24,24.3,11.5,0.0
2045-07-25,24.3,11.1,0.0
2045-07-26,24.7,9.9,0.0
2045-07-27,26.2,8.9,0.0
2045-07-28,26.6,11.1,0.0
2045-07-29,25.06565852981005,12.4,0.0
2045-07-30,25.2,11.0,0.0
2045-07-31,27.3,9.5,0.0
2045-08-01,26.9,10.0,0.0
2045-08-02,27.6,11.9,0.0
2045-08-03,28.0,11.9,0.0
2045-08-04,28.9,11.9,0.0
2045-08-05,29.0,13.4,0.0
2045-08-06,28.9,13.5,0.0
2045-08-07,28.5,11.4,0.0
2045-08-08,28.0,10.9,0.0
2045-08-09,27.2,12.0,0.0
2045-08-10,27.7,11.4,0.0
2045-08-11,28.0,12.6,0.0
2045-08-12,27.6,13.9,0.0
2045-08-13,28.1,13.5,0.0
2045-08-14,29.207555914364303,13.9,0.0
2045-08-15,29.6,14.0,0.0
2045-08-16,29.8,14.31008150084576,0.0
2045-08-17,30.0,14.590537415779613,0.0
2045-08-18,28.4,15.4,0.0
2045-08-19,27.6,14.332728279255726,0.0
2045-08-20,28.0,13.9,0.0
2045-08-21,28.8,13.5,0.0
2045-08-22,28.8,15.2,0.0
2045-08-23,27.3,15.1,0.0
2045-08-24,27.3,14.0,0.0
2045-08-25,29.3,14.6,0.0
2045-08-26,31.2,15.7,0.0
2045-08-27,32.13341260689344,16.56660287844356,0.0
2045-08-28,29.9,18.731702609405712,0.0
2045-08-29,28.6,16.55228242235777,0.0
2045-08-30,28.8,15.6,0.0
2045-08-31,30.0,14.5,0.0
2045-09-01,31.9,14.5,0.0
2045-09-02,33.0,16.0,0.0
2045-09-03,33.3,17.7,0.0
2045-09-04,33.7,18.4,0.0
2045-09-05,34.1,18.7,0.0
2045-09-06,35.1,18.66913347427974,0.0
2045-09-07,36.29515994318948,19.2,0.0
2045-09-08,34.42671737365842,20.5,0.0
2045-09-09,31.469386620054024,19.5,0.0
2045-09-10,31.1,17.20408919963981,0.0
2045-09-11,31.7,16.7,0.0
2045-09-12,33.0,16.4,0.0
2045-09-13,32.0,18.849196076448575,0.0
2045-09-14,31.2,18.0,0.0
2045-09-15,30.9,17.9,0.0
2045-09-16,30.9,17.6,0.0
2045-09-17,30.3,17.5,0.0
2045-09-18,29.4,16.3,0.0
2045-09-19,29.9,14.9,0.0
2045-09-20,30.7,14.3,0.0
2045-09-21,31.6,14.0,0.0
2045-09-22,32.0,16.6,0.0
2045-09-23,32.1,18.8,0.0
2045-09-24,32.9,20.5,0.0
2045-09-25,31.8,19.9,0.0
2045-09-26,31.9,18.2,0.0
2045-09-27,32.6,19.2,0.0
2045-09-28,32.542442992213566,20.0,0.0
2045-09-29,32.1,19.0,0.0
2045-09-30,33.1,18.67531399862983,0.0
2045-10-01,34.4,18.2,0.0
2045-10-02,36.9,19.5,0.0
2045-10-03,36.9,22.34792055150938,0.0
2045-10-04,33.5,21.832896591669453,0.0
2045-10-05,31.1,19.8,0.0
2045-10-06,31.2,18.5,0.0
2045-10-07,32.0,17.2,0.0
2045-10-08,33.1,16.3,0.0
2045-10-09,33.8,17.4,0.0
2045-10-10,35.5,18.3,0.0
2045-10-11,36.0,20.42092980299488,0.0
2045-10-12,33.8,20.234890251322124,0.0
2045-10-13,34.5,19.0,0.0
2045-10-14,35.17179763186221,18.5,0.0
2045-10-15,34.9,19.6,0.0
2045-10-16,33.90552565482597,20.3,0.0
2045-10-17,34.0,20.0,0.0
2045-10-18,34.0,20.06867599569428,0.0
2045-10-19,34.6,19.232348602639227,0.0
2045-10-20,36.9,19.4,0.0
2045-10-21,35.1,22.441354850217046,0.0
2045-10-22,31.9,20.0,0.0
2045-10-23,32.1,19.0,0.0
2045-10-24,32.0,22.0,0.0
2045-10-25,30.7,22.0,0.0
2045-10-26,31.64758653900628,22.452060863610658,0.0
2045-10-27,31.2,22.1,0.0
2045-10-28,32.6,22.6,0.0
2045-10-29,34.1,23.22906574764907,0.0
2045-10-30,33.6,20.9,0.0
2045-10-31,36.65987920105249,23.679582166090533,0.0
2045-11-01,34.4,22.3,0.0
2045-11-02,33.9,20.327849657514196,0.0
2045-11-03,35.6,20.2,0.0
2045-11-04,35.0,19.4,0.8
2045-11-05,32.8,19.5,0.0
2045-11-06,32.6,19.8,0.0
2045-11-07,32.9,18.8,0.0
2045-11-08,35.2,18.7,0.0
2045-11-09,34.5,20.3,0.0
2045-11-10,34.4,20.0,0.0
2045-11-11,35.5,20.3,0.0
2045-11-12,34.0,21.5,0.0
2045-11-13,35.942108120133476,19.4,0.0
2045-11-14,33.52557603686636,19.0,0.1
2045-11-15,33.5,19.2,0.0
2045-11-16,34.8,23.2,0.0
2045-11-17,39.627197265625,23.508485653648734,0.0
2045-11-18,39.93408203125,23.786134487250617,0.0
2045-11-19,39.09498328886533,22.4,0.0
2045-11-20,36.2,22.254901241619834,0.0
2045-11-21,37.864659491472494,24.06729736328125,0.0
2045-11-22,35.7,23.861683420105095,0.0
2045-11-23,33.9,20.6,0.0
2045-11-24,32.5,19.0,3.8
2045-11-25,29.9,18.8,46.75
2045-11-26,28.7,18.7,52.4
2045-11-27,27.0,18.5,33.0
2045-11-28,28.0,18.4,0.0
2045-11-29,28.2,17.0,1.2333333333333334
2045-11-30,28.6,18.0,1.4
2045-12-01,31.2,19.6,0.0
2045-12-02,31.7,19.9,0.0
2045-12-03,32.0,19.2,0.0
2045-12-04,31.52792044697318,19.0,0.0
2045-12-05,31.736977368873934,19.9,0.0
2045-12-06,32.4,18.9,0.0
2045-12-07,32.4,18.7,0.0
2045-12-08,28.3,19.2,0.0
2045-12-09,30.0,19.2,0.0
2045-12-10,30.7,19.4,0.0
2045-12-11,31.6,18.0,0.0
2045-12-12,32.0,19.6,0.9732409381663112
2045-12-13,32.0,20.0,0.0
2045-12-14,31.16988975910321,19.8,1.337953091684436
2045-12-15,30.7,19.5,0.0
2045-12-16,31.0,19.578961758956076,4.6886993603411495
2045-12-17,28.7,19.2,41.56492537313442
2045-12-18,26.2,19.5,24.243869936034063
2045-12-19,27.5,19.2,15.0
2045-12-20,23.2,18.6,9.9
2045-12-21,28.0,18.5,5.6963752665245195
2045-12-22,27.9,19.418232280709233,34.47995735607675
2045-12-23,25.4,19.2,4.5
2045-12-24,29.6,19.3,9.9
2045-12-25,30.2,18.5,1.7
2045-12-26,30.1,19.4,4.3
2045-12-27,30.1,18.8,53.8
2045-12-28,25.7,19.0,0.0
2045-12-29,23.912725956720237,18.5,0.0
2045-12-30,28.1,19.2,12.961194029850759
2045-12-31,25.6,19.0,4.889552238805971
2046-01-01,28.1,19.2,17.14999999999999
2046-01-02,29.7,19.5,16.4
2046-01-03,29.7,19.3,6.0
2046-01-04,27.9,19.7,10.6
2046-01-05,26.6,19.259326654554485,5.2
2046-01-06,23.96058918920988,18.2,0.2
2046-01-07,25.0,17.2,0.4
2046-01-08,25.4,17.4,0.0
2046-01-09,28.6,17.9,25.8
2046-01-10,29.5,17.9,16.4
2046-01-11,29.2,18.3,28.76666666666665
2046-01-12,29.7,18.742020093290268,6.1
2046-01-13,28.7,19.2,9.9
2046-01-14,27.1,18.8,4.6
2046-01-15,28.7,18.4,4.4
2046-01-16,28.5,17.5,5.750000000000002
2046-01-17,27.6,17.5,2.1
2046-01-18,28.4,18.3,20.533333333333324
2046-01-19,29.1,19.482040846979384,28.53333333333335
2046-01-20,30.2,19.3,20.7
2046-01-21,28.4,19.5,29.049999999999997
2046-01-22,25.9,19.40460986954503,0.9
2046-01-23,27.1,19.4,17.9
2046-01-24,25.0,19.6,12.2
2046-01-25,29.2,19.2,2.4500000000000015
2046-01-26,25.910629709364905,18.4,15.5
2046-01-27,27.4,15.9,0.0
2046-01-28,28.4,14.960434082807206,0.0
2046-01-29,26.0,18.6,4.4
2046-01-30,27.6,19.0,1.0
2046-01-31,29.7,18.97800137917115,6.4
2046-02-01,30.1,18.9,4.0
2046-02-02,29.4,18.5,1.073611111111111
2046-02-03,28.102635124630698,19.7,0.0
2046-02-04,28.8,19.7,0.3
2046-02-05,29.710195885370773,19.0,12.624074074074086
2046-02-06,24.92927294398093,19.5,27.189772727272732
2046-02-07,25.9,19.1,0.6
2046-02-08,24.611773584485316,18.5,25.796296296296294
2046-02-09,29.5,18.6,1.3
2046-02-10,29.6,18.683645126185414,1.5518518518518518
2046-02-11,30.2,17.6,1.4
2046-02-12,30.0,18.6,27.668576388888887
2046-02-13,31.359608777956947,19.7,17.200694444444448
2046-02-14,29.2,19.0,0.0
2046-02-15,27.0,19.0,0.7388888888888889
2046-02-16,29.0,19.1,0.0
2046-02-17,29.7,18.9,0.0
2046-02-18,30.0,19.5,0.5
2046-02-19,25.637869510231177,19.0,1.6
2046-02-20,24.74489842696041,18.801470906923786,0.0
2046-02-21,24.0,18.3,3.8208333333333337
2046-02-22,25.6,18.5,21.28611111111111
2046-02-23,23.9,18.4,21.0
2046-02-24,27.0,18.3,10.5
2046-02-25,28.1,18.5,7.922222222222221
2046-02-26,27.9,17.7,8.458333333333332
2046-02-27,28.1,15.6,0.0
2046-02-28,30.0,14.2,0.0
2046-03-01,27.6,18.5,1.9
2046-03-02,25.6,17.4,12.115310344827579
2046-03-03,27.5,17.3,27.071896551724144
2046-03-04,26.6,17.3,4.6
2046-03-05,27.6,18.2,0.0
2046-03-06,29.2,18.8,0.0
2046-03-07,28.9,19.0,0.0
2046-03-08,27.0,18.6,0.0
2046-03-09,26.5,18.8,0.0
2046-03-10,26.7,18.7,0.0
2046-03-11,26.3,18.5,0.0
2046-03-12,29.2,16.5,0.0
2046-03-13,30.1,15.2,0.0
2046-03-14,31.2,15.5,0.0
2046-03-15,31.1,17.6,0.0
2046-03-16,30.1,17.3,0.0
2046-03-17,30.1,15.3,0.0
2046-03-18,30.0,15.9,0.0
2046-03-19,30.4,14.4,0.0
2046-03-20,29.8,14.037283444892417,0.0
2046-03-21,30.1,16.1,0.0
2046-03-22,29.2,16.5,0.0
2046-03-23,29.0,19.0,0.0
2046-03-24,27.4,17.4,0.0
2046-03-25,29.4,16.0,0.0
2046-03-26,30.1,15.260602798708286,0.0
2046-03-27,29.3,17.0,0.0
2046-03-28,29.9,17.3,0.0
2046-03-29,29.0,18.3,0.0
2046-03-30,27.6,16.5,0.0
2046-03-31,24.5,14.9,0.0
2046-04-01,28.0,12.7,0.0
2046-04-02,26.2,16.4,0.0
2046-04-03,27.5,16.9,0.0
2046-04-04,27.5,15.6,0.0
2046-04-05,28.6,15.9,0.0
2046-04-06,29.9,15.0,0.0
2046-04-07,29.6,15.7,0.0
2046-04-08,30.1,16.8,0.0
2046-04-09,30.721705426356586,16.0,0.0
2046-04-10,30.0,14.8,0.0
2046-04-11,29.5,14.5,0.0
2046-04-12,28.6,18.0,0.0
2046-04-13,29.9,18.4,0.0
2046-04-14,31.2,16.4,0.0
2046-04-15,31.4,15.9,0.0
2046-04-16,31.1,14.7,0.0
2046-04-17,30.0,14.5,0.0
2046-04-18,30.2,18.2,0.0
2046-04-19,26.0,18.042708333333334,1.3833333333333333
2046-04-20,21.259907834101384,16.8,17.44
2046-04-21,23.0,17.0,20.5
2046-04-22,27.6,18.1,0.0
2046-04-23,29.2,18.4,0.0
2046-04-24,31.3,17.7,0.0
2046-04-25,32.4,18.9,0.0
2046-04-26,32.2,18.7,0.0
2046-04-27,29.2,17.7,0.0
2046-04-28,26.6,18.2,0.0
2046-04-29,27.5,16.8,0.0
2046-04-30,28.5,15.6,0.0
2046-05-01,28.6,14.1,0.0
2046-05-02,28.7,14.1,0.0
2046-05-03,29.1,13.9,0.0
2046-05-04,30.0,14.6,0.0
2046-05-05,30.5,15.0,0.0
2046-05-06,28.886454468371703,15.2,0.0
2046-05-07,26.5,14.0,0.0
2046-05-08,26.9,14.517162449239935,0.0
2046-05-09,27.0,15.7,0.0
2046-05-10,25.0,15.6,0.0
2046-05-11,28.5,14.4,0.0
2046-05-12,29.5,14.976342888431203,0.0
2046-05-13,28.4,14.9,0.0
2046-05-14,25.7,14.7,0.0
2046-05-15,25.2,17.0,0.0
2046-05-16,28.5,16.2,0.0
2046-05-17,28.0,14.9,0.0
2046-05-18,18.83470169731119,15.0,0.1
2046-05-19,22.5,15.2,0.0
2046-05-20,26.2,14.270942822769577,0.0
2046-05-21,27.421416895905587,13.6,0.0
2046-05-22,28.3,13.2,0.0
2046-05-23,28.23599876979855,13.9,0.0
2046-05-24,26.4,13.9,0.0
2046-05-25,23.5,12.2,0.0
2046-05-26,25.90412630068173,12.2,0.0
2046-05-27,26.7,11.0,0.0
2046-05-28,27.8,11.9,0.0
2046-05-29,27.1,12.4,0.0
2046-05-30,27.3,12.1,0.0
2046-05-31,28.5,12.2,0.0
2046-06-01,28.4661207431334,12.171857619577311,0.0
2046-06-02,29.385643732866523,12.9,0.0
2046-06-03,29.2,12.947512166295892,0.0
2046-06-04,27.776002814919067,12.9,0.0
2046-06-05,24.6,12.216096167458796,0.0
2046-06-06,24.5,11.0,0.0
2046-06-07,23.9,13.2,0.0
2046-06-08,24.3,12.5,0.0
2046-06-09,24.8,10.5,0.0
2046-06-10,25.5,11.2,0.0
2046-06-11,25.6,11.5,0.0
2046-06-12,25.0,11.7,0.0
2046-06-13,25.0,11.0,0.0
2046-06-14,24.5,10.4,0.0
2046-06-15,24.5,10.0,0.0
2046-06-16,25.0,9.894561858855528,0.0
2046-06-17,25.9,11.221338987764186,0.0
2046-06-18,25.5,11.9,0.0
2046-06-19,25.4,11.6,0.0
2046-06-20,25.9,10.8,0.0
2046-06-21,26.9,11.0,0.0
2046-06-22,25.20822281167109,12.2,0.0
2046-06-23,23.6,8.784911806769433,0.0
2046-06-24,24.5,6.5,0.0
2046-06-25,24.0,10.0,0.0
2046-06-26,22.9,10.9,0.0
2046-06-27,23.7,10.4,0.0
2046-06-28,24.6,9.6,0.0
2046-06-29,24.1,9.0,0.0
2046-06-30,23.1,8.5,0.0
2046-07-01,23.4,9.2,0.0
2046-07-02,24.2,8.4,0.0
2046-07-03,25.7,7.3,0.0
2046-07-04,23.2,11.1,0.0
2046-07-05,23.6,11.2,0.0
2046-07-06,27.5,10.4,0.0
2046-07-07,28.0,13.6,0.0
2046-07-08,27.5,16.0,0.0
2046-07-09,20.0,14.543858988159307,0.0
2046-07-10,20.0,14.284376703387304,0.0
2046-07-11,21.827727762011936,11.9,0.0
2046-07-12,22.3,9.374065071703882,0.0
2046-07-13,23.8,9.3,0.0
2046-07-14,24.1,9.8,0.0
2046-07-15,25.2,10.3,0.0
2046-07-16,26.7,11.0,0.0
2046-07-17,27.2,11.7,0.0
2046-07-18,26.6,11.6,0.0
2046-07-19,27.1,8.9,0.0
2046-07-20,28.0,10.2,0.0
2046-07-21,29.0,12.0,0.0
2046-07-22,29.1,13.0,0.0
2046-07-23,27.6,14.3,0.0
2046-07-24,24.5,13.0,0.0
2046-07-25,23.822378902045205,14.0,0.0
2046-07-26,24.0,11.702747227032338,0.0
2046-07-27,25.6,10.7,0.0
2046-07-28,26.0,12.080888225285594,0.0
2046-07-29,26.4,12.014560188476146,0.0
2046-07-30,29.0,12.2,0.0
2046-07-31,30.203273387441865,14.211427982502341,0.0
2046-08-01,28.0,16.7,0.0
2046-08-02,25.3,14.354270336767641,0.0
2046-08-03,24.4,12.6,0.0
2046-08-04,24.9,10.5,0.0
2046-08-05,26.2,8.6,0.0
2046-08-06,28.6,10.2,0.0
2046-08-07,30.462862404255883,13.4,0.0
2046-08-08,31.1,14.9,0.0
2046-08-09,29.3,16.704116575958466,0.0
2046-08-10,28.0,15.409649640612518,0.0
2046-08-11,28.18086114101184,14.2,0.0
2046-08-12,30.0,14.389069045056118,0.0
2046-08-13,30.0,15.6,0.0
2046-08-14,27.9,17.2,0.0
2046-08-15,25.0,14.6,0.0
2046-08-16,23.2,12.9,0.0
2046-08-17,25.356189451022605,11.2,0.0
2046-08-18,27.781577453762587,12.5,0.0
2046-08-19,30.0,14.626671742497832,0.0
2046-08-20,31.9,16.81080731969859,0.0
2046-08-21,32.1,16.7,0.0
2046-08-22,31.5,15.7,0.0
2046-08-23,31.1,17.0,0.0
2046-08-24,31.217744770814118,15.5,0.0
2046-08-25,28.9,18.0,0.0
2046-08-26,27.108783638320777,15.3,0.0
2046-08-27,27.2,14.6,0.0
2046-08-28,26.6,14.0,0.0
2046-08-29,27.4,12.5,0.0
2046-08-30,28.7,12.4,0.0
2046-08-31,29.2,14.2,0.0
2046-09-01,28.4,15.5,0.0
2046-09-02,27.191696834867024,14.9,0.0
2046-09-03,27.7,14.0,0.0
2046-09-04,28.5,13.8,0.0
2046-09-05,29.1,13.9,0.0
2046-09-06,29.2,14.2,0.0
2046-09-07,29.6,14.08737322515213,0.0
2046-09-08,30.2,14.6,0.0
2046-09-09,29.5,15.4,0.0
2046-09-10,29.530153874675566,15.9,0.0
2046-09-11,28.320044493882094,16.3,0.0
2046-09-12,29.0,16.0,0.0
2046-09-13,30.9,17.1,0.0
2046-09-14,30.3,17.9,0.0
2046-09-15,29.2,15.9,0.0
2046-09-16,30.0,14.9,0.0
2046-09-17,31.6,14.6,0.0
2046-09-18,33.1,15.2,0.0
2046-09-19,33.4,17.86880561735262,0.0
2046-09-20,33.1,19.0,0.0
2046-09-21,33.1,18.9,0.0
2046-09-22,33.1,18.3,0.0
2046-09-23,33.2,18.3,0.0
2046-09-24,33.46684490703957,18.3,0.0
2046-09-25,33.1,18.00687931817826,0.0
2046-09-26,33.2,17.6,0.0
2046-09-27,33.49050969331003,18.0,0.0
2046-09-28,32.7,19.0,0.0
2046-09-29,31.0,19.0,0.0
2046-09-30,31.1,17.9,0.0
2046-10-01,31.0,15.8,0.0
2046-10-02,32.0,16.3,0.0
2046-10-03,32.5,17.9,0.0
2046-10-04,32.0,18.6,0.0
2046-10-05,32.0,18.0,0.0
2046-10-06,31.9,17.9,0.0
2046-10-07,31.0,17.6,0.0
2046-10-08,32.0,16.9,0.0
2046-10-09,34.9,17.2,0.0
2046-10-10,36.7,19.5,0.0
2046-10-11,37.504451831318974,20.6,0.0
2046-10-12,38.7125,21.0,0.0
2046-10-13,39.10361328125,22.0,0.0
2046-10-14,38.53134765625,22.0,0.0
2046-10-15,38.667578125,22.0,0.0
2046-10-16,38.71103515625,21.580712774846248,0.0
2046-10-17,38.455908203125,21.405426142841225,0.0
2046-10-18,37.56029278794401,21.7,0.0
2046-10-19,38.7154296875,23.006738033398825,0.0
2046-10-20,36.867059016239985,24.24091796875,0.0
2046-10-21,36.9,23.8576171875,0.0
2046-10-22,38.261655028270866,24.979443359375,0.0
2046-10-23,38.20223472893804,23.463584905295736,0.0
2046-10-24,38.417333984375,23.903271484375,0.0
2046-10-25,38.556982421875,24.598583984375,0.0
2046-10-26,38.0,22.95175045130788,0.0
2046-10-27,39.148046875,21.3,0.0
2046-10-28,38.942724609375,24.005810546875,0.0
2046-10-29,37.96065901969787,22.992044209417337,0.0
2046-10-30,35.3,22.0,0.0
2046-10-31,36.6,21.9,0.0
2046-11-01,35.2,23.0,0.0
2046-11-02,32.5,20.4,0.0
2046-11-03,32.3,19.4,0.0
2046-11-04,33.61603051009057,19.4,0.0
2046-11-05,35.859335711265906,20.155925234387414,0.0
2046-11-06,36.8,21.0,0.0
2046-11-07,39.041096945323865,21.3,0.0
2046-11-08,36.98009428465489,22.252210764713553,0.0
2046-11-09,36.0,20.7,0.0
2046-11-10,35.0,20.6,0.0
2046-11-11,35.2,20.0,0.0
2046-11-12,37.2,20.0,0.0
2046-11-13,37.49278499920547,21.4,0.0
2046-11-14,39.521728515625,21.4,0.0
2046-11-15,40.384033203125,21.7,0.0
2046-11-16,40.667236328125,22.3930298452122,0.0
2046-11-17,40.847900390625,22.967593024507522,0.0
2046-11-18,40.04736328125,24.01480712890625,0.0
2046-11-19,37.18444769550709,22.3,0.0
2046-11-20,37.835704521827154,21.7,0.0
2046-11-21,39.43046923413994,21.9,0.0
2046-11-22,40.15966796875,21.781495415545212,0.0
2046-11-23,40.58349609375,21.7,0.0
2046-11-24,40.052978515625,24.540991210937502,0.0
2046-11-25,37.2,23.680053723896947,0.0
2046-11-26,35.9,19.3,0.1
2046-11-27,32.7,18.5,0.0
2046-11-28,33.5,19.4,0.0
2046-11-29,36.4,21.77353626291882,0.0
2046-11-30,37.76280911579015,23.2,0.0
2046-12-01,35.880419921875,21.0,0.0
2046-12-02,35.709765625,21.287595055901754,0.0
2046-12-03,34.15143074991029,20.5,0.0
2046-12-04,32.0,20.0,1.2
2046-12-05,29.8,19.2,9.9
2046-12-06,32.464014111891956,19.5,0.0
2046-12-07,32.0,19.66871350609426,0.0
2046-12-08,30.8,19.5,30.95735607675906
2046-12-09,24.6,17.9,41.11044776119401
2046-12-10,20.391432944701396,16.6,23.8
2046-12-11,24.0,16.4,0.0
2046-12-12,29.4,16.290145966206527,0.0
2046-12-13,28.7,17.6,0.0
2046-12-14,29.4,17.8,0.0
2046-12-15,30.1,19.0,0.0
2046-12-16,30.86783678602838,18.6,0.0
2046-12-17,29.9,17.7,0.0
2046-12-18,25.2,17.7,0.0
2046-12-19,26.3,19.173273093395387,0.0
2046-12-20,27.6,19.790136211694698,0.0
2046-12-21,29.0,19.6,0.0
2046-12-22,29.6,17.9,1.1302771855010658
2046-12-23,29.8,18.0,0.0
2046-12-24,29.8,16.7,0.0
2046-12-25,29.2,17.0,0.0
2046-12-26,30.0,17.6,0.0
2046-12-27,31.2,16.6,0.0
2046-12-28,31.8,17.2,0.0
2046-12-29,32.14140580727902,18.1,0.0
2046-12-30,33.085297164511,19.8,0.0
2046-12-31,33.51152761700095,17.7,0.0
2047-01-01,31.9,19.9,1.8
2047-01-02,29.2,19.66117815017284,34.6
2047-01-03,28.7,19.7,60.4
2047-01-04,29.7,19.6,14.0
2047-01-05,29.1,19.771865070616155,14.2
2047-01-06,29.1,19.695481787562056,6.5
2047-01-07,28.9,19.709281904703012,0.0
2047-01-08,29.5,19.451505844632514,0.0
2047-01-09,31.8,18.6,0.0
2047-01-10,27.2,18.0,0.0
2047-01-11,24.0,17.7,5.750000000000002
2047-01-12,25.0,18.9,0.0
2047-01-13,26.2,17.3,0.0
2047-01-14,29.2,17.2,0.0
2047-01-15,28.8,19.8,0.0
2047-01-16,31.7,19.9,0.0
2047-01-17,31.6,19.9,0.0
2047-01-18,30.90632182770847,18.3,0.0
2047-01-19,31.750679820665283,16.8,0.0
2047-01-20,24.0,19.3,67.10270270270271
2047-01-21,26.2,18.9,60.4
2047-01-22,28.0,19.45564880194085,0.0
2047-01-23,29.3,18.8,5.2
2047-01-24,29.7,19.4,25.750000000000004
2047-01-25,29.6,19.7,59.9125
2047-01-26,31.1,18.7,21.0
2047-01-27,30.9,19.4,14.0
2047-01-28,30.2,19.649922698935598,1.0
2047-01-29,29.9,19.6,26.050000000000004
2047-01-30,28.0,19.8,5.4
2047-01-31,26.7,19.8,3.0
2047-02-01,26.8,19.959754282499798,17.4
2047-02-02,25.6,19.587616388773835,1.3
2047-02-03,26.5,19.7,21.0
2047-02-04,29.0,19.2,13.912500000000003
2047-02-05,28.6,19.501000235001744,14.420370370370367
2047-02-06,30.2,18.9,0.0
2047-02-07,29.4,19.538514445632977,9.755555555555555
2047-02-08,29.8,19.909040591227473,1.0
2047-02-09,30.3,19.982265062407432,4.4
2047-02-10,30.5,19.7,4.4
2047-02-11,29.087584425903852,20.114968885944823,21.0
2047-02-12,27.9,20.11076186997973,13.5
2047-02-13,25.9582912146769,19.565804523029,0.3
2047-02-14,26.3,19.1,13.5
2047-02-15,25.7,18.8,0.0
2047-02-16,30.851785787678267,18.8,1.3
2047-02-17,31.58173408867509,18.9,4.8
2047-02-18,30.5,19.2,4.029166666666666
2047-02-19,29.5,19.2,7.4
2047-02-20,28.8,19.4,6.4
2047-02-21,29.4,19.7,4.2
2047-02-22,26.1,19.193453642746096,4.0
2047-02-23,24.9,19.0,6.4
2047-02-24,26.1,19.0,0.0
2047-02-25,30.6,17.8,0.0
2047-02-26,30.9,17.0,0.0
2047-02-27,28.1,18.3,0.0
2047-02-28,29.0,18.5,0.0
2047-03-01,26.4,18.7,1.0
2047-03-02,27.6,17.3,0.0
2047-03-03,30.7,16.2,0.0
2047-03-04,28.9,18.357541127839124,0.0
2047-03-05,27.6,16.8,0.0
2047-03-06,28.0,15.0,0.0
2047-03-07,29.2,16.0,0.0
2047-03-08,29.9,15.9,0.0
2047-03-09,29.0,15.4,0.0
2047-03-10,26.7,16.5,0.0
2047-03-11,28.2,19.315245174236725,0.0
2047-03-12,26.9,18.6,0.0
2047-03-13,29.0,18.757201737898566,0.0
2047-03-14,30.2,18.7,0.0
2047-03-15,31.2,18.6,0.0
2047-03-16,29.9,19.6,0.8
2047-03-17,29.2,19.2,3.788965517241379
2047-03-18,30.6,17.8,1.9
2047-03-19,31.7,16.5,0.0
2047-03-20,29.5,17.0,0.0
2047-03-21,25.6,18.0,0.0
2047-03-22,29.1,16.6,0.0
2047-03-23,29.7,15.9,0.0
2047-03-24,28.0,17.0,0.0
2047-03-25,28.540909090909096,15.3,0.0
2047-03-26,30.0,14.106525876945685,0.0
2047-03-27,29.7,16.1,0.0
2047-03-28,28.9,17.6,0.0
2047-03-29,29.0,16.3,0.0
2047-03-30,29.9,16.2,0.0
2047-03-31,30.5,18.8,0.0
2047-04-01,31.6,17.3,0.0
2047-04-02,31.2,19.0,0.0
2047-04-03,30.2,16.9,0.0
2047-04-04,29.4,16.8,0.0
2047-04-05,31.1,14.8,0.0
2047-04-06,32.2,14.5,0.0
2047-04-07,31.1,15.8,0.0
2047-04-08,29.7,15.7,0.0
2047-04-09,29.5,14.9,0.0
2047-04-10,29.4,14.8,0.0
2047-04-11,30.1,14.9,0.0
2047-04-12,30.7,15.9,0.0
2047-04-13,30.8,15.9,0.0
2047-04-14,31.5,16.0,0.0
2047-04-15,32.7,16.8,0.0
2047-04-16,33.80280857354029,17.3,0.0
2047-04-17,33.178733031674206,18.2,0.0
2047-04-18,32.7,17.3,0.0
2047-04-19,33.951810790835175,16.7,0.0
2047-04-20,35.620849609375,18.6,0.0
2047-04-21,31.8,19.4,0.0
2047-04-22,27.5,18.2,0.0
2047-04-23,29.7,16.3,0.0
2047-04-24,30.6,16.9,0.0
2047-04-25,30.6,16.7,0.0
2047-04-26,31.77340425531915,16.9,0.0
2047-04-27,33.2,17.9,0.0
2047-04-28,33.98285291943828,18.4,0.0
2047-04-29,33.57153284671532,19.12141680395387,0.0
2047-04-30,35.634033203125,18.9,0.0
2047-05-01,33.8,18.396629680809163,0.0
2047-05-02,32.5999621907857,20.45751953125,0.0
2047-05-03,32.571946596034365,18.267362515617656,0.0
2047-05-04,32.67460023671636,18.382801100346807,0.0
2047-05-05,32.7,18.074684314741702,0.0
2047-05-06,32.53694270147869,17.9,0.0
2047-05-07,31.689231688099575,17.653518721752558,0.0
2047-05-08,29.9,16.7,0.0
2047-05-09,29.9,15.2,0.0
2047-05-10,25.6,16.7,0.0
2047-05-11,29.335321904829676,14.9,0.0
2047-05-12,28.4,14.9,0.0
2047-05-13,28.9,13.9,0.0
2047-05-14,29.2,14.5,0.0
2047-05-15,29.5,15.0,0.0
2047-05-16,29.81774648706833,15.2,0.0
2047-05-17,30.0,14.9,0.0
2047-05-18,30.1,14.341298887692842,0.0
2047-05-19,30.6,14.591792249730878,0.0
2047-05-20,30.20643702906351,14.7,0.0
2047-05-21,30.0,13.8,0.0
2047-05-22,30.6,12.45023570023384,0.0
2047-05-23,31.09755216010631,13.2,0.0
2047-05-24,31.1,15.2,0.0
2047-05-25,29.0,15.6,0.0
2047-05-26,27.9,14.1,0.0
2047-05-27,28.0,13.6,0.0
2047-05-28,29.2,13.5,0.0
2047-05-29,29.6,13.9,0.0
2047-05-30,28.02166928873063,14.5,0.0
2047-05-31,27.6,13.4,0.0
2047-06-01,27.0,12.5,0.0
2047-06-02,27.6,12.6,0.0
2047-06-03,27.6,12.9,0.0
2047-06-04,25.5,13.2,0.0
2047-06-05,24.6,12.229389978764285,0.0
2047-06-06,23.4,13.4,0.0
2047-06-07,22.0,11.9,0.0
2047-06-08,23.7,11.5,0.0
2047-06-09,24.0,10.5,0.0
2047-06-10,25.0,10.4,0.0
2047-06-11,25.2,10.0,0.0
2047-06-12,24.1,10.088028364849835,0.0
2047-06-13,23.5,10.448887652947723,0.0
2047-06-14,24.1,9.533578976640719,0.0
2047-06-15,25.2,10.5,0.0
2047-06-16,26.3,10.9,0.0
2047-06-17,26.9,10.9,0.0
2047-06-18,26.3,10.5,0.0
2047-06-19,25.4,10.2,0.0
2047-06-20,25.4,9.0,0.0
2047-06-21,25.2,8.9,0.0
2047-06-22,24.026236222064924,9.8,0.0
2047-06-23,23.0,10.165623179193823,0.0
2047-06-24,22.1,10.8,0.0
2047-06-25,23.2,11.3,0.0
2047-06-26,23.0,8.5,0.0
2047-06-27,23.0,6.2,0.0
2047-06-28,22.13977216063826,6.0,0.0
2047-06-29,22.1,8.2,0.0
2047-06-30,20.0,10.9,0.0
2047-07-01,20.6,8.743948331539288,0.0
2047-07-02,20.7,6.5,0.0
2047-07-03,21.916586750171245,5.3,0.0
2047-07-04,25.0,6.7,0.0
2047-07-05,26.6,9.4,0.0
2047-07-06,28.0,11.8,0.0
2047-07-07,28.2,13.1,0.0
2047-07-08,27.0,13.4,0.0
2047-07-09,27.51415500538212,12.2,0.0
2047-07-10,28.1,13.0,0.0
2047-07-11,28.2,14.3,0.0
2047-07-12,28.31325984930031,15.0,0.0
2047-07-13,27.98329531031601,14.3,0.0
2047-07-14,26.9,13.616493576521474,0.0
2047-07-15,26.867814854682443,12.5,0.0
2047-07-16,27.6,11.8,0.0
2047-07-17,28.2,10.4,0.0
2047-07-18,28.763060414424103,10.0,0.0
2047-07-19,28.2,12.651106326994375,0.0
2047-07-20,27.2,13.0,0.0
2047-07-21,26.9,13.0,0.0
2047-07-22,26.5,12.1,0.0
2047-07-23,26.9,10.5,0.0
2047-07-24,27.6,11.8,0.0
2047-07-25,28.1,12.6,0.0
2047-07-26,28.7,12.8,0.0
2047-07-27,28.6,13.0,0.0
2047-07-28,28.2,13.741841711217075,0.0
2047-07-29,28.0,13.5,0.0
2047-07-30,26.36113204162181,13.1,0.0
2047-07-31,25.5,12.7,0.0
2047-08-01,25.2,10.8,0.0
2047-08-02,29.0,11.9,0.0
2047-08-03,31.2,14.0,0.0
2047-08-04,30.4,15.4,0.0
2047-08-05,28.8,14.5,0.0
2047-08-06,28.8,12.4,0.0
2047-08-07,29.9,12.2,0.0
2047-08-08,28.7,14.6,0.0
2047-08-09,29.0,14.4,0.0
2047-08-10,30.6,14.5,0.0
2047-08-11,30.8,14.3,0.0
2047-08-12,30.0,14.3,0.0
2047-08-13,30.0,14.0,0.0
2047-08-14,30.9,13.9,0.0
2047-08-15,30.426953357827223,15.288247784478807,0.0
2047-08-16,30.5,14.8,0.0
2047-08-17,31.2,14.7,0.0
2047-08-18,32.177482200717975,15.582817016010782,0.0
2047-08-19,31.5,13.9,0.0
2047-08-20,29.2,15.7,0.0
2047-08-21,28.723661444005895,16.67458512737711,0.0
2047-08-22,30.241391373742616,16.0,0.0
2047-08-23,31.0,16.58183740619441,0.0
2047-08-24,30.0,16.9,0.0
2047-08-25,28.9,15.713005186417455,0.0
2047-08-26,28.6,15.3,0.0
2047-08-27,28.7,14.6,0.0
2047-08-28,27.70240834165509,15.0,0.0
2047-08-29,27.6,13.5,0.0
2047-08-30,27.0,13.9,0.0
2047-08-31,26.7,13.966967310633946,0.0
2047-09-01,28.0,13.2,0.0
2047-09-02,29.1,12.7,0.0
2047-09-03,30.0,12.115060504938146,0.0
2047-09-04,31.0,11.9,0.0
2047-09-05,31.3,15.4,0.0
2047-09-06,30.1,16.3,0.0
2047-09-07,30.5,15.4,0.0
2047-09-08,31.5,15.5,0.0
2047-09-09,32.2,16.4,0.0
2047-09-10,32.1,16.7,0.0
2047-09-11,31.5,16.5,0.0
2047-09-12,31.7,15.5,0.0
2047-09-13,31.7,16.6,0.0
2047-09-14,31.9,16.2,0.0
2047-09-15,33.0,16.0,0.0
2047-09-16,33.1,18.0,0.0
2047-09-17,28.6,16.7,0.0
2047-09-18,26.11579986833443,14.0,0.0
2047-09-19,27.4,13.5,0.0
2047-09-20,29.2,12.0,0.0
2047-09-21,31.3,9.352134902234075,0.0
2047-09-22,32.9,11.8,0.0
2047-09-23,33.1,16.4,0.0
2047-09-24,33.9,17.178316773816476,0.0
2047-09-25,34.8,17.5,0.0
2047-09-26,34.7,18.2,0.0
2047-09-27,35.1,17.13436851757208,0.0
2047-09-28,37.8143910223998,16.9,0.0
2047-09-29,40.26953125,19.0,0.0
2047-09-30,39.7802734375,20.5,0.0
2047-10-01,38.0,20.8,0.0
2047-10-02,33.6,21.4,0.0
2047-10-03,32.0,19.2,0.0
2047-10-04,32.3,18.3,0.0
2047-10-05,34.5,18.492375068198232,0.0
2047-10-06,36.9,19.6,0.0
2047-10-07,38.423193359375,20.4,0.0
2047-10-08,39.21494140625,20.9,0.0
2047-10-09,39.259375,21.4,0.0
2047-10-10,38.5044921875,21.73303254471748,0.0
2047-10-11,35.8,21.821202159199988,0.0
2047-10-12,34.9,20.2,0.0
2047-10-13,35.2,19.8,0.0
2047-10-14,33.9,20.7,0.0
2047-10-15,33.2,20.4,0.0
2047-10-16,34.7,20.4,0.0
2047-10-17,36.9,20.5,0.0
2047-10-18,38.0,21.4,0.0
2047-10-19,38.0,21.9,0.0
2047-10-20,38.491796875,21.9,0.0
2047-10-21,38.7095703125,22.56204081938115,0.0
2047-10-22,38.6900390625,23.217336691731354,0.0
2047-10-23,36.9,22.6,0.0
2047-10-24,36.6,22.0,0.0
2047-10-25,36.7,22.0,0.0
2047-10-26,34.2,20.0,3.7945945945945976
2047-10-27,33.1,19.3,0.0
2047-10-28,33.5,20.2,0.0
2047-10-29,35.40064585575887,19.93473781331692,0.0
2047-10-30,37.0,23.9826171875,0.0
2047-10-31,34.9,22.594158859561894,0.0
2047-11-01,35.9,22.0,0.0
2047-11-02,36.0,21.474653242832172,0.0
2047-11-03,35.2,19.9,0.0
2047-11-04,31.2,18.9,5.9
2047-11-05,29.9,18.4,10.760000000000003
2047-11-06,29.8,18.7,3.2
2047-11-07,27.2,18.5,6.775
2047-11-08,25.2,18.0,4.9333333333333345
2047-11-09,29.9,17.6,0.0
2047-11-10,30.028704534309327,17.9,0.0
2047-11-11,31.0,17.4,0.0
2047-11-12,30.7,18.9,0.0
2047-11-13,26.5,17.6,0.0
2047-11-14,29.2,16.9,3.4
2047-11-15,30.2,18.4,3.7
2047-11-16,25.711848036279626,18.0,33.8
2047-11-17,23.009121563642143,16.5,0.0
2047-11-18,23.372045316764034,16.109380729875202,0.0
2047-11-19,26.0,16.0,0.0
2047-11-20,29.3,16.9,0.0
2047-11-21,28.8,16.0,0.0
2047-11-22,29.0,15.6,0.0
2047-11-23,30.2,16.0,0.0
2047-11-24,31.21217649239896,16.1,0.0
2047-11-25,31.4,16.4,0.0
2047-11-26,30.2,18.2,0.0
2047-11-27,26.9,16.4,0.0
2047-11-28,30.1,16.0,0.0
2047-11-29,31.5,16.3,0.0
2047-11-30,31.95999019220878,15.3,0.0
2047-12-01,31.6,19.0,0.0
2047-12-02,28.9,19.0,3.6
2047-12-03,30.6,19.2,0.82046908315565
2047-12-04,31.98767818622412,18.0,0.0
2047-12-05,31.8,18.7,4.3
2047-12-06,28.9,19.446398945599626,21.8272921108742
2047-12-07,26.2,19.6,43.1
2047-12-08,27.0,19.3,54.118278736189204
2047-12-09,25.5,16.4,0.0
2047-12-10,29.9,16.2,0.0
2047-12-11,30.7,18.4,0.0
2047-12-12,26.5,17.5,0.0
2047-12-13,28.6,19.5,28.374413646055434
2047-12-14,29.752489788696042,18.4,0.0
2047-12-15,30.7,18.5,4.4
2047-12-16,30.0,17.8,0.0
2047-12-17,28.6,18.8,0.0
2047-12-18,28.9,18.4,10.027505330490404
2047-12-19,28.9,19.0,0.8
2047-12-20,29.9,17.2,0.0
2047-12-21,28.7,17.5,0.0
2047-12-22,29.5,19.0,0.0
2047-12-23,30.0,19.9,0.0
2047-12-24,24.6,18.9,0.0
2047-12-25,23.9,18.7,27.544562899786772
2047-12-26,28.9,19.0,0.0
2047-12-27,29.3,19.0,0.0
2047-12-28,27.0,19.4,6.4
2047-12-29,27.0,19.2,12.6
2047-12-30,25.8,19.4,0.0
2047-12-31,29.8,19.4,0.0
2048-01-01,29.9,19.6,0.0
2048-01-02,29.4,18.4,0.0
2048-01-03,27.2,19.251860015225617,27.4
2048-01-04,28.8,19.3,6.0
2048-01-05,30.1,19.5,0.0
2048-01-06,30.4,19.6,0.0
2048-01-07,31.8,19.68243844695429,0.0
2048-01-08,31.769239386254583,18.3,0.0
2048-01-09,30.9,19.9,0.0
2048-01-10,31.7,18.5,0.0
2048-01-11,31.1,20.030395643425813,0.9
2048-01-12,26.7,19.8,0.0
2048-01-13,29.3,19.793848807501256,21.6
2048-01-14,28.9,19.4,11.5
2048-01-15,29.3,19.7,5.7
2048-01-16,30.4,19.7,0.0
2048-01-17,31.811314816973248,19.613996208117744,0.0
2048-01-18,30.3,19.8,0.0
2048-01-19,29.6,19.0,0.6
2048-01-20,27.9,18.2,0.0
2048-01-21,27.8,19.0,6.0
2048-01-22,30.0,18.6,16.0
2048-01-23,29.6,17.0,0.0
2048-01-24,31.0,18.3,0.0
2048-01-25,31.8,18.914273101265266,0.0
2048-01-26,30.9,19.8,0.0
2048-01-27,30.3,19.7,1.9
2048-01-28,29.2,19.36653616997933,9.0
2048-01-29,29.1,19.470788795153574,24.9
2048-01-30,27.7,19.4,6.0
2048-01-31,29.9,19.5,4.0
2048-02-01,27.1,18.9,27.45833333333334
2048-02-02,26.350016686531585,18.2,0.0
2048-02-03,27.9,17.7,0.0
2048-02-04,24.7,18.5,0.8
2048-02-05,27.27235670170116,19.0,1.0
2048-02-06,28.6,18.211760031783864,0.0
2048-02-07,29.4,19.2,0.9
2048-02-08,29.0,19.2,1.9375
2048-02-09,26.2,19.0,0.0
2048-02-10,27.0,18.7,1.3
2048-02-11,29.4013009838185,19.0,4.4
2048-02-12,28.8,19.2,26.0
2048-02-13,28.0,18.7,17.642708333333335
2048-02-14,28.0,18.9,5.200462962962962
2048-02-15,30.3,18.7,12.174999999999995
2048-02-16,26.6,19.0,17.0
2048-02-17,28.0,18.9,3.6814814814814825
2048-02-18,30.8,18.675167124423485,0.0
2048-02-19,30.6,19.0,18.20555555555556
2048-02-20,28.2,18.8,1.5
2048-02-21,27.0,18.7,24.409722222222214
2048-02-22,29.5,18.6,0.0
2048-02-23,29.2,18.2,0.0
2048-02-24,23.5,18.5,125.0
2048-02-25,22.858642838745062,18.0,125.0
2048-02-26,22.177993889866038,16.9,21.183333333333334
2048-02-27,30.736361314490033,16.0,0.0
2048-02-28,28.3,19.0,0.0
2048-03-01,28.7,18.6,17.443310344827587
2048-03-02,29.0,18.0,17.541379310344826
2048-03-03,29.8,18.8,0.5096551724137932
2048-03-04,28.0,19.6,0.0
2048-03-05,26.7,19.0,0.10068965517241381
2048-03-06,27.9,18.6,6.0
2048-03-07,27.0,19.0,0.0
2048-03-08,27.3,18.98243033130008,0.0
2048-03-09,25.7,18.7,1.0
2048-03-10,23.849068322981363,18.6,15.9
2048-03-11,26.5,18.6,0.0
2048-03-12,28.1,18.6,35.98706896551724
2048-03-13,28.6,18.7,31.460606060606093
2048-03-14,27.7,19.06809638155171,2.3
2048-03-15,22.7,18.4,34.368965517241435
2048-03-16,24.2,18.6,0.6
2048-03-17,26.9,18.9,0.0
2048-03-18,26.7,18.5,0.0
2048-03-19,27.3,16.9,0.0
2048-03-20,27.9,16.6,0.0
2048-03-21,28.108333333333334,16.0,0.0
2048-03-22,27.0,17.0,0.0
2048-03-23,26.6,18.4,3.289655172413794
2048-03-24,30.0,18.2,1.0
2048-03-25,30.0,18.3,3.289655172413794
2048-03-26,29.5,18.5,0.0
2048-03-27,27.1,18.5,0.0
2048-03-28,29.6,19.02570174712263,0.0
2048-03-29,32.0,19.15249514407333,2.8
2048-03-30,30.1,18.4,36.25155172413793
2048-03-31,28.2,19.13859626943412,5.4
2048-04-01,25.020454545454548,18.7,9.868421052631579
2048-04-02,27.3,16.5,0.0
2048-04-03,28.6,15.5,0.0
2048-04-04,28.2,17.0,0.0
2048-04-05,25.0,18.605532953620827,1.6
2048-04-06,28.6,18.6,17.51
2048-04-07,26.7,19.0,0.0
2048-04-08,26.0,18.7,0.0
2048-04-09,26.8,18.2,0.0
2048-04-10,27.6,18.097916666666666,0.0
2048-04-11,23.9,16.6,2.4
2048-04-12,25.4,16.5,0.0
2048-04-13,26.4,14.1,0.0
2048-04-14,26.3,16.3,0.0
2048-04-15,26.1,16.1,0.0
2048-04-16,26.4,17.5,0.0
2048-04-17,26.2,18.077083333333338,0.0
2048-04-18,27.2,16.0,0.0
2048-04-19,28.0,18.5,0.0
2048-04-20,27.2,18.1,0.0
2048-04-21,27.3,17.4,0.0
2048-04-22,27.6,15.7,0.0
2048-04-23,28.4,14.5,0.0
2048-04-24,28.7,13.7,0.0
2048-04-25,29.9,13.8,0.0
2048-04-26,30.0,14.4,0.0
2048-04-27,29.9,14.7,0.0
2048-04-28,29.7,15.3,0.0
2048-04-29,29.6,16.0,0.0
2048-04-30,28.9,16.3,0.0
2048-05-01,27.6,14.5,0.0
2048-05-02,27.5,13.4,0.0
2048-05-03,27.77042518837459,14.5,0.0
2048-05-04,28.5,14.407379500059788,0.0
2048-05-05,28.481840055720884,13.9,0.0
2048-05-06,26.7,14.5,0.0
2048-05-07,26.5,13.4,0.0
2048-05-08,27.9,13.8,0.0
2048-05-09,28.4,13.1,0.0
2048-05-10,26.1,14.0,0.0
2048-05-11,25.4,15.604261468363378,0.0
2048-05-12,23.8,14.9,0.0
2048-05-13,24.2,15.2,0.0
2048-05-14,26.5,14.9,0.0
2048-05-15,29.5,14.0,0.0
2048-05-16,26.8,14.9,0.8249999999999998
2048-05-17,29.1,12.5,0.0
2048-05-18,29.5,8.3,0.0
2048-05-19,29.447056388175863,9.6,0.0
2048-05-20,28.9,9.6,0.0
2048-05-21,27.2,12.1,0.0
2048-05-22,25.7,12.1,0.0
2048-05-23,25.406326994378663,10.4,0.0
2048-05-24,26.4,9.6,0.0
2048-05-25,26.5,10.0,0.0
2048-05-26,26.5,10.3,0.0
2048-05-27,26.9,10.9,0.0
2048-05-28,24.5,12.1,0.0
2048-05-29,23.7,12.0,0.0
2048-05-30,24.1,7.9,0.0
2048-05-31,27.6,8.335944471251993,0.0
2048-06-01,28.4,10.309966629588441,0.0
2048-06-02,30.0,11.62615476230604,0.0
2048-06-03,29.500933536314527,11.0,0.0
2048-06-04,28.0,14.1,0.0
2048-06-05,26.5,13.2,0.0
2048-06-06,25.6,11.7,0.0
2048-06-07,25.6,10.2,0.0
2048-06-08,25.13353534578651,11.0,0.0
2048-06-09,23.9,11.1,0.0
2048-06-10,24.155380978865406,10.2,0.0
2048-06-11,24.1,9.7,0.0
2048-06-12,24.2,10.127056517824043,0.0
2048-06-13,24.4,9.7,0.0
2048-06-14,24.1,10.2,0.0
2048-06-15,24.84638089941205,11.7,0.0
2048-06-16,25.5,11.4,0.0
2048-06-17,25.0,11.7,0.0
2048-06-18,18.685726180230038,11.5,0.0
2048-06-19,17.636954035375442,12.239615987460823,0.0
2048-06-20,22.3,12.2,0.0
2048-06-21,18.66063817240108,12.9,0.0
2048-06-22,20.7,12.25393239963596,0.0
2048-06-23,23.4,10.0,0.0
2048-06-24,23.9,8.0,0.0
2048-06-25,24.5,7.4,0.0
2048-06-26,24.6,8.0,0.0
2048-06-27,23.0,10.2,0.0
2048-06-28,21.2148113288269,9.0,0.0
2048-06-29,22.9,7.0,0.0
2048-06-30,22.4,6.002573480892142,0.0
2048-07-01,22.5,8.53100107642626,0.0
2048-07-02,23.7,8.9,0.0
2048-07-03,25.5,9.9,0.0
2048-07-04,26.3,11.9,0.0
2048-07-05,26.7,12.2,0.0
2048-07-06,26.2,12.0,0.0
2048-07-07,25.79403949038445,10.9,0.0
2048-07-08,25.7,10.0,0.0
2048-07-09,24.3,12.720923881285554,0.0
2048-07-10,26.0,11.6,0.0
2048-07-11,26.6,12.0,0.0
2048-07-12,26.9,12.2,0.0
2048-07-13,27.028906938056558,12.517384777950047,0.0
2048-07-14,27.7,12.7,0.0
2048-07-15,28.0,12.8,0.0
2048-07-16,28.0,12.8,0.0
2048-07-17,28.311020021528513,13.0,0.0
2048-07-18,25.8,13.6,0.0
2048-07-19,16.485022906010094,13.10089368413146,0.0
2048-07-20,23.2,11.6,0.0
2048-07-21,25.0,8.9,0.0
2048-07-22,27.0,7.784214123396037,0.0
2048-07-23,28.0,9.3,0.0
2048-07-24,26.0,12.9,0.0
2048-07-25,24.9,10.641086362507238,0.0
2048-07-26,27.074155983951453,9.3,0.0
2048-07-27,28.6,9.7,0.0
2048-07-28,29.0,12.4,0.0
2048-07-29,29.0,12.9,0.0
2048-07-30,29.1,13.0008765185299,0.0
2048-07-31,29.2,13.4,0.0
2048-08-01,27.0,12.8,0.0
2048-08-02,26.3,11.6,0.0
2048-08-03,25.2,8.7,0.0
2048-08-04,26.7,6.2,0.0
2048-08-05,27.6,10.2,0.0
2048-08-06,27.4,14.0,0.0
2048-08-07,28.045151188961743,15.4,0.0
2048-08-08,29.1,15.510509988727188,0.0
2048-08-09,30.00465746578502,15.912193656594992,0.0
2048-08-10,30.9,15.6,0.0
2048-08-11,29.2,16.4,0.0
2048-08-12,27.0,14.5,0.0
2048-08-13,27.2,13.0,0.0
2048-08-14,28.3,12.7,0.0
2048-08-15,28.8,12.397705512435557,0.0
2048-08-16,29.4,13.2,0.0
2048-08-17,29.1,14.2,0.0
2048-08-18,28.8,14.0,0.0
2048-08-19,28.0,14.8,0.0
2048-08-20,28.0,14.7,0.0
2048-08-21,28.6,14.0,0.0
2048-08-22,30.2,13.6,0.0
2048-08-23,31.1,15.5,0.0
2048-08-24,29.151229162424,17.5,0.0
2048-08-25,26.4,15.508226608918225,0.0
2048-08-26,25.45989235737352,13.5,0.0
2048-08-27,25.9,13.4,0.0
2048-08-28,26.7,13.4,0.0
2048-08-29,27.6,13.5,0.0
2048-08-30,29.0,13.488355600582532,0.0
2048-08-31,30.5,13.5,0.0
2048-09-01,32.36141464372179,14.0,0.0
2048-09-02,30.7,17.5,0.0
2048-09-03,32.5,15.7,0.0
2048-09-04,35.2,17.5,0.0
2048-09-05,33.3,20.4,0.0
2048-09-06,27.8,16.5,0.0
2048-09-07,27.4,14.0,0.0
2048-09-08,29.0,14.1,0.0
2048-09-09,32.1,15.2,0.0
2048-09-10,32.8,18.0,0.0
2048-09-11,32.59343356417525,19.5,0.0
2048-09-12,33.9,19.3,0.0
2048-09-13,34.531497960697074,19.991757124774658,0.0
2048-09-14,33.7,19.608931405265118,0.0
2048-09-15,33.0,19.0,0.0
2048-09-16,33.1,17.6,0.0
2048-09-17,33.4,17.6,0.0
2048-09-18,33.5,18.2,0.0
2048-09-19,33.1,19.0,0.0
2048-09-20,32.4,19.0,0.0
2048-09-21,32.9,18.0,0.0
2048-09-22,33.9,17.8,0.0
2048-09-23,37.576181512221446,19.6,0.0
2048-09-24,39.206298828125,20.5,0.0
2048-09-25,37.92533791755142,22.490188640915065,0.0
2048-09-26,36.95733791282057,24.974365234375,0.0
2048-09-27,36.0,23.519287109375,0.0
2048-09-28,35.3,20.5,0.0
2048-09-29,35.62754552274433,20.5,0.0
2048-09-30,36.04143200046836,20.5,0.0
2048-10-01,37.83463898582813,22.749629137513434,0.0
2048-10-02,36.9,21.9,0.0
2048-10-03,36.6,21.0,0.0
2048-10-04,38.71396484375,24.54853515625,0.0
2048-10-05,37.332022287043245,23.068670070412082,0.0
2048-10-06,37.50977093872178,22.693098257534977,0.0
2048-10-07,37.2,22.0,0.0
2048-10-08,37.51944204309051,22.0,0.0
2048-10-09,35.5,22.6,0.0
2048-10-10,34.301430109180366,21.5,0.0
2048-10-11,34.9,21.0,0.0
2048-10-12,36.2,21.7,0.0
2048-10-13,36.73344610179915,22.410534508629446,0.0
2048-10-14,36.26271816853759,22.0,0.0
2048-10-15,33.6,21.7,0.0
2048-10-16,31.9,20.1,0.0
2048-10-17,32.1,20.3,0.0
2048-10-18,31.2,20.0,0.0
2048-10-19,32.6,19.7,0.0
2048-10-20,31.1,20.7,0.0
2048-10-21,31.1,20.65382490132758,0.0
2048-10-22,32.6,21.0,0.0
2048-10-23,35.0,21.4,0.0
2048-10-24,36.9,22.0,0.0
2048-10-25,33.6,21.893822291809368,0.0
2048-10-26,31.7,20.4,0.0
2048-10-27,32.913010405453896,20.0,0.0
2048-10-28,34.9,20.8,0.0
2048-10-29,35.6,21.9,0.0
2048-10-30,36.0,22.0,0.0
2048-10-31,34.9,23.421655155154173,0.0
2048-11-01,32.3,18.9,1.9
2048-11-02,28.7,17.5,5.4
2048-11-03,26.8,17.8,3.4
2048-11-04,28.9,18.3,13.169230769230769
2048-11-05,27.613454522262888,18.4,13.733333333333333
2048-11-06,25.70008864550355,17.7,10.033333333333333
2048-11-07,27.0,17.9,0.0
2048-11-08,29.5,18.4,1.6
2048-11-09,28.9,18.4,4.8
2048-11-10,28.9,18.0,0.3
2048-11-11,29.4,17.8,1.6
2048-11-12,29.7,17.5,2.3
2048-11-13,30.9,17.9,0.0
2048-11-14,31.5,17.9,0.0
2048-11-15,31.0,19.5,0.0
2048-11-16,29.6,18.4,0.0
2048-11-17,30.2,18.0,0.0
2048-11-18,31.1,18.7,0.0
2048-11-19,31.9,18.5,0.0
2048-11-20,31.0,18.7,4.866666666666665
2048-11-21,27.0,18.2,22.133333333333333
2048-11-22,24.7,17.1,0.0
2048-11-23,25.2,17.5,0.0
2048-11-24,26.2,17.0,0.0
2048-11-25,29.2,18.0,0.0
2048-11-26,30.8,18.2,0.0
2048-11-27,30.5,18.3,0.0
2048-11-28,28.4,18.0,63.95625
2048-11-29,25.29566781176421,17.0,0.0
2048-11-30,27.6,17.2,0.0
2048-12-01,29.0,18.1,0.0
2048-12-02,29.8,17.5,0.0
2048-12-03,30.9,16.984895721205596,0.0
2048-12-04,30.3,17.5,0.0
2048-12-05,29.6,19.0,0.0
2048-12-06,27.1,18.6,0.0
2048-12-07,24.5,18.3,0.0
2048-12-08,30.9,18.05522656561039,0.0
2048-12-09,30.0,19.0,4.5
2048-12-10,31.6,19.2,3.4
2048-12-11,30.4,19.9,0.2
2048-12-12,29.5,19.9,0.0
2048-12-13,31.4,19.2,0.0
2048-12-14,31.6,17.9,0.0
2048-12-15,31.2,18.5,0.0
2048-12-16,31.2,19.73350030184653,23.23326226012788
2048-12-17,25.3,19.6,35.902074045357615
2048-12-18,23.2,18.6,58.74954220494168
2048-12-19,22.7718541898524,16.6,35.93859275053304
2048-12-20,21.979407671740738,16.4,0.0
2048-12-21,23.310934915592426,18.1,0.0
2048-12-22,25.5,18.7,0.0
2048-12-23,26.9,19.0,0.0
2048-12-24,25.4,19.0,0.0
2048-12-25,28.9,17.5,0.0
2048-12-26,29.9,17.7,0.0
2048-12-27,29.2,19.6,1.0
2048-12-28,30.2,19.4,0.0
2048-12-29,29.1,19.6,1.7
2048-12-30,29.9,19.6,0.0
2048-12-31,27.6,19.6,0.0
2049-01-01,27.1,19.1,0.0
2049-01-02,25.971044133476855,18.9,0.0
2049-01-03,29.0,18.2,3.8
2049-01-04,30.2,18.0,0.0
2049-01-05,28.7,19.0,0.0
2049-01-06,29.3,19.243231898667826,0.6
2049-01-07,27.5,19.6,0.0
2049-01-08,27.6,18.641097954790066,11.450000000000003
2049-01-09,29.5,17.6,2.8
2049-01-10,25.2,18.7,0.9
2049-01-11,29.1,19.717674563269775,14.249999999999996
2049-01-12,29.1,19.08478110208354,2.4
2049-01-13,29.4,19.0,0.0
2049-01-14,29.3,18.6,0.0
2049-01-15,30.91369594123978,19.0,0.0
2049-01-16,29.6,18.8,7.4
2049-01-17,29.8,18.6,34.0
2049-01-18,25.9,19.5,60.4
2049-01-19,27.8,19.5,8.0
2049-01-20,25.5,19.445809278333545,60.4
2049-01-21,28.7,19.7,26.5
2049-01-22,27.9,18.9,27.0
2049-01-23,27.3,18.5,60.4
2049-01-24,28.1,18.7,1.4
2049-01-25,25.9,17.9,26.5
2049-01-26,24.0,17.8,10.9
2049-01-27,23.0,18.6,69.8114942528736
2049-01-28,23.1,18.6,70.6
2049-01-29,27.6,18.6,27.1
2049-01-30,27.2,17.8,2.0
2049-01-31,28.7,17.7,1.9
2049-02-01,27.8,18.698658254305503,0.0
2049-02-02,26.0,19.0,1.9375
2049-02-03,29.2,18.5,0.0
2049-02-04,31.9,19.277168100950234,6.3
2049-02-05,29.5,19.536267621499537,0.0
2049-02-06,30.0,18.6,0.0
2049-02-07,26.2,17.6,0.0
2049-02-08,27.0,18.8,12.894444444444447
2049-02-09,29.0,18.7,0.0
2049-02-10,29.2,18.2,6.0
2049-02-11,26.4,19.0,0.0
2049-02-12,27.0,19.0,6.2875
2049-02-13,29.1,18.8,0.0
2049-02-14,27.3,19.61818834411758,11.499999999999995
2049-02-15,30.3,19.35785657528804,26.5138888888889
2049-02-16,28.7,19.1,3.8
2049-02-17,30.9,19.1,2.3
2049-02-18,29.5,19.0,10.1
2049-02-19,28.194186121202165,18.9,4.0
2049-02-20,27.6,18.8,3.5
2049-02-21,26.6,19.510266480729147,0.0
2049-02-22,28.6,18.9,13.63333333333333
2049-02-23,28.0,18.6,3.613888888888889
2049-02-24,29.6,19.0,31.20000000000001
2049-02-25,28.2,19.0,5.234259259259259
2049-02-26,25.6,19.0,0.5
2049-02-27,27.7,18.1,1.0
2049-02-28,28.4,16.5,0.0
2049-03-01,26.4,17.9,0.0
2049-03-02,30.405357142857145,17.4,4.2
2049-03-03,27.6,17.1,1.7
2049-03-04,26.7,19.0,38.016157635468
2049-03-05,28.7,19.094328061604706,28.0
2049-03-06,27.4,19.0,47.254406130268286
2049-03-07,26.7,18.5,21.743448275862068
2049-03-08,27.2,18.4,4.6852107279693485
2049-03-09,28.6,18.4,6.4
2049-03-10,27.2,18.9,1.8
2049-03-11,29.7,19.1,0.9
2049-03-12,30.0,19.066109133062856,0.9
2049-03-13,29.5,18.6,2.0
2049-03-14,29.9,18.716571944873586,0.1
2049-03-15,29.6,18.2,11.741379310344838
2049-03-16,29.0,18.8,0.7
2049-03-17,28.7,18.9,3.0875862068965523
2049-03-18,29.7,18.8,10.9
2049-03-19,24.4,18.6,26.834482758620712
2049-03-20,27.3,18.6,0.7
2049-03-21,26.0,17.9,0.6
2049-03-22,27.1,18.6,0.0
2049-03-23,30.4,18.9,10.59241379310345
2049-03-24,29.905555555555555,18.2,1.2
2049-03-25,31.6,18.2,2.5793103448275874
2049-03-26,29.5,19.0,0.8
2049-03-27,25.6,18.2,0.0
2049-03-28,28.0,17.7,0.0
2049-03-29,29.9,17.2,0.0
2049-03-30,31.1,17.3,0.0
2049-03-31,32.0,18.3,0.0
2049-04-01,30.0,17.0,0.0
2049-04-02,31.156,17.6,0.0
2049-04-03,30.3,19.0,0.0
2049-04-04,28.1,19.0,10.6
2049-04-05,27.6,19.0,26.142372881355936
2049-04-06,27.5,19.0,17.08
2049-04-07,27.8,18.7,4.199999999999999
2049-04-08,28.9,17.8,0.0
2049-04-09,29.04676258992806,17.2,0.0
2049-04-10,29.1,18.3,0.0
2049-04-11,29.0,18.6,0.0
2049-04-12,28.9,17.5,0.0
2049-04-13,28.6,15.616117216117214,0.0
2049-04-14,26.3,16.3,0.0
2049-04-15,27.4,15.1,0.0
2049-04-16,28.0,12.5,0.0
2049-04-17,28.2,12.0,0.0
2049-04-18,28.6,16.6,0.0
2049-04-19,23.9,18.4,26.20338983050847
2049-04-20,25.0,18.4,26.325423728813558
2049-04-21,26.3,18.645240032546788,0.0
2049-04-22,27.5,16.9,0.0
2049-04-23,27.82528735632184,17.2,0.0
2049-04-24,28.4,15.9,0.0
2049-04-25,24.6,15.378333333333336,0.0
2049-04-26,26.1,15.1,0.0
2049-04-27,24.7,15.1,0.0
2049-04-28,24.9,14.5,0.0
2049-04-29,25.0,14.7,0.0
2049-04-30,20.570175438596493,11.036888888888889,8.466666666666667
2049-05-01,21.66553081270183,9.9,1.2
2049-05-02,23.4,12.7,0.0
2049-05-03,23.463881005969274,11.9,0.0
2049-05-04,24.537233736108792,9.8,0.0
2049-05-05,25.7,9.5,0.0
2049-05-06,26.616665769644776,12.1,0.0
2049-05-07,27.1,11.4,0.0
2049-05-08,26.2,11.9,0.0
2049-05-09,25.5,12.0,0.0
2049-05-10,24.5,15.2,0.0
2049-05-11,22.4,14.936664734619507,0.0
2049-05-12,22.8,14.8,0.0
2049-05-13,22.44272515249372,12.5,0.0
2049-05-14,23.2,10.0,0.0
2049-05-15,23.6,8.5,0.0
2049-05-16,24.1,7.8,0.0
2049-05-17,24.4,7.1,0.0
2049-05-18,24.5,7.803289752180064,0.0
2049-05-19,24.0,8.9,0.0
2049-05-20,22.8,12.2,0.0
2049-05-21,22.8,13.8,0.0
2049-05-22,23.59062041295626,9.9,0.0
2049-05-23,22.9,10.9,0.0
2049-05-24,22.2,12.5,0.0
2049-05-25,22.212183566004878,9.9,0.0
2049-05-26,22.7,8.5,0.0
2049-05-27,23.7,11.5,0.0
2049-05-28,24.5,11.0,0.0
2049-05-29,24.6,10.4,0.0
2049-05-30,24.4,10.7,0.0
2049-05-31,24.4,9.9,0.0
2049-06-01,24.9,10.2,0.0
2049-06-02,25.3,10.829606128021034,0.0
2049-06-03,25.5,11.3,0.0
2049-06-04,26.852492114526044,11.2,0.0
2049-06-05,26.5,11.7,0.0
2049-06-06,25.9,11.7,0.0
2049-06-07,24.2,11.7,0.0
2049-06-08,23.2,9.9,0.0
2049-06-09,23.7,8.2,0.0
2049-06-10,24.9,7.0,0.0
2049-06-11,25.0,8.0,0.0
2049-06-12,24.0,8.9,0.0
2049-06-13,24.1,7.4,0.0
2049-06-14,23.9,8.0,0.0
2049-06-15,22.3,8.2,0.0
2049-06-16,23.0,8.4,0.0
2049-06-17,23.528792998509875,9.2,0.0
2049-06-18,24.5,8.1,0.0
2049-06-19,25.5,5.6,0.0
2049-06-20,23.1,10.812562780193481,0.0
2049-06-21,21.9,10.2,0.0
2049-06-22,22.1,7.3,0.0
2049-06-23,22.890996168582376,3.9069177741350045,0.0
2049-06-24,23.5,3.4,0.0
2049-06-25,25.0,2.39944382647386,0.0
2049-06-26,25.5,2.617381797265234,0.0
2049-06-27,25.0,5.4,0.0
2049-06-28,23.1,6.972505849411221,0.0
2049-06-29,23.2,5.2,0.0
2049-06-30,23.5,5.0,0.0
2049-07-01,24.2,6.2,0.0
2049-07-02,24.1,6.7,0.0
2049-07-03,22.0,8.0,0.0
2049-07-04,22.3,7.8,0.0
2049-07-05,23.6,6.5,0.0
2049-07-06,25.3,7.1,0.0
2049-07-07,26.3,7.9,0.0
2049-07-08,26.2,9.6,0.0
2049-07-09,25.5,11.2,0.0
2049-07-10,25.7,10.5,0.0
2049-07-11,25.6,9.4,0.0
2049-07-12,25.234556646932177,9.4,0.0
2049-07-13,23.9,9.9,0.0
2049-07-14,22.6,9.4,0.0
2049-07-15,22.7,8.7,0.0
2049-07-16,24.2,7.2,0.0
2049-07-17,25.095763741796574,9.273868091270316,0.0
2049-07-18,25.7,10.428345891639745,0.0
2049-07-19,25.9,10.4,0.0
2049-07-20,25.4,10.5,0.0
2049-07-21,22.6,9.3,0.0
2049-07-22,23.9,6.7,0.0
2049-07-23,26.022594187298157,4.6,0.0
2049-07-24,27.2,6.5,0.0
2049-07-25,28.15943783797555,8.9,0.0
2049-07-26,28.5,11.6,0.0
2049-07-27,28.7,11.5,0.0
2049-07-28,27.3,7.8,0.0
2049-07-29,23.9,12.8,0.0
2049-07-30,23.1,10.8,0.0
2049-07-31,22.0,9.9,0.0
2049-08-01,20.38448285127567,11.0,0.0
2049-08-02,21.0,13.0,0.0
2049-08-03,21.4,11.6,0.0
2049-08-04,21.886044450072816,10.6,0.0
2049-08-05,22.6,8.1,0.0
2049-08-06,23.49111255581963,9.059574213610812,0.0
2049-08-07,24.1,9.485705897977157,0.0
2049-08-08,25.182410522066736,9.2,0.0
2049-08-09,25.7,9.0,0.0
2049-08-10,26.4,9.9,0.0
2049-08-11,25.9,11.2,0.0
2049-08-12,26.2,10.7,0.0
2049-08-13,27.0,10.5,0.0
2049-08-14,27.6,11.8,0.0
2049-08-15,24.6,12.9,0.0
2049-08-16,24.006770983748588,10.7,0.0
2049-08-17,24.9,10.2,0.0
2049-08-18,24.5,12.5,0.0
2049-08-19,24.4,10.8,0.0
2049-08-20,26.0,10.4,0.0
2049-08-21,27.6,12.1,0.0
2049-08-22,28.8,13.4,0.0
2049-08-23,31.2,14.0,0.0
2049-08-24,32.17821739439274,14.9,0.0
2049-08-25,31.9,17.4,0.0
2049-08-26,30.514914962325072,18.145042107262718,0.0
2049-08-27,30.2,16.0,0.0
2049-08-28,30.6,15.7,0.0
2049-08-29,28.9,16.4,0.0
2049-08-30,28.8,14.7,0.0
2049-08-31,28.7,13.6,0.0
2049-09-01,30.1,13.5,0.0
2049-09-02,32.0,14.2,0.0
2049-09-03,34.367818804995615,16.4,0.0
2049-09-04,36.18622229235868,18.7,0.0
2049-09-05,34.8,20.5,0.0
2049-09-06,33.5,18.2,0.0
2049-09-07,29.8,18.731114818934618,0.0
2049-09-08,27.9,16.3,0.0
2049-09-09,26.2,15.1,0.0
2049-09-10,27.2,13.8,0.0
2049-09-11,28.2,13.8,0.0
2049-09-12,31.0,14.2,0.0
2049-09-13,32.7,15.2,0.0
2049-09-14,34.6,17.5,0.0
2049-09-15,33.1,19.633818316648135,0.0
2049-09-16,30.2,18.9,0.0
2049-09-17,27.38911037516432,15.4,0.0
2049-09-18,27.9,13.99380793474231,0.0
2049-09-19,29.1,13.2,0.0
2049-09-20,30.0,13.6,0.0
2049-09-21,31.1,14.5,0.0
2049-09-22,32.8,15.4,0.0
2049-09-23,33.7,17.2,0.0
2049-09-24,34.7,17.7,0.0
2049-09-25,36.16017284359272,18.3,0.0
2049-09-26,39.210205078125,19.0,0.0
2049-09-27,38.36368692486593,20.0,0.0
2049-09-28,35.6,20.35082949308757,0.0
2049-09-29,34.6,19.2,0.0
2049-09-30,35.0,19.0,0.0
2049-10-01,36.0,18.4,0.0
2049-10-02,36.0,18.3,0.0
2049-10-03,34.5,19.9,0.0
2049-10-04,33.8,18.6,0.0
2049-10-05,32.7,18.9,0.0
2049-10-06,30.9,19.553870365576152,0.0
2049-10-07,31.9,19.9,0.0
2049-10-08,33.5,19.9,0.0
2049-10-09,33.6,21.3,0.0
2049-10-10,34.5,20.5,0.0
2049-10-11,34.24415500538213,20.6,0.0
2049-10-12,34.1,18.9,0.0
2049-10-13,34.9,20.8,0.0
2049-10-14,34.6,21.7,0.0
2049-10-15,36.0,23.46953298173939,0.0
2049-10-16,35.7858988159311,22.9272237552173,0.0
2049-10-17,36.9,23.89765625,0.0
2049-10-18,38.0,23.48787986541772,0.0
2049-10-19,36.0,22.85093653879808,0.0
2049-10-20,36.3,21.8,0.0
2049-10-21,36.68545748116254,22.0,0.0
2049-10-22,38.0,22.0,0.0
2049-10-23,39.07822265625,21.538618109554594,0.0
2049-10-24,38.97177734375,22.865901980480466,0.0
2049-10-25,38.0,23.0,0.0
2049-10-26,35.2,22.364466208572203,0.0
2049-10-27,34.1,18.7,5.529729729729732
2049-10-28,33.1,17.7,0.4
2049-10-29,36.0,21.52360760875292,0.0
2049-10-30,36.9,23.625238518676976,0.0
2049-10-31,38.0,23.12902749850602,0.0
2049-11-01,37.85322989819144,21.1,0.0
2049-11-02,40.128173828125,21.1,0.0
2049-11-03,39.8271484375,20.76237352257113,0.0
2049-11-04,40.226806640625,22.1,0.0
2049-11-05,36.2,25.96329345703125,0.0
2049-11-06,32.3,19.5,0.0
2049-11-07,28.9,18.5,19.874999999999993
2049-11-08,31.6,18.5,0.0
2049-11-09,31.84111652442549,19.4,0.0
2049-11-10,31.6,19.0,1.8
2049-11-11,29.7,18.1,27.9
2049-11-12,22.93115398061338,16.001604853345825,7.6
2049-11-13,20.191434927697443,15.929136830700998,0.0
2049-11-14,25.248255066868342,16.0,0.0
2049-11-15,28.5,17.2,0.0
2049-11-16,29.5,15.692399543818464,0.0
2049-11-17,29.0,15.31723864403071,0.0
2049-11-18,28.9,17.3,0.0
2049-11-19,30.920964470326506,16.5,0.0
2049-11-20,29.9,17.6,0.0
2049-11-21,30.5,16.1,0.0
2049-11-22,31.6,16.1,0.0
2049-11-23,32.9,16.6,0.0
2049-11-24,32.5,20.4,0.0
2049-11-25,31.5,18.8,0.0
2049-11-26,30.080824572105204,18.4,0.0
2049-11-27,31.0,18.438440700395066,2.3
2049-11-28,31.6,17.4,0.0
2049-11-29,32.1,21.1,0.0
2049-11-30,32.9,20.7,0.0
2049-12-01,31.7,20.183001222758158,0.0
2049-12-02,31.2,19.9,0.0
2049-12-03,33.247241344781834,19.9,0.0
2049-12-04,33.7,21.217073869969116,0.0
2049-12-05,33.85538654290701,21.431970947558426,0.0
2049-12-06,35.459765625,21.0,0.0
2049-12-07,30.662415978949873,19.9,4.738912579957355
2049-12-08,31.6,19.9,0.0
2049-12-09,31.1,19.9,26.0
2049-12-10,29.0,19.5,7.030533049040513
2049-12-11,28.3,19.9,15.633262260127943
2049-12-12,30.0,19.2,15.449253731343283
2049-12-13,31.194025834230338,19.2,0.0
2049-12-14,32.1,20.0,0.0
2049-12-15,33.1705547350239,20.518747273968614,0.0
2049-12-16,32.70170671737761,20.3,0.0
2049-12-17,31.596305297929486,19.908643327408807,0.7
2049-12-18,28.662811812608222,19.741003983096586,0.0
2049-12-19,29.8,19.7,0.0
2049-12-20,29.9,18.3,0.0
2049-12-21,31.4,17.6,0.0
2049-12-22,31.8,19.9,0.0
2049-12-23,32.11601733127628,19.9,0.0
2049-12-24,31.6,19.8,4.4
2049-12-25,30.0,19.8,13.542004264392327
2049-12-26,29.1,19.9,35.93859275053304
2049-12-27,29.5,19.8,6.907036247334752
2049-12-28,26.9,19.4,2.9
2049-12-29,29.5,19.703351582538254,1.0
2049-12-30,27.6,19.9,31.34669509594885
2049-12-31,30.0,19.6,26.0
2050-01-01,29.6,19.8,16.0
2050-01-02,28.4,19.8,0.0
2050-01-03,25.2,18.6,0.0
2050-01-04,28.8,18.0,0.0
2050-01-05,29.7,19.7,0.0
2050-01-06,30.9,17.1,0.0
2050-01-07,29.0,19.6,35.51999999999998
2050-01-08,30.6,19.0,7.5
2050-01-09,27.3,18.9,25.8
2050-01-10,26.7,19.5,32.2
2050-01-11,27.2,18.9,5.8
2050-01-12,28.0,19.623773670808674,16.4
2050-01-13,29.5,19.5,11.4
2050-01-14,28.1,19.69517830480224,47.58333333333333
2050-01-15,27.4,19.5,30.78181818181818
2050-01-16,29.0,19.3,40.17777777777778
2050-01-17,29.2,19.5,60.4
2050-01-18,28.657984598824218,18.9,5.7
2050-01-19,25.5,19.4,41.4
2050-01-20,24.6,19.3,17.9
2050-01-21,27.5,18.741236096160737,8.4
2050-01-22,29.5,18.3,1.2
2050-01-23,28.7,18.9,1.8
2050-01-24,29.0,19.3,1.4
2050-01-25,29.0,19.7,23.0
2050-01-26,23.215636471529905,18.9,70.47770114942529
2050-01-27,24.0,18.8,67.66486486486485
2050-01-28,23.9,18.6,43.8
2050-01-29,27.5,19.0,0.0
2050-01-30,27.2,17.6,0.0
2050-01-31,22.6,18.0,0.0
2050-02-01,26.7,18.4,1.3
2050-02-02,27.6,18.647260368623815,1.3
2050-02-03,28.6,17.4,2.4652777777777795
2050-02-04,30.0,19.019123850035303,29.4
2050-02-05,30.2,18.9,18.89722222222221
2050-02-06,30.7,16.2,0.0
2050-02-07,32.07934448376857,16.3,0.0
2050-02-08,31.606490963489083,16.5,0.0
2050-02-09,29.8,18.8,0.8
2050-02-10,30.0,18.6,4.0
2050-02-11,30.5,18.8,7.4
2050-02-12,29.9,19.9,9.883680555555555
2050-02-13,30.4,19.0,0.0
2050-02-14,29.642148704965482,19.532733291401993,0.0
2050-02-15,29.6,19.163790119802783,7.4
2050-02-16,28.7,19.0,9.8
2050-02-17,28.1,19.0,9.87523148148148
2050-02-18,27.9,19.0,13.5
2050-02-19,30.0,17.8,2.6
2050-02-20,30.444791999767432,17.0,0.0
2050-02-21,31.0,18.2,0.0
2050-02-22,28.4,17.6,0.0
2050-02-23,25.9,17.5,0.0
2050-02-24,26.188966456666098,17.7,0.0
2050-02-25,28.4,15.3,0.0
2050-02-26,30.5,14.1,0.0
2050-02-27,31.8,14.2,0.0
2050-02-28,30.5,17.0,0.0
2050-03-01,30.0,16.2,0.0
2050-03-02,29.4,17.5,0.0
2050-03-03,28.0,18.8,0.0
2050-03-04,29.9,17.6,0.0
2050-03-05,30.6,17.2,0.0
2050-03-06,29.7,18.2,1.2
2050-03-07,28.9,18.9,2.4
2050-03-08,27.4,18.6,0.0
2050-03-09,26.8,18.8,0.0
2050-03-10,27.0,19.0,0.0
2050-03-11,27.8,19.6,0.0
2050-03-12,29.9,18.5,0.0
2050-03-13,31.1,16.26778772625173,0.0
2050-03-14,31.4,17.4,0.0
2050-03-15,32.0,16.4,0.0
2050-03-16,32.9,18.1,0.0
2050-03-17,33.398102981029815,18.6,0.0
2050-03-18,30.6,22.11466064453125,0.0
2050-03-19,32.1,19.1675703154526,4.5
2050-03-20,28.5,18.1,3.8622988505747133
2050-03-21,30.7,19.0,4.0
2050-03-22,29.9,18.3,0.3
2050-03-23,31.9,18.8,3.5686206896551718
2050-03-24,30.0,19.3,1.3
2050-03-25,31.1,18.2,2.6813793103448282
2050-03-26,28.2,19.6,22.93356321839081
2050-03-27,30.7,19.4,50.163218390804666
2050-03-28,32.5,19.0,49.324137931034585
2050-03-29,25.3,18.8,48.708812260536476
2050-03-30,22.0,17.4,1.4
2050-03-31,24.3,17.2,0.0
2050-04-01,27.1,15.9,0.0
2050-04-02,26.3,14.8,0.0
2050-04-03,23.9,14.9,0.0
2050-04-04,26.183870967741935,18.4,0.0
2050-04-05,28.5,18.1,0.0
2050-04-06,25.9,19.0,1.4
2050-04-07,30.2,19.0,0.0
2050-04-08,29.6,18.2,0.0
2050-04-09,27.9,18.4,1.4
2050-04-10,28.2,17.811954459203026,0.0
2050-04-11,28.4,15.6,0.0
2050-04-12,28.6,14.1,0.0
2050-04-13,29.3,13.0,0.0
2050-04-14,30.702325581395346,13.9,0.0
2050-04-15,31.1,14.7,0.0
2050-04-16,30.9,17.0,0.0
2050-04-17,29.4,19.0,8.444444444444445
2050-04-18,29.0,16.2,0.0
2050-04-19,28.9,15.0,0.0
2050-04-20,28.9,14.6,0.0
2050-04-21,28.9,14.3,0.0
2050-04-22,27.9,18.4,1.4
2050-04-23,28.2,18.6,2.4
2050-04-24,29.0,18.4,0.0
2050-04-25,30.6,19.0,0.0
2050-04-26,32.108333333333334,18.6,0.0
2050-04-27,31.763829787234044,16.7,0.0
2050-04-28,31.4,15.7,0.0
2050-04-29,28.9,17.3,0.0
2050-04-30,28.5,15.8,0.0
2050-05-01,29.5,13.9,0.0
2050-05-02,26.7,15.2,0.0
2050-05-03,26.5,17.0,0.0
2050-05-04,26.1,15.0,0.0
2050-05-05,28.2,13.2,0.0
2050-05-06,29.819064381927667,13.1,0.0
2050-05-07,28.7,12.9,0.0
2050-05-08,22.6,14.9,0.0
2050-05-09,24.9,13.2,0.0
2050-05-10,26.1,13.1,0.0
2050-05-11,27.1,12.9,0.0
2050-05-12,28.6,12.771693701050431,0.0
2050-05-13,28.8,12.4,0.0
2050-05-14,28.3,13.9,0.0
2050-05-15,29.3,17.0,0.0
2050-05-16,30.1,16.9,0.0
2050-05-17,30.6,15.3,0.0
2050-05-18,30.4,16.7,0.0
2050-05-19,31.0,17.016955472537035,0.0
2050-05-20,29.9,16.72742008363674,0.0
2050-05-21,28.9,16.9,0.0
2050-05-22,27.6,17.67729032770809,0.0
2050-05-23,24.4,16.3,0.0
2050-05-24,23.7,15.9,0.0
2050-05-25,26.9,14.6,0.0
2050-05-26,27.7,15.6,0.0
2050-05-27,27.2,13.6,0.0
2050-05-28,29.4,15.2,0.0
2050-05-29,30.7,17.86528069511922,0.0
2050-05-30,30.3,17.4,0.0
2050-05-31,30.40563550550632,15.7,0.0
2050-06-01,29.3,14.792084429854338,0.0
2050-06-02,29.926549638487213,14.831591741501423,0.0
2050-06-03,30.0,15.493205010398034,0.0
2050-06-04,30.0,15.9,0.0
2050-06-05,29.802928159533852,16.003303749635144,0.0
2050-06-06,29.125691628691385,14.77999215237358,0.0
2050-06-07,29.5,15.1,0.0
2050-06-08,28.0,16.8952365591398,0.0
2050-06-09,23.5,15.488314310586652,0.0
2050-06-10,20.0,14.4,0.0
2050-06-11,22.5,13.3,0.0
2050-06-12,20.099060421745204,13.3,0.0
2050-06-13,20.665407958160138,13.2,0.0
2050-06-14,23.9,11.5,0.0
2050-06-15,24.9,10.9,0.0
2050-06-16,26.2,10.9,0.0
2050-06-17,27.4,11.401053458090699,0.0
2050-06-18,28.485638423034143,11.9,0.0
2050-06-19,28.0,12.6,0.0
2050-06-20,26.6,12.2,0.0
2050-06-21,26.1,11.7,0.0
2050-06-22,26.2,11.1,0.0
2050-06-23,26.5,10.0,0.0
2050-06-24,26.0,11.5,0.0
2050-06-25,25.5,11.8,0.0
2050-06-26,23.4,11.8,0.0
2050-06-27,23.0,9.9,0.0
2050-06-28,23.4,9.7,0.0
2050-06-29,23.9,9.4,0.0
2050-06-30,23.4,9.6,0.0
2050-07-01,24.6,9.7,0.0
2050-07-02,25.8,8.4,0.0
2050-07-03,27.3,7.9,0.0
2050-07-04,27.3,10.7,0.0
2050-07-05,27.6,12.0,0.0
2050-07-06,25.7,13.4,0.0
2050-07-07,22.3,12.4,0.0
2050-07-08,22.6,12.9,0.0
2050-07-09,21.867603483706816,10.0,0.0
2050-07-10,23.506505651237884,11.2,0.0
2050-07-11,24.145640473627548,11.1,0.0
2050-07-12,23.2,12.0,0.0
2050-07-13,21.2,10.0,0.0
2050-07-14,22.3,7.9,0.0
2050-07-15,24.1,8.6,0.0
2050-07-16,26.2,10.5,0.0
2050-07-17,27.2,12.2,0.0
2050-07-18,27.0,12.9,0.0
2050-07-19,24.2,12.774156799425898,0.0
2050-07-20,24.135816667610893,11.5,0.0
2050-07-21,26.3,11.2,0.0
2050-07-22,27.5,12.4,0.0
2050-07-23,29.0,12.888113178532985,0.0
2050-07-24,31.21138941790178,14.252401804731686,0.0
2050-07-25,30.218722222141054,13.6,0.0
2050-07-26,30.95367170408014,14.611316365151557,0.0
2050-07-27,31.42158203125,16.0,0.0
2050-07-28,31.039508397288863,16.049214923408368,0.0
2050-07-29,29.7,15.355409431990124,0.0
2050-07-30,29.20386161995038,16.0,0.0
2050-07-31,27.3,15.473136601118407,0.0
2050-08-01,21.46282331231739,12.1,0.0
2050-08-02,19.820662999230528,10.2,0.0
2050-08-03,20.510650987558517,11.2,0.0
2050-08-04,21.4,8.0,0.0
2050-08-05,24.9,7.7,0.0
2050-08-06,28.0,10.8,0.0
2050-08-07,29.2,13.8,0.0
2050-08-08,28.8,15.2,0.0
2050-08-09,28.6,15.1,0.0
2050-08-10,27.9,14.2,0.0
2050-08-11,26.9,13.2,0.0
2050-08-12,27.101356297093652,13.3,0.0
2050-08-13,27.2,13.7,0.0
2050-08-14,26.611263604831954,14.0,0.0
2050-08-15,26.7,13.5,0.0
2050-08-16,28.5,13.0,0.0
2050-08-17,29.6,14.5,0.0
2050-08-18,29.3,16.0,0.0
2050-08-19,28.0,16.0,0.0
2050-08-20,28.2,15.7,0.0
2050-08-21,29.5,15.4,0.0
2050-08-22,29.6,15.5,0.0
2050-08-23,29.209343977993058,15.1,0.0
2050-08-24,30.0,15.4,0.0
2050-08-25,30.5,15.5,0.0
2050-08-26,31.4,15.8,0.0
2050-08-27,31.9,16.4,0.0
2050-08-28,29.8,18.0,0.0
2050-08-29,30.6,15.62867304079866,0.0
2050-08-30,31.2,16.2,0.0
2050-08-31,31.2,16.17426036468017,0.0
2050-09-01,31.9,15.4,0.0
2050-09-02,31.71347793845013,15.4,0.0
2050-09-03,33.4,15.0,0.0
2050-09-04,35.4,15.9,0.0
2050-09-05,35.3,17.7,0.0
2050-09-06,34.4,18.7,0.0
2050-09-07,33.0,19.467235333945933,0.0
2050-09-08,30.2,18.3,0.0
2050-09-09,30.0,16.9,0.0
2050-09-10,31.0,16.3,0.0
2050-09-11,32.3,17.3,0.0
2050-09-12,33.6,17.4,0.0
2050-09-13,34.9,18.7,0.0
2050-09-14,35.2,19.859982696823646,0.0
2050-09-15,33.1,20.5,0.0
2050-09-16,31.7,19.3,0.0
2050-09-17,32.0,18.4,0.0
2050-09-18,32.0,17.4,0.0
2050-09-19,32.7,17.1,0.0
2050-09-20,34.4,18.1,0.0
2050-09-21,36.0,19.5,0.0
2050-09-22,34.6,20.5,0.0
2050-09-23,32.9,19.521164038474122,0.0
2050-09-24,33.1,17.96750077116498,0.0
2050-09-25,34.0,18.00425041908851,0.0
2050-09-26,35.870935523849624,17.8,0.0
2050-09-27,38.619299869577986,19.0,0.0
2050-09-28,35.0,20.6,0.0
2050-09-29,35.03962373651885,20.2,0.0
2050-09-30,36.180678711319636,20.149754444141298,0.0
2050-10-01,38.34647637159331,21.1,0.0
2050-10-02,38.680517578125,22.0,0.0
2050-10-03,38.74326171875,22.0,0.0
2050-10-04,38.891943359375,21.564070697870473,0.0
2050-10-05,38.21901756157402,22.0,0.0
2050-10-06,38.0,21.9,0.0
2050-10-07,38.0,21.745608409866467,0.0
2050-10-08,36.0,21.7,0.0
2050-10-09,35.2,20.8,0.0
2050-10-10,35.8,19.9,0.0
2050-10-11,37.0,20.3,0.0
2050-10-12,39.049169921875,20.567491926803,0.0
2050-10-13,39.4,21.7,0.0
2050-10-14,32.9,22.0,0.0
2050-10-15,32.3,19.9,0.0
2050-10-16,34.4,20.0,0.0
2050-10-17,37.2,20.2,0.0
2050-10-18,35.4,21.9,0.0
2050-10-19,33.5,20.4,0.0
2050-10-20,35.0,20.2,0.0
2050-10-21,36.5,20.7,0.0
2050-10-22,38.0,21.547102305659884,0.0
2050-10-23,38.0,22.0,0.0
2050-10-24,36.6,22.34824497615769,0.0
2050-10-25,36.3,22.57339568207129,0.0
2050-10-26,35.6,21.996257705731136,0.0
2050-10-27,35.2,21.7,0.0
2050-10-28,35.8,20.9,0.0
2050-10-29,36.4,21.411402694777465,0.0
2050-10-30,36.9,21.9,0.0
2050-10-31,38.80673828125,21.9,0.0
2050-11-01,41.007568359375,21.4,0.0
2050-11-02,40.727783203125,21.7946959613646,0.0
2050-11-03,40.058837890625,21.7,0.0
2050-11-04,40.587158203125,21.9,0.0
2050-11-05,37.18039488320355,22.3,0.0
2050-11-06,36.4,21.4,0.0
2050-11-07,37.259383655217206,21.7,0.0
2050-11-08,36.90292755075846,23.524705688601436,0.0
2050-11-09,32.1,19.6,0.0
2050-11-10,28.7,18.5,0.8
2050-11-11,28.8,19.2,5.9
2050-11-12,28.0,18.5,0.1
2050-11-13,27.63766204533049,19.0,0.2
2050-11-14,24.91228106559077,17.6,0.45
2050-11-15,27.1,17.5,0.0
2050-11-16,29.0,18.7,0.0
2050-11-17,31.0,20.0,0.0
2050-11-18,31.1,19.5,0.0
2050-11-19,31.9,19.115153758402357,0.0
2050-11-20,31.8,19.2,10.0
2050-11-21,30.1,18.9,3.2
2050-11-22,30.0,19.4,0.0
2050-11-23,28.97038042269188,18.6,62.266990291262125
2050-11-24,29.7,18.5,10.5
2050-11-25,29.0,18.5,5.65
2050-11-26,25.424368705969595,17.1,34.215384615384615
2050-11-27,24.59904042397494,16.4,0.0
2050-11-28,26.9,17.5,0.0
2050-11-29,25.77503419099546,17.5,0.0
2050-11-30,24.0,17.1,3.4
2050-12-01,24.037401526048562,16.7,0.0
2050-12-02,24.5,18.5,0.2
2050-12-03,26.207558182695518,18.4,0.5
2050-12-04,28.7,18.7,0.8
2050-12-05,27.1,18.9,16.905330490405127
2050-12-06,26.3,19.0,0.0
2050-12-07,26.5,19.0,0.0
2050-12-08,27.2,19.0,15.449253731343283
2050-12-09,27.7,19.148736564491333,0.0
2050-12-10,29.5,18.9,15.0
2050-12-11,30.6,19.0,0.0
2050-12-12,29.9,19.5,2.5
2050-12-13,30.3,19.6,0.0
2050-12-14,30.7,19.2,0.0
2050-12-15,30.2,19.4,0.0
2050-12-16,30.2,19.9,1.3
2050-12-17,30.1,19.685750560540743,7.161087420042648
2050-12-18,28.7,19.9,1.3
2050-12-19,28.9,18.9,6.907036247334752
2050-12-20,30.1,18.741272449153023,1.0
2050-12-21,31.59416601639004,19.6,0.0
2050-12-22,31.6,19.6,0.0
2050-12-23,32.0,20.0,7.0
2050-12-24,31.5,19.9,52.56974135533512
2050-12-25,27.88910871905274,19.8,0.9
2050-12-26,29.5,19.177116164187602,18.8
2050-12-27,27.4,19.8,43.2
2050-12-28,27.1,19.5,51.150636777502456
2050-12-29,27.008355118150597,19.0,1.4
2050-12-30,28.2,19.4,7.177825159914716
2050-12-31,27.7,19.8,41.94698247890976
2051-01-01,27.0,19.564137189704013,0.0
2051-01-02,28.7,19.8,0.8
2051-01-03,27.0,19.8,0.0
2051-01-04,29.7,19.982249996917965,16.0
2051-01-05,27.1,19.8,27.249999999999996
2051-01-06,25.0606355002657,19.0,10.7
2051-01-07,25.9,18.4,0.0
2051-01-08,27.3,19.5,19.5
2051-01-09,29.0,19.3,0.0
2051-01-10,29.0,19.0,3.8
2051-01-11,28.5522043835742,19.0,0.0
2051-01-12,30.2,18.8,10.0
2051-01-13,24.0,19.7,53.36666666666667
2051-01-14,25.9,19.416463330732785,1.7
2051-01-15,26.4,19.6,11.7
2051-01-16,27.4,19.0,0.0
2051-01-17,26.8,17.9,0.0
2051-01-18,26.1,18.5,0.0
2051-01-19,27.8,18.7,0.0
2051-01-20,28.8,17.3,0.0
2051-01-21,28.5,18.7,0.0
2051-01-22,29.4,17.2,0.0
2051-01-23,26.7,18.0,0.0
2051-01-24,28.2,16.9,0.0
2051-01-25,30.7,19.178964482928272,10.6
2051-01-26,27.7,19.8,26.0
2051-01-27,28.1,19.7,0.0
2051-01-28,29.8,19.0,0.0
2051-01-29,31.9,19.724347750325308,0.6
2051-01-30,30.7,19.9,0.0
2051-01-31,30.8,19.6,0.0
2051-02-01,28.5,19.57186337462479,0.0
2051-02-02,27.7,19.0,0.0
2051-02-03,28.5,19.1,1.8333333333333333
2051-02-04,30.2,17.9,0.0
2051-02-05,30.8,19.7,0.0
2051-02-06,31.941884286091216,19.0,0.0
2051-02-07,31.0,19.0,0.0
2051-02-08,33.18735719061601,20.125578382490687,0.0
2051-02-09,36.320849609375,19.0,0.0
2051-02-10,36.905078125,20.833294677734376,0.0
2051-02-11,36.678271484375,21.142132568359376,0.0
2051-02-12,34.21293975739745,21.013226318359376,0.0
2051-02-13,34.232146377605254,19.928199436492402,0.0
2051-02-14,32.9,21.94166259765625,0.0
2051-02-15,33.427246494174554,19.7,0.0
2051-02-16,33.23597359096356,19.0,0.0
2051-02-17,31.756802566080065,20.17589015538479,0.8
2051-02-18,29.7,20.146739902686726,0.0
2051-02-19,29.0,20.115336712477294,0.0
2051-02-20,29.1,19.5,4.2
2051-02-21,28.0,19.7,48.2690972222222
2051-02-22,24.4,18.7,0.0
2051-02-23,25.5,19.0,0.0
2051-02-24,27.2,19.599128206805826,0.0
2051-02-25,26.6,16.6,0.0
2051-02-26,30.111129320619792,16.5,0.0
2051-02-27,30.8,16.0,0.0
2051-02-28,29.8500879984922,16.5,0.0
2051-03-01,31.6,17.7,0.0
2051-03-02,31.7,18.6,0.5348275862068966
2051-03-03,32.0,19.4,21.08887931034482
2051-03-04,26.5,19.6,1.7
2051-03-05,31.6,19.2,0.0
2051-03-06,30.0,18.8,0.3
2051-03-07,27.9,18.9,0.0
2051-03-08,27.1,18.8,0.0
2051-03-09,28.9,19.2,0.0
2051-03-10,29.6,20.3,0.6
2051-03-11,30.4,18.9,0.0
2051-03-12,32.11794019933555,19.0,0.0
2051-03-13,32.6,17.6,3.4
2051-03-14,31.0,19.56580619115989,10.59241379310345
2051-03-15,31.5,19.9,17.443310344827587
2051-03-16,32.4,19.2,10.542068965517242
2051-03-17,31.0,20.3,28.0
2051-03-18,27.5,19.871499958118136,6.7234482758620695
2051-03-19,26.7,19.0,0.0
2051-03-20,27.0,18.1,0.0
2051-03-21,27.4,19.16955144680429,0.0
2051-03-22,28.3,17.6,0.0
2051-03-23,28.0,17.6,0.0
2051-03-24,29.8,15.9,0.0
2051-03-25,30.9,15.320775693428464,0.0
2051-03-26,30.7,16.2,0.0
2051-03-27,31.1,16.5,0.0
2051-03-28,30.9,16.5,0.0
2051-03-29,30.1,16.1,0.0
2051-03-30,29.5,16.2262754801747,0.0
2051-03-31,27.1,17.5,0.6
2051-04-01,29.0,18.6,16.863636363636363
2051-04-02,30.0,18.6,10.213793103448277
2051-04-03,29.4,19.1670510708402,0.5
2051-04-04,27.4,19.0,0.0
2051-04-05,23.9,18.1,0.0
2051-04-06,24.2,17.5,0.0
2051-04-07,27.6,18.6,0.0
2051-04-08,29.5,18.9,0.0
2051-04-09,30.2,16.7,0.0
2051-04-10,28.9,16.2,0.0
2051-04-11,27.9,16.0,0.0
2051-04-12,26.5,18.3,0.0
2051-04-13,28.9,18.4,0.0
2051-04-14,29.0,17.3,0.0
2051-04-15,29.4,17.8,1.3666666666666667
2051-04-16,28.9,18.1,0.0
2051-04-17,29.0,19.008360128617365,0.0
2051-04-18,28.5,17.329554655870442,0.0
2051-04-19,28.6,15.9,0.0
2051-04-20,28.337096774193544,14.6,0.0
2051-04-21,27.6,14.1,0.0
2051-04-22,25.9,14.3,0.0
2051-04-23,26.1,15.6,0.0
2051-04-24,26.0,17.5,0.0
2051-04-25,25.2,16.4,0.0
2051-04-26,27.2,14.9,0.0
2051-04-27,28.6,14.1,0.0
2051-04-28,29.0,14.061290322580643,0.0
2051-04-29,28.9,15.1,0.0
2051-04-30,28.0,14.5,0.0
2051-05-01,27.5,12.2,0.0
2051-05-02,28.1,13.0,0.0
2051-05-03,29.4,12.5,0.0
2051-05-04,30.4,14.0,0.0
2051-05-05,30.1,16.5,0.0
2051-05-06,30.6,17.886325507423443,0.0
2051-05-07,31.465929654088956,16.7538746984,0.0
2051-05-08,32.537691447886296,17.77574487652449,0.0
2051-05-09,32.37270726534441,19.29505755867825,0.0
2051-05-10,31.4,18.09857619370355,0.0
2051-05-11,30.4,17.2,0.0
2051-05-12,29.2,16.2,0.0
2051-05-13,28.9,15.0,0.0
2051-05-14,30.0,14.4,0.0
2051-05-15,31.0,14.6,0.0
2051-05-16,31.609776697087987,14.9,0.0
2051-05-17,31.7,15.3,0.0
2051-05-18,31.490091059843476,16.40019872484886,0.0
2051-05-19,31.154467168998913,16.499305215774516,0.0
2051-05-20,30.7,15.2,0.0
2051-05-21,30.7,14.9,0.0
2051-05-22,29.0,17.2,0.0
2051-05-23,26.3,13.1,0.0
2051-05-24,25.5,9.9,0.0
2051-05-25,27.5,6.7,0.0
2051-05-26,25.7994571067534,10.4,0.0
2051-05-27,25.564908503767487,7.5,0.0
2051-05-28,27.0,7.0,0.0
2051-05-29,27.6,8.5,0.0
2051-05-30,24.7,12.2,0.0
2051-05-31,24.5,11.81004151929878,0.0
2051-06-01,25.0,8.9,0.0
2051-06-02,25.3,7.6,0.0
2051-06-03,21.4,9.345050055617358,0.0
2051-06-04,21.1,9.4,0.0
2051-06-05,23.0,11.235962180200227,0.0
2051-06-06,25.222580645161294,9.0,0.0
2051-06-07,25.7,10.0795919076752,0.0
2051-06-08,25.2,11.5,0.0
2051-06-09,23.9,10.2,0.0
2051-06-10,23.69885428253615,9.7,0.0
2051-06-11,23.5,10.9,0.0
2051-06-12,23.2,11.0,0.0
2051-06-13,23.1,10.19281193663458,0.0
2051-06-14,24.0,10.2,0.0
2051-06-15,23.9,9.0,0.0
2051-06-16,23.5,9.0,0.0
2051-06-17,24.3,8.0,0.0
2051-06-18,25.3,8.4,0.0
2051-06-19,24.5,10.6,0.0
2051-06-20,23.0,9.958498142946025,0.0
2051-06-21,23.0,8.2,0.0
2051-06-22,22.9,9.3,0.0
2051-06-23,24.0,11.9,0.0
2051-06-24,23.5,12.4,0.0
2051-06-25,23.9,11.52690290799301,0.0
2051-06-26,24.6,11.0,0.0
2051-06-27,24.5,9.8,0.0
2051-06-28,24.0,9.9,0.0
2051-06-29,23.9,9.69049833147942,0.0
2051-06-30,25.0,7.7,0.0
2051-07-01,27.3,7.8,0.0
2051-07-02,23.4,12.4,0.0
2051-07-03,18.936481592376108,13.659728628328253,0.0
2051-07-04,21.03503353481825,9.9,0.0
2051-07-05,21.3,7.7,0.0
2051-07-06,24.4,6.0,0.0
2051-07-07,26.007039827771788,7.0,0.0
2051-07-08,27.0,8.7,0.0
2051-07-09,26.7,11.0,0.0
2051-07-10,27.6,9.928632938643695,0.0
2051-07-11,28.2,10.5,0.0
2051-07-12,28.2,11.2,0.0
2051-07-13,28.0,11.7,0.0
2051-07-14,27.5,15.3,0.0
2051-07-15,28.1,16.0,0.0
2051-07-16,29.0,15.207442629600164,0.0
2051-07-17,26.3,14.412006516742784,0.0
2051-07-18,25.3,12.2,0.0
2051-07-19,24.6,12.0,0.0
2051-07-20,24.6,10.7,0.0
2051-07-21,25.8,11.562263765311817,0.0
2051-07-22,26.7,12.2,0.0
2051-07-23,27.06190103402158,12.6,0.0
2051-07-24,27.3,12.2,0.0
2051-07-25,27.0,12.2,0.0
2051-07-26,26.34298528884104,11.9,0.0
2051-07-27,26.9,10.2,0.0
2051-07-28,26.7,10.1,0.0
2051-07-29,26.7,10.2,0.0
2051-07-30,28.1,11.6,0.0
2051-07-31,29.0,13.0,0.0
2051-08-01,25.7,13.1,0.0
2051-08-02,23.4,11.9,0.0
2051-08-03,22.9,10.4,0.0
2051-08-04,23.7,9.4,0.0
2051-08-05,25.9,10.8,0.0
2051-08-06,28.0,12.6,0.0
2051-08-07,28.6,13.9,0.0
2051-08-08,28.1,13.9,0.0
2051-08-09,27.9,13.651780783451112,0.0
2051-08-10,27.1,13.0,0.0
2051-08-11,27.3,11.5,0.0
2051-08-12,26.206821143278,13.0,0.0
2051-08-13,26.0,12.543057050592028,0.0
2051-08-14,27.1,12.2,0.0
2051-08-15,28.0,12.2,0.0
2051-08-16,25.5,13.9,0.0
2051-08-17,25.3,12.4,0.0
2051-08-18,26.6,11.8,0.0
2051-08-19,28.6,9.4,0.0
2051-08-20,29.2,10.2,0.0
2051-08-21,30.9,12.3,0.0
2051-08-22,32.1,14.8,0.0
2051-08-23,30.0,17.4,0.0
2051-08-24,27.6,14.7,0.0
2051-08-25,27.9,13.8,0.0
2051-08-26,30.0,14.630208196592186,0.0
2051-08-27,30.9,15.927929506596234,0.0
2051-08-28,30.0,17.5,0.0
2051-08-29,29.6,16.0,0.0
2051-08-30,32.1,15.7,0.0
2051-08-31,34.34695991985226,18.549424898102348,0.0
2051-09-01,34.9,20.5,0.0
2051-09-02,35.6060391273367,20.4,0.0
2051-09-03,36.0,20.5,0.0
2051-09-04,36.81471116922198,20.22316336853477,0.0
2051-09-05,34.4,21.2,0.0
2051-09-06,31.3156378276748,19.6,0.0
2051-09-07,31.4,18.1,0.0
2051-09-08,33.0,16.0,0.0
2051-09-09,31.7,18.3,0.0
2051-09-10,29.6,16.3,0.0
2051-09-11,30.0,15.2,0.0
2051-09-12,31.3,15.2,0.0
2051-09-13,32.7,16.0,0.0
2051-09-14,30.7,18.6376128000943,0.0
2051-09-15,28.984586577678904,16.3,0.0
2051-09-16,30.0,15.2,0.0
2051-09-17,31.5,15.2,0.0
2051-09-18,33.0,16.0,0.0
2051-09-19,33.0,17.2,0.0
2051-09-20,33.1,18.1,0.0
2051-09-21,34.6,18.7,0.0
2051-09-22,36.535279181763585,19.2,0.0
2051-09-23,34.4,20.5,0.0
2051-09-24,31.6,19.4,0.0
2051-09-25,32.1,17.8,0.0
2051-09-26,33.0,18.3,0.0
2051-09-27,33.1,18.8,0.0
2051-09-28,33.1,18.36778703063464,0.0
2051-09-29,32.7,17.8,0.0
2051-09-30,32.43986609860013,18.001621519998753,0.0
2051-10-01,33.1,17.4,0.0
2051-10-02,34.3,17.5,0.0
2051-10-03,34.1,18.2,0.0
2051-10-04,34.0,18.9,0.0
2051-10-05,34.2,18.7,0.0
2051-10-06,34.2,19.0,0.0
2051-10-07,33.0,19.7,0.0
2051-10-08,32.6,18.3,0.0
2051-10-09,33.8,17.3,0.0
2051-10-10,35.3,16.6,0.0
2051-10-11,38.444189453125,17.4,0.0
2051-10-12,39.51083984375,19.0,0.0
2051-10-13,38.10698081397703,22.6,0.0
2051-10-14,37.32041696180077,21.9,0.0
2051-10-15,38.18318394594584,22.0,0.0
2051-10-16,36.0,23.0,0.0
2051-10-17,35.4,21.83895782366179,0.0
2051-10-18,36.6,20.8,0.0
2051-10-19,35.8,22.528949505255504,0.0
2051-10-20,38.177287275019665,22.0,0.0
2051-10-21,35.8,21.0,0.0
2051-10-22,38.0,20.7,0.0
2051-10-23,32.7,19.01292875221831,4.998918918918919
2051-10-24,28.6,17.9,0.0
2051-10-25,30.7,18.5,0.0
2051-10-26,32.3,19.0,0.0
2051-10-27,33.8,18.5,0.0
2051-10-28,35.0,20.3,0.0
2051-10-29,35.7,23.997021484375,0.0
2051-10-30,36.683383566559016,23.156535931809444,0.0
2051-10-31,35.5,23.295063188291785,0.0
2051-11-01,34.0,23.173198201682162,0.0
2051-11-02,34.4,22.3,0.0
2051-11-03,32.9,19.8,0.0
2051-11-04,33.48758216199818,22.3,0.0
2051-11-05,33.6,20.7,0.0
2051-11-06,32.9,22.1,0.0
2051-11-07,33.5,23.0,0.0
2051-11-08,32.9,23.0,0.0
2051-11-09,34.833839401136395,21.3,0.0
2051-11-10,35.89166847953241,20.0,0.0
2051-11-11,34.59811502269789,20.99285197018994,0.0
2051-11-12,35.2,19.7,0.0
2051-11-13,36.2,19.7,0.0
2051-11-14,35.583908045977005,20.0,0.0
2051-11-15,33.9,20.5,0.0
2051-11-16,33.4,20.7,0.0
2051-11-17,34.4,19.7,0.0
2051-11-18,37.2,19.5,0.0
2051-11-19,37.334143082171835,20.4,0.0
2051-11-20,33.9,19.4,0.0
2051-11-21,32.2,19.147237929871753,0.0
2051-11-22,33.5,19.8,0.0
2051-11-23,32.53586093776512,21.0,0.0
2051-11-24,31.3,20.1,1.6
2051-11-25,31.6,18.3,13.5
2051-11-26,30.4,18.5,1.4
2051-11-27,31.4,19.0,5.4
2051-11-28,31.0,18.438038433508495,5.9
2051-11-29,29.9,18.6,8.885714285714286
2051-11-30,30.2,18.7,5.4
2051-12-01,29.8,19.5,5.6
2051-12-02,31.5,19.923988626089127,0.0
2051-12-03,31.0,20.3,0.0
2051-12-04,31.530142498334097,20.0,0.0
2051-12-05,32.0,19.4,0.0
2051-12-06,28.5,18.2,0.0
2051-12-07,31.2,18.2,0.0
2051-12-08,30.2,19.94233666507979,0.0
2051-12-09,30.7,19.9,0.0
2051-12-10,32.1,19.6,0.0
2051-12-11,33.185385635967656,19.5,0.0
2051-12-12,33.41197676544059,21.096823158194496,0.0
2051-12-13,32.4,20.0,1.6
2051-12-14,30.70801640914367,20.0,0.0
2051-12-15,31.2,19.9,1.2
2051-12-16,29.0,19.6,39.863539445628966
2051-12-17,31.2,19.4,0.0
2051-12-18,31.6,19.5,0.0
2051-12-19,28.7,19.9,0.0
2051-12-20,31.8,18.5,0.0
2051-12-21,32.76760636344141,20.198775623323968,0.0
2051-12-22,32.0,19.6,2.4
2051-12-23,30.8,19.6,4.486993603411512
2051-12-24,29.9,19.7,15.549680170575694
2051-12-25,28.3,19.6,32.7
2051-12-26,25.7,19.6,18.665671641791057
2051-12-27,25.7,19.5,0.82046908315565
2051-12-28,29.5,18.6,0.2
2051-12-29,30.2,17.8,0.2
2051-12-30,30.6,18.9,0.9732409381663112
2051-12-31,30.3,19.4,0.0
2052-01-01,30.8,19.8,0.0
2052-01-02,29.8,19.5,4.9
2052-01-03,29.7,19.3,7.45
2052-01-04,29.5,19.084136720881194,0.0
2052-01-05,28.0,19.2,20.1
2052-01-06,29.2,19.4,7.0
2052-01-07,25.9,19.7,5.5
2052-01-08,25.0,19.7,9.9
2052-01-09,25.1,19.4,35.43999999999999
2052-01-10,27.2,19.6,60.4
2052-01-11,25.9,19.5,46.98571428571429
2052-01-12,22.7065692757189,18.8,41.4
2052-01-13,26.0,18.7,2.6
2052-01-14,26.2,19.2,41.4
2052-01-15,28.4,19.6,40.266666666666666
2052-01-16,26.8,19.6,31.333333333333332
2052-01-17,27.2,18.6,0.0
2052-01-18,30.0,18.4,14.0
2052-01-19,29.9,19.5,41.4
2052-01-20,29.4,19.69745442550087,0.0
2052-01-21,29.7,18.2,0.0
2052-01-22,29.5,18.9,0.0
2052-01-23,29.9,19.0,0.0
2052-01-24,29.7,18.1,0.0
2052-01-25,29.8,17.4,0.0
2052-01-26,30.647087668939125,18.3,0.0
2052-01-27,30.4,17.9,0.0
2052-01-28,29.7,19.606265191106306,0.0
2052-01-29,28.0,19.7,0.0
2052-01-30,29.5,17.3,0.0
2052-01-31,30.2,19.7,0.0
2052-02-01,31.95989518601752,21.349163818359376,0.0
2052-02-02,32.9,19.60442970195215,0.0
2052-02-03,33.202153486373945,17.9,0.0
2052-02-04,32.70849837543063,19.91028522864096,0.0
2052-02-05,31.9,18.7,0.0
2052-02-06,32.1,17.4,0.0
2052-02-07,34.095409220010275,17.3,0.0
2052-02-08,37.07060546875,19.0,0.0
2052-02-09,36.685107421875,20.95615844726563,0.0
2052-02-10,35.24109161152438,19.93550425911144,7.668750000000002
2052-02-11,32.75021954337447,20.154107927915216,3.8208333333333337
2052-02-12,32.8,19.586404618454676,0.0
2052-02-13,32.7,18.6,0.0
2052-02-14,30.7,20.099101413196763,15.2
2052-02-15,28.2,19.998290948765522,9.449999999999998
2052-02-16,24.9,19.7,82.70592475386783
2052-02-17,29.457485707359442,19.953940240007093,0.0
2052-02-18,26.0,18.2,4.8
2052-02-19,26.5,19.7,12.174999999999995
2052-02-20,28.0,19.7,0.2
2052-02-21,28.728338498212153,19.7,13.63333333333333
2052-02-22,28.4,19.709444952678492,49.961666666666666
2052-02-23,28.2,18.6,0.0
2052-02-24,28.9,18.6,0.0
2052-02-25,31.0,19.0,3.0
2052-02-26,30.5,19.0,12.759259259259258
2052-02-27,28.9,18.9,12.4
2052-02-28,28.6,18.1,15.0
2052-03-01,31.6,18.382742281925363,0.0
2052-03-02,31.8,17.4,0.0
2052-03-03,27.533823529411766,19.2,7.3
2052-03-04,29.9,19.3,5.682988505747126
2052-03-05,29.6,19.2,19.591527093596092
2052-03-06,27.5,19.0,9.872873563218391
2052-03-07,27.9,19.0,27.14741379310345
2052-03-08,29.7,18.8,19.259811912225707
2052-03-09,29.0,18.6,23.86804597701151
2052-03-10,28.6,19.2,11.842068965517255
2052-03-11,26.2,19.1,0.0
2052-03-12,24.4,19.0,5.4
2052-03-13,29.4,19.0,28.735172413793116
2052-03-14,28.5,19.142310890718548,0.0
2052-03-15,24.0,18.6,0.0
2052-03-16,23.6,18.6,1.6
2052-03-17,26.4,18.5,0.0
2052-03-18,27.1,17.9,0.0
2052-03-19,26.6,16.2,0.0
2052-03-20,28.1,18.7,0.0
2052-03-21,27.8,19.111850996186305,0.0
2052-03-22,27.3,19.029941210565536,0.0
2052-03-23,29.76233766233766,17.6,0.0
2052-03-24,30.0,20.209068777733865,0.0
2052-03-25,28.1,17.0,0.0
2052-03-26,28.1,15.4,0.0
2052-03-27,29.6,16.6,0.0
2052-03-28,29.8,15.6,0.0
2052-03-29,29.9,16.4,0.0
2052-03-30,28.9,16.6,0.0
2052-03-31,28.7,16.0,0.0
2052-04-01,27.932727272727266,15.2,0.0
2052-04-02,28.5,14.5,0.0
2052-04-03,27.5,18.653702196908057,0.0
2052-04-04,29.0,18.9,0.0
2052-04-05,29.5,16.0,0.0
2052-04-06,28.9,16.4,0.0
2052-04-07,29.7,17.1,0.0
2052-04-08,31.4,15.9,0.0
2052-04-09,32.0,15.6,0.0
2052-04-10,29.9,16.8,0.0
2052-04-11,28.1,15.7,0.0
2052-04-12,28.1,13.0,0.0
2052-04-13,28.5,11.0,0.0
2052-04-14,27.6,14.0,0.0
2052-04-15,26.3,14.0,0.0
2052-04-16,27.6,18.4,0.0
2052-04-17,29.0,16.0,0.0
2052-04-18,29.1,15.2,0.0
2052-04-19,30.2,19.428282828282825,0.0
2052-04-20,29.9,17.6,0.0
2052-04-21,28.1,16.0,0.0
2052-04-22,26.0,16.0,0.0
2052-04-23,26.7,16.8,0.0
2052-04-24,27.9,15.6,0.0
2052-04-25,29.3,14.0,0.0
2052-04-26,30.8,13.8,0.0
2052-04-27,32.2,15.6,0.0
2052-04-28,33.2624633431085,16.6,0.0
2052-04-29,33.834146341463416,16.2,0.0
2052-04-30,30.5,17.5,0.0
2052-05-01,27.6,14.4,0.0
2052-05-02,28.7,12.467087339000026,0.0
2052-05-03,30.5,13.2,0.0
2052-05-04,31.646278230881617,15.8,0.0
2052-05-05,31.6,17.87611128889922,0.0
2052-05-06,30.0,16.5,0.0
2052-05-07,28.7,14.1,0.0
2052-05-08,29.1,12.5,0.0
2052-05-09,29.9,13.0,0.0
2052-05-10,28.6,14.512508187104514,0.0
2052-05-11,27.9,14.0,0.0
2052-05-12,27.8,13.8,0.0
2052-05-13,29.0,13.0,0.0
2052-05-14,30.3,13.2,0.0
2052-05-15,30.7,14.9,0.0
2052-05-16,31.4,17.654473830920413,0.0
2052-05-17,31.6,16.9,0.0
2052-05-18,32.58405132962403,15.9,0.0
2052-05-19,31.0,15.547362755651216,0.0
2052-05-20,28.4,15.3,0.0
2052-05-21,28.7,13.2,0.0
2052-05-22,29.6,13.6,0.0
2052-05-23,29.1,14.1,0.0
2052-05-24,29.8,13.0,0.0
2052-05-25,29.5,13.2,0.0
2052-05-26,28.7,12.4,0.0
2052-05-27,29.264381823773643,12.5,0.0
2052-05-28,29.9,13.2,0.0
2052-05-29,30.603830634249604,13.9,0.0
2052-05-30,31.6,14.6,0.0
2052-05-31,32.6060769531145,15.7,0.0
2052-06-01,30.729011632358038,14.7,0.0
2052-06-02,30.543621834585213,14.4,0.0
2052-06-03,29.54711871742209,14.2,0.0
2052-06-04,28.610832898231607,13.5,0.0
2052-06-05,28.5,13.2,0.0
2052-06-06,29.2,12.7,0.0
2052-06-07,29.336175896715847,14.2,0.0
2052-06-08,29.10612329111201,13.954317296996685,0.0
2052-06-09,28.0,13.2,0.0
2052-06-10,27.0,12.9,0.0
2052-06-11,27.1,11.5,0.0
2052-06-12,27.4,11.8,0.0
2052-06-13,26.8,11.9,0.0
2052-06-14,25.0,12.5,0.0
2052-06-15,24.2,11.2,0.0
2052-06-16,24.8,10.07677975528365,0.0
2052-06-17,24.8,10.2,0.0
2052-06-18,24.8,10.2,0.0
2052-06-19,25.2,10.2,0.0
2052-06-20,25.4,10.9,0.0
2052-06-21,25.3,11.6,0.0
2052-06-22,24.013509960562242,11.5,0.0
2052-06-23,25.2,11.6,0.0
2052-06-24,25.2,10.9,0.0
2052-06-25,25.69543937708566,10.0,0.0
2052-06-26,25.7,9.5,0.0
2052-06-27,23.7,11.5,0.0
2052-06-28,23.5,9.2,0.0
2052-06-29,23.9,9.2,0.0
2052-06-30,24.6,9.9,0.0
2052-07-01,26.6,11.9,0.0
2052-07-02,27.1,12.222913990069102,0.0
2052-07-03,26.4,12.4,0.0
2052-07-04,27.038805166846068,12.2,0.0
2052-07-05,27.6,13.0,0.0
2052-07-06,27.2,13.4,0.0
2052-07-07,27.7,13.0,0.0
2052-07-08,28.0,13.3,0.0
2052-07-09,28.0,12.6,0.0
2052-07-10,28.3,13.0,0.0
2052-07-11,29.0,13.306781485468242,0.0
2052-07-12,28.2,13.736814379611651,0.0
2052-07-13,27.840222143898174,13.5,0.0
2052-07-14,27.04941041197768,12.2,0.0
2052-07-15,27.7,11.705681658632466,0.0
2052-07-16,27.0,12.9,0.0
2052-07-17,26.0,12.4,0.0
2052-07-18,24.2,12.4,0.0
2052-07-19,24.1,12.2,0.0
2052-07-20,25.7,12.7,0.0
2052-07-21,26.9,12.2,0.0
2052-07-22,28.2,13.0,0.0
2052-07-23,29.243741079176587,14.4,0.0
2052-07-24,30.90650401622783,15.504459730280825,0.0
2052-07-25,31.133019755325172,16.0,0.0
2052-07-26,30.202766868271407,16.0,0.0
2052-07-27,29.7,15.356002246454795,0.0
2052-07-28,29.304829341585922,15.223679817787552,0.0
2052-07-29,29.0,14.268102054370978,0.0
2052-07-30,29.2,13.0,0.0
2052-07-31,29.7,12.2,0.0
2052-08-01,27.5,14.0,0.0
2052-08-02,26.9,12.9,0.0
2052-08-03,27.8,11.9,0.0
2052-08-04,27.0,13.0,0.0
2052-08-05,25.9,13.0,0.0
2052-08-06,25.2,10.2,0.0
2052-08-07,26.0,10.6,0.0
2052-08-08,25.2,11.9,0.0
2052-08-09,24.2,11.9,0.0
2052-08-10,24.5,11.2,0.0
2052-08-11,25.2,11.208493003229279,0.0
2052-08-12,26.4,11.8,0.0
2052-08-13,27.0,12.6,0.0
2052-08-14,27.9,13.6,0.0
2052-08-15,28.440974934645542,14.6,0.0
2052-08-16,28.1,16.7,0.0
2052-08-17,28.1,16.441558734678278,0.0
2052-08-18,28.8,14.7,0.0
2052-08-19,28.5,16.2,0.0
2052-08-20,26.6,14.5,0.0
2052-08-21,26.3,12.0,0.0
2052-08-22,27.1,10.8,0.0
2052-08-23,28.6,8.3,0.0
2052-08-24,28.9,11.9,0.0
2052-08-25,28.4,14.0,0.0
2052-08-26,30.0,13.0,0.0
2052-08-27,31.4,14.373602952483457,0.0
2052-08-28,32.9,16.778586293505555,0.0
2052-08-29,32.9,18.29868422718926,0.0
2052-08-30,31.1,18.0,0.0
2052-08-31,31.5,18.0,0.0
2052-09-01,33.5,18.1,0.0
2052-09-02,34.6,19.0,0.0
2052-09-03,33.0,20.0,0.0
2052-09-04,31.3,18.1,0.0
2052-09-05,30.0,17.4,0.0
2052-09-06,29.1,15.2,0.0
2052-09-07,29.9,14.9,0.0
2052-09-08,30.9,15.4,0.0
2052-09-09,32.0,16.463997579009348,0.0
2052-09-10,33.5,17.5,0.0
2052-09-11,36.1739510644276,18.6,0.0
2052-09-12,39.75390625,20.0,0.0
2052-09-13,39.177978515625,25.426513671875,0.0
2052-09-14,34.7,23.542724609375,0.0
2052-09-15,33.7,23.530029296875,0.0
2052-09-16,37.22049881894149,24.41357421875,0.0
2052-09-17,35.6,25.2568359375,0.0
2052-09-18,35.6,21.570764881763232,0.0
2052-09-19,35.0,23.081787109375,0.0
2052-09-20,35.93427087179318,21.58809059815117,0.0
2052-09-21,34.9,21.2,0.0
2052-09-22,35.03777935079382,20.52480675626848,0.0
2052-09-23,36.0,20.5,0.0
2052-09-24,38.68565046373724,20.1,0.0
2052-09-25,39.401123046875,20.5,0.0
2052-09-26,36.03767584898253,20.5,0.0
2052-09-27,36.14273478284856,19.48796418017775,0.0
2052-09-28,39.00341796875,19.9,0.0
2052-09-29,36.221532575603035,20.5,0.0
2052-09-30,33.0,20.5,0.0
2052-10-01,30.6,18.2,0.0
2052-10-02,31.7,17.6,0.0
2052-10-03,34.9,18.5,0.0
2052-10-04,36.7,20.0,0.0
2052-10-05,35.7,21.0,0.0
2052-10-06,33.6,21.0,0.0
2052-10-07,33.543379978471464,19.4,0.0
2052-10-08,35.5,19.5,0.0
2052-10-09,36.388472690023946,20.7,0.0
2052-10-10,36.0,20.7,0.0
2052-10-11,34.4,20.3,0.0
2052-10-12,32.1,19.9,0.0
2052-10-13,32.6,18.8,0.0
2052-10-14,33.8,18.5,0.0
2052-10-15,35.5,19.6,0.0
2052-10-16,36.97710800143523,20.1,0.0
2052-10-17,36.9,21.0,0.0
2052-10-18,34.9,20.9,0.0
2052-10-19,33.4,20.0,0.0
2052-10-20,34.9,20.0,0.0
2052-10-21,35.2,20.7,0.0
2052-10-22,33.0,21.0,0.0
2052-10-23,34.2,20.5,0.0
2052-10-24,36.681655304389416,20.7,0.0
2052-10-25,37.464032861676394,22.0,0.0
2052-10-26,33.9,20.7,0.0
2052-10-27,30.6,18.4,5.367567567567568
2052-10-28,32.5,17.8,1.235135135135136
2052-10-29,34.2,23.22602800654808,0.0
2052-10-30,33.8,21.2,0.0
2052-10-31,33.6,20.8,0.0
2052-11-01,33.86566002025467,21.81954404761286,0.0
2052-11-02,33.7,21.7,0.0
2052-11-03,34.4,22.3,0.0
2052-11-04,33.9,19.5,3.4
2052-11-05,31.0,19.2769064392535,0.8
2052-11-06,31.5,19.5,8.8
2052-11-07,30.6,19.0,7.15
2052-11-08,32.9,19.0,0.0
2052-11-09,34.0,20.4,0.0
2052-11-10,35.48507432500758,19.9,0.0
2052-11-11,36.5,22.3,0.0
2052-11-12,36.5,21.7,0.0
2052-11-13,37.2,19.9,0.0
2052-11-14,37.80687654766269,19.8,0.0
2052-11-15,37.43579087875416,20.93472025410765,0.0
2052-11-16,38.35214170486109,23.796022636900915,0.0
2052-11-17,32.2,21.9,0.0
2052-11-18,31.1,19.9,15.533333333333331
2052-11-19,31.1,19.0,8.100000000000001
2052-11-20,31.0,18.7,1.2
2052-11-21,31.1,18.0,1.0
2052-11-22,31.0,19.2,2.6
2052-11-23,29.0,18.4,16.553846153846155
2052-11-24,28.6,18.5,8.52
2052-11-25,25.2,17.5,0.0
2052-11-26,28.7,17.0,0.0
2052-11-27,30.0,17.2,15.91111111111111
2052-11-28,29.0,19.0,22.3
2052-11-29,29.6,18.9,34.184615384615384
2052-11-30,29.0,19.0,28.392857142857142
2052-12-01,28.6,19.8,12.63901918976546
2052-12-02,30.7,19.9,0.0
2052-12-03,30.7,19.6,3.4
2052-12-04,29.6,19.4,12.39714285714286
2052-12-05,30.0,19.2,18.8
2052-12-06,30.7,19.0,3.978891257995737
2052-12-07,31.6,19.2,0.0
2052-12-08,31.2,19.9,0.0
2052-12-09,32.0,19.768285224212878,0.0
2052-12-10,32.1,20.0,0.0
2052-12-11,30.5,19.8,11.74072494669509
2052-12-12,26.6,19.2,0.0
2052-12-13,27.3,19.4,0.0
2052-12-14,30.5,17.8,0.0
2052-12-15,31.2,19.8,0.0
2052-12-16,31.64094540981084,19.798205339715437,0.0
2052-12-17,31.4,18.6,0.0
2052-12-18,29.5,18.1,2.1541577825159917
2052-12-19,30.0,19.6,0.0
2052-12-20,31.740665028579276,17.4,0.0
2052-12-21,24.8,19.6,2.4
2052-12-22,24.6,19.2,47.45970149253726
2052-12-23,29.5,19.5,6.502345415778253
2052-12-24,30.68522903958856,19.5,0.0
2052-12-25,30.6,19.5,0.0
2052-12-26,30.6,19.753224263989544,0.4
2052-12-27,29.0,19.8,3.9
2052-12-28,31.2,19.77144748988255,21.199147121535187
2052-12-29,29.9,19.6,1.3
2052-12-30,29.6,19.4,41.11044776119401
2052-12-31,30.0,19.6,1.3
2053-01-01,29.7,19.7,55.10833333333336
2053-01-02,27.2,19.7,31.300000000000004
2053-01-03,27.0,19.76430499306271,7.2
2053-01-04,28.529581109864193,19.667431178637965,9.8
2053-01-05,29.7,19.4,0.9
2053-01-06,28.9,19.24986891140459,0.0
2053-01-07,26.0,19.6,1.5499999999999994
2053-01-08,27.4,19.4,12.1
2053-01-09,27.1,17.2,0.0
2053-01-10,25.2,17.0,0.0
2053-01-11,28.6,17.2,0.0
2053-01-12,29.467219987536104,17.2,0.8
2053-01-13,31.1,18.5,0.0
2053-01-14,27.825737918531527,17.2,10.650000000000002
2053-01-15,28.7,17.1,0.0
2053-01-16,28.0,18.0,0.0
2053-01-17,29.2,17.4,0.0
2053-01-18,29.0,16.4,0.0
2053-01-19,29.0,19.287699884004137,0.0
2053-01-20,30.8,16.5,0.0
2053-01-21,31.7,15.4,0.0
2053-01-22,29.9,18.7,0.0
2053-01-23,24.9,17.4,0.5
2053-01-24,28.5,16.8,27.4
2053-01-25,30.1,18.3,0.0
2053-01-26,31.8,17.0,0.0
2053-01-27,31.7,19.9,0.0
2053-01-28,29.5,19.2,3.9
2053-01-29,27.7,18.6,2.6
2053-01-30,29.8,19.0,1.9
2053-01-31,26.4,18.9,21.099999999999994
2053-02-01,29.5,19.0,1.9375
2053-02-02,28.6,19.1,0.0
2053-02-03,27.4,18.9,6.4
2053-02-04,24.6,18.9,125.0
2053-02-05,27.0,18.7,14.372993827160496
2053-02-06,26.9,18.6,0.3
2053-02-07,28.6,18.7,6.0
2053-02-08,29.8,19.2,0.0
2053-02-09,30.9,19.7,0.0
2053-02-10,30.9,19.008615189168726,0.0
2053-02-11,30.6,20.126463465084445,0.0
2053-02-12,28.5,19.7,0.0
2053-02-13,28.5,19.0,0.0
2053-02-14,25.793263529518264,19.0,0.0
2053-02-15,26.3,16.12276033178468,0.0
2053-02-16,27.7,14.5,0.0
2053-02-17,26.7,18.5,0.0
2053-02-18,27.6,18.3,0.0
2053-02-19,29.7,18.2,0.0
2053-02-20,29.4,19.0,0.0
2053-02-21,28.6,18.9,0.0
2053-02-22,30.6,19.18363850647812,1.8333333333333333
2053-02-23,26.5,19.0,59.57307692307687
2053-02-24,28.6,19.550404941889703,0.0
2053-02-25,26.6,17.9,0.0
2053-02-26,30.3,17.6,13.0
2053-02-27,23.53207463970277,18.8,34.433333333333316
2053-02-28,23.7,18.8,61.829513888888904
2053-03-01,24.4,19.025966713587806,5.9
2053-03-02,27.2,19.0,24.635862068965537
2053-03-03,30.0,18.7,1.4
2053-03-04,32.19601328903655,19.0,31.8550052246604
2053-03-05,29.5,19.0,0.0
2053-03-06,29.0,18.2,0.0
2053-03-07,29.9,17.9,0.0
2053-03-08,31.1,20.3,0.0
2053-03-09,29.9,18.5,0.0
2053-03-10,27.5,16.8,0.0
2053-03-11,28.1,15.0,0.0
2053-03-12,30.0,13.6,0.0
2053-03-13,30.1,14.7,0.0
2053-03-14,26.5,17.9,0.0
2053-03-15,26.3,17.3,0.0
2053-03-16,26.7,16.3,0.0
2053-03-17,28.5,15.0,0.0
2053-03-18,27.3,15.0,0.0
2053-03-19,29.6,14.6,0.0
2053-03-20,31.5,14.0,0.0
2053-03-21,31.8,18.5,0.0
2053-03-22,32.21301775147929,20.3,0.0
2053-03-23,29.1,17.7,0.0
2053-03-24,30.517857142857142,16.9,0.0
2053-03-25,31.74620689655172,15.2,0.0
2053-03-26,32.9,16.0,0.0
2053-03-27,33.2,16.5,0.0
2053-03-28,31.9,19.0,0.0
2053-03-29,30.7,16.563649913057876,0.0
2053-03-30,30.7,15.1,0.0
2053-03-31,31.2,14.177560442189089,0.0
2053-04-01,30.343137254901958,15.5,0.0
2053-04-02,30.374509803921573,15.7,0.0
2053-04-03,29.0,19.054983922829578,0.0
2053-04-04,31.8,18.1,0.0
2053-04-05,32.0,16.7,0.0
2053-04-06,31.9,17.8,0.0
2053-04-07,32.7,16.230363036303633,0.0
2053-04-08,31.3,18.2,0.0
2053-04-09,29.6,16.5,0.0
2053-04-10,28.5,15.684981684981688,0.0
2053-04-11,29.4,15.7,0.0
2053-04-12,29.3,15.1,0.0
2053-04-13,29.9,14.3,0.0
2053-04-14,31.1,14.5,0.0
2053-04-15,31.1,15.0,0.0
2053-04-16,31.1,18.4,0.0
2053-04-17,30.7,17.2,0.0
2053-04-18,30.2,16.3,0.0
2053-04-19,30.4,16.4,0.0
2053-04-20,29.0,15.9,0.0
2053-04-21,30.2,14.1,0.0
2053-04-22,28.6,17.7,0.0
2053-04-23,30.0,18.0,0.0
2053-04-24,29.7,16.9,0.0
2053-04-25,30.4,18.7,0.0
2053-04-26,30.0,16.5,0.0
2053-04-27,30.0,16.0,0.0
2053-04-28,31.1,16.0,0.0
2053-04-29,32.7,16.5,0.0
2053-04-30,35.208108108108156,17.827893738140407,0.0
2053-05-01,35.226513671875,17.9,0.0
2053-05-02,34.230908203125,18.043009475208954,0.0
2053-05-03,30.7,17.9,0.0
2053-05-04,30.0,15.528851485794414,0.0
2053-05-05,31.0,15.7,0.0
2053-05-06,31.985604610988847,16.9,0.0
2053-05-07,32.501095077214934,17.0,0.0
2053-05-08,32.59241233117565,17.9,0.0
2053-05-09,33.15008158504534,17.841418167360032,0.0
2053-05-10,33.8,17.9,0.0
2053-05-11,29.1,18.317942051765275,0.0
2053-05-12,28.0,15.2,0.0
2053-05-13,27.9,13.136387756030249,0.0
2053-05-14,29.0,12.6,0.0
2053-05-15,28.9,14.1,0.0
2053-05-16,29.1,14.0,0.0
2053-05-17,31.0,14.5,0.0
2053-05-18,33.8,16.2,0.0
2053-05-19,33.8,18.25593890567051,0.0
2053-05-20,25.5,15.2,0.0
2053-05-21,28.6,14.0,0.0
2053-05-22,29.3,15.2,0.0
2053-05-23,30.0,16.7,0.0
2053-05-24,30.1,14.9,0.0
2053-05-25,30.4,15.2,0.0
2053-05-26,31.0,15.7,0.0
2053-05-27,32.160278272175965,16.0,0.0
2053-05-28,32.47530081318144,16.9,0.0
2053-05-29,30.4,17.0,0.0
2053-05-30,28.0,16.248331539289545,0.0
2053-05-31,26.7,14.0,0.0
2053-06-01,26.1,13.17794812271284,0.0
2053-06-02,27.1,13.2,0.0
2053-06-03,28.63350642127617,14.0,0.0
2053-06-04,30.0,14.4,0.0
2053-06-05,30.4,15.9,0.0
2053-06-06,29.3,15.914125895804084,0.0
2053-06-07,28.0,14.5,0.0
2053-06-08,26.4,13.7,0.0
2053-06-09,26.3,12.3,0.0
2053-06-10,26.9,11.9,0.0
2053-06-11,28.424168948404212,12.6,0.0
2053-06-12,29.6,12.9,0.0
2053-06-13,30.5,12.6,0.0
2053-06-14,29.9,12.9,0.0
2053-06-15,28.2,13.4,0.0
2053-06-16,28.2,13.5,0.0
2053-06-17,27.4,14.770964142106859,0.0
2053-06-18,27.68704168653001,14.4,0.0
2053-06-19,28.5,13.2,0.0
2053-06-20,29.904145376225916,14.2,0.0
2053-06-21,29.822239502060604,14.2,0.0
2053-06-22,27.9,14.0,0.0
2053-06-23,26.7,12.6,0.0
2053-06-24,27.6,12.5,0.0
2053-06-25,28.5,13.0,0.0
2053-06-26,27.9,13.89244994438268,0.0
2053-06-27,27.1,14.0,0.0
2053-06-28,27.2,13.5,0.0
2053-06-29,26.5,13.4,0.0
2053-06-30,27.0,12.3,0.0
2053-07-01,29.0,14.265612990403769,0.0
2053-07-02,29.2,14.356551035093869,0.0
2053-07-03,29.046901430109166,14.578729817007533,0.0
2053-07-04,29.2,14.204918122895812,0.0
2053-07-05,31.819287109375,15.278586293505557,0.0
2053-07-06,31.376904296875,15.496415413023858,0.0
2053-07-07,30.694762083857487,16.0,0.0
2053-07-08,30.2,16.0,0.0
2053-07-09,29.7,16.0,0.0
2053-07-10,29.5,16.0,0.0
2053-07-11,29.0,16.0,0.0
2053-07-12,23.8,15.360863325065113,0.0
2053-07-13,25.0,12.4,0.0
2053-07-14,25.7,9.9,0.0
2053-07-15,26.0,10.5,0.0
2053-07-16,26.6,10.6,0.0
2053-07-17,27.2,10.428345891639745,0.0
2053-07-18,27.973544816284555,10.6,0.0
2053-07-19,27.6,12.075082468141252,0.0
2053-07-20,27.1,12.2,0.0
2053-07-21,28.0,12.2,0.0
2053-07-22,28.5,13.293772674719929,0.0
2053-07-23,28.2,13.634927125741424,0.0
2053-07-24,28.2,13.9,0.0
2053-07-25,28.6,13.524607104413345,0.0
2053-07-26,28.580355220667375,13.6,0.0
2053-07-27,26.0,15.069828000824495,0.0
2053-07-28,22.7,14.2,0.0
2053-07-29,25.9,11.7,0.0
2053-07-30,25.0,11.7,0.0
2053-07-31,23.7,11.7,0.0
2053-08-01,22.6,8.594891115343213,0.0
2053-08-02,23.7,8.6,0.0
2053-08-03,25.0,8.0,0.0
2053-08-04,24.6,11.0,0.0
2053-08-05,25.1,11.0,0.0
2053-08-06,25.6,10.9,0.0
2053-08-07,25.2,11.5,0.0
2053-08-08,25.7,10.724689819273694,0.0
2053-08-09,26.0,9.9,0.0
2053-08-10,24.0,11.9,0.0
2053-08-11,23.77824973089343,10.5,0.0
2053-08-12,25.5,10.6,0.0
2053-08-13,26.9,11.2,0.0
2053-08-14,27.4,11.8,0.0
2053-08-15,27.0,13.0,0.0
2053-08-16,26.1,13.6,0.0
2053-08-17,26.0,12.0,0.0
2053-08-18,27.168202368137784,12.0,0.0
2053-08-19,26.0,14.202182343660137,0.0
2053-08-20,24.2,13.2,0.0
2053-08-21,24.6,12.0,0.0
2053-08-22,24.5,15.7,0.0
2053-08-23,26.6,16.9,0.0
2053-08-24,27.7,14.0,0.0
2053-08-25,30.1,14.4,0.0
2053-08-26,31.9,14.653784557221236,0.0
2053-08-27,33.3062261509755,14.359793941257871,0.0
2053-08-28,33.2,14.0,0.0
2053-08-29,28.6,18.182001519660616,0.0
2053-08-30,27.0,14.7,0.0
2053-08-31,27.229890657753096,13.6,0.0
2053-09-01,29.9,11.8,0.0
2053-09-02,32.1,12.9,0.0
2053-09-03,33.5,14.7,0.0
2053-09-04,32.8,18.188867259918435,0.0
2053-09-05,33.0,16.9,0.0
2053-09-06,33.0,16.4,0.0
2053-09-07,32.4,16.609347085987803,0.0
2053-09-08,32.7,15.7,0.0
2053-09-09,31.9,17.3,0.0
2053-09-10,28.0,17.3,0.0
2053-09-11,26.8,14.1,0.0
2053-09-12,28.0,13.9,0.0
2053-09-13,29.2,13.9,0.0
2053-09-14,29.492088659530626,14.5,0.0
2053-09-15,29.7,13.6,0.0
2053-09-16,31.1,12.3,0.0
2053-09-17,31.5,14.4,0.0
2053-09-18,31.2,16.3,0.0
2053-09-19,31.6,15.4,0.0
2053-09-20,31.5,16.0,0.0
2053-09-21,31.9,16.1,0.0
2053-09-22,32.0,16.9,0.0
2053-09-23,31.5,17.156171640806175,0.0
2053-09-24,31.7,15.6,0.0
2053-09-25,31.3,15.9,0.0
2053-09-26,30.27461120322371,16.4,0.0
2053-09-27,30.5,15.5,0.0
2053-09-28,32.0,14.6,0.0
2053-09-29,33.1,16.0,0.0
2053-09-30,33.1,16.9,0.0
2053-10-01,32.8,16.7,0.0
2053-10-02,34.4,17.7,0.0
2053-10-03,35.788643702906334,19.9,0.0
2053-10-04,36.0,21.0,0.0
2053-10-05,34.9,21.407724816662853,0.0
2053-10-06,34.3,20.134712262979207,0.0
2053-10-07,35.6,19.0,0.0
2053-10-08,35.7,19.6,0.0
2053-10-09,35.65110871905274,20.5,0.0
2053-10-10,36.9,20.5,0.0
2053-10-11,38.0,20.2,0.0
2053-10-12,39.200537109375,20.7,0.0
2053-10-13,36.2,22.424484768505945,0.0
2053-10-14,35.5,20.8,0.0
2053-10-15,36.0,20.9,0.0
2053-10-16,38.414404296875,20.2,0.0
2053-10-17,39.40390625,20.5,0.0
2053-10-18,35.6,22.294337997847133,0.0
2053-10-19,36.0,21.0,0.0
2053-10-20,36.9,20.7,0.0
2053-10-21,36.7,21.0,0.0
2053-10-22,35.4,21.809966331925416,0.0
2053-10-23,34.2,21.0,0.0
2053-10-24,34.0,20.4,0.0
2053-10-25,35.45664155005381,20.0,0.0
2053-10-26,38.41025390625,20.2,0.0
2053-10-27,39.83994140625,21.7,0.0
2053-10-28,39.439794921875,23.0,0.0
2053-10-29,33.462325080731965,21.9,0.0
2053-10-30,32.5,19.4,0.0
2053-10-31,35.8,19.9,0.0
2053-11-01,39.931884765625,20.3,0.0
2053-11-02,39.9892578125,21.4,0.0
2053-11-03,37.3428796854386,22.0,0.0
2053-11-04,35.2,23.327958292316275,0.0
2053-11-05,34.0,20.80379625608966,0.0
2053-11-06,35.1,21.3,0.0
2053-11-07,37.2,21.0,0.0
2053-11-08,37.784398347543274,21.3,0.0
2053-11-09,36.71907073925984,23.2,0.0
2053-11-10,37.2,21.96691656570085,0.0
2053-11-11,36.0,21.4,0.0
2053-11-12,36.2,20.5,0.0
2053-11-13,39.885986328125,20.5,0.0
2053-11-14,37.27408529984845,23.70451388355822,0.0
2053-11-15,34.480789354426726,22.3,0.0
2053-11-16,33.2,21.91834545612433,0.0
2053-11-17,31.040440102529377,20.5,0.0
2053-11-18,30.0,19.5,5.65
2053-11-19,28.0,18.0,5.4
2053-11-20,28.3,18.7,8.3
2053-11-21,26.964988876529475,19.0,10.27
2053-11-22,28.0,19.2,0.0
2053-11-23,30.9,18.4,0.0
2053-11-24,31.3,17.8,0.0
2053-11-25,32.0,19.6,0.0
2053-11-26,31.8,18.7,0.0
2053-11-27,31.8,17.8,0.0
2053-11-28,31.0,16.9,0.9
2053-11-29,31.7,17.6,0.0
2053-11-30,31.9,18.0,0.0
2053-12-01,33.15423170075349,19.696240969065666,0.0
2053-12-02,33.008939399563346,20.0,0.0
2053-12-03,32.72254978182526,19.414059441466215,0.0
2053-12-04,32.9,19.722780757203587,0.0
2053-12-05,32.87110909841,19.9,0.0
2053-12-06,28.0,19.9,4.5
2053-12-07,28.6,19.5,1.0
2053-12-08,30.8,19.8,15.549680170575694
2053-12-09,29.7,19.731704778118836,0.2
2053-12-10,30.7,19.4,0.0
2053-12-11,31.575982123304776,19.75775327160119,0.0
2053-12-12,31.6,19.9,0.0
2053-12-13,30.7,19.9,0.0
2053-12-14,30.8,19.6,0.0
2053-12-15,30.7,19.8,3.372494669509595
2053-12-16,24.486661250685458,19.6,9.121108742004262
2053-12-17,30.6,19.6,0.0
2053-12-18,31.6,19.663507739457835,1.0
2053-12-19,30.3,19.5,0.9732409381663112
2053-12-20,31.3,19.9,4.738912579957355
2053-12-21,30.7,19.8,4.47444029850746
2053-12-22,30.1,19.9,0.0
2053-12-23,31.4,19.6,2.0
2053-12-24,28.7,19.7,0.5
2053-12-25,29.0,19.6,0.10127931769722813
2053-12-26,23.9,19.4,8.41684434968017
2053-12-27,26.5,19.2,4.335501066098078
2053-12-28,29.9,18.1,0.0
2053-12-29,24.0,19.0,0.0
2053-12-30,25.20103014999547,17.6,0.0
2053-12-31,30.2,17.4,0.0
2054-01-01,30.4,18.0,39.75000000000001
2054-01-02,30.2,18.9,0.8
2054-01-03,28.5,19.3,1.2
2054-01-04,28.9,19.3,10.4
2054-01-05,26.9,19.0,5.7
2054-01-06,31.1,19.2,40.0
2054-01-07,24.5,19.0,0.0
2054-01-08,25.2,19.152988893578666,0.0
2054-01-09,26.0,18.2,0.0
2054-01-10,29.3,16.4,2.8
2054-01-11,27.9,19.2,1.8
2054-01-12,30.7,19.2,0.0
2054-01-13,32.08287652491494,17.9,0.0
2054-01-14,32.052380653496705,19.2,0.0
2054-01-15,32.066284312757915,21.682293701171876,0.0
2054-01-16,31.7,20.482328435826773,0.9
2054-01-17,30.7,19.65503881313434,2.8
2054-01-18,28.7,19.5,9.4
2054-01-19,29.3,19.6,30.29999999999999
2054-01-20,25.1,19.2,6.2
2054-01-21,26.6,18.9,43.65555555555556
2054-01-22,27.0,18.9,17.9
2054-01-23,26.9,19.0,21.0
2054-01-24,27.2,19.6,1.5
2054-01-25,29.3,19.3,0.8
2054-01-26,26.8,19.5,16.4
2054-01-27,25.6,18.9,27.049999999999997
2054-01-28,23.2,18.5,0.0
2054-01-29,26.9,18.7,0.0
2054-01-30,29.9,17.2,0.0
2054-01-31,30.9,18.0,0.0
2054-02-01,32.089158188215094,16.9,0.0
2054-02-02,30.9,18.3,0.0
2054-02-03,30.6,18.4,0.0
2054-02-04,29.2,19.007739467429843,0.0
2054-02-05,30.4,18.5,0.0
2054-02-06,31.934292915047898,18.801470906923786,0.0
2054-02-07,31.9,17.0,0.0
2054-02-08,31.2,19.7,0.0
2054-02-09,30.29937022704051,18.6,0.0
2054-02-10,29.8,19.0,21.0
2054-02-11,29.4,19.2,0.0
2054-02-12,30.0,19.2,0.0
2054-02-13,30.488784557690632,18.6,0.0
2054-02-14,32.9,16.5,0.0
2054-02-15,35.83720703125,19.0,0.0
2054-02-16,36.56474609375,19.0,0.5
2054-02-17,32.850300442864224,17.5,0.0
2054-02-18,34.109341135219594,18.8,0.0
2054-02-19,34.115990458387685,18.8,0.0
2054-02-20,30.2,19.9968747076455,19.052083333333332
2054-02-21,29.091646801748112,19.95016359702038,0.2
2054-02-22,29.6,19.939429980110777,29.4
2054-02-23,27.916183511444206,19.1,0.0
2054-02-24,28.6,19.0,0.0
2054-02-25,29.173185416093645,19.6241967052834,26.10833333333336
2054-02-26,29.5,19.916919200203147,0.0
2054-02-27,29.6,19.7,29.38472222222222
2054-02-28,26.0,19.38324642431466,9.9
2054-03-01,27.9,19.0,6.4
2054-03-02,28.43448275862069,19.2,5.682988505747126
2054-03-03,23.1,17.5,90.1
2054-03-04,21.02365145228216,17.4,82.54827586206922
2054-03-05,31.7,17.843984433220168,7.3
2054-03-06,32.7,18.9,4.6
2054-03-07,31.6,19.0,51.92955665024632
2054-03-08,32.0,19.0,4.4
2054-03-09,31.8,18.8,1.6
2054-03-10,32.28254437869822,18.8,0.5
2054-03-11,32.68252427184466,19.0,0.0
2054-03-12,32.639805825242725,18.9,1.0
2054-03-13,26.856,18.9,4.793891625615763
2054-03-14,24.9,19.366257667583746,0.0
2054-03-15,26.5,19.114327410375918,0.0
2054-03-16,27.0,19.125780826002885,0.0
2054-03-17,28.3,17.5,0.0
2054-03-18,29.2,16.0,0.0
2054-03-19,30.1,14.9,0.0
2054-03-20,30.417857142857144,18.1,0.0
2054-03-21,31.2,19.0,1.4
2054-03-22,29.9,18.0,0.3
2054-03-23,30.035483870967738,17.8,0.0
2054-03-24,26.2,19.107331540290264,5.4
2054-03-25,28.9,18.3,0.0
2054-03-26,29.0,18.4,0.0
2054-03-27,27.6,19.0,1.5
2054-03-28,28.20487804878049,18.7,7.0
2054-03-29,27.3,19.9,0.10068965517241381
2054-03-30,28.2,19.53013259229905,5.515172413793105
2054-03-31,31.1,18.558745194525596,5.682988505747126
2054-04-01,30.0,18.1,0.0
2054-04-02,29.4,16.989937106918234,0.0
2054-04-03,30.1,17.0,0.0
2054-04-04,28.6,18.4,0.0
2054-04-05,27.9,15.2,0.0
2054-04-06,28.9,12.6,0.0
2054-04-07,29.0,11.0,0.0
2054-04-08,28.2,13.9,0.0
2054-04-09,25.9,14.3,0.0
2054-04-10,26.8,12.8,0.0
2054-04-11,27.6,11.5,0.0
2054-04-12,28.9,11.5,0.0
2054-04-13,29.4,11.5,0.0
2054-04-14,29.4,13.7,0.0
2054-04-15,23.6,17.3,26.325423728813558
2054-04-16,26.9,18.1,0.4
2054-04-17,27.4,18.2,0.0
2054-04-18,23.73434065934066,16.4,0.3
2054-04-19,25.7,14.4,0.0
2054-04-20,27.5,13.388679245283019,0.0
2054-04-21,28.0,10.720512820512822,0.0
2054-04-22,27.0,18.4,0.0
2054-04-23,27.2,16.4,0.0
2054-04-24,27.6,16.0,0.0
2054-04-25,28.6,16.9,0.0
2054-04-26,27.9,15.5,0.0
2054-04-27,26.9,13.6,0.0
2054-04-28,27.3,13.0,0.0
2054-04-29,27.0,12.570370370370371,0.0
2054-04-30,27.3,15.2,0.0
2054-05-01,27.0,13.9,0.0
2054-05-02,26.905812701829912,16.7,0.0
2054-05-03,26.4,16.2,0.0
2054-05-04,28.9,15.821010715014376,3.7333333333333343
2054-05-05,24.0,16.7462709767914,2.2285714285714286
2054-05-06,28.1,16.2,0.0
2054-05-07,28.0,15.0,0.0
2054-05-08,28.0,14.7,0.0
2054-05-09,26.2,15.0,0.0
2054-05-10,23.9,16.5,0.0
2054-05-11,24.3,17.77147470398276,0.0
2054-05-12,25.7,16.2,0.0
2054-05-13,27.0,16.2,0.0
2054-05-14,27.6,15.811109000471358,0.0
2054-05-15,28.5,16.756726094003227,0.0
2054-05-16,29.28527987082884,15.3,0.0
2054-05-17,30.1,16.7,0.0
2054-05-18,30.1,16.5,2.222448979591837
2054-05-19,26.5,15.651122874795389,0.0
2054-05-20,28.6,15.8,0.0
2054-05-21,28.6,16.2,0.0
2054-05-22,28.8,14.9,0.0
2054-05-23,29.6,14.777798708288465,0.0
2054-05-24,31.070615354029616,14.753363832077483,0.0
2054-05-25,31.993163667399333,16.677082559669763,0.0
2054-05-26,33.8,17.9,0.0
2054-05-27,32.54486693429254,17.92342369579967,0.0
2054-05-28,31.074509832016602,17.5,0.0
2054-05-29,30.3,15.577227604353533,0.0
2054-05-30,29.6,14.5,0.0
2054-05-31,28.4,15.3,0.0
2054-06-01,26.5,13.18577324241106,0.0
2054-06-02,25.8,13.4,0.0
2054-06-03,26.9,13.0,0.0
2054-06-04,26.6,13.4,0.0
2054-06-05,26.6,13.5,0.0
2054-06-06,26.2,13.0,0.0
2054-06-07,25.4,12.9,0.0
2054-06-08,26.0,12.1,0.0
2054-06-09,28.6,11.3,0.0
2054-06-10,29.0,12.226322176155323,0.0
2054-06-11,28.6,12.7,0.0
2054-06-12,30.0,13.5,0.0
2054-06-13,29.7814785026461,13.0,0.0
2054-06-14,27.521106313983523,14.44522564935477,0.0
2054-06-15,25.5,13.7,0.0
2054-06-16,25.6,12.5,0.0
2054-06-17,27.5174154584818,11.6,0.0
2054-06-18,29.2,12.3,0.0
2054-06-19,27.5,12.9,0.0
2054-06-20,24.1,13.2,0.0
2054-06-21,25.5,11.6,0.0
2054-06-22,24.9,12.3,0.0
2054-06-23,23.4,11.023124459275744,0.0
2054-06-24,24.0,9.505457452725253,0.0
2054-06-25,25.1,10.0,0.0
2054-06-26,25.9,10.8,0.0
2054-06-27,27.1,11.7,0.0
2054-06-28,28.425739336442206,11.0,0.0
2054-06-29,28.0,10.7,0.0
2054-06-30,26.9,11.6,0.0
2054-07-01,29.4,13.6,0.0
2054-07-02,30.983204625753416,13.0,0.0
2054-07-03,28.763060414424103,14.3,0.0
2054-07-04,28.0,14.6,0.0
2054-07-05,27.7,13.8,0.0
2054-07-06,28.1,13.0,0.0
2054-07-07,28.2,12.6,0.0
2054-07-08,28.2,12.4,0.0
2054-07-09,28.77530947255113,12.876013785492667,0.0
2054-07-10,28.0,14.3,0.0
2054-07-11,27.6,14.0,0.0
2054-07-12,24.7,14.0,0.0
2054-07-13,21.9,11.9,0.0
2054-07-14,22.694925635622127,10.0,0.0
2054-07-15,24.7,9.4,0.0
2054-07-16,27.6,10.0,0.0
2054-07-17,29.5,12.0,0.0
2054-07-18,31.299296182826865,14.5601695371367,0.0
2054-07-19,31.985791015625,16.0,0.0
2054-07-20,31.389599609375,16.0,0.0
2054-07-21,31.9044921875,15.516365179798182,0.0
2054-07-22,32.05048828125,16.0,0.0
2054-07-23,31.896435546875,14.26637885623983,0.0
2054-07-24,30.811743706398385,16.0,0.0
2054-07-25,29.1,16.0,0.0
2054-07-26,27.7,15.412212624817306,0.0
2054-07-27,29.0,14.53261033369213,0.0
2054-07-28,29.2,14.2,0.0
2054-07-29,29.0,14.2,0.0
2054-07-30,28.6,14.33566955497802,0.0
2054-07-31,26.7,14.569730893433796,0.0
2054-08-01,25.4,12.40715054590189,0.0
2054-08-02,26.3,13.062405812701835,0.0
2054-08-03,27.0,13.4,0.0
2054-08-04,27.5,13.5,0.0
2054-08-05,28.2,13.3,0.0
2054-08-06,29.0,13.8,0.0
2054-08-07,30.9,14.5,0.0
2054-08-08,31.4,16.458708635716512,0.0
2054-08-09,29.6,16.4220702107712,0.0
2054-08-10,29.6,14.933882963107925,0.0
2054-08-11,29.2,14.6,0.0
2054-08-12,28.8,16.69371636167923,0.0
2054-08-13,28.0,16.26826032955203,0.0
2054-08-14,28.1,15.0,0.0
2054-08-15,28.4,14.6,0.0
2054-08-16,28.0,14.5,0.0
2054-08-17,28.6,13.6,0.0
2054-08-18,30.7,15.0,0.0
2054-08-19,30.2,15.6,0.0
2054-08-20,29.2,15.0,0.0
2054-08-21,29.1,14.617241198246207,0.0
2054-08-22,29.0,16.2,0.0
2054-08-23,28.9,15.4,0.0
2054-08-24,28.8,14.0,0.0
2054-08-25,30.4,13.817029960531038,0.0
2054-08-26,31.4,14.6,0.0
2054-08-27,30.8,17.0,0.0
2054-08-28,29.6,16.48068014192879,0.0
2054-08-29,29.538120168313917,15.6,0.0
2054-08-30,29.4,16.19183546987637,0.0
2054-08-31,30.0,16.3,0.0
2054-09-01,29.399900272333245,18.0,0.0
2054-09-02,28.1,17.0,0.0
2054-09-03,28.4,15.5,0.0
2054-09-04,30.4,15.4,0.0
2054-09-05,32.0,17.2,0.0
2054-09-06,32.7,18.713832241585298,0.0
2054-09-07,32.6,18.8,0.0
2054-09-08,32.1,18.62185246300157,0.0
2054-09-09,32.0,18.1,0.0
2054-09-10,33.1,17.6,0.0
2054-09-11,35.6,18.9,0.0
2054-09-12,31.0,18.691383361940055,0.0
2054-09-13,30.5,15.6,0.0
2054-09-14,31.7,17.2,0.0
2054-09-15,33.1,18.9,0.0
2054-09-16,34.6,20.467605219700804,0.0
2054-09-17,35.3,20.4,0.0
2054-09-18,34.4,20.5,0.0
2054-09-19,33.7,20.4,0.0
2054-09-20,39.228271484375,20.4,0.0
2054-09-21,38.75961506050486,24.65234375,0.0
2054-09-22,39.0205078125,20.4,0.0
2054-09-23,33.1,19.2,1.7662337662337662
2054-09-24,33.1,19.0,0.0
2054-09-25,33.8,19.3,0.0
2054-09-26,35.1,19.0,0.0
2054-09-27,36.67208442562347,20.078330382741395,0.0
2054-09-28,38.195091152822,20.5,0.0
2054-09-29,40.04345703125,20.6,0.0
2054-09-30,39.67236328125,21.313464329402635,0.0
2054-10-01,37.0,21.8,0.0
2054-10-02,36.61530195612633,21.0,0.0
2054-10-03,36.5,20.6,0.0
2054-10-04,36.0,20.0,0.0
2054-10-05,35.5,20.6,0.0
2054-10-06,38.0,20.9,0.0
2054-10-07,39.23935546875,21.6,0.0
2054-10-08,38.596533203125,24.962353515625,0.0
2054-10-09,38.553564453125,26.528759765625,0.0
2054-10-10,36.9,26.190625,0.0
2054-10-11,34.0,20.5,0.0
2054-10-12,32.0,20.2,0.0
2054-10-13,34.1,21.4,0.0
2054-10-14,35.5,22.0,0.0
2054-10-15,36.6,22.02318230746647,0.0
2054-10-16,36.0,21.9,0.0
2054-10-17,33.9,19.4,0.0
2054-10-18,33.8,19.0,2.510810810810811
2054-10-19,33.57375672766415,18.9,0.0
2054-10-20,34.8,20.6,0.0
2054-10-21,36.0,20.7,0.0
2054-10-22,36.6,21.9,0.0
2054-10-23,35.0,22.0,0.0
2054-10-24,34.9,21.4,0.0
2054-10-25,37.2,21.58691276430781,0.0
2054-10-26,39.465673828125,22.0,0.0
2054-10-27,38.91806640625,23.239650782479075,0.0
2054-10-28,38.0,23.0,0.0
2054-10-29,38.0,22.6,0.0
2054-10-30,38.04347820400299,22.742338031485456,0.0
2054-10-31,38.0,22.1,0.0
2054-11-01,29.7,21.0,0.0
2054-11-02,29.9,20.0,0.0
2054-11-03,32.8,21.9,0.0
2054-11-04,33.4,23.318297718089326,0.0
2054-11-05,33.4,21.2,0.0
2054-11-06,33.7,20.2,0.0
2054-11-07,33.4,19.9,0.0
2054-11-08,32.5,19.6,0.0
2054-11-09,31.8,19.5,2.5
2054-11-10,32.1,19.5,0.0
2054-11-11,33.64254221862675,22.3,0.0
2054-11-12,39.44089884901898,21.3,0.0
2054-11-13,34.6,22.3,0.0
2054-11-14,32.0,20.1,0.0
2054-11-15,32.8,19.274314052651107,0.0
2054-11-16,34.09488921624627,19.4,0.0
2054-11-17,35.84695294895106,19.5,0.0
2054-11-18,37.88751867803462,19.9,0.0
2054-11-19,39.50732421875,21.7,0.0
2054-11-20,36.524048087618716,20.6,0.0
2054-11-21,32.9,19.6,0.0
2054-11-22,32.3,19.5,0.0
2054-11-23,31.595441475853665,19.5,0.0
2054-11-24,30.5,19.5,1.5
2054-11-25,29.8,18.5,90.5
2054-11-26,30.0,18.5,13.966666666666667
2054-11-27,31.0,18.4,0.0
2054-11-28,30.7,18.7,0.0
2054-11-29,30.6,19.8,0.0
2054-11-30,29.0,18.4,6.320000000000005
2054-12-01,27.7,19.5,2.0
2054-12-02,27.6,19.6,0.0
2054-12-03,29.7,19.8,15.449253731343283
2054-12-04,31.0,19.2,12.356972281449897
2054-12-05,31.2,19.2,0.0
2054-12-06,31.2,20.0,0.0
2054-12-07,27.0,19.7,0.0
2054-12-08,29.0,19.8,0.0
2054-12-09,30.8,19.4,0.0
2054-12-10,31.6,17.8,0.0
2054-12-11,31.7,19.0,0.0
2054-12-12,31.602548362294318,19.2,0.0
2054-12-13,30.7,19.7060582675606,0.0
2054-12-14,31.0,18.6,0.8
2054-12-15,31.0,19.6,0.0
2054-12-16,31.4,19.6,0.0
2054-12-17,31.6,20.04299569571191,0.0
2054-12-18,32.0,19.697739598854945,0.0
2054-12-19,32.4,19.9,0.0
2054-12-20,30.6,19.5,0.0
2054-12-21,30.0,19.2,0.0
2054-12-22,30.7,18.0,5.0
2054-12-23,31.0,19.798101889356197,0.0
2054-12-24,30.0,19.8,4.4
2054-12-25,28.7,19.6,0.0
2054-12-26,30.668637722760426,19.5,0.0
2054-12-27,30.0,19.4,0.0
2054-12-28,30.5,19.6,2.3
2054-12-29,29.5,19.76110312930211,1.2
2054-12-30,30.2,19.9,3.6
2054-12-31,32.0,19.2,0.0
2055-01-01,32.6,21.860668945312504,0.0
2055-01-02,35.88273754526095,23.547192382812504,0.0
2055-01-03,35.91597169217174,23.12806396484375,0.0
2055-01-04,30.4,22.416577148437504,0.0
2055-01-05,29.5,19.99943271881653,2.3
2055-01-06,29.4,19.5,4.0
2055-01-07,31.758656870839292,19.4,0.0
2055-01-08,32.83601984991443,19.263806638151795,1.0
2055-01-09,31.902452683003357,19.9,0.0
2055-01-10,31.9,20.561746326870093,1.9
2055-01-11,31.71798955622672,19.696114043311674,0.0
2055-01-12,32.83877727529388,18.7,0.0
2055-01-13,37.360546875,21.26075439453125,0.0
2055-01-14,32.6,22.80469970703125,0.0
2055-01-15,33.73581165482112,19.8,0.0
2055-01-16,29.1,19.7,0.0
2055-01-17,32.2,19.2,1.0
2055-01-18,32.39400134948195,18.6,6.0
2055-01-19,32.11859587053074,19.8,3.6
2055-01-20,31.2,19.8,5.2
2055-01-21,30.4,19.9,14.0
2055-01-22,29.2,19.8,20.7
2055-01-23,29.0,19.8,37.33333333333333
2055-01-24,30.7,19.8,0.0
2055-01-25,32.06904968145076,19.6,0.0
2055-01-26,32.2,19.78839015912951,5.8
2055-01-27,30.4,19.8,60.4
2055-01-28,24.9,19.9,66.05263157894738
2055-01-29,26.4,19.8,69.30620689655173
2055-01-30,24.1,19.8,0.0
2055-01-31,28.5,19.670500847157218,2.7
2055-02-01,27.1,20.10902618852965,0.0
2055-02-02,30.97386889153754,19.91136604423255,6.0
2055-02-03,28.5,20.00276328914452,0.0
2055-02-04,29.1,19.548890228990764,26.0
2055-02-05,28.6,18.2,0.0
2055-02-06,30.0,18.9,0.2
2055-02-07,28.1,19.2,0.0
2055-02-08,30.450736940027323,19.541569116645853,29.4
2055-02-09,28.2,19.7,12.391666666666667
2055-02-10,29.2,19.53490437989048,0.0
2055-02-11,28.9,19.95413901069061,12.495833333333335
2055-02-12,25.0,18.5,0.0
2055-02-13,27.4,18.7,0.0
2055-02-14,30.9,19.0,0.0
2055-02-15,32.75198762405281,16.9,0.0
2055-02-16,34.267280438961,17.6,0.0
2055-02-17,34.262127443295505,19.0,0.0
2055-02-18,31.9,19.0,0.0
2055-02-19,29.2,19.994390074101613,0.0
2055-02-20,29.7,18.8,0.0
2055-02-21,30.6,19.7,17.4
2055-02-22,31.2,19.2,0.6
2055-02-23,28.6,20.131544069064148,4.4
2055-02-24,27.7,19.60761059903993,0.0
2055-02-25,25.0,19.966760949093565,0.0
2055-02-26,24.0,19.7,13.0
2055-02-27,28.3,19.59549289584836,3.8208333333333337
2055-02-28,30.0,19.7649025876377,9.138888888888888
2055-03-01,29.0,19.8,1.9
2055-03-02,30.7,19.2,4.911034482758621
2055-03-03,27.2,19.6,28.0
2055-03-04,28.0,20.22176606577554,47.4222222222223
2055-03-05,30.6,20.233831123707258,10.59241379310345
2055-03-06,31.6,19.9,1.4
2055-03-07,31.2,19.9,0.0
2055-03-08,31.95,18.3,0.0
2055-03-09,28.4,19.2,0.0
2055-03-10,32.6,18.9,0.0
2055-03-11,33.06712328767124,18.6,1.2
2055-03-12,32.5,19.8,4.6852107279693485
2055-03-13,31.73103448275862,19.9,1.4
2055-03-14,27.776470588235295,19.8,4.2
2055-03-15,30.9,19.0,0.3
2055-03-16,24.5,19.3,90.1
2055-03-17,27.0,19.56932330654053,1.5
2055-03-18,29.6,17.1,0.0
2055-03-19,29.7,15.9,0.0
2055-03-20,29.9,17.6,0.0
2055-03-21,30.6,16.3,0.0
2055-03-22,31.9,16.5,0.0
2055-03-23,32.0,15.7,0.0
2055-03-24,30.7,17.0,0.0
2055-03-25,31.1,16.9,0.0
2055-03-26,29.1,16.6,0.0
2055-03-27,28.7,16.8,0.0
2055-03-28,29.9,16.5,0.0
2055-03-29,30.9,18.4,0.0
2055-03-30,31.8,17.3,0.0
2055-03-31,31.6,16.0,0.0
2055-04-01,29.9,16.078125000000007,0.0
2055-04-02,29.4,17.373279352226724,0.0
2055-04-03,28.4,18.4,0.0
2055-04-04,28.9,19.0,0.0
2055-04-05,28.9,18.0,0.0
2055-04-06,26.7,18.9,0.0
2055-04-07,27.580000000000002,13.9,0.0
2055-04-08,29.022302158273384,11.0,0.0
2055-04-09,31.0,10.0,0.0
2055-04-10,32.0,11.5,0.0
2055-04-11,31.81472392638037,14.9,0.0
2055-04-12,31.7,16.3,0.0
2055-04-13,30.0,19.4,0.0
2055-04-14,26.3,18.1,0.0
2055-04-15,28.5,16.2,0.0
2055-04-16,28.2,14.0,0.0
2055-04-17,29.4,11.578,0.0
2055-04-18,29.0,14.1,0.0
2055-04-19,29.015107913669063,14.1,0.0
2055-04-20,30.2,12.3,0.0
2055-04-21,30.0,11.9,0.0
2055-04-22,28.9,13.6,0.0
2055-04-23,29.5,11.3,0.0
2055-04-24,30.2,13.9,0.0
2055-04-25,28.9,17.6,0.0
2055-04-26,29.0,18.609438567941414,0.0
2055-04-27,30.6,17.35060728744939,0.0
2055-04-28,30.7,16.0,0.0
2055-04-29,27.7,17.6,0.0
2055-04-30,30.0,16.0,0.0
2055-05-01,29.9,17.61888139539991,0.0
2055-05-02,30.3,17.65001665480376,0.0
2055-05-03,31.283741901415585,16.5,0.0
2055-05-04,31.61307019793721,16.48397544328651,0.0
2055-05-05,31.1,15.2,0.0
2055-05-06,30.7,14.6,0.0
2055-05-07,29.5,16.0,0.0
2055-05-08,28.6,16.2,0.0
2055-05-09,25.7,17.78048951268196,0.0
2055-05-10,28.7,17.9,0.0
2055-05-11,31.081974248158346,18.34041349501658,0.0
2055-05-12,31.6,19.576171875,0.0
2055-05-13,29.8,17.706898711911613,0.0
2055-05-14,28.4,15.2,0.0
2055-05-15,29.4,13.5,0.0
2055-05-16,29.5,15.2,0.0
2055-05-17,29.1,16.9,0.0
2055-05-18,30.0,16.7,0.0
2055-05-19,30.7,15.2,0.0
2055-05-20,30.3,16.7,0.0
2055-05-21,30.0,15.718711623887549,0.0
2055-05-22,29.9,14.9,0.0
2055-05-23,30.6,14.0,0.0
2055-05-24,30.7,14.9,0.0
2055-05-25,30.5,16.9,0.0
2055-05-26,30.6,15.7,0.0
2055-05-27,30.7,15.3,0.0
2055-05-28,30.6,15.209912907329468,0.0
2055-05-29,30.270110450694993,14.555139935414404,0.0
2055-05-30,29.6,14.7,0.0
2055-05-31,29.7,14.903771632027803,0.0
2055-06-01,28.0,13.4,0.0
2055-06-02,28.5,13.2,0.0
2055-06-03,27.8,13.144039270687237,0.0
2055-06-04,25.8,12.9,0.0
2055-06-05,25.5,12.1,0.0
2055-06-06,25.5,11.0,0.0
2055-06-07,26.24664642395455,11.3,0.0
2055-06-08,27.3,11.7,0.0
2055-06-09,27.9,12.12472058901425,0.0
2055-06-10,27.878494623655914,12.6,0.0
2055-06-11,28.2,12.3,0.0
2055-06-12,29.2,12.4,0.0
2055-06-13,29.671035156908363,12.5,0.0
2055-06-14,28.9,13.0,0.0
2055-06-15,28.0,12.3,0.0
2055-06-16,28.5,11.9,0.0
2055-06-17,28.650898978663164,12.2,0.0
2055-06-18,29.237684431309834,12.4,0.0
2055-06-19,29.2,12.9,0.0
2055-06-20,28.6,12.4,0.0
2055-06-21,29.389468565558587,12.5,0.0
2055-06-22,29.9,13.0,0.0
2055-06-23,28.9,13.5,0.0
2055-06-24,29.0,13.2,0.0
2055-06-25,27.66659886646539,12.9,0.0
2055-06-26,26.3,12.3,0.0
2055-06-27,26.0,11.6,0.0
2055-06-28,26.5,11.0,0.0
2055-06-29,27.0,11.6,0.0
2055-06-30,27.0,12.7,0.0
2055-07-01,27.9,14.206066921649905,0.0
2055-07-02,27.4,13.6,0.0
2055-07-03,28.0,13.4,0.0
2055-07-04,27.7,13.8,0.0
2055-07-05,27.3,13.8,0.0
2055-07-06,27.3,13.5,0.0
2055-07-07,27.5,13.388138477030454,0.0
2055-07-08,27.715578040904187,13.4,0.0
2055-07-09,28.1,13.0,0.0
2055-07-10,28.0,13.0,0.0
2055-07-11,28.0,12.8,0.0
2055-07-12,26.0,13.6,0.0
2055-07-13,25.6,11.713506809566153,0.0
2055-07-14,27.1,10.5,0.0
2055-07-15,28.1,11.5,0.0
2055-07-16,29.0,12.4,0.0
2055-07-17,29.0,13.6,0.0
2055-07-18,29.2,13.6,0.0
2055-07-19,29.316495111230697,13.6,0.0
2055-07-20,29.0,13.8,0.0
2055-07-21,26.3,14.0,0.0
2055-07-22,24.9,14.2,0.0
2055-07-23,27.3,12.7,0.0
2055-07-24,28.0,12.4,0.0
2055-07-25,27.6,12.8,0.0
2055-07-26,27.7,12.4,0.0
2055-07-27,29.0,12.9,0.0
2055-07-28,30.428988987331277,14.340889925006982,0.0
2055-07-29,30.908203752726987,16.0,0.0
2055-07-30,29.327836831718678,16.0,0.0
2055-07-31,29.2,15.437353741675185,0.0
2055-08-01,30.4,14.2,0.0
2055-08-02,31.9,14.5,0.0
2055-08-03,31.2,17.064849388554588,0.0
2055-08-04,28.9,17.0,0.0
2055-08-05,29.5,14.950784355938282,0.0
2055-08-06,31.0,14.607810653994584,0.0
2055-08-07,27.8,17.41566017770154,0.0
2055-08-08,26.6,14.5,0.0
2055-08-09,26.6,13.8,0.0
2055-08-10,25.6,13.3,0.0
2055-08-11,26.0,11.8,0.0
2055-08-12,27.0,12.6,0.0
2055-08-13,24.9,13.5,0.0
2055-08-14,21.4,11.4,0.0
2055-08-15,24.4,11.0,0.0
2055-08-16,24.95333692142088,12.0,0.0
2055-08-17,25.2,12.9,0.0
2055-08-18,26.5,13.0,0.0
2055-08-19,28.030521577453765,14.0,0.0
2055-08-20,29.2,14.7,0.0
2055-08-21,27.8,17.026818013375923,0.0
2055-08-22,26.442977939746065,14.2,0.0
2055-08-23,26.7,13.4,0.0
2055-08-24,26.9,13.5,0.0
2055-08-25,27.7,13.014074273412275,0.0
2055-08-26,28.7,13.7,0.0
2055-08-27,29.5,14.5,0.0
2055-08-28,28.6,15.9,0.0
2055-08-29,28.8,14.5,0.0
2055-08-30,28.2,14.2,0.0
2055-08-31,28.527588485436272,13.5,0.0
2055-09-01,29.9,13.6,0.0
2055-09-02,31.5,13.8,0.0
2055-09-03,32.843995744063456,14.2,0.0
2055-09-04,31.9,16.8,0.0
2055-09-05,30.4,16.3,0.0
2055-09-06,31.5,15.9,0.0
2055-09-07,33.1,17.4,0.0
2055-09-08,33.0,20.0,0.0
2055-09-09,31.7,17.5,0.0
2055-09-10,29.9,16.9,0.0
2055-09-11,30.0,14.7,0.0
2055-09-12,30.4,13.577388897717041,0.0
2055-09-13,31.9,13.2,0.0
2055-09-14,32.7,14.0,0.0
2055-09-15,32.8,14.9,0.0
2055-09-16,34.3,14.2,0.0
2055-09-17,33.2,18.6,0.0
2055-09-18,32.36141464372179,18.2,0.0
2055-09-19,32.7,16.487329058430937,0.0
2055-09-20,32.8,17.2,0.0
2055-09-21,32.9,17.6,0.0
2055-09-22,33.2,17.8,0.0
2055-09-23,34.6,18.2,0.0
2055-09-24,31.399358495741076,19.59144332276954,0.0
2055-09-25,30.9,17.3,0.0
2055-09-26,31.9,17.2,0.0
2055-09-27,33.0,17.6,0.0
2055-09-28,34.0,18.2,0.0
2055-09-29,35.2,19.5,0.0
2055-09-30,35.61393138253216,20.5,0.0
2055-10-01,38.0,19.5,0.0
2055-10-02,38.766943359375,19.96140242964785,0.0
2055-10-03,37.98681412106707,21.9,0.0
2055-10-04,34.9,21.825329605953915,0.0
2055-10-05,35.97684497637335,21.4,0.0
2055-10-06,32.5,20.8,2.4
2055-10-07,29.7,17.0,6.169539810080352
2055-10-08,21.357832616830134,14.49541846071044,0.0
2055-10-09,24.437440304250494,11.912796856591127,0.0
2055-10-10,26.6,11.6,0.0
2055-10-11,28.5,11.6,0.0
2055-10-12,31.3,12.849958733118358,0.0
2055-10-13,34.4,16.3,0.0
2055-10-14,36.0,20.7,0.0
2055-10-15,36.91298728726955,21.9,0.0
2055-10-16,37.2,21.7,0.0
2055-10-17,37.27970104849562,21.8,0.0
2055-10-18,32.9,22.0,0.0
2055-10-19,30.9,19.9,0.0
2055-10-20,32.1,19.4,0.0
2055-10-21,34.4,21.0,0.0
2055-10-22,36.0,23.637121662911397,0.0
2055-10-23,32.0,20.784522123392424,0.0
2055-10-24,30.2,17.9,0.0
2055-10-25,32.1,19.25884862257305,0.0
2055-10-26,33.9,20.7,0.0
2055-10-27,33.2,21.4,0.0
2055-10-28,32.1,18.8,0.0
2055-10-29,33.3,20.8,0.0
2055-10-30,34.5,23.0,0.0
2055-10-31,35.3,23.682625410345697,0.0
2055-11-01,37.49784522485301,22.26768100692462,0.0
2055-11-02,30.989064667188508,20.3,0.0
2055-11-03,32.8,19.5,0.0
2055-11-04,34.7,19.8,0.0
2055-11-05,35.5,21.071704808026333,0.0
2055-11-06,36.0,23.22273621550449,0.0
2055-11-07,36.43774910856299,23.328256458187475,0.0
2055-11-08,35.2,23.49903119477257,0.0
2055-11-09,36.5,24.40762939453125,0.0
2055-11-10,37.2,24.82877197265625,0.0
2055-11-11,35.2,21.9,0.0
2055-11-12,33.7,19.6,2.0
2055-11-13,33.42402669632925,19.0,0.0
2055-11-14,35.7,19.4,0.8
2055-11-15,30.5,19.2,0.9
2055-11-16,31.9,18.8,0.0
2055-11-17,32.9,19.6,0.0
2055-11-18,33.7,19.16111216618285,0.0
2055-11-19,33.54555061179088,19.9,0.0
2055-11-20,32.1,19.8,0.0
2055-11-21,28.5,18.3,0.0
2055-11-22,31.0,19.0,0.0
2055-11-23,32.1,20.3,0.0
2055-11-24,34.0,22.4,0.0
2055-11-25,34.9,23.36344003098935,0.0
2055-11-26,32.2,20.2,1.2666666666666666
2055-11-27,32.2,20.169257508342604,0.0
2055-11-28,30.5,18.7,3.8
2055-11-29,30.2,17.9,2.0666666666666673
2055-11-30,31.1,18.5,0.0
2055-12-01,32.1,17.7,0.0
2055-12-02,30.9,19.7,1.0
2055-12-03,32.1,19.2,0.0
2055-12-04,32.4,19.9,0.0
2055-12-05,33.04433897641647,20.489837740401107,0.0
2055-12-06,34.122266325798336,21.0,0.0
2055-12-07,34.580126953125,20.5,0.0
2055-12-08,35.950732421875,21.588875811132716,0.0
2055-12-09,35.078173828125,23.3475341796875,0.0
2055-12-10,32.0,20.488993701488802,1.2
2055-12-11,32.1,20.0,0.6
2055-12-12,29.1,20.0,13.6
2055-12-13,30.0,19.9,0.0
2055-12-14,30.0,18.7,0.0
2055-12-15,31.6,19.5,0.30639658848614076
2055-12-16,29.9,19.2,0.0
2055-12-17,31.6,19.6,0.0
2055-12-18,32.0,19.9,1.3
2055-12-19,29.2,19.9,7.814712153518125
2055-12-20,27.7,19.5,0.0
2055-12-21,29.5,18.7,0.0
2055-12-22,30.7,18.1,0.0
2055-12-23,31.2,19.0,2.4
2055-12-24,30.5,19.126903551496188,2.0
2055-12-25,27.2,19.5,18.665671641791057
2055-12-26,27.839108523338872,19.5,0.0
2055-12-27,28.5,19.2,0.5
2055-12-28,29.0,18.6,0.0
2055-12-29,30.0,19.2,0.0
2055-12-30,31.4,18.6,0.0
2055-12-31,31.557547798451985,19.0,0.0
2056-01-01,29.5,19.2,5.6
2056-01-02,26.7,19.6,29.174999999999997
2056-01-03,26.81399354144241,19.7458820840137,27.150000000000006
2056-01-04,23.909908863143308,19.2,7.6
2056-01-05,26.7,19.202640590751642,25.7
2056-01-06,30.3,19.5,35.51999999999998
2056-01-07,26.9,18.9,25.3
2056-01-08,29.3,18.3,3.0
2056-01-09,27.0195304846337,18.8,19.0
2056-01-10,28.6,17.7,0.6
2056-01-11,24.406310918339347,18.6,0.0
2056-01-12,24.6,18.4,0.0
2056-01-13,29.0,17.0,12.2
2056-01-14,29.9,16.3,0.0
2056-01-15,30.3,18.0,0.0
2056-01-16,29.2,18.4,0.0
2056-01-17,29.0,17.4,0.0
2056-01-18,31.1,18.3,3.2
2056-01-19,30.0,19.775504169530645,17.3
2056-01-20,28.1,19.6,54.949999999999946
2056-01-21,27.5,19.3,5.7
2056-01-22,27.0,19.2,3.8
2056-01-23,27.7,19.0,0.0
2056-01-24,28.6,18.8,0.0
2056-01-25,29.065654729002414,19.4,21.099999999999994
2056-01-26,25.1,19.0,1.1
2056-01-27,26.3,19.2,0.0
2056-01-28,27.6,18.2,0.0
2056-01-29,30.7,17.9,3.9
2056-01-30,26.0,18.7,35.51999999999998
2056-01-31,26.0,18.926551567545737,40.5
2056-02-01,26.0,18.2,3.0
2056-02-02,28.6,18.0,0.0
2056-02-03,27.82045699002878,19.0,1.0
2056-02-04,27.3,18.9,0.0
2056-02-05,28.0,18.2,0.0
2056-02-06,30.884564958283665,17.6,0.0
2056-02-07,32.760828027444454,18.9,14.316666666666668
2056-02-08,26.2,18.0,24.942129629629626
2056-02-09,30.0,17.8,0.0
2056-02-10,30.3,19.7,0.0
2056-02-11,31.906160187063843,18.9,0.0
2056-02-12,30.0,19.0,4.0
2056-02-13,28.7,18.0,0.0
2056-02-14,29.5,18.9,0.0
2056-02-15,29.6,18.5,2.6
2056-02-16,27.0,19.0,10.1
2056-02-17,24.023105577994404,18.6,24.90833333333333
2056-02-18,24.9,18.3,0.0
2056-02-19,28.5,17.8,0.5
2056-02-20,26.4,19.0,7.4138888888888905
2056-02-21,28.0,19.0,6.339583333333332
2056-02-22,29.0,19.0,4.8
2056-02-23,28.1,19.0,12.174999999999995
2056-02-24,26.5,19.0,60.134615384615394
2056-02-25,26.4,19.0,21.2
2056-02-26,27.0,19.1,13.509722222222221
2056-02-27,28.3,18.9,27.559722222222227
2056-02-28,25.1,19.0,15.753571428571433
2056-03-01,26.378260869565214,18.9,1.0
2056-03-02,29.2,19.0,10.995862068965522
2056-03-03,28.9,19.2,0.0
2056-03-04,28.6,19.141320325042702,0.0
2056-03-05,29.9,19.9,0.0
2056-03-06,27.307142857142857,19.263948000331197,0.7
2056-03-07,29.4,19.2,49.324137931034585
2056-03-08,31.1,18.2,7.755172413793106
2056-03-09,30.6,19.455393890460332,5.733103448275859
2056-03-10,32.9,18.3,1.7
2056-03-11,31.8,19.9,7.0
2056-03-12,28.3,19.199082686015426,61.043879814478736
2056-03-13,25.9,19.080814771880437,36.50424403183024
2056-03-14,25.7,19.307397098337187,3.289655172413794
2056-03-15,28.1,19.4,22.866436781609202
2056-03-16,28.5,19.0,27.291034482758633
2056-03-17,28.5,18.6,1.5
2056-03-18,27.7,18.9,0.0
2056-03-19,28.51818181818182,17.6,0.0
2056-03-20,28.5,16.6,0.0
2056-03-21,28.0,18.1,0.0
2056-03-22,25.6,18.6,0.0
2056-03-23,29.0,18.0,0.0
2056-03-24,30.5,18.0,0.0
2056-03-25,31.1,21.99991455078125,0.0
2056-03-26,27.8,19.54520594393039,0.0
2056-03-27,29.2,17.7,0.0
2056-03-28,29.2,16.575308437525873,0.0
2056-03-29,29.0,15.3,0.0
2056-03-30,29.6,17.0,0.0
2056-03-31,28.1,18.0,0.0
2056-04-01,28.9,16.8,0.0
2056-04-02,29.0,16.4,0.0
2056-04-03,29.0,16.7,0.0
2056-04-04,30.0,15.6,0.0
2056-04-05,30.1,14.9,0.0
2056-04-06,30.6,15.2,0.0
2056-04-07,30.6,13.8,0.0
2056-04-08,29.6,18.77777777777778,0.0
2056-04-09,27.2,18.2,0.0
2056-04-10,29.0,15.5,0.0
2056-04-11,28.2,17.0,0.0
2056-04-12,28.6,17.7,0.0
2056-04-13,26.681355932203388,17.7,0.0
2056-04-14,26.2,16.0,0.0
2056-04-15,29.4,17.2,0.0
2056-04-16,29.9,16.7,0.0
2056-04-17,30.2,15.459016393442623,0.0
2056-04-18,30.0,16.2,0.0
2056-04-19,22.05985576923077,17.7,17.14
2056-04-20,24.7,17.7,1.3333333333333333
2056-04-21,28.1,16.4,0.0
2056-04-22,28.5,15.9,0.0
2056-04-23,28.4,15.1,0.0
2056-04-24,28.5,14.1,0.0
2056-04-25,29.0,13.6,0.0
2056-04-26,28.2,14.5,0.0
2056-04-27,28.5,14.0,0.0
2056-04-28,26.9,14.1,0.0
2056-04-29,28.0,18.6,0.0
2056-04-30,27.2,15.7,0.0
2056-05-01,29.1,13.7,0.0
2056-05-02,27.9,16.8,0.0
2056-05-03,26.9,15.6,0.0
2056-05-04,27.1,14.7,0.0
2056-05-05,25.6,14.50164824212185,0.0
2056-05-06,25.6,14.9,0.0
2056-05-07,25.7,15.7,0.0
2056-05-08,26.0,13.9,0.0
2056-05-09,26.5,12.4,0.0
2056-05-10,26.9,11.4,0.0
2056-05-11,28.0,11.4,0.0
2056-05-12,29.2,12.9,0.0
2056-05-13,29.8,14.9,0.0
2056-05-14,29.5,15.2,0.0
2056-05-15,26.5,14.684520990312155,0.0
2056-05-16,24.5,12.7,0.0
2056-05-17,26.0,13.6,0.0
2056-05-18,27.0,11.0,0.0
2056-05-19,27.6,11.5,0.0
2056-05-20,29.1,12.5,0.0
2056-05-21,30.4,14.1,0.0
2056-05-22,31.602091861773122,15.2,0.0
2056-05-23,31.928477971558817,16.765913924280287,0.0
2056-05-24,28.2,17.4,0.0
2056-05-25,23.9,16.76638915688083,0.0
2056-05-26,24.0,13.6,0.0
2056-05-27,24.0,11.6,0.0
2056-05-28,24.5,11.4,0.0
2056-05-29,25.1,10.9,0.0
2056-05-30,25.77825618945102,9.9,0.0
2056-05-31,27.0,10.5,0.0
2056-06-01,26.6,10.5,0.0
2056-06-02,27.8,11.7,0.0
2056-06-03,28.9,12.2,0.0
2056-06-04,29.0,13.2,0.0
2056-06-05,28.0,13.2,0.0
2056-06-06,28.521608054533534,12.6,0.0
2056-06-07,28.593032729522875,12.0,0.0
2056-06-08,26.1,12.329790044493892,0.0
2056-06-09,25.3,11.6,0.0
2056-06-10,25.5,11.3,0.0
2056-06-11,27.0,10.5,0.0
2056-06-12,27.9,10.9,0.0
2056-06-13,28.5,10.8,0.0
2056-06-14,28.6,10.5,0.0
2056-06-15,27.6,12.5,0.0
2056-06-16,27.140509250380372,12.0,0.0
2056-06-17,26.9,11.9,0.0
2056-06-18,25.3,12.441589420343595,0.0
2056-06-19,24.0,10.5,0.0
2056-06-20,22.1,8.9,0.0
2056-06-21,23.9,9.6,0.0
2056-06-22,23.9,9.2,0.0
2056-06-23,25.2,9.4,0.0
2056-06-24,26.9,10.3,0.0
2056-06-25,27.7,11.0,0.0
2056-06-26,25.4,10.4,0.0
2056-06-27,22.9,11.0,0.0
2056-06-28,23.0,12.9,0.0
2056-06-29,23.4,11.5,0.0
2056-06-30,24.0,9.4,0.0
2056-07-01,26.1,11.2,0.0
2056-07-02,28.0,10.5,0.0
2056-07-03,27.5,12.2,0.0
2056-07-04,26.0,12.0,0.0
2056-07-05,27.0,9.4,0.0
2056-07-06,29.0,12.0,0.0
2056-07-07,29.5,14.2,0.0
2056-07-08,29.0,15.424450628790446,0.0
2056-07-09,27.9,14.3,0.0
2056-07-10,28.5,13.3,0.0
2056-07-11,29.0,12.9,0.0
2056-07-12,26.3,14.0,0.0
2056-07-13,25.6,12.7,0.0
2056-07-14,26.6,12.6,0.0
2056-07-15,28.0,13.4,0.0
2056-07-16,29.0,14.2,0.0
2056-07-17,29.1,15.2,0.0
2056-07-18,29.183333893972005,15.26352287795822,0.0
2056-07-19,30.7,15.263196830002654,0.0
2056-07-20,31.919140625,16.0,0.0
2056-07-21,30.69285058425304,16.0,0.0
2056-07-22,29.0,16.0,0.0
2056-07-23,28.7,14.526986006458547,0.0
2056-07-24,28.5,13.0,0.0
2056-07-25,29.0,13.0,0.0
2056-07-26,29.2,13.4,0.0
2056-07-27,29.0,14.204918122895812,0.0
2056-07-28,29.0,13.878765697883031,0.0
2056-07-29,29.3148748654467,13.6,0.0
2056-07-30,29.4,14.4,0.0
2056-07-31,29.2,14.2,0.0
2056-08-01,28.0,12.0,0.0
2056-08-02,27.0,13.4,0.0
2056-08-03,26.3,13.0,0.0
2056-08-04,26.6,11.9,0.0
2056-08-05,27.0,11.7,0.0
2056-08-06,28.0,10.4,0.0
2056-08-07,28.6,11.9,0.0
2056-08-08,27.0,14.4,0.0
2056-08-09,25.2,13.4,0.0
2056-08-10,25.5,12.259849300322923,0.0
2056-08-11,25.2,13.1,0.0
2056-08-12,25.5,13.0,0.0
2056-08-13,24.2,13.0,0.0
2056-08-14,24.2,11.4,0.0
2056-08-15,25.9,10.842481017077356,0.0
2056-08-16,28.0,10.9,0.0
2056-08-17,29.2,13.7,0.0
2056-08-18,30.8,14.7,0.0
2056-08-19,30.2,15.456958831106947,0.0
2056-08-20,26.0,15.7,0.0
2056-08-21,24.1,13.2,0.0
2056-08-22,24.5,11.8,0.0
2056-08-23,26.707212055974164,11.4,0.0
2056-08-24,28.8,13.4,0.0
2056-08-25,30.4,15.0,0.0
2056-08-26,30.2,16.4,0.0
2056-08-27,30.77868675995693,16.6,0.0
2056-08-28,31.5,15.90020443754641,0.0
2056-08-29,30.0,18.2,0.0
2056-08-30,29.8,15.570638990363019,0.0
2056-08-31,29.0,15.5,0.0
2056-09-01,29.7,14.5,0.0
2056-09-02,30.0,15.0,0.0
2056-09-03,30.9,15.0,0.0
2056-09-04,31.1,15.2,0.0
2056-09-05,31.4,15.9,0.0
2056-09-06,31.9,16.4,0.0
2056-09-07,31.7,16.0,0.0
2056-09-08,31.8,15.5,0.0
2056-09-09,31.9,15.9,0.0
2056-09-10,32.7,15.4,0.0
2056-09-11,33.4,16.3,0.0
2056-09-12,33.2,18.59195402298851,0.0
2056-09-13,32.6,18.692310440592568,0.0
2056-09-14,32.7,17.935346463390697,0.0
2056-09-15,34.6,17.6447709576297,0.0
2056-09-16,35.545530387299024,18.9,0.0
2056-09-17,31.1,19.6,0.0
2056-09-18,30.7,16.7,0.0
2056-09-19,31.7,15.2,0.0
2056-09-20,32.1,15.6,0.0
2056-09-21,32.9,17.0,0.0
2056-09-22,31.7,17.940051971845477,0.0
2056-09-23,30.7,18.2,0.0
2056-09-24,30.7,17.4,0.0
2056-09-25,32.1,16.0,0.0
2056-09-26,32.7,17.1,0.0
2056-09-27,32.7,17.9,0.0
2056-09-28,32.6,17.9,0.0
2056-09-29,32.2,18.377876319033156,0.0
2056-09-30,32.0,18.5,0.0
2056-10-01,30.97181916038751,17.4,0.0
2056-10-02,32.9,17.4,0.0
2056-10-03,34.3,18.1,0.0
2056-10-04,34.769489295538804,18.9,0.0
2056-10-05,34.2,19.7,0.0
2056-10-06,32.3,19.0,0.0
2056-10-07,31.2,17.6,0.0
2056-10-08,31.0,17.9,0.0
2056-10-09,30.8,17.8,0.0
2056-10-10,31.71022240061301,16.9,0.0
2056-10-11,31.2,17.9,0.0
2056-10-12,30.0,18.0,0.0
2056-10-13,30.6,17.9,0.0
2056-10-14,32.1,18.0,0.0
2056-10-15,34.5,18.8,0.0
2056-10-16,36.7,21.0,0.0
2056-10-17,37.36973959408129,21.24104119776885,0.0
2056-10-18,38.0,21.0,0.0
2056-10-19,36.9,21.0,0.0
2056-10-20,35.4,21.9,0.0
2056-10-21,33.0,20.745226899325804,0.0
2056-10-22,32.8,20.1,0.0
2056-10-23,33.5,19.5,0.0
2056-10-24,34.2,19.7,0.0
2056-10-25,34.0,20.4,0.0
2056-10-26,34.2,20.3,0.0
2056-10-27,35.5,21.0,0.0
2056-10-28,36.6,21.526544445866293,0.0
2056-10-29,36.5,21.290249535179555,0.0
2056-10-30,36.4,22.0,0.0
2056-10-31,35.6,21.7,0.0
2056-11-01,35.0,20.0,0.0
2056-11-02,36.5,19.9,0.0
2056-11-03,39.92236328125,20.0,0.0
2056-11-04,40.669677734375,21.2,0.0
2056-11-05,36.5,23.15066311915614,0.0
2056-11-06,32.9,20.4,0.0
2056-11-07,32.9,20.0,0.0
2056-11-08,33.9,20.0,0.0
2056-11-09,35.5,23.492699309470208,0.0
2056-11-10,31.8,19.9,0.0
2056-11-11,28.5,18.6,0.0
2056-11-12,30.2,18.9,0.0
2056-11-13,31.714500716994785,18.0,0.0
2056-11-14,32.2,19.4,2.45
2056-11-15,29.1,19.0,0.9
2056-11-16,27.671476898730546,18.5,5.65
2056-11-17,25.3,18.2,20.275
2056-11-18,25.2,18.1,2.5
2056-11-19,28.6394583725507,18.5,1.7
2056-11-20,30.3,18.8,1.6
2056-11-21,27.611096646639417,18.5,4.5
2056-11-22,27.2,17.8,7.05
2056-11-23,28.0,18.0,0.0
2056-11-24,29.3,18.5,3.0
2056-11-25,29.3,18.5,16.138461538461538
2056-11-26,28.9,18.0,0.0
2056-11-27,27.0,18.3,0.0
2056-11-28,28.71364479050797,19.1,0.0
2056-11-29,30.2,18.7,0.0
2056-11-30,31.0,18.0,1.2
2056-12-01,31.5,18.6,0.0
2056-12-02,30.4,19.5,0.9
2056-12-03,31.2,18.0,1.5
2056-12-04,29.5,19.6,8.316417910447763
2056-12-05,29.2,19.5,5.6
2056-12-06,29.5,19.6,42.321331232038546
2056-12-07,25.8,19.2,4.0
2056-12-08,28.0,19.2,0.5
2056-12-09,28.3,19.4,33.395628997867796
2056-12-10,27.5,19.4,41.22737739872068
2056-12-11,30.5,17.4,0.0
2056-12-12,31.1,19.5,0.0
2056-12-13,32.0,17.2,0.0
2056-12-14,32.0,20.37063043272754,0.0
2056-12-15,31.7,20.177532267845006,0.0
2056-12-16,28.1,19.9,4.284434968017056
2056-12-17,29.7,19.5,0.0
2056-12-18,30.3,19.6,1.7
2056-12-19,30.1,19.2,30.35773987206823
2056-12-20,30.1,18.4,3.4
2056-12-21,29.0,19.5,2.6
2056-12-22,28.9,18.9,4.0
2056-12-23,28.8,19.2,30.31756929637526
2056-12-24,29.0,19.6,43.92494669509592
2056-12-25,25.6,19.6,1.0
2056-12-26,26.0,19.5,2.4
2056-12-27,24.117460446412252,19.2,9.9
2056-12-28,23.9,18.7,12.39714285714286
2056-12-29,23.829497955982813,18.5,2.0
2056-12-30,24.5,18.9,5.6963752665245195
2056-12-31,28.0,18.4,8.316417910447763
2057-01-01,29.3,18.0,32.3
2057-01-02,30.4,19.3,30.63636363636364
2057-01-03,27.1,19.7,0.6749999999999998
2057-01-04,25.558837459634013,18.4,0.0
2057-01-05,29.5,18.5,0.0
2057-01-06,30.9,17.2,0.0
2057-01-07,31.9,17.9,0.0
2057-01-08,31.8,19.775026910656614,34.6
2057-01-09,30.7,19.84802409983707,60.4
2057-01-10,29.9,19.8,60.4
2057-01-11,27.5,19.0014053342902,0.0
2057-01-12,28.736145409006806,18.2,4.0
2057-01-13,29.0,18.4,2.6
2057-01-14,27.7,19.0,0.5
2057-01-15,29.0,19.2,28.65
2057-01-16,29.3,19.6,0.0
2057-01-17,29.2,19.761807665391633,31.2
2057-01-18,29.5,19.6,3.0
2057-01-19,30.3,19.24920521013092,43.43749999999999
2057-01-20,26.7,19.6,32.208333333333336
2057-01-21,28.6,19.2,43.63333333333333
2057-01-22,29.3,19.3,0.0
2057-01-23,29.5,18.3,0.0
2057-01-24,30.0,18.5,0.0
2057-01-25,24.5,18.7,32.233333333333334
2057-01-26,24.0,19.12897784460001,0.0
2057-01-27,29.9,19.3,0.0
2057-01-28,30.124476163793737,19.4,9.0
2057-01-29,29.1,19.104748513357915,4.450000000000002
2057-01-30,27.6,19.2,32.4
2057-01-31,24.0,19.0,46.6
2057-02-01,25.1,18.8,24.2825
2057-02-02,30.5,19.0,4.605555555555558
2057-02-03,30.2,18.2,2.6
2057-02-04,31.9,18.0,0.0
2057-02-05,30.5,19.56242166422135,52.834567901234564
2057-02-06,24.5,18.9,38.822530864197574
2057-02-07,26.0,18.8,0.0
2057-02-08,25.0,19.0,0.0
2057-02-09,30.0,18.7,3.0
2057-02-10,30.7,18.6,4.152222222222223
2057-02-11,29.8,18.3,0.0
2057-02-12,31.0,16.0,0.0
2057-02-13,30.25014964905311,17.2,0.0
2057-02-14,29.1,16.56412188423071,0.0
2057-02-15,29.9,18.0,0.0
2057-02-16,30.3,18.6,0.0
2057-02-17,31.0,17.4,0.0
2057-02-18,33.238087347500404,19.0,0.0
2057-02-19,33.95798987453651,18.5,6.4
2057-02-20,31.9,18.3,0.0
2057-02-21,32.1,19.0,3.6814814814814825
2057-02-22,32.2996432649591,18.5,3.0
2057-02-23,29.2,19.93393893997879,0.0
2057-02-24,26.9,18.9,4.4
2057-02-25,31.4,18.5,10.063888888888888
2057-02-26,30.5,18.3,24.241944444444442
2057-02-27,30.2,18.9,0.0
2057-02-28,29.2,18.9,1.3
2057-03-01,24.0,19.0,61.68452510586812
2057-03-02,28.5,18.6,10.040689655172415
2057-03-03,31.2,19.0,9.554482758620685
2057-03-04,31.9,18.9,6.5434482758620724
2057-03-05,29.7,18.9,28.0
2057-03-06,24.977391304347826,19.1566740930183,4.961379310344829
2057-03-07,25.5,19.56329396588799,28.0
2057-03-08,27.3,19.2,13.941206896551725
2057-03-09,25.5,19.0,3.9965517241379303
2057-03-10,27.1,18.8,19.136551724137934
2057-03-11,26.9,19.128442971256707,1.8
2057-03-12,28.1,18.9,0.0
2057-03-13,27.2,18.3,0.0
2057-03-14,27.2,18.1,0.0
2057-03-15,28.8,19.0,0.0
2057-03-16,28.8,18.7,0.0
2057-03-17,28.3,17.6,0.0
2057-03-18,30.0,17.6,0.0
2057-03-19,32.0,17.6,0.0
2057-03-20,31.6,17.2,0.0
2057-03-21,31.3,17.1,0.0
2057-03-22,24.3,18.0,81.28965517241409
2057-03-23,26.9,18.8,0.0
2057-03-24,25.6,17.6,0.0
2057-03-25,27.8,16.2,0.0
2057-03-26,28.5,15.064665339848716,0.0
2057-03-27,28.4,14.0,0.0
2057-03-28,27.6,14.4,0.0
2057-03-29,28.3,16.3,0.0
2057-03-30,29.7,14.6,0.0
2057-03-31,30.3,14.7,0.0
2057-04-01,28.5,15.1,0.0
2057-04-02,28.6,14.077419354838709,0.0
2057-04-03,29.9,17.757446808510643,0.0
2057-04-04,28.7,17.8,0.0
2057-04-05,27.5,15.2,0.0
2057-04-06,29.0,12.8,0.0
2057-04-07,27.7,13.7,0.0
2057-04-08,27.6,15.2,0.0
2057-04-09,28.2,15.0,0.0
2057-04-10,27.9,12.834545454545491,0.0
2057-04-11,30.0,16.7,0.0
2057-04-12,30.0,17.8,0.0
2057-04-13,31.3,16.8,0.0
2057-04-14,31.057142857142853,18.1,0.0
2057-04-15,30.6,18.4,0.0
2057-04-16,31.6,16.6,0.0
2057-04-17,31.1,16.6,0.0
2057-04-18,30.3,17.723404255319146,0.0
2057-04-19,30.3,15.9,0.0
2057-04-20,31.7,14.4,0.0
2057-04-21,32.627500000000005,15.2,0.0
2057-04-22,30.106666666666662,17.0,0.0
2057-04-23,26.3,17.1,0.0
2057-04-24,28.9,16.0,0.0
2057-04-25,29.6,14.5,0.0
2057-04-26,30.6,14.4,0.0
2057-04-27,30.0,15.1,0.0
2057-04-28,29.5,19.0,0.0
2057-04-29,28.0,18.6,0.0
2057-04-30,29.6,17.0,0.0
2057-05-01,28.7,14.1,0.0
2057-05-02,27.6,14.9,0.0
2057-05-03,26.1,14.083284637859432,0.0
2057-05-04,28.379655543595256,13.0,0.0
2057-05-05,28.9,13.6,0.0
2057-05-06,28.1,13.162543398171579,0.0
2057-05-07,29.0,12.9,0.0
2057-05-08,29.6,13.2,0.0
2057-05-09,30.0,14.219198379028672,0.0
2057-05-10,30.0,15.5,0.0
2057-05-11,30.2,15.706322109189026,0.0
2057-05-12,30.3,16.2,0.0
2057-05-13,30.0,15.7,0.0
2057-05-14,29.4,15.807276078712773,0.0
2057-05-15,28.6,14.9,0.0
2057-05-16,28.859757894293733,15.3,0.0
2057-05-17,29.2,14.5,0.0
2057-05-18,29.9,14.0,0.0
2057-05-19,29.81247490763098,13.9,0.0
2057-05-20,29.2,14.7,0.0
2057-05-21,30.4,15.0,0.0
2057-05-22,28.0,14.7,0.0
2057-05-23,28.6,12.6,0.0
2057-05-24,29.2,12.6,0.0
2057-05-25,29.2,14.0,0.0
2057-05-26,28.9,14.0,0.0
2057-05-27,28.2,13.6,0.0
2057-05-28,27.518797093649077,12.9,0.0
2057-05-29,26.51721769439746,12.0,0.0
2057-05-30,27.4,9.1,0.0
2057-05-31,27.532003498385357,11.9,0.0
2057-06-01,25.2,13.4,0.0
2057-06-02,24.1,12.3,0.0
2057-06-03,25.4,11.4,0.0
2057-06-04,25.0,14.0,0.0
2057-06-05,25.8,13.2,0.0
2057-06-06,26.2,13.2,0.0
2057-06-07,26.7,13.478004876935293,0.0
2057-06-08,25.7,12.9,0.0
2057-06-09,25.2,11.7,0.0
2057-06-10,25.5,11.8,0.0
2057-06-11,25.7,12.1,0.0
2057-06-12,26.1,12.32041620318873,0.0
2057-06-13,27.0,11.9,0.0
2057-06-14,26.9,12.5,0.0
2057-06-15,26.3,11.9,0.0
2057-06-16,25.7,11.9,0.0
2057-06-17,24.9,11.9,0.0
2057-06-18,25.0,10.9,0.0
2057-06-19,25.7,11.1,0.0
2057-06-20,26.0,10.926049145515224,0.0
2057-06-21,26.9,9.4,0.0
2057-06-22,25.4,11.5,0.0
2057-06-23,24.9,10.2,0.0
2057-06-24,25.8,10.4,0.0
2057-06-25,26.9,11.3,0.0
2057-06-26,26.9,12.9,0.0
2057-06-27,24.6,12.6,0.0
2057-06-28,24.9,11.7,0.0
2057-06-29,24.6,13.2,0.0
2057-06-30,24.8,12.213028364849833,0.0
2057-07-01,26.0,12.481174500657804,0.0
2057-07-02,26.2,12.4,0.0
2057-07-03,25.7,12.488673603635924,0.0
2057-07-04,25.6,12.0,0.0
2057-07-05,26.0,11.6,0.0
2057-07-06,25.8,11.2,0.0
2057-07-07,25.6,10.5,0.0
2057-07-08,26.3,9.4,0.0
2057-07-09,27.7,10.108826695371366,0.0
2057-07-10,27.9906081808396,12.883575906142868,0.0
2057-07-11,27.6,13.0,0.0
2057-07-12,27.7,12.8,0.0
2057-07-13,28.0,12.6,0.0
2057-07-14,26.6,13.0,0.0
2057-07-15,25.3,11.8,0.0
2057-07-16,25.431872308934338,11.1,0.0
2057-07-17,27.0,11.2,0.0
2057-07-18,27.0,12.4,0.0
2057-07-19,24.9,13.0,0.0
2057-07-20,24.9,12.2,0.0
2057-07-21,24.17019998866919,13.6,0.0
2057-07-22,25.6,11.72817896756681,0.0
2057-07-23,27.1,10.5,0.0
2057-07-24,28.1,13.0,0.0
2057-07-25,28.1,13.291348722242153,0.0
2057-07-26,27.1,13.4,0.0
2057-07-27,25.7,12.824591365071324,0.0
2057-07-28,26.4,12.7,0.0
2057-07-29,25.6,14.2,0.0
2057-07-30,25.399592091099645,12.1,0.0
2057-07-31,26.0,11.2,0.0
2057-08-01,23.63168281306064,10.2,0.0
2057-08-02,24.1,10.0,0.0
2057-08-03,23.5,10.9,0.0
2057-08-04,25.2,10.6,0.0
2057-08-05,26.7,10.54637005142925,0.0
2057-08-06,26.5,11.3,0.0
2057-08-07,24.7,11.9,0.0
2057-08-08,25.2,9.4,0.0
2057-08-09,27.0,8.9,0.0
2057-08-10,28.5,11.5,0.0
2057-08-11,29.112518150379046,13.0,0.0
2057-08-12,29.9,14.2,0.0
2057-08-13,30.2,15.7,0.0
2057-08-14,30.42296346377959,16.7,0.0
2057-08-15,28.0,16.4,0.0
2057-08-16,26.2,14.119931500146778,0.0
2057-08-17,25.8,13.4,0.0
2057-08-18,26.0,12.4,0.0
2057-08-19,26.0,12.734167036028618,0.0
2057-08-20,26.3,11.8,0.0
2057-08-21,27.2,10.9,0.0
2057-08-22,28.6,11.5,0.0
2057-08-23,30.0,14.0,0.0
2057-08-24,31.278873392136664,15.4,0.0
2057-08-25,33.04109267682905,16.884512917115167,0.0
2057-08-26,33.06513809507274,17.461124591779015,0.0
2057-08-27,31.5,18.022242971937825,0.0
2057-08-28,30.731767701961186,18.572233040238995,0.0
2057-08-29,31.4,18.019545397651893,0.0
2057-08-30,33.2,18.826231647496474,0.0
2057-08-31,33.2,25.911865234375,0.0
2057-09-01,29.9,17.99730232471187,0.0
2057-09-02,27.8,14.9,0.0
2057-09-03,28.2,14.9,0.0
2057-09-04,30.2,13.690641718311353,0.0
2057-09-05,32.0,14.0,0.0
2057-09-06,33.1,15.4,0.0
2057-09-07,34.4,17.6,0.0
2057-09-08,32.9,19.621997033741195,0.0
2057-09-09,30.9,18.0,0.0
2057-09-10,29.8,15.9,0.0
2057-09-11,29.0,15.4,0.0
2057-09-12,29.174354545986766,14.5,0.0
2057-09-13,30.0,14.1,0.0
2057-09-14,30.5,13.859066775225624,0.0
2057-09-15,30.4,14.1,0.0
2057-09-16,31.302423538444884,14.9,0.0
2057-09-17,32.9,16.3,0.0
2057-09-18,34.3,18.1,0.0
2057-09-19,36.18078635366991,19.3,0.0
2057-09-20,39.34521484375,20.1,0.0
2057-09-21,36.987900786448826,21.4631708691365,0.0
2057-09-22,39.09375,20.5,0.0
2057-09-23,39.740478515625,20.2,0.0
2057-09-24,40.016845703125,20.4,0.0
2057-09-25,39.7265625,20.5,0.0
2057-09-26,40.51953125,20.5,0.0
2057-09-27,40.3154296875,20.5,0.0
2057-09-28,37.66863725818116,20.6,0.0
2057-09-29,36.17352049502651,20.2,0.0
2057-09-30,36.0,19.6,0.0
2057-10-01,34.2,20.0,0.0
2057-10-02,34.0,18.6,0.0
2057-10-03,37.24541797035587,18.6,0.0
2057-10-04,39.61728515625,18.9,0.0
2057-10-05,34.9,22.0,0.0
2057-10-06,33.9,19.6,0.0
2057-10-07,36.9,20.5,0.0
2057-10-08,38.0,21.7,0.0
2057-10-09,34.4,21.9,0.0
2057-10-10,35.6,20.7,0.0
2057-10-11,36.7,20.8,0.0
2057-10-12,38.58408203125,20.9,0.0
2057-10-13,39.067724609375,22.0,0.0
2057-10-14,38.977392578125,22.965394522882793,0.0
2057-10-15,39.391943359375,22.0,0.0
2057-10-16,39.597509765625,22.6581307952335,0.0
2057-10-17,32.7,21.4,0.0
2057-10-18,31.8,18.4,0.0
2057-10-19,33.0,20.2,0.0
2057-10-20,32.9,19.8,0.0
2057-10-21,34.5,20.2,0.0
2057-10-22,35.3,21.0,0.0
2057-10-23,35.5,21.4,0.0
2057-10-24,36.492591217846396,22.85093653879808,0.0
2057-10-25,36.2,23.91279296875,0.0
2057-10-26,31.6,18.4,2.151351351351352
2057-10-27,24.67259418729817,17.1,14.814054054054068
2057-10-28,24.683896663078578,16.8,3.2513513513513526
2057-10-29,31.0,17.6,0.0
2057-10-30,33.9,20.1,0.0
2057-10-31,35.2,20.2,0.0
2057-11-01,36.5,21.312294301801547,0.0
2057-11-02,35.5,22.0,0.0
2057-11-03,35.230079172937245,21.7,0.0
2057-11-04,34.2,20.2,0.0
2057-11-05,35.42293120302019,19.7,0.0
2057-11-06,39.6806640625,19.7,0.0
2057-11-07,39.92822265625,23.3579985038399,0.0
2057-11-08,39.970703125,21.726752548171632,0.0
2057-11-09,40.56591796875,21.7,0.0
2057-11-10,39.686279296875,23.150899088606675,0.0
2057-11-11,37.67983700710539,21.5,0.0
2057-11-12,37.81398829459313,21.4,0.0
2057-11-13,39.5712890625,21.9,0.0
2057-11-14,40.448486328125,21.9,0.0
2057-11-15,41.007568359375,23.70276827819231,0.0
2057-11-16,40.468017578125,23.2,0.0
2057-11-17,36.81142009640339,23.318894049831727,0.0
2057-11-18,33.079961862386774,19.6,0.0
2057-11-19,33.5,19.9,0.0
2057-11-20,36.5,20.5,0.0
2057-11-21,32.58148430029467,21.487033211504844,0.0
2057-11-22,29.0,19.3,13.06153846153846
2057-11-23,30.0,18.7,6.8
2057-11-24,31.7,18.5,1.2
2057-11-25,31.5,17.6,0.0
2057-11-26,31.3,18.8,2.5
2057-11-27,30.4,18.3,7.9
2057-11-28,28.7,18.9,11.4
2057-11-29,25.8,18.6,5.6
2057-11-30,26.7,18.4,45.666666666666664
2057-12-01,27.7,19.0,0.0
2057-12-02,27.0,18.9,0.0
2057-12-03,30.7,19.720851239167857,0.0
2057-12-04,30.9,17.7,0.0
2057-12-05,31.8,17.9,0.0
2057-12-06,32.1475178477982,19.8,0.0
2057-12-07,32.0,20.2,3.6
2057-12-08,30.7,19.8,7.0
2057-12-09,27.1,19.0,19.020980810234544
2057-12-10,27.1,18.8,0.0
2057-12-11,29.8,19.4,0.0
2057-12-12,30.826703427779847,18.7,0.0
2057-12-13,31.4,16.0,0.0
2057-12-14,31.8,16.0,0.0
2057-12-15,32.1,18.1,0.0
2057-12-16,32.4,20.3,0.0
2057-12-17,32.0,19.9,0.0
2057-12-18,31.7,20.354570555014995,5.746588486140725
2057-12-19,32.4,19.9,19.074541577825162
2057-12-20,27.7,19.6,21.8272921108742
2057-12-21,31.0,19.6,4.4
2057-12-22,31.2,19.0,0.4
2057-12-23,29.4,19.8,0.0
2057-12-24,29.4,19.8,7.110874200426439
2057-12-25,24.6,19.6,56.72919854508974
2057-12-26,28.0,19.75512698316367,2.0
2057-12-27,29.7,19.2,0.0
2057-12-28,30.9,19.6,0.0
2057-12-29,32.0,19.0,0.0
2057-12-30,32.0,19.5,0.0
2057-12-31,30.7,19.9,0.0
2058-01-01,30.9,17.9,0.0
2058-01-02,31.0,16.38776335931541,0.0
2058-01-03,25.72366770892067,18.6,0.0
2058-01-04,24.0,18.6,1.4
2058-01-05,24.5,19.4,21.0
2058-01-06,26.7,19.7,0.0
2058-01-07,29.5,19.4,33.56666666666666
2058-01-08,25.1,19.5,6.0
2058-01-09,29.5,18.8,0.0
2058-01-10,30.9,17.3,0.0
2058-01-11,24.6,19.732822288487856,0.0
2058-01-12,29.08002356500742,19.8,37.3
2058-01-13,28.6,19.7,16.4
2058-01-14,30.1,19.7,43.56666666666667
2058-01-15,29.3,19.7,52.1
2058-01-16,25.9,19.7,33.9
2058-01-17,30.0,19.6,60.4
2058-01-18,29.5,19.8,30.500000000000007
2058-01-19,28.7,19.590961013607277,39.966666666666676
2058-01-20,29.9,19.8,7.633333333333333
2058-01-21,29.7,19.703304694211553,10.7
2058-01-22,30.0,19.9,5.750000000000002
2058-01-23,30.0,19.8,42.894736842105274
2058-01-24,27.5,19.8,42.978947368421046
2058-01-25,28.4,19.7,35.51999999999998
2058-01-26,28.9,19.26098590773867,2.0
2058-01-27,29.1,19.825993133524005,0.0
2058-01-28,36.10208291487263,19.3,0.0
2058-01-29,31.9,20.43684981446014,0.0
2058-01-30,31.2,21.25159912109375,0.0
2058-01-31,29.4,19.8,2.966666666666667
2058-02-01,31.9,19.973258265810838,0.0
2058-02-02,32.8,19.566208446468718,1.0
2058-02-03,30.5,19.51786365113919,1.3972222222222224
2058-02-04,28.6,20.147291642485424,5.731250000000002
2058-02-05,29.1,19.58357715437664,6.0
2058-02-06,27.9,19.2,8.4
2058-02-07,28.3,19.965866481017766,1.5180555555555555
2058-02-08,28.448424398302066,20.11503785341966,1.8
2058-02-09,27.191635341218177,20.00398075958103,42.20555555555556
2058-02-10,26.1,19.951082911431627,0.0
2058-02-11,30.7,20.142463919246783,8.68125
2058-02-12,30.7,20.10707211007591,0.0
2058-02-13,30.0,18.4,0.0
2058-02-14,29.6,17.3,1.8
2058-02-15,31.4,15.7,0.0
2058-02-16,32.49410628416421,16.1,0.0
2058-02-17,31.8,19.0,0.0
2058-02-18,32.9,18.2,0.0
2058-02-19,35.978564453125,22.796673583984376,0.0
2058-02-20,35.968798828125,20.988812255859376,0.0
2058-02-21,35.786181640625,19.7,0.0
2058-02-22,29.8,19.912248089140636,6.2875
2058-02-23,28.40651778432971,19.0,25.488611111111105
2058-02-24,28.2,19.0,12.2
2058-02-25,28.1,19.7,5.268055555555556
2058-02-26,28.0,19.919155370392648,0.3
2058-02-27,27.9,19.88869883267069,0.0
2058-02-28,29.0,19.510266480729147,4.927777777777777
2058-03-01,26.4,19.8,2.2166436781609207
2058-03-02,29.9,19.1,9.349118773946364
2058-03-03,29.9,19.3,0.3
2058-03-04,30.1,19.1,1.7
2058-03-05,33.0,19.0,1.4
2058-03-06,35.2857421875,18.356628868867684,0.0
2058-03-07,29.9,19.2,0.6
2058-03-08,29.0,19.12194238400898,1.7
2058-03-09,26.0,18.8,0.0
2058-03-10,27.2,17.4,0.0
2058-03-11,29.6,16.2,0.0
2058-03-12,30.8,15.6,0.0
2058-03-13,31.73655172413793,15.7,0.0
2058-03-14,31.3,17.0,0.0
2058-03-15,29.5,18.9,0.0
2058-03-16,30.671052631578952,19.0,0.0
2058-03-17,31.2,17.3,0.0
2058-03-18,31.8,15.6,0.0
2058-03-19,30.9,15.9,0.0
2058-03-20,32.1,15.2,0.0
2058-03-21,31.6,19.8,0.0
2058-03-22,32.250295857988164,18.9,0.0
2058-03-23,32.6,18.6,0.0
2058-03-24,30.7,18.6,0.0
2058-03-25,31.0,17.0,0.0
2058-03-26,31.8,16.8,0.0
2058-03-27,32.5,17.1,0.0
2058-03-28,32.0,18.337471430467275,0.0
2058-03-29,31.6,18.1,0.0
2058-03-30,31.9,17.0,0.0
2058-03-31,32.635922330097095,17.0,0.0
2058-04-01,32.48107569721116,19.7,0.0
2058-04-02,33.2,19.4,0.0
2058-04-03,32.5,19.131466227347612,0.0
2058-04-04,32.4,19.4,0.0
2058-04-05,28.3,19.0,9.5
2058-04-06,31.5,18.4,0.0
2058-04-07,32.7,17.2,0.0
2058-04-08,25.7,19.0,9.4
2058-04-09,29.0,19.0,0.0
2058-04-10,30.4,18.6,0.0
2058-04-11,29.9,15.7,0.0
2058-04-12,30.0,14.3,0.0
2058-04-13,29.6,19.7,0.0
2058-04-14,28.0,18.6,0.0
2058-04-15,29.8,17.2,0.0
2058-04-16,30.121481481481478,17.7,0.0
2058-04-17,31.1,18.1,0.0
2058-04-18,32.2,16.5,0.0
2058-04-19,33.2,16.0,0.0
2058-04-20,32.0,18.2,0.0
2058-04-21,29.6,16.6,0.0
2058-04-22,28.9,15.2,0.0
2058-04-23,29.2,14.5,0.0
2058-04-24,30.4,14.1,0.0
2058-04-25,30.4,19.10263591433279,0.0
2058-04-26,30.8,18.9,9.65
2058-04-27,29.7,19.0,5.433333333333334
2058-04-28,29.2,18.6,0.0
2058-04-29,28.9,16.3,0.0
2058-04-30,28.9,15.0,0.0
2058-05-01,28.4,17.5,0.0
2058-05-02,28.9,15.8,0.0
2058-05-03,29.1,14.6,0.0
2058-05-04,29.6,14.9,0.0
2058-05-05,29.2,15.3,0.0
2058-05-06,29.8,14.5,0.0
2058-05-07,30.0,14.9,0.0
2058-05-08,29.9,14.9,0.0
2058-05-09,30.1,14.9,0.0
2058-05-10,30.288131230402023,15.321249713247076,0.0
2058-05-11,30.1,15.3,0.0
2058-05-12,30.3,14.9,0.0
2058-05-13,30.44438042170581,14.7,0.0
2058-05-14,31.757354025579943,14.7,0.0
2058-05-15,32.39322597491181,15.9,0.0
2058-05-16,30.1,15.3,0.0
2058-05-17,28.5,15.7,0.0
2058-05-18,27.0,15.7,0.0
2058-05-19,27.6,16.7,0.0
2058-05-20,28.8,14.410094486305459,0.0
2058-05-21,29.5,13.6,0.0
2058-05-22,29.5,12.7,0.0
2058-05-23,29.1,12.4,0.0
2058-05-24,29.1,13.0,0.0
2058-05-25,30.0,13.2,0.0
2058-05-26,31.0,13.2,0.0
2058-05-27,32.311151136642174,14.30770093290275,0.0
2058-05-28,33.8,15.3,0.0
2058-05-29,33.90205078125,16.976108928746154,0.0
2058-05-30,33.98701171875,17.0,0.0
2058-05-31,34.42158203125,16.725677564101428,0.0
2058-06-01,32.728125,15.942524024872814,0.0
2058-06-02,33.66123046875,16.4,0.0
2058-06-03,32.452978515625,20.45087890625,0.0
2058-06-04,30.0,16.661378383388964,0.0
2058-06-05,28.6,14.4,0.0
2058-06-06,27.283919911012237,14.2,0.0
2058-06-07,26.6,14.0,0.0
2058-06-08,24.910912997011923,13.2,0.0
2058-06-09,25.5,12.410684149616305,0.0
2058-06-10,26.4,11.8,0.0
2058-06-11,27.1,12.413411085268713,0.0
2058-06-12,27.0,12.420682913675131,0.0
2058-06-13,26.5,11.9,0.0
2058-06-14,26.1,12.5,0.0
2058-06-15,25.2,11.8,0.0
2058-06-16,25.0,10.9,0.0
2058-06-17,24.5,10.6,0.0
2058-06-18,24.3,10.272494260762551,0.0
2058-06-19,23.226167795867465,13.244042438316788,0.0
2058-06-20,24.0,13.4,0.0
2058-06-21,25.3,11.2,0.0
2058-06-22,25.698733233004,12.0,0.0
2058-06-23,25.4,11.9,0.0
2058-06-24,24.6,11.7,0.0
2058-06-25,24.2,12.5,0.0
2058-06-26,23.4,11.7,0.0
2058-06-27,22.1,9.6,0.0
2058-06-28,22.9,7.0,0.0
2058-06-29,23.2,7.0,0.0
2058-06-30,22.9,7.9,0.0
2058-07-01,25.0,6.5,0.0
2058-07-02,24.689666307857905,10.6,0.0
2058-07-03,23.6,11.270764262648008,0.0
2058-07-04,21.4,12.1,0.0
2058-07-05,20.7,9.3,0.0
2058-07-06,21.5,8.3,0.0
2058-07-07,22.3,8.2,0.0
2058-07-08,22.6,8.7,0.0
2058-07-09,24.3,9.1,0.0
2058-07-10,26.6,10.5,0.0
2058-07-11,27.0,11.0,0.0
2058-07-12,26.0,12.2,0.0
2058-07-13,25.7,11.0,0.0
2058-07-14,28.5,10.7,0.0
2058-07-15,29.2,12.4,0.0
2058-07-16,29.0,13.0,0.0
2058-07-17,25.506195431168507,14.601156290148948,0.0
2058-07-18,23.8,12.70086913732123,0.0
2058-07-19,23.1,9.5,0.0
2058-07-20,22.6,8.3,0.0
2058-07-21,23.9,7.9,0.0
2058-07-22,23.5,6.922282023681376,0.0
2058-07-23,23.8,5.496675995694294,0.0
2058-07-24,24.4,7.8,0.0
2058-07-25,25.30462863293864,10.4,0.0
2058-07-26,26.5,11.1,0.0
2058-07-27,24.4,13.0,0.0
2058-07-28,27.3,13.3,0.0
2058-07-29,27.3,13.4,0.0
2058-07-30,28.0,12.2,0.0
2058-07-31,29.1,12.0,0.0
2058-08-01,28.6,10.5,0.0
2058-08-02,24.8,13.606444815976905,0.0
2058-08-03,23.46625670101994,11.5,0.0
2058-08-04,23.49111255581963,11.0,0.0
2058-08-05,21.9,10.9,0.0
2058-08-06,22.09086759956943,9.5,0.0
2058-08-07,23.4,9.4,0.0
2058-08-08,25.2,6.5,0.0
2058-08-09,26.39315392895586,6.9,0.0
2058-08-10,28.3,7.9,0.0
2058-08-11,29.6,10.2,0.0
2058-08-12,29.802045209903117,14.4,0.0
2058-08-13,30.0,14.4,0.0
2058-08-14,31.1,13.7,0.0
2058-08-15,30.9,13.9,0.0
2058-08-16,28.8,15.4,0.0
2058-08-17,26.1,14.7,0.0
2058-08-18,25.0,13.3,0.0
2058-08-19,26.3,11.4,0.0
2058-08-20,29.56782953322242,11.687216156645647,0.0
2058-08-21,31.0,14.0,0.0
2058-08-22,30.0,15.4,0.0
2058-08-23,28.4,15.2,0.0
2058-08-24,28.8,13.0,0.0
2058-08-25,30.04086575426726,13.6,0.0
2058-08-26,31.1,14.2,0.0
2058-08-27,27.6,17.2,0.0
2058-08-28,25.047101525374778,14.371945871136392,0.0
2058-08-29,27.2,12.3,0.0
2058-08-30,28.5,12.3,0.0
2058-08-31,27.7,13.5,0.0
2058-09-01,27.12495466343075,13.647988102722834,0.0
2058-09-02,26.8,12.7,0.0
2058-09-03,28.6,11.295652173913044,0.0
2058-09-04,30.0,11.935279097987664,0.0
2058-09-05,31.0,12.9,0.0
2058-09-06,32.0,13.9,0.0
2058-09-07,29.9,17.0,0.0
2058-09-08,27.2,15.0,0.0
2058-09-09,27.8,13.5,0.0
2058-09-10,30.7,14.0,0.0
2058-09-11,33.0,16.0,0.0
2058-09-12,34.36478381580257,17.4,0.0
2058-09-13,34.64730164961796,18.0,0.0
2058-09-14,33.7,18.6,0.0
2058-09-15,31.4,19.3,0.0
2058-09-16,31.0,17.6,0.0
2058-09-17,31.6,17.0,0.0
2058-09-18,31.7,17.2,0.0
2058-09-19,33.1,18.1,0.0
2058-09-20,34.0,19.6,0.0
2058-09-21,35.1,19.6,0.0
2058-09-22,35.12781786082396,19.6,0.0
2058-09-23,36.168246019863155,20.0,0.0
2058-09-24,39.83935546875,20.2,0.0
2058-09-25,40.33544921875,20.5,0.0
2058-09-26,39.98193359375,20.5,0.0
2058-09-27,39.494384765625,20.5,0.0
2058-09-28,39.1376953125,20.35749563006516,0.0
2058-09-29,38.49856354250122,20.2,0.0
2058-09-30,39.35595703125,20.15063487732701,0.0
2058-10-01,38.98251953125,20.4,0.0
2058-10-02,38.89853515625,21.7,0.0
2058-10-03,38.0,21.82831053972064,0.0
2058-10-04,37.10678148546823,21.6,0.0
2058-10-05,38.2598406679859,18.5,0.0
2058-10-06,36.3,21.4,0.0
2058-10-07,37.2,21.6,0.0
2058-10-08,36.95374364704118,22.82108197658771,0.0
2058-10-09,35.2,22.6,0.0
2058-10-10,29.5,19.5,0.0
2058-10-11,30.1,18.2,0.0
2058-10-12,31.4,18.4,0.0
2058-10-13,33.1,16.7,0.0
2058-10-14,34.0,19.0,0.0
2058-10-15,34.9,20.7,0.0
2058-10-16,35.8,21.0,0.0
2058-10-17,38.0,21.8,0.0
2058-10-18,38.942724609375,21.7,0.0
2058-10-19,38.870458984375,23.423498221094462,0.0
2058-10-20,37.2,22.6,0.0
2058-10-21,37.16755200640847,21.9,0.0
2058-10-22,37.0,21.84206869556706,0.0
2058-10-23,38.07024001820633,21.8364125648302,0.0
2058-10-24,36.70342844988171,21.997311697239077,0.0
2058-10-25,34.5,21.56896542639276,0.0
2058-10-26,33.4,20.2,0.0
2058-10-27,34.9,19.4,0.0
2058-10-28,38.01116454339814,20.0,0.0
2058-10-29,38.85703125,21.9,0.0
2058-10-30,38.86044921875,22.101862403028832,0.0
2058-10-31,38.830419921875,22.0,0.0
2058-11-01,40.00390625,21.7,0.0
2058-11-02,40.69482421875,21.92459031306988,0.0
2058-11-03,34.1,22.311519428010214,0.0
2058-11-04,32.8,20.0,0.0
2058-11-05,34.9260346994496,20.5,0.0
2058-11-06,39.6796875,21.3,0.0
2058-11-07,37.519127284284124,22.961270946212643,0.0
2058-11-08,35.844889155231925,21.1,0.0
2058-11-09,39.251427512050384,21.0,0.0
2058-11-10,39.876220703125,20.4,0.0
2058-11-11,37.482664547910375,23.327540860096597,0.0
2058-11-12,34.0,22.95623619942557,0.0
2058-11-13,37.96945046418515,23.599820930681783,0.0
2058-11-14,36.42990862120944,23.736693738999094,0.0
2058-11-15,36.0,23.341972088262782,0.0
2058-11-16,37.467750198633404,22.3,0.0
2058-11-17,37.50953948832036,23.658195708880502,0.0
2058-11-18,35.547129463576304,24.31998291015625,0.0
2058-11-19,35.0,23.0,0.0
2058-11-20,29.6,19.9,17.000000000000007
2058-11-21,28.8,19.21209677419355,60.595145631067965
2058-11-22,28.8,18.8,2.8
2058-11-23,31.3,18.6,0.9
2058-11-24,31.1,19.3,9.624999999999972
2058-11-25,31.0,19.0,0.0
2058-11-26,27.281676465914508,18.8,0.0
2058-11-27,29.2,18.0,0.0
2058-11-28,30.7,17.0,0.0
2058-11-29,31.016123228708224,17.41459955506118,0.0
2058-11-30,31.2,18.7,0.0
2058-12-01,32.724687532025015,19.8,0.0
2058-12-02,33.676418660327855,19.658775224333823,0.0
2058-12-03,33.7,18.6,0.0
2058-12-04,33.7,20.2,0.0
2058-12-05,33.7,19.9,0.0
2058-12-06,30.2,19.5,0.0
2058-12-07,31.5902217160517,19.9,42.059349216649665
2058-12-08,30.5,19.9,13.441151385927508
2058-12-09,30.0,19.71318676474816,4.5
2058-12-10,25.2,19.500255347030482,23.8
2058-12-11,27.0,19.8,25.0
2058-12-12,28.0,19.6,30.31756929637526
2058-12-13,29.6,19.8,51.65799573560768
2058-12-14,25.5,18.4,1.4
2058-12-15,27.1,16.6,0.0
2058-12-16,28.27798708288482,17.0,0.0
2058-12-17,26.0,18.1,0.0
2058-12-18,23.896196428411688,18.4,0.0
2058-12-19,25.4,18.7,0.0
2058-12-20,26.6,18.4,0.0
2058-12-21,29.6,17.6,20.86439232409383
2058-12-22,29.4,19.59779059139164,0.3
2058-12-23,28.8,18.8,4.436780383795309
2058-12-24,28.0,19.2,0.0
2058-12-25,29.6,19.5,0.0
2058-12-26,30.6,19.6,1.2
2058-12-27,30.0,19.5,26.0
2058-12-28,29.4,19.8,6.299786780383794
2058-12-29,28.4,19.6,20.3590618336887
2058-12-30,28.0,19.5,3.4
2058-12-31,27.6,19.4,0.0
2059-01-01,29.4,18.9,10.7
2059-01-02,28.9,19.7,0.0
2059-01-03,29.465630134270008,19.6,0.6
2059-01-04,29.3,19.3,9.0
2059-01-05,28.7,19.3,0.2
2059-01-06,29.7,19.2,11.0
2059-01-07,27.6,19.408867909000833,22.4
2059-01-08,31.7,19.182675281406812,41.4
2059-01-09,29.8,19.42123923985213,35.35999999999999
2059-01-10,29.7,18.5,0.0
2059-01-11,30.3,19.8,0.0
2059-01-12,31.7,19.9,0.0
2059-01-13,31.728469210376886,20.263284389333858,0.0
2059-01-14,32.6,19.4,0.0
2059-01-15,32.2,19.0,2.8
2059-01-16,29.9,19.730406840412535,9.4
2059-01-17,25.6,19.7,60.4
2059-01-18,24.7,19.78680923910929,34.0
2059-01-19,24.0,19.6,41.4
2059-01-20,24.2,19.5,27.8
2059-01-21,29.3,19.458468314553475,1.0
2059-01-22,27.9,18.97800137917115,0.6
2059-01-23,28.1,19.427683840109555,3.0
2059-01-24,29.1,19.4,1.2
2059-01-25,26.1,19.2,2.9
2059-01-26,26.9,19.6,0.8
2059-01-27,23.685669038713648,18.6,8.4
2059-01-28,22.660864153835348,18.5,70.6
2059-01-29,24.133095371367062,19.0,11.7
2059-01-30,25.7,18.9,27.150000000000006
2059-01-31,25.0,18.7,4.9
2059-02-01,27.6,19.59771447476681,6.0
2059-02-02,28.1,19.0,1.3
2059-02-03,29.2,19.2,5.0
2059-02-04,24.5,19.0,0.3
2059-02-05,25.5,19.0,0.0
2059-02-06,26.1,19.1,0.0
2059-02-07,28.9,19.186910218567455,6.0
2059-02-08,29.6,18.9,0.0
2059-02-09,30.7,16.7,0.0
2059-02-10,29.7,18.2,0.0
2059-02-11,28.1,18.6,6.4
2059-02-12,25.070831537037506,19.0,125.0
2059-02-13,27.2,18.9,21.0
2059-02-14,32.8,18.6,0.0
2059-02-15,36.025927734375,19.4,0.0
2059-02-16,32.7,19.9,12.495833333333335
2059-02-17,29.0,19.971904140529418,0.0
2059-02-18,32.1,17.6,0.0
2059-02-19,32.8,19.0,0.0
2059-02-20,32.0,19.925441493258692,0.0
2059-02-21,31.2,19.0,1.3972222222222224
2059-02-22,31.881941178365487,18.9,0.0
2059-02-23,26.6,19.41541730864268,6.0
2059-02-24,26.3,19.0,0.0
2059-02-25,28.4,17.5,0.0
2059-02-26,28.3,20.1276129229984,0.0
2059-02-27,29.1,20.125446194830584,0.0
2059-02-28,32.0,21.153851318359376,0.0
2059-03-01,32.5,19.9,0.0
2059-03-02,31.6,19.6,0.0
2059-03-03,31.1,18.9,0.0
2059-03-04,33.0,18.7,4.640459770114942
2059-03-05,30.9,19.0,0.0
2059-03-06,27.6,18.8,0.0
2059-03-07,28.2,18.2,0.0
2059-03-08,26.6,18.6,0.0
2059-03-09,27.4,18.7,0.0
2059-03-10,28.8,18.2,0.0
2059-03-11,30.564285714285713,16.5,0.0
2059-03-12,30.2,16.7,0.0
2059-03-13,29.9,17.8,0.0
2059-03-14,29.9,17.0,0.0
2059-03-15,30.9,16.5,0.0
2059-03-16,30.7,18.5,0.0
2059-03-17,30.1,19.556448152022114,0.0
2059-03-18,31.1,17.5,0.0
2059-03-19,32.19634551495017,16.0,0.0
2059-03-20,32.1,17.7,0.0
2059-03-21,32.33714285714286,18.2,0.0
2059-03-22,33.68333333333334,19.0,0.0
2059-03-23,35.6060546875,19.9,0.0
2059-03-24,35.10458984375,23.10318603515625,0.0
2059-03-25,29.7,20.3,5.91793103448276
2059-03-26,28.5,19.2,0.0
2059-03-27,31.8,18.0,0.0
2059-03-28,33.323035230352296,17.3,0.0
2059-03-29,34.93369140625,18.6,0.0
2059-03-30,31.2,19.9,0.0
2059-03-31,26.5,19.0,0.0
2059-04-01,27.4,19.0,0.0
2059-04-02,28.6,19.4,0.0
2059-04-03,28.6,19.194028006589786,0.0
2059-04-04,27.2,18.603254678600486,0.0
2059-04-05,30.46363636363637,17.8,0.0
2059-04-06,30.959922178988325,18.01015625,0.0
2059-04-07,30.11777777777778,18.4,0.0
2059-04-08,30.7,16.5,0.0
2059-04-09,30.904280155642017,17.0,0.0
2059-04-10,29.9,18.4,0.0
2059-04-11,29.2,17.5,0.0
2059-04-12,31.1,17.4,0.0
2059-04-13,31.878220858895702,17.7,0.0
2059-04-14,32.7,18.2,0.0
2059-04-15,33.897708795269764,18.6,0.0
2059-04-16,33.88470066518847,19.4,0.0
2059-04-17,31.883128834355823,19.7,0.0
2059-04-18,31.1,18.4,0.0
2059-04-19,31.0,17.2,0.0
2059-04-20,30.82820512820513,16.0,0.0
2059-04-21,31.2,15.9,0.0
2059-04-22,29.9,18.6,0.0
2059-04-23,31.4,18.5,0.0
2059-04-24,30.0,17.6,0.0
2059-04-25,28.1,18.4,0.0
2059-04-26,31.7,18.3,0.0
2059-04-27,31.7,19.0,0.0
2059-04-28,31.7,17.3,0.0
2059-04-29,31.7,16.3,0.0
2059-04-30,32.2,16.0,0.0
2059-05-01,31.6,15.2,0.0
2059-05-02,31.137257012600504,15.8,0.0
2059-05-03,31.6,16.7,0.0
2059-05-04,32.212178537552354,16.9,0.0
2059-05-05,32.55447584652351,17.2,0.0
2059-05-06,32.96100545037724,17.2,0.0
2059-05-07,32.56102737759008,17.030370698692067,0.0
2059-05-08,31.6,16.9,0.0
2059-05-09,30.7,16.8,0.0
2059-05-10,31.656366943253094,16.9,0.0
2059-05-11,30.6,17.830147305540194,0.0
2059-05-12,29.82433596136501,18.0880179138593,0.0
2059-05-13,30.1,17.0,0.0
2059-05-14,31.0,16.9,0.0
2059-05-15,31.0,16.2,0.0
2059-05-16,27.2,15.76349135745357,0.0
2059-05-17,26.1,14.5,0.0
2059-05-18,27.0,13.1,0.0
2059-05-19,28.4,13.8,0.0
2059-05-20,29.1,16.5,0.0
2059-05-21,28.95318741777298,15.6,0.0
2059-05-22,28.864661346675394,13.5,0.0
2059-05-23,28.004164941624563,13.0,0.0
2059-05-24,27.5,12.1,0.0
2059-05-25,25.3,11.4,0.0
2059-05-26,26.1,10.7,0.0
2059-05-27,28.432121826125485,12.0,0.0
2059-05-28,30.250322927879438,12.4,0.0
2059-05-29,31.131520293801042,13.7,0.0
2059-05-30,31.6,14.9,0.0
2059-05-31,31.62166989459908,15.6,0.0
2059-06-01,29.2,14.2,0.0
2059-06-02,29.52259279366152,13.7,0.0
2059-06-03,29.72185565043423,14.1565498528999,0.0
2059-06-04,29.0,14.4,0.0
2059-06-05,26.0,13.784268716081854,0.0
2059-06-06,25.4,12.391657397107902,0.0
2059-06-07,25.6,11.1,0.0
2059-06-08,26.679017749189928,11.5,0.0
2059-06-09,28.0,12.278474820507645,0.0
2059-06-10,28.6,13.0,0.0
2059-06-11,28.63350642127617,13.2,0.0
2059-06-12,28.2,13.7,0.0
2059-06-13,26.2,13.0,0.0
2059-06-14,25.4,11.5,0.0
2059-06-15,24.9,11.0,0.0
2059-06-16,24.1,9.9,0.0
2059-06-17,24.1,9.6,0.0
2059-06-18,24.5,10.159195402298854,0.0
2059-06-19,25.2,10.2,0.0
2059-06-20,25.708392973324653,11.0,0.0
2059-06-21,26.6,10.5,0.0
2059-06-22,27.0,9.0,0.0
2059-06-23,26.106645768025075,11.7,0.0
2059-06-24,24.8,11.7,0.0
2059-06-25,24.7,10.263399640262232,0.0
2059-06-26,25.7,6.9880211729507895,0.0
2059-06-27,26.6,6.1,0.0
2059-06-28,24.0,11.5,0.0
2059-06-29,21.1,11.5,0.0
2059-06-30,21.4,9.2,0.0
2059-07-01,22.9,8.0,0.0
2059-07-02,24.9,6.0,0.0
2059-07-03,26.3,5.8,0.0
2059-07-04,26.0,9.0,0.0
2059-07-05,25.2,9.3,0.0
2059-07-06,26.0,9.5,0.0
2059-07-07,27.0,10.7,0.0
2059-07-08,27.7,12.4,0.0
2059-07-09,27.9,13.6,0.0
2059-07-10,27.0,13.2,0.0
2059-07-11,27.2,12.2,0.0
2059-07-12,27.989911716980213,12.0,0.0
2059-07-13,28.7,11.8,0.0
2059-07-14,29.0,12.2,0.0
2059-07-15,27.6,13.9,0.0
2059-07-16,27.7,12.9,0.0
2059-07-17,28.2,12.2,0.0
2059-07-18,28.7,12.8,0.0
2059-07-19,27.270540365984917,13.5,0.0
2059-07-20,27.1,11.919946178686763,0.0
2059-07-21,28.6,12.4,0.0
2059-07-22,29.4,13.6,0.0
2059-07-23,29.682801705931237,14.272888715846369,0.0
2059-07-24,29.74188232724256,15.19070499873005,0.0
2059-07-25,30.0,15.259675512082492,0.0
2059-07-26,28.9,15.275651861905429,0.0
2059-07-27,26.7,14.0,0.0
2059-07-28,25.7,12.4,0.0
2059-07-29,27.0,11.2,0.0
2059-07-30,28.2,11.6,0.0
2059-07-31,29.1,12.8,0.0
2059-08-01,29.2,11.9,0.0
2059-08-02,28.6,14.2,0.0
2059-08-03,27.8,14.0,0.0
2059-08-04,28.1,13.5,0.0
2059-08-05,26.6,14.2,0.0
2059-08-06,27.0,13.2,0.0
2059-08-07,28.5,12.6,0.0
2059-08-08,26.4,15.2,0.0
2059-08-09,25.7,14.6,0.0
2059-08-10,26.0,13.5,0.0
2059-08-11,27.4,13.7,0.0
2059-08-12,28.0,15.034997101929285,0.0
2059-08-13,27.6,15.5,0.0
2059-08-14,27.6,15.2,0.0
2059-08-15,28.2,14.32444287252037,0.0
2059-08-16,28.0,14.7,0.0
2059-08-17,26.4,14.484422574196527,0.0
2059-08-18,25.0,13.690656152010108,0.0
2059-08-19,24.7,12.7,0.0
2059-08-20,26.63808455926324,12.4,0.0
2059-08-21,28.1,13.8,0.0
2059-08-22,28.6,14.8,0.0
2059-08-23,30.0,15.5,0.0
2059-08-24,32.5,17.91781714727386,0.0
2059-08-25,33.76664173983508,18.702016211350706,0.0
2059-08-26,33.50919528065691,16.4,0.0
2059-08-27,32.9,17.6534983853606,0.0
2059-08-28,32.9,14.5,0.0
2059-08-29,32.5,18.208255655054995,0.0
2059-08-30,32.9,18.08383758479986,0.0
2059-08-31,30.9,18.793039345284505,0.0
2059-09-01,29.1,15.9,0.0
2059-09-02,28.6,14.2,0.0
2059-09-03,28.2,14.9,0.0
2059-09-04,29.2,14.0,0.0
2059-09-05,30.7,14.3,0.0
2059-09-06,32.0,15.5,0.0
2059-09-07,32.9,17.148262664731057,0.0
2059-09-08,33.1,18.2,0.0
2059-09-09,33.7,18.3,0.0
2059-09-10,33.7,18.5,0.0
2059-09-11,32.89420357173417,19.2,0.0
2059-09-12,33.0,18.5,0.0
2059-09-13,33.00111234705229,18.698490964942657,0.0
2059-09-14,32.0,18.1,0.0
2059-09-15,30.2,16.9,0.0
2059-09-16,32.0,14.6,0.0
2059-09-17,34.04138751618374,14.5,0.0
2059-09-18,33.1,18.7,0.0
2059-09-19,31.9,18.5,0.0
2059-09-20,30.7,17.6,0.0
2059-09-21,31.9,16.426730555317874,0.0
2059-09-22,32.8962546908042,17.292163009404387,0.0
2059-09-23,33.6648158447658,18.2,0.0
2059-09-24,35.0,20.0,0.0
2059-09-25,34.619242876980245,20.2,0.0
2059-09-26,34.6,20.0,0.0
2059-09-27,34.91830144092515,18.8,0.0
2059-09-28,36.0,19.0,0.0
2059-09-29,37.66646182886437,19.9,0.0
2059-09-30,38.6182121549196,20.5,0.0
2059-10-01,37.0,20.5,0.0
2059-10-02,38.0,20.3,0.0
2059-10-03,34.4,21.0,0.0
2059-10-04,32.1,19.79637603157516,0.0
2059-10-05,33.975520272694645,18.7,0.0
2059-10-06,38.05073564514289,20.4,0.0
2059-10-07,37.2,20.0,0.6
2059-10-08,34.0,18.1,2.4
2059-10-09,35.92701829924649,19.156107642626477,0.0
2059-10-10,35.0,19.9,17.95384615384616
2059-10-11,32.8,19.0,0.0
2059-10-12,36.0,19.7,4.924324324324326
2059-10-13,35.7,16.9,0.0
2059-10-14,37.2,21.86554163812505,0.0
2059-10-15,34.5,21.9,0.0
2059-10-16,32.0,20.1,0.0
2059-10-17,33.1,19.9,0.0
2059-10-18,35.9,19.7,0.0
2059-10-19,31.1,19.2,7.738378378378388
2059-10-20,27.8,18.1,19.357796257796256
2059-10-21,25.9,16.9,2.7648648648648653
2059-10-22,19.973901196976204,14.6,85.9
2059-10-23,20.19373349395021,13.890977590762306,0.0
2059-10-24,26.7,12.654034273598262,0.0
2059-10-25,28.751943547422556,15.134318125362258,0.0
2059-10-26,30.7,16.6,0.0
2059-10-27,32.7,17.0,0.0
2059-10-28,33.0,20.3,0.0
2059-10-29,34.1,20.7,0.0
2059-10-30,35.3,19.8,0.0
2059-10-31,35.1,21.4,0.0
2059-11-01,35.9,21.72308191227443,0.0
2059-11-02,36.39013471758744,20.7,0.0
2059-11-03,37.76192014742386,22.537815975088535,0.0
2059-11-04,35.909296551724125,21.7,0.0
2059-11-05,36.2,20.6,0.0
2059-11-06,39.933837890625,20.6,0.0
2059-11-07,39.00633156239383,19.8,0.0
2059-11-08,32.3,19.2,0.0
2059-11-09,30.0,18.5,0.0
2059-11-10,32.1,19.0,0.0
2059-11-11,33.84479106137831,18.0,0.0
2059-11-12,34.5,18.5,0.0
2059-11-13,33.9,20.58870254698953,0.0
2059-11-14,34.2,20.921412993799656,0.0
2059-11-15,34.9,19.7,0.0
2059-11-16,34.5,20.2,0.0
2059-11-17,33.5,21.7,0.0
2059-11-18,32.9,19.0,0.0
2059-11-19,33.3,18.6,0.0
2059-11-20,33.79171919416635,20.82675343370234,0.0
2059-11-21,31.8,19.3,0.0
2059-11-22,32.9,19.2,0.0
2059-11-23,31.017744353629638,19.5,3.8
2059-11-24,30.162625139043378,19.0,2.0333333333333328
2059-11-25,31.39180248585384,19.5,0.0
2059-11-26,31.8,19.7,0.0
2059-11-27,31.7,19.4,0.0
2059-11-28,31.0,19.5,0.0
2059-11-29,32.5,19.2,0.0
2059-11-30,31.7,19.321878509997553,17.3
2059-12-01,30.0,19.8,15.2
2059-12-02,26.8,19.0,4.5
2059-12-03,27.7,19.4,1.2
2059-12-04,28.0,19.71184682166778,0.0
2059-12-05,29.8,19.8,0.0
2059-12-06,29.5,19.143711010378436,0.0
2059-12-07,29.9,19.9,0.0
2059-12-08,30.7,20.0,0.0
2059-12-09,31.8,19.775896100909367,6.957249466950956
2059-12-10,24.4,19.3,43.2
2059-12-11,27.8,18.2,0.0
2059-12-12,27.6,18.2,0.82046908315565
2059-12-13,29.2,19.5,10.2
2059-12-14,30.0,18.9,13.162046908315572
2059-12-15,30.549864424793228,19.5,52.49987948456475
2059-12-16,25.6,19.2,43.2
2059-12-17,27.4,19.4,0.0
2059-12-18,30.3,18.00079183685506,1.7
2059-12-19,29.23137782561893,19.2,0.0
2059-12-20,26.6,19.2,0.0
2059-12-21,24.6,18.5,0.0
2059-12-22,29.0,16.779009687836385,0.0
2059-12-23,29.8,17.5,0.0
2059-12-24,30.6,19.8,0.0
2059-12-25,30.5,19.5,4.284434968017056
2059-12-26,30.7,19.6,0.0
2059-12-27,31.2,19.9,0.0
2059-12-28,31.4,19.9,0.0
2059-12-29,31.6,19.9,0.0
2059-12-30,31.5,19.8,0.0
2059-12-31,32.0,19.6,0.0
2060-01-01,31.710481744298246,19.9,6.733333333333331
2060-01-02,23.9,18.8,65.19999999999999
2060-01-03,24.358688778256187,18.7,17.9
2060-01-04,27.8,19.503648206739175,2.3
2060-01-05,24.0,19.0,65.93333333333335
2060-01-06,26.5,18.4,0.0
2060-01-07,28.7,19.6,0.0
2060-01-08,28.4,19.423540882801213,0.0
2060-01-09,29.2,19.2,1.5
2060-01-10,29.0,19.3,12.9
2060-01-11,28.9,19.4,0.9
2060-01-12,29.3,19.2,0.0
2060-01-13,29.8,19.7,0.0
2060-01-14,28.4,19.6,27.0
2060-01-15,31.1,18.9,59.925
2060-01-16,27.6,19.577745373537855,20.7
2060-01-17,28.7,18.7,0.0
2060-01-18,24.0,18.5,2.7
2060-01-19,24.0,18.4,24.9
2060-01-20,26.1,19.5,1.4
2060-01-21,29.4,19.4,6.8
2060-01-22,28.9,18.8,25.3
2060-01-23,27.9,19.4,9.9
2060-01-24,29.9,19.5,0.0
2060-01-25,27.4,19.7,0.6499999999999998
2060-01-26,30.4,19.5,0.0
2060-01-27,27.5,19.597634257602703,60.4
2060-01-28,28.0,19.0,1.3
2060-01-29,29.0,18.8,38.625
2060-01-30,25.8,19.27011180025172,22.0
2060-01-31,26.4,19.4,29.0
2060-02-01,27.7,18.7,4.8770833333333306
2060-02-02,29.6,18.7,4.8
2060-02-03,29.0,18.8,1.9375
2060-02-04,28.1,19.2,1.0
2060-02-05,27.5,18.9,10.063888888888888
2060-02-06,28.2,18.9,1.9
2060-02-07,29.0,17.9,0.0
2060-02-08,28.7,18.9,4.0
2060-02-09,29.5,18.6,1.8840277777777779
2060-02-10,31.9,19.0,0.0
2060-02-11,29.8,18.9,0.0
2060-02-12,30.7,16.3,0.0
2060-02-13,31.0,18.2,0.0
2060-02-14,28.6,19.0,3.0
2060-02-15,29.5,18.4,3.647685185185186
2060-02-16,29.0,19.5,26.0
2060-02-17,30.0,19.7,2.045833333333334
2060-02-18,28.5,19.2,18.4
2060-02-19,28.1,19.0,0.3
2060-02-20,27.8,19.576155061171807,0.0
2060-02-21,29.6,18.9,0.0
2060-02-22,28.0,19.623464594048905,0.0
2060-02-23,29.6,17.2,0.0
2060-02-24,29.4,15.2,0.0
2060-02-25,28.2,17.5,0.0
2060-02-26,29.7,18.2,0.0
2060-02-27,23.5,18.5,82.78292897327712
2060-02-28,25.7,19.0,25.42777777777777
2060-03-01,25.4109375,19.185152856198847,8.11158620689655
2060-03-02,28.0,19.1,6.7234482758620695
2060-03-03,31.8,18.9,31.845851619644726
2060-03-04,30.9,18.9,17.929655172413796
2060-03-05,30.5,19.0,4.640459770114942
2060-03-06,27.392857142857142,19.45727805941424,3.4
2060-03-07,27.0,19.523098361537752,0.0
2060-03-08,29.5,19.2,2.4
2060-03-09,27.8,19.0,0.6
2060-03-10,30.4,19.224503325881134,13.497701149425296
2060-03-11,29.7,18.9,13.209655172413797
2060-03-12,30.2,18.4,5.565517241379314
2060-03-13,31.4,18.9,5.800229885057466
2060-03-14,31.8,18.8,2.7324137931034485
2060-03-15,30.0,18.8,0.0
2060-03-16,30.0,18.9,0.6
2060-03-17,30.9,19.2,2.6
2060-03-18,31.2,19.0,2.3
2060-03-19,31.8,19.2,5.4
2060-03-20,31.6,19.2,16.684827586206897
2060-03-21,28.7,19.0,5.19605911330049
2060-03-22,26.9,19.3,1.5
2060-03-23,29.0,19.1,2.782758620689655
2060-03-24,27.9,19.0,28.19862068965516
2060-03-25,28.9,18.5,0.0
2060-03-26,28.7,18.0,0.0
2060-03-27,27.8,17.3,0.0
2060-03-28,27.34464285714286,17.2,0.0
2060-03-29,26.9,15.7,0.0
2060-03-30,28.2,14.4,0.0
2060-03-31,29.7,13.9,0.0
2060-04-01,30.2,17.35303643724696,0.0
2060-04-02,29.4,18.7,0.0
2060-04-03,28.5,18.0,0.0
2060-04-04,29.9,15.9,0.0
2060-04-05,30.2,15.7,0.0
2060-04-06,30.4,14.5,0.0
2060-04-07,29.2,15.8,0.0
2060-04-08,27.1,15.8,0.0
2060-04-09,28.2,16.0,0.0
2060-04-10,29.0,14.5,0.0
2060-04-11,30.0,14.9,0.0
2060-04-12,30.6,16.2,0.0
2060-04-13,29.9,17.4,0.0
2060-04-14,27.0,18.6,0.0
2060-04-15,28.5,19.4,2.883333333333333
2060-04-16,27.3,18.1,11.733333333333338
2060-04-17,25.2,18.3,0.0
2060-04-18,25.5,12.6,0.0
2060-04-19,26.2,10.0,0.0
2060-04-20,27.6,9.401132075471699,0.0
2060-04-21,28.6,10.0,0.0
2060-04-22,29.4,10.011764705882353,0.0
2060-04-23,28.9,11.430769230769231,0.0
2060-04-24,28.0,14.0,0.0
2060-04-25,28.1,13.2,0.0
2060-04-26,28.9,12.0,0.0
2060-04-27,30.0,13.3,0.0
2060-04-28,31.57631578947369,14.0,0.0
2060-04-29,31.8,14.9,0.0
2060-04-30,32.4,15.2,0.0
2060-05-01,32.0,14.9,0.0
2060-05-02,31.938267569205184,15.2,0.0
2060-05-03,30.9,16.5,0.0
2060-05-04,30.6,14.9,0.0
2060-05-05,31.04834611099882,14.5,0.0
2060-05-06,31.6,14.5,0.0
2060-05-07,31.605019418083547,15.3,0.0
2060-05-08,31.597540166646723,15.566614476302297,0.0
2060-05-09,30.353056615043823,15.8,0.0
2060-05-10,28.6,16.9,0.0
2060-05-11,26.7,14.9,0.0
2060-05-12,26.1,13.2,0.0
2060-05-13,27.1,12.5,0.0
2060-05-14,29.0,11.9,0.0
2060-05-15,30.3,11.9,0.0
2060-05-16,30.0,12.9,0.0
2060-05-17,28.1,14.1,0.0
2060-05-18,28.9,12.4,0.0
2060-05-19,29.5,12.3,0.0
2060-05-20,30.0,14.5,0.0
2060-05-21,24.7,16.9,0.0
2060-05-22,24.4,14.0,0.0
2060-05-23,23.7,11.2,0.0
2060-05-24,24.3,9.9,0.0
2060-05-25,25.3,9.9,0.0
2060-05-26,27.0,10.4,0.0
2060-05-27,28.5,12.1,0.0
2060-05-28,29.8,13.0,0.0
2060-05-29,29.5,13.4,0.0
2060-05-30,27.0,13.195582104034308,0.0
2060-05-31,27.0,11.4,0.0
2060-06-01,27.0,10.2,0.0
2060-06-02,29.540748347614148,11.1,0.0
2060-06-03,30.626392583387563,12.380408787541718,0.0
2060-06-04,31.42587890625,14.0,0.0
2060-06-05,30.778219107212976,16.14626480171035,0.0
2060-06-06,30.01511893124797,16.17634848344023,0.0
2060-06-07,29.33745084094653,14.5975696902282,0.0
2060-06-08,29.5,13.8,0.0
2060-06-09,29.27118604278698,13.7,0.0
2060-06-10,29.268977145326946,14.021223076145219,0.0
2060-06-11,28.52639399903027,14.2,0.0
2060-06-12,27.587541713014463,13.0,0.0
2060-06-13,26.9,12.28563302659522,0.0
2060-06-14,27.0,10.9,0.0
2060-06-15,27.528488024986956,11.0,0.0
2060-06-16,28.5,12.0,0.0
2060-06-17,29.2,13.2,0.0
2060-06-18,29.9,13.4,0.0
2060-06-19,30.604181166851152,15.954325844745528,0.0
2060-06-20,30.541951232315803,18.296075545812,0.0
2060-06-21,27.9,14.1,0.0
2060-06-22,26.1,11.2,0.0
2060-06-23,26.808427848180234,7.0,0.0
2060-06-24,26.9,11.5,0.0
2060-06-25,27.7,12.0,0.0
2060-06-26,29.6,13.0,0.0
2060-06-27,28.5,12.0,0.0
2060-06-28,27.6,11.6,0.0
2060-06-29,26.9,12.6,0.0
2060-06-30,26.6,12.3,0.0
2060-07-01,27.6,13.583100107642615,0.0
2060-07-02,28.1,13.6,0.0
2060-07-03,28.8,14.94118980983135,0.0
2060-07-04,24.0,16.0,0.0
2060-07-05,26.6,16.0,0.0
2060-07-06,27.7,15.320196252788556,0.0
2060-07-07,28.5,15.384457340759091,0.0
2060-07-08,29.1,14.3,0.0
2060-07-09,30.7,15.253154552971086,0.0
2060-07-10,32.92744140625,16.0,0.0
2060-07-11,31.143940077449077,17.234521484375,0.0
2060-07-12,30.89821780079431,16.0,0.0
2060-07-13,31.185994934990095,18.2787109375,0.0
2060-07-14,29.5,16.0,0.0
2060-07-15,29.7,16.0,0.0
2060-07-16,30.847650639943613,16.0,0.0
2060-07-17,31.125352295110513,16.0,0.0
2060-07-18,31.19637311346246,16.0,0.0
2060-07-19,28.6,16.0,0.0
2060-07-20,24.7,16.0,0.0
2060-07-21,25.2,16.0,0.0
2060-07-22,26.8,15.509315025335388,0.0
2060-07-23,27.0,15.345094460304818,0.0
2060-07-24,28.8,15.268087549336203,0.0
2060-07-25,31.17825002568236,16.0,0.0
2060-07-26,29.477994046289222,19.070458984375,0.0
2060-07-27,30.256964419511192,16.044954124905317,0.0
2060-07-28,30.724151218605645,18.17666015625,0.0
2060-07-29,29.7,16.230131199201217,0.0
2060-07-30,28.2,16.0,0.0
2060-07-31,27.6,14.497162650768672,0.0
2060-08-01,25.2,12.1,0.0
2060-08-02,25.2,11.5,0.0
2060-08-03,26.6,11.9,0.0
2060-08-04,27.0,13.0,0.0
2060-08-05,26.4,13.9,0.0
2060-08-06,26.0,14.1,0.0
2060-08-07,25.8,13.4,0.0
2060-08-08,27.0,12.4,0.0
2060-08-09,28.5,14.0,0.0
2060-08-10,27.0,14.7,0.0
2060-08-11,26.2,13.8,0.0
2060-08-12,26.6,13.2,0.0
2060-08-13,26.4,13.7,0.0
2060-08-14,26.3,13.4,0.0
2060-08-15,26.5,12.8,0.0
2060-08-16,26.5,13.6,0.0
2060-08-17,26.7,13.2,0.0
2060-08-18,27.6,12.9,0.0
2060-08-19,28.6,13.979177383717623,0.0
2060-08-20,28.0,15.7,0.0
2060-08-21,27.6,15.5,0.0
2060-08-22,28.8,14.2,0.0
2060-08-23,31.1,14.6,0.0
2060-08-24,33.1,17.246179409193687,0.0
2060-08-25,33.20041433041913,18.931877269632,0.0
2060-08-26,33.2,18.959783870491133,0.0
2060-08-27,33.20190841840293,18.94677824730254,0.0
2060-08-28,32.40446826181744,18.93328631605607,0.0
2060-08-29,31.2,18.699029012471687,0.0
2060-08-30,31.0,18.21876747920308,0.0
2060-08-31,30.0,18.0,0.0
2060-09-01,29.4,16.817890248424177,0.0
2060-09-02,28.417217109920113,16.0,0.0
2060-09-03,28.9,15.196454614474638,0.0
2060-09-04,29.9,15.6,0.0
2060-09-05,30.7,16.4,0.0
2060-09-06,32.0,16.8,0.0
2060-09-07,33.7,17.9,0.0
2060-09-08,31.5,19.6,0.0
2060-09-09,30.7,17.4,0.0
2060-09-10,31.0,16.1,0.0
2060-09-11,32.0,16.7,0.0
2060-09-12,32.3,17.8,0.0
2060-09-13,31.7,18.5,0.0
2060-09-14,31.7,18.0,0.0
2060-09-15,32.9,18.0,0.0
2060-09-16,34.7,18.1,0.0
2060-09-17,35.0,19.0,0.0
2060-09-18,35.0,19.17225779321197,0.0
2060-09-19,39.2431640625,19.5,0.0
2060-09-20,35.1,20.979141952270012,0.0
2060-09-21,32.68573691150579,19.6,0.0
2060-09-22,32.7,18.722473530259958,0.0
2060-09-23,33.1,19.0,0.0
2060-09-24,33.9,19.6,0.0
2060-09-25,34.04444738233739,19.9,0.0
2060-09-26,33.5,19.2,0.0
2060-09-27,34.37540627797824,19.3,0.0
2060-09-28,36.155759507231544,20.0,0.0
2060-09-29,36.0,20.5,0.0
2060-09-30,32.9,20.6,0.0
2060-10-01,30.7,19.4,0.0
2060-10-02,31.4,18.51831676971988,0.0
2060-10-03,32.5,19.0,0.0
2060-10-04,33.9,18.4,0.0
2060-10-05,34.5,18.3,0.0
2060-10-06,35.7,18.4,0.0
2060-10-07,38.0,18.7,0.0
2060-10-08,38.80576171875,20.8,0.0
2060-10-09,38.0,22.0,0.0
2060-10-10,36.7,21.387822166257074,0.0
2060-10-11,38.420263671875,20.3,0.0
2060-10-12,38.0,21.0,0.0
2060-10-13,37.18925576388713,22.0,0.0
2060-10-14,37.524761150493305,21.534049696267132,0.0
2060-10-15,36.3,21.8,0.0
2060-10-16,37.2,21.81317656828958,0.0
2060-10-17,39.025732421875,21.576796992028424,0.0
2060-10-18,38.475439453125,22.95362113151819,0.0
2060-10-19,36.7,22.6,0.0
2060-10-20,35.9,20.4,0.2
2060-10-21,33.2,20.1,0.0
2060-10-22,33.9,20.066846071044125,0.0
2060-10-23,33.6,20.73049119030082,0.5432432432432434
2060-10-24,33.1,20.0,0.0
2060-10-25,33.5,19.9,5.994375456537621
2060-10-26,30.2,19.0,7.167027027027028
2060-10-27,33.7,18.6,0.0
2060-10-28,35.2,20.2,5.901351351351353
2060-10-29,34.4,20.0,0.0
2060-10-30,36.9,23.0,0.0
2060-10-31,37.0,23.664800693994053,0.0
2060-11-01,39.72265625,23.775812646826147,0.0
2060-11-02,35.9,22.9,0.0
2060-11-03,34.8,20.941023693200904,0.0
2060-11-04,35.23739012846517,20.6,0.0
2060-11-05,36.0,20.5,0.0
2060-11-06,36.72725851546764,22.1,0.0
2060-11-07,37.442449070395675,21.97350835914337,0.0
2060-11-08,39.567138671875,22.3,0.0
2060-11-09,39.84423828125,22.619049973221312,0.0
2060-11-10,40.634521484375,23.172608278055826,0.0
2060-11-11,40.4296875,23.596004451869362,0.0
2060-11-12,39.712158203125,22.989569772865917,0.0
2060-11-13,40.1064453125,21.824979566479666,0.0
2060-11-14,40.38525390625,22.0,0.0
2060-11-15,40.736083984375,22.370123981501468,0.0
2060-11-16,41.156982421875,24.51578369140625,0.0
2060-11-17,39.79736328125,25.35269775390625,0.0
2060-11-18,41.0859375,25.82266845703125,0.0
2060-11-19,33.739933259176865,23.146651638497058,0.2
2060-11-20,34.9,22.0,0.0
2060-11-21,37.38948702692914,23.2,0.0
2060-11-22,36.70080570002706,21.3,0.0
2060-11-23,37.82986272970571,22.1,0.0
2060-11-24,40.066650390625,22.14429031022632,0.0
2060-11-25,40.39306640625,22.31168750710556,0.0
2060-11-26,39.5751953125,22.979936129749913,0.0
2060-11-27,39.392227312917,22.3,0.0
2060-11-28,37.807384529586294,23.174732003110634,0.0
2060-11-29,39.992431640625,22.3,0.0
2060-11-30,40.4365234375,22.3,0.0
2060-12-01,34.897265625,20.3,0.7
2060-12-02,32.0,20.009232657799885,3.0
2060-12-03,33.257851615654886,20.3,28.883582089552238
2060-12-04,33.1,20.07810526783039,1.2
2060-12-05,32.41352352075922,19.9,0.0
2060-12-06,31.664410272182064,20.0,0.0
2060-12-07,33.23458081958595,19.8,0.0
2060-12-08,33.7,19.9,0.0
2060-12-09,33.7,21.009235421115886,0.0
2060-12-10,29.2,19.9,1.3
2060-12-11,32.0,19.8,0.8
2060-12-12,27.2,19.8,26.0
2060-12-13,26.8,19.7,4.4
2060-12-14,29.0,19.8,4.713805970149253
2060-12-15,28.1,19.9,1.0
2060-12-16,29.7,19.9,4.5
2060-12-17,28.0,19.6,13.5
2060-12-18,27.0,19.8,0.0
2060-12-19,30.0,19.5,0.8455756929637543
2060-12-20,28.9,19.8,0.0
2060-12-21,31.6,19.9,3.6
2060-12-22,31.563473268747742,19.8,28.3911513859275
2060-12-23,30.2,19.6,6.6
2060-12-24,31.5,20.0,0.0
2060-12-25,30.9,19.9,0.0
2060-12-26,31.5,20.0,9.926652452025587
2060-12-27,31.6,19.8,4.4
2060-12-28,30.0,19.9,20.585927505330496
2060-12-29,27.6,19.9,22.31183368869936
2060-12-30,29.5,19.7,52.51734495225735
2060-12-31,28.1,19.9,1.9
2061-01-01,29.7,19.738758559181417,9.0
2061-01-02,30.7,19.779560869959916,3.2
2061-01-03,29.5,20.07417472364261,11.6
2061-01-04,24.8,19.3,22.900000000000006
2061-01-05,24.0,18.7,0.0
2061-01-06,28.6,17.2,0.0
2061-01-07,31.1,17.2,0.0
2061-01-08,30.9,17.7,0.4
2061-01-09,37.060498046875,19.7,11.1
2061-01-10,29.9,19.8,19.4
2061-01-11,29.9,19.9,0.0
2061-01-12,29.5,19.0,0.0
2061-01-13,25.2,19.8,0.0
2061-01-14,29.3,19.8,6.2
2061-01-15,30.6,19.8,9.0
2061-01-16,29.5,19.7,12.9
2061-01-17,29.058143746545277,19.7,0.0
2061-01-18,28.1,18.5,6.0
2061-01-19,28.6,19.3,16.4
2061-01-20,31.655570876590534,19.28745099602651,10.4
2061-01-21,27.0,19.8,3.4
2061-01-22,27.0,19.8,0.9
2061-01-23,31.1,18.8,0.0
2061-01-24,30.0,19.2,0.0
2061-01-25,27.0,17.3,0.0
2061-01-26,21.339239605413518,16.7,0.0
2061-01-27,23.9,17.4,0.0
2061-01-28,27.0,18.6,0.0
2061-01-29,30.6,18.5,0.0
2061-01-30,32.090174025632145,16.8,0.0
2061-01-31,31.801463802595762,19.283717676362084,6.5
2061-02-01,31.638326725207353,18.4,0.0
2061-02-02,30.46619378470304,18.6,0.0
2061-02-03,30.2,19.430160760487215,0.0
2061-02-04,30.0,19.2,0.0
2061-02-05,33.08801063338404,20.11650915954953,15.8
2061-02-06,29.2,19.7,0.0
2061-02-07,30.7,20.117986212968972,66.11607142857156
2061-02-08,30.5,20.12300359676342,3.8208333333333337
2061-02-09,30.4,20.1256530972551,4.152222222222223
2061-02-10,29.9,20.158349427617733,6.339583333333332
2061-02-11,32.27100777649047,20.145004221236643,12.391666666666667
2061-02-12,32.809087394903834,20.108238809858584,0.0
2061-02-13,31.926701544004583,20.1564528220597,0.0
2061-02-14,32.9,19.996539282117077,0.0
2061-02-15,30.4,20.9278076171875,0.0
2061-02-16,32.0,20.16661977730869,0.0
2061-02-17,32.7,20.00003019224624,4.8
2061-02-18,29.2,20.134532659640456,15.8
2061-02-19,28.0,20.143245550628276,14.327932098765434
2061-02-20,28.1,19.945492485957875,0.0
2061-02-21,29.0,19.551162298339175,1.0
2061-02-22,30.0,19.2,15.6
2061-02-23,30.7,18.0,0.0
2061-02-24,31.9,16.9,0.0
2061-02-25,34.04664751677766,18.0,0.0
2061-02-26,33.55459906131134,19.7,0.0
2061-02-27,32.0,19.7,9.9
2061-02-28,32.88279944961829,19.936920500231455,12.691666666666672
2061-03-01,29.5,19.182119248816573,17.642068965517247
2061-03-02,27.3,19.846865257519248,0.3
2061-03-03,29.7,18.518788251576186,0.0
2061-03-04,28.2,16.917255283886067,0.0
2061-03-05,29.7,15.8,0.0
2061-03-06,33.0,15.2,0.0
2061-03-07,35.109228515625,16.9,0.0
2061-03-08,33.7,19.9,0.0
2061-03-09,33.2,18.7,0.0
2061-03-10,32.7,18.6,0.0
2061-03-11,31.6,17.3,0.0
2061-03-12,25.7,17.4,0.0
2061-03-13,28.4,19.290073693798124,0.0
2061-03-14,30.1,18.6,0.0
2061-03-15,32.7,17.7,0.0
2061-03-16,34.981787109375,19.87629541004006,0.0
2061-03-17,29.4,19.90230309577152,0.0
2061-03-18,32.5,19.573845312029928,0.0
2061-03-19,35.96640625,18.8,0.0
2061-03-20,36.66123046875,20.3,4.5
2061-03-21,30.7,20.288334627769977,5.4
2061-03-22,31.6,20.3,0.0
2061-03-23,32.0,19.9,2.4
2061-03-24,28.2,19.9,61.12867110304499
2061-03-25,29.9,18.6,27.98794380587485
2061-03-26,29.9,18.5,0.8
2061-03-27,32.0,19.8,1.9
2061-03-28,31.0,19.2,2.8
2061-03-29,32.9,19.052728326571167,6.0
2061-03-30,30.7,19.9,4.651647509578544
2061-03-31,29.0,19.2,19.0
2061-04-01,30.0,19.1005766062603,26.39322033898305
2061-04-02,31.1,19.25225048923679,25.553333333333335
2061-04-03,32.40358565737051,19.0,25.674576271186442
2061-04-04,26.2,19.4,0.8
2061-04-05,25.6,19.094855305466236,0.0
2061-04-06,26.9,19.4,0.0
2061-04-07,27.6,19.201565557729936,0.0
2061-04-08,26.2,19.0,0.0
2061-04-09,26.4,18.7,0.0
2061-04-10,27.0,18.7,0.0
2061-04-11,29.2,16.8,0.0
2061-04-12,30.7,16.021874999999994,0.0
2061-04-13,30.4,15.7,0.0
2061-04-14,27.9,16.4,0.0
2061-04-15,26.6,16.9,0.0
2061-04-16,27.3,16.4,0.0
2061-04-17,26.6,13.7,0.0
2061-04-18,26.8,12.6,0.0
2061-04-19,27.3,12.0,0.0
2061-04-20,28.2,10.6,0.0
2061-04-21,28.109090909090906,11.267719298245616,0.0
2061-04-22,27.2,12.5,0.0
2061-04-23,26.6,15.6,0.0
2061-04-24,27.0,14.0,0.0
2061-04-25,27.0,12.0,0.0
2061-04-26,27.1,9.35372340425532,0.0
2061-04-27,27.2,11.5,0.0
2061-04-28,27.2,12.8,0.0
2061-04-29,26.0,14.1,0.0
2061-04-30,26.7,11.0,0.0
2061-05-01,24.1,16.2,0.0
2061-05-02,25.1,15.0,0.0
2061-05-03,25.6,15.433409800772862,0.0
2061-05-04,26.8,14.2,0.0
2061-05-05,21.7,16.9,0.0
2061-05-06,26.3,15.2,0.0
2061-05-07,27.9,15.2,0.0
2061-05-08,29.2,12.424958242084555,0.0
2061-05-09,28.874468251438735,14.7,0.0
2061-05-10,23.8,17.4,1.0750000000000002
2061-05-11,25.6,17.5,1.2
2061-05-12,26.5,15.0,0.0
2061-05-13,27.5,13.6,0.0
2061-05-14,27.9,13.4,0.0
2061-05-15,29.0,11.8,0.0
2061-05-16,27.9,14.1,0.6
2061-05-17,24.4,16.2,0.0
2061-05-18,22.8,14.7,0.0
2061-05-19,20.25525788543526,14.7,0.0
2061-05-20,25.4,16.7,0.0
2061-05-21,27.0,14.9,0.0
2061-05-22,25.0,12.3,0.0
2061-05-23,24.5,10.9,0.0
2061-05-24,25.597416576964473,7.971681377825617,0.0
2061-05-25,26.9,8.7,0.0
2061-05-26,28.4,11.7,0.0
2061-05-27,29.9,12.9,0.0
2061-05-28,30.6,12.9,0.0
2061-05-29,28.0,10.5,0.0
2061-05-30,26.3,12.0,0.0
2061-05-31,25.2,11.2,0.0
2061-06-01,23.9,10.436977360465884,0.0
2061-06-02,23.9,9.9,0.0
2061-06-03,25.2,9.9,0.0
2061-06-04,26.1,10.378652016980318,0.0
2061-06-05,27.6,10.59377085650724,0.0
2061-06-06,27.6,10.0,0.0
2061-06-07,24.6,11.8,0.0
2061-06-08,24.2,10.7,0.0
2061-06-09,26.5,10.0,0.0
2061-06-10,29.3,11.5,0.0
2061-06-11,30.0,12.6,0.0
2061-06-12,27.9,12.5,0.0
2061-06-13,27.0,10.7,0.0
2061-06-14,26.9,9.0,0.0
2061-06-15,28.6,8.0,0.0
2061-06-16,28.0,11.5,0.0
2061-06-17,28.697137728789578,12.9,0.0
2061-06-18,30.4,13.5,0.0
2061-06-19,30.546583356790062,14.2,0.0
2061-06-20,29.5,14.4,0.0
2061-06-21,27.9,14.2,0.0
2061-06-22,28.5,12.9,0.0
2061-06-23,29.91715895040528,11.7,0.0
2061-06-24,28.71198503387603,12.7,0.0
2061-06-25,27.0,12.909266893770866,0.0
2061-06-26,27.335864272671945,12.0,0.0
2061-06-27,25.9,13.4,0.0
2061-06-28,25.0,11.8,0.0
2061-06-29,26.279436611249736,11.0,0.0
2061-06-30,26.3,9.5,0.0
2061-07-01,24.473791466875415,13.4,0.0
2061-07-02,22.6,13.036736890665845,0.0
2061-07-03,22.6,11.573085255685298,0.0
2061-07-04,22.6,9.5,0.0
2061-07-05,23.4,9.9,0.0
2061-07-06,24.1,9.2,0.0
2061-07-07,25.2,9.3,0.0
2061-07-08,25.8,10.7,0.0
2061-07-09,24.9,11.8,0.0
2061-07-10,24.3,11.1,0.0
2061-07-11,25.3,11.1,0.0
2061-07-12,26.0,12.0,0.0
2061-07-13,26.5,12.4,0.0
2061-07-14,26.3,12.9,0.0
2061-07-15,26.0,12.9,0.0
2061-07-16,26.0,12.9,0.0
2061-07-17,25.7,12.4,0.0
2061-07-18,25.3,11.2,0.0
2061-07-19,26.1,9.9,0.0
2061-07-20,26.7,10.9,0.0
2061-07-21,27.5,12.1,0.0
2061-07-22,28.0,12.99030293710595,0.0
2061-07-23,27.0508244446619,13.4,0.0
2061-07-24,29.0,12.8,0.0
2061-07-25,29.7,13.6,0.0
2061-07-26,31.150987944919123,15.3,0.0
2061-07-27,30.0,16.0,0.0
2061-07-28,29.5,16.0,0.0
2061-07-29,29.7,16.0,0.0
2061-07-30,29.1,15.809431466158276,0.0
2061-07-31,29.0,15.3,0.0
2061-08-01,29.0,14.0,0.0
2061-08-02,31.1,15.4,0.0
2061-08-03,30.4,16.53796196627197,0.0
2061-08-04,27.9,16.9,0.0
2061-08-05,26.633614400191366,14.592327472790338,0.0
2061-08-06,25.5,13.8,0.0
2061-08-07,24.6,12.8,0.0
2061-08-08,25.4,11.3,0.0
2061-08-09,27.0,11.0,0.0
2061-08-10,28.6,12.0,0.0
2061-08-11,30.0,12.9,0.0
2061-08-12,31.1,14.3,0.0
2061-08-13,31.6,16.7,0.0
2061-08-14,31.44155005382131,17.608073196986002,0.0
2061-08-15,31.4,16.4,0.0
2061-08-16,30.5,17.613885898815923,0.0
2061-08-17,28.0,16.4,0.0
2061-08-18,28.5,15.7,0.0
2061-08-19,31.5,16.7,0.0
2061-08-20,32.6,16.72037765459794,0.0
2061-08-21,33.077534567172464,16.7,0.0
2061-08-22,31.9,18.94544401750275,0.0
2061-08-23,30.9,18.679967220036364,0.0
2061-08-24,30.9,17.030779614957027,0.0
2061-08-25,30.9,17.95663923562817,0.0
2061-08-26,25.2,18.0,0.0
2061-08-27,25.0,15.2,0.0
2061-08-28,23.7,13.0,0.0
2061-08-29,24.6,11.4,0.0
2061-08-30,27.2,10.9,0.0
2061-08-31,30.8,12.0,0.0
2061-09-01,32.5,14.1,0.0
2061-09-02,32.0,16.9,0.0
2061-09-03,30.5,15.7,0.0
2061-09-04,30.7,13.8,0.0
2061-09-05,32.0,13.6,0.0
2061-09-06,32.9,15.2,0.0
2061-09-07,33.1,16.5,0.0
2061-09-08,33.3,16.947474972191326,0.0
2061-09-09,33.4,16.4,0.0
2061-09-10,34.32912269278422,15.5,0.0
2061-09-11,34.0,16.3,0.0
2061-09-12,35.0,16.9,0.0
2061-09-13,34.0,18.3,0.0
2061-09-14,34.0,17.9,0.0
2061-09-15,33.7,17.8,0.0
2061-09-16,33.1,17.0,0.0
2061-09-17,33.0,17.4,0.0
2061-09-18,33.1,17.5,0.0
2061-09-19,33.5,18.037700893713332,0.0
2061-09-20,34.0,18.4,0.0
2061-09-21,34.6,18.2,0.0
2061-09-22,33.7,19.2,0.0
2061-09-23,33.7,19.2,0.0
2061-09-24,34.6,20.1,0.0
2061-09-25,34.356437595521676,20.4,0.0
2061-09-26,33.7,20.2,0.0
2061-09-27,34.3,20.1,0.0
2061-09-28,33.7,19.3,0.0
2061-09-29,33.4,19.0,0.0
2061-09-30,34.4,18.3,0.0
2061-10-01,36.68096399952158,17.9,0.0
2061-10-02,38.6724609375,19.0,0.0
2061-10-03,38.841650390625,20.213249403285424,0.0
2061-10-04,38.0,21.0,0.0
2061-10-05,36.0,21.7,0.0
2061-10-06,35.7,20.7,0.0
2061-10-07,35.5,20.7,0.0
2061-10-08,35.4,21.0,0.0
2061-10-09,37.51944204309051,21.0,0.0
2061-10-10,38.43466796875,21.3,0.0
2061-10-11,34.9,21.9,0.0
2061-10-12,31.2,20.71006213915255,0.0
2061-10-13,31.4,18.4,0.0
2061-10-14,32.6,16.5,0.0
2061-10-15,32.9,17.93294270568881,0.0
2061-10-16,34.0,16.992013515129766,0.0
2061-10-17,34.7,17.9,0.0
2061-10-18,35.0,18.6,0.0
2061-10-19,36.3,18.6,0.0
2061-10-20,38.0,20.9,0.0
2061-10-21,36.0,22.395610974808083,0.0
2061-10-22,37.0,21.7,0.0
2061-10-23,38.471533203125,20.7,0.0
2061-10-24,38.0,22.0,0.0
2061-10-25,36.4,22.0,0.0
2061-10-26,36.70454612841055,21.86752128388295,0.0
2061-10-27,36.627733524697994,21.4,0.0
2061-10-28,35.5,21.7,0.0
2061-10-29,35.8,20.6,0.0
2061-10-30,36.97797213252002,20.7,0.0
2061-10-31,39.090185546875,21.0,0.0
2061-11-01,41.530517578125,21.9,0.0
2061-11-02,40.51708984375,23.2,0.0
2061-11-03,37.13784035401655,22.306477055150083,0.0
2061-11-04,34.2,21.1,0.0
2061-11-05,35.1,20.4,0.0
2061-11-06,40.003662109375,20.4,0.0
2061-11-07,37.82452891950789,21.6209222368288,0.0
2061-11-08,32.7,20.3,0.0
2061-11-09,32.8,19.5,0.0
2061-11-10,32.7,19.4,0.3249999999999999
2061-11-11,32.3,18.8,1.2
2061-11-12,32.2,18.7,0.0
2061-11-13,31.6,18.9,0.0
2061-11-14,33.9,20.7,0.0
2061-11-15,34.0,19.9,0.0
2061-11-16,34.4,22.1,0.0
2061-11-17,32.6,21.52535521648793,0.0
2061-11-18,28.9,19.5,6.079999999999996
2061-11-19,31.5,18.7,0.0
2061-11-20,32.7,19.4,0.0
2061-11-21,31.2,18.7,2.6
2061-11-22,30.265358816193075,18.5,50.13333333333338
2061-11-23,24.6,16.4,90.5
2061-11-24,20.207654100298257,15.783264232986147,9.066666666666665
2061-11-25,24.7,16.1,0.0
2061-11-26,27.0,17.8,2.3
2061-11-27,28.3,18.0,8.3
2061-11-28,30.0,16.6,0.0
2061-11-29,30.6,17.0,0.0
2061-11-30,30.2,16.5,0.0
2061-12-01,31.69752804122266,17.5,0.0
2061-12-02,31.6,18.5,0.0
2061-12-03,31.717971738084866,18.4,0.0
2061-12-04,29.6,19.9,2.0
2061-12-05,30.5,19.604100851153536,0.0
2061-12-06,31.2,19.2,0.0
2061-12-07,32.1,18.7,0.0
2061-12-08,32.663227213781944,16.9,0.0
2061-12-09,33.37640717346707,19.0,0.0
2061-12-10,33.7,19.9,0.0
2061-12-11,33.7,19.8,0.0
2061-12-12,33.04368071982209,20.5,0.0
2061-12-13,31.2,19.9,15.58315565031983
2061-12-14,30.733001364603368,19.8,29.101172707889113
2061-12-15,29.555543595263714,19.7,54.50172514053108
2061-12-16,24.1,19.7,32.25863539445629
2061-12-17,25.2,19.630695634597934,5.6
2061-12-18,27.9,19.0,0.0
2061-12-19,30.875985847568188,16.9,0.0
2061-12-20,31.5,19.9,18.983710021321965
2061-12-21,31.698080267004656,19.8,0.5
2061-12-22,30.9,19.4,2.7
2061-12-23,27.0,19.9,7.030533049040513
2061-12-24,28.51804951560818,19.8,3.0
2061-12-25,30.9,19.8,0.0
2061-12-26,31.5,19.8,0.0
2061-12-27,31.3,19.9,3.372494669509595
2061-12-28,30.1,19.6,3.978891257995737
2061-12-29,26.9,19.8,18.8
2061-12-30,27.9,17.5,0.0
2061-12-31,30.2,16.6,0.0
2062-01-01,30.7,16.1,0.0
2062-01-02,31.1,16.5,0.0
2062-01-03,27.2,19.9,0.0
2062-01-04,31.1,19.819446404192526,1.7
2062-01-05,28.7,17.0,0.0
2062-01-06,30.0,16.9,0.0
2062-01-07,29.7,17.1,0.0
2062-01-08,30.2,17.0,0.0
2062-01-09,31.1,16.9,0.0
2062-01-10,31.1,17.3,0.0
2062-01-11,31.2,19.9,0.0
2062-01-12,31.2,19.66822701862444,0.0
2062-01-13,31.7,18.5,0.0
2062-01-14,31.72487171716116,18.8,0.0
2062-01-15,33.41122481999187,19.1,0.0
2062-01-16,32.09923828968089,21.698071289062504,0.0
2062-01-17,31.1,19.1,0.0
2062-01-18,32.071661418549546,17.0,0.0
2062-01-19,31.9,18.0,0.0
2062-01-20,31.9,19.707316794404452,2.6
2062-01-21,31.908322910447428,19.7,1.0
2062-01-22,33.6892838491457,18.1,0.0
2062-01-23,30.21726187641101,21.11036376953125,0.0
2062-01-24,29.6,19.9,19.0
2062-01-25,30.743258925820815,19.9,32.2
2062-01-26,31.1,20.05823959211293,7.6
2062-01-27,34.26866581029127,19.9,0.0
2062-01-28,37.536572265625,22.22193603515625,0.0
2062-01-29,34.68076923198576,21.32716064453125,1.0
2062-01-30,30.2,19.9,0.4
2062-01-31,31.755059377623567,19.8,9.8
2062-02-01,31.11531869005051,20.003831681568393,0.4222222222222222
2062-02-02,29.7,20.12865318241054,0.0
2062-02-03,30.3,19.7,1.9375
2062-02-04,28.5,20.14294094428108,29.41944444444445
2062-02-05,29.0,19.7,12.174999999999995
2062-02-06,28.1,19.622858708889332,27.763888888888893
2062-02-07,26.1,19.7,0.0
2062-02-08,30.2,20.132578581186717,22.695833333333336
2062-02-09,32.8,19.7,0.0
2062-02-10,31.0,20.115468900137397,0.0
2062-02-11,34.28648705916883,19.93336747426369,0.0
2062-02-12,30.5,19.0,3.647685185185186
2062-02-13,31.91300730604409,19.9,4.192777777777779
2062-02-14,29.7,18.5,0.0
2062-02-15,29.7,16.4,0.0
2062-02-16,30.2,15.0,0.0
2062-02-17,32.08510470159588,14.8,0.0
2062-02-18,35.8787109375,15.6,0.0
2062-02-19,36.142138671875,17.6,0.0
2062-02-20,32.9,19.1,0.0
2062-02-21,32.76209094221469,19.605994905281058,0.0
2062-02-22,31.6,20.179522442392905,0.0
2062-02-23,31.9,18.6,0.0
2062-02-24,32.18782850046258,18.6,0.0
2062-02-25,32.05651695386035,19.229450173602103,0.0
2062-02-26,32.0,19.2,0.0
2062-02-27,33.905733072523105,17.5,0.0
2062-02-28,34.37924098114802,17.3,0.0
2062-03-01,34.47457846952014,18.9,1.4
2062-03-02,35.62021484375,21.25323718939081,9.349118773946364
2062-03-03,30.9,19.8,6.4
2062-03-04,31.1,19.6,0.7
2062-03-05,31.3,19.9,9.382681992337167
2062-03-06,29.0,19.876218064041307,16.609310344827588
2062-03-07,30.1,19.8,2.0
2062-03-08,30.090322580645168,19.9,1.7
2062-03-09,30.6,19.225399795755006,9.360306513409963
2062-03-10,31.7,19.2,2.4
2062-03-11,31.9,19.0,1.6
2062-03-12,31.9,17.8,0.0
2062-03-13,31.0,19.9,22.673793103448276
2062-03-14,29.6,19.9,49.26819923371649
2062-03-15,28.1,19.6,19.749753694581322
2062-03-16,30.0,19.8,7.0
2062-03-17,31.4,19.0,27.008965517241382
2062-03-18,32.5,19.32275202944498,3.4
2062-03-19,32.89950859950859,19.376664898667922,0.0
2062-03-20,31.70413793103448,19.200702543295886,0.4
2062-03-21,31.4,19.2,0.0
2062-03-22,32.5,18.8,0.5
2062-03-23,32.01747572815534,19.271632027821465,4.736354679802956
2062-03-24,31.9,19.6,0.0
2062-03-25,31.2,19.819910176958135,0.0
2062-03-26,32.29704142011834,16.8,0.0
2062-03-27,32.9,15.5,0.0
2062-03-28,35.608251953125,16.8,0.0
2062-03-29,37.0962890625,18.0,0.0
2062-03-30,33.2,22.84854736328125,0.0
2062-03-31,27.0,19.9,0.0
2062-04-01,30.0,19.4,0.0
2062-04-02,31.1,18.634174125305126,0.0
2062-04-03,31.8,17.4,0.0
2062-04-04,32.49083665338645,17.4,0.0
2062-04-05,32.329166666666666,17.0,0.0
2062-04-06,30.0,19.7,0.0
2062-04-07,27.3,19.237573385518594,0.0
2062-04-08,29.6,18.3,0.0
2062-04-09,30.0,16.7,0.0
2062-04-10,28.327419354838714,19.4,0.4
2062-04-11,25.638461538461538,19.30579382994733,28.0
2062-04-12,26.813333333333333,19.0,0.0
2062-04-13,27.0,18.6,0.0
2062-04-14,28.9,19.4,0.0
2062-04-15,29.84137931034483,17.8,0.0
2062-04-16,30.0,16.0,0.0
2062-04-17,31.0,14.9,0.0
2062-04-18,27.3,16.5,1.6
2062-04-19,29.4,18.7,0.0
2062-04-20,28.0,16.6,0.0
2062-04-21,27.5,15.7,0.0
2062-04-22,28.9,17.2,0.0
2062-04-23,28.9,18.3,0.0
2062-04-24,29.2,17.0,0.0
2062-04-25,26.1,17.1,10.020689655172413
2062-04-26,26.2,18.4,0.0
2062-04-27,26.9,17.3,0.0
2062-04-28,29.0,15.9,0.0
2062-04-29,28.9,14.5,0.0
2062-04-30,28.0,15.8,0.0
2062-05-01,27.0,14.5,0.0
2062-05-02,28.0,13.4,0.0
2062-05-03,29.6,12.5,0.0
2062-05-04,27.5,12.7,0.0
2062-05-05,27.110097794471287,12.7,0.0
2062-05-06,28.1,12.00371145877877,0.0
2062-05-07,26.7,14.7,0.0
2062-05-08,27.498473069409556,12.9,0.0
2062-05-09,28.5,11.5,0.0
2062-05-10,27.9,12.2,0.0
2062-05-11,26.1,12.2,0.0
2062-05-12,27.0,10.9,0.0
2062-05-13,29.6,9.9,0.0
2062-05-14,31.512055974165754,10.5,0.0
2062-05-15,31.7,11.4,0.0
2062-05-16,27.7,15.709763641049726,0.0
2062-05-17,27.2,13.4,0.0
2062-05-18,27.9,12.1,0.0
2062-05-19,28.3,12.4,0.0
2062-05-20,29.2,12.0,0.0
2062-05-21,29.9,12.1,0.0
2062-05-22,29.9,13.2,0.0
2062-05-23,30.7,12.9,0.0
2062-05-24,30.1,14.5,0.0
2062-05-25,27.9,16.2,0.0
2062-05-26,27.3,16.7,0.0
2062-05-27,28.9,14.6,0.0
2062-05-28,27.8,14.0,0.0
2062-05-29,27.79808326678009,13.4,0.0
2062-05-30,28.9,13.0,0.0
2062-05-31,28.7,13.9,0.0
2062-06-01,25.05272269315843,12.96804087875418,0.0
2062-06-02,25.5,11.5,0.0
2062-06-03,27.0,11.5,0.0
2062-06-04,28.6,11.9,0.0
2062-06-05,30.555050272837278,13.0,0.0
2062-06-06,30.568718836859684,13.2,0.0
2062-06-07,28.9,13.771997505646011,0.0
2062-06-08,26.638441263239354,14.0,0.0
2062-06-09,26.6,13.4,0.0
2062-06-10,25.7,12.8,0.0
2062-06-11,25.0,11.5,0.0
2062-06-12,25.2,10.25143303434076,0.0
2062-06-13,25.0,10.2,0.0
2062-06-14,25.9,9.7,0.0
2062-06-15,26.2,11.0,0.0
2062-06-16,26.3,11.8,0.0
2062-06-17,26.2,12.3,0.0
2062-06-18,26.2,11.8,0.0
2062-06-19,25.8,11.5,0.0
2062-06-20,25.2,11.5,0.0
2062-06-21,25.2,10.5,0.0
2062-06-22,25.8,10.4,0.0
2062-06-23,27.1,11.5,0.0
2062-06-24,27.4,12.5,0.0
2062-06-25,26.4,13.0,0.0
2062-06-26,25.3,12.1,0.0
2062-06-27,25.0,11.4,0.0
2062-06-28,24.0,11.9,0.0
2062-06-29,19.6,11.8,0.0
2062-06-30,21.5,12.0,0.0
2062-07-01,25.9,10.5,0.0
2062-07-02,26.9,11.5,0.0
2062-07-03,25.7,12.6,0.0
2062-07-04,24.0,11.3,0.0
2062-07-05,24.0,10.5,0.0
2062-07-06,25.0,8.5,0.0
2062-07-07,26.6,9.0,0.0
2062-07-08,27.5,11.6,0.0
2062-07-09,28.1,12.2,0.0
2062-07-10,28.85422741951266,13.6,0.0
2062-07-11,27.0,16.0,0.0
2062-07-12,25.59623789020452,15.232743950952404,0.0
2062-07-13,23.922337915045123,12.631108719052744,0.0
2062-07-14,22.9,13.4,0.0
2062-07-15,24.2,11.9,0.0
2062-07-16,26.0,12.053794691945322,0.0
2062-07-17,27.1,12.2,0.0
2062-07-18,28.1,11.6,0.0
2062-07-19,28.1,12.0,0.0
2062-07-20,28.2,11.8,0.0
2062-07-21,28.2,11.969440258342306,0.0
2062-07-22,27.1,12.1,0.0
2062-07-23,27.6,12.35795160068572,0.0
2062-07-24,28.113603098069433,12.2,0.0
2062-07-25,29.0,11.4,0.0
2062-07-26,29.0,12.2,0.0
2062-07-27,28.5,12.9,0.0
2062-07-28,28.2,13.029294171920647,0.0
2062-07-29,24.4,13.9,0.0
2062-07-30,25.4,13.0,0.0
2062-07-31,26.1,12.2,0.0
2062-08-01,25.2,11.796309395663542,0.0
2062-08-02,26.4,11.9,0.0
2062-08-03,26.9,12.0,0.0
2062-08-04,27.2,12.219149056710664,0.0
2062-08-05,28.7,11.7,0.0
2062-08-06,28.0,11.5,0.0
2062-08-07,25.8,13.4,0.0
2062-08-08,24.6,12.0,0.0
2062-08-09,22.1,11.9,0.0
2062-08-10,22.1,10.0,0.0
2062-08-11,23.669644779332614,9.003542051709077,0.0
2062-08-12,26.7,8.4,0.0
2062-08-13,29.0,10.5,0.0
2062-08-14,30.0,11.4,0.0
2062-08-15,28.0,12.2,0.0
2062-08-16,26.7,13.9,0.0
2062-08-17,27.5,10.9,0.0
2062-08-18,28.6,10.9,0.0
2062-08-19,30.0,10.5,0.0
2062-08-20,29.0,13.5,0.0
2062-08-21,28.0,14.212113481870318,0.0
2062-08-22,28.8,13.881472012917113,0.0
2062-08-23,28.0,15.5,0.0
2062-08-24,27.7,14.2,0.0
2062-08-25,27.6,14.3,0.0
2062-08-26,27.2,13.5,0.0
2062-08-27,28.0,13.0,0.0
2062-08-28,29.8,12.2,0.0
2062-08-29,31.2,12.6,0.0
2062-08-30,31.2,15.4,0.0
2062-08-31,28.7,16.4,0.0
2062-09-01,30.0,13.9,0.0
2062-09-02,31.0,14.5,0.0
2062-09-03,30.0,15.1,0.0
2062-09-04,28.9,15.2,0.0
2062-09-05,28.4,13.6,0.0
2062-09-06,29.453993325917686,12.4,0.0
2062-09-07,31.3,13.7,0.0
2062-09-08,32.0,16.0,0.0
2062-09-09,32.7,17.05871933175226,0.0
2062-09-10,33.1,17.168826002526345,0.0
2062-09-11,33.0,18.3,0.0
2062-09-12,33.1,18.5,0.0
2062-09-13,34.0,18.66418905479967,0.0
2062-09-14,34.4,19.5,0.0
2062-09-15,36.076104168029836,18.9,0.0
2062-09-16,39.43115234375,19.9,0.0
2062-09-17,36.1714214691962,20.5,0.0
2062-09-18,39.1015625,20.5,0.0
2062-09-19,39.1240234375,20.5,0.0
2062-09-20,39.469970703125,19.387005676805646,0.0
2062-09-21,40.136962890625,17.8,0.0
2062-09-22,36.0,20.6,0.0
2062-09-23,33.2,20.0,0.0
2062-09-24,33.5,18.5,0.0
2062-09-25,34.0,19.0,0.0
2062-09-26,34.5,18.1,0.0
2062-09-27,35.02745079073367,18.4,0.0
2062-09-28,35.3,18.6,0.0
2062-09-29,38.589931573802545,19.6,0.0
2062-09-30,39.858154296875,20.2,0.0
2062-10-01,39.5962890625,20.4,0.0
2062-10-02,41.5064453125,21.4,0.0
2062-10-03,39.348486328125,24.3791015625,0.0
2062-10-04,36.65469441454371,21.831062170889933,0.0
2062-10-05,33.7,21.7,0.0
2062-10-06,33.9,20.3,0.0
2062-10-07,35.2,20.1,0.0
2062-10-08,37.30736097090297,20.4,0.0
2062-10-09,38.421484375,21.7,0.0
2062-10-10,38.0,24.05390625,0.0
2062-10-11,38.6724609375,25.21015625,0.0
2062-10-12,37.0,23.0,0.0
2062-10-13,38.0,22.6,0.0
2062-10-14,38.415625,24.5392578125,0.0
2062-10-15,36.5,22.507537478468336,0.0
2062-10-16,35.3,21.8,0.0
2062-10-17,34.0,21.7,0.0
2062-10-18,33.8,19.5,0.0
2062-10-19,34.9,19.4,0.0
2062-10-20,33.8,20.8,0.0
2062-10-21,32.0,19.6,0.0
2062-10-22,33.12784355938284,18.4,0.0
2062-10-23,36.0,20.2,0.0
2062-10-24,36.0,21.9,0.0
2062-10-25,33.4,21.3,0.0
2062-10-26,32.5,20.4,0.0
2062-10-27,34.0,20.2,0.0
2062-10-28,33.2,20.5,0.0
2062-10-29,32.6,19.6,0.0
2062-10-30,33.3,19.7,0.0
2062-10-31,34.3,20.2,0.0
2062-11-01,36.4,20.0,0.0
2062-11-02,36.68019721612604,20.7,0.0
2062-11-03,39.583251953125,21.962406391240172,0.0
2062-11-04,39.771240234375,20.4,0.0
2062-11-05,40.46484375,19.929141903702536,0.0
2062-11-06,40.8525390625,19.9,0.0
2062-11-07,39.97607421875,20.7,0.2
2062-11-08,35.99551296312141,20.1,0.0
2062-11-09,33.4,19.2,0.0
2062-11-10,33.9,18.7,0.0
2062-11-11,36.0,18.5,0.0
2062-11-12,36.4,21.34019586482117,0.0
2062-11-13,38.24282186722883,20.6,0.0
2062-11-14,39.40265692779596,21.85123516392785,0.0
2062-11-15,37.77652462772743,19.9,0.0
2062-11-16,39.8203125,19.5,0.0
2062-11-17,37.770936826567805,23.374889600443513,0.0
2062-11-18,38.344333145030205,23.574753603936735,0.0
2062-11-19,34.0,19.5,0.8
2062-11-20,30.3,19.1,3.9
2062-11-21,31.8,19.0,5.4
2062-11-22,31.5,19.0,9.0
2062-11-23,32.0,19.4,0.0
2062-11-24,31.5,19.5,5.4
2062-11-25,31.5,19.5,5.4
2062-11-26,28.0,19.2,7.7125
2062-11-27,28.0,18.7,8.8
2062-11-28,28.9,18.5,0.0
2062-11-29,28.4,18.7,0.0
2062-11-30,29.869073248491326,18.7,0.8
2062-12-01,30.7,19.9,25.0
2062-12-02,31.3,19.616971340738264,0.5
2062-12-03,30.9,19.9,0.0
2062-12-04,30.0,19.6,0.0
2062-12-05,29.8,19.5,13.59221748400853
2062-12-06,27.2,19.8,0.0
2062-12-07,30.7,20.0,6.4
2062-12-08,30.6,19.6,6.6
2062-12-09,31.2,19.70713022202489,2.4
2062-12-10,31.71995740100312,19.8,28.3
2062-12-11,30.1,19.9,32.7
2062-12-12,26.0715136385498,19.598358294882154,55.124825547586745
2062-12-13,23.7,18.6,41.94698247890976
2062-12-14,23.4,18.4,0.0
2062-12-15,26.941833838927487,18.2,1.0
2062-12-16,26.5,19.0,16.604051172707898
2062-12-17,24.1,18.8,0.0
2062-12-18,28.9,19.5,7.0
2062-12-19,30.2,19.0,23.764179104477613
2062-12-20,28.0,19.2,11.2
2062-12-21,31.0,19.0,0.0
2062-12-22,27.5,19.4,9.912305817849527
2062-12-23,29.6,19.4,0.9
2062-12-24,26.54483549398605,19.585584966345472,7.030533049040513
2062-12-25,27.7,19.6504144476147,26.0
2062-12-26,25.23940726135026,19.7,2.0
2062-12-27,25.6,18.7,0.0
2062-12-28,27.0,18.5,0.2
2062-12-29,24.8,19.4,0.0
2062-12-30,26.2,19.2,0.0
2062-12-31,29.309210674292686,17.1,0.0
2063-01-01,26.1,19.6,0.0
2063-01-02,29.1,18.9,0.0
2063-01-03,28.7,19.5,0.0
2063-01-04,28.2,19.16859607541477,0.6
2063-01-05,28.0,18.1,10.4
2063-01-06,27.1,18.4,0.0
2063-01-07,24.2,16.9,0.0
2063-01-08,26.3,18.9,0.0
2063-01-09,27.2,18.5,0.0
2063-01-10,29.1,16.8,0.0
2063-01-11,29.436694804826914,19.3,0.0
2063-01-12,31.1,19.858066500861554,0.0
2063-01-13,31.6,20.175144480541576,0.0
2063-01-14,29.6,19.4,0.0
2063-01-15,29.9,18.0,0.0
2063-01-16,30.9,18.2,0.0
2063-01-17,30.4,18.7,0.0
2063-01-18,31.8,20.175229543521287,0.0
2063-01-19,33.17526237692499,19.9,0.0
2063-01-20,35.42493717156427,21.166088867187504,1.0
2063-01-21,30.9,19.8,31.333333333333332
2063-01-22,24.0,19.6,6.900000000000003
2063-01-23,26.1,18.99270132534983,0.0
2063-01-24,27.5,19.2,7.5
2063-01-25,29.4,19.3,0.0
2063-01-26,31.1,19.5,0.0
2063-01-27,30.4,20.48029207964618,0.0
2063-01-28,30.9,19.6,1.6
2063-01-29,29.9,19.4,0.6
2063-01-30,30.4,19.0,0.0
2063-01-31,31.8,20.060961607463188,0.0
2063-02-01,29.5,20.16935548714392,0.0
2063-02-02,29.18906728364767,19.952598537893394,1.8
2063-02-03,28.3,19.630047390257328,0.0
2063-02-04,30.0,19.7,9.9
2063-02-05,24.93205857313128,18.7,22.695833333333336
2063-02-06,25.5,18.6,0.0
2063-02-07,27.6,17.2,0.0
2063-02-08,29.2,14.808807609211202,0.0
2063-02-09,29.8,14.2,0.0
2063-02-10,30.0,13.872442061859246,0.0
2063-02-11,31.9,16.4,0.0
2063-02-12,30.7,18.7,0.0
2063-02-13,34.29491923389421,17.4,2.4
2063-02-14,30.604746769585862,19.7,0.0
2063-02-15,29.1,19.2,0.0
2063-02-16,25.0,18.6,0.0
2063-02-17,28.1,19.0,0.0
2063-02-18,30.7,20.130296907227503,0.0
2063-02-19,31.7,18.7,0.0
2063-02-20,32.7,18.1,0.0
2063-02-21,31.8,16.9,0.0
2063-02-22,30.7,17.0,0.0
2063-02-23,29.9,19.62693302226314,0.0
2063-02-24,31.8,19.1,0.0
2063-02-25,31.72741008203042,18.6,0.0
2063-02-26,31.883697881433275,20.145843325513834,0.0
2063-02-27,31.004882624242104,19.2,0.0
2063-02-28,29.9,18.9,0.0
2063-03-01,32.193023255813955,19.9,0.0
2063-03-02,33.2,19.9,0.0
2063-03-03,34.452788586251614,22.381811523437502,0.0
2063-03-04,32.9,23.32681884765625,0.0
2063-03-05,33.351761517615174,22.76798095703125,0.0
2063-03-06,33.7,22.62711181640625,0.0
2063-03-07,35.287939453125,25.45572509765625,0.0
2063-03-08,33.3170731707317,24.13370361328125,0.0
2063-03-09,33.92875816993466,18.8,0.0
2063-03-10,36.94736328125,16.0,0.0
2063-03-11,38.25595703125,19.2,0.0
2063-03-12,29.9,20.26049016001053,0.0
2063-03-13,36.414892578125,18.7,0.0
2063-03-14,26.5,20.3,3.4931034482758623
2063-03-15,31.8,19.9,4.5
2063-03-16,32.6747572815534,19.9,0.0
2063-03-17,32.9,18.9,0.0
2063-03-18,32.5,18.380119537382452,0.0
2063-03-19,31.8,17.9,0.0
2063-03-20,32.0,20.3,0.0
2063-03-21,33.16514657980456,20.25490546070589,0.0
2063-03-22,35.5240234375,19.0,0.0
2063-03-23,33.66002949852508,19.367110719311967,0.0
2063-03-24,35.648779296875,19.593503474782473,0.0
2063-03-25,36.408544921875,19.2,0.0
2063-03-26,36.4732421875,19.2,0.0
2063-03-27,37.636328125,19.8,0.0
2063-03-28,35.5708984375,20.3,0.0
2063-03-29,34.993017578125,20.2016137310206,0.0
2063-03-30,25.6,18.8,21.838850574712644
2063-03-31,25.5,18.8,24.86241379310346
2063-04-01,28.0,19.145345963756178,37.119863013698605
2063-04-02,26.5,19.0,25.661016949152543
2063-04-03,27.2,18.736419753086423,0.0
2063-04-04,29.4,18.7,0.0
2063-04-05,27.9,19.0,0.7
2063-04-06,27.77384615384615,18.6,1.7
2063-04-07,28.6,16.4,0.0
2063-04-08,27.3,15.3,0.0
2063-04-09,25.5,15.5,0.0
2063-04-10,26.5,16.0,0.0
2063-04-11,27.0,14.9,0.0
2063-04-12,26.1,14.5,0.0
2063-04-13,26.6,14.9,0.0
2063-04-14,27.4,12.5,0.0
2063-04-15,28.0,12.5,0.0
2063-04-16,27.5,13.087155963302749,0.0
2063-04-17,27.0,12.276190476190477,0.0
2063-04-18,26.2,12.2,0.0
2063-04-19,27.4,16.7,0.0
2063-04-20,25.0,15.279166666666663,0.0
2063-04-21,26.7,17.6,7.9200000000000035
2063-04-22,21.210752688172043,17.2,17.430000000000003
2063-04-23,22.374193548387098,17.4,0.0
2063-04-24,27.4,17.6,0.0
2063-04-25,27.3,16.0,0.0
2063-04-26,28.0,14.4,0.0
2063-04-27,29.7,13.7,0.0
2063-04-28,29.675,14.6,0.0
2063-04-29,28.6,14.5,0.0
2063-04-30,28.7,13.0,0.0
2063-05-01,27.7,12.9,0.0
2063-05-02,27.2,12.0,0.0
2063-05-03,27.5,11.9,0.0
2063-05-04,28.3,11.4,0.0
2063-05-05,27.8,12.4,0.0
2063-05-06,26.4,12.8,0.0
2063-05-07,26.7,12.5,0.0
2063-05-08,27.6,12.4,0.0
2063-05-09,28.5,12.9,0.0
2063-05-10,29.3,13.5,0.0
2063-05-11,29.3,14.1,0.0
2063-05-12,27.9,17.4,0.0
2063-05-13,29.9,16.461420172937913,0.0
2063-05-14,28.458893180523003,16.2,0.0
2063-05-15,28.098088266953706,14.1,0.0
2063-05-16,27.5,13.4,0.0
2063-05-17,27.2,12.9,0.0
2063-05-18,27.7,12.1,0.0
2063-05-19,28.9,13.0,0.0
2063-05-20,30.0,13.781243272335836,0.0
2063-05-21,30.6,14.0,0.0
2063-05-22,30.5,14.6,0.0
2063-05-23,28.8,15.2,0.0
2063-05-24,27.580863918886074,13.9,0.0
2063-05-25,27.0,13.0,0.0
2063-05-26,25.113921779691427,12.3,0.0
2063-05-27,25.7,12.2,0.0
2063-05-28,26.5,12.0,0.0
2063-05-29,27.9,12.2,0.0
2063-05-30,28.7,12.9,0.0
2063-05-31,29.369173286836457,13.6,0.0
2063-06-01,28.65726210941451,13.2,0.0
2063-06-02,29.0,13.8,0.0
2063-06-03,28.5,13.5,0.0
2063-06-04,27.3,12.9,0.0
2063-06-05,25.9,12.5,0.0
2063-06-06,25.0,12.9,0.0
2063-06-07,24.3,13.0,0.0
2063-06-08,25.1,11.3,0.0
2063-06-09,25.6,10.1,0.0
2063-06-10,26.13100746861592,10.2,0.0
2063-06-11,25.6,10.9,0.0
2063-06-12,25.0,10.6,0.0
2063-06-13,25.3,10.2,0.0
2063-06-14,25.5,10.9,0.0
2063-06-15,26.6,11.3,0.0
2063-06-16,26.4,12.3,0.0
2063-06-17,24.7,12.3,0.0
2063-06-18,24.7,10.374979001611774,0.0
2063-06-19,24.5,12.221209171807063,0.0
2063-06-20,25.5,10.7,0.0
2063-06-21,26.4,9.4,0.0
2063-06-22,27.4,8.5,0.0
2063-06-23,28.00504929503817,9.6276931077821,0.0
2063-06-24,29.192675553482378,10.8,0.0
2063-06-25,29.039590943342088,11.5,0.0
2063-06-26,28.2,12.1,0.0
2063-06-27,29.5,12.592353823088459,0.0
2063-06-28,29.82686541300808,14.1,0.0
2063-06-29,30.52812535030309,14.836859383054366,0.0
2063-06-30,30.54897535549399,16.106950512389666,0.0
2063-07-01,30.7,16.046359749153776,0.0
2063-07-02,31.708935546875,16.0,0.0
2063-07-03,33.522412109375,16.973779296875,0.0
2063-07-04,32.29462890625,16.807275390625,0.0
2063-07-05,32.79267578125,16.0,0.0
2063-07-06,33.033642578125,16.7240234375,0.0
2063-07-07,30.249619891539446,16.0,0.0
2063-07-08,25.0,16.0,0.0
2063-07-09,26.2,15.2,0.0
2063-07-10,25.8,13.0,0.0
2063-07-11,27.010524513161748,12.2,0.0
2063-07-12,27.850958781447353,12.9,0.0
2063-07-13,28.1,13.4,0.0
2063-07-14,28.5,13.8,0.0
2063-07-15,27.6,14.514468273025852,0.0
2063-07-16,26.0,14.217363442731825,0.0
2063-07-17,24.7,13.4,0.0
2063-07-18,25.7,11.5,0.0
2063-07-19,27.0,11.7,0.0
2063-07-20,28.2,12.0,0.0
2063-07-21,28.7,12.1,0.0
2063-07-22,28.2,13.6,0.0
2063-07-23,28.5,13.3,0.0
2063-07-24,28.5,13.012378902045201,0.0
2063-07-25,28.1,13.3,0.0
2063-07-26,27.3,12.4,0.0
2063-07-27,27.9,12.1,0.0
2063-07-28,28.1,12.76290814495873,0.0
2063-07-29,27.2,14.0,0.0
2063-07-30,26.0,13.6,0.0
2063-07-31,27.3,12.9,0.0
2063-08-01,26.7,11.8,0.0
2063-08-02,27.9,13.0,0.0
2063-08-03,29.0,13.8,0.0
2063-08-04,30.0,14.6,0.0
2063-08-05,27.0,16.2,0.0
2063-08-06,25.6,13.8,0.0
2063-08-07,25.6,13.0,0.0
2063-08-08,27.2,13.2,0.0
2063-08-09,27.2,13.5,0.0
2063-08-10,27.6,13.2,0.0
2063-08-11,28.0,13.7,0.0
2063-08-12,27.2,14.938276739406977,0.0
2063-08-13,26.3,13.7,0.0
2063-08-14,26.2,12.411753549643748,0.0
2063-08-15,26.7,12.8,0.0
2063-08-16,28.0,13.0,0.0
2063-08-17,29.0,12.9,0.0
2063-08-18,28.9,14.6,0.0
2063-08-19,28.6,14.217410088915754,0.0
2063-08-20,28.6,14.4,0.0
2063-08-21,29.422820236813777,14.7,0.0
2063-08-22,30.7,15.4,0.0
2063-08-23,31.4,16.2,0.0
2063-08-24,31.5,16.3,0.0
2063-08-25,31.2,16.2,0.0
2063-08-26,32.6,17.19205544907978,0.0
2063-08-27,33.34798865519283,18.669082207416196,0.0
2063-08-28,33.778468511451905,18.92834841885311,0.0
2063-08-29,31.9,18.957776291072765,0.0
2063-08-30,33.20368264788368,18.2,0.0
2063-08-31,31.0,18.94504499550655,0.0
2063-09-01,30.9,16.0,0.0
2063-09-02,33.8,17.6,0.0
2063-09-03,35.2,20.595063386008135,0.0
2063-09-04,35.84133956686664,20.6,0.0
2063-09-05,31.4,20.0,0.0
2063-09-06,28.4,17.5,0.0
2063-09-07,27.0,14.5,0.0
2063-09-08,26.107758179282097,13.869650126715829,0.0
2063-09-09,26.094117572984658,12.7,0.0
2063-09-10,28.6,10.5,0.0
2063-09-11,32.10189098998888,11.8,0.0
2063-09-12,33.46384514539965,13.3,0.0
2063-09-13,34.7,16.0,0.0
2063-09-14,34.5,18.1,0.0
2063-09-15,31.5,18.7,0.0
2063-09-16,30.9,17.6,0.0
2063-09-17,32.0,17.1,0.0
2063-09-18,33.2,17.7,0.0
2063-09-19,34.4,18.9,0.0
2063-09-20,34.6,19.3,0.0
2063-09-21,34.5,19.917625764327234,0.0
2063-09-22,33.7,19.3,0.0
2063-09-23,33.7,19.0,0.0
2063-09-24,34.6,19.6,0.0
2063-09-25,35.1,19.7,0.0
2063-09-26,34.8,20.0,0.0
2063-09-27,32.68202859689574,20.37149451771811,0.0
2063-09-28,31.7,18.3,0.0
2063-09-29,33.4,17.6,0.0
2063-09-30,36.0,19.0,0.0
2063-10-01,33.0,21.0,0.0
2063-10-02,28.0,17.6,0.0
2063-10-03,28.7,15.4,0.0
2063-10-04,31.6,16.6,0.0
2063-10-05,32.9,18.1,0.0
2063-10-06,33.0,18.4,0.0
2063-10-07,33.5,18.9,0.0
2063-10-08,35.2,19.7,0.0
2063-10-09,35.6,20.4,0.0
2063-10-10,36.69997488338714,20.7,0.0
2063-10-11,39.2544921875,20.8,0.0
2063-10-12,36.96142238149091,23.186913342819363,0.0
2063-10-13,34.9,20.9,0.0
2063-10-14,35.1,19.9,0.0
2063-10-15,38.0,19.6,0.0
2063-10-16,36.67923573735198,21.313892472411432,0.0
2063-10-17,35.943627191622106,23.14438496740548,0.0
2063-10-18,35.1,21.9,0.0
2063-10-19,33.1,21.536660218145684,0.0
2063-10-20,31.3,19.9,0.0
2063-10-21,30.406200984161153,17.7,0.0
2063-10-22,33.1,18.0,0.0
2063-10-23,36.0,19.9,0.0
2063-10-24,38.11741338561559,22.863407740200074,0.0
2063-10-25,38.01624735982431,22.0,0.0
2063-10-26,35.8,22.0,0.0
2063-10-27,34.6,20.7,0.0
2063-10-28,35.8,20.3,0.0
2063-10-29,36.9,20.7,0.0
2063-10-30,38.0,21.0,0.0
2063-10-31,39.478857421875,20.7,0.0
2063-11-01,40.19189453125,22.3,0.0
2063-11-02,36.2356204749917,22.1,0.0
2063-11-03,36.4,22.3,0.0
2063-11-04,36.0,20.7,0.0
2063-11-05,35.0,19.8,0.0
2063-11-06,32.5,19.0,1.8
2063-11-07,31.9,19.0,5.8
2063-11-08,31.8,18.8,6.6
2063-11-09,31.2,18.870787873050396,2.4
2063-11-10,31.3,18.4,0.0
2063-11-11,30.5,18.5,16.50769230769231
2063-11-12,30.9,19.2,11.4
2063-11-13,30.6,18.465392581795864,2.5
2063-11-14,30.2,18.5,5.3
2063-11-15,28.8,19.0,5.4
2063-11-16,30.0,19.0,0.0
2063-11-17,30.8,18.2,0.0
2063-11-18,31.0,19.0,0.0
2063-11-19,29.2,19.119489457249575,0.4
2063-11-20,28.7,18.7,0.0
2063-11-21,29.0,18.5,8.52
2063-11-22,28.0,18.0,1.6
2063-11-23,29.6,17.0,0.0
2063-11-24,30.0,18.9,16.138461538461538
2063-11-25,28.7,18.7,0.0
2063-11-26,28.9,18.9,1.55
2063-11-27,29.0,18.7,6.8
2063-11-28,29.7,19.2,3.7
2063-11-29,28.0,17.2,5.8
2063-11-30,25.291992153917953,17.3,22.410000000000004
2063-12-01,25.5,19.2,4.3
2063-12-02,25.4,19.415251681249938,5.6963752665245195
2063-12-03,27.0,19.4,29.31925068534875
2063-12-04,28.7,18.7,28.6324093816631
2063-12-05,27.9,19.6,0.5
2063-12-06,31.6,19.4,3.4
2063-12-07,31.73328970916859,19.2,0.0
2063-12-08,32.1,19.2,0.0
2063-12-09,27.7,19.6,35.86555534018219
2063-12-10,25.6,18.6,0.0
2063-12-11,26.521648871089596,19.0,0.0
2063-12-12,29.9,18.6,0.0
2063-12-13,31.1,18.2,0.0
2063-12-14,31.0,16.9,0.0
2063-12-15,31.8,16.5,0.0
2063-12-16,32.0,17.7,0.0
2063-12-17,32.0,20.0,0.0
2063-12-18,30.1,19.9367976344411,0.0
2063-12-19,30.4,18.7,0.0
2063-12-20,30.3,17.755338246253206,0.0
2063-12-21,31.5,17.2,0.0
2063-12-22,32.0,20.0,0.0
2063-12-23,31.2,19.4,1.0
2063-12-24,30.8,19.2,0.0
2063-12-25,30.3,19.2,0.0
2063-12-26,28.9,19.0,0.0
2063-12-27,30.5,19.6,0.0
2063-12-28,28.7,18.0,0.0
2063-12-29,27.0,19.0,2.7
2063-12-30,29.8,18.0,0.2
2063-12-31,30.1,16.6,0.0
2064-01-01,29.262384547637506,19.8,10.7
2064-01-02,29.9,19.0,0.5
2064-01-03,30.7,19.531948601020108,0.0
2064-01-04,30.8,18.7,0.0
2064-01-05,31.5,19.9,0.0
2064-01-06,32.0,19.801541493852227,0.0
2064-01-07,30.4,19.7,5.5
2064-01-08,29.9,19.874351475495857,0.9
2064-01-09,26.9,19.6,60.4
2064-01-10,24.6,19.1,30.1
2064-01-11,27.5,18.911856930336373,60.13333333333334
2064-01-12,30.2,18.0,1.0
2064-01-13,29.5,19.2,1.0
2064-01-14,28.6,19.4,20.9
2064-01-15,29.0,19.64935424180241,42.72631578947368
2064-01-16,26.4,19.3,0.0
2064-01-17,29.0,19.4,7.4
2064-01-18,29.5,17.4,0.9
2064-01-19,28.47482059562253,19.6,30.854545454545462
2064-01-20,29.2,18.3,0.0
2064-01-21,31.7,18.8,6.5
2064-01-22,28.4,18.9,42.70526315789473
2064-01-23,27.6,19.7,7.4
2064-01-24,25.8,19.4,0.0
2064-01-25,27.1,19.267788845793852,1.0
2064-01-26,29.6,17.3,0.0
2064-01-27,29.7,19.5,0.0
2064-01-28,30.0,19.71165641298044,0.0
2064-01-29,30.0,19.8,0.0
2064-01-30,29.3,17.3,0.0
2064-01-31,30.7,19.6,0.0
2064-02-01,30.9,20.170654374586693,0.0
2064-02-02,31.998953978617042,21.907116699218754,0.0
2064-02-03,33.988703414884334,19.51625213014312,0.0
2064-02-04,34.29819841295407,19.0,0.0
2064-02-05,30.3,18.6,3.647685185185186
2064-02-06,30.5,19.0,0.0
2064-02-07,31.0,17.2,0.0
2064-02-08,30.6,19.0,0.0
2064-02-09,32.1,18.3,0.0
2064-02-10,32.88353389044889,19.691469647920314,0.0
2064-02-11,37.386279296875,20.13051243058637,1.8
2064-02-12,30.0,20.126015176497997,0.0
2064-02-13,31.56464297755342,20.146110574478833,0.0
2064-02-14,30.7,20.135526940736028,0.0
2064-02-15,32.743652386569245,19.7,4.8
2064-02-16,30.5,20.00731016852984,1.073611111111111
2064-02-17,28.0,19.0,0.0
2064-02-18,30.3,19.0,0.8
2064-02-19,30.92789756925632,19.0,0.0
2064-02-20,31.6,19.7,4.8
2064-02-21,30.6,20.005322461694725,39.645138888888916
2064-02-22,30.5,19.58175949889791,12.5
2064-02-23,30.788225330907714,19.65184796621658,0.0
2064-02-24,30.0,19.0,0.0
2064-02-25,28.7,20.10795719266966,32.760714285714286
2064-02-26,27.0,19.1,3.8
2064-02-27,24.635236652445613,18.4,0.0
2064-02-28,25.7,18.4,0.0
2064-03-01,28.2,17.0,0.0
2064-03-02,29.8,15.4,0.0
2064-03-03,29.7,14.3,0.0
2064-03-04,30.5,15.4,0.0
2064-03-05,30.2,16.2,0.0
2064-03-06,31.3,15.2,0.0
2064-03-07,32.6,15.0,0.0
2064-03-08,32.85577395577396,16.4,0.0
2064-03-09,32.1,17.3,0.0
2064-03-10,30.7,19.0,0.9
2064-03-11,28.9,18.3,4.4
2064-03-12,30.2,18.3,1.7
2064-03-13,31.1,18.0,0.0
2064-03-14,31.5,18.4,0.0
2064-03-15,32.1,17.5,0.0
2064-03-16,31.9,17.1,0.0
2064-03-17,31.026315789473685,16.5,0.0
2064-03-18,30.8,17.5,0.0
2064-03-19,32.16046511627908,20.31107870604681,1.4
2064-03-20,29.7,18.2,0.0
2064-03-21,31.2945205479452,17.0,0.0
2064-03-22,30.1,16.8,0.0
2064-03-23,29.8,19.120023163012025,1.9
2064-03-24,33.68554572271386,18.7,0.0
2064-03-25,33.11921824104234,20.21697165410835,0.0
2064-03-26,33.30406504065041,19.160388714302716,0.0
2064-03-27,32.0,17.7,0.0
2064-03-28,27.5,19.185895780455734,0.0
2064-03-29,32.9,19.9,3.4
2064-03-30,32.29615384615384,19.2,0.0
2064-03-31,32.5,19.539679048332232,9.0
2064-04-01,28.2,18.682017900732294,13.518181818181816
2064-04-02,28.6,18.6,17.44
2064-04-03,30.0,19.0,24.499999999999996
2064-04-04,30.2,18.668999186330346,28.959999999999997
2064-04-05,30.13333333333333,19.0,27.466666666666665
2064-04-06,31.804294478527602,18.7,25.674576271186442
2064-04-07,28.9,19.387358916478558,28.08888888888889
2064-04-08,27.73692307692308,19.07331189710611,0.0
2064-04-09,29.9,17.0,0.0
2064-04-10,29.9,15.9,0.0
2064-04-11,30.0,15.2,0.0
2064-04-12,28.829545454545453,18.4,0.0
2064-04-13,30.2,18.4,0.0
2064-04-14,30.0,17.4,0.0
2064-04-15,30.2,19.0,1.4
2064-04-16,30.6,19.0,27.466666666666665
2064-04-17,29.7,18.7,0.0
2064-04-18,30.2,16.1,0.0
2064-04-19,30.0,14.6,0.0
2064-04-20,29.6,15.4,0.0
2064-04-21,28.6,18.1,4.0
2064-04-22,26.3,19.0,25.97966101694915
2064-04-23,28.0,18.6,0.0
2064-04-24,26.1,18.3,2.0
2064-04-25,28.0,19.0,0.0
2064-04-26,28.0,18.7,0.0
2064-04-27,28.9,18.4,0.0
2064-04-28,29.7,18.1,0.0
2064-04-29,29.7,16.2,0.0
2064-04-30,29.7,14.5,0.0
2064-05-01,27.5,14.8,0.0
2064-05-02,26.0,13.8,0.0
2064-05-03,27.9,12.690447886928425,0.0
2064-05-04,28.1,14.7,0.0
2064-05-05,24.9,16.7,0.0
2064-05-06,25.5,13.0,0.0
2064-05-07,25.2,11.6,0.0
2064-05-08,25.056322286604214,11.2,0.0
2064-05-09,24.5,12.0,0.0
2064-05-10,25.4,11.2,0.0
2064-05-11,26.6,9.53039605062915,0.0
2064-05-12,26.5,10.909984451620618,0.0
2064-05-13,26.0,11.6,0.0
2064-05-14,27.0,10.4,0.0
2064-05-15,27.2,12.4,0.0
2064-05-16,25.23855143779793,14.309737172586997,0.0
2064-05-17,23.7,13.5,0.0
2064-05-18,24.3,11.9,0.0
2064-05-19,24.6,10.3,0.0
2064-05-20,26.3,10.0,0.0
2064-05-21,28.0,12.1,0.0
2064-05-22,27.6,13.2,0.0
2064-05-23,27.0,13.0,0.0
2064-05-24,27.6,12.3,0.0
2064-05-25,28.0,12.0,0.0
2064-05-26,28.8,13.2,0.0
2064-05-27,29.1,15.8,0.0
2064-05-28,29.725672766415492,14.5,0.0
2064-05-29,30.0,13.2,0.0
2064-05-30,28.9,12.9,0.0
2064-05-31,24.0,14.7,0.0
2064-06-01,22.9,10.266271625683386,0.0
2064-06-02,22.7,9.650003337041161,0.0
2064-06-03,23.2,9.6,0.0
2064-06-04,23.7,10.0,0.0
2064-06-05,23.2,10.6,0.0
2064-06-06,24.0,10.5,0.0
2064-06-07,24.8,9.5,0.0
2064-06-08,25.5,10.0,0.0
2064-06-09,27.6,11.2,0.0
2064-06-10,29.80417642121809,13.0,0.0
2064-06-11,30.044813541420893,15.006827073895646,0.0
2064-06-12,30.588158572358218,16.213459799097933,0.0
2064-06-13,29.6,16.263669226164247,0.0
2064-06-14,27.5,16.222838693686818,0.0
2064-06-15,25.0,16.220089707341792,0.0
2064-06-16,25.0,13.2,0.0
2064-06-17,24.0,11.9,0.0
2064-06-18,24.2,11.2,0.0
2064-06-19,24.4,10.63246718576196,0.0
2064-06-20,23.247661037516433,11.1,0.0
2064-06-21,23.2,10.5,0.0
2064-06-22,23.5,9.6,0.0
2064-06-23,24.0,10.0,0.0
2064-06-24,25.6,10.82653832541208,0.0
2064-06-25,27.9,12.0,0.0
2064-06-26,28.9,12.9,0.0
2064-06-27,28.0,12.6,0.0
2064-06-28,27.6,13.0,0.0
2064-06-29,28.0,12.9,0.0
2064-06-30,28.0,12.8,0.0
2064-07-01,29.0,13.4,0.0
2064-07-02,29.477490940320713,11.774011994464097,0.0
2064-07-03,29.7,12.9,0.0
2064-07-04,27.7,15.2,0.0
2064-07-05,26.2,13.4,0.0
2064-07-06,26.2,12.1,0.0
2064-07-07,26.7,11.9,0.0
2064-07-08,26.5,11.6,0.0
2064-07-09,26.2,10.549758800781403,0.0
2064-07-10,27.2,9.5,0.0
2064-07-11,27.6,9.552231514448952,0.0
2064-07-12,25.3,12.9,0.0
2064-07-13,22.0,11.6,0.0
2064-07-14,24.4,10.5,0.0
2064-07-15,25.3,10.7,0.0
2064-07-16,25.64673389609653,10.9,0.0
2064-07-17,26.0,11.2,0.0
2064-07-18,23.8,12.8,0.0
2064-07-19,24.3,12.0,0.0
2064-07-20,18.9,13.0,0.0
2064-07-21,23.2,9.5,0.0
2064-07-22,23.8,9.4,0.0
2064-07-23,24.1,11.0,0.0
2064-07-24,24.1,10.936770721205594,0.0
2064-07-25,23.9,11.08447255113024,0.0
2064-07-26,24.0,10.5,0.0
2064-07-27,23.9,10.5,0.0
2064-07-28,24.4,11.0,0.0
2064-07-29,25.3,11.2,0.0
2064-07-30,27.6,12.1,0.0
2064-07-31,29.0,13.4,0.0
2064-08-01,29.1,13.8,0.0
2064-08-02,28.3,15.4,0.0
2064-08-03,27.9,14.553841247059761,0.0
2064-08-04,28.1,13.5,0.0
2064-08-05,28.6,13.0,0.0
2064-08-06,29.1,12.4,0.0
2064-08-07,27.2,14.0,0.0
2064-08-08,26.4,13.4,0.0
2064-08-09,27.02249730893433,12.9,0.0
2064-08-10,28.0,13.5,0.0
2064-08-11,27.0,14.888520879909475,0.0
2064-08-12,27.2,13.6,0.0
2064-08-13,28.7,13.2,0.0
2064-08-14,28.70935693497588,14.7,0.0
2064-08-15,28.3,14.980427700035879,0.0
2064-08-16,28.6,14.2,0.0
2064-08-17,29.5,14.0,0.0
2064-08-18,30.2,14.93607985125745,0.0
2064-08-19,30.0,15.5,0.0
2064-08-20,29.8,15.60308575529242,0.0
2064-08-21,29.1,15.4,0.0
2064-08-22,29.0,14.594117529801064,0.0
2064-08-23,29.6,14.0,0.0
2064-08-24,30.0,15.0,0.0
2064-08-25,30.0,16.2,0.0
2064-08-26,30.420569527351013,16.2,0.0
2064-08-27,30.7,17.0,0.0
2064-08-28,30.9,17.77633180290413,0.0
2064-08-29,31.1,18.2,0.0
2064-08-30,29.4,18.66778017241378,0.0
2064-08-31,30.0,17.0,0.0
2064-09-01,32.7,17.4,0.0
2064-09-02,34.4,18.4,0.0
2064-09-03,35.64688154797321,19.722586206896562,0.0
2064-09-04,36.54837755617567,19.90879017448711,0.0
2064-09-05,36.49161793372316,20.4,0.0
2064-09-06,35.0,20.0,0.0
2064-09-07,33.9,20.642573457688048,0.0
2064-09-08,29.3,20.177014959508494,1.922077922077922
2064-09-09,30.7,19.6,0.0
2064-09-10,33.7,18.637921826311796,0.0
2064-09-11,34.8,19.35562885965249,0.0
2064-09-12,36.0,20.1,0.0
2064-09-13,39.222412109375,20.5,0.0
2064-09-14,38.69761532497898,21.59464233964242,0.0
2064-09-15,37.69691783929821,21.656956680936876,0.0
2064-09-16,35.3,21.09430620672658,0.0
2064-09-17,33.9,20.5,0.0
2064-09-18,34.4,19.6,0.0
2064-09-19,33.7,19.7,0.0
2064-09-20,33.1,19.6,0.0
2064-09-21,33.1,19.3,0.0
2064-09-22,33.4,19.4,0.0
2064-09-23,35.0,20.411245146030694,0.0
2064-09-24,34.0,22.964559778093797,0.0
2064-09-25,36.07234801654401,23.1943359375,0.0
2064-09-26,36.19375725687776,24.552490234375,0.0
2064-09-27,35.0149089678035,21.22866894670142,0.0
2064-09-28,35.6,20.5,0.0
2064-09-29,34.0,20.544720248258866,0.0
2064-09-30,31.2,20.1,0.0
2064-10-01,28.81584750279557,17.4,0.0
2064-10-02,31.4,17.6,0.0
2064-10-03,31.2,19.7,0.0
2064-10-04,32.0,18.5,0.0
2064-10-05,32.7,18.7,0.0
2064-10-06,34.1,18.5,0.0
2064-10-07,36.6,20.1,0.0
2064-10-08,36.0,21.4,0.0
2064-10-09,35.7,20.8,0.0
2064-10-10,36.9,20.582339269987266,0.0
2064-10-11,35.1,21.5,0.0
2064-10-12,33.4,21.0,0.0
2064-10-13,33.2,20.4,0.0
2064-10-14,33.9,20.0,0.0
2064-10-15,35.274058127018286,19.9,0.0
2064-10-16,36.66195311565601,20.0,0.0
2064-10-17,38.78427734375,20.3,0.0
2064-10-18,39.467138671875,21.4,0.0
2064-10-19,39.4078125,22.0,0.0
2064-10-20,38.02760255150949,22.920572447802904,0.0
2064-10-21,37.50977093872178,22.0,0.0
2064-10-22,35.8,21.2,0.0
2064-10-23,35.2,20.8,0.0
2064-10-24,35.4,20.29440258342302,0.0
2064-10-25,35.53119483315392,20.249768334347348,0.0
2064-10-26,36.9,20.5,0.0
2064-10-27,38.827490234375,21.273281142968965,0.0
2064-10-28,38.483251953125,22.6,0.0
2064-10-29,36.9147593029118,22.117148583942683,0.0
2064-10-30,36.0,21.8,0.0
2064-10-31,36.0,21.7,0.0
2064-11-01,40.31494140625,21.3,0.0
2064-11-02,39.616943359375,22.09147325411074,0.0
2064-11-03,39.93212890625,19.954473224217395,0.2
2064-11-04,32.9,19.6,0.0
2064-11-05,35.2,20.4,0.0
2064-11-06,36.44341168276277,19.9,0.0
2064-11-07,36.4,21.0,0.0
2064-11-08,36.4,20.3,0.0
2064-11-09,36.8,23.43415105496185,0.0
2064-11-10,37.79341502668722,23.375895910258823,0.0
2064-11-11,34.93329818124034,21.9,0.0
2064-11-12,35.2,21.7,0.0
2064-11-13,35.7,22.4,0.0
2064-11-14,35.0,22.351087351525656,0.0
2064-11-15,39.85107421875,22.3,0.0
2064-11-16,40.08740234375,25.263525390625,0.0
2064-11-17,36.0,23.72368301577499,0.0
2064-11-18,36.5,21.9,0.0
2064-11-19,38.15692770908915,20.3,0.0
2064-11-20,32.662375348828135,19.9,1.2
2064-11-21,36.21109029525984,19.9,0.0
2064-11-22,40.01220703125,20.0,0.0
2064-11-23,36.5,22.904262717281227,0.0
2064-11-24,35.2,22.3,0.0
2064-11-25,35.154066609958775,22.31431374297021,0.0
2064-11-26,33.7,19.5,13.123076923076924
2064-11-27,30.724497060225648,18.8,38.775000000000006
2064-11-28,29.6,18.9,25.666666666666668
2064-11-29,28.0,19.2,26.0
2064-11-30,28.3,19.0,3.0
2064-12-01,29.0,19.9,0.0
2064-12-02,26.0,19.9,0.0
2064-12-03,26.9,19.9,2.5
2064-12-04,31.34193756727663,19.8,7.627718550106613
2064-12-05,28.3,19.5,7.177825159914716
2064-12-06,31.0,19.8,1.3
2064-12-07,31.3953091247263,19.9,8.41684434968017
2064-12-08,31.6,19.9,12.39714285714286
2064-12-09,27.0,19.9,7.144349680170574
2064-12-10,29.5,19.9,34.26012793176972
2064-12-11,28.5,19.9,24.243869936034063
2064-12-12,25.4,19.6,10.214438014011575
2064-12-13,26.9,19.3,28.6324093816631
2064-12-14,23.4,19.0,0.0
2064-12-15,25.5,18.1,0.0
2064-12-16,26.9,17.4,0.0
2064-12-17,25.6,19.0,0.15149253731343285
2064-12-18,26.4,19.0,1.7
2064-12-19,28.2,19.2,1.7
2064-12-20,27.276104853014747,19.4,16.905330490405127
2064-12-21,29.5,19.4,0.0
2064-12-22,30.9,18.6,0.0
2064-12-23,31.6,18.5,0.0
2064-12-24,31.6,20.5,0.0
2064-12-25,30.9,20.307124899917437,0.0
2064-12-26,31.2,20.170649569484922,0.0
2064-12-27,31.7,20.0,0.0
2064-12-28,32.1,20.0,0.0
2064-12-29,32.9,20.2,10.6
2064-12-30,29.8,19.9,7.0
2064-12-31,30.0,19.9,0.4
2065-01-01,30.53748332569362,19.7,12.9
2065-01-02,29.7,19.8,30.7090909090909
2065-01-03,31.7,19.9,0.0
2065-01-04,31.1,19.8,0.0
2065-01-05,31.9,19.626957030754557,0.0
2065-01-06,32.05007617958601,21.29224853515625,0.0
2065-01-07,31.1,20.93665771484375,0.5
2065-01-08,29.4,19.8,11.0
2065-01-09,29.6,18.3,0.0
2065-01-10,32.044468626403315,19.3,0.0
2065-01-11,31.1,19.6,0.0
2065-01-12,31.7,20.206940905560618,0.0
2065-01-13,31.9,19.7,0.0
2065-01-14,29.0,19.9,20.9
2065-01-15,31.1,19.9,0.0
2065-01-16,31.7,18.0,0.0
2065-01-17,31.73472572031728,16.3,0.0
2065-01-18,32.161283676948514,18.7,0.0
2065-01-19,34.841400942054904,20.921459960937504,0.0
2065-01-20,36.9611328125,21.269329833984376,0.0
2065-01-21,36.163012184209016,22.84095458984375,0.0
2065-01-22,36.612780972402376,22.89722900390625,0.0
2065-01-23,33.72141019115976,20.129011991219862,0.0
2065-01-24,32.160821174180185,20.117783677900018,0.0
2065-01-25,32.6,19.8,0.0
2065-01-26,33.709224337292255,19.421814650589393,0.0
2065-01-27,32.863594103708806,19.8,0.0
2065-01-28,31.0,22.368115234375,0.5
2065-01-29,29.1,19.8,4.4
2065-01-30,30.9,19.182893563670234,0.0
2065-01-31,32.6,18.0,0.0
2065-02-01,36.028125,18.4,0.0
2065-02-02,36.87431640625,16.0,0.0
2065-02-03,34.37080880642264,20.152429719360832,0.0
2065-02-04,35.934130859375,19.2,0.0
2065-02-05,37.83330078125,16.2,0.0
2065-02-06,37.028857421875,21.243084716796876,0.0
2065-02-07,39.849658203125,20.189660661194047,0.0
2065-02-08,38.09892578125,20.122497835281273,0.0
2065-02-09,35.995654296875,19.0,0.7388888888888889
2065-02-10,32.26146261366759,17.0,0.0
2065-02-11,30.7,19.320549802626545,8.458333333333332
2065-02-12,37.461962890625,18.9,0.3
2065-02-13,29.6,19.06466138045716,4.8
2065-02-14,32.746430799063766,17.9,0.0
2065-02-15,31.8,20.16274035684907,0.0
2065-02-16,32.19055568984054,20.145288712070354,9.345833333333333
2065-02-17,30.1,19.91080700168518,0.0
2065-02-18,31.9,20.124877213163177,1.6
2065-02-19,34.96137602235827,19.7,0.0
2065-02-20,36.075732421875,19.2,0.0
2065-02-21,26.5,20.12566459183424,14.361728395061728
2065-02-22,27.6,19.586884277539344,0.0
2065-02-23,30.5,17.5,0.0
2065-02-24,32.9,14.8,0.0
2065-02-25,33.11020507702098,17.5,0.0
2065-02-26,34.09572585444685,20.158280460142894,0.0
2065-02-27,36.4626953125,19.0,0.0
2065-02-28,35.704638671875,19.977196409977896,0.0
2065-03-01,31.0,21.317562604550908,6.9248275862068995
2065-03-02,32.1,18.2,0.0
2065-03-03,32.89361179361179,17.2,0.0
2065-03-04,31.776551724137928,19.9,7.0
2065-03-05,28.1,19.541123577863562,53.655747126436765
2065-03-06,32.9,20.253851743855964,23.2135632183908
2065-03-07,30.4,18.2,6.4
2065-03-08,29.9,17.2,0.0
2065-03-09,24.2,18.2,0.0
2065-03-10,29.9,17.7,0.0
2065-03-11,32.7,16.2,0.0
2065-03-12,35.22177734375,17.5,0.0
2065-03-13,32.8056511056511,18.3,0.0
2065-03-14,30.00322580645161,18.2,0.0
2065-03-15,31.1,16.5,0.0
2065-03-16,31.98035714285714,16.2,0.0
2065-03-17,31.1,16.9,0.0
2065-03-18,30.0,16.67599569429494,0.0
2065-03-19,30.7,15.830081974000167,0.0
2065-03-20,30.7,16.2,0.0
2065-03-21,32.285502958579876,15.4,0.0
2065-03-22,33.25952380952381,16.9,0.0
2065-03-23,33.2,16.9,0.0
2065-03-24,33.145276872964175,16.8,0.0
2065-03-25,33.17491856677525,15.9,0.0
2065-03-26,32.1,17.5,0.0
2065-03-27,25.2,19.302278787967914,1.6
2065-03-28,29.4,19.4,1.7
2065-03-29,29.0,18.8,0.0
2065-03-30,30.7,18.2,0.0
2065-03-31,32.012621359223296,17.1,0.0
2065-04-01,33.189592760181,15.9,0.0
2065-04-02,34.082942238267144,15.0,0.0
2065-04-03,36.180419921875,15.6,0.0
2065-04-04,33.91426459719142,19.043729903536974,0.0
2065-04-05,34.0120036101083,18.0,0.0
2065-04-06,33.2,17.8,0.0
2065-04-07,32.5,18.0,0.0
2065-04-08,32.723342175066314,18.065624999999997,0.0
2065-04-09,33.99896526237989,18.6,0.0
2065-04-10,37.067626953125,19.582828282828277,1.4
2065-04-11,32.7,19.4,1.7
2065-04-12,32.46832669322709,19.0,13.563636363636363
2065-04-13,30.4,19.0,1.7
2065-04-14,28.6,18.7,0.0
2065-04-15,29.0,18.76111111111111,0.0
2065-04-16,27.6,18.9,0.0
2065-04-17,27.6,19.0,0.0
2065-04-18,27.0,18.6,14.166666666666663
2065-04-19,27.0,17.8,0.0
2065-04-20,27.7,18.3,0.0
2065-04-21,29.4,17.8,0.0
2065-04-22,26.0,17.88557874762808,0.0
2065-04-23,25.793103448275865,18.6,0.0
2065-04-24,26.8,18.4,0.0
2065-04-25,30.349019607843136,18.6,0.0
2065-04-26,31.6,18.4,0.0
2065-04-27,31.3,17.8,0.0
2065-04-28,31.4,17.0,0.0
2065-04-29,31.45833333333333,16.2,0.0
2065-04-30,31.3,15.9,0.0
2065-05-01,30.6,15.2,0.0
2065-05-02,30.6,15.2,0.0
2065-05-03,31.6,14.9,0.0
2065-05-04,32.40770976990058,15.2,0.0
2065-05-05,31.070777623945737,17.2,0.0
2065-05-06,31.0,16.44208708406769,0.0
2065-05-07,28.9,17.9,0.0
2065-05-08,29.700008498102083,17.5,0.0
2065-05-09,28.785575888051664,15.722153155748249,0.0
2065-05-10,28.0,15.1,0.0
2065-05-11,28.2,14.5,0.0
2065-05-12,28.4,15.2,0.0
2065-05-13,27.2,14.7,0.0
2065-05-14,28.1,14.0,0.0
2065-05-15,28.5,14.7,0.0
2065-05-16,29.0,14.1,0.0
2065-05-17,28.7,17.9,0.0
2065-05-18,28.9,17.5,0.0
2065-05-19,31.967884200059355,17.0,0.0
2065-05-20,30.9,17.9,0.0
2065-05-21,30.1,15.604261468363378,0.0
2065-05-22,29.6738400638911,14.9,0.0
2065-05-23,28.9,14.963919019624063,0.0
2065-05-24,28.5,15.7,0.0
2065-05-25,26.5,15.0,0.0
2065-05-26,28.9,13.2,0.0
2065-05-27,30.27859081761595,14.3,0.0
2065-05-28,30.3,14.9,0.0
2065-05-29,30.0,14.588737890204511,0.0
2065-05-30,30.0,13.9,0.0
2065-05-31,28.9,14.4,0.0
2065-06-01,26.3,12.6,0.0
2065-06-02,27.9,12.2,0.0
2065-06-03,29.990711206896556,13.7,0.0
2065-06-04,31.689306640625,16.194863714999304,0.0
2065-06-05,30.664555669142047,14.477613445463334,0.0
2065-06-06,30.539976884179236,15.989178094057152,0.0
2065-06-07,29.2,16.221868463212115,0.0
2065-06-08,28.6,14.424317072120134,0.0
2065-06-09,29.0,14.4,0.0
2065-06-10,25.8,14.4,0.0
2065-06-11,25.4,12.7,0.0
2065-06-12,25.6,12.0,0.0
2065-06-13,26.638441263239354,11.7,0.0
2065-06-14,27.0,12.1,0.0
2065-06-15,26.9,12.5,0.0
2065-06-16,24.6,12.7,0.0
2065-06-17,24.1,12.6,0.0
2065-06-18,23.9,10.5,0.0
2065-06-19,23.2,10.628867630700785,0.0
2065-06-20,24.9,11.384058539989974,0.0
2065-06-21,24.970934371523917,11.5,0.0
2065-06-22,25.4,11.5,0.0
2065-06-23,25.5,11.7,0.0
2065-06-24,25.3,11.636153526364875,0.0
2065-06-25,24.8,11.6,0.0
2065-06-26,24.0,14.2,0.0
2065-06-27,23.2,12.6,0.0
2065-06-28,24.1,12.9,0.0
2065-06-29,24.8,11.5,0.0
2065-06-30,25.0,12.4,0.0
2065-07-01,27.2,14.0,0.0
2065-07-02,27.0,14.285908435059426,0.0
2065-07-03,24.3,13.42889768131964,0.0
2065-07-04,25.741263006817356,14.0,0.0
2065-07-05,25.5,15.2,0.0
2065-07-06,24.5,12.6,0.0
2065-07-07,25.1,11.2,0.0
2065-07-08,26.6,10.0,0.0
2065-07-09,28.0,11.5,0.0
2065-07-10,25.7,14.2,0.0
2065-07-11,25.1,12.5,0.0
2065-07-12,26.4,12.4,0.0
2065-07-13,27.7,13.1,0.0
2065-07-14,29.0,13.4,0.0
2065-07-15,29.24291882228533,13.0,0.0
2065-07-16,28.2,15.174527158597497,0.0
2065-07-17,26.2,14.3,0.0
2065-07-18,24.4,13.0,0.0
2065-07-19,21.0,12.4,0.0
2065-07-20,24.143184522123388,10.0,0.0
2065-07-21,24.7,10.4,0.0
2065-07-22,24.4,11.1,0.0
2065-07-23,24.0,11.2,0.0
2065-07-24,24.0,11.2,0.0
2065-07-25,24.2,11.2,0.0
2065-07-26,25.601886086020492,11.2,0.0
2065-07-27,28.0,11.9,0.0
2065-07-28,29.1,12.9,0.0
2065-07-29,29.8300345447257,15.263718506731564,0.0
2065-07-30,29.5,16.0,0.0
2065-07-31,29.0,15.440546264450777,0.0
2065-08-01,26.0,13.2,0.0
2065-08-02,27.2,10.2,0.0
2065-08-03,29.1,10.2,0.0
2065-08-04,28.6,11.9,0.0
2065-08-05,25.7,13.5,0.0
2065-08-06,24.6,12.4,0.0
2065-08-07,25.6,12.9,0.0
2065-08-08,25.2,12.2,0.0
2065-08-09,25.2,10.9,0.0
2065-08-10,26.5,10.6,0.0
2065-08-11,29.0,11.9,0.0
2065-08-12,32.9,15.4,0.0
2065-08-13,34.043495711774746,18.599023556399494,0.0
2065-08-14,33.86475018620201,25.001790722280848,0.0
2065-08-15,33.2,18.97808900456675,0.0
2065-08-16,31.9,18.94525697594203,0.0
2065-08-17,31.2,18.63819793715897,0.0
2065-08-18,30.035693141626936,17.01612168910692,0.0
2065-08-19,30.7,15.4,0.0
2065-08-20,33.05548255147748,17.2,0.0
2065-08-21,35.36515691368337,18.578025584273693,0.0
2065-08-22,33.2,28.04931640625,0.0
2065-08-23,32.18017791085879,25.84228515625,0.0
2065-08-24,29.2,18.926490472683316,0.0
2065-08-25,28.9,17.159284307805397,0.0
2065-08-26,29.26835007774189,16.7,0.0
2065-08-27,30.0,16.471181291017036,0.0
2065-08-28,28.9,16.38905207592149,0.0
2065-08-29,30.0,14.7,0.0
2065-08-30,31.4,14.6,0.0
2065-08-31,32.1,16.7,0.0
2065-09-01,34.7,17.6,0.0
2065-09-02,35.1,19.0,0.0
2065-09-03,35.6,18.9,0.0
2065-09-04,35.634648552420245,19.9,0.0
2065-09-05,33.4,20.4,0.0
2065-09-06,32.9,18.9,0.0
2065-09-07,33.0,18.0,0.0
2065-09-08,33.7,18.6,0.0
2065-09-09,35.97866480726765,19.470278570392225,0.0
2065-09-10,37.2009199550912,20.0,0.0
2065-09-11,36.1818089559975,20.5,0.0
2065-09-12,36.0,20.43280781293295,0.0
2065-09-13,34.1,20.0,0.0
2065-09-14,33.0,20.0,0.0
2065-09-15,32.9,18.9,0.0
2065-09-16,33.9,18.1,0.0
2065-09-17,33.7,19.814978865406022,0.0
2065-09-18,32.9,20.0,0.0
2065-09-19,31.9,19.0,0.0
2065-09-20,31.7497713508837,18.3,0.0
2065-09-21,32.9,17.3,0.0
2065-09-22,33.7,17.6,0.0
2065-09-23,35.1,18.2,0.0
2065-09-24,36.0,19.441875030226825,0.0
2065-09-25,33.1,20.5,0.0
2065-09-26,31.7,19.2,0.0
2065-09-27,32.6,17.56825043699349,0.0
2065-09-28,33.76356096145475,18.0,0.0
2065-09-29,35.00974468777342,19.0,0.0
2065-09-30,35.28466963292548,19.6,0.0
2065-10-01,35.6,19.8,0.0
2065-10-02,36.5,20.5,0.0
2065-10-03,37.313163633524205,20.8,0.0
2065-10-04,39.23056640625,21.0,0.0
2065-10-05,39.016943359375,21.9,0.0
2065-10-06,38.0,22.0,0.0
2065-10-07,36.0,21.7,0.0
2065-10-08,36.5,21.0,0.0
2065-10-09,38.572607421875,20.7,0.0
2065-10-10,39.5298828125,21.6,0.0
2065-10-11,36.74677840996462,23.26859086486709,0.0
2065-10-12,35.8,21.8,0.0
2065-10-13,36.6,21.4,0.0
2065-10-14,38.0,21.544491783781336,0.0
2065-10-15,38.032592042293146,21.8,0.0
2065-10-16,39.059912109375,22.0,0.0
2065-10-17,39.8609375,22.6,0.0
2065-10-18,38.0,24.19453125,0.0
2065-10-19,34.1,22.0,0.0
2065-10-20,33.1,20.4,0.0
2065-10-21,33.8,19.0,0.0
2065-10-22,35.3,19.0,0.0
2065-10-23,36.7,20.2,0.0
2065-10-24,37.69197479654167,20.5,0.0
2065-10-25,36.9,22.0,0.0
2065-10-26,36.23605355220667,20.944823368235635,0.0
2065-10-27,36.7,20.0,0.0
2065-10-28,35.0,21.4,0.0
2065-10-29,32.8,20.8,0.0
2065-10-30,32.5,20.1,0.0
2065-10-31,34.342830434536275,20.0,0.0
2065-11-01,40.39013671875,20.4,0.0
2065-11-02,40.279541015625,25.52213134765625,0.0
2065-11-03,40.46240234375,24.03311767578125,0.0
2065-11-04,39.991943359375,23.221637455620026,0.0
2065-11-05,40.3984375,22.9,0.0
2065-11-06,40.020751953125,22.01762330656414,0.0
2065-11-07,39.83203125,22.0,0.0
2065-11-08,40.757568359375,22.98234454052891,0.0
2065-11-09,37.82910075682031,23.360935437671245,0.0
2065-11-10,35.1,20.5,0.0
2065-11-11,32.4,20.0,0.0
2065-11-12,29.5,19.6,11.4
2065-11-13,29.7,19.2,1.6
2065-11-14,28.5,18.8,0.6499999999999999
2065-11-15,31.3,19.4,5.4
2065-11-16,29.5,19.2,2.8
2065-11-17,30.2,18.7,18.9
2065-11-18,30.2,19.4,0.0
2065-11-19,30.6,19.5,0.7
2065-11-20,31.881821626163955,19.23542825361514,0.0
2065-11-21,32.5,18.7,0.0
2065-11-22,33.7,20.6,0.0
2065-11-23,32.6,18.9,1.6
2065-11-24,29.0,18.7,1.4
2065-11-25,27.6,19.2,0.1
2065-11-26,28.424013609893343,18.7,0.0
2065-11-27,28.9,19.003581757508353,0.0
2065-11-28,30.0,19.0,0.0
2065-11-29,31.5,19.3,0.0
2065-11-30,31.890369697529025,20.0,0.0
2065-12-01,32.4,21.0,0.0
2065-12-02,33.383802831204164,20.0,0.0
2065-12-03,34.587939453125,19.8,0.0
2065-12-04,33.7,21.471743287138978,0.0
2065-12-05,32.1,19.992534130242934,18.8
2065-12-06,31.2,19.9,43.2
2065-12-07,29.6,19.9,25.0
2065-12-08,31.0,19.9,0.0
2065-12-09,31.6,19.9,4.3
2065-12-10,32.0,19.9,0.0
2065-12-11,32.0,19.9,3.0
2065-12-12,30.0,19.9,0.0
2065-12-13,32.1,20.0,0.6
2065-12-14,30.5,19.8,37.67126865671643
2065-12-15,30.584123393876624,19.8,4.940191897654583
2065-12-16,29.7,19.8,0.8
2065-12-17,30.568765924977164,19.4,0.3
2065-12-18,29.5,19.0,0.0
2065-12-19,29.9,19.6,0.9
2065-12-20,29.9,19.5,0.0
2065-12-21,30.7,19.5,0.0
2065-12-22,31.7,20.0,0.0
2065-12-23,32.4,20.034000144531127,0.0
2065-12-24,32.1,20.046165934013505,0.0
2065-12-25,31.1,19.7,0.0
2065-12-26,32.0,18.6,0.0
2065-12-27,33.28602554989133,20.058529863389747,0.0
2065-12-28,33.50549576483274,19.99461126673244,0.0
2065-12-29,33.38978979222941,20.5,0.0
2065-12-30,33.1,20.303451173929055,5.6
2065-12-31,30.0,19.9,32.7
2066-01-01,29.5,19.9,2.4
2066-01-02,30.0,19.77914326844514,40.044444444444444
2066-01-03,30.0,19.8,40.17777777777778
2066-01-04,29.1,19.4,20.799999999999994
2066-01-05,31.1,19.0,0.0
2066-01-06,24.563749139741308,19.8,0.0
2066-01-07,24.2,19.6,0.0
2066-01-08,29.1,19.5,0.0
2066-01-09,29.6,19.7,0.0
2066-01-10,31.0,19.8,1.9
2066-01-11,31.795616938205832,19.8,42.978947368421046
2066-01-12,31.1,19.8,34.0
2066-01-13,30.4,19.8,5.2
2066-01-14,26.7,19.6912330289246,3.4
2066-01-15,29.5,18.7,5.4
2066-01-16,29.298886689198852,19.512574170263232,14.2
2066-01-17,29.4,19.8,7.4
2066-01-18,28.5,19.8,0.0
2066-01-19,31.2,18.9,1.7
2066-01-20,31.9,19.8,8.4
2066-01-21,24.9,19.8,6.0
2066-01-22,26.4,19.7,0.0
2066-01-23,29.0,19.3,0.7
2066-01-24,30.1,19.9,6.4
2066-01-25,28.6,19.6,19.0
2066-01-26,30.1,19.762994919530335,0.0
2066-01-27,31.61722519252609,19.2,0.0
2066-01-28,31.866310767171907,18.938311524488686,0.0
2066-01-29,31.744736136221913,19.3,0.0
2066-01-30,31.7,19.9,0.0
2066-01-31,31.820550142952147,19.029364318681186,0.0
2066-02-01,32.7,20.19532174142031,0.0
2066-02-02,30.0,19.7,0.0
2066-02-03,28.5,19.779481581321775,39.4625
2066-02-04,31.566196714928118,19.2,82.60325246132211
2066-02-05,30.2,19.961394140638767,24.241944444444442
2066-02-06,36.0681640625,20.036311603988008,27.309343434343432
2066-02-07,29.675028262149937,20.162171375181657,3.5
2066-02-08,30.0,20.14149262730949,0.0
2066-02-09,30.8,20.11687123879243,0.0
2066-02-10,32.26146261366759,20.154194137258763,0.0
2066-02-11,34.06057943198698,20.191422205447196,0.0
2066-02-12,32.7,22.121258544921876,0.0
2066-02-13,31.7,21.650921630859376,0.0
2066-02-14,30.6,20.00303659883435,0.0
2066-02-15,30.7,20.132969396877467,0.0
2066-02-16,30.0,19.552677011238124,14.327932098765434
2066-02-17,30.92494311409686,18.6,0.0
2066-02-18,30.3,18.5,0.0
2066-02-19,26.11880987065731,17.8,0.0
2066-02-20,29.6,19.1,0.0
2066-02-21,29.8,20.136647662202144,0.0
2066-02-22,28.6,20.112417089375835,1.5
2066-02-23,27.0,19.2,15.8
2066-02-24,30.7,18.9,1.0
2066-02-25,29.4,20.143659355477308,0.0
2066-02-26,28.9,20.12763591215668,0.0
2066-02-27,28.2,19.0,0.0
2066-02-28,26.9,20.123015091342555,15.2
2066-03-01,25.6,19.9,38.42637931034485
2066-03-02,25.695890410958903,19.8,4.6
2066-03-03,30.0,19.9,2.3
2066-03-04,26.6,18.8,31.800083594566356
2066-03-05,27.5,18.3,0.0
2066-03-06,30.093548387096778,18.3,0.0
2066-03-07,28.4,19.112222458314747,0.0
2066-03-08,28.9,19.2,0.0
2066-03-09,29.0,18.4,0.0
2066-03-10,31.1,19.889598921823445,0.0
2066-03-11,32.14883720930233,18.1,0.0
2066-03-12,30.9,17.0,0.0
2066-03-13,27.9,17.8,0.0
2066-03-14,30.4,16.9,0.0
2066-03-15,29.9,16.5,0.0
2066-03-16,29.7,18.6,0.0
2066-03-17,28.6,19.0,0.0
2066-03-18,27.5,19.8,0.0
2066-03-19,31.2,17.5,0.0
2066-03-20,30.0,17.5,0.0
2066-03-21,30.3,17.4,0.0
2066-03-22,32.0,18.0,0.0
2066-03-23,33.669469026548676,16.0,0.0
2066-03-24,35.9947265625,16.5,0.0
2066-03-25,37.0015625,18.4,0.0
2066-03-26,33.64734513274337,23.34097900390625,0.0
2066-03-27,33.11726384364821,19.185648139036775,0.0
2066-03-28,32.85773955773956,17.7,0.0
2066-03-29,33.1899022801303,18.4,0.0
2066-03-30,31.8,17.3,0.0
2066-03-31,32.5,16.5,0.0
2066-04-01,30.922178988326852,15.2,0.0
2066-04-02,30.905836575875483,16.9,0.0
2066-04-03,32.50542635658915,19.2,0.0
2066-04-04,31.1,19.4,0.0
2066-04-05,29.5,19.0,0.0
2066-04-06,28.9,19.0,0.0
2066-04-07,31.2,18.462500000000002,0.0
2066-04-08,31.86165644171779,19.4,0.0
2066-04-09,32.4,19.0,0.0
2066-04-10,32.2,18.4,0.0
2066-04-11,31.6,17.7,0.0
2066-04-12,33.2,16.9,0.0
2066-04-13,34.01606498194946,17.3,0.0
2066-04-14,33.91027346637102,17.7,0.0
2066-04-15,36.518310546875,17.6,0.0
2066-04-16,36.994384765625,18.6,0.0
2066-04-17,34.012454873646206,19.264187866927596,0.0
2066-04-18,31.486111111111107,19.195716639209223,0.0
2066-04-19,32.42191235059761,18.6,0.0
2066-04-20,33.174660633484166,18.4,0.0
2066-04-21,33.2,18.0,0.0
2066-04-22,34.026624548736464,19.493939393939385,0.0
2066-04-23,30.0,19.02893890675241,17.2
2066-04-24,32.0,19.0,13.518181818181816
2066-04-25,33.1,17.884060721062614,0.0
2066-04-26,32.0,18.79567901234568,0.0
2066-04-27,29.035251798561156,17.4,0.0
2066-04-28,29.2,16.0,0.0
2066-04-29,28.9,14.7,0.0
2066-04-30,28.0,17.1,0.0
2066-05-01,27.8,17.638979837752977,0.0
2066-05-02,29.1,18.04427646879026,0.0
2066-05-03,30.28654116160434,17.0,0.0
2066-05-04,28.876647563608362,17.9,0.0
2066-05-05,28.4,15.838578273074555,0.0
2066-05-06,29.2,14.6,0.0
2066-05-07,30.0,14.9,0.0
2066-05-08,29.8,15.2,0.0
2066-05-09,29.5,15.0,0.0
2066-05-10,30.0,14.6,0.0
2066-05-11,29.918842208573402,14.9,0.0
2066-05-12,29.8,14.9,0.0
2066-05-13,29.5,13.9,0.0
2066-05-14,29.2,14.9,0.0
2066-05-15,28.3,14.1,0.0
2066-05-16,27.6,13.2,0.0
2066-05-17,26.7,11.9,0.0
2066-05-18,27.268310663143815,9.9,0.0
2066-05-19,26.5,13.6,0.0
2066-05-20,27.3,13.497038729377639,0.0
2066-05-21,27.9,12.4,0.0
2066-05-22,28.9,14.974083015486833,0.0
2066-05-23,29.2,17.9,0.0
2066-05-24,29.9,15.9,0.0
2066-05-25,30.0,14.7,0.0
2066-05-26,30.0,14.9,0.0
2066-05-27,28.1,15.0,0.0
2066-05-28,26.7,13.9,0.0
2066-05-29,25.2,12.2,0.0
2066-05-30,24.9,9.4,0.0
2066-05-31,26.3,7.5,0.0
2066-06-01,26.6,8.5,0.0
2066-06-02,27.8,9.5,0.0
2066-06-03,28.0,9.9,0.0
2066-06-04,28.0,8.5,0.0
2066-06-05,26.6,11.8,0.0
2066-06-06,26.2,10.7,0.0
2066-06-07,27.4,10.2,0.0
2066-06-08,28.481151600068454,10.8,0.0
2066-06-09,28.9,10.7,0.0
2066-06-10,28.2,12.7,0.0
2066-06-11,27.7,12.6,0.0
2066-06-12,28.0,13.0,0.0
2066-06-13,28.0,13.2,0.0
2066-06-14,27.1,13.5,0.0
2066-06-15,26.4,12.91882821190212,0.0
2066-06-16,25.4,12.1,0.0
2066-06-17,24.6,11.7,0.0
2066-06-18,24.4,12.6,0.0
2066-06-19,23.5,10.6,0.0
2066-06-20,24.8,9.2,0.0
2066-06-21,27.9,10.2,0.0
2066-06-22,30.49506649596687,12.6,0.0
2066-06-23,30.562378141882633,13.5,0.0
2066-06-24,30.6003843435116,14.2,0.0
2066-06-25,30.52450806667184,15.437941948076487,0.0
2066-06-26,30.625633218719656,15.9,0.0
2066-06-27,30.861726073874284,19.006055981468762,0.0
2066-06-28,29.75284191106652,16.453030456246154,0.0
2066-06-29,24.8,14.3,0.0
2066-06-30,24.9,12.7,0.0
2066-07-01,26.48417653390742,12.2,0.0
2066-07-02,29.184063004574796,11.9,0.0
2066-07-03,29.871621305133047,13.8,0.0
2066-07-04,27.6,15.3,0.0
2066-07-05,26.0,13.841747398636528,0.0
2066-07-06,26.7,13.0,0.0
2066-07-07,28.0,11.405141518394217,0.0
2066-07-08,27.7,11.2,0.0
2066-07-09,28.0,10.5,0.0
2066-07-10,28.21545766360765,10.5,0.0
2066-07-11,29.0,10.9,0.0
2066-07-12,27.2,12.2,0.0
2066-07-13,25.9,12.775406649922251,0.0
2066-07-14,28.2,12.2,0.0
2066-07-15,29.693433799784703,12.9,0.0
2066-07-16,30.7,14.3,0.0
2066-07-17,30.287862088909588,14.721625750894107,0.0
2066-07-18,27.7,15.845152384160883,0.0
2066-07-19,26.3,14.14307476393561,0.0
2066-07-20,26.2,13.0,0.0
2066-07-21,26.7,13.4,0.0
2066-07-22,26.0,13.4,0.0
2066-07-23,25.0,12.4,0.0
2066-07-24,24.07331074469126,12.5,0.0
2066-07-25,23.3,12.2,0.0
2066-07-26,23.1,10.5,0.0
2066-07-27,24.3,10.187567276641557,0.0
2066-07-28,24.2,11.0,0.0
2066-07-29,24.2,10.5,0.0
2066-07-30,25.6,10.5,0.0
2066-07-31,26.88902534494568,10.7,0.0
2066-08-01,26.0,9.9,0.0
2066-08-02,26.3,10.6,0.0
2066-08-03,25.9,11.5,0.0
2066-08-04,25.9,9.4,0.0
2066-08-05,27.1,11.0623630722472,0.0
2066-08-06,29.0,11.8,0.0
2066-08-07,29.255833632340625,11.8,0.0
2066-08-08,26.7,13.6,0.0
2066-08-09,22.132794912797028,11.5,0.0
2066-08-10,22.7,8.0,0.0
2066-08-11,24.6,7.985871905274489,0.0
2066-08-12,27.0,10.3,0.0
2066-08-13,28.7,12.2,0.0
2066-08-14,30.8,14.0,0.0
2066-08-15,30.8,15.4,0.0
2066-08-16,28.0,17.10293680590197,0.0
2066-08-17,26.3,14.9,0.0
2066-08-18,25.0,13.4,0.0
2066-08-19,25.6,11.0,0.0
2066-08-20,28.6,11.009426291489115,0.0
2066-08-21,31.482669537136704,14.0,0.0
2066-08-22,31.6,18.26911669727094,0.0
2066-08-23,30.2,18.167786361046037,0.0
2066-08-24,29.1,15.8,0.0
2066-08-25,29.0,14.2,0.0
2066-08-26,29.6,13.637294734672372,0.0
2066-08-27,28.8,15.1,0.0
2066-08-28,28.2,14.5,0.0
2066-08-29,29.0,13.5,0.0
2066-08-30,30.5,14.7,0.0
2066-08-31,31.1,16.7,0.0
2066-09-01,32.52494438264739,16.7,0.0
2066-09-02,33.0,17.7,0.0
2066-09-03,32.0,18.5,0.0
2066-09-04,31.9,17.643074122762673,0.0
2066-09-05,33.1,17.6,0.0
2066-09-06,33.9,19.0,0.0
2066-09-07,36.0,22.569561623727925,0.0
2066-09-08,35.2,20.6,0.0
2066-09-09,34.4,20.5,0.0
2066-09-10,33.7,19.904372379567043,0.0
2066-09-11,35.6,19.3,0.0
2066-09-12,36.14585641100646,20.2,0.0
2066-09-13,36.12012988929132,20.5,0.0
2066-09-14,30.4,18.5,0.0
2066-09-15,27.1,15.2,0.0
2066-09-16,27.076866160813605,14.0,0.0
2066-09-17,27.9,13.5,0.0
2066-09-18,30.7,13.6,0.0
2066-09-19,33.0,15.3,0.0
2066-09-20,33.900339912564355,18.14609288097888,0.0
2066-09-21,34.2,18.8,0.0
2066-09-22,34.3,18.601400546061278,0.0
2066-09-23,36.150700316768734,19.0,0.0
2066-09-24,40.457763671875,20.4,0.0
2066-09-25,36.22928282482266,23.690673828125,0.0
2066-09-26,33.2,20.5,0.0
2066-09-27,33.6,20.2,0.0
2066-09-28,33.7,20.08744685642534,0.0
2066-09-29,33.2,19.7113870967742,0.0
2066-09-30,33.1,19.5,0.0
2066-10-01,34.5,19.2,0.0
2066-10-02,36.51892290790451,20.0,0.0
2066-10-03,38.0,20.7,0.0
2066-10-04,38.0,21.0,0.0
2066-10-05,38.0,20.9,0.0
2066-10-06,38.0,21.4,0.0
2066-10-07,36.0,21.9,0.0
2066-10-08,36.7,21.4,0.0
2066-10-09,36.9,21.9,0.0
2066-10-10,37.650221743810484,21.0,0.0
2066-10-11,39.127294921875,21.2,0.0
2066-10-12,38.636083984375,23.0,0.0
2066-10-13,35.17179763186221,22.0,0.0
2066-10-14,33.7,21.0,0.0
2066-10-15,34.3,20.805879098216334,0.0
2066-10-16,35.98000857492109,21.0,0.0
2066-10-17,35.3,21.8,0.0
2066-10-18,36.6,21.0,0.0
2066-10-19,38.0,21.564070697870473,0.0
2066-10-20,38.0,21.7,0.0
2066-10-21,38.46005859375,21.4,0.0
2066-10-22,40.22470703125,21.7,0.0
2066-10-23,36.54490029185577,23.444190825060424,0.0
2066-10-24,32.9,21.0,0.0
2066-10-25,33.1,20.4,0.0
2066-10-26,34.5,19.5,0.0
2066-10-27,35.8,20.2,0.0
2066-10-28,35.5,21.8,0.0
2066-10-29,34.4,21.6,0.0
2066-10-30,33.26123864119958,23.0,0.0
2066-10-31,31.6,17.6,6.972362685265914
2066-11-01,30.0,18.5,3.4
2066-11-02,29.0,18.7,5.675
2066-11-03,30.0,19.345551425703352,1.2666666666666666
2066-11-04,32.4,19.17890159079031,0.0
2066-11-05,34.2,20.0,0.0
2066-11-06,34.2,19.4,0.0
2066-11-07,36.4,20.7,0.0
2066-11-08,37.2,22.001439621416225,0.0
2066-11-09,37.432842693431965,21.5,0.0
2066-11-10,36.5,22.0,0.0
2066-11-11,38.23891758731339,21.7,0.0
2066-11-12,40.260498046875,21.2,0.0
2066-11-13,39.97314453125,22.3,0.0
2066-11-14,39.948486328125,21.5,0.0
2066-11-15,40.300537109375,21.5,0.0
2066-11-16,40.060546875,23.323418716927222,0.0
2066-11-17,39.48087903938849,22.994687645771293,0.0
2066-11-18,32.8,19.9,7.73125
2066-11-19,27.4,18.9,61.369902912621384
2066-11-20,28.6,19.0,10.066666666666666
2066-11-21,30.9,18.5,0.0
2066-11-22,31.4,19.3,5.4
2066-11-23,30.2,18.7,5.666666666666667
2066-11-24,28.7,19.0,34.276923076923076
2066-11-25,31.561799932741803,19.35647738679834,0.0
2066-11-26,32.0,18.2,0.0
2066-11-27,32.6,17.6,0.0
2066-11-28,33.3,17.9,0.0
2066-11-29,32.1,19.5,2.5
2066-11-30,31.845187034599338,19.2,5.033333333333333
2066-12-01,30.2,19.9,0.0
2066-12-02,30.7,19.9,0.0
2066-12-03,30.7,19.9,5.6
2066-12-04,32.1,19.9,35.79251792983136
2066-12-05,30.7,19.8,6.299786780383794
2066-12-06,30.1,19.9,1.7
2066-12-07,29.7,19.9,7.0
2066-12-08,31.544956174073498,19.9,0.0
2066-12-09,31.4,19.9,0.0
2066-12-10,31.6,19.9,0.0
2066-12-11,26.4,19.774234571489714,0.0
2066-12-12,26.3,19.6,0.0
2066-12-13,30.1,19.688905570623426,0.0
2066-12-14,31.2,19.5,5.746588486140725
2066-12-15,30.6,19.9,0.0
2066-12-16,31.6,19.9,0.0
2066-12-17,28.9,19.9,0.5
2066-12-18,31.6,19.5,0.0
2066-12-19,31.0,19.0,0.0
2066-12-20,31.0,18.1,0.5
2066-12-21,28.4,19.8,0.0
2066-12-22,29.8,19.74529180095377,0.5
2066-12-23,30.826703427779847,19.5,1.0
2066-12-24,29.6,18.6,0.0
2066-12-25,30.311919799758762,19.8,0.5
2066-12-26,31.0,19.687643566590356,0.0
2066-12-27,29.0,19.0,0.0
2066-12-28,29.9,19.3,0.0
2066-12-29,29.1,19.734250669971537,0.0
2066-12-30,28.3,19.8,32.7
2066-12-31,29.0,19.7472213189895,0.0
2067-01-01,30.9,18.7,0.0
2067-01-02,31.8,19.6,0.0
2067-01-03,29.7,19.746127722801027,0.0
2067-01-04,31.9,18.6,0.0
2067-01-05,32.78914361846404,18.9,0.0
2067-01-06,36.1962463311198,19.9,0.0
2067-01-07,37.305859375,19.8,0.0
2067-01-08,33.87871848653756,18.6,0.0
2067-01-09,32.074887682024524,20.212611770873618,0.0
2067-01-10,26.9,19.769299804168227,17.324999999999996
2067-01-11,27.6,19.2,42.684210526315795
2067-01-12,29.5,19.8,0.0
2067-01-13,31.1,19.84714199704438,3.9
2067-01-14,32.059524522619874,17.9,0.0
2067-01-15,32.101926842576695,20.81361083984375,0.0
2067-01-16,30.411315931108714,19.9,1.2
2067-01-17,29.7,19.8,15.960000000000003
2067-01-18,29.9,19.8,17.9
2067-01-19,29.9,19.0,0.0
2067-01-20,29.3,19.8,0.0
2067-01-21,28.1,19.9,21.2
2067-01-22,26.1,19.781947164330077,11.5
2067-01-23,27.5,19.9,43.611111111111114
2067-01-24,27.0,19.7,56.67142857142857
2067-01-25,28.0,19.5,4.6
2067-01-26,28.7,19.8,1.0
2067-01-27,29.5,19.8,23.6
2067-01-28,27.1,19.6,3.0
2067-01-29,25.5,19.271107352162225,25.325000000000003
2067-01-30,29.7,19.8,9.0
2067-01-31,30.8,19.6,18.7
2067-02-01,26.8,19.7,15.8
2067-02-02,28.3,19.2,0.0
2067-02-03,29.0,19.931007072396998,24.975925925925928
2067-02-04,28.5,19.1,9.9
2067-02-05,29.0,19.0,1.6
2067-02-06,29.4,17.8,0.0
2067-02-07,30.0,19.1,0.0
2067-02-08,30.9,18.7,0.0
2067-02-09,31.9,18.8,0.0
2067-02-10,32.9,18.6,0.0
2067-02-11,31.6,19.26330384577533,0.0
2067-02-12,30.7,17.2,0.0
2067-02-13,31.004034824065915,18.9,0.0
2067-02-14,32.07358426594127,20.13379700657552,0.0
2067-02-15,30.7,20.18680713192264,4.927777777777777
2067-02-16,31.8,18.9,0.0
2067-02-17,25.30070499327974,19.553434367687597,0.0
2067-02-18,28.0,20.123612809457814,0.8
2067-02-19,27.5,19.707187172650155,0.0
2067-02-20,29.8,18.7,0.0
2067-02-21,28.7,18.0,0.0
2067-02-22,29.0,18.3,0.0
2067-02-23,30.6,18.6,0.0
2067-02-24,32.0,19.2,0.0
2067-02-25,31.365343896795896,18.5,0.0
2067-02-26,31.7,17.9,0.0
2067-02-27,32.1,17.5,0.0
2067-02-28,30.7,19.2,0.0
2067-03-01,32.5,18.6,0.0
2067-03-02,33.23401360544218,19.23679776986558,0.0
2067-03-03,35.788671875,18.5,0.0
2067-03-04,36.92392578125,24.37271728515625,0.0
2067-03-05,32.9,22.73355712890625,2.1379310344827607
2067-03-06,29.9,21.64637407736899,17.176551724137937
2067-03-07,32.9,20.237624504367012,0.0
2067-03-08,35.02158203125,18.8,0.0
2067-03-09,34.514007782101196,19.119775521593066,0.0
2067-03-10,33.92614379084967,20.3,0.0
2067-03-11,33.2,22.13419189453125,0.0
2067-03-12,33.7,20.369890514193077,0.0
2067-03-13,32.9,21.714542309538523,19.268965517241384
2067-03-14,30.6,20.4317097443469,36.00594827586207
2067-03-15,29.020000000000003,21.24805774037805,19.035862068965525
2067-03-16,27.9,20.3,28.06436781609195
2067-03-17,27.116091954022988,20.29305001067342,0.0
2067-03-18,29.2,20.29062646191857,2.2
2067-03-19,30.0,19.803512825225127,0.0
2067-03-20,31.5,18.9,0.0
2067-03-21,29.7,16.8,0.0
2067-03-22,29.8,15.710118406889155,0.0
2067-03-23,29.7,17.4,0.0
2067-03-24,30.1,19.0,0.0
2067-03-25,30.0,19.30773831902847,0.0
2067-03-26,31.3,17.8,0.0
2067-03-27,32.9,18.8,0.0
2067-03-28,35.100927734375,18.2,0.0
2067-03-29,35.34189453125,18.723041657138708,0.0
2067-03-30,32.5,19.3,0.0
2067-03-31,33.2,18.6,0.0
2067-04-01,32.93508771929824,18.4,0.0
2067-04-02,33.43110236220471,21.570849609375,0.0
2067-04-03,33.2,20.7908203125,1.3
2067-04-04,32.3,19.4,8.466666666666667
2067-04-05,31.507894736842104,19.4,24.993333333333332
2067-04-06,29.9,19.4,28.27777777777778
2067-04-07,30.0,19.4,28.4
2067-04-08,30.0,19.4,28.055555555555557
2067-04-09,30.7,19.02604501607717,25.905084745762714
2067-04-10,26.6,19.0,9.826315789473684
2067-04-11,30.0,18.2,0.0
2067-04-12,29.1,18.4,0.0
2067-04-13,30.962645914396887,18.6,0.0
2067-04-14,31.1,18.3,0.0
2067-04-15,31.1,19.0,0.0
2067-04-16,31.3,18.6,0.0
2067-04-17,28.7,19.4,26.74
2067-04-18,28.6,19.0,0.0
2067-04-19,28.9,17.5,0.0
2067-04-20,27.4,18.2,0.0
2067-04-21,26.7,17.0,0.0
2067-04-22,27.6,14.4,0.0
2067-04-23,29.0,13.3,0.0
2067-04-24,30.7,13.8,0.0
2067-04-25,31.4,14.5,0.0
2067-04-26,31.0,15.9,0.0
2067-04-27,30.0,15.956923076923076,0.0
2067-04-28,27.6,15.0,0.0
2067-04-29,27.2,16.0,0.0
2067-04-30,28.2,14.145000000000001,0.0
2067-05-01,29.3,11.8,0.0
2067-05-02,30.7,12.2,0.0
2067-05-03,32.0,12.9,0.0
2067-05-04,30.896404736275553,15.9,0.0
2067-05-05,29.9,17.995840859194907,0.0
2067-05-06,30.0,16.9,0.23333333333333334
2067-05-07,29.9,17.9195582916533,1.2
2067-05-08,30.0,17.4,0.0
2067-05-09,30.0,17.90313345060252,0.0
2067-05-10,29.91812511872347,16.9,0.0
2067-05-11,28.0,18.0,0.0
2067-05-12,29.1,16.7,0.0
2067-05-13,29.1,17.655216693606523,2.666666666666667
2067-05-14,29.3,16.8,4.451851851851851
2067-05-15,28.3,16.7,1.2
2067-05-16,27.2,16.9,1.5
2067-05-17,23.985757180896268,16.2,2.2448979591836733
2067-05-18,24.3,16.7,0.0
2067-05-19,23.288898130932576,16.897581513246976,0.0
2067-05-20,24.4,12.4,0.0
2067-05-21,23.8,9.7,0.0
2067-05-22,24.3,6.8,0.0
2067-05-23,25.0,6.8,0.0
2067-05-24,27.8,6.9,0.0
2067-05-25,28.8,9.6,0.0
2067-05-26,29.6,11.0,0.0
2067-05-27,29.9,12.7,0.0
2067-05-28,28.9,13.8,0.0
2067-05-29,26.4,13.0,0.0
2067-05-30,25.6,11.9,0.0
2067-05-31,26.1,12.0,0.0
2067-06-01,24.9,11.0,0.0
2067-06-02,25.4,9.6,0.0
2067-06-03,25.8,8.28425797182054,0.0
2067-06-04,24.8,12.2,0.0
2067-06-05,21.6,12.9,0.0
2067-06-06,22.9,10.7,0.0
2067-06-07,22.3,8.4,0.0
2067-06-08,22.9,7.57143372516009,0.0
2067-06-09,23.2,7.2,0.0
2067-06-10,24.9,6.2,0.0
2067-06-11,25.5,8.0,0.0
2067-06-12,23.9,10.8,0.0
2067-06-13,21.476744153092962,10.2,0.0
2067-06-14,22.4,8.9,0.0
2067-06-15,23.0,7.0,0.0
2067-06-16,23.0,9.9,0.0
2067-06-17,22.9,8.9,0.0
2067-06-18,24.2,8.4,0.0
2067-06-19,25.6,14.4,0.0
2067-06-20,25.5,13.0,0.0
2067-06-21,25.6,12.5,0.0
2067-06-22,26.0,11.7,0.0
2067-06-23,26.4,12.2,0.0
2067-06-24,25.3,12.6,0.0
2067-06-25,25.41442039424497,11.8,0.0
2067-06-26,25.0,11.8,0.0
2067-06-27,25.5,11.7,0.0
2067-06-28,25.6,11.5,0.0
2067-06-29,23.77968112717835,10.9,0.0
2067-06-30,22.2,9.604319373618598,0.0
2067-07-01,21.4,15.0,0.0
2067-07-02,25.0,12.2,0.0
2067-07-03,27.2,12.0,0.0
2067-07-04,28.2,12.4,0.0
2067-07-05,28.1,12.9,0.0
2067-07-06,27.9,12.201573909754746,0.0
2067-07-07,28.35432335844994,11.9,0.0
2067-07-08,29.48780461267512,13.0,0.0
2067-07-09,30.674072911668187,14.246083411584173,0.0
2067-07-10,29.0,15.335135177298318,0.0
2067-07-11,25.554586771917226,13.8,0.0
2067-07-12,19.0,14.293513361726019,0.0
2067-07-13,22.7,12.4,0.0
2067-07-14,22.816550822697213,9.8,0.0
2067-07-15,25.252055301399352,6.46648140418708,0.0
2067-07-16,27.05813028019701,7.4,0.0
2067-07-17,27.6,9.1,0.0
2067-07-18,28.0,9.0,0.0
2067-07-19,25.7,12.9,0.0
2067-07-20,22.9,12.1,0.0
2067-07-21,23.895778663485874,10.8,0.0
2067-07-22,25.0,11.6,0.0
2067-07-23,25.7,12.4,0.0
2067-07-24,26.9,12.9,0.0
2067-07-25,28.0,13.8,0.0
2067-07-26,28.5,13.4,0.0
2067-07-27,29.2,12.9,0.0
2067-07-28,30.93922394383708,15.048766690332775,0.0
2067-07-29,31.357861328125,16.0,0.0
2067-07-30,28.757810818083954,16.0,0.0
2067-07-31,27.1,15.1,0.0
2067-08-01,24.0,13.1,0.0
2067-08-02,24.6,11.9,0.0
2067-08-03,25.9,10.075033242575826,0.0
2067-08-04,26.7,10.2,0.0
2067-08-05,29.4,11.348495156081805,0.0
2067-08-06,30.7,13.2,0.0
2067-08-07,30.70468507968179,16.35061894510225,0.0
2067-08-08,28.1,17.2,0.0
2067-08-09,26.32185145317546,14.625492924466373,0.0
2067-08-10,26.7,13.5,0.0
2067-08-11,27.2,12.6,0.0
2067-08-12,27.0,12.6,0.0
2067-08-13,26.4,13.6,0.0
2067-08-14,26.4,13.5,0.0
2067-08-15,26.4,13.0,0.0
2067-08-16,25.5,13.0,0.0
2067-08-17,25.7,11.2,0.0
2067-08-18,27.9,11.2,0.0
2067-08-19,30.0,13.0,0.0
2067-08-20,31.4583423035522,14.6,0.0
2067-08-21,31.9,15.4,0.0
2067-08-22,31.4,16.3,0.0
2067-08-23,31.4,16.460267717629076,0.0
2067-08-24,30.7,16.952081945085162,0.0
2067-08-25,30.9,15.502597617667575,0.0
2067-08-26,31.2,15.719839949549309,0.0
2067-08-27,30.5,17.4,0.0
2067-08-28,30.0,16.9,0.0
2067-08-29,30.7,16.7,0.0
2067-08-30,31.4,15.7,0.0
2067-08-31,31.4,16.730314980433178,0.0
2067-09-01,32.8399380954684,15.6,0.0
2067-09-02,33.7,15.3,0.0
2067-09-03,33.1,18.1,0.0
2067-09-04,33.0,18.1,0.0
2067-09-05,33.70979711757024,17.9,0.0
2067-09-06,35.4,18.4,0.0
2067-09-07,35.89402037029636,19.2,0.0
2067-09-08,33.57207304881655,19.2,0.0
2067-09-09,33.1,17.5,0.0
2067-09-10,33.4,17.4,0.0
2067-09-11,34.2,17.8,0.0
2067-09-12,36.0,18.9,0.0
2067-09-13,35.0,20.0,0.0
2067-09-14,33.91509842977987,20.0,0.0
2067-09-15,33.2,20.1,0.0
2067-09-16,33.2,19.423615611549067,0.0
2067-09-17,34.938084815181234,18.3,0.0
2067-09-18,36.18875188759008,19.0,0.0
2067-09-19,36.25339471128372,20.5,0.0
2067-09-20,36.0,20.6,0.0
2067-09-21,34.7,20.5,0.0
2067-09-22,34.340503902258156,20.5,0.0
2067-09-23,34.009258921570414,20.4,0.0
2067-09-24,34.8,20.0,0.0
2067-09-25,33.9,20.1,0.0
2067-09-26,34.7,20.0,0.0
2067-09-27,36.07090334289562,20.4,0.0
2067-09-28,36.12599639738117,20.5,0.0
2067-09-29,39.375732421875,20.4,0.0
2067-09-30,39.999267578125,20.5,0.0
2067-10-01,30.1,20.3,0.0
2067-10-02,30.2,17.6,0.0
2067-10-03,32.3,16.3,0.0
2067-10-04,35.6,16.2,0.0
2067-10-05,38.8814453125,17.0,0.0
2067-10-06,39.317236328125,21.2,0.0
2067-10-07,39.034765625,22.0,0.0
2067-10-08,39.103857421875,21.75111989732548,0.0
2067-10-09,38.7818359375,21.7,0.0
2067-10-10,36.0,21.9,0.0
2067-10-11,34.8,20.0,0.0
2067-10-12,35.5,19.4,0.0
2067-10-13,33.2,20.7,0.0
2067-10-14,32.7,19.4,0.0
2067-10-15,33.9,18.5,0.0
2067-10-16,35.6,19.0,0.0
2067-10-17,37.229908958816466,20.2,0.0
2067-10-18,36.0,21.531112859153758,0.0
2067-10-19,34.9,20.7,0.0
2067-10-20,34.3,20.6,0.0
2067-10-21,35.0,20.0,0.0
2067-10-22,36.0,19.6,0.0
2067-10-23,38.4068359375,19.7,0.0
2067-10-24,40.12900390625,20.3,0.0
2067-10-25,40.24521484375,22.804312432723336,0.0
2067-10-26,38.69931640625,23.457594940989797,0.0
2067-10-27,35.2,22.0,0.0
2067-10-28,36.0,21.528828652510022,0.0
2067-10-29,37.45387820208924,21.9,0.0
2067-10-30,37.2,21.9,0.0
2067-10-31,36.654348762109784,21.590502231890813,0.0
2067-11-01,36.909756465262554,21.7,0.0
2067-11-02,39.549072265625,21.437513336814156,0.0
2067-11-03,39.977294921875,21.732625565607155,0.0
2067-11-04,41.125732421875,21.7,0.0
2067-11-05,42.060546875,23.165411209814526,0.0
2067-11-06,41.7197265625,23.456529498907273,0.0
2067-11-07,40.693603515625,23.35067853170189,0.0
2067-11-08,39.88134765625,22.976775090602466,0.0
2067-11-09,40.4423828125,23.171900369704225,0.0
2067-11-10,40.2890625,23.167888889045145,0.0
2067-11-11,36.8995130935064,22.3,0.0
2067-11-12,37.55002129350072,21.2,0.0
2067-11-13,30.449332591768627,19.9,0.0
2067-11-14,33.407455197132606,19.0,0.0
2067-11-15,36.914536705415436,18.4,0.0
2067-11-16,40.303955078125,18.7,0.0
2067-11-17,39.67138671875,21.3,0.0
2067-11-18,36.06134088381028,21.0,0.0
2067-11-19,37.45070522803114,20.4,0.0
2067-11-20,39.703125,21.0,0.0
2067-11-21,37.885105763897506,22.1,0.0
2067-11-22,37.88497876841661,22.0,0.0
2067-11-23,39.75439453125,21.7,0.0
2067-11-24,35.9,19.9,0.0
2067-11-25,36.74048492318793,19.4,0.0
2067-11-26,36.2,23.15396669146362,0.0
2067-11-27,37.830243716148416,23.32915095580109,0.0
2067-11-28,40.565185546875,23.385713021568158,0.0
2067-11-29,40.73095703125,23.37864649042066,0.0
2067-11-30,39.639404296875,23.377930892329783,0.0
2067-12-01,33.7,20.65666556884305,2.0
2067-12-02,32.4,20.0,9.446481876332625
2067-12-03,32.1,20.2,0.0
2067-12-04,32.0,20.10384997039188,0.0
2067-12-05,33.31231147307916,19.8,0.0
2067-12-06,33.68426214978451,20.2,0.0
2067-12-07,33.1,20.5,0.0
2067-12-08,29.5,20.148714524658864,0.0
2067-12-09,31.0,20.0,1.2
2067-12-10,30.1,19.9,42.79349680170575
2067-12-11,30.2,19.9,2.4
2067-12-12,31.7,19.0,0.0
2067-12-13,32.1,19.9,0.0
2067-12-14,32.1,19.9,0.0
2067-12-15,32.4,19.8,0.0
2067-12-16,29.6,20.010976288865766,19.020980810234544
2067-12-17,28.4,19.9,1.3
2067-12-18,29.9,19.9,16.6
2067-12-19,29.6,19.9,0.0
2067-12-20,30.1,19.8,2.3
2067-12-21,31.2,19.9,41.94698247890976
2067-12-22,30.0,19.72993605325275,18.8
2067-12-23,28.9,19.8,2.5
2067-12-24,28.6,19.8,17.219829424307036
2067-12-25,29.7,19.9,2.7
2067-12-26,30.1,19.9,15.449253731343283
2067-12-27,30.095357911733043,19.9,0.0
2067-12-28,30.8,19.9,0.0
2067-12-29,31.7,18.6,0.0
2067-12-30,31.6,19.8,0.0
2067-12-31,29.9,19.8,23.967697228144974
2068-01-01,29.2,19.8,0.0
2068-01-02,29.621942495493254,18.9,0.0
2068-01-03,27.2,19.6,0.0
2068-01-04,23.926980532888415,19.68499650405366,0.0
2068-01-05,27.0,19.4,0.0
2068-01-06,28.5,18.8,2.4
2068-01-07,29.9,17.9,0.0
2068-01-08,31.11422313136334,19.8,0.0
2068-01-09,31.7,19.5,0.0
2068-01-10,31.2,20.434406187043383,0.0
2068-01-11,31.1,19.8,16.4
2068-01-12,29.1,19.9,22.3
2068-01-13,27.1,19.8,0.0
2068-01-14,29.5,19.8,4.6
2068-01-15,28.9,19.8,1.5
2068-01-16,29.3,19.8,0.6
2068-01-17,28.7,19.787197011944436,0.0
2068-01-18,30.1,19.9,4.0
2068-01-19,29.3,19.82611144790951,17.9
2068-01-20,28.7,19.4,10.7
2068-01-21,28.7,19.850365064940746,5.8
2068-01-22,30.0,19.8,20.7
2068-01-23,30.9,19.9,65.93333333333335
2068-01-24,29.7,19.79119405501445,9.0
2068-01-25,28.87776994172451,19.7,0.2
2068-01-26,27.0,19.8,3.6
2068-01-27,30.741957066176656,20.01423367728362,5.6
2068-01-28,32.1006209740273,19.9,1.9
2068-01-29,30.5,19.8,27.4
2068-01-30,29.2,19.9,1.3
2068-01-31,23.946687426822365,19.7,42.93684210526316
2068-02-01,25.0,18.8,6.0
2068-02-02,27.9,18.5,0.0
2068-02-03,28.1,17.4,0.0
2068-02-04,28.4,14.2,0.0
2068-02-05,30.9,13.691690875025301,0.0
2068-02-06,31.785966349071703,14.876034823664204,0.0
2068-02-07,29.6,17.5,0.0
2068-02-08,26.7,16.5,0.0
2068-02-09,28.0,18.0,0.0
2068-02-10,28.5,19.2,0.0
2068-02-11,29.0,18.8,0.0
2068-02-12,30.6,20.169384223591766,0.0
2068-02-13,32.346508914208535,19.0,0.0
2068-02-14,36.168017578125,19.7,0.0
2068-02-15,31.4,18.9,0.0
2068-02-16,31.9,19.0,0.0
2068-02-17,31.9,19.942138230673628,9.9
2068-02-18,29.7,19.95230038186813,0.0
2068-02-19,32.92575765346418,18.7,1.3
2068-02-20,29.6,18.9,3.6
2068-02-21,30.4,18.6,0.0
2068-02-22,29.9,18.4,0.0
2068-02-23,30.6,17.5,0.0
2068-02-24,29.9,19.1,0.0
2068-02-25,30.6,19.5,0.0
2068-02-26,32.0,18.1,0.0
2068-02-27,37.165576171875,20.147475555751658,0.0
2068-02-28,38.665576171875,19.996005085905146,0.0
2068-03-01,33.0,20.220462091173754,2.2
2068-03-02,27.4,18.1,1.0
2068-03-03,29.4,17.9,1.9
2068-03-04,33.113029315960915,18.5,1.4455172413793111
2068-03-05,33.2,20.28543690643266,21.22103448275862
2068-03-06,33.0,19.6,21.13293103448276
2068-03-07,30.7,20.220554291398123,2.2166436781609207
2068-03-08,30.9,19.9,5.86735632183908
2068-03-09,32.0,20.3,1.6216091954022986
2068-03-10,32.0,19.9,1.4
2068-03-11,32.268343195266276,19.9,1.7
2068-03-12,31.1,19.9,17.541379310344826
2068-03-13,25.45703125,19.9,28.0
2068-03-14,26.0,19.3,27.1096551724138
2068-03-15,30.4,19.0,1.7
2068-03-16,32.294082840236676,19.2,1.4
2068-03-17,30.9,19.15568352734245,1.6
2068-03-18,30.7,19.0,5.649425287356323
2068-03-19,30.0,19.6,1.0
2068-03-20,29.0,18.9,0.0
2068-03-21,27.5,19.55224017469167,36.6877288941736
2068-03-22,27.0,19.170046729642213,24.08620689655173
2068-03-23,26.5,19.0,1.0282758620689656
2068-03-24,28.0,19.1,36.012241379310346
2068-03-25,27.1,19.3,5.4
2068-03-26,27.9,18.9,1.8
2068-03-27,26.5,18.6,0.0
2068-03-28,26.4,19.13472687226286,0.0
2068-03-29,29.0,18.3,0.0
2068-03-30,28.4,18.2,0.0
2068-03-31,28.6,16.9,0.0
2068-04-01,27.0,18.4,0.0
2068-04-02,29.0,17.6,0.0
2068-04-03,26.7,18.7,0.0
2068-04-04,26.3,18.6,0.0
2068-04-05,29.6,19.0,1.0
2068-04-06,28.2,19.013504823151127,0.0
2068-04-07,28.6,18.7,0.0
2068-04-08,29.5,18.9,0.0
2068-04-09,28.9,19.7,0.0
2068-04-10,27.916363636363634,18.7,0.0
2068-04-11,29.0,16.6,0.0
2068-04-12,28.6,15.6,0.0
2068-04-13,28.7,15.2,0.0
2068-04-14,28.9,15.7,0.0
2068-04-15,28.7,14.973333333333349,0.0
2068-04-16,29.4,14.0,0.0
2068-04-17,28.9,15.1,0.0
2068-04-18,28.5,14.4,0.0
2068-04-19,29.0,14.025806451612905,0.0
2068-04-20,29.812068965517238,14.4,0.0
2068-04-21,30.14740740740741,15.0,0.0
2068-04-22,30.4,14.6,0.0
2068-04-23,31.1,15.0,0.0
2068-04-24,30.6,16.2,0.0
2068-04-25,30.978988326848246,15.193939393939395,0.0
2068-04-26,30.1,15.6,0.0
2068-04-27,29.7,15.2,0.0
2068-04-28,30.0,15.9,0.0
2068-04-29,30.6,15.0,0.0
2068-04-30,31.163999999999998,14.5,0.0
2068-05-01,31.12313585863259,13.2,0.0
2068-05-02,30.6,14.022356115359326,0.0
2068-05-03,25.0,17.832436699347348,0.0
2068-05-04,24.6,17.0,0.0
2068-05-05,26.4,14.32500897021886,0.0
2068-05-06,27.9,12.3,0.0
2068-05-07,29.8,13.0,0.0
2068-05-08,30.6,14.963919019624063,0.0
2068-05-09,31.1,15.6,0.0
2068-05-10,28.5,16.9,0.0
2068-05-11,23.5,15.33406800896431,0.0
2068-05-12,25.9,15.1,0.0
2068-05-13,28.9,13.1,0.0
2068-05-14,29.9,14.6,0.0
2068-05-15,30.4,15.0,0.0
2068-05-16,31.0,15.7,0.0
2068-05-17,31.6,15.7,0.0
2068-05-18,30.0,16.74817190719355,0.0
2068-05-19,28.6,15.2,0.0
2068-05-20,28.6,14.5,0.0
2068-05-21,28.9,13.6,0.0
2068-05-22,27.6,12.8,0.0
2068-05-23,27.1,10.682231790455681,0.0
2068-05-24,27.0,11.2,0.0
2068-05-25,26.9,11.9,0.0
2068-05-26,26.2,12.3,0.0
2068-05-27,24.4,10.6,0.0
2068-05-28,25.2,12.9,0.0
2068-05-29,23.9,11.4,0.0
2068-05-30,24.9,14.9,0.0
2068-05-31,25.860925726587727,12.3,0.0
2068-06-01,25.7,11.1,0.0
2068-06-02,26.2,11.0,0.0
2068-06-03,27.1,11.7,0.0
2068-06-04,28.6,11.8,0.0
2068-06-05,28.9,11.5,0.0
2068-06-06,26.792619458973334,12.2,0.0
2068-06-07,26.7,11.2,0.0
2068-06-08,27.5,10.6,0.0
2068-06-09,26.82325533042946,11.4,0.0
2068-06-10,25.0,10.9,0.0
2068-06-11,24.5,12.6,0.0
2068-06-12,24.2,11.5,0.0
2068-06-13,24.7,12.1,0.0
2068-06-14,24.5,10.6,0.0
2068-06-15,24.5,10.0,0.0
2068-06-16,24.4,9.9,0.0
2068-06-17,24.9,9.7,0.0
2068-06-18,25.0,9.9,0.0
2068-06-19,24.6,9.4,0.0
2068-06-20,23.6,10.1,0.0
2068-06-21,24.1,8.5,0.0
2068-06-22,25.2,7.9,0.0
2068-06-23,27.4,9.1,0.0
2068-06-24,28.58623415273778,10.6,0.0
2068-06-25,28.570782841862556,11.6,0.0
2068-06-26,26.9,12.7,0.0
2068-06-27,26.0,11.7,0.0
2068-06-28,25.9,11.0,0.0
2068-06-29,25.5,10.5,0.0
2068-06-30,24.9,10.9,0.0
2068-07-01,25.4,12.4,0.0
2068-07-02,26.0,12.4,0.0
2068-07-03,27.1,12.2,0.0
2068-07-04,25.7,13.0,0.0
2068-07-05,25.2,11.6,0.0
2068-07-06,25.9,10.04684607104414,0.0
2068-07-07,26.9,8.0,0.0
2068-07-08,27.6,9.24387167935787,0.0
2068-07-09,27.012292054017017,11.7,0.0
2068-07-10,27.0,11.8,0.0
2068-07-11,27.0,12.0,0.0
2068-07-12,27.7,12.0,0.0
2068-07-13,28.2,11.9,0.0
2068-07-14,28.5,12.0,0.0
2068-07-15,29.0,11.9,0.0
2068-07-16,29.1,10.6,0.0
2068-07-17,29.2,10.7,0.0
2068-07-18,29.7,10.7,0.0
2068-07-19,28.5,14.330200595900061,0.0
2068-07-20,28.0,13.4,0.0
2068-07-21,28.7,13.0,0.0
2068-07-22,28.1036630339934,13.4,0.0
2068-07-23,26.2,13.0,0.0
2068-07-24,26.1,12.6,0.0
2068-07-25,26.4,12.1,0.0
2068-07-26,27.5,11.7,0.0
2068-07-27,27.7,11.951442411194833,0.0
2068-07-28,28.0,12.4,0.0
2068-07-29,28.2,13.0,0.0
2068-07-30,28.2,13.1,0.0
2068-07-31,28.7,13.347039827771798,0.0
2068-08-01,24.7,13.3,0.0
2068-08-02,24.6,10.9,0.0
2068-08-03,26.0,10.5,0.0
2068-08-04,26.7,11.9,0.0
2068-08-05,27.2,11.8,0.0
2068-08-06,28.6,11.0,0.0
2068-08-07,28.6,13.0,0.0
2068-08-08,28.2,13.0,0.0
2068-08-09,28.2,12.4,0.0
2068-08-10,28.2,10.7,0.0
2068-08-11,28.6,11.4,0.0
2068-08-12,26.6,13.705923419960014,0.0
2068-08-13,24.6,13.7,0.0
2068-08-14,24.5,12.8,0.0
2068-08-15,25.070651631704695,11.5,0.0
2068-08-16,26.7,10.8,0.0
2068-08-17,27.2,11.8,0.0
2068-08-18,28.0,11.2,0.0
2068-08-19,28.9,11.4,0.0
2068-08-20,30.5,13.0,0.0
2068-08-21,31.5,15.0,0.0
2068-08-22,31.8,16.4,0.0
2068-08-23,30.9,16.577724083701682,0.0
2068-08-24,30.9,14.6,0.0
2068-08-25,30.9,15.4,0.0
2068-08-26,30.5,15.6,0.0
2068-08-27,30.9,15.5,0.0
2068-08-28,31.4,15.4,0.0
2068-08-29,31.6,15.911444330404448,0.0
2068-08-30,31.2,16.4,0.0
2068-08-31,31.9,15.4,0.0
2068-09-01,33.5,15.2,0.0
2068-09-02,33.1,19.0,0.0
2068-09-03,33.0,18.9,0.0
2068-09-04,33.7,17.4,0.0
2068-09-05,33.1,18.4,0.0
2068-09-06,30.3,19.0,0.0
2068-09-07,28.1,16.7,0.0
2068-09-08,28.5,14.9,0.0
2068-09-09,29.0,14.0,0.0
2068-09-10,30.1,15.0,0.0
2068-09-11,30.3,16.3,0.0
2068-09-12,30.7,15.7,0.0
2068-09-13,31.3,15.680035055785899,0.0
2068-09-14,31.4,16.9,0.0
2068-09-15,33.1,17.5,0.0
2068-09-16,35.6,18.806660553768456,0.0
2068-09-17,36.127503390284986,19.2,0.0
2068-09-18,34.9,20.417983479437652,0.0
2068-09-19,33.0,20.40428220151017,0.0
2068-09-20,31.0,19.0,0.0
2068-09-21,31.0,17.6,0.0
2068-09-22,31.7,16.9,0.0
2068-09-23,33.0,16.0,0.0
2068-09-24,32.1,18.456682864000943,0.0
2068-09-25,31.7,16.9,0.0
2068-09-26,33.0,16.1,0.0
2068-09-27,34.0,16.7,0.0
2068-09-28,34.0,18.6,0.0
2068-09-29,34.8,18.2,0.0
2068-09-30,36.0,19.80284649610679,0.0
2068-10-01,35.80303552206673,20.0,0.0
2068-10-02,34.9,20.179221661008516,0.0
2068-10-03,33.2,20.2,0.0
2068-10-04,33.0,19.5,0.0
2068-10-05,33.8,18.670747188300357,0.0
2068-10-06,33.8,20.0,0.0
2068-10-07,33.0,20.0,0.0
2068-10-08,34.4,19.2,0.0
2068-10-09,36.4,19.9,0.0
2068-10-10,36.7,21.4,0.0
2068-10-11,35.5,21.7,0.0
2068-10-12,34.0,20.0,0.0
2068-10-13,34.181593110871894,19.0,0.0
2068-10-14,35.0,19.5,0.0
2068-10-15,35.8,20.4,0.0
2068-10-16,38.0,21.0,0.0
2068-10-17,39.12802734375,21.590828547125636,0.0
2068-10-18,39.3111328125,22.0,0.0
2068-10-19,39.66611328125,21.7,0.0
2068-10-20,38.9751953125,20.9,0.0
2068-10-21,39.218603515625,23.678567751338818,0.0
2068-10-22,38.4966796875,23.0,0.0
2068-10-23,39.007421875,22.878788888595846,0.0
2068-10-24,38.595556640625,20.82855648219871,0.0
2068-10-25,38.0,21.9,0.0
2068-10-26,38.504248046875,23.823193359375,0.0
2068-10-27,38.6255859375,22.58507496940977,0.0
2068-10-28,38.96884765625,23.481345358902146,0.0
2068-10-29,36.0,23.0,0.0
2068-10-30,36.6,22.0,0.0
2068-10-31,38.0,22.1,0.0
2068-11-01,39.859619140625,20.7,0.0
2068-11-02,40.09619140625,21.0,0.0
2068-11-03,39.98046875,19.5,0.8
2068-11-04,35.2,19.5,3.8
2068-11-05,32.9,19.0,1.7
2068-11-06,29.492649952939164,18.7,0.0
2068-11-07,28.9,19.0,0.7
2068-11-08,28.8,18.7,0.0
2068-11-09,28.0,18.4,2.4
2068-11-10,27.602451102686704,18.8,0.0
2068-11-11,28.0,18.8,0.0
2068-11-12,27.0,18.5,0.8
2068-11-13,24.4,18.0,49.56666666666661
2068-11-14,27.3,18.4,29.43333333333334
2068-11-15,25.2,17.0,14.525
2068-11-16,20.787825127735065,16.0,5.2
2068-11-17,22.544103980065998,16.0,0.0
2068-11-18,25.207648317844832,16.0,0.0
2068-11-19,28.4,15.5,0.0
2068-11-20,29.9,16.0,0.0
2068-11-21,29.891092464943547,16.0,0.0
2068-11-22,30.085836114200962,15.5,0.0
2068-11-23,31.0,15.200461097916602,0.0
2068-11-24,31.9,16.0,0.0
2068-11-25,32.0,16.438758849842696,0.0
2068-11-26,31.7386466890923,18.2,0.0
2068-11-27,31.9,17.4,0.0
2068-11-28,32.0,16.9,0.0
2068-11-29,31.0,18.3,2.3
2068-11-30,31.9389417154066,17.8,0.0
2068-12-01,32.4,20.733765730249758,0.0
2068-12-02,33.196960973289606,21.0,0.0
2068-12-03,33.35316367772201,20.1,0.0
2068-12-04,33.7,19.93091241438749,0.0
2068-12-05,32.4,20.5,0.0
2068-12-06,31.4,19.8,8.9
2068-12-07,30.830195882725477,19.8,1.337953091684436
2068-12-08,29.3,19.6,2.4
2068-12-09,31.29166290496197,19.6,0.8
2068-12-10,30.5,19.9,0.0
2068-12-11,30.0,19.8,2.5003464818763343
2068-12-12,31.1,19.8,1.9
2068-12-13,30.0,19.9,32.7
2068-12-14,30.7,19.70294959961414,0.0
2068-12-15,31.4,19.733393106400097,0.0
2068-12-16,31.8,19.6,0.0
2068-12-17,31.6,19.9,1.2
2068-12-18,24.71538091542722,19.767159672025368,25.536034115138587
2068-12-19,25.3,19.8,0.0
2068-12-20,27.1,19.8,5.771695095948827
2068-12-21,30.0,19.643315674928658,0.0
2068-12-22,31.1,19.4,0.0
2068-12-23,31.6,19.9,1.1
2068-12-24,30.744758990702042,19.9,0.5
2068-12-25,27.7,19.9,18.26268656716419
2068-12-26,24.146783317683163,19.5,42.16414202280521
2068-12-27,24.8,19.2,0.0
2068-12-28,28.4,18.6,0.0
2068-12-29,26.8,19.3,0.0
2068-12-30,28.3,19.0,0.5
2068-12-31,30.2,19.50496728600178,16.6
2069-01-01,28.472806781485463,19.3,60.4
2069-01-02,26.1,19.5,22.0
2069-01-03,29.5,19.3,9.4
2069-01-04,28.6,19.9,0.0
2069-01-05,28.9,19.8,27.4
2069-01-06,28.55014772232783,19.9,60.4
2069-01-07,28.0,19.8,16.4
2069-01-08,28.7,19.8,0.0
2069-01-09,30.7,19.8,1.9
2069-01-10,30.7,19.6,0.0
2069-01-11,31.1,19.8122292266765,21.2
2069-01-12,31.773171443688305,19.9,8.4
2069-01-13,28.4,19.6,32.25
2069-01-14,30.501408109764572,19.9,0.0
2069-01-15,26.0,19.8,31.233333333333327
2069-01-16,27.6,19.73613841211667,29.0
2069-01-17,30.9,19.8,20.050000000000004
2069-01-18,31.2,19.8,1.4
2069-01-19,28.4,19.8,25.374999999999996
2069-01-20,29.7,19.782901682078144,0.6
2069-01-21,32.037171125686115,19.6,6.4
2069-01-22,30.0,19.8,0.0
2069-01-23,31.7,19.9,16.4
2069-01-24,25.6,19.7,60.4
2069-01-25,24.0,19.456857164489115,0.0
2069-01-26,29.5,19.5,16.299999999999997
2069-01-27,28.4,19.9,27.025000000000002
2069-01-28,27.1,19.8,25.35
2069-01-29,29.1,19.8,0.0
2069-01-30,26.9,19.1,0.0
2069-01-31,29.5,18.7,25.3
2069-02-01,31.0,19.0,12.894444444444447
2069-02-02,27.2,18.362063681253183,0.0
2069-02-03,30.3,18.2,13.5
2069-02-04,32.09235830923028,19.709618628065286,0.0
2069-02-05,35.760546875,18.5,0.0
2069-02-06,29.2,19.9,1.5518518518518518
2069-02-07,26.9,19.7,5.234259259259259
2069-02-08,26.0,19.993495606025814,0.3
2069-02-09,28.7,19.7,0.0
2069-02-10,28.8,18.9,2.3
2069-02-11,30.4,20.113109637768993,23.873263888888882
2069-02-12,29.2,19.0,0.0
2069-02-13,29.4,19.0,0.0
2069-02-14,28.6,19.9472317294386,58.871153846153845
2069-02-15,28.5,19.7055806753223,13.012499999999994
2069-02-16,31.0,19.926808041707822,0.0
2069-02-17,30.2,18.6,23.619791666666675
2069-02-18,26.4,19.7,61.829513888888904
2069-02-19,24.644348523498156,18.9,32.56349206349207
2069-02-20,24.86756872936165,18.1,0.0
2069-02-21,26.0,19.0,0.0
2069-02-22,30.2,18.9,0.0
2069-02-23,29.45252823175289,18.2,0.0
2069-02-24,30.0,15.8,0.0
2069-02-25,30.6,15.5,0.0
2069-02-26,31.0,15.357506643575611,0.0
2069-02-27,31.6,19.0,0.0
2069-02-28,36.922900390625,19.680915400828916,11.499999999999995
2069-03-01,30.6,18.3,0.0
2069-03-02,29.8,18.7,0.0
2069-03-03,31.0,19.2,0.0
2069-03-04,31.8,19.9,0.0
2069-03-05,31.8,20.259331071475604,0.0
2069-03-06,31.79034482758621,19.9,0.0
2069-03-07,32.80073710073711,18.2,0.0
2069-03-08,32.9,17.9,0.0
2069-03-09,33.39566395663957,18.4,0.0
2069-03-10,34.95029296875,18.5,0.0
2069-03-11,32.5,18.3,0.0
2069-03-12,32.4,18.9,0.0
2069-03-13,32.4,19.80374486322135,0.0
2069-03-14,32.5,22.63809814453125,0.0
2069-03-15,33.0,20.3,0.0
2069-03-16,33.7,23.25137939453125,0.0
2069-03-17,33.2,21.17855287620503,0.0
2069-03-18,31.5,20.3,0.8
2069-03-19,31.2,20.3,0.0
2069-03-20,29.933333333333337,19.55374750985481,0.0
2069-03-21,32.1,19.513551905504574,0.0
2069-03-22,32.6,21.93961181640625,0.0
2069-03-23,33.7,20.3,0.0
2069-03-24,34.17574578469518,20.6679594509347,0.0
2069-03-25,35.343603515625,23.07340087890625,0.0
2069-03-26,32.0,19.843423360575294,0.0
2069-03-27,32.1,17.8,0.0
2069-03-28,31.9,17.9,0.0
2069-03-29,31.9,19.9,0.0
2069-03-30,33.3,19.539679048332232,0.0
2069-03-31,33.60280235988201,18.4,0.0
2069-04-01,33.62204379562045,19.331376975169306,0.0
2069-04-02,33.57386861313869,18.743209876543208,0.0
2069-04-03,33.35275590551181,19.0,0.0
2069-04-04,33.86474501108648,18.5,0.0
2069-04-05,33.59956204379562,18.7,0.0
2069-04-06,33.59985401459854,18.7,0.0
2069-04-07,32.7,19.11383855024712,0.0
2069-04-08,31.3,19.7,0.0
2069-04-09,32.2,19.113673805601323,0.0
2069-04-10,33.547007299270064,19.04565916398714,0.0
2069-04-11,35.66259765625,19.0,0.0
2069-04-12,36.60498046875,19.4,0.0
2069-04-13,37.80615234375,20.873583984375,0.0
2069-04-14,36.0263671875,20.964892578125,0.0
2069-04-15,33.78765880217785,19.7,0.0
2069-04-16,34.228483353884094,19.7,0.0
2069-04-17,36.930908203125,19.4,0.0
2069-04-18,33.73112522686026,19.84533053515215,0.0
2069-04-19,32.44521912350598,18.6,0.0
2069-04-20,30.0,19.0,0.0
2069-04-21,31.192,19.3130173062453,0.0
2069-04-22,32.5,19.0,0.0
2069-04-23,33.8079822616408,18.601301871440196,0.0
2069-04-24,35.944091796875,19.140197693574958,0.0
2069-04-25,36.650146484375,20.885791015625,0.0
2069-04-26,35.515380859375,19.7,0.0
2069-04-27,36.060302734375,19.4,0.0
2069-04-28,37.98193359375,19.4,0.0
2069-04-29,38.7880859375,20.842578125,0.0
2069-04-30,38.08056640625,23.311328125,0.0
2069-05-01,33.595896551403115,20.3056640625,0.0
2069-05-02,29.9,18.02002259166233,0.0
2069-05-03,32.424607530720756,17.67219641214618,0.0
2069-05-04,33.967236328125,17.9,0.0
2069-05-05,31.0,17.9,0.0
2069-05-06,30.0,15.3,0.0
2069-05-07,30.3,15.3,0.0
2069-05-08,30.1,16.0,0.0
2069-05-09,30.16303892130757,16.7,0.0
2069-05-10,31.0,16.814013441759897,0.0
2069-05-11,31.6,17.2,0.0
2069-05-12,32.537129888080585,17.734466541954482,0.0
2069-05-13,33.59336710478547,17.959868934894004,0.0
2069-05-14,32.7,18.0,0.0
2069-05-15,31.042383931635182,18.23534634563419,0.0
2069-05-16,30.3,16.9,0.0
2069-05-17,30.6,16.425976176675828,0.0
2069-05-18,31.107249560418676,16.5,0.0
2069-05-19,31.697333229852426,16.70270798840878,0.0
2069-05-20,32.508578371292465,16.75530039620161,0.0
2069-05-21,33.83076171875,17.2,0.0
2069-05-22,33.62308810254268,16.0,0.0
2069-05-23,33.51938079121972,17.637918605344254,0.0
2069-05-24,33.114036970744046,17.4,0.0
2069-05-25,33.28350989412543,17.5,0.0
2069-05-26,35.068798828125,17.90313345060252,0.0
2069-05-27,36.423046875,18.155909808008815,0.0
2069-05-28,35.93330078125,19.565673828125,0.0
2069-05-29,35.130078125,19.2779790219014,0.0
2069-05-30,34.32587890625,18.265258166416867,0.0
2069-05-31,32.57700063428572,17.9,0.0
2069-06-01,30.0,15.1,0.0
2069-06-02,29.804102994060198,14.7,0.0
2069-06-03,29.37161934632896,14.492629987735674,0.0
2069-06-04,29.5,14.13468339692078,0.0
2069-06-05,29.0,14.2,0.0
2069-06-06,28.9,13.504324911277084,0.0
2069-06-07,27.554851278570663,14.5,0.0
2069-06-08,25.0,13.8,0.0
2069-06-09,25.2,15.928324960338449,0.0
2069-06-10,25.8,13.5,0.0
2069-06-11,26.1,12.2,0.0
2069-06-12,26.36712254660613,11.5,0.0
2069-06-13,26.48753160076853,11.7,0.0
2069-06-14,26.4,12.3,0.0
2069-06-15,27.360516401872108,11.9,0.0
2069-06-16,28.48922788140669,12.7,0.0
2069-06-17,28.3,13.4,0.0
2069-06-18,28.6,13.2,0.0
2069-06-19,29.80968345806032,14.0,0.0
2069-06-20,27.6,14.4,0.0
2069-06-21,27.2,12.772779278563489,0.0
2069-06-22,28.0,12.8,0.0
2069-06-23,28.5,13.2,0.0
2069-06-24,28.9,13.467452435387862,0.0
2069-06-25,29.828701091955484,13.09990368702353,0.0
2069-06-26,29.2,13.5,0.0
2069-06-27,27.2,13.5,0.0
2069-06-28,26.6,12.976477335928816,0.0
2069-06-29,26.6,11.7,0.0
2069-06-30,27.6,11.1,0.0
2069-07-01,29.0,12.2,0.0
2069-07-02,26.9,14.341387103104983,0.0
2069-07-03,16.70408512590658,12.6,0.0
2069-07-04,23.0,10.7,0.0
2069-07-05,23.8,12.2,0.0
2069-07-06,23.9,11.6,0.0
2069-07-07,24.3,12.1,0.0
2069-07-08,25.3,12.2,0.0
2069-07-09,25.9,12.4,0.0
2069-07-10,26.0,12.4,0.0
2069-07-11,26.9,12.4,0.0
2069-07-12,27.5,12.7,0.0
2069-07-13,28.0,12.9,0.0
2069-07-14,28.0,12.7,0.0
2069-07-15,27.5,13.196141011840686,0.0
2069-07-16,26.3118765697883,13.03538366907581,0.0
2069-07-17,25.7,12.6,0.0
2069-07-18,25.9,12.0,0.0
2069-07-19,26.8,11.9,0.0
2069-07-20,27.62664740019656,12.2,0.0
2069-07-21,27.6,12.9,0.0
2069-07-22,26.2,13.1,0.0
2069-07-23,25.4,12.700354913117016,0.0
2069-07-24,26.0,12.2,0.0
2069-07-25,26.7,12.2,0.0
2069-07-26,27.6,12.9,0.0
2069-07-27,28.7,13.302045209903124,0.0
2069-07-28,29.0,14.121585370278522,0.0
2069-07-29,27.6,15.2,0.0
2069-07-30,26.9,13.820187477574452,0.0
2069-07-31,27.997572819433508,13.0,0.0
2069-08-01,27.7,12.0,0.0
2069-08-02,29.9,13.5,0.0
2069-08-03,31.2,15.3,0.0
2069-08-04,32.9,16.383415346763023,0.0
2069-08-05,33.2,17.59235737351991,0.0
2069-08-06,33.45195752349388,17.100343406232774,0.0
2069-08-07,33.2,18.2,0.0
2069-08-08,30.0,18.95556920065629,0.0
2069-08-09,29.4,17.7,0.0
2069-08-10,31.2,17.146788836672002,0.0
2069-08-11,31.2,18.95204034987741,0.0
2069-08-12,29.4,18.676113196429228,0.0
2069-08-13,28.59480854990004,16.4,0.0
2069-08-14,29.240635091496227,15.2,0.0
2069-08-15,30.0,14.7,0.0
2069-08-16,30.520708288482233,14.6,0.0
2069-08-17,30.9,15.5,0.0
2069-08-18,32.13857369923834,16.541542080293418,0.0
2069-08-19,33.112228202368144,18.0,0.0
2069-08-20,34.278418402527436,18.655176473590434,0.0
2069-08-21,37.0937149835731,18.958511987878257,0.0
2069-08-22,33.364623674121,19.27046677757119,0.0
2069-08-23,32.163949069934134,18.953860887735065,0.0
2069-08-24,33.70508876937462,18.91227083618428,0.0
2069-08-25,33.787607380428526,19.13693418483047,0.0
2069-08-26,33.067505260599326,18.948885582219965,0.0
2069-08-27,29.8,18.907710061834543,0.0
2069-08-28,30.0,18.0,0.0
2069-08-29,32.9,18.2,0.0
2069-08-30,34.49718277254996,18.951766022255022,0.0
2069-08-31,35.875294463721026,18.982540593711846,0.0
2069-09-01,35.62872936102365,20.4,0.0
2069-09-02,36.0,20.00800733209044,0.0
2069-09-03,33.3,20.0,0.0
2069-09-04,31.7,18.7,0.0
2069-09-05,32.7,17.6,0.0
2069-09-06,32.5,18.2,0.0
2069-09-07,30.6,18.3,0.0
2069-09-08,30.0,17.4,0.0
2069-09-09,30.2,16.4,0.0
2069-09-10,31.3,15.0,0.0
2069-09-11,31.5,15.7,0.0
2069-09-12,30.0,17.4,0.0
2069-09-13,30.0,15.3,0.0
2069-09-14,31.6,14.7,0.0
2069-09-15,32.0,17.156171640806175,0.0
2069-09-16,31.0,17.8,0.0
2069-09-17,30.5,17.3,0.0
2069-09-18,30.7,17.3,0.0
2069-09-19,31.6,16.4,0.0
2069-09-20,32.0,16.4,0.0
2069-09-21,33.0,15.4,0.0
2069-09-22,33.1,16.9,0.0
2069-09-23,34.7,18.1,0.0
2069-09-24,35.1,19.6,0.0
2069-09-25,35.3,20.4,0.0
2069-09-26,35.62162633134774,19.761783092324823,0.0
2069-09-27,36.168515125738836,19.6,0.0
2069-09-28,34.7,20.5,0.0
2069-09-29,34.6,20.2,0.0
2069-09-30,36.0,19.6,0.0
2069-10-01,36.950199615756695,19.9,0.0
2069-10-02,35.7,20.7,0.0
2069-10-03,35.42397739504842,19.6,0.0
2069-10-04,37.2,19.6,0.0
2069-10-05,38.23171808356883,20.3,0.0
2069-10-06,39.18173828125,20.987244348762104,0.0
2069-10-07,40.272802734375,21.9,0.0
2069-10-08,38.0,23.0,0.0
2069-10-09,35.4,21.7,0.0
2069-10-10,35.4,20.8,0.0
2069-10-11,36.9,20.3,0.0
2069-10-12,38.46591796875,20.805879098216334,0.0
2069-10-13,38.610205078125,22.0,0.0
2069-10-14,38.29431351340039,21.551997034182172,0.0
2069-10-15,38.36960946522672,19.6,0.0
2069-10-16,39.6294921875,19.6,0.0
2069-10-17,39.20908203125,21.34295893967903,0.0
2069-10-18,35.3,21.2,0.0
2069-10-19,36.9,21.4,0.0
2069-10-20,38.686865234375,22.0,0.0
2069-10-21,38.765966796875,22.516945793268743,0.0
2069-10-22,38.24124347506495,23.0,0.0
2069-10-23,38.469580078125,22.0,0.0
2069-10-24,38.637060546875,20.1,0.0
2069-10-25,27.3,17.9,0.0
2069-10-26,31.0,18.1,0.0
2069-10-27,33.289453525921836,20.0,0.0
2069-10-28,35.1,20.3,0.0
2069-10-29,34.3,20.5,0.0
2069-10-30,34.5,20.3,0.0
2069-10-31,35.0,21.0,0.0
2069-11-01,35.9,20.4,0.0
2069-11-02,37.79544695438164,20.0,0.0
2069-11-03,39.81787109375,20.5,0.0
2069-11-04,40.04541015625,23.1744960336601,0.0
2069-11-05,38.43803586300077,22.107743097705804,0.0
2069-11-06,37.83252963480463,21.7,0.0
2069-11-07,39.883056640625,21.9,0.0
2069-11-08,35.6,23.358848276572836,0.0
2069-11-09,34.2,23.347875772512587,0.0
2069-11-10,34.9,21.3,0.0
2069-11-11,33.9,19.5,5.4
2069-11-12,31.5,19.2,13.333333333333334
2069-11-13,29.9,19.6,26.370370370370377
2069-11-14,30.6,18.9,15.825000000000001
2069-11-15,28.6,18.7,0.6499999999999999
2069-11-16,27.0,18.5,0.0
2069-11-17,27.5,17.9,0.0
2069-11-18,29.0,17.9,0.0
2069-11-19,29.0,18.7,12.733333333333333
2069-11-20,30.0,19.0,0.0
2069-11-21,29.0,19.0,0.0
2069-11-22,29.3,19.2,34.2
2069-11-23,29.6,18.5,8.100000000000001
2069-11-24,28.6,19.4,62.022330097087405
2069-11-25,28.609044596704084,19.2,25.933333333333334
2069-11-26,28.6,19.0,22.09166666666667
2069-11-27,29.9,19.5,0.0
2069-11-28,30.99769565635342,18.0,0.0
2069-11-29,31.6,19.5,0.0
2069-11-30,31.9,19.9,0.0
2069-12-01,32.0,20.5,0.0
2069-12-02,30.1,19.9,0.0
2069-12-03,27.6,19.8,0.0
2069-12-04,29.6,19.968300871198654,0.0
2069-12-05,31.125317206716208,18.4,0.0
2069-12-06,31.715986075166608,16.6,0.0
2069-12-07,32.0,16.0,0.0
2069-12-08,31.708610755755927,16.8,0.0
2069-12-09,31.173107902453495,19.8,8.6
2069-12-10,31.590957094080874,19.8,1.7
2069-12-11,30.5,19.05298468490555,43.2
2069-12-12,31.2,19.6,0.0
2069-12-13,30.9,19.9,0.7
2069-12-14,30.2,19.6,0.0
2069-12-15,28.7,19.6,2.3
2069-12-16,29.0,19.740575201310875,0.0
2069-12-17,29.8,19.8,2.6639658848614087
2069-12-18,28.7,19.736716165239415,5.0
2069-12-19,28.7,19.5,0.5132196162046909
2069-12-20,29.7,19.5,0.0
2069-12-21,30.1,19.2,0.0
2069-12-22,30.6,19.5,0.0
2069-12-23,29.8,19.641580419383185,0.0
2069-12-24,28.0,18.9,0.0
2069-12-25,30.924923408131143,17.72233957108553,0.0
2069-12-26,31.6,19.6,3.0
2069-12-27,31.7,19.8,0.0
2069-12-28,33.26571683896256,20.3,0.0
2069-12-29,32.0,20.0,0.0
2069-12-30,30.7,20.0,3.6
2069-12-31,32.1,19.9,28.3
2070-01-01,24.8,19.8,5.6
2070-01-02,28.8,19.998100065467963,1.2
2070-01-03,28.3,19.743220997151067,2.0
2070-01-04,29.5,19.9,23.4
2070-01-05,27.2,19.8,2.2
2070-01-06,27.8,19.9,37.4
2070-01-07,29.7,19.9,17.9
2070-01-08,31.1,19.7,0.0
2070-01-09,31.1,19.6,0.0
2070-01-10,29.5,19.9,35.2
2070-01-11,23.390330506306505,18.0,69.41241379310345
2070-01-12,28.213939720129158,17.3,0.0
2070-01-13,30.0,16.3,0.0
2070-01-14,29.5,16.557543229458698,0.0
2070-01-15,28.6,16.7,0.0
2070-01-16,29.5,16.0,0.0
2070-01-17,30.9,16.3,0.0
2070-01-18,31.2,16.3,0.0
2070-01-19,30.919382004685616,17.4,0.0
2070-01-20,29.7,18.9,0.0
2070-01-21,29.5,17.2,0.0
2070-01-22,28.9,19.7,0.0
2070-01-23,31.1,20.171997150292825,0.0
2070-01-24,31.9,22.048046875,0.0
2070-01-25,33.504280431342316,19.9,0.0
2070-01-26,32.33077518487673,22.78883056640625,0.0
2070-01-27,32.2,19.8,1.4
2070-01-28,29.2,19.8,0.0
2070-01-29,31.7,18.0,0.0
2070-01-30,31.7,18.3,0.0
2070-01-31,31.1,19.124175634804295,0.0
2070-02-01,34.0665954862819,19.971705369845907,0.0
2070-02-02,34.224182657031285,18.4,0.0
2070-02-03,32.828450828153855,17.9,0.0
2070-02-04,30.7,21.239483642578126,0.0
2070-02-05,35.796435546875,18.9,0.0
2070-02-06,28.8,19.2,1.9375
2070-02-07,31.328065624342706,19.638438881797192,15.8
2070-02-08,29.8,19.9,4.0
2070-02-09,29.844008006137315,19.91575142243752,0.0
2070-02-10,30.0,20.003061445169784,0.0
2070-02-11,29.1,19.4,0.8
2070-02-12,28.5,19.7,10.4
2070-02-13,29.7,19.5,10.1
2070-02-14,28.3,19.5,4.0
2070-02-15,28.2,19.1,13.509722222222221
2070-02-16,27.0,19.2,6.601388888888888
2070-02-17,25.9,16.9,9.9
2070-02-18,29.8,16.0,0.0
2070-02-19,29.245134317410834,17.5,0.0
2070-02-20,30.6,16.5,0.0
2070-02-21,32.093638357636344,16.2,0.0
2070-02-22,33.957673240099936,16.2,0.0
2070-02-23,29.7,19.551667202638825,0.0
2070-02-24,29.6,20.00082527498029,0.0
2070-02-25,29.0,19.2,0.0
2070-02-26,28.7,17.8,0.0
2070-02-27,32.20555523141934,15.7,0.0
2070-02-28,34.35207064036624,17.2,0.0
2070-03-01,30.0,20.3,1.1289655172413802
2070-03-02,31.9,18.1,0.0
2070-03-03,32.1,16.8,0.0
2070-03-04,32.75700245700246,16.6,0.0
2070-03-05,32.14850498338871,17.8,0.0
2070-03-06,32.4,17.4,0.0
2070-03-07,33.24251700680272,16.2,0.0
2070-03-08,33.99281045751633,16.9,0.0
2070-03-09,33.80457516339869,17.6,0.0
2070-03-10,33.0,17.9,0.0
2070-03-11,31.8,17.5,0.0
2070-03-12,31.8,19.2,0.0
2070-03-13,32.5,18.8,0.0
2070-03-14,33.14885993485342,18.2,0.0
2070-03-15,32.9,17.4,0.0
2070-03-16,32.80073710073711,19.3,0.0
2070-03-17,33.0,22.48404541015625,0.0
2070-03-18,30.7,19.19530615437626,0.0
2070-03-19,34.30648508430607,19.2,0.0
2070-03-20,31.0,20.3,0.0
2070-03-21,33.2,20.3,0.0
2070-03-22,33.37262872628726,18.5,0.0
2070-03-23,35.159521484375,17.9,0.0
2070-03-24,36.241796875,18.5,0.0
2070-03-25,37.571875,17.2,0.0
2070-03-26,37.86826171875,18.8,0.0
2070-03-27,36.8931640625,19.8,0.0
2070-03-28,36.2544921875,23.240850830078124,0.0
2070-03-29,37.327001953125,23.26676025390625,0.0
2070-03-30,38.026708984375,26.08646240234375,0.0
2070-03-31,37.608251953125,24.96884765625,0.0
2070-04-01,32.49940239043824,19.964952780692563,0.0
2070-04-02,29.4,19.4,0.0
2070-04-03,33.2,18.36551724137931,0.0
2070-04-04,33.86518847006652,19.0,0.0
2070-04-05,33.323622047244086,18.1,0.0
2070-04-06,34.18581997533908,17.7,0.0
2070-04-07,27.6,19.075562700964632,8.6
2070-04-08,33.30511811023623,19.0,0.0
2070-04-09,30.0,19.7,0.0
2070-04-10,29.7,18.95076923076923,0.0
2070-04-11,32.0,18.0,0.0
2070-04-12,33.2,18.2,0.0
2070-04-13,33.54613138686132,18.4,0.0
2070-04-14,34.157953144266344,18.60781122864118,0.0
2070-04-15,35.5478515625,18.6,0.0
2070-04-16,33.2,19.161614497528827,0.0
2070-04-17,31.0,19.0,0.0
2070-04-18,31.3,19.0,0.0
2070-04-19,32.7,18.3,0.0
2070-04-20,32.7,17.839278937381394,0.0
2070-04-21,32.45239043824701,19.331075996990222,0.0
2070-04-22,32.73448275862069,19.7,0.0
2070-04-23,35.47567567567562,19.4,0.0
2070-04-24,35.770751953125,19.7,0.0
2070-04-25,33.69737226277373,19.538383838383833,0.0
2070-04-26,32.48705179282869,19.7,0.0
2070-04-27,31.6,19.0,0.0
2070-04-28,31.0,18.4,0.0
2070-04-29,31.7,18.0,0.0
2070-04-30,32.7,19.7,0.0
2070-05-01,31.1,20.479736328125,0.0
2070-05-02,30.0,17.972411776919973,0.0
2070-05-03,29.8,18.371001713756662,0.0
2070-05-04,31.135050582293026,18.238728335421165,0.0
2070-05-05,32.52646025177217,19.678466796875,0.0
2070-05-06,33.8,19.216984247698523,0.0
2070-05-07,34.733837890625,19.74853515625,0.0
2070-05-08,36.14521484375,22.182373046875,0.0
2070-05-09,37.039013671875,25.1474609375,0.0
2070-05-10,34.17548828125,21.031005859375,0.0
2070-05-11,30.6,16.401272785341654,0.0
2070-05-12,30.373350672299743,14.1,0.0
2070-05-13,30.9,14.608036883810797,0.0
2070-05-14,31.09203498295807,14.7,0.0
2070-05-15,30.7,14.0,0.0
2070-05-16,30.3,14.4,0.0
2070-05-17,30.3,15.047130909994184,0.0
2070-05-18,30.6,15.2,0.0
2070-05-19,29.9,15.5,0.0
2070-05-20,29.8,14.9,0.0
2070-05-21,29.7,14.8,0.0
2070-05-22,30.0,14.039492262312482,0.0
2070-05-23,30.0,14.9,0.0
2070-05-24,29.3,14.9,0.0
2070-05-25,28.9,14.1,0.0
2070-05-26,28.1,14.4,0.0
2070-05-27,28.1,14.5,0.0
2070-05-28,28.6,14.0,0.0
2070-05-29,29.0,14.1,0.0
2070-05-30,29.9,16.5,0.0
2070-05-31,30.5,17.9,0.0
2070-06-01,28.2,14.438256123609895,0.0
2070-06-02,26.9,12.9,0.0
2070-06-03,27.0,11.2,0.0
2070-06-04,28.6,10.979224390737192,0.0
2070-06-05,30.0,11.8,0.0
2070-06-06,31.415869140625,13.0,0.0
2070-06-07,32.380224609375,14.4,0.0
2070-06-08,33.495947265625,15.994120890824329,0.0
2070-06-09,32.730810546875,16.134649216229235,0.0
2070-06-10,30.0,16.4,0.0
2070-06-11,24.0,15.9,0.0
2070-06-12,25.5,14.0,0.0
2070-06-13,25.6,12.240638588330471,0.0
2070-06-14,25.9,11.9,0.0
2070-06-15,26.26934732285122,12.0,0.0
2070-06-16,26.2,12.3,0.0
2070-06-17,26.3,12.3,0.0
2070-06-18,26.5,12.5,0.0
2070-06-19,26.9,12.402503342659076,0.0
2070-06-20,28.0,12.732376109509445,0.0
2070-06-21,29.69938694011794,12.914891198553962,0.0
2070-06-22,30.0,13.2,0.0
2070-06-23,29.769289594435303,14.603023561533014,0.0
2070-06-24,28.0,14.1,0.0
2070-06-25,27.5,12.9,0.0
2070-06-26,28.0,12.7,0.0
2070-06-27,29.112144318059514,12.9,0.0
2070-06-28,29.738597042434623,13.2,0.0
2070-06-29,27.9,14.17126765980893,0.0
2070-06-30,25.715436438810414,13.0,0.0
2070-07-01,26.9,12.89113802679306,0.0
2070-07-02,27.6,11.2,0.0
2070-07-03,28.5,12.2,0.0
2070-07-04,26.2,13.4,0.0
2070-07-05,18.9,12.7,0.0
2070-07-06,21.0,15.0,0.0
2070-07-07,25.8,12.2,0.0
2070-07-08,27.1,12.510780063400516,0.0
2070-07-09,28.1,13.3,0.0
2070-07-10,27.6,14.0,0.0
2070-07-11,25.4,13.6,0.0
2070-07-12,25.941888359218822,13.0,0.0
2070-07-13,27.6,15.493488933812898,0.0
2070-07-14,28.691944164727936,16.007441527775658,0.0
2070-07-15,29.4,16.0,0.0
2070-07-16,29.850535060419478,16.0,0.0
2070-07-17,30.344108636250716,16.0,0.0
2070-07-18,29.7,15.712958714120854,0.0
2070-07-19,28.5,16.0,0.0
2070-07-20,28.0,15.0,0.0
2070-07-21,28.1,14.4,0.0
2070-07-22,28.0,13.5,0.0
2070-07-23,27.5,12.7,0.0
2070-07-24,28.0,12.0,0.0
2070-07-25,28.7,12.4,0.0
2070-07-26,29.0,13.6,0.0
2070-07-27,29.0,13.8,0.0
2070-07-28,30.860611130749888,14.0,0.0
2070-07-29,31.11318833538672,15.125184746193195,0.0
2070-07-30,29.0,16.0,0.0
2070-07-31,28.7420620290635,14.715094274106725,0.0
2070-08-01,28.770151098353455,12.0,0.0
2070-08-02,30.5,11.8,0.0
2070-08-03,29.2,15.602138078051452,0.0
2070-08-04,28.6,14.596802615317147,0.0
2070-08-05,30.498771450684554,13.9,0.0
2070-08-06,31.1,13.7,0.0
2070-08-07,30.0,16.2,0.0
2070-08-08,28.0,15.4,0.0
2070-08-09,27.0,14.2,0.0
2070-08-10,27.6,13.2,0.0
2070-08-11,28.2,13.1,0.0
2070-08-12,29.2,13.4,0.0
2070-08-13,28.0,14.6,0.0
2070-08-14,26.2,14.3,0.0
2070-08-15,24.4,13.5,0.0
2070-08-16,24.5,11.4,0.0
2070-08-17,25.35452470212687,10.628266953713672,0.0
2070-08-18,26.4,11.0,0.0
2070-08-19,27.330758619248165,11.2,0.0
2070-08-20,28.2,11.9,0.0
2070-08-21,28.0,14.0,0.0
2070-08-22,27.2,14.353717976318617,0.0
2070-08-23,27.7,13.9,0.0
2070-08-24,28.9,14.5,0.0
2070-08-25,30.0,16.7,0.0
2070-08-26,30.4,18.0,0.0
2070-08-27,30.4,18.2,0.0
2070-08-28,30.21716002870469,18.0,0.0
2070-08-29,30.4,18.55087303411102,0.0
2070-08-30,30.9,17.351276179192464,0.0
2070-08-31,32.9,16.9,0.0
2070-09-01,35.01380233636847,17.2,0.0
2070-09-02,35.50417003741532,19.2,0.0
2070-09-03,34.30193424792981,20.0,0.0
2070-09-04,34.1,19.0,0.0
2070-09-05,34.0,18.6,0.0
2070-09-06,34.0,17.9,0.0
2070-09-07,34.4,17.8,0.0
2070-09-08,34.6,18.4,0.0
2070-09-09,33.4,19.0,0.0
2070-09-10,33.2,18.2,0.0
2070-09-11,33.0,18.9,0.0
2070-09-12,32.5,17.9,0.0
2070-09-13,32.0,18.0,0.0
2070-09-14,32.0,17.969853525392363,0.0
2070-09-15,32.7,18.0,0.0
2070-09-16,33.6,18.2,0.0
2070-09-17,33.0,19.4,0.0
2070-09-18,31.5,18.1,0.0
2070-09-19,32.0,17.1,0.0
2070-09-20,33.0,18.0,0.0
2070-09-21,33.0,19.3,0.0
2070-09-22,33.0,19.0,0.0
2070-09-23,33.0,19.0,0.0
2070-09-24,32.1,19.2,0.0
2070-09-25,30.9,18.9,0.0
2070-09-26,31.32802622382785,17.5,0.0
2070-09-27,32.1,17.3,0.0
2070-09-28,34.31243025222244,18.3,0.0
2070-09-29,36.0,19.0,0.0
2070-09-30,37.37821744440207,19.62573007044865,0.0
2070-10-01,38.0,20.71430423720519,0.0
2070-10-02,38.991552734375,20.903042257247822,0.0
2070-10-03,39.67734375,22.0,0.0
2070-10-04,39.866796875,23.0,0.0
2070-10-05,39.738623046875,23.60147223020811,0.0
2070-10-06,35.0,22.78462644644778,0.0
2070-10-07,34.9,20.7,0.0
2070-10-08,36.0,21.0,0.0
2070-10-09,38.0,21.89184264605146,0.0
2070-10-10,38.5318359375,22.0,0.0
2070-10-11,37.0,22.587345941947788,0.0
2070-10-12,37.27725225719994,21.7,0.0
2070-10-13,38.718359375,20.5,0.0
2070-10-14,39.9390625,21.283462178295316,0.0
2070-10-15,38.0,21.53731284861532,0.0
2070-10-16,37.853660877733006,26.047802734375,0.0
2070-10-17,35.8,23.443017964916606,0.0
2070-10-18,33.8,21.7,0.0
2070-10-19,34.5,20.84600062372362,0.0
2070-10-20,36.5,20.4,0.0
2070-10-21,38.325611228316156,21.3,0.0
2070-10-22,38.459326171875,22.1,0.0
2070-10-23,38.07160078842006,23.712766351617656,0.0
2070-10-24,34.5,22.0,0.5756756756756757
2070-10-25,30.5,19.7,0.0
2070-10-26,26.9,20.8,0.0
2070-10-27,30.8,21.9,0.0
2070-10-28,33.9,23.293941479672096,0.0
2070-10-29,35.2,24.0333984375,0.0
2070-10-30,35.5,23.483984294225742,0.0
2070-10-31,35.5,23.01187525305891,0.0
2070-11-01,36.903610442208866,23.378109791852495,0.0
2070-11-02,38.26624754672149,23.662879569241138,0.0
2070-11-03,37.67222764522938,24.57120361328125,0.0
2070-11-04,40.817138671875,24.85196533203125,0.0
2070-11-05,40.490966796875,23.88900593887564,0.0
2070-11-06,40.409912109375,23.059032412557162,0.0
2070-11-07,40.715576171875,22.27037148383089,0.0
2070-11-08,40.117919921875,23.26345478262755,0.0
2070-11-09,39.939208984375,23.99820556640625,0.0
2070-11-10,39.808349609375,24.56314697265625,0.0
2070-11-11,34.26053301232723,20.5,0.0
2070-11-12,40.136962890625,22.084635513606987,0.0
2070-11-13,40.385009765625,20.37052743124434,0.0
2070-11-14,41.735595703125,25.28311767578125,0.0
2070-11-15,31.57961256742292,20.387666193746274,0.0
2070-11-16,29.0,19.2,0.0
2070-11-17,32.2,18.8,0.0
2070-11-18,34.4,19.6,0.0
2070-11-19,34.4,19.5,0.0
2070-11-20,35.84970467390992,19.3,0.0
2070-11-21,37.28065411979007,20.5,0.0
2070-11-22,37.9892617592056,21.4,0.0
2070-11-23,40.212158203125,22.043247474715006,0.0
2070-11-24,37.75823727847773,19.8,0.1
2070-11-25,32.6,19.9,0.0
2070-11-26,32.5,20.4,0.0
2070-11-27,34.92058708810655,22.1,0.0
2070-11-28,34.0,19.5,1.4
2070-11-29,32.2,18.7,8.100000000000001
2070-11-30,31.7,19.110818059555147,9.066666666666665
2070-12-01,31.8,19.9,0.0
2070-12-02,32.153159731354364,19.9,0.0
2070-12-03,30.7,19.9,14.8
2070-12-04,31.6,19.709274130953474,4.3
2070-12-05,29.9,19.6,9.4
2070-12-06,28.6,19.8,1.0
2070-12-07,28.0,19.9,8.41684434968017
2070-12-08,23.5,17.8,54.41955805388642
2070-12-09,25.30946122032746,17.7,3.9
2070-12-10,29.0,19.6,0.8
2070-12-11,29.0,19.6,8.6362473347548
2070-12-12,30.9,19.8,7.110874200426439
2070-12-13,30.7,19.8,23.8
2070-12-14,28.4,19.5,2.4
2070-12-15,28.9,19.5,14.8
2070-12-16,28.9,19.4,11.0
2070-12-17,29.3,19.79365352390887,0.0
2070-12-18,30.3,19.8,0.0
2070-12-19,31.57999327619123,19.9,1.4
2070-12-20,29.8,19.752152309525247,14.58997867803838
2070-12-21,28.3,19.8,29.050959488272916
2070-12-22,28.4,17.9,0.0
2070-12-23,29.7,16.4,0.0
2070-12-24,30.8,15.948899776878694,0.0
2070-12-25,31.8,16.4,0.0
2070-12-26,32.0,18.1,0.0
2070-12-27,32.0,19.8,0.9
2070-12-28,31.8,19.5,0.0
2070-12-29,31.3,19.185097926602165,0.0
2070-12-30,30.7,19.4,0.0
2070-12-31,31.2,19.0,0.0
