date,tmax_C,tmin_C,precip_mm_day
2041-01-01,25.8,18.4,3.4
2041-01-02,28.5,18.6,0.0
2041-01-03,30.3,19.0,0.0
2041-01-04,29.5,18.4,0.0
2041-01-05,30.457409899134873,18.1,0.0
2041-01-06,30.9,18.8,1.4
2041-01-07,28.7,18.8,0.5
2041-01-08,29.1,19.9,6.798320895522388
2041-01-09,29.9,19.5,0.0
2041-01-10,30.6,18.9,5.2
2041-01-11,29.6,19.8,0.6
2041-01-12,29.2,18.9,0.0
2041-01-13,29.4,19.45314341292568,4.6
2041-01-14,26.4,18.3,18.4
2041-01-15,20.76834622331977,16.6,0.0
2041-01-16,24.8,16.6,0.0
2041-01-17,27.3,17.9,0.7
2041-01-18,29.0,17.0,5.3
2041-01-19,29.1,16.5,0.0
2041-01-20,30.376533435310556,16.2,0.0
2041-01-21,30.1,17.7,0.0
2041-01-22,31.1,17.0,0.0
2041-01-23,31.8,19.319018130395317,0.0
2041-01-24,31.9,19.8,0.6
2041-01-25,29.8,18.9,1.7
2041-01-26,29.2,19.872966429654223,0.0
2041-01-27,28.5,19.8,0.0
2041-01-28,29.0,19.6,32.26697761194029
2041-01-29,29.2,19.8,0.0
2041-01-30,29.0,19.8,20.76679104477611
2041-01-31,29.5,19.2,1.4559701492537303
2041-02-01,27.0,19.0,3.8
2041-02-02,26.9,19.0,28.079723502304148
2041-02-03,27.5,19.0,39.47511520737327
2041-02-04,24.9,19.0,32.59237536656892
2041-02-05,29.6,19.4,7.914746543778801
2041-02-06,28.5,19.0,0.0
2041-02-07,20.80962152154432,16.5,39.40075187969925
2041-02-08,19.065712834995452,16.5,29.2
2041-02-09,26.1,17.6,0.0
2041-02-10,31.2,16.4,0.0
2041-02-11,31.2,15.177045295530212,0.0
2041-02-12,32.649800154392345,17.7,0.0
2041-02-13,30.6,18.5,0.4
2041-02-14,31.7,18.9,22.854377880184355
2041-02-15,24.0,19.0,17.80599078341014
2041-02-16,26.0,17.6,17.48536866359447
2041-02-17,30.1,16.4,0.0
2041-02-18,28.6,18.9,1.0
2041-02-19,27.9,17.7,1.2
2041-02-20,29.0,17.0,0.0
2041-02-21,29.8,16.4,0.0
2041-02-22,30.5,16.6,0.0
2041-02-23,30.07903221596788,19.248603752338912,0.0
2041-02-24,30.0,18.7,0.0
2041-02-25,31.194056631124568,17.9,0.0
2041-02-26,30.9,19.273796644356832,0.0
2041-02-27,31.2,17.7,0.0
2041-02-28,29.4,18.0,0.0
2041-03-01,31.802343750000006,17.9,0.0
2041-03-02,31.3,18.4,1.0
2041-03-03,28.530952380952378,18.8,51.03773584905661
2041-03-04,27.2,18.6,0.0
2041-03-05,29.842196531791906,18.1,0.0
2041-03-06,31.2,20.140291026418993,0.0
2041-03-07,31.6,17.6,0.0
2041-03-08,31.6,18.3,0.0
2041-03-09,31.2,17.2,2.5
2041-03-10,27.8,18.3,0.0
2041-03-11,30.5,17.8,0.0
2041-03-12,28.0,18.8,7.250000000000002
2041-03-13,30.438620689655174,18.9,22.724242424242426
2041-03-14,30.2,18.8,10.6
2041-03-15,30.2,18.5,3.6666666666666656
2041-03-16,30.8,18.5,25.015789473684205
2041-03-17,26.7,19.3,13.0
2041-03-18,25.6,19.0,38.052173913043475
2041-03-19,26.5,18.9,0.9
2041-03-20,29.6,18.7,9.950000000000001
2041-03-21,29.9,17.774422455907917,0.0
2041-03-22,30.6,15.9,0.0
2041-03-23,30.8,15.4,0.0
2041-03-24,27.8,18.0,0.0
2041-03-25,30.8,16.9,0.0
2041-03-26,32.0,18.0,0.0
2041-03-27,31.2,18.8,0.0
2041-03-28,30.2,18.6,4.8
2041-03-29,27.6,19.2,0.0
2041-03-30,28.2,18.8,0.0
2041-03-31,26.9,18.4,0.0
2041-04-01,22.0,17.7,0.0
2041-04-02,26.8,18.1,0.0
2041-04-03,28.1,16.3,0.0
2041-04-04,27.0,15.2,0.0
2041-04-05,28.0,14.5,0.0
2041-04-06,27.1,16.2,0.0
2041-04-07,26.8,17.239423076923078,0.0
2041-04-08,25.2,16.4,0.0
2041-04-09,27.5,18.2,0.0
2041-04-10,27.7,14.6,0.0
2041-04-11,28.1,13.7,0.0
2041-04-12,28.83061224489796,12.7,0.0
2041-04-13,29.0,13.2,0.0
2041-04-14,29.4,13.8,0.0
2041-04-15,29.5,13.3,0.0
2041-04-16,29.5,12.7,0.0
2041-04-17,29.3125,13.4,0.0
2041-04-18,30.0,13.0,0.0
2041-04-19,29.0,13.9,0.0
2041-04-20,29.0,12.9,0.0
2041-04-21,30.5,13.0,0.0
2041-04-22,28.6,17.6,0.0
2041-04-23,27.9,14.3,0.0
2041-04-24,26.7,13.4,0.0
2041-04-25,25.69019607843137,13.0,0.0
2041-04-26,27.0,13.9,0.0
2041-04-27,26.7,14.0,0.0
2041-04-28,20.318655816757083,15.9,0.0
2041-04-29,25.4,14.4,0.0
2041-04-30,27.1,12.520382165605099,0.0
2041-05-01,28.0,10.9,0.0
2041-05-02,28.9,12.2,0.0
2041-05-03,26.3,14.154979286949137,0.0
2041-05-04,24.5,15.0,0.0
2041-05-05,26.4,11.9,0.0
2041-05-06,27.5,10.775530678148538,0.0
2041-05-07,28.77322907178935,9.7,0.0
2041-05-08,29.4,11.8,0.0
2041-05-09,28.9,12.990663148722172,0.0
2041-05-10,28.8,16.9,0.0
2041-05-11,29.4,15.2,0.0
2041-05-12,30.7,14.0,0.0
2041-05-13,31.0,15.942671444727537,0.0
2041-05-14,29.489746846225916,16.34593532082181,0.0
2041-05-15,28.3,15.0,0.0
2041-05-16,28.9,14.0,0.0
2041-05-17,30.1,13.5,0.0
2041-05-18,30.7,14.153498385360589,0.0
2041-05-19,29.6,16.0,0.0
2041-05-20,28.8,15.123396964280413,0.0
2041-05-21,29.2,14.9,0.0
2041-05-22,28.2,15.6,0.0
2041-05-23,28.758225345698428,17.601938896197947,0.0
2041-05-24,29.9,16.8,0.0
2041-05-25,30.2,15.3,0.0
2041-05-26,29.2,16.2,0.0
2041-05-27,25.6,14.5,0.0
2041-05-28,24.61830903219493,13.1,0.0
2041-05-29,25.5,10.9,0.0
2041-05-30,26.3,10.0,0.0
2041-05-31,26.4,9.0,0.0
2041-06-01,23.5,10.2,0.0
2041-06-02,23.7,9.613938564216657,0.0
2041-06-03,25.2,9.0,0.0
2041-06-04,27.0,10.5,0.0
2041-06-05,25.7,12.2,0.0
2041-06-06,25.0,11.1,0.0
2041-06-07,26.3,10.4,0.0
2041-06-08,26.3,12.5,0.0
2041-06-09,24.9,11.0,0.0
2041-06-10,23.830501407149413,8.4,0.0
2041-06-11,23.0,6.0,0.0
2041-06-12,23.9,6.8,0.0
2041-06-13,24.9,9.0,0.0
2041-06-14,24.6,11.5,0.0
2041-06-15,24.313757976699257,11.6,0.0
2041-06-16,24.8,11.2,0.0
2041-06-17,25.5,11.7,0.0
2041-06-18,25.5,11.5,0.0
2041-06-19,25.640731080510925,11.684329389557423,0.0
2041-06-20,24.7,12.9,0.0
2041-06-21,24.9,12.4,0.0
2041-06-22,25.6,14.2,0.0
2041-06-23,27.7,13.0,0.0
2041-06-24,28.91006754687173,13.2,0.0
2041-06-25,29.0,14.1,0.0
2041-06-26,24.6,13.2,0.0
2041-06-27,24.6,12.1,0.0
2041-06-28,26.4,11.5,0.0
2041-06-29,28.593739075162887,11.8,0.0
2041-06-30,30.161665475369784,12.6,0.0
2041-07-01,29.2,14.468653025928804,0.0
2041-07-02,27.4,12.831773873290471,0.0
2041-07-03,24.7,12.7,0.0
2041-07-04,21.6,11.1,0.0
2041-07-05,20.0,9.2,0.0
2041-07-06,21.3,6.4,0.0
2041-07-07,24.5,7.7,0.0
2041-07-08,26.011209719900126,10.4,0.0
2041-07-09,25.9,13.2,0.0
2041-07-10,26.0,15.12361172671436,0.0
2041-07-11,26.8,14.6,0.0
2041-07-12,28.0,13.8,0.0
2041-07-13,27.6,14.4,0.0
2041-07-14,29.2,13.6,0.0
2041-07-15,30.66026670928498,13.5,0.0
2041-07-16,30.2,13.6,0.0
2041-07-17,30.2,13.559394889503752,0.0
2041-07-18,30.2,12.2,0.0
2041-07-19,27.4,14.4,0.0
2041-07-20,18.763952837383904,12.2,0.0
2041-07-21,18.181945019458475,8.3,0.0
2041-07-22,19.0,6.0,0.0
2041-07-23,21.3,7.5,0.0
2041-07-24,25.0,9.8,0.0
2041-07-25,26.0,11.7,0.0
2041-07-26,25.4,12.0,0.0
2041-07-27,25.7,11.7,0.0
2041-07-28,26.7,11.682142421182279,0.0
2041-07-29,27.6,12.0,0.0
2041-07-30,27.99259482675931,12.7,0.0
2041-07-31,27.6,12.7,0.0
2041-08-01,24.4,13.9,0.0
2041-08-02,25.0,11.312283679721782,0.0
2041-08-03,26.5,11.4,0.0
2041-08-04,27.8,11.4,0.0
2041-08-05,27.2,12.4,0.0
2041-08-06,27.6,12.0,0.0
2041-08-07,28.0,12.9,0.0
2041-08-08,27.2,13.0,0.0
2041-08-09,28.3,12.0,0.0
2041-08-10,28.2,13.0,0.0
2041-08-11,27.2,12.0,0.0
2041-08-12,27.6,10.0,0.0
2041-08-13,28.9,11.9,0.0
2041-08-14,29.6,13.671743810548978,0.0
2041-08-15,28.9,14.825216932844185,0.0
2041-08-16,28.1,14.6,0.0
2041-08-17,27.9,13.4,0.0
2041-08-18,28.2,12.9,0.0
2041-08-19,28.9,12.5,0.0
2041-08-20,30.0,13.0,0.0
2041-08-21,28.6,14.0,0.0
2041-08-22,30.613939720129164,13.1,0.0
2041-08-23,32.1,13.5,0.0
2041-08-24,31.0,16.7,0.0
2041-08-25,30.2,15.6,0.0
2041-08-26,31.0,14.5,0.0
2041-08-27,31.457510255142118,15.0,0.0
2041-08-28,32.49107991930367,15.4,0.0
2041-08-29,33.217898033075635,15.0,0.0
2041-08-30,38.135498046875,16.456088866929,0.0
2041-08-31,33.55214730973755,18.22799227320014,0.0
2041-09-01,33.0,18.5,0.0
2041-09-02,34.45670498084292,18.1,0.0
2041-09-03,35.63683483440383,18.3,0.0
2041-09-04,34.0,20.2,0.0
2041-09-05,33.0,19.2,0.0
2041-09-06,33.3,17.8,0.0
2041-09-07,33.0,17.4,0.0
2041-09-08,32.0,17.8,0.0
2041-09-09,32.447085650723025,17.327282750814742,0.0
2041-09-10,33.1,17.3,0.0
2041-09-11,33.0,18.5,0.0
2041-09-12,31.5,18.644559172026895,0.0
2041-09-13,32.331932600008244,17.4,0.0
2041-09-14,33.6,18.1,0.0
2041-09-15,33.1,19.560080336176004,0.0
2041-09-16,33.0,18.5,0.0
2041-09-17,33.6,18.0,0.0
2041-09-18,34.0,17.9,0.0
2041-09-19,35.3,17.7,0.0
2041-09-20,33.1,20.1,0.0
2041-09-21,31.7,18.3,0.0
2041-09-22,32.0,17.5,0.0
2041-09-23,33.5,17.492489739557364,0.0
2041-09-24,33.2,19.6,0.0
2041-09-25,31.8,19.2,0.0
2041-09-26,31.6,18.4,0.0
2041-09-27,32.8,18.8,0.0
2041-09-28,34.0,19.3,0.0
2041-09-29,35.2,19.85434138044927,0.0
2041-09-30,33.7,20.2,0.0
2041-10-01,32.0,19.5,0.0
2041-10-02,32.70436412087478,18.0,0.0
2041-10-03,34.4,17.4,0.0
2041-10-04,35.1,18.7,0.0
2041-10-05,35.4,19.6,0.0
2041-10-06,31.2,20.0,0.0
2041-10-07,31.7,17.4,0.0
2041-10-08,34.0,17.5,0.0
2041-10-09,36.32125092062772,19.0,0.0
2041-10-10,38.993994140625,20.7,0.0
2041-10-11,38.39618520817456,22.0,0.0
2041-10-12,36.22325316661013,21.701156237337656,0.0
2041-10-13,35.7,21.3,0.0
2041-10-14,35.6,21.0,0.0
2041-10-15,36.78697491991258,20.3,0.0
2041-10-16,37.103738241213065,20.9,0.0
2041-10-17,37.00331118079281,22.1,0.0
2041-10-18,35.1,21.4,0.0
2041-10-19,33.8,20.7,0.0
2041-10-20,34.1,18.5,0.0
2041-10-21,35.0,19.6,0.0
2041-10-22,34.2,20.4,0.0
2041-10-23,34.1,20.3,0.0
2041-10-24,34.9,20.5,0.0
2041-10-25,34.7,21.0,0.0
2041-10-26,34.9,20.7,0.0
2041-10-27,35.3,20.5,0.0
2041-10-28,36.76070947448482,20.4,0.0
2041-10-29,38.49716796875,21.1,0.0
2041-10-30,38.0,21.9,0.0
2041-10-31,38.478125,21.4,0.0
2041-11-01,40.1259765625,22.4,0.0
2041-11-02,37.2,22.6,0.0
2041-11-03,37.051749108987295,22.587563493236473,0.0
2041-11-04,38.70458948108778,20.7,0.0
2041-11-05,37.09474200358675,19.9,0.0
2041-11-06,36.4,21.5,0.0
2041-11-07,32.4,20.6,0.0
2041-11-08,25.2,17.2,0.0
2041-11-09,26.5,17.4,0.0
2041-11-10,30.0,19.5,0.0
2041-11-11,34.0,19.3,0.0
2041-11-12,34.2,19.4,0.0
2041-11-13,35.2,21.1,0.0
2041-11-14,34.0,20.881439747621968,0.0
2041-11-15,32.8,19.7,0.0
2041-11-16,32.9,19.3,0.0
2041-11-17,34.0,18.7,0.0
2041-11-18,34.9,20.282590678095488,0.0
2041-11-19,34.0,19.8,0.0
2041-11-20,35.2,20.3,0.0
2041-11-21,35.1,20.1,0.0
2041-11-22,36.31003297314476,23.687160567825504,0.0
2041-11-23,38.26780521716435,23.784451141601338,0.0
2041-11-24,34.5,22.76693945653903,0.0
2041-11-25,36.910072302558376,21.5,0.0
2041-11-26,36.4,23.3,0.0
2041-11-27,36.4,21.737804242476102,0.0
2041-11-28,37.01065855485685,23.246248076732204,0.0
2041-11-29,36.8,23.3,0.0
2041-11-30,34.0,21.3,2.3
2041-12-01,31.6,21.0,14.25000000000002
2041-12-02,31.6,20.719002560148922,6.553846153846157
2041-12-03,29.560588252407406,20.624811781472083,15.750641025641041
2041-12-04,31.6,19.9,0.0
2041-12-05,28.2,20.65010218023139,15.650000000000016
2041-12-06,29.8,19.80677284262962,9.308493589743593
2041-12-07,31.6,19.9,0.0
2041-12-08,30.0,20.686408896113548,0.0
2041-12-09,31.2,19.4,1.4615384615384621
2041-12-10,31.1,20.0,19.4467948717949
2041-12-11,30.1,19.7,9.283333333333337
2041-12-12,27.0,19.8,9.283333333333337
2041-12-13,25.7,20.27742653226764,29.032991452991457
2041-12-14,25.4,19.9,8.9
2041-12-15,27.198755089624104,18.7,0.4
2041-12-16,27.5,17.5,0.8
2041-12-17,28.9,18.6,49.0527472527474
2041-12-18,28.5,19.8,0.7860256410256419
2041-12-19,29.0,19.6,0.0
2041-12-20,30.7,17.9,0.0
2041-12-21,31.430906261677535,17.0,0.0
2041-12-22,30.7,20.2,0.0
2041-12-23,30.821844794868657,20.697502986032305,0.0
2041-12-24,31.504850191841605,20.846130863544257,0.0
2041-12-25,31.4,18.4,0.0
2041-12-26,31.6,18.22752420383069,0.0
2041-12-27,31.4,18.6,1.3
2041-12-28,30.7,19.7,0.4
2041-12-29,31.138398322030536,19.6,29.01957264957266
2041-12-30,29.6,18.5,12.411538461538477
2041-12-31,31.6,20.602682682557695,41.80726495726498
2042-01-01,27.6,19.6,8.864552238805969
2042-01-02,30.1,19.2,18.492599502487558
2042-01-03,29.0,19.43243405478717,0.0
2042-01-04,31.1,18.3,2.2079601990049755
2042-01-05,31.7,19.9,0.0
2042-01-06,30.6,20.46437565698304,1.7
2042-01-07,28.5,19.6,7.878544776119407
2042-01-08,29.1,19.64987149773577,4.920335820895524
2042-01-09,30.9,19.6745817211649,0.0
2042-01-10,30.2,19.6,2.2
2042-01-11,28.1,19.5,26.95410447761194
2042-01-12,24.6,19.0,29.162499999999998
2042-01-13,26.2,18.9,25.348507462686563
2042-01-14,24.6,18.8,21.890049751243765
2042-01-15,25.1,18.6,0.6
2042-01-16,25.6,18.6,3.4
2042-01-17,27.7760196148786,18.2,0.0
2042-01-18,26.8,17.2,14.0
2042-01-19,28.4,18.4,0.0
2042-01-20,29.7,16.3,0.0
2042-01-21,31.9,16.9,0.0
2042-01-22,31.1,19.2,0.20167910447761195
2042-01-23,30.7,17.9,0.0
2042-01-24,31.1,17.8,0.0
2042-01-25,29.5,19.0,0.0
2042-01-26,31.8,16.8,0.0
2042-01-27,31.7,17.6,0.0
2042-01-28,31.1,18.6,0.8
2042-01-29,31.7,19.4,0.0
2042-01-30,31.1,19.418825048010408,4.6
2042-01-31,30.2,19.0,6.4
2042-02-01,25.9,18.9,10.2
2042-02-02,28.0,17.8,50.96336405529957
2042-02-03,30.0,16.5,1.2
2042-02-04,27.3,19.0,2.3
2042-02-05,25.8,18.1,0.2
2042-02-06,28.0,18.0,7.4
2042-02-07,27.6,18.8,8.722119815668202
2042-02-08,25.8,19.0,0.0
2042-02-09,29.9,19.0,1.8
2042-02-10,27.4,18.5,1.6
2042-02-11,28.5,19.0,0.0
2042-02-12,28.1,19.0,15.6
2042-02-13,30.0,18.1,0.0
2042-02-14,25.5,19.0,32.95567658148309
2042-02-15,26.5,18.941791495251643,29.2
2042-02-16,25.6,18.3,0.0
2042-02-17,26.1,16.9,0.0
2042-02-18,26.7,18.6,0.0
2042-02-19,28.1,18.8,0.0
2042-02-20,28.6,19.1,0.0
2042-02-21,30.0,18.9,3.061751152073735
2042-02-22,32.66789238495647,19.0,0.0
2042-02-23,30.0,18.3,0.0
2042-02-24,28.6,19.2,24.9
2042-02-25,30.4,19.273955090218582,0.0
2042-02-26,29.9,18.0,0.0
2042-02-27,29.8,17.3,0.0
2042-02-28,29.8,18.9,0.0
2042-03-01,27.1,18.6,0.0
2042-03-02,30.0,17.2,2.4
2042-03-03,30.6,16.41584386153759,0.0
2042-03-04,30.2,15.4,0.0
2042-03-05,23.6,16.5,0.0
2042-03-06,26.3,18.4,0.0
2042-03-07,30.82803234501346,18.8,4.633333333333335
2042-03-08,29.7,17.6,0.0
2042-03-09,30.8,16.9,0.0
2042-03-10,31.449732620320855,16.5,0.0
2042-03-11,31.5,18.8,0.0
2042-03-12,31.9,18.4,0.0
2042-03-13,33.297402597402595,18.6,0.0
2042-03-14,32.9,18.5,0.0
2042-03-15,32.88968481375359,18.7,2.9
2042-03-16,32.67330827067669,18.9,1.6
2042-03-17,34.20397553516823,19.2,0.0
2042-03-18,32.0,19.2,2.5
2042-03-19,22.79404761904762,18.5,0.0
2042-03-20,23.6,18.1,0.0
2042-03-21,20.572307692307692,17.9,16.4
2042-03-22,25.6,18.1,0.0
2042-03-23,26.7,18.7,0.0
2042-03-24,27.1,18.7,0.0
2042-03-25,28.3,18.5,0.0
2042-03-26,30.7,18.5,0.0
2042-03-27,31.8,17.7,0.0
2042-03-28,32.0,17.8,0.0
2042-03-29,32.56779661016949,19.4,0.0
2042-03-30,32.0,19.2,0.0
2042-03-31,32.252734375,18.2,0.0
2042-04-01,32.2,19.85862396408839,0.0
2042-04-02,32.7,20.225939941406253,0.0
2042-04-03,30.6,19.54389534883722,4.1
2042-04-04,30.0,18.937701612903226,0.0
2042-04-05,29.9,19.606031976744205,0.0
2042-04-06,31.3,18.8,7.499999999999998
2042-04-07,31.1,19.7,12.549999999999999
2042-04-08,31.3,17.4,0.0
2042-04-09,29.9,18.97338709677419,0.0
2042-04-10,26.6,18.6,0.0
2042-04-11,29.2,16.4,0.0
2042-04-12,30.309756097560975,16.2,0.0
2042-04-13,30.0,19.0,0.0
2042-04-14,29.23333333333333,18.4,0.0
2042-04-15,30.2,17.2,0.0
2042-04-16,27.1,18.540219780219786,0.0
2042-04-17,28.2,18.1,0.0
2042-04-18,28.0,15.9,0.0
2042-04-19,28.0,15.1,0.0
2042-04-20,28.1,15.5,0.0
2042-04-21,25.7,17.16666666666667,0.0
2042-04-22,29.1,16.6,0.0
2042-04-23,30.4,19.4,0.0
2042-04-24,31.520098643649817,20.135643991712694,0.0
2042-04-25,32.0,19.0,0.0
2042-04-26,31.94722891566265,16.3,0.0
2042-04-27,32.0,17.2,0.0
2042-04-28,29.9,17.5,0.0
2042-04-29,28.0,16.2,0.0
2042-04-30,28.6,14.9,0.0
2042-05-01,27.0,12.5,0.0
2042-05-02,26.7,11.6,0.0
2042-05-03,27.73037059818545,9.787477351590233,0.0
2042-05-04,29.9,9.6,0.0
2042-05-05,30.32825655066788,10.9,0.0
2042-05-06,28.486781171183193,14.1,0.0
2042-05-07,28.5,13.6,0.0
2042-05-08,29.3,13.6,0.0
2042-05-09,29.363578800734498,15.1,0.0
2042-05-10,28.76760267450525,14.7,0.0
2042-05-11,27.5,14.0,0.0
2042-05-12,27.5,13.52930477710551,0.0
2042-05-13,26.4,12.8,0.0
2042-05-14,26.2,11.0,0.0
2042-05-15,26.3,10.3,0.0
2042-05-16,25.6,10.0,0.0
2042-05-17,28.4,13.3,0.0
2042-05-18,27.057542672612637,17.54341585934695,0.0
2042-05-19,26.2,16.9,0.0
2042-05-20,20.235165484481733,16.2,6.689655172413792
2042-05-21,22.778331391833905,16.2,0.0
2042-05-22,26.5,14.7,0.0
2042-05-23,28.7,12.9,0.0
2042-05-24,30.231388251737215,12.8,0.0
2042-05-25,29.2,14.3,0.0
2042-05-26,24.325676906516517,15.3,0.0
2042-05-27,26.4,15.2,0.0
2042-05-28,29.491150072407084,13.8,0.0
2042-05-29,29.3,15.297400016560388,0.0
2042-05-30,29.1,13.6,0.0
2042-05-31,30.040447793326152,13.0,0.0
2042-06-01,29.98446285413662,13.2,0.0
2042-06-02,29.941397614790002,14.0,0.0
2042-06-03,30.5,14.1,0.0
2042-06-04,29.0,15.071367340523297,0.0
2042-06-05,24.2,14.2,0.0
2042-06-06,26.7,13.2,0.0
2042-06-07,28.5,12.596977757455585,0.0
2042-06-08,28.5,14.0,0.0
2042-06-09,23.9,13.6,0.0
2042-06-10,24.0,12.346068318689886,0.0
2042-06-11,23.5,11.1,0.0
2042-06-12,22.6,10.4,0.0
2042-06-13,23.2,8.0,0.0
2042-06-14,25.7,8.4,0.0
2042-06-15,27.51563485840369,11.0,0.0
2042-06-16,28.0,12.7,0.0
2042-06-17,29.0,13.0,0.0
2042-06-18,29.5,14.0,0.0
2042-06-19,29.0,13.7,0.0
2042-06-20,27.8,12.5,0.0
2042-06-21,27.8,12.3,0.0
2042-06-22,27.9,11.4,0.0
2042-06-23,29.0,10.23358843159066,0.0
2042-06-24,27.8,9.9,0.0
2042-06-25,26.2,12.0,0.0
2042-06-26,26.0,11.7,0.0
2042-06-27,27.637366621348825,12.0,0.0
2042-06-28,28.822781180967908,12.4,0.0
2042-06-29,28.925486611532943,13.0,0.0
2042-06-30,25.2,13.5,0.0
2042-07-01,22.6,12.4,0.0
2042-07-02,24.5,11.8,0.0
2042-07-03,25.1,11.8,0.0
2042-07-04,26.0,11.4,0.0
2042-07-05,29.144950137444503,11.4,0.0
2042-07-06,29.340326124784504,12.843605127391395,0.0
2042-07-07,29.2,13.6,0.0
2042-07-08,28.7,14.0,0.0
2042-07-09,27.6,13.504736997998851,0.0
2042-07-10,26.8,12.0,0.0
2042-07-11,26.0,11.8,0.0
2042-07-12,25.7,11.2,0.0
2042-07-13,26.7,11.1,0.0
2042-07-14,26.8,12.0,0.0
2042-07-15,26.3,11.4,0.0
2042-07-16,18.06003275223818,10.0,0.0
2042-07-17,22.1,9.0,0.0
2042-07-18,23.1,8.0,0.0
2042-07-19,26.0,7.0,0.0
2042-07-20,25.466286329386435,8.9,0.0
2042-07-21,24.0,10.0,0.0
2042-07-22,24.2,9.215349838536062,0.0
2042-07-23,24.2,8.9,0.0
2042-07-24,25.1,8.399880720332817,0.0
2042-07-25,25.9,8.1,0.0
2042-07-26,25.31359216215723,9.6,0.0
2042-07-27,24.3,9.8,0.0
2042-07-28,25.2,8.3,0.0
2042-07-29,25.7,11.9,0.0
2042-07-30,25.1,14.6,0.0
2042-07-31,27.0,14.0,0.0
2042-08-01,29.7,16.0,0.0
2042-08-02,28.7,15.0,0.0
2042-08-03,27.791587843254007,14.117588152787285,0.0
2042-08-04,28.7,12.4,0.0
2042-08-05,27.7,13.8,0.0
2042-08-06,27.2,12.6,0.0
2042-08-07,28.67821704667775,12.5,0.0
2042-08-08,30.214477933261566,13.0,0.0
2042-08-09,28.3,14.3,0.0
2042-08-10,27.7,12.9,0.0
2042-08-11,28.6,12.0,0.0
2042-08-12,27.6,12.7,0.0
2042-08-13,27.6,11.2,0.0
2042-08-14,27.0,10.9,0.0
2042-08-15,26.6,10.4,0.0
2042-08-16,27.2,11.8,0.0
2042-08-17,27.1,13.7,0.0
2042-08-18,23.18687029063509,13.1,0.0
2042-08-19,22.9,9.9,0.0
2042-08-20,24.3,7.2,0.0
2042-08-21,26.787106158903786,6.9,0.0
2042-08-22,29.0,9.0,0.0
2042-08-23,30.9,10.7,0.0
2042-08-24,31.2,14.0,0.0
2042-08-25,30.0,15.310574305071865,0.0
2042-08-26,30.8,14.0,0.0
2042-08-27,31.5,14.2,0.0
2042-08-28,32.9,14.8,0.0
2042-08-29,33.39456886718184,15.7,0.0
2042-08-30,35.40911914379747,16.4,0.0
2042-08-31,33.29318426460514,16.9,0.0
2042-09-01,32.0,18.4,0.0
2042-09-02,31.0,17.328101399215505,0.0
2042-09-03,31.7,17.0,0.0
2042-09-04,32.0,17.2,0.0
2042-09-05,32.0,16.9,0.0
2042-09-06,30.7,17.4,0.0
2042-09-07,28.9,16.9,0.0
2042-09-08,27.7,15.4,0.0
2042-09-09,27.2,14.9,0.0
2042-09-10,28.3,17.9,0.0
2042-09-11,30.2,16.9,0.0
2042-09-12,33.0,18.830949776832465,0.0
2042-09-13,34.9,19.9,0.0
2042-09-14,34.6,20.025779502998756,0.0
2042-09-15,32.9,19.7,0.0
2042-09-16,32.5,17.8,0.0
2042-09-17,33.4,18.5,0.0
2042-09-18,33.0,18.9,0.0
2042-09-19,32.7,18.2,0.0
2042-09-20,32.9,18.2,0.0
2042-09-21,33.1,18.0,0.0
2042-09-22,33.1,17.7,0.0
2042-09-23,33.2,17.506033158535946,0.0
2042-09-24,33.0,18.0,0.0
2042-09-25,33.0,18.0,0.0
2042-09-26,34.4,18.2,0.0
2042-09-27,35.3,19.5,0.0
2042-09-28,35.4,19.9,0.0
2042-09-29,35.4,19.9,0.0
2042-09-30,35.3,20.014715090077186,0.0
2042-10-01,35.4,19.7,0.0
2042-10-02,36.3,19.858176995232967,0.0
2042-10-03,36.4,20.0,0.0
2042-10-04,36.38501503421922,19.4,0.0
2042-10-05,39.1158203125,19.2,0.0
2042-10-06,32.1,19.711567737967084,0.0
2042-10-07,28.4,17.447497308934334,0.0
2042-10-08,31.4,16.7,0.0
2042-10-09,33.6,16.9,0.0
2042-10-10,35.9,18.435522066738418,0.0
2042-10-11,36.94376583588639,21.2,0.0
2042-10-12,34.3,21.2,0.0
2042-10-13,35.6,21.0,0.0
2042-10-14,36.0,22.537462747644728,0.0
2042-10-15,36.0,23.37817656131289,0.0
2042-10-16,35.2,21.4,0.0
2042-10-17,32.0,20.9,0.0
2042-10-18,33.5,20.9,1.1
2042-10-19,32.2,19.4,1.6480000000000006
2042-10-20,31.2,19.2,0.0
2042-10-21,34.15148789888537,20.7,0.0
2042-10-22,35.8,21.9,0.0
2042-10-23,35.6,23.368408335528294,0.0
2042-10-24,37.0,21.3,0.0
2042-10-25,36.0,21.3,1.6480000000000006
2042-10-26,31.0,19.4,2.5
2042-10-27,25.9,17.9,2.388
2042-10-28,32.0,17.8,0.0
2042-10-29,31.8,17.4,0.0
2042-10-30,32.2,17.5,0.0
2042-10-31,34.0,16.0,0.0
2042-11-01,36.82151835372635,19.4,0.0
2042-11-02,35.7,21.7,0.0
2042-11-03,34.4,21.3,0.0
2042-11-04,35.9,21.3,0.0
2042-11-05,36.72527305471688,21.7,0.0
2042-11-06,35.0,20.0,0.0
2042-11-07,32.9,20.9,5.3
2042-11-08,32.3,19.5,34.46666666666667
2042-11-09,28.7,19.5,3.0
2042-11-10,32.0,20.3,5.380000000000002
2042-11-11,31.5,20.0,8.8
2042-11-12,29.0,19.6,0.0
2042-11-13,29.0,19.0,41.77777777777777
2042-11-14,25.1,19.5,10.5
2042-11-15,27.5,19.5,0.0
2042-11-16,30.5,19.054911012235827,0.0
2042-11-17,31.214086973514114,19.5,5.0
2042-11-18,30.4,20.1,0.6
2042-11-19,30.6,17.4,0.0
2042-11-20,31.7,16.5,0.0
2042-11-21,31.9,17.6,0.0
2042-11-22,32.6,18.7,0.0
2042-11-23,30.789116562262162,20.0,0.0
2042-11-24,27.7,19.4,25.76
2042-11-25,27.5,18.4,0.0
2042-11-26,27.5,19.0,0.0
2042-11-27,29.7,17.38345939933259,0.0
2042-11-28,29.0,17.1,0.0
2042-11-29,30.340235181948195,19.0,0.7
2042-11-30,31.5,17.1,2.5
2042-12-01,29.7,17.9,0.0
2042-12-02,30.1,18.4,0.0
2042-12-03,31.4,19.67856243470942,0.0
2042-12-04,31.6,17.0,0.0
2042-12-05,31.878619170400768,16.3,0.0
2042-12-06,31.4,19.9,0.0
2042-12-07,31.1,17.9,0.0
2042-12-08,31.4,18.4,0.0
2042-12-09,32.0,17.6,0.0
2042-12-10,32.9,16.4,0.0
2042-12-11,32.9,17.9,0.0
2042-12-12,31.91421683317172,21.078325973250855,0.0
2042-12-13,31.8,21.0,0.0
2042-12-14,31.6,21.070162640610228,0.0
2042-12-15,31.59301944940058,19.145454234797604,0.0
2042-12-16,31.1,19.3,2.0
2042-12-17,31.2,19.0,0.0
2042-12-18,30.7,19.4,3.011538461538466
2042-12-19,30.35339074273412,20.3,2.3
2042-12-20,27.766634847777066,19.265512751511128,29.073247863247868
2042-12-21,24.8,19.2,14.25000000000002
2042-12-22,26.2,19.2,13.614743589743597
2042-12-23,29.4,19.2,11.2
2042-12-24,29.2,19.3,33.11068376068377
2042-12-25,27.0,19.4,43.06042363433669
2042-12-26,24.760606959867808,19.2,25.705128205128215
2042-12-27,26.647404653473544,19.2,13.411538461538466
2042-12-28,27.3,19.5,31.823076923076933
2042-12-29,26.496261968160443,18.8,2.9
2042-12-30,28.4,18.3,5.8
2042-12-31,28.0,19.66889803343674,20.997435897435953
2043-01-01,25.0,18.4,7.2
2043-01-02,27.5,17.3,0.0
2043-01-03,29.6,15.9,0.0
2043-01-04,30.5,15.4,0.0
2043-01-05,31.77565540470155,18.6,0.0
2043-01-06,28.4,18.4,0.4044776119402985
2043-01-07,30.26575275966145,18.5,4.5
2043-01-08,29.9,18.4,5.2
2043-01-09,29.5,18.814290635091492,8.462873134328357
2043-01-10,28.9,18.9,27.634328358208943
2043-01-11,29.5,18.0,29.452238805970158
2043-01-12,27.1,17.6,0.0
2043-01-13,28.7,17.6,0.0
2043-01-14,29.0,16.9,0.0
2043-01-15,30.9,15.6,0.0
2043-01-16,31.8,16.2,0.0
2043-01-17,31.7,18.2,0.0
2043-01-18,29.9,19.0,0.0
2043-01-19,29.9,17.9,0.0
2043-01-20,28.2,17.9,0.0
2043-01-21,28.5,16.8,0.0
2043-01-22,30.4,16.0,0.0
2043-01-23,30.9,17.7,0.0
2043-01-24,31.6,17.9,0.0
2043-01-25,31.7,18.1,0.3
2043-01-26,29.320775026910656,19.6,36.97257462686563
2043-01-27,28.7,18.9,22.021455223880604
2043-01-28,29.1,18.3,27.38010907003444
2043-01-29,28.0,18.3,3.65214552238806
2043-01-30,28.6,18.9,10.560447761194027
2043-01-31,28.5,18.91244764859657,21.0
2043-02-01,27.690482670595856,18.8,13.672580645161304
2043-02-02,26.4,18.9,0.6
2043-02-03,28.1,18.4,25.449015500628406
2043-02-04,27.234947186716536,19.1,13.5
2043-02-05,27.8,19.0,21.0
2043-02-06,27.6,18.9,3.0
2043-02-07,27.9,18.8,3.6
2043-02-08,29.9,18.6,7.4
2043-02-09,26.6,19.1,23.446774193548382
2043-02-10,26.0,19.1,6.600921658986178
2043-02-11,28.5,18.94737398592795,0.0
2043-02-12,28.5,18.6,27.526175115207373
2043-02-13,24.6,17.8,13.5
2043-02-14,26.1,17.7,0.0
2043-02-15,28.513262541987213,17.6,5.977880184331798
2043-02-16,28.9,17.278864220197068,5.6
2043-02-17,29.2,16.5,17.385483870967743
2043-02-18,29.0,17.8,21.15529953917051
2043-02-19,27.6,19.2,17.0
2043-02-20,24.5,18.971119227959544,37.96458702587735
2043-02-21,24.2,18.6,2.3
2043-02-22,27.1,18.7,0.0
2043-02-23,27.9,18.5,0.0
2043-02-24,29.7,19.4,0.0
2043-02-25,30.1,17.8,0.0
2043-02-26,29.2,16.5,0.0
2043-02-27,29.9,16.5,0.0
2043-02-28,30.517319752952645,16.2,0.0
2043-03-01,31.7,16.2,0.0
2043-03-02,28.1,18.421744860720935,0.0
2043-03-03,28.5,16.4,0.0
2043-03-04,28.9,19.2,0.0
2043-03-05,29.0,18.7,0.0
2043-03-06,30.6,16.5,0.0
2043-03-07,31.6,16.2,0.0
2043-03-08,32.264453125,19.2,2.3
2043-03-09,30.9,18.8,1.8
2043-03-10,29.6,18.546652578200334,21.750000000000004
2043-03-11,29.6,18.3,2.5
2043-03-12,27.706220095693777,18.8,0.0
2043-03-13,26.0,18.5,0.0
2043-03-14,28.9,17.2,0.0
2043-03-15,28.2,15.8,0.0
2043-03-16,29.8,15.091807031640888,0.0
2043-03-17,31.3,15.3,0.0
2043-03-18,31.520481927710847,14.6,0.0
2043-03-19,31.6,15.9,0.0
2043-03-20,31.9,16.5,0.0
2043-03-21,32.0,20.19721324587927,0.0
2043-03-22,32.0,19.1,0.0
2043-03-23,30.9,18.9,0.0
2043-03-24,25.2,18.4,0.0
2043-03-25,28.3,17.9,2.6
2043-03-26,29.0,18.5,16.25
2043-03-27,27.2,16.9,1.8
2043-03-28,28.2,17.7,0.7
2043-03-29,26.7,17.0,1.0
2043-03-30,27.6,16.4,1.5
2043-03-31,28.8,16.2,0.0
2043-04-01,29.5,17.12727272727273,0.0
2043-04-02,31.1,15.3,0.0
2043-04-03,31.7,14.9,0.0
2043-04-04,31.5,14.7,0.0
2043-04-05,30.4,18.1,0.0
2043-04-06,22.0,16.9,8.100000000000003
2043-04-07,24.036134453781514,10.5,0.0
2043-04-08,25.5,8.448077365876124,0.0
2043-04-09,28.5,8.474418604651163,0.0
2043-04-10,30.3,11.9,0.0
2043-04-11,29.567045454545454,14.1,0.0
2043-04-12,28.9,14.8,0.0
2043-04-13,29.7,13.3,0.0
2043-04-14,29.9,13.7,0.0
2043-04-15,30.5,13.4,0.0
2043-04-16,29.3,14.0,0.0
2043-04-17,29.502272727272725,12.134782608695652,0.0
2043-04-18,29.9,14.3,0.0
2043-04-19,29.9,13.1,0.0
2043-04-20,30.2,10.2,0.0
2043-04-21,31.0,13.9,0.0
2043-04-22,30.7,11.4,0.0
2043-04-23,31.590135635018502,10.987841945288753,0.0
2043-04-24,31.4,12.8,0.0
2043-04-25,31.595191122071515,14.3,0.0
2043-04-26,31.947710843373496,13.7,0.0
2043-04-27,32.0,13.841803278688548,0.0
2043-04-28,30.58837209302326,15.4,0.0
2043-04-29,28.5,14.9,0.0
2043-04-30,27.9,14.1,0.0
2043-05-01,27.6,11.9,0.0
2043-05-02,27.9,11.0,0.0
2043-05-03,28.1,12.9,0.0
2043-05-04,29.2,13.4,0.0
2043-05-05,30.5,15.0,0.0
2043-05-06,31.0,16.0,0.0
2043-05-07,31.999683887920053,16.69671257847303,0.0
2043-05-08,31.6,15.9,0.0
2043-05-09,31.238481435663427,15.976076085623562,0.0
2043-05-10,30.5,14.1,0.0
2043-05-11,29.2,15.6,0.0
2043-05-12,25.0,16.9,0.0
2043-05-13,26.9,16.485041795211174,0.0
2043-05-14,26.6,16.9,0.0
2043-05-15,27.923387329675222,15.1,0.0
2043-05-16,28.5,13.0,0.0
2043-05-17,29.2,13.0,0.0
2043-05-18,30.0,14.2,0.0
2043-05-19,29.1,15.7,0.0
2043-05-20,26.7,13.6,0.0
2043-05-21,26.2,12.9,0.0
2043-05-22,27.2,13.9,0.0
2043-05-23,30.0,16.0,0.0
2043-05-24,30.41286143795701,15.3,0.0
2043-05-25,30.7,17.5,0.0
2043-05-26,29.3,15.507061076705838,0.0
2043-05-27,29.0,13.4,0.0
2043-05-28,26.5,13.7,0.0
2043-05-29,25.6,11.0,0.0
2043-05-30,26.3,8.4,0.0
2043-05-31,27.5,6.390591864929692,0.0
2043-06-01,26.2,7.7,0.0
2043-06-02,26.6,6.9,0.0
2043-06-03,26.3,9.719408231368186,0.0
2043-06-04,24.8,12.6,0.0
2043-06-05,25.2,16.800148312940323,0.0
2043-06-06,27.8,16.838220529933544,0.0
2043-06-07,27.070408156301834,14.1,0.0
2043-06-08,28.0,14.498558169791847,0.0
2043-06-09,27.7,13.5,0.0
2043-06-10,27.8,12.343293331307917,0.0
2043-06-11,29.0,12.3,0.0
2043-06-12,27.585246813399227,13.0,0.0
2043-06-13,26.3,12.3,0.0
2043-06-14,26.1,11.37224132828526,0.0
2043-06-15,25.0,11.5,0.0
2043-06-16,24.6,10.2,0.0
2043-06-17,23.5,10.0,0.0
2043-06-18,23.5,9.6,0.0
2043-06-19,24.6,9.5,0.0
2043-06-20,26.1,10.6,0.0
2043-06-21,27.6,11.5,0.0
2043-06-22,27.8,11.5,0.0
2043-06-23,28.07387573494359,11.5,0.0
2043-06-24,29.0,11.5,0.0
2043-06-25,29.213284358216704,11.4,0.0
2043-06-26,29.5,11.0,0.0
2043-06-27,29.496976968286564,11.4,0.0
2043-06-28,29.5,11.6,0.0
2043-06-29,29.36173273334008,11.8,0.0
2043-06-30,27.3,13.0,0.0
2043-07-01,26.5,12.039773598711099,0.0
2043-07-02,26.72049582884821,11.8,0.0
2043-07-03,26.0,12.0,0.0
2043-07-04,24.3,11.7,0.0
2043-07-05,22.3,9.0,0.0
2043-07-06,22.9,7.0,0.0
2043-07-07,22.6,5.2,0.0
2043-07-08,20.4,9.0,0.0
2043-07-09,21.5,8.5,0.0
2043-07-10,23.2,5.9,0.0
2043-07-11,25.0,4.0,0.0
2043-07-12,27.6,6.6,0.0
2043-07-13,27.6,6.024426596008941,0.0
2043-07-14,26.76035387513454,7.8,0.0
2043-07-15,26.7,10.488338715464657,0.0
2043-07-16,26.5,11.2,0.0
2043-07-17,27.0,10.8,0.0
2043-07-18,26.8,10.2,0.0
2043-07-19,24.1,11.8,0.0
2043-07-20,23.5,10.4,0.0
2043-07-21,23.3,9.8,0.0
2043-07-22,23.884313533613852,9.5,0.0
2043-07-23,25.955220667384282,11.0,0.0
2043-07-24,26.8,14.2,0.0
2043-07-25,27.9,15.3,0.0
2043-07-26,27.6,14.2,0.0
2043-07-27,20.4,12.4,0.0
2043-07-28,21.3,11.6,0.0
2043-07-29,23.7,11.8,0.0
2043-07-30,24.8,11.7,0.0
2043-07-31,25.3,11.7,0.0
2043-08-01,25.7,11.474078491839522,0.0
2043-08-02,25.6,12.0,0.0
2043-08-03,26.5,16.4,0.0
2043-08-04,26.9,17.195463201302104,0.0
2043-08-05,27.2,14.7,0.0
2043-08-06,27.3,13.0,0.0
2043-08-07,28.6,13.0,0.0
2043-08-08,28.8,13.4,0.0
2043-08-09,29.6,13.2,0.0
2043-08-10,31.5,13.8,0.0
2043-08-11,30.4,16.355594250617358,0.0
2043-08-12,27.0,15.3,0.0
2043-08-13,26.7,13.8,0.0
2043-08-14,26.1,14.7,0.0
2043-08-15,24.4,11.8,0.0
2043-08-16,26.3,10.2,0.0
2043-08-17,29.0,10.2,0.0
2043-08-18,30.0,12.5,0.0
2043-08-19,29.5,13.0,0.0
2043-08-20,28.2,13.2,0.0
2043-08-21,26.0,13.9,0.0
2043-08-22,26.5,11.5,0.0
2043-08-23,28.0,10.7,0.0
2043-08-24,29.1,13.9,0.0
2043-08-25,26.8,14.8,0.0
2043-08-26,25.7,12.3,0.0
2043-08-27,26.2,12.0,0.0
2043-08-28,26.5,12.211517761033363,0.0
2043-08-29,27.5,12.6,0.0
2043-08-30,27.6,15.7,0.0
2043-08-31,26.5,16.7,0.0
2043-09-01,26.003762782109845,16.5,0.0
2043-09-02,28.6,15.2,0.0
2043-09-03,30.9,19.0,0.0
2043-09-04,29.7,17.6,0.0
2043-09-05,30.2,15.9,0.0
2043-09-06,32.0,15.4,0.0
2043-09-07,32.8,17.0,0.0
2043-09-08,33.0,17.8,0.0
2043-09-09,34.4,17.7,0.0
2043-09-10,35.1,18.8,0.0
2043-09-11,34.7,19.6,0.0
2043-09-12,33.0,19.9,0.0
2043-09-13,32.5,18.7,0.0
2043-09-14,33.0,17.771062068965517,0.0
2043-09-15,33.55607296996663,18.1,0.0
2043-09-16,32.7,18.5,0.0
2043-09-17,32.5,17.9,0.0
2043-09-18,33.0,17.7,0.0
2043-09-19,31.9,18.864043381535037,0.0
2043-09-20,32.5,18.0,0.0
2043-09-21,33.0,18.3,0.0
2043-09-22,33.1,18.0,0.0
2043-09-23,33.9,17.8,0.0
2043-09-24,34.96956618464962,19.6,0.0
2043-09-25,35.4,20.0,0.0
2043-09-26,35.8769949066214,20.2,0.0
2043-09-27,35.66327422626448,20.2,0.0
2043-09-28,36.0,20.0,0.0
2043-09-29,34.4,20.430905163883534,0.0
2043-09-30,35.3,19.9,0.0
2043-10-01,36.35809019319017,20.0,0.0
2043-10-02,38.241958624374355,20.0,0.0
2043-10-03,35.1,22.0,0.0
2043-10-04,32.99408161268225,20.4,0.0
2043-10-05,33.0,19.626749364633373,0.0
2043-10-06,33.3,20.0,0.0
2043-10-07,33.6,20.26121994976676,0.0
2043-10-08,34.5,19.7,0.0
2043-10-09,35.5161512137911,19.9,0.0
2043-10-10,35.4,21.0,0.0
2043-10-11,35.3,21.34501945847477,0.0
2043-10-12,35.3,21.0,0.0
2043-10-13,35.3,21.0,0.0
2043-10-14,35.4,21.0,0.0
2043-10-15,35.3,20.5,0.0
2043-10-16,36.2,20.0,0.0
2043-10-17,37.82161369308834,20.7,0.0
2043-10-18,37.0540319183788,21.2,0.0
2043-10-19,38.788916015625,21.0,0.0
2043-10-20,39.4556640625,22.0,0.0
2043-10-21,39.41904296875,22.22632790171113,0.0
2043-10-22,39.5083984375,22.6,0.0
2043-10-23,39.143896484375,22.6,0.0
2043-10-24,38.28937103706204,21.980311629851695,0.0
2043-10-25,38.194546211686664,21.5,0.0
2043-10-26,39.18515625,22.0,0.0
2043-10-27,38.22669945707258,23.336199591049358,0.0
2043-10-28,35.3,23.0,0.0
2043-10-29,32.6,19.61184103281896,2.7800000000000007
2043-10-30,33.4,19.5,0.8560000000000001
2043-10-31,36.9,17.9,0.0
2043-11-01,36.577801817108984,21.4,0.0
2043-11-02,36.2,23.2,0.0
2043-11-03,37.31280169180226,21.2,0.0
2043-11-04,39.59326171875,20.5,0.0
2043-11-05,39.964599609375,21.3,0.0
2043-11-06,40.19921875,21.956900808854844,0.0
2043-11-07,39.887451171875,22.3,0.0
2043-11-08,36.93913055322238,21.0,0.0
2043-11-09,34.45558091365885,20.3,0.0
2043-11-10,34.15949371355378,20.142534825516723,0.0
2043-11-11,32.7,20.3,0.0
2043-11-12,33.3,20.3,0.8
2043-11-13,34.0,20.003621260631796,0.0
2043-11-14,34.4,21.3,0.0
2043-11-15,33.9,20.0,0.0
2043-11-16,33.4,19.9,0.0
2043-11-17,32.5,21.5,0.0
2043-11-18,30.0,20.1,0.0
2043-11-19,31.18023511963183,19.5,0.0
2043-11-20,32.8,21.124679767988418,0.0
2043-11-21,32.6,22.4,0.0
2043-11-22,29.8751081448523,20.50124542716374,0.0
2043-11-23,30.811083743842364,20.67296757448539,0.0
2043-11-24,32.6,20.7,0.0
2043-11-25,32.4,20.0,0.0
2043-11-26,31.8,19.9,0.0
2043-11-27,30.7,19.5,0.0
2043-11-28,32.8,17.4,0.0
2043-11-29,34.0,18.4,0.0
2043-11-30,35.2,17.8,0.0
2043-12-01,33.76298581180992,20.3,0.0
2043-12-02,34.0563691591994,21.0,0.0
2043-12-03,31.4,20.781295578409367,1.4
2043-12-04,31.2,20.2,5.644230769230772
2043-12-05,27.5,19.4,13.89572649572652
2043-12-06,30.740259708712056,19.2,0.9346153846153848
2043-12-07,31.7,19.3,0.0
2043-12-08,29.946703444564168,19.7,0.0
2043-12-09,31.2,19.8,3.3
2043-12-10,29.4,19.0,8.223076923076933
2043-12-11,25.4,19.9,27.775457875457878
2043-12-12,27.5,19.4,29.05982905982907
2043-12-13,28.0,18.9,29.126923076923084
2043-12-14,29.6,18.4,1.1
2043-12-15,31.2,19.5,3.011538461538466
2043-12-16,31.5,19.9,3.951495726495731
2043-12-17,30.5,19.9,0.2
2043-12-18,30.5,19.7,16.65641025641027
2043-12-19,25.2,20.25046128910244,7.0
2043-12-20,28.0,19.9,31.42051282051285
2043-12-21,28.7,20.230099778957293,35.706410256410265
2043-12-22,31.53290529430021,18.3,0.0
2043-12-23,31.56124667331453,20.418753808005025,25.973504273504275
2043-12-24,30.7,19.9,1.0
2043-12-25,30.4,19.2,1.6
2043-12-26,29.9,19.8,11.569017094017099
2043-12-27,27.5,20.41085434205369,9.283333333333337
2043-12-28,28.2,20.3,1.8717948717948734
2043-12-29,27.0,18.9,25.0
2043-12-30,29.7,17.8,11.0
2043-12-31,27.5,20.0,0.8
2044-01-01,27.8,18.4,0.0
2044-01-02,30.0,18.369383634499147,9.9
2044-01-03,28.6,18.5,7.151679104477609
2044-01-04,26.9,18.5,3.4
2044-01-05,30.1,18.2,2.1
2044-01-06,29.2,17.51440056512379,0.0
2044-01-07,29.9,18.9,0.0
2044-01-08,29.0,18.5,1.4
2044-01-09,29.2,18.6,6.898880597014922
2044-01-10,31.0,19.6,7.5
2044-01-11,30.2,19.8,14.304850746268658
2044-01-12,29.1,19.7,1.2
2044-01-13,30.1,19.601776965305408,0.0
2044-01-14,30.287233443790143,19.6,0.0
2044-01-15,30.9,19.7,0.0
2044-01-16,28.721553790176937,18.9,12.094776119402985
2044-01-17,31.1,17.9,0.0
2044-01-18,31.76964180303879,19.0,2.2
2044-01-19,27.3,19.9,0.0
2044-01-20,30.9,19.8,0.9263059701492536
2044-01-21,31.6,19.8,0.9
2044-01-22,30.9,19.0,0.5
2044-01-23,31.2,19.2,0.20167910447761195
2044-01-24,30.898686307542587,19.7,3.4
2044-01-25,28.0,19.8,6.548320895522388
2044-01-26,28.9,19.3,15.667817164179105
2044-01-27,25.6,19.626366651059275,1.2
2044-01-28,30.5,17.9,1.0
2044-01-29,31.1,18.1,0.0
2044-01-30,31.6,17.0,0.0
2044-01-31,31.78968714191464,18.8,0.0
2044-02-01,30.5,19.27102384177625,39.411375212224115
2044-02-02,26.9,19.0,37.938709677419354
2044-02-03,29.5,19.2,12.259907834101384
2044-02-04,27.2,19.7,26.697004608294932
2044-02-05,30.0,19.7,0.4
2044-02-06,30.2,19.4,6.4
2044-02-07,26.7,19.27276674625547,6.4
2044-02-08,30.0,18.8,0.0
2044-02-09,30.0,18.9,4.8
2044-02-10,30.1,19.1,82.81651553441358
2044-02-11,23.9,18.9,39.47511520737327
2044-02-12,25.2,18.9,0.0
2044-02-13,26.5,19.0,0.0
2044-02-14,30.3,17.9,0.0
2044-02-15,31.0,18.5,0.0
2044-02-16,32.0,18.4,10.450691244239632
2044-02-17,32.9,19.0,0.8
2044-02-18,32.25703005906479,19.0,0.2
2044-02-19,31.6,19.265451828971443,1.3645161290322583
2044-02-20,28.5,19.0,10.4
2044-02-21,31.21771402737248,18.4,2.0
2044-02-22,32.29048172212545,19.0,0.0
2044-02-23,30.0,19.1,6.4
2044-02-24,30.0,19.92534273125637,32.5373271889401
2044-02-25,29.6,19.0,33.86003949967088
2044-02-26,28.5,19.40058724619637,7.4
2044-02-27,28.6,18.7,0.0
2044-02-28,30.5,18.2,0.0
2044-03-01,29.9,19.4,0.0
2044-03-02,30.9,18.2,0.0
2044-03-03,31.9,16.8,0.0
2044-03-04,32.0,16.9,0.0
2044-03-05,32.0,16.7,0.0
2044-03-06,31.7,16.5,0.0
2044-03-07,30.8,18.4,0.0
2044-03-08,27.6,18.9,0.0
2044-03-09,30.8,18.8,5.7
2044-03-10,31.602752293577982,18.6,3.0
2044-03-11,29.6,19.0,0.0
2044-03-12,32.0,19.0,1.9
2044-03-13,32.0,19.906631847117257,0.0
2044-03-14,31.2,18.9,0.0
2044-03-15,31.66422018348624,18.9,0.0
2044-03-16,32.634586466165416,20.06394387224274,0.0
2044-03-17,33.0,19.925873637479466,0.0
2044-03-18,32.0,19.9,0.0
2044-03-19,30.0,19.3,0.0
2044-03-20,30.6,19.0,0.0
2044-03-21,30.3,19.0,0.0
2044-03-22,30.0,18.9,0.0
2044-03-23,29.1,18.2,0.0
2044-03-24,31.2,17.4,0.0
2044-03-25,31.6,19.0,0.0
2044-03-26,31.472727272727276,18.8,0.0
2044-03-27,32.0,17.1,0.0
2044-03-28,32.9,16.2,0.0
2044-03-29,32.0,16.2,0.0
2044-03-30,31.6,17.2,0.0
2044-03-31,31.358750000000004,21.45872147227071,0.0
2044-04-01,32.2,21.6033203125,0.0
2044-04-02,33.2,23.3748046875,0.0
2044-04-03,33.224588086185044,22.279833984375,0.0
2044-04-04,32.0,21.965380859375,0.0
2044-04-05,32.0,22.241748046875,0.0
2044-04-06,32.0,19.0,0.0
2044-04-07,31.5,17.2,0.0
2044-04-08,32.36557971014493,16.0,0.0
2044-04-09,33.139946380697054,16.9,0.0
2044-04-10,33.14361036639857,18.5,0.0
2044-04-11,32.3,19.7,0.0
2044-04-12,31.0,17.5,0.0
2044-04-13,31.2,16.5,0.0
2044-04-14,32.4,17.316712328767117,0.0
2044-04-15,33.32082585278277,19.80272790055248,0.0
2044-04-16,37.024658203125,21.598284912109378,0.0
2044-04-17,36.587158203125,21.597766113281253,0.0
2044-04-18,37.125,21.831591796875,0.0
2044-04-19,37.5068359375,20.8314697265625,0.0
2044-04-20,36.470458984375,21.612170410156253,0.0
2044-04-21,32.63131720430108,19.4,0.0
2044-04-22,29.9,18.5,0.0
2044-04-23,28.5,15.7,0.0
2044-04-24,28.6,14.4,0.0
2044-04-25,29.9,13.5,0.0
2044-04-26,32.63978494623656,14.64010695187164,0.0
2044-04-27,32.34963768115942,16.0,0.0
2044-04-28,30.0,18.1,0.0
2044-04-29,30.0,15.8,0.0
2044-04-30,32.2,16.7,0.0
2044-05-01,33.8,15.2,0.0
2044-05-02,31.241392606397493,17.515734391191852,0.0
2044-05-03,29.6,16.5,0.0
2044-05-04,27.5,15.7,0.0
2044-05-05,26.7,13.6,0.0
2044-05-06,27.0,11.8,0.0
2044-05-07,30.0,11.5,0.0
2044-05-08,31.6,11.5,0.0
2044-05-09,31.6,12.7,0.0
2044-05-10,30.48718714853233,16.78269460019599,0.0
2044-05-11,25.5,15.3,0.0
2044-05-12,27.5,15.116223422640491,0.0
2044-05-13,29.426601668073495,13.7,0.0
2044-05-14,30.1,14.614008918960462,0.0
2044-05-15,30.7,14.6,0.0
2044-05-16,31.0,15.2,0.0
2044-05-17,32.533313525279034,14.3,0.0
2044-05-18,33.8,13.5,0.0
2044-05-19,31.0,16.43149551145697,0.0
2044-05-20,30.7,15.2,0.0
2044-05-21,30.2,14.1,0.0
2044-05-22,31.0,12.9,0.0
2044-05-23,31.57925549861028,12.4,0.0
2044-05-24,30.5,15.2,0.0
2044-05-25,30.1,17.2,0.0
2044-05-26,30.5,16.293970233700136,0.0
2044-05-27,28.46969663636434,15.1,0.0
2044-05-28,28.4,12.9,0.0
2044-05-29,29.5,12.2,0.0
2044-05-30,28.9,13.9,0.0
2044-05-31,28.4,13.0,0.0
2044-06-01,28.2,12.5,0.0
2044-06-02,29.253132707839637,13.0,0.0
2044-06-03,29.940431063283466,13.2,0.0
2044-06-04,29.924966239178946,13.2,0.0
2044-06-05,29.4,13.2,0.0
2044-06-06,28.0,12.5,0.0
2044-06-07,30.071208750463487,12.0,0.0
2044-06-08,31.9703125,13.8,0.0
2044-06-09,30.4,14.0,0.0
2044-06-10,30.0,14.2,0.0
2044-06-11,30.5,13.470455761657103,0.0
2044-06-12,30.845691338702785,15.976497141526764,0.0
2044-06-13,30.5,16.758866332962572,0.0
2044-06-14,29.5,15.9,0.0
2044-06-15,28.5,14.305254988536017,0.0
2044-06-16,28.2,13.5,0.0
2044-06-17,29.155890257636173,13.492588161019759,0.0
2044-06-18,30.416148654343147,13.7,0.0
2044-06-19,30.5,14.1,0.0
2044-06-20,31.163126166550402,14.5,0.0
2044-06-21,32.793310546875,14.498357301763875,0.0
2044-06-22,32.056982421875,14.676358652471006,0.0
2044-06-23,30.4,15.81914612829588,0.0
2044-06-24,29.0,14.7,0.0
2044-06-25,22.5,14.1,0.0
2044-06-26,23.2,11.4,0.0
2044-06-27,23.1,9.7,0.0
2044-06-28,23.32158661138639,8.5,0.0
2044-06-29,24.1,8.5,0.0
2044-06-30,24.7,7.4,0.0
2044-07-01,26.819390905213552,7.9,0.0
2044-07-02,31.22031249999999,9.8,0.0
2044-07-03,29.4,9.0,0.0
2044-07-04,28.6,12.7,0.0
2044-07-05,25.8,13.6,0.0
2044-07-06,25.2,12.088591288686265,0.0
2044-07-07,23.8,11.9,0.0
2044-07-08,24.2,10.4,0.0
2044-07-09,26.7,10.0,0.0
2044-07-10,28.7,11.2,0.0
2044-07-11,29.638655403191823,12.2,0.0
2044-07-12,27.6,14.2,0.0
2044-07-13,24.7,12.6,0.0
2044-07-14,25.0,10.7,0.0
2044-07-15,25.848997515165525,10.4,0.0
2044-07-16,26.0,11.4,0.0
2044-07-17,27.0,9.8,0.0
2044-07-18,28.8,9.5,0.0
2044-07-19,29.2,10.8,0.0
2044-07-20,27.991486001129708,12.8,0.0
2044-07-21,27.9,11.9,0.0
2044-07-22,29.0,11.1,0.0
2044-07-23,26.2,14.0,0.0
2044-07-24,21.5,13.344133476856838,0.0
2044-07-25,22.5,10.7,0.0
2044-07-26,23.7,8.4,0.0
2044-07-27,25.0,9.1,0.0
2044-07-28,23.8,10.6,0.0
2044-07-29,22.9,9.2,0.0
2044-07-30,23.7,9.4,0.0
2044-07-31,24.4,9.5,0.0
2044-08-01,28.0,11.2,0.0
2044-08-02,31.9,12.3,0.0
2044-08-03,38.531494140625,13.0,0.0
2044-08-04,31.1,15.4,0.0
2044-08-05,29.2,13.5,0.0
2044-08-06,28.2,12.9,0.0
2044-08-07,28.648957823661807,12.0,0.0
2044-08-08,30.318482238966627,12.2,0.0
2044-08-09,31.5,13.4,0.0
2044-08-10,33.406530212232674,14.8,0.0
2044-08-11,31.1,16.4,0.0
2044-08-12,30.065050592034446,15.0,0.0
2044-08-13,31.4,15.0,0.0
2044-08-14,31.9,15.3,0.0
2044-08-15,31.5,15.774448861276618,0.0
2044-08-16,30.3,15.3,0.0
2044-08-17,29.2,14.5,0.0
2044-08-18,30.0,14.246673842841766,0.0
2044-08-19,31.4,15.279144241119473,0.0
2044-08-20,32.1,16.08551518732245,0.0
2044-08-21,33.53917717654985,16.7,0.0
2044-08-22,33.2,17.167444917655985,0.0
2044-08-23,31.830837351086824,17.191167064476364,0.0
2044-08-24,31.99552904400036,15.577146400266901,0.0
2044-08-25,32.139730371286724,15.4,0.0
2044-08-26,32.49107991930367,16.2,0.0
2044-08-27,31.4,16.1,0.0
2044-08-28,31.2,16.4,0.0
2044-08-29,31.5,16.7608299582078,0.0
2044-08-30,33.05141960947718,16.9,0.0
2044-08-31,33.08914198409667,18.0,0.0
2044-09-01,32.0,19.2,0.0
2044-09-02,32.0,17.4,0.0
2044-09-03,32.0,17.3,0.0
2044-09-04,32.7,17.355116796440488,0.0
2044-09-05,32.69054226918799,17.9,0.0
2044-09-06,31.7,18.2,0.0
2044-09-07,31.8,17.7,0.0
2044-09-08,31.1,18.2,0.0
2044-09-09,31.0,17.4,0.0
2044-09-10,32.1,17.3,0.0
2044-09-11,33.0,17.976933274414503,0.0
2044-09-12,33.2,18.53881009763935,0.0
2044-09-13,33.4,18.6,0.0
2044-09-14,33.5,19.19925039621211,0.0
2044-09-15,33.1,19.6,0.0
2044-09-16,32.7,18.7,0.0
2044-09-17,32.6,18.6,0.0
2044-09-18,33.1,19.0,0.0
2044-09-19,33.11472396229728,19.9,0.0
2044-09-20,32.0,20.0,0.0
2044-09-21,30.9,19.298155747282234,0.0
2044-09-22,31.7,18.3,0.0
2044-09-23,33.2,19.4,0.0
2044-09-24,35.2,19.933484556483954,0.0
2044-09-25,36.0,20.053200004587,0.0
2044-09-26,36.902761352770135,20.2,0.0
2044-09-27,39.890625,20.4,0.0
2044-09-28,40.689697265625,21.276613016730607,0.0
2044-09-29,38.6868350794788,22.199862610738485,0.0
2044-09-30,35.1,21.064683399265697,0.0
2044-10-01,35.2,20.00416141813434,0.0
2044-10-02,36.25240161021571,19.0,0.0
2044-10-03,36.0,19.7,0.0
2044-10-04,34.5,20.7,0.0
2044-10-05,32.2,20.4,0.0
2044-10-06,35.0,20.2,0.0
2044-10-07,34.7,21.0,0.0
2044-10-08,34.4,20.4,0.0
2044-10-09,36.21737234026866,20.983388546316277,0.0
2044-10-10,37.5947723284722,22.0,0.0
2044-10-11,34.589652267515326,21.9,0.0
2044-10-12,33.8,20.7,0.0
2044-10-13,35.5,20.7,0.0
2044-10-14,35.87762267217501,20.0,1.2400000000000009
2044-10-15,32.0,19.5,1.6
2044-10-16,29.5,17.6,0.7967999999999998
2044-10-17,31.4,16.685037674919265,0.0
2044-10-18,33.1,18.0,0.0
2044-10-19,35.7,19.5,0.0
2044-10-20,36.4,21.0,0.0
2044-10-21,33.8,21.0,0.0
2044-10-22,31.2,19.9,0.0
2044-10-23,32.0,19.5,0.0
2044-10-24,32.0,18.6,0.0
2044-10-25,32.2,17.4,0.0
2044-10-26,34.9,20.2,0.0
2044-10-27,34.1,20.5,0.0
2044-10-28,34.4,19.5,0.0
2044-10-29,35.4,20.0,0.0
2044-10-30,35.6,20.7,0.0
2044-10-31,35.53008049097889,21.12643961896128,0.0
2044-11-01,33.6,21.9,0.0
2044-11-02,34.46200951248513,21.2,0.0
2044-11-03,36.284163776745395,22.9,0.0
2044-11-04,35.6,21.5,0.0
2044-11-05,35.0,21.1,0.0
2044-11-06,37.386501570946265,22.3,0.0
2044-11-07,36.4,21.992387701012106,0.0
2044-11-08,36.2469627628582,21.7,0.0
2044-11-09,39.538818359375,22.6,0.0
2044-11-10,34.9,21.0,0.0
2044-11-11,27.6,19.7,0.0
2044-11-12,28.8,19.8,0.0
2044-11-13,27.7,20.0,0.0
2044-11-14,26.04814689429479,19.4,0.0
2044-11-15,32.7,17.8,0.0
2044-11-16,32.5,18.614515484815822,0.0
2044-11-17,32.8,17.9,0.0
2044-11-18,32.6,19.8,0.0
2044-11-19,34.0,20.3,0.0
2044-11-20,32.5,20.1,0.45
2044-11-21,33.3,20.5,0.0
2044-11-22,33.5,21.3,0.0
2044-11-23,34.0,21.2,0.0
2044-11-24,33.5,21.099053148484774,0.0
2044-11-25,32.9,20.948017138384216,0.0
2044-11-26,33.2,20.5,0.0
2044-11-27,34.0,22.321757423661488,0.0
2044-11-28,32.6,20.4,0.0
2044-11-29,33.7,20.0,0.0
2044-11-30,33.0,21.0,0.0
2044-12-01,32.92190163244493,18.7,0.0
2044-12-02,31.5,20.660347531331116,0.10192307692307695
2044-12-03,31.8,19.7,0.0
2044-12-04,33.7,23.579315185546875,0.0
2044-12-05,33.84369727521254,21.0,1.0
2044-12-06,31.6,21.0,28.875320512820522
2044-12-07,27.4,20.26476937731255,47.92430069930071
2044-12-08,26.5,19.6,56.069572649572656
2044-12-09,25.525600940819537,19.2,0.0
2044-12-10,29.0,18.7,0.0
2044-12-11,31.0,18.5,0.0
2044-12-12,31.6,18.0,0.0
2044-12-13,31.6,17.5,0.0
2044-12-14,32.1,17.9,0.0
2044-12-15,31.8,21.0,0.0
2044-12-16,31.4,20.27308518926372,0.0
2044-12-17,30.1,19.7,55.962222222222245
2044-12-18,24.2,19.4,84.12516218721069
2044-12-19,23.5,18.5,76.21491841491951
2044-12-20,25.869594953488043,19.0,0.0
2044-12-21,25.6,19.8,0.0
2044-12-22,27.0,19.7,0.0
2044-12-23,25.7,18.4,0.0
2044-12-24,27.2,17.4,0.0
2044-12-25,29.6,19.0,0.0
2044-12-26,29.2,18.2,0.0
2044-12-27,31.2,17.7,0.0
2044-12-28,32.4,19.4,0.2
2044-12-29,30.0,20.629432142783884,1.4
2044-12-30,30.9,19.0,0.0
2044-12-31,31.53090135841031,19.9,0.830769230769231
2045-01-01,29.2,19.5,16.516044776119404
2045-01-02,29.0,19.2,0.0
2045-01-03,28.5,18.2,15.667817164179105
2045-01-04,29.5,17.8,0.0
2045-01-05,29.9,17.0,0.0
2045-01-06,30.1,16.4,0.0
2045-01-07,31.2,19.6,0.0
2045-01-08,31.9,18.6,0.0
2045-01-09,32.088408512471204,19.8,0.0
2045-01-10,32.6,20.49576838661876,0.0
2045-01-11,32.4479621047677,21.08985595703125,0.0
2045-01-12,30.9,20.17207785748722,1.0
2045-01-13,31.606676907400523,21.1358154296875,47.69334672789897
2045-01-14,31.8,19.9,0.0
2045-01-15,32.09916905074101,19.85768341148907,0.0
2045-01-16,29.9,19.6,0.0
2045-01-17,31.7,20.52296359496606,0.0
2045-01-18,31.99723115046875,19.8,1.4
2045-01-19,24.6,18.2,60.4
2045-01-20,24.4,17.4,0.0
2045-01-21,26.1,17.0,0.0
2045-01-22,27.0,17.0,0.0
2045-01-23,28.9,17.9,0.0
2045-01-24,30.8,16.4,0.0
2045-01-25,31.2,16.2,0.0
2045-01-26,30.9,19.9,0.0
2045-01-27,29.9,16.8,0.0
2045-01-28,29.5,15.4,0.0
2045-01-29,29.5,19.6,0.0
2045-01-30,31.1,16.8,0.0
2045-01-31,31.9,18.0,0.0
2045-02-01,29.6,18.7,0.0
2045-02-02,31.0,18.9,0.0
2045-02-03,31.2,18.5,0.0
2045-02-04,31.0,18.7,0.0
2045-02-05,29.6,19.0,0.0
2045-02-06,30.0,19.2,6.3
2045-02-07,31.6,18.9,0.0
2045-02-08,32.65583089791372,19.7,0.0
2045-02-09,32.785305397635106,19.4,0.0
2045-02-10,32.21713358018511,18.8,1.0
2045-02-11,32.0,19.937250158289565,0.0
2045-02-12,29.2,20.26647438282742,0.0
2045-02-13,27.8,19.2,2.149078341013826
2045-02-14,25.0,19.2,9.279032258064515
2045-02-15,28.7,19.42987937141755,6.0
2045-02-16,30.5,19.2,1.4
2045-02-17,32.38009310053818,19.257793612320288,13.5
2045-02-18,32.9141634930669,18.9,0.0
2045-02-19,31.2,17.7,0.0
2045-02-20,31.6,19.1,0.0
2045-02-21,33.53371292048957,18.6,0.0
2045-02-22,33.540733157955636,19.1,1.0
2045-02-23,32.9,19.2,0.0
2045-02-24,30.1,19.2,8.4
2045-02-25,29.6,19.9,0.0
2045-02-26,31.2,18.8,0.0
2045-02-27,32.0,17.8,0.0
2045-02-28,31.613760377559394,19.5,0.0
2045-03-01,27.3,19.2,1.4
2045-03-02,30.410344827586204,19.3,6.858333333333333
2045-03-03,30.7,19.0,0.7
2045-03-04,31.0,17.5,0.0
2045-03-05,29.1,19.3,0.0
2045-03-06,31.287368421052633,17.9,0.0
2045-03-07,32.0,16.8,0.0
2045-03-08,33.3,17.1,0.0
2045-03-09,33.7,19.0,0.7
2045-03-10,31.0,19.894777108594496,6.4
2045-03-11,30.6,19.4,12.0
2045-03-12,31.2,19.3,21.6
2045-03-13,31.7,18.9,0.0
2045-03-14,31.1,18.8,0.3
2045-03-15,29.7,19.3,0.0
2045-03-16,30.4,19.3,1.0
2045-03-17,30.8,19.0,0.0
2045-03-18,31.5,19.2,7.450000000000005
2045-03-19,31.3,19.4,23.629629629629633
2045-03-20,26.1,19.4,4.3
2045-03-21,28.3,19.3,8.6
2045-03-22,29.8,19.4,16.8
2045-03-23,30.6,18.5,0.0
2045-03-24,31.2,19.0,0.0
2045-03-25,29.0,19.90500634422773,7.450000000000005
2045-03-26,26.602352941176473,18.42771403817375,4.633333333333335
2045-03-27,27.4,17.2,0.0
2045-03-28,26.5,15.7,0.0
2045-03-29,26.5,15.9,0.0
2045-03-30,27.1,16.2,0.0
2045-03-31,27.4,15.8,0.0
2045-04-01,27.9,17.6,0.0
2045-04-02,28.5,16.5,0.0
2045-04-03,29.3,15.9,0.0
2045-04-04,30.4,16.0,0.0
2045-04-05,30.6,17.8,0.0
2045-04-06,29.9,18.3,0.0
2045-04-07,28.9,16.4,0.0
2045-04-08,28.731147540983603,16.7,0.0
2045-04-09,28.5,16.7,0.0
2045-04-10,29.0,15.9,0.0
2045-04-11,29.5,15.0,0.0
2045-04-12,30.2,14.6,0.0
2045-04-13,28.9,16.5,0.0
2045-04-14,28.1,15.9,0.0
2045-04-15,28.5,14.9,0.0
2045-04-16,27.9,14.9,0.0
2045-04-17,26.7,18.0,0.0
2045-04-18,25.7,12.0,0.0
2045-04-19,24.650549450549452,11.858259325044411,0.0
2045-04-20,24.090336134453782,11.5,0.0
2045-04-21,26.3,12.0,0.0
2045-04-22,28.1,11.6,0.0
2045-04-23,30.1,14.5,0.0
2045-04-24,32.30579710144927,15.0,0.0
2045-04-25,33.34425493716338,14.36923076923077,0.0
2045-04-26,33.68135593220339,16.284692942254814,0.0
2045-04-27,31.536374845869297,18.5,0.0
2045-04-28,28.9,14.9,0.0
2045-04-29,29.5,14.0,0.0
2045-04-30,30.6,14.0,0.0
2045-05-01,30.5,13.0,0.0
2045-05-02,30.7,15.2,0.0
2045-05-03,31.677231021579775,16.8,0.0
2045-05-04,31.4,17.938465948224295,0.0
2045-05-05,29.8,15.987210965922234,0.0
2045-05-06,29.7,15.2,0.0
2045-05-07,27.9,14.3,0.0
2045-05-08,27.5,12.654174996155604,0.0
2045-05-09,27.2,13.2,0.0
2045-05-10,26.9,11.9,0.0
2045-05-11,27.3,9.9,0.0
2045-05-12,28.432324216448094,7.2,0.0
2045-05-13,28.1,10.0,0.0
2045-05-14,28.0,9.0,0.0
2045-05-15,28.1,10.5,0.0
2045-05-16,29.0,15.89139226787565,0.0
2045-05-17,29.2,16.2,0.0
2045-05-18,28.2,15.861558341567946,0.0
2045-05-19,27.0,13.6,0.0
2045-05-20,27.2,13.0,0.0
2045-05-21,28.01172196542771,12.5,0.0
2045-05-22,28.2,12.4,0.0
2045-05-23,28.4,14.931196790292578,0.0
2045-05-24,29.2,14.0,0.0
2045-05-25,29.957709314696192,15.0,0.0
2045-05-26,29.5,17.839429370352487,0.0
2045-05-27,30.0,15.989685383766385,0.0
2045-05-28,30.210453733395696,15.0,0.0
2045-05-29,30.906559141682393,14.181635515542931,0.0
2045-05-30,31.0,15.2,0.0
2045-05-31,27.0,15.2,0.0
2045-06-01,23.5,13.5,0.0
2045-06-02,25.4,12.9,0.0
2045-06-03,26.4,11.9,0.0
2045-06-04,28.6,12.1,0.0
2045-06-05,29.3,12.576347896433026,0.0
2045-06-06,29.0,13.135612218704551,0.0
2045-06-07,29.9,13.2,0.0
2045-06-08,30.43439281870288,14.063178928968698,0.0
2045-06-09,31.208602778982275,14.1,0.0
2045-06-10,30.91712845496403,14.565856438566861,0.0
2045-06-11,29.0,14.7,0.0
2045-06-12,29.5,13.2,0.0
2045-06-13,28.052059286653286,14.0,0.0
2045-06-14,26.3,13.5,0.0
2045-06-15,26.6,12.3,0.0
2045-06-16,29.5238590223401,12.364303950057092,0.0
2045-06-17,29.6,12.3,0.0
2045-06-18,30.0,11.9,0.0
2045-06-19,30.5,13.041324278438033,0.0
2045-06-20,29.6,14.4,0.0
2045-06-21,28.6,14.0,0.0
2045-06-22,27.8,12.1,0.0
2045-06-23,26.5,11.9,0.0
2045-06-24,25.5,12.0,0.0
2045-06-25,25.85505780833923,10.968316648127555,0.0
2045-06-26,26.9,10.11243647625903,0.0
2045-06-27,26.2,11.2,0.0
2045-06-28,25.7,10.8,0.0
2045-06-29,25.6,10.9,0.0
2045-06-30,25.7,11.0,0.0
2045-07-01,26.8,11.8,0.0
2045-07-02,27.6,12.527395048439177,0.0
2045-07-03,27.2,13.570147111589517,0.0
2045-07-04,26.3,12.9,0.0
2045-07-05,26.7,11.9,0.0
2045-07-06,26.8,11.2,0.0
2045-07-07,24.8,12.4,0.0
2045-07-08,24.3,10.4,0.0
2045-07-09,25.4,10.9,0.0
2045-07-10,25.74764428252048,10.5,0.0
2045-07-11,25.3,9.9,0.0
2045-07-12,25.6,10.4,0.0
2045-07-13,26.0,10.0,0.0
2045-07-14,26.9,10.2,0.0
2045-07-15,28.0,10.6,0.0
2045-07-16,29.4,12.0,0.0
2045-07-17,30.678198372669097,12.7,0.0
2045-07-18,30.2,12.24297868675995,0.0
2045-07-19,29.444731459973926,12.1,0.0
2045-07-20,29.2,12.801435235019728,0.0
2045-07-21,29.7,12.9,0.0
2045-07-22,27.6,13.9,0.0
2045-07-23,26.3,12.8,0.0
2045-07-24,27.447267902247702,12.2,0.0
2045-07-25,27.7,12.4,0.0
2045-07-26,27.3,13.4,0.0
2045-07-27,26.041987495133164,11.691419661979946,0.0
2045-07-28,25.3,10.5,0.0
2045-07-29,23.7,10.0,0.0
2045-07-30,23.4,11.755806798847185,0.0
2045-07-31,25.2,14.2,0.0
2045-08-01,26.7,17.133636188723003,0.0
2045-08-02,28.6,16.0,0.0
2045-08-03,29.0,14.7,0.0
2045-08-04,25.0,14.8,0.0
2045-08-05,24.7,11.9,0.0
2045-08-06,26.1,10.2,0.0
2045-08-07,27.7,10.7,0.0
2045-08-08,28.7,11.4,0.0
2045-08-09,28.0,12.0,0.0
2045-08-10,28.8,12.3,0.0
2045-08-11,29.0,13.0,0.0
2045-08-12,28.9,13.3,0.0
2045-08-13,30.2,13.692457327387354,0.0
2045-08-14,29.6,15.0,0.0
2045-08-15,29.3,14.2,0.0
2045-08-16,30.2,13.7,0.0
2045-08-17,31.2,14.8,0.0
2045-08-18,31.1,16.7,0.0
2045-08-19,28.93254890315875,16.9,0.0
2045-08-20,28.0,15.62564047362755,0.0
2045-08-21,26.9,14.6,0.0
2045-08-22,27.6,13.7,0.0
2045-08-23,25.7,14.0,0.0
2045-08-24,25.2,12.0,0.0
2045-08-25,26.24239419862897,12.1,0.0
2045-08-26,26.5,13.2,0.0
2045-08-27,27.2,13.6,0.0
2045-08-28,28.9,13.903118803467219,0.0
2045-08-29,30.0,14.8,0.0
2045-08-30,31.4,15.0,0.0
2045-08-31,33.05245783997129,16.33924681821059,0.0
2045-09-01,33.99560387911451,18.3,0.0
2045-09-02,35.3,18.2,0.0
2045-09-03,38.32378548135221,19.2,0.0
2045-09-04,34.4,20.210550541978307,0.0
2045-09-05,30.7,18.5,0.0
2045-09-06,30.0,16.2,0.0
2045-09-07,32.8,16.975472747497225,0.0
2045-09-08,34.656820443767934,19.0,0.0
2045-09-09,34.4,19.4,0.0
2045-09-10,33.2,18.7,0.0
2045-09-11,33.53292814238043,17.3,0.0
2045-09-12,34.7,17.5,0.0
2045-09-13,35.1,18.8,0.0
2045-09-14,30.2,18.0,0.0
2045-09-15,25.1170267809805,16.5,0.0
2045-09-16,27.7,14.3,0.0
2045-09-17,28.0,13.2,0.0
2045-09-18,28.0,12.0,0.0
2045-09-19,29.0,13.2,0.0
2045-09-20,29.0,15.4,0.0
2045-09-21,30.0,18.1,0.0
2045-09-22,30.939211697207423,16.9,0.0
2045-09-23,31.0,18.9,0.0
2045-09-24,30.000952093663397,18.3,0.0
2045-09-25,30.7,17.2,0.0
2045-09-26,31.7,18.636443874836775,0.0
2045-09-27,33.3,18.5,0.0
2045-09-28,34.4,19.84733397366054,0.0
2045-09-29,34.4,19.64357264970027,0.0
2045-09-30,34.40668716874959,19.6,0.0
2045-10-01,35.2,19.4,0.0
2045-10-02,36.73779706464357,20.1,0.0
2045-10-03,36.0,21.0,0.0
2045-10-04,35.6,20.5,0.0
2045-10-05,37.2,20.0,0.0
2045-10-06,35.0,21.826437901841544,0.0
2045-10-07,33.071678934047064,20.3,0.0
2045-10-08,31.7,20.0,0.0
2045-10-09,33.6787674919268,19.6,0.0
2045-10-10,33.0,19.1,0.0
2045-10-11,31.4,18.562113008691743,0.0
2045-10-12,31.1,17.5,0.0
2045-10-13,33.0,17.0,0.0
2045-10-14,35.3,20.9,0.0
2045-10-15,36.2,20.5,0.0
2045-10-16,36.5,20.9,0.0
2045-10-17,36.24933335299408,20.6,0.0
2045-10-18,37.2,20.4,0.0
2045-10-19,38.813818359375,20.0,0.0
2045-10-20,39.16806640625,21.0,0.0
2045-10-21,38.5982421875,21.860761896875985,0.0
2045-10-22,34.9,20.9,0.0
2045-10-23,35.0,20.2,0.0
2045-10-24,37.2,21.2,0.0
2045-10-25,37.534366014421146,19.1,0.0
2045-10-26,37.2,20.8,0.0
2045-10-27,37.2,20.9,0.0
2045-10-28,38.4380859375,21.3,0.0
2045-10-29,38.601416015625,21.9,0.0
2045-10-30,39.26767578125,22.0,0.0
2045-10-31,38.632177734375,22.98335855394871,0.0
2045-11-01,35.6,21.3,0.0
2045-11-02,32.9,20.5,0.0
2045-11-03,33.8,20.6,0.0
2045-11-04,35.2,21.00185761957731,0.0
2045-11-05,34.0,20.976360565237094,0.0
2045-11-06,31.9,20.7,0.0
2045-11-07,32.7,20.3,0.0
2045-11-08,32.2,19.6,0.0
2045-11-09,32.2,20.0,0.0
2045-11-10,33.2,18.7,0.0
2045-11-11,32.5,19.9,0.0
2045-11-12,29.9,20.0,10.5
2045-11-13,29.5,19.9,0.0
2045-11-14,30.1,20.0,2.7
2045-11-15,27.7,19.7,0.9
2045-11-16,27.6,19.4,5.380000000000002
2045-11-17,27.631121424827075,19.6,0.0
2045-11-18,28.6,19.8,15.9
2045-11-19,30.0,19.5,25.679999999999996
2045-11-20,30.5,19.5,2.2
2045-11-21,30.969104387898213,19.3,0.0
2045-11-22,30.2,19.8,5.6
2045-11-23,31.2,19.5,4.0
2045-11-24,28.9,19.9,0.0
2045-11-25,31.0,20.5,0.0
2045-11-26,27.1,19.9,0.0
2045-11-27,29.9,19.9,13.5
2045-11-28,30.6,18.8,3.6
2045-11-29,29.4,19.3,3.2666666666666666
2045-11-30,31.4,19.8,0.0
2045-12-01,29.4,20.686985212472962,0.0
2045-12-02,29.3,20.457339660921196,0.0
2045-12-03,29.6,20.675196152826665,23.695833333333336
2045-12-04,31.0,19.8,8.755128205128209
2045-12-05,29.0,20.29069514398385,1.6
2045-12-06,29.4,19.4,5.4
2045-12-07,29.0,20.49728127198706,61.45734265734271
2045-12-08,25.68206299433706,19.9,57.872004437869855
2045-12-09,27.0,19.8,34.82770655270655
2045-12-10,29.1,18.2,1.0
2045-12-11,31.6,17.0,0.0
2045-12-12,32.832885984000725,17.7,0.0
2045-12-13,32.0,20.313070867041368,0.0
2045-12-14,31.4,20.621725305292145,54.29307692307696
2045-12-15,30.2,20.0,29.01957264957266
2045-12-16,25.0,19.4,16.258974358974392
2045-12-17,24.621056000537013,18.4,0.0
2045-12-18,28.0,17.2,0.0
2045-12-19,29.5,16.2,0.0
2045-12-20,30.0,15.2,0.0
2045-12-21,30.1,16.0,0.0
2045-12-22,30.9,16.2,0.0
2045-12-23,30.8,17.6,0.0
2045-12-24,31.568689863762724,17.6,0.0
2045-12-25,31.6,17.3,0.0
2045-12-26,31.131354838471427,17.5,0.0
2045-12-27,29.9,18.4,4.0
2045-12-28,27.7,19.242383474156746,42.8908653846154
2045-12-29,30.0,19.0,0.0
2045-12-30,30.6,18.5,0.2
2045-12-31,29.6,19.9,1.1
2046-01-01,27.9,19.8,0.0
2046-01-02,30.9,18.6,1.4
2046-01-03,29.6,19.8,1.4
2046-01-04,27.9,19.7,18.492599502487558
2046-01-05,29.0,19.9,0.6139925373134324
2046-01-06,28.3,19.8,12.170195895522387
2046-01-07,29.2,19.8,8.538292910447762
2046-01-08,26.893778939634696,19.8,2.0
2046-01-09,26.9,19.4,2.376119402985075
2046-01-10,28.67954790096879,19.3,27.0
2046-01-11,25.4,19.6,33.497481343283575
2046-01-12,24.5,19.2,43.37976782752901
2046-01-13,26.258777772471163,19.066235712701005,14.0
2046-01-14,25.9,19.665420857844833,19.258955223880587
2046-01-15,26.83707076290499,19.7,27.88955223880597
2046-01-16,27.0,19.7,48.32648392652124
2046-01-17,25.6,16.9,0.0
2046-01-18,24.6,16.7,0.0
2046-01-19,28.9,17.9,32.96865671641791
2046-01-20,30.1,19.2,0.0
2046-01-21,30.7,17.0,0.0
2046-01-22,29.7,18.1,0.0
2046-01-23,30.6,17.7,0.0
2046-01-24,31.8,16.4,0.0
2046-01-25,32.6,18.0,0.0
2046-01-26,31.9,22.2639892578125,0.0
2046-01-27,31.5,19.787516856879193,24.94682835820895
2046-01-28,26.8,19.78588652645692,5.2
2046-01-29,28.0,19.6,51.460509950248706
2046-01-30,28.1,19.0,0.0
2046-01-31,28.8,17.8,0.0
2046-02-01,29.6,17.6,0.0
2046-02-02,29.0,19.0,0.0
2046-02-03,25.9,18.6,0.0
2046-02-04,26.7,17.1,0.0
2046-02-05,29.0,16.4,0.0
2046-02-06,31.0,18.9,0.0
2046-02-07,30.9,18.9,0.0
2046-02-08,30.6,18.0,0.0
2046-02-09,31.6,19.7,0.0
2046-02-10,32.69272070916143,19.5,0.0
2046-02-11,32.9,20.460038307127704,0.0
2046-02-12,32.9,20.229425146065545,4.8
2046-02-13,30.6,19.7,0.0
2046-02-14,32.44536478787082,19.0,0.0
2046-02-15,32.0,19.1,15.8
2046-02-16,29.1,19.0,17.636751152073746
2046-02-17,29.0,18.5,0.0
2046-02-18,30.66879321271806,17.0,0.0
2046-02-19,32.66478884443085,17.7,0.0
2046-02-20,32.9,18.1,0.0
2046-02-21,32.8,19.0,0.0
2046-02-22,31.9,19.0,0.0
2046-02-23,30.9,17.9,0.0
2046-02-24,30.2,16.5,0.0
2046-02-25,31.9,18.6,0.0
2046-02-26,31.2,18.9,2.4
2046-02-27,32.0,17.7,0.0
2046-02-28,32.0,18.8,11.331797235023036
2046-03-01,32.20156250000001,18.9,2.5
2046-03-02,32.9,19.3,16.4
2046-03-03,30.7,19.4,36.1
2046-03-04,29.4,19.3,1.4
2046-03-05,29.9,18.7,0.0
2046-03-06,30.7,18.2,1.5
2046-03-07,26.7,18.8,0.0
2046-03-08,28.4,19.002733586414813,0.0
2046-03-09,27.9,18.7,0.0
2046-03-10,29.6,17.2,0.0
2046-03-11,29.8,17.2,0.0
2046-03-12,31.6,18.5,0.0
2046-03-13,32.29648437499999,17.790751014324744,0.0
2046-03-14,33.33805774278215,18.1,0.0
2046-03-15,32.9,18.3,0.0
2046-03-16,32.0,17.7,0.0
2046-03-17,31.3,19.0,0.0
2046-03-18,31.6,20.123264372115596,0.0
2046-03-19,31.6,17.9,0.0
2046-03-20,31.9,17.0,0.0
2046-03-21,31.3,16.9,0.0
2046-03-22,31.9,15.4,0.0
2046-03-23,32.110344827586204,15.667867763770046,0.0
2046-03-24,31.8,16.6,0.0
2046-03-25,31.305416666666662,17.2,0.0
2046-03-26,32.0,18.2,0.0
2046-03-27,33.2,20.3,0.0
2046-03-28,33.333333333333336,19.4,0.0
2046-03-29,33.7,18.8,0.0
2046-03-30,33.91820403176543,17.9,0.0
2046-03-31,32.9,20.142768870636715,0.0
2046-04-01,30.4,19.7,0.0
2046-04-02,27.8,19.4,0.0
2046-04-03,29.4,19.734400897790064,0.55
2046-04-04,30.3,19.7,0.0
2046-04-05,30.4,18.4,0.0
2046-04-06,31.2,16.0,0.0
2046-04-07,31.338582677165356,14.5,0.0
2046-04-08,31.2,14.1,0.0
2046-04-09,31.0,13.6,0.0
2046-04-10,31.4,13.8,0.0
2046-04-11,31.1,17.437662337662335,1.1
2046-04-12,30.2,18.2,0.3
2046-04-13,31.1,18.1,0.44285714285714284
2046-04-14,30.6,17.9,0.0
2046-04-15,30.9,16.6,0.0
2046-04-16,31.52207151664611,15.0,0.0
2046-04-17,32.36485507246377,13.4,0.0
2046-04-18,32.3,16.0,0.0
2046-04-19,32.38695652173912,18.1,0.0
2046-04-20,32.0,19.0,0.0
2046-04-21,26.0,17.867391304347823,0.0
2046-04-22,30.3,15.5,0.0
2046-04-23,31.566584463625155,15.5,0.0
2046-04-24,32.7,16.6,0.0
2046-04-25,33.441831238779166,20.644091796875,0.0
2046-04-26,34.19525862068966,19.7,0.0
2046-04-27,32.67271505376345,18.4,0.0
2046-04-28,30.3,16.27809349220898,0.0
2046-04-29,31.0,16.5,0.0
2046-04-30,31.9,16.4,0.0
2046-05-01,26.938320775026902,17.62257279166499,0.0
2046-05-02,27.7,16.2,0.0
2046-05-03,28.1,17.062727747812303,0.0
2046-05-04,29.2,14.5,0.0
2046-05-05,29.0,13.9,0.0
2046-05-06,24.0,16.9,0.0
2046-05-07,27.7,16.3,0.0
2046-05-08,28.6,14.0,0.0
2046-05-09,29.4,14.8,0.0
2046-05-10,29.6,16.55242195909578,0.0
2046-05-11,29.9,16.3,0.0
2046-05-12,30.2,18.0,0.0
2046-05-13,31.0,16.5,0.0
2046-05-14,31.7,16.464231230782683,0.0
2046-05-15,31.103282097226025,18.0,0.0
2046-05-16,29.562591975463363,17.9,0.0
2046-05-17,25.7,16.465400363615746,0.0
2046-05-18,26.0,16.9,0.0
2046-05-19,26.7,13.6,0.0
2046-05-20,28.0,12.5,0.0
2046-05-21,30.4,13.4,0.0
2046-05-22,32.75301633359852,15.2,0.0
2046-05-23,33.8,16.932070873672988,0.0
2046-05-24,30.41005901785382,17.548423500644507,0.0
2046-05-25,27.9,15.0,0.0
2046-05-26,26.7,14.0,0.0
2046-05-27,28.45047653469313,13.5,0.0
2046-05-28,29.39717958227424,13.4,0.0
2046-05-29,29.5,16.2,0.0
2046-05-30,28.4,17.8,0.0
2046-05-31,29.414674245533604,17.79402997433136,0.0
2046-06-01,29.679115322941815,14.385115525186723,0.0
2046-06-02,28.9,14.4,0.0
2046-06-03,25.2,13.2,0.0
2046-06-04,23.9,11.411388315059067,0.0
2046-06-05,23.9,9.874564330737865,0.0
2046-06-06,24.7,8.4,0.0
2046-06-07,25.0,10.7,0.0
2046-06-08,25.97248053392659,11.5,0.0
2046-06-09,26.9091032077684,11.976858671797496,0.0
2046-06-10,28.0,12.2,0.0
2046-06-11,28.6,12.3,0.0
2046-06-12,29.930013785935287,12.569945525770843,0.0
2046-06-13,29.5,13.4,0.0
2046-06-14,27.2,13.015748492477027,0.0
2046-06-15,28.043575112318162,12.1,0.0
2046-06-16,29.514664350646864,12.5,0.0
2046-06-17,30.4,13.588092525831922,0.0
2046-06-18,30.565484176458853,13.5,0.0
2046-06-19,30.0,13.438838048281879,0.0
2046-06-20,29.0,13.0,0.0
2046-06-21,28.0,12.5,0.0
2046-06-22,29.0,12.3,0.0
2046-06-23,29.4,12.516134563265513,0.0
2046-06-24,26.6,13.03753527311048,0.0
2046-06-25,25.0,12.133967566301742,0.0
2046-06-26,25.2,10.9,0.0
2046-06-27,25.5,11.2,0.0
2046-06-28,25.4,10.3,0.0
2046-06-29,25.5,10.5,0.0
2046-06-30,26.3,10.5,0.0
2046-07-01,26.7,10.0,0.0
2046-07-02,27.2,10.3,0.0
2046-07-03,27.4,10.4,0.0
2046-07-04,25.0,12.0,0.0
2046-07-05,23.9,10.2,0.0
2046-07-06,20.5,12.2,0.0
2046-07-07,21.3,9.4,0.0
2046-07-08,22.1,9.0,0.0
2046-07-09,23.93336624475706,10.6,0.0
2046-07-10,25.7,11.1,0.0
2046-07-11,26.2,11.9,0.0
2046-07-12,26.4,12.0,0.0
2046-07-13,27.004239923454122,12.1,0.0
2046-07-14,25.7,12.4,0.0
2046-07-15,24.964747039827763,12.2,0.0
2046-07-16,25.7,11.2,0.0
2046-07-17,27.5,12.0,0.0
2046-07-18,28.771266879109863,12.7,0.0
2046-07-19,29.37927049863624,13.4,0.0
2046-07-20,30.2,13.6,0.0
2046-07-21,29.108442384506574,13.5,0.0
2046-07-22,26.0,13.6,0.0
2046-07-23,25.7,12.2,0.0
2046-07-24,26.020145203032303,12.0,0.0
2046-07-25,27.24949655638853,11.6,0.0
2046-07-26,27.2,12.2,0.0
2046-07-27,27.1,11.581357322261514,0.0
2046-07-28,28.2,11.799059689572557,0.0
2046-07-29,26.9,12.2,0.0
2046-07-30,25.1,11.0,0.0
2046-07-31,21.8,11.6,0.0
2046-08-01,21.45853542708795,8.140765800399812,0.0
2046-08-02,22.0,7.7,0.0
2046-08-03,22.1,7.7,0.0
2046-08-04,23.4,9.0,0.0
2046-08-05,24.2,7.2,0.0
2046-08-06,25.2,5.7,0.0
2046-08-07,26.5,7.9,0.0
2046-08-08,27.8,9.8,0.0
2046-08-09,29.15960889845712,11.5,0.0
2046-08-10,31.5,13.0,0.0
2046-08-11,32.021675185505664,13.5,0.0
2046-08-12,28.5,15.0,0.0
2046-08-13,24.4,13.7,0.0
2046-08-14,24.3,10.9,0.0
2046-08-15,25.0,7.7,0.0
2046-08-16,27.0,5.672401525241284,0.0
2046-08-17,28.8,6.0,0.0
2046-08-18,29.2,9.5,0.0
2046-08-19,30.3,8.50736907595224,0.0
2046-08-20,28.4,11.2,0.0
2046-08-21,22.0,12.3,0.0
2046-08-22,26.8,10.9,0.0
2046-08-23,27.9,11.0,0.0
2046-08-24,25.9,14.2,0.0
2046-08-25,24.9,12.6,0.0
2046-08-26,25.5,10.9,0.0
2046-08-27,27.2,11.9,0.0
2046-08-28,29.5,15.0,0.0
2046-08-29,30.0,16.9,0.0
2046-08-30,29.5,16.065165065516315,0.0
2046-08-31,29.0,14.8,0.0
2046-09-01,30.0,15.2,0.0
2046-09-02,31.0,15.872085385878488,0.0
2046-09-03,31.3,16.9,0.0
2046-09-04,31.8,17.0,0.0
2046-09-05,32.5,17.348567609234436,0.0
2046-09-06,32.91253797752063,17.6,0.0
2046-09-07,34.93080003422607,17.8,0.0
2046-09-08,36.0,19.274628205008373,0.0
2046-09-09,34.6,19.2,0.0
2046-09-10,33.1,19.2,0.0
2046-09-11,29.6,19.0,0.0
2046-09-12,32.5,18.0,0.0
2046-09-13,34.0,19.0,0.0
2046-09-14,32.7,19.3,0.0
2046-09-15,30.7,17.3,0.0
2046-09-16,31.9,15.4,0.0
2046-09-17,32.7,16.6,0.0
2046-09-18,32.9,17.9,0.0
2046-09-19,33.0,17.3,0.0
2046-09-20,32.9,17.4,0.0
2046-09-21,32.0,17.8,0.0
2046-09-22,32.0,17.9,0.0
2046-09-23,32.901394584364056,18.2,0.0
2046-09-24,35.54234189040837,18.3,0.0
2046-09-25,36.030897495967295,20.2,0.0
2046-09-26,39.64111328125,20.328164627363744,0.0
2046-09-27,34.087053913114474,20.406476293814308,0.0
2046-09-28,33.6,18.5,0.0
2046-09-29,36.0,19.9,0.0
2046-09-30,39.08642578125,20.5,0.0
2046-10-01,38.976904296875,21.6,0.0
2046-10-02,37.27189275790418,23.029028754579624,0.0
2046-10-03,37.2,23.34359176191337,0.0
2046-10-04,35.0,21.5,0.0
2046-10-05,34.5,21.132053222399367,0.0
2046-10-06,34.2,20.957263517499637,0.0
2046-10-07,35.1,20.8,0.0
2046-10-08,35.6,19.4,0.0
2046-10-09,33.73327856778652,19.8,0.0
2046-10-10,30.6,18.2,0.0
2046-10-11,32.2,18.6,0.0
2046-10-12,33.1,19.7,0.0
2046-10-13,34.3,20.22285252960171,0.0
2046-10-14,31.2,20.0,0.0
2046-10-15,30.8,18.0,0.0
2046-10-16,31.8,17.1,0.0
2046-10-17,33.45683530678148,17.1,0.0
2046-10-18,35.2,17.5,0.0
2046-10-19,33.8,20.1,0.0
2046-10-20,33.4,19.0,0.0
2046-10-21,35.3,19.0,0.0
2046-10-22,37.03678686759955,20.3,0.0
2046-10-23,38.056668735709785,21.820972856602555,0.0
2046-10-24,38.0,21.9,0.0
2046-10-25,38.81455078125,21.6,0.0
2046-10-26,38.57041015625,22.0,0.0
2046-10-27,38.5748046875,22.3309497015363,0.0
2046-10-28,38.0,22.02225075570508,0.0
2046-10-29,28.8,19.0,19.802048780487805
2046-10-30,19.630987268042695,18.2,85.9
2046-10-31,20.308104944120082,17.9,85.9
2046-11-01,28.9,19.8,80.13133514986384
2046-11-02,30.8,19.9,46.73589743589742
2046-11-03,32.6,19.9,0.0
2046-11-04,32.5281324614044,18.5,0.0
2046-11-05,32.6,19.8,0.0
2046-11-06,32.6,20.5,0.0
2046-11-07,29.9,19.5,0.0
2046-11-08,26.2,18.3,0.0
2046-11-09,27.6,16.4,0.0
2046-11-10,28.0,16.0,0.0
2046-11-11,28.9,15.3,0.0
2046-11-12,30.3,15.8,0.0
2046-11-13,31.0,16.0,0.0
2046-11-14,29.7,17.0,0.0
2046-11-15,30.5,16.7,0.0
2046-11-16,29.6,16.9,0.0
2046-11-17,30.8,17.6,0.0
2046-11-18,30.8,18.1,0.0
2046-11-19,30.4,17.9,0.0
2046-11-20,32.0,17.262936209055724,0.0
2046-11-21,30.1,19.2,0.0
2046-11-22,30.7,19.4,0.0
2046-11-23,29.4,19.7,1.6
2046-11-24,25.929301021687554,19.9,2.266666666666667
2046-11-25,29.6,19.5,2.5
2046-11-26,27.5,18.2,0.0
2046-11-27,30.0,16.5,0.0
2046-11-28,32.0,16.4,0.0
2046-11-29,32.4,16.3,0.0
2046-11-30,32.4,16.0,0.0
2046-12-01,31.6,16.5,0.0
2046-12-02,32.0,16.5,0.0
2046-12-03,31.7,18.3,0.0
2046-12-04,31.6,18.4,0.0
2046-12-05,28.9,19.7,0.0
2046-12-06,30.4,19.7,1.2
2046-12-07,30.0,19.4,56.60984549638396
2046-12-08,24.2,19.2,64.03139001349543
2046-12-09,25.9,17.7,0.0
2046-12-10,29.7,16.0,0.0
2046-12-11,31.1,16.1,0.0
2046-12-12,31.6,17.0,0.0
2046-12-13,31.5,18.8,0.0
2046-12-14,30.7,19.4,0.0
2046-12-15,25.3,19.8,3.6
2046-12-16,28.0,19.5,12.122710622710628
2046-12-17,26.3,19.7,29.09337606837607
2046-12-18,23.39460645779686,18.0,78.92307692307774
2046-12-19,23.7,17.9,32.27136752136753
2046-12-20,24.8,16.7,37.88325320512825
2046-12-21,28.2,16.4,0.9
2046-12-22,27.0,18.5,0.0
2046-12-23,31.2,18.4,0.0
2046-12-24,31.0,18.6,8.307905982905984
2046-12-25,29.5,19.2,44.7388888888889
2046-12-26,28.9,19.8,42.63926282051284
2046-12-27,27.5,19.7,0.0
2046-12-28,28.0,19.61724347491057,21.841025641025645
2046-12-29,25.7,19.7,8.9
2046-12-30,28.2,19.8,2.0
2046-12-31,30.5,18.4,4.0
2047-01-01,27.7,19.4,26.051865671641796
2047-01-02,28.0,18.8,4.0
2047-01-03,27.8,19.4,18.753358208955216
2047-01-04,28.0,19.0,1.2470149253731349
2047-01-05,30.0,19.3,0.0
2047-01-06,28.1,19.6,14.0
2047-01-07,29.0,18.6,13.898507462686567
2047-01-08,27.8,18.8,0.6
2047-01-09,28.0,18.6,11.2
2047-01-10,27.4,19.0,9.772388059701491
2047-01-11,28.5,19.4,23.288059701492536
2047-01-12,25.7,19.6,0.0
2047-01-13,28.9,18.392764377296917,2.6822761194029843
2047-01-14,27.1,19.007824469363676,1.1
2047-01-15,27.53280394651255,17.9,0.0
2047-01-16,29.7,17.0,0.0
2047-01-17,30.9,16.8,0.0
2047-01-18,27.2,19.34263027923763,27.38010907003444
2047-01-19,28.6,19.0,18.442319651741293
2047-01-20,26.7,19.2,48.055746268656705
2047-01-21,24.0,18.2,63.775985678543655
2047-01-22,25.7,16.8,0.0
2047-01-23,28.5,16.5,0.0
2047-01-24,27.4,18.3,0.0
2047-01-25,29.9,17.7,0.0
2047-01-26,31.1,16.4,0.0
2047-01-27,29.6,17.0,0.0
2047-01-28,29.0,19.0,10.228824626865666
2047-01-29,29.5,19.7,1.0
2047-01-30,28.0,19.0,1.2
2047-01-31,26.0,18.5,19.017611940298515
2047-02-01,25.6,19.0,63.61935483870994
2047-02-02,24.9,18.9,0.4
2047-02-03,26.7,18.9,4.8
2047-02-04,26.5,19.0,4.5
2047-02-05,27.6,19.0,0.8
2047-02-06,26.8,19.1,0.0
2047-02-07,27.6,19.60946304624352,10.611981566820289
2047-02-08,28.770790451554802,19.0,1.0
2047-02-09,29.916686531585206,18.9,7.914746543778801
2047-02-10,24.9,18.9,1.9
2047-02-11,28.3,19.1,26.772695852534564
2047-02-12,26.7,18.922056211311467,0.0
2047-02-13,27.2,19.319798759550977,6.393548387096776
2047-02-14,27.249655788911266,18.9,0.0
2047-02-15,28.4,17.7,4.8
2047-02-16,28.388500595947463,15.7,0.0
2047-02-17,29.6,15.3,0.0
2047-02-18,27.0,16.7,0.2
2047-02-19,28.4,19.0,24.06728110599079
2047-02-20,27.9,18.8,0.0
2047-02-21,30.1,18.5,9.635944700460831
2047-02-22,28.0,18.93101964704525,8.438709677419354
2047-02-23,23.366157529679235,17.0,38.73271889400925
2047-02-24,21.901835614017063,16.9,0.0
2047-02-25,27.2,17.9,5.482488479262675
2047-02-26,27.7,18.3,4.8
2047-02-27,26.076053161085266,18.6,101.4392581868599
2047-02-28,25.7,18.2,39.43262187727383
2047-03-01,27.4,15.7,0.0
2047-03-02,29.0,14.9,0.0
2047-03-03,29.2,14.9,0.0
2047-03-04,29.5,13.7,0.0
2047-03-05,28.2,14.5,0.0
2047-03-06,28.9,17.6,0.0
2047-03-07,28.774999999999995,15.7,0.0
2047-03-08,30.6,15.3,0.0
2047-03-09,32.0,15.8,0.0
2047-03-10,31.8,18.6,0.0
2047-03-11,27.6,18.3,0.0
2047-03-12,29.1,17.1,0.0
2047-03-13,30.4,16.2,0.0
2047-03-14,31.0,16.3,0.0
2047-03-15,30.8,17.1,0.0
2047-03-16,30.0,17.7,0.45
2047-03-17,29.4,18.3,1.3
2047-03-18,30.1,18.4,4.6
2047-03-19,30.5,17.9,0.0
2047-03-20,28.4,18.4,0.0
2047-03-21,28.6,18.5,0.0
2047-03-22,27.6,17.2,0.0
2047-03-23,30.7,15.735545157270307,0.0
2047-03-24,30.6,18.5,1.8
2047-03-25,30.28767123287671,17.9,0.0
2047-03-26,30.7,17.6,0.0
2047-03-27,29.0,19.2,0.0
2047-03-28,30.0,18.0,0.0
2047-03-29,28.9,19.8,0.0
2047-03-30,29.6,19.3,0.0
2047-03-31,29.9,17.9,0.0
2047-04-01,30.4,17.4,0.0
2047-04-02,31.38425196850394,14.9,0.0
2047-04-03,31.948433734939762,13.4,0.0
2047-04-04,30.991869918699184,15.6,0.0
2047-04-05,29.6,18.4,0.0
2047-04-06,28.6,17.550793650793654,0.0
2047-04-07,28.0,16.5,0.0
2047-04-08,27.9,14.831330472103016,0.0
2047-04-09,29.0,15.5,0.0
2047-04-10,31.1,15.2,0.0
2047-04-11,31.9,16.5,0.0
2047-04-12,32.0,18.2,0.0
2047-04-13,32.5,17.8,0.0
2047-04-14,33.15567470956211,17.446753246753243,0.0
2047-04-15,33.254752851711025,18.0,0.0
2047-04-16,31.531072749691734,19.20280898876404,0.0
2047-04-17,30.7,18.012621359223303,0.0
2047-04-18,29.9,18.1,0.0
2047-04-19,28.4,19.0,0.0
2047-04-20,28.9,17.621052631578948,0.0
2047-04-21,28.662121212121207,14.9,0.0
2047-04-22,29.5,14.4,0.0
2047-04-23,31.0,14.1,0.0
2047-04-24,30.0,14.3,0.0
2047-04-25,27.6,19.0,0.0
2047-04-26,27.133333333333333,16.31935483870968,0.0
2047-04-27,27.0,14.1,0.0
2047-04-28,26.8,13.9,0.0
2047-04-29,25.7,14.3,0.0
2047-04-30,26.4,15.5,0.0
2047-05-01,24.6,14.5,0.0
2047-05-02,25.5,15.3,0.0
2047-05-03,27.9,16.3,0.0
2047-05-04,25.0,16.448097197686437,0.0
2047-05-05,26.306686695692676,15.5,0.0
2047-05-06,29.4,15.0,0.0
2047-05-07,27.6,15.001554626251446,0.0
2047-05-08,28.0,16.8,0.0
2047-05-09,28.0,15.867347013836596,0.0
2047-05-10,28.0,15.7,0.0
2047-05-11,29.0,14.6,0.0
2047-05-12,27.9,17.2,0.0
2047-05-13,27.0,17.887255926088915,0.0
2047-05-14,29.6,17.552526146526848,0.0
2047-05-15,30.4,16.89499316323858,0.0
2047-05-16,31.0,15.2,0.0
2047-05-17,31.0,15.7,0.0
2047-05-18,30.1,15.6,0.0
2047-05-19,28.4,15.2,0.0
2047-05-20,27.6,13.6,0.0
2047-05-21,29.0,13.2,0.0
2047-05-22,30.1,12.934199600184515,0.0
2047-05-23,27.524311856066426,15.2,0.0
2047-05-24,25.9,13.5,0.0
2047-05-25,26.6,12.4,0.0
2047-05-26,27.2,11.9,0.0
2047-05-27,28.0,11.5,0.0
2047-05-28,28.9,11.5,0.0
2047-05-29,27.5,13.2,0.0
2047-05-30,26.4,11.8,0.0
2047-05-31,27.0,10.7,0.0
2047-06-01,27.3,11.0,0.0
2047-06-02,27.8,11.8,0.0
2047-06-03,26.9,13.0,0.0
2047-06-04,25.7,12.3,0.0
2047-06-05,25.6,11.9,0.0
2047-06-06,26.0,9.4,0.0
2047-06-07,26.5,6.9,0.0
2047-06-08,24.7,10.8,0.0
2047-06-09,23.0,10.370972075755171,0.0
2047-06-10,23.1,9.4,0.0
2047-06-11,23.6,10.6,0.0
2047-06-12,24.3,10.4,0.0
2047-06-13,25.0,10.0,0.0
2047-06-14,25.3,10.8,0.0
2047-06-15,25.6,11.0,0.0
2047-06-16,26.9,11.5,0.0
2047-06-17,26.4,10.7,0.0
2047-06-18,25.4,10.6,0.0
2047-06-19,25.0,9.0,0.0
2047-06-20,24.8,8.302551855002294,0.0
2047-06-21,25.457380373472983,7.0,0.0
2047-06-22,26.3,9.9,0.0
2047-06-23,25.9,12.4,0.0
2047-06-24,23.7,13.6,0.0
2047-06-25,21.2,13.137054348136108,0.0
2047-06-26,23.0,11.5,0.0
2047-06-27,23.1,11.2,0.0
2047-06-28,22.0,9.0,0.0
2047-06-29,22.332741935483874,6.4,0.0
2047-06-30,23.9,3.9,0.0
2047-07-01,24.9,4.5,0.0
2047-07-02,26.010216888440997,6.0,0.0
2047-07-03,26.9,8.7,0.0
2047-07-04,27.6,10.4,0.0
2047-07-05,30.2,11.42650971252505,0.0
2047-07-06,32.739208984375,13.5,0.0
2047-07-07,31.20936154467168,14.0,0.0
2047-07-08,29.4,15.730894072312617,0.0
2047-07-09,28.2,16.0,0.0
2047-07-10,26.8,14.535695087401844,0.0
2047-07-11,29.2,14.4,0.0
2047-07-12,28.992034445640467,15.189501677958583,0.0
2047-07-13,29.5,15.3,0.0
2047-07-14,30.506130623075567,15.3,0.0
2047-07-15,31.208818285791157,18.348779296875,0.0
2047-07-16,31.487255859375,16.96279296875,0.0
2047-07-17,29.405615453990038,16.0,0.0
2047-07-18,28.0,16.712548828125,0.0
2047-07-19,28.3,16.0,0.0
2047-07-20,27.6,15.1,0.0
2047-07-21,26.8,14.2,0.0
2047-07-22,27.4,13.8,0.0
2047-07-23,29.0,13.6,0.0
2047-07-24,29.344711752470502,14.2,0.0
2047-07-25,28.8,15.3,0.0
2047-07-26,27.966006897915243,14.2,0.0
2047-07-27,28.137697580873592,13.33186221743811,0.0
2047-07-28,29.2,11.9,0.0
2047-07-29,29.642713062198705,12.342373753919594,0.0
2047-07-30,30.65741394465569,13.639163156742848,0.0
2047-07-31,30.62512178636692,12.9,0.0
2047-08-01,29.55500767239997,15.4,0.0
2047-08-02,30.0,14.6,0.0
2047-08-03,30.3,14.6,0.0
2047-08-04,26.9,15.0,0.0
2047-08-05,24.16356541735982,13.5,0.0
2047-08-06,25.5,13.5,0.0
2047-08-07,27.7,14.8,0.0
2047-08-08,29.5,15.0,0.0
2047-08-09,27.6,13.1,0.0
2047-08-10,27.6,14.7,0.0
2047-08-11,27.7,14.7,0.0
2047-08-12,27.6,14.6,0.0
2047-08-13,28.6,14.0,0.0
2047-08-14,30.24061227125941,13.92855645572488,0.0
2047-08-15,31.1,14.8,0.0
2047-08-16,31.006870165144974,16.0,0.0
2047-08-17,30.9,16.056443584742265,0.0
2047-08-18,30.9,15.7,0.0
2047-08-19,31.753782170466764,15.4,0.0
2047-08-20,33.47224555371686,16.024101426871805,0.0
2047-08-21,37.89306640625,16.7,0.0
2047-08-22,34.53328838068931,14.5,0.0
2047-08-23,31.5,17.7,0.0
2047-08-24,29.1,16.790501119018664,0.0
2047-08-25,28.5,14.8,0.0
2047-08-26,28.8,14.4,0.0
2047-08-27,28.5,14.2,0.0
2047-08-28,29.595067906465424,15.7,0.0
2047-08-29,30.6,17.19331513288924,0.0
2047-08-30,31.2,17.477925722399288,0.0
2047-08-31,31.9,17.576252510954966,0.0
2047-09-01,32.641546162402676,20.0,0.0
2047-09-02,32.7,19.3,0.0
2047-09-03,33.2,18.3,0.0
2047-09-04,32.7,18.5,0.0
2047-09-05,32.0,18.2,0.0
2047-09-06,32.95153985356864,17.8,0.0
2047-09-07,33.7,18.2,0.0
2047-09-08,32.9,20.0,0.0
2047-09-09,31.9,20.411915534415662,0.0
2047-09-10,32.1,19.2,0.0
2047-09-11,32.4,18.5,0.0
2047-09-12,32.0,17.4,0.0
2047-09-13,32.0,17.9,0.0
2047-09-14,32.314866054875786,17.550095851182167,0.0
2047-09-15,33.0,17.77404849833148,0.0
2047-09-16,32.5,18.6,0.0
2047-09-17,31.6,18.3,0.0
2047-09-18,31.8,18.0,0.0
2047-09-19,32.5,18.2,0.0
2047-09-20,33.5,19.7,0.0
2047-09-21,34.7,20.505428253615133,0.0
2047-09-22,35.6,22.872110906158518,0.0
2047-09-23,36.06460685744671,21.45560361226247,0.0
2047-09-24,37.387062090766385,21.2,0.0
2047-09-25,37.08184382407197,21.464389727004303,0.0
2047-09-26,37.895608665241305,20.5,0.0
2047-09-27,39.466064453125,20.424034544176568,0.0
2047-09-28,37.27897862262189,20.5,0.0
2047-09-29,36.0,20.5,0.0
2047-09-30,36.085612691009544,20.2,0.0
2047-10-01,36.6,20.4,0.0
2047-10-02,37.2,20.9,0.0
2047-10-03,37.144111948331535,20.8,0.0
2047-10-04,38.17547225255941,20.2,0.0
2047-10-05,36.3,21.4,0.0
2047-10-06,35.68857155944392,20.5,0.0
2047-10-07,36.0,19.741565431339374,0.0
2047-10-08,37.27189275790418,20.0,0.0
2047-10-09,34.354226049515596,21.9,0.0
2047-10-10,33.4,20.0,0.0
2047-10-11,33.9,20.0,0.0
2047-10-12,35.2,20.0,0.0
2047-10-13,35.3,20.9,0.0
2047-10-14,37.48573439477632,22.0,0.0
2047-10-15,38.45029296875,21.89409266728964,0.0
2047-10-16,37.27460572758902,22.6,0.0
2047-10-17,39.14609375,21.937247907196028,0.0
2047-10-18,39.232763671875,21.24943792793492,0.0
2047-10-19,38.0,22.0,0.0
2047-10-20,38.14222906665195,21.2,0.0
2047-10-21,38.81357421875,21.238373486622343,0.0
2047-10-22,37.09410130107174,21.9,0.0
2047-10-23,37.452916405445954,21.3,0.0
2047-10-24,39.135595703125,21.0,0.0
2047-10-25,36.97782413216848,22.051038751345516,0.0
2047-10-26,35.9,21.4,0.0
2047-10-27,36.2,21.4,0.0
2047-10-28,37.2,22.10601253343848,0.0
2047-10-29,39.38876953125,23.0,0.0
2047-10-30,38.035959865800244,22.6,0.0
2047-10-31,36.9,21.9,0.0
2047-11-01,40.361083984375,22.346116553889562,0.0
2047-11-02,41.023681640625,22.94485579980053,0.0
2047-11-03,40.392578125,23.374316846975812,0.0
2047-11-04,37.99331358488261,23.272139186752995,0.0
2047-11-05,38.15458867747279,22.9,0.0
2047-11-06,37.74151461197765,22.172971880344956,0.0
2047-11-07,33.7,20.7,0.0
2047-11-08,33.6,20.7,0.0
2047-11-09,31.16926868633994,20.0,1.3
2047-11-10,25.735117742160654,19.8,10.225
2047-11-11,25.98749284690118,19.2,3.6
2047-11-12,26.048597206772957,18.6,0.0
2047-11-13,30.5,18.8,0.0
2047-11-14,31.0,19.4,0.0
2047-11-15,31.0,17.2,0.0
2047-11-16,32.1,16.1,0.0
2047-11-17,32.7,16.4,0.0
2047-11-18,34.0,17.4,0.0
2047-11-19,34.0,19.7,0.0
2047-11-20,34.0,20.5,0.0
2047-11-21,33.2,20.0,0.0
2047-11-22,32.9,20.3,2.3
2047-11-23,30.8,20.176175563287373,0.0
2047-11-24,30.6,19.9,0.1
2047-11-25,31.6,20.0,3.9333333333333327
2047-11-26,31.7,19.9,20.9
2047-11-27,25.489029626705896,18.9,1.0
2047-11-28,24.495564325658645,18.8,0.0
2047-11-29,24.0,17.2,1.0
2047-11-30,23.057551492472648,17.0,0.0
2047-12-01,27.8,17.2,22.32617521367522
2047-12-02,28.9,18.9,16.510149572649578
2047-12-03,29.4,19.9,19.881272893772927
2047-12-04,30.5,19.7,0.6230769230769234
2047-12-05,28.9,19.5,6.553846153846157
2047-12-06,30.9,19.9,7.852307692307696
2047-12-07,31.6,20.11941292463606,0.0
2047-12-08,32.389833285200446,19.0,0.0
2047-12-09,32.4,20.72502845620107,0.0
2047-12-10,32.66799475057875,19.7,0.0
2047-12-11,31.2,21.0,0.0
2047-12-12,29.5,20.45809922495499,0.0
2047-12-13,31.513724765068307,19.0,0.0
2047-12-14,29.6,20.671534848896254,29.053119658119662
2047-12-15,26.9,20.643124873473084,0.0
2047-12-16,27.326372443487617,20.42118441291314,0.0
2047-12-17,27.6,20.5,21.9
2047-12-18,29.4,19.6,0.0
2047-12-19,25.4,19.59117985046403,2.4
2047-12-20,24.6,18.7,59.27710798816573
2047-12-21,25.183818559591458,20.3,7.0
2047-12-22,26.9,20.0,10.0
2047-12-23,27.0,19.8,33.11068376068377
2047-12-24,28.3,18.2,0.0
2047-12-25,28.9,17.5,0.0
2047-12-26,29.4,19.0,0.0
2047-12-27,30.1,19.9,0.0
2047-12-28,31.2,20.76207373277472,0.0
2047-12-29,31.6,18.6,0.0
2047-12-30,32.020397983443154,18.6,0.0
2047-12-31,31.7,19.993145282253042,0.0
2048-01-01,30.9,19.9,0.0
2048-01-02,30.7,18.2,0.0
2048-01-03,31.1,18.0,0.0
2048-01-04,31.2,18.7,0.0
2048-01-05,32.0,19.8,36.97257462686563
2048-01-06,30.4,19.887872512393788,28.495024875621844
2048-01-07,29.0,19.6,18.0
2048-01-08,26.1,18.5,37.45079291044776
2048-01-09,30.457186142008524,17.8,0.0
2048-01-10,30.8,19.9,0.0
2048-01-11,29.2,19.6,0.0
2048-01-12,27.354382649603316,18.9,0.0
2048-01-13,25.3845780943438,18.5,0.0
2048-01-14,29.9,19.4,0.0
2048-01-15,30.61647071980764,19.46246262408802,0.0
2048-01-16,31.9,19.9,0.0
2048-01-17,32.371710204960884,19.8,0.0
2048-01-18,32.6,19.49961537694853,0.0
2048-01-19,31.97835279517713,19.9,0.0
2048-01-20,31.2,19.8,0.0
2048-01-21,32.05001956513027,19.9,0.0
2048-01-22,31.1,19.873034963367974,4.0
2048-01-23,29.9,19.9,15.768376865671632
2048-01-24,29.5,19.2,3.9
2048-01-25,31.6,18.5,0.0
2048-01-26,31.8,18.0,0.0
2048-01-27,31.6390125991672,19.864382582007657,4.0
2048-01-28,30.4,19.8,0.0
2048-01-29,31.1,19.9,0.0
2048-01-30,30.5,20.827374267578126,0.0
2048-01-31,32.027393352227804,19.6,0.0
2048-02-01,33.19614191409456,20.42964603072532,0.0
2048-02-02,32.2585645390217,19.950715473692938,0.0
2048-02-03,29.0,19.940847193539174,5.380645161290324
2048-02-04,27.6,19.93812336960534,7.511059907834102
2048-02-05,30.5,19.7,1.9
2048-02-06,28.5,19.451756357348053,2.3
2048-02-07,26.0,19.1,44.96072314781994
2048-02-08,23.5,18.7,91.7592634884388
2048-02-09,25.3,19.0,0.0
2048-02-10,27.0,19.534906501337122,0.0
2048-02-11,29.4,19.0,0.8
2048-02-12,31.6,18.7,3.0
2048-02-13,31.2,19.2050634508869,6.80552995391705
2048-02-14,29.200635677393713,19.927644833816125,19.337327188940094
2048-02-15,28.5,19.915538949665706,11.210691244239621
2048-02-16,26.6,19.7,53.00534562211983
2048-02-17,27.7,19.1,14.982027649769586
2048-02-18,30.4,18.7,8.4
2048-02-19,28.9,19.749317942526453,1.9
2048-02-20,29.2,19.70939002051963,22.854377880184355
2048-02-21,27.9,19.5,4.052995391705069
2048-02-22,32.00924784073546,19.21060739909789,39.411375212224115
2048-02-23,27.0,19.73398795748306,8.4
2048-02-24,25.2,19.922008651687076,27.505990783410144
2048-02-25,25.6,19.911252275933755,62.61013824884816
2048-02-26,29.0,19.96566921747546,17.409677419354843
2048-02-27,30.51022906056994,19.4,25.150115207373275
2048-02-28,27.7,19.31298558749581,29.2
2048-03-01,27.0,19.4,62.6
2048-03-02,24.5,19.0,2.7
2048-03-03,28.4,18.1,0.0
2048-03-04,23.99903846153846,18.5,59.173134328358174
2048-03-05,28.7,19.3,31.9
2048-03-06,27.2,19.4,7.3
2048-03-07,28.1,19.222683013007515,6.866666666666665
2048-03-08,27.0,15.4,0.0
2048-03-09,27.74066985645933,13.9,0.0
2048-03-10,30.29041095890411,13.6,0.0
2048-03-11,32.0,15.2,0.0
2048-03-12,32.861604584527214,18.9,0.0
2048-03-13,28.9,19.4,2.8
2048-03-14,33.74984728161271,18.7,0.0
2048-03-15,32.83982808022922,20.3,0.0
2048-03-16,31.3275,19.996691113119663,0.9
2048-03-17,29.5,19.2,0.0
2048-03-18,30.2,18.6,16.216666666666665
2048-03-19,26.3,19.3,9.0
2048-03-20,22.07797093188943,18.825022770555588,0.0
2048-03-21,26.5,18.7,0.0
2048-03-22,30.6,17.4,0.0
2048-03-23,31.2,18.8,0.0
2048-03-24,31.3,17.9,0.0
2048-03-25,24.3,17.5,0.0
2048-03-26,25.2,13.893147172440125,0.0
2048-03-27,26.3,13.4,0.0
2048-03-28,27.9,11.948324841526135,0.0
2048-03-29,28.6,11.885643895666783,0.0
2048-03-30,29.389210019267825,13.587063838711542,0.0
2048-03-31,29.9,13.7,0.0
2048-04-01,30.0,13.6,0.0
2048-04-02,26.3,17.1,0.4
2048-04-03,25.0,16.3,0.0
2048-04-04,26.2,14.1,0.0
2048-04-05,26.5,13.4,0.0
2048-04-06,27.7,12.5,0.0
2048-04-07,29.1,12.7,0.0
2048-04-08,28.5,12.5,0.0
2048-04-09,25.2,14.9,0.0
2048-04-10,24.7,12.5,0.0
2048-04-11,26.2,9.494773519163783,0.0
2048-04-12,28.1,11.0,0.0
2048-04-13,28.9,11.5,0.0
2048-04-14,28.6,11.6,0.0
2048-04-15,28.6,10.9,0.0
2048-04-16,26.536,13.8,0.0
2048-04-17,23.9,12.8,0.0
2048-04-18,27.5,13.2,0.0
2048-04-19,29.5,12.2,0.0
2048-04-20,30.0,12.5,0.0
2048-04-21,27.6,14.5,0.0
2048-04-22,28.0,13.6,0.0
2048-04-23,27.0,14.9,0.0
2048-04-24,29.4,13.0,0.0
2048-04-25,30.0,13.5,0.0
2048-04-26,28.5,15.7,0.0
2048-04-27,28.6,14.6,0.0
2048-04-28,29.393749999999994,14.0,0.0
2048-04-29,30.4,14.5,0.0
2048-04-30,31.7,14.4,0.0
2048-05-01,31.6,13.8,0.0
2048-05-02,32.850010530256924,15.3,0.0
2048-05-03,30.7,17.983590892031536,0.0
2048-05-04,29.2,16.0,0.0
2048-05-05,29.429408120435827,15.251256824931573,0.0
2048-05-06,29.221851999584718,17.0,0.0
2048-05-07,26.9,16.27458388563192,0.0
2048-05-08,26.4,15.3,0.0
2048-05-09,25.6,14.3,0.0
2048-05-10,26.3,12.0,0.0
2048-05-11,25.4,11.9,0.0
2048-05-12,26.3,10.9,0.0
2048-05-13,27.9,10.3,0.0
2048-05-14,28.769478140266614,10.4,0.0
2048-05-15,29.9,10.9,0.0
2048-05-16,30.5,12.2,0.0
2048-05-17,29.6,14.1,0.0
2048-05-18,29.1,12.4,0.0
2048-05-19,28.7,11.8,0.0
2048-05-20,29.0,12.7,0.0
2048-05-21,23.9,14.2,0.0
2048-05-22,28.4,15.95504353394828,0.0
2048-05-23,26.6,13.5,0.0
2048-05-24,26.2,12.2,0.0
2048-05-25,26.3,11.7,0.0
2048-05-26,26.959619167811137,11.6,0.0
2048-05-27,28.0,10.938826445039671,0.0
2048-05-28,29.2,10.5,0.0
2048-05-29,27.6,12.1,0.0
2048-05-30,26.952893359563486,10.8,0.0
2048-05-31,26.4,11.2,0.0
2048-06-01,25.4,10.7,0.0
2048-06-02,25.2,10.0,0.0
2048-06-03,24.313757976699257,11.1,0.0
2048-06-04,25.3,10.6,0.0
2048-06-05,27.3,10.7,0.0
2048-06-06,28.383641653118854,11.574765123641653,0.0
2048-06-07,27.0,12.5,0.0
2048-06-08,24.7,11.8,0.0
2048-06-09,24.5,8.0,0.0
2048-06-10,23.9,4.866453466814981,0.0
2048-06-11,24.7,2.9,0.0
2048-06-12,25.4,6.5,0.0
2048-06-13,26.3,8.0,0.0
2048-06-14,27.5,9.6,0.0
2048-06-15,26.4,11.6,0.0
2048-06-16,25.7,12.0,0.0
2048-06-17,25.9,11.0,0.0
2048-06-18,26.4,10.5,0.0
2048-06-19,27.005137269085637,11.2,0.0
2048-06-20,27.9,10.463885799035973,0.0
2048-06-21,28.6,9.166661369775943,0.0
2048-06-22,26.9,12.0,0.0
2048-06-23,28.0,11.5,0.0
2048-06-24,29.5,11.9,0.0
2048-06-25,30.4,13.0,0.0
2048-06-26,31.04132793499368,14.3,0.0
2048-06-27,30.56427802566485,20.7775390625,0.0
2048-06-28,28.32477453580903,16.929541805620318,0.0
2048-06-29,27.8,15.566780536684483,0.0
2048-06-30,29.6,14.1,0.0
2048-07-01,32.05341796875,15.81443326396597,0.0
2048-07-02,32.922802734375,16.330619498241322,0.0
2048-07-03,33.51923828125,17.307275390625,0.0
2048-07-04,31.3859375,15.98862893729641,0.0
2048-07-05,29.2,15.3,0.0
2048-07-06,25.8,14.467523453932095,0.0
2048-07-07,22.9,14.2,0.0
2048-07-08,23.0,12.148132201092379,0.0
2048-07-09,22.2,10.0,0.0
2048-07-10,22.1,8.9,0.0
2048-07-11,22.9,8.9,0.0
2048-07-12,24.0,8.2,0.0
2048-07-13,25.0,8.9,0.0
2048-07-14,23.9,10.5,0.0
2048-07-15,24.6,9.2,0.0
2048-07-16,25.9,8.3,0.0
2048-07-17,25.065866151961682,7.9,0.0
2048-07-18,22.7,10.4,0.0
2048-07-19,18.6,11.9,0.0
2048-07-20,23.1,9.0,0.0
2048-07-21,24.7,10.0,0.0
2048-07-22,25.7,10.0,0.0
2048-07-23,26.9,10.0,0.0
2048-07-24,25.5,13.6,0.0
2048-07-25,19.0685609294384,12.0,0.0
2048-07-26,20.7,9.6,0.0
2048-07-27,22.9,8.3,0.0
2048-07-28,25.1,8.36514531754575,0.0
2048-07-29,27.456508115827724,8.9,0.0
2048-07-30,28.3,9.5,0.0
2048-07-31,29.126953357827215,10.9,0.0
2048-08-01,27.2,13.5,0.0
2048-08-02,26.3,11.323437111865525,0.0
2048-08-03,26.468081128547958,10.2,0.0
2048-08-04,27.0,10.2,0.0
2048-08-05,25.515621097954785,12.7,0.0
2048-08-06,23.2,11.9,0.0
2048-08-07,25.0,10.519519196268384,0.0
2048-08-08,26.0,11.2,0.0
2048-08-09,26.5,11.0,0.0
2048-08-10,26.9,10.3,0.0
2048-08-11,27.0,11.2,0.0
2048-08-12,25.5,12.2,0.0
2048-08-13,25.7,11.4,0.0
2048-08-14,27.3,12.0,0.0
2048-08-15,28.8,13.4,0.0
2048-08-16,29.7,13.9,0.0
2048-08-17,29.5,14.0,0.0
2048-08-18,28.3,14.6,0.0
2048-08-19,26.9,13.0,0.0
2048-08-20,27.7,11.4,0.0
2048-08-21,26.8,12.8,0.0
2048-08-22,25.5,11.8,0.0
2048-08-23,25.556818083961247,11.4,0.0
2048-08-24,27.0,11.2,0.0
2048-08-25,28.3,11.4,0.0
2048-08-26,29.5,12.5,0.0
2048-08-27,29.1,13.7,0.0
2048-08-28,29.0,12.4,0.0
2048-08-29,30.8,13.5,0.0
2048-08-30,31.47367126925409,14.8,0.0
2048-08-31,31.0,15.71770348186594,0.0
2048-09-01,29.5,16.6,0.0
2048-09-02,29.0,14.2,0.0
2048-09-03,30.4,14.0,0.0
2048-09-04,32.0,13.9,0.0
2048-09-05,32.9,14.9,0.0
2048-09-06,33.0,15.2,0.0
2048-09-07,33.0,14.863807739593701,0.0
2048-09-08,33.2,15.5,0.0
2048-09-09,31.3,17.5,0.0
2048-09-10,31.0,16.9,0.0
2048-09-11,31.7,17.783754393770863,0.0
2048-09-12,31.6,20.5,0.0
2048-09-13,32.0,18.9,0.0
2048-09-14,32.655747932485376,17.9,0.0
2048-09-15,33.6,18.1,0.0
2048-09-16,33.0,18.7,0.0
2048-09-17,32.641546162402676,18.1,0.0
2048-09-18,32.9,18.0,0.0
2048-09-19,33.0,18.4,0.0
2048-09-20,33.0,18.4,0.0
2048-09-21,33.0,18.4,0.0
2048-09-22,33.1,20.5,0.0
2048-09-23,32.6,20.5,0.0
2048-09-24,31.9,19.2,0.0
2048-09-25,32.9,19.735736677115998,0.0
2048-09-26,34.2,17.0,0.0
2048-09-27,34.3,17.0,0.0
2048-09-28,34.0,18.1,0.0
2048-09-29,33.2,17.7,0.0
2048-09-30,34.0,17.5,0.0
2048-10-01,35.5,19.3,0.0
2048-10-02,35.2,21.4,0.0
2048-10-03,35.1,20.0,0.0
2048-10-04,36.6,21.990627994180198,0.0
2048-10-05,36.98169123812808,21.598523436223143,0.0
2048-10-06,36.4,21.361034006152813,0.0
2048-10-07,38.0,20.807558904437258,0.0
2048-10-08,39.3609375,20.9,0.0
2048-10-09,38.10517108891905,22.2,0.0
2048-10-10,35.3,21.666541773619265,0.0
2048-10-11,35.2,20.65882669537136,0.0
2048-10-12,36.0,21.0,0.0
2048-10-13,35.5,21.0,0.0
2048-10-14,35.3,20.7,0.0
2048-10-15,35.3,21.0,0.0
2048-10-16,35.74411553641908,21.010413798282716,0.0
2048-10-17,35.6,21.0,0.0
2048-10-18,36.0,22.535920166534694,0.0
2048-10-19,34.9,22.628865660607204,0.0
2048-10-20,34.3,21.7,0.0
2048-10-21,35.0,21.3,0.0
2048-10-22,35.0,20.0,0.0
2048-10-23,34.4,19.5,0.0
2048-10-24,36.0,20.2,0.0
2048-10-25,36.59406370848781,20.1,0.0
2048-10-26,37.232825994442585,20.2,0.0
2048-10-27,38.7505859375,20.7,0.0
2048-10-28,38.0,22.0,0.0
2048-10-29,36.5,22.0,0.0
2048-10-30,38.19182136038277,21.9,0.0
2048-10-31,36.79898996409763,23.22406318714175,0.0
2048-11-01,37.12709063965499,23.0,0.0
2048-11-02,37.818574758941566,22.0,0.0
2048-11-03,39.87841796875,21.9,0.0
2048-11-04,36.4,21.0,0.0
2048-11-05,35.4,20.5,0.0
2048-11-06,35.1,22.414355144715536,0.0
2048-11-07,33.6,21.121420043304997,0.0
2048-11-08,33.0,20.3,0.0
2048-11-09,31.8,21.3,5.380000000000002
2048-11-10,32.7,21.145509723447507,0.0
2048-11-11,33.04741070325053,20.7,0.0
2048-11-12,33.4,19.4,0.0
2048-11-13,34.4,20.5,0.0
2048-11-14,35.21400184017907,21.340415011560182,0.0
2048-11-15,36.98364532019703,20.7,0.0
2048-11-16,33.5,21.3,0.0
2048-11-17,32.5,20.6,3.9
2048-11-18,32.8,20.3,5.44
2048-11-19,30.033680279675828,20.1,1.9
2048-11-20,27.0,20.0,0.0
2048-11-21,26.344197826644987,18.4,34.3
2048-11-22,27.5,18.7,5.09090909090909
2048-11-23,27.5,19.3,0.0
2048-11-24,29.6,19.5,5.0
2048-11-25,28.0,19.6,0.0
2048-11-26,30.6,19.5,0.0
2048-11-27,31.0,18.5,0.0
2048-11-28,32.0,18.0,0.0
2048-11-29,32.0,20.0,1.6
2048-11-30,31.0,19.79711036954641,16.749999999999996
2048-12-01,29.5,19.8,21.9
2048-12-02,28.7,19.0,4.833974358974359
2048-12-03,24.5,19.2,1.4
2048-12-04,22.6,16.7,2.5
2048-12-05,21.976988167623258,17.3,0.0
2048-12-06,29.5,18.0,0.0
2048-12-07,27.1,19.8,2.9
2048-12-08,29.963035522066722,19.2,3.6
2048-12-09,30.1,19.4,11.0
2048-12-10,29.4,19.7,10.0
2048-12-11,29.0,20.5,2.0
2048-12-12,29.0,19.4,6.452564102564106
2048-12-13,23.6,18.5,55.36246898263028
2048-12-14,23.2,18.1,0.9
2048-12-15,26.13674368538313,18.1,6.4
2048-12-16,27.7,17.6,26.4
2048-12-17,28.145801937567274,19.5,15.109401709401714
2048-12-18,30.1,17.6,2.5
2048-12-19,30.0,19.5,27.061363636363634
2048-12-20,25.7,19.5,14.25000000000002
2048-12-21,29.0,19.28392253870993,0.0
2048-12-22,28.2,19.344485761816074,11.501923076923081
2048-12-23,29.7,19.8,7.9
2048-12-24,29.6,19.7,1.3
2048-12-25,29.8,19.4,8.223076923076933
2048-12-26,25.2,17.0,5.8
2048-12-27,24.5,17.0,0.0
2048-12-28,27.0,17.5,0.0
2048-12-29,24.0,19.5,0.0
2048-12-30,27.0,18.9,0.8
2048-12-31,27.6,18.4,0.0
2049-01-01,29.789742824905655,17.3,3.8
2049-01-02,30.0,19.3,11.0
2049-01-03,30.8,18.1,0.0
2049-01-04,29.5,19.7,7.10139925373134
2049-01-05,25.7,19.465163058645295,16.937126865671633
2049-01-06,24.5,19.4,35.11386815920398
2049-01-07,24.5,19.2,9.0
2049-01-08,27.6,18.9,0.3
2049-01-09,27.9,19.4,0.0
2049-01-10,27.2,19.0,0.0
2049-01-11,30.458081170513882,19.6,0.0
2049-01-12,28.7,19.4,7.658395522388057
2049-01-13,26.4,19.095824123452132,18.42555970149254
2049-01-14,26.1,18.7,14.0
2049-01-15,26.256138507527023,18.9,6.898880597014922
2049-01-16,26.4,18.6,1.0
2049-01-17,27.2,18.661614761027266,7.6
2049-01-18,28.7,18.9,2.376119402985075
2049-01-19,29.5,18.815419590958026,0.5
2049-01-20,29.2,18.6,0.0
2049-01-21,29.0,18.2,0.0
2049-01-22,27.9,18.3,17.42108208955224
2049-01-23,28.9,19.2,5.4
2049-01-24,29.1,19.3,0.0
2049-01-25,28.7,19.0,5.022574626865671
2049-01-26,26.9,19.1,9.9
2049-01-27,27.8,19.464901726268778,11.0
2049-01-28,24.9,19.3,22.951741293532343
2049-01-29,29.0,16.5,0.0
2049-01-30,30.6,15.7,0.0
2049-01-31,29.6,19.0,0.0
2049-02-01,27.0,18.5,3.6
2049-02-02,26.0,16.7,0.0
2049-02-03,29.2,15.0,0.0
2049-02-04,29.6,16.4,0.0
2049-02-05,28.3,17.5,0.0
2049-02-06,28.6,16.3,0.0
2049-02-07,29.5,15.9,0.0
2049-02-08,32.0,15.7,0.0
2049-02-09,32.45675526033539,18.3,0.0
2049-02-10,32.19994740466772,18.5,0.0
2049-02-11,32.9,18.8,0.0
2049-02-12,32.7,19.9,2.0
2049-02-13,28.3,19.2,30.429723502304157
2049-02-14,27.6,19.2,1.4755760368663593
2049-02-15,28.518327322260575,19.0,27.955760368663597
2049-02-16,24.7,18.9,125.0
2049-02-17,23.7,15.034509993325686,0.0
2049-02-18,27.6,14.2,0.0
2049-02-19,28.2,19.0,0.0
2049-02-20,27.1,18.9,4.0
2049-02-21,26.7,18.6,0.0
2049-02-22,29.2,17.6,0.0
2049-02-23,28.5,15.9,0.0
2049-02-24,30.0,17.6,0.0
2049-02-25,31.9,16.5,0.0
2049-02-26,31.9,17.9,0.0
2049-02-27,27.7,19.0,4.317050691244243
2049-02-28,27.0,19.035864554762544,0.0
2049-03-01,28.3,18.2,0.0
2049-03-02,28.3,18.2,1.6
2049-03-03,29.9,18.3,0.0
2049-03-04,30.4,18.2,0.0
2049-03-05,30.9,19.8,0.0
2049-03-06,31.1,18.6,0.0
2049-03-07,31.3,18.7,0.0
2049-03-08,31.1,18.8,0.0
2049-03-09,32.356521739130436,18.3,0.0
2049-03-10,30.4,18.56052935103261,0.2
2049-03-11,26.6,18.3,10.94
2049-03-12,30.2,17.8,1.4
2049-03-13,29.1,17.9,0.0
2049-03-14,27.5,19.2,0.0
2049-03-15,29.0,18.4,3.6666666666666656
2049-03-16,30.4,17.6,0.0
2049-03-17,31.1,17.5,11.5
2049-03-18,29.0,18.2,23.039393939393936
2049-03-19,26.4,19.2,19.040000000000003
2049-03-20,27.0,19.0,0.0
2049-03-21,30.9,17.0,0.0
2049-03-22,29.9,18.9,0.0
2049-03-23,31.0,18.2,0.0
2049-03-24,30.4,18.898021031713167,0.0
2049-03-25,30.7,18.6,1.6
2049-03-26,28.0,18.7,2.8
2049-03-27,25.9,18.8,0.0
2049-03-28,27.9,18.8,0.0
2049-03-29,29.2,16.8,0.0
2049-03-30,29.5,16.0,0.0
2049-03-31,29.4,15.8,0.0
2049-04-01,27.5,19.761982044198874,0.0
2049-04-02,27.1,19.4,0.0
2049-04-03,28.9,16.0,0.0
2049-04-04,29.9,15.0,0.0
2049-04-05,30.53410852713178,17.2,0.0
2049-04-06,30.596124031007754,15.5,0.0
2049-04-07,30.5,15.3,0.0
2049-04-08,29.9,15.8,0.0
2049-04-09,29.0,15.4,0.0
2049-04-10,26.3,15.5,0.0
2049-04-11,26.3,18.4,0.0
2049-04-12,27.6,18.53362637362637,0.0
2049-04-13,27.6,17.2,0.0
2049-04-14,27.1,15.0,0.0
2049-04-15,27.6,14.1,0.0
2049-04-16,28.1,13.2,0.0
2049-04-17,28.9,14.0,0.0
2049-04-18,30.7,14.0,0.0
2049-04-19,31.9,13.3,0.0
2049-04-20,31.9,15.9,0.0
2049-04-21,31.984578313253007,18.3,0.0
2049-04-22,31.1,17.4,0.0
2049-04-23,29.9,16.0,0.0
2049-04-24,29.6,14.9,0.0
2049-04-25,29.844186046511627,13.6,0.0
2049-04-26,30.0,13.8,0.0
2049-04-27,29.7,14.9,0.0
2049-04-28,29.1,15.7,0.0
2049-04-29,23.0,15.4,1.3
2049-04-30,25.5,16.2,0.0
2049-05-01,27.0,13.8,0.0
2049-05-02,27.9,13.2,0.0
2049-05-03,27.8,12.2,0.0
2049-05-04,29.2,11.3,0.0
2049-05-05,29.0,12.9,4.4
2049-05-06,19.760723317247027,15.2,10.439999999999998
2049-05-07,23.5,15.0,0.0
2049-05-08,23.5,15.3,0.0
2049-05-09,26.99997401729705,13.2,0.0
2049-05-10,28.066937883872594,12.6,0.0
2049-05-11,27.2,13.4,0.0
2049-05-12,24.7,15.3,0.0
2049-05-13,25.02978765045503,15.3,0.0
2049-05-14,26.1,12.4,0.0
2049-05-15,27.5,15.674143465316751,0.0
2049-05-16,28.9,14.4,0.0
2049-05-17,28.8,16.9,0.0
2049-05-18,28.2,15.821397201291697,0.0
2049-05-19,27.5,14.0,0.0
2049-05-20,27.5,12.46756881439335,0.0
2049-05-21,28.4,10.6,0.0
2049-05-22,27.8,10.0,0.0
2049-05-23,26.7,11.2,0.0
2049-05-24,25.5,10.507851053615568,0.0
2049-05-25,25.9,10.5,0.0
2049-05-26,26.0,10.442759155881536,0.0
2049-05-27,26.4,10.0,0.0
2049-05-28,26.5,11.0,0.0
2049-05-29,25.7,10.2,0.0
2049-05-30,25.5,9.719484652568374,0.0
2049-05-31,24.7,10.0,0.0
2049-06-01,23.847840648686763,11.8,0.0
2049-06-02,23.0,10.4,0.0
2049-06-03,21.101580703705874,10.329678478732989,0.0
2049-06-04,24.3,8.6,0.0
2049-06-05,25.0,11.321880580869674,0.0
2049-06-06,22.1,12.0,0.0
2049-06-07,22.0,9.5,0.0
2049-06-08,22.3,6.0,0.0
2049-06-09,22.6,3.2131897394411304,0.0
2049-06-10,19.846848208498557,12.0,0.0
2049-06-11,22.60160784710284,10.105378525158676,0.0
2049-06-12,22.7,12.9,0.0
2049-06-13,23.2,13.5,0.0
2049-06-14,24.2,12.5,0.0
2049-06-15,24.6,10.9,0.0
2049-06-16,25.2,10.5,0.0
2049-06-17,25.2,10.7,0.0
2049-06-18,25.1,9.5,0.0
2049-06-19,25.0,8.5,0.0
2049-06-20,25.2,8.090895867202875,0.0
2049-06-21,24.4,9.0,0.0
2049-06-22,23.5,8.5,0.0
2049-06-23,24.1,8.0,0.0
2049-06-24,25.0,8.0,0.0
2049-06-25,25.0,9.0,0.0
2049-06-26,25.0,10.1,0.0
2049-06-27,25.466465197318556,10.2,0.0
2049-06-28,25.6,11.0,0.0
2049-06-29,24.8,11.6,0.0
2049-06-30,23.9,10.5,0.0
2049-07-01,23.1,8.3,0.0
2049-07-02,23.0,7.9,0.0
2049-07-03,24.0,8.0,0.0
2049-07-04,25.2,9.0,0.0
2049-07-05,25.2,11.1,0.0
2049-07-06,25.7,11.790931629570478,0.0
2049-07-07,26.1,12.1,0.0
2049-07-08,25.4,12.4,0.0
2049-07-09,24.890868829770866,11.8,0.0
2049-07-10,24.2,11.2,0.0
2049-07-11,23.0,11.0,0.0
2049-07-12,23.3,10.0,0.0
2049-07-13,24.2,9.4,0.0
2049-07-14,25.2,10.4,0.0
2049-07-15,25.6,11.2,0.0
2049-07-16,25.6,11.787448175283869,0.0
2049-07-17,26.2,11.2,0.0
2049-07-18,27.1,10.4,0.0
2049-07-19,27.6,10.6,0.0
2049-07-20,27.5,12.4,0.0
2049-07-21,26.0,13.0,0.0
2049-07-22,26.0,11.8,0.0
2049-07-23,28.8,11.8,0.0
2049-07-24,31.20979043326156,13.857603935656511,0.0
2049-07-25,31.331005859375,15.43596927474525,0.0
2049-07-26,30.622951410619052,15.572592355083245,0.0
2049-07-27,28.76110264417184,15.17445703792819,0.0
2049-07-28,26.7,14.2,0.0
2049-07-29,25.4,13.6,0.0
2049-07-30,25.7,15.097613705629842,0.0
2049-07-31,25.7,13.6,0.0
2049-08-01,27.2,15.7,0.0
2049-08-02,28.3,15.0,0.0
2049-08-03,27.7,14.7,0.0
2049-08-04,28.9,13.0,0.0
2049-08-05,29.813186221743806,13.0,0.0
2049-08-06,31.1,13.616821606810838,0.0
2049-08-07,31.5,14.7,0.0
2049-08-08,31.4,15.2,0.0
2049-08-09,29.133860782203087,16.0,0.0
2049-08-10,28.2,15.2,0.0
2049-08-11,28.9,14.0,0.0
2049-08-12,29.8,13.5,0.0
2049-08-13,30.2877313240043,13.9,0.0
2049-08-14,30.282324219590958,13.9,0.0
2049-08-15,28.9,14.7,0.0
2049-08-16,28.7,13.5,0.0
2049-08-17,30.232115392895583,13.0,0.0
2049-08-18,30.9,14.5,0.0
2049-08-19,30.0,15.0,0.0
2049-08-20,30.7,14.7,0.0
2049-08-21,31.0,15.2,0.0
2049-08-22,31.4,15.6,0.0
2049-08-23,31.5,16.1,0.0
2049-08-24,30.6,16.17279577258049,0.0
2049-08-25,28.9,14.9,0.0
2049-08-26,29.2,14.4,0.0
2049-08-27,31.388160785643706,15.3,0.0
2049-08-28,32.067791214617365,16.823881174930875,0.0
2049-08-29,31.2,18.014684962429584,0.0
2049-08-30,30.1,17.1070188192592,0.0
2049-08-31,29.9,16.0233746368073,0.0
2049-09-01,29.5,16.9,0.0
2049-09-02,28.0,15.6,0.0
2049-09-03,28.0,15.4,0.0
2049-09-04,25.4,16.7,0.0
2049-09-05,28.1,15.2,0.0
2049-09-06,28.2,15.0,0.0
2049-09-07,29.8,18.1,0.0
2049-09-08,32.3,19.6,0.0
2049-09-09,33.4,19.2,0.0
2049-09-10,33.2,20.0,0.0
2049-09-11,33.2,19.3,0.0
2049-09-12,33.7,19.28874473037268,0.0
2049-09-13,34.35587136619462,19.6,0.0
2049-09-14,32.8,19.0,0.0
2049-09-15,29.2,18.1,0.0
2049-09-16,28.1,16.9,0.0
2049-09-17,29.6,17.5,0.0
2049-09-18,32.2,20.0,0.0
2049-09-19,34.1,20.6,0.0
2049-09-20,34.7,20.933460667798535,0.0
2049-09-21,34.25730636379603,20.2,0.0
2049-09-22,34.89876977736457,19.606618091690247,0.0
2049-09-23,36.0,19.9,0.0
2049-09-24,36.0,20.4,0.0
2049-09-25,35.555151330090816,20.243351282922454,0.0
2049-09-26,35.3,20.0,0.0
2049-09-27,34.7,20.0,0.0
2049-09-28,34.9,19.6,0.0
2049-09-29,34.9,20.0,0.0
2049-09-30,34.0,20.0,0.0
2049-10-01,33.5,18.9,0.0
2049-10-02,33.8,17.9,0.0
2049-10-03,34.6,19.4,0.0
2049-10-04,34.9,20.7,0.0
2049-10-05,34.2,20.9,0.0
2049-10-06,33.2,19.2,0.0
2049-10-07,33.6,19.2,0.0
2049-10-08,34.9,20.4,0.0
2049-10-09,36.0,22.203500538213127,0.0
2049-10-10,38.0,22.6,0.0
2049-10-11,38.734716796875,23.0,0.0
2049-10-12,38.416357421875,22.1,0.0
2049-10-13,36.0,22.07592572658772,0.0
2049-10-14,36.0,21.0,0.0
2049-10-15,37.2,20.7,0.0
2049-10-16,38.45810546875,20.7,0.0
2049-10-17,39.542578125,21.446877112173624,0.0
2049-10-18,39.233984375,24.309765625,0.0
2049-10-19,36.9,23.513037884953636,0.0
2049-10-20,37.2,21.9,0.0
2049-10-21,36.6,22.23115511673656,0.0
2049-10-22,35.9,22.030033340040724,0.0
2049-10-23,35.8,21.7,0.0
2049-10-24,37.2,21.6,0.0
2049-10-25,39.49619140625,21.6,0.0
2049-10-26,37.2,22.649224066380384,0.0
2049-10-27,33.2,20.0,1.6
2049-10-28,33.2,19.4,0.0
2049-10-29,33.1,20.9,0.0
2049-10-30,32.7,18.5,0.0
2049-10-31,30.6,17.4,2.7
2049-11-01,32.7,18.6,0.0
2049-11-02,34.2,17.5,0.0
2049-11-03,35.2975393534904,21.15117364121054,0.0
2049-11-04,36.22055193601356,22.913294193067713,0.0
2049-11-05,36.2,23.228344649590166,0.0
2049-11-06,36.4,20.5,0.0
2049-11-07,35.20249385462585,21.281675480515283,1.4
2049-11-08,32.9,20.95700407860586,2.266666666666667
2049-11-09,32.2,20.3,8.333333333333334
2049-11-10,32.0,20.0,4.533333333333335
2049-11-11,30.6,20.0,10.25
2049-11-12,29.781920082142555,20.5,23.4
2049-11-13,30.79892863415491,20.2,3.0
2049-11-14,32.1,19.9,0.7
2049-11-15,29.0,20.5,0.0
2049-11-16,30.6,20.5,0.1
2049-11-17,29.5,20.3,0.1
2049-11-18,30.5,20.0,15.76
2049-11-19,29.6,20.0,34.0
2049-11-20,30.4,20.0,3.8
2049-11-21,32.2,19.8,7.659999999999997
2049-11-22,32.0,20.0,0.8
2049-11-23,32.5,19.4,0.0
2049-11-24,30.2,20.0,0.0
2049-11-25,30.7,19.8,5.4
2049-11-26,26.5,19.7,44.31428571428571
2049-11-27,29.0,19.9,0.0
2049-11-28,30.5,18.0,1.3
2049-11-29,27.5,19.8,5.09090909090909
2049-11-30,27.576884368875472,19.8,11.533333333333333
2049-12-01,27.4,19.2,6.4
2049-12-02,28.0,19.2,0.0
2049-12-03,30.5,18.4,0.0
2049-12-04,30.7,17.5,0.0
2049-12-05,29.6,17.4,0.0
2049-12-06,30.0,17.3,0.0
2049-12-07,31.4,18.3,0.0
2049-12-08,31.2,18.7,0.0
2049-12-09,30.8,21.0,0.0
2049-12-10,31.4,19.9,0.0
2049-12-11,31.4,18.6,0.0
2049-12-12,32.4,19.8,0.0
2049-12-13,31.9,21.0,0.0
2049-12-14,31.2,19.9,1.3
2049-12-15,30.1,20.443135813489466,3.6
2049-12-16,29.6,19.93022287317585,1.0
2049-12-17,27.5,18.7,43.1
2049-12-18,23.2,17.6,0.0
2049-12-19,28.0,17.6,0.0
2049-12-20,30.5,18.5,0.0
2049-12-21,30.8,18.0,0.0
2049-12-22,30.5,19.9,0.0
2049-12-23,30.5,18.6,0.0
2049-12-24,27.0,20.428628140444207,0.3
2049-12-25,29.7,19.29121698269437,2.3
2049-12-26,28.3,19.9,34.95822649572649
2049-12-27,24.294405348379772,19.226979058289043,41.874358974359005
2049-12-28,28.6,19.4,10.0
2049-12-29,30.2,18.2,0.0
2049-12-30,29.2,19.0,2.3
2049-12-31,24.6,18.9,15.109401709401714
2050-01-01,29.49903603618076,19.7,7.2
2050-01-02,31.7,19.5,36.97257462686563
2050-01-03,30.4,19.9,37.40051305970149
2050-01-04,30.0,19.1,16.4
2050-01-05,30.9,19.5,1.0
2050-01-06,29.2,19.851977979819797,1.7
2050-01-07,29.1,19.7,27.74925373134328
2050-01-08,30.9,18.9,0.0
2050-01-09,26.1,18.7,14.0
2050-01-10,28.5,17.6,0.0
2050-01-11,31.0,17.7,0.0
2050-01-12,30.611449261180162,18.6,0.0
2050-01-13,31.5,19.2,17.3
2050-01-14,30.4,19.4,0.0
2050-01-15,29.257466315281533,18.5,0.0
2050-01-16,29.0,19.0,0.0
2050-01-17,30.7,18.1,0.0
2050-01-18,31.9,18.0,0.0
2050-01-19,30.342934536286897,19.834724617384456,0.0
2050-01-20,30.332017543859664,18.9,2.2
2050-01-21,29.3,19.785646771983064,6.697761194029847
2050-01-22,28.6,19.7,0.0
2050-01-23,29.8,19.474309691823137,29.02842039800995
2050-01-24,24.4,18.9,27.395579793340985
2050-01-25,27.2,18.5,0.0
2050-01-26,25.9,17.7,0.0
2050-01-27,29.0,16.9,0.0
2050-01-28,30.2,16.0,0.0
2050-01-29,31.2,18.7,0.0
2050-01-30,32.40532123974415,17.2,0.0
2050-01-31,32.4600018784214,19.8,0.0
2050-02-01,33.097018652827195,18.9,0.0
2050-02-02,31.2,19.939031310916615,4.5
2050-02-03,24.2,19.1,17.409677419354843
2050-02-04,24.5,19.0,5.6
2050-02-05,28.7,19.0,1.5
2050-02-06,29.0,18.977094851782066,0.0
2050-02-07,30.5,19.0,4.0
2050-02-08,29.2,19.0,7.409216589861754
2050-02-09,29.0,18.8,0.0
2050-02-10,27.2,18.9,22.4
2050-02-11,28.0,19.2,17.0
2050-02-12,24.5,18.9,22.629953917050695
2050-02-13,25.6,18.6,2.5376728110599074
2050-02-14,30.0,18.5,29.133903884134313
2050-02-15,29.0,19.1,9.330414746543779
2050-02-16,30.3,19.0,17.704147465437792
2050-02-17,28.263180710593552,19.0,37.91800779865296
2050-02-18,30.0,18.50727369675668,1.9
2050-02-19,31.0,18.9,22.680414746543786
2050-02-20,26.9,18.7,27.526175115207373
2050-02-21,29.1,18.3,31.0
2050-02-22,28.79025967077125,18.4,8.438709677419354
2050-02-23,29.7,19.0,31.0
2050-02-24,27.6,18.7,27.70875576036866
2050-02-25,31.67613599282801,19.0,15.6
2050-02-26,30.0,18.5,0.0
2050-02-27,30.9,17.407633596133437,0.0
2050-02-28,29.9,19.0,5.6
2050-03-01,30.3,17.8,0.0
2050-03-02,31.1,18.3,0.0
2050-03-03,31.6,19.2,0.0
2050-03-04,30.7,19.0,3.0
2050-03-05,30.2,18.8,3.0
2050-03-06,29.1,18.5,9.333333333333336
2050-03-07,30.4,18.0,4.05
2050-03-08,31.6,18.6,7.2
2050-03-09,30.0,19.8,1.7
2050-03-10,28.1,18.0,11.0
2050-03-11,28.5,18.0,11.0
2050-03-12,28.3,17.9,2.9
2050-03-13,31.34708333333333,16.0,0.0
2050-03-14,28.5,17.4,2.5
2050-03-15,28.7,16.5,0.0
2050-03-16,28.9,18.1,0.0
2050-03-17,28.7,16.5,0.0
2050-03-18,29.1,15.6,0.0
2050-03-19,29.21666666666666,14.8,0.0
2050-03-20,26.323684210526316,19.3,0.0
2050-03-21,28.6,19.0,0.0
2050-03-22,28.6,19.2,0.0
2050-03-23,30.0,16.9,0.0
2050-03-24,30.9,15.8,0.0
2050-03-25,31.9,15.7,0.0
2050-03-26,33.41949910554561,16.2,0.0
2050-03-27,32.0,17.0,0.0
2050-03-28,26.2,18.0,20.4
2050-03-29,24.9,17.8,0.0
2050-03-30,26.4,15.6,0.0
2050-03-31,28.6,14.068477454849903,0.0
2050-04-01,29.5,13.4,0.0
2050-04-02,30.5,14.3,0.0
2050-04-03,32.0,15.9,0.0
2050-04-04,32.0,17.9,0.0
2050-04-05,32.7,16.4,0.0
2050-04-06,32.3,16.856043956043955,0.0
2050-04-07,31.1,19.4,0.0
2050-04-08,30.3,18.1,0.0
2050-04-09,30.2,16.6,0.0
2050-04-10,30.90487804878049,15.7,0.0
2050-04-11,30.986991869918693,17.0,0.0
2050-04-12,29.9,18.5,0.0
2050-04-13,29.36875,20.457080078125,0.0
2050-04-14,29.5,17.2,0.0
2050-04-15,29.0,14.9,0.0
2050-04-16,28.7,14.3,0.0
2050-04-17,29.1,14.1,0.0
2050-04-18,30.6,15.0,0.0
2050-04-19,30.7,16.0,0.0
2050-04-20,30.605555555555554,16.298625114573788,0.0
2050-04-21,31.1,16.9,0.0
2050-04-22,31.7,16.7,0.0
2050-04-23,31.9,16.0,0.0
2050-04-24,32.0,17.20480769230769,0.0
2050-04-25,30.6,19.959150552486197,0.0
2050-04-26,27.394285714285715,17.59523809523809,0.0
2050-04-27,26.7,19.0,0.0
2050-04-28,26.8,18.0,0.0
2050-04-29,26.1,19.0,0.0
2050-04-30,24.014705882352942,17.6,0.0
2050-05-01,24.9,16.124969001648687,0.0
2050-05-02,25.7,15.0,0.0
2050-05-03,26.3,12.5,0.0
2050-05-04,28.67534983853606,12.5,0.0
2050-05-05,30.0,14.066786156752002,0.0
2050-05-06,30.2,15.2,0.0
2050-05-07,31.0,14.5,0.0
2050-05-08,32.584075343047196,15.3,0.0
2050-05-09,33.8,17.609299525575082,0.0
2050-05-10,34.180615234375,18.137890971570563,0.0
2050-05-11,31.1,19.569091796875,0.0
2050-05-12,30.6,17.2,0.0
2050-05-13,30.0,16.9,0.0
2050-05-14,30.5,15.9,0.0
2050-05-15,31.0,15.3,0.0
2050-05-16,31.24575936249856,15.2,0.0
2050-05-17,30.32629297577679,17.4,0.0
2050-05-18,27.8,17.87730543462698,0.0
2050-05-19,25.979978471474702,16.2,0.0
2050-05-20,28.1,16.90641783647789,0.0
2050-05-21,29.1,16.5,0.0
2050-05-22,29.359481144449163,15.2,0.0
2050-05-23,29.3,16.9,0.0
2050-05-24,28.702532537430265,16.2,0.0
2050-05-25,27.8,15.9,0.0
2050-05-26,26.8,13.6,0.0
2050-05-27,27.5,12.4,0.0
2050-05-28,28.3,12.6,0.0
2050-05-29,29.0,12.4,0.0
2050-05-30,29.32096317536702,12.2,0.0
2050-05-31,29.1,12.2,0.0
2050-06-01,27.037772712693734,11.8,0.0
2050-06-02,27.0,11.4,0.0
2050-06-03,26.1,11.5,0.0
2050-06-04,25.47885359347161,11.2,0.0
2050-06-05,26.3,11.5,0.0
2050-06-06,27.7,12.3,0.0
2050-06-07,28.41956247682611,12.7,0.0
2050-06-08,28.2,12.6,0.0
2050-06-09,27.5,12.9,0.0
2050-06-10,25.2,12.3,0.0
2050-06-11,24.5,11.5,0.0
2050-06-12,24.4,11.4,0.0
2050-06-13,25.6,14.0,0.0
2050-06-14,27.005137269085637,11.2,0.0
2050-06-15,27.4,10.5,0.0
2050-06-16,27.9,10.8,0.0
2050-06-17,25.9,12.9,0.0
2050-06-18,25.2,12.9,0.0
2050-06-19,26.1,12.2,0.0
2050-06-20,26.4,12.336554076237434,0.0
2050-06-21,27.4,12.9,0.0
2050-06-22,27.391546780373258,13.490885668761095,0.0
2050-06-23,25.9,13.0,0.0
2050-06-24,25.5,12.3,0.0
2050-06-25,25.5,11.7,0.0
2050-06-26,24.2,12.1,0.0
2050-06-27,24.6,11.0,0.0
2050-06-28,24.8,10.9,0.0
2050-06-29,24.6,11.6,0.0
2050-06-30,24.6,11.2,0.0
2050-07-01,25.6,10.9,0.0
2050-07-02,26.7,11.7,0.0
2050-07-03,27.6,12.626669788141932,0.0
2050-07-04,29.0,12.9,0.0
2050-07-05,29.5,13.822547887999791,0.0
2050-07-06,27.0,14.2,0.0
2050-07-07,25.5,12.5,0.0
2050-07-08,24.2,11.8,0.0
2050-07-09,23.7,11.2,0.0
2050-07-10,22.6,10.4,0.0
2050-07-11,22.9,9.5,0.0
2050-07-12,23.9,9.5,0.0
2050-07-13,24.6,10.712893194593942,0.0
2050-07-14,25.6,11.4,0.0
2050-07-15,26.535564623125637,12.1,0.0
2050-07-16,26.0,12.824603416259608,0.0
2050-07-17,25.0,12.9,0.0
2050-07-18,25.6,11.1,0.0
2050-07-19,26.2,8.9,0.0
2050-07-20,26.6,8.0,0.0
2050-07-21,25.9,9.5,0.0
2050-07-22,24.6,9.9,0.0
2050-07-23,23.8,9.8,0.0
2050-07-24,23.7,9.5,0.0
2050-07-25,24.0,10.0,0.0
2050-07-26,25.6,10.9,0.0
2050-07-27,26.3,11.2,0.0
2050-07-28,25.96855297554974,9.9,0.0
2050-07-29,25.0,10.8,0.0
2050-07-30,24.63547692628216,10.0,0.0
2050-07-31,25.7,9.0,0.0
2050-08-01,27.6,10.2,0.0
2050-08-02,28.5,11.432278241643154,0.0
2050-08-03,29.9,11.592046747654932,0.0
2050-08-04,30.6,11.4,0.0
2050-08-05,25.8,15.0,0.0
2050-08-06,22.0,12.2,0.0
2050-08-07,25.6,10.9,0.0
2050-08-08,27.2,11.6,0.0
2050-08-09,27.9,11.4,0.0
2050-08-10,28.0,12.2,0.0
2050-08-11,27.6,13.0,0.0
2050-08-12,26.6,12.6,0.0
2050-08-13,26.8,11.2,0.0
2050-08-14,27.7,11.1,0.0
2050-08-15,28.6,11.9,0.0
2050-08-16,29.926623609616062,12.3,0.0
2050-08-17,30.9,13.5,0.0
2050-08-18,31.98745963401507,13.7,0.0
2050-08-19,37.72216796875,14.5,0.0
2050-08-20,40.011962890625,15.2,0.0
2050-08-21,38.4990234375,14.8,0.0
2050-08-22,37.73828125,15.6,0.0
2050-08-23,33.49602413122758,15.6,0.0
2050-08-24,32.91246554123237,18.0,0.0
2050-08-25,31.6,17.63650836702463,0.0
2050-08-26,31.8,17.151287707420053,0.0
2050-08-27,32.54745963401506,16.9,0.0
2050-08-28,33.29588511596046,16.4,0.0
2050-08-29,37.42305558449187,15.662738195676832,0.0
2050-08-30,38.598388671875,16.0,0.0
2050-08-31,38.80712890625,17.62547203128134,0.0
2050-09-01,34.0,20.0,0.0
2050-09-02,33.1,18.6,0.0
2050-09-03,34.0,17.4,0.0
2050-09-04,34.38372984908605,17.3,0.0
2050-09-05,34.9,16.5,0.0
2050-09-06,34.532911989752925,15.9,0.0
2050-09-07,31.1,19.4,0.0
2050-09-08,30.7,16.7,0.0
2050-09-09,32.2,16.4,0.0
2050-09-10,32.5,17.9,0.0
2050-09-11,30.0,17.3223708604102,0.0
2050-09-12,30.0,15.5,0.0
2050-09-13,31.0,14.9,0.0
2050-09-14,31.6,14.9,0.0
2050-09-15,31.449388209121246,17.2,0.0
2050-09-16,29.5,17.0,0.0
2050-09-17,30.4,15.5,0.0
2050-09-18,32.0,15.7,0.0
2050-09-19,33.2,17.1,0.0
2050-09-20,33.7,18.305560512902,0.0
2050-09-21,34.4,18.5,0.0
2050-09-22,35.3,18.8,0.0
2050-09-23,35.3,19.6,0.0
2050-09-24,35.1,19.9,0.0
2050-09-25,35.0,20.41267893660532,0.0
2050-09-26,35.1,20.5,0.0
2050-09-27,34.7,19.5,0.0
2050-09-28,34.3,19.6,0.0
2050-09-29,33.8,19.0,0.0
2050-09-30,34.2,18.1,0.0
2050-10-01,35.2,17.4,0.0
2050-10-02,37.2,18.0,0.0
2050-10-03,37.27135016396722,21.0,0.0
2050-10-04,37.090043642064856,21.2,0.0
2050-10-05,37.062147236392555,21.008966881117466,0.0
2050-10-06,36.273112346461794,21.0,0.0
2050-10-07,36.27132252974916,20.966076780232957,0.0
2050-10-08,37.2,20.4,0.0
2050-10-09,39.31796875,21.0,0.0
2050-10-10,39.857763671875,22.0,0.0
2050-10-11,37.98365251540703,22.485786280457926,0.0
2050-10-12,37.62383473170437,22.13792365421565,0.0
2050-10-13,38.55234375,22.161255193505212,0.0
2050-10-14,39.204443359375,23.456658277792975,0.0
2050-10-15,39.32724609375,24.164013671875,0.0
2050-10-16,39.4703125,23.46278246812914,0.0
2050-10-17,38.90390625,23.778146966291384,0.0
2050-10-18,38.0,22.2,0.0
2050-10-19,35.6548152898335,22.0,0.0
2050-10-20,33.12020282136989,21.3,0.0
2050-10-21,33.2,20.259560818083944,0.0
2050-10-22,34.60449407965553,20.2,0.0
2050-10-23,37.98570363974019,21.0,0.0
2050-10-24,38.890478515625,22.988468198624044,0.0
2050-10-25,38.77646484375,22.540933555142356,0.0
2050-10-26,39.162451171875,21.92105080554047,0.0
2050-10-27,39.44345703125,21.957044364775047,0.0
2050-10-28,40.084814453125,22.44490788104151,0.0
2050-10-29,38.8443359375,23.429668483214108,0.0
2050-10-30,39.124609375,23.186440709153285,0.0
2050-10-31,39.552587890625,23.36484425314743,0.0
2050-11-01,39.955810546875,24.822119140625,0.0
2050-11-02,38.28903331835645,23.2,0.0
2050-11-03,38.46593416162447,23.277579074230758,0.0
2050-11-04,36.0,21.3,0.0
2050-11-05,31.3,21.102383251153825,40.66000000000001
2050-11-06,32.5,21.0,0.0
2050-11-07,31.9,20.2,0.0
2050-11-08,30.2,20.3,46.3
2050-11-09,28.6,19.5,0.0
2050-11-10,29.05754806928333,18.9,0.0
2050-11-11,30.1,17.44067591441471,0.0
2050-11-12,30.8,19.3,0.0
2050-11-13,31.2,19.5,0.0
2050-11-14,32.0,20.0,0.0
2050-11-15,30.7,19.5,0.0
2050-11-16,31.9,18.7,0.0
2050-11-17,32.6,20.5,0.0
2050-11-18,31.0,20.07530124303726,0.0
2050-11-19,32.1,20.0,0.2
2050-11-20,32.6,19.9,0.1
2050-11-21,32.2,20.0,0.45
2050-11-22,33.2,18.5,0.0
2050-11-23,32.7,20.350325277244075,0.0
2050-11-24,33.3,21.689961108929506,0.0
2050-11-25,33.4,20.9,0.0
2050-11-26,35.2387440091185,21.951226362625153,0.0
2050-11-27,34.0,21.15426305089947,0.0
2050-11-28,29.092503575401242,20.636465098616153,13.5
2050-11-29,32.4,20.4,8.842857142857143
2050-11-30,31.3,20.0,2.0499999999999994
2050-12-01,25.51763002348218,19.0,50.64000000000014
2050-12-02,24.6,17.7,0.0
2050-12-03,29.0,16.6,0.0
2050-12-04,27.642331295151642,19.0,0.0
2050-12-05,25.9,18.3,0.0
2050-12-06,27.0,19.0,0.0
2050-12-07,27.1,18.9,0.0
2050-12-08,29.7,19.7,0.0
2050-12-09,31.1,19.7,0.0
2050-12-10,31.098573735199135,18.7,0.0
2050-12-11,28.9,18.5,1.9
2050-12-12,29.9,18.4,0.0
2050-12-13,30.9,17.0,0.0
2050-12-14,31.8,17.4,0.0
2050-12-15,31.4,20.66578863578325,0.0
2050-12-16,32.0,19.9,0.0
2050-12-17,33.5441943123025,18.6,0.0
2050-12-18,30.9,20.0,25.0
2050-12-19,28.9,19.9,0.8
2050-12-20,28.6,19.4,0.0
2050-12-21,30.8,17.9,0.0
2050-12-22,31.49860399225864,18.4,0.0
2050-12-23,30.9,19.7,2.7
2050-12-24,31.4,17.4,0.0
2050-12-25,33.1,18.4,0.0
2050-12-26,30.8,19.5,0.0
2050-12-27,29.5,19.0,1.0
2050-12-28,30.2,18.6,0.0
2050-12-29,31.7,17.3,0.0
2050-12-30,33.113546975547926,15.7,0.0
2050-12-31,33.1,16.9,0.0
2051-01-01,32.63496890402622,15.5,0.0
2051-01-02,32.819108388975046,16.9,0.0
2051-01-03,32.83996873305278,18.83624255471832,0.0
2051-01-04,32.878288829837885,21.5130126953125,0.0
2051-01-05,31.7,19.9,1.4
2051-01-06,30.2,19.6,9.909266169154227
2051-01-07,30.9,19.72526738322363,11.0
2051-01-08,31.1,19.679885378876516,3.4
2051-01-09,29.2,19.8,0.0
2051-01-10,31.1,19.8,2.1727611940298504
2051-01-11,29.1,19.657826984303203,0.0
2051-01-12,29.5,19.7,29.5527985074627
2051-01-13,30.7,17.9,5.9
2051-01-14,23.6,18.2,46.68529850746267
2051-01-15,25.4,17.9,0.0
2051-01-16,28.1,19.5,22.0
2051-01-17,27.0,17.4,2.990111940298507
2051-01-18,29.5,16.4,0.0
2051-01-19,30.6,19.461155962205474,0.0
2051-01-20,30.3,18.0,0.0
2051-01-21,29.9,17.8,0.0
2051-01-22,31.2,19.9,0.0
2051-01-23,31.1,19.364766668777342,0.20167910447761195
2051-01-24,30.0,19.8,0.0
2051-01-25,31.1,19.37583486354713,11.0431592039801
2051-01-26,28.941778714785226,19.8,18.492599502487558
2051-01-27,29.2,19.9,16.4
2051-01-28,30.7,19.58217685027641,0.0
2051-01-29,30.7,18.298120334352767,5.3
2051-01-30,30.9,19.8,28.3
2051-01-31,30.1,19.452058637023185,8.160634328358206
2051-02-01,30.0,19.9,0.0
2051-02-02,31.176489600446693,19.0,0.0
2051-02-03,26.8,17.5,0.0
2051-02-04,29.8,16.5,0.2
2051-02-05,31.9,18.9,0.0
2051-02-06,28.5,19.7,37.949060616802555
2051-02-07,24.7,19.4,40.33640552995396
2051-02-08,25.3,19.346435933763605,37.90248138957816
2051-02-09,28.4,19.1,37.90248138957816
2051-02-10,29.0,19.2,0.0
2051-02-11,30.0,19.2,0.0
2051-02-12,29.3,19.2,22.4
2051-02-13,24.6,19.2,29.037788018433194
2051-02-14,25.9,19.1,22.655184331797237
2051-02-15,27.4,19.2,10.552534562211985
2051-02-16,27.8,19.4,36.98571428571435
2051-02-17,27.0,19.15479091473752,27.505990783410144
2051-02-18,29.0,19.0,10.813824884792625
2051-02-19,30.0,17.9,0.0
2051-02-20,31.2,17.0,0.0
2051-02-21,30.9,18.7,0.0
2051-02-22,28.5,19.1,0.623963133640553
2051-02-23,29.130418865996937,19.1,21.2
2051-02-24,28.467431800832937,18.8,0.0
2051-02-25,30.0,18.9,40.663331138907225
2051-02-26,30.5,19.326506301031635,27.955760368663597
2051-02-27,30.5,18.9,44.727827011698
2051-02-28,32.1,18.9,16.997695852534562
2051-03-01,31.6,18.8,7.0
2051-03-02,26.4,19.3,24.4
2051-03-03,26.2,19.2,0.45
2051-03-04,29.7,17.2,0.0
2051-03-05,30.2,19.2,0.0
2051-03-06,31.2,18.5,0.0
2051-03-07,30.3,17.6,0.0
2051-03-08,28.3,18.5,0.0
2051-03-09,27.1,18.8,0.0
2051-03-10,29.1,16.1,0.0
2051-03-11,30.3,15.2,0.0
2051-03-12,31.2,15.9,0.0
2051-03-13,30.0,18.8,0.0
2051-03-14,27.4,18.2,0.0
2051-03-15,29.9,16.5,0.0
2051-03-16,29.9,16.2,0.0
2051-03-17,30.6,16.1,0.0
2051-03-18,31.2,15.4,0.0
2051-03-19,31.6,18.5,0.0
2051-03-20,31.8,20.223242392616907,0.0
2051-03-21,31.9,19.3,0.0
2051-03-22,31.374166666666667,19.1,0.0
2051-03-23,29.2,19.924592452935997,0.0
2051-03-24,28.5,19.0,0.0
2051-03-25,29.258333333333333,16.4,0.0
2051-03-26,30.0,15.3,0.0
2051-03-27,31.1,15.2,0.0
2051-03-28,31.67339449541285,16.0,0.0
2051-03-29,32.8352435530086,16.9,0.0
2051-03-30,31.8,19.10178973806961,0.0
2051-03-31,31.1,20.3,0.0
2051-04-01,30.3,20.00114813535912,0.0
2051-04-02,29.73589743589744,19.076372039283655,0.0
2051-04-03,29.5,15.7,0.0
2051-04-04,29.9,15.0,0.0
2051-04-05,31.1,14.2,0.0
2051-04-06,31.9,14.9,0.0
2051-04-07,31.56806411837238,15.5,0.0
2051-04-08,31.5,16.0,0.0
2051-04-09,31.9855421686747,16.3,0.0
2051-04-10,33.19919571045577,15.1,0.0
2051-04-11,34.13491379310344,16.3,0.0
2051-04-12,33.63762711864407,17.9,0.0
2051-04-13,33.25564005069709,18.949193548387097,0.0
2051-04-14,33.340035906642726,18.6,0.0
2051-04-15,34.76731898238746,19.80048342541434,0.0
2051-04-16,32.0,19.07481224725592,0.0
2051-04-17,31.6,18.036893203883494,0.0
2051-04-18,32.64610215053764,18.6,0.0
2051-04-19,32.0,16.9,0.0
2051-04-20,31.0,18.0,0.0
2051-04-21,31.3,18.3,0.0
2051-04-22,30.6,18.4,0.0
2051-04-23,29.0,16.3,0.0
2051-04-24,29.3,15.4,0.0
2051-04-25,31.566954377311962,14.8,0.0
2051-04-26,33.270468948035486,15.5,0.0
2051-04-27,36.837158203125,15.9,0.0
2051-04-28,36.892822265625,17.4,0.0
2051-04-29,33.2,20.717333984375,0.0
2051-04-30,33.13029490616622,19.2191011235955,0.0
2051-05-01,31.646657952739748,17.000420616342687,0.0
2051-05-02,30.7,16.893909426525134,0.0
2051-05-03,30.6,15.2,0.0
2051-05-04,31.6,13.9,0.0
2051-05-05,34.09443359375,14.9,0.0
2051-05-06,34.16669921875,16.0,0.0
2051-05-07,33.8,16.720265906379996,0.0
2051-05-08,33.8,16.9,0.0
2051-05-09,31.6,17.528573934537317,0.0
2051-05-10,31.0,16.2,0.0
2051-05-11,32.7,15.9,0.0
2051-05-12,33.838818359375,16.2,0.0
2051-05-13,33.8,17.586191975973087,0.0
2051-05-14,33.15892002712834,17.564110087841687,0.0
2051-05-15,34.301220703125,17.2,0.0
2051-05-16,33.82294921875,17.9,0.0
2051-05-17,32.0,17.4,0.0
2051-05-18,34.313427734375,17.634133848038296,0.0
2051-05-19,34.550244140625,22.124267578125,0.0
2051-05-20,34.7580078125,19.998779296875,0.0
2051-05-21,31.0,18.192216492077637,0.0
2051-05-22,28.5,16.8955350315953,0.0
2051-05-23,30.073606027987076,16.407879028229132,0.0
2051-05-24,29.1,16.8,0.0
2051-05-25,30.0,16.2,0.0
2051-05-26,29.6,16.9,0.0
2051-05-27,29.462383935693204,15.706595246638283,0.0
2051-05-28,29.2,15.3,0.0
2051-05-29,27.0,16.2,0.0
2051-05-30,28.4,13.505712482832836,0.0
2051-05-31,29.3,13.6,0.0
2051-06-01,29.4,13.2,0.0
2051-06-02,29.6,14.009828380740506,0.0
2051-06-03,30.0,21.054638671875,0.0
2051-06-04,29.0,16.409279407675204,0.0
2051-06-05,25.387837279516926,13.4,0.0
2051-06-06,25.6,11.7,0.0
2051-06-07,27.1,8.551150851373322,0.0
2051-06-08,25.5,10.6,0.0
2051-06-09,19.813602334513607,11.3,0.0
2051-06-10,23.8,10.2,0.0
2051-06-11,23.5,9.9,0.0
2051-06-12,24.0,8.5,0.0
2051-06-13,25.2,7.6,0.0
2051-06-14,25.4,8.350193024929668,0.0
2051-06-15,25.2,10.5,0.0
2051-06-16,27.0,9.9,0.0
2051-06-17,27.7,11.0,0.0
2051-06-18,27.9,12.1,0.0
2051-06-19,28.5,12.0,0.0
2051-06-20,27.9,10.8,0.0
2051-06-21,27.287652947719685,12.094880490517923,0.0
2051-06-22,26.2,12.1,0.0
2051-06-23,24.58673526140156,12.2,0.0
2051-06-24,22.0,11.5,0.0
2051-06-25,24.0,10.2,0.0
2051-06-26,25.7,11.0,0.0
2051-06-27,28.6,12.3,0.0
2051-06-28,29.2,12.4,0.0
2051-06-29,28.5,11.5,0.0
2051-06-30,26.0,13.4,0.0
2051-07-01,18.051496823229805,12.6,0.0
2051-07-02,21.9,10.2,0.0
2051-07-03,21.3,8.3,0.0
2051-07-04,22.7,7.7,0.0
2051-07-05,25.6,6.2,0.0
2051-07-06,27.4,8.0,0.0
2051-07-07,27.5,9.2,0.0
2051-07-08,27.3,10.3,0.0
2051-07-09,27.6,10.2,0.0
2051-07-10,25.8,11.9,0.0
2051-07-11,25.6,9.9,0.0
2051-07-12,25.6012804652732,7.8,0.0
2051-07-13,25.6,7.0,0.0
2051-07-14,25.9,6.4,0.0
2051-07-15,26.2,7.6,0.0
2051-07-16,26.3,10.0,0.0
2051-07-17,27.6,12.0,0.0
2051-07-18,27.99499728229012,13.0,0.0
2051-07-19,28.77958307133189,13.3,0.0
2051-07-20,29.2,13.559998844106017,0.0
2051-07-21,29.1,14.2,0.0
2051-07-22,29.5,13.5,0.0
2051-07-23,29.0,10.4,0.0
2051-07-24,26.2,12.2,0.0
2051-07-25,25.7,11.5,0.0
2051-07-26,26.9,8.0,0.0
2051-07-27,25.9,10.2,0.0
2051-07-28,24.7,9.8,0.0
2051-07-29,25.5,9.9,0.0
2051-07-30,25.9,11.0,0.0
2051-07-31,26.0,12.8,0.0
2051-08-01,24.0,14.7,0.0
2051-08-02,27.3,12.4,0.0
2051-08-03,28.1,12.5,0.0
2051-08-04,27.6,12.9,0.0
2051-08-05,26.2,13.0,0.0
2051-08-06,25.6,11.847290993900247,0.0
2051-08-07,26.9,10.4,0.0
2051-08-08,27.6,10.4,0.0
2051-08-09,28.6,10.4,0.0
2051-08-10,29.0,10.249970099270422,0.0
2051-08-11,28.3,12.5,0.0
2051-08-12,27.2,13.0,0.0
2051-08-13,27.8,13.2,0.0
2051-08-14,29.9,13.9,0.0
2051-08-15,30.5,14.806969310867512,0.0
2051-08-16,28.241651364528582,16.75967092848863,0.0
2051-08-17,27.581270182992466,14.6,0.0
2051-08-18,28.2,14.0,0.0
2051-08-19,30.5,14.4,0.0
2051-08-20,31.827050863402405,15.7,0.0
2051-08-21,32.9,16.74228548270102,0.0
2051-08-22,33.36963738894332,17.116825218535332,0.0
2051-08-23,33.10480086114101,17.5,0.0
2051-08-24,31.0,17.7,0.0
2051-08-25,30.7,15.5,0.0
2051-08-26,30.727509326570026,15.6,0.0
2051-08-27,29.7,15.3,0.0
2051-08-28,30.9,14.8,0.0
2051-08-29,31.1,16.5778880204677,0.0
2051-08-30,30.0,16.7,0.0
2051-08-31,30.2,15.0,0.0
2051-09-01,31.6,15.9,0.0
2051-09-02,31.5,15.1,0.0
2051-09-03,33.54412725250278,13.9,0.0
2051-09-04,31.0,18.0,0.0
2051-09-05,27.6,16.7,0.0
2051-09-06,26.410299218075803,14.3,0.0
2051-09-07,27.540581706947115,12.967022181508867,0.0
2051-09-08,29.0,14.3,0.0
2051-09-09,30.7,17.0,0.0
2051-09-10,32.5,19.2,0.0
2051-09-11,33.1,19.6,0.0
2051-09-12,32.9,18.9,0.0
2051-09-13,31.7,18.7,0.0
2051-09-14,32.7,17.0,0.0
2051-09-15,34.7,18.1,0.0
2051-09-16,36.0,19.4,0.0
2051-09-17,36.49520039510085,20.195750651575562,0.0
2051-09-18,39.123046875,20.998835590087577,0.0
2051-09-19,36.587392799616936,22.628286697527926,0.0
2051-09-20,36.0,20.6,0.0
2051-09-21,37.4674318491304,20.5,0.0
2051-09-22,39.598388671875,20.5,0.0
2051-09-23,37.662813503083925,21.01802044042254,0.0
2051-09-24,36.0,20.499062020864027,0.0
2051-09-25,36.0,20.0,0.0
2051-09-26,38.9431868949496,20.0,0.0
2051-09-27,36.02507125108606,21.32714868372266,0.0
2051-09-28,33.9,20.5,0.0
2051-09-29,33.2,19.9,0.0
2051-09-30,34.0,19.3,0.0
2051-10-01,34.439128094725504,19.6,0.0
2051-10-02,35.3,20.2,0.0
2051-10-03,33.17093092312831,20.7,0.0
2051-10-04,32.0,19.3,0.0
2051-10-05,33.2,19.0,0.0
2051-10-06,34.4,19.5,0.0
2051-10-07,35.7,19.9,0.0
2051-10-08,36.95381634511882,20.9,0.0
2051-10-09,38.16566278786543,21.0,0.0
2051-10-10,35.5,21.9,0.0
2051-10-11,34.4,20.4,0.0
2051-10-12,34.997975293454296,20.1,0.0
2051-10-13,35.8,20.2,0.0
2051-10-14,36.24294115044899,21.99814878340174,0.0
2051-10-15,35.2,21.7,0.0
2051-10-16,35.2,21.0,0.0
2051-10-17,36.0,21.3,0.0
2051-10-18,35.52868756326012,21.576046979525355,0.0
2051-10-19,35.2,20.9,0.0
2051-10-20,34.0,20.7,0.0
2051-10-21,33.4,20.2,0.0
2051-10-22,33.6,19.7,0.0
2051-10-23,34.9,19.6,0.0
2051-10-24,35.4,20.2,0.0
2051-10-25,34.1,21.0,0.0
2051-10-26,33.9,20.2,0.0
2051-10-27,35.5,20.2,0.0
2051-10-28,36.71348755664128,21.6,0.0
2051-10-29,36.0,22.0,0.0
2051-10-30,35.525901707822555,21.0,0.0
2051-10-31,34.0,20.4,0.0
2051-11-01,34.0,21.1,0.0
2051-11-02,34.4,20.5,0.0
2051-11-03,35.5,21.1,0.0
2051-11-04,37.30873709806762,21.629406411163927,0.0
2051-11-05,36.73881137772128,25.37039794921875,0.0
2051-11-06,38.529618465200926,24.048223876953124,0.0
2051-11-07,37.02930149145308,23.374954427967687,0.0
2051-11-08,35.7,24.374365234375,0.0
2051-11-09,35.6,23.3,0.0
2051-11-10,35.6,21.229538096332988,0.0
2051-11-11,34.0,21.0,0.0
2051-11-12,33.7,21.0,0.0
2051-11-13,33.7,21.7,0.0
2051-11-14,34.2,23.297565496261438,0.0
2051-11-15,34.4,21.7,0.0
2051-11-16,33.7,20.1,0.0
2051-11-17,31.9,20.2,0.0
2051-11-18,32.1,20.0,0.1
2051-11-19,30.1,20.9,0.0
2051-11-20,33.7,20.5,0.0
2051-11-21,32.6,20.61187923858051,0.0
2051-11-22,32.9,20.5,0.0
2051-11-23,34.0,19.9,0.0
2051-11-24,34.95557285873192,19.0,0.0
2051-11-25,35.5,20.767658844499234,0.0
2051-11-26,31.9,20.364465567802608,0.0
2051-11-27,30.8,20.2,0.0
2051-11-28,27.5,19.8,15.5
2051-11-29,27.3,20.0,0.0
2051-11-30,30.0,19.7,1.0
2051-12-01,31.6,18.5,0.0
2051-12-02,32.428661678053494,18.0,0.0
2051-12-03,31.6,19.0,1.3
2051-12-04,30.7,19.9,0.0
2051-12-05,31.6,19.6,0.0
2051-12-06,33.1,18.9,0.0
2051-12-07,33.1,18.3,0.0
2051-12-08,33.7,18.0,0.0
2051-12-09,33.294275111891665,20.68185769192227,7.812051282051286
2051-12-10,30.3,20.567363293864375,0.10192307692307695
2051-12-11,29.4,19.9,6.4
2051-12-12,25.9,19.9,43.1
2051-12-13,26.9,19.9,1.9
2051-12-14,28.7,20.540645945461076,0.0
2051-12-15,27.8,19.8,2.4
2051-12-16,27.0,19.0,19.789377289377303
2051-12-17,26.9,17.9,0.0
2051-12-18,28.5,16.4,0.0
2051-12-19,30.15242612590714,16.0,0.0
2051-12-20,31.8,15.7,0.0
2051-12-21,32.0,16.6,0.0
2051-12-22,31.6,18.2,1.0
2051-12-23,27.2,17.9,0.0
2051-12-24,31.5700496774023,16.9,0.0
2051-12-25,31.5,18.0,0.0
2051-12-26,30.0,20.458251137761742,0.0
2051-12-27,29.2,20.461327372098555,0.0
2051-12-28,29.388549515608172,19.9,2.9
2051-12-29,29.6,19.7,2.3
2051-12-30,29.4,20.61893812377207,11.2
2051-12-31,31.6,19.4,0.0
2052-01-01,29.4,19.8,24.94682835820895
2052-01-02,28.9,19.7,4.0
2052-01-03,29.1,19.5,1.3
2052-01-04,26.9,19.313852972836063,0.0
2052-01-05,29.4,19.8,9.9
2052-01-06,29.0,19.7,0.8
2052-01-07,27.1,19.6,39.396455223880594
2052-01-08,23.26768074255766,17.3,43.044568822553885
2052-01-09,21.96196944917219,17.2,66.03349917081259
2052-01-10,26.6,18.1,0.0
2052-01-11,27.9,18.0,0.0
2052-01-12,27.0,19.0,0.0
2052-01-13,29.2,19.7,6.898880597014922
2052-01-14,29.2,18.6,13.966293532338302
2052-01-15,28.7,17.9,1.3
2052-01-16,30.0,18.1,0.0
2052-01-17,29.2,18.5,0.0
2052-01-18,30.2,16.5,0.0
2052-01-19,30.9,17.0,0.0
2052-01-20,31.6,18.8,0.0
2052-01-21,31.8,19.6,0.0
2052-01-22,29.7,18.4,2.2
2052-01-23,30.6,18.4,0.0
2052-01-24,28.58092418883597,19.7,0.0
2052-01-25,31.2,19.8,0.0
2052-01-26,28.7,19.60786411790625,1.4
2052-01-27,30.296394323786203,19.6,0.0
2052-01-28,31.1,18.9,0.0
2052-01-29,27.2,18.6,0.0
2052-01-30,27.8,19.5093409879199,9.54253731343284
2052-01-31,28.7,19.0,22.341231343283578
2052-02-01,30.5,18.0,0.0
2052-02-02,30.2,18.6,0.0
2052-02-03,29.8,19.751086786954538,0.0
2052-02-04,28.5,19.7,0.0
2052-02-05,28.8,19.91042371746936,0.0
2052-02-06,26.2,18.48938320740548,11.533640552995392
2052-02-07,27.6,19.0,9.4
2052-02-08,30.2,19.0,29.9
2052-02-09,29.1,18.8,1.8
2052-02-10,30.0,19.0,2.823502304147465
2052-02-11,28.3,18.6,13.441935483870969
2052-02-12,27.3,19.0,5.3
2052-02-13,26.9,19.1,34.35003291639237
2052-02-14,26.35196662693683,19.0,17.30138248847927
2052-02-15,28.4,18.92803183513399,1.3645161290322583
2052-02-16,30.3,18.7,0.5
2052-02-17,26.6,19.108926119290224,8.999654377880184
2052-02-18,28.5,18.2,0.0
2052-02-19,28.6,16.9,0.0
2052-02-20,30.5,18.5,0.0
2052-02-21,30.5,19.28615542157317,0.0
2052-02-22,29.5,19.0,0.0
2052-02-23,31.9,18.0,0.0
2052-02-24,31.9,18.7,0.0
2052-02-25,31.2,19.401447629046665,0.4
2052-02-26,28.0,18.9,15.6
2052-02-27,27.7,19.26199242765661,7.4
2052-02-28,26.4,19.0,0.0
2052-03-01,28.4,19.4,7.2
2052-03-02,28.5,18.9,12.4
2052-03-03,29.35529865125241,18.8,9.0
2052-03-04,29.0,18.8,1.5
2052-03-05,28.0,19.0,20.4
2052-03-06,26.2,18.9,0.1
2052-03-07,28.4,18.9,3.0
2052-03-08,28.5,17.8,0.0
2052-03-09,29.1,18.5,0.0
2052-03-10,24.6,18.2,0.4749999999999999
2052-03-11,28.5,18.3,2.8
2052-03-12,31.435294117647057,18.4,0.0
2052-03-13,30.3,18.3,0.0
2052-03-14,28.9,19.971980266237523,0.0
2052-03-15,27.6,20.030606637882332,0.0
2052-03-16,28.5,20.091802570305283,0.0
2052-03-17,29.81271676300578,20.011193069424237,0.0
2052-03-18,31.2,18.0,0.0
2052-03-19,28.9,19.102645958275662,0.0
2052-03-20,25.7,19.1,0.0
2052-03-21,28.6,17.9,0.0
2052-03-22,30.0,18.9,0.0
2052-03-23,30.0,19.3,0.0
2052-03-24,29.5,19.0,0.0
2052-03-25,30.7,16.4,0.0
2052-03-26,31.6,15.0,0.0
2052-03-27,31.9,18.5,0.0
2052-03-28,31.9,17.4,0.0
2052-03-29,33.3,16.5,0.0
2052-03-30,31.1,18.9,0.9
2052-03-31,27.8,18.6,2.4
2052-04-01,28.8,18.540714285714284,0.9285714285714287
2052-04-02,30.0,18.4,0.0
2052-04-03,29.2,17.674506578947366,0.0
2052-04-04,27.6,18.5,0.0
2052-04-05,27.1,18.16420000000001,0.0
2052-04-06,26.8,18.5,12.24516129032258
2052-04-07,28.9,17.4,0.0
2052-04-08,30.3,18.4,0.0
2052-04-09,31.1,18.2,0.0
2052-04-10,30.0,18.1,0.0
2052-04-11,29.9,19.051242056614672,0.0
2052-04-12,28.9,19.7,0.0
2052-04-13,28.5,17.5,0.0
2052-04-14,28.4,16.8,0.0
2052-04-15,30.334959349593497,17.3,0.0
2052-04-16,30.6,18.5,0.0
2052-04-17,31.5,16.724,0.0
2052-04-18,31.37322834645669,17.8,0.0
2052-04-19,31.2,15.9,0.0
2052-04-20,31.3,17.0,0.0
2052-04-21,30.3,18.2,0.0
2052-04-22,25.176875,17.9,0.0
2052-04-23,27.0,17.5,0.0
2052-04-24,27.6,16.2,0.0
2052-04-25,28.7,15.2,0.0
2052-04-26,29.5,14.3,0.0
2052-04-27,30.0,12.5,0.0
2052-04-28,28.6,18.0,0.0
2052-04-29,28.9,17.4,0.0
2052-04-30,29.6,15.6,0.0
2052-05-01,29.5,13.94378254439163,0.0
2052-05-02,29.4,14.06471149745109,0.0
2052-05-03,29.6,12.8,0.0
2052-05-04,29.9,12.2,0.0
2052-05-05,29.5,12.8,0.0
2052-05-06,28.7,13.8,0.0
2052-05-07,28.0,12.9,0.0
2052-05-08,28.5,12.2,0.0
2052-05-09,27.627888666769184,13.5,0.0
2052-05-10,25.7,12.9,0.0
2052-05-11,25.9,9.24153231053123,0.0
2052-05-12,26.3,8.6,0.0
2052-05-13,27.6,8.1,0.0
2052-05-14,27.3,11.2,0.0
2052-05-15,27.6,10.5,0.0
2052-05-16,28.453679884971667,10.0,0.0
2052-05-17,27.0,12.0,0.0
2052-05-18,26.40172228202368,12.3,0.0
2052-05-19,26.4,13.2,0.0
2052-05-20,25.5,12.738739385240997,0.0
2052-05-21,26.3,11.3,0.0
2052-05-22,26.7,10.9,0.0
2052-05-23,26.1,10.0,0.0
2052-05-24,25.1,8.0,0.0
2052-05-25,25.7,7.3,0.0
2052-05-26,25.151994297850052,7.0,0.0
2052-05-27,26.2,14.9,0.0
2052-05-28,25.7,14.0,0.0
2052-05-29,25.6,15.3,0.0
2052-05-30,25.9,14.90750236487587,0.0
2052-05-31,25.5,14.092373621463523,0.0
2052-06-01,22.7,12.4,0.0
2052-06-02,21.2,14.0,0.0
2052-06-03,23.4,13.07826708038172,0.0
2052-06-04,24.7,11.5,0.0
2052-06-05,23.5,9.2,0.0
2052-06-06,22.218334735071487,7.3,0.0
2052-06-07,22.9,6.9,0.0
2052-06-08,21.0,10.0,0.0
2052-06-09,19.589220567898266,12.536021607802414,0.0
2052-06-10,17.343952171505457,12.3,0.0
2052-06-11,19.70355097457073,12.4,0.0
2052-06-12,23.2,11.581687344913151,0.0
2052-06-13,24.5,11.5,0.0
2052-06-14,23.848860604071312,12.6,0.0
2052-06-15,19.855872088580185,11.7,0.0
2052-06-16,22.1,10.9,0.0
2052-06-17,21.102563081786784,8.9,0.0
2052-06-18,20.300047274749723,6.9,0.0
2052-06-19,20.9,5.0,0.0
2052-06-20,22.0,3.4,0.0
2052-06-21,22.9,3.4,0.0
2052-06-22,22.1,7.4,0.0
2052-06-23,22.219472856018882,8.5,0.0
2052-06-24,19.6,9.4,0.0
2052-06-25,22.4,9.3,0.0
2052-06-26,22.7,8.711199720119128,0.0
2052-06-27,22.3,7.7,0.0
2052-06-28,22.1,7.2,0.0
2052-06-29,23.110187245087136,7.4,0.0
2052-06-30,23.9,5.0,0.0
2052-07-01,22.9,3.6,0.0
2052-07-02,23.8,6.5,0.0
2052-07-03,24.3,8.6,0.0
2052-07-04,25.7,9.5,0.0
2052-07-05,28.8,12.0,0.0
2052-07-06,27.904424331627144,12.286173519913888,0.0
2052-07-07,27.6,13.2,0.0
2052-07-08,26.8,12.620213161362566,0.0
2052-07-09,26.0,12.7,0.0
2052-07-10,25.7,12.4,0.0
2052-07-11,23.9,11.520210790286134,0.0
2052-07-12,23.1,9.9,0.0
2052-07-13,24.0,8.222573700475708,0.0
2052-07-14,24.2,8.9,0.0
2052-07-15,23.7,10.6,0.0
2052-07-16,23.7,9.9,0.0
2052-07-17,23.7,9.5,0.0
2052-07-18,24.0,9.4,0.0
2052-07-19,24.5,8.3,0.0
2052-07-20,25.8,9.0,0.0
2052-07-21,27.1,10.0,0.0
2052-07-22,27.340904198062425,11.1,0.0
2052-07-23,27.982615396092882,10.7,0.0
2052-07-24,29.47297490227181,11.6,0.0
2052-07-25,30.7,12.7,0.0
2052-07-26,31.27237957481162,13.0,0.0
2052-07-27,28.8,14.4,0.0
2052-07-28,28.0,13.529801113992818,0.0
2052-07-29,28.6,12.7,0.0
2052-07-30,26.584036348161305,14.162899174739849,0.0
2052-07-31,26.4,11.9,0.0
2052-08-01,28.6,11.5,0.0
2052-08-02,30.2,13.0,0.0
2052-08-03,30.2,14.5,0.0
2052-08-04,29.5,16.4,0.0
2052-08-05,26.0,16.6,0.0
2052-08-06,24.363999403169593,14.4,0.0
2052-08-07,24.9,15.0,0.0
2052-08-08,27.0,14.7,0.0
2052-08-09,30.019991388589883,16.7,0.0
2052-08-10,31.030883952324906,18.478892597975502,0.0
2052-08-11,31.706268967672475,18.672487180817846,0.0
2052-08-12,30.3,17.162028049484405,0.0
2052-08-13,30.7,15.4,0.0
2052-08-14,31.5,14.5,0.0
2052-08-15,31.9,14.5,0.0
2052-08-16,31.1,16.0,0.0
2052-08-17,32.5,15.232991582699523,0.0
2052-08-18,32.5,16.627570312715633,0.0
2052-08-19,31.4,17.2,0.0
2052-08-20,31.9,16.7,0.0
2052-08-21,31.4,17.5,0.0
2052-08-22,32.09367061356297,16.4,0.0
2052-08-23,29.0,16.770797613792706,0.0
2052-08-24,26.7,14.8,0.0
2052-08-25,27.7,12.0,0.0
2052-08-26,29.54884455946681,13.2,0.0
2052-08-27,31.4,15.5,0.0
2052-08-28,31.0,25.630126953125,0.0
2052-08-29,31.2,18.448886506138148,0.0
2052-08-30,31.5,17.45730175816289,0.0
2052-08-31,32.9,17.4,0.0
2052-09-01,34.9,19.5,0.0
2052-09-02,36.0,19.9,0.0
2052-09-03,35.4,20.230074792540297,0.0
2052-09-04,36.0,20.0,0.0
2052-09-05,35.4,20.2,0.0
2052-09-06,32.6,20.0,0.0
2052-09-07,31.818743853879518,18.7,0.0
2052-09-08,31.9,18.2,0.0
2052-09-09,32.9,18.1,0.0
2052-09-10,33.6,18.6,0.0
2052-09-11,33.7,19.6,0.0
2052-09-12,33.333419076751944,19.0,0.0
2052-09-13,33.26174874439614,18.6,0.0
2052-09-14,32.8,19.4,0.0
2052-09-15,33.0,18.5,0.0
2052-09-16,33.7,18.5,0.0
2052-09-17,34.0,19.2,0.0
2052-09-18,33.0,19.9,0.0
2052-09-19,32.0,18.5,0.0
2052-09-20,33.0,19.9,0.0
2052-09-21,32.3,21.141054319841317,0.0
2052-09-22,34.9,21.2,0.0
2052-09-23,38.02170604474327,21.881809973137077,0.0
2052-09-24,39.431884765625,21.53904036648302,0.0
2052-09-25,36.1307906220587,20.5,0.0
2052-09-26,32.35094343509249,19.0,3.8745762711864407
2052-09-27,19.092311322344692,18.8,3.9
2052-09-28,25.4,18.0,0.0
2052-09-29,30.0,17.0,0.0
2052-09-30,32.0,16.5,0.0
2052-10-01,29.8,16.7,0.0
2052-10-02,30.2,16.2,0.0
2052-10-03,32.0,17.0,0.0
2052-10-04,32.0,18.9,0.0
2052-10-05,30.2,16.9,0.0
2052-10-06,31.1,16.0,0.0
2052-10-07,31.5,17.6,0.0
2052-10-08,32.0,17.760434876210976,0.0
2052-10-09,34.4,17.9,0.0
2052-10-10,37.0,20.9,0.0
2052-10-11,37.52669537136705,22.6,0.0
2052-10-12,35.5,21.990627994180198,0.0
2052-10-13,35.1,21.4,0.0
2052-10-14,35.6,20.2,0.0
2052-10-15,36.0,20.3,0.0
2052-10-16,35.4,20.7,0.0
2052-10-17,35.2,20.07299773263403,0.0
2052-10-18,36.0,20.0,0.0
2052-10-19,38.401708984375,20.214764262647993,0.0
2052-10-20,38.0,21.2,0.0
2052-10-21,36.0,21.3,0.0
2052-10-22,32.9,20.0,0.0
2052-10-23,33.5,18.4,0.0
2052-10-24,35.2,20.2,0.0
2052-10-25,35.3,20.21061643344096,0.0
2052-10-26,36.0,20.5,0.0
2052-10-27,36.98813641472741,20.1,0.0
2052-10-28,37.61232876712322,20.9,0.0
2052-10-29,37.2,21.9,0.0
2052-10-30,35.8,20.6,1.98
2052-10-31,35.3,19.9,0.0
2052-11-01,35.6,20.3,0.0
2052-11-02,36.4,20.9,0.0
2052-11-03,36.6826325546904,21.5,0.0
2052-11-04,34.5,21.95039103805326,0.0
2052-11-05,35.2,21.2,0.0
2052-11-06,36.8,21.4,0.0
2052-11-07,40.59619140625,21.3,0.0
2052-11-08,37.23988785725636,21.0,0.0
2052-11-09,33.4,20.0,0.0
2052-11-10,33.2,20.2,0.0
2052-11-11,34.0,21.3,0.0
2052-11-12,36.4,21.9,0.0
2052-11-13,37.8655332859977,23.315096531253538,0.0
2052-11-14,34.48933105749683,21.11258618941293,0.7
2052-11-15,36.8,21.3,0.0
2052-11-16,36.791099252333815,21.3,0.0
2052-11-17,32.6,21.74563578801621,0.0
2052-11-18,35.7,21.0,0.0
2052-11-19,29.9,19.9,0.7
2052-11-20,28.0,19.9,0.0
2052-11-21,28.9,18.2,0.0
2052-11-22,32.6,17.0,0.0
2052-11-23,33.4,16.7,0.0
2052-11-24,33.7,18.7,0.0
2052-11-25,34.4,19.5,0.0
2052-11-26,35.5,20.4,0.0
2052-11-27,33.7,21.1,0.0
2052-11-28,35.0,20.7,0.0
2052-11-29,35.1,19.9,0.0
2052-11-30,35.6240880672011,21.13108512699134,0.0
2052-12-01,35.055712890625,25.949676513671875,0.0
2052-12-02,35.404345703125,25.69717407226562,0.0
2052-12-03,35.81572265625,23.95059204101562,0.0
2052-12-04,37.13896484375,25.23837280273437,0.0
2052-12-05,35.80906982421875,28.321258544921875,0.0
2052-12-06,33.581765616861674,23.868469238281246,0.0
2052-12-07,31.2,22.402174154112966,0.0
2052-12-08,32.1,20.655414660444137,38.68934911242609
2052-12-09,30.7,21.0,14.35064102564104
2052-12-10,27.7,20.63538062414887,0.0
2052-12-11,30.0,20.1,34.919088319088324
2052-12-12,27.7,19.9,22.797115384615413
2052-12-13,26.9,19.0,5.8
2052-12-14,25.5,19.0,0.0
2052-12-15,27.1,18.7,0.0
2052-12-16,30.0,20.417690418357733,0.0
2052-12-17,30.34638347029325,19.9,0.0
2052-12-18,26.2,19.9,0.0
2052-12-19,29.6,19.5,7.0
2052-12-20,28.3,19.109867991406617,13.109401709401736
2052-12-21,29.0,19.9,48.916263736263794
2052-12-22,29.5,20.2,40.40064102564105
2052-12-23,30.2,18.0,0.0
2052-12-24,31.1,17.2,0.0
2052-12-25,29.9,17.4,0.0
2052-12-26,25.0,19.7,0.0
2052-12-27,27.0,18.6,6.935737179487185
2052-12-28,28.0,18.2,32.81944444444446
2052-12-29,30.8,17.5,0.0
2052-12-30,31.6,17.3,0.0
2052-12-31,31.559099599146776,18.2,0.0
2053-01-01,28.9,18.8,3.4
2053-01-02,30.0,19.5,0.0
2053-01-03,30.3,18.0,0.0
2053-01-04,31.9,19.460894629828964,0.0
2053-01-05,32.147044104962255,21.0999267578125,0.0
2053-01-06,29.2,19.889140386098074,40.43180970149254
2053-01-07,27.2,19.7,2.7
2053-01-08,28.3,19.6,1.0
2053-01-09,29.9,19.6,0.0
2053-01-10,28.6,19.8,0.5
2053-01-11,29.9,19.7,0.0
2053-01-12,30.3,18.6,2.2
2053-01-13,29.4,17.2,0.0
2053-01-14,29.9,16.8,0.0
2053-01-15,30.0,15.9,0.0
2053-01-16,30.7,14.638741399811822,0.0
2053-01-17,31.6,13.129141488848365,0.0
2053-01-18,31.7,16.0,0.0
2053-01-19,29.6,19.6,0.0
2053-01-20,28.7,19.0,1.8
2053-01-21,29.2,18.5,8.538292910447762
2053-01-22,26.4,19.641433860467288,20.76679104477611
2053-01-23,26.6,19.281022354619857,28.3
2053-01-24,28.471437387872264,19.2,43.044568822553885
2053-01-25,24.8,19.0,3.8
2053-01-26,27.332894182618052,18.8,2.4
2053-01-27,30.1,17.5,0.0
2053-01-28,30.9,18.4,0.0
2053-01-29,28.0,19.784040417008182,28.3
2053-01-30,29.5,19.022427628821923,35.01330845771144
2053-01-31,26.1,19.1,8.462873134328357
2053-02-01,26.9,19.0,8.722119815668202
2053-02-02,24.7,18.8,15.167741935483875
2053-02-03,28.6,19.0,28.257603686635946
2053-02-04,30.0,19.080020865365388,0.0
2053-02-05,29.7,19.1,10.813824884792625
2053-02-06,32.15909546306372,18.3,3.0
2053-02-07,28.9,18.9,0.5
2053-02-08,28.5,18.5,3.2
2053-02-09,27.460588953202056,18.0,7.511059907834102
2053-02-10,28.513262541987213,18.6,7.1230414746543955
2053-02-11,28.5,18.8,25.335902806870543
2053-02-12,28.9,18.9,1.0
2053-02-13,28.7,19.0,7.469769585253453
2053-02-14,27.6,17.8,0.6
2053-02-15,27.6,18.9,1.6
2053-02-16,29.0,19.0,2.4
2053-02-17,26.7,19.0,0.0
2053-02-18,25.6,19.0,0.0
2053-02-19,27.6,18.8,6.600921658986178
2053-02-20,29.4,17.9,17.561059907834103
2053-02-21,27.7,19.0,2.562903225806451
2053-02-22,30.2,17.6,0.0
2053-02-23,32.0,16.8,0.0
2053-02-24,27.9,19.2,0.0
2053-02-25,29.2,18.8,0.0
2053-02-26,30.6,19.0,1.4
2053-02-27,29.9,16.1,0.0
2053-02-28,28.5,16.1,1.9
2053-03-01,30.7,16.4,0.0
2053-03-02,31.825781249999995,16.0,0.0
2053-03-03,32.0,15.0,0.0
2053-03-04,32.74240687679083,15.6,0.0
2053-03-05,32.657142857142865,16.3,0.0
2053-03-06,32.800859598853876,16.4,0.0
2053-03-07,31.985858585858583,18.3,0.0
2053-03-08,30.7,19.2,1.2
2053-03-09,27.1,18.9,21.700000000000003
2053-03-10,30.0,18.5,0.0
2053-03-11,29.7,19.0,9.0
2053-03-12,28.5,16.3,0.0
2053-03-13,29.7,15.2,0.0
2053-03-14,31.3,14.7,0.0
2053-03-15,31.6,17.6,2.5
2053-03-16,27.2,19.0,1.4
2053-03-17,28.906060606060603,18.6,0.9
2053-03-18,29.7,18.0,28.733333333333338
2053-03-19,22.0,17.4,0.0
2053-03-20,22.55177664974619,17.4,0.0
2053-03-21,26.7,18.2,0.0
2053-03-22,28.7125,18.7,0.0
2053-03-23,28.0,18.6,0.0
2053-03-24,27.7,17.5,3.0
2053-03-25,28.9,18.1,0.0
2053-03-26,28.5,17.8,0.0
2053-03-27,28.1,17.5,0.1
2053-03-28,27.4,17.9,0.0
2053-03-29,28.9,16.5,0.0
2053-03-30,29.2,16.1,0.0
2053-03-31,29.0,17.0,0.0
2053-04-01,27.0,16.4,3.3
2053-04-02,27.1,16.2,0.0
2053-04-03,26.9,16.7,0.0
2053-04-04,27.9,17.6,0.0
2053-04-05,28.22173913043478,19.09861351819757,0.0
2053-04-06,26.1,17.5,1.7666666666666668
2053-04-07,25.0,17.29326923076923,1.36
2053-04-08,27.0,16.96324786324786,0.0
2053-04-09,27.9,16.7,0.0
2053-04-10,27.2,15.2,0.0
2053-04-11,27.661538461538463,16.9,0.0
2053-04-12,28.5,16.210632447296064,0.0
2053-04-13,28.4,16.1,0.0
2053-04-14,28.37213114754098,18.594505494505498,0.0
2053-04-15,26.6,18.4,0.0
2053-04-16,28.5,19.013807047949157,0.0
2053-04-17,28.9,16.7,0.0
2053-04-18,26.7,16.9,2.3444444444444437
2053-04-19,28.3,17.8,4.6000000000000005
2053-04-20,29.0,17.2,0.0
2053-04-21,26.3,16.5,0.0
2053-04-22,25.254054054054052,16.7,0.0
2053-04-23,27.0,19.087290583477756,0.0
2053-04-24,28.3,18.955645161290324,0.0
2053-04-25,29.1,17.9,0.0
2053-04-26,29.5,16.4,0.0
2053-04-27,29.9,15.1,0.0
2053-04-28,27.1,17.235576923076923,0.0
2053-04-29,26.2,17.5,0.0
2053-04-30,25.8,17.2,0.0
2053-05-01,26.3,14.3,0.0
2053-05-02,28.4,15.0,0.0
2053-05-03,28.05546444627366,15.2,0.0
2053-05-04,27.4,14.1,0.0
2053-05-05,27.959981783555502,12.4,0.0
2053-05-06,27.5,11.8,0.0
2053-05-07,26.3,16.9,0.0
2053-05-08,28.5,17.623538120107895,0.0
2053-05-09,26.4,16.412087906428148,0.0
2053-05-10,27.5,13.5,0.0
2053-05-11,26.885840455470973,12.2,0.0
2053-05-12,27.2,10.6,0.0
2053-05-13,28.9,11.3,0.0
2053-05-14,28.4,11.6,0.0
2053-05-15,27.6,11.8,0.0
2053-05-16,29.0,11.444497805746451,0.0
2053-05-17,28.708738624131513,11.6,0.0
2053-05-18,26.5,12.0,0.0
2053-05-19,24.0,11.7,0.0
2053-05-20,26.6,10.367334050950838,0.0
2053-05-21,27.0,9.2,0.0
2053-05-22,27.5,11.3,0.0
2053-05-23,26.7,11.7,0.0
2053-05-24,26.1,10.9,0.0
2053-05-25,26.4,12.2,0.0
2053-05-26,26.0,11.5,0.0
2053-05-27,26.7,10.2,0.0
2053-05-28,28.001682707528637,10.2,0.0
2053-05-29,28.9,10.8,0.0
2053-05-30,26.7,13.5,0.0
2053-05-31,22.9,12.2,0.0
2053-06-01,23.4,12.4,0.0
2053-06-02,25.0,10.5,0.0
2053-06-03,26.3,11.2,0.0
2053-06-04,26.2,12.1,0.0
2053-06-05,25.6,12.3,0.0
2053-06-06,24.8,11.5,0.0
2053-06-07,25.4,11.2,0.0
2053-06-08,25.6,12.1,0.0
2053-06-09,27.0,12.0,0.0
2053-06-10,29.4,13.0,0.0
2053-06-11,28.95632474085538,14.2,0.0
2053-06-12,29.834594857844362,14.4,0.0
2053-06-13,30.267887966686647,16.55689805489586,0.0
2053-06-14,29.0,16.637150608938718,0.0
2053-06-15,30.0,15.958272650059072,0.0
2053-06-16,25.7,15.9,1.9
2053-06-17,23.797457492451933,13.7,1.9
2053-06-18,27.8,13.2,0.0
2053-06-19,27.2,14.30800975006243,0.0
2053-06-20,25.5,14.4,0.0
2053-06-21,21.392737962815826,14.2,1.9
2053-06-22,21.4,14.0,0.0
2053-06-23,24.1,12.9,0.0
2053-06-24,25.4,12.3,0.0
2053-06-25,25.7,12.2,0.0
2053-06-26,26.912886690917844,12.3,0.0
2053-06-27,28.038727012698097,12.315939884257109,0.0
2053-06-28,27.7,13.0,0.0
2053-06-29,26.4,12.2,0.0
2053-06-30,26.3,11.344171403496242,0.0
2053-07-01,26.5,11.2,0.0
2053-07-02,26.029080686164477,11.1,0.0
2053-07-03,25.9,10.6,0.0
2053-07-04,25.8,11.1,0.0
2053-07-05,25.897841111435266,11.9,0.0
2053-07-06,23.7,12.2,0.0
2053-07-07,22.4,11.2,0.0
2053-07-08,22.7,9.499340343904382,0.0
2053-07-09,22.6,9.266014624549944,0.0
2053-07-10,23.7,8.0,0.0
2053-07-11,24.7,8.9,0.0
2053-07-12,22.3,10.5,0.0
2053-07-13,21.6,9.0,0.0
2053-07-14,18.968021607288193,13.2,0.0
2053-07-15,22.6,11.1,0.0
2053-07-16,24.6,9.3,0.0
2053-07-17,25.602673392991974,9.8,0.0
2053-07-18,24.0,11.5,0.0
2053-07-19,22.3,9.4,0.0
2053-07-20,23.0,8.588625762468597,0.0
2053-07-21,25.9,9.2,0.0
2053-07-22,27.941246897036525,10.6,0.0
2053-07-23,29.1,12.7,0.0
2053-07-24,27.6,13.6,0.0
2053-07-25,27.0755134553283,13.3,0.0
2053-07-26,27.7,12.6,0.0
2053-07-27,26.6,13.526479363680366,0.0
2053-07-28,25.7,12.9,0.0
2053-07-29,25.28677037397132,12.6,0.0
2053-07-30,24.2,12.0,0.0
2053-07-31,24.8,11.520210790286134,0.0
2053-08-01,27.1,11.0,0.0
2053-08-02,27.3,13.0,0.0
2053-08-03,25.2,12.9,0.0
2053-08-04,24.4,10.6,0.0
2053-08-05,25.0,10.2,0.0
2053-08-06,25.9,10.6,0.0
2053-08-07,26.9,12.0,0.0
2053-08-08,28.6,13.2,0.0
2053-08-09,31.0,14.8,0.0
2053-08-10,32.9,16.4,0.0
2053-08-11,33.2,18.582690721795085,0.0
2053-08-12,32.9,18.921890485879317,0.0
2053-08-13,37.515869140625,19.0,0.0
2053-08-14,36.51979505461221,18.513662888238294,0.0
2053-08-15,32.58242315512498,17.4,0.0
2053-08-16,32.5,16.865925841101156,0.0
2053-08-17,34.57409671588439,17.153715958669395,0.0
2053-08-18,33.2,18.488964280611714,0.0
2053-08-19,32.1,17.620778417229594,0.0
2053-08-20,31.2,16.81298629557064,0.0
2053-08-21,30.0,15.37294566181247,0.0
2053-08-22,30.814565160907158,14.8,0.0
2053-08-23,31.458815058330657,14.8,0.0
2053-08-24,31.994293793220585,16.1,0.0
2053-08-25,31.0,17.11206211031549,0.0
2053-08-26,30.0,16.4,0.0
2053-08-27,30.263013132400424,15.5,0.0
2053-08-28,31.0,15.337583106439565,0.0
2053-08-29,31.4,15.7,0.0
2053-08-30,32.5,16.0,0.0
2053-08-31,33.21251917247727,16.7,0.0
2053-09-01,33.2,18.8,0.0
2053-09-02,31.0,17.9,0.0
2053-09-03,31.0,16.4,0.0
2053-09-04,32.7,16.2,0.0
2053-09-05,34.4,16.5,0.0
2053-09-06,33.8,18.1,0.0
2053-09-07,34.0,19.2,0.0
2053-09-08,36.0,19.567339018662718,0.0
2053-09-09,40.09814453125,19.982143977638977,0.0
2053-09-10,40.313720703125,20.408384799288473,0.0
2053-09-11,39.23291015625,20.92660448744219,0.0
2053-09-12,36.0,20.5,0.0
2053-09-13,36.0,19.6,0.0
2053-09-14,33.7,19.9,0.0
2053-09-15,33.2,18.9,0.0
2053-09-16,34.4,18.0,0.0
2053-09-17,34.6,19.2,0.0
2053-09-18,35.1,19.4,0.0
2053-09-19,35.1,19.6,0.0
2053-09-20,35.20014301604959,19.9,0.0
2053-09-21,36.0,19.7,0.0
2053-09-22,36.84129974975939,20.177868860777995,0.0
2053-09-23,36.08641291324051,20.421648912333865,0.0
2053-09-24,36.83323921165969,20.0,0.0
2053-09-25,39.04638671875,20.4,0.0
2053-09-26,36.0,20.6,0.0
2053-09-27,36.710316005638276,20.43978745152272,0.0
2053-09-28,35.1,20.6,0.0
2053-09-29,33.39758064516129,20.06137804892034,0.0
2053-09-30,33.5,19.4,0.0
2053-10-01,35.0,20.2,0.0
2053-10-02,32.7,22.2,0.0
2053-10-03,32.1,19.6106483662738,0.0
2053-10-04,32.7,19.2,0.0
2053-10-05,33.2,20.993775605966263,0.0
2053-10-06,35.5,22.0,0.0
2053-10-07,37.0,21.9,0.0
2053-10-08,38.681005859375,22.6,0.0
2053-10-09,36.54171078048275,24.997509765625,0.0
2053-10-10,36.32370687213188,22.0,0.0
2053-10-11,35.0,20.0,0.0
2053-10-12,36.9,21.6,0.0
2053-10-13,36.0,22.32651478084492,0.0
2053-10-14,35.5,21.4,0.0
2053-10-15,36.0,21.0,0.0
2053-10-16,37.101709411709635,21.34446723269278,0.0
2053-10-17,34.0,21.81929130422132,0.0
2053-10-18,34.4,20.4,0.0
2053-10-19,35.6,20.4,0.0
2053-10-20,35.4,20.9,0.0
2053-10-21,33.87479092489856,20.4,0.0
2053-10-22,34.3,20.2,0.0
2053-10-23,35.8,21.9,0.0
2053-10-24,35.8,23.682110018572512,0.0
2053-10-25,38.53671875,24.743359375,0.0
2053-10-26,38.59189453125,24.19599609375,0.0
2053-10-27,38.7720703125,24.208203125,0.0
2053-10-28,35.2,20.0,2.5460000000000003
2053-10-29,34.4,21.4,0.0
2053-10-30,36.236548947903906,20.6,0.0
2053-10-31,36.74226777875894,23.4619695225093,0.0
2053-11-01,36.787559454245915,24.4380859375,0.0
2053-11-02,34.11147402838169,21.826642741732506,0.0
2053-11-03,31.2,20.500924581722618,0.0
2053-11-04,33.5,20.9,0.0
2053-11-05,35.0,21.0,0.0
2053-11-06,37.637236378060024,22.3,0.0
2053-11-07,38.74833223505948,23.234989575433264,0.0
2053-11-08,39.506103515625,23.3,0.0
2053-11-09,39.587158203125,23.3,0.0
2053-11-10,36.22055193601356,22.9,0.0
2053-11-11,34.8,22.0,0.0
2053-11-12,36.6143674579812,23.251378097201748,0.0
2053-11-13,36.4,21.4,0.0
2053-11-14,36.2,21.7,0.0
2053-11-15,36.0,21.9,0.0
2053-11-16,37.76740200509834,23.099134502567544,0.0
2053-11-17,39.41095910879415,23.497535240385684,0.0
2053-11-18,35.5,24.461767578125,0.0
2053-11-19,33.0,21.768285659383636,5.8
2053-11-20,28.6,20.7,25.34666666666666
2053-11-21,31.7,20.6,0.0
2053-11-22,32.3,19.0,0.0
2053-11-23,33.073303670745275,20.2,0.0
2053-11-24,33.7,21.9,0.0
2053-11-25,34.0,21.75185144212683,0.0
2053-11-26,36.0,21.3,0.0
2053-11-27,36.4,21.26707701294424,0.0
2053-11-28,36.4,23.333033477751634,0.0
2053-11-29,33.7,21.301170887834857,0.0
2053-11-30,32.5,20.7,0.0
2053-12-01,33.69259915328531,20.670856829649885,0.0
2053-12-02,33.93874490064616,23.12930297851562,0.0
2053-12-03,33.7,21.06564314849084,1.1
2053-12-04,34.265185546875,21.0,0.0
2053-12-05,34.843798828125,26.26651000976562,0.0
2053-12-06,34.983203125,25.91275024414062,0.0
2053-12-07,34.640673828125,24.54190063476562,0.0
2053-12-08,33.66024768901268,21.0,2.3
2053-12-09,31.3,20.85406071205695,15.825641025641033
2053-12-10,29.9,21.0,43.2
2053-12-11,31.0,20.71468018745331,11.2
2053-12-12,30.0,19.9,42.63926282051284
2053-12-13,28.1,20.581320526209236,15.109401709401714
2053-12-14,27.7,21.0,0.0
2053-12-15,25.2,20.599427853131576,29.289262820512825
2053-12-16,28.3,20.236397783596782,42.765064102564125
2053-12-17,27.0,20.498038077827413,13.397916666666676
2053-12-18,25.4,19.3,34.52019230769232
2053-12-19,24.2,18.6,10.2
2053-12-20,24.516259320872884,18.2,0.0
2053-12-21,24.2,18.4,3.4243589743589826
2053-12-22,23.0,17.6,52.4
2053-12-23,27.7,19.2,25.705128205128215
2053-12-24,32.788329147231174,18.4,0.0
2053-12-25,32.0,19.9,0.0
2053-12-26,32.9,19.6,0.0
2053-12-27,33.7,19.7,0.0
2053-12-28,33.14160624275034,20.673501104710734,5.280769230769236
2053-12-29,27.9,20.80194126446141,5.4
2053-12-30,28.3,20.711629100844636,26.0
2053-12-31,27.2,20.61977989000296,5.8
2054-01-01,30.4,19.9,8.513152985074626
2054-01-02,28.6,19.9,22.951741293532343
2054-01-03,26.7,19.6,2.7
2054-01-04,29.8,18.9,0.0
2054-01-05,31.1,18.4,0.0
2054-01-06,30.9,18.3,0.0
2054-01-07,31.9,17.3,0.0
2054-01-08,32.098761895238916,18.2,0.0
2054-01-09,32.2,18.8,0.0
2054-01-10,30.3,20.555952565091758,0.0
2054-01-11,32.14469527349551,19.9,0.0
2054-01-12,31.9,21.206829833984376,0.0
2054-01-13,29.9,19.9,13.966293532338302
2054-01-14,29.1,19.8,1.2
2054-01-15,30.3,19.9,1.7
2054-01-16,30.7,19.8,2.7856343283582103
2054-01-17,29.5,19.8,8.864552238805969
2054-01-18,31.7,19.8,0.0
2054-01-19,27.8,19.8,7.051119402985072
2054-01-20,25.6,18.8,0.0
2054-01-21,29.1,16.0,0.0
2054-01-22,31.66687633356189,15.0,0.0
2054-01-23,30.4,17.5,0.0
2054-01-24,29.9,17.2,0.0
2054-01-25,30.9,16.8,0.0
2054-01-26,31.7,17.4,0.0
2054-01-27,32.07008651487667,17.3,0.0
2054-01-28,32.0,16.7,0.0
2054-01-29,32.07456522539978,16.7,0.0
2054-01-30,32.16826059903071,16.9,0.0
2054-01-31,32.16614280016726,18.3,0.0
2054-02-01,33.607291224234054,19.380205117331517,0.0
2054-02-02,33.422194258930126,19.92934164216835,0.0
2054-02-03,30.1,19.951236423625637,11.0
2054-02-04,27.6,19.2,0.0
2054-02-05,29.8,19.4,0.0
2054-02-06,29.9,19.95844537840865,0.0
2054-02-07,30.6,18.8,0.0
2054-02-08,32.68482078782348,17.2,0.0
2054-02-09,32.1,18.8,0.0
2054-02-10,32.46672192374192,20.56674343056221,0.0
2054-02-11,32.90756142437756,19.930730841988897,0.0
2054-02-12,33.65791603525733,19.300494772061356,0.0
2054-02-13,34.08252192781394,19.7,0.0
2054-02-14,34.03279082739223,21.90369873046875,0.0
2054-02-15,33.55553639510759,21.155682373046876,0.0
2054-02-16,32.63784446986751,20.13043044017572,5.6
2054-02-17,33.02522364405561,19.94308479753583,0.0
2054-02-18,33.86052828116084,20.157220858511057,0.0
2054-02-19,34.36033814368273,20.539506636409268,0.0
2054-02-20,35.9490234375,20.419847427950803,0.4
2054-02-21,28.4,19.979769595653938,0.0
2054-02-22,33.489882343311734,20.26304210388945,5.6
2054-02-23,32.91680353813846,20.286403744402747,2.1
2054-02-24,32.91494020703035,19.973280047920845,2.0
2054-02-25,30.9,20.14638356085833,59.278999341672204
2054-02-26,25.0,20.111023816792837,52.68141321044547
2054-02-27,25.0,19.918833337811563,125.0
2054-02-28,25.6,18.9,18.4
2054-03-01,29.9,16.8,0.0
2054-03-02,30.7,15.9,0.0
2054-03-03,32.0,17.1,0.0
2054-03-04,31.8,18.4,0.0
2054-03-05,30.9,17.2,0.0
2054-03-06,32.0,18.2,0.0
2054-03-07,31.1,17.9,0.0
2054-03-08,31.1,16.7,0.0
2054-03-09,31.6,16.5,0.0
2054-03-10,32.0,17.9,0.0
2054-03-11,32.0,18.8,0.0
2054-03-12,31.9,19.4,0.0
2054-03-13,31.8,19.3,0.0
2054-03-14,25.7,19.8,27.58571428571429
2054-03-15,29.692391304347826,19.3,4.6
2054-03-16,29.4,19.2,0.0
2054-03-17,29.2,20.06982022756642,0.0
2054-03-18,29.6,18.9,0.0
2054-03-19,29.2,18.0,0.0
2054-03-20,29.7,17.1,0.0
2054-03-21,29.5,20.122548297869184,0.0
2054-03-22,30.3,18.6,1.4
2054-03-23,31.587951807228915,17.5,0.0
2054-03-24,32.291796874999996,17.0,0.0
2054-03-25,31.9,18.3,0.0
2054-03-26,31.48449197860963,19.4,0.0
2054-03-27,31.8,18.7,0.0
2054-03-28,31.9,18.6,0.0
2054-03-29,33.0,18.2,0.0
2054-03-30,33.70048869883934,18.0,0.0
2054-03-31,33.273701298701305,19.0,0.0
2054-04-01,28.0,19.4,0.0
2054-04-02,28.9,17.6,0.0
2054-04-03,28.9,16.3,0.0
2054-04-04,28.1,14.9,0.0
2054-04-05,27.6,14.344871794871787,0.0
2054-04-06,27.1,14.4,0.0
2054-04-07,27.8,18.5,0.0
2054-04-08,29.5,16.2,0.0
2054-04-09,31.1,15.5,0.0
2054-04-10,31.3,16.9,0.0
2054-04-11,31.7,16.7,0.0
2054-04-12,32.0,17.0,0.0
2054-04-13,33.2,17.4,0.0
2054-04-14,35.60546875,17.6,0.0
2054-04-15,36.13037109375,17.9,0.0
2054-04-16,35.882080078125,18.1,0.0
2054-04-17,33.42980251346499,18.79597585513079,0.0
2054-04-18,31.1,19.4,0.0
2054-04-19,27.3,17.2,0.0
2054-04-20,29.1,15.4,0.0
2054-04-21,30.0,14.5,0.0
2054-04-22,32.0,14.8,0.0
2054-04-23,33.56508474576272,15.5,0.0
2054-04-24,32.0,16.0,0.0
2054-04-25,30.0,16.2,0.0
2054-04-26,28.6,13.793617021276598,0.0
2054-04-27,28.0,12.3,0.0
2054-04-28,28.9,11.4,0.0
2054-04-29,29.2,11.8,0.0
2054-04-30,28.9,11.5,0.0
2054-05-01,29.1,8.5,0.0
2054-05-02,29.93979670293459,9.2,0.0
2054-05-03,30.1,12.2,0.0
2054-05-04,30.2,13.5,0.0
2054-05-05,30.1,13.6,0.0
2054-05-06,30.0,14.1,0.0
2054-05-07,29.8,14.4,0.0
2054-05-08,30.0,14.2,0.0
2054-05-09,30.0,14.3,0.0
2054-05-10,30.0,14.2,0.0
2054-05-11,30.5,15.2,0.0
2054-05-12,30.7,16.28346929516319,0.0
2054-05-13,30.8,16.2,0.0
2054-05-14,30.1,16.9,0.0
2054-05-15,29.7,14.8,0.0
2054-05-16,30.1,13.3,0.0
2054-05-17,30.5,13.2,0.0
2054-05-18,30.5,13.5,0.0
2054-05-19,31.0,11.2,0.0
2054-05-20,30.7,12.4,0.0
2054-05-21,28.06478661432279,14.5,0.0
2054-05-22,27.0,12.0,0.0
2054-05-23,26.3,10.6,0.0
2054-05-24,25.7,10.9,0.0
2054-05-25,25.217653390742726,10.9,0.0
2054-05-26,26.4,10.0,0.0
2054-05-27,27.9,11.2,0.0
2054-05-28,29.2,11.9,0.0
2054-05-29,30.3,12.2,0.0
2054-05-30,31.0,12.2,0.0
2054-05-31,29.7,15.025773264619854,0.0
2054-06-01,26.2,14.0,0.0
2054-06-02,26.2,12.7,0.0
2054-06-03,26.3,11.2,0.0
2054-06-04,24.7,11.5,0.0
2054-06-05,24.0,10.2,0.0
2054-06-06,25.2,9.0,0.0
2054-06-07,27.4,10.6,0.0
2054-06-08,27.8,10.5,0.0
2054-06-09,25.6,12.0,0.0
2054-06-10,22.3,10.6,0.0
2054-06-11,24.3,8.0,0.0
2054-06-12,24.2,8.1271567891973,0.0
2054-06-13,24.6,7.2,0.0
2054-06-14,25.47059466270291,6.0,0.0
2054-06-15,25.7,8.4,0.0
2054-06-16,25.9,8.7,0.0
2054-06-17,25.9,9.9,0.0
2054-06-18,25.8,9.6,0.0
2054-06-19,25.3,11.0,0.0
2054-06-20,24.8,10.323250701838031,0.0
2054-06-21,25.2,9.5,0.0
2054-06-22,26.9,9.1,0.0
2054-06-23,27.4,9.0,0.0
2054-06-24,25.0,12.0,0.0
2054-06-25,24.5,11.2,0.0
2054-06-26,23.9,10.795576394669574,0.0
2054-06-27,23.8,10.0,0.0
2054-06-28,24.9,8.0,0.0
2054-06-29,25.9,9.0,0.0
2054-06-30,26.4,8.5,0.0
2054-07-01,26.0,8.1,0.0
2054-07-02,23.3,10.5,0.0
2054-07-03,23.0,9.207168998923569,0.0
2054-07-04,24.6,9.8,0.0
2054-07-05,25.2,10.5,0.0
2054-07-06,24.6,10.7,0.0
2054-07-07,23.2,11.0,0.0
2054-07-08,22.4,9.0,0.0
2054-07-09,24.7,8.0,0.0
2054-07-10,26.0,10.0,0.0
2054-07-11,26.0,10.4,0.0
2054-07-12,26.1,9.5,0.0
2054-07-13,26.7,10.0,0.0
2054-07-14,24.9,11.9,0.0
2054-07-15,23.28247135398328,10.4,0.0
2054-07-16,22.51391989122429,10.2,0.0
2054-07-17,24.6,7.5,0.0
2054-07-18,25.7,6.0083961248654445,0.0
2054-07-19,26.572461010839355,7.5,0.0
2054-07-20,26.9,7.9,0.0
2054-07-21,24.0,11.7,0.0
2054-07-22,22.9,9.6,0.0
2054-07-23,23.6,8.9,0.0
2054-07-24,24.9,8.9,0.0
2054-07-25,25.2,11.2,0.0
2054-07-26,23.7,11.7,0.0
2054-07-27,23.9,10.9,0.0
2054-07-28,25.0,10.6,0.0
2054-07-29,26.4,11.42650971252505,0.0
2054-07-30,27.968755075722843,12.2,0.0
2054-07-31,29.0,12.9,0.0
2054-08-01,28.7,15.0,0.0
2054-08-02,25.5,13.9,0.0
2054-08-03,25.2,11.2,0.0
2054-08-04,26.9,10.6,0.0
2054-08-05,28.0,11.4,0.0
2054-08-06,28.6,11.8,0.0
2054-08-07,28.6,13.1,0.0
2054-08-08,26.4,14.7,0.0
2054-08-09,24.1,12.4,0.0
2054-08-10,24.5,12.5,0.0
2054-08-11,23.72200618945102,10.2,0.0
2054-08-12,27.0,9.4,0.0
2054-08-13,30.0,12.5,0.0
2054-08-14,30.9,15.0,0.0
2054-08-15,30.496121021067193,15.638180548686467,0.0
2054-08-16,30.6,15.0,0.0
2054-08-17,30.4,15.0,0.0
2054-08-18,30.6,15.689874648425286,0.0
2054-08-19,30.9,15.785865760321396,0.0
2054-08-20,31.5,16.04154438841991,0.0
2054-08-21,32.0764379700758,16.4,0.0
2054-08-22,31.243150838226985,16.7,0.0
2054-08-23,30.260695801937565,15.627207983009914,0.0
2054-08-24,29.0,15.8,0.0
2054-08-25,28.7,15.259138153134867,0.0
2054-08-26,30.3,15.2,0.0
2054-08-27,31.224030949919516,16.0,0.0
2054-08-28,32.10478306797551,16.9,0.0
2054-08-29,31.5,18.482068730259126,0.0
2054-08-30,28.6,17.0,0.0
2054-08-31,27.7,14.5,0.0
2054-09-01,27.7,16.0,0.0
2054-09-02,26.9,12.735535515652314,0.0
2054-09-03,28.9,13.6,0.0
2054-09-04,31.0,15.4,0.0
2054-09-05,33.0,17.0,0.0
2054-09-06,34.4,18.7,0.0
2054-09-07,31.0,18.9,0.0
2054-09-08,31.33931843462433,16.9,0.0
2054-09-09,32.5,16.5,0.0
2054-09-10,33.5,17.3,0.0
2054-09-11,34.535740047864635,17.8,0.0
2054-09-12,34.7,18.7,0.0
2054-09-13,34.41888663511382,18.5,0.0
2054-09-14,34.0,19.0,0.0
2054-09-15,33.4,19.4,0.0
2054-09-16,33.1,19.0,0.0
2054-09-17,33.5,18.2,0.0
2054-09-18,34.9,18.0,0.0
2054-09-19,38.26142963434586,18.2,0.0
2054-09-20,40.343994140625,19.2,0.0
2054-09-21,41.20361328125,20.6,0.0
2054-09-22,40.98486328125,21.41729589933201,0.0
2054-09-23,39.385009765625,21.349942303494018,0.0
2054-09-24,39.923095703125,20.45366022307069,0.0
2054-09-25,40.29296875,20.5,0.0
2054-09-26,34.834912197523664,21.420009425495273,0.0
2054-09-27,35.085112112873965,19.9,0.0
2054-09-28,35.4,19.9,0.0
2054-09-29,34.1,20.4,0.0
2054-09-30,33.2,19.9,0.0
2054-10-01,33.2,19.4,0.0
2054-10-02,32.9,20.1,0.0
2054-10-03,33.9,20.3,0.0
2054-10-04,33.2,19.6,0.0
2054-10-05,33.4,19.1,0.0
2054-10-06,34.3,18.9,0.0
2054-10-07,35.2,19.5,0.0
2054-10-08,36.764341929703555,20.1,0.0
2054-10-09,38.76181640625,20.94467314216631,0.0
2054-10-10,39.83701171875,21.694325821877914,0.0
2054-10-11,40.537939453125,22.0,0.0
2054-10-12,41.16806640625,22.527050325151873,0.0
2054-10-13,40.286474609375,23.45118444395268,0.0
2054-10-14,38.4810546875,23.286118781298253,0.0
2054-10-15,37.0,21.70434990811494,0.0
2054-10-16,36.0,21.8461476360023,0.0
2054-10-17,36.0,21.6,0.0
2054-10-18,35.2,21.6,0.0
2054-10-19,35.5,20.9,0.0
2054-10-20,38.13841427482651,21.3,0.0
2054-10-21,35.802187102456195,20.9,0.0
2054-10-22,32.7,19.601703367185156,4.488000000000002
2054-10-23,32.1,19.2,0.6815999999999998
2054-10-24,33.9,19.3,0.0
2054-10-25,37.0,20.7,0.0
2054-10-26,39.247900390625,22.1,0.0
2054-10-27,40.12802734375,21.349989490512787,0.0
2054-10-28,39.910498046875,22.0,0.0
2054-10-29,39.471044921875,22.389760606357108,0.0
2054-10-30,38.58408203125,22.657689938088044,0.0
2054-10-31,38.7037109375,22.486943216290488,0.0
2054-11-01,40.675048828125,23.233199232719056,0.0
2054-11-02,41.217041015625,23.235058434768426,0.0
2054-11-03,41.2783203125,23.435196240030656,0.0
2054-11-04,37.89563490590548,23.387108315625387,0.0
2054-11-05,36.21744477991419,22.65361512791993,0.0
2054-11-06,36.7601175909741,23.0,0.0
2054-11-07,36.4,21.7,0.0
2054-11-08,36.8,21.0,0.0
2054-11-09,36.4,21.3,0.0
2054-11-10,38.21119694731857,22.6,0.0
2054-11-11,38.14236643739245,21.9,0.0
2054-11-12,39.9658203125,21.60199600177354,0.0
2054-11-13,40.20458984375,21.767150307586967,0.0
2054-11-14,40.697509765625,21.7,0.0
2054-11-15,36.2,20.841310222299644,0.0
2054-11-16,38.130144197312184,23.385315119085725,0.0
2054-11-17,39.9716796875,23.273688521794124,0.0
2054-11-18,40.4990234375,23.4016906060344,0.0
2054-11-19,40.8466796875,23.2,0.0
2054-11-20,40.816650390625,23.218862858555934,0.0
2054-11-21,41.533935546875,23.292314971955367,0.0
2054-11-22,40.22607421875,26.94833984375,0.0
2054-11-23,36.10362442911539,21.2,0.0
2054-11-24,32.2,20.5,0.0
2054-11-25,32.5,20.0,0.0
2054-11-26,32.9,20.3,0.0
2054-11-27,32.9,20.886270153447793,0.0
2054-11-28,32.9,20.7,0.0
2054-11-29,33.4,20.7,0.0
2054-11-30,33.8,20.7,0.0
2054-12-01,32.9,21.0,12.065201465201472
2054-12-02,31.8,21.0,43.1
2054-12-03,24.6,19.9,2.0
2054-12-04,29.0,19.5,5.0
2054-12-05,32.1,21.05207761042627,0.0
2054-12-06,31.7,19.91521329830125,1.8717948717948734
2054-12-07,30.7,20.399612794353704,43.1
2054-12-08,27.7,20.613644349475564,29.26410256410257
2054-12-09,28.2,20.5,12.065201465201472
2054-12-10,28.9,20.1,0.0
2054-12-11,29.1,20.5,4.0
2054-12-12,30.877648064097297,20.5,8.475641025641028
2054-12-13,30.312998503504943,21.0,0.5
2054-12-14,28.0,19.9,1.2
2054-12-15,28.0,20.43789482165636,10.4
2054-12-16,30.2,19.4,24.931944444444444
2054-12-17,31.9,19.916346246590347,0.6733974358974361
2054-12-18,31.8,18.0,0.0
2054-12-19,32.9,18.0,0.0
2054-12-20,33.1,19.9,0.0
2054-12-21,30.0,21.08597380132161,0.0
2054-12-22,31.741738190270294,20.894421607692053,43.1
2054-12-23,30.0,21.0,13.322435897435907
2054-12-24,29.2,20.626158607441514,3.4243589743589826
2054-12-25,29.9,20.70852716279248,15.457264957264965
2054-12-26,28.9,20.81862053792216,43.1
2054-12-27,28.9,20.3441563274523,0.0
2054-12-28,29.6,20.2,30.19807692307693
2054-12-29,31.4,19.7,4.0
2054-12-30,25.5,19.5,42.34519230769233
2054-12-31,25.7,19.5,10.4
2055-01-01,30.0,19.7,19.057835820895527
2055-01-02,29.0,19.8,11.0
2055-01-03,29.9,19.8,4.6
2055-01-04,30.0,19.8,11.0
2055-01-05,26.3,19.8,1.7
2055-01-06,29.2,20.23824158757315,2.6822761194029843
2055-01-07,31.1,19.8,0.0
2055-01-08,31.5,19.4,0.0
2055-01-09,30.2,19.7,4.6
2055-01-10,31.761289578507178,19.0,2.990111940298507
2055-01-11,30.9,19.7,0.0
2055-01-12,30.109657136861564,19.488247418570342,5.6
2055-01-13,29.8,19.3,2.7
2055-01-14,30.9,19.8,0.0
2055-01-15,31.1,19.443479045794387,0.0
2055-01-16,31.0,18.0,0.0
2055-01-17,28.9,19.2,17.34566231343283
2055-01-18,29.8,19.9,6.697761194029847
2055-01-19,27.2,19.8,10.157089552238803
2055-01-20,31.1,19.8,0.8
2055-01-21,29.7,19.4,14.0
2055-01-22,28.9,19.7,11.0
2055-01-23,26.8,19.8,22.567164179104473
2055-01-24,28.9,19.778597990451505,4.0
2055-01-25,28.0,19.4,0.0
2055-01-26,29.9,19.7,11.994216417910447
2055-01-27,27.2,19.5,1.8
2055-01-28,25.5,19.8,3.7
2055-01-29,28.0,19.7,23.0
2055-01-30,28.6,19.7,0.9263059701492536
2055-01-31,29.0,19.8,5.4
2055-02-01,30.9,18.8,13.573732718894009
2055-02-02,29.2,19.2,30.836774193548436
2055-02-03,29.2,19.2,52.27772657450078
2055-02-04,28.7,16.2,0.0
2055-02-05,30.5,15.0,0.0
2055-02-06,31.6,17.7,0.0
2055-02-07,32.277898986478775,18.2,0.0
2055-02-08,31.9,16.5,0.0
2055-02-09,31.64017167411457,17.9,0.0
2055-02-10,32.65466707021661,17.3,0.0
2055-02-11,32.0,17.5,0.0
2055-02-12,32.0,19.0,0.0
2055-02-13,32.68803013086702,18.1,25.0
2055-02-14,24.4,19.1,82.91418165601311
2055-02-15,27.49002366000747,19.0,0.0
2055-02-16,28.5,19.45637760339517,0.0
2055-02-17,30.0,17.9,0.0
2055-02-18,29.9,18.8,0.0
2055-02-19,30.0,18.5,0.0
2055-02-20,30.6,18.7,0.0
2055-02-21,30.3,19.1,0.0
2055-02-22,28.9,19.0,0.2
2055-02-23,28.7,19.0,1.0
2055-02-24,30.5,19.2,0.0
2055-02-25,30.868857105019195,19.0,0.0
2055-02-26,30.6039374268106,17.5,0.0
2055-02-27,31.9,18.933221192664085,0.0
2055-02-28,29.9,19.4,0.0
2055-03-01,27.9,19.960041227773075,0.0
2055-03-02,27.6,19.2,0.0
2055-03-03,28.6,19.6,0.0
2055-03-04,29.823699421965316,18.9,0.0
2055-03-05,29.9,16.39248039366446,0.0
2055-03-06,30.7,14.9,0.0
2055-03-07,31.6,15.0,0.0
2055-03-08,31.8,15.6,0.0
2055-03-09,28.8,19.4,0.0
2055-03-10,30.7,19.4,10.9
2055-03-11,30.6,19.3,0.0
2055-03-12,29.9,18.8,0.0
2055-03-13,31.8203125,17.3,0.0
2055-03-14,31.8,17.2,0.0
2055-03-15,31.510843373493973,16.1,0.0
2055-03-16,32.800859598853876,15.0,0.0
2055-03-17,33.7,15.3,0.0
2055-03-18,33.0,16.8,0.0
2055-03-19,32.0,17.8,0.0
2055-03-20,32.0,18.4,0.0
2055-03-21,33.40250447227191,18.4,0.0
2055-03-22,29.5,18.5,0.0
2055-03-23,33.7,17.9,0.0
2055-03-24,33.770616982284686,17.831844461953324,0.0
2055-03-25,31.0,20.07491231109641,0.0
2055-03-26,30.0,19.2,0.0
2055-03-27,31.8,18.3,0.0
2055-03-28,32.0,16.7,0.0
2055-03-29,31.7,16.7,0.0
2055-03-30,32.0,15.7,0.0
2055-03-31,33.01372549019608,15.1,0.0
2055-04-01,32.6622311827957,18.0,0.0
2055-04-02,32.7,17.2,0.0
2055-04-03,32.7,16.7,0.0
2055-04-04,29.4,18.1,0.0
2055-04-05,29.4,18.54439560439561,2.3
2055-04-06,29.2,18.6,0.0
2055-04-07,30.6,19.7,0.0
2055-04-08,31.505055487053024,19.4,0.0
2055-04-09,33.2,16.9,0.0
2055-04-10,33.757739557739555,16.54705882352942,0.0
2055-04-11,33.63355932203391,19.70466160220994,0.0
2055-04-12,33.31382405745062,18.825878594249197,0.0
2055-04-13,35.545654296875,16.5,0.0
2055-04-14,35.702880859375,17.6,0.0
2055-04-15,29.4,19.70759668508286,0.0
2055-04-16,28.4,20.251025390625,0.0
2055-04-17,31.4,19.836049723756886,0.0
2055-04-18,32.45454545454545,18.6,0.0
2055-04-19,32.0,15.7,0.0
2055-04-20,32.0,14.1,0.0
2055-04-21,33.10017873100983,14.2,0.0
2055-04-22,31.8,15.5,0.0
2055-04-23,31.4,16.0,0.0
2055-04-24,31.599136868064125,16.9,0.0
2055-04-25,33.16541554959786,16.6,0.0
2055-04-26,33.98666666666668,17.6,0.0
2055-04-27,32.66155913978495,19.640697674418593,0.0
2055-04-28,30.2,18.3,0.0
2055-04-29,27.6,17.65921052631579,0.0
2055-04-30,29.9,16.279560036663607,0.0
2055-05-01,30.5,15.582862481467176,0.0
2055-05-02,30.7,15.6,0.0
2055-05-03,31.0,15.67106158903789,0.0
2055-05-04,29.9,16.7,0.0
2055-05-05,28.5,16.9,0.0
2055-05-06,27.6,14.4,0.0
2055-05-07,27.873412271259415,15.0,0.0
2055-05-08,27.6,12.9,0.0
2055-05-09,27.6,13.2,0.0
2055-05-10,28.0,12.9,0.0
2055-05-11,28.91005332064985,12.4,0.0
2055-05-12,29.6,13.4,0.0
2055-05-13,30.0,18.066476535017124,0.0
2055-05-14,29.43010973352641,18.133712085377706,0.0
2055-05-15,30.1,17.0,0.0
2055-05-16,30.1,18.221498976339696,0.0
2055-05-17,29.6,17.2,0.0
2055-05-18,29.5,15.2,0.0
2055-05-19,29.4,15.2,0.0
2055-05-20,29.5,14.3,0.0
2055-05-21,27.5,14.117956747235525,0.0
2055-05-22,26.8,12.5,0.0
2055-05-23,27.5,12.3,0.0
2055-05-24,27.47745636385932,14.1,0.0
2055-05-25,23.4,13.5,0.0
2055-05-26,26.0,13.1,0.0
2055-05-27,27.9,11.5,0.0
2055-05-28,29.3,13.0,0.0
2055-05-29,29.5,13.4,0.0
2055-05-30,29.997230791440057,11.9,0.0
2055-05-31,29.333256144223018,9.6,0.0
2055-06-01,27.9,11.5,0.0
2055-06-02,28.0,12.1,0.0
2055-06-03,26.5,11.7,0.0
2055-06-04,26.0,11.3,0.0
2055-06-05,25.547559966914815,12.2,0.0
2055-06-06,25.7,13.0,0.0
2055-06-07,26.9,13.0,0.0
2055-06-08,27.377547892720308,12.4,0.0
2055-06-09,25.7,12.3,0.0
2055-06-10,23.4,11.4,0.0
2055-06-11,23.35849276974416,10.8,0.0
2055-06-12,23.2,8.7,0.0
2055-06-13,24.6,7.0,0.0
2055-06-14,25.5,10.2,0.0
2055-06-15,26.2,11.6,0.0
2055-06-16,27.2,13.087739593700611,0.0
2055-06-17,26.9,12.2,0.0
2055-06-18,28.0,11.5,0.0
2055-06-19,29.205554911046363,11.5,0.0
2055-06-20,29.0,11.7,0.0
2055-06-21,29.88793859844272,12.6,0.0
2055-06-22,30.451017678533635,14.1,0.0
2055-06-23,30.40686464171038,14.7,0.0
2055-06-24,29.5,14.0,0.0
2055-06-25,29.48669172713234,12.52607808553396,0.0
2055-06-26,29.2,13.4,0.0
2055-06-27,28.17331227819271,13.2,0.0
2055-06-28,28.9,12.6425649711801,0.0
2055-06-29,27.6,13.021432000468366,0.0
2055-06-30,26.5,12.9,0.0
2055-07-01,25.1,12.4,0.0
2055-07-02,22.9,11.9,0.0
2055-07-03,22.9,10.7,0.0
2055-07-04,25.6,9.4,0.0
2055-07-05,27.7,10.0,0.0
2055-07-06,29.2,11.767418313135872,0.0
2055-07-07,28.0,13.6,0.0
2055-07-08,25.6,12.9,0.0
2055-07-09,26.0,11.8,0.0
2055-07-10,27.6,12.1,0.0
2055-07-11,27.4,12.9,0.0
2055-07-12,26.2,12.4,0.0
2055-07-13,27.1,12.1,0.0
2055-07-14,28.5,12.2,0.0
2055-07-15,29.141864975224397,12.6,0.0
2055-07-16,28.8,12.4,0.0
2055-07-17,28.5,12.0,0.0
2055-07-18,29.2,11.2,0.0
2055-07-19,29.7,11.40999792615123,0.0
2055-07-20,28.1,13.754170146813813,0.0
2055-07-21,27.42601541101364,12.899893215083694,0.0
2055-07-22,25.9,13.3,0.0
2055-07-23,24.7,12.4,0.0
2055-07-24,25.5,11.7,0.0
2055-07-25,24.3,10.5,0.0
2055-07-26,23.529189092213848,10.4,0.0
2055-07-27,23.2,10.4,0.0
2055-07-28,23.0,10.4,0.0
2055-07-29,23.2,9.9,0.0
2055-07-30,23.0,11.0,0.0
2055-07-31,23.1,10.2,0.0
2055-08-01,24.2,9.2,0.0
2055-08-02,25.0,10.6,0.0
2055-08-03,26.3,10.5,0.0
2055-08-04,26.3,10.9,0.0
2055-08-05,27.2,10.7,0.0
2055-08-06,29.1,12.0,0.0
2055-08-07,30.7,13.453670613562966,0.0
2055-08-08,31.4,15.0,0.0
2055-08-09,31.2,16.7,0.0
2055-08-10,31.0,16.2,0.0
2055-08-11,28.9,16.344222123725697,0.0
2055-08-12,25.7,13.7,0.0
2055-08-13,24.7,12.1,0.0
2055-08-14,24.4,11.4,0.0
2055-08-15,25.2,10.4,0.0
2055-08-16,26.1,11.0,0.0
2055-08-17,27.6,12.1,0.0
2055-08-18,28.7,13.6,0.0
2055-08-19,29.0,14.5,0.0
2055-08-20,28.6,14.8,0.0
2055-08-21,27.7,14.2,0.0
2055-08-22,27.7,12.9,0.0
2055-08-23,29.8,15.4,0.0
2055-08-24,31.1,16.18597710147764,0.0
2055-08-25,31.1,16.7,0.0
2055-08-26,27.3,16.9,0.0
2055-08-27,27.7,16.4,0.0
2055-08-28,29.586850422554566,14.8,0.0
2055-08-29,31.5,16.0,0.0
2055-08-30,32.75976083869638,17.107672579210938,0.0
2055-08-31,30.5,17.287069915831257,0.0
2055-09-01,32.0,15.2,0.0
2055-09-02,33.8,15.4,0.0
2055-09-03,34.0,18.0,0.0
2055-09-04,34.88901930835257,18.1,0.0
2055-09-05,35.4,18.2,0.0
2055-09-06,32.0,19.935383630390366,0.0
2055-09-07,28.4,17.8,0.0
2055-09-08,29.9,15.9,0.0
2055-09-09,30.7,14.9,0.0
2055-09-10,31.1,14.5,0.0
2055-09-11,30.0,15.4,0.0
2055-09-12,30.678878276137862,15.6,0.0
2055-09-13,32.0,15.2,0.0
2055-09-14,35.2,16.0,0.0
2055-09-15,35.4,15.2,0.0
2055-09-16,33.7,16.0,0.0
2055-09-17,30.91158231368187,17.8,0.0
2055-09-18,30.8989247311828,16.4,0.0
2055-09-19,31.1,15.04079355312049,0.0
2055-09-20,31.9,14.2,0.0
2055-09-21,32.6,14.8,0.0
2055-09-22,33.10097066916457,17.4,0.0
2055-09-23,33.102935425326386,20.2,0.0
2055-09-24,33.0,20.0,0.0
2055-09-25,34.4,20.4,0.0
2055-09-26,35.3,20.71191407418041,0.0
2055-09-27,35.6,20.410961281678585,0.0
2055-09-28,35.56742957529687,20.4,0.0
2055-09-29,33.7,20.0,0.0
2055-09-30,32.94039646041207,19.5,0.0
2055-10-01,32.7,18.7,0.0
2055-10-02,33.2,19.3,0.0
2055-10-03,35.2,20.8,0.0
2055-10-04,35.1,20.2,0.0
2055-10-05,33.9,19.499569429494077,0.0
2055-10-06,33.2,18.8,0.0
2055-10-07,34.2,17.4,0.0
2055-10-08,36.0,17.6,0.0
2055-10-09,38.0,19.5,0.0
2055-10-10,34.12138268689883,21.0,0.0
2055-10-11,34.0,19.9,0.0
2055-10-12,34.14396159588873,20.2,0.0
2055-10-13,35.15473159545092,20.7,0.0
2055-10-14,30.6,20.7,0.0
2055-10-15,33.5,20.0,0.0
2055-10-16,34.3,18.7,0.0
2055-10-17,35.0,19.5,0.0
2055-10-18,33.2,20.7,0.0
2055-10-19,32.6,20.0,0.0
2055-10-20,33.3,18.5,0.0
2055-10-21,34.2,18.1,0.0
2055-10-22,33.6,19.4,0.0
2055-10-23,34.2,20.1,0.0
2055-10-24,35.2,20.71066815316007,0.0
2055-10-25,35.98088949565491,22.0,0.0
2055-10-26,30.6,20.2,0.7584000000000001
2055-10-27,25.40115715823466,18.7,3.18
2055-10-28,32.9,19.4,0.0
2055-10-29,34.6,21.0,0.0
2055-10-30,34.6,20.4,0.0
2055-10-31,35.8,19.826512763339995,0.0
2055-11-01,36.0,21.3,0.0
2055-11-02,35.438380513495716,21.4,0.0
2055-11-03,35.6,21.135762831912047,0.0
2055-11-04,36.4,21.2,0.0
2055-11-05,35.7,21.9,0.0
2055-11-06,32.9,21.5,0.0
2055-11-07,33.7,21.0,0.0
2055-11-08,34.6,21.0,0.0
2055-11-09,35.5,21.0,0.0
2055-11-10,34.9,21.651147107897664,0.0
2055-11-11,33.4,20.7,0.0
2055-11-12,33.0,20.5,0.0
2055-11-13,32.9,18.7,0.0
2055-11-14,33.7,20.2,0.45
2055-11-15,33.3,20.0,0.0
2055-11-16,34.0,19.9,0.0
2055-11-17,34.84112603747753,20.223118279569892,0.0
2055-11-18,35.2,21.3,0.0
2055-11-19,36.0,21.102839612609507,0.0
2055-11-20,34.9,20.4,0.0
2055-11-21,33.5,19.9,0.0
2055-11-22,34.4692416861647,20.317360724879556,0.0
2055-11-23,36.0,20.5,0.0
2055-11-24,32.2,21.3,0.8
2055-11-25,34.0,21.0,0.0
2055-11-26,32.6,21.7,0.0
2055-11-27,34.0,21.0,0.0
2055-11-28,32.4,20.5,1.0
2055-11-29,32.5,20.4,0.0
2055-11-30,33.5,20.0,1.2
2055-12-01,24.6,19.4953592900838,61.40244755244756
2055-12-02,23.9,18.5,48.135576923077
2055-12-03,25.2,18.2,0.830769230769231
2055-12-04,27.2,18.3,0.0
2055-12-05,30.7,18.5,0.0
2055-12-06,30.3,19.9,13.6
2055-12-07,30.8,19.9,4.048717948717949
2055-12-08,32.0,19.5,1.9
2055-12-09,31.3389377979394,17.9,0.0
2055-12-10,29.6,19.0,0.0
2055-12-11,28.2,19.0,1.3
2055-12-12,31.6,17.9,1.0
2055-12-13,30.7,19.4,0.0
2055-12-14,31.6,20.578720403851595,0.0
2055-12-15,31.5,20.367983949088888,2.3
2055-12-16,26.6,20.582087468775168,11.2
2055-12-17,24.55059203444564,19.5,63.18918353576269
2055-12-18,25.7,19.4,3.3
2055-12-19,29.5,19.4,3.6
2055-12-20,29.4,19.7,4.226282051282054
2055-12-21,27.1,18.671810446460494,0.0
2055-12-22,30.4,17.9,0.0
2055-12-23,31.6,17.8,0.0
2055-12-24,31.60106708818204,19.6,0.0
2055-12-25,29.9,19.8,0.10192307692307695
2055-12-26,28.4,19.055831843301142,3.6
2055-12-27,29.0,18.6,8.811752136752142
2055-12-28,29.4,19.88600668142017,0.0
2055-12-29,28.3,20.2,1.4
2055-12-30,27.0,19.9,8.8
2055-12-31,29.4,18.9,9.99038461538462
2056-01-01,28.6,18.0,17.923320895522387
2056-01-02,28.7,18.9,0.0
2056-01-03,28.6,18.9,0.0
2056-01-04,29.1,19.7,12.094776119402985
2056-01-05,24.9,19.5,9.621548507462684
2056-01-06,25.1,18.3507870700955,23.0
2056-01-07,24.6,17.9,63.9096777672333
2056-01-08,23.1,18.2,20.61277985074627
2056-01-09,23.0,18.2,5.3
2056-01-10,26.9,18.2,0.0
2056-01-11,26.0,17.621086819345976,0.0
2056-01-12,29.0,17.5,0.0
2056-01-13,30.4,17.3,0.0
2056-01-14,30.0,15.9,0.0
2056-01-15,30.7,16.4,0.0
2056-01-16,30.45897619901925,17.6,0.0
2056-01-17,30.9,17.3,0.0
2056-01-18,31.2,18.1,0.0
2056-01-19,29.7,18.7,6.0
2056-01-20,29.8,17.4,0.0
2056-01-21,29.0,17.9,21.475746268656714
2056-01-22,27.2,18.4,11.009639303482587
2056-01-23,29.9,17.6,5.4
2056-01-24,29.6,19.46446617230794,16.4
2056-01-25,28.6,18.8,4.6
2056-01-26,29.2,19.862446504594352,1.7
2056-01-27,29.2,19.8,0.5
2056-01-28,28.3,19.4,18.85391791044776
2056-01-29,25.2,19.5,14.0
2056-01-30,26.6,19.6,0.7
2056-01-31,28.9,19.0,0.0
2056-02-01,28.586461715506964,18.7,0.0
2056-02-02,30.0,18.7,3.8
2056-02-03,28.5,19.0,18.94423963133641
2056-02-04,28.5,19.36522579076832,8.974423963133642
2056-02-05,24.9,19.0,70.33534686760531
2056-02-06,23.352413456338308,17.7,58.450691244239636
2056-02-07,23.427102749759783,17.7,0.0
2056-02-08,28.120900231367866,16.9,0.0
2056-02-09,22.56970625066007,17.0,6.181566820276501
2056-02-10,30.5,16.9,1.6
2056-02-11,29.2,19.0,2.4
2056-02-12,29.6,18.8,0.8
2056-02-13,29.2,19.0,0.0
2056-02-14,29.2,19.0,0.0
2056-02-15,28.8,18.4,11.533640552995392
2056-02-16,29.0,19.1,0.0
2056-02-17,27.6,18.9,0.8
2056-02-18,27.7,18.9,10.144239631336404
2056-02-19,28.7,18.6,0.0
2056-02-20,28.0,18.9,24.734285714285722
2056-02-21,24.3,18.2,0.0
2056-02-22,25.2,16.6,0.0
2056-02-23,28.0,15.0,0.0
2056-02-24,29.5,13.933921019027798,0.0
2056-02-25,28.3,15.7,0.0
2056-02-26,24.6,16.0,0.2
2056-02-27,18.88110552128304,15.3,0.5193548387096775
2056-02-28,24.0,16.5,0.0
2056-03-01,28.0,16.5,0.0
2056-03-02,26.7,16.7,0.0
2056-03-03,30.6,15.6,0.0
2056-03-04,31.2,18.0,0.1
2056-03-05,28.9,18.6,2.4
2056-03-06,30.7,18.52083769932851,17.5
2056-03-07,28.5,18.8,5.9
2056-03-08,29.804624277456647,18.5,5.2
2056-03-09,28.7,18.9,16.216666666666665
2056-03-10,29.6,17.5,0.0
2056-03-11,27.4,16.346150670185903,0.0
2056-03-12,27.5,18.459021764813976,28.0
2056-03-13,26.4,19.0,3.0
2056-03-14,29.4,19.0,41.07499999999997
2056-03-15,26.2,19.2,17.650000000000006
2056-03-16,30.0,19.0,22.748484848484843
2056-03-17,30.7,19.19308433575083,0.0
2056-03-18,31.9,19.0,7.450000000000005
2056-03-19,31.2,18.3,2.5
2056-03-20,30.2,18.6,9.9
2056-03-21,29.7,19.0,14.639999999999995
2056-03-22,30.0,18.3,1.7
2056-03-23,24.0,19.2,61.34219653179193
2056-03-24,23.493877551020407,18.5,11.5
2056-03-25,25.2,17.9,0.0
2056-03-26,27.0,18.6,0.0
2056-03-27,27.1,19.2,0.0
2056-03-28,26.5,17.4,0.0
2056-03-29,26.3,16.4,0.0
2056-03-30,26.4,17.2,0.0
2056-03-31,26.9,15.6,0.0
2056-04-01,27.9,14.9,0.0
2056-04-02,27.6,19.0,0.0
2056-04-03,26.2,17.544444444444448,0.0
2056-04-04,27.0,15.3,0.0
2056-04-05,27.9,14.5,0.0
2056-04-06,28.0,16.7,0.0
2056-04-07,28.1,16.0,0.0
2056-04-08,27.9,16.8,0.0
2056-04-09,26.3,18.989314516129035,0.0
2056-04-10,28.3,18.4,0.0
2056-04-11,29.0,16.2,0.0
2056-04-12,29.5,15.0,0.0
2056-04-13,29.1,14.6,0.0
2056-04-14,30.0,13.6,0.0
2056-04-15,30.4,14.0,0.0
2056-04-16,29.9,16.4,1.7
2056-04-17,29.4,18.1,0.0
2056-04-18,29.9,17.8,0.0
2056-04-19,29.0,16.4,0.0
2056-04-20,29.467307692307692,15.5,0.0
2056-04-21,29.88604651162791,15.578571428571424,0.0
2056-04-22,30.4,17.893478260869568,0.0
2056-04-23,29.5,17.04011461318052,0.0
2056-04-24,28.37213114754098,15.7,0.0
2056-04-25,27.1,15.2153374233129,0.0
2056-04-26,27.1,16.4,0.0
2056-04-27,27.5,15.5,0.0
2056-04-28,25.9,16.0,0.0
2056-04-29,25.615686274509805,18.1,0.0
2056-04-30,25.0,17.3,0.0
2056-05-01,27.9,15.7,0.0
2056-05-02,29.3,15.2,0.0
2056-05-03,29.5,17.4,0.0
2056-05-04,29.1,15.84597345469078,0.0
2056-05-05,28.9,16.2,0.0
2056-05-06,29.6,15.9,0.0
2056-05-07,30.5,15.3,0.0
2056-05-08,30.79745532831,14.3,0.0
2056-05-09,29.6,15.3,0.0
2056-05-10,22.6,13.4,0.0
2056-05-11,24.4,11.0,0.0
2056-05-12,25.8,8.9,0.0
2056-05-13,26.8,9.9,0.0
2056-05-14,27.4,10.9,0.0
2056-05-15,27.5,10.7,0.0
2056-05-16,28.8,11.4,0.0
2056-05-17,29.3,12.4,0.0
2056-05-18,28.8,13.5,0.0
2056-05-19,24.8,13.9,0.0
2056-05-20,21.96256514702124,14.4,0.0
2056-05-21,24.7,13.5,0.0
2056-05-22,26.0,13.2,0.0
2056-05-23,27.0,11.2,0.0
2056-05-24,27.6,10.9,0.0
2056-05-25,27.9,11.4,0.0
2056-05-26,27.9,13.0,0.0
2056-05-27,27.0,14.4,0.0
2056-05-28,26.2,14.7,0.0
2056-05-29,24.8,13.9,0.0
2056-05-30,25.6,12.4,0.0
2056-05-31,26.7,10.4,0.0
2056-06-01,27.8,12.0,0.0
2056-06-02,28.2,11.8,0.0
2056-06-03,28.9,12.042272664071195,0.0
2056-06-04,27.9,12.3,0.0
2056-06-05,26.4,12.2,0.0
2056-06-06,26.4,11.5,0.0
2056-06-07,27.7,9.6,0.0
2056-06-08,27.0,12.0,0.0
2056-06-09,28.0,11.6,0.0
2056-06-10,30.0,12.4,0.0
2056-06-11,27.7,13.0,0.0
2056-06-12,25.9,11.8,0.0
2056-06-13,25.6,11.5,0.0
2056-06-14,26.6,11.5,0.0
2056-06-15,29.2,11.515768176363943,0.0
2056-06-16,30.5,12.9,0.0
2056-06-17,30.491274027312027,13.465834711240724,0.0
2056-06-18,31.141178757941944,13.7,0.0
2056-06-19,30.4,12.2,0.0
2056-06-20,30.492651531632117,13.3,0.0
2056-06-21,30.541210391729454,14.4,0.0
2056-06-22,30.34711845070021,12.765366221998503,0.0
2056-06-23,29.4,12.7,0.0
2056-06-24,28.5,12.966571465792827,0.0
2056-06-25,29.0,12.3,0.0
2056-06-26,28.861557442541795,12.2,0.0
2056-06-27,26.2,12.3,0.0
2056-06-28,25.0,11.1,0.0
2056-06-29,25.0,11.1,0.0
2056-06-30,25.7,10.411392287727105,0.0
2056-07-01,27.6,10.1,0.0
2056-07-02,28.2,11.6,0.0
2056-07-03,29.1,11.9,0.0
2056-07-04,29.34365920182586,11.7,0.0
2056-07-05,27.5,11.8,0.0
2056-07-06,26.7,11.1,0.0
2056-07-07,26.6,10.5,0.0
2056-07-08,25.7,10.7,0.0
2056-07-09,26.7,10.4,0.0
2056-07-10,27.9,11.570644318007067,0.0
2056-07-11,29.2,12.2,0.0
2056-07-12,31.26577469052744,13.5,0.0
2056-07-13,31.99384765625,14.2,0.0
2056-07-14,32.507763671875,14.340314413382298,0.0
2056-07-15,32.807080078125,15.0,0.0
2056-07-16,31.85029296875,15.463116865414628,0.0
2056-07-17,32.33955078125,15.2,0.0
2056-07-18,32.967236328125,15.3,0.0
2056-07-19,31.7228515625,15.961761167456894,0.0
2056-07-20,32.60615234375,15.3,0.0
2056-07-21,32.919140625,15.17139238903311,0.0
2056-07-22,30.778805480726746,16.0,0.0
2056-07-23,31.234580193756717,15.15356170455265,0.0
2056-07-24,31.85859375,15.3,0.0
2056-07-25,31.67939453125,15.3,0.0
2056-07-26,31.54267578125,15.112934203288651,0.0
2056-07-27,31.286618675995697,14.6,0.0
2056-07-28,27.979658527747276,15.3,0.0
2056-07-29,27.0,14.2,0.0
2056-07-30,27.3,13.8,0.0
2056-07-31,27.6,13.4,0.0
2056-08-01,27.4,15.0,0.0
2056-08-02,23.248654467168997,14.0,0.0
2056-08-03,26.7,12.7,0.0
2056-08-04,28.3,14.149809178980327,0.0
2056-08-05,28.9,15.2,0.0
2056-08-06,28.7,15.579407524912028,0.0
2056-08-07,28.584693218514534,15.7,0.0
2056-08-08,28.6,14.5,0.0
2056-08-09,28.9,13.9,0.0
2056-08-10,29.5,13.5,0.0
2056-08-11,28.5,14.2,0.0
2056-08-12,28.0,14.1,0.0
2056-08-13,27.890683867061355,13.7,0.0
2056-08-14,28.5,13.5,0.0
2056-08-15,29.7,14.5,0.0
2056-08-16,27.8,16.84864988663169,0.0
2056-08-17,29.06905872503289,17.7,0.0
2056-08-18,29.4,17.567499555020635,0.0
2056-08-19,27.7,15.0,0.0
2056-08-20,28.8,14.5,0.0
2056-08-21,31.2,14.7,0.0
2056-08-22,32.9,14.803023879088775,0.0
2056-08-23,32.112168838262924,18.311378014465653,0.0
2056-08-24,31.4,17.7,0.0
2056-08-25,31.5,17.155023478572872,0.0
2056-08-26,32.1,17.1331692173289,0.0
2056-08-27,32.9,16.9,0.0
2056-08-28,32.764383173396226,16.47193527325345,0.0
2056-08-29,33.2,16.668879320655424,0.0
2056-08-30,33.354793792072996,17.0,0.0
2056-08-31,33.40119804636663,17.4,0.0
2056-09-01,32.7,19.3,0.0
2056-09-02,31.7,17.9,0.0
2056-09-03,31.810628556689398,17.3,0.0
2056-09-04,32.0,17.308000799161967,0.0
2056-09-05,32.1,18.2,0.0
2056-09-06,32.9,18.53038484118156,0.0
2056-09-07,35.1,19.0,0.0
2056-09-08,35.3,20.4,0.0
2056-09-09,33.2,20.0,0.0
2056-09-10,35.1,19.292273861713763,0.0
2056-09-11,36.534999301968426,20.5,0.0
2056-09-12,39.6591796875,23.60302734375,0.0
2056-09-13,34.824967632524306,21.429650781025057,0.0
2056-09-14,34.0,20.4,0.0
2056-09-15,35.0,19.9,0.0
2056-09-16,36.0,19.5,0.0
2056-09-17,37.698841325798696,20.0,0.0
2056-09-18,36.93248458701301,21.2,0.0
2056-09-19,39.34130859375,20.758577033023574,0.0
2056-09-20,39.39404296875,20.936735261401566,0.0
2056-09-21,36.0,21.2,0.0
2056-09-22,34.8,20.2,0.0
2056-09-23,34.4,20.0,0.0
2056-09-24,33.8,20.4,0.0
2056-09-25,34.95664413450844,20.4,0.0
2056-09-26,35.6,20.5,0.0
2056-09-27,36.0,20.5,0.0
2056-09-28,35.4,20.6,0.0
2056-09-29,35.3,20.412965212426453,0.0
2056-09-30,34.7,20.0,0.0
2056-10-01,35.0,20.0,0.0
2056-10-02,35.6,21.0,0.0
2056-10-03,32.9,20.97016865221629,0.0
2056-10-04,31.1,19.6,0.0
2056-10-05,33.1,20.2,0.0
2056-10-06,33.5,19.6,0.0
2056-10-07,34.9,19.3,0.0
2056-10-08,35.7,20.4,0.0
2056-10-09,35.8,20.952542126749638,0.0
2056-10-10,35.88684462446337,20.9,0.0
2056-10-11,37.2,20.7,0.0
2056-10-12,38.7310546875,21.6,0.0
2056-10-13,39.43515625,22.0,0.0
2056-10-14,38.73056640625,22.6,0.0
2056-10-15,39.652685546875,22.0,0.0
2056-10-16,38.79404296875,23.632787386291984,0.0
2056-10-17,36.0,23.50740146198938,0.0
2056-10-18,34.2,20.0,2.7
2056-10-19,32.37102231402554,19.0,14.456000000000003
2056-10-20,33.2,19.5,6.388000000000001
2056-10-21,31.4,19.4,3.8400000000000025
2056-10-22,33.8,19.2,0.0
2056-10-23,35.0,19.4,0.0
2056-10-24,35.87688491599194,20.1,0.0
2056-10-25,36.74422371618441,20.2,0.0
2056-10-26,37.618720969668296,21.254248554592554,0.0
2056-10-27,36.26595307961129,21.7,0.0
2056-10-28,36.0,21.531094066129768,0.0
2056-10-29,34.9,21.4,0.0
2056-10-30,33.6,20.2,0.0
2056-10-31,34.3,20.23633297452457,0.0
2056-11-01,37.84566621685857,21.839358681855217,0.0
2056-11-02,33.4,21.2,0.0
2056-11-03,32.9,19.7,0.0
2056-11-04,34.4,20.5,0.0
2056-11-05,35.18468717044912,20.3,0.0
2056-11-06,36.0,20.61526606623848,0.0
2056-11-07,36.55674887236436,21.3,0.0
2056-11-08,36.885603448275845,21.99169639791813,0.0
2056-11-09,35.7,22.115191148059253,0.0
2056-11-10,33.4,20.7,0.0
2056-11-11,33.2,20.0,0.0
2056-11-12,34.0,20.4,0.0
2056-11-13,35.172581367464566,21.0,0.0
2056-11-14,36.73326288468669,21.663669422901908,0.0
2056-11-15,38.16037815961612,22.9,0.0
2056-11-16,36.77299009481434,21.5,0.0
2056-11-17,29.5,20.1,4.5
2056-11-18,31.0,20.5,1.8
2056-11-19,30.10390722850411,20.0,0.0
2056-11-20,31.99854958668673,19.5,0.0
2056-11-21,32.9,19.7,0.0
2056-11-22,34.801549146748414,19.5,0.0
2056-11-23,34.4,20.2,0.0
2056-11-24,36.2,21.5,0.0
2056-11-25,35.6,23.101092959598557,0.0
2056-11-26,36.74746702685523,21.375810073207955,0.0
2056-11-27,38.289676594150194,23.3,0.0
2056-11-28,39.611083984375,23.99417724609375,0.0
2056-11-29,34.2,22.9,0.0
2056-11-30,29.9,20.7,15.87
2056-12-01,27.0,20.63197614739281,0.0
2056-12-02,30.7,20.811297930061354,0.0
2056-12-03,32.4,20.322930572546156,0.0
2056-12-04,32.40374460973363,19.8,0.0
2056-12-05,33.1,20.66848376228758,0.0
2056-12-06,32.0,19.2,1.0
2056-12-07,29.7,21.0,2.0
2056-12-08,29.4,20.686112262693253,14.116025641025647
2056-12-09,30.3,20.6714331460093,25.570940170940176
2056-12-10,29.5,20.659127096687644,27.033916083916093
2056-12-11,30.33044973614429,20.340527408065125,32.92008547008548
2056-12-12,30.5,19.9,1.4
2056-12-13,26.4,20.0,8.324679487179491
2056-12-14,27.5,20.1,0.0
2056-12-15,30.1,19.5,0.0
2056-12-16,31.5,20.707154173818562,6.553846153846157
2056-12-17,29.0,20.697502986032305,13.37275641025642
2056-12-18,25.6,20.419513372038807,47.869405594405606
2056-12-19,27.5,20.3564809593333,3.6
2056-12-20,28.3,19.8,7.0
2056-12-21,30.6,19.4,0.0
2056-12-22,31.2,17.7,0.0
2056-12-23,29.0,17.9,0.0
2056-12-24,29.6,18.7,0.0
2056-12-25,29.6,17.390899417372715,0.0
2056-12-26,29.8,18.5,0.0
2056-12-27,29.8,20.67697595334839,0.0
2056-12-28,30.0,19.2,0.0
2056-12-29,31.2,18.2,0.0
2056-12-30,31.8,18.5,0.0
2056-12-31,32.446717524662105,18.3,0.0
2057-01-01,31.9,19.029896548040647,0.0
2057-01-02,28.5,18.8,0.0
2057-01-03,31.2,16.9,0.0
2057-01-04,32.01317194796488,18.6,0.0
2057-01-05,31.1,19.02185309657433,0.0
2057-01-06,31.1,19.69299102238299,0.0
2057-01-07,31.7,19.7,3.4
2057-01-08,31.8,19.908717248678485,0.0
2057-01-09,31.7,19.3,0.0
2057-01-10,31.1,18.0,0.0
2057-01-11,29.9,19.8,9.671828358208954
2057-01-12,31.1,19.8,47.583654309099664
2057-01-13,28.7,19.8,10.984141791044776
2057-01-14,28.7,19.8,6.0
2057-01-15,28.7,19.8,37.43822294776119
2057-01-16,29.5,19.8,6.0
2057-01-17,30.257539556906355,19.7,0.0
2057-01-18,25.4,19.9,2.2
2057-01-19,25.9,19.8,6.4
2057-01-20,24.6,19.6,19.258955223880587
2057-01-21,27.6,19.2,0.0
2057-01-22,30.4,19.916030703418226,0.0
2057-01-23,29.6,19.8,0.0
2057-01-24,29.9,19.659514511756896,16.0
2057-01-25,29.2,19.8,5.022574626865671
2057-01-26,29.2,19.9,39.88652052238806
2057-01-27,27.2,19.9,14.0
2057-01-28,26.02636891422118,19.9,11.0
2057-01-29,26.0,19.768744081575765,5.7343283582089555
2057-01-30,28.9,19.7,2.4
2057-01-31,28.5,19.8,37.45079291044776
2057-02-01,29.0,19.289192300590006,29.2
2057-02-02,27.7,19.7,20.58986175115207
2057-02-03,24.9,18.5,0.2
2057-02-04,26.7,18.207077971488786,0.0
2057-02-05,26.4,18.47306212031317,0.0
2057-02-06,26.9,18.5,0.0
2057-02-07,29.3,15.3,0.0
2057-02-08,30.030995362919004,14.5,0.0
2057-02-09,30.7,17.0,0.0
2057-02-10,32.1,17.0,0.0
2057-02-11,32.66376608675763,15.317514606966341,0.0
2057-02-12,32.66686962728325,15.9,0.0
2057-02-13,32.680716531815875,16.264501857954148,0.0
2057-02-14,32.655742729148784,17.9,0.0
2057-02-15,30.4,19.157714929781825,0.0
2057-02-16,30.6,17.5,0.0
2057-02-17,31.4,17.5,0.0
2057-02-18,32.7,17.5,0.0
2057-02-19,32.7,18.939983082779033,0.0
2057-02-20,30.6,19.942340583346258,5.3
2057-02-21,29.1,19.49470013159072,10.552534562211985
2057-02-22,27.7,19.35874350909769,40.280898617511575
2057-02-23,27.7,19.7,39.21603686635945
2057-02-24,27.4,19.2,41.977880184331795
2057-02-25,27.0,19.1,52.63655913978494
2057-02-26,29.1,19.1,50.300898617511535
2057-02-27,30.296431922501455,19.77239715077859,18.83087557603687
2057-02-28,29.109526647369314,18.5,1.4
2057-03-01,28.5,17.2,0.0
2057-03-02,30.7,15.3,0.0
2057-03-03,29.1,15.9,1.9
2057-03-04,29.9,18.1,1.4
2057-03-05,28.6,18.6,0.0
2057-03-06,27.2,19.9,2.0
2057-03-07,27.6,19.9,38.22608695652174
2057-03-08,26.0,19.8,23.24444444444445
2057-03-09,28.9,19.306665482249404,0.0
2057-03-10,31.6,19.91865095961567,7.0
2057-03-11,27.5,19.2,0.0
2057-03-12,29.1,18.3,0.0
2057-03-13,30.6,19.0,2.8
2057-03-14,30.5,19.3,0.0
2057-03-15,30.3,17.1,0.0
2057-03-16,29.5,16.1,0.0
2057-03-17,28.2,16.0,0.0
2057-03-18,27.9,19.3,0.0
2057-03-19,30.6,19.962187211883382,0.0
2057-03-20,30.3,19.2,0.0
2057-03-21,31.1,18.1,0.0
2057-03-22,30.7,17.8,0.0
2057-03-23,30.0,16.4,0.0
2057-03-24,29.7,16.3,0.0
2057-03-25,30.4,15.5,0.0
2057-03-26,30.6,15.6,0.0
2057-03-27,30.3,16.0,0.0
2057-03-28,29.930769230769233,15.9,0.0
2057-03-29,31.1,18.8,0.0
2057-03-30,30.0,19.0,0.0
2057-03-31,28.9,19.2,0.0
2057-04-01,28.674242424242426,18.7,0.0
2057-04-02,28.0,14.9,0.0
2057-04-03,28.9,13.7,0.0
2057-04-04,30.7,13.7,0.0
2057-04-05,31.526757090012328,13.8,0.0
2057-04-06,30.6,15.4,0.0
2057-04-07,30.3,14.6,0.0
2057-04-08,31.31338582677165,15.2,0.0
2057-04-09,27.5,18.1,0.0
2057-04-10,26.2,18.2,0.0
2057-04-11,28.2,16.7,0.0
2057-04-12,28.9,14.92812499999999,0.0
2057-04-13,26.2,18.9,34.19508928571429
2057-04-14,23.4,18.4,0.0
2057-04-15,26.9,17.7,0.0
2057-04-16,27.4,19.0893703061814,0.0
2057-04-17,29.5,17.452435064935063,0.0
2057-04-18,28.8,15.2,0.0
2057-04-19,28.6,13.9,0.0
2057-04-20,28.5,12.8,0.0
2057-04-21,29.1,11.4,0.0
2057-04-22,29.6,10.61547619047619,0.0
2057-04-23,29.4,12.0,0.0
2057-04-24,29.2,15.2,0.0
2057-04-25,27.7,16.0,0.0
2057-04-26,28.359016393442623,15.2,0.0
2057-04-27,28.5,14.9,0.0
2057-04-28,28.5,14.834763948497864,0.0
2057-04-29,28.86938775510204,15.929411764705879,0.0
2057-04-30,29.525,15.2,0.0
2057-05-01,29.0,14.4,0.0
2057-05-02,29.0,16.8,0.0
2057-05-03,30.0,15.2,0.0
2057-05-04,30.7,15.96555980978592,0.0
2057-05-05,31.7,15.2,0.0
2057-05-06,31.549415998586177,15.2,0.0
2057-05-07,29.97960250684926,16.5,0.0
2057-05-08,29.2,15.0,0.0
2057-05-09,30.584059942994134,14.6,0.0
2057-05-10,32.57361533211316,16.2,0.0
2057-05-11,30.1,17.993655065183567,0.0
2057-05-12,26.898765352043263,16.8,0.0
2057-05-13,28.6,17.344146725180053,0.0
2057-05-14,31.0,17.82177527259743,0.0
2057-05-15,30.5,16.5,0.0
2057-05-16,28.3,15.6,0.0
2057-05-17,26.5,9.702486477812908,0.0
2057-05-18,25.6,6.9,0.0
2057-05-19,28.0,7.3,0.0
2057-05-20,29.9,9.5,0.0
2057-05-21,29.0,13.1,0.0
2057-05-22,27.0,13.0,0.0
2057-05-23,25.943406889128095,15.852652691923847,0.0
2057-05-24,29.1,15.3,0.0
2057-05-25,30.2,15.3,0.0
2057-05-26,30.0,15.9,0.0
2057-05-27,30.7,14.5,0.0
2057-05-28,31.0,13.2,0.0
2057-05-29,31.1,13.4,0.0
2057-05-30,32.74718608134036,14.7,0.0
2057-05-31,35.5294921875,17.0,0.0
2057-06-01,30.89919547531945,17.39719283056712,0.0
2057-06-02,30.506214099454766,15.593702828670985,0.0
2057-06-03,30.765775490880944,14.7,0.0
2057-06-04,30.431208186462566,15.1,0.0
2057-06-05,29.5,14.7,0.0
2057-06-06,29.0,14.2,0.0
2057-06-07,28.6,14.003400603845547,0.0
2057-06-08,29.5,13.81066951267176,0.0
2057-06-09,29.5,15.861475390774917,0.0
2057-06-10,26.7,14.394371523915467,0.0
2057-06-11,25.6,12.543624668604119,0.0
2057-06-12,27.1,12.4,0.0
2057-06-13,29.0,12.7,0.0
2057-06-14,27.9,13.3,0.0
2057-06-15,27.4,13.0,0.0
2057-06-16,25.9,13.2,0.0
2057-06-17,26.0,12.6,0.0
2057-06-18,27.6,12.4,0.0
2057-06-19,28.456892843900636,12.5,0.0
2057-06-20,27.8,12.548604290230255,0.0
2057-06-21,27.2,12.29358658891474,0.0
2057-06-22,27.5,11.5,0.0
2057-06-23,25.6,11.8,0.0
2057-06-24,25.5,9.4,0.0
2057-06-25,27.9,9.6,0.0
2057-06-26,29.717353766706832,10.7,0.0
2057-06-27,29.0,11.0,0.0
2057-06-28,26.9,13.4,0.0
2057-06-29,25.6,13.0,0.0
2057-06-30,24.2,12.3,0.0
2057-07-01,22.8,10.4,0.0
2057-07-02,23.0,8.9,0.0
2057-07-03,25.1,8.9,0.0
2057-07-04,27.0,10.3,0.0
2057-07-05,28.8,12.4,0.0
2057-07-06,30.042052386078204,13.6,0.0
2057-07-07,29.37313061987583,13.2,0.0
2057-07-08,29.5,13.37304350845515,0.0
2057-07-09,30.7,13.8,0.0
2057-07-10,31.17483315392894,14.6,0.0
2057-07-11,31.348095703125,15.136566833407205,0.0
2057-07-12,31.16275565123788,15.3,0.0
2057-07-13,27.6,15.2,0.0
2057-07-14,26.8,13.541578228736965,0.0
2057-07-15,27.6,12.2,0.0
2057-07-16,29.15831917373163,11.766547449564221,0.0
2057-07-17,29.5,12.1,0.0
2057-07-18,30.2,12.8,0.0
2057-07-19,31.238268635629698,13.4,0.0
2057-07-20,29.4,14.4,0.0
2057-07-21,28.0,14.664293899093698,0.0
2057-07-22,28.534740750595656,14.2,0.0
2057-07-23,28.7,13.8,0.0
2057-07-24,28.0,13.6,0.0
2057-07-25,27.43802768866767,13.6,0.0
2057-07-26,27.5,13.3,0.0
2057-07-27,27.95584894883679,12.9,0.0
2057-07-28,27.6,13.6,0.0
2057-07-29,27.4,13.5,0.0
2057-07-30,28.825593257657296,13.6,0.0
2057-07-31,30.147662788701012,15.2,0.0
2057-08-01,31.1,16.775665538613232,0.0
2057-08-02,28.7,16.791428342794006,0.0
2057-08-03,25.3,15.7,0.0
2057-08-04,26.4,13.4,0.0
2057-08-05,27.6,14.5,0.0
2057-08-06,28.2,13.9,0.0
2057-08-07,29.2,14.2,0.0
2057-08-08,28.9,14.8,0.0
2057-08-09,30.0,15.593539553944055,0.0
2057-08-10,31.5,18.437853625573993,0.0
2057-08-11,31.5,18.934005729793363,0.0
2057-08-12,30.4,17.60860039158183,0.0
2057-08-13,31.5,15.7,0.0
2057-08-14,33.322154809668255,15.644450586215921,0.0
2057-08-15,33.87191269811806,15.7,0.0
2057-08-16,33.24085526959584,16.0,0.0
2057-08-17,32.5,16.2,0.0
2057-08-18,31.0,15.510443223235699,0.0
2057-08-19,31.5,14.8,0.0
2057-08-20,32.82139196802782,16.7,0.0
2057-08-21,31.6,17.7723469168076,0.0
2057-08-22,31.1,17.117385584208254,0.0
2057-08-23,32.13576727503494,17.620778417229594,0.0
2057-08-24,33.2,18.0,0.0
2057-08-25,32.12153615667624,18.606842706060714,0.0
2057-08-26,31.4,18.024445117936608,0.0
2057-08-27,31.0,17.14801890766135,0.0
2057-08-28,30.9,16.751094108566743,0.0
2057-08-29,30.7,16.19915843037479,0.0
2057-08-30,31.4,15.4,0.0
2057-08-31,33.2,16.415680530801662,0.0
2057-09-01,34.99397450158297,18.6133919578184,0.0
2057-09-02,36.0110259326283,19.5,0.0
2057-09-03,35.08674940967548,20.188938540795537,0.0
2057-09-04,34.08020430447694,19.6,0.0
2057-09-05,35.3,18.9,0.0
2057-09-06,36.0,20.0,0.0
2057-09-07,34.9753093180457,20.2,0.0
2057-09-08,33.2,20.0,0.0
2057-09-09,32.0,19.2,0.0
2057-09-10,32.21362297978146,18.213727373849732,0.0
2057-09-11,32.6,18.2,0.0
2057-09-12,32.0,18.1,0.0
2057-09-13,32.1,18.1,0.0
2057-09-14,32.0,17.7,0.0
2057-09-15,32.5,17.2,0.0
2057-09-16,33.4,17.9,0.0
2057-09-17,34.0,19.6,0.0
2057-09-18,33.9,20.2,0.0
2057-09-19,33.956827617540625,20.1,0.0
2057-09-20,33.82064198315589,19.6,0.0
2057-09-21,34.0,19.5,0.0
2057-09-22,34.6,19.6,0.0
2057-09-23,34.7,20.2,0.0
2057-09-24,33.7,20.2,0.0
2057-09-25,33.4,19.6,0.0
2057-09-26,34.07934810339726,18.7,0.0
2057-09-27,35.1,18.9,0.0
2057-09-28,35.300111234705234,19.9,0.0
2057-09-29,35.2,19.9,0.0
2057-09-30,34.6,20.0,0.0
2057-10-01,33.8,19.2,0.0
2057-10-02,34.40179763186221,19.3,0.0
2057-10-03,33.7,20.0,0.0
2057-10-04,32.8,19.5,0.0
2057-10-05,33.1,18.0,0.0
2057-10-06,34.2,19.1,0.0
2057-10-07,35.2,20.3,0.0
2057-10-08,36.2508674816049,21.326243781886728,0.0
2057-10-09,37.31549107512504,21.803316556599636,0.0
2057-10-10,37.35959024828774,21.702575646572008,0.0
2057-10-11,36.69722469228249,21.6,0.0
2057-10-12,35.5,21.3,0.0
2057-10-13,35.4,21.0,0.0
2057-10-14,35.4,21.0,0.0
2057-10-15,35.6,20.8,0.0
2057-10-16,36.0,20.3,0.0
2057-10-17,36.237827388412924,20.5,0.0
2057-10-18,37.0,20.1,0.0
2057-10-19,38.525732421875,20.7,0.0
2057-10-20,38.798193359375,21.64799619110705,0.0
2057-10-21,39.405859375,22.0,0.0
2057-10-22,39.434912109375,22.287472625366526,0.0
2057-10-23,38.887548828125,23.67766131056289,0.0
2057-10-24,39.4615234375,25.66981201171875,0.0
2057-10-25,37.8503294337524,24.69227294921875,0.0
2057-10-26,39.4625,22.19123731175114,0.0
2057-10-27,40.013037109375,23.602806962748932,0.0
2057-10-28,39.722998046875,22.6,0.0
2057-10-29,39.352392578125,21.0,6.26
2057-10-30,33.9,20.8,7.420800000000007
2057-10-31,31.7,20.5,4.488000000000002
2057-11-01,35.5,21.4,0.0
2057-11-02,37.605731260401306,23.254321833779905,0.0
2057-11-03,40.063232421875,21.7,0.0
2057-11-04,40.081298828125,21.3,0.0
2057-11-05,38.51353657035834,23.2,0.0
2057-11-06,39.775146484375,22.237196167785,0.0
2057-11-07,40.34814453125,21.7,0.0
2057-11-08,40.182861328125,22.9,0.0
2057-11-09,40.450439453125,23.28644471363283,0.0
2057-11-10,41.31494140625,25.2050537109375,0.0
2057-11-11,41.835693359375,26.8593505859375,0.0
2057-11-12,41.368896484375,25.829016113281252,0.0
2057-11-13,37.702486656146775,24.576055908203124,0.0
2057-11-14,36.4,25.03641357421875,0.0
2057-11-15,38.432483820351955,23.398525000261223,0.0
2057-11-16,37.84084995767332,23.322204563092686,0.0
2057-11-17,39.760498046875,23.353361352969284,0.0
2057-11-18,40.681884765625,23.3,0.0
2057-11-19,40.7666015625,24.25931396484375,0.0
2057-11-20,30.6,20.7,10.4
2057-11-21,28.7,20.0,0.0
2057-11-22,26.8,19.9,2.5
2057-11-23,31.1,20.5,5.09090909090909
2057-11-24,32.5,20.0,0.0
2057-11-25,32.80415448689758,19.5,0.0
2057-11-26,33.4,18.9,0.0
2057-11-27,32.2,19.4,0.0
2057-11-28,32.5,20.362226688464172,4.8
2057-11-29,31.1,20.393570999202257,25.133333333333333
2057-11-30,32.5,20.0,0.0
2057-12-01,32.18776074244319,20.81368794790481,0.0
2057-12-02,32.1,21.0,6.4
2057-12-03,31.1,21.00602930934562,2.3
2057-12-04,30.2,20.792177787313666,42.57163461538464
2057-12-05,25.0,19.856089608586444,56.19756738987509
2057-12-06,25.52692942704243,19.7,0.0
2057-12-07,29.9,18.0,0.0
2057-12-08,30.0,17.7,0.0
2057-12-09,32.0,16.8,0.0
2057-12-10,33.20708939344632,18.9,0.0
2057-12-11,33.1,21.079173378023235,0.0
2057-12-12,32.4,21.0,0.0
2057-12-13,32.1,19.2,10.445192307692311
2057-12-14,27.0,20.3,0.9
2057-12-15,27.0,20.47769597702658,0.0
2057-12-16,28.1,18.9,0.0
2057-12-17,24.9,19.9,0.0
2057-12-18,29.3,19.9,5.8
2057-12-19,27.0,20.271495401684817,4.3
2057-12-20,28.9,19.9,7.0
2057-12-21,29.6,20.1,8.755128205128209
2057-12-22,32.4,20.3,17.92307692307694
2057-12-23,31.6,19.4,0.0
2057-12-24,32.0,19.7,0.0
2057-12-25,32.073514511495596,20.325121618213892,0.0
2057-12-26,33.7,20.919634459373455,0.0
2057-12-27,33.11729683153351,21.713751774732714,0.0
2057-12-28,32.0,22.83317997568622,0.9
2057-12-29,30.311101630391967,20.628365905558084,23.74615384615385
2057-12-30,28.0,20.390852988245815,1.3
2057-12-31,29.4,20.46728994976376,1.3
2058-01-01,32.0,19.1,0.0
2058-01-02,30.2,19.926212508526106,4.5
2058-01-03,25.8,19.868734472830468,27.8320895522388
2058-01-04,25.1,19.8,11.177238805970147
2058-01-05,30.0,19.87966560017281,1.4
2058-01-06,30.8,19.7,5.9
2058-01-07,28.932627180718576,19.6,2.0
2058-01-08,29.473528525296008,19.8,11.692537313432835
2058-01-09,29.5,19.830578327702877,3.6
2058-01-10,31.8,19.8,2.6822761194029843
2058-01-11,30.5,19.8,20.131716417910443
2058-01-12,28.4,19.87312063051015,8.261194029850744
2058-01-13,29.2,19.842331859610166,0.9
2058-01-14,29.5,19.8,0.20167910447761195
2058-01-15,31.0,19.8,1.2470149253731349
2058-01-16,29.5,19.894486015770187,11.0
2058-01-17,29.37504201839366,19.7,2.7
2058-01-18,29.7,19.8,2.7
2058-01-19,28.2,19.8,9.671828358208954
2058-01-20,29.0,19.841029719049008,3.6
2058-01-21,28.3,19.7,9.0
2058-01-22,28.4,19.6,1.7
2058-01-23,29.7,18.3,1.4559701492537303
2058-01-24,30.222159606576746,19.8,9.0
2058-01-25,29.0,19.6,41.25298507462686
2058-01-26,29.950151678246392,19.9,42.432089552238786
2058-01-27,30.0,18.5,0.0
2058-01-28,30.4,17.2,0.0
2058-01-29,28.5,19.457482516535666,0.0
2058-01-30,29.0,19.4,0.0
2058-01-31,29.7,19.0,0.0
2058-02-01,30.5,19.945496051510055,18.83087557603687
2058-02-02,30.6,19.925164119850873,39.44324520979869
2058-02-03,28.5,19.29201791845784,80.6343527440302
2058-02-04,27.6,19.7,11.331797235023036
2058-02-05,29.1,19.359531894706286,0.0
2058-02-06,32.0,18.4,0.0
2058-02-07,30.7,20.29193967817366,0.0
2058-02-08,26.1,19.990158825740394,0.0
2058-02-09,27.3,20.218754633722096,4.8
2058-02-10,30.0,20.089984196353686,5.380645161290324
2058-02-11,29.0,19.803478274300637,0.0
2058-02-12,27.0,19.497517964546276,4.052995391705069
2058-02-13,27.1,19.1,2.3
2058-02-14,30.5,19.0,0.49043778801843324
2058-02-15,30.0,19.7,0.0
2058-02-16,31.2,19.79042251780763,5.0
2058-02-17,30.54142810705385,19.0,0.0
2058-02-18,32.675545433752596,18.3,0.0
2058-02-19,31.6,19.1,0.8
2058-02-20,29.8,18.113447189250085,15.6
2058-02-21,30.4,18.2,0.0
2058-02-22,29.3,20.188263724201207,0.0
2058-02-23,30.1,18.8,0.0
2058-02-24,27.6,19.9,0.0
2058-02-25,28.0,16.2,0.0
2058-02-26,28.6,15.9,0.0
2058-02-27,28.9,17.1,0.0
2058-02-28,30.0,14.9,0.0
2058-03-01,31.1,14.7,0.0
2058-03-02,30.7,16.2,0.0
2058-03-03,30.1,17.4,0.0
2058-03-04,31.0,17.0,0.0
2058-03-05,31.6,16.4,0.0
2058-03-06,31.308750000000003,17.4,0.0
2058-03-07,31.5,17.3,0.0
2058-03-08,31.9,17.8,0.0
2058-03-09,32.0,17.9,0.0
2058-03-10,33.605000000000004,17.2,0.0
2058-03-11,34.9009765625,19.2,0.0
2058-03-12,34.06114844227244,20.58986956173848,0.0
2058-03-13,33.3,20.75582394040186,0.0
2058-03-14,31.1,19.9,0.0
2058-03-15,31.1,20.3,0.0
2058-03-16,30.8,19.2,0.0
2058-03-17,32.0,18.5,0.0
2058-03-18,32.0,17.2,0.0
2058-03-19,32.9,16.9,0.0
2058-03-20,33.24285714285714,18.2,0.0
2058-03-21,33.7,18.5,0.0
2058-03-22,35.60556640625,17.8,0.0
2058-03-23,34.58807339449538,18.8,0.0
2058-03-24,32.0,19.4,1.3
2058-03-25,32.5,19.0,0.0
2058-03-26,33.2,18.8,0.0
2058-03-27,33.31338582677165,19.2,0.0
2058-03-28,32.0,19.0,0.0
2058-03-29,31.9,17.6,0.0
2058-03-30,32.681203007518796,20.3,0.0
2058-03-31,33.2,20.3,0.0
2058-04-01,33.2,20.3953125,0.0
2058-04-02,33.483752244165174,19.7,0.0
2058-04-03,35.828857421875,19.0,0.0
2058-04-04,36.0244140625,20.008529005524856,0.0
2058-04-05,35.7529296875,21.090625,0.0
2058-04-06,33.43644524236983,22.63310546875,0.0
2058-04-07,32.6747311827957,22.83623046875,0.0
2058-04-08,33.20899873257289,21.447314453125,0.0
2058-04-09,35.20880626223086,21.601123046875,0.0
2058-04-10,33.50203389830508,23.1462890625,0.0
2058-04-11,33.33895870736086,20.9021484375,0.0
2058-04-12,33.374685816876124,20.751025390625,0.0
2058-04-13,33.412298025134646,19.952244475138116,0.0
2058-04-14,34.753228962817964,20.04547651933701,0.0
2058-04-15,35.879150390625,20.85478515625,0.0
2058-04-16,34.141379310344824,20.26005859375,0.0
2058-04-17,27.9,19.7,0.0
2058-04-18,31.58138101109741,19.787707182320418,0.3
2058-04-19,32.0,20.14371546961326,0.0
2058-04-20,31.594451294697908,18.995161290322585,0.0
2058-04-21,31.6,17.9,0.0
2058-04-22,30.3,18.735613682092556,0.0
2058-04-23,31.0,19.493313953488364,0.0
2058-04-24,31.7,18.2,0.0
2058-04-25,32.654166666666676,18.2,0.0
2058-04-26,33.326211849192106,18.1,0.0
2058-04-27,35.593994140625,18.4,0.0
2058-04-28,36.33056640625,19.0,0.0
2058-04-29,32.0,19.7,0.0
2058-04-30,32.627956989247316,18.2,0.0
2058-05-01,32.7012056946108,17.600068572339822,0.0
2058-05-02,33.979931640625,20.377685546875,0.0
2058-05-03,34.135205078125,20.7021484375,0.0
2058-05-04,33.8,21.423828125,0.0
2058-05-05,31.6,18.20455354730605,0.0
2058-05-06,30.5,18.1169965406063,0.0
2058-05-07,31.0,17.021574272088543,0.0
2058-05-08,33.01178811202294,16.9,0.0
2058-05-09,34.083447265625,17.61062685218407,0.0
2058-05-10,33.47728305033059,19.5732421875,0.0
2058-05-11,30.6,17.9,0.0
2058-05-12,29.3,16.0,0.0
2058-05-13,29.4,14.7,0.0
2058-05-14,29.961121240746024,14.4,0.0
2058-05-15,30.1,14.9,0.0
2058-05-16,29.1,15.2,0.0
2058-05-17,23.7,15.2,0.0
2058-05-18,24.3,15.2,0.0
2058-05-19,27.8,16.395252393632063,0.0
2058-05-20,29.4,16.9,0.0
2058-05-21,28.924291352709,15.569258943424696,0.0
2058-05-22,27.6,15.1,0.0
2058-05-23,28.6,13.5,0.0
2058-05-24,27.9,15.86244890653235,0.0
2058-05-25,24.4,12.2,0.0
2058-05-26,22.13650473974791,8.7,0.0
2058-05-27,23.2,7.0,0.0
2058-05-28,24.8,8.0,0.0
2058-05-29,27.0,9.20286613279078,0.0
2058-05-30,28.2,9.003467748613062,0.0
2058-05-31,27.6,11.7,0.0
2058-06-01,25.3,11.8,0.0
2058-06-02,25.6,11.343345817473041,0.0
2058-06-03,27.2,11.5,0.0
2058-06-04,27.8,11.9,0.0
2058-06-05,27.759350113695653,11.5,0.0
2058-06-06,28.6,12.3,0.0
2058-06-07,29.4,12.58097183080015,0.0
2058-06-08,29.55925850835904,13.5,0.0
2058-06-09,30.547994989945746,14.1,0.0
2058-06-10,31.29421744499539,17.369442566179195,0.0
2058-06-11,29.358551167964414,16.357282159178915,0.0
2058-06-12,28.0,14.1,0.0
2058-06-13,28.408363366703746,13.80094098547938,0.0
2058-06-14,29.0,14.1,0.0
2058-06-15,29.2,14.0,0.0
2058-06-16,30.473022095070785,13.6,0.0
2058-06-17,30.4,14.0,0.0
2058-06-18,29.2,14.18027797876821,0.0
2058-06-19,27.3,14.2,0.0
2058-06-20,27.389472871091336,13.0,0.0
2058-06-21,27.2,12.9,0.0
2058-06-22,27.06754539809059,12.3,0.0
2058-06-23,27.7,11.9,0.0
2058-06-24,27.8,12.4,0.0
2058-06-25,30.5,12.4,0.0
2058-06-26,30.838067339591998,13.2,0.0
2058-06-27,30.51003893214683,14.2,0.0
2058-06-28,29.47253913967427,14.2,0.0
2058-06-29,26.1,13.7,0.0
2058-06-30,25.2,12.0,0.0
2058-07-01,25.002260495156072,9.3,0.0
2058-07-02,24.6,8.4,0.0
2058-07-03,24.7,9.0,0.0
2058-07-04,26.4,9.9,0.0
2058-07-05,27.6,11.137162688838572,0.0
2058-07-06,28.55256709522139,11.7,0.0
2058-07-07,28.8,11.8,0.0
2058-07-08,25.8,13.849291676933785,0.0
2058-07-09,25.4,11.9,0.0
2058-07-10,26.7,9.9,0.0
2058-07-11,28.2,9.5,0.0
2058-07-12,27.6,11.8,0.0
2058-07-13,25.8,12.6,0.0
2058-07-14,24.6,12.0,0.0
2058-07-15,25.1,10.4,0.0
2058-07-16,25.6,11.1,0.0
2058-07-17,23.7,11.9,0.0
2058-07-18,24.2,10.4,0.0
2058-07-19,25.0,11.744195284558488,0.0
2058-07-20,25.4,12.1,0.0
2058-07-21,25.726107477022424,12.2,0.0
2058-07-22,26.2,12.7,0.0
2058-07-23,27.6,13.3,0.0
2058-07-24,27.5,14.0,0.0
2058-07-25,26.5,13.8,0.0
2058-07-26,26.7,12.9,0.0
2058-07-27,27.53498673689065,12.2,0.0
2058-07-28,29.0,12.1,0.0
2058-07-29,29.2,12.4,0.0
2058-07-30,27.205724110995728,13.6,0.0
2058-07-31,25.8,13.0,0.0
2058-08-01,26.7,12.7,0.0
2058-08-02,28.6,13.360801937567276,0.0
2058-08-03,28.7,16.4,0.0
2058-08-04,27.9,17.16595060919486,0.0
2058-08-05,26.7,14.6,0.0
2058-08-06,27.1,13.9,0.0
2058-08-07,28.4,14.5,0.0
2058-08-08,29.171410118406882,16.22530868106123,0.0
2058-08-09,30.7,16.638723744859377,0.0
2058-08-10,29.5,17.5,0.0
2058-08-11,28.5,15.515530753687226,0.0
2058-08-12,29.2,13.5,0.0
2058-08-13,30.9,13.7,0.0
2058-08-14,30.3,15.4,0.0
2058-08-15,29.5,15.4,0.0
2058-08-16,28.2,14.8,0.0
2058-08-17,28.7,15.0,0.0
2058-08-18,29.2,15.0,0.0
2058-08-19,29.5,15.0,0.0
2058-08-20,29.2,15.1,0.0
2058-08-21,28.6,14.8,0.0
2058-08-22,28.5,13.9,0.0
2058-08-23,29.6,13.7,0.0
2058-08-24,31.4,15.0,0.0
2058-08-25,29.6,16.9,0.0
2058-08-26,24.1,15.6,0.0
2058-08-27,26.7,14.4,0.0
2058-08-28,26.5,13.2,0.0
2058-08-29,25.2,13.4,0.0
2058-08-30,24.2,11.51973774341912,0.0
2058-08-31,25.5,10.993720238638232,0.0
2058-09-01,30.0,10.52646714096946,0.0
2058-09-02,32.1,13.649756078182108,0.0
2058-09-03,33.1,17.4,0.0
2058-09-04,30.7,18.5,0.0
2058-09-05,29.46113001374076,15.7,0.0
2058-09-06,31.0,14.6,0.0
2058-09-07,32.5,15.2,0.0
2058-09-08,33.1,17.4,0.0
2058-09-09,32.0,18.53297722778396,0.0
2058-09-10,31.71937785278662,17.7,0.0
2058-09-11,32.5,17.5,0.0
2058-09-12,35.0,18.0,0.0
2058-09-13,33.19036707452725,19.9,0.0
2058-09-14,24.97940873353011,17.4,0.0
2058-09-15,28.2,16.0,0.0
2058-09-16,30.5,16.0,0.0
2058-09-17,32.4,17.0,0.0
2058-09-18,33.75091982544707,18.4,0.0
2058-09-19,35.1,19.2,0.0
2058-09-20,36.0,19.6,0.0
2058-09-21,35.4,20.2,0.0
2058-09-22,34.4,20.0,0.0
2058-09-23,34.0,19.9,0.0
2058-09-24,32.7,20.24530370797865,0.0
2058-09-25,33.0,19.6,0.0
2058-09-26,33.3,18.699337428060172,0.0
2058-09-27,34.7,18.9,0.0
2058-09-28,34.6,20.0,0.0
2058-09-29,33.9,19.6,0.0
2058-09-30,34.7,19.6,0.0
2058-10-01,35.0,19.7,0.0
2058-10-02,34.9,20.2,0.0
2058-10-03,34.7,19.6,0.0
2058-10-04,35.047524219590954,19.863176610795005,0.0
2058-10-05,34.2,20.6,0.0
2058-10-06,34.2,20.1,0.0
2058-10-07,35.7,20.1,0.0
2058-10-08,33.9,21.0,0.0
2058-10-09,31.4,18.681619294213476,0.0
2058-10-10,33.2,18.5,0.0
2058-10-11,36.4,20.0,0.0
2058-10-12,36.74953268919641,21.6,0.0
2058-10-13,35.2,20.9,0.0
2058-10-14,35.56768953938594,19.7,0.0
2058-10-15,37.073305798661465,19.5,0.0
2058-10-16,38.724462890625,20.4,0.0
2058-10-17,39.062353515625,21.27445318655465,0.0
2058-10-18,38.580419921875,21.7,0.0
2058-10-19,38.919287109375,21.563831513928722,0.0
2058-10-20,39.0708984375,21.855121304959827,0.0
2058-10-21,37.0,22.211588805166834,0.0
2058-10-22,36.3,21.4,0.0
2058-10-23,37.0,21.7,0.0
2058-10-24,37.65068198239373,21.6,0.0
2058-10-25,38.468115234375,22.17760907618481,0.0
2058-10-26,37.2,21.6,0.0
2058-10-27,37.208409267279116,21.9,0.0
2058-10-28,38.924658203125,21.9,0.0
2058-10-29,38.8296875,22.6,0.0
2058-10-30,40.181005859375,24.257275390625,0.0
2058-10-31,41.0640625,26.398388671875,0.0
2058-11-01,40.344970703125,24.611181640625,0.0
2058-11-02,37.897240325633895,23.263979355536332,0.0
2058-11-03,39.54052734375,22.1,0.0
2058-11-04,42.217529296875,22.396052770857118,0.0
2058-11-05,40.732666015625,25.559912109375,0.0
2058-11-06,38.150729022710614,25.9654296875,0.0
2058-11-07,37.84927841124751,22.3,0.0
2058-11-08,34.63596952588831,21.1,0.0
2058-11-09,35.5,20.6,1.6500000000000004
2058-11-10,31.0,21.0,18.6
2058-11-11,31.5,20.5,0.0
2058-11-12,32.6,21.32248868343874,0.0
2058-11-13,33.5,19.9,0.0
2058-11-14,33.3,19.4,0.0
2058-11-15,34.4,17.6,0.0
2058-11-16,36.4,19.5,0.0
2058-11-17,36.8,21.3,0.0
2058-11-18,34.592356586683614,21.3,0.0
2058-11-19,34.0,20.5,0.0
2058-11-20,36.0,20.5,0.0
2058-11-21,36.2,21.9,0.0
2058-11-22,32.92912362942951,21.5,0.0
2058-11-23,33.4,21.0,3.666666666666667
2058-11-24,31.0,20.7,10.2
2058-11-25,27.5,20.0,49.9228571428572
2058-11-26,25.5,19.5,27.0
2058-11-27,26.2,19.7,64.45252918287937
2058-11-28,26.7,19.9,10.1
2058-11-29,26.720081614858646,20.25880171868525,0.3
2058-11-30,31.0,20.3,33.983333333333334
2058-12-01,29.6,20.5,24.931944444444444
2058-12-02,29.4,19.9,15.4
2058-12-03,24.8,18.5,18.12435897435899
2058-12-04,24.938533176995232,18.5,0.0
2058-12-05,24.515750269106565,18.4,0.0
2058-12-06,29.4,18.0,0.0
2058-12-07,30.2,17.9,0.0
2058-12-08,30.4,20.67404352010783,0.0
2058-12-09,31.2,21.05411844358643,0.0
2058-12-10,31.625797047807566,19.9,0.0
2058-12-11,33.12945153714192,21.645873921593374,0.0
2058-12-12,31.9,20.819230755243904,22.13632478632483
2058-12-13,29.0,20.717121056740247,20.661965811965885
2058-12-14,25.647167126877896,20.3,26.22051282051283
2058-12-15,28.0,19.7,0.0
2058-12-16,31.1,18.4,0.0
2058-12-17,30.7,18.9,0.0
2058-12-18,31.6,17.5,0.0
2058-12-19,32.0,17.2,0.0
2058-12-20,31.5,17.4,0.0
2058-12-21,31.6,17.6,0.0
2058-12-22,32.4,17.5,0.0
2058-12-23,32.4,19.9,2.0
2058-12-24,31.0,19.9,13.614743589743597
2058-12-25,28.4,20.14416003497209,29.086666666666673
2058-12-26,29.1,19.9,34.82770655270655
2058-12-27,26.2,19.9,49.81186813186828
2058-12-28,25.5,19.956132100442897,13.37275641025642
2058-12-29,28.3,19.7,3.4
2058-12-30,29.9,19.0,0.9
2058-12-31,28.6,19.4,1.1
2059-01-01,29.7,19.7,0.9
2059-01-02,26.2,19.8,1.4
2059-01-03,29.2,18.8,0.0
2059-01-04,29.1,17.5,0.0
2059-01-05,29.9,16.5,0.0
2059-01-06,31.691952807120416,19.2,0.0
2059-01-07,31.1,19.777567046213896,0.0
2059-01-08,31.9,19.8,0.0
2059-01-09,31.2,19.8,1.8
2059-01-10,30.0,19.0,11.59141791044776
2059-01-11,29.5,19.2,11.960696517412932
2059-01-12,25.4,19.7,62.78666422224146
2059-01-13,25.5,19.8,27.8320895522388
2059-01-14,25.476990512428966,18.0,4.5
2059-01-15,30.0,16.0,0.0
2059-01-16,29.8,17.3,0.0
2059-01-17,30.1,18.2,0.0
2059-01-18,29.5,17.4,0.0
2059-01-19,25.6,19.8,21.07350746268657
2059-01-20,26.9,19.5,0.6
2059-01-21,28.0,19.7,36.97257462686563
2059-01-22,30.9,19.6,0.0
2059-01-23,31.6,18.7,0.0
2059-01-24,31.6,19.9,21.475746268656714
2059-01-25,31.111596819882788,19.8,8.160634328358206
2059-01-26,30.1,19.4,10.228824626865666
2059-01-27,28.6,19.7,7.2
2059-01-28,28.6,19.7,0.5
2059-01-29,29.5,18.9,1.9
2059-01-30,29.1,19.0,10.656203358208954
2059-01-31,26.893778939634696,19.3,7.5
2059-02-01,26.1,19.2,24.696958525345625
2059-02-02,25.8,19.1,0.9
2059-02-03,26.214854986094554,19.11222179321458,48.31442750797591
2059-02-04,30.5,18.9,0.0
2059-02-05,31.0,18.4,0.0
2059-02-06,29.8,19.0,0.0
2059-02-07,29.6,18.7,17.754608294930875
2059-02-08,26.349963263506783,19.0,21.12165898617512
2059-02-09,22.362876665572553,18.2,8.949193548387095
2059-02-10,25.1,17.9,0.0
2059-02-11,26.7,19.0,0.0
2059-02-12,28.6,17.5,0.0
2059-02-13,30.1,16.842171014876616,0.0
2059-02-14,30.0,18.7,0.0
2059-02-15,29.2,18.7,0.0
2059-02-16,28.2,18.2,2.4
2059-02-17,30.0,17.6,0.0
2059-02-18,29.1,19.16799450691817,0.0
2059-02-19,32.0,17.6,0.0
2059-02-20,32.0,19.0,0.0
2059-02-21,26.0,18.2,0.0
2059-02-22,31.2,19.0,0.0
2059-02-23,30.4,19.0,4.0
2059-02-24,31.6,18.6,4.4
2059-02-25,28.5,19.0,20.064516129032267
2059-02-26,28.5,18.8,30.244700460829524
2059-02-27,27.2,17.2,0.8
2059-02-28,29.6,16.6,0.0
2059-03-01,31.8,16.0,0.0
2059-03-02,31.2,17.139230245381246,0.0
2059-03-03,29.5,18.8,1.0
2059-03-04,30.0,18.7,3.6
2059-03-05,31.1,18.1,3.1
2059-03-06,31.1,18.5,1.0
2059-03-07,28.3,18.9,1.7
2059-03-08,26.225,18.8,1.5
2059-03-09,28.7,18.8,5.4
2059-03-10,28.8,18.6,5.25
2059-03-11,27.9,18.9,9.0
2059-03-12,30.0,18.9,21.6
2059-03-13,28.0,18.549917701219695,0.0
2059-03-14,27.4,19.9,0.0
2059-03-15,25.7,18.6,0.0
2059-03-16,28.3,18.3,0.0
2059-03-17,29.8,18.7,9.950000000000001
2059-03-18,30.7,17.9,19.0
2059-03-19,29.0,19.0,0.0
2059-03-20,29.7,18.5,0.0
2059-03-21,29.7,18.5,0.0
2059-03-22,29.7,18.4,0.0
2059-03-23,28.4,18.4,0.2
2059-03-24,31.1,17.9,2.3
2059-03-25,29.9,18.54644850801162,0.0
2059-03-26,24.6,17.2,0.0
2059-03-27,28.3,17.1,0.0
2059-03-28,27.3,17.0,0.0
2059-03-29,28.9,17.0,0.0
2059-03-30,27.6,16.8,0.0
2059-03-31,27.4,15.6,0.0
2059-04-01,27.4,16.0,0.0
2059-04-02,28.5,14.9,0.0
2059-04-03,28.8,18.5,0.0
2059-04-04,28.0,17.2,0.0
2059-04-05,27.7,16.3,0.0
2059-04-06,27.9,14.2,0.0
2059-04-07,28.9,15.2,0.0
2059-04-08,28.9,14.5,0.0
2059-04-09,27.9,15.3,0.0
2059-04-10,28.0,18.982459677419364,0.0
2059-04-11,27.2,17.7,0.0
2059-04-12,26.6,18.2,0.0
2059-04-13,26.6,16.4,0.0
2059-04-14,27.1,14.0,0.0
2059-04-15,27.9,13.0,0.0
2059-04-16,28.2,16.9,0.0
2059-04-17,26.6,17.912005856515368,0.0
2059-04-18,26.9,17.9,0.0
2059-04-19,25.4,16.0,2.8
2059-04-20,27.638461538461538,14.9,0.0
2059-04-21,28.6,18.2,0.0
2059-04-22,26.9,14.2,0.0
2059-04-23,27.4,13.4,0.0
2059-04-24,27.5,13.9,0.0
2059-04-25,26.7,18.6,0.0
2059-04-26,27.3,19.132876712328763,0.0
2059-04-27,29.4,18.4,0.0
2059-04-28,29.238095238095237,19.0,0.0
2059-04-29,28.6,16.0,0.0
2059-04-30,29.4,17.7,0.0
2059-05-01,28.0,16.2,0.0
2059-05-02,27.4,15.2,0.0
2059-05-03,25.6,16.222886957450008,0.0
2059-05-04,26.989885304925572,14.3,0.0
2059-05-05,28.5,11.5,0.0
2059-05-06,29.9,12.0,0.0
2059-05-07,30.1,14.2,0.0
2059-05-08,29.9,13.6,0.0
2059-05-09,29.5,12.3,0.0
2059-05-10,29.4,11.6,0.0
2059-05-11,26.8,13.4,0.0
2059-05-12,26.2,11.3,0.0
2059-05-13,24.5,11.9,0.0
2059-05-14,27.2,9.0,0.0
2059-05-15,28.8,11.6,0.0
2059-05-16,31.0,12.5,0.0
2059-05-17,26.5,14.4,0.0
2059-05-18,29.7,11.7,0.0
2059-05-19,29.7,8.7,0.0
2059-05-20,30.3,11.3,0.0
2059-05-21,29.967945092845678,16.87386029732638,1.4
2059-05-22,30.3,17.4,0.0
2059-05-23,33.8,16.87873711253689,0.0
2059-05-24,31.6,16.2,0.0
2059-05-25,29.5,12.251333052526467,0.0
2059-05-26,30.7,8.7,0.0
2059-05-27,31.98073267494277,10.2,0.0
2059-05-28,31.03496124528009,12.1,0.0
2059-05-29,29.9,14.9,0.0
2059-05-30,28.3,14.782549934218373,0.0
2059-05-31,26.5,15.0,0.0
2059-06-01,26.2,12.509671273791017,0.0
2059-06-02,28.5,12.9,0.0
2059-06-03,28.0,15.43396885428255,0.0
2059-06-04,26.04171301446051,14.4,1.9
2059-06-05,28.027818788552942,14.2,0.0
2059-06-06,29.0,15.941617732019212,0.0
2059-06-07,29.04123880334877,16.4,0.0
2059-06-08,28.5,14.3,0.0
2059-06-09,25.8,14.0,0.0
2059-06-10,25.5,12.1,0.0
2059-06-11,27.0,12.0,0.0
2059-06-12,28.9,12.3,0.0
2059-06-13,27.7,13.3,0.0
2059-06-14,23.5,13.062163807739594,0.0
2059-06-15,25.5,13.6,0.0
2059-06-16,27.6,12.3,0.0
2059-06-17,27.8,13.098159358351387,0.0
2059-06-18,25.0,13.07258357239038,0.0
2059-06-19,24.7,12.748288041051303,0.0
2059-06-20,24.66452655728588,13.0,0.0
2059-06-21,24.6,14.013685046877486,0.0
2059-06-22,25.5,14.7,0.0
2059-06-23,25.7,13.458295102666632,0.0
2059-06-24,25.7,15.908482292987044,0.0
2059-06-25,25.6,13.0,0.0
2059-06-26,25.7,11.8,0.0
2059-06-27,25.5,10.323250701838031,0.0
2059-06-28,25.76682172110426,10.647379628158278,0.0
2059-06-29,27.2,11.549071146418157,0.0
2059-06-30,28.0,12.2,0.0
2059-07-01,28.7,12.9,0.0
2059-07-02,28.8,13.0,0.0
2059-07-03,29.11564109635349,12.4,0.0
2059-07-04,25.6,12.0,0.0
2059-07-05,22.1,9.5,0.0
2059-07-06,22.2,7.6,0.0
2059-07-07,22.5,6.7,0.0
2059-07-08,22.7,5.3,0.0
2059-07-09,23.2,5.6,0.0
2059-07-10,24.0,6.9,0.0
2059-07-11,23.9,9.6,0.0
2059-07-12,23.7,9.5,0.0
2059-07-13,24.8,9.0,0.0
2059-07-14,25.7,10.2,0.0
2059-07-15,25.720032993420414,12.0,0.0
2059-07-16,26.9,14.2,0.0
2059-07-17,24.8,12.7,0.0
2059-07-18,23.8,10.2,0.0
2059-07-19,25.1,9.9,0.0
2059-07-20,26.0,11.5,0.0
2059-07-21,26.0,12.0,0.0
2059-07-22,25.858591793004226,12.0,0.0
2059-07-23,26.2,12.0,0.0
2059-07-24,26.0,12.8,0.0
2059-07-25,24.5,12.2,0.0
2059-07-26,24.5,11.0,0.0
2059-07-27,24.9,9.9,0.0
2059-07-28,25.6,9.0,0.0
2059-07-29,26.8,10.0,0.0
2059-07-30,28.2,12.2,0.0
2059-07-31,29.0,14.2,0.0
2059-08-01,30.6,17.0,0.0
2059-08-02,31.0,18.0,0.0
2059-08-03,31.0,16.00067456045927,0.0
2059-08-04,30.2,15.6,0.0
2059-08-05,27.7,14.8,0.0
2059-08-06,27.82201465328657,13.460114818801578,0.0
2059-08-07,28.6,12.9,0.0
2059-08-08,28.0,12.9,0.0
2059-08-09,27.0,13.2,0.0
2059-08-10,26.9,12.6,0.0
2059-08-11,27.70387513455327,12.9,0.0
2059-08-12,28.2,13.3,0.0
2059-08-13,28.9,13.5,0.0
2059-08-14,31.5,13.9,0.0
2059-08-15,31.5,14.5,0.0
2059-08-16,31.85193349675714,16.0,0.0
2059-08-17,32.05873270889899,16.697743989953356,0.0
2059-08-18,32.6,16.7,0.0
2059-08-19,36.309034264306895,16.806959341030932,0.0
2059-08-20,38.184814453125,18.10056896816855,0.0
2059-08-21,39.35693359375,18.474003025907297,0.0
2059-08-22,39.54443359375,18.938199468071296,0.0
2059-08-23,39.275634765625,18.423394680878996,0.0
2059-08-24,38.185791015625,25.5625,0.0
2059-08-25,37.96435546875,18.9331773370471,0.0
2059-08-26,31.5,18.75522520319894,0.0
2059-08-27,30.9,16.9,0.0
2059-08-28,30.6,16.7,0.0
2059-08-29,31.1,16.4,0.0
2059-08-30,31.9,16.895541763048797,0.0
2059-08-31,32.1,17.32491991647971,0.0
2059-09-01,34.0,18.0,0.0
2059-09-02,34.3,18.0,0.0
2059-09-03,35.1,18.2,0.0
2059-09-04,33.5,20.0,0.0
2059-09-05,32.07530589543938,18.9,0.0
2059-09-06,30.691990181928503,17.9,0.0
2059-09-07,30.7,17.3,0.0
2059-09-08,32.1,17.0,0.0
2059-09-09,33.2,17.0,0.0
2059-09-10,33.1,17.4,0.0
2059-09-11,32.4,17.9,0.0
2059-09-12,32.7,17.8,0.0
2059-09-13,33.1,18.010762421208756,0.0
2059-09-14,34.3,18.7,0.0
2059-09-15,35.3,19.64169360437772,0.0
2059-09-16,35.66547013021004,20.2,0.0
2059-09-17,35.76933782634302,20.19839034450282,0.0
2059-09-18,34.9,19.9,0.0
2059-09-19,34.9,19.9,0.0
2059-09-20,34.19799958400029,20.1,0.0
2059-09-21,33.0,19.6,0.0
2059-09-22,33.0,18.5,0.0
2059-09-23,32.7,18.013095569150916,0.0
2059-09-24,32.6719785268656,17.9,0.0
2059-09-25,32.0,17.9,0.0
2059-09-26,32.3,17.3,0.0
2059-09-27,33.1,17.7,0.0
2059-09-28,34.0,18.6,0.0
2059-09-29,34.0,19.494485501394248,0.0
2059-09-30,33.8,19.9,0.0
2059-10-01,34.1,19.7,0.0
2059-10-02,34.6,19.9,0.0
2059-10-03,31.7,19.0,0.0
2059-10-04,33.5,20.8,0.0
2059-10-05,35.0,21.7,0.0
2059-10-06,34.9,20.8,0.0
2059-10-07,35.1,19.9,0.0
2059-10-08,34.0,20.5,0.0
2059-10-09,34.0,20.0,0.0
2059-10-10,34.6,19.145575119175756,0.0
2059-10-11,36.3,18.3,0.0
2059-10-12,35.132414470913076,21.4,0.0
2059-10-13,33.9,19.4,0.0
2059-10-14,35.5,19.4,0.0
2059-10-15,37.2,21.0,0.0
2059-10-16,38.49228515625,21.2,0.0
2059-10-17,35.5,20.0,0.0
2059-10-18,33.0,19.0,0.0
2059-10-19,35.3,19.8,0.0
2059-10-20,34.0,20.5,0.0
2059-10-21,32.8,20.2,0.0
2059-10-22,31.7,18.7,0.0
2059-10-23,32.0,17.4,0.0
2059-10-24,31.8,19.1,0.0
2059-10-25,30.9,18.2,0.0
2059-10-26,31.96848305136381,17.9,0.0
2059-10-27,32.2,17.9,0.0
2059-10-28,33.5,17.9,0.0
2059-10-29,34.3,20.0,0.0
2059-10-30,33.7,20.7,0.0
2059-10-31,34.6,20.4,0.0
2059-11-01,33.6,21.2,0.0
2059-11-02,31.0,19.9,0.0
2059-11-03,34.0,19.1,0.0
2059-11-04,32.5,19.8,3.0
2059-11-05,31.2,21.0,0.0
2059-11-06,30.2,20.1,0.0
2059-11-07,32.4,20.3,0.0
2059-11-08,32.9,19.9,0.0
2059-11-09,35.12294757522788,20.84775076340076,0.0
2059-11-10,33.3,21.0,0.0
2059-11-11,33.5,19.4,0.0
2059-11-12,32.0,20.0,5.6
2059-11-13,35.1,18.4,0.0
2059-11-14,35.7,19.8,0.0
2059-11-15,34.0,21.1918508687814,0.0
2059-11-16,33.0,20.0,0.0
2059-11-17,33.5,19.5,0.0
2059-11-18,34.0,20.6,0.0
2059-11-19,32.8,19.8,10.2
2059-11-20,32.2,20.5,7.979999999999996
2059-11-21,31.2,19.9,0.0
2059-11-22,32.0,20.0,2.7
2059-11-23,31.2,19.8,0.7
2059-11-24,31.9,19.9,1.4
2059-11-25,32.0,19.8,0.0
2059-11-26,32.4,19.5,2.5
2059-11-27,26.7,20.0,5.4
2059-11-28,29.686501462530376,20.0,0.0
2059-11-29,31.6,18.0,0.0
2059-11-30,32.5,16.6,0.0
2059-12-01,31.9,16.5,0.0
2059-12-02,31.8,18.0,0.0
2059-12-03,31.8,19.4,0.0
2059-12-04,32.0,17.6,0.0
2059-12-05,30.0,17.5,0.0
2059-12-06,31.6,16.6,0.0
2059-12-07,29.7,18.5,3.4243589743589826
2059-12-08,30.7,17.5,0.0
2059-12-09,31.2,16.8,0.0
2059-12-10,30.5,21.07112303268559,0.0
2059-12-11,29.9,19.4,0.0
2059-12-12,31.6,18.6,7.508846153846155
2059-12-13,31.0,19.9,7.508846153846155
2059-12-14,31.3,19.8,1.3
2059-12-15,28.9,20.682654364536756,12.60833333333334
2059-12-16,31.2,20.434476783504337,0.0
2059-12-17,30.1,19.9,2.3
2059-12-18,28.0,19.80940969412208,22.32617521367522
2059-12-19,27.1,19.8,3.4
2059-12-20,27.235575888051667,19.9,3.951495726495731
2059-12-21,28.0,19.4,6.4
2059-12-22,26.5,19.27610706301233,13.272115384615393
2059-12-23,28.21625632686714,19.4,0.0
2059-12-24,30.1,19.0,0.8
2059-12-25,29.5,19.9,3.4
2059-12-26,27.1,19.6,29.006153846153854
2059-12-27,23.6,17.3,15.0
2059-12-28,25.7,17.0,0.0
2059-12-29,27.727191339846048,15.6,0.0
2059-12-30,29.6,15.6,0.0
2059-12-31,30.0,16.1,0.0
2060-01-01,30.8,17.2,0.0
2060-01-02,30.4,17.3,0.0
2060-01-03,31.699990950832305,15.8,0.0
2060-01-04,32.00227971237681,15.9,0.0
2060-01-05,32.00028059761301,17.0,0.0
2060-01-06,29.1,19.7,0.8
2060-01-07,29.5,18.2,0.0
2060-01-08,31.1,19.8,0.0
2060-01-09,30.7,19.3,0.7
2060-01-10,31.1,19.4,0.0
2060-01-11,31.7,21.70771484375,0.0
2060-01-12,29.6,19.6,2.7
2060-01-13,29.9,19.4,3.4
2060-01-14,29.5,19.7,4.0
2060-01-15,27.7,19.6,2.376119402985075
2060-01-16,28.863476178007925,19.4,0.5419154228855723
2060-01-17,27.2,19.5,33.62318097014924
2060-01-18,27.0,19.1,3.4
2060-01-19,27.7,18.2,1.2
2060-01-20,27.5,19.3,0.0
2060-01-21,29.0,19.4,1.0
2060-01-22,27.908649723595598,18.6,0.0
2060-01-23,28.6,19.2,1.0
2060-01-24,26.464321362168505,19.2,0.8
2060-01-25,25.6,19.420205671886315,0.0
2060-01-26,26.1,19.205378965364396,18.92723880597015
2060-01-27,25.5,17.5,27.74925373134328
2060-01-28,26.9,17.17108823375995,0.0
2060-01-29,29.1,17.7,0.0
2060-01-30,29.4,18.8,0.0
2060-01-31,27.2,19.5,2.1
2060-02-01,28.9,19.0,0.0
2060-02-02,29.24170585076424,18.9,3.6
2060-02-03,25.8,18.9,64.42672811059937
2060-02-04,19.42815476497446,17.1,69.65344376634772
2060-02-05,25.5,17.3,0.0
2060-02-06,30.0,17.9,0.0
2060-02-07,32.650858179571536,17.0,0.0
2060-02-08,31.212250832271625,18.0,0.0
2060-02-09,28.3,19.0,0.0
2060-02-10,29.3,18.8,4.4
2060-02-11,30.0,18.6,0.5193548387096775
2060-02-12,31.0,17.9,0.0
2060-02-13,31.180881358116157,19.2,0.0
2060-02-14,31.2,19.0,13.5
2060-02-15,26.0,19.0,64.95588491717548
2060-02-16,24.0,19.0,97.78642999877711
2060-02-17,27.8,19.0,0.0
2060-02-18,28.8,19.1,0.0
2060-02-19,30.0,18.9,1.3
2060-02-20,30.0,19.1,6.4
2060-02-21,29.0,19.1,6.291705069124424
2060-02-22,31.12203180534527,18.4,2.3
2060-02-23,24.2,19.0,3.5373271889400932
2060-02-24,23.9,19.0,15.984331797235027
2060-02-25,27.2,18.3,1.4
2060-02-26,31.2,17.8,0.0
2060-02-27,30.0,18.1,0.0
2060-02-28,29.9,18.90089177275739,33.09329702555513
2060-03-01,27.2,18.2,14.320000000000011
2060-03-02,30.4,16.5,0.0
2060-03-03,30.7,16.3,0.0
2060-03-04,29.029999999999998,17.0,0.2
2060-03-05,25.0,18.1,0.0
2060-03-06,25.0,17.8,0.0
2060-03-07,26.8,17.9,0.0
2060-03-08,29.9,17.2,0.0
2060-03-09,30.8,15.4,0.0
2060-03-10,31.2,19.0,0.0
2060-03-11,28.9,19.0,0.0
2060-03-12,29.62826086956522,18.5,0.5
2060-03-13,31.0,17.4,0.0
2060-03-14,31.6,17.2,0.0
2060-03-15,31.9,16.5,0.0
2060-03-16,31.555421686746993,17.7,0.0
2060-03-17,31.374999999999993,16.0,0.0
2060-03-18,27.0,17.3,0.0
2060-03-19,20.270701786036444,17.9,1.2
2060-03-20,25.395918367346937,18.5,0.0
2060-03-21,30.3,19.0,46.35000000000002
2060-03-22,28.5,19.0,1.6
2060-03-23,26.2,18.2,2.3
2060-03-24,30.3,18.2,3.0
2060-03-25,27.2,18.9,20.4
2060-03-26,26.7,19.4,27.514285714285712
2060-03-27,24.0,19.0,3.3
2060-03-28,27.9,18.6,0.0
2060-03-29,28.9,18.5,8.6
2060-03-30,27.2,18.9,0.0
2060-03-31,28.7,17.3,0.0
2060-04-01,27.0,17.5,0.0
2060-04-02,27.2,19.035990756787985,0.0
2060-04-03,28.5,15.7,0.0
2060-04-04,29.5,14.0,0.0
2060-04-05,30.0,14.8,0.0
2060-04-06,30.7,15.2,0.0
2060-04-07,31.1,15.9,0.0
2060-04-08,28.9,17.4,0.0
2060-04-09,27.6,18.2,0.0
2060-04-10,28.6,19.0,0.0
2060-04-11,27.879310344827587,18.7,0.0
2060-04-12,27.914285714285715,19.075505488157134,0.0
2060-04-13,28.6,17.4,0.0
2060-04-14,25.5,15.2,1.3399999999999999
2060-04-15,29.2,14.8,2.3
2060-04-16,30.0,19.33735849056604,0.0
2060-04-17,31.1,18.5,0.0
2060-04-18,29.5,19.039919121894854,0.0
2060-04-19,30.0,18.4,0.0
2060-04-20,31.1,17.5,0.6583333333333332
2060-04-21,31.573119605425404,16.6,0.0
2060-04-22,29.252380952380953,19.0,0.0
2060-04-23,25.4,18.949193548387097,0.0
2060-04-24,27.2,16.6,0.0
2060-04-25,28.3,15.2,0.0
2060-04-26,29.1,15.3,0.0
2060-04-27,28.713114754098356,15.4,0.0
2060-04-28,28.9,15.2,0.0
2060-04-29,29.0,15.4,0.0
2060-04-30,29.221428571428568,15.2,0.9
2060-05-01,22.0,16.693858870302403,29.4
2060-05-02,26.8,17.4,6.413793103448275
2060-05-03,26.9,15.2,0.0
2060-05-04,26.3,13.5,0.0
2060-05-05,27.4,17.2,0.0
2060-05-06,27.5,16.01951621506803,0.0
2060-05-07,27.5,14.4,0.0
2060-05-08,27.5,12.3,0.0
2060-05-09,28.9,11.2,0.0
2060-05-10,29.2,12.0,0.0
2060-05-11,27.0,13.4,0.0
2060-05-12,26.6,13.2,0.0
2060-05-13,27.5,12.8,0.0
2060-05-14,29.1,12.0,0.0
2060-05-15,29.6,12.3,0.0
2060-05-16,28.3,16.413724692394435,0.0
2060-05-17,26.0,14.3,0.0
2060-05-18,26.3,13.5,0.0
2060-05-19,28.4,12.154009518586955,0.0
2060-05-20,28.8,14.3,0.0
2060-05-21,28.4,17.5,0.0
2060-05-22,29.6,15.2,0.0
2060-05-23,30.576429686204627,14.9,0.0
2060-05-24,30.486312491854388,16.7,0.0
2060-05-25,30.227814065678906,16.426818980124715,0.0
2060-05-26,29.0,16.22531025095854,0.0
2060-05-27,27.0,15.9,0.0
2060-05-28,26.7,15.0,0.0
2060-05-29,28.6,15.7,0.0
2060-05-30,29.0,13.9,0.0
2060-05-31,28.6,13.4,0.0
2060-06-01,25.5,12.9,0.0
2060-06-02,25.5,11.5,0.0
2060-06-03,25.0,11.5,0.0
2060-06-04,24.3,12.3,0.0
2060-06-05,23.211179087875422,11.5,0.0
2060-06-06,23.1,12.3,0.0
2060-06-07,22.3,10.7,0.0
2060-06-08,24.2,11.7,0.0
2060-06-09,25.6,10.3,0.0
2060-06-10,26.2,12.6,0.0
2060-06-11,27.2,15.9,0.0
2060-06-12,26.4,14.7,0.0
2060-06-13,24.9,13.2,0.0
2060-06-14,24.2,11.8,0.0
2060-06-15,24.6,10.0,0.0
2060-06-16,25.7,9.6,0.0
2060-06-17,27.0,10.4,0.0
2060-06-18,27.0,11.5,0.0
2060-06-19,24.9,12.1,0.0
2060-06-20,24.5,11.1,0.0
2060-06-21,24.6,9.0,0.0
2060-06-22,25.47389823501039,8.4,0.0
2060-06-23,26.9,9.0,0.0
2060-06-24,26.9,10.7,0.0
2060-06-25,27.0,11.1,0.0
2060-06-26,27.0,11.5,0.0
2060-06-27,27.0,11.2,0.0
2060-06-28,27.7,10.5,0.0
2060-06-29,27.9,9.4,0.0
2060-06-30,24.6,12.0,0.0
2060-07-01,23.529189092213848,10.4,0.0
2060-07-02,25.2,9.0,0.0
2060-07-03,26.8,10.5,0.0
2060-07-04,26.8,12.9,0.0
2060-07-05,25.7,12.9,0.0
2060-07-06,25.604066320710757,12.0,0.0
2060-07-07,26.2,11.9,0.0
2060-07-08,26.4,11.4,0.0
2060-07-09,26.1,10.5,0.0
2060-07-10,27.4,9.9,0.0
2060-07-11,27.5,12.2,0.0
2060-07-12,26.4,12.7,0.0
2060-07-13,26.8,12.22066135629709,0.0
2060-07-14,27.2,12.284733692142085,0.0
2060-07-15,27.6,11.7,0.0
2060-07-16,27.6,11.9,0.0
2060-07-17,24.7,13.4,0.0
2060-07-18,21.3,11.1,0.0
2060-07-19,23.5,10.0,0.0
2060-07-20,24.9,10.4,0.0
2060-07-21,26.0,9.9,0.0
2060-07-22,26.9,10.7,0.0
2060-07-23,27.1,12.4,0.0
2060-07-24,27.9,13.1,0.0
2060-07-25,29.191484667597773,13.6,0.0
2060-07-26,28.5,14.307472682655,0.0
2060-07-27,27.6,15.14144241119483,0.0
2060-07-28,27.7,13.8,0.0
2060-07-29,26.8,13.8,0.0
2060-07-30,23.8,12.9,0.0
2060-07-31,25.41549536308685,12.8,0.0
2060-08-01,28.13499730893433,13.5,0.0
2060-08-02,28.0,14.8,0.0
2060-08-03,27.2,14.8,0.0
2060-08-04,27.6,13.5,0.0
2060-08-05,30.1,13.7,0.0
2060-08-06,32.133245304692885,15.3,0.0
2060-08-07,31.1,17.185750196304788,0.0
2060-08-08,30.4,16.77149303162421,0.0
2060-08-09,31.8,16.590496248108447,0.0
2060-08-10,32.9,16.528564166965662,0.0
2060-08-11,35.171595078532604,16.640582650216665,0.0
2060-08-12,38.22998046875,17.25213145369422,0.0
2060-08-13,32.5,18.491346379824435,0.0
2060-08-14,29.8,17.4,0.0
2060-08-15,30.3,15.6,0.0
2060-08-16,31.5,15.7,0.0
2060-08-17,30.2,16.776592762388574,0.0
2060-08-18,30.7,15.681548308265203,0.0
2060-08-19,31.4,15.0,0.0
2060-08-20,31.5,15.5,0.0
2060-08-21,31.496952402288358,15.3,0.0
2060-08-22,31.4,14.853821313240045,0.0
2060-08-23,32.9,15.37251983327247,0.0
2060-08-24,37.57373046875,16.4,0.0
2060-08-25,36.10161888337153,17.12877968622434,0.0
2060-08-26,37.585205078125,17.170807111693517,0.0
2060-08-27,38.303955078125,18.04471621014348,0.0
2060-08-28,38.648681640625,18.45001486892311,0.0
2060-08-29,38.385009765625,18.459334309702683,0.0
2060-08-30,33.46777806339667,18.519179328520362,0.0
2060-08-31,37.989501953125,18.44207453821407,0.0
2060-09-01,36.058305107377855,19.6,0.0
2060-09-02,35.4,20.4,0.0
2060-09-03,32.8,20.097853824510903,0.0
2060-09-04,31.4,18.2,0.0
2060-09-05,31.4,17.8,0.0
2060-09-06,32.31875463477938,18.5,0.0
2060-09-07,33.7,18.9,0.0
2060-09-08,35.1,20.0,0.0
2060-09-09,34.3,21.43243144151478,0.0
2060-09-10,33.2,20.0,0.0
2060-09-11,34.6,19.6,0.0
2060-09-12,38.50669596590458,20.2,0.0
2060-09-13,40.0078125,20.974100713407548,0.0
2060-09-14,39.939697265625,21.483429527301986,0.0
2060-09-15,36.09601558001209,22.090144247048453,0.0
2060-09-16,36.66497547882708,20.6,0.0
2060-09-17,37.02390870647999,20.6,0.0
2060-09-18,33.2,20.5,0.0
2060-09-19,32.91810967409892,19.2,0.0
2060-09-20,34.0,18.2,0.0
2060-09-21,35.2,19.0,0.0
2060-09-22,34.43840578129658,20.5,0.0
2060-09-23,32.7,19.6,0.0
2060-09-24,32.3,18.6,0.0
2060-09-25,34.7,19.0,0.0
2060-09-26,33.2,21.022581481512475,0.0
2060-09-27,32.0,18.9,0.0
2060-09-28,32.6,18.5,0.0
2060-09-29,34.4,18.201001112347047,0.0
2060-09-30,36.066707440802986,21.46655246294075,0.0
2060-10-01,35.8,22.2,0.0
2060-10-02,35.6,21.0,0.0
2060-10-03,36.0,21.0,0.0
2060-10-04,35.9,21.66295230603626,0.0
2060-10-05,35.87098286652739,21.0,0.0
2060-10-06,35.0,21.0,0.0
2060-10-07,35.1385009594234,20.5,0.0
2060-10-08,37.0,20.8,0.0
2060-10-09,37.005847217672105,21.2,0.0
2060-10-10,36.0,21.139070226696983,0.0
2060-10-11,36.313883066115224,20.7,0.0
2060-10-12,38.04740424127658,20.3,0.0
2060-10-13,39.20712890625,21.0,0.0
2060-10-14,40.343359375,21.9,0.0
2060-10-15,39.83212890625,23.260720841588522,0.0
2060-10-16,37.082942738802814,23.66305794296611,0.0
2060-10-17,32.0,21.9,0.0
2060-10-18,32.6,20.1,0.0
2060-10-19,34.9,20.5,0.0
2060-10-20,37.51814901997893,21.5,0.0
2060-10-21,38.987890625,22.3986304477399,0.0
2060-10-22,38.94931640625,22.448378688539137,0.0
2060-10-23,38.46005859375,22.1,0.0
2060-10-24,38.18800656855732,21.6,2.6942857142857144
2060-10-25,36.524451833611025,20.8,0.0
2060-10-26,37.0,21.9,0.0
2060-10-27,36.714605235170126,21.96302186657651,0.0
2060-10-28,36.0,21.63468524882006,0.0
2060-10-29,38.140594155869636,21.6,0.0
2060-10-30,39.600439453125,21.3,0.0
2060-10-31,38.0,22.0370376659428,0.0
2060-11-01,34.0,21.1,0.2
2060-11-02,32.1,20.0,0.0
2060-11-03,33.6,20.5,0.0
2060-11-04,34.0,20.3,0.0
2060-11-05,34.738550241008525,20.3,0.0
2060-11-06,34.0,20.5,0.0
2060-11-07,33.5,20.9,0.0
2060-11-08,34.4,21.7,0.0
2060-11-09,37.2,22.0,0.0
2060-11-10,37.56815634943217,23.948828125,0.0
2060-11-11,39.503173828125,23.282330368356924,0.0
2060-11-12,38.35786382828257,25.398046875,0.0
2060-11-13,34.0,23.190927616961712,0.0
2060-11-14,33.7,21.9,0.0
2060-11-15,33.6,21.777368473757004,0.0
2060-11-16,31.705027091033045,21.12194159925435,1.4
2060-11-17,34.4,21.135958415393052,0.0
2060-11-18,35.4,21.3,0.0
2060-11-19,36.205238095238094,21.3,0.0
2060-11-20,36.2,21.469256846231268,0.0
2060-11-21,37.2,21.7,0.0
2060-11-22,37.73868863767664,21.9,0.0
2060-11-23,36.4,21.3,0.0
2060-11-24,35.0,21.3,0.0
2060-11-25,35.45676980469607,21.9,0.0
2060-11-26,37.33664730837882,22.943847581807677,0.0
2060-11-27,36.2,21.5,0.0
2060-11-28,34.5,21.3,0.0
2060-11-29,33.9,21.1,0.0
2060-11-30,32.2,21.0,42.92000000000001
2060-12-01,29.5,21.046414121864164,31.01794871794871
2060-12-02,30.5,20.6133076429832,47.81451048951049
2060-12-03,25.5,20.0,42.11875000000003
2060-12-04,24.0,19.0,38.14743589743594
2060-12-05,25.0,19.467164273149777,13.478632478632484
2060-12-06,27.6,19.101932613013485,0.0
2060-12-07,30.0,17.6,0.0
2060-12-08,31.6,21.068609065194188,0.0
2060-12-09,29.6,22.59152740016567,0.0
2060-12-10,29.0,19.0,0.0
2060-12-11,29.5,17.5,0.0
2060-12-12,30.9,16.1,0.0
2060-12-13,31.7,18.7,0.0
2060-12-14,26.9,20.0,0.0
2060-12-15,26.9,19.5,0.0
2060-12-16,31.3,20.401891486455046,0.0
2060-12-17,29.1,19.616576964477936,0.0
2060-12-18,31.4,19.3,1.0
2060-12-19,32.1,19.4,0.0
2060-12-20,32.44346747227255,20.0,0.0
2060-12-21,31.8,20.729376254618433,0.0
2060-12-22,32.4,21.077054866092276,0.0
2060-12-23,32.96070153856114,20.685942757881666,0.0
2060-12-24,30.0,20.13035686586036,0.0
2060-12-25,31.0,21.009221205220445,0.0
2060-12-26,31.6,18.9,0.0
2060-12-27,31.0,20.2,0.0
2060-12-28,31.6,20.0,0.0
2060-12-29,31.8,21.0,0.0
2060-12-30,33.03213001128933,20.5818817036965,0.0
2060-12-31,33.1492352601003,22.54933556522246,1.6
2061-01-01,31.937292372417865,20.04134091414499,0.8
2061-01-02,32.53148803449031,21.72477416992188,0.0
2061-01-03,32.19948850590823,19.9,0.0
2061-01-04,32.13807233886797,18.7,0.0
2061-01-05,31.9,19.9,8.261194029850744
2061-01-06,29.5,19.0,15.819776119402986
2061-01-07,31.6,19.7,0.0
2061-01-08,30.1,20.366886747059617,4.0
2061-01-09,27.5,19.9,11.59141791044776
2061-01-10,25.8,19.8,2.6822761194029843
2061-01-11,28.7,19.8,5.022574626865671
2061-01-12,29.8,19.8,5.7343283582089555
2061-01-13,26.7,19.1,61.182359157967404
2061-01-14,24.8,18.532671530518673,65.89662880377226
2061-01-15,26.4,19.134825080731932,47.57716658642273
2061-01-16,25.4,19.7,2.7
2061-01-17,26.1,19.6,3.4990671641791042
2061-01-18,29.0,18.5,0.0
2061-01-19,29.9,17.495567656556695,0.0
2061-01-20,30.2,17.3,6.798320895522388
2061-01-21,29.771108978432572,17.9,8.4
2061-01-22,30.8,17.7,0.0
2061-01-23,29.1,18.8,0.0
2061-01-24,30.4,18.0,0.0
2061-01-25,30.0,18.4,5.6
2061-01-26,31.1,18.8,0.0
2061-01-27,30.9,19.773515195605626,0.0
2061-01-28,29.5,20.06326883856833,1.8
2061-01-29,25.9,18.9,0.6
2061-01-30,29.1,17.9,0.0
2061-01-31,31.1,18.2,2.7856343283582103
2061-02-01,32.1,19.7,3.5
2061-02-02,32.680200744541025,19.0,1.6
2061-02-03,27.2,19.0,3.5373271889400932
2061-02-04,31.6,19.0,45.100460829493095
2061-02-05,27.7,19.0,4.052995391705069
2061-02-06,29.8,17.9,0.0
2061-02-07,27.2,19.1,9.9
2061-02-08,29.3,19.1,10.0
2061-02-09,28.6,19.1,13.506451612903229
2061-02-10,29.9,19.0,17.48536866359447
2061-02-11,30.9,19.2,18.94423963133641
2061-02-12,29.0,19.2,8.999654377880184
2061-02-13,27.4,18.4,0.0
2061-02-14,28.4,18.2,12.4
2061-02-15,30.047719304350835,19.7,33.643778801843396
2061-02-16,28.1,19.30606678486616,25.066244239631338
2061-02-17,30.0,19.2,1.3
2061-02-18,29.4,19.35099105061323,9.279032258064515
2061-02-19,28.763697015096092,19.23431255696557,3.0
2061-02-20,29.2,19.2,0.6
2061-02-21,28.6,18.3,0.0
2061-02-22,28.0,17.9,5.977880184331798
2061-02-23,30.0,17.5,0.0
2061-02-24,30.0,19.7,0.0
2061-02-25,32.147138751329976,17.5,0.0
2061-02-26,31.2,19.0,0.0
2061-02-27,29.6,19.800782892314984,2.3
2061-02-28,30.7,19.346830126567898,0.0
2061-03-01,32.612030075187974,18.6,0.0
2061-03-02,33.7,18.6,0.0
2061-03-03,29.60652173913044,19.59356010876259,13.9
2061-03-04,27.2,19.3,0.0
2061-03-05,25.3,19.3,0.0
2061-03-06,28.9,19.2,3.6
2061-03-07,30.3,18.9,2.3499999999999996
2061-03-08,30.0,19.0,0.0
2061-03-09,30.8,19.0,10.9
2061-03-10,31.1,19.192190666549674,38.06956521739131
2061-03-11,28.9,19.3,31.9
2061-03-12,28.9,19.4,4.3
2061-03-13,31.328333333333337,19.99356822579496,35.94
2061-03-14,31.345833333333335,19.8,21.6
2061-03-15,31.1,19.0,0.9
2061-03-16,31.3,19.0,5.2
2061-03-17,29.7,19.0,9.0
2061-03-18,29.5,19.3,57.607843137254925
2061-03-19,30.7,19.950104040157804,40.0
2061-03-20,29.2,19.2,62.45202312138728
2061-03-21,27.6,19.176402510662605,0.0
2061-03-22,29.8,17.8,0.0
2061-03-23,28.9,18.481192995352973,0.0
2061-03-24,25.92121212121212,18.2,0.0
2061-03-25,26.3,19.0,1.0
2061-03-26,26.4,18.8,0.0
2061-03-27,27.9,18.3,1.0
2061-03-28,28.2,17.7,0.0
2061-03-29,28.5,18.1,0.0
2061-03-30,27.0,18.9,0.0
2061-03-31,29.4,19.2,3.133333333333333
2061-04-01,30.4,19.7,0.0
2061-04-02,31.50332922318126,17.9,0.0
2061-04-03,31.1,16.55882352941176,0.0
2061-04-04,30.3,17.7,0.0
2061-04-05,30.0,16.9,0.0
2061-04-06,30.2,16.9,0.0
2061-04-07,29.453846153846147,17.2,0.0
2061-04-08,28.9,16.0,0.0
2061-04-09,29.9,15.2,0.0
2061-04-10,29.5,16.6,0.0
2061-04-11,28.9,16.4,0.0
2061-04-12,28.9,17.9,0.55
2061-04-13,28.4,18.4,0.9
2061-04-14,27.5,17.1,0.0
2061-04-15,27.9,15.0,0.0
2061-04-16,28.5,14.0,0.0
2061-04-17,29.9,15.4,0.0
2061-04-18,31.0,14.9,0.0
2061-04-19,27.0,17.8,0.0
2061-04-20,25.7,13.8,0.0
2061-04-21,25.3,11.6,0.0
2061-04-22,26.8,9.373941368078176,0.0
2061-04-23,28.1,9.3,0.0
2061-04-24,28.5,11.0,0.0
2061-04-25,28.0,12.6,0.0
2061-04-26,28.0,12.8,0.0
2061-04-27,28.1,13.2,0.0
2061-04-28,27.6,13.7,0.0
2061-04-29,27.0,13.8,0.0
2061-04-30,26.8,13.6,0.0
2061-05-01,25.5,11.9,0.0
2061-05-02,26.3,11.9,0.0
2061-05-03,26.1,11.4,0.0
2061-05-04,26.5,9.9,0.0
2061-05-05,27.0,9.9,0.0
2061-05-06,27.4,9.6,0.0
2061-05-07,28.4,9.7,0.0
2061-05-08,29.0,11.2,0.0
2061-05-09,26.89289039905586,17.8,0.0
2061-05-10,29.0,15.664457568440325,0.0
2061-05-11,28.6,13.8,0.0
2061-05-12,27.9,11.5,0.0
2061-05-13,26.7,9.7,0.0
2061-05-14,26.3330845998066,10.8,0.0
2061-05-15,26.821252691065663,11.4,0.0
2061-05-16,27.9,12.058641380587295,0.0
2061-05-17,28.00311688722851,13.262101969609036,0.0
2061-05-18,29.3,15.2,0.0
2061-05-19,26.2,15.80624757804089,0.6842105263157894
2061-05-20,25.9,15.2,0.0
2061-05-21,27.5,14.709245305585442,0.0
2061-05-22,27.0,13.90722955884025,0.0
2061-05-23,27.0,12.6,0.0
2061-05-24,27.2,11.4,0.0
2061-05-25,27.5,9.1,0.0
2061-05-26,27.5,7.9,0.0
2061-05-27,28.472899986642876,6.7,0.0
2061-05-28,29.6,7.3,0.0
2061-05-29,27.2,11.7,0.0
2061-05-30,26.3,12.0,0.0
2061-05-31,27.3,10.9,0.0
2061-06-01,27.3,11.5,0.0
2061-06-02,28.819495057105712,11.5,0.0
2061-06-03,29.5,12.092685639870862,0.0
2061-06-04,24.8,15.089951999806557,0.0
2061-06-05,22.6,9.6,0.0
2061-06-06,21.9,8.0,0.0
2061-06-07,22.0,6.64860573050516,0.0
2061-06-08,22.8,5.0,0.0
2061-06-09,24.2,4.4,0.0
2061-06-10,22.7,10.0,0.0
2061-06-11,20.7,9.0,0.0
2061-06-12,22.0,10.5,0.0
2061-06-13,21.4,8.0,0.0
2061-06-14,22.1,6.0,0.0
2061-06-15,22.7,8.0,0.0
2061-06-16,23.6,11.8,0.0
2061-06-17,25.0,13.2,0.0
2061-06-18,25.4,13.163012677904232,0.0
2061-06-19,25.7,12.9,0.0
2061-06-20,25.4,11.5,0.0
2061-06-21,26.7,10.5,0.0
2061-06-22,25.2,11.9,0.0
2061-06-23,25.482983058855964,10.5,0.0
2061-06-24,27.0,9.7,0.0
2061-06-25,27.9,10.0,0.0
2061-06-26,27.9,11.8,0.0
2061-06-27,27.21921394141639,13.545034164945179,0.0
2061-06-28,25.2,12.2,0.0
2061-06-29,25.0,10.7,0.0
2061-06-30,25.512739778892655,8.5,0.0
2061-07-01,25.5,6.7,0.0
2061-07-02,24.9,8.3,0.0
2061-07-03,26.114526566978345,6.2,0.0
2061-07-04,27.6,7.8,0.0
2061-07-05,27.2,9.5,0.0
2061-07-06,26.6,10.9,0.0
2061-07-07,26.7,10.4,0.0
2061-07-08,27.6,10.5,0.0
2061-07-09,24.8,12.2,0.0
2061-07-10,19.138783198963118,11.3,0.0
2061-07-11,20.0,11.7,0.0
2061-07-12,24.6,9.0,0.0
2061-07-13,27.6,9.4,0.0
2061-07-14,30.2,10.5,0.0
2061-07-15,28.2,10.9,0.0
2061-07-16,25.9,12.4,0.0
2061-07-17,26.2,10.4,0.0
2061-07-18,28.97007534983853,8.2,0.0
2061-07-19,26.889590958019365,11.7,0.0
2061-07-20,23.0,11.9,0.0
2061-07-21,24.0,10.2,0.0
2061-07-22,25.9,10.4,0.0
2061-07-23,27.6,11.2,0.0
2061-07-24,28.6,13.3,0.0
2061-07-25,26.5,14.427332946923897,0.0
2061-07-26,23.9,12.886627869576591,0.0
2061-07-27,25.8,11.9,0.0
2061-07-28,27.6,12.0,0.0
2061-07-29,29.2,12.4,0.0
2061-07-30,29.37207806923119,13.8,0.0
2061-07-31,30.607758780383996,13.778814501829023,0.0
2061-08-01,31.4,15.4,0.0
2061-08-02,29.9,16.0,0.0
2061-08-03,28.7,14.8,0.0
2061-08-04,27.6,14.0,0.0
2061-08-05,27.8,12.55379739265638,0.0
2061-08-06,27.4,13.0,0.0
2061-08-07,26.7,12.9,0.0
2061-08-08,26.9,11.8,0.0
2061-08-09,27.9,11.4,0.0
2061-08-10,27.8,12.1,0.0
2061-08-11,28.2,12.9,0.0
2061-08-12,30.9,13.2,0.0
2061-08-13,31.2,15.3,0.0
2061-08-14,31.0,15.507616817429287,0.0
2061-08-15,31.2,14.8,0.0
2061-08-16,32.540032292787934,14.8,0.0
2061-08-17,38.4404296875,16.6,0.0
2061-08-18,37.372874443943,18.462426859557787,0.0
2061-08-19,32.9,18.2022559818384,0.0
2061-08-20,32.02929256531428,17.5,0.0
2061-08-21,33.080143986481005,16.9,0.0
2061-08-22,36.24547148627854,17.34355376295278,0.0
2061-08-23,34.50268212929301,17.2,0.0
2061-08-24,33.287107349055674,17.168752437559473,0.0
2061-08-25,34.96752510696747,16.397163075394413,0.0
2061-08-26,32.79057640336208,17.609995790353977,0.0
2061-08-27,31.021378494899523,16.9,0.0
2061-08-28,29.6,16.017923711323512,0.0
2061-08-29,30.0,15.5,0.0
2061-08-30,30.8,15.7,0.0
2061-08-31,30.8,15.7,0.0
2061-09-01,31.4,16.2,0.0
2061-09-02,31.4,16.9,0.0
2061-09-03,30.7,17.5,0.0
2061-09-04,30.7,16.9,0.0
2061-09-05,31.4,16.869672350431568,0.0
2061-09-06,31.5,18.0,0.0
2061-09-07,31.63423399737082,17.9,0.0
2061-09-08,31.6,17.0,0.0
2061-09-09,31.6,16.5,0.0
2061-09-10,31.7,15.9,0.0
2061-09-11,31.6,15.4,0.0
2061-09-12,31.9,17.599737296760004,0.0
2061-09-13,32.7,17.9,0.0
2061-09-14,33.6,18.6,0.0
2061-09-15,33.5,21.483410217159697,0.0
2061-09-16,33.336335511679636,20.4,0.0
2061-09-17,33.1,19.6,0.0
2061-09-18,33.7,19.2,0.0
2061-09-19,35.2,20.08062050617525,0.0
2061-09-20,35.3,22.2090058077126,0.0
2061-09-21,35.4,20.6,0.0
2061-09-22,35.3,20.471316477768095,0.0
2061-09-23,33.4,20.17676189277625,0.0
2061-09-24,33.14603726362625,19.3,0.0
2061-09-25,34.0,18.5,0.0
2061-09-26,35.3,19.288352604668127,0.0
2061-09-27,38.226787497119986,20.0,0.0
2061-09-28,40.04833984375,20.5,0.0
2061-09-29,36.30930423517508,21.36263772947211,0.0
2061-09-30,34.9,20.5,0.0
2061-10-01,34.63871367061355,19.9,0.0
2061-10-02,36.82580614967004,21.91462338424858,0.0
2061-10-03,37.0,23.514013419697456,0.0
2061-10-04,36.50463600572127,22.0,0.0
2061-10-05,36.225810047628165,21.616289227457145,0.0
2061-10-06,38.2604876132408,21.0,0.0
2061-10-07,38.186916628035775,21.827278678032158,0.0
2061-10-08,35.5,22.0,0.0
2061-10-09,35.6,21.0,0.0
2061-10-10,37.2,21.0,0.0
2061-10-11,38.462255859375,21.6,0.0
2061-10-12,39.075048828125,21.6,0.0
2061-10-13,38.93857421875,23.7166988319028,0.0
2061-10-14,38.0,23.7832676441571,0.0
2061-10-15,38.299725472016824,22.472288695744975,0.0
2061-10-16,38.652685546875,23.237727440549534,0.0
2061-10-17,38.595068359375,23.979443359375,0.0
2061-10-18,38.58896484375,23.451943193197874,0.0
2061-10-19,39.6109375,24.691845703125,0.0
2061-10-20,38.9048828125,20.7,0.0
2061-10-21,35.176167780862265,20.4,0.0
2061-10-22,36.94233004885318,21.4,0.0
2061-10-23,37.24584824892978,21.7,0.0
2061-10-24,37.66090950646587,21.7,0.0
2061-10-25,39.33896484375,22.12680301399353,0.0
2061-10-26,38.89365234375,23.470640942454317,0.0
2061-10-27,36.0,23.722901343120423,0.0
2061-10-28,36.252912986419325,22.53939097403229,0.0
2061-10-29,36.97679290391259,22.138141705984715,0.0
2061-10-30,36.98194904519205,20.41355758880516,14.504000000000001
2061-10-31,31.6,19.6,0.7584000000000001
2061-11-01,35.2,20.5,0.0
2061-11-02,34.0,22.59576383732002,0.0
2061-11-03,33.9,22.566306441056174,0.0
2061-11-04,34.0,21.112162425204083,1.8
2061-11-05,32.47945422450065,21.0,2.7
2061-11-06,32.1,20.3,2.8
2061-11-07,32.6,20.0,5.0
2061-11-08,27.0,19.9,0.1
2061-11-09,30.8,19.2,2.233333333333333
2061-11-10,31.6,19.6,2.2
2061-11-11,32.0,18.2,0.0
2061-11-12,31.993980239481775,18.0,1.0
2061-11-13,32.1,18.6,0.0
2061-11-14,32.1,19.014589429850837,0.0
2061-11-15,33.0,17.5,0.0
2061-11-16,30.2,20.5,0.0
2061-11-17,30.6,17.9,0.0
2061-11-18,32.1,16.3,0.0
2061-11-19,32.6,16.5,0.0
2061-11-20,33.7,16.3,0.0
2061-11-21,34.9,17.3,0.0
2061-11-22,34.0,20.5,0.0
2061-11-23,31.4,20.3,0.0
2061-11-24,31.7,20.6,0.7
2061-11-25,32.5,19.9,3.2666666666666666
2061-11-26,33.09660734149055,20.076720648629447,1.0
2061-11-27,30.1,20.0,34.46666666666667
2061-11-28,30.5,20.5,34.4
2061-11-29,27.9,20.3,3.0
2061-11-30,31.0,20.3,3.0
2061-12-01,29.4,19.6,0.0
2061-12-02,29.8,18.6,0.9
2061-12-03,27.7,19.2,7.0
2061-12-04,30.1,20.3,25.034188034188038
2061-12-05,29.7,19.9,8.8
2061-12-06,30.0,19.9,7.8
2061-12-07,30.0,19.9,22.270512820512856
2061-12-08,29.6,19.7,3.9
2061-12-09,24.4,18.7,55.216377171215925
2061-12-10,29.2,17.6,0.0
2061-12-11,30.1,18.2,0.0
2061-12-12,30.5,16.9,0.0
2061-12-13,29.3,17.2,0.0
2061-12-14,29.6,16.7,0.0
2061-12-15,31.4,16.5,0.0
2061-12-16,32.81045090300202,16.7,0.0
2061-12-17,32.4,17.6,0.0
2061-12-18,32.4,17.7,0.0
2061-12-19,33.650746701363836,17.6,0.0
2061-12-20,32.9,19.5,0.0
2061-12-21,31.6,21.0,2.0
2061-12-22,31.513152211956903,20.1,29.073247863247868
2061-12-23,29.5,19.9,19.9891025641026
2061-12-24,24.6,19.2,26.0
2061-12-25,25.7,19.2,0.0
2061-12-26,27.5,19.5,0.0
2061-12-27,30.3,18.9,5.7448717948717976
2061-12-28,30.0,19.5,5.8
2061-12-29,31.0,19.9,6.4
2061-12-30,27.75254788065884,19.7,2.0
2061-12-31,29.5,18.2,3.011538461538466
2062-01-01,29.1,19.8,22.021455223880604
2062-01-02,30.7,19.7,7.658395522388057
2062-01-03,31.14311218036507,19.1,0.0
2062-01-04,30.9,19.83164060026593,1.0
2062-01-05,29.5,19.9,1.6
2062-01-06,29.2,19.7,1.7
2062-01-07,27.4,19.8,0.0
2062-01-08,29.5,19.8,13.966293532338302
2062-01-09,28.5,19.7,1.2
2062-01-10,28.6,19.8,3.4
2062-01-11,25.0,19.7,2.376119402985075
2062-01-12,24.4,19.638179343235155,32.93992537313433
2062-01-13,28.0,19.4947807279831,0.0
2062-01-14,27.6,18.5,19.359514925373123
2062-01-15,24.6,17.9,0.0
2062-01-16,29.0,16.8,0.0
2062-01-17,31.6,16.9,0.0
2062-01-18,31.2,18.0,1.7
2062-01-19,31.1,19.64336246327151,0.0
2062-01-20,31.1,18.2,0.0
2062-01-21,30.369114120068733,19.7,5.3
2062-01-22,31.0,18.4,0.0
2062-01-23,29.2,19.6,2.6822761194029843
2062-01-24,28.6,19.2,0.0
2062-01-25,28.6,19.132473089343335,0.0
2062-01-26,28.6,19.2,0.0
2062-01-27,30.2,16.4,0.0
2062-01-28,31.6,16.4,0.0
2062-01-29,31.77092247746697,16.7,0.0
2062-01-30,32.081428703863764,19.0,0.0
2062-01-31,31.9,19.8,1.4
2062-02-01,30.9,18.9,5.6
2062-02-02,27.0,19.28834725599402,13.672580645161304
2062-02-03,28.1,19.0,5.3
2062-02-04,28.9,18.8,27.759216589861754
2062-02-05,26.9,19.2,1.4755760368663593
2062-02-06,27.611410284084027,19.7,14.982027649769586
2062-02-07,30.7,19.0,1.0
2062-02-08,31.144868945226513,18.6,0.0
2062-02-09,21.418337387369323,17.1,125.0
2062-02-10,25.7,19.0,4.4
2062-02-11,28.9,19.4,1.9
2062-02-12,30.8,19.2,0.0
2062-02-13,26.9,19.0,0.0
2062-02-14,27.7,18.9,24.63640552995392
2062-02-15,28.5,19.1,55.77741935483874
2062-02-16,29.063210170838296,19.0,16.997695852534562
2062-02-17,27.6,19.0,29.614746543778796
2062-02-18,26.6,19.0,93.03775335426808
2062-02-19,25.6,19.2,37.91542006380716
2062-02-20,30.1,19.150671322332073,19.745622119815682
2062-02-21,28.4,18.34233214143821,0.0
2062-02-22,29.0,17.0,0.0
2062-02-23,30.1,17.6,0.0
2062-02-24,29.9,17.0,0.0
2062-02-25,30.520865099144004,16.2,0.0
2062-02-26,28.3,18.4,0.0
2062-02-27,30.5,18.4,0.0
2062-02-28,31.64298138651406,17.2,0.0
2062-03-01,29.5,18.6,0.0
2062-03-02,26.2,17.3,0.0
2062-03-03,27.1,18.2,0.0
2062-03-04,27.9,17.1,0.0
2062-03-05,29.840462427745667,15.3,0.0
2062-03-06,31.374999999999993,15.4,0.0
2062-03-07,32.0,17.2,0.0
2062-03-08,31.444385026737972,19.2,0.0
2062-03-09,25.1,18.7,0.0
2062-03-10,26.3,18.2,0.0
2062-03-11,26.7,16.0,0.0
2062-03-12,28.3,14.2,0.0
2062-03-13,29.7,14.4,0.0
2062-03-14,31.1,14.4,0.0
2062-03-15,31.8,15.0,0.0
2062-03-16,31.8,16.3,0.0
2062-03-17,31.8,16.9,0.0
2062-03-18,32.2921875,16.37302084352676,0.0
2062-03-19,33.2,17.4,0.0
2062-03-20,33.486046511627904,18.5,0.0
2062-03-21,33.7,18.1,1.3
2062-03-22,30.024999999999995,19.4,0.0
2062-03-23,30.7,19.2,0.9
2062-03-24,30.7,18.89994203858573,0.0
2062-03-25,24.2,18.8,0.0
2062-03-26,29.5,18.42125758092887,0.0
2062-03-27,30.2,17.8,0.0
2062-03-28,30.5,16.4,0.0
2062-03-29,30.482068965517247,17.4,0.0
2062-03-30,30.1,16.9,0.0
2062-03-31,30.7,16.1,0.0
2062-04-01,31.2,15.5,0.0
2062-04-02,31.50665844636252,17.6,0.0
2062-04-03,31.1,19.037146158290003,0.0
2062-04-04,31.009999999999998,17.091690544412607,0.0
2062-04-05,31.4,15.304444444444446,0.0
2062-04-06,31.4,17.416883116883113,0.0
2062-04-07,31.7,18.1,0.0
2062-04-08,30.4,18.851948881789134,0.0
2062-04-09,30.0,18.1,0.0
2062-04-10,29.9,18.1,0.0
2062-04-11,24.0,16.6,0.0
2062-04-12,27.5,15.7,0.0
2062-04-13,28.4,13.7,0.0
2062-04-14,29.7,14.5,0.0
2062-04-15,30.2,15.2,0.0
2062-04-16,30.4,15.5,0.0
2062-04-17,30.0,15.5,0.0
2062-04-18,30.0,15.2,0.0
2062-04-19,30.981300813008126,14.6,0.0
2062-04-20,31.8,14.8,0.0
2062-04-21,31.7,16.3,0.0
2062-04-22,30.6,17.886956521739126,0.0
2062-04-23,28.6,17.2,0.0
2062-04-24,30.9,15.5,0.0
2062-04-25,31.0,16.0,0.0
2062-04-26,30.6,16.1,0.0
2062-04-27,30.4,15.9,0.0
2062-04-28,30.7,15.9,0.0
2062-04-29,31.94,15.9,0.0
2062-04-30,32.66895161290323,16.8,0.0
2062-05-01,30.9,15.95628074287036,0.0
2062-05-02,30.7,16.2,0.0
2062-05-03,30.530171254418203,16.0,0.0
2062-05-04,30.5,15.93524819119509,0.0
2062-05-05,30.5,15.673703197276911,0.0
2062-05-06,30.6,15.2,0.0
2062-05-07,30.496808371989733,15.870241349970929,0.0
2062-05-08,30.2,15.686030702392356,0.0
2062-05-09,31.20500297222176,15.3,0.0
2062-05-10,34.32099609375,16.9,0.0
2062-05-11,34.868359375,18.079911518500825,0.0
2062-05-12,34.396923828125,23.81298828125,0.0
2062-05-13,35.312939453125,23.024658203125,0.0
2062-05-14,35.058056640625,21.662841796875,0.0
2062-05-15,34.198681640625,20.416748046875,0.0
2062-05-16,33.8,18.178209484653447,0.0
2062-05-17,31.7,18.0,0.0
2062-05-18,31.0,20.098876953125,0.0
2062-05-19,29.9,17.2,0.0
2062-05-20,28.7,16.479429957612474,0.0
2062-05-21,29.5,15.0,0.0
2062-05-22,30.0,15.2,0.0
2062-05-23,30.7,15.7,0.0
2062-05-24,29.2,17.0,0.0
2062-05-25,28.7,15.7,0.0
2062-05-26,28.6,14.0,0.0
2062-05-27,28.7,12.2,0.0
2062-05-28,28.6,9.2,0.0
2062-05-29,29.4,7.704901677649715,0.0
2062-05-30,30.147973662505418,11.0,0.0
2062-05-31,30.8,13.5,0.0
2062-06-01,28.0,14.1,0.0
2062-06-02,25.4,13.2,0.0
2062-06-03,25.7,12.0,0.0
2062-06-04,25.86071392456264,11.0,0.0
2062-06-05,26.419110840001434,10.0,0.0
2062-06-06,24.7,12.1,0.0
2062-06-07,23.76279358016844,10.828206779462564,0.0
2062-06-08,24.5,9.4,0.0
2062-06-09,24.5,9.4,0.0
2062-06-10,24.1,9.2,0.0
2062-06-11,24.0,8.0,0.0
2062-06-12,23.6,6.9,0.0
2062-06-13,23.9,5.76699882585589,0.0
2062-06-14,24.6,4.6,0.0
2062-06-15,23.2,9.0,0.0
2062-06-16,22.6,8.6,0.0
2062-06-17,22.1,6.0,0.0
2062-06-18,22.3,4.9,0.0
2062-06-19,22.62069723935686,3.6969006957621757,0.0
2062-06-20,22.4,5.4,0.0
2062-06-21,23.1,5.4,0.0
2062-06-22,24.6,3.269546409590904,0.0
2062-06-23,25.922977221066887,2.6154383546430355,0.0
2062-06-24,27.0,4.9,0.0
2062-06-25,27.1,9.7,0.0
2062-06-26,27.201793103448274,10.348961809417872,0.0
2062-06-27,26.881256952169082,11.375543672378083,0.0
2062-06-28,27.0,11.7,0.0
2062-06-29,27.7,12.4,0.0
2062-06-30,28.2,12.6,0.0
2062-07-01,27.5,13.4,0.0
2062-07-02,25.53481091955036,13.505038975299984,0.0
2062-07-03,24.9,11.8,0.0
2062-07-04,26.0,11.0,0.0
2062-07-05,26.8,11.442195909580187,0.0
2062-07-06,26.55799183918692,12.051536897500295,0.0
2062-07-07,26.0,11.9,0.0
2062-07-08,26.8,11.2,0.0
2062-07-09,27.6,11.5,0.0
2062-07-10,28.0,11.679823110982863,0.0
2062-07-11,29.2,12.4,0.0
2062-07-12,29.4,14.2,0.0
2062-07-13,27.6,14.896506265863982,0.0
2062-07-14,28.2,13.6,0.0
2062-07-15,29.2,13.6,0.0
2062-07-16,30.02619303911013,14.0,0.0
2062-07-17,29.5,14.3,0.0
2062-07-18,28.5,14.4,0.0
2062-07-19,27.62984092811864,14.2,0.0
2062-07-20,29.427785394595194,13.4,0.0
2062-07-21,31.277783571044125,14.2,0.0
2062-07-22,32.250439453125,15.0,0.0
2062-07-23,33.247265625,15.2,0.0
2062-07-24,33.8380859375,15.261937024540705,0.0
2062-07-25,32.818310546875,15.3,0.0
2062-07-26,31.288963266953715,15.3,0.0
2062-07-27,29.1,15.157183562337742,0.0
2062-07-28,28.701965277259692,13.6,0.0
2062-07-29,29.10047238210463,13.452190113438764,0.0
2062-07-30,26.7,14.6,0.0
2062-07-31,25.7,13.5,0.0
2062-08-01,25.9,14.8,0.0
2062-08-02,26.9,13.0,0.0
2062-08-03,24.9,14.0,0.0
2062-08-04,27.0,13.249989817589391,0.0
2062-08-05,26.7,14.0,0.0
2062-08-06,25.9,14.8,0.0
2062-08-07,25.9,12.5,0.0
2062-08-08,25.83068304139348,11.7,0.0
2062-08-09,26.5,11.2,0.0
2062-08-10,25.6,12.7,0.0
2062-08-11,27.6,12.7,0.0
2062-08-12,29.219944640934944,13.0,0.0
2062-08-13,28.4,15.0,0.0
2062-08-14,26.9,14.2,0.0
2062-08-15,28.3,13.1,0.0
2062-08-16,30.2,13.4,0.0
2062-08-17,31.0,14.6,0.0
2062-08-18,29.2,15.7,0.0
2062-08-19,27.6,14.6,0.0
2062-08-20,25.7,14.5,0.0
2062-08-21,25.4,12.7,0.0
2062-08-22,25.8,11.5,0.0
2062-08-23,27.6,11.9,0.0
2062-08-24,29.0,12.0,0.0
2062-08-25,30.711637200112055,13.0,0.0
2062-08-26,30.8,14.7,0.0
2062-08-27,31.0,14.9,0.0
2062-08-28,31.5,14.922061612589049,0.0
2062-08-29,30.9,15.7,0.0
2062-08-30,28.2,16.7,0.0
2062-08-31,25.4,14.7,0.0
2062-09-01,27.1,15.2,0.0
2062-09-02,28.0,12.787349580341797,0.0
2062-09-03,29.6,15.4,0.0
2062-09-04,30.0,17.5,0.0
2062-09-05,29.7,17.7,0.0
2062-09-06,28.4,18.6,0.0
2062-09-07,30.3,18.5,0.0
2062-09-08,31.0,20.039730284508565,0.0
2062-09-09,28.0,18.5,0.0
2062-09-10,28.16063903532105,18.6,0.0
2062-09-11,30.2,17.3,0.0
2062-09-12,31.6,18.0,0.0
2062-09-13,33.4,20.214064907079464,0.0
2062-09-14,35.3,20.5,0.0
2062-09-15,36.091714385520646,20.539464764771324,0.0
2062-09-16,38.94734395141683,20.5,0.0
2062-09-17,36.389405832541456,20.92865110844409,0.0
2062-09-18,36.54507497459313,20.4,0.0
2062-09-19,39.1787109375,20.2,0.0
2062-09-20,35.485614371814734,20.5,0.0
2062-09-21,34.0,20.055124250312492,0.0
2062-09-22,33.1,19.827585827255927,0.0
2062-09-23,33.0,19.6,0.0
2062-09-24,33.1,18.9,0.0
2062-09-25,34.46524460729787,18.7,0.0
2062-09-26,35.0,19.906626225521904,0.0
2062-09-27,34.6,20.0,0.0
2062-09-28,35.4,20.0,0.0
2062-09-29,39.326904296875,20.4,0.0
2062-09-30,40.458251953125,20.5,0.0
2062-10-01,39.5962890625,21.4,0.0
2062-10-02,40.31650390625,21.7,0.0
2062-10-03,36.0,21.7,0.0
2062-10-04,33.8,20.0,0.0
2062-10-05,34.6,19.7,0.0
2062-10-06,34.3,19.0,0.0
2062-10-07,33.6,19.2,0.0
2062-10-08,33.6,19.2,0.0
2062-10-09,33.8,19.7,0.0
2062-10-10,34.9,20.4,0.0
2062-10-11,35.8,20.2,2.6942857142857144
2062-10-12,35.5,18.6,0.0
2062-10-13,35.1,21.6,0.0
2062-10-14,36.0,21.3,0.0
2062-10-15,36.0,21.4,0.0
2062-10-16,36.2590495008626,20.9,0.0
2062-10-17,37.553542622056405,20.5,0.0
2062-10-18,39.332373046875,21.0,0.0
2062-10-19,39.274267578125,22.0,0.0
2062-10-20,38.0,21.7,0.0
2062-10-21,37.21709077027057,21.6,0.0
2062-10-22,35.65547717747292,21.6,0.0
2062-10-23,35.01952637244349,21.0,0.0
2062-10-24,35.5,21.4,0.0
2062-10-25,34.7,20.367653390742728,0.0
2062-10-26,36.0,20.0,0.0
2062-10-27,36.58023761113104,19.6,0.0
2062-10-28,35.4,21.9,0.0
2062-10-29,35.2,20.909472551130236,0.0
2062-10-30,38.97470703125,21.0,0.0
2062-10-31,39.6529296875,21.588262445121973,0.0
2062-11-01,41.446044921875,23.294793908021187,0.0
2062-11-02,39.878662109375,23.384597840469866,0.0
2062-11-03,38.70973568743737,23.26986682869266,0.0
2062-11-04,39.984619140625,23.24872701279802,0.0
2062-11-05,40.746337890625,23.273826240464455,0.0
2062-11-06,41.67724609375,23.184808378818847,0.0
2062-11-07,41.38330078125,26.172735595703124,0.0
2062-11-08,40.662353515625,23.338134125686665,0.0
2062-11-09,40.926513671875,23.08172599562518,0.0
2062-11-10,40.93896484375,21.0,0.0
2062-11-11,39.677490234375,22.389151017292495,0.0
2062-11-12,37.34725328337528,20.874503780282307,0.0
2062-11-13,36.8,21.7,0.0
2062-11-14,34.2,21.129112993557868,0.0
2062-11-15,34.0,21.5,10.5
2062-11-16,32.9,21.0,9.0
2062-11-17,28.831143354789567,20.5,22.099999999999998
2062-11-18,30.1,20.5,12.666666666666666
2062-11-19,31.0,20.5,44.37619047619047
2062-11-20,32.0,20.0,3.2666666666666666
2062-11-21,32.5,20.3,0.9
2062-11-22,32.6,21.1,1.4
2062-11-23,32.5,20.7,4.733333333333334
2062-11-24,32.2,20.5,0.0
2062-11-25,32.3,20.4,5.6
2062-11-26,31.99854958668673,20.0,37.99230769230769
2062-11-27,31.0,20.5,0.0
2062-11-28,32.1,21.0,2.8
2062-11-29,32.8,20.0,0.0
2062-11-30,33.0,18.7,0.0
2062-12-01,29.0,21.012773162520176,0.0
2062-12-02,28.0,19.9,0.0
2062-12-03,29.4,17.6,0.0
2062-12-04,28.7,16.7,0.0
2062-12-05,29.2,16.2,0.0
2062-12-06,31.0,16.1,0.0
2062-12-07,32.0,17.2,0.0
2062-12-08,32.94996964963538,18.826950890257447,0.0
2062-12-09,33.7,18.0,0.0
2062-12-10,33.66866628566355,21.061067162719972,0.0
2062-12-11,32.4,19.2,0.0
2062-12-12,33.7,18.6,0.0
2062-12-13,35.398486328125,17.5,0.0
2062-12-14,35.123828125,21.0,0.0
2062-12-15,34.46708984375,23.75161743164062,0.0
2062-12-16,32.1,21.074512651775123,1.4
2062-12-17,30.1,20.240433398220148,7.0
2062-12-18,31.8,19.4,0.9
2062-12-19,29.0,20.664085112426736,0.0
2062-12-20,28.7,20.321150347941124,22.544230769230776
2062-12-21,29.8,19.9,26.287606837606855
2062-12-22,31.6,19.9,0.0
2062-12-23,32.9,21.009659117764244,0.0
2062-12-24,31.6,20.525217617509874,15.750641025641041
2062-12-25,25.853293441320666,20.31800071979376,2.4
2062-12-26,27.2,20.2,42.11875000000003
2062-12-27,26.6,19.4,20.545299145299154
2062-12-28,29.0,18.0,0.0
2062-12-29,29.6,17.6,0.0
2062-12-30,29.5,20.58955112935576,0.0
2062-12-31,30.0,20.66053398662386,0.0
2063-01-01,30.9,19.8,0.0
2063-01-02,29.0,19.8,0.0
2063-01-03,31.9,18.81165640473627,0.0
2063-01-04,30.7,19.916198443205843,0.0
2063-01-05,30.8,19.8,0.0
2063-01-06,31.7,18.4,0.0
2063-01-07,31.480624565380985,19.439534406148947,0.0
2063-01-08,30.8,19.9,25.348507462686563
2063-01-09,30.6,19.9,1.4
2063-01-10,31.496556864837043,19.9,0.0
2063-01-11,30.7,19.8,2.376119402985075
2063-01-12,30.9,19.8,0.0
2063-01-13,30.3,19.8,0.20167910447761195
2063-01-14,25.6,19.7,2.4
2063-01-15,30.5,18.4,7.051119402985072
2063-01-16,29.35638774007138,19.7,2.990111940298507
2063-01-17,30.7,18.2,0.0
2063-01-18,30.229109239677207,19.7,0.0
2063-01-19,31.6,18.9,0.0
2063-01-20,31.8,17.2,0.0
2063-01-21,30.34791607652068,17.9,0.0
2063-01-22,29.0,18.8,0.0
2063-01-23,30.2,18.4009719224456,0.0
2063-01-24,31.7,19.2,0.0
2063-01-25,32.0,21.13966064453125,0.0
2063-01-26,31.7,19.9,15.617537313432837
2063-01-27,31.1,19.8,1.9
2063-01-28,29.9,19.485634094805235,1.0
2063-01-29,31.1,19.8,10.0
2063-01-30,29.0,19.886981574115097,2.4
2063-01-31,29.2,19.8,5.2
2063-02-01,30.6,19.2,0.3
2063-02-02,30.5,19.1,6.181566820276501
2063-02-03,28.8,19.1,29.71566820276497
2063-02-04,25.9,19.268462300344655,0.0
2063-02-05,26.22602651966627,19.2,0.0
2063-02-06,25.0,19.2,29.614746543778796
2063-02-07,23.9,19.0,125.0
2063-02-08,25.9,18.9,25.066244239631338
2063-02-09,28.9,19.0,15.984331797235027
2063-02-10,29.0,19.568634462128127,18.4
2063-02-11,27.6,19.7,29.9
2063-02-12,28.0,16.9,0.0
2063-02-13,27.7,16.4,0.0
2063-02-14,24.9,15.4,0.0
2063-02-15,24.7,17.6,0.4
2063-02-16,27.6,17.3,0.0
2063-02-17,30.3,16.2,0.0
2063-02-18,30.3,15.2,0.0
2063-02-19,25.3,18.9,25.485714285714284
2063-02-20,26.3,19.36715295558931,52.32258064516131
2063-02-21,27.0,19.9,23.663594470046096
2063-02-22,29.5,17.3,0.0
2063-02-23,30.0,16.0,0.0
2063-02-24,31.75307216318257,17.2,0.0
2063-02-25,32.668923959506174,17.0,0.0
2063-02-26,32.0,16.9,0.0
2063-02-27,30.997461558919998,17.2,0.0
2063-02-28,31.2,17.0,0.0
2063-03-01,31.8,17.2,0.0
2063-03-02,32.0,16.749598057852182,0.0
2063-03-03,32.0,17.9,0.0
2063-03-04,31.8,18.8,0.0
2063-03-05,31.6,18.4,0.0
2063-03-06,32.5,18.8,4.05
2063-03-07,32.0,18.6,7.133333333333331
2063-03-08,29.7,18.8,18.4
2063-03-09,29.7,18.8,12.0
2063-03-10,30.8,19.1,15.9
2063-03-11,31.3,19.0,27.52857142857143
2063-03-12,30.9,18.9,0.0
2063-03-13,32.0,18.571753211411647,0.0
2063-03-14,32.0,19.2,0.0
2063-03-15,33.3,18.8,0.0
2063-03-16,31.6,19.3,12.9
2063-03-17,32.0,19.4,20.775000000000002
2063-03-18,31.1,19.4,0.15000000000000002
2063-03-19,29.3,19.3,1.7
2063-03-20,28.2,19.0,0.0
2063-03-21,30.0,19.2,0.0
2063-03-22,30.1,19.3,9.639999999999995
2063-03-23,27.8,19.120002054411948,23.629629629629633
2063-03-24,31.1,19.0,1.6
2063-03-25,27.7,18.7,6.4
2063-03-26,26.3,18.5,0.0
2063-03-27,26.3,18.6,0.45
2063-03-28,23.058661417322835,18.8,37.566666666666684
2063-03-29,26.3,19.1,12.983333333333333
2063-03-30,25.7,18.8,0.0
2063-03-31,26.4,18.8,0.0
2063-04-01,25.6,19.0,0.0
2063-04-02,27.0,19.47761627906977,0.0
2063-04-03,25.6,19.343962264150946,0.0
2063-04-04,25.7,18.2,0.0
2063-04-05,26.029545454545453,16.0,0.0
2063-04-06,26.1,15.5,0.0
2063-04-07,26.9,14.9,0.0
2063-04-08,28.1,15.4,0.0
2063-04-09,27.5,14.5,0.0
2063-04-10,26.9,14.7,0.0
2063-04-11,26.6,13.2,0.0
2063-04-12,27.0,12.6,0.0
2063-04-13,27.0,12.0,0.0
2063-04-14,26.9,18.52659340659341,0.0
2063-04-15,26.6,19.0,0.0
2063-04-16,27.2,18.03300970873787,0.0
2063-04-17,28.1,16.0,0.0
2063-04-18,29.5,15.2,0.0
2063-04-19,31.1,15.2,0.0
2063-04-20,31.1,15.3,0.0
2063-04-21,28.9,16.25536205316223,0.0
2063-04-22,27.7,14.917647058823528,0.0
2063-04-23,27.8,14.1,0.0
2063-04-24,28.3,14.0,0.0
2063-04-25,26.7,14.863948497854084,0.0
2063-04-26,24.6,18.58615384615385,0.0
2063-04-27,25.4,18.4,0.0
2063-04-28,27.1,18.9,0.0
2063-04-29,27.0,19.4,0.0
2063-04-30,26.9,19.0,0.0
2063-05-01,26.0,13.20418226303487,0.0
2063-05-02,25.5,12.4,0.0
2063-05-03,25.09231027987083,16.0,0.0
2063-05-04,26.2,13.2,0.0
2063-05-05,27.9,11.9,0.0
2063-05-06,29.2,11.9,0.0
2063-05-07,28.9,11.9,0.0
2063-05-08,28.0,11.4,0.0
2063-05-09,28.6,9.8,0.0
2063-05-10,29.3832475509041,9.698864859575293,0.0
2063-05-11,29.2,10.5,0.0
2063-05-12,30.559261608428223,11.2,0.0
2063-05-13,31.6,12.5,0.0
2063-05-14,31.6,13.8,0.0
2063-05-15,30.7,13.9,0.0
2063-05-16,28.1,15.0,0.0
2063-05-17,23.8,15.2,0.0
2063-05-18,24.1,15.3,0.0
2063-05-19,27.3,13.9,0.0
2063-05-20,29.0,13.294570775026889,0.0
2063-05-21,29.4,13.7,0.0
2063-05-22,29.4,17.2,0.0
2063-05-23,26.5,16.0,0.0
2063-05-24,26.3,14.4,0.0
2063-05-25,22.04712078974727,13.6,0.0
2063-05-26,25.0,14.5,0.0
2063-05-27,24.2,13.9,0.0
2063-05-28,23.6,13.0,0.0
2063-05-29,23.4,10.7,0.0
2063-05-30,25.5,6.5,0.0
2063-05-31,27.0,3.4819939680025227,0.0
2063-06-01,26.6,6.2,0.0
2063-06-02,27.1,7.3,0.0
2063-06-03,27.0,10.0,0.0
2063-06-04,27.3,10.784849243824999,0.0
2063-06-05,27.943314794215794,10.9,0.0
2063-06-06,27.3,12.0,0.0
2063-06-07,25.7,12.4,0.0
2063-06-08,25.5,12.0,0.0
2063-06-09,25.5,11.9,0.0
2063-06-10,27.9,11.9,0.0
2063-06-11,30.12830944395337,13.0,0.0
2063-06-12,31.843603515625,14.0,0.0
2063-06-13,31.936865234375,14.2,0.0
2063-06-14,31.58994140625,15.88091549650601,0.0
2063-06-15,30.00540201363339,14.4,0.0
2063-06-16,29.0,13.2,0.0
2063-06-17,28.0,13.565235749472205,0.0
2063-06-18,26.4,12.6,0.0
2063-06-19,25.9,11.9,0.0
2063-06-20,25.17407255625159,11.9,0.0
2063-06-21,25.0,11.9,0.0
2063-06-22,25.7,11.946457024321324,0.0
2063-06-23,25.9,11.9,0.0
2063-06-24,26.3,10.7,0.0
2063-06-25,27.0,10.786041149474398,0.0
2063-06-26,27.2,10.4,0.0
2063-06-27,26.3,11.424243868848992,0.0
2063-06-28,24.6,11.2,0.0
2063-06-29,24.4,10.2,0.0
2063-06-30,24.788186264799553,10.9,0.0
2063-07-01,25.0,10.0,0.0
2063-07-02,25.7,11.297975293454304,0.0
2063-07-03,25.51798161252183,11.7,0.0
2063-07-04,25.5,11.757258238133272,0.0
2063-07-05,26.865173548347776,11.755226223132748,0.0
2063-07-06,29.0,12.9,0.0
2063-07-07,30.682681288515134,14.4,0.0
2063-07-08,30.7,15.978931629639096,0.0
2063-07-09,30.03534266236095,15.269499145190906,0.0
2063-07-10,29.2,14.586762598479792,0.0
2063-07-11,27.5,13.8,0.0
2063-07-12,25.9,12.2,0.0
2063-07-13,25.8,10.4,0.0
2063-07-14,26.0,10.5,0.0
2063-07-15,27.6,11.0,0.0
2063-07-16,29.0,12.0,0.0
2063-07-17,28.5,13.242826387820998,0.0
2063-07-18,28.3,12.2,0.0
2063-07-19,29.2,11.7,0.0
2063-07-20,27.7,12.2,0.0
2063-07-21,26.9,12.875872184030294,0.0
2063-07-22,25.2,13.3,0.0
2063-07-23,24.2,12.0,0.0
2063-07-24,25.0,11.9,0.0
2063-07-25,25.7,12.0,0.0
2063-07-26,25.9,12.2,0.0
2063-07-27,27.0,12.9,0.0
2063-07-28,28.0,13.6,0.0
2063-07-29,27.929819204323266,14.0,0.0
2063-07-30,26.7,13.4,0.0
2063-07-31,26.0,12.2,0.0
2063-08-01,25.3,12.6,0.0
2063-08-02,26.0,11.2,0.0
2063-08-03,28.0,10.9,0.0
2063-08-04,28.0,13.6,0.0
2063-08-05,27.4,13.1,0.0
2063-08-06,26.9,12.0,0.0
2063-08-07,26.9,11.2,0.0
2063-08-08,28.2,11.4,0.0
2063-08-09,29.659701291711514,13.0,0.0
2063-08-10,29.4,15.0,0.0
2063-08-11,29.2,15.4,0.0
2063-08-12,30.000680301399353,14.8,0.0
2063-08-13,30.5,15.0,0.0
2063-08-14,30.3,15.2,0.0
2063-08-15,31.0,15.4,0.0
2063-08-16,31.6,15.2,0.0
2063-08-17,32.9,15.7,0.0
2063-08-18,31.90979547900968,16.9,0.0
2063-08-19,31.2,16.9,0.0
2063-08-20,31.1,15.7,0.0
2063-08-21,30.9,15.6,0.0
2063-08-22,29.1,16.2,0.0
2063-08-23,28.2,15.248045668707746,0.0
2063-08-24,29.3,14.6,0.0
2063-08-25,31.4,15.7,0.0
2063-08-26,32.907493852118286,16.786792223917303,0.0
2063-08-27,31.9,17.231750684114278,0.0
2063-08-28,31.2,16.9,0.0
2063-08-29,32.04761545188099,15.7,0.0
2063-08-30,33.2,16.4,0.0
2063-08-31,33.2,17.0,0.0
2063-09-01,32.6,19.0,0.0
2063-09-02,28.2,18.0,0.0
2063-09-03,29.0,15.4,0.0
2063-09-04,30.8,14.297375872181211,0.0
2063-09-05,31.5,16.6,0.0
2063-09-06,31.6,20.193962472495805,0.0
2063-09-07,31.5,20.2,0.0
2063-09-08,31.4,18.6,0.0
2063-09-09,31.6,17.4,0.0
2063-09-10,32.1,17.9,0.0
2063-09-11,32.4,18.1,0.0
2063-09-12,34.4,18.5,0.0
2063-09-13,33.5,20.4,0.0
2063-09-14,32.0,18.7,0.0
2063-09-15,34.0,18.2,0.0
2063-09-16,39.367431640625,20.143942434222488,0.0
2063-09-17,39.4892578125,20.916780706633105,0.0
2063-09-18,35.4,21.336568495975108,0.0
2063-09-19,34.5,20.5,0.0
2063-09-20,29.6,18.9,0.0
2063-09-21,32.3,17.9,0.0
2063-09-22,33.2,19.0,0.0
2063-09-23,34.33079873159232,19.6,0.0
2063-09-24,35.1,20.5,0.0
2063-09-25,35.3,20.426229325471844,0.0
2063-09-26,35.44105188560768,20.2,0.0
2063-09-27,36.84482623517808,20.1,0.0
2063-09-28,39.71875,20.40218215649746,0.0
2063-09-29,40.31494140625,20.867453969322664,0.0
2063-09-30,40.4677734375,20.92588817009153,0.0
2063-10-01,34.7,21.887939294290195,0.0
2063-10-02,33.3,20.0,0.0
2063-10-03,34.2,19.5,0.0
2063-10-04,35.5,20.0,0.0
2063-10-05,36.0,20.7,0.0
2063-10-06,36.0,21.3,0.0
2063-10-07,34.1,21.3,0.0
2063-10-08,33.039393128327454,20.0,0.0
2063-10-09,33.6,20.0,0.0
2063-10-10,34.4,20.0,0.0
2063-10-11,36.0,20.7,0.0
2063-10-12,38.958837890625,21.0,0.0
2063-10-13,39.572119140625,22.0,0.0
2063-10-14,39.212255859375,22.0,0.0
2063-10-15,39.898046875,21.71180180659525,0.0
2063-10-16,40.31796875,22.549032105970145,0.0
2063-10-17,36.97163676263314,23.120500860220982,0.0
2063-10-18,35.5,21.6,0.0
2063-10-19,36.2963799637259,20.8,0.0
2063-10-20,39.04111328125,21.3,0.0
2063-10-21,38.710302734375,22.1590746758146,0.0
2063-10-22,38.585546875,22.1,0.0
2063-10-23,39.249365234375,22.1,0.0
2063-10-24,40.807958984375,22.2,0.0
2063-10-25,39.125830078125,23.559190282045964,0.0
2063-10-26,38.918798828125,23.0,0.0
2063-10-27,39.048193359375,22.1,0.0
2063-10-28,38.929296875,22.547875170137583,0.0
2063-10-29,38.571630859375,22.268163765264827,0.0
2063-10-30,38.608984375,22.0,0.0
2063-10-31,40.566748046875,22.1,0.0
2063-11-01,41.067626953125,23.34243779738185,0.0
2063-11-02,39.80419921875,23.342517495005836,0.0
2063-11-03,39.918701171875,23.294621759683277,0.0
2063-11-04,40.371337890625,23.273447514121063,0.0
2063-11-05,40.642578125,23.2816417750053,0.0
2063-11-06,40.851806640625,23.297203984751842,0.0
2063-11-07,42.427978515625,26.35263671875,0.0
2063-11-08,42.263671875,24.89609375,0.0
2063-11-09,40.972900390625,23.3,0.0
2063-11-10,39.66845703125,23.3,0.0
2063-11-11,40.412109375,23.090212642759585,0.0
2063-11-12,41.25634765625,23.271312874731052,0.0
2063-11-13,38.22663556636741,23.3,0.0
2063-11-14,37.2,22.77027252502783,0.0
2063-11-15,40.394287109375,23.236125754463437,0.0
2063-11-16,41.64111328125,24.018408203125,0.0
2063-11-17,41.655517578125,24.4400390625,0.0
2063-11-18,38.12628454254993,22.9,0.0
2063-11-19,33.3,21.61537489207123,0.0
2063-11-20,32.9,21.3,0.0
2063-11-21,34.0,20.5,0.0
2063-11-22,36.0,20.5,0.0
2063-11-23,35.2341408148972,21.3,0.0
2063-11-24,36.72727051220934,20.7,0.0
2063-11-25,37.15372340622102,21.5,0.0
2063-11-26,39.583984375,24.623968505859377,0.0
2063-11-27,36.62433990549182,25.036779785156252,0.0
2063-11-28,35.0,21.62353275200884,2.5
2063-11-29,31.7,20.7,5.4
2063-11-30,25.676578299669316,16.9,44.3
2063-12-01,24.5,16.6,0.0
2063-12-02,26.3,16.4,0.0
2063-12-03,29.0,16.0,0.0
2063-12-04,31.8,18.6,0.0
2063-12-05,33.1,21.05598273408567,0.0
2063-12-06,34.09700709881472,20.693977285951174,0.0
2063-12-07,33.7,21.0,0.0
2063-12-08,33.7,20.462808521964433,0.0
2063-12-09,33.7,20.67668779516868,0.0
2063-12-10,34.45048828125,19.9,0.0
2063-12-11,35.2751953125,21.0863763185885,0.0
2063-12-12,33.7,23.73916625976562,0.0
2063-12-13,34.00083064172511,21.765309269740204,0.0
2063-12-14,35.4314453125,23.01870727539062,0.0
2063-12-15,35.545458984375,24.29800415039062,0.0
2063-12-16,35.647265625,24.190185546875,0.0
2063-12-17,33.701394740888794,21.78088779341142,21.9
2063-12-18,33.54347178721482,21.0,2.54455128205129
2063-12-19,33.7,21.0,0.6
2063-12-20,33.53263391089967,20.65461030604573,0.10192307692307695
2063-12-21,29.9,22.856547761193255,0.0
2063-12-22,31.6,21.08951171624632,0.0
2063-12-23,32.9,21.031182021080575,0.0
2063-12-24,33.68706693262902,21.136742521513952,0.0
2063-12-25,30.9,22.829841720613786,14.116025641025647
2063-12-26,30.497381103826193,21.045248940302145,0.5
2063-12-27,31.5,21.0,0.5
2063-12-28,32.1,21.0,2.3
2063-12-29,30.1,20.68380699725559,4.5
2063-12-30,29.9,21.09819055345681,9.283333333333337
2063-12-31,29.6,20.765531630931225,7.0
2064-01-01,29.5,19.9,41.38488805970149
2064-01-02,25.0,19.8,65.1279595995924
2064-01-03,26.254378997564263,19.9,11.0431592039801
2064-01-04,27.9,19.9,1.2
2064-01-05,29.393696296715948,19.9,7.6
2064-01-06,29.5,19.9,11.0
2064-01-07,26.3,19.8,0.0
2064-01-08,27.7,19.9,10.74894278606965
2064-01-09,28.6,19.9,19.359514925373123
2064-01-10,30.1,19.9,18.492599502487558
2064-01-11,29.7,19.944492581275203,18.753358208955216
2064-01-12,29.398783827167478,19.9,5.7343283582089555
2064-01-13,31.7,19.85576446750421,0.9
2064-01-14,30.9,19.9,1.0
2064-01-15,28.6,20.48187518235436,18.45907960199005
2064-01-16,25.6,19.7,0.0
2064-01-17,25.593542998690133,19.64263923721992,1.0
2064-01-18,26.9,19.9,0.8
2064-01-19,31.0,18.7,0.0
2064-01-20,30.6,18.7,0.0
2064-01-21,32.03811026669383,19.8,0.0
2064-01-22,30.7,19.9,6.0
2064-01-23,31.1,19.8,0.0
2064-01-24,29.5,19.7,0.0
2064-01-25,31.9,18.4,0.0
2064-01-26,31.922385661810623,18.0,0.0
2064-01-27,31.9,21.3416259765625,0.0
2064-01-28,32.096551622513225,21.8064697265625,0.0
2064-01-29,31.7,19.9,0.0
2064-01-30,31.9,19.8,0.0
2064-01-31,30.9,21.441693115234376,0.0
2064-02-01,31.2,19.948770593944186,0.0
2064-02-02,32.0,19.4,0.0
2064-02-03,32.7,18.5,0.0
2064-02-04,32.685975798644094,20.35992094488061,0.0
2064-02-05,33.065423113298216,20.429521472215527,0.0
2064-02-06,33.873071482106354,20.88984375,0.0
2064-02-07,33.3980118715217,20.81800537109375,0.0
2064-02-08,27.7,20.57320663323977,0.0
2064-02-09,30.0,19.7,1.0
2064-02-10,30.598862715353775,19.0,7.022119815668222
2064-02-11,30.5,20.11888440129719,16.4
2064-02-12,30.9,19.99921839314149,2.4
2064-02-13,32.0,20.15657654830578,8.999654377880184
2064-02-14,32.638161877421275,20.10927129303449,11.0
2064-02-15,30.7,20.291247686452287,4.317050691244243
2064-02-16,31.205660700064666,20.586991108329364,0.0
2064-02-17,32.9,20.311661442232595,10.0
2064-02-18,28.7,20.496769227697747,0.0
2064-02-19,27.1,19.9,32.95567658148309
2064-02-20,32.7,19.7,19.7
2064-02-21,30.1,20.22384769279133,10.1
2064-02-22,32.01828966323689,18.2,0.0
2064-02-23,32.82002160272136,16.974946700465004,0.0
2064-02-24,32.9,19.7,0.0
2064-02-25,29.7,19.947480622682257,0.0
2064-02-26,32.9,19.95362287046021,2.4
2064-02-27,32.7,19.7,22.4
2064-02-28,29.0,20.22267130686504,18.4
2064-03-01,27.4,20.025787344541435,37.13333333333332
2064-03-02,27.6,19.966647335575335,31.9
2064-03-03,32.243359375000004,19.3,21.6
2064-03-04,31.6,19.2,0.0
2064-03-05,29.6,19.3,0.0
2064-03-06,30.2,19.848958713270285,9.0
2064-03-07,33.3,20.121207079439408,1.4
2064-03-08,32.45,20.3,0.0
2064-03-09,31.1,19.93487395889733,0.0
2064-03-10,31.6,19.944034428383127,1.7
2064-03-11,31.9,19.2,0.0
2064-03-12,31.481283422459896,18.8,0.0
2064-03-13,31.9,19.0,0.0
2064-03-14,32.0,18.6,0.0
2064-03-15,31.8796875,18.9,0.0
2064-03-16,32.0,18.7,0.0
2064-03-17,33.2,18.0,0.0
2064-03-18,33.3,18.2,0.0
2064-03-19,33.0,18.8,0.0
2064-03-20,31.9,19.875376526790557,0.0
2064-03-21,31.1,19.4,1.3
2064-03-22,30.1,19.9,1.0
2064-03-23,31.1,20.025309961710494,0.0
2064-03-24,29.0,19.3,0.0
2064-03-25,28.2,19.94089552625163,0.0
2064-03-26,31.6,19.2,0.0
2064-03-27,32.0,19.9,0.0
2064-03-28,30.7,19.94108770393315,1.6
2064-03-29,30.0,20.16122767343295,0.0
2064-03-30,29.2,19.4,0.0
2064-03-31,29.0,19.0,0.0
2064-04-01,30.6,17.5,0.0
2064-04-02,31.518988902589392,17.3,0.0
2064-04-03,32.0,16.4,0.0
2064-04-04,32.2,17.6,0.0
2064-04-05,33.2,16.7,0.0
2064-04-06,33.339048473967694,16.7,0.0
2064-04-07,32.7,18.2,0.0
2064-04-08,30.7,19.7,0.0
2064-04-09,27.96326530612245,20.19309392265192,0.0
2064-04-10,30.0,19.907009668508273,0.0
2064-04-11,31.4,18.121600000000004,0.0
2064-04-12,30.7,16.6,0.0
2064-04-13,31.4,16.4,0.0
2064-04-14,24.7,17.1,0.0
2064-04-15,26.7,19.91132596685085,2.388888888888888
2064-04-16,26.8,19.951553867403337,0.0
2064-04-17,29.7,17.4,0.0
2064-04-18,28.9,14.5,0.0
2064-04-19,30.146153846153847,12.2,0.0
2064-04-20,30.3,12.5,0.0
2064-04-21,30.4,13.6,0.0
2064-04-22,29.5,14.5,0.0
2064-04-23,28.6,14.1,0.0
2064-04-24,27.5,14.9,0.0
2064-04-25,27.9,13.7,0.0
2064-04-26,28.188888888888894,13.6,0.0
2064-04-27,27.3,14.0,0.0
2064-04-28,27.9,14.0,0.0
2064-04-29,28.3,13.292558139534885,0.0
2064-04-30,29.0,14.3,0.0
2064-05-01,28.974859466570972,13.088867249105057,0.0
2064-05-02,28.1,13.834876210979536,0.0
2064-05-03,28.0,12.9,0.0
2064-05-04,28.1,13.1,0.0
2064-05-05,28.6,12.2,0.0
2064-05-06,27.8,12.2,0.0
2064-05-07,27.5,14.349443846429834,0.0
2064-05-08,28.0,12.5,0.0
2064-05-09,28.50496855702226,11.7,0.0
2064-05-10,29.1,12.4,0.0
2064-05-11,28.6,12.5,0.0
2064-05-12,27.6,12.3,0.0
2064-05-13,27.5,11.6,0.0
2064-05-14,28.5,10.2,0.0
2064-05-15,29.0,10.5,0.0
2064-05-16,27.5,12.7,0.0
2064-05-17,26.4,12.2,0.0
2064-05-18,24.4,13.6,0.0
2064-05-19,26.5,11.5,0.0
2064-05-20,27.6,12.2,0.0
2064-05-21,28.1,12.8,0.0
2064-05-22,28.9,12.5,0.0
2064-05-23,27.0,13.2,0.0
2064-05-24,26.3,11.9,0.0
2064-05-25,26.0,13.287844061419776,0.0
2064-05-26,25.0,10.7,0.0
2064-05-27,25.6,10.0,0.0
2064-05-28,24.4,12.5,0.0
2064-05-29,24.7,11.4,0.0
2064-05-30,26.0,10.2,0.0
2064-05-31,26.3,11.4,0.0
2064-06-01,25.4,11.0,0.0
2064-06-02,25.5,12.0,0.0
2064-06-03,25.9,11.5,0.0
2064-06-04,25.7,12.350825439916116,0.0
2064-06-05,25.1,12.9,0.0
2064-06-06,25.6,11.6,0.0
2064-06-07,23.659190767519465,8.5,0.0
2064-06-08,23.9,5.2,0.0
2064-06-09,24.3,3.9,0.0
2064-06-10,24.1,7.0,0.0
2064-06-11,24.8,9.5,0.0
2064-06-12,24.9,9.501789427866719,0.0
2064-06-13,24.2,10.2,0.0
2064-06-14,24.4,10.2,0.0
2064-06-15,27.9,10.2,0.0
2064-06-16,29.46905682931284,11.4,0.0
2064-06-17,27.9,10.9,0.0
2064-06-18,26.2,11.5,0.0
2064-06-19,27.065827743163855,10.0,0.0
2064-06-20,27.7,9.1,0.0
2064-06-21,25.4,9.9,0.0
2064-06-22,23.1288524286244,10.6,0.0
2064-06-23,24.3,11.2,0.0
2064-06-24,25.2,10.5,0.0
2064-06-25,26.24160177975529,11.1,0.0
2064-06-26,25.4,12.5,0.0
2064-06-27,24.5,11.5,0.0
2064-06-28,24.8,11.3,0.0
2064-06-29,26.9,11.6,0.0
2064-06-30,28.2,12.2,0.0
2064-07-01,30.0,13.5,0.0
2064-07-02,30.17167466447073,14.4,0.0
2064-07-03,26.37102546077634,15.3,0.0
2064-07-04,24.0,13.8,0.0
2064-07-05,22.04579194218053,11.793834508142648,0.0
2064-07-06,23.9,11.1,0.0
2064-07-07,25.0,10.4,0.0
2064-07-08,26.0,11.660804767347656,0.0
2064-07-09,27.1,12.2,0.0
2064-07-10,27.264362669918157,13.6,0.0
2064-07-11,26.7,14.2,0.0
2064-07-12,24.9,14.6,0.0
2064-07-13,23.9,13.4,0.0
2064-07-14,22.24448952554442,11.9,0.0
2064-07-15,22.1,10.196566200215294,0.0
2064-07-16,22.6,10.0,0.0
2064-07-17,23.5,10.0,0.0
2064-07-18,26.6,10.0,0.0
2064-07-19,27.7,10.0,0.0
2064-07-20,31.263801803013987,12.1,0.0
2064-07-21,30.7,12.0,0.0
2064-07-22,29.110242062468295,12.9,0.0
2064-07-23,27.6,13.5,0.0
2064-07-24,28.7,13.2,0.0
2064-07-25,29.2,13.4,0.0
2064-07-26,25.6,13.64737794174792,0.0
2064-07-27,23.9,11.544933107796398,0.0
2064-07-28,24.4,10.3,0.0
2064-07-29,26.0,9.5,0.0
2064-07-30,27.4,10.0,0.0
2064-07-31,28.1,11.2,0.0
2064-08-01,28.6,12.9,0.0
2064-08-02,24.8,12.5,0.0
2064-08-03,24.2,10.7,0.0
2064-08-04,24.1,10.3,0.0
2064-08-05,22.7,10.2,0.0
2064-08-06,21.08118249363333,9.2,0.0
2064-08-07,23.72728656485468,9.2,0.0
2064-08-08,26.6,8.529539506819011,0.0
2064-08-09,30.2,9.5,0.0
2064-08-10,31.844090057982278,11.8,0.0
2064-08-11,32.573840449706964,13.4,0.0
2064-08-12,31.2,14.7,0.0
2064-08-13,30.004542518837457,16.033186302678118,0.0
2064-08-14,27.8,13.8,0.0
2064-08-15,27.6,11.4,0.0
2064-08-16,29.2,10.2,0.0
2064-08-17,27.7,11.8,0.0
2064-08-18,27.2,11.9,0.0
2064-08-19,28.6,12.6,0.0
2064-08-20,28.3,14.5,0.0
2064-08-21,27.9,14.0,0.0
2064-08-22,28.6,13.9,0.0
2064-08-23,29.5,14.2,0.0
2064-08-24,29.9,15.0,0.0
2064-08-25,30.8,15.5,0.0
2064-08-26,31.2,16.30513043753561,0.0
2064-08-27,31.4,17.662894089261446,0.0
2064-08-28,31.618176376381626,17.16361575222435,0.0
2064-08-29,31.0,17.292310685151797,0.0
2064-08-30,29.5,16.0,0.0
2064-08-31,28.8554051976011,15.6,0.0
2064-09-01,30.1,16.0,0.0
2064-09-02,30.6,15.5,0.0
2064-09-03,30.4,15.7,0.0
2064-09-04,31.1,15.2,0.0
2064-09-05,32.4,15.6,0.0
2064-09-06,33.5,17.1,0.0
2064-09-07,34.7,17.7,0.0
2064-09-08,35.3,18.5,0.0
2064-09-09,36.0,18.9,0.0
2064-09-10,36.0,20.0,0.0
2064-09-11,34.4,19.9,0.0
2064-09-12,33.18336763070077,18.6,0.0
2064-09-13,33.5,18.5,0.0
2064-09-14,34.86812544618399,19.2,0.0
2064-09-15,35.1,20.421648912333865,0.0
2064-09-16,35.1,20.2,0.0
2064-09-17,35.6,20.114358728289247,0.0
2064-09-18,36.77278517591141,20.0,0.0
2064-09-19,36.00104330959219,20.5,0.0
2064-09-20,37.77643971318455,19.9,0.0
2064-09-21,39.82177734375,20.047908328841906,0.0
2064-09-22,36.4287009557778,21.16115880149711,0.0
2064-09-23,32.57814015572859,20.0,0.0
2064-09-24,32.7,17.9,0.0
2064-09-25,34.7,17.7,0.0
2064-09-26,36.0,18.8,0.0
2064-09-27,34.82458514925509,19.9,0.0
2064-09-28,35.4,19.0,0.0
2064-09-29,36.1089191634864,19.644198998141118,0.0
2064-09-30,39.54150390625,19.68346115567005,0.0
2064-10-01,37.702648481765756,21.0,0.0
2064-10-02,34.5,21.0,0.0
2064-10-03,34.5,20.0,0.0
2064-10-04,35.86139203614749,21.0,0.0
2064-10-05,37.2,23.28762161796747,0.0
2064-10-06,36.0,21.4,0.0
2064-10-07,36.396035097057094,20.5,0.0
2064-10-08,36.0,21.3,0.0
2064-10-09,36.0,21.0,0.0
2064-10-10,36.29842546854032,20.8,0.0
2064-10-11,35.5,21.1,0.0
2064-10-12,35.5,20.2,0.0
2064-10-13,35.82127654369311,20.8,0.0
2064-10-14,36.385359411182904,20.7,0.0
2064-10-15,35.8,21.0,0.0
2064-10-16,35.0,20.6,0.0
2064-10-17,34.961829924650154,19.6,0.0
2064-10-18,34.6,19.5,0.0
2064-10-19,35.2,20.2,0.0
2064-10-20,35.8,21.6,0.0
2064-10-21,37.2,23.378572570466318,0.0
2064-10-22,36.0,22.6,0.0
2064-10-23,35.4,20.9,0.0
2064-10-24,36.4,21.0,0.0
2064-10-25,37.2,21.364347360844825,0.0
2064-10-26,38.585546875,21.3,0.0
2064-10-27,38.910986328125,21.6,0.0
2064-10-28,38.0,23.8458984375,0.0
2064-10-29,37.526011663256,23.0,0.0
2064-10-30,37.0,21.0,0.0
2064-10-31,38.83310546875,23.44419311162201,0.0
2064-11-01,41.01513671875,23.129599389716677,0.0
2064-11-02,40.821533203125,25.38486328125,0.0
2064-11-03,38.690437413626356,22.9,0.0
2064-11-04,38.17903315763347,21.804616916877094,0.0
2064-11-05,36.8,23.230823585655983,0.0
2064-11-06,37.2,23.2,0.0
2064-11-07,40.197265625,25.1431640625,0.0
2064-11-08,41.609375,25.25009765625,0.0
2064-11-09,42.2646484375,23.333790605179487,0.0
2064-11-10,40.945556640625,23.649079002755037,0.0
2064-11-11,37.31361461054918,21.5,0.0
2064-11-12,36.2,20.84527363220802,0.0
2064-11-13,34.9,20.7,0.9
2064-11-14,32.2,20.5,0.0
2064-11-15,30.6,21.05785317018911,23.700000000000006
2064-11-16,33.5,20.5,0.0
2064-11-17,33.0,20.7,0.0
2064-11-18,35.1,21.3,0.0
2064-11-19,34.0,20.5,0.0
2064-11-20,32.9,21.2,0.0
2064-11-21,32.5,20.7,0.0
2064-11-22,33.7,19.9,0.0
2064-11-23,35.2,19.9,0.0
2064-11-24,36.4,20.5,0.0
2064-11-25,32.2,19.6,0.1
2064-11-26,26.9,18.7,0.0
2064-11-27,32.5,19.9,0.0
2064-11-28,34.9,17.8,0.0
2064-11-29,35.9,19.7,0.0
2064-11-30,36.280051364260935,21.3,0.0
2064-12-01,34.8826171875,24.91470336914062,0.0
2064-12-02,33.408512265593984,25.023895263671875,0.0
2064-12-03,31.6,21.060657583746654,0.0
2064-12-04,32.03135541426921,20.749920237783492,0.0
2064-12-05,33.87598186057364,20.231078109775076,0.0
2064-12-06,34.093733487012344,21.065106458801665,0.0
2064-12-07,33.7,21.05712673052839,0.0
2064-12-08,34.94609375,21.070791132483073,0.0
2064-12-09,36.752490234375,22.670347311597894,0.0
2064-12-10,35.379443359375,24.06405639648437,0.0
2064-12-11,32.671830072105806,24.61083984375,0.0
2064-12-12,34.004217136693065,23.57241821289062,0.0
2064-12-13,35.439013671875,23.16372680664062,0.0
2064-12-14,35.675341796875,21.0,0.0
2064-12-15,34.02193979369197,20.93895075703257,0.0
2064-12-16,34.02814836779986,23.526580810546875,0.5
2064-12-17,33.913459071552204,21.0790321438945,0.0
2064-12-18,34.8337890625,21.0,0.0
2064-12-19,33.69560579494633,21.089709444026543,0.0
2064-12-20,33.1,21.0,0.3
2064-12-21,33.57056647800268,21.0,0.5
2064-12-22,32.0,22.2855206851933,0.745769230769231
2064-12-23,33.614574047709986,21.14634644226766,15.825641025641033
2064-12-24,31.502667333104394,20.440287448362774,22.544230769230776
2064-12-25,26.5,19.9,29.10008547008548
2064-12-26,29.7,20.3,1.0
2064-12-27,30.8,20.79533057680927,1.3
2064-12-28,30.9,20.3,0.0
2064-12-29,30.9,19.8,9.283333333333337
2064-12-30,28.0,19.9,58.19134615384624
2064-12-31,28.0,19.9,48.955082417582474
2065-01-01,27.2,19.8,51.02475124378102
2065-01-02,26.8,19.434504990601013,11.2
2065-01-03,27.4,19.6,28.612344527363145
2065-01-04,29.5,19.8,0.6
2065-01-05,29.2,19.7,0.0
2065-01-06,27.8,19.5,0.0
2065-01-07,29.5,19.9,0.0
2065-01-08,30.8,19.8,2.4
2065-01-09,24.4,17.2,16.0
2065-01-10,27.9,17.3,0.0
2065-01-11,27.2,18.9,0.0
2065-01-12,27.2,19.8,0.5419154228855723
2065-01-13,29.9,19.46429195072359,0.0
2065-01-14,28.7,19.475790575290027,1.4
2065-01-15,29.7,19.8,2.990111940298507
2065-01-16,28.9,19.7702545347611,8.864552238805969
2065-01-17,27.928310010764257,19.7,1.4
2065-01-18,27.2,19.794589613858133,2.7856343283582103
2065-01-19,27.1,19.4,8.513152985074626
2065-01-20,27.5,19.6,11.2
2065-01-21,25.9,19.8,11.2
2065-01-22,26.8,19.9,0.0
2065-01-23,30.9,19.8,0.0
2065-01-24,31.0,19.9,0.0
2065-01-25,30.0,19.9,0.0
2065-01-26,31.1,19.5,0.0
2065-01-27,29.5,19.9,2.4
2065-01-28,27.8,19.3,2.4
2065-01-29,29.0,18.9,0.0
2065-01-30,27.1,19.3,0.0
2065-01-31,29.3,19.7,5.2
2065-02-01,30.8,19.275856440559558,1.8
2065-02-02,31.505525533170548,18.894356325703257,0.0
2065-02-03,29.9,19.0,2.3
2065-02-04,21.919908708955457,17.6,25.363426895684952
2065-02-05,22.020933952871626,17.2,0.0
2065-02-06,26.9,17.2,0.0
2065-02-07,28.8,18.5,0.0
2065-02-08,29.0,17.5,0.0
2065-02-09,28.5,16.5,0.0
2065-02-10,29.9,16.5,0.0
2065-02-11,29.0,19.7,8.4
2065-02-12,27.5,19.2,17.0
2065-02-13,28.0,17.0,14.982027649769586
2065-02-14,30.5,15.6,0.0
2065-02-15,29.9,18.9,0.0
2065-02-16,28.9,17.0,0.0
2065-02-17,31.9,15.5,0.0
2065-02-18,31.767667525497266,19.7,7.4
2065-02-19,30.9,19.276754300442793,0.6
2065-02-20,32.0220967463954,18.9,0.0
2065-02-21,30.96603689949664,18.9,0.0
2065-02-22,32.7,17.5,0.0
2065-02-23,30.5,19.272845969186346,0.0
2065-02-24,30.0,19.0,0.0
2065-02-25,32.1,19.0,0.0
2065-02-26,31.709869890731053,19.701502621127634,0.0
2065-02-27,32.0,19.257212644160546,0.0
2065-02-28,31.2,19.2,1.0
2065-03-01,31.1,19.367885919717406,3.0
2065-03-02,31.00487804878049,19.4,4.0
2065-03-03,27.4,19.4,24.014814814814816
2065-03-04,27.6,19.902411945527213,5.7
2065-03-05,29.0,19.2,23.24444444444445
2065-03-06,30.2,19.0,5.2
2065-03-07,28.9,18.8,22.748484848484843
2065-03-08,24.0,19.0,62.4705202312139
2065-03-09,25.4,18.9,0.0
2065-03-10,24.29056603773585,19.0,0.0
2065-03-11,21.627074560317066,18.4,0.0
2065-03-12,27.0,18.3,0.0
2065-03-13,31.1,17.3,0.0
2065-03-14,30.4,18.0,0.0
2065-03-15,30.2054794520548,18.4,0.0
2065-03-16,31.6,17.4,0.0
2065-03-17,31.3,17.2,0.0
2065-03-18,30.9,18.2,0.0
2065-03-19,30.2,18.0,0.0
2065-03-20,30.1,18.6,2.8
2065-03-21,30.6,17.8,0.0
2065-03-22,28.5,18.8,1.8
2065-03-23,28.9,19.4,1.3
2065-03-24,30.9,19.0,0.0
2065-03-25,30.419999999999995,18.6,0.0
2065-03-26,32.77507163323783,19.4,0.0
2065-03-27,36.2759765625,20.176412993959893,0.0
2065-03-28,31.598795180722888,19.3,1.5
2065-03-29,28.0,18.9,0.0
2065-03-30,28.6,18.452443487621093,0.0
2065-03-31,27.6,17.2,0.0
2065-04-01,26.2,18.8473482428115,2.8
2065-04-02,25.4,18.762173038229374,27.13658536585366
2065-04-03,26.5,19.084402079722707,3.3
2065-04-04,26.9,19.073887926054304,0.0
2065-04-05,27.1,19.949827348066318,0.0
2065-04-06,28.4,20.012543162983434,0.0
2065-04-07,28.7,20.300555419921874,0.0
2065-04-08,28.571428571428573,18.4,0.0
2065-04-09,29.7,16.2,0.0
2065-04-10,29.1,14.8,0.0
2065-04-11,29.5,14.9,0.0
2065-04-12,30.4,14.8,0.0
2065-04-13,31.1,16.0,0.0
2065-04-14,29.9,16.6,0.0
2065-04-15,25.5,17.957686676427524,0.0
2065-04-16,25.7,16.0,0.0
2065-04-17,26.8,15.1,0.0
2065-04-18,26.6,14.8,0.0
2065-04-19,26.8,14.7,0.0
2065-04-20,26.8,16.29349220898258,0.0
2065-04-21,28.3,16.0,0.0
2065-04-22,28.4,16.5,0.0
2065-04-23,27.1,16.7,0.0
2065-04-24,28.3,18.4,0.0
2065-04-25,28.6,18.9,0.0
2065-04-26,27.0,18.0,0.0
2065-04-27,28.3,17.1,0.0
2065-04-28,28.0,17.484090909090906,0.0
2065-04-29,28.2,18.3,0.0
2065-04-30,25.6,18.1,0.0
2065-05-01,21.107319698600648,16.3,29.4
2065-05-02,24.1,15.2,1.2
2065-05-03,24.154880377790896,15.2,0.6421052631578947
2065-05-04,25.7,15.1,0.0
2065-05-05,26.5,14.965257526829093,0.0
2065-05-06,27.0,15.1,0.0
2065-05-07,27.0,14.4,0.0
2065-05-08,26.9,12.9,0.0
2065-05-09,26.5,12.6,0.0
2065-05-10,25.8,12.5,0.0
2065-05-11,26.0,11.5,0.0
2065-05-12,25.8,14.0,0.0
2065-05-13,26.5,12.125117966840637,0.0
2065-05-14,26.0,12.5,0.0
2065-05-15,24.9,13.2,0.0
2065-05-16,25.4,15.827261571582333,0.0
2065-05-17,24.8,15.1,0.0
2065-05-18,25.0,14.4,0.0
2065-05-19,25.9,16.415127651794105,0.0
2065-05-20,26.4,14.6,0.0
2065-05-21,25.4,16.9,0.0
2065-05-22,26.8,16.7,0.0
2065-05-23,26.6,17.541364536405784,0.0
2065-05-24,26.5,17.2,0.0
2065-05-25,26.3,16.8,0.0
2065-05-26,26.24060519076665,15.2,0.0
2065-05-27,25.7,16.290739175688767,0.0
2065-05-28,26.0,16.9,0.0
2065-05-29,25.0,15.108537485169151,0.0
2065-05-30,26.0,13.8,0.0
2065-05-31,26.1,14.7,0.0
2065-06-01,25.6,12.5,0.0
2065-06-02,25.5,12.0,0.0
2065-06-03,25.4,11.9,0.0
2065-06-04,25.0,11.5,0.0
2065-06-05,24.8,11.7,0.0
2065-06-06,24.1,11.7,0.0
2065-06-07,23.96102555264849,10.7,0.0
2065-06-08,24.0,11.2,0.0
2065-06-09,24.8,11.8,0.0
2065-06-10,23.6,12.4,0.0
2065-06-11,24.591109913793108,11.9,0.0
2065-06-12,23.1,11.7,0.0
2065-06-13,18.816343262060727,13.7,0.0
2065-06-14,22.211506009387122,13.2,0.0
2065-06-15,23.9,13.0,0.0
2065-06-16,23.9,13.0,0.0
2065-06-17,22.20012479991318,13.14195758820342,0.0
2065-06-18,19.79602951540728,12.2,0.0
2065-06-19,18.315715810963543,10.011244377811096,0.0
2065-06-20,23.9,8.0,0.0
2065-06-21,24.1,9.5,0.0
2065-06-22,24.7,11.8,0.0
2065-06-23,25.0,11.4,0.0
2065-06-24,26.3,11.850517189400476,0.0
2065-06-25,27.4,12.3,0.0
2065-06-26,26.4,12.0,0.0
2065-06-27,25.2,12.1,0.0
2065-06-28,25.0,11.5,0.0
2065-06-29,25.4,11.5,0.0
2065-06-30,24.6,12.0,0.0
2065-07-01,23.0,10.4,0.0
2065-07-02,24.6,9.4,0.0
2065-07-03,25.04617868675994,10.0,0.0
2065-07-04,24.7,10.4,0.0
2065-07-05,24.7,10.7,0.0
2065-07-06,24.3,10.6,0.0
2065-07-07,24.0,11.0,0.0
2065-07-08,23.9,10.8,0.0
2065-07-09,22.3,12.2,0.0
2065-07-10,23.9,11.8,0.0
2065-07-11,26.0,11.1,0.0
2065-07-12,27.2,11.4,0.0
2065-07-13,26.9,11.3,0.0
2065-07-14,26.1,12.0,0.0
2065-07-15,24.9,11.2,0.0
2065-07-16,24.6,10.6,0.0
2065-07-17,25.89260786897779,11.0,0.0
2065-07-18,26.7,11.9,0.0
2065-07-19,26.0,12.240818945102257,0.0
2065-07-20,25.7,12.2,0.0
2065-07-21,25.8,11.2,0.0
2065-07-22,26.8,11.1,0.0
2065-07-23,27.6,11.8,0.0
2065-07-24,27.345082981218763,12.1,0.0
2065-07-25,26.9,12.2,0.0
2065-07-26,27.2,12.8,0.0
2065-07-27,26.4,13.299438323193954,0.0
2065-07-28,25.595111540031915,12.7,0.0
2065-07-29,25.9,12.2,0.0
2065-07-30,27.0,13.6,0.0
2065-07-31,28.0,13.6,0.0
2065-08-01,29.5,14.2,0.0
2065-08-02,30.8,15.320524916102071,0.0
2065-08-03,30.8,16.7,0.0
2065-08-04,28.8,16.7,0.0
2065-08-05,30.0,15.531358626203106,0.0
2065-08-06,31.849228862696844,15.5,0.0
2065-08-07,32.1,15.7,0.0
2065-08-08,31.0,15.3,0.0
2065-08-09,30.0,15.5,0.0
2065-08-10,30.5,14.6,0.0
2065-08-11,31.2,14.6,0.0
2065-08-12,32.9,15.0,0.0
2065-08-13,31.1,16.7,0.0
2065-08-14,31.0,14.8,0.0
2065-08-15,32.5,14.0,0.0
2065-08-16,38.75048828125,14.5,0.0
2065-08-17,39.0771484375,17.508017866663977,0.0
2065-08-18,31.5,18.426778953795584,0.0
2065-08-19,30.1,16.7,0.0
2065-08-20,30.0,15.2,0.0
2065-08-21,30.7,15.0,0.0
2065-08-22,29.45463713104073,15.7,0.0
2065-08-23,29.0,15.4,0.0
2065-08-24,29.2,14.8,0.0
2065-08-25,30.0,15.3,0.0
2065-08-26,30.4,14.8,0.0
2065-08-27,31.2,14.8,0.0
2065-08-28,30.0,16.7,0.0
2065-08-29,28.7,15.2,0.0
2065-08-30,28.2,15.0,0.0
2065-08-31,28.1,14.6,0.0
2065-09-01,30.633372250158583,14.3,0.0
2065-09-02,34.4,14.9,0.0
2065-09-03,35.3,16.4,0.0
2065-09-04,33.3,19.6,0.0
2065-09-05,31.0,17.996109832843192,0.0
2065-09-06,31.9,16.5,0.0
2065-09-07,33.6,16.2,0.0
2065-09-08,35.3,17.2,0.0
2065-09-09,35.298098195525895,18.6,0.0
2065-09-10,31.34865102639296,19.3,0.0
2065-09-11,30.0,17.4,0.0
2065-09-12,31.1,17.4,0.0
2065-09-13,32.1,17.0,0.0
2065-09-14,34.0,18.2,0.0
2065-09-15,36.0,20.476361121967358,0.0
2065-09-16,34.4,21.279025523446307,0.0
2065-09-17,31.0,19.0,0.0
2065-09-18,29.6,16.061089825457646,0.0
2065-09-19,31.6,16.46262513904338,0.0
2065-09-20,32.5,16.7,0.0
2065-09-21,34.15247474610453,17.7,0.0
2065-09-22,35.1,21.299849265623937,0.0
2065-09-23,34.94085051766921,21.38192314756098,0.0
2065-09-24,33.5,20.2,0.0
2065-09-25,33.5,19.3,0.0
2065-09-26,34.1,18.7,0.0
2065-09-27,35.4,18.837197537012305,0.0
2065-09-28,32.7,19.9,0.0
2065-09-29,31.7,17.5,0.0
2065-09-30,33.0,18.1,0.0
2065-10-01,34.9,20.3,0.0
2065-10-02,35.887951258737985,21.937505004047704,0.0
2065-10-03,37.29142613963498,22.0095392012902,0.0
2065-10-04,38.49375,23.080086114101174,0.0
2065-10-05,37.24205009137103,22.0,0.0
2065-10-06,36.6,21.7,0.0
2065-10-07,35.6,21.7,0.0
2065-10-08,35.5,21.0,0.0
2065-10-09,36.58484631024996,21.213839290668382,0.0
2065-10-10,38.5162109375,21.7,0.0
2065-10-11,38.819189453125,22.0,0.0
2065-10-12,38.831884765625,22.346953980553128,0.0
2065-10-13,35.5,22.0,0.0
2065-10-14,35.3,21.0,0.0
2065-10-15,35.8,20.9,0.0
2065-10-16,36.3,20.9,0.0
2065-10-17,36.0,21.0,0.0
2065-10-18,36.22555435952636,21.3,0.0
2065-10-19,37.0,21.3,0.0
2065-10-20,37.2,21.0,0.0
2065-10-21,37.0,21.9,0.0
2065-10-22,36.84474189170214,22.153405329819005,0.0
2065-10-23,35.3,21.311333685772688,0.0
2065-10-24,35.5,21.0,0.0
2065-10-25,36.8934337997847,21.9,0.0
2065-10-26,35.43741070554847,21.3,0.8560000000000001
2065-10-27,32.1,20.7,0.49200000000000016
2065-10-28,32.5,20.0,52.65510204081657
2065-10-29,28.987730952416058,19.3,85.9
2065-10-30,27.3,19.0,0.6048000000000002
2065-10-31,29.7,19.7,0.6048000000000002
2065-11-01,33.0,21.0,0.0
2065-11-02,33.7,20.7,0.0
2065-11-03,35.3,19.7,0.0
2065-11-04,33.7,20.5,0.0
2065-11-05,32.9,20.0,0.0
2065-11-06,34.0,18.4,0.0
2065-11-07,36.2,20.0,0.0
2065-11-08,37.43826215174483,22.9,0.0
2065-11-09,37.66469496684515,23.15186095374418,0.0
2065-11-10,39.528076171875,21.934548675483057,0.0
2065-11-11,40.764404296875,21.6209222368288,0.0
2065-11-12,37.731462693259495,21.3,0.1
2065-11-13,31.2,21.3,13.85
2065-11-14,31.8,21.0,14.942857142857143
2065-11-15,32.6,21.1,14.971428571428572
2065-11-16,29.5,19.9,47.06923076923077
2065-11-17,25.2,19.253094386858628,0.0
2065-11-18,28.8,18.2,0.0
2065-11-19,31.3,16.6,0.0
2065-11-20,31.5,16.5,0.0
2065-11-21,30.0,18.2,0.0
2065-11-22,31.6,18.9,0.0
2065-11-23,32.3,17.8,0.0
2065-11-24,33.3,17.2,0.0
2065-11-25,34.4,17.9,0.0
2065-11-26,33.0,20.0,0.0
2065-11-27,30.0,19.7,0.0
2065-11-28,32.7,17.5,0.0
2065-11-29,33.7,18.5,0.0
2065-11-30,34.5,19.2,0.0
2065-12-01,33.7,20.5,0.0
2065-12-02,33.79820535947653,19.2,0.0
2065-12-03,33.98367240055423,19.4,0.0
2065-12-04,32.909683789667916,21.004559869476413,0.0
2065-12-05,33.7,21.09129126626833,0.0
2065-12-06,33.7,20.82370568226995,0.0
2065-12-07,33.63895926941907,21.0,0.9
2065-12-08,33.1,20.695129918670006,1.7
2065-12-09,33.55936733914372,18.2,0.0
2065-12-10,33.1,20.46827738300767,0.3
2065-12-11,29.5,20.999441268122993,0.5
2065-12-12,26.0,20.40606908864086,3.4243589743589826
2065-12-13,26.36203267837347,20.409942865213143,1.0
2065-12-14,29.6,20.260122305928075,13.478632478632484
2065-12-15,30.0,20.2,7.335897435897438
2065-12-16,30.5,20.2,0.2
2065-12-17,31.4,19.5,1.3
2065-12-18,29.0,20.950032212005443,1.9
2065-12-19,27.1,20.872767021368933,34.58309294871796
2065-12-20,28.7,20.698384411052597,0.0
2065-12-21,30.701297025328646,20.0,48.993901098901155
2065-12-22,25.9,20.465542952486057,5.644230769230772
2065-12-23,26.7,20.569199092484364,9.570512820512825
2065-12-24,29.4,20.692053406339596,0.0
2065-12-25,29.3,20.633659679854595,0.0
2065-12-26,29.4,20.3,0.9
2065-12-27,29.2,20.674789341278835,2.3
2065-12-28,31.53691316608002,20.56889979782449,0.0
2065-12-29,31.4,19.5,6.5
2065-12-30,29.8,19.8,15.423717948717957
2065-12-31,31.0,19.118559120122857,0.0
2066-01-01,31.8,18.0,0.0
2066-01-02,31.9,19.2,2.1
2066-01-03,31.1,19.9,8.864552238805969
2066-01-04,29.8,19.8,0.0
2066-01-05,28.8,19.8,5.3
2066-01-06,29.9,19.8,0.0
2066-01-07,29.0,19.8,3.1858208955223875
2066-01-08,25.1,19.8,5.5
2066-01-09,26.9,19.72155981059137,35.080348258706465
2066-01-10,24.6,19.483543435793163,65.46046624308175
2066-01-11,24.4,18.9,64.76530713484613
2066-01-12,29.0,19.1,10.056529850746266
2066-01-13,26.4,17.8,27.0
2066-01-14,29.0,16.7,0.0
2066-01-15,30.2,18.4,0.0
2066-01-16,29.2,19.5,0.0
2066-01-17,30.767994259059922,18.5,2.4
2066-01-18,29.2,19.5,0.0
2066-01-19,31.6,18.5,0.0
2066-01-20,29.35935546616811,19.9,1.3
2066-01-21,26.8,19.7,16.4
2066-01-22,27.96382636918158,19.118361141011803,41.3705223880597
2066-01-23,29.4,18.7,0.0
2066-01-24,26.7,19.0,25.750186567164175
2066-01-25,25.9,19.4,30.42089552238805
2066-01-26,29.0,19.1,10.056529850746266
2066-01-27,30.7,18.9,0.0
2066-01-28,31.678106077806493,17.9,0.0
2066-01-29,30.9,17.0,0.0
2066-01-30,31.7,16.4,0.0
2066-01-31,31.5,18.8,0.0
2066-02-01,32.9,19.076439534509937,0.49043778801843324
2066-02-02,29.7,19.67855757320806,9.9
2066-02-03,30.9,18.9,8.999654377880184
2066-02-04,26.1,19.261279421278743,25.0
2066-02-05,25.2,19.7,2.3
2066-02-06,28.2,19.26814540862115,7.511059907834102
2066-02-07,27.2,19.155489454319326,0.0
2066-02-08,29.6,19.0,5.3049539170506925
2066-02-09,28.6,19.0,0.0
2066-02-10,28.9,19.2,17.48536866359447
2066-02-11,30.8,19.0,6.3
2066-02-12,26.2,18.7,5.482488479262675
2066-02-13,28.7,17.4,1.2057603686635952
2066-02-14,31.0,16.0,0.0
2066-02-15,32.65022336446402,17.2,0.0
2066-02-16,31.0,20.166344291017747,0.0
2066-02-17,31.2,17.9,0.0
2066-02-18,32.7,17.3,0.0
2066-02-19,33.63893173112359,16.6,0.0
2066-02-20,34.13599622934264,18.0,0.0
2066-02-21,30.550646007151375,20.149772632538074,0.0
2066-02-22,28.7,19.209651545958067,0.0
2066-02-23,28.3,18.7,0.0
2066-02-24,29.6,18.0,0.0
2066-02-25,30.507019728532548,16.6,0.0
2066-02-26,30.576527034348253,19.429957588040303,6.5
2066-02-27,28.5,19.253647612271216,0.0
2066-02-28,29.0,18.6,0.0
2066-03-01,31.5,18.7,1.2
2066-03-02,31.2,18.9,2.3
2066-03-03,31.9,18.8,0.7
2066-03-04,26.0,18.8,3.0
2066-03-05,22.7,18.567875877826175,4.7
2066-03-06,29.6,18.6,0.0
2066-03-07,30.1,18.8,0.4
2066-03-08,26.0,18.6,0.1
2066-03-09,30.1,16.9,0.0
2066-03-10,30.1,18.60437348004624,2.0
2066-03-11,31.2,18.8,21.16249999999999
2066-03-12,31.3,19.2,0.0
2066-03-13,31.2,17.9,0.0
2066-03-14,30.3,17.9,0.0
2066-03-15,30.2986301369863,19.0,0.0
2066-03-16,31.9,18.8,0.0
2066-03-17,32.9,20.3,0.0
2066-03-18,33.2,20.01819468427796,0.0
2066-03-19,32.30724637681159,18.4,0.0
2066-03-20,31.8,18.5,0.0
2066-03-21,31.6,18.4,0.0
2066-03-22,31.8,18.5,0.0
2066-03-23,32.0,20.035562326317756,0.0
2066-03-24,31.252631578947366,19.918410737513764,0.0
2066-03-25,26.6,18.7,0.0
2066-03-26,28.9,16.2,0.0
2066-03-27,30.1,14.968874720543164,0.0
2066-03-28,31.6,14.4,0.0
2066-03-29,32.5,14.6,0.0
2066-03-30,32.9,15.064858822555266,0.0
2066-03-31,32.81174785100286,16.9,0.0
2066-04-01,31.585326757090016,17.4,0.0
2066-04-02,29.5,19.000693240901214,0.0
2066-04-03,29.1,18.881086261980826,0.0
2066-04-04,30.2,20.866748046875,0.0
2066-04-05,30.4,21.558459472656253,1.38
2066-04-06,31.1,20.142852209944774,0.0
2066-04-07,31.6,21.78056640625,0.0
2066-04-08,31.524044389642416,18.3,0.0
2066-04-09,31.575462392108506,17.1,0.0
2066-04-10,31.0,20.5837890625,0.0
2066-04-11,30.7,19.7,0.0
2066-04-12,29.4,20.308642578125,0.0
2066-04-13,31.520591861898886,16.9,0.0
2066-04-14,31.478378378378377,15.7,0.0
2066-04-15,32.0,15.2,0.0
2066-04-16,32.7,14.54888888888889,0.0
2066-04-17,33.2,14.6,0.0
2066-04-18,33.2,14.9,0.0
2066-04-19,33.0263358778626,17.9,0.0
2066-04-20,31.5,18.6,0.0
2066-04-21,29.1,18.2,0.0
2066-04-22,31.5,16.7,0.0
2066-04-23,31.9366265060241,17.0,0.0
2066-04-24,31.7,17.517460317460316,0.0
2066-04-25,30.7,17.0,0.0
2066-04-26,31.9,15.5,0.0
2066-04-27,34.204310344827576,15.9,0.0
2066-04-28,34.29310344827585,16.6,0.0
2066-04-29,33.397755834829454,18.5,0.0
2066-04-30,33.13851653261841,17.9,0.0
2066-05-01,32.584690637808016,14.3,0.0
2066-05-02,34.17646484375,14.4,0.0
2066-05-03,32.0,17.07965067240899,0.0
2066-05-04,31.70720377577212,15.2,0.0
2066-05-05,31.6,15.9,0.0
2066-05-06,31.054832951466334,16.3,0.0
2066-05-07,31.0,16.2,0.0
2066-05-08,30.2,16.0,0.0
2066-05-09,29.7,15.7,0.0
2066-05-10,29.0,16.9,0.0
2066-05-11,25.5,17.556990790575274,0.0
2066-05-12,25.792102220627516,17.317832243106697,0.0
2066-05-13,27.9,16.016325904820903,0.0
2066-05-14,29.4,14.7,0.0
2066-05-15,29.472206518961364,15.2,0.0
2066-05-16,29.991259920852855,15.0,0.0
2066-05-17,30.462696761549843,15.2,0.0
2066-05-18,30.223729281612272,15.2,0.0
2066-05-19,30.229856457712227,15.097367648497878,0.0
2066-05-20,28.6,15.2,0.0
2066-05-21,29.14197812101033,13.7,0.0
2066-05-22,29.4,14.1,0.0
2066-05-23,29.3,14.0,0.0
2066-05-24,29.5,13.9,0.0
2066-05-25,29.7,14.4,0.0
2066-05-26,29.5,15.2,0.0
2066-05-27,29.3,14.9,0.0
2066-05-28,28.400743712692037,14.3,0.0
2066-05-29,28.0,12.9,0.0
2066-05-30,28.7,12.4,0.0
2066-05-31,29.1,11.4,0.0
2066-06-01,29.0,11.0,0.0
2066-06-02,29.5,11.5,0.0
2066-06-03,28.95118505263498,13.5,0.0
2066-06-04,28.6,12.9,0.0
2066-06-05,28.164979606970714,13.2,0.0
2066-06-06,29.2,12.9,0.0
2066-06-07,30.0,12.9,0.0
2066-06-08,30.4,14.1,0.0
2066-06-09,29.5,15.633316908594532,0.0
2066-06-10,29.5,15.015368827682941,0.0
2066-06-11,29.5,14.3,0.0
2066-06-12,30.386943139435974,13.559726226419377,0.0
2066-06-13,29.82468200130255,14.538082093959,0.0
2066-06-14,28.9,14.2,0.0
2066-06-15,28.122760739445948,13.3,0.0
2066-06-16,28.0,12.5,0.0
2066-06-17,27.9,12.6,0.0
2066-06-18,28.445693733778274,12.311579189799735,0.0
2066-06-19,28.0,12.5,0.0
2066-06-20,27.6,12.3,0.0
2066-06-21,25.9,12.0,0.0
2066-06-22,25.2,11.5,0.0
2066-06-23,25.340285502410083,10.0,0.0
2066-06-24,26.2,9.345646008442058,0.0
2066-06-25,25.6,11.340869059403419,0.0
2066-06-26,24.8,10.744834034595613,0.0
2066-06-27,25.2,10.2,0.0
2066-06-28,25.2,11.513642454871121,0.0
2066-06-29,24.0,11.2,0.0
2066-06-30,24.6,9.4,0.0
2066-07-01,25.2,9.579081449587363,0.0
2066-07-02,25.9,11.3,0.0
2066-07-03,25.0,12.0,0.0
2066-07-04,25.0,11.413300283425995,0.0
2066-07-05,26.805303938095328,11.6,0.0
2066-07-06,29.0,12.048596072803,0.0
2066-07-07,31.27235098223896,13.15677072120559,0.0
2066-07-08,32.220654296875,14.2,0.0
2066-07-09,31.734814453125,13.291551626129335,0.0
2066-07-10,29.16680336983692,15.3,0.0
2066-07-11,27.5,14.4,0.0
2066-07-12,28.5,13.697413450415166,0.0
2066-07-13,30.7,14.2,0.0
2066-07-14,31.693310546875,14.2,0.0
2066-07-15,32.216015625,15.0,0.0
2066-07-16,30.18159957312219,15.3,0.0
2066-07-17,29.1,15.0,0.0
2066-07-18,29.2,14.307762037110749,0.0
2066-07-19,29.1313240043057,14.2,0.0
2066-07-20,28.2,14.29290800695537,0.0
2066-07-21,28.7,13.8,0.0
2066-07-22,29.2,13.94090804244195,0.0
2066-07-23,29.2,14.2,0.0
2066-07-24,26.8,14.51421242979583,0.0
2066-07-25,24.60236119309697,13.530405068595075,0.0
2066-07-26,25.0,12.7,0.0
2066-07-27,25.7,12.073299000260311,0.0
2066-07-28,27.6,12.7,0.0
2066-07-29,29.15163465558806,14.169214208826675,0.0
2066-07-30,31.20715991657695,15.819949163734357,0.0
2066-07-31,29.5,15.3,0.0
2066-08-01,28.3,16.7,0.0
2066-08-02,26.9,15.0,0.0
2066-08-03,26.9,13.502873230106811,0.0
2066-08-04,29.5,13.9,0.0
2066-08-05,31.1,15.2,0.0
2066-08-06,31.2,15.7,0.0
2066-08-07,30.7,15.644450586215921,0.0
2066-08-08,30.8,15.0,0.0
2066-08-09,30.88448461452804,14.8,0.0
2066-08-10,30.316254036598494,15.6,0.0
2066-08-11,31.0,16.4,0.0
2066-08-12,31.1,16.12446423329093,0.0
2066-08-13,31.2,15.978348454559423,0.0
2066-08-14,31.6,16.0,0.0
2066-08-15,32.5,16.4,0.0
2066-08-16,32.9,16.7,0.0
2066-08-17,33.443278922931064,16.4,0.0
2066-08-18,37.70263671875,16.895541763048797,0.0
2066-08-19,37.981689453125,17.56851439049128,0.0
2066-08-20,37.555419921875,17.788089189604772,0.0
2066-08-21,29.0,17.479806327040908,0.0
2066-08-22,29.0,15.0,0.0
2066-08-23,30.4,16.2,0.0
2066-08-24,28.98415611892654,16.0,0.0
2066-08-25,30.0,15.4,0.0
2066-08-26,31.5,16.2,0.0
2066-08-27,33.1,16.7,0.0
2066-08-28,33.4748395803544,16.88073380207497,0.0
2066-08-29,33.418347444692564,18.0,0.0
2066-08-30,33.16958282223947,18.35007219932264,0.0
2066-08-31,32.9,17.7,0.0
2066-09-01,33.2,18.105262791991112,0.0
2066-09-02,33.2,17.7,0.0
2066-09-03,33.2,18.0,0.0
2066-09-04,33.48884315906563,18.0,0.0
2066-09-05,35.4,17.950086092614324,0.0
2066-09-06,39.159423828125,18.0,0.0
2066-09-07,39.48388671875,20.0,0.0
2066-09-08,39.841796875,20.417927326659257,0.0
2066-09-09,40.587646484375,20.55300617243561,0.0
2066-09-10,38.39861249776009,21.476477876077684,0.0
2066-09-11,31.305381737283852,19.6,0.0
2066-09-12,31.5,18.5,0.0
2066-09-13,32.1,17.8,0.0
2066-09-14,33.50231724137931,16.9,0.0
2066-09-15,35.1,17.9,0.0
2066-09-16,39.01806640625,21.000477974692032,0.0
2066-09-17,39.156005859375,21.140597399803678,0.0
2066-09-18,36.0,21.2,0.0
2066-09-19,36.454393920970816,20.074366707567403,0.0
2066-09-20,36.70326303480096,20.2,0.0
2066-09-21,36.7224068127879,20.2,0.0
2066-09-22,35.726517699404596,20.5,0.0
2066-09-23,35.3,20.4,0.0
2066-09-24,35.3,20.4,0.0
2066-09-25,36.08821341326018,20.4,0.0
2066-09-26,38.11870402897549,20.457443706220133,0.0
2066-09-27,35.404925723922645,21.2,0.0
2066-09-28,34.66173233417248,20.0,0.0
2066-09-29,34.0,20.1,0.0
2066-09-30,34.9,20.0,0.0
2066-10-01,35.8,20.3,0.0
2066-10-02,35.6,21.335079394398747,0.0
2066-10-03,36.0,20.9,0.0
2066-10-04,37.59029778669064,20.7,0.0
2066-10-05,39.14169921875,21.2,0.0
2066-10-06,35.0,22.0,0.0
2066-10-07,34.4,20.27698170075349,0.0
2066-10-08,35.7,19.6,0.0
2066-10-09,35.67003870554016,20.7,0.0
2066-10-10,34.9,19.0,0.0
2066-10-11,35.5,19.194411943651414,0.0
2066-10-12,36.4,19.9,0.0
2066-10-13,35.5,20.7,0.0
2066-10-14,35.5,20.0,0.0
2066-10-15,36.70929626215813,20.7,0.0
2066-10-16,36.750370948093035,21.6879510843671,0.0
2066-10-17,37.55450145243817,22.162999607657703,0.0
2066-10-18,39.389501953125,24.039013671875,0.0
2066-10-19,39.694189453125,22.6,0.0
2066-10-20,38.468115234375,22.972237562596515,0.0
2066-10-21,38.426123046875,23.61073726833129,0.0
2066-10-22,37.5906173968179,22.1,0.0
2066-10-23,38.423193359375,21.94547500644965,0.0
2066-10-24,38.499609375,21.71393092044677,0.0
2066-10-25,36.999737732606185,21.7,0.0
2066-10-26,37.59700959936298,21.0,0.0
2066-10-27,38.061573468056814,21.86973556583351,0.0
2066-10-28,37.556099503074435,22.2,0.0
2066-10-29,38.954931640625,21.9,0.0
2066-10-30,40.0474609375,21.873068642874877,0.0
2066-10-31,40.961767578125,22.030552178996437,0.0
2066-11-01,40.224609375,23.352280453943987,0.0
2066-11-02,36.4,23.257919734042098,0.0
2066-11-03,37.25616835243293,22.481689556114866,0.0
2066-11-04,40.474853515625,23.253547166259334,0.0
2066-11-05,40.35546875,23.297238414419418,0.0
2066-11-06,39.87548828125,23.297066266081522,0.0
2066-11-07,39.6142578125,22.3,0.0
2066-11-08,40.142822265625,22.559593687736072,0.0
2066-11-09,40.88623046875,23.3,0.0
2066-11-10,40.9853515625,24.4,0.0
2066-11-11,32.9,21.5,2.5
2066-11-12,30.5,21.3,13.85
2066-11-13,31.6,20.55400444938821,0.0
2066-11-14,32.8,19.7,0.0
2066-11-15,31.8,20.0,0.0
2066-11-16,32.6,19.9,0.0
2066-11-17,34.0,19.4,0.0
2066-11-18,34.4,19.4,0.0
2066-11-19,35.7,19.2,0.0
2066-11-20,35.6,21.3,0.0
2066-11-21,36.0,23.335623650531144,0.0
2066-11-22,35.7,22.3,0.0
2066-11-23,34.0,21.135893220899383,0.0
2066-11-24,32.35228649116302,21.2,2.5
2066-11-25,28.9,20.4,10.5
2066-11-26,31.2,20.7,0.0
2066-11-27,29.5,20.4,8.220000000000006
2066-11-28,30.97257822701552,19.9,0.0
2066-11-29,31.0,19.8,0.0
2066-11-30,31.1,20.75891344391285,0.0
2066-12-01,31.5,23.051971435546875,0.0
2066-12-02,32.75298618586292,21.0,0.0
2066-12-03,33.447737213097646,23.62539672851562,0.0
2066-12-04,33.41588012010647,21.0,0.6
2066-12-05,30.854557056140614,21.0,7.9
2066-12-06,31.4,22.113044173117853,0.0
2066-12-07,30.1,21.00596118961658,0.0
2066-12-08,32.0,19.2,0.0
2066-12-09,33.7,17.5,0.0
2066-12-10,34.84227294921875,18.4,0.0
2066-12-11,34.89088745117188,20.101370210725722,0.0
2066-12-12,32.0,21.198374835545934,5.8
2066-12-13,33.01550350609041,21.09252000318828,0.0
2066-12-14,31.4,21.0,0.0
2066-12-15,31.6,21.0,1.1
2066-12-16,32.0,21.07946996969357,9.570512820512825
2066-12-17,27.0,20.5,53.64757834757843
2066-12-18,24.0,17.2,51.05406593406608
2066-12-19,20.082864238370657,16.7,18.8
2066-12-20,25.5,17.0,0.0
2066-12-21,28.4,19.9,2.0
2066-12-22,30.0,19.359537789085724,0.0
2066-12-23,32.80146393972011,17.9,0.0
2066-12-24,32.4,20.842469864913316,14.939102564102575
2066-12-25,30.2,21.01391173513406,56.40340236686392
2066-12-26,29.2,21.0,9.33365384615385
2066-12-27,29.17517043415859,20.68114577171358,8.845299145299153
2066-12-28,27.1,19.8,6.9
2066-12-29,29.3,21.0,7.335897435897438
2066-12-30,25.913804378139833,21.0,3.4243589743589826
2066-12-31,26.9,20.46626453831815,0.0
2067-01-01,30.9,19.7,0.6
2067-01-02,30.7,19.846409615578004,14.380270522388054
2067-01-03,31.9,20.928601074218754,6.0
2067-01-04,32.10267349631267,20.950543212890626,0.0
2067-01-05,31.211778700162927,20.386041632939065,0.0
2067-01-06,31.0,19.8,6.4
2067-01-07,31.0,19.9,34.973134328358206
2067-01-08,29.5,20.785574715572256,16.0
2067-01-09,30.0,20.640730671113666,1.2
2067-01-10,28.5,20.539871920155942,0.0
2067-01-11,28.2,21.203594970703126,5.5
2067-01-12,29.8,20.59863721819343,2.0
2067-01-13,29.9,19.9,0.9
2067-01-14,26.9,20.321127853014364,11.960696517412932
2067-01-15,29.1,19.85525046465112,22.341231343283578
2067-01-16,29.0,19.8,4.0
2067-01-17,28.8,19.9,39.76082089552238
2067-01-18,29.0,19.9,27.4
2067-01-19,27.6,19.8,11.2
2067-01-20,28.6,19.866781261988738,20.76679104477611
2067-01-21,27.9,19.8,11.692537313432835
2067-01-22,29.2,19.9,5.3
2067-01-23,24.8,18.8,47.63555609051516
2067-01-24,26.0,18.9,0.0
2067-01-25,27.1,18.9,0.0
2067-01-26,30.26575275966145,19.7,0.0
2067-01-27,30.0,18.4,0.0
2067-01-28,30.8,17.6,0.0
2067-01-29,31.6,17.2,0.0
2067-01-30,31.989207849469818,17.5,0.0
2067-01-31,32.0,17.9,0.0
2067-02-01,32.8,17.1,0.0
2067-02-02,26.7,19.0,0.0
2067-02-03,31.278229419259382,18.7,0.0
2067-02-04,29.0,19.7,9.6
2067-02-05,30.0,18.5,0.0
2067-02-06,30.462279270193452,18.6,0.0
2067-02-07,28.9,19.0,0.0
2067-02-08,31.2,16.7,0.0
2067-02-09,31.50741867919506,15.883762476868373,0.0
2067-02-10,32.64660844510179,15.7,0.0
2067-02-11,32.9,19.7,1.4
2067-02-12,31.60153812862163,19.0,0.0
2067-02-13,30.58716307292231,19.2,0.0
2067-02-14,31.8,18.9,1.4
2067-02-15,29.6,19.7,0.0
2067-02-16,31.57214060890796,19.2,3.061751152073735
2067-02-17,32.7,19.913048312844598,29.2
2067-02-18,27.9,19.96515322897069,25.066244239631338
2067-02-19,29.9,19.4,0.0
2067-02-20,29.4,19.9,0.0
2067-02-21,31.9,19.415370187896784,0.0
2067-02-22,30.6,18.8,0.0
2067-02-23,31.0,19.94924689102551,0.0
2067-02-24,32.67134860054182,19.912740704312906,0.0
2067-02-25,32.716103524604115,19.975765723314023,9.9
2067-02-26,32.1,19.927763908086455,18.4
2067-02-27,31.2,20.178070736753757,83.01184777761264
2067-02-28,26.6,19.982235425335393,8.987039170506913
2067-03-01,29.2,19.3,0.0
2067-03-02,31.193006993006996,18.6,19.2
2067-03-03,30.452413793103446,19.9,0.0
2067-03-04,29.4,18.4,0.0
2067-03-05,29.622826086956525,19.0,0.0
2067-03-06,29.1,19.4,0.0
2067-03-07,29.7,19.1,0.0
2067-03-08,30.4,17.9,0.0
2067-03-09,30.8,19.95101688414502,0.0
2067-03-10,31.1,20.3,0.0
2067-03-11,32.0,19.2,0.0
2067-03-12,32.0,17.1,0.0
2067-03-13,32.0,17.393924234205617,0.0
2067-03-14,29.9,22.3534912109375,0.0
2067-03-15,31.1,19.931414760629966,0.0
2067-03-16,30.5,19.4,0.0
2067-03-17,31.560240963855424,21.25138026981987,0.0
2067-03-18,32.0,19.0,0.0
2067-03-19,32.9,18.3,0.0
2067-03-20,32.747564469914046,18.2,0.0
2067-03-21,31.8,19.151479069608182,0.0
2067-03-22,31.5,20.04221158717725,0.0
2067-03-23,31.8,18.8,0.0
2067-03-24,32.63195488721805,18.1,0.0
2067-03-25,32.0,18.8,0.0
2067-03-26,32.7,20.3,0.0
2067-03-27,33.5160789844852,19.8,0.0
2067-03-28,33.0,19.4,0.0
2067-03-29,32.273828125,20.14511031975989,0.0
2067-03-30,31.9,19.1,0.0
2067-03-31,31.9,18.7,0.0
2067-04-01,32.0,17.6,0.0
2067-04-02,31.5,17.9,0.0
2067-04-03,30.0,18.4,0.0
2067-04-04,30.5,18.4,0.0
2067-04-05,31.56855733662146,16.6,0.0
2067-04-06,32.63629032258064,16.0,0.0
2067-04-07,33.17560321715818,16.5,0.0
2067-04-08,33.446588868940765,17.9,0.0
2067-04-09,33.75085995085995,18.7,0.0
2067-04-10,31.902168674698796,18.6,0.0
2067-04-11,31.800657894736844,17.5,0.0
2067-04-12,33.13985701519214,16.7,0.0
2067-04-13,33.2,18.5,0.0
2067-04-14,33.12940125111707,19.924447513812133,0.0
2067-04-15,32.25909090909091,19.071808203350667,0.0
2067-04-16,33.19445933869527,19.7,0.0
2067-04-17,33.48725314183123,20.408740234375,0.0
2067-04-18,33.76756756756756,20.3484375,0.0
2067-04-19,33.06374045801526,19.95897790055249,0.0
2067-04-20,31.86447368421053,18.97741935483871,0.0
2067-04-21,31.5,18.6,0.0
2067-04-22,31.8,18.7,0.0
2067-04-23,31.713513513513515,19.840366022099463,0.0
2067-04-24,31.589765721331695,19.4,0.0
2067-04-25,31.5,17.8,0.0
2067-04-26,30.0,17.0,0.0
2067-04-27,29.4,16.8,0.0
2067-04-28,31.1,18.3,0.0
2067-04-29,32.5,17.2,0.0
2067-04-30,33.35233393177739,18.2,0.0
2067-05-01,31.113579685630036,17.53008226022936,0.0
2067-05-02,30.1,15.2,0.0
2067-05-03,30.3,14.3,0.0
2067-05-04,30.4,15.897626222626513,0.0
2067-05-05,30.496808371989733,15.6,0.0
2067-05-06,30.6,14.4,0.0
2067-05-07,32.0,14.0,0.0
2067-05-08,34.44794921875,15.686030702392356,0.0
2067-05-09,31.85575481853077,16.9,0.0
2067-05-10,32.7,16.2,0.0
2067-05-11,30.5,16.943535918229465,0.0
2067-05-12,29.5,17.53816688593867,0.0
2067-05-13,30.5,15.2,0.0
2067-05-14,30.313202476502838,14.9,0.0
2067-05-15,30.53756306568304,13.7,0.0
2067-05-16,31.0,16.7,0.0
2067-05-17,31.6,16.5,0.0
2067-05-18,28.9,16.0,0.0
2067-05-19,28.9,14.0,0.0
2067-05-20,30.5,12.9,0.0
2067-05-21,30.5,15.2,0.0
2067-05-22,31.1,14.7,0.0
2067-05-23,31.0,15.3,0.0
2067-05-24,30.0,16.2,0.0
2067-05-25,31.0,15.373223896663045,0.0
2067-05-26,33.43923169297572,16.2,0.0
2067-05-27,33.8,19.765380859375,0.0
2067-05-28,32.93979384096965,17.337004222903012,0.0
2067-05-29,35.059521484375,17.0,0.0
2067-05-30,34.282666015625,16.9,0.0
2067-05-31,30.3,17.56561841353372,0.0
2067-06-01,30.4,15.24600222469412,0.0
2067-06-02,31.082454610584243,15.962196583628668,0.0
2067-06-03,28.9,14.7,0.0
2067-06-04,26.7,14.1,0.0
2067-06-05,26.6,12.9,0.0
2067-06-06,27.5,12.1,0.0
2067-06-07,27.787726751063797,11.9,0.0
2067-06-08,27.2,12.1,0.0
2067-06-09,27.3,10.5,0.0
2067-06-10,29.0,7.39551883044653,0.0
2067-06-11,27.9,11.8,0.0
2067-06-12,27.943314794215794,11.0,0.0
2067-06-13,26.4,12.3,0.0
2067-06-14,22.5,13.052691294420702,0.0
2067-06-15,24.6,12.3,0.0
2067-06-16,25.2,11.0,0.0
2067-06-17,27.7,10.2,0.0
2067-06-18,27.8,11.2,0.0
2067-06-19,25.3,12.0,0.0
2067-06-20,22.6,12.9,0.0
2067-06-21,24.0,11.7,0.0
2067-06-22,24.8,11.0,0.0
2067-06-23,26.4,9.7,0.0
2067-06-24,28.0,8.5,0.0
2067-06-25,29.5,9.100589802623077,0.0
2067-06-26,30.785107774340403,10.2,0.0
2067-06-27,30.40481352264035,10.9,0.0
2067-06-28,29.497061273541924,12.9,0.0
2067-06-29,29.31825133987259,12.6,0.0
2067-06-30,29.5,12.758797690864963,0.0
2067-07-01,29.38979600508266,13.2,0.0
2067-07-02,24.6,14.78226067234557,0.0
2067-07-03,25.7,14.2,0.0
2067-07-04,26.7,12.2,0.0
2067-07-05,24.0,12.2,0.0
2067-07-06,23.4,10.0,0.0
2067-07-07,24.0,7.558011095470728,0.0
2067-07-08,23.8,9.5,0.0
2067-07-09,23.3,9.8,0.0
2067-07-10,24.0,8.3,0.0
2067-07-11,24.8,8.0,0.0
2067-07-12,26.2,7.5,0.0
2067-07-13,27.0,6.3,0.0
2067-07-14,26.0,10.5,0.0
2067-07-15,25.7,9.0,0.0
2067-07-16,25.3,9.565446716899885,0.0
2067-07-17,25.8,10.0,0.0
2067-07-18,24.2,11.9,0.0
2067-07-19,22.3,10.8,0.0
2067-07-20,24.2,10.4,0.0
2067-07-21,25.3,11.1,0.0
2067-07-22,26.0,10.7,0.0
2067-07-23,27.0,11.5,0.0
2067-07-24,28.411843379978457,11.798479113858129,0.0
2067-07-25,29.79580193756725,12.0,0.0
2067-07-26,31.14958019375672,12.1,0.0
2067-07-27,30.22687948931796,13.0,0.0
2067-07-28,31.221227462325068,12.4,0.0
2067-07-29,29.4,13.5,0.0
2067-07-30,29.2,13.2,0.0
2067-07-31,31.121033369214203,12.7,0.0
2067-08-01,32.9,13.9,0.0
2067-08-02,33.52620704336224,16.0,0.0
2067-08-03,38.06689453125,17.0,0.0
2067-08-04,38.67578125,17.142321856653304,0.0
2067-08-05,32.04308619902181,18.6261851151843,0.0
2067-08-06,31.9,17.107952762047393,0.0
2067-08-07,33.19708989410969,16.729083080536242,0.0
2067-08-08,32.9,16.7,0.0
2067-08-09,33.2,16.7,0.0
2067-08-10,33.41604164323697,16.641821920454863,0.0
2067-08-11,32.15918557106822,16.9,0.0
2067-08-12,31.9,16.745298959970874,0.0
2067-08-13,31.4,15.4,0.0
2067-08-14,32.42202040219846,14.5,0.0
2067-08-15,33.32147959682941,13.7,0.0
2067-08-16,31.5,14.7,0.0
2067-08-17,24.0,16.4,0.0
2067-08-18,24.5,13.577229444398442,0.0
2067-08-19,25.0,11.3,0.0
2067-08-20,26.4,10.9,0.0
2067-08-21,28.6,11.4,0.0
2067-08-22,31.030883952324906,13.18070505920344,0.0
2067-08-23,31.830566887680792,14.5,0.0
2067-08-24,31.86707944749481,16.338536060279864,0.0
2067-08-25,30.4,16.4,0.0
2067-08-26,30.7,14.8,0.0
2067-08-27,31.2,14.2,0.0
2067-08-28,31.006870165144974,15.0,0.0
2067-08-29,30.639404890050738,13.7,0.0
2067-08-30,31.12734122712594,15.4,0.0
2067-08-31,31.835705692395358,15.5,0.0
2067-09-01,32.8,16.8,0.0
2067-09-02,33.2,14.276165436343412,0.0
2067-09-03,34.2,14.0,0.0
2067-09-04,31.0,18.0,0.0
2067-09-05,30.0,16.9,0.0
2067-09-06,31.0,15.0,0.0
2067-09-07,32.3,13.5,0.0
2067-09-08,33.97128656253427,14.0,0.0
2067-09-09,35.1,16.2,0.0
2067-09-10,36.0,17.9,0.0
2067-09-11,39.229248046875,18.9,0.0
2067-09-12,40.374267578125,19.5,0.0
2067-09-13,40.9580078125,19.6,0.0
2067-09-14,41.040771484375,20.160716700473294,0.0
2067-09-15,40.780517578125,23.646240234375,0.0
2067-09-16,39.590576171875,21.436988635095158,0.0
2067-09-17,37.327477614738,21.435115551293052,0.0
2067-09-18,33.7,20.910538512577332,0.0
2067-09-19,33.5,19.9,0.0
2067-09-20,35.1,20.0,0.0
2067-09-21,36.0,20.4,0.0
2067-09-22,35.53502221058984,21.14265353997302,0.0
2067-09-23,36.869511633108566,22.84502662438006,0.0
2067-09-24,39.5732421875,21.847196441734912,0.0
2067-09-25,37.222165517571675,24.37060546875,0.0
2067-09-26,39.01953125,24.023681640625,0.0
2067-09-27,38.49422479650324,24.819580078125,0.0
2067-09-28,29.7,19.6,0.0
2067-09-29,29.3,18.4,0.0
2067-09-30,32.8,18.2,0.0
2067-10-01,35.1,19.8,0.0
2067-10-02,35.5,22.0,0.0
2067-10-03,34.4,22.0,0.0
2067-10-04,32.0,20.3947480815306,0.0
2067-10-05,30.7,20.2,0.0
2067-10-06,31.1,19.067811142867747,2.884000000000001
2067-10-07,31.4,19.4,0.0
2067-10-08,33.9,18.6,0.0
2067-10-09,34.3,20.2,0.0
2067-10-10,34.0,20.7,0.0
2067-10-11,34.850398277717964,20.0,0.0
2067-10-12,35.8,20.3,0.0
2067-10-13,37.0,20.3,0.0
2067-10-14,39.0650390625,20.9,0.0
2067-10-15,39.77841796875,22.0,0.0
2067-10-16,39.436865234375,22.6,0.0
2067-10-17,39.546240234375,22.0,0.0
2067-10-18,38.76474609375,21.935705326085973,0.0
2067-10-19,37.0,22.140976378982515,0.0
2067-10-20,37.52190941458971,21.6132980044713,0.0
2067-10-21,39.7212890625,21.4,0.0
2067-10-22,40.143896484375,23.23592403654648,0.0
2067-10-23,38.170567520212416,22.6,0.0
2067-10-24,37.0,21.7,0.0
2067-10-25,38.053943884405925,21.71464062506394,0.0
2067-10-26,39.543310546875,21.938533391454413,0.0
2067-10-27,40.699560546875,23.045978123928997,0.0
2067-10-28,40.42734375,23.431443414484104,0.0
2067-10-29,39.040380859375,23.36141217381771,0.0
2067-10-30,37.5612132651105,22.15345984276127,0.0
2067-10-31,33.5,21.295259146848945,0.0
2067-11-01,34.2,20.7,0.0
2067-11-02,36.4,20.78489977708388,0.0
2067-11-03,34.9,21.7,0.0
2067-11-04,33.0,20.5,0.0
2067-11-05,33.7,20.5,0.0
2067-11-06,34.5,20.0,0.0
2067-11-07,36.0,19.5,0.0
2067-11-08,33.4,21.198029688159256,0.0
2067-11-09,34.2,21.0,0.0
2067-11-10,36.33250436993484,19.9,0.0
2067-11-11,36.8,21.309891804218257,0.0
2067-11-12,36.2,22.0,0.0
2067-11-13,36.4,22.1,0.0
2067-11-14,38.26587538978319,21.838223330058547,0.0
2067-11-15,39.50830078125,22.92574349350122,0.0
2067-11-16,38.70201637791295,23.3,0.0
2067-11-17,39.06506949295615,23.0,0.0
2067-11-18,39.781494140625,23.87887255636501,0.0
2067-11-19,39.726806640625,25.334814453125,0.0
2067-11-20,38.29675262788087,24.547705078125,0.0
2067-11-21,37.56150848056841,23.270899718720077,0.0
2067-11-22,35.4,20.9,0.8800000000000001
2067-11-23,35.2,21.3,4.0
2067-11-24,32.48148063065241,21.0,15.2
2067-11-25,31.6,20.89778881349402,19.65
2067-11-26,31.0,20.0,0.0
2067-11-27,30.347844543824202,19.6,0.0
2067-11-28,30.7,20.909304165121743,0.0
2067-11-29,32.46273637374861,19.9,0.0
2067-11-30,32.6,19.5,0.0
2067-12-01,32.42216157327441,18.4,0.0
2067-12-02,33.83873041592623,18.7,0.0
2067-12-03,34.81865234375,24.10977172851562,0.0
2067-12-04,32.90638166999845,21.001951856993326,0.0
2067-12-05,33.1,23.08535766601562,0.0
2067-12-06,33.7,20.533646752780772,0.0
2067-12-07,32.02104253819762,21.073439272396772,0.0
2067-12-08,34.39580078125,19.6,0.0
2067-12-09,33.7,22.562039480359175,0.0
2067-12-10,32.780724793684946,22.119164307417314,0.0
2067-12-11,34.44853515625,20.65015829798011,0.0
2067-12-12,34.36259765625,24.01065063476562,0.0
2067-12-13,34.3513671875,23.34732055664062,0.0
2067-12-14,32.4,21.0,0.0
2067-12-15,33.569482690371196,22.343940148960748,0.0
2067-12-16,33.6395613736588,21.74676340822673,2.9
2067-12-17,32.4,21.044585139897105,2.4
2067-12-18,31.6,21.0,3.6
2067-12-19,31.4,21.0,4.0
2067-12-20,31.7,20.783634744809373,40.40064102564105
2067-12-21,25.556156123946078,20.3,23.695833333333336
2067-12-22,26.3,19.9,7.5491025641025695
2067-12-23,27.9,19.9,27.95430402930403
2067-12-24,27.1,19.9,0.7
2067-12-25,28.0,19.789043340320653,0.4
2067-12-26,29.9,20.1,2.0
2067-12-27,29.5,19.5,5.0
2067-12-28,28.0,19.4,13.478632478632484
2067-12-29,31.6,18.6,0.0
2067-12-30,32.4,18.230962148565737,0.0
2067-12-31,32.64796584927082,20.811450484391788,0.0
2068-01-01,31.885901444566674,19.9,11.0431592039801
2068-01-02,31.1,19.899626044301076,9.54253731343284
2068-01-03,31.8,19.6,2.1
2068-01-04,30.0,19.7,10.0
2068-01-05,24.940374808096138,19.8,59.97261608623549
2068-01-06,24.8,19.8,47.531752527684155
2068-01-07,27.2,19.8,10.74894278606965
2068-01-08,29.438729817007527,19.8,17.320522388059697
2068-01-09,27.2,19.7,32.367537313432834
2068-01-10,29.8,19.1,32.812313432835815
2068-01-11,29.0,19.8,0.0
2068-01-12,30.5,19.88494269613118,3.2
2068-01-13,30.9,19.8,0.0
2068-01-14,30.7,19.3,0.5419154228855723
2068-01-15,30.7,19.5,0.9263059701492536
2068-01-16,30.245219752773725,19.496392277638236,4.0
2068-01-17,29.8,19.0,0.0
2068-01-18,29.8,19.7,2.376119402985075
2068-01-19,30.7,19.9,0.0
2068-01-20,31.547358757782106,19.2,0.0
2068-01-21,31.1,19.9,3.4
2068-01-22,30.9,19.9,0.0
2068-01-23,30.4,19.80579843593966,33.00870646766171
2068-01-24,24.9,19.7,27.0
2068-01-25,28.0,19.8,6.798320895522388
2068-01-26,28.2,19.6,10.715422885572139
2068-01-27,26.7,19.3,18.753358208955216
2068-01-28,26.2,19.0,0.5419154228855723
2068-01-29,29.0,19.532945202572606,0.0
2068-01-30,31.1,18.2,0.0
2068-01-31,31.796146195552417,17.7,0.0
2068-02-01,32.72808172995062,18.7,1.6
2068-02-02,29.4,19.160788205420523,1.0
2068-02-03,29.8,19.0,13.0
2068-02-04,29.733549640224247,18.8,5.6
2068-02-05,30.5,19.410246999106423,12.116129032258065
2068-02-06,29.5,19.1,6.0
2068-02-07,30.0,18.9,29.4
2068-02-08,28.1,19.2,5.4
2068-02-09,29.0,18.9,24.734285714285722
2068-02-10,27.6,19.2,32.68043569333899
2068-02-11,29.9,19.1,21.0
2068-02-12,31.9,18.0,20.064516129032267
2068-02-13,28.1,19.2,22.4
2068-02-14,28.9,18.6,0.6
2068-02-15,28.1,19.1,12.2
2068-02-16,30.288134303755733,18.7,2.924423963133641
2068-02-17,29.4,18.6,3.6
2068-02-18,26.7,19.26645531942918,4.8
2068-02-19,28.6,19.566176554054277,0.0
2068-02-20,28.2,19.44775503455117,4.317050691244243
2068-02-21,29.4,19.7,0.0
2068-02-22,28.576375816859155,18.6,0.0
2068-02-23,32.1,18.2,0.0
2068-02-24,30.98618091194751,19.70542197699835,24.63640552995392
2068-02-25,29.8,19.0,15.778801843317977
2068-02-26,28.4,19.7,29.114680710994083
2068-02-27,27.2,19.1,0.0
2068-02-28,27.6,19.1,0.0
2068-03-01,29.5,18.6,0.0
2068-03-02,30.3,18.8,9.950000000000001
2068-03-03,31.9,18.8,23.087878787878793
2068-03-04,31.3,18.2,10.94
2068-03-05,31.1,19.3,9.0
2068-03-06,31.345,18.6,0.0
2068-03-07,31.8,18.9,0.0
2068-03-08,32.0,18.4,0.0
2068-03-09,31.5,19.90523055152284,1.8
2068-03-10,31.7,18.9,3.133333333333333
2068-03-11,26.7,18.8,0.0
2068-03-12,23.0,19.2,38.382608695652166
2068-03-13,28.5,19.2,16.4
2068-03-14,29.9,19.3,23.629629629629633
2068-03-15,27.0,18.4,4.4
2068-03-16,29.5,18.5,0.0
2068-03-17,29.6,18.5,0.0
2068-03-18,27.2,18.3,0.0
2068-03-19,31.1,17.0,0.0
2068-03-20,31.3,17.1,0.0
2068-03-21,31.6,18.8,7.2
2068-03-22,30.7,18.5,8.4
2068-03-23,28.9,18.7,0.0
2068-03-24,29.9,19.0,0.0
2068-03-25,29.5,19.2,0.0
2068-03-26,31.143356643356643,19.3,6.75
2068-03-27,30.4,19.2,0.0
2068-03-28,30.0,18.9,0.0
2068-03-29,30.0,18.1,0.0
2068-03-30,30.3,19.0,0.0
2068-03-31,29.9,18.6,0.0
2068-04-01,28.6,17.5,1.36
2068-04-02,30.03461538461539,15.9,0.0
2068-04-03,31.1,17.0,0.0
2068-04-04,31.1,15.5,0.0
2068-04-05,27.9,17.9,0.0
2068-04-06,25.8,15.9,0.0
2068-04-07,23.4,18.5,3.4454545454545467
2068-04-08,26.634482758620692,18.0,0.0
2068-04-09,28.5,15.2,0.0
2068-04-10,28.0,18.900806451612905,0.0
2068-04-11,29.7,18.6,0.0
2068-04-12,29.6,19.759737569060782,0.0
2068-04-13,30.0,18.7,0.0
2068-04-14,30.4,16.6,0.0
2068-04-15,27.5,19.7,0.0
2068-04-16,28.6,18.84223642172524,0.0
2068-04-17,28.0,19.4,0.0
2068-04-18,29.4,18.4,0.0
2068-04-19,25.4,18.7,10.819354838709682
2068-04-20,28.329508196721317,19.4,5.366666666666666
2068-04-21,29.0,19.4,0.0
2068-04-22,29.9,17.6,0.0
2068-04-23,28.1,18.3,1.2
2068-04-24,27.5,19.0,0.0
2068-04-25,28.7,20.034254143646404,0.0
2068-04-26,28.3,17.3,0.0
2068-04-27,27.0,15.2,0.0
2068-04-28,26.3,15.4,0.0
2068-04-29,27.0,18.4,0.0
2068-04-30,27.3,19.37471698113207,0.0
2068-05-01,26.7,16.2,0.0
2068-05-02,28.0,14.7,0.0
2068-05-03,27.9,16.048313598851802,0.0
2068-05-04,27.5,15.661375692161464,0.0
2068-05-05,26.7,16.8,1.9117647058823526
2068-05-06,25.5,15.2,0.0
2068-05-07,25.5,12.3,0.0
2068-05-08,25.5,11.6,0.0
2068-05-09,22.5,14.6,0.0
2068-05-10,26.0,13.6,0.0
2068-05-11,26.7,17.0,0.0
2068-05-12,27.60838382285099,17.596327924623573,0.0
2068-05-13,27.0,17.56296376031574,0.0
2068-05-14,27.0,16.2,0.0
2068-05-15,26.9,17.59337160626718,0.0
2068-05-16,22.379450580237993,15.2,2.3428571428571425
2068-05-17,21.333823185285723,15.0,0.0
2068-05-18,24.6,14.4,0.0
2068-05-19,25.5,14.2,0.0
2068-05-20,23.9,16.408346681362353,0.0
2068-05-21,24.8,15.2,0.0
2068-05-22,25.4,15.8,0.0
2068-05-23,26.9,13.6,0.0
2068-05-24,28.1,13.5,0.0
2068-05-25,29.4,14.0,0.0
2068-05-26,30.5,14.5,0.0
2068-05-27,31.0,14.9,0.0
2068-05-28,30.7,14.1,0.0
2068-05-29,31.0,15.2,0.0
2068-05-30,31.6,15.1,0.0
2068-05-31,32.0,16.2,0.0
2068-06-01,27.1,15.744364431249625,0.0
2068-06-02,22.0,13.3,0.0
2068-06-03,19.6,12.3,0.0
2068-06-04,22.7,10.9,0.0
2068-06-05,23.4,11.0,0.0
2068-06-06,24.6,10.6,0.0
2068-06-07,25.5,10.5,0.0
2068-06-08,26.0,10.5,0.0
2068-06-09,26.1,10.613955188304468,0.0
2068-06-10,27.6,9.5,0.0
2068-06-11,25.7,11.7,0.0
2068-06-12,27.0,13.0,0.0
2068-06-13,28.490490174267705,13.107346481845926,0.0
2068-06-14,27.7,14.0,0.0
2068-06-15,26.7,12.9,0.0
2068-06-16,27.391546780373258,11.9,0.0
2068-06-17,27.8,11.1,0.0
2068-06-18,28.354925986138454,10.6,0.0
2068-06-19,28.2,10.5,0.0
2068-06-20,27.7,11.5,0.0
2068-06-21,27.790096933100273,12.3,0.0
2068-06-22,27.7,12.5,0.0
2068-06-23,27.6,12.3,0.0
2068-06-24,27.4,12.3,0.0
2068-06-25,27.0,11.1,0.0
2068-06-26,24.6,12.3,0.0
2068-06-27,23.7,11.1,0.0
2068-06-28,21.7,13.431541652887597,0.0
2068-06-29,22.1,12.5,0.0
2068-06-30,24.7,11.5,0.0
2068-07-01,24.4,14.2,0.0
2068-07-02,25.0,14.313549126225691,0.0
2068-07-03,25.6,13.981885283715204,0.0
2068-07-04,26.5,15.1,0.0
2068-07-05,23.9,12.0,0.0
2068-07-06,22.9,9.8,0.0
2068-07-07,23.7,9.5,0.0
2068-07-08,24.0,10.4,0.0
2068-07-09,24.0,10.5,0.0
2068-07-10,25.2,10.4,0.0
2068-07-11,26.0,12.2,0.0
2068-07-12,22.6,13.8,0.0
2068-07-13,24.2,12.6,0.0
2068-07-14,24.0,11.1,0.0
2068-07-15,25.2,11.2,0.0
2068-07-16,25.2,12.7,0.0
2068-07-17,25.2,13.0,0.0
2068-07-18,25.4,11.7,0.0
2068-07-19,26.0,9.598170075349831,0.0
2068-07-20,26.9,10.0,0.0
2068-07-21,27.6,11.9,0.0
2068-07-22,27.6,12.2,0.0
2068-07-23,29.5,12.078592484715443,0.0
2068-07-24,30.2,12.7,0.0
2068-07-25,30.7,13.972243579886197,0.0
2068-07-26,30.2,14.788556215586452,0.0
2068-07-27,30.7,14.3,0.0
2068-07-28,30.701967478263697,13.802670747575876,0.0
2068-07-29,31.229490715823452,13.391331643459838,0.0
2068-07-30,29.462905501104743,14.2,0.0
2068-07-31,28.2,14.0,0.0
2068-08-01,30.0,13.5,0.0
2068-08-02,26.7,15.2,0.0
2068-08-03,27.0,13.9,0.0
2068-08-04,27.8,13.5,0.0
2068-08-05,27.1,14.7,0.0
2068-08-06,26.3,13.3,0.0
2068-08-07,26.9,13.0,0.0
2068-08-08,26.9,13.5,0.0
2068-08-09,27.0,13.2,0.0
2068-08-10,28.1,13.0,0.0
2068-08-11,28.1,14.4,0.0
2068-08-12,30.243702045209893,14.0,0.0
2068-08-13,31.5,14.6,0.0
2068-08-14,32.5,15.0,0.0
2068-08-15,33.22262452294744,15.587321461169969,0.0
2068-08-16,35.245194084671084,17.196583932647954,0.0
2068-08-17,37.57421875,18.449346209494983,0.0
2068-08-18,34.1047214283062,18.473877652264523,0.0
2068-08-19,33.22465016146393,17.5,0.0
2068-08-20,33.94797891689234,16.7,0.0
2068-08-21,35.87413104621679,17.10141516252997,0.0
2068-08-22,30.3,18.3,0.0
2068-08-23,29.0,16.0,0.0
2068-08-24,29.5,15.802318456570335,0.0
2068-08-25,30.7,16.4,0.0
2068-08-26,31.0,16.7,0.0
2068-08-27,31.473426204695834,16.770797613792706,0.0
2068-08-28,33.43607329338237,16.9,0.0
2068-08-29,33.48766560095108,18.45716116656126,0.0
2068-08-30,30.9,18.436516306717724,0.0
2068-08-31,30.89447310790245,16.7,0.0
2068-09-01,32.5,17.0,0.0
2068-09-02,33.0,17.4,0.0
2068-09-03,33.56279243604005,17.7,0.0
2068-09-04,34.9,18.4,0.0
2068-09-05,33.3,20.0,0.0
2068-09-06,31.1,18.7,0.0
2068-09-07,31.2,17.492489739557364,0.0
2068-09-08,29.5,18.1,0.0
2068-09-09,29.6,15.378237141953104,0.0
2068-09-10,31.1,15.5,0.0
2068-09-11,32.1,17.6,0.0
2068-09-12,33.4,19.26247230816687,0.0
2068-09-13,34.3,19.6,0.0
2068-09-14,33.7,19.6,0.0
2068-09-15,33.2,19.3,0.0
2068-09-16,32.7,18.9,0.0
2068-09-17,33.1,18.316841667787166,0.0
2068-09-18,33.64982508745628,19.3,0.0
2068-09-19,33.5,19.6,0.0
2068-09-20,34.0,19.2,0.0
2068-09-21,34.6,19.0,0.0
2068-09-22,35.1,19.6,0.0
2068-09-23,36.09541541333886,20.348647848258537,0.0
2068-09-24,38.861431451096685,21.495614227086815,0.0
2068-09-25,39.068359375,23.197998046875,0.0
2068-09-26,37.27066450968778,22.97564017260163,0.0
2068-09-27,36.0,23.36376953125,0.0
2068-09-28,36.08191166319133,21.340444961922618,0.0
2068-09-29,39.15673828125,20.6,0.0
2068-09-30,39.898681640625,20.779148875094194,0.0
2068-10-01,39.820654296875,23.0,0.0
2068-10-02,36.0,21.0,0.0
2068-10-03,25.7,18.9,0.0
2068-10-04,30.1,17.2,0.0
2068-10-05,32.3,17.6,0.0
2068-10-06,35.5,19.0,0.0
2068-10-07,37.25018900042553,20.9,0.0
2068-10-08,38.655126953125,22.15580389927868,0.0
2068-10-09,38.780126953125,24.907421875,0.0
2068-10-10,38.829931640625,24.6271484375,0.0
2068-10-11,40.238134765625,25.346630859375,0.0
2068-10-12,37.2,23.54990602185199,0.0
2068-10-13,35.19090348988725,21.916680159061986,0.0
2068-10-14,35.3,21.3,0.0
2068-10-15,35.5,21.2,0.0
2068-10-16,38.0,22.0,0.0
2068-10-17,39.171728515625,22.029255081607158,0.0
2068-10-18,39.005712890625,22.0,0.0
2068-10-19,38.32206925270872,21.7,0.0
2068-10-20,38.3057201448854,21.6,0.0
2068-10-21,37.66985859002898,21.8720430807083,0.0
2068-10-22,35.5,22.0,0.0
2068-10-23,31.2,20.5,1.0
2068-10-24,32.7,19.0,0.0
2068-10-25,33.7,19.8,0.0
2068-10-26,34.0,21.6,0.0
2068-10-27,35.61973524494422,21.282150189206877,0.8176000000000001
2068-10-28,35.9,21.23693029862505,0.0
2068-10-29,38.45615234375,21.7,0.0
2068-10-30,40.027197265625,23.782979155263256,0.0
2068-10-31,40.417822265625,23.8421142578125,0.0
2068-11-01,41.4599609375,24.047216796875,0.0
2068-11-02,41.47705078125,23.67464060122699,0.0
2068-11-03,41.287353515625,23.590913324599516,0.0
2068-11-04,41.552978515625,23.3637967606098,0.0
2068-11-05,41.824951171875,23.346223434521132,0.0
2068-11-06,41.10400390625,24.05087890625,0.0
2068-11-07,41.1357421875,23.23650448080682,0.0
2068-11-08,41.142333984375,23.2595379284184,0.0
2068-11-09,41.732421875,23.3,0.0
2068-11-10,40.5390625,23.68820389837535,0.0
2068-11-11,37.64157194471031,23.080855570278068,0.0
2068-11-12,37.85650280002537,21.9,0.0
2068-11-13,39.618408203125,23.0,0.0
2068-11-14,39.548828125,23.24311497698234,0.0
2068-11-15,35.7,21.4,3.8
2068-11-16,32.9,20.5,8.139999999999999
2068-11-17,28.7,20.5,40.18000000000001
2068-11-18,31.215031716922702,20.4,0.0
2068-11-19,32.6,20.5,0.0
2068-11-20,32.2,20.0,0.0
2068-11-21,32.2,21.0,0.0
2068-11-22,32.7,20.5,0.0
2068-11-23,32.9,20.7,0.0
2068-11-24,33.4,20.6,0.0
2068-11-25,34.34064750307358,20.015508782466362,0.0
2068-11-26,34.7,19.9,0.0
2068-11-27,34.0,20.0,0.0
2068-11-28,32.6,20.5,0.0
2068-11-29,31.6,20.5,0.0
2068-11-30,33.7,19.8,0.0
2068-12-01,32.45141204478035,20.659076245244165,0.0
2068-12-02,33.7,18.5,0.0
2068-12-03,34.68583984375,19.9,0.0
2068-12-04,34.09520096816512,20.080170296155227,0.0
2068-12-05,34.292529296875,20.472530941596858,0.0
2068-12-06,35.9449951171875,21.0,0.0
2068-12-07,36.67021484375,21.0,0.0
2068-12-08,36.4529296875,23.69400024414062,0.0
2068-12-09,33.13733916524951,22.634739257492075,1.3
2068-12-10,33.7,22.202249766997692,0.0
2068-12-11,34.66435546875,22.86841711256186,0.0
2068-12-12,35.647021484375,23.014587402343746,0.0
2068-12-13,35.587939453125,21.037142101313005,0.0
2068-12-14,36.3868896484375,21.022562940721617,0.0
2068-12-15,38.55498046875,27.140350341796875,0.0
2068-12-16,38.307177734375,29.44662475585937,0.0
2068-12-17,31.2,24.50869750976562,13.478632478632484
2068-12-18,31.8,22.802579304189052,3.9
2068-12-19,33.147554290175734,21.0,0.0
2068-12-20,33.1,20.665186893702092,0.0
2068-12-21,28.7,21.0,23.695833333333336
2068-12-22,29.3,21.0,11.71089743589745
2068-12-23,27.0,21.0,0.4
2068-12-24,29.5,20.570209211961444,27.061363636363634
2068-12-25,24.6,19.9,28.3
2068-12-26,25.647167126877896,19.8,26.0
2068-12-27,28.0,20.667907445928165,7.742307692307701
2068-12-28,29.5,20.66709382283251,2.492948717948719
2068-12-29,26.9,19.9,2.0
2068-12-30,27.9,18.4,0.0
2068-12-31,30.3,18.4,0.0
2069-01-01,32.03576912255674,21.2642333984375,0.0
2069-01-02,32.087826861753925,20.610520341840886,0.0
2069-01-03,32.08315911474769,21.545849609375,0.0
2069-01-04,31.7,19.935421422865836,0.0
2069-01-05,32.2,19.8,0.0
2069-01-06,31.9,19.9,0.8
2069-01-07,27.2,19.84726628699981,0.0
2069-01-08,29.5,19.9,0.0
2069-01-09,29.569536756343496,19.868922940543268,0.0
2069-01-10,30.2,18.9,0.0
2069-01-11,30.4,18.1,0.0
2069-01-12,29.8,18.1,0.0
2069-01-13,31.1,16.7,0.0
2069-01-14,29.9,19.612504818403917,11.110199004975117
2069-01-15,28.0,19.9,0.0
2069-01-16,28.5,19.7,2.1
2069-01-17,29.2,19.7,5.5
2069-01-18,30.7,19.8,10.560447761194027
2069-01-19,31.8,19.860116358327023,0.0
2069-01-20,31.9,19.5,11.0
2069-01-21,29.0,19.8,21.890049751243765
2069-01-22,31.679044839115914,19.865770389710992,40.553535447761185
2069-01-23,30.8,19.8,14.0
2069-01-24,27.4,18.4,3.9
2069-01-25,31.57410490208719,17.5,0.0
2069-01-26,31.9,18.3,0.0
2069-01-27,26.3,18.8,62.358849538435045
2069-01-28,30.6,18.7,0.0
2069-01-29,29.8,19.693195210457972,8.261194029850744
2069-01-30,30.6,19.9,7.658395522388057
2069-01-31,30.0,19.831143730841276,3.4
2069-02-01,32.7,19.2,0.0
2069-02-02,32.63388347277456,19.358305517092926,4.637327188940096
2069-02-03,30.5,19.352611621030896,17.704147465437792
2069-02-04,30.5,19.945481167226266,0.0
2069-02-05,29.8,19.7,27.308821593153397
2069-02-06,25.0,19.2,29.513824884792623
2069-02-07,27.3,19.1,0.0
2069-02-08,25.1,19.1,0.0
2069-02-09,24.0,18.6,0.0
2069-02-10,26.5,16.8,0.0
2069-02-11,31.2,16.5,0.0
2069-02-12,32.747701570224486,18.9,0.0
2069-02-13,33.43066939470415,19.35383799864425,0.0
2069-02-14,30.6,19.022160154324084,0.0
2069-02-15,30.0,19.7,1.0
2069-02-16,33.399706898676484,19.1,0.49043778801843324
2069-02-17,28.75283047413807,19.7,33.506158357771355
2069-02-18,31.2,19.789285403532432,1.8
2069-02-19,30.0,19.912750627168766,1.1
2069-02-20,30.8,19.97253583373127,12.2
2069-02-21,28.4,19.92238572020979,5.482488479262675
2069-02-22,28.0,19.959750233954377,3.8
2069-02-23,32.0,19.917712055099265,0.0
2069-02-24,32.692156429065854,19.706687855913113,1.8
2069-02-25,32.0,19.951608530720424,2.823502304147465
2069-02-26,28.5,19.92096675182167,0.0
2069-02-27,29.9,19.9,44.4927685218008
2069-02-28,29.7,19.0,21.17772657450077
2069-03-01,28.9,19.0,0.0
2069-03-02,29.603260869565215,17.0,0.0
2069-03-03,31.2,15.7,0.0
2069-03-04,31.453475935828877,15.9,0.0
2069-03-05,31.2,17.2,0.0
2069-03-06,31.002439024390245,19.9,10.1
2069-03-07,30.8,19.4,1.0
2069-03-08,32.0,17.4,0.0
2069-03-09,33.30393700787401,17.0,0.0
2069-03-10,33.23376623376623,19.9,1.4
2069-03-11,31.44919786096257,19.2,0.0
2069-03-12,33.30498687664041,18.4,0.0
2069-03-13,33.834147831398894,17.3,0.0
2069-03-14,33.75033598045204,17.8,0.0
2069-03-15,36.542822265625,17.0,0.0
2069-03-16,30.8,19.82068339723687,0.0
2069-03-17,30.8,19.947389530406333,0.0
2069-03-18,32.9,17.9,0.0
2069-03-19,33.7,17.103044748577577,0.0
2069-03-20,34.05284056200365,19.4,0.0
2069-03-21,33.65230769230769,21.563477629529967,0.0
2069-03-22,32.5,20.3,0.0
2069-03-23,33.7,19.4,1.6
2069-03-24,30.7,19.98958053890341,0.0
2069-03-25,30.2,20.05393019905095,0.0
2069-03-26,29.9,19.2,0.0
2069-03-27,29.7,19.905919188214952,0.0
2069-03-28,30.4,18.5,0.0
2069-03-29,30.9,17.6,0.0
2069-03-30,31.8,19.3,0.0
2069-03-31,31.222105263157896,19.199439316736814,0.0
2069-04-01,31.6,19.25561797752809,17.582352941176474
2069-04-02,30.0,19.0,12.4
2069-04-03,31.1,18.743259557344064,8.100000000000003
2069-04-04,26.2,17.2,0.0
2069-04-05,23.3,16.7,0.0
2069-04-06,25.4,16.864835164835164,0.0
2069-04-07,26.3,16.5,0.0
2069-04-08,25.5,19.0,0.0
2069-04-09,24.9,18.5,0.0
2069-04-10,26.8,15.5,0.0
2069-04-11,27.9,14.1,0.0
2069-04-12,28.6,14.5,0.0
2069-04-13,28.6,14.9,0.0
2069-04-14,28.3,14.7,0.0
2069-04-15,27.8,15.7,0.0
2069-04-16,29.5,16.0,0.0
2069-04-17,29.5,16.4,0.0
2069-04-18,28.0,15.7,0.0
2069-04-19,27.5,15.9,8.866666666666665
2069-04-20,27.0,18.755331991951707,1.36
2069-04-21,29.3,17.175757575757576,0.0
2069-04-22,31.1,14.9,0.0
2069-04-23,28.7,18.2,17.529411764705884
2069-04-24,28.9,19.4,11.367741935483876
2069-04-25,26.8,19.0,0.0
2069-04-26,26.5,18.4,0.0
2069-04-27,27.6,18.2,0.0
2069-04-28,29.0,19.260112359550565,0.0
2069-04-29,30.0,17.8,0.0
2069-04-30,30.7,17.2,0.0
2069-05-01,30.1,15.9,0.0
2069-05-02,29.2,16.9,0.0
2069-05-03,27.7,14.5,0.0
2069-05-04,27.5,14.0,0.0
2069-05-05,27.6,14.8,0.0
2069-05-06,26.7,14.0,0.0
2069-05-07,26.7,17.9,0.0
2069-05-08,26.8,15.8,0.0
2069-05-09,27.0,13.9,0.0
2069-05-10,25.9,15.7,0.0
2069-05-11,24.7,16.9,0.0
2069-05-12,27.6,14.4,0.0
2069-05-13,26.1,12.6,0.0
2069-05-14,26.2,11.2,0.0
2069-05-15,26.0,15.6,0.0
2069-05-16,22.8,15.9,0.0
2069-05-17,23.7,15.890279061670139,0.0
2069-05-18,22.1,14.0,29.4
2069-05-19,24.4,11.2,0.0
2069-05-20,24.6,9.5,0.0
2069-05-21,25.5,13.1,0.0
2069-05-22,26.2,13.2,0.0
2069-05-23,28.06406952447286,15.2,0.0
2069-05-24,29.5,16.0,0.0
2069-05-25,29.6,15.2,0.0
2069-05-26,29.2,14.2,0.0
2069-05-27,29.0,14.0,0.0
2069-05-28,27.6,15.0,0.0
2069-05-29,26.8,14.6,0.0
2069-05-30,27.0,13.0,0.0
2069-05-31,27.655752729509455,13.5,0.0
2069-06-01,26.9,13.100053861015164,0.0
2069-06-02,28.475558027437895,13.169069621516787,0.0
2069-06-03,29.6,14.1,0.0
2069-06-04,27.7,15.294896180941796,0.0
2069-06-05,22.6,14.5,1.9
2069-06-06,21.7,14.1,0.0
2069-06-07,23.5,12.9,0.0
2069-06-08,25.0,11.3,0.0
2069-06-09,25.7,11.2,0.0
2069-06-10,27.0,11.519311045518645,0.0
2069-06-11,28.570883748382567,12.2,0.0
2069-06-12,28.6,13.0,0.0
2069-06-13,25.7,12.7,0.0
2069-06-14,24.6,12.0,0.0
2069-06-15,23.4,11.5,0.0
2069-06-16,23.814182120996616,10.2,0.0
2069-06-17,25.6,10.2,0.0
2069-06-18,27.7,11.6,0.0
2069-06-19,29.490738379389732,12.9,0.0
2069-06-20,30.026340520806603,14.3,0.0
2069-06-21,30.19005358721353,15.014146152730094,0.0
2069-06-22,30.77299106146792,14.5,0.0
2069-06-23,30.0,15.050826401315483,0.0
2069-06-24,27.7,14.2,0.0
2069-06-25,25.8,12.9,0.0
2069-06-26,25.4,12.0,0.0
2069-06-27,25.2,11.5,0.0
2069-06-28,24.6,11.7,0.0
2069-06-29,21.1,14.0,0.0
2069-06-30,24.0,14.1,0.0
2069-07-01,24.6,13.6,0.0
2069-07-02,26.7,12.2,0.0
2069-07-03,28.334301611607202,13.3,0.0
2069-07-04,29.1,14.2,0.0
2069-07-05,26.7,14.2,0.0
2069-07-06,24.3,12.2,0.0
2069-07-07,23.1,12.6,0.0
2069-07-08,21.1,10.5,0.0
2069-07-09,20.06887436567738,9.1,0.0
2069-07-10,21.6,8.9,0.0
2069-07-11,24.085683530678143,9.2,0.0
2069-07-12,26.7,11.3,0.0
2069-07-13,27.4,12.9,0.0
2069-07-14,26.5,13.4,0.0
2069-07-15,25.4,12.2,0.0
2069-07-16,24.8,11.7,0.0
2069-07-17,26.5,11.4,0.0
2069-07-18,28.84044060084156,12.0,0.0
2069-07-19,29.2,13.6,0.0
2069-07-20,22.3,13.6,0.0
2069-07-21,21.6,12.0,0.0
2069-07-22,22.1,9.5,0.0
2069-07-23,22.7,9.2,0.0
2069-07-24,23.8,9.3,0.0
2069-07-25,24.6,9.9,0.0
2069-07-26,23.5,10.4,0.0
2069-07-27,25.7,10.4,0.0
2069-07-28,29.159604657990005,12.0,0.0
2069-07-29,30.27091542406288,14.2,0.0
2069-07-30,29.12746755153056,14.791703987206912,0.0
2069-07-31,27.1,14.2,0.0
2069-08-01,27.737459634015053,13.5,0.0
2069-08-02,29.8,13.7,0.0
2069-08-03,32.48340663962531,14.8,0.0
2069-08-04,32.5,16.895130430799522,0.0
2069-08-05,29.6,17.121588326755173,0.0
2069-08-06,27.9,14.6,0.0
2069-08-07,28.2,13.5,0.0
2069-08-08,28.5,12.9,0.0
2069-08-09,30.2,13.9,0.0
2069-08-10,32.9,15.4,0.0
2069-08-11,38.027587890625,17.5,0.0
2069-08-12,38.082275390625,18.78264453484111,0.0
2069-08-13,31.5,18.91515979481596,0.0
2069-08-14,30.0,18.2,0.0
2069-08-15,29.8,16.4,0.0
2069-08-16,30.5,15.7,0.0
2069-08-17,31.587950783667274,15.5,0.0
2069-08-18,33.16060092122061,16.7,0.0
2069-08-19,31.5,17.833658926649207,0.0
2069-08-20,30.853409301807645,16.7,0.0
2069-08-21,31.5,15.370390690572497,0.0
2069-08-22,38.2060546875,16.7,0.0
2069-08-23,41.255859375,18.442743197642198,0.0
2069-08-24,41.600830078125,26.30419921875,0.0
2069-08-25,40.345703125,29.105224609375,0.0
2069-08-26,37.68603515625,26.25927734375,0.0
2069-08-27,31.4,18.3,0.0
2069-08-28,31.4,17.4,0.0
2069-08-29,32.73896033254699,17.136904988481717,0.0
2069-08-30,32.54151776103336,18.3,0.0
2069-08-31,32.52567276641549,18.413728373021083,0.0
2069-09-01,33.2,18.9,0.0
2069-09-02,34.1,18.5,0.0
2069-09-03,36.0,19.551093395954354,0.0
2069-09-04,36.73046735088768,20.1,0.0
2069-09-05,35.6,20.5,0.0
2069-09-06,35.16322534297368,20.4,0.0
2069-09-07,33.7,20.5,0.0
2069-09-08,33.217796007910025,19.9,0.0
2069-09-09,33.5,19.5,0.0
2069-09-10,34.5,20.0,0.0
2069-09-11,34.6,20.230465277551538,0.0
2069-09-12,33.5,20.281501668520587,0.0
2069-09-13,33.7,19.6,0.0
2069-09-14,34.7,18.9,0.0
2069-09-15,35.487444291769364,19.0,0.0
2069-09-16,36.0,20.0,0.0
2069-09-17,36.0,20.5,0.0
2069-09-18,36.057804968483495,20.5,0.0
2069-09-19,36.0,20.16254662042793,0.0
2069-09-20,34.801253669833514,20.4,0.0
2069-09-21,33.5,20.4,0.0
2069-09-22,33.3,19.6,0.0
2069-09-23,34.4,19.654220573194678,0.0
2069-09-24,34.8,20.5,0.0
2069-09-25,34.3,20.191237628183792,0.0
2069-09-26,33.4,20.0,0.0
2069-09-27,33.1,19.2,0.0
2069-09-28,34.0,18.3,0.0
2069-09-29,36.01810663036321,19.2,0.0
2069-09-30,37.199994549747146,20.4,0.0
2069-10-01,37.2,21.0,0.0
2069-10-02,37.503791149646894,21.7,0.0
2069-10-03,37.40163829711727,21.7,0.0
2069-10-04,36.0,21.630647097789183,0.0
2069-10-05,34.746136679881324,20.9,0.0
2069-10-06,34.6,20.4,0.0
2069-10-07,34.6,20.1,0.0
2069-10-08,35.7,20.6,0.0
2069-10-09,35.8,20.7,0.0
2069-10-10,34.5,21.0,0.0
2069-10-11,35.0,21.0,0.0
2069-10-12,35.989994486597176,21.0,0.0
2069-10-13,36.25495849123375,22.102547453345974,0.0
2069-10-14,37.392408237618106,22.6,0.0
2069-10-15,39.6822265625,23.165701563118112,0.0
2069-10-16,39.978857421875,23.0,0.0
2069-10-17,40.158056640625,23.424574023996414,0.0
2069-10-18,40.503759765625,23.73934521006948,0.0
2069-10-19,40.960546875,23.41025330274068,0.0
2069-10-20,41.81650390625,23.444301504371328,0.0
2069-10-21,41.941748046875,25.523876953125,0.0
2069-10-22,36.0,22.1,0.0
2069-10-23,35.933847042453195,21.0,0.0
2069-10-24,37.2,21.8,0.0
2069-10-25,38.540625,21.967842432545424,0.0
2069-10-26,38.993017578125,21.7,0.0
2069-10-27,39.1265625,21.904082413329878,0.0
2069-10-28,40.00791015625,22.447993043261636,0.0
2069-10-29,40.69052734375,22.6,0.0
2069-10-30,40.868505859375,23.108801854765247,0.0
2069-10-31,41.16611328125,23.313770976011806,0.0
2069-11-01,42.337890625,23.556744249091093,0.0
2069-11-02,43.586181640625,25.499853515625,0.0
2069-11-03,39.143836435176695,23.83087935107077,0.0
2069-11-04,36.4,22.1,0.0
2069-11-05,38.193185225094894,22.90049420811497,0.0
2069-11-06,40.294189453125,23.275065708497365,0.0
2069-11-07,41.02783203125,22.42748323750408,0.0
2069-11-08,37.136381139619886,22.6,0.0
2069-11-09,36.2,22.9,0.0
2069-11-10,37.3130726647179,21.7,0.0
2069-11-11,40.330322265625,21.9,0.0
2069-11-12,41.798828125,23.103921841976693,0.0
2069-11-13,41.744384765625,23.47823362521301,0.0
2069-11-14,41.712890625,23.33263498963171,0.0
2069-11-15,41.748779296875,23.351124838396206,0.0
2069-11-16,42.170654296875,23.2626021688331,0.0
2069-11-17,42.5009765625,23.397508855555408,0.0
2069-11-18,33.0,21.9543660308436,1.1
2069-11-19,29.0,21.34574446046115,0.0
2069-11-20,34.4,21.2,0.0
2069-11-21,36.2,19.5,0.0
2069-11-22,37.062021747519914,22.9,0.0
2069-11-23,37.393042952208106,21.7,0.0
2069-11-24,35.7,21.637890585499044,2.7
2069-11-25,32.2,20.7,14.907142857142858
2069-11-26,31.7,20.9,39.628846153846155
2069-11-27,31.8,21.2,1.3
2069-11-28,31.5,21.2,25.34666666666666
2069-11-29,28.7,21.14808423152161,60.576712328767144
2069-11-30,26.7,20.5,63.69252336448597
2069-12-01,26.9,20.69173982243815,0.0
2069-12-02,27.7,19.7,0.0
2069-12-03,32.0,18.2,0.0
2069-12-04,30.3,19.7,1.0
2069-12-05,32.4,21.0,52.4
2069-12-06,26.8,21.0,0.0
2069-12-07,28.5,20.78831307760933,0.0
2069-12-08,30.5,20.5,0.0
2069-12-09,31.4,20.2,0.0
2069-12-10,29.9,21.070671083473652,11.2
2069-12-11,32.0,21.040559967228283,4.0
2069-12-12,31.0,21.0,18.12435897435899
2069-12-13,29.4,21.014719440492627,24.69786324786324
2069-12-14,27.5,21.0,2.3
2069-12-15,24.3,19.2,0.0
2069-12-16,22.6,17.7,0.0
2069-12-17,25.5,17.5,0.0
2069-12-18,29.0,17.0,0.0
2069-12-19,30.0,16.5,0.0
2069-12-20,30.7,17.6,0.0
2069-12-21,31.9,19.0,0.0
2069-12-22,32.9,18.6,0.0
2069-12-23,31.4,20.552311266594906,2.4
2069-12-24,31.8,21.0,28.82500000000001
2069-12-25,31.6,21.027759502908065,32.85299145299148
2069-12-26,30.5,21.0,0.0
2069-12-27,31.2,20.569648034474184,13.272115384615393
2069-12-28,31.4,23.03665161132812,1.9
2069-12-29,30.5,21.051343192956864,5.644230769230772
2069-12-30,31.7,21.0,6.5
2069-12-31,30.0,21.036224079476256,13.89572649572652
2070-01-01,31.512355414564034,20.78250047462868,14.0
2070-01-02,32.07881127563598,20.4063789191814,7.051119402985072
2070-01-03,31.9,19.9,11.0
2070-01-04,32.17804097923649,19.9,0.0
2070-01-05,32.09403598316096,20.718887335103172,0.0
2070-01-06,32.677349408417705,19.84937369869748,0.0
2070-01-07,32.6,18.9,0.0
2070-01-08,32.12505750221619,20.10928425572946,0.0
2070-01-09,32.14904638752407,22.435925292968754,0.0
2070-01-10,31.2,19.9,0.0
2070-01-11,31.9,19.9,12.119916044776119
2070-01-12,28.9,20.583798093638713,7.608115671641794
2070-01-13,29.1,19.9,0.0
2070-01-14,31.2,20.679395162981386,0.0
2070-01-15,31.9,21.92774658203125,0.0
2070-01-16,32.07427440004113,21.1800048828125,0.0
2070-01-17,32.15732505580849,21.896771240234376,0.0
2070-01-18,32.02081562206176,21.473492431640626,36.31893656716418
2070-01-19,27.6,18.923602614928452,47.57067886374578
2070-01-20,24.6,18.5,0.0
2070-01-21,27.8,18.7,0.0
2070-01-22,30.0,19.8,0.9263059701492536
2070-01-23,30.9,21.7803466796875,0.0
2070-01-24,31.8,19.8,0.0
2070-01-25,32.156477936263116,18.2,0.0
2070-01-26,32.101611983753614,19.2,0.0
2070-01-27,31.7,18.6,0.0
2070-01-28,26.3,18.4,0.0
2070-01-29,24.0,18.4,0.0
2070-01-30,26.6,19.476226129250886,0.0
2070-01-31,31.9,17.9,5.7343283582089555
2070-02-01,32.7,19.96721718298977,4.8
2070-02-02,30.7,19.92875619367255,48.23679546260191
2070-02-03,29.1,20.01545314086434,10.144239631336404
2070-02-04,30.0,20.005092723811195,44.84427507975895
2070-02-05,31.2,19.985296626368513,21.12165898617512
2070-02-06,30.4,19.773070996275003,0.0
2070-02-07,30.5,19.0,0.0
2070-02-08,30.9,18.5,0.0
2070-02-09,32.0,19.97175192811825,0.0
2070-02-10,32.64754303401008,18.4,0.0
2070-02-11,28.75766004789719,20.342787229859596,0.0
2070-02-12,30.9,20.4485235648842,0.0
2070-02-13,32.80005769183137,20.060373990199977,0.0
2070-02-14,33.50773662934228,20.17618935095435,0.0
2070-02-15,32.7,20.88526611328125,3.0
2070-02-16,32.7,20.402769072267503,0.0
2070-02-17,32.269612794711456,19.964399091925248,0.0
2070-02-18,32.66422456433528,19.45773016321383,0.0
2070-02-19,32.9,19.7,0.0
2070-02-20,32.6699379003029,20.21526699544641,0.0
2070-02-21,32.70384675634258,20.131409791687737,0.0
2070-02-22,31.0,19.7,7.914746543778801
2070-02-23,30.52724672228844,19.90252191348828,1.4755760368663593
2070-02-24,32.0,19.96900329704475,38.059907834101395
2070-02-25,29.36010275755928,19.752687170008517,17.674596774193564
2070-02-26,24.7,19.918376886441955,23.29539170506912
2070-02-27,24.2,19.4,8.974423963133642
2070-02-28,27.6999407769372,19.47903298035784,0.0
2070-03-01,28.9,19.8,0.0
2070-03-02,30.849595687331522,19.9,0.0
2070-03-03,31.7,18.0,0.0
2070-03-04,30.41379310344827,17.6,0.0
2070-03-05,28.3,19.128541560111874,0.0
2070-03-06,30.3,18.6,0.0
2070-03-07,30.3,17.5,0.0
2070-03-08,30.5,17.6,0.0
2070-03-09,30.7,18.2,0.0
2070-03-10,31.5,17.3,0.0
2070-03-11,32.0,17.580442162788767,0.0
2070-03-12,33.205519480519484,17.8,0.0
2070-03-13,33.3,19.0,0.0
2070-03-14,35.10703125,18.1,0.0
2070-03-15,35.08359375,18.0,0.0
2070-03-16,35.202734375,19.2,0.0
2070-03-17,31.6,19.917385789878992,1.0
2070-03-18,28.7,18.9,0.0
2070-03-19,28.6,18.7,0.0
2070-03-20,30.1,19.737132312559044,0.0
2070-03-21,29.2,19.966262980212296,0.0
2070-03-22,31.2,18.9,0.0
2070-03-23,31.8,20.3,0.0
2070-03-24,31.8,20.3,0.0
2070-03-25,30.7,22.97025146484375,0.0
2070-03-26,29.6,21.394130888261117,0.0
2070-03-27,30.0,19.982662142368685,0.0
2070-03-28,30.331782945736435,19.4,0.0
2070-03-29,31.44705882352941,20.08584665117644,0.0
2070-03-30,32.5,19.3,0.0
2070-03-31,33.3,18.5,0.0
2070-04-01,32.7,18.4,0.0
2070-04-02,32.3,19.7,0.0
2070-04-03,33.1964253798034,19.28595505617978,0.0
2070-04-04,33.540338983050844,18.39166666666667,0.0
2070-04-05,36.628173828125,18.4,0.0
2070-04-06,37.163818359375,19.4,0.0
2070-04-07,37.381591796875,19.82776243093925,0.0
2070-04-08,37.044677734375,20.2908203125,0.0
2070-04-09,33.422800718132855,20.510546875,0.0
2070-04-10,35.565673828125,18.7,0.0
2070-04-11,37.0361328125,18.5,0.0
2070-04-12,35.841064453125,20.94951171875,0.0
2070-04-13,33.79705159705159,19.77303176795582,0.0
2070-04-14,35.66650390625,19.59534883720931,0.0
2070-04-15,33.48321364452423,20.883837890625,0.0
2070-04-16,31.8,20.25908203125,0.0
2070-04-17,32.0,19.0,0.0
2070-04-18,33.178552278820376,19.0,0.0
2070-04-19,33.753562653562646,19.0,0.0
2070-04-20,32.945419847328246,19.7,0.0
2070-04-21,32.7,18.6,0.0
2070-04-22,32.2,19.034373194685152,0.0
2070-04-23,30.0,19.4,0.0
2070-04-24,31.574106041923553,19.7,0.0
2070-04-25,32.32210144927536,18.1096,0.0
2070-04-26,33.19383378016086,17.919033674963394,0.0
2070-04-27,33.112064343163546,18.1,0.0
2070-04-28,33.2,17.8,0.0
2070-04-29,33.36355475763017,18.5,0.0
2070-04-30,33.56644067796609,19.93860497237571,0.0
2070-05-01,31.6,19.653564453125,0.0
2070-05-02,31.0,17.8,0.0
2070-05-03,31.96763717384049,17.443305456653132,0.0
2070-05-04,34.509716796875,17.574427035575205,0.0
2070-05-05,35.434033203125,18.18099540878201,0.0
2070-05-06,33.9708984375,18.123419643458284,0.0
2070-05-07,31.928563605510924,21.726318359375,0.0
2070-05-08,31.954754607715486,18.0,0.0
2070-05-09,31.676457019836985,17.4,0.0
2070-05-10,31.6,16.7,0.0
2070-05-11,31.629861075992793,15.881150770784943,0.0
2070-05-12,30.0,16.005014804853808,0.0
2070-05-13,29.4,14.8,0.0
2070-05-14,29.2,14.3,0.0
2070-05-15,29.4,13.9,0.0
2070-05-16,29.9,14.2,0.0
2070-05-17,30.0,14.4,0.0
2070-05-18,31.0,14.7,0.0
2070-05-19,30.952923114930545,15.2,0.0
2070-05-20,31.0,15.9,0.0
2070-05-21,31.95251879045412,16.7,0.0
2070-05-22,35.6720703125,17.365950153183697,0.0
2070-05-23,37.06416015625,17.855478550129813,0.0
2070-05-24,37.495068359375,20.311767578125,0.0
2070-05-25,36.057080078125,20.76318359375,0.0
2070-05-26,36.211376953125,18.219582515460388,0.0
2070-05-27,35.90546875,22.49072265625,0.0
2070-05-28,31.7,19.732421875,0.0
2070-05-29,30.5,17.0,0.0
2070-05-30,30.1,15.873803609828567,0.0
2070-05-31,29.6,14.5,0.0
2070-06-01,28.2,13.2,0.0
2070-06-02,29.0,13.5,0.0
2070-06-03,29.5,13.168204343857852,0.0
2070-06-04,29.491497126688,11.6,0.0
2070-06-05,28.6,13.0,0.0
2070-06-06,28.6,13.0,0.0
2070-06-07,29.34971348636533,12.6,0.0
2070-06-08,29.6867914806736,12.6,0.0
2070-06-09,30.0,12.9,0.0
2070-06-10,30.5,13.169646473289417,0.0
2070-06-11,30.0,13.5,0.0
2070-06-12,29.5,13.428766811608865,0.0
2070-06-13,29.5,13.5,0.0
2070-06-14,27.7,14.7,0.0
2070-06-15,23.4,14.34063530907358,0.0
2070-06-16,22.6,13.6,0.0
2070-06-17,25.732885023763778,13.2,0.0
2070-06-18,27.1,13.0,0.0
2070-06-19,27.768434937541226,13.2,0.0
2070-06-20,26.7,13.0,0.0
2070-06-21,27.0,12.3,0.0
2070-06-22,27.6,11.7,0.0
2070-06-23,27.74365814523512,11.5,0.0
2070-06-24,27.6,11.84042497894858,0.0
2070-06-25,27.237879124953647,11.5,0.0
2070-06-26,27.8,9.0,0.0
2070-06-27,28.359233336185508,8.6,0.0
2070-06-28,28.6,8.4,0.0
2070-06-29,28.5,8.7,0.0
2070-06-30,27.7,11.1,0.0
2070-07-01,27.6,12.0,0.0
2070-07-02,27.6,14.0,0.0
2070-07-03,28.424286867599555,14.0,0.0
2070-07-04,26.7,13.4,0.0
2070-07-05,26.803543067205553,12.0,0.0
2070-07-06,28.435952637244334,12.9,0.0
2070-07-07,30.000574094007877,12.9,0.0
2070-07-08,28.7,14.0,0.0
2070-07-09,25.7,13.617505996274943,0.0
2070-07-10,26.7,12.134800462464618,0.0
2070-07-11,27.5,12.4,0.0
2070-07-12,26.8,12.9,0.0
2070-07-13,26.9,12.2,0.0
2070-07-14,27.3,12.2,0.0
2070-07-15,26.0,13.4,0.0
2070-07-16,24.8,12.2,0.0
2070-07-17,25.5,11.166641921235286,0.0
2070-07-18,26.4,10.7,0.0
2070-07-19,27.4084590052116,11.2,0.0
2070-07-20,25.4,13.29903387719064,0.0
2070-07-21,24.0,12.2,0.0
2070-07-22,24.6,11.1,0.0
2070-07-23,25.7,10.5,0.0
2070-07-24,26.8,11.6,0.0
2070-07-25,27.4,12.095649267959782,0.0
2070-07-26,28.0,12.278974381054898,0.0
2070-07-27,28.3,12.9,0.0
2070-07-28,27.1,13.521345749561116,0.0
2070-07-29,25.3,12.756643650397745,0.0
2070-07-30,23.7,12.0,0.0
2070-07-31,24.6,12.6,0.0
2070-08-01,26.0,12.5,0.0
2070-08-02,27.4,14.8,0.0
2070-08-03,25.2,14.5,0.0
2070-08-04,21.3,13.846086421651545,0.0
2070-08-05,22.849524395334022,10.8,0.0
2070-08-06,22.913280977576978,9.0,0.0
2070-08-07,23.8,7.9,0.0
2070-08-08,24.1,10.2,0.0
2070-08-09,25.0,9.5,0.0
2070-08-10,26.941022604951556,11.2,0.0
2070-08-11,27.9,13.0,0.0
2070-08-12,28.9,14.0,0.0
2070-08-13,29.3,15.0,0.0
2070-08-14,27.7,15.648108108108104,0.0
2070-08-15,25.0,15.0,0.0
2070-08-16,24.9,15.8,0.0
2070-08-17,24.6,13.0,0.0
2070-08-18,26.6,11.99751100032104,0.0
2070-08-19,27.6,11.5,0.0
2070-08-20,28.2,11.2,0.0
2070-08-21,29.4,11.1,0.0
2070-08-22,31.2,11.7,0.0
2070-08-23,32.06532071305781,15.078730695722847,0.0
2070-08-24,31.0,17.128406109109058,0.0
2070-08-25,30.610756573888974,16.0,0.0
2070-08-26,31.1,15.8,0.0
2070-08-27,31.56716755081648,16.7,0.0
2070-08-28,31.5,18.0,0.0
2070-08-29,31.5,18.0,0.0
2070-08-30,31.866268057276724,17.0,0.0
2070-08-31,32.5,17.151848073092985,0.0
2070-09-01,35.2,18.2,0.0
2070-09-02,32.4,20.166511446996306,0.0
2070-09-03,30.73896922506489,18.0,0.0
2070-09-04,32.1,16.7,0.0
2070-09-05,33.4,17.3,0.0
2070-09-06,33.0,19.0,0.0
2070-09-07,31.7,18.6,0.0
2070-09-08,31.324046920821118,18.2,0.0
2070-09-09,32.39760639393565,20.5,0.0
2070-09-10,33.8,20.5,0.0
2070-09-11,34.0,20.19183368787705,0.0
2070-09-12,33.26269143043337,19.9,0.0
2070-09-13,33.68662239089185,20.0,0.0
2070-09-14,34.0,20.144857394199807,0.0
2070-09-15,34.4,20.5,0.0
2070-09-16,33.0,20.0,0.0
2070-09-17,33.2,18.9,0.0
2070-09-18,34.406077195431386,19.0,0.0
2070-09-19,34.89389454285857,20.222265092315507,0.0
2070-09-20,32.9041804326532,20.22695091245038,0.0
2070-09-21,33.1,18.9,0.0
2070-09-22,34.8,20.2,0.0
2070-09-23,35.4,21.411384288762058,0.0
2070-09-24,34.4,20.0,0.0
2070-09-25,35.24495427017675,19.6,0.0
2070-09-26,36.098416246704986,20.2,0.0
2070-09-27,34.3,20.930800060496072,0.0
2070-09-28,34.2,20.0,0.0
2070-09-29,34.9,18.9,0.0
2070-09-30,36.005802467086156,18.6,0.0
2070-10-01,37.37599924295292,19.8,0.0
2070-10-02,38.789892578125,20.7,0.0
2070-10-03,38.4302734375,21.3,0.0
2070-10-04,36.750370948093035,21.0,0.0
2070-10-05,37.0185274020686,20.9,0.0
2070-10-06,36.5,21.6,0.0
2070-10-07,35.5,21.6,0.0
2070-10-08,34.6,21.26290768257631,0.0
2070-10-09,34.9,20.8,0.0
2070-10-10,34.3,21.3,0.0
2070-10-11,33.8,20.0,0.0
2070-10-12,34.3,20.2,0.0
2070-10-13,34.78369476751817,20.7,0.0
2070-10-14,36.764341929703555,21.6,0.0
2070-10-15,38.56064453125,21.337840523308756,0.0
2070-10-16,38.151493561085196,21.6,0.0
2070-10-17,37.219261146018425,21.4,0.0
2070-10-18,37.2,21.0,0.0
2070-10-19,37.2,20.4,0.0
2070-10-20,36.4,21.6,0.0
2070-10-21,37.2,20.9,0.0
2070-10-22,38.0,21.6,0.0
2070-10-23,37.2,21.9,0.0
2070-10-24,37.0,21.7,0.0
2070-10-25,38.683935546875,21.4,0.0
2070-10-26,40.009619140625,21.4,0.0
2070-10-27,36.5,22.0,0.0
2070-10-28,36.278481796599664,21.7,0.0
2070-10-29,37.2,21.6,0.0
2070-10-30,35.4,22.0,0.0
2070-10-31,33.5,20.9,0.0
2070-11-01,35.2,21.5,0.0
2070-11-02,37.2,21.894120607596786,0.0
2070-11-03,39.938232421875,23.004238820719127,0.0
2070-11-04,37.69966853782409,23.23633233246892,0.0
2070-11-05,37.835632343555986,23.2,0.0
2070-11-06,36.0,23.24958775448754,0.0
2070-11-07,36.172978698364126,23.0,0.0
2070-11-08,36.0,21.42045785639959,0.0
2070-11-09,35.44789221584073,21.3,0.0
2070-11-10,32.3,21.2,10.040000000000001
2070-11-11,32.4,20.638722983721465,0.0
2070-11-12,29.6,20.0,0.0
2070-11-13,29.5,20.5,0.0
2070-11-14,32.1,19.5,0.0
2070-11-15,32.6,18.2,0.0
2070-11-16,34.6655168216257,19.5,0.0
2070-11-17,36.0,23.38403995710197,0.0
2070-11-18,35.6,21.231623591700284,0.0
2070-11-19,34.1,20.5,0.0
2070-11-20,33.6,20.7,15.9
2070-11-21,32.2,21.2,44.36190476190476
2070-11-22,27.6,20.4,1.6
2070-11-23,31.7,20.9,1.7
2070-11-24,30.9,20.5,2.7
2070-11-25,31.5,20.7,0.0
2070-11-26,30.6,20.7,10.225
2070-11-27,29.0,20.0,11.8
2070-11-28,28.6,21.0,0.1
2070-11-29,27.02624680180444,20.5,3.9666666666666672
2070-11-30,30.964472602408474,20.788023134436166,11.4
2070-12-01,28.9,18.0,0.0
2070-12-02,25.7,17.6,0.2
2070-12-03,26.4,19.0,1.0
2070-12-04,31.564681991982923,20.5,0.9
2070-12-05,31.4,20.0,0.2
2070-12-06,29.5,19.9,28.3
2070-12-07,29.3,20.840181549956814,24.94871794871795
2070-12-08,29.5,20.5,0.0
2070-12-09,30.1,20.098861275072256,0.0
2070-12-10,31.2,21.01744422965406,0.1522435897435898
2070-12-11,32.4,21.0,0.0
2070-12-12,32.00750688835367,21.0,0.8
2070-12-13,30.9,20.710001854653324,27.006468531468535
2070-12-14,30.8,20.698520014901863,0.0
2070-12-15,30.1,20.962435308397094,1.2500000000000013
2070-12-16,28.9,21.0,0.0
2070-12-17,28.9,21.0,0.0
2070-12-18,27.463305637782558,20.645762407663224,26.4
2070-12-19,26.9,20.444730897960405,13.6
2070-12-20,27.0,19.871422108413746,12.841025641025661
2070-12-21,32.0,19.14330394518772,0.0
2070-12-22,32.0129318908705,19.0,0.10192307692307695
2070-12-23,30.5,20.60889304675007,13.37275641025642
2070-12-24,25.6,19.07038003702184,2.3
2070-12-25,31.2,18.1,0.0
2070-12-26,31.133275788532995,19.5,0.0
2070-12-27,32.9,18.8,0.0
2070-12-28,31.6,20.79906815790492,0.8
2070-12-29,29.6,20.3,3.011538461538466
2070-12-30,28.7,18.6,0.0
2070-12-31,28.0,18.4,0.0
