date,tmax_C,tmin_C,precip_mm_day
2041-01-01,28.5,18.3,10.9
2041-01-02,29.1,19.4,21.0
2041-01-03,25.4,19.585455796958172,0.0
2041-01-04,24.8,18.7,1.8
2041-01-05,26.4,18.5,1.5
2041-01-06,26.9,18.4,32.2
2041-01-07,28.7,18.4,38.6
2041-01-08,26.1,17.9,20.950000000000003
2041-01-09,20.192916726262276,16.4,0.0
2041-01-10,26.5,15.9,0.0
2041-01-11,28.4,14.361348727783856,0.0
2041-01-12,28.9,15.4,0.0
2041-01-13,29.1,15.2,0.0
2041-01-14,29.2,15.1,0.0
2041-01-15,29.5,13.859733198158352,0.0
2041-01-16,30.6,13.099353806429667,0.0
2041-01-17,31.1,16.2,0.0
2041-01-18,30.7,19.576630566112335,0.0
2041-01-19,29.7,18.0,0.0
2041-01-20,30.1,18.8,3.7
2041-01-21,30.2,18.9,0.2
2041-01-22,29.0,18.292168682327606,8.3
2041-01-23,26.9,18.9,21.0
2041-01-24,25.9,18.9,31.37142857142857
2041-01-25,26.298007231376445,19.0,25.4
2041-01-26,26.9,18.9,32.94
2041-01-27,26.9,18.5,32.94
2041-01-28,27.9,18.6,21.0
2041-01-29,27.8,18.9,0.0
2041-01-30,28.4,17.0,0.0
2041-01-31,29.6,17.0,0.0
2041-02-01,30.2,17.9,1.0
2041-02-02,28.5,18.7,14.851039260969978
2041-02-03,30.0,18.5,0.0
2041-02-04,32.8,17.0,25.36383371824481
2041-02-05,29.2,16.5,0.0
2041-02-06,29.9,17.9,0.0
2041-02-07,29.9,18.6,0.0
2041-02-08,32.08293859817755,17.9,0.0
2041-02-09,30.6,18.6,3.0
2041-02-10,31.950524299929018,18.2,0.2
2041-02-11,27.60553541183113,18.0,0.4
2041-02-12,26.0,19.0,1.0
2041-02-13,26.7,18.999896574262756,3.572055427251731
2041-02-14,27.5,17.6,0.0
2041-02-15,28.0,18.5,0.0
2041-02-16,30.6,17.5,0.0
2041-02-17,30.6,18.7,0.0
2041-02-18,30.4,18.8,0.0
2041-02-19,30.4,17.6,0.0
2041-02-20,30.5,15.6,0.0
2041-02-21,30.5,16.3,0.0
2041-02-22,30.7,19.0,21.07655889145497
2041-02-23,32.0,19.0,29.9
2041-02-24,30.639357416298143,18.9,10.4
2041-02-25,30.413934593874078,18.5,25.71824480369516
2041-02-26,28.3,19.0,7.4
2041-02-27,29.9,18.4,0.0
2041-02-28,30.6,18.5,0.0
2041-03-01,31.94578313253012,19.9,0.0
2041-03-02,32.5,19.04340150699677,0.0
2041-03-03,30.7,19.3,1.1583333333333332
2041-03-04,31.8,18.6,0.0
2041-03-05,30.37635135135135,18.8,25.322970085470086
2041-03-06,32.0,18.1,0.0
2041-03-07,29.738571428571426,19.3,38.18703703703704
2041-03-08,25.4,19.2,54.28089120370368
2041-03-09,28.5,19.8,6.0
2041-03-10,29.4,19.3,11.0
2041-03-11,30.9,18.7,10.9
2041-03-12,30.4,19.0,16.4
2041-03-13,28.5,18.9,0.0
2041-03-14,26.7,18.6,0.0
2041-03-15,31.8,19.3,0.1
2041-03-16,32.0,18.0,1.877083333333333
2041-03-17,28.5,18.9,52.75498842592595
2041-03-18,24.0,18.9,26.550793650793654
2041-03-19,25.7,18.5,0.0
2041-03-20,26.5,18.9,0.0
2041-03-21,27.6,18.5,0.0
2041-03-22,30.0,18.2,0.0
2041-03-23,30.73826086956522,17.2,0.0
2041-03-24,30.6,17.6,0.0
2041-03-25,29.5,17.2,0.0
2041-03-26,29.720000000000002,16.5,0.0
2041-03-27,29.7,16.4,0.0
2041-03-28,30.9,15.2,0.0
2041-03-29,31.5,14.9,0.0
2041-03-30,31.3,19.4,0.0
2041-03-31,31.83288288288288,18.1,0.0
2041-04-01,30.8,16.3,0.0
2041-04-02,29.9,14.9,0.0
2041-04-03,27.9,15.2,0.0
2041-04-04,27.0,14.6,0.0
2041-04-05,27.2,14.6,0.0
2041-04-06,27.0,18.1,0.0
2041-04-07,28.0,19.0,0.0
2041-04-08,22.601142857142857,17.5,2.128571428571427
2041-04-09,25.9,18.0,1.4
2041-04-10,30.0,18.5,20.086363636363632
2041-04-11,27.5,18.1,0.0
2041-04-12,28.5,17.346153846153847,0.0
2041-04-13,28.4,17.2,0.0
2041-04-14,29.1,18.0,0.0
2041-04-15,30.0,18.5,0.0
2041-04-16,28.9,18.4,0.56
2041-04-17,28.6,17.5,0.35
2041-04-18,28.6,16.6,0.0
2041-04-19,28.2,16.0,0.0
2041-04-20,27.6,18.119580419580416,0.0
2041-04-21,28.3,15.0,0.0
2041-04-22,27.0,15.3,0.0
2041-04-23,24.9,15.0,0.0
2041-04-24,26.3,15.0,0.0
2041-04-25,27.9,17.6,0.0
2041-04-26,27.4,15.6,0.0
2041-04-27,27.2,15.0,0.0
2041-04-28,26.9,13.442187500000001,0.0
2041-04-29,26.0,13.2,0.0
2041-04-30,27.2,14.4,0.0
2041-05-01,27.0,14.4,0.0
2041-05-02,27.5,13.2,0.0
2041-05-03,27.4,14.2,0.0
2041-05-04,27.688228775048113,12.6,0.0
2041-05-05,28.4,12.2,0.0
2041-05-06,28.4,11.7,0.0
2041-05-07,28.1,11.5,0.0
2041-05-08,27.6,11.0,0.0
2041-05-09,28.1,9.6,0.0
2041-05-10,29.6,13.2,0.0
2041-05-11,30.0,14.4,0.0
2041-05-12,29.9,17.9,0.0
2041-05-13,27.5,17.0,0.0
2041-05-14,27.8,14.6,0.0
2041-05-15,29.458121636167913,14.0,0.0
2041-05-16,30.0,14.281230240131055,0.0
2041-05-17,30.174508631343937,14.0,0.0
2041-05-18,30.4,14.6,0.0
2041-05-19,30.6,14.4,0.0
2041-05-20,30.992706921558195,14.7,0.0
2041-05-21,30.0,15.0,0.0
2041-05-22,27.0,15.6,0.0
2041-05-23,27.6,13.5,0.0
2041-05-24,27.5,12.9,0.0
2041-05-25,27.6,12.5,0.0
2041-05-26,26.7,14.286762664933542,0.0
2041-05-27,25.5,12.4,0.0
2041-05-28,25.6,10.4,0.0
2041-05-29,24.9,11.0,0.0
2041-05-30,24.5,9.3,0.0
2041-05-31,24.6,7.454436413962784,0.0
2041-06-01,23.2,7.6,0.0
2041-06-02,24.4,6.114430754624743,0.0
2041-06-03,25.0,6.1,0.0
2041-06-04,24.8,8.465549870226178,0.0
2041-06-05,24.5,9.0,0.0
2041-06-06,25.5,8.9,0.0
2041-06-07,27.1,10.2,0.0
2041-06-08,28.120940268303475,10.3,0.0
2041-06-09,29.9,11.374527984310062,0.0
2041-06-10,24.9,7.8,0.0
2041-06-11,24.8,4.337579266611526,0.0
2041-06-12,26.1,2.9,0.0
2041-06-13,26.3,3.9,0.0
2041-06-14,26.7,8.4,0.0
2041-06-15,28.0,10.0,0.0
2041-06-16,27.7,11.9,0.0
2041-06-17,24.7,11.7,0.0
2041-06-18,23.7,11.0,0.0
2041-06-19,23.5,10.656845990494494,0.0
2041-06-20,25.2,10.3,0.0
2041-06-21,27.385843529847982,11.5,0.0
2041-06-22,28.5,12.9,0.0
2041-06-23,28.6,15.553690640910864,0.0
2041-06-24,27.0,14.2,0.0
2041-06-25,23.6,13.0,0.0
2041-06-26,19.818138192449375,13.0,0.0
2041-06-27,17.35343758955851,12.9,1.9
2041-06-28,22.0,12.9,0.0
2041-06-29,23.9,12.0,0.0
2041-06-30,25.1,10.0,0.0
2041-07-01,26.5,10.7,0.0
2041-07-02,26.9,12.9,0.0
2041-07-03,26.9,13.1,0.0
2041-07-04,28.0,12.9,0.0
2041-07-05,26.7,12.279607558328031,0.0
2041-07-06,26.0,13.4,0.0
2041-07-07,26.3,11.5,0.0
2041-07-08,27.290893138888475,12.4,0.0
2041-07-09,27.7,15.0,0.0
2041-07-10,24.9,15.570808770752224,0.0
2041-07-11,24.4,14.6,0.0
2041-07-12,23.7,12.4,0.0
2041-07-13,23.4,11.352230594426505,0.0
2041-07-14,24.8,9.8,0.0
2041-07-15,27.7,10.2,0.0
2041-07-16,31.057020395920187,13.2,0.0
2041-07-17,31.248739438162637,15.347150224580618,0.0
2041-07-18,27.9,15.546776037172517,0.0
2041-07-19,26.9,15.3,0.0
2041-07-20,26.0,13.8,0.0
2041-07-21,21.5,14.2,0.0
2041-07-22,24.7,13.0,0.0
2041-07-23,23.5,11.5,0.0
2041-07-24,23.8,14.2,0.0
2041-07-25,25.0,11.9,0.0
2041-07-26,25.3,11.9,0.0
2041-07-27,26.0,11.5,0.0
2041-07-28,27.6,12.1,0.0
2041-07-29,29.00912655697369,13.6,0.0
2041-07-30,27.7,15.0,0.0
2041-07-31,27.553411246091535,14.2,0.0
2041-08-01,27.6,14.0,0.0
2041-08-02,26.9,14.5,0.0
2041-08-03,28.4,13.9,0.0
2041-08-04,30.8,15.0,0.0
2041-08-05,31.581673225220136,16.759279351914184,0.0
2041-08-06,31.4,17.819708613913406,0.0
2041-08-07,30.5,18.496721657062167,0.0
2041-08-08,30.2,18.28913061608432,0.0
2041-08-09,30.6,16.7,0.0
2041-08-10,30.5,15.7,0.0
2041-08-11,30.2,14.3,0.0
2041-08-12,30.734122712594175,13.7,0.0
2041-08-13,30.9,14.0,0.0
2041-08-14,31.0,14.262953940286666,0.0
2041-08-15,29.8,15.20937532553213,0.0
2041-08-16,27.785673744984827,15.0,0.0
2041-08-17,28.6,13.6,0.0
2041-08-18,27.7,14.2,0.0
2041-08-19,26.7,13.548150853452254,0.0
2041-08-20,28.3,12.7,0.0
2041-08-21,31.0,14.4,0.0
2041-08-22,31.9,16.734824748369263,0.0
2041-08-23,31.2,18.19326042847481,0.0
2041-08-24,30.6,17.081246554123243,0.0
2041-08-25,30.5,16.12843451307923,0.0
2041-08-26,29.90056896816853,15.7,0.0
2041-08-27,29.3,15.2,0.0
2041-08-28,29.7,13.4,0.0
2041-08-29,30.0,14.5,0.0
2041-08-30,28.5,16.763130470582677,0.0
2041-08-31,27.495626754469274,15.0,0.0
2041-09-01,28.4,11.54396975924285,0.0
2041-09-02,27.7,13.9,0.0
2041-09-03,27.7,11.9,0.0
2041-09-04,30.5,12.4,0.0
2041-09-05,32.9,15.0,0.0
2041-09-06,34.3,17.8,0.0
2041-09-07,36.0,19.5,0.0
2041-09-08,39.014892578125,20.4,0.0
2041-09-09,39.25341796875,21.065935588738718,0.0
2041-09-10,36.10304246407359,21.494410246974496,0.0
2041-09-11,39.0888671875,20.4,0.0
2041-09-12,36.0,20.4,0.0
2041-09-13,35.4,20.138889717096898,0.0
2041-09-14,35.197664422088344,19.5,0.0
2041-09-15,34.7,19.5,0.0
2041-09-16,35.0,19.5,0.0
2041-09-17,34.6,19.973126481430796,0.0
2041-09-18,34.6,20.18596959584724,0.0
2041-09-19,32.6,19.951871625832087,0.0
2041-09-20,32.85354315252241,18.0,0.0
2041-09-21,34.781063927239416,18.5,0.0
2041-09-22,34.66306096026551,20.0,0.0
2041-09-23,33.5,20.26265349298786,0.0
2041-09-24,33.2,19.6,0.0
2041-09-25,33.2,19.25176237486096,0.0
2041-09-26,34.12775911628984,18.5,0.0
2041-09-27,35.3,18.638472699134304,0.0
2041-09-28,35.36980655143893,20.0,0.0
2041-09-29,34.9,20.0,0.0
2041-09-30,35.3,18.6,0.0
2041-10-01,36.0,19.4,0.0
2041-10-02,33.2,20.4,0.0
2041-10-03,31.44620055166845,20.0,0.0
2041-10-04,32.9,19.7,0.0
2041-10-05,33.90848838997385,19.8,0.0
2041-10-06,34.9,19.4,0.0
2041-10-07,34.0,20.7,0.0
2041-10-08,32.9,19.9,0.0
2041-10-09,33.6,19.4,0.0
2041-10-10,35.021600287047,20.0,0.0
2041-10-11,35.4,20.5,0.0
2041-10-12,36.0,20.5,0.0
2041-10-13,38.0,21.0,0.0
2041-10-14,39.17685546875,22.0,0.0
2041-10-15,36.0,19.9,4.756756756756757
2041-10-16,27.3,19.3,6.519459459459464
2041-10-17,27.8,19.7,25.59189189189195
2041-10-18,24.0,17.89100586054299,0.0
2041-10-19,29.7,16.7,0.0
2041-10-20,31.0,17.9,0.0
2041-10-21,29.9,17.9,0.0
2041-10-22,30.9,14.9,0.0
2041-10-23,33.0,15.994057575004831,0.0
2041-10-24,32.37012148239273,17.9,0.0
2041-10-25,32.9,18.0,0.0
2041-10-26,35.15631268327084,17.4,0.0
2041-10-27,37.2,18.2,0.0
2041-10-28,37.86162240565562,20.4,0.0
2041-10-29,37.73091627573639,21.5,0.0
2041-10-30,33.1,18.6,6.454594594594597
2041-10-31,33.757754830234795,18.5,0.0
2041-11-01,34.0,19.9,0.0
2041-11-02,33.0,20.0,0.0
2041-11-03,34.0,21.1,0.0
2041-11-04,32.9,20.3,0.0
2041-11-05,32.3,19.9,0.8
2041-11-06,32.4,19.81607048767637,2.375
2041-11-07,27.9,19.5,10.3
2041-11-08,29.9,20.0,0.0
2041-11-09,30.6,20.0,0.0
2041-11-10,32.0,19.610494488825974,0.0
2041-11-11,32.188635126499896,19.0,0.0
2041-11-12,31.727542103311674,19.9,4.5
2041-11-13,32.0,19.5,0.0
2041-11-14,31.7,20.0,0.0
2041-11-15,30.0,20.3,0.0
2041-11-16,29.9,20.0,11.65
2041-11-17,28.29585380019097,19.6,0.0
2041-11-18,27.0,19.0,2.8
2041-11-19,26.18789452793853,17.5,9.4
2041-11-20,23.2,17.0,0.0
2041-11-21,25.150555530963658,17.5,0.0
2041-11-22,28.5,18.0,0.0
2041-11-23,31.2,19.4,4.15
2041-11-24,31.7,18.0,0.0
2041-11-25,32.5,16.9,0.0
2041-11-26,32.0,18.3,0.0
2041-11-27,31.0,19.9,5.125
2041-11-28,29.96926612673402,19.7,3.8
2041-11-29,29.41807820655429,19.6,1.8
2041-11-30,28.3,19.7,0.0
2041-12-01,25.7,19.2,0.0
2041-12-02,26.9,20.0,0.0
2041-12-03,26.713051942128402,19.85044114917783,8.785106382978729
2041-12-04,24.3,18.6,20.312765957446814
2041-12-05,25.097834803965164,18.0,0.0
2041-12-06,29.0,17.782726620347717,0.0
2041-12-07,25.5,18.2,15.499734042553197
2041-12-08,27.8,18.4,0.0
2041-12-09,30.1,17.8,0.0
2041-12-10,30.9,17.1,0.0
2041-12-11,29.1,17.5,0.0
2041-12-12,29.6,16.4,0.0
2041-12-13,30.7,16.4,0.0
2041-12-14,31.1,18.6,0.0
2041-12-15,31.6,17.6,0.0
2041-12-16,32.035719132516626,17.3,0.0
2041-12-17,32.0,19.5,0.0
2041-12-18,32.12462227223798,20.618078722220414,0.0
2041-12-19,32.1,19.9,0.0
2041-12-20,31.8,20.039048177307347,0.0
2041-12-21,30.6,20.443065194878987,4.0
2041-12-22,31.6,18.2,0.0
2041-12-23,31.6,19.0,0.0
2041-12-24,31.7,17.2,0.0
2041-12-25,31.9,16.40455742856048,0.0
2041-12-26,32.4,16.9,0.0
2041-12-27,27.7,19.6,0.0
2041-12-28,31.8,19.4,0.0
2041-12-29,29.0,20.420411874536015,6.2
2041-12-30,28.94110853660762,19.9,0.0
2041-12-31,29.5,20.340048515238628,1.6
2042-01-01,28.414146324525152,19.7,1.9
2042-01-02,29.915951473540275,19.8,4.4
2042-01-03,25.782533764903963,18.9,41.0375
2042-01-04,25.0,19.166809834912435,60.68749999999988
2042-01-05,24.9,18.9,58.61219512195116
2042-01-06,26.0,18.8,0.8
2042-01-07,28.9,18.9,0.0
2042-01-08,24.6,18.0,14.0
2042-01-09,25.0,19.5,0.8
2042-01-10,27.9,16.3,10.0
2042-01-11,30.421760178126416,15.3,0.0
2042-01-12,31.0,15.2,0.0
2042-01-13,31.76205161379335,16.0,0.0
2042-01-14,31.1,19.9,0.0
2042-01-15,29.6,19.146938224500584,14.0
2042-01-16,30.2,18.423409846875924,0.0
2042-01-17,29.5,19.6,0.0
2042-01-18,29.5,19.537624393137218,0.0
2042-01-19,29.9,19.749893355745257,0.0
2042-01-20,30.9,20.213926383594206,0.0
2042-01-21,31.96425259743491,19.9,0.0
2042-01-22,31.6,19.9,0.0
2042-01-23,30.4,19.6,1.2
2042-01-24,30.4,19.7,0.0
2042-01-25,30.3,19.8,0.0
2042-01-26,29.2,19.6,3.0
2042-01-27,23.9,18.3,38.666666666666664
2042-01-28,21.2,17.7,17.3
2042-01-29,24.6,17.5,0.0
2042-01-30,26.0,18.5,0.0
2042-01-31,23.9,18.9,0.0
2042-02-01,26.8,18.9,0.0
2042-02-02,30.0,18.32566750476322,0.0
2042-02-03,30.43138598359557,17.2,0.0
2042-02-04,31.8,16.5,0.0
2042-02-05,31.7,18.814358770616213,0.0
2042-02-06,31.9,19.9,0.0
2042-02-07,29.0,19.040672673134527,0.0
2042-02-08,31.9,18.4,0.0
2042-02-09,30.5,17.2,1.2
2042-02-10,27.9,18.1,0.0
2042-02-11,32.85281331563761,16.9,0.0
2042-02-12,32.7,20.05535087958998,0.0
2042-02-13,31.4,20.0940983424296,4.5
2042-02-14,28.6,18.8,3.678983833718247
2042-02-15,31.0,16.2,0.0
2042-02-16,32.0,14.5,0.0
2042-02-17,32.8,15.8,0.0
2042-02-18,31.4,15.9,0.0
2042-02-19,30.7,19.0,0.0
2042-02-20,31.9,19.1,0.0
2042-02-21,32.8,19.9,0.0
2042-02-22,31.990657874280966,19.381093365117195,0.0
2042-02-23,30.6,19.59496873264345,0.0
2042-02-24,30.9,19.1,17.8
2042-02-25,30.4,18.5,4.5
2042-02-26,31.2,17.6,0.0
2042-02-27,32.0,18.5,0.0
2042-02-28,31.199691995421233,20.046736068589738,0.0
2042-03-01,32.0,20.3,0.0
2042-03-02,31.8,19.9,0.6
2042-03-03,31.1,19.1,0.0
2042-03-04,33.0,19.3,0.0
2042-03-05,33.41370558375634,17.6,0.0
2042-03-06,32.4,20.22968414577886,0.8
2042-03-07,30.9,19.3,0.0
2042-03-08,34.21167985109357,18.8,0.0
2042-03-09,32.661458333333336,19.4,0.0
2042-03-10,33.2,18.4,2.4
2042-03-11,33.51258278145695,19.6,0.0
2042-03-12,32.5,19.276979459962956,0.0
2042-03-13,33.0,19.4,6.848611111111113
2042-03-14,33.0,19.6,6.4
2042-03-15,30.9,20.233501460864215,39.17552083333334
2042-03-16,27.0,19.9,0.0
2042-03-17,26.9,19.4,16.318055555555556
2042-03-18,26.8,19.3,0.0
2042-03-19,27.5,19.6,0.0
2042-03-20,26.4,19.0,0.0
2042-03-21,27.5,19.1,0.0
2042-03-22,29.9,19.0,0.0
2042-03-23,31.0,18.5,0.0
2042-03-24,30.5,20.3,0.0
2042-03-25,30.5,17.0,0.0
2042-03-26,31.6,16.5,0.0
2042-03-27,31.8,16.1,0.0
2042-03-28,31.229411764705887,17.0,0.0
2042-03-29,30.8,15.9,0.0
2042-03-30,30.9,17.0,0.0
2042-03-31,31.6,18.4,0.0
2042-04-01,32.0,17.4,0.0
2042-04-02,31.6,17.2,0.0
2042-04-03,31.2,15.6,0.0
2042-04-04,31.972135102533166,14.9,0.0
2042-04-05,32.645669291338585,15.0,0.0
2042-04-06,32.97122940430925,15.9,0.0
2042-04-07,33.09112801013943,15.9,0.0
2042-04-08,31.98841978287093,16.5,0.0
2042-04-09,29.4,19.472843450479218,0.0
2042-04-10,28.7,18.7,0.0
2042-04-11,25.3,16.7,0.0
2042-04-12,29.0,17.6,0.0
2042-04-13,31.473913043478262,19.513099041533554,0.0
2042-04-14,32.959062103929014,19.7,0.0
2042-04-15,32.94993662864385,19.43043130990416,0.0
2042-04-16,30.7,18.829589041095897,0.0
2042-04-17,30.3,18.4,0.8818181818181818
2042-04-18,31.2,17.84310344827586,0.0
2042-04-19,31.0,17.3,0.0
2042-04-20,30.8,18.886609589041097,0.0
2042-04-21,31.1,18.563730569948188,0.0
2042-04-22,28.7,19.682028753993613,0.0
2042-04-23,28.6,18.518652849740935,0.0
2042-04-24,29.9,18.6,0.0
2042-04-25,32.0,17.0,0.0
2042-04-26,32.7,17.9,0.0
2042-04-27,32.95551330798478,19.408865814696473,0.0
2042-04-28,32.7,18.104662004662007,0.0
2042-04-29,32.65905511811024,18.338201058201058,0.0
2042-04-30,32.75372881355933,18.4752276867031,0.0
2042-05-01,30.9282699310629,17.85401136245032,0.0
2042-05-02,30.7,16.737968227364334,0.0
2042-05-03,31.0,15.2,0.0
2042-05-04,28.0,17.8,0.0
2042-05-05,27.67525757342765,15.1,0.0
2042-05-06,29.0,13.6,0.0
2042-05-07,29.5,13.71827208434351,0.0
2042-05-08,27.6,14.631333116908989,0.0
2042-05-09,28.9,12.9,0.0
2042-05-10,31.0,14.3,0.0
2042-05-11,32.423284138285275,16.2,0.0
2042-05-12,31.731099258774396,15.2,0.0
2042-05-13,30.0,16.82798605281183,0.0
2042-05-14,29.3,17.349732224084317,0.0
2042-05-15,29.5,15.116004095073288,0.0
2042-05-16,29.4,14.6,0.0
2042-05-17,29.6,14.0,0.0
2042-05-18,29.5,13.1,0.0
2042-05-19,30.8,13.5,0.0
2042-05-20,31.645443701848432,15.2,0.0
2042-05-21,32.14543912181102,15.9,0.0
2042-05-22,31.239774284778242,16.71172943411764,0.0
2042-05-23,29.9,16.0,0.0
2042-05-24,28.1,13.5,0.0
2042-05-25,26.7,12.121405095084313,0.0
2042-05-26,26.1,11.2,0.0
2042-05-27,26.5,10.0,0.0
2042-05-28,27.0,11.4,0.0
2042-05-29,26.8,11.8,0.0
2042-05-30,27.7,10.6,0.0
2042-05-31,28.5,9.9,0.0
2042-06-01,27.6,11.5,0.0
2042-06-02,27.6,12.0,0.0
2042-06-03,27.7,14.4,0.0
2042-06-04,27.2,12.681423804226922,0.0
2042-06-05,27.0,12.1,0.0
2042-06-06,27.427586206896546,11.9,0.0
2042-06-07,27.82679938493752,12.1,0.0
2042-06-08,28.9,12.2,0.0
2042-06-09,29.0652970420649,12.9,0.0
2042-06-10,28.5,12.9,0.0
2042-06-11,27.2,12.3,0.0
2042-06-12,27.0,11.0,0.0
2042-06-13,26.5,10.5,0.0
2042-06-14,26.3,10.1,0.0
2042-06-15,27.0,10.7,0.0
2042-06-16,27.3,11.2,0.0
2042-06-17,25.6,11.7,0.0
2042-06-18,24.5,11.2,0.0
2042-06-19,23.9,9.9,0.0
2042-06-20,24.326592270982097,9.6,0.0
2042-06-21,23.9,10.5,0.0
2042-06-22,24.0,10.2,0.0
2042-06-23,21.6,12.3,0.0
2042-06-24,23.7,11.0,0.0
2042-06-25,23.0,10.7,0.0
2042-06-26,22.7,9.9,0.0
2042-06-27,23.4,10.11067198848394,0.0
2042-06-28,24.0,11.0,0.0
2042-06-29,25.0,9.4,0.0
2042-06-30,25.628555802743797,9.4,0.0
2042-07-01,26.2,9.0,0.0
2042-07-02,27.547979564987088,9.4,0.0
2042-07-03,28.2,10.4,0.0
2042-07-04,28.1,11.2,0.0
2042-07-05,28.6,10.4,0.0
2042-07-06,27.6,8.4,0.0
2042-07-07,25.5,12.297316283432973,0.0
2042-07-08,24.4,10.7,0.0
2042-07-09,23.5,10.2,0.0
2042-07-10,20.7,10.49530216823005,0.0
2042-07-11,17.6665328189064,12.367599569429496,0.0
2042-07-12,21.6,9.9,0.0
2042-07-13,25.2,9.1,0.0
2042-07-14,27.5,9.5,0.0
2042-07-15,27.7,10.4,0.0
2042-07-16,26.8,12.6,0.0
2042-07-17,25.6,11.7,0.0
2042-07-18,25.2,9.2,0.0
2042-07-19,25.7,8.3,0.0
2042-07-20,25.4,9.2,0.0
2042-07-21,25.4,9.401136706135626,0.0
2042-07-22,24.9,9.2,0.0
2042-07-23,23.0,9.54080563372975,0.0
2042-07-24,23.0,9.1,0.0
2042-07-25,23.9,9.2,0.0
2042-07-26,22.7,10.4,0.0
2042-07-27,18.52310064362251,10.659746337810637,0.0
2042-07-28,22.9,7.1,0.0
2042-07-29,25.3,8.5,0.0
2042-07-30,26.80045771516824,9.2,0.0
2042-07-31,28.0,9.3,0.0
2042-08-01,27.4,10.5,0.0
2042-08-02,24.4,12.7,0.0
2042-08-03,22.6,10.2,0.0
2042-08-04,21.41252960172228,7.9,0.0
2042-08-05,22.0,7.7,0.0
2042-08-06,23.0,7.7,0.0
2042-08-07,23.5,8.4,0.0
2042-08-08,24.1,7.899173213017886,0.0
2042-08-09,25.2,9.2,0.0
2042-08-10,26.5,10.2,0.0
2042-08-11,28.0,11.8,0.0
2042-08-12,27.6,13.1,0.0
2042-08-13,28.9,12.5,0.0
2042-08-14,27.3,13.5,0.0
2042-08-15,26.7,11.3,0.0
2042-08-16,28.5,11.2,0.0
2042-08-17,30.9,13.20035202048119,0.0
2042-08-18,30.9,16.2,0.0
2042-08-19,30.2,16.0,0.0
2042-08-20,29.8,15.0,0.0
2042-08-21,29.2,13.0,0.0
2042-08-22,30.514651629317928,11.3,0.0
2042-08-23,31.5,13.8,0.0
2042-08-24,31.71635987010519,15.877457367854511,0.0
2042-08-25,31.6,18.3,0.0
2042-08-26,31.596868834812675,19.0,0.0
2042-08-27,32.22076860048517,19.06236479991371,0.0
2042-08-28,32.8580157472696,19.0,0.0
2042-08-29,32.9,18.29278813797651,0.0
2042-08-30,33.42394518592056,18.2,0.0
2042-08-31,33.924618823285016,18.0,0.0
2042-09-01,34.7,17.9,0.0
2042-09-02,34.62328270026807,18.4,0.0
2042-09-03,33.4,19.0,0.0
2042-09-04,32.91462736373749,17.620789024842423,0.0
2042-09-05,32.8,16.7,0.0
2042-09-06,32.0,16.7,0.0
2042-09-07,31.9,15.915908386367377,0.0
2042-09-08,32.8,15.3,0.0
2042-09-09,33.2,16.3,0.0
2042-09-10,32.3,17.3,0.0
2042-09-11,30.5107210626186,17.0,0.0
2042-09-12,30.620322881279506,15.4,0.0
2042-09-13,31.3,16.5,0.0
2042-09-14,30.7,17.2,0.0
2042-09-15,31.5,17.8,0.0
2042-09-16,31.9,18.6,0.0
2042-09-17,33.5,19.493584039245892,0.0
2042-09-18,34.9,20.1,0.0
2042-09-19,34.6,20.0,0.0
2042-09-20,33.7,20.2,0.0
2042-09-21,33.9,19.6,0.0
2042-09-22,34.0,19.0,0.0
2042-09-23,30.0,19.5,0.0
2042-09-24,29.5,18.5,0.0
2042-09-25,31.9,17.5,0.0
2042-09-26,32.5,17.9,0.0
2042-09-27,31.4,18.1,0.0
2042-09-28,32.2,17.8,0.0
2042-09-29,33.0,16.57046642388042,0.0
2042-09-30,33.1,18.0,0.0
2042-10-01,32.2,17.9,0.0
2042-10-02,32.1,17.9,0.0
2042-10-03,31.8,18.1,0.0
2042-10-04,30.9,18.0,0.0
2042-10-05,31.281922766415498,17.2,0.0
2042-10-06,32.3,16.7,0.0
2042-10-07,33.2,16.9,0.0
2042-10-08,32.6,16.8,0.0
2042-10-09,33.8,18.8,0.0
2042-10-10,33.9,19.3,0.0
2042-10-11,33.2,19.0,0.0
2042-10-12,33.73244604185291,18.0,0.0
2042-10-13,35.1,18.5,0.38378378378378386
2042-10-14,36.0,16.5,0.0
2042-10-15,36.9,20.474937484474612,0.0
2042-10-16,36.3,21.2,0.0
2042-10-17,36.6,20.9,0.0
2042-10-18,37.689988093640466,20.5,0.0
2042-10-19,38.0,20.0,0.0
2042-10-20,37.9979396573138,20.7,0.0
2042-10-21,35.8,22.0,0.0
2042-10-22,35.6157639191077,21.3,0.0
2042-10-23,36.9,21.1,0.0
2042-10-24,37.147018973929626,21.6,0.0
2042-10-25,36.99832574314812,21.835635623794918,0.0
2042-10-26,37.04480708423035,21.7,0.0
2042-10-27,35.54052744886974,21.8,0.0
2042-10-28,33.2,20.4,0.0
2042-10-29,32.2,19.6,0.0
2042-10-30,32.1,19.1,0.0
2042-10-31,33.1,19.8,0.0
2042-11-01,35.2,19.8,0.0
2042-11-02,33.7,19.5,0.0
2042-11-03,34.0,20.6,0.0
2042-11-04,34.0,21.0,0.0
2042-11-05,34.5,22.0,0.0
2042-11-06,36.33139789251401,22.0,0.0
2042-11-07,36.77106661722902,21.4,0.0
2042-11-08,37.4118681486639,23.2,0.0
2042-11-09,36.3316684721453,23.0,0.0
2042-11-10,36.30379877012193,20.9,0.0
2042-11-11,33.6,20.3,0.0
2042-11-12,33.4,20.0,0.0
2042-11-13,33.5,20.0,0.0
2042-11-14,32.9,20.0,1.4
2042-11-15,31.2,19.9,2.7
2042-11-16,29.7,20.0,12.033333333333333
2042-11-17,31.7,19.9,28.880000000000013
2042-11-18,30.0,20.4,1.8
2042-11-19,28.9,19.5,1.6333333333333317
2042-11-20,30.0,19.9,2.5
2042-11-21,30.0,20.0,0.0
2042-11-22,31.7,19.9,0.0
2042-11-23,29.888736022481115,19.9,0.0
2042-11-24,28.5,19.0,0.0
2042-11-25,31.8,19.0,0.0
2042-11-26,30.446536151279197,20.0,0.0
2042-11-27,30.9,20.1,0.0
2042-11-28,29.5,19.9,5.15
2042-11-29,30.7,19.55800278870105,0.0
2042-11-30,32.3,19.0,0.0
2042-12-01,30.0,20.542592538717404,0.9114893617021276
2042-12-02,30.0,20.460113092396796,29.17574468085106
2042-12-03,28.277877287405808,19.9,28.3
2042-12-04,30.1,20.49721677269481,10.703489361702138
2042-12-05,31.6,19.9,0.0
2042-12-06,30.1,19.5,6.6
2042-12-07,28.7,19.965134327459403,7.0
2042-12-08,28.650001877487668,19.9,22.223404255319174
2042-12-09,28.6,20.2,0.0
2042-12-10,27.5,18.8,0.0
2042-12-11,30.5,17.9,0.0
2042-12-12,31.6,20.635281039099798,0.0
2042-12-13,30.934153467630313,19.9,1.0
2042-12-14,28.7,19.575537120817927,10.6
2042-12-15,29.5,19.0,30.06574468085106
2042-12-16,25.6,19.9,28.3
2042-12-17,24.984222810176753,19.9,47.90502901353966
2042-12-18,28.3,20.0,18.863981762917938
2042-12-19,28.6,19.2,4.0
2042-12-20,28.0,19.9,1.0
2042-12-21,28.7,20.3,0.5
2042-12-22,28.0,20.074278862916273,0.0
2042-12-23,30.6,18.4,0.0
2042-12-24,24.8,17.9,0.0
2042-12-25,27.5,18.4,0.0
2042-12-26,26.0,18.3,0.0
2042-12-27,28.4,18.2,1.7
2042-12-28,29.6,19.5,7.9
2042-12-29,29.0,19.5,1.7
2042-12-30,27.2,19.2,3.2
2042-12-31,27.7,18.35611454182639,16.75234042553192
2043-01-01,29.5,17.9,0.0
2043-01-02,29.9,17.8,1.9
2043-01-03,29.6,19.6,25.0
2043-01-04,29.4,19.5,4.0
2043-01-05,30.2,18.9,0.0
2043-01-06,29.43962209157902,17.9,0.0
2043-01-07,29.3,18.3,25.4
2043-01-08,29.5,17.9,0.0
2043-01-09,29.1,18.1,1.0
2043-01-10,28.7,18.4,7.649999999999997
2043-01-11,27.674788559126554,18.4,0.0
2043-01-12,28.170667384284176,18.2,2.8
2043-01-13,26.7,18.4,12.08
2043-01-14,28.7,18.9,0.0
2043-01-15,29.857897692703705,18.7,0.0
2043-01-16,28.6,19.0,4.5
2043-01-17,27.25274702911704,19.4,5.9
2043-01-18,29.5,18.86992400751891,1.4
2043-01-19,30.1,18.9,29.476923076923086
2043-01-20,27.5,17.9,12.3
2043-01-21,27.732899717587056,17.9,0.0
2043-01-22,27.684282254344147,17.8,0.0
2043-01-23,30.073223118898426,16.3,0.0
2043-01-24,31.2,15.3,0.0
2043-01-25,31.7,15.7,0.0
2043-01-26,31.9,15.3,0.0
2043-01-27,32.65456037072697,16.0,0.0
2043-01-28,32.0,18.5,0.0
2043-01-29,27.6,19.2,1.0
2043-01-30,27.4,18.6,1.9
2043-01-31,30.4,18.9,4.0
2043-02-01,30.5,18.8,0.2069284064665127
2043-02-02,28.9,18.4,12.376212471131643
2043-02-03,29.5,18.3,0.0
2043-02-04,30.5,18.7,12.5
2043-02-05,28.5,19.0,37.97832652336116
2043-02-06,27.3,18.4,10.002540415704392
2043-02-07,28.5,18.1,1.0
2043-02-08,28.0,19.0,1.0
2043-02-09,27.9,18.9,0.0
2043-02-10,28.0,18.918439386366256,0.0
2043-02-11,29.0,18.9,22.578521939953813
2043-02-12,28.0,18.7,3.0
2043-02-13,29.4,18.3,0.0
2043-02-14,30.2,18.8,0.6
2043-02-15,27.0,18.7,15.672286374133948
2043-02-16,30.9,19.0,0.0
2043-02-17,29.9,19.0,4.8
2043-02-18,24.5,18.9,125.0
2043-02-19,26.6,18.8,3.7801385681293302
2043-02-20,25.938339292808898,19.0,0.8
2043-02-21,25.6,19.0,0.0
2043-02-22,27.3,18.6,0.0
2043-02-23,28.8,19.0,12.325635103926102
2043-02-24,28.5,19.1,17.7810623556582
2043-02-25,30.0,18.9,0.0
2043-02-26,30.6,18.4,0.0
2043-02-27,31.4,17.7,0.0
2043-02-28,31.8,16.1,0.0
2043-03-01,26.5,19.1,0.0
2043-03-02,26.2,18.6,0.0
2043-03-03,28.5,16.5,0.0
2043-03-04,28.2,17.5,0.0
2043-03-05,26.2,18.5,0.0
2043-03-06,28.35714285714286,16.1,0.0
2043-03-07,28.7,16.9,0.0
2043-03-08,29.5,16.0,0.0
2043-03-09,29.1,16.0,0.0
2043-03-10,30.1,18.4,0.0
2043-03-11,27.4,20.3,0.0
2043-03-12,28.2,19.6,0.6
2043-03-13,24.6,18.92918293988892,0.0
2043-03-14,28.0,18.6,0.0
2043-03-15,28.7,18.2,7.912500000000006
2043-03-16,28.8,19.0,0.0
2043-03-17,28.4,17.5,0.0
2043-03-18,26.0,18.1,0.0
2043-03-19,25.9,19.0,0.0
2043-03-20,25.9,19.0,0.0
2043-03-21,28.5,18.2,0.0
2043-03-22,30.35,20.3,0.0
2043-03-23,31.72684563758389,18.5,0.0
2043-03-24,33.0,17.9,0.0
2043-03-25,33.7,19.353452735869816,0.0
2043-03-26,33.152406417112296,18.4,0.0
2043-03-27,32.355246913580245,18.2,0.0
2043-03-28,24.2,18.0,0.0
2043-03-29,27.6,17.4,0.0
2043-03-30,27.8,16.0,0.0
2043-03-31,28.7,15.4,0.0
2043-04-01,28.9,16.2,0.0
2043-04-02,28.5,18.8,0.0
2043-04-03,25.647058823529413,17.0,0.0
2043-04-04,26.0,16.2,0.0
2043-04-05,27.8,16.0,0.0
2043-04-06,29.4,15.6,0.0
2043-04-07,31.2,14.2,0.0
2043-04-08,31.5,14.8,0.0
2043-04-09,30.458139534883724,16.5,0.0
2043-04-10,27.7,15.9,0.0
2043-04-11,22.0,18.588860103626946,0.0
2043-04-12,29.0,16.9,0.0
2043-04-13,29.448275862068968,15.323960273122289,0.0
2043-04-14,29.2,13.946739130434752,0.0
2043-04-15,30.2,13.0,0.0
2043-04-16,31.916887816646565,15.0,0.0
2043-04-17,29.3,17.1,0.0
2043-04-18,29.393506493506493,16.0,0.0
2043-04-19,29.0,14.5,0.0
2043-04-20,27.5,13.7,0.0
2043-04-21,28.0,13.7,0.0
2043-04-22,28.6,13.2,0.0
2043-04-23,28.6,16.0,0.0
2043-04-24,27.3,18.3,0.0
2043-04-25,25.6,17.2,0.0
2043-04-26,27.2,14.1,0.0
2043-04-27,26.8,13.2,0.0
2043-04-28,27.3,12.5,0.0
2043-04-29,28.4,11.5,0.0
2043-04-30,30.0,12.0,0.0
2043-05-01,29.6,15.937154161696661,0.0
2043-05-02,29.5,15.2,0.0
2043-05-03,29.3,14.1,0.0
2043-05-04,29.4,13.883745963401498,0.0
2043-05-05,30.1,15.2,0.0
2043-05-06,30.6,17.44107308018901,0.0
2043-05-07,31.0,17.899238868490603,0.0
2043-05-08,31.190205858165783,17.727527084898263,0.0
2043-05-09,30.504935456803086,16.0,0.0
2043-05-10,30.1,17.8,0.0
2043-05-11,30.1,15.7,0.0
2043-05-12,26.5,15.2,0.2818181818181818
2043-05-13,28.0,14.9,0.0
2043-05-14,28.3,13.346372443487606,0.0
2043-05-15,29.2,13.5,0.0
2043-05-16,29.2,13.1,0.0
2043-05-17,29.517608405764484,14.4,0.0
2043-05-18,30.0,14.0,0.0
2043-05-19,29.898427367481414,13.5,0.0
2043-05-20,30.0,12.2,0.0
2043-05-21,30.2,12.7,0.0
2043-05-22,29.5,14.4,0.0
2043-05-23,29.5,13.7,0.0
2043-05-24,29.4,14.287377378800484,0.0
2043-05-25,28.0,14.3,0.0
2043-05-26,29.3,12.393877034129027,0.0
2043-05-27,29.3,13.1,0.0
2043-05-28,28.0,15.7,0.0
2043-05-29,28.1,13.5,0.0
2043-05-30,29.4,12.0,0.0
2043-05-31,29.2,13.1,0.0
2043-06-01,27.5,12.227490862863501,0.0
2043-06-02,27.6,11.5,0.0
2043-06-03,27.5,11.515118650352246,0.0
2043-06-04,25.6,12.3,0.0
2043-06-05,26.2,10.7,0.0
2043-06-06,27.5,11.2,0.0
2043-06-07,24.9,12.0,0.0
2043-06-08,23.6,11.0,0.0
2043-06-09,24.9,9.4,0.0
2043-06-10,25.6,8.80189734625775,0.0
2043-06-11,25.9,8.9,0.0
2043-06-12,26.3,10.1,0.0
2043-06-13,25.3,11.422815473983446,0.0
2043-06-14,23.9,11.0,0.0
2043-06-15,23.2,9.7,0.0
2043-06-16,23.1,7.0,0.0
2043-06-17,24.7,4.9,0.0
2043-06-18,25.4,5.26741321202663,0.0
2043-06-19,24.0,9.37504634779385,0.0
2043-06-20,24.3,9.0,0.0
2043-06-21,24.2,9.9,0.0
2043-06-22,22.4,10.3,0.0
2043-06-23,21.0,6.5,0.0
2043-06-24,22.1,5.7,0.0
2043-06-25,23.7,6.0,0.0
2043-06-26,24.80126010658609,6.5,0.0
2043-06-27,24.5,11.1,0.0
2043-06-28,22.7,12.3,0.0
2043-06-29,23.7,12.1,0.0
2043-06-30,24.0,12.4,0.0
2043-07-01,23.8,14.2,0.0
2043-07-02,24.0,14.6,0.0
2043-07-03,24.0,14.128298050472425,0.0
2043-07-04,18.1,13.1,0.0
2043-07-05,22.6,12.557391460351628,0.0
2043-07-06,24.0,12.2,0.0
2043-07-07,25.0,12.4,0.0
2043-07-08,25.2,11.6,0.0
2043-07-09,25.04617868675994,11.5,0.0
2043-07-10,23.9,11.5,0.0
2043-07-11,23.5,9.5679108252169,0.0
2043-07-12,24.7,9.0,0.0
2043-07-13,27.5,9.318514531754571,0.0
2043-07-14,28.81533526391494,10.5,0.0
2043-07-15,28.3,10.0,0.0
2043-07-16,27.7,13.28064190153994,0.0
2043-07-17,28.1,13.5,0.0
2043-07-18,29.2,13.8,0.0
2043-07-19,30.148778131023597,14.2,0.0
2043-07-20,30.827749426424262,14.2,0.0
2043-07-21,30.7,15.584083995015297,0.0
2043-07-22,29.0,15.1,0.0
2043-07-23,29.0,14.2,0.0
2043-07-24,28.895931698541652,14.2,0.0
2043-07-25,27.9,13.6,0.0
2043-07-26,26.7,12.4,0.0
2043-07-27,26.5,11.9,0.0
2043-07-28,26.7,11.9,0.0
2043-07-29,25.4,12.2,0.0
2043-07-30,25.2,11.5,0.0
2043-07-31,25.2,11.0,0.0
2043-08-01,25.5,8.74748612135799,0.0
2043-08-02,26.0,6.5,0.0
2043-08-03,28.2,7.1,0.0
2043-08-04,29.6,10.2,0.0
2043-08-05,29.5,12.2,0.0
2043-08-06,28.6,13.0,0.0
2043-08-07,28.2,13.0,0.0
2043-08-08,28.7,13.7,0.0
2043-08-09,29.5,18.37443134462875,0.0
2043-08-10,28.7,17.50285278307729,0.0
2043-08-11,27.6,18.38293059169541,0.0
2043-08-12,28.2,15.4,0.0
2043-08-13,28.2,14.5,0.0
2043-08-14,28.7,14.4,0.0
2043-08-15,29.5,15.0,0.0
2043-08-16,31.0,14.91197757548983,0.0
2043-08-17,31.49441974691269,15.4,0.0
2043-08-18,31.1,16.4,0.0
2043-08-19,30.7,15.857672527209662,0.0
2043-08-20,29.4,15.5,0.0
2043-08-21,28.7,15.3,0.0
2043-08-22,29.1,13.7,0.0
2043-08-23,30.8,13.2,0.0
2043-08-24,31.1,14.9,0.0
2043-08-25,31.5,15.3,0.0
2043-08-26,30.9,16.7,0.0
2043-08-27,30.5,16.2,0.0
2043-08-28,31.2,18.987848985271327,0.0
2043-08-29,32.9,19.0,0.0
2043-08-30,31.140751704341586,19.0,0.0
2043-08-31,30.9,17.51499257316572,0.0
2043-09-01,31.9,16.9,0.0
2043-09-02,32.8,16.7,0.0
2043-09-03,33.7,17.2,0.0
2043-09-04,32.8,17.5,0.0
2043-09-05,30.5,16.2,0.0
2043-09-06,30.6,14.6,0.0
2043-09-07,31.0,14.5,0.0
2043-09-08,31.5,15.092895487740005,0.0
2043-09-09,30.9,16.4,0.0
2043-09-10,29.4,16.9,0.0
2043-09-11,30.5,15.177196885428254,0.0
2043-09-12,31.6,16.7,0.0
2043-09-13,29.1,18.0,0.0
2043-09-14,27.5,14.327664386005416,0.0
2043-09-15,29.0,14.9,0.0
2043-09-16,30.5,14.7,0.0
2043-09-17,32.45354667579362,16.9,0.0
2043-09-18,34.0,20.563548013547397,0.0
2043-09-19,32.6,20.5,0.0
2043-09-20,31.4,18.5,0.0
2043-09-21,31.7,17.3,0.0
2043-09-22,32.9,16.4,0.0
2043-09-23,32.9,17.0,0.0
2043-09-24,33.7,16.7,0.0
2043-09-25,32.7,18.966722464010715,0.0
2043-09-26,24.752623066165672,16.5,0.0
2043-09-27,27.7,14.0,0.0
2043-09-28,29.4,14.2,0.0
2043-09-29,32.0,15.2,0.0
2043-09-30,32.5,16.9,0.0
2043-10-01,31.7,17.3,0.0
2043-10-02,32.0,17.3,0.0
2043-10-03,32.3,17.5,0.0
2043-10-04,32.7,17.0,0.0
2043-10-05,32.3,16.338628325388278,0.0
2043-10-06,32.0,18.0,0.0
2043-10-07,32.2,18.2,0.0
2043-10-08,33.2,19.3,0.0
2043-10-09,33.4,19.7,0.0
2043-10-10,33.3,18.6,0.0
2043-10-11,33.1,17.9,0.0
2043-10-12,33.7,18.5,0.0
2043-10-13,33.8,18.5,0.0
2043-10-14,33.2,19.0,0.0
2043-10-15,33.3,19.4,0.0
2043-10-16,33.8,19.4,0.0
2043-10-17,35.0,19.4,0.0
2043-10-18,35.1,20.212742195909566,0.0
2043-10-19,34.66028689100013,20.4,0.0
2043-10-20,35.1,20.0,0.0
2043-10-21,35.2,20.483911153432135,0.0
2043-10-22,35.6,20.7,0.0
2043-10-23,35.70933758383703,21.2,0.0
2043-10-24,35.72513124120227,20.9,0.0
2043-10-25,35.3,20.7,0.0
2043-10-26,35.6,21.0,0.0
2043-10-27,35.0,20.7,0.0
2043-10-28,35.2,21.0,0.0
2043-10-29,34.6,20.481039579365724,0.0
2043-10-30,34.3,20.2,0.0
2043-10-31,35.3,20.3,0.0
2043-11-01,35.6,22.0,0.0
2043-11-02,36.3,22.982484274635453,0.0
2043-11-03,36.0,24.38779296875,0.0
2043-11-04,35.5,23.993505859375,0.0
2043-11-05,37.2,23.3,0.0
2043-11-06,36.74199967307363,22.578132735973192,0.0
2043-11-07,36.3265274591507,22.1,0.0
2043-11-08,37.67658969980798,21.7,0.0
2043-11-09,36.75436147690982,23.2,0.0
2043-11-10,36.34113875924063,22.9,0.0
2043-11-11,36.911318777970344,22.3,0.0
2043-11-12,37.814944024409385,21.5,0.0
2043-11-13,37.69242234235254,20.9,0.0
2043-11-14,32.9,19.726213396686752,7.011764705882354
2043-11-15,27.77281998098695,17.727292520144335,0.0
2043-11-16,29.5,17.0,0.0
2043-11-17,31.3,16.4,0.0
2043-11-18,32.6,17.0,0.0
2043-11-19,32.2,19.5,0.0
2043-11-20,33.15346829810901,17.8,0.0
2043-11-21,30.6,19.2,4.8
2043-11-22,26.7,17.9,0.4
2043-11-23,30.5,17.9,0.0
2043-11-24,32.0,17.9,0.0
2043-11-25,31.96316291284384,18.0,0.0
2043-11-26,31.5,17.4,0.0
2043-11-27,32.0,16.5,3.2
2043-11-28,30.2,18.0,0.0
2043-11-29,32.5,17.9,0.0
2043-11-30,33.5,20.0,0.0
2043-12-01,33.1,20.749935439905947,0.0
2043-12-02,32.1,20.3,0.0
2043-12-03,29.8,19.9,2.7
2043-12-04,28.7,19.8,33.28170212765957
2043-12-05,28.0,19.6,9.523404255319152
2043-12-06,30.455968914909803,18.7,3.711063829787238
2043-12-07,28.3,19.6,13.5
2043-12-08,27.0,19.75792632865668,25.0
2043-12-09,25.5,18.9,7.0
2043-12-10,26.0,18.9,28.3
2043-12-11,24.910035368291556,18.8,13.6
2043-12-12,26.5,18.1,0.0
2043-12-13,28.2,16.9,0.0
2043-12-14,29.9,17.8,0.0
2043-12-15,30.7,18.2,1.165212765957447
2043-12-16,29.4,18.8,7.0
2043-12-17,27.8,19.5,6.9
2043-12-18,28.1,18.9,13.571063829787237
2043-12-19,29.2,18.6,1.4
2043-12-20,28.7,17.9,10.013723404255321
2043-12-21,27.2,17.9,8.718297872340424
2043-12-22,26.6,18.8,28.3
2043-12-23,26.5,19.0,7.0
2043-12-24,27.4,18.6,1.0
2043-12-25,26.9,18.9,7.6
2043-12-26,27.0,18.6,6.52622340425532
2043-12-27,27.048996115505215,19.4,5.6
2043-12-28,26.3,18.7,2.0
2043-12-29,28.4,17.5,12.63617021276596
2043-12-30,25.4,18.1,28.3
2043-12-31,25.7,17.9,21.400000000000055
2044-01-01,29.0,16.92930883420532,3.1
2044-01-02,28.5,17.8,19.0
2044-01-03,29.7,16.7,0.0
2044-01-04,29.8,18.1,6.0
2044-01-05,27.3,17.9,5.0
2044-01-06,28.9,17.2,5.9
2044-01-07,29.8,18.2,5.7
2044-01-08,28.7,18.6,2.4
2044-01-09,27.9,18.2,0.0
2044-01-10,27.0,18.0,1.7
2044-01-11,29.0,17.5,5.4
2044-01-12,28.2,18.5,8.2
2044-01-13,28.9,18.5,0.0
2044-01-14,28.2,18.9,1.3
2044-01-15,29.2,18.9,0.0
2044-01-16,28.4,18.5,11.9
2044-01-17,26.9,18.2,3.4
2044-01-18,26.3,18.200845763493763,16.8
2044-01-19,26.9,18.1,3.7
2044-01-20,29.2,18.5,11.7
2044-01-21,26.3,18.8,34.975
2044-01-22,24.8,18.6,39.166666666666664
2044-01-23,26.9,18.8,14.0
2044-01-24,28.0,18.1,3.9
2044-01-25,26.5,17.9,9.3
2044-01-26,27.9,18.3,0.0
2044-01-27,28.6,18.5,0.0
2044-01-28,29.5,19.6233109294301,0.0
2044-01-29,28.6,18.3,7.7
2044-01-30,29.0,18.1,58.773170731707346
2044-01-31,28.2,18.049047230309462,27.4
2044-02-01,26.5,18.2,0.2
2044-02-02,25.5,18.9,4.8
2044-02-03,29.3,18.7,0.0
2044-02-04,30.871423078824357,18.2,0.0
2044-02-05,28.1,18.7,17.377598152424945
2044-02-06,26.5,18.7,6.025173210161665
2044-02-07,24.20428817375182,18.5,7.4
2044-02-08,23.9,18.4,12.325635103926102
2044-02-09,26.71698503275075,18.4,15.0
2044-02-10,29.8,18.4,3.7801385681293302
2044-02-11,26.0,18.2,11.842032332563512
2044-02-12,29.8,18.2,0.0
2044-02-13,29.2,17.2,0.0
2044-02-14,26.6,18.8,3.0
2044-02-15,27.6,18.2,18.712240184757512
2044-02-16,28.5,17.1,1.8
2044-02-17,28.8,18.4,11.11224018475751
2044-02-18,28.52894745053011,18.6,29.2
2044-02-19,27.6,18.8,41.97228637413395
2044-02-20,27.7,19.0,0.0
2044-02-21,28.1,19.0,0.0
2044-02-22,28.6,18.9,0.0
2044-02-23,28.5,19.1,0.0
2044-02-24,24.3,18.9,0.0
2044-02-25,24.0,18.7,0.0
2044-02-26,27.2,18.6,8.675981524249424
2044-02-27,29.2,17.9,0.0
2044-02-28,30.1,16.9,0.0
2044-03-01,29.9,14.9,0.0
2044-03-02,28.0,18.5,0.0
2044-03-03,26.7,17.2,0.0
2044-03-04,28.6,15.8,0.0
2044-03-05,30.2,14.5,0.0
2044-03-06,29.0,15.6,0.0
2044-03-07,28.5,16.9,0.0
2044-03-08,28.9,15.7,0.0
2044-03-09,28.0,16.882467083455108,0.0
2044-03-10,28.8,15.641174199992438,0.0
2044-03-11,22.7,17.5,0.0
2044-03-12,30.5,18.4,0.0
2044-03-13,27.6,18.1,0.0
2044-03-14,28.9,17.0,0.0
2044-03-15,30.7,15.4,0.0
2044-03-16,32.0,14.5,0.0
2044-03-17,32.6,14.8,0.0
2044-03-18,33.0,15.5,0.0
2044-03-19,33.473223350253804,16.4,0.0
2044-03-20,30.1,18.5,0.0
2044-03-21,32.32901234567901,17.7,1.4
2044-03-22,23.4,18.9,11.0
2044-03-23,25.7,17.1,0.0
2044-03-24,27.4,15.0,0.0
2044-03-25,27.0,14.4,0.0
2044-03-26,30.7,15.178057124319862,0.0
2044-03-27,30.9,15.6,0.0
2044-03-28,28.1,18.7,9.225000000000003
2044-03-29,28.6,18.4,19.2375
2044-03-30,27.8,16.5,0.0
2044-03-31,29.7,16.0,0.0
2044-04-01,30.1,14.3,0.0
2044-04-02,30.7,14.3,0.0
2044-04-03,28.2,18.4,0.0
2044-04-04,25.6,16.2,0.0
2044-04-05,28.0,18.1,2.6000000000000005
2044-04-06,27.1,18.4,13.040909090909087
2044-04-07,29.1,16.6,11.450000000000019
2044-04-08,29.6,16.9,16.823529411764707
2044-04-09,29.0,17.8,38.25362903225804
2044-04-10,25.9,18.4,12.38888888888889
2044-04-11,25.6,18.1,0.0
2044-04-12,25.369999999999997,17.9,0.0
2044-04-13,25.3,17.8,0.0
2044-04-14,24.7,17.9,0.0
2044-04-15,26.1,16.5,0.0
2044-04-16,27.6,16.2,0.0
2044-04-17,28.4,18.042328042328045,0.0
2044-04-18,28.81307692307692,18.515025906735755,0.8181818181818182
2044-04-19,28.7,19.0,0.0
2044-04-20,28.92127659574468,16.7,0.0
2044-04-21,28.4,15.7,0.0
2044-04-22,27.2,14.9,0.0
2044-04-23,26.9,14.432298136645969,0.0
2044-04-24,23.3,17.504549356223173,0.0
2044-04-25,23.6,17.4,0.0
2044-04-26,24.2,18.1,0.0
2044-04-27,25.5,18.4,0.0
2044-04-28,28.1,18.5,0.0
2044-04-29,28.6,18.0,0.0
2044-04-30,27.6,16.0,0.0
2044-05-01,27.216463656450056,13.9,0.0
2044-05-02,27.0,12.2,0.0
2044-05-03,27.5,10.2,0.0
2044-05-04,28.0,10.0,0.0
2044-05-05,27.5,10.8,0.0
2044-05-06,25.6,11.6,0.0
2044-05-07,25.9,10.2,0.0
2044-05-08,26.7,9.6,0.0
2044-05-09,22.1,14.4,0.0
2044-05-10,23.5,10.9,0.0
2044-05-11,23.7,8.9,0.0
2044-05-12,24.6,7.3,0.0
2044-05-13,26.7,7.0,0.0
2044-05-14,27.3,10.0,0.0
2044-05-15,25.6,9.6,0.0
2044-05-16,24.8,8.3,0.0
2044-05-17,25.1,8.6,0.0
2044-05-18,26.0,8.093039110154285,0.0
2044-05-19,27.035251422420416,7.9,0.0
2044-05-20,27.9,7.4,0.0
2044-05-21,28.1,6.5,0.0
2044-05-22,27.8,8.5,0.0
2044-05-23,25.5,11.4,0.0
2044-05-24,26.7,11.2,0.0
2044-05-25,28.0,10.5,0.0
2044-05-26,28.0,11.0,0.0
2044-05-27,24.8,12.7,0.0
2044-05-28,24.0,12.5,0.0
2044-05-29,26.1,10.5,0.0
2044-05-30,27.843404819077573,11.2,0.0
2044-05-31,28.161386259474213,11.5,0.0
2044-06-01,25.070945213387585,12.2,0.0
2044-06-02,24.7,11.5,0.0
2044-06-03,25.0,10.1,0.0
2044-06-04,25.2,9.5,0.0
2044-06-05,26.0,9.1,0.0
2044-06-06,27.0,9.0,0.0
2044-06-07,25.3,11.6,0.0
2044-06-08,25.5,10.756459284262213,0.0
2044-06-09,24.7,11.209394035701047,0.0
2044-06-10,23.37365823136819,9.0,0.0
2044-06-11,23.4,7.4,0.0
2044-06-12,23.9,7.4,0.0
2044-06-13,24.708461864844107,5.6,0.0
2044-06-14,22.6,8.6,0.0
2044-06-15,22.0,7.4,0.0
2044-06-16,21.9,6.0,0.0
2044-06-17,22.1,5.6268870173208345,0.0
2044-06-18,22.7,5.9,0.0
2044-06-19,24.1,5.4,0.0
2044-06-20,25.2,6.9,0.0
2044-06-21,26.0,8.631694475342977,0.0
2044-06-22,27.83846512464831,10.2,0.0
2044-06-23,29.5,10.3,0.0
2044-06-24,27.7,11.5,0.0
2044-06-25,26.9,12.1,0.0
2044-06-26,26.9,12.4,0.0
2044-06-27,28.0,13.6,0.0
2044-06-28,30.367172554444547,16.49120437713319,0.0
2044-06-29,30.4,17.430617270420896,0.0
2044-06-30,30.832430438296747,16.872678410038933,0.0
2044-07-01,31.220108404698163,15.3,0.0
2044-07-02,30.747370594148936,15.3,0.0
2044-07-03,30.0,15.0,0.0
2044-07-04,28.6,14.2,0.0
2044-07-05,26.7,13.3,0.0
2044-07-06,25.8,12.2,0.0
2044-07-07,26.9,11.5,0.0
2044-07-08,27.7,11.08191603875134,0.0
2044-07-09,28.1,12.0,0.0
2044-07-10,27.7,12.4,0.0
2044-07-11,26.7,12.2,0.0
2044-07-12,26.874993789848457,12.1,0.0
2044-07-13,27.2,12.7,0.0
2044-07-14,26.7,12.7,0.0
2044-07-15,26.0,12.4,0.0
2044-07-16,25.7,12.0,0.0
2044-07-17,26.1,11.5,0.0
2044-07-18,26.7,11.1,0.0
2044-07-19,25.0,12.7,0.0
2044-07-20,25.4,11.5,0.0
2044-07-21,26.4,11.132508073196982,0.0
2044-07-22,27.61649159273968,11.7,0.0
2044-07-23,27.6,12.1,0.0
2044-07-24,27.4,12.4,0.0
2044-07-25,25.9,13.0,0.0
2044-07-26,25.2,11.7,0.0
2044-07-27,25.7,10.6,0.0
2044-07-28,26.7,8.5,0.0
2044-07-29,26.7,9.9,0.0
2044-07-30,27.4,10.0,0.0
2044-07-31,26.6,11.7,0.0
2044-08-01,24.7,11.9,0.0
2044-08-02,24.2,10.5,0.0
2044-08-03,24.4,10.8,0.0
2044-08-04,24.1,10.0,0.0
2044-08-05,23.8,9.0,0.0
2044-08-06,24.0,7.618999835799383,0.0
2044-08-07,24.3,8.4,0.0
2044-08-08,23.0,10.2,0.0
2044-08-09,22.9,7.9,0.0
2044-08-10,24.526672709761485,5.504391006763206,0.0
2044-08-11,24.5,12.3,0.0
2044-08-12,26.7,10.2,0.0
2044-08-13,30.0,16.9,0.0
2044-08-14,32.9,16.7,0.0
2044-08-15,31.6,18.3,0.0
2044-08-16,31.9,18.238447812721216,0.0
2044-08-17,32.9,18.66788382956932,0.0
2044-08-18,32.1,18.79684598720024,0.0
2044-08-19,31.2,19.139917777649824,0.0
2044-08-20,28.6,17.2,0.0
2044-08-21,27.2,15.7,0.0
2044-08-22,22.9,14.4,0.0
2044-08-23,25.2,13.4,0.0
2044-08-24,26.7,11.2,0.0
2044-08-25,28.7,13.5,0.0
2044-08-26,29.5,14.7,0.0
2044-08-27,29.6,15.2,0.0
2044-08-28,29.530355220667374,15.7,0.0
2044-08-29,30.0361241926803,14.8,0.0
2044-08-30,30.4,14.5,0.0
2044-08-31,29.5,15.2,0.0
2044-09-01,29.695934258019115,14.9,0.0
2044-09-02,30.0,14.4,0.0
2044-09-03,30.42824217978439,14.8,0.0
2044-09-04,31.4,15.6,0.0
2044-09-05,32.5,17.1,0.0
2044-09-06,33.0,18.0,0.0
2044-09-07,33.7,18.3,0.0
2044-09-08,34.3,19.6,0.0
2044-09-09,31.5,19.5,0.0
2044-09-10,30.2,16.9,0.0
2044-09-11,31.3,15.2,0.0
2044-09-12,31.5,16.0,0.0
2044-09-13,30.3,17.1,0.0
2044-09-14,31.0,16.4,0.0
2044-09-15,31.9,15.7,0.0
2044-09-16,31.7,17.4,0.0
2044-09-17,31.7,18.0,0.0
2044-09-18,31.5,17.9,0.0
2044-09-19,32.2,17.1,0.0
2044-09-20,33.8,17.5,0.0
2044-09-21,34.1,20.2,0.0
2044-09-22,34.2,19.974592333541054,0.0
2044-09-23,34.5,19.4,0.0
2044-09-24,34.5,19.5,0.0
2044-09-25,33.9,19.2,0.0
2044-09-26,33.0,18.9,0.0
2044-09-27,31.9,18.7,0.0
2044-09-28,31.5,17.7,0.0
2044-09-29,32.1,16.968806610519632,0.0
2044-09-30,33.7,17.6,0.0
2044-10-01,33.2,18.9,0.0
2044-10-02,32.2,19.0,0.0
2044-10-03,32.3,18.6,0.0
2044-10-04,33.9,21.41001787025509,0.0
2044-10-05,35.8,17.9,1.6
2044-10-06,34.1,17.16240651471896,0.0
2044-10-07,34.0,19.5,0.0
2044-10-08,34.0,20.0,0.0
2044-10-09,34.9,20.0,0.0
2044-10-10,36.0,20.2,0.0
2044-10-11,37.14950058114751,21.0,0.0
2044-10-12,35.5,21.191263372948747,0.0
2044-10-13,35.4,20.7,0.0
2044-10-14,35.971088984571225,20.2,0.0
2044-10-15,37.41229079729266,20.3,0.0
2044-10-16,38.017914863352104,20.3,0.0
2044-10-17,38.483251953125,20.4,0.0
2044-10-18,39.370703125,21.0,0.0
2044-10-19,39.46201171875,21.7,0.0
2044-10-20,39.925146484375,21.9,0.0
2044-10-21,39.687109375,21.4,0.0
2044-10-22,38.058079388818456,22.819908160227175,0.0
2044-10-23,38.0,21.3,0.0
2044-10-24,38.18306486182684,20.3,0.0
2044-10-25,39.425146484375,20.3,0.0
2044-10-26,40.594091796875,20.9,0.0
2044-10-27,40.19541015625,21.7,0.0
2044-10-28,37.68008611410112,23.320211171862255,0.0
2044-10-29,37.2,21.89332349566471,0.0
2044-10-30,38.0,22.167921964424625,0.0
2044-10-31,38.62314453125,22.686980967867523,0.0
2044-11-01,40.3017578125,23.228355456680262,0.0
2044-11-02,40.03564453125,23.93369140625,0.0
2044-11-03,37.711421513406,25.716650390625,0.0
2044-11-04,35.7,23.2,0.0
2044-11-05,37.22177285700735,23.276355729439697,0.0
2044-11-06,39.51123046875,24.18955078125,0.0
2044-11-07,36.0334975369458,25.6255859375,0.0
2044-11-08,35.7,22.99517604762458,0.0
2044-11-09,35.6,22.40795554796169,0.0
2044-11-10,35.69338683192966,20.6,0.8
2044-11-11,34.0,20.4,0.0
2044-11-12,33.4,20.70281794586578,1.0
2044-11-13,30.7,20.310866036457444,6.775
2044-11-14,27.5,20.0,0.0
2044-11-15,28.0,19.7,0.0
2044-11-16,26.0,18.5,1.4
2044-11-17,30.1,19.4,1.5
2044-11-18,30.0,19.0,0.0
2044-11-19,32.2,19.7,3.2
2044-11-20,31.2,19.6,0.0
2044-11-21,30.1,19.6,0.0
2044-11-22,31.0,19.8,2.3
2044-11-23,28.6,19.758858265013245,28.513333333333346
2044-11-24,29.451061863609137,19.9,9.457142857142857
2044-11-25,31.0,19.7,9.199999999999994
2044-11-26,31.6,20.0,29.292307692307688
2044-11-27,31.3,19.7,0.0
2044-11-28,30.9,19.9,0.0
2044-11-29,30.4,20.5,0.0
2044-11-30,27.9,20.0,0.0
2044-12-01,28.35297811266594,17.6,0.0
2044-12-02,29.0,17.3,0.0
2044-12-03,28.3,17.3,0.0
2044-12-04,28.58851742177062,19.0,0.0
2044-12-05,32.0,17.0,0.0
2044-12-06,32.1,16.7,0.0
2044-12-07,32.077045628458606,16.9,0.0
2044-12-08,30.1,17.5,0.0
2044-12-09,29.9,19.5,6.35
2044-12-10,29.7,18.5,7.8
2044-12-11,29.2,18.3,1.2
2044-12-12,30.0,19.9,1.7
2044-12-13,30.8,20.42013391968519,10.013723404255321
2044-12-14,30.888932992465005,19.2,10.0
2044-12-15,25.8,19.6,11.133191489361707
2044-12-16,28.3,19.5,7.890851063829788
2044-12-17,29.3,19.780829349442328,0.0
2044-12-18,27.5,20.3,0.0
2044-12-19,26.5,19.9,2.0
2044-12-20,29.9,19.5,0.0
2044-12-21,31.5,20.847686525649678,0.8
2044-12-22,25.6,19.8,2.4
2044-12-23,27.1,19.5,11.213787234042558
2044-12-24,30.5,19.2,0.0
2044-12-25,31.2,19.835781642447074,3.4
2044-12-26,29.0,19.9,8.618085106382985
2044-12-27,26.2,19.9,5.6
2044-12-28,27.5,19.4,2.7329787234042575
2044-12-29,27.5,19.6,0.0
2044-12-30,26.9,19.92399312205555,0.2
2044-12-31,27.1,19.8,4.3
2045-01-01,26.0,19.4,32.94
2045-01-02,23.148994975141537,18.8,60.4
2045-01-03,24.0,18.4,38.611111111111114
2045-01-04,24.9,18.2,19.0
2045-01-05,27.4,18.4,38.65555555555556
2045-01-06,28.4,18.9,23.0
2045-01-07,30.8,17.5,0.0
2045-01-08,31.1,18.2,0.0
2045-01-09,31.1,18.5,0.0
2045-01-10,27.4,18.9,17.950000000000003
2045-01-11,28.7,17.5,0.0
2045-01-12,29.5,16.4,0.0
2045-01-13,30.4,19.0,0.0
2045-01-14,31.0,19.2,0.0
2045-01-15,31.9,17.9,0.0
2045-01-16,32.0,19.9,0.0
2045-01-17,29.5,19.0,2.1
2045-01-18,28.6,19.66845907511992,41.35
2045-01-19,26.9,18.6,4.5
2045-01-20,28.6,17.9,3.5
2045-01-21,26.3,19.2,43.0
2045-01-22,24.6,19.0,60.29999999999999
2045-01-23,28.8,19.657024907868866,1.8
2045-01-24,29.5,19.2,3.9
2045-01-25,25.9,19.169293786213913,16.8
2045-01-26,26.0,19.7,23.4
2045-01-27,26.1,19.4,1.0
2045-01-28,25.5,18.9,0.0
2045-01-29,27.2,17.4,0.0
2045-01-30,26.9,17.0,0.0
2045-01-31,27.0,16.0,0.0
2045-02-01,30.4,14.8,0.0
2045-02-02,30.7,17.2,0.0
2045-02-03,30.6,17.9,0.0
2045-02-04,30.6,17.6,0.0
2045-02-05,31.0,18.8,0.0
2045-02-06,31.7,18.8,31.233718244803704
2045-02-07,32.8,19.0,18.91327944572748
2045-02-08,26.9,18.8,0.7829099307159356
2045-02-09,28.0,19.0,1.3808314087759817
2045-02-10,28.6,19.5,5.325173210161664
2045-02-11,28.4,19.0,15.427251732101633
2045-02-12,29.9,18.5,0.0
2045-02-13,27.6,19.0,18.86397228637413
2045-02-14,28.7,18.8,27.910854503464204
2045-02-15,28.0,19.0,0.0
2045-02-16,29.0,19.0,1.4
2045-02-17,30.7,19.0,0.0
2045-02-18,27.6,19.912029968529648,5.4
2045-02-19,26.5,19.9,21.2715935334873
2045-02-20,24.6,18.8,125.0
2045-02-21,26.6,18.4,62.901129767180635
2045-02-22,27.6,19.0,26.0
2045-02-23,25.6,18.968131416048283,7.4
2045-02-24,27.0,18.4,0.0
2045-02-25,28.2,16.439044497417555,0.0
2045-02-26,28.7,15.4,0.0
2045-02-27,30.3,18.0,0.0
2045-02-28,31.8,16.5,0.0
2045-03-01,33.0,17.4,0.0
2045-03-02,30.7,17.3,0.0
2045-03-03,28.0,19.3385473317591,0.0
2045-03-04,28.7,17.7,0.0
2045-03-05,25.9,16.0,0.0
2045-03-06,25.4,14.655796872031901,0.0
2045-03-07,27.71385135135135,13.0,0.0
2045-03-08,31.2,14.8,0.0
2045-03-09,31.8,18.6,0.0
2045-03-10,31.4,17.8,0.0
2045-03-11,31.8,16.8,0.0
2045-03-12,31.5,17.8,0.0
2045-03-13,31.5,17.0,0.0
2045-03-14,30.0,17.6,0.0
2045-03-15,29.7,19.029545470328824,0.0
2045-03-16,31.6,17.4,0.0
2045-03-17,31.5,18.6,0.0
2045-03-18,27.2,19.9,0.0
2045-03-19,26.5,19.0,0.0
2045-03-20,27.4,17.3,0.0
2045-03-21,28.8,14.0,0.0
2045-03-22,31.3,14.6,0.0
2045-03-23,33.0,16.0,0.0
2045-03-24,33.0,17.1,0.0
2045-03-25,32.4,17.4,0.0
2045-03-26,31.748322147651002,17.2,0.0
2045-03-27,32.0,16.0,0.0
2045-03-28,32.0,15.9,0.0
2045-03-29,31.83378378378378,16.5,0.0
2045-03-30,32.0,18.6,0.0
2045-03-31,31.773825503355702,17.7,0.0
2045-04-01,31.5,16.0,0.0
2045-04-02,31.811718749999997,16.0,0.0
2045-04-03,31.9,18.985112359550563,0.0
2045-04-04,29.6,18.8,2.0
2045-04-05,30.4,16.8,0.0
2045-04-06,30.008450704225353,15.4,0.0
2045-04-07,31.2,13.9,0.0
2045-04-08,32.3,14.0,0.0
2045-04-09,31.6,15.5,0.0
2045-04-10,30.0,19.4,0.0
2045-04-11,30.8,17.3,0.0
2045-04-12,32.0,15.0,0.0
2045-04-13,32.0,15.3,0.0
2045-04-14,32.5,15.964285714285715,0.0
2045-04-15,32.73508474576271,15.7,0.0
2045-04-16,34.00603448275862,15.0,0.0
2045-04-17,34.10571428571429,16.7,0.0
2045-04-18,32.5995283018868,18.0,0.0
2045-04-19,31.6,20.46385498046875,0.0
2045-04-20,31.6,17.8,0.0
2045-04-21,31.197222222222223,16.0,0.0
2045-04-22,31.23543307086614,15.6,0.0
2045-04-23,33.130330672748,14.9,0.0
2045-04-24,33.26635514018691,15.5,0.0
2045-04-25,33.2,16.7,0.0
2045-04-26,32.894067796610166,17.2,0.0
2045-04-27,32.52429245283019,16.7,0.0
2045-04-28,28.7,17.2,0.0
2045-04-29,29.5,19.004616013071892,0.0
2045-04-30,26.7,19.169186046511626,0.0
2045-05-01,28.9,17.5,0.0
2045-05-02,27.5,15.0,0.0
2045-05-03,28.3,12.6,0.0
2045-05-04,29.9,11.0,0.0
2045-05-05,30.497544469193944,10.4,0.0
2045-05-06,31.098182299749055,11.2,0.0
2045-05-07,31.69336715127887,15.2,0.0
2045-05-08,31.544564047362744,16.800160691384974,0.0
2045-05-09,30.994716743551734,17.361941713303594,0.0
2045-05-10,30.5,15.2,0.0
2045-05-11,31.0,14.9,0.0
2045-05-12,31.0,15.9,0.0
2045-05-13,28.7,14.9,0.0
2045-05-14,27.5,14.2,0.0
2045-05-15,26.3,14.0,0.0
2045-05-16,26.4,13.0,0.0
2045-05-17,26.7,12.8,0.0
2045-05-18,27.5,11.9,0.0
2045-05-19,28.7,12.082073138800798,0.0
2045-05-20,29.2,12.767699238528074,0.0
2045-05-21,29.0,13.1,0.0
2045-05-22,27.286179504298886,12.674587136506057,0.0
2045-05-23,28.376828754621606,12.1,0.0
2045-05-24,29.340631925536627,12.3,0.0
2045-05-25,29.3,13.1,0.0
2045-05-26,29.3,12.3,0.0
2045-05-27,29.2,12.7,0.0
2045-05-28,29.5,10.5,0.0
2045-05-29,29.47713885898815,11.671317084422563,0.0
2045-05-30,28.0,10.8,0.0
2045-05-31,28.6,9.0,0.0
2045-06-01,27.9,9.7,0.0
2045-06-02,25.7,12.0,0.0
2045-06-03,25.2,11.0,0.0
2045-06-04,25.4,10.2,0.0
2045-06-05,24.3,11.2,0.0
2045-06-06,22.6,10.9,0.0
2045-06-07,23.9,11.0,0.0
2045-06-08,24.7,10.0,0.0
2045-06-09,27.463683967511066,9.2,0.0
2045-06-10,27.7,10.6,0.0
2045-06-11,27.6,11.80384505120237,0.0
2045-06-12,24.8,11.3,0.0
2045-06-13,24.9,9.0,0.0
2045-06-14,24.8,6.0,0.0
2045-06-15,24.7,3.5,0.0
2045-06-16,24.8,2.689692250648869,0.0
2045-06-17,21.0,3.433526835372636,0.0
2045-06-18,20.7,1.881938706926031,0.0
2045-06-19,22.0,1.0861232963557281,0.0
2045-06-20,21.14480533926585,7.0,0.0
2045-06-21,21.307445594820457,6.850586121331394,0.0
2045-06-22,22.1,4.9,0.0
2045-06-23,23.4,1.4869917663674936,0.0
2045-06-24,23.9,2.125928144281871,0.0
2045-06-25,24.7,2.1436182653090334,0.0
2045-06-26,24.5,1.8,0.0
2045-06-27,22.578627045924048,9.0,0.0
2045-06-28,21.0,8.1,0.0
2045-06-29,20.0,5.29427556322946,0.0
2045-06-30,21.4,2.3,0.0
2045-07-01,22.0,4.0,0.0
2045-07-02,22.9,4.9,0.0
2045-07-03,23.0,5.76259015985296,0.0
2045-07-04,25.7,6.0,0.0
2045-07-05,27.1,5.727084202895367,0.0
2045-07-06,25.5,6.5,0.0
2045-07-07,25.5,9.0,0.0
2045-07-08,26.5,10.0,0.0
2045-07-09,28.0,11.3,0.0
2045-07-10,28.2,12.197789869742545,0.0
2045-07-11,29.0,12.7,0.0
2045-07-12,29.2,12.7,0.0
2045-07-13,28.87377206305203,12.9,0.0
2045-07-14,26.7,13.1,0.0
2045-07-15,24.051463939720126,12.1,0.0
2045-07-16,24.3,10.5,0.0
2045-07-17,24.5,9.0,0.0
2045-07-18,25.0,7.4,0.0
2045-07-19,25.3,8.575995694294935,0.0
2045-07-20,25.3,9.3,0.0
2045-07-21,26.174448331539278,9.210986724076067,0.0
2045-07-22,26.6,9.0,0.0
2045-07-23,26.5,8.981263238306886,0.0
2045-07-24,26.4,9.5,0.0
2045-07-25,24.29570308209398,11.5,0.0
2045-07-26,23.0,8.4,0.0
2045-07-27,23.9,6.7,0.0
2045-07-28,25.0,7.9,0.0
2045-07-29,23.9,10.2,0.0
2045-07-30,22.34747936849659,10.7,0.0
2045-07-31,21.8,12.104198062432728,0.0
2045-08-01,23.7,9.4,0.0
2045-08-02,23.7,9.7,0.0
2045-08-03,24.3,9.4,0.0
2045-08-04,25.2,13.7,0.0
2045-08-05,25.7,15.2,0.0
2045-08-06,24.0,13.6,0.0
2045-08-07,21.18979927816121,12.9,0.0
2045-08-08,23.0,10.7,0.0
2045-08-09,24.1,8.7,0.0
2045-08-10,25.3,8.9,0.0
2045-08-11,26.0,10.0,0.0
2045-08-12,26.5,10.010314340658676,0.0
2045-08-13,26.6,10.8,0.0
2045-08-14,24.6,12.1,0.0
2045-08-15,23.855844404795256,10.439580826948648,0.0
2045-08-16,24.1,7.9,0.0
2045-08-17,24.4,9.5,0.0
2045-08-18,25.2,11.4,0.0
2045-08-19,26.4,13.2,0.0
2045-08-20,27.0,12.7,0.0
2045-08-21,26.7,13.4,0.0
2045-08-22,26.7,12.824627890575702,0.0
2045-08-23,26.3,11.2,0.0
2045-08-24,27.1,9.8,0.0
2045-08-25,28.2,10.9,0.0
2045-08-26,29.1,11.9,0.0
2045-08-27,30.6,12.9,0.0
2045-08-28,31.569959942825882,13.2,0.0
2045-08-29,28.2,16.9,0.0
2045-08-30,24.2,13.548150853452254,0.0
2045-08-31,25.0,11.8,0.0
2045-09-01,27.2,9.347543566926214,0.0
2045-09-02,27.5,11.8,0.0
2045-09-03,27.1,11.0,0.0
2045-09-04,28.3,9.5,0.0
2045-09-05,29.4,11.0,0.0
2045-09-06,28.9,13.8,0.0
2045-09-07,28.1,12.9,0.0
2045-09-08,28.0,12.823393585465332,0.0
2045-09-09,29.1,13.5,0.0
2045-09-10,30.3,14.2,0.0
2045-09-11,31.0,16.3,0.0
2045-09-12,30.7,18.6,0.0
2045-09-13,30.7,17.8,0.0
2045-09-14,29.783949244015986,16.864553207267335,0.0
2045-09-15,30.2,15.436818687430481,0.0
2045-09-16,31.6,15.5,0.0
2045-09-17,30.4,17.6,0.0
2045-09-18,29.2,17.0,0.0
2045-09-19,28.1,15.74839945618589,0.0
2045-09-20,29.2,14.5,0.0
2045-09-21,30.9,14.618113808370953,0.0
2045-09-22,31.6,16.4,0.0
2045-09-23,32.0,17.5,0.0
2045-09-24,32.9,17.9,0.0
2045-09-25,33.5,18.5,0.0
2045-09-26,34.0,20.199067970259357,0.0
2045-09-27,35.3,21.2,0.0
2045-09-28,36.1071930776634,21.639214349488046,0.0
2045-09-29,36.11291589337059,20.5,0.0
2045-09-30,36.063045642208024,20.54195768930654,0.0
2045-10-01,36.4,21.6,0.0
2045-10-02,36.0,23.403030420930204,0.0
2045-10-03,36.29409075618944,22.19333255176969,0.0
2045-10-04,37.2,21.4,0.0
2045-10-05,37.34037851866047,21.76559741657696,0.0
2045-10-06,35.4,21.6,0.0
2045-10-07,34.7,20.6,0.0
2045-10-08,35.0,20.2,0.0
2045-10-09,35.155669054600786,20.4,0.0
2045-10-10,35.5,19.8,0.0
2045-10-11,36.6,19.5,0.0
2045-10-12,37.148968808172235,20.2,0.0
2045-10-13,38.899267578125,20.3,0.0
2045-10-14,39.731298828125,20.9,0.0
2045-10-15,35.0,21.4,0.0
2045-10-16,33.4,19.9,0.0
2045-10-17,33.4,19.6,0.0
2045-10-18,34.6,20.3,0.0
2045-10-19,35.2,20.7,0.0
2045-10-20,35.74523225966712,20.3,0.0
2045-10-21,36.9,20.4,0.0
2045-10-22,34.4,21.277985039037468,0.0
2045-10-23,34.9,20.2,0.0
2045-10-24,35.69519043583813,20.7,0.0
2045-10-25,35.8,20.7,0.0
2045-10-26,36.6,21.0,0.0
2045-10-27,34.9,22.148979526585585,0.0
2045-10-28,33.4,20.6,0.0
2045-10-29,33.6,20.1,0.0
2045-10-30,36.0,21.2,0.0
2045-10-31,35.8,23.545413329441143,0.0
2045-11-01,35.5,22.576478204468497,0.0
2045-11-02,36.4,23.3,0.0
2045-11-03,37.240415793603574,24.973486328125,0.0
2045-11-04,34.74340853999627,20.5,0.0
2045-11-05,32.8,20.4,0.0
2045-11-06,32.6,20.0,0.0
2045-11-07,33.2,20.0,0.0
2045-11-08,33.7,19.857821556114992,0.0
2045-11-09,32.6,19.8,0.0
2045-11-10,33.00419623336274,18.0,0.0
2045-11-11,34.8,19.6,0.0
2045-11-12,35.2,20.910705841739855,0.0
2045-11-13,32.6,21.1,0.0
2045-11-14,32.719039075675475,19.9,0.0
2045-11-15,32.6,20.3,0.0
2045-11-16,32.9,21.1,0.0
2045-11-17,32.7,19.5,0.0
2045-11-18,35.2,20.0,0.0
2045-11-19,35.6,22.9,0.0
2045-11-20,35.0,21.7,0.0
2045-11-21,34.67145210571521,20.9,0.0
2045-11-22,31.0,20.0,8.060000000000002
2045-11-23,30.0,19.5,0.0
2045-11-24,30.6,19.8,33.48
2045-11-25,31.0,19.4,10.5
2045-11-26,30.9,19.7,8.4
2045-11-27,28.9,19.9,2.3
2045-11-28,31.3,19.4,0.0
2045-11-29,31.4,18.5,0.0
2045-11-30,30.1,19.5,11.8
2045-12-01,30.0,19.5,0.7
2045-12-02,26.4,19.704351316341608,22.514680851063833
2045-12-03,24.75972559184369,18.9,0.0
2045-12-04,25.5,17.5,0.0
2045-12-05,28.7,16.4,0.0
2045-12-06,29.0,17.0,0.0
2045-12-07,29.4,17.2,0.0
2045-12-08,31.2,17.2,0.0
2045-12-09,30.5,20.66704522992457,0.9
2045-12-10,30.5,19.5,0.0
2045-12-11,29.9,18.6,0.0
2045-12-12,31.2,19.0,0.0
2045-12-13,25.6,19.61126448426517,0.0
2045-12-14,27.4,19.3,0.0
2045-12-15,29.9,19.4,12.6
2045-12-16,28.3,19.6,2.5
2045-12-17,30.0,19.584368384049842,13.6
2045-12-18,29.4,20.01074099844245,12.63617021276596
2045-12-19,29.9,19.897310047882403,11.0
2045-12-20,28.5,19.465996387044523,4.4
2045-12-21,28.4,19.0,0.0
2045-12-22,28.6,19.4,0.0
2045-12-23,28.9,18.6,0.0
2045-12-24,28.4,19.214052531027452,0.0
2045-12-25,30.1,19.5,0.0
2045-12-26,28.6,19.0,0.0
2045-12-27,30.20298792761395,19.9,8.718297872340424
2045-12-28,26.5,19.7,13.6316170212766
2045-12-29,28.3,19.672665571355612,19.51574468085107
2045-12-30,23.7,18.4,9.72382978723405
2045-12-31,27.0,16.8,0.0
2046-01-01,28.4,15.1,0.0
2046-01-02,29.4,12.90821774865249,0.0
2046-01-03,30.2,15.5,0.0
2046-01-04,30.5,15.4,0.0
2046-01-05,30.8,17.4,0.0
2046-01-06,31.1,19.1,1.4
2046-01-07,31.7,18.2,0.0
2046-01-08,30.0,18.2,7.1
2046-01-09,29.426535397863695,19.2,20.74
2046-01-10,28.9,18.6,1.2
2046-01-11,27.5,19.55918220894384,38.7
2046-01-12,27.0,19.6,43.56666666666667
2046-01-13,24.0,19.0,65.12621359223299
2046-01-14,26.1,19.2,10.6
2046-01-15,27.3,19.0,3.8
2046-01-16,26.3,18.9,1.9
2046-01-17,27.1,19.0,10.9
2046-01-18,29.1,18.4,4.9
2046-01-19,29.1,18.4,18.5
2046-01-20,27.9,19.0,32.24285714285714
2046-01-21,27.2,18.4,26.5
2046-01-22,27.9,19.0,32.3
2046-01-23,28.5,18.8,25.8
2046-01-24,29.0,18.8,10.6
2046-01-25,29.0,18.7,16.8
2046-01-26,29.2,18.5,19.0
2046-01-27,24.0,18.5,60.4
2046-01-28,26.9,18.3,0.0
2046-01-29,24.6,17.7,0.0
2046-01-30,25.7,18.4,0.0
2046-01-31,27.2,18.2,1.7
2046-02-01,25.8,17.47654101364452,4.2
2046-02-02,28.0,18.4,26.8
2046-02-03,28.4,18.6,25.36383371824481
2046-02-04,29.0,18.3,36.03518090839109
2046-02-05,26.0,17.0,26.0
2046-02-06,27.6,16.5,11.842032332563512
2046-02-07,26.8,18.2,27.53279445727483
2046-02-08,28.7,18.6,45.38610765677749
2046-02-09,26.9,18.0,12.376212471131643
2046-02-10,26.7,18.0,34.47829099307158
2046-02-11,25.0,18.3,1.3
2046-02-12,27.9,18.2,0.0
2046-02-13,27.0,17.5,0.0
2046-02-14,28.8,18.2,2.0
2046-02-15,26.6,18.30396196375598,11.842032332563512
2046-02-16,26.6,18.2,0.0
2046-02-17,26.0,18.3,2.3665127020785226
2046-02-18,27.7,17.4,0.0
2046-02-19,28.8,18.8,2.0
2046-02-20,29.9,17.7,0.0
2046-02-21,28.0,17.5,21.381177829099308
2046-02-22,26.5,17.2,15.109006928406465
2046-02-23,28.3,16.9,0.0
2046-02-24,27.7,17.3,0.0
2046-02-25,28.5,16.2,0.0
2046-02-26,29.1,17.2,11.41570438799078
2046-02-27,30.6,17.9,16.046420323325652
2046-02-28,29.0,18.3,12.4
2046-03-01,28.5,18.5,0.6
2046-03-02,30.6,18.0,1.5
2046-03-03,28.2,18.6,7.0
2046-03-04,27.561363636363637,18.9,11.732638888888891
2046-03-05,24.9,18.8,5.429166666666667
2046-03-06,27.2,18.3,0.9
2046-03-07,27.2,17.6,1.5
2046-03-08,28.5,17.72905482050712,22.4
2046-03-09,27.5,17.0,0.0
2046-03-10,28.1,19.0,0.3
2046-03-11,28.9,18.94099540374286,51.731753812636185
2046-03-12,28.8,18.7,2.5
2046-03-13,28.2,18.517528122423016,4.353472222222224
2046-03-14,26.5,18.3,21.61006944444444
2046-03-15,29.9,17.9,18.22361111111111
2046-03-16,30.32027027027027,16.4,0.0
2046-03-17,29.7,18.4,0.0
2046-03-18,26.7,18.0,0.0
2046-03-19,28.1,19.3,3.075000000000001
2046-03-20,26.7,18.98249310284713,24.634868421052627
2046-03-21,29.0,18.5,0.0
2046-03-22,29.3,18.2,0.0
2046-03-23,30.6,16.8,0.0
2046-03-24,33.0,17.0,0.0
2046-03-25,30.6,18.7,0.0
2046-03-26,27.6,18.1,0.0
2046-03-27,26.7,17.674866803556725,0.0
2046-03-28,27.4,16.0,0.0
2046-03-29,27.7,15.0,0.0
2046-03-30,26.7,16.966035585385924,0.0
2046-03-31,27.1,16.5,0.0
2046-04-01,27.3,16.3,0.0
2046-04-02,27.2,15.5,0.0
2046-04-03,26.6,14.4,0.0
2046-04-04,28.7,13.2,0.0
2046-04-05,29.0,14.2,0.0
2046-04-06,29.2,18.5,0.0
2046-04-07,28.7,14.7,0.0
2046-04-08,29.5,13.7,0.0
2046-04-09,29.6,13.7,0.0
2046-04-10,28.5,14.7,0.0
2046-04-11,27.0,14.4,0.0
2046-04-12,27.3,12.5,0.0
2046-04-13,28.9,10.507692307692308,0.0
2046-04-14,29.9,11.2,0.0
2046-04-15,28.0,14.5,0.0
2046-04-16,26.8,14.297087378640775,0.0
2046-04-17,26.9,16.5,0.0
2046-04-18,25.7,15.6,0.0
2046-04-19,28.6,14.7,0.0
2046-04-20,27.3,17.5,0.0
2046-04-21,25.8,17.3,0.0
2046-04-22,24.2,17.2,0.0
2046-04-23,25.2,18.0,0.0
2046-04-24,27.5,18.0,0.0
2046-04-25,29.0,16.2,0.0
2046-04-26,30.1,17.7,0.0
2046-04-27,30.0,18.5,0.0
2046-04-28,31.0,17.88850574712643,0.0
2046-04-29,31.1,18.1,0.0
2046-04-30,30.7,16.7,0.0
2046-05-01,29.8,13.6,0.0
2046-05-02,28.1,13.0,0.0
2046-05-03,27.0,12.8,0.0
2046-05-04,24.9,13.5,0.0
2046-05-05,24.9,14.9,0.0
2046-05-06,27.635863553691397,13.9,0.0
2046-05-07,28.9,13.76029093689324,0.0
2046-05-08,29.5,13.4,0.0
2046-05-09,31.1,13.896777897380687,0.0
2046-05-10,32.0,16.2,0.0
2046-05-11,32.0,17.5,0.0
2046-05-12,32.712641017949025,18.0,0.0
2046-05-13,32.68116293855079,18.112890204520966,0.0
2046-05-14,31.0,17.85574408160276,0.0
2046-05-15,31.6,17.2,0.0
2046-05-16,31.78183038487991,18.005490043731488,0.0
2046-05-17,32.0,18.0,0.0
2046-05-18,30.0,18.276282917617657,0.0
2046-05-19,31.311260704014895,18.060914323767104,0.0
2046-05-20,31.0,18.300617732910485,0.0
2046-05-21,30.597007534983845,17.81548822363277,0.0
2046-05-22,29.2,17.53948159988816,0.0
2046-05-23,28.0,15.0,0.0
2046-05-24,26.6,14.6,0.0
2046-05-25,25.1,15.2,0.0
2046-05-26,19.81104135227981,12.9,0.0
2046-05-27,24.3,14.6,0.0
2046-05-28,26.7,11.9,0.0
2046-05-29,27.0,11.9,0.0
2046-05-30,26.5,12.2,0.0
2046-05-31,26.5,12.0,0.0
2046-06-01,26.4,12.0,0.0
2046-06-02,27.5,12.5,0.0
2046-06-03,27.4,14.23831362518864,0.0
2046-06-04,25.6,12.2,0.0
2046-06-05,25.6,11.0,0.0
2046-06-06,24.82911858947753,11.4,0.0
2046-06-07,22.0,11.5,0.0
2046-06-08,19.97054955039102,12.7,0.0
2046-06-09,20.1,12.5,0.0
2046-06-10,22.7,12.4,0.0
2046-06-11,23.1,11.51361883574342,0.0
2046-06-12,23.6,10.9,0.0
2046-06-13,24.9,11.4,0.0
2046-06-14,25.3,10.6,0.0
2046-06-15,26.0,10.196690767519472,0.0
2046-06-16,25.3,8.0,0.0
2046-06-17,20.8,10.0,0.0
2046-06-18,18.970285221639486,6.5,0.0
2046-06-19,19.6,7.8,0.0
2046-06-20,20.0,9.7,0.0
2046-06-21,22.0,7.8,0.0
2046-06-22,24.2,8.1,0.0
2046-06-23,25.003608791765814,9.0,0.0
2046-06-24,25.5,9.9,0.0
2046-06-25,25.0,10.0,0.0
2046-06-26,24.6,9.9,0.0
2046-06-27,24.8,8.5,0.0
2046-06-28,25.4,7.0,0.0
2046-06-29,24.8,9.0,0.0
2046-06-30,24.2,6.0,0.0
2046-07-01,25.3,8.0,0.0
2046-07-02,25.7,10.0,0.0
2046-07-03,24.3,10.5,0.0
2046-07-04,22.0,9.0,0.0
2046-07-05,21.0,8.543161783958338,0.0
2046-07-06,20.3,8.9,0.0
2046-07-07,20.3,7.8,0.0
2046-07-08,21.3,6.0,0.0
2046-07-09,19.9,7.339684248295659,0.0
2046-07-10,21.5,8.545593925464752,0.0
2046-07-11,21.76010670660364,7.0,0.0
2046-07-12,21.5,11.5,0.0
2046-07-13,22.7,10.2,0.0
2046-07-14,23.1,12.4,0.0
2046-07-15,26.2,13.6,0.0
2046-07-16,28.0,12.49218441963691,0.0
2046-07-17,28.3,12.4,0.0
2046-07-18,28.5,10.5,0.0
2046-07-19,28.07193826174519,12.4,0.0
2046-07-20,28.40441777135525,11.2,0.0
2046-07-21,25.26539229085279,7.981070275257569,0.0
2046-07-22,22.9,5.9,0.0
2046-07-23,24.2,4.9,0.0
2046-07-24,25.9,6.0,0.0
2046-07-25,27.6,9.0,0.0
2046-07-26,28.0,11.2,0.0
2046-07-27,27.3,12.2,0.0
2046-07-28,26.7,12.119196268388949,0.0
2046-07-29,27.5,12.9,0.0
2046-07-30,28.1,12.9,0.0
2046-07-31,28.0,12.9,0.0
2046-08-01,28.1,12.6,0.0
2046-08-02,26.8,12.9,0.0
2046-08-03,25.4,12.2,0.0
2046-08-04,26.0,11.2,0.0
2046-08-05,26.7,12.0,0.0
2046-08-06,26.6,13.0,0.0
2046-08-07,26.4,12.6,0.0
2046-08-08,25.0,12.64996718212607,0.0
2046-08-09,23.77885955469945,12.4,0.0
2046-08-10,24.3,11.2,0.0
2046-08-11,24.7,11.0,0.0
2046-08-12,26.4,10.9,0.0
2046-08-13,27.9,12.4,0.0
2046-08-14,28.9,13.1,0.0
2046-08-15,28.2,15.0,0.0
2046-08-16,28.1,18.75688342026221,0.0
2046-08-17,29.2,18.912884351574096,0.0
2046-08-18,30.8,17.09444931607551,0.0
2046-08-19,31.2,15.718277717976315,0.0
2046-08-20,31.6,16.2,0.0
2046-08-21,30.2,16.9,0.0
2046-08-22,29.9,13.9,0.0
2046-08-23,31.4,13.8,0.0
2046-08-24,30.9,16.7,0.0
2046-08-25,29.1,16.18200682168934,0.0
2046-08-26,29.5,15.384208826695364,0.0
2046-08-27,29.6,15.2,0.0
2046-08-28,29.6,15.0,0.0
2046-08-29,30.2,14.4,0.0
2046-08-30,31.2,14.2,0.0
2046-08-31,31.697156968277074,15.5,0.0
2046-09-01,32.0,17.6,0.0
2046-09-02,30.4,17.6,0.0
2046-09-03,26.7,16.7,0.0
2046-09-04,28.0,14.61445396846169,0.0
2046-09-05,29.9,17.9,0.0
2046-09-06,31.7,19.0,0.0
2046-09-07,30.0,18.0,0.0
2046-09-08,29.3,15.885862068965517,0.0
2046-09-09,31.5,14.87020462012055,0.0
2046-09-10,33.0,15.1,0.0
2046-09-11,32.1,18.2,0.0
2046-09-12,30.9,18.4,0.0
2046-09-13,30.6,18.9,0.0
2046-09-14,33.0,20.0,0.0
2046-09-15,34.0,20.383553727968913,0.0
2046-09-16,35.3,20.5,0.0
2046-09-17,35.2,20.588573162099305,0.0
2046-09-18,33.0,20.0,0.0
2046-09-19,33.0,18.5,0.0
2046-09-20,33.2,18.3,0.0
2046-09-21,33.4,18.3,0.0
2046-09-22,31.9,18.4,0.0
2046-09-23,31.7,17.181932305736538,0.0
2046-09-24,33.216499814608824,16.0,0.0
2046-09-25,35.0,17.4,0.0
2046-09-26,38.611334038277484,18.7,0.0
2046-09-27,39.2275390625,20.386838665504804,0.0
2046-09-28,36.063171418377415,20.6,0.0
2046-09-29,35.4,20.5,0.0
2046-09-30,36.108450839357296,20.5,0.0
2046-10-01,37.0,20.9,0.0
2046-10-02,37.2,20.7,0.0
2046-10-03,36.21913818622173,20.5,0.0
2046-10-04,34.0,21.2,0.0
2046-10-05,32.3,19.6,0.0
2046-10-06,32.0,18.9,0.0
2046-10-07,31.675938577799254,18.559358505325022,0.0
2046-10-08,31.2,18.0,2.510810810810811
2046-10-09,32.42156564344307,16.7,0.0
2046-10-10,31.0,18.0,0.0
2046-10-11,32.7,18.6,0.49054054054054064
2046-10-12,32.9,18.8,0.0
2046-10-13,33.1,21.4,0.0
2046-10-14,32.296691783279506,21.4,0.0
2046-10-15,32.8,19.1,0.0
2046-10-16,34.7,21.3,0.0
2046-10-17,36.0,23.3818540037437,0.0
2046-10-18,35.5,23.56320857127217,0.0
2046-10-19,33.8,21.6,0.0
2046-10-20,33.9321902711569,21.6,0.0
2046-10-21,35.4,20.9,0.0
2046-10-22,35.5,21.0,0.0
2046-10-23,37.0,21.39271679042527,0.0
2046-10-24,36.24596945640473,22.0,0.0
2046-10-25,36.9,21.48357253916995,0.0
2046-10-26,35.1,19.4,2.4
2046-10-27,33.0,18.8,0.0
2046-10-28,34.1,19.7,0.0
2046-10-29,34.4,21.0,0.0
2046-10-30,34.9,20.76935929236672,0.0
2046-10-31,36.46267972474242,21.0,0.0
2046-11-01,36.8,23.3,0.0
2046-11-02,36.3,22.36497015338781,0.0
2046-11-03,35.7,22.1,0.0
2046-11-04,34.9,22.0,0.0
2046-11-05,33.71145099493263,20.9,0.0
2046-11-06,32.6,19.8,0.0
2046-11-07,31.4,19.5,0.0
2046-11-08,30.6,18.83909677419355,0.0
2046-11-09,32.4,18.2,0.0
2046-11-10,34.0,17.1,0.0
2046-11-11,35.2,18.2,0.0
2046-11-12,36.2,20.3,0.0
2046-11-13,36.82406549913339,21.1,0.0
2046-11-14,36.997849462365586,23.236021769612044,0.0
2046-11-15,36.2,23.39453252480878,0.0
2046-11-16,35.5,22.9,0.0
2046-11-17,32.5,20.0,20.8
2046-11-18,30.0,19.6,2.7
2046-11-19,32.5,19.8,0.0
2046-11-20,32.1,19.9,8.875
2046-11-21,30.8,19.4,9.4
2046-11-22,29.99314757443992,19.5,20.4
2046-11-23,27.0,18.9,0.0
2046-11-24,27.3,18.5,0.0
2046-11-25,29.7,19.0,0.0
2046-11-26,28.7,17.41422921411798,0.0
2046-11-27,29.7,16.227007501019592,0.0
2046-11-28,31.0,17.3,0.0
2046-11-29,31.0,17.3,0.0
2046-11-30,30.5,19.993136818687432,0.0
2046-12-01,31.6,18.1,0.0
2046-12-02,33.1,17.1,0.0
2046-12-03,33.1,19.5,0.0
2046-12-04,30.0,19.9,6.501170212765957
2046-12-05,25.6,19.857759548643333,7.0
2046-12-06,25.0,19.562160626719294,9.2
2046-12-07,25.049361858931885,19.6,25.16723404255319
2046-12-08,24.8,19.228257258748634,0.5
2046-12-09,27.5,19.4,23.417021276595758
2046-12-10,28.3,19.5,12.6
2046-12-11,29.2,19.9,3.9393617021276617
2046-12-12,30.2,19.2,15.875319148936173
2046-12-13,27.46973347685683,19.5,1.3
2046-12-14,26.4,19.5,15.841914893617027
2046-12-15,27.4,18.3,0.0
2046-12-16,28.1,20.031792546623567,0.0
2046-12-17,31.2,19.2,0.0
2046-12-18,31.72242033008275,17.8,0.0
2046-12-19,31.934764804624862,19.9,0.0
2046-12-20,29.2,20.0,1.0
2046-12-21,30.0,19.75333418474393,2.8
2046-12-22,27.0,19.8,10.6
2046-12-23,26.0,19.6,0.0
2046-12-24,29.85405095084319,20.194716171721637,5.798404255319149
2046-12-25,29.4,19.2,7.45617021276596
2046-12-26,29.4,19.2,0.0
2046-12-27,32.154953273314405,19.8,0.0
2046-12-28,29.2,19.0,0.2
2046-12-29,28.1,19.0,0.0
2046-12-30,27.9,19.0,1.3
2046-12-31,29.7,18.5,2.3
2047-01-01,27.2,17.9,2.6
2047-01-02,29.8,16.9,1.0
2047-01-03,28.6,18.1,11.9
2047-01-04,27.9,17.7,3.8
2047-01-05,29.1,18.9,17.3
2047-01-06,27.0,18.9,28.3
2047-01-07,25.6,18.6,40.842857142857135
2047-01-08,25.0,19.068255842216736,19.0
2047-01-09,26.9,18.6,10.0
2047-01-10,27.0,19.0,5.2
2047-01-11,25.9,19.2,9.9
2047-01-12,28.7,18.5,20.9
2047-01-13,29.5,16.4,0.0
2047-01-14,28.5,18.7,0.0
2047-01-15,29.1,19.8,0.0
2047-01-16,28.0,18.6,0.0
2047-01-17,29.4,18.6,0.0
2047-01-18,29.4,18.6,3.1
2047-01-19,30.2,17.8,0.3
2047-01-20,29.5,19.3,4.9
2047-01-21,29.0,19.598255750093355,12.08
2047-01-22,27.7,19.7,38.62222222222223
2047-01-23,28.4,19.4,3.9
2047-01-24,28.0,19.0,9.9
2047-01-25,28.4,19.4,5.0
2047-01-26,26.1,19.0,21.03333333333334
2047-01-27,26.1,18.9,3.5
2047-01-28,28.2,19.1,14.9
2047-01-29,29.5,18.0,15.8
2047-01-30,30.0,17.9,48.53275862068967
2047-01-31,29.5,19.4,12.08
2047-02-01,26.8,19.0,45.07528868360279
2047-02-02,26.1,19.0,0.0
2047-02-03,26.5,19.0,38.58731568662285
2047-02-04,24.0,18.6,31.99584295612013
2047-02-05,24.56234528284588,18.5,24.742956120092384
2047-02-06,29.9,17.9,0.0
2047-02-07,30.6,17.0,0.0
2047-02-08,29.0,18.9,3.678983833718247
2047-02-09,28.5,18.8,38.327944572748294
2047-02-10,28.0,18.1,21.330600461893763
2047-02-11,25.0,18.1,0.3
2047-02-12,27.7,18.2,1.4
2047-02-13,31.4,19.0,42.337083470801716
2047-02-14,28.4,19.0,21.0
2047-02-15,28.0,18.9,29.185588914549673
2047-02-16,26.0,18.9,58.412933025404186
2047-02-17,24.7,18.4,5.768129330254043
2047-02-18,24.251276321017084,18.59295959886571,25.18175519630484
2047-02-19,30.0,17.8,9.74618937644342
2047-02-20,31.4,16.6,0.0
2047-02-21,32.7,16.6,0.0
2047-02-22,31.0,19.2,0.0
2047-02-23,28.6,17.9,0.0
2047-02-24,24.374463249900675,18.4,0.0
2047-02-25,27.0,17.9,0.0
2047-02-26,27.7,16.5,0.0
2047-02-27,29.0,14.8,0.0
2047-02-28,31.169767167419955,14.5,0.0
2047-03-01,32.4748031496063,15.0,0.0
2047-03-02,31.6,16.9,0.0
2047-03-03,30.2,16.3,2.347222222222222
2047-03-04,29.2,17.1,2.4
2047-03-05,29.5,18.1,0.0
2047-03-06,27.1,18.0,19.122916666666665
2047-03-07,27.5,18.2,3.2284722222222215
2047-03-08,26.8,18.9,0.0
2047-03-09,29.9,18.2,3.959259259259259
2047-03-10,30.7,16.5,5.385185185185187
2047-03-11,32.5,18.5,0.0
2047-03-12,34.61856677524433,16.9,0.0
2047-03-13,33.0,18.29400983329938,0.0
2047-03-14,31.3,18.0,0.0
2047-03-15,33.7,17.5,10.9
2047-03-16,31.40163934426229,19.0,45.85398322851156
2047-03-17,30.7,19.2,43.625694444444434
2047-03-18,27.9,17.9,15.945833333333338
2047-03-19,28.5,17.9,51.85103485838782
2047-03-20,28.6,18.4,3.3467592592592594
2047-03-21,29.2,17.4,0.9
2047-03-22,28.6,18.6,22.57785087719298
2047-03-23,27.6,17.8,46.351362683438204
2047-03-24,29.6,17.8,1.3
2047-03-25,30.1,18.2,0.9
2047-03-26,28.0,17.8,1.5
2047-03-27,29.564000000000004,17.0,0.0
2047-03-28,29.410256410256412,15.9,0.0
2047-03-29,29.0,16.2,0.0
2047-03-30,28.1,15.9,0.0
2047-03-31,28.2,16.5,3.075000000000001
2047-04-01,26.6,18.1,0.0
2047-04-02,27.3,18.1,0.8
2047-04-03,28.4,17.6,0.0
2047-04-04,27.6,18.3,38.13870967741935
2047-04-05,27.8,16.3,1.2
2047-04-06,27.6,16.3,1.2
2047-04-07,25.6,16.9,0.0
2047-04-08,25.108125,14.9,0.0
2047-04-09,24.7,14.3,0.0
2047-04-10,25.2,12.0,0.0
2047-04-11,25.7,15.7,0.0
2047-04-12,25.8,14.0,0.0
2047-04-13,26.2,13.2,0.0
2047-04-14,21.297356143079316,14.5,0.0
2047-04-15,29.0,13.7,0.0
2047-04-16,28.6,16.7,0.0
2047-04-17,26.8,16.3,0.0
2047-04-18,28.6,15.5,0.0
2047-04-19,28.7,16.0,0.0
2047-04-20,29.37662337662338,16.7,0.0
2047-04-21,29.0,16.7,0.0
2047-04-22,28.4,17.2,0.0
2047-04-23,28.9,15.5,0.0
2047-04-24,29.2,14.481987577639766,0.0
2047-04-25,27.9,15.9,0.0
2047-04-26,25.4,16.3,0.0
2047-04-27,27.0,15.2,0.0
2047-04-28,28.5,13.3,0.0
2047-04-29,29.0,13.0,0.0
2047-04-30,29.9,13.6,0.0
2047-05-01,29.5,11.4,0.0
2047-05-02,28.1,11.4,0.0
2047-05-03,26.2,13.5,0.0
2047-05-04,27.5,11.8,0.0
2047-05-05,28.6,11.0,0.0
2047-05-06,29.2,11.9,0.0
2047-05-07,29.2,12.3,0.0
2047-05-08,27.9,13.0,0.0
2047-05-09,28.0,11.6,0.0
2047-05-10,28.453597747785036,11.2,0.0
2047-05-11,26.3,12.4,0.0
2047-05-12,15.519462338881068,13.6,0.19090909090909092
2047-05-13,25.5,11.6,0.0
2047-05-14,26.7,11.9,0.0
2047-05-15,23.4,11.9,1.2
2047-05-16,27.6,11.0,0.0
2047-05-17,27.5,16.62004405837733,0.0
2047-05-18,26.5,14.5,0.0
2047-05-19,26.2,13.5,0.0
2047-05-20,26.9,13.2,0.0
2047-05-21,27.6,11.94067545748116,0.0
2047-05-22,28.1,11.2,0.0
2047-05-23,27.276303633960563,12.1,0.0
2047-05-24,26.5,10.720796555435943,0.0
2047-05-25,26.9,8.5,0.0
2047-05-26,26.9,8.061712345781235,0.0
2047-05-27,26.0,9.9,0.0
2047-05-28,24.9,10.7,0.0
2047-05-29,24.9,9.4,0.0
2047-05-30,24.9,12.1,0.0
2047-05-31,25.5,12.8,0.0
2047-06-01,23.9,11.8,0.0
2047-06-02,24.2,11.3,0.0
2047-06-03,25.2,10.9,0.0
2047-06-04,25.6,9.5,0.0
2047-06-05,25.6,9.5,0.0
2047-06-06,25.6,9.5,0.0
2047-06-07,24.9,9.4,0.0
2047-06-08,23.5,9.9,0.0
2047-06-09,23.6,9.1,0.0
2047-06-10,24.4,8.9,0.0
2047-06-11,25.2,11.1,0.0
2047-06-12,25.5,12.5,0.0
2047-06-13,25.6,14.1,0.0
2047-06-14,26.058681363130752,12.1,0.0
2047-06-15,25.2,12.2,0.0
2047-06-16,24.2,10.91903702526617,0.0
2047-06-17,25.6,11.0,0.0
2047-06-18,26.5,11.1,0.0
2047-06-19,26.6,11.0,0.0
2047-06-20,24.7,11.6,0.0
2047-06-21,22.9,10.1,0.0
2047-06-22,22.0,8.0,0.0
2047-06-23,23.1,9.4,0.0
2047-06-24,24.3,8.9,0.0
2047-06-25,25.7,9.7,0.0
2047-06-26,27.117714126807567,11.1,0.0
2047-06-27,27.6,11.8,0.0
2047-06-28,27.6,11.5,0.0
2047-06-29,27.7,11.5,0.0
2047-06-30,27.44255357105379,11.4,0.0
2047-07-01,27.6,11.04714747039827,0.0
2047-07-02,28.2,11.2,0.0
2047-07-03,28.6,11.9,0.0
2047-07-04,25.7,13.11596276831507,0.0
2047-07-05,23.0,11.4,0.0
2047-07-06,22.4,9.8,0.0
2047-07-07,22.9,8.803752472025435,0.0
2047-07-08,23.5,10.2,0.0
2047-07-09,24.0,9.5,0.0
2047-07-10,24.1,9.6,0.0
2047-07-11,24.8,11.9,0.0
2047-07-12,24.5,10.6,0.0
2047-07-13,24.5,10.0,0.0
2047-07-14,24.3,12.4,0.0
2047-07-15,23.0,14.2,0.0
2047-07-16,23.0,13.892536777897385,0.0
2047-07-17,25.0,12.9,0.0
2047-07-18,26.7,12.4,0.0
2047-07-19,26.4,12.1,0.0
2047-07-20,25.4,11.7,0.0
2047-07-21,25.7,11.5,0.0
2047-07-22,26.9,11.9,0.0
2047-07-23,28.8,12.7,0.0
2047-07-24,30.7,14.180304024784036,0.0
2047-07-25,31.215538451279787,15.287994906790685,0.0
2047-07-26,29.1,15.680074615185557,0.0
2047-07-27,27.7,15.0,0.0
2047-07-28,28.8,14.2,0.0
2047-07-29,30.0,14.579249855304504,0.0
2047-07-30,28.7,15.122006119289983,0.0
2047-07-31,27.2,14.902061156958883,0.0
2047-08-01,27.2,15.8,0.0
2047-08-02,26.2,14.0,0.0
2047-08-03,26.7,15.0,0.0
2047-08-04,27.6,12.798855744134945,0.0
2047-08-05,28.8,13.1,0.0
2047-08-06,30.0,14.3,0.0
2047-08-07,30.2,15.0,0.0
2047-08-08,29.5,15.0,0.0
2047-08-09,28.0,14.0,0.0
2047-08-10,25.002422974592275,14.0,0.0
2047-08-11,24.0,13.7,0.0
2047-08-12,23.806905348216524,10.9,0.0
2047-08-13,24.7,10.0,0.0
2047-08-14,25.6,11.382156651681123,0.0
2047-08-15,25.6,11.9,0.0
2047-08-16,27.457761877625103,11.5,0.0
2047-08-17,30.4,13.4,0.0
2047-08-18,31.384936759956933,16.9,0.0
2047-08-19,28.7,19.0,0.0
2047-08-20,27.7,16.9,0.0
2047-08-21,27.2,14.6,0.0
2047-08-22,26.7,13.5,0.0
2047-08-23,28.2,12.3,0.0
2047-08-24,29.2,12.5,0.0
2047-08-25,29.0,13.7,0.0
2047-08-26,28.6,13.9,0.0
2047-08-27,29.0,14.7,0.0
2047-08-28,30.5,15.6,0.0
2047-08-29,31.0,16.824363257411676,0.0
2047-08-30,31.2,16.9,0.0
2047-08-31,31.0,16.7,0.0
2047-09-01,31.0,15.7,0.0
2047-09-02,31.9,14.2,0.0
2047-09-03,31.9,17.25365791049884,0.0
2047-09-04,29.7,17.8,0.0
2047-09-05,29.4,15.6,0.0
2047-09-06,30.41167028785878,15.6,0.0
2047-09-07,32.6,18.5,0.0
2047-09-08,32.6,20.065923588567802,0.0
2047-09-09,32.7,20.160056420077296,0.0
2047-09-10,33.5,18.9,0.0
2047-09-11,33.0,19.5,0.0
2047-09-12,30.7,18.3,0.0
2047-09-13,29.53793103448276,17.2,0.0
2047-09-14,28.0,16.66025213199852,0.0
2047-09-15,29.1,16.9,0.0
2047-09-16,32.9,18.7,0.0
2047-09-17,32.1,19.6,0.0
2047-09-18,31.611644883203564,17.87930478309233,0.0
2047-09-19,31.5,16.3,0.0
2047-09-20,31.5,15.3,0.0
2047-09-21,31.904967204940363,16.3,0.0
2047-09-22,33.7,18.3,0.0
2047-09-23,34.7,20.5,0.0
2047-09-24,33.9,20.5,0.0
2047-09-25,34.0,19.95040577372183,0.0
2047-09-26,35.1,18.6,0.0
2047-09-27,35.6,19.3,0.0
2047-09-28,39.430908203125,20.354073519313488,0.0
2047-09-29,39.135009765625,23.01318359375,0.0
2047-09-30,33.7,22.786062933571937,0.0
2047-10-01,29.08171479384097,19.9,2.365945945945946
2047-10-02,29.3,19.4,0.0
2047-10-03,31.4,18.9,0.0
2047-10-04,33.3,20.7,0.0
2047-10-05,33.5,17.9,0.0
2047-10-06,29.0,17.4,0.0
2047-10-07,28.7,16.550765918688416,0.0
2047-10-08,31.0,17.0,0.0
2047-10-09,31.9,18.7,0.0
2047-10-10,30.57717487033956,18.4,0.0
2047-10-11,31.524459716817088,18.0,0.0
2047-10-12,33.5,18.7,0.0
2047-10-13,35.4,19.9,0.0
2047-10-14,36.0,20.4,0.0
2047-10-15,38.0,20.658736204591953,0.0
2047-10-16,36.9,20.2,1.6
2047-10-17,31.2,19.3,5.7656019656019675
2047-10-18,28.6,19.5,0.0
2047-10-19,25.82325406921747,18.2,0.0
2047-10-20,29.54596556517788,16.0,0.0
2047-10-21,31.0,14.515763836723947,0.0
2047-10-22,31.2,15.6,0.0
2047-10-23,32.5,16.3,0.0
2047-10-24,34.6,17.9,0.0
2047-10-25,37.84808970028519,19.3,0.0
2047-10-26,37.2,23.43418331261606,0.0
2047-10-27,33.7,21.4,0.0
2047-10-28,33.9,20.5,0.0
2047-10-29,35.4,21.4,0.0
2047-10-30,36.0,20.3,0.38378378378378386
2047-10-31,31.9,19.3,0.9
2047-11-01,31.2,20.5,10.3625
2047-11-02,29.9,19.5,1.2
2047-11-03,31.2,19.8,0.0
2047-11-04,30.8,19.4,0.0
2047-11-05,30.5,17.0,0.0
2047-11-06,31.5,16.4,0.0
2047-11-07,32.3,16.0,0.0
2047-11-08,32.8,16.4,0.0
2047-11-09,33.7,17.0,0.0
2047-11-10,35.0,18.4,0.0
2047-11-11,35.3,19.8,0.0
2047-11-12,33.7,19.5,0.0
2047-11-13,32.8,17.9,0.0
2047-11-14,32.8,19.3,0.0
2047-11-15,32.8,19.5,0.7
2047-11-16,32.5,19.8,2.8
2047-11-17,31.482950191570875,19.8,44.309090909090905
2047-11-18,25.269348275171172,19.4,58.823684210526274
2047-11-19,27.0,19.5,0.0
2047-11-20,26.2,19.4,0.0
2047-11-21,30.7,19.8,0.0
2047-11-22,32.2,19.2,0.0
2047-11-23,32.10892423138213,20.4,2.5
2047-11-24,27.1,19.85209101730969,13.100000000000003
2047-11-25,26.951093978900666,19.2,0.0
2047-11-26,27.62729487790667,18.8,0.0
2047-11-27,30.64046263894189,18.2,0.0
2047-11-28,31.0,18.0,0.0
2047-11-29,31.7,19.5,6.877777777777777
2047-11-30,30.0,19.0,5.6
2047-12-01,29.4,19.9,11.374127659574471
2047-12-02,29.5,19.468455381598442,0.9
2047-12-03,29.790132759239317,19.9,0.0
2047-12-04,25.6,19.4,12.602765957446813
2047-12-05,24.2,17.9,0.0
2047-12-06,27.4,16.2,0.0
2047-12-07,30.0,16.9,0.0
2047-12-08,30.4,19.8,0.0
2047-12-09,30.6,17.6,0.0
2047-12-10,31.3,20.0,0.0
2047-12-11,31.8,18.5,0.0
2047-12-12,30.8,20.0,0.0
2047-12-13,28.2,19.23752771262985,0.0
2047-12-14,29.5,18.2,0.0
2047-12-15,31.094180717398142,18.3,0.0
2047-12-16,31.0,19.4,1.7
2047-12-17,30.1,19.596365571836575,1.4
2047-12-18,29.7,19.9,21.727021276595753
2047-12-19,24.0,18.7,1.1
2047-12-20,25.0,18.0,0.0
2047-12-21,24.718640463176815,18.3,0.0
2047-12-22,27.6,17.5,0.0
2047-12-23,27.2,17.5,0.0
2047-12-24,30.0,18.7,4.0
2047-12-25,30.5,18.3,2.4308510638297878
2047-12-26,30.0,20.5,0.0
2047-12-27,29.4,20.51424886869451,34.929069148936165
2047-12-28,27.785342662360932,19.9,40.27912234042553
2047-12-29,27.2,19.9,6.5
2047-12-30,29.0,18.7,0.0
2047-12-31,24.8,18.6,2.9
2048-01-01,28.3,19.3,50.620000000000076
2048-01-02,25.9,18.5,40.91428571428572
2048-01-03,28.5,18.4,0.9
2048-01-04,28.9,18.6,1.0
2048-01-05,29.8,17.3,0.0
2048-01-06,27.6,18.2,0.0
2048-01-07,28.778632938643696,17.9,0.0
2048-01-08,29.8,16.7,0.0
2048-01-09,30.6,15.7,0.0
2048-01-10,31.2,19.7,0.0
2048-01-11,31.982406323415024,18.4,0.0
2048-01-12,31.9,20.009196570388053,1.2
2048-01-13,28.5,19.0,29.292307692307702
2048-01-14,28.4,17.2,5.0
2048-01-15,29.1,15.81859383204838,0.0
2048-01-16,29.0,17.310137782561892,0.0
2048-01-17,29.8,17.0,0.0
2048-01-18,30.9,19.5,0.0
2048-01-19,28.4,17.6,0.0
2048-01-20,29.4,18.0,3.1
2048-01-21,27.246014277375213,18.0,43.60000000000001
2048-01-22,29.3,18.4,7.6
2048-01-23,28.7,18.9,0.0
2048-01-24,29.0,18.7,0.0
2048-01-25,29.1,18.9,0.6
2048-01-26,27.1,18.7,12.049999999999997
2048-01-27,27.3,18.4,5.8
2048-01-28,26.7,18.6,5.4
2048-01-29,28.7,18.8,0.0
2048-01-30,28.5,17.3,0.0
2048-01-31,29.5,16.8,0.0
2048-02-01,31.4,14.8,0.0
2048-02-02,32.7,14.5,0.0
2048-02-03,32.8,15.6,0.0
2048-02-04,32.9,14.7,0.0
2048-02-05,31.0,19.955796418763793,0.0
2048-02-06,28.7,18.7,0.0
2048-02-07,30.0,18.0,0.0
2048-02-08,31.4,16.5,0.0
2048-02-09,32.7,17.3,0.0
2048-02-10,29.4,17.6,0.0
2048-02-11,30.0,16.6,0.0
2048-02-12,30.79658764843508,16.2,0.0
2048-02-13,30.0,17.3,0.0
2048-02-14,30.5,18.7,4.0
2048-02-15,31.7,17.9,27.0
2048-02-16,27.2,19.0,21.305311778290996
2048-02-17,26.4,16.8,0.0
2048-02-18,26.6,16.388243486409046,0.0
2048-02-19,29.0,15.9,0.0
2048-02-20,30.0,16.9,0.0
2048-02-21,30.4,19.0,0.8
2048-02-22,29.9,18.6,0.0
2048-02-23,29.2,18.4,0.7
2048-02-24,31.2,18.41867308044181,7.994341801385684
2048-02-25,26.9,18.6,7.4
2048-02-26,28.8,17.9,10.5
2048-02-27,30.0,18.4,17.4
2048-02-28,30.0,18.0,29.2
2048-03-01,27.2,18.5,21.54652777777776
2048-03-02,24.9,18.5,0.0
2048-03-03,23.6,18.3,0.0
2048-03-04,23.6,18.5,7.0
2048-03-05,27.9,18.5,18.274305555555557
2048-03-06,28.7,18.6,16.791203703703705
2048-03-07,31.93313253012048,17.9,6.0
2048-03-08,30.5,17.0,0.0
2048-03-09,29.9,16.1,0.0
2048-03-10,30.0,14.8,0.0
2048-03-11,29.3,18.7,0.0
2048-03-12,30.0,18.6,0.0
2048-03-13,29.7,17.415999093535767,0.0
2048-03-14,29.2,17.4,4.302777777777776
2048-03-15,31.8,16.6,0.0
2048-03-16,31.7,16.4,0.0
2048-03-17,32.0,16.2,0.0
2048-03-18,32.9,14.9,0.0
2048-03-19,32.0,19.9,0.0
2048-03-20,31.806306306306308,19.8,0.0
2048-03-21,32.5,18.176354503049865,0.0
2048-03-22,33.27321428571429,16.5,0.0
2048-03-23,33.41434010152284,16.6,0.0
2048-03-24,32.5,16.6,0.0
2048-03-25,28.9,19.4,0.0
2048-03-26,29.0,18.3,0.6
2048-03-27,29.5,18.1,0.0
2048-03-28,29.9,18.1,0.0
2048-03-29,31.3,17.4,5.9
2048-03-30,31.803941441441438,17.8,0.0
2048-03-31,31.763087248322144,18.5,5.726111111111107
2048-04-01,29.955172413793104,18.6,10.483333333333333
2048-04-02,31.0,18.1,0.0
2048-04-03,31.279527559055115,18.3,0.0
2048-04-04,28.2,18.4,0.58
2048-04-05,20.398794454490655,17.8,0.0
2048-04-06,24.2,16.5,0.0
2048-04-07,24.696703296703298,14.0,0.0
2048-04-08,24.2,13.0,0.0
2048-04-09,25.0,14.0,0.0
2048-04-10,26.5,13.5,0.0
2048-04-11,26.8,17.3,0.0
2048-04-12,27.8,18.5,0.0
2048-04-13,28.0,19.0,0.0
2048-04-14,27.0,19.214671257219017,0.0
2048-04-15,26.0,18.8,0.0
2048-04-16,28.0,18.3,0.0
2048-04-17,28.2,19.27054642381164,0.0
2048-04-18,25.0,17.3,0.0
2048-04-19,26.5,16.5,0.0
2048-04-20,29.4,16.3,0.0
2048-04-21,29.9,15.4,0.0
2048-04-22,30.0,14.0,0.0
2048-04-23,25.3,18.0,0.0
2048-04-24,25.9,16.4,0.0
2048-04-25,26.6,12.8,0.0
2048-04-26,26.975,10.924219910846954,0.0
2048-04-27,27.6,16.4,0.0
2048-04-28,28.5,16.6,0.0
2048-04-29,28.4,17.8,0.0
2048-04-30,28.9,17.0,0.0
2048-05-01,27.9,17.765263440485487,0.0
2048-05-02,24.0,14.4,0.0
2048-05-03,26.2,11.9,0.0
2048-05-04,25.0,7.0,0.0
2048-05-05,24.818250807319696,4.692128784122108,0.0
2048-05-06,26.2,6.9,0.0
2048-05-07,27.6,9.1,0.0
2048-05-08,29.1,10.0,0.0
2048-05-09,29.5,11.0,0.0
2048-05-10,29.8,12.0,0.0
2048-05-11,28.9,13.0,0.0
2048-05-12,27.380784253421492,14.1,0.0
2048-05-13,26.1,12.8,0.0
2048-05-14,26.9,10.6,0.0
2048-05-15,27.66757093543033,10.4,0.0
2048-05-16,28.9,9.8,0.0
2048-05-17,29.372593644562233,10.6,0.0
2048-05-18,27.5,12.1,0.0
2048-05-19,27.5,11.7,0.0
2048-05-20,26.3,11.7,0.0
2048-05-21,25.4,10.2,0.0
2048-05-22,24.6,8.07971099585739,0.0
2048-05-23,24.6,6.3123292208329875,0.0
2048-05-24,25.9,6.0,0.0
2048-05-25,25.0,6.152059621074425,0.0
2048-05-26,24.4,7.353590080931307,0.0
2048-05-27,24.0,8.4,0.0
2048-05-28,22.7,5.5,0.0
2048-05-29,23.4,5.4,0.0
2048-05-30,23.5,0.7713362333771234,0.0
2048-05-31,23.214769873112175,3.4944308471294296,0.0
2048-06-01,23.0,2.2557747677925333,0.0
2048-06-02,24.4,4.4,0.0
2048-06-03,24.7,6.68971492659429,0.0
2048-06-04,24.6,11.0,0.0
2048-06-05,22.8,10.0,0.0
2048-06-06,22.0,8.52576937337783,0.0
2048-06-07,22.1,7.3312410614969,0.0
2048-06-08,22.9,10.5,0.0
2048-06-09,23.137178564417983,9.2,0.0
2048-06-10,21.9,8.5,0.0
2048-06-11,20.8,8.936524013035928,0.0
2048-06-12,22.0,7.9,0.0
2048-06-13,22.0,4.8,0.0
2048-06-14,22.3,1.8,0.0
2048-06-15,22.7,1.9,0.0
2048-06-16,23.4,2.9,0.0
2048-06-17,23.6,4.147141268075639,0.0
2048-06-18,22.0,7.2,0.0
2048-06-19,20.0,6.1,0.0
2048-06-20,21.486606330265953,7.9,0.0
2048-06-21,21.2,6.7,0.0
2048-06-22,20.9,5.856535630606111,0.0
2048-06-23,21.0,5.2,0.0
2048-06-24,21.6,2.4772012052226313,0.0
2048-06-25,23.9,4.0,0.0
2048-06-26,24.836083210200393,6.5,0.0
2048-06-27,23.9,8.9,0.0
2048-06-28,24.2,9.0,0.0
2048-06-29,25.0,8.9,0.0
2048-06-30,26.6,8.0,0.0
2048-07-01,26.0,9.6,0.0
2048-07-02,24.8,10.4,0.0
2048-07-03,23.0,11.2,0.0
2048-07-04,22.5,10.4,0.0
2048-07-05,21.6,9.4,0.0
2048-07-06,20.9,7.9,0.0
2048-07-07,21.0,6.9,0.0
2048-07-08,21.6,7.3,0.0
2048-07-09,22.1,8.0,0.0
2048-07-10,21.6,8.3,0.0
2048-07-11,22.9,8.5,0.0
2048-07-12,24.6,8.7,0.0
2048-07-13,25.3,10.2,0.0
2048-07-14,23.871115895227838,11.0,0.0
2048-07-15,25.4,9.396937752867379,0.0
2048-07-16,27.6438458112171,9.5,0.0
2048-07-17,29.0113486083346,11.7,0.0
2048-07-18,29.633487071099125,12.7,0.0
2048-07-19,29.55744425649699,13.0,0.0
2048-07-20,29.0,13.0,0.0
2048-07-21,28.8,12.0,0.0
2048-07-22,28.5,11.9,0.0
2048-07-23,26.84103430523704,12.1,0.0
2048-07-24,26.0,11.2,0.0
2048-07-25,29.0,10.8,0.0
2048-07-26,29.2,12.0,0.0
2048-07-27,30.61285069738679,13.6,0.0
2048-07-28,29.631954342240682,14.4,0.0
2048-07-29,27.7,14.57201453986833,0.0
2048-07-30,26.2,13.302793847008575,0.0
2048-07-31,26.6,12.0,0.0
2048-08-01,28.3,11.2,0.0
2048-08-02,28.6,11.9,0.0
2048-08-03,28.0,12.4,0.0
2048-08-04,28.1,12.52884189197745,0.0
2048-08-05,28.2,12.6,0.0
2048-08-06,27.6,12.986681019016865,0.0
2048-08-07,27.0,12.5,0.0
2048-08-08,26.7,11.9,0.0
2048-08-09,28.7,11.7,0.0
2048-08-10,31.4,13.4,0.0
2048-08-11,33.924618823285016,16.7,0.0
2048-08-12,37.06618050607206,18.109001019270895,0.0
2048-08-13,37.796630859375,27.283447265625,0.0
2048-08-14,34.57263704683935,19.0,0.0
2048-08-15,31.0,17.58177490730774,0.0
2048-08-16,28.9,14.2,0.0
2048-08-17,31.1550562133716,12.8662930106529,0.0
2048-08-18,30.4,17.899387854387488,0.0
2048-08-19,31.0,17.568886496830523,0.0
2048-08-20,32.83523300395494,18.08975394610247,0.0
2048-08-21,33.94252295159994,18.521013071956393,0.0
2048-08-22,34.223280441987185,19.0,0.0
2048-08-23,37.507080078125,19.0,0.0
2048-08-24,34.4964556937024,18.85789025611719,0.0
2048-08-25,32.9,18.3,0.0
2048-08-26,30.2,18.33459905240585,0.0
2048-08-27,29.68862237748035,16.780267948657464,0.0
2048-08-28,29.8,15.2,0.0
2048-08-29,29.5,15.2,0.0
2048-08-30,30.2,14.7,0.0
2048-08-31,31.0,15.0,0.0
2048-09-01,30.9,16.9,0.0
2048-09-02,29.2,16.7,0.0
2048-09-03,30.0,15.6,0.0
2048-09-04,31.5,16.18666655761303,0.0
2048-09-05,32.0,16.9,0.0
2048-09-06,30.7,17.9,0.0
2048-09-07,29.688315815759008,17.4,0.0
2048-09-08,29.6,16.4,0.0
2048-09-09,30.0,15.9,0.0
2048-09-10,30.2,15.7,0.0
2048-09-11,30.3,15.7,0.0
2048-09-12,30.5,15.85463821255442,0.0
2048-09-13,31.3,18.4,0.0
2048-09-14,33.1,19.976424648678876,0.0
2048-09-15,34.7,19.79154369052035,0.0
2048-09-16,34.6,20.0,0.0
2048-09-17,34.1,18.8,0.0
2048-09-18,34.0,18.2,0.0
2048-09-19,33.8,17.7,0.0
2048-09-20,33.0,17.9,0.0
2048-09-21,32.0,17.3,0.0
2048-09-22,31.5,17.2,0.0
2048-09-23,31.9,16.6,0.0
2048-09-24,33.5,17.641320726733415,0.0
2048-09-25,30.39548109010011,19.0,0.0
2048-09-26,28.0,16.0,0.0
2048-09-27,29.2,15.2,0.0
2048-09-28,31.4,16.4,0.0
2048-09-29,33.55886131983383,20.10040480258708,0.0
2048-09-30,34.1,19.6,0.0
2048-10-01,33.4,20.6,0.0
2048-10-02,34.2,22.263540365984923,0.0
2048-10-03,35.4,22.0,0.0
2048-10-04,35.72692597499378,20.2,0.0
2048-10-05,35.6,21.4,0.0
2048-10-06,35.1,20.0,0.0
2048-10-07,35.62635412133843,19.4,0.0
2048-10-08,35.3934384798989,20.5,0.0
2048-10-09,32.4,20.4,0.0
2048-10-10,31.6,18.7,0.0
2048-10-11,33.2,18.1,0.0
2048-10-12,35.4,19.34876210979547,0.0
2048-10-13,36.6,21.0,0.0
2048-10-14,38.0,21.6,0.0
2048-10-15,37.90750157752118,22.265717976318612,0.0
2048-10-16,35.290247358362066,21.9,0.0
2048-10-17,34.0,21.6,0.0
2048-10-18,33.98551950381874,20.7,0.0
2048-10-19,34.3,20.9,0.0
2048-10-20,35.8,21.123191005860537,0.0
2048-10-21,37.95998206907967,21.3,0.0
2048-10-22,38.0,22.311945102260452,0.0
2048-10-23,36.9,22.0,0.0
2048-10-24,37.51966394856746,21.3,0.0
2048-10-25,36.597874748143845,21.798780050233216,0.0
2048-10-26,32.7,20.6,0.0
2048-10-27,32.7,19.4,0.0
2048-10-28,33.0,18.9,0.0
2048-10-29,35.0,20.0,0.0
2048-10-30,36.538143039527355,21.11869752421958,0.0
2048-10-31,38.0,23.314074340188082,0.0
2048-11-01,37.36205877607859,25.224462890625,0.0
2048-11-02,40.15673828125,23.2,0.0
2048-11-03,37.80475530174132,23.2,0.0
2048-11-04,34.9,21.9,0.0
2048-11-05,34.0,20.9,0.0
2048-11-06,33.9,20.7,0.0
2048-11-07,35.2,20.0,0.0
2048-11-08,35.7,21.3,0.0
2048-11-09,35.22901790519932,21.0,0.0
2048-11-10,32.0,20.5,0.0
2048-11-11,30.1,19.3,0.0
2048-11-12,27.6,19.5,0.0
2048-11-13,26.9,19.5,0.0
2048-11-14,28.6,19.4,0.0
2048-11-15,30.7,18.5,0.0
2048-11-16,32.5,20.6,0.0
2048-11-17,33.5,20.4,0.0
2048-11-18,34.0,21.1,0.0
2048-11-19,35.0,19.9,0.0
2048-11-20,35.5,23.140935361530747,0.0
2048-11-21,33.5,21.0,0.0
2048-11-22,31.0,20.3,25.439999999999998
2048-11-23,31.2,20.0,0.0
2048-11-24,31.7,19.9,0.0
2048-11-25,32.5,19.5,0.0
2048-11-26,32.5,19.8,0.0
2048-11-27,32.1,20.0,5.8
2048-11-28,32.1,20.0,15.9
2048-11-29,30.7,20.0,28.733333333333334
2048-11-30,31.6,19.9,42.38333333333333
2048-12-01,25.2,18.3,9.261063829787238
2048-12-02,23.260851371038513,17.7,0.0
2048-12-03,26.6,17.3,0.0
2048-12-04,29.8,17.6,0.0
2048-12-05,31.290434178980327,17.3,0.0
2048-12-06,31.1,17.2,0.0
2048-12-07,26.1,17.0,0.0
2048-12-08,31.0,16.1,0.0
2048-12-09,31.6,16.7,0.0
2048-12-10,31.6,17.6,0.0
2048-12-11,33.15041015552503,18.5,0.0
2048-12-12,33.1,20.356414310474268,0.0
2048-12-13,31.6,20.317827068496673,3.9393617021276617
2048-12-14,32.1,19.0,5.6
2048-12-15,30.9,19.0,6.249787234042553
2048-12-16,32.175951658675004,19.2,1.3
2048-12-17,32.1,19.9,4.0
2048-12-18,31.62425237744204,21.066701206328478,6.2
2048-12-19,30.8,20.0,1.0
2048-12-20,30.2,20.5,0.0
2048-12-21,31.6,19.4,0.0
2048-12-22,32.0,20.5,0.9
2048-12-23,30.7,20.627032609555112,29.765106382978725
2048-12-24,26.8,20.3,59.95085106382984
2048-12-25,24.752252638855172,19.8,3.4
2048-12-26,30.2,18.4,0.0
2048-12-27,28.3,19.2,0.0
2048-12-28,27.1,17.9,0.0
2048-12-29,28.9,19.8,0.5
2048-12-30,23.9,17.7,4.082978723404253
2048-12-31,25.7,17.603732768498904,0.0
2049-01-01,28.1,19.8,0.0
2049-01-02,26.3,18.9,0.6
2049-01-03,30.4,17.8,0.0
2049-01-04,29.7,18.2,0.0
2049-01-05,31.2,19.4419663905915,1.8
2049-01-06,30.8,19.563763244802754,0.0
2049-01-07,31.6,17.9,0.0
2049-01-08,29.1,19.6,1.5
2049-01-09,28.6,19.6,0.0
2049-01-10,29.9,19.7,3.4
2049-01-11,30.1,19.6,24.150000000000027
2049-01-12,25.659363837432846,19.4,22.0
2049-01-13,30.9,19.6,2.1
2049-01-14,30.1,18.4,1.1
2049-01-15,30.1,18.9,1.2
2049-01-16,30.1,19.8,0.0
2049-01-17,28.0,19.8,43.93333333333333
2049-01-18,25.4,18.0,16.425
2049-01-19,25.5,18.3,0.0
2049-01-20,29.3,18.0,0.0
2049-01-21,31.413385394140864,16.9,0.0
2049-01-22,30.7,17.5,0.0
2049-01-23,27.8,18.09072009786569,0.5
2049-01-24,30.0,17.0,0.0
2049-01-25,31.1,17.6,0.0
2049-01-26,29.7,18.7,0.0
2049-01-27,29.4,17.5,0.0
2049-01-28,30.4,16.0,0.0
2049-01-29,30.4,16.1,0.0
2049-01-30,31.0,19.8,0.0
2049-01-31,31.1,18.5,0.0
2049-02-01,30.5,20.2845492065895,0.0
2049-02-02,30.6,19.55034199736767,0.0
2049-02-03,32.0,18.9,0.0
2049-02-04,32.9,18.0,0.0
2049-02-05,33.42377288167774,16.5,0.0
2049-02-06,32.866169071837916,20.089647036968447,0.0
2049-02-07,32.30819522928883,19.0,12.5
2049-02-08,30.4,19.603522190237967,24.783418013856817
2049-02-09,29.0,18.5,2.5
2049-02-10,29.08651134549216,18.7,3.8
2049-02-11,28.5,19.02022974953114,0.0
2049-02-12,26.8,19.2,0.0
2049-02-13,29.3,18.8,1.4
2049-02-14,30.6,19.0,17.150577367205546
2049-02-15,30.0,19.2,4.8
2049-02-16,29.0,19.5,2.3
2049-02-17,30.6,19.0,0.0
2049-02-18,29.9,19.0,12.376212471131643
2049-02-19,27.0,19.1,8.675981524249424
2049-02-20,26.9,19.1,10.2
2049-02-21,27.6,19.0,0.0
2049-02-22,26.0,18.3,0.0
2049-02-23,28.6,19.0,0.7
2049-02-24,28.8,19.0,15.92979214780601
2049-02-25,31.0,19.0,25.303140877598143
2049-02-26,29.0,17.9,4.5
2049-02-27,19.364327222379064,17.6,125.0
2049-02-28,27.9,17.6,1.6
2049-03-01,30.30337837837838,17.9,4.6
2049-03-02,31.0,19.0,27.38333333333333
2049-03-03,30.0,19.0,0.8
2049-03-04,29.2,19.3,4.302777777777776
2049-03-05,28.9,19.267760951945128,1.5
2049-03-06,28.5,19.3,3.925462962962962
2049-03-07,28.6,18.3,0.0
2049-03-08,30.31756756756756,17.3,0.0
2049-03-09,28.7,19.8,19.07222222222222
2049-03-10,24.3,19.6,2.2402777777777785
2049-03-11,26.7,19.0,1.877083333333333
2049-03-12,28.0,18.6,0.0
2049-03-13,29.5,18.0,0.0
2049-03-14,29.0,19.0,0.0
2049-03-15,27.9,18.5,0.0
2049-03-16,29.7,18.0,0.0
2049-03-17,30.6,19.3,0.0
2049-03-18,31.6,18.9,2.2402777777777785
2049-03-19,30.3,18.4,0.0
2049-03-20,30.6,18.1,0.0
2049-03-21,32.5,18.6,0.0
2049-03-22,31.5,19.2,0.0
2049-03-23,30.8,18.8,0.0
2049-03-24,29.8,18.409857798425016,0.0
2049-03-25,30.1,19.3,0.0
2049-03-26,31.2,18.9,0.0
2049-03-27,30.5,18.5,0.0
2049-03-28,26.3,19.3,0.0
2049-03-29,27.4,18.6,0.0
2049-03-30,27.1,16.4,0.0
2049-03-31,26.3,16.5,0.0
2049-04-01,26.3,18.6,0.0
2049-04-02,27.2,19.027083333333337,0.0
2049-04-03,25.9,17.1,0.0
2049-04-04,27.4,17.53476394849785,0.0
2049-04-05,28.1,17.8,0.0
2049-04-06,28.4,19.170058139534884,0.0
2049-04-07,29.0,18.8,0.0
2049-04-08,29.5,15.5,0.0
2049-04-09,28.9,15.335940409683431,0.0
2049-04-10,27.9,15.4,0.0
2049-04-11,27.4,14.6,0.0
2049-04-12,27.6,14.0,0.0
2049-04-13,28.263970588235292,14.0,0.0
2049-04-14,28.1,14.8,0.0
2049-04-15,28.5,14.0,0.0
2049-04-16,28.3,12.5,0.0
2049-04-17,28.0,11.5,0.0
2049-04-18,27.9,18.4,0.0
2049-04-19,26.0,17.9,0.0
2049-04-20,28.1,18.0,0.0
2049-04-21,29.5,15.2,0.0
2049-04-22,28.6,15.0,0.0
2049-04-23,28.5,17.8,0.0
2049-04-24,30.167741935483868,17.7,0.0
2049-04-25,30.6,17.3,0.0
2049-04-26,30.9,16.1,0.0
2049-04-27,32.0,15.9,0.0
2049-04-28,33.24267912772586,16.6,0.0
2049-04-29,33.2,19.7,0.0
2049-04-30,31.1,18.8,0.0
2049-05-01,27.6,17.444512593555945,0.0
2049-05-02,27.1,15.894054635906077,0.0
2049-05-03,27.6,13.5,0.0
2049-05-04,28.7,14.0,0.0
2049-05-05,29.3,16.686192552589795,0.0
2049-05-06,29.1,17.8,0.0
2049-05-07,29.773459634015072,17.485070188674467,0.0
2049-05-08,29.5,18.04372708033057,0.0
2049-05-09,28.9,15.2,0.0
2049-05-10,26.9,14.3,0.0
2049-05-11,26.2,14.0,0.0
2049-05-12,25.6,14.0,0.0
2049-05-13,27.5,12.6,0.0
2049-05-14,28.1372565556579,13.0,0.0
2049-05-15,28.0,12.8,0.0
2049-05-16,29.0,12.450292824433046,0.0
2049-05-17,31.689533275324436,13.0,0.0
2049-05-18,32.0,15.0,0.0
2049-05-19,30.7,16.2,0.0
2049-05-20,31.1,15.7,0.0
2049-05-21,30.024814094271235,15.9,0.0
2049-05-22,28.1,14.9,0.0
2049-05-23,26.7,14.49425905992105,0.0
2049-05-24,27.624814011570255,13.2,0.0
2049-05-25,29.2,12.0,0.0
2049-05-26,29.4,11.2,0.0
2049-05-27,28.1,11.9,0.0
2049-05-28,29.2,10.0,0.0
2049-05-29,30.0,10.6,0.0
2049-05-30,30.2,11.2,0.0
2049-05-31,30.7,10.9,0.0
2049-06-01,26.2,13.0,0.0
2049-06-02,21.6,13.5,0.0
2049-06-03,25.35939509507919,10.2,0.0
2049-06-04,26.8,7.7,0.0
2049-06-05,27.7,8.3,0.0
2049-06-06,27.9,9.424129032258069,0.0
2049-06-07,27.1,11.5,0.0
2049-06-08,27.7,10.9,0.0
2049-06-09,27.0,12.0,0.0
2049-06-10,25.60755747126438,11.565469569362786,0.0
2049-06-11,26.3,11.314140711902114,0.0
2049-06-12,27.1,11.5,0.0
2049-06-13,28.3,11.66106247084575,0.0
2049-06-14,28.2,12.2,0.0
2049-06-15,27.8,12.3,0.0
2049-06-16,26.2,13.2,0.0
2049-06-17,27.3,15.993441873227848,0.0
2049-06-18,28.3,13.8,0.0
2049-06-19,30.859018253695154,13.7,0.0
2049-06-20,30.65107433941554,14.1,0.0
2049-06-21,30.4,12.2,0.0
2049-06-22,29.99718919053094,13.4,0.0
2049-06-23,31.11250871966968,13.565330469066241,0.0
2049-06-24,29.9,13.2,0.0
2049-06-25,30.0,12.3,0.0
2049-06-26,30.4,13.912231981895621,0.0
2049-06-27,29.2,13.0,0.0
2049-06-28,28.4,14.1,0.0
2049-06-29,27.2,13.3,0.0
2049-06-30,26.7,12.5,0.0
2049-07-01,25.7,12.4,0.0
2049-07-02,25.7,11.2,0.0
2049-07-03,26.1,11.0,0.0
2049-07-04,26.0,11.5,0.0
2049-07-05,26.2,10.4,0.0
2049-07-06,27.27938717430732,10.4,0.0
2049-07-07,28.2,12.4,0.0
2049-07-08,28.6,12.9,0.0
2049-07-09,27.6,12.0,0.0
2049-07-10,26.7,11.5,0.0
2049-07-11,27.1,11.2,0.0
2049-07-12,26.7,12.0,0.0
2049-07-13,26.0,11.9,0.0
2049-07-14,26.9,10.0,0.0
2049-07-15,28.0,10.0,0.0
2049-07-16,27.643309453992046,11.6,0.0
2049-07-17,27.6,11.682719420305064,0.0
2049-07-18,25.4,13.172197447332,0.0
2049-07-19,23.8,12.2,0.0
2049-07-20,24.0,9.8,0.0
2049-07-21,25.285315852493316,8.3,0.0
2049-07-22,26.0,9.5,0.0
2049-07-23,25.9,10.4,0.0
2049-07-24,26.5,11.1,0.0
2049-07-25,26.0,11.9,0.0
2049-07-26,25.9,11.5,0.0
2049-07-27,26.0,10.7,0.0
2049-07-28,27.6,10.3,0.0
2049-07-29,28.831440220238704,11.7,0.0
2049-07-30,27.5,13.334725511302478,0.0
2049-07-31,26.1,12.9,0.0
2049-08-01,23.9,12.5,0.0
2049-08-02,22.1,10.1,0.0
2049-08-03,21.3,7.2,0.0
2049-08-04,21.8,6.929113957465031,0.0
2049-08-05,22.86439768471668,6.0,0.0
2049-08-06,22.9,5.377987227955748,0.0
2049-08-07,24.1,6.5,0.0
2049-08-08,27.0,7.9,0.0
2049-08-09,28.9,11.3,0.0
2049-08-10,29.6,13.970563428049003,0.0
2049-08-11,28.9,14.589642387274255,0.0
2049-08-12,26.2,14.86875638117502,0.0
2049-08-13,23.7,13.2,0.0
2049-08-14,23.0,10.5,0.0
2049-08-15,23.2,9.5,0.0
2049-08-16,24.1,8.601991388589882,0.0
2049-08-17,25.2,7.888344767660523,0.0
2049-08-18,24.5,10.2,0.0
2049-08-19,24.0,10.0,0.0
2049-08-20,25.6,9.2,0.0
2049-08-21,28.362202759565516,10.9,0.0
2049-08-22,29.6,13.0,0.0
2049-08-23,28.2,16.0,0.0
2049-08-24,28.1,17.90506380028268,0.0
2049-08-25,30.0,15.7,0.0
2049-08-26,31.4,15.926181078818315,0.0
2049-08-27,32.28043121314844,18.451321840259837,0.0
2049-08-28,30.328172328335043,18.38800476904865,0.0
2049-08-29,26.8,15.7,0.0
2049-08-30,26.3,13.0,0.0
2049-08-31,27.423052407184617,12.4,0.0
2049-09-01,30.630412169678024,14.14030404152762,0.0
2049-09-02,32.0,15.9,0.0
2049-09-03,32.7,17.2,0.0
2049-09-04,33.5,17.6,0.0
2049-09-05,34.6,18.2,0.0
2049-09-06,34.6,19.6,0.0
2049-09-07,34.1,18.4,0.0
2049-09-08,34.7,18.0,0.0
2049-09-09,35.344680342831076,18.8,0.0
2049-09-10,34.3,20.0,0.0
2049-09-11,33.7,18.827379628158273,0.0
2049-09-12,33.0,18.5,0.0
2049-09-13,32.0,18.4,0.0
2049-09-14,32.1,18.1,0.0
2049-09-15,33.4,18.2,0.0
2049-09-16,33.36841629588431,18.9,0.0
2049-09-17,32.8,18.4,0.0
2049-09-18,33.5,17.9,0.0
2049-09-19,35.93234352532627,19.0,0.0
2049-09-20,40.367919921875,20.5,0.0
2049-09-21,39.970703125,23.836181640625,0.0
2049-09-22,33.1,20.398883436469728,0.0
2049-09-23,31.2,18.2,0.0
2049-09-24,32.0,16.4,0.0
2049-09-25,34.0,17.2,0.0
2049-09-26,34.2,20.273633012715663,0.0
2049-09-27,34.14369844381546,20.2,0.0
2049-09-28,35.4,19.5,0.0
2049-09-29,36.0,19.979967124611992,0.0
2049-09-30,35.4,19.9,0.0
2049-10-01,35.0,20.0,0.0
2049-10-02,35.0,21.7,0.0
2049-10-03,35.2,23.0,0.0
2049-10-04,35.752411194833144,20.9,0.0
2049-10-05,35.6,21.0,0.0
2049-10-06,34.5,21.0,0.0
2049-10-07,34.6,20.2,0.0
2049-10-08,34.6,20.4,0.0
2049-10-09,34.8,19.4,0.0
2049-10-10,35.6,20.0,0.0
2049-10-11,37.514869796658644,21.0,0.0
2049-10-12,37.546693833615244,21.4,0.0
2049-10-13,38.60556640625,21.0,0.0
2049-10-14,35.0,21.9,0.0
2049-10-15,31.9,19.64106136317521,0.0
2049-10-16,32.4,18.7,0.0
2049-10-17,34.0,18.0,0.0
2049-10-18,34.5,20.0,0.0
2049-10-19,36.6,21.4,0.0
2049-10-20,35.8,22.0,0.0
2049-10-21,34.5,20.5,0.0
2049-10-22,34.34364908503766,20.0,0.0
2049-10-23,34.5,17.9,0.0
2049-10-24,35.68658589652566,18.1,0.0
2049-10-25,35.5,20.1,0.0
2049-10-26,36.0,19.6,0.0
2049-10-27,37.2,20.3,0.0
2049-10-28,35.8,19.6,0.0
2049-10-29,27.99506328644074,19.36209441796093,0.0
2049-10-30,32.0,19.6,2.8648648648648676
2049-10-31,34.9,17.4,0.0
2049-11-01,34.4,21.9,0.0
2049-11-02,32.970925766575014,20.68706050641169,0.0
2049-11-03,33.4,19.9,0.0
2049-11-04,33.4188481028303,19.7,0.0
2049-11-05,32.9,19.9,0.0
2049-11-06,34.0,20.0,0.0
2049-11-07,32.6,19.4,0.0
2049-11-08,31.7,19.1,1.0
2049-11-09,32.6,17.9,0.0
2049-11-10,33.2,16.4,0.0
2049-11-11,32.9,18.2,0.0
2049-11-12,34.0,18.2,0.0
2049-11-13,35.3,19.6,0.0
2049-11-14,35.7,20.0,0.0
2049-11-15,35.49507649665384,21.1,0.0
2049-11-16,35.2,21.1,0.0
2049-11-17,33.83498596323957,21.9,0.0
2049-11-18,33.9,20.6,0.0
2049-11-19,34.46842350085954,20.0,0.0
2049-11-20,35.2,20.5,0.0
2049-11-21,35.691722284019285,21.1,0.0
2049-11-22,35.7,21.54976674908737,0.0
2049-11-23,36.2,21.9,0.0
2049-11-24,34.111625350919,21.0,0.0
2049-11-25,30.4,20.0,12.108695652173912
2049-11-26,31.5,19.9,19.47142857142857
2049-11-27,31.747166247097166,19.9,0.0
2049-11-28,29.9,20.0,0.0
2049-11-29,27.519418306623,17.6,2.5
2049-11-30,28.556906921061067,17.5,0.0
2049-12-01,27.4,18.4,0.0
2049-12-02,28.1,17.4,0.0
2049-12-03,30.2,16.4,0.0
2049-12-04,31.12515876287009,16.8,0.0
2049-12-05,32.0,16.9,0.0
2049-12-06,32.4,17.5,0.0
2049-12-07,33.22242152466367,17.7,0.0
2049-12-08,32.4,23.468872070312496,0.0
2049-12-09,33.75982508317317,19.9,0.0
2049-12-10,34.08210652095575,20.420087593876715,0.0
2049-12-11,33.1,19.9,1.0
2049-12-12,29.59511388589881,20.2,35.54202127659575
2049-12-13,27.6,19.9,1.0
2049-12-14,27.0,19.6,13.571063829787237
2049-12-15,31.0,19.5,10.703489361702138
2049-12-16,31.5,19.0,1.2
2049-12-17,29.0,19.7,5.1461702127659565
2049-12-18,26.7,20.025098971837828,3.711063829787238
2049-12-19,25.5,19.6,13.5
2049-12-20,24.3,19.2,12.6
2049-12-21,27.2,18.5,0.0
2049-12-22,29.5,17.6,0.0
2049-12-23,27.6,17.5,0.0
2049-12-24,29.0,17.3,0.0
2049-12-25,29.2,17.2,0.0
2049-12-26,30.9,17.4,0.0
2049-12-27,32.3562048736195,17.4,0.0
2049-12-28,32.92632445624039,20.525003486704243,0.0
2049-12-29,31.6,21.049524501109424,0.0
2049-12-30,30.9,19.7,3.3
2049-12-31,27.2,20.0,16.353191489361727
2050-01-01,29.5,19.0,2.1
2050-01-02,29.3,19.525863938176858,14.3
2050-01-03,28.5,19.0,3.9
2050-01-04,28.2,18.5,2.8
2050-01-05,26.8,18.1,0.7
2050-01-06,29.2,18.0,0.0
2050-01-07,30.0,18.4,9.4
2050-01-08,24.8,18.5,26.5
2050-01-09,23.9,17.6,62.69999999999986
2050-01-10,23.2,17.7,0.0
2050-01-11,27.5,18.46494050562941,3.9
2050-01-12,29.9,17.9,1.0
2050-01-13,29.9,17.2,1.4
2050-01-14,26.6,18.1,17.5
2050-01-15,28.1,15.9,0.8
2050-01-16,29.9,14.2,0.0
2050-01-17,30.7,16.9,0.0
2050-01-18,25.106532339124175,18.0,0.0
2050-01-19,28.2,18.1,0.8
2050-01-20,28.8,18.3,2.7
2050-01-21,25.60786590499741,19.0,0.0
2050-01-22,27.5,18.9,21.0
2050-01-23,27.7,18.6,31.28571428571428
2050-01-24,30.4,18.0,1.2
2050-01-25,27.1,18.9,48.83620689655173
2050-01-26,27.0,18.4,19.0
2050-01-27,26.9,18.6,15.5
2050-01-28,28.2,18.1,12.3
2050-01-29,27.2,17.9,14.0
2050-01-30,27.5,17.7,10.4
2050-01-31,27.2,18.0,31.257142857142853
2050-02-01,27.2,17.9,29.22207852193996
2050-02-02,29.4,18.2,12.4
2050-02-03,25.7,18.32210921935219,16.879792147806008
2050-02-04,23.9,18.7,48.41339491916858
2050-02-05,24.3,18.5,29.185588914549673
2050-02-06,25.5,15.0,26.805542725173208
2050-02-07,26.7,15.0,0.0
2050-02-08,29.0,15.066739247742222,0.0
2050-02-09,30.9,14.5,0.0
2050-02-10,29.0,18.1,0.0
2050-02-11,31.2,18.5,3.26743648960739
2050-02-12,29.5,17.9,0.0
2050-02-13,32.0,18.0,0.0
2050-02-14,31.7,18.5,0.0
2050-02-15,29.77236789829162,18.9,0.0
2050-02-16,25.2,18.6,59.06581361962422
2050-02-17,23.838838521166743,18.0,125.0
2050-02-18,19.571120353229247,17.9,64.28448910804599
2050-02-19,28.067472555046734,18.2,2.4
2050-02-20,25.5,17.14575855610421,0.0
2050-02-21,27.0,16.2,0.0
2050-02-22,30.0,18.3,0.0
2050-02-23,31.4,16.769654350417163,0.0
2050-02-24,32.0,18.0,0.0
2050-02-25,32.1,18.5,0.0
2050-02-26,31.0,18.0,0.0
2050-02-27,31.367005176607183,18.0,0.0
2050-02-28,28.3,17.4,4.0
2050-03-01,26.382113821138212,18.4,0.0
2050-03-02,27.9,15.9,0.0
2050-03-03,30.6,14.9,0.0
2050-03-04,32.00285714285714,14.9,0.0
2050-03-05,30.57692307692308,18.5,0.0
2050-03-06,29.1,18.4,1.2
2050-03-07,27.581818181818182,18.2,4.9
2050-03-08,29.8,17.8,0.8
2050-03-09,26.5,18.6,0.0
2050-03-10,27.3,18.9,0.0
2050-03-11,29.1,16.3,0.0
2050-03-12,30.1,15.4,0.0
2050-03-13,31.8,15.5,0.0
2050-03-14,29.6,17.4,0.8
2050-03-15,28.0,17.5,0.0
2050-03-16,27.6,17.5,0.0
2050-03-17,28.9,16.5,0.0
2050-03-18,29.1,15.5,0.0
2050-03-19,30.0,15.0,0.0
2050-03-20,29.6,15.6,0.0
2050-03-21,29.9,17.1,0.0
2050-03-22,28.5,17.4,0.0
2050-03-23,28.9,17.9,19.07222222222222
2050-03-24,27.1,18.2,0.0
2050-03-25,28.9,18.1,2.4
2050-03-26,26.1,17.8,2.6625000000000014
2050-03-27,27.7,16.8,0.0
2050-03-28,24.292198581560285,18.4,0.0
2050-03-29,27.6,17.5,0.0
2050-03-30,24.8,18.5,1.7
2050-03-31,26.4,17.90453258259501,4.664583333333334
2050-04-01,28.0,16.0,0.0
2050-04-02,28.4,16.3,0.0
2050-04-03,29.4,14.6,0.0
2050-04-04,29.3,19.21155042203465,0.0
2050-04-05,27.0,18.7,0.0
2050-04-06,28.6,16.9,0.0
2050-04-07,29.4,16.0,27.29120879120879
2050-04-08,28.6,17.4,20.102272727272727
2050-04-09,28.5,17.9,10.366666666666667
2050-04-10,28.2,16.9,9.4
2050-04-11,28.76461538461539,18.1,0.0
2050-04-12,25.7,18.1,0.0
2050-04-13,28.0,16.0,0.0
2050-04-14,27.9,15.2,0.0
2050-04-15,25.4,16.4,5.388888888888888
2050-04-16,25.6,15.9,5.477777777777778
2050-04-17,25.6,16.9,0.0
2050-04-18,24.1,16.6,0.0
2050-04-19,26.0,16.4,0.0
2050-04-20,23.7,17.590042918454937,1.2
2050-04-21,20.44952638700947,17.0,8.55
2050-04-22,24.2,16.2,0.0
2050-04-23,26.0,14.437267080745348,0.0
2050-04-24,27.5,13.2,0.0
2050-04-25,25.8,16.2,0.0
2050-04-26,26.1,16.3,0.0
2050-04-27,26.9,14.0,0.0
2050-04-28,24.13131313131313,13.9,0.0
2050-04-29,16.4591796875,15.4,0.0
2050-04-30,19.346332046332048,14.0,0.0
2050-05-01,22.0,12.2,0.0
2050-05-02,22.95549927182929,10.9,0.0
2050-05-03,23.0,11.9,0.0
2050-05-04,22.6,11.9,0.0
2050-05-05,23.133291611385086,14.4,0.0
2050-05-06,23.1,14.7,0.0
2050-05-07,23.2,13.9,0.0
2050-05-08,22.95549927182929,15.509745906747474,0.0
2050-05-09,21.751586360402108,14.0,0.0
2050-05-10,24.6,15.868827277223394,0.0
2050-05-11,25.1,15.558294147640343,0.0
2050-05-12,24.9,15.55572205540761,0.0
2050-05-13,25.2,11.9,0.0
2050-05-14,25.7,10.7,0.0
2050-05-15,24.7,11.4,0.0
2050-05-16,24.5,10.6,0.0
2050-05-17,24.4,10.0,0.0
2050-05-18,24.7,9.5,0.0
2050-05-19,25.3,11.5,0.0
2050-05-20,24.0,11.640639231597241,0.0
2050-05-21,24.8,12.9,0.0
2050-05-22,24.8,10.5,0.0
2050-05-23,25.3,8.6,0.0
2050-05-24,26.0,10.0,0.0
2050-05-25,26.0,14.1,0.0
2050-05-26,25.3,12.0,0.0
2050-05-27,25.6,11.6,0.0
2050-05-28,26.0,11.0,0.0
2050-05-29,26.3,10.6,0.0
2050-05-30,26.5,10.8,0.0
2050-05-31,26.302286477859013,10.6,0.0
2050-06-01,24.8,10.9,0.0
2050-06-02,25.0,9.287106661722904,0.0
2050-06-03,26.0,8.0,0.0
2050-06-04,27.0,7.0,0.0
2050-06-05,27.5,8.5,0.0
2050-06-06,26.33096976438468,10.2,0.0
2050-06-07,25.9,10.1,0.0
2050-06-08,25.3,8.9,0.0
2050-06-09,25.2,6.8,0.0
2050-06-10,24.8,7.3,0.0
2050-06-11,21.9,10.194645565780167,0.0
2050-06-12,22.1,10.2,0.0
2050-06-13,23.0,8.5,0.0
2050-06-14,24.1,8.2,0.0
2050-06-15,25.08833031726794,9.0,0.0
2050-06-16,26.9,9.9,0.0
2050-06-17,26.6,9.7,0.0
2050-06-18,24.2,11.7,0.0
2050-06-19,20.1,11.5,0.0
2050-06-20,22.7,9.6,0.0
2050-06-21,24.2,9.0,0.0
2050-06-22,25.3,9.0,0.0
2050-06-23,25.7,8.780626622172788,0.0
2050-06-24,23.9,10.7,0.0
2050-06-25,18.983587802334196,12.0,0.0
2050-06-26,22.0,10.0,0.0
2050-06-27,22.1,7.140025669547361,0.0
2050-06-28,23.0,4.4,0.0
2050-06-29,23.4,6.5,0.0
2050-06-30,23.5,7.079110122358175,0.0
2050-07-01,22.0,6.9,0.0
2050-07-02,20.9,6.7,0.0
2050-07-03,20.0,5.766569275718899,0.0
2050-07-04,21.5,5.9,0.0
2050-07-05,22.473089343379975,6.4,0.0
2050-07-06,22.0,8.3,0.0
2050-07-07,23.2,9.2,0.0
2050-07-08,24.6,10.5,0.0
2050-07-09,25.2,13.8,0.0
2050-07-10,25.4,14.2,0.0
2050-07-11,26.0,12.2,0.0
2050-07-12,26.504466388979885,11.2,0.0
2050-07-13,28.1,11.5,0.0
2050-07-14,29.136019660011776,12.9,0.0
2050-07-15,27.4,15.099759937671895,0.0
2050-07-16,26.7,13.506298949556436,0.0
2050-07-17,28.417202176445418,13.2,0.0
2050-07-18,29.0,13.339370117017948,0.0
2050-07-19,26.9,13.699861602337375,0.0
2050-07-20,26.7,13.9,0.0
2050-07-21,27.6,13.332693496301957,0.0
2050-07-22,29.2,15.1,0.0
2050-07-23,31.26732208007468,14.4,0.0
2050-07-24,32.02705078125,15.691900245994619,0.0
2050-07-25,29.2,18.3138671875,0.0
2050-07-26,27.2,15.429266165938007,0.0
2050-07-27,22.0,14.4,0.0
2050-07-28,24.0,12.222505954928428,0.0
2050-07-29,26.4,11.7,0.0
2050-07-30,28.30756744750286,12.239853277480213,0.0
2050-07-31,28.5,13.15628098386824,0.0
2050-08-01,28.9,14.0,0.0
2050-08-02,28.6,12.763103646578285,0.0
2050-08-03,27.6,12.811295052150989,0.0
2050-08-04,26.3,13.5,0.0
2050-08-05,25.5,12.3,0.0
2050-08-06,25.5,11.8,0.0
2050-08-07,26.3,11.5,0.0
2050-08-08,28.7,12.9,0.0
2050-08-09,30.8,13.5,0.0
2050-08-10,31.0,15.4,0.0
2050-08-11,28.8,15.5,0.0
2050-08-12,29.0,13.6,0.0
2050-08-13,30.7,13.1,0.0
2050-08-14,31.5,14.0,0.0
2050-08-15,31.667405993613794,15.0,0.0
2050-08-16,31.4,15.0,0.0
2050-08-17,31.0,14.79605310369573,0.0
2050-08-18,29.0,15.932893792608537,0.0
2050-08-19,27.454606471221428,14.9,0.0
2050-08-20,28.7,14.3,0.0
2050-08-21,28.8,18.3,0.0
2050-08-22,29.5,15.834459529844775,0.0
2050-08-23,31.0,15.0,0.0
2050-08-24,31.5,15.0,0.0
2050-08-25,30.0,16.9,0.0
2050-08-26,27.672620781358823,15.299428178988734,0.0
2050-08-27,27.8,14.898626517044956,0.0
2050-08-28,28.6,17.0,0.0
2050-08-29,29.2,18.369737730577,0.0
2050-08-30,30.84502152852529,19.0,0.0
2050-08-31,30.0,17.0,0.0
2050-09-01,29.2,16.7,0.0
2050-09-02,30.7,14.4,0.0
2050-09-03,32.6,15.3,0.0
2050-09-04,33.5,17.6,0.0
2050-09-05,34.2,18.2,0.0
2050-09-06,34.0,18.3,0.0
2050-09-07,34.14600849128294,17.4,0.0
2050-09-08,34.0,18.106830767758694,0.0
2050-09-09,33.4,18.1,0.0
2050-09-10,33.5,16.9,0.0
2050-09-11,33.7,16.7,0.0
2050-09-12,33.5,18.7,0.0
2050-09-13,31.2,17.8,1.8673469387755102
2050-09-14,30.7,16.9,0.0
2050-09-15,32.7,17.126381164256582,0.0
2050-09-16,34.6,17.9,0.0
2050-09-17,34.2,19.0,0.0
2050-09-18,33.2,19.947229760816274,0.0
2050-09-19,33.0,18.5,0.0
2050-09-20,33.2,18.3,0.0
2050-09-21,32.7,19.0,0.0
2050-09-22,33.2,18.1,0.0
2050-09-23,34.0,17.9,0.0
2050-09-24,33.9,18.9,0.0
2050-09-25,32.0,18.7,0.0
2050-09-26,32.49205177469916,17.836210168160708,0.0
2050-09-27,32.7,18.3,0.0
2050-09-28,32.7,18.9,0.0
2050-09-29,31.9,18.6,0.0
2050-09-30,30.6,18.0,0.0
2050-10-01,31.0,18.0,0.0
2050-10-02,31.7,20.5,0.0
2050-10-03,32.2,18.7,0.0
2050-10-04,34.0,18.5,0.0
2050-10-05,36.55001518037039,19.2,0.0
2050-10-06,38.548681640625,20.5,0.0
2050-10-07,39.34775390625,21.3,0.0
2050-10-08,38.0,22.171618049856637,0.0
2050-10-09,35.0,21.4,0.0
2050-10-10,35.7,20.47386064419971,0.0
2050-10-11,37.04407797362755,21.0,0.0
2050-10-12,37.850730228162334,21.4,0.0
2050-10-13,38.19682978176169,22.0,0.0
2050-10-14,38.523291015625,22.175776145967653,0.0
2050-10-15,37.12787514682024,22.131885131462546,0.0
2050-10-16,35.6,20.7,0.0
2050-10-17,32.4,20.2,0.0
2050-10-18,32.6,18.6,0.0
2050-10-19,35.2,20.0,0.0
2050-10-20,35.7,22.2,0.0
2050-10-21,35.4,19.7,0.9
2050-10-22,31.0,18.4,2.82837837837838
2050-10-23,32.2,18.0,2.4
2050-10-24,31.9,18.5,2.5
2050-10-25,29.8,18.1860542997249,32.472972972973025
2050-10-26,26.688303905660074,18.5,35.27027027027031
2050-10-27,26.555216071406974,18.3,85.9
2050-10-28,24.0,18.2,85.9
2050-10-29,22.9,18.0,27.148648648648678
2050-10-30,25.84650705113568,17.4,3.771428571428572
2050-10-31,28.4,19.0,0.0
2050-11-01,31.7,20.494512980177124,0.0
2050-11-02,31.4,19.0,0.0
2050-11-03,32.6,19.9,0.0
2050-11-04,33.7,21.2,0.0
2050-11-05,32.769254727474966,20.4,0.0
2050-11-06,31.4,19.7,0.7
2050-11-07,32.3,18.9,0.0
2050-11-08,32.1,20.787649253578188,0.0
2050-11-09,31.8,20.5,0.0
2050-11-10,32.1,18.918890510352988,0.0
2050-11-11,32.7,18.5,0.0
2050-11-12,32.6,19.2,0.0
2050-11-13,32.8,21.5,0.0
2050-11-14,32.6,20.0,0.2
2050-11-15,28.0915421175043,19.5,34.15714285714286
2050-11-16,26.942927620506936,18.0,34.042857142857144
2050-11-17,23.2,16.3,0.0
2050-11-18,19.902725542187625,16.0,0.0
2050-11-19,21.8,16.3,0.0
2050-11-20,27.5,16.0,0.0
2050-11-21,28.0,16.9,0.0
2050-11-22,30.652709823567143,16.7,0.0
2050-11-23,31.7,16.5,0.0
2050-11-24,32.6,17.2,0.0
2050-11-25,32.0,19.5,0.0
2050-11-26,29.46253443997604,18.3,34.4
2050-11-27,30.0,19.5,4.899999999999999
2050-11-28,31.5,17.6,0.0
2050-11-29,31.2,17.323577722179923,0.0
2050-11-30,25.317016592510196,16.6,0.0
2050-12-01,28.9,16.52076528624354,0.0
2050-12-02,29.6,18.2,0.0
2050-12-03,31.4,20.3,11.567446808510642
2050-12-04,27.6,19.982186274436007,25.968936170212768
2050-12-05,24.1,19.0,47.87314313346228
2050-12-06,24.1,18.3,0.0
2050-12-07,24.97288411818557,18.2,0.0
2050-12-08,29.7,17.5,0.0
2050-12-09,30.0,16.5,0.0
2050-12-10,30.34179551924991,16.0,0.0
2050-12-11,31.6,14.9,0.0
2050-12-12,30.0,16.1,0.0
2050-12-13,27.0,16.9,0.0
2050-12-14,28.4,17.5,0.0
2050-12-15,30.1,16.4,0.0
2050-12-16,31.623667031101576,16.4,0.0
2050-12-17,32.1,16.9,0.0
2050-12-18,33.1,17.5,0.0
2050-12-19,29.0,17.5,6.6
2050-12-20,25.6,17.9,0.0
2050-12-21,28.0,18.6,0.0
2050-12-22,31.6,17.0,0.0
2050-12-23,31.7,17.1,0.0
2050-12-24,32.0,20.5,0.0
2050-12-25,32.1,19.3,0.0
2050-12-26,32.4,19.9,0.0
2050-12-27,29.735616254036582,20.560462660527246,1.3
2050-12-28,26.5,20.386443292558,0.0
2050-12-29,27.7,20.2,1.1
2050-12-30,29.4,19.9,5.8
2050-12-31,28.3,19.0,13.571063829787237
2051-01-01,28.4,18.2,21.0
2051-01-02,26.4,18.5,23.0
2051-01-03,30.827769133210424,18.2,1.2
2051-01-04,28.6,18.9,4.0
2051-01-05,28.7,16.8,0.0
2051-01-06,29.2,16.4,0.0
2051-01-07,30.4,15.18337263187611,0.0
2051-01-08,31.6,15.19833212279373,0.0
2051-01-09,31.7,17.5,0.0
2051-01-10,31.1,18.0,4.4
2051-01-11,27.0,18.7,0.0
2051-01-12,29.7,17.2,0.0
2051-01-13,29.5,15.2,0.0
2051-01-14,31.7,14.969508619712538,0.0
2051-01-15,31.9,16.9,0.0
2051-01-16,31.1,18.0,0.0
2051-01-17,31.7,17.9,1.2
2051-01-18,27.1,18.9,11.0
2051-01-19,25.5,18.8,48.05000000000002
2051-01-20,22.556396260478206,16.4,16.4
2051-01-21,22.560201893493133,16.2,0.0
2051-01-22,25.4,18.2,0.0
2051-01-23,25.4,18.9,0.0
2051-01-24,29.0,18.5,4.4
2051-01-25,29.4,18.9,25.4
2051-01-26,29.4,18.9,27.1
2051-01-27,28.0,19.2,11.5
2051-01-28,29.3,18.6,0.5
2051-01-29,28.4,19.2,14.2
2051-01-30,30.1,18.2,28.3
2051-01-31,27.0,19.10129561933588,2.4
2051-02-01,26.6,19.0,4.8
2051-02-02,31.4,18.5,0.0
2051-02-03,30.631460461385934,18.8,0.0
2051-02-04,29.74128749897521,18.7,41.992517321016166
2051-02-05,23.209927430183612,18.2,8.7
2051-02-06,24.9,17.9,0.0
2051-02-07,25.814200369999345,18.646705261365923,0.0
2051-02-08,27.7,17.5,0.0
2051-02-09,29.0,16.8,6.4
2051-02-10,28.0,19.019181394474554,0.2
2051-02-11,29.3,19.0,11.11224018475751
2051-02-12,30.3,18.9,21.0
2051-02-13,29.9,19.0,1.6
2051-02-14,28.4,18.5,12.5
2051-02-15,26.5,19.0,41.03158198614321
2051-02-16,24.5,18.9,29.96096997690531
2051-02-17,26.2,17.4,0.0
2051-02-18,27.90921624842959,16.0,2.4627020785219402
2051-02-19,28.2,18.4,5.325173210161664
2051-02-20,28.6,18.8,26.83926096997691
2051-02-21,28.4,18.0,4.5
2051-02-22,24.7,18.9,43.476905311778296
2051-02-23,24.7,19.0,0.0
2051-02-24,27.6,17.2,0.0
2051-02-25,29.9,16.5,17.150577367205546
2051-02-26,29.596453209087286,18.8,0.0
2051-02-27,28.3,18.219884783472384,0.0
2051-02-28,29.8,16.9,0.0
2051-03-01,30.6,18.5,0.0
2051-03-02,33.0,17.5,0.0
2051-03-03,30.1,19.8,2.4
2051-03-04,28.2,17.7,0.0
2051-03-05,29.1,17.3,0.0
2051-03-06,30.2,16.4,0.0
2051-03-07,30.6,17.1,0.0
2051-03-08,31.6,17.8,0.0
2051-03-09,31.8,16.9,0.0
2051-03-10,32.32962962962963,16.5,0.0
2051-03-11,23.6,17.9,0.0
2051-03-12,24.0,17.2,0.0
2051-03-13,24.3,17.0,0.0
2051-03-14,26.5,18.0,0.0
2051-03-15,27.7,17.2,0.0
2051-03-16,27.764864864864865,18.1,0.0
2051-03-17,27.1,18.4,0.0
2051-03-18,28.8,19.0,0.0
2051-03-19,29.9,17.7,0.9
2051-03-20,29.4,19.3,5.385185185185187
2051-03-21,26.2,17.9,0.0
2051-03-22,29.7,17.4,1.4
2051-03-23,27.2,17.6,0.0
2051-03-24,28.6,15.9,0.0
2051-03-25,27.8,16.8,0.0
2051-03-26,30.0,17.8,0.0
2051-03-27,29.5,17.9,0.0
2051-03-28,29.9,18.1,2.8
2051-03-29,31.44262295081967,18.4,24.77894736842105
2051-03-30,30.0,18.8,1.1921296296296298
2051-03-31,30.0,18.5,2.0
2051-04-01,30.1,17.5,0.0
2051-04-02,28.8,17.563605150214592,0.0
2051-04-03,28.7,17.3,0.0
2051-04-04,28.4,16.0,0.0
2051-04-05,28.9,14.3,0.0
2051-04-06,29.5,19.0,0.0
2051-04-07,29.9,19.4,0.0
2051-04-08,28.7,18.5,0.0
2051-04-09,28.6,18.1,0.0
2051-04-10,26.8,15.9,0.0
2051-04-11,28.5,15.1,0.0
2051-04-12,28.9,16.6,0.0
2051-04-13,27.7,17.6,0.0
2051-04-14,26.7,18.7,0.0
2051-04-15,28.2,18.6,0.0
2051-04-16,27.6,18.887671232876713,0.0
2051-04-17,28.1,18.4,0.0
2051-04-18,27.4,16.7,0.0
2051-04-19,28.0,16.0,0.0
2051-04-20,27.1,16.9,0.5
2051-04-21,28.0,17.3,0.0
2051-04-22,29.0,17.1,0.0
2051-04-23,30.4,15.9,0.0
2051-04-24,30.6,17.0,0.0
2051-04-25,30.861904761904764,16.7,0.0
2051-04-26,31.1,15.9,0.0
2051-04-27,31.1,15.2,0.0
2051-04-28,29.0,19.0,0.0
2051-04-29,28.5,18.4,0.0
2051-04-30,28.5,16.3,0.0
2051-05-01,28.0,17.9,0.0
2051-05-02,28.2,16.2,0.0
2051-05-03,28.5,15.2,0.0
2051-05-04,28.0,18.0,0.0
2051-05-05,27.5,17.2,0.0
2051-05-06,29.406921420882664,15.0,0.0
2051-05-07,30.05404153622816,17.870914214590467,0.0
2051-05-08,30.0,15.2,0.0
2051-05-09,30.23292347259447,13.0,0.0
2051-05-10,30.790369391342256,13.6,0.0
2051-05-11,31.0,14.3,0.0
2051-05-12,30.1,16.9,0.0
2051-05-13,29.6,14.7,0.0
2051-05-14,30.0,12.9,0.0
2051-05-15,30.0,11.0,0.0
2051-05-16,30.7,11.4,0.0
2051-05-17,28.9,13.9,0.0
2051-05-18,26.0,12.1,0.0
2051-05-19,27.6,11.6,0.0
2051-05-20,27.6,13.1,0.0
2051-05-21,28.6,12.303803372802284,0.0
2051-05-22,26.7,13.1,0.0
2051-05-23,24.4,15.9,0.0
2051-05-24,22.396205597416575,15.45444723517915,0.0
2051-05-25,24.8,15.2,0.0
2051-05-26,23.0,12.403638078881482,0.0
2051-05-27,25.8,10.0,0.0
2051-05-28,26.0,11.2,0.0
2051-05-29,25.7,11.8,0.0
2051-05-30,24.6,9.9,0.0
2051-05-31,26.0,11.5,0.0
2051-06-01,25.0,12.5,0.0
2051-06-02,24.9,12.0,0.0
2051-06-03,24.1,11.5,0.0
2051-06-04,25.0,10.5,0.0
2051-06-05,25.2,7.9,0.0
2051-06-06,25.4,6.9,0.0
2051-06-07,27.0,9.0,0.0
2051-06-08,26.103297958692842,11.0,0.0
2051-06-09,26.9,10.9,0.0
2051-06-10,28.5,11.0,0.0
2051-06-11,28.6,12.0,0.0
2051-06-12,29.2,12.2,0.0
2051-06-13,30.969946158875405,12.9,0.0
2051-06-14,29.5,12.0,0.0
2051-06-15,27.9,14.1,0.0
2051-06-16,27.814447425243735,13.0,0.0
2051-06-17,29.0,13.5,0.0
2051-06-18,29.3,14.3,0.0
2051-06-19,28.96872548445642,14.2,0.0
2051-06-20,28.5,13.0,0.0
2051-06-21,27.9,12.2,0.0
2051-06-22,23.7,13.4,0.0
2051-06-23,19.6,12.2,0.0
2051-06-24,19.6,11.0,0.0
2051-06-25,22.0,10.5,0.0
2051-06-26,22.6,9.0,0.0
2051-06-27,23.294505800095344,9.202260006709398,0.0
2051-06-28,24.0,9.4,0.0
2051-06-29,24.7,10.0,0.0
2051-06-30,24.8,10.0,0.0
2051-07-01,24.6,9.085217079296728,0.0
2051-07-02,25.3,8.9,0.0
2051-07-03,25.8,9.2,0.0
2051-07-04,25.9,9.1,0.0
2051-07-05,25.0,10.5,0.0
2051-07-06,25.1,10.0,0.0
2051-07-07,25.4,9.5,0.0
2051-07-08,25.7,9.5,0.0
2051-07-09,25.2,9.9,0.0
2051-07-10,25.509651955507703,10.287221282485005,0.0
2051-07-11,25.0,10.6,0.0
2051-07-12,24.3,10.4,0.0
2051-07-13,24.707572658772868,9.8,0.0
2051-07-14,25.9,9.8,0.0
2051-07-15,27.6,11.0,0.0
2051-07-16,26.301506996770716,12.9,0.0
2051-07-17,23.7,12.1,0.0
2051-07-18,21.641542877646213,12.0,0.0
2051-07-19,23.7,9.4,0.0
2051-07-20,25.025592034445634,9.4,0.0
2051-07-21,26.2,10.4,0.0
2051-07-22,28.2,11.7,0.0
2051-07-23,29.314985968014753,13.0,0.0
2051-07-24,30.7,14.4,0.0
2051-07-25,30.742155076475413,14.4,0.0
2051-07-26,28.07193826174519,15.14682354467293,0.0
2051-07-27,26.4,14.0,0.0
2051-07-28,26.0,12.9,0.0
2051-07-29,26.7,11.9,0.0
2051-07-30,27.6,11.7,0.0
2051-07-31,28.2,11.3,0.0
2051-08-01,29.0,13.1,0.0
2051-08-02,27.9,13.7,0.0
2051-08-03,28.5,13.0,0.0
2051-08-04,29.2,13.0,0.0
2051-08-05,29.050295667733774,14.1,0.0
2051-08-06,28.7,13.7,0.0
2051-08-07,28.88591838731774,12.7,0.0
2051-08-08,27.0,14.1,0.0
2051-08-09,25.7,12.6,0.0
2051-08-10,26.0,11.4,0.0
2051-08-11,27.1,12.3,0.0
2051-08-12,25.9,14.0,0.0
2051-08-13,25.2,11.8,0.0
2051-08-14,26.08448832634275,11.9,0.0
2051-08-15,26.4,12.5,0.0
2051-08-16,26.9,13.3,0.0
2051-08-17,28.1,14.0,0.0
2051-08-18,29.5,15.4,0.0
2051-08-19,29.6,15.2,0.0
2051-08-20,30.0,15.2,0.0
2051-08-21,29.5,15.4,0.0
2051-08-22,28.6,15.9,0.0
2051-08-23,27.9,15.0,0.0
2051-08-24,28.1,14.6,0.0
2051-08-25,28.6,15.0,0.0
2051-08-26,29.5,14.4,0.0
2051-08-27,31.2,14.4,0.0
2051-08-28,31.9,15.2,0.0
2051-08-29,28.2,17.2,0.0
2051-08-30,24.2,14.2,0.0
2051-08-31,28.6,12.5,0.0
2051-09-01,32.9,15.4,0.0
2051-09-02,33.6,18.3,0.0
2051-09-03,32.0,18.8,0.0
2051-09-04,31.7,17.0,0.0
2051-09-05,31.621366332962562,16.7,0.0
2051-09-06,32.0,15.350503926922173,0.0
2051-09-07,32.0,15.2,0.0
2051-09-08,31.2,16.3,0.0
2051-09-09,29.9,14.825296428655957,0.0
2051-09-10,31.0,13.2,0.0
2051-09-11,33.0,14.0,0.0
2051-09-12,33.1,17.0,0.0
2051-09-13,31.9,17.9,0.0
2051-09-14,32.0,17.1,0.0
2051-09-15,32.0,17.6,0.0
2051-09-16,32.0,17.9,0.0
2051-09-17,33.0,17.287555709434326,0.0
2051-09-18,33.7,18.8,0.0
2051-09-19,33.2,20.33615527783232,0.0
2051-09-20,33.0,19.3,0.0
2051-09-21,33.4,20.5,0.0
2051-09-22,31.6,20.5,0.0
2051-09-23,31.6,19.0,0.0
2051-09-24,32.19777378213236,19.470672222867865,0.0
2051-09-25,33.7,19.3,0.0
2051-09-26,34.30408403194155,20.0,0.0
2051-09-27,34.7,20.5,0.0
2051-09-28,34.109047731803216,20.6,0.0
2051-09-29,33.212611234705236,19.95981165809597,0.0
2051-09-30,33.2,19.5,0.0
2051-10-01,29.637533446101795,18.2,0.0
2051-10-02,30.0,17.2,0.0
2051-10-03,30.9,16.2,0.0
2051-10-04,34.0,18.2,0.0
2051-10-05,36.34246616128071,20.1,0.0
2051-10-06,34.0,20.7,0.0
2051-10-07,31.9,19.9,0.0
2051-10-08,32.0,19.4,0.0
2051-10-09,32.4,18.3,0.0
2051-10-10,32.7,19.8,0.0
2051-10-11,33.8,19.4,2.278378378378379
2051-10-12,30.7,17.9,2.563882063882064
2051-10-13,31.1,18.6,1.6
2051-10-14,27.6,17.438901478669763,17.667567567567584
2051-10-15,22.62328668819519,18.7,1.6
2051-10-16,27.2,17.3,0.925945945945946
2051-10-17,30.9,18.4,0.0
2051-10-18,31.3,17.4,0.0
2051-10-19,32.6,18.6,0.0
2051-10-20,26.410534479150567,19.7,5.31891891891892
2051-10-21,25.0,16.5,0.0
2051-10-22,24.52305565665874,13.518381282512104,0.0
2051-10-23,25.0,10.9946415263961,0.0
2051-10-24,26.9,11.363966926507292,0.0
2051-10-25,30.7,11.360890240007569,0.0
2051-10-26,34.144262648008606,11.17103821904683,0.0
2051-10-27,36.0,15.6,0.0
2051-10-28,34.4,20.4,0.0
2051-10-29,34.3,20.3,0.0
2051-10-30,34.5,19.4,0.0
2051-10-31,34.9,18.1,0.0
2051-11-01,36.0,20.0,0.0
2051-11-02,37.21642565813867,21.289206739308955,0.0
2051-11-03,35.6,21.857311745965813,0.0
2051-11-04,36.0,21.2,0.0
2051-11-05,37.81736991075893,21.3,0.0
2051-11-06,39.68310546875,23.3,0.0
2051-11-07,34.959614911356766,22.1,0.0
2051-11-08,36.3105632609043,21.4,0.0
2051-11-09,37.2097777892749,21.4,0.0
2051-11-10,37.2,20.9,0.0
2051-11-11,39.245168492569675,21.3,0.0
2051-11-12,36.73197658888211,21.1,0.0
2051-11-13,35.0,20.933876414406807,0.0
2051-11-14,35.4,22.9,0.0
2051-11-15,33.7,21.2,0.0
2051-11-16,32.3,20.4,0.0
2051-11-17,32.2,19.9,0.0
2051-11-18,28.3,19.9,0.0
2051-11-19,27.9,19.7,0.0
2051-11-20,30.1,20.0,0.0
2051-11-21,30.0,19.743495974036076,5.4
2051-11-22,31.5,20.0,42.19166666666666
2051-11-23,30.0,19.6,27.666666666666668
2051-11-24,29.6,19.7,9.442857142857143
2051-11-25,26.7,18.9,0.0
2051-11-26,27.78099670756424,19.4,0.0
2051-11-27,28.7,19.1,1.2
2051-11-28,31.2,19.4,0.8
2051-11-29,30.2,19.0,8.3
2051-11-30,27.0,19.5,12.169565217391304
2051-12-01,23.93582904756209,19.4,0.0
2051-12-02,26.9,19.0,0.0
2051-12-03,27.6,18.6,7.075361702127659
2051-12-04,28.0,19.96657787852621,43.2
2051-12-05,27.6,19.2,20.312765957446814
2051-12-06,27.0,18.3,0.0
2051-12-07,30.0,17.5,33.12581560283687
2051-12-08,27.5,20.3,34.985438829787235
2051-12-09,25.0,19.9,43.2
2051-12-10,24.2,18.9,15.14765957446809
2051-12-11,24.1,18.2,31.67404255319152
2051-12-12,24.97375632526181,17.8,7.6
2051-12-13,24.8,19.5,2.0
2051-12-14,27.6,19.3,2.4
2051-12-15,27.0,19.0,0.9114893617021276
2051-12-16,25.9,17.4,0.0
2051-12-17,27.657746681019013,17.0,0.0
2051-12-18,29.6,17.0,0.0
2051-12-19,30.7,18.3,0.0
2051-12-20,30.0,17.9,0.0
2051-12-21,29.7,17.6,0.0
2051-12-22,29.7,17.0,0.0
2051-12-23,30.2,16.5,0.0
2051-12-24,30.6,16.4,0.0
2051-12-25,31.89751189904937,17.2,0.0
2051-12-26,31.5,19.9,0.0
2051-12-27,30.4,19.0,3.0706382978723434
2051-12-28,29.7,19.9,1.165212765957447
2051-12-29,29.5,18.7,0.0
2051-12-30,30.7,18.0,1.2
2051-12-31,30.6,18.0,5.8
2052-01-01,29.3,19.5,34.075
2052-01-02,29.2,19.7,6.0
2052-01-03,28.43285530747595,18.9,15.6
2052-01-04,29.1,19.523840719778068,5.8
2052-01-05,28.809016274922477,19.7,10.4
2052-01-06,28.6,19.6,0.0
2052-01-07,30.7,19.5,0.0
2052-01-08,31.48503811237237,19.2,1.0
2052-01-09,28.7,18.8,24.3
2052-01-10,25.422956206447225,18.9,10.0
2052-01-11,25.2,18.0,6.3
2052-01-12,29.1,16.4,0.0
2052-01-13,28.6,18.0,0.0
2052-01-14,29.5,16.9,0.0
2052-01-15,29.9,17.4,0.0
2052-01-16,30.0,17.6,0.0
2052-01-17,28.4,17.5,0.0
2052-01-18,25.4,17.1,0.0
2052-01-19,29.6,19.0,0.0
2052-01-20,31.854746785553846,17.5,0.0
2052-01-21,31.9,18.6,0.0
2052-01-22,29.4,18.4,3.7
2052-01-23,29.5,17.8,0.0
2052-01-24,31.0,16.3,0.0
2052-01-25,30.46827040053792,19.8,0.4
2052-01-26,30.0,19.581784231453607,16.4
2052-01-27,29.7,19.1,0.0
2052-01-28,29.4,19.4,0.0
2052-01-29,29.2,19.1,5.0
2052-01-30,29.0,18.7,0.9
2052-01-31,25.43694691518894,19.7,2.1
2052-02-01,26.0,19.042070479876635,26.633025404157046
2052-02-02,24.9,19.0,125.0
2052-02-03,24.9,18.9,125.0
2052-02-04,24.7,19.0,34.174826789838356
2052-02-05,24.3,18.8,4.0
2052-02-06,27.61545616126132,18.7,0.3
2052-02-07,24.4004018559085,16.5,0.0
2052-02-08,31.0,16.2,8.0
2052-02-09,27.660612675909082,17.6,52.73459584295614
2052-02-10,24.0,18.7,46.15643986498494
2052-02-11,19.447754540916137,18.2,2.0
2052-02-12,24.40429201133043,18.1,0.0
2052-02-13,30.2,18.4,0.0
2052-02-14,30.5,18.9,9.899076212471131
2052-02-15,26.2,19.2,0.0
2052-02-16,28.5,18.0,4.2
2052-02-17,30.0,18.0,5.633256351039261
2052-02-18,29.0,18.7,6.0
2052-02-19,28.8,19.0,14.901616628175523
2052-02-20,25.7,19.0,4.397228637413398
2052-02-21,26.6,19.0,6.4
2052-02-22,29.2,19.2,0.0
2052-02-23,28.6,19.2,4.8
2052-02-24,28.6,19.0,7.0
2052-02-25,29.0,18.8,38.01669923609878
2052-02-26,24.9,18.0,0.0
2052-02-27,26.7,17.8,0.8
2052-02-28,26.39279871234579,18.9,2.225866050808315
2052-03-01,26.4,18.9,0.0
2052-03-02,25.3,18.4,0.0
2052-03-03,27.6,18.3,0.0
2052-03-04,26.8,18.1,0.0
2052-03-05,28.1,19.0,0.0
2052-03-06,28.5,16.32853483397146,0.0
2052-03-07,30.6,15.0,0.0
2052-03-08,28.0,17.8,0.0
2052-03-09,28.0,17.4,0.0
2052-03-10,24.34453125,17.362519773482465,0.0
2052-03-11,28.0,17.9,0.0
2052-03-12,30.1,16.8,0.0
2052-03-13,30.647368421052633,16.5,0.0
2052-03-14,30.9,19.0,0.0
2052-03-15,30.2,19.0,0.0
2052-03-16,26.5,18.6,0.0
2052-03-17,27.4,16.4,0.0
2052-03-18,29.5,15.4,0.0
2052-03-19,29.5,19.3,0.0
2052-03-20,29.9,18.997797947318755,0.0
2052-03-21,29.2,16.4,0.0
2052-03-22,30.5,14.4,0.0
2052-03-23,32.9,14.1,0.0
2052-03-24,34.35984178687763,14.0,0.0
2052-03-25,35.87119140625,14.9,0.0
2052-03-26,32.6,19.4,0.0
2052-03-27,29.7,17.9,0.0
2052-03-28,28.9,17.1,0.0
2052-03-29,29.139999999999997,14.5,0.0
2052-03-30,28.7,13.5,0.0
2052-03-31,30.0,10.184770292380508,0.0
2052-04-01,30.0,11.5,0.0
2052-04-02,29.8,14.7,0.0
2052-04-03,28.9,15.0,0.0
2052-04-04,29.5,14.3,0.0
2052-04-05,30.4,13.6,0.0
2052-04-06,31.986731001206273,13.9,0.0
2052-04-07,32.397108433734935,14.9,0.0
2052-04-08,27.6,17.9,0.0
2052-04-09,24.7,17.9,0.0
2052-04-10,28.5,15.2,0.0
2052-04-11,28.6,14.2,0.0
2052-04-12,29.393506493506493,12.8,0.0
2052-04-13,28.2,18.0,12.563636363636364
2052-04-14,20.59512855209743,15.0,70.0
2052-04-15,27.2,14.7,0.0
2052-04-16,27.65,14.4,0.0
2052-04-17,28.9,14.591851851851871,0.0
2052-04-18,29.0,15.3,0.0
2052-04-19,29.0,17.652631578947368,0.0
2052-04-20,27.0,17.6,0.0
2052-04-21,28.7,15.0,0.0
2052-04-22,29.7,15.5,0.0
2052-04-23,29.48275862068965,16.0,0.0
2052-04-24,28.9,15.5,0.0
2052-04-25,27.6,15.0,0.0
2052-04-26,25.6,13.8,0.0
2052-04-27,27.5,14.5,0.0
2052-04-28,28.6,13.435937500000001,0.0
2052-04-29,29.4,13.437499999999998,0.0
2052-04-30,31.045555555555556,14.3,0.0
2052-05-01,31.09510582594492,15.2,0.0
2052-05-02,31.668207340327893,17.9,0.0
2052-05-03,30.989740041472505,17.857061301774767,0.0
2052-05-04,30.2,16.159361479057267,0.0
2052-05-05,30.2,15.0,0.0
2052-05-06,27.2,15.562473797518539,0.0
2052-05-07,26.0,13.9,0.0
2052-05-08,27.5,12.9,0.0
2052-05-09,28.0,11.7,0.0
2052-05-10,28.0,14.1,0.0
2052-05-11,27.2,13.0,0.0
2052-05-12,27.608479905825952,12.2,0.0
2052-05-13,25.5,17.8,0.0
2052-05-14,27.0,17.464719734586733,0.0
2052-05-15,26.5,17.847858441378374,0.0
2052-05-16,27.3,17.823918627782383,0.0
2052-05-17,28.9,16.7,0.0
2052-05-18,30.1,14.0,0.0
2052-05-19,32.362022096790945,15.0,0.0
2052-05-20,30.9,17.82738406608727,0.0
2052-05-21,30.597757721288392,17.931578515261528,0.0
2052-05-22,29.6,15.7,0.0
2052-05-23,30.7,15.2,0.0
2052-05-24,30.705807251570345,14.7,0.0
2052-05-25,29.4,14.5,0.0
2052-05-26,29.8,13.5,0.0
2052-05-27,29.6,14.4,0.0
2052-05-28,29.1,14.5,0.0
2052-05-29,28.4,13.9,0.0
2052-05-30,28.2,13.2,0.0
2052-05-31,29.1,13.2,0.0
2052-06-01,28.0,12.9,0.0
2052-06-02,29.2,14.0,0.0
2052-06-03,29.990290621999037,14.3,0.0
2052-06-04,30.4,14.681286614757138,0.0
2052-06-05,30.842098734805248,15.352191323692999,0.0
2052-06-06,28.9,16.797167262670325,0.0
2052-06-07,25.9,14.4,0.0
2052-06-08,26.0,13.2,0.0
2052-06-09,26.5,12.6,0.0
2052-06-10,28.065104502078338,12.2,0.0
2052-06-11,29.497698832035606,13.0,0.0
2052-06-12,30.4,14.242899045648745,0.0
2052-06-13,29.0,15.715577766145415,0.0
2052-06-14,28.6,17.51369074560131,0.0
2052-06-15,27.9,15.542350579234387,0.0
2052-06-16,28.0,12.9,0.0
2052-06-17,27.9,12.0,0.0
2052-06-18,29.49441784274194,13.0,0.0
2052-06-19,30.97702751389804,16.448434196153894,0.0
2052-06-20,29.2,14.1,0.0
2052-06-21,28.9,15.514125888268884,0.0
2052-06-22,25.7,15.9,0.0
2052-06-23,27.7,13.229192830743845,0.0
2052-06-24,29.559936198539546,14.087142484705236,0.0
2052-06-25,30.882517585486674,14.7,0.0
2052-06-26,30.98035680767733,15.317512683469444,0.0
2052-06-27,31.050225533078162,17.453845926234433,0.0
2052-06-28,31.546484375,20.953076171875,0.0
2052-06-29,31.846044921875,17.41040302032365,0.0
2052-06-30,29.5,16.245509664791726,0.0
2052-07-01,24.9,15.1,0.0
2052-07-02,23.0,13.6,0.0
2052-07-03,24.0,12.0,0.0
2052-07-04,22.1,10.4,0.0
2052-07-05,21.70957040806341,9.0,0.0
2052-07-06,22.0,8.5,0.0
2052-07-07,22.6,9.2,0.0
2052-07-08,23.0,9.4,0.0
2052-07-09,22.7,11.0,0.0
2052-07-10,21.5,10.4,0.0
2052-07-11,20.0,12.0,0.0
2052-07-12,21.1,10.2,0.0
2052-07-13,21.0,11.5,0.0
2052-07-14,20.356341339391257,8.9,0.0
2052-07-15,20.1,8.4,0.0
2052-07-16,20.863272335844993,8.38123430211697,0.0
2052-07-17,22.0,8.4,0.0
2052-07-18,22.9,8.5,0.0
2052-07-19,25.6,9.5,0.0
2052-07-20,26.7,11.5,0.0
2052-07-21,27.4,12.2,0.0
2052-07-22,26.7,12.5,0.0
2052-07-23,27.6,12.2,0.0
2052-07-24,28.1,12.8,0.0
2052-07-25,28.5,12.8,0.0
2052-07-26,27.2,13.184440880765655,0.0
2052-07-27,25.9,12.9,0.0
2052-07-28,25.9,11.8,0.0
2052-07-29,26.7,11.5,0.0
2052-07-30,26.7,11.7,0.0
2052-07-31,27.514401899977774,11.7,0.0
2052-08-01,28.5,13.3,0.0
2052-08-02,27.0,13.7,0.0
2052-08-03,26.2,13.0,0.0
2052-08-04,26.4,11.9,0.0
2052-08-05,27.7,12.2,0.0
2052-08-06,27.573936858742897,14.0,0.0
2052-08-07,28.2,13.9,0.0
2052-08-08,29.5,13.994398159753443,0.0
2052-08-09,30.4,15.0,0.0
2052-08-10,30.3,15.5,0.0
2052-08-11,29.1,14.877053641138895,0.0
2052-08-12,29.0,13.7,0.0
2052-08-13,29.2,13.7,0.0
2052-08-14,25.6,14.7,0.0
2052-08-15,24.6,12.6,0.0
2052-08-16,24.5,13.4,0.0
2052-08-17,25.2,11.8,0.0
2052-08-18,28.1,11.9,0.0
2052-08-19,30.0,14.7,0.0
2052-08-20,27.02561200041667,15.0,0.0
2052-08-21,27.5,13.0,0.0
2052-08-22,30.609245079919567,13.4,0.0
2052-08-23,32.47408046794076,15.2,0.0
2052-08-24,31.567743916426963,17.521062468209934,0.0
2052-08-25,28.1,16.2,0.0
2052-08-26,22.9,13.0,0.0
2052-08-27,22.640247578040906,9.7,0.0
2052-08-28,24.2,7.7,0.0
2052-08-29,26.6,7.4,0.0
2052-08-30,27.6,9.1,0.0
2052-08-31,29.4,9.3,0.0
2052-09-01,30.9,9.5,0.0
2052-09-02,31.6,12.1,0.0
2052-09-03,31.6,15.6,0.0
2052-09-04,30.0,16.71320857597767,0.0
2052-09-05,29.2,14.7,0.0
2052-09-06,30.4,14.5,0.0
2052-09-07,31.4,14.9,0.0
2052-09-08,30.7,15.5,0.0
2052-09-09,30.0,14.8,0.0
2052-09-10,30.2,14.6,0.0
2052-09-11,30.2,16.3,0.0
2052-09-12,31.652803584577548,16.7,0.0
2052-09-13,32.3,17.5,0.0
2052-09-14,32.5,17.6,0.0
2052-09-15,33.1,17.4,0.0
2052-09-16,33.0,18.3,0.0
2052-09-17,32.6,18.2,0.0
2052-09-18,31.9,17.4,0.0
2052-09-19,33.0,16.0,0.0
2052-09-20,34.4,16.8,0.0
2052-09-21,34.9,17.0,0.0
2052-09-22,35.2,17.9,0.0
2052-09-23,34.7,20.5,0.0
2052-09-24,34.7,19.957246416903025,0.0
2052-09-25,36.10467755427564,19.3,0.0
2052-09-26,31.8,18.5,0.0
2052-09-27,28.6,16.4,0.0
2052-09-28,30.0,16.0,0.0
2052-09-29,31.9,16.7,0.0
2052-09-30,32.3,17.3,0.0
2052-10-01,32.7,17.0,0.0
2052-10-02,33.6,17.9,0.0
2052-10-03,34.4,18.5,0.0
2052-10-04,35.1,19.0,0.0
2052-10-05,36.267259486006445,19.5,0.0
2052-10-06,38.0,20.3,0.0
2052-10-07,37.2,21.83358449946177,0.0
2052-10-08,36.0,21.6,0.0
2052-10-09,35.5,20.981157860251784,0.0
2052-10-10,36.4,21.0,0.0
2052-10-11,38.0,23.373920655712173,0.0
2052-10-12,38.0,21.4,0.0
2052-10-13,38.625341796875,21.4,0.0
2052-10-14,38.744482421875,20.9771002012449,0.0
2052-10-15,36.7,22.0,0.0
2052-10-16,34.4,20.9,0.0
2052-10-17,34.89892787944025,20.4,0.0
2052-10-18,35.6,20.5,0.0
2052-10-19,33.5,21.2,0.0
2052-10-20,32.1,19.4,0.0
2052-10-21,33.847750269106555,19.4,0.0
2052-10-22,36.0,20.078927479062187,0.0
2052-10-23,37.56874342019658,20.0,0.0
2052-10-24,36.7,20.2,0.0
2052-10-25,36.29584062163616,19.2,0.0
2052-10-26,37.08855372039826,22.17854821004166,0.0
2052-10-27,37.2,20.8,0.0
2052-10-28,38.0,21.3,0.0
2052-10-29,35.6,21.7,0.0
2052-10-30,34.9,21.2,0.0
2052-10-31,35.6,20.91569429494079,0.0
2052-11-01,36.3,22.0,0.0
2052-11-02,36.8,22.1,0.0
2052-11-03,37.59703067102158,22.915012849526295,0.0
2052-11-04,35.4,21.2,0.0
2052-11-05,35.3,24.154150390625,0.0
2052-11-06,36.4,24.468359375,0.0
2052-11-07,35.9,21.7,0.0
2052-11-08,28.6,19.5,0.0
2052-11-09,32.1,18.4,0.0
2052-11-10,33.4,18.5,0.0
2052-11-11,34.5,19.03469039673712,0.0
2052-11-12,36.5,20.0,0.0
2052-11-13,35.7,21.7,0.0
2052-11-14,33.5,21.0,0.0
2052-11-15,32.9,20.0,0.0
2052-11-16,31.2,19.8,5.4
2052-11-17,31.0,19.8,6.4
2052-11-18,30.8,19.9,3.8
2052-11-19,31.6,20.4,0.0
2052-11-20,29.7,19.595333155775585,0.0
2052-11-21,30.72457942960678,20.0,1.8
2052-11-22,31.7,19.5,0.0
2052-11-23,32.0,19.5,0.0
2052-11-24,30.2,19.8,4.725
2052-11-25,28.9,19.9,9.471428571428572
2052-11-26,27.6,19.8,3.2
2052-11-27,27.59025423160942,19.5,0.0
2052-11-28,30.9,18.947145145982773,6.4
2052-11-29,29.973888342419034,18.9,7.023529411764705
2052-11-30,28.6336537952222,17.9,0.0
2052-12-01,26.3,16.6,0.0
2052-12-02,29.497162342076926,15.6,0.0
2052-12-03,28.7,16.7,0.0
2052-12-04,28.3,16.7,0.0
2052-12-05,29.6,15.97688773931051,0.0
2052-12-06,31.6,16.5,0.0
2052-12-07,31.1,17.1,0.0
2052-12-08,28.6,17.3,0.0
2052-12-09,30.0,17.5,0.0
2052-12-10,31.7,17.2,0.0
2052-12-11,32.1,17.5,0.0
2052-12-12,33.14653524822571,17.6,0.0
2052-12-13,34.154008332623455,20.401163501115764,0.0
2052-12-14,32.9,21.083649041391386,4.4
2052-12-15,31.0,21.013193024509718,0.8
2052-12-16,32.0,20.136620405966443,0.0
2052-12-17,27.0,19.885787461489926,21.400000000000055
2052-12-18,30.250488012086862,19.8,4.0
2052-12-19,32.1,20.528479876294732,0.0
2052-12-20,29.5,21.047052703423002,7.0
2052-12-21,24.5,19.4,53.85912148249828
2052-12-22,25.30833557588805,18.454144241119476,0.0
2052-12-23,26.741768899561148,19.0,25.0
2052-12-24,26.3,19.4,0.0
2052-12-25,30.5,17.9,25.300851063829786
2052-12-26,28.0,19.227360118050463,5.1461702127659565
2052-12-27,28.0,19.0,0.5
2052-12-28,28.7,19.4,7.31191489361702
2052-12-29,30.00442473296352,19.2,0.8
2052-12-30,29.821127556512376,19.9,20.459361702127662
2052-12-31,23.939285571901287,18.7,55.52646481178396
2053-01-01,25.0,18.2,0.0
2053-01-02,25.6,16.6,0.0
2053-01-03,29.9,15.4,0.0
2053-01-04,31.6,15.5,0.0
2053-01-05,30.7,15.721154645902073,0.0
2053-01-06,30.72696279601722,15.9,0.0
2053-01-07,31.213710292414145,17.4,0.0
2053-01-08,31.1,19.7,16.8
2053-01-09,28.2,19.4,0.0
2053-01-10,27.8,18.7,0.0
2053-01-11,29.404228533576227,17.7,0.0
2053-01-12,30.2,16.4,0.0
2053-01-13,30.7,16.0,0.0
2053-01-14,31.421556318149722,16.3,0.0
2053-01-15,32.0,16.5,0.0
2053-01-16,32.00669385732636,17.9,0.0
2053-01-17,32.0,19.0,5.0
2053-01-18,29.3,18.1,2.1
2053-01-19,28.4,18.7,39.5
2053-01-20,30.5,17.7,0.0
2053-01-21,31.85189256079265,17.4,0.0
2053-01-22,31.9,17.0,0.0
2053-01-23,32.04068751769744,18.2,0.0
2053-01-24,29.4,19.7,0.0
2053-01-25,31.7,19.737677279055784,0.0
2053-01-26,31.49551365597346,19.2,0.0
2053-01-27,31.2,18.3,0.0
2053-01-28,31.6,17.0,0.0
2053-01-29,31.9,16.7,0.0
2053-01-30,32.6,17.5,0.0
2053-01-31,32.817738001407896,19.8,0.0
2053-02-01,30.5,19.55798639183621,13.728868360277142
2053-02-02,30.99061919928095,18.6,15.427251732101633
2053-02-03,30.9,19.1,0.0
2053-02-04,28.5,19.1,1.3
2053-02-05,28.1,19.0,24.62032332563511
2053-02-06,27.7,18.6,1.9
2053-02-07,32.20790549218409,17.4,0.0
2053-02-08,32.9,18.4,12.376212471131643
2053-02-09,28.2,19.1,0.0
2053-02-10,29.2,19.0,0.0
2053-02-11,31.0,17.9,0.0
2053-02-12,28.2,17.9,0.0
2053-02-13,30.0,19.9,0.0
2053-02-14,32.7,19.566953059942538,32.52147806004619
2053-02-15,31.2,19.5,42.02549653579677
2053-02-16,32.7,18.8,0.0
2053-02-17,32.89452620419892,18.7,0.0
2053-02-18,30.0,20.026086424182132,17.8
2053-02-19,29.9,19.0,7.5644341801385675
2053-02-20,31.30728375460155,18.8,0.0
2053-02-21,32.00777334812927,17.9,0.0
2053-02-22,32.86025437980634,18.5,0.0
2053-02-23,32.8,19.5,0.0
2053-02-24,30.74564376124103,18.92866084816794,19.692609699769054
2053-02-25,30.0,19.511820229158932,29.4
2053-02-26,30.0,19.875588910747467,21.381177829099308
2053-02-27,28.0,20.030211556398292,0.0
2053-02-28,30.0,20.014617597288158,12.376212471131643
2053-03-01,29.9,19.8,0.0
2053-03-02,31.83648648648649,20.3,2.0
2053-03-03,27.9,19.3,24.184283625731016
2053-03-04,30.1,19.2,11.284722222222223
2053-03-05,32.08952380952381,19.4,16.4
2053-03-06,28.8,19.8,36.1263888888889
2053-03-07,26.5,19.1,0.0
2053-03-08,29.0,17.6,0.0
2053-03-09,28.3,19.0,0.0
2053-03-10,28.5,18.6,1.4
2053-03-11,28.8,19.0,3.4
2053-03-12,30.0,18.0,0.8
2053-03-13,31.164,18.5,0.0
2053-03-14,32.0,17.4,0.0
2053-03-15,33.0,19.605295101115342,2.7
2053-03-16,32.0,19.2,1.4
2053-03-17,27.4,19.4,0.0
2053-03-18,29.6,18.940789969588888,0.0
2053-03-19,30.7,18.0,0.0
2053-03-20,30.4,18.6,0.0
2053-03-21,30.0,18.3,0.0
2053-03-22,28.9,16.0,0.0
2053-03-23,30.2,15.3,0.0
2053-03-24,30.7,16.131333175650564,0.0
2053-03-25,31.1,16.6,0.0
2053-03-26,30.933333333333337,16.9,0.0
2053-03-27,31.3,16.2,0.0
2053-03-28,30.6,17.5,0.0
2053-03-29,30.72173913043478,17.1,0.0
2053-03-30,29.7,18.2,0.0
2053-03-31,31.2,16.9,0.0
2053-04-01,30.1,18.9,0.0
2053-04-02,29.9,18.8,0.0
2053-04-03,28.6,19.0,0.0
2053-04-04,28.9,17.8,0.0
2053-04-05,30.6,16.182894736842105,0.0
2053-04-06,32.35253012048193,17.1,0.0
2053-04-07,32.7,16.4,0.0
2053-04-08,31.929433051869722,19.28342958685029,0.0
2053-04-09,30.4,19.559105431309913,0.0
2053-04-10,31.7,19.00228758169935,0.0
2053-04-11,32.0,18.4,0.0
2053-04-12,32.0,19.4,0.0
2053-04-13,30.819047619047623,18.183916083916074,0.0
2053-04-14,30.0,16.8,0.0
2053-04-15,30.4,17.8,0.0
2053-04-16,30.7,15.0,0.0
2053-04-17,30.4,13.2,0.0
2053-04-18,31.9,13.0,0.0
2053-04-19,32.20192307692307,14.7,0.0
2053-04-20,31.7,17.3,0.0
2053-04-21,32.5,17.4,0.0
2053-04-22,33.2,18.1,0.0
2053-04-23,35.806884765625,19.081862745098043,0.0
2053-04-24,32.86440677966102,19.7,0.0
2053-04-25,31.1,18.7,0.0
2053-04-26,31.1,19.224433585073296,0.0
2053-04-27,31.750980392156862,19.4,0.0
2053-04-28,31.663043478260867,18.1,0.0
2053-04-29,31.1,17.3,0.0
2053-04-30,29.7,15.384605834885166,0.0
2053-05-01,29.0,11.9,0.0
2053-05-02,29.445931108719044,11.2,0.0
2053-05-03,29.0,16.8,3.8
2053-05-04,28.6,16.71763316259814,0.0
2053-05-05,27.6521976594357,15.3,0.0
2053-05-06,29.0,16.5,0.0
2053-05-07,29.5,15.611625403659833,0.0
2053-05-08,30.2,12.81916430179077,0.0
2053-05-09,31.983234660925724,12.1,0.0
2053-05-10,32.0,12.9,0.0
2053-05-11,32.7,14.272009532126917,0.0
2053-05-12,30.990122864709374,17.8,0.0
2053-05-13,29.3,16.9,0.0
2053-05-14,28.8,15.0,0.0
2053-05-15,28.0,13.5,0.0
2053-05-16,28.6,12.1,0.0
2053-05-17,29.5,10.5,0.0
2053-05-18,30.078198911723163,10.325276445836181,0.0
2053-05-19,30.5,10.6,0.0
2053-05-20,30.7,12.2,0.0
2053-05-21,30.7,14.403035522066727,0.0
2053-05-22,30.7,14.9,0.0
2053-05-23,30.0,15.2,0.0
2053-05-24,27.648354340437038,13.8,0.0
2053-05-25,27.1,12.0,0.0
2053-05-26,25.7,11.7,0.0
2053-05-27,26.900458430950412,8.4,0.0
2053-05-28,29.86453175457479,8.4,0.0
2053-05-29,30.8,10.6,0.0
2053-05-30,32.03610916003683,12.4,0.0
2053-05-31,32.7,13.9,0.0
2053-06-01,31.806982421875,14.1,0.0
2053-06-02,30.4,14.1,0.0
2053-06-03,29.0,14.667145505588218,0.0
2053-06-04,29.2,14.3,0.0
2053-06-05,28.6,14.4,0.0
2053-06-06,29.5,13.8,0.0
2053-06-07,30.4,14.7,0.0
2053-06-08,28.5,15.55311579907473,0.0
2053-06-09,27.6,13.3,0.0
2053-06-10,28.6,13.0,0.0
2053-06-11,29.408941516846856,13.8,0.0
2053-06-12,28.320467185761967,14.0,0.0
2053-06-13,25.658109010011135,13.0,0.0
2053-06-14,24.8,11.4,0.0
2053-06-15,25.9,10.1,0.0
2053-06-16,27.0,11.0,0.0
2053-06-17,27.6,10.9,0.0
2053-06-18,28.6,10.0,0.0
2053-06-19,28.106322955894772,11.7,0.0
2053-06-20,27.2,12.1,0.0
2053-06-21,25.5,10.7,0.0
2053-06-22,25.6,9.9,0.0
2053-06-23,24.7,10.3,0.0
2053-06-24,24.6,9.9,0.0
2053-06-25,24.8,9.2,0.0
2053-06-26,25.2,9.738326823085085,0.0
2053-06-27,24.9,11.0,0.0
2053-06-28,24.7,10.2,0.0
2053-06-29,25.3,9.0,0.0
2053-06-30,27.2,9.1,0.0
2053-07-01,27.7,9.7,0.0
2053-07-02,27.6,12.2,0.0
2053-07-03,26.7,12.0,0.0
2053-07-04,27.58490225355046,11.7,0.0
2053-07-05,28.0,12.4,0.0
2053-07-06,29.0,12.22322876003475,0.0
2053-07-07,30.7,13.4,0.0
2053-07-08,30.7,15.0,0.0
2053-07-09,29.2,15.139732851706372,0.0
2053-07-10,28.6,14.551665215204109,0.0
2053-07-11,28.21618693470145,13.6,0.0
2053-07-12,28.2,12.9,0.0
2053-07-13,26.7,13.0,0.0
2053-07-14,25.7,12.0,0.0
2053-07-15,26.6,11.0,0.0
2053-07-16,27.6,12.2,0.0
2053-07-17,26.2,12.2,0.0
2053-07-18,25.14041835161318,12.182929262006107,0.0
2053-07-19,25.6,10.6,0.0
2053-07-20,26.0,10.9,0.0
2053-07-21,26.7,11.5,0.0
2053-07-22,27.6,11.2,0.0
2053-07-23,26.2,11.7,0.0
2053-07-24,26.2,11.6,0.0
2053-07-25,27.5,12.0,0.0
2053-07-26,28.0,12.0,0.0
2053-07-27,27.7,12.0,0.0
2053-07-28,27.5,11.0,0.0
2053-07-29,27.7,11.7,0.0
2053-07-30,28.7,12.2,0.0
2053-07-31,29.0,12.0,0.0
2053-08-01,30.0,12.6,0.0
2053-08-02,30.540984930032284,12.6,0.0
2053-08-03,29.8,14.1,0.0
2053-08-04,28.882992465016144,17.27478599620688,0.0
2053-08-05,27.4,17.2,0.0
2053-08-06,27.7,15.2,0.0
2053-08-07,26.5,14.0,0.0
2053-08-08,26.4,12.4,0.0
2053-08-09,28.1,13.0,0.0
2053-08-10,29.0,15.0,0.0
2053-08-11,28.6,15.2,0.0
2053-08-12,29.5,14.2,0.0
2053-08-13,30.6,14.0,0.0
2053-08-14,29.55490321285873,15.2,0.0
2053-08-15,28.9,13.1,0.0
2053-08-16,30.88896663078578,14.7,0.0
2053-08-17,30.9,15.721499820595616,0.0
2053-08-18,26.5,15.4,0.0
2053-08-19,22.9,12.9,0.0
2053-08-20,22.0,9.7,0.0
2053-08-21,23.0,7.824290920409301,0.0
2053-08-22,24.3,9.4,0.0
2053-08-23,26.3,11.0,0.0
2053-08-24,26.882583423035516,12.3,0.0
2053-08-25,27.9,13.0,0.0
2053-08-26,30.2,14.1,0.0
2053-08-27,32.1,16.0,0.0
2053-08-28,33.25142855763707,17.52394566835594,0.0
2053-08-29,31.6,18.98006878626374,0.0
2053-08-30,30.2,17.535326721563834,0.0
2053-08-31,31.0,16.7,0.0
2053-09-01,32.0,16.4,0.0
2053-09-02,29.22720986281053,17.9,0.0
2053-09-03,28.0,15.3,0.0
2053-09-04,29.17059544618737,15.1,0.0
2053-09-05,30.7,15.2,0.0
2053-09-06,31.9,16.2,0.0
2053-09-07,33.0,17.5,0.0
2053-09-08,34.9,18.15198846986498,0.0
2053-09-09,39.192138671875,19.2,0.0
2053-09-10,36.045185426154845,21.409209045649426,0.0
2053-09-11,33.5,20.35120972761553,0.0
2053-09-12,33.39508084379469,18.8,0.0
2053-09-13,33.9,18.4,0.0
2053-09-14,35.0,18.5,0.0
2053-09-15,33.7,19.6,0.0
2053-09-16,34.0,18.4,0.0
2053-09-17,35.04264896564889,18.4,0.0
2053-09-18,35.6,18.8,0.0
2053-09-19,36.029023188388415,19.5,0.0
2053-09-20,34.7,20.0,0.0
2053-09-21,32.7,19.7,0.0
2053-09-22,32.8,19.5,0.0
2053-09-23,32.7,18.985424714329053,0.0
2053-09-24,33.4,18.8,0.0
2053-09-25,34.155329532814235,19.4,0.0
2053-09-26,33.0,19.6,0.0
2053-09-27,31.9,18.5,0.0
2053-09-28,32.0,18.3,0.0
2053-09-29,31.2,18.9,0.0
2053-09-30,32.4,18.8,0.0
2053-10-01,33.2,18.7,0.0
2053-10-02,33.4,19.4,0.0
2053-10-03,34.2,19.4,0.0
2053-10-04,35.4,19.6,0.0
2053-10-05,36.9,20.2,0.0
2053-10-06,37.76953399593979,21.0,0.0
2053-10-07,35.5,21.13114101184068,0.0
2053-10-08,35.7,20.0,0.0
2053-10-09,37.2,20.2,0.0
2053-10-10,37.2,21.4,0.0
2053-10-11,36.0,21.4,0.0
2053-10-12,36.0,21.4,0.0
2053-10-13,37.196296602970435,21.6,0.0
2053-10-14,38.0,23.298442787810465,0.0
2053-10-15,37.84049818263838,23.72867862330902,0.0
2053-10-16,35.7351817504347,23.67050728868289,0.0
2053-10-17,34.70857859224448,21.7,0.0
2053-10-18,33.6,20.7,0.0
2053-10-19,34.2,20.0,0.0
2053-10-20,36.2830082750269,20.6,0.0
2053-10-21,36.78387700659895,22.0,0.0
2053-10-22,36.0,21.4,0.0
2053-10-23,37.060118406889124,21.7,0.0
2053-10-24,37.2,23.0,0.0
2053-10-25,35.5,21.7,0.0
2053-10-26,36.0,21.50651835904796,0.0
2053-10-27,36.0,21.4,0.0
2053-10-28,37.16314942084585,20.95275424720362,0.0
2053-10-29,35.5,19.9,0.0
2053-10-30,35.1,20.2,0.0
2053-10-31,35.6,20.9,0.0
2053-11-01,35.3,21.7,0.0
2053-11-02,35.0,20.6,0.0
2053-11-03,27.0,19.840629939699085,2.0
2053-11-04,28.9,19.3,0.0
2053-11-05,32.5,19.9,0.0
2053-11-06,33.5,20.887837192695137,0.0
2053-11-07,33.4,20.5,0.0
2053-11-08,32.6,20.0,0.0
2053-11-09,33.5,20.3,0.0
2053-11-10,32.2,20.0,0.0
2053-11-11,31.0,19.7,0.0
2053-11-12,32.0,18.6,0.0
2053-11-13,31.9,19.5,0.0
2053-11-14,32.3,19.9,0.0
2053-11-15,33.7,19.0,0.0
2053-11-16,34.0,22.0,0.0
2053-11-17,34.6,20.3,0.0
2053-11-18,32.6,20.935034943040165,0.0
2053-11-19,32.5,19.9,3.8
2053-11-20,29.7,18.7,0.0
2053-11-21,32.0,18.9,0.0
2053-11-22,31.4,20.4,0.0
2053-11-23,32.8,19.5,0.0
2053-11-24,32.8,18.5,0.0
2053-11-25,32.3,19.7,7.299999999999997
2053-11-26,32.5,19.466195159976525,0.0
2053-11-27,33.3,19.9,0.0
2053-11-28,33.2,21.4,0.0
2053-11-29,32.18635962633508,20.5,0.0
2053-11-30,32.2,20.3,0.0
2053-12-01,31.810869743775957,20.5,0.0
2053-12-02,32.9,21.110397961282445,0.0
2053-12-03,33.96041846844099,20.875428527128825,0.0
2053-12-04,33.94574365691326,23.114776611328125,0.0
2053-12-05,33.7271149853913,19.9,0.0
2053-12-06,33.73500326772254,18.1,0.0
2053-12-07,33.1,20.70403108349201,0.0
2053-12-08,32.1,19.5,0.0
2053-12-09,33.7,21.0,0.0
2053-12-10,29.9,21.218686563003452,0.0
2053-12-11,31.386617058543322,19.954578360283413,4.0
2053-12-12,31.621325645739706,20.394025610534122,20.409255319148947
2053-12-13,29.6,19.9,1.1
2053-12-14,26.724440896900255,20.5,5.7482978723404266
2053-12-15,25.7,19.977314289585543,4.0
2053-12-16,28.7,19.9,0.1
2053-12-17,29.0,19.4,10.6
2053-12-18,30.2,19.9,8.9
2053-12-19,29.0,19.9,3.4
2053-12-20,30.1,19.9,7.957872340425536
2053-12-21,24.9,19.8,6.6
2053-12-22,27.0,19.2,52.25248226950357
2053-12-23,27.0,18.9,41.185818686401475
2053-12-24,25.3873446521186,18.7,0.0
2053-12-25,26.4,18.2,0.0
2053-12-26,27.0,18.1,0.0
2053-12-27,26.9,18.9,0.0
2053-12-28,27.8,18.8,0.0
2053-12-29,29.5,17.2,0.0
2053-12-30,29.9,19.215099195175334,0.0
2053-12-31,30.0,17.8,0.0
2054-01-01,29.4,16.3,0.0
2054-01-02,31.014702664704203,17.6,0.0
2054-01-03,30.0,18.0,3.8200000000000016
2054-01-04,29.2,17.9,2.0
2054-01-05,29.0,18.9,0.0
2054-01-06,29.0,18.0,0.0
2054-01-07,30.47273567660877,17.2,0.0
2054-01-08,31.5,15.4,0.0
2054-01-09,31.9,16.4,0.0
2054-01-10,30.762550667720667,18.4,0.0
2054-01-11,26.9,18.700132246655382,27.1
2054-01-12,26.7,19.0,1.7
2054-01-13,28.47275766406749,19.2,23.4
2054-01-14,28.6,19.0,5.1
2054-01-15,25.0,19.2,0.8
2054-01-16,29.4,17.1,0.0
2054-01-17,26.0,18.7,0.0
2054-01-18,29.5,15.2,0.0
2054-01-19,30.2,15.0,0.0
2054-01-20,31.880625090055343,15.9,0.0
2054-01-21,31.1,19.0,0.0
2054-01-22,29.3,19.5,12.08
2054-01-23,30.2,18.7,5.950000000000002
2054-01-24,28.2,18.7,32.3
2054-01-25,26.2,18.9,25.0
2054-01-26,28.4,15.6,0.0
2054-01-27,28.2,15.5,0.0
2054-01-28,31.9,16.9,0.0
2054-01-29,29.7,18.3,12.08
2054-01-30,27.9,18.4,25.4
2054-01-31,27.217159627053096,19.0,6.0
2054-02-01,31.662286452125535,19.1,0.0
2054-02-02,32.7,17.91211175769474,0.0
2054-02-03,30.5,18.2,0.0
2054-02-04,31.4,18.7,0.0
2054-02-05,28.9,17.9,0.0
2054-02-06,27.9,17.6,9.695612009237875
2054-02-07,28.0,16.4,0.0
2054-02-08,30.6,15.2,0.0
2054-02-09,31.0,18.5,0.0
2054-02-10,26.5,18.9,0.0
2054-02-11,26.6,18.8,0.6
2054-02-12,27.2,18.5,0.0
2054-02-13,27.0,18.8,0.0
2054-02-14,27.2,19.0,4.8
2054-02-15,27.7,18.8,27.385933235355875
2054-02-16,23.7,17.3,0.9
2054-02-17,26.2,17.1,0.0
2054-02-18,29.771916523197817,16.2,0.0
2054-02-19,29.6,17.9,0.0
2054-02-20,29.1,17.8,9.2
2054-02-21,28.0,18.7,21.29407236335643
2054-02-22,28.6,18.2,0.0
2054-02-23,26.0,18.8,33.52840646651273
2054-02-24,24.7,18.7,10.412933025404158
2054-02-25,24.9,19.1,0.0
2054-02-26,26.9,18.9,6.0
2054-02-27,29.0,18.0,17.0
2054-02-28,28.4,17.3,2.0
2054-03-01,26.366361788617887,18.5,1.9
2054-03-02,25.6,18.918808515112854,44.48750000000001
2054-03-03,24.9,18.5,0.0
2054-03-04,30.7,18.6,0.0
2054-03-05,28.9,18.4,0.0
2054-03-06,29.2,19.0,12.9
2054-03-07,30.596153846153843,18.7,0.0
2054-03-08,26.5,17.8,0.0
2054-03-09,27.025396825396825,17.7,0.0
2054-03-10,26.3,18.8,0.0
2054-03-11,28.2,17.0,0.0
2054-03-12,30.6,14.8,0.0
2054-03-13,31.9,15.0,0.0
2054-03-14,31.971084337349396,16.9,0.0
2054-03-15,32.0,18.5,0.0
2054-03-16,32.5,18.5,0.0
2054-03-17,32.0,18.9,0.0
2054-03-18,27.2,17.1,0.0
2054-03-19,28.6,16.3,0.0
2054-03-20,30.455555555555552,15.8,0.0
2054-03-21,30.0,14.9,0.0
2054-03-22,30.4,19.3,0.0
2054-03-23,29.2,18.968729014530375,0.0
2054-03-24,29.9,18.5,0.0
2054-03-25,31.6,17.2,0.0
2054-03-26,31.7,19.8,0.0
2054-03-27,32.61354166666667,18.4,0.0
2054-03-28,31.6,17.0,0.3
2054-03-29,31.0,16.6,0.0
2054-03-30,30.4,18.6,0.0
2054-03-31,29.9,17.8,0.0
2054-04-01,30.4,18.7,0.0
2054-04-02,29.0,18.8,0.0
2054-04-03,27.7,18.4,0.0
2054-04-04,28.5,18.4,0.0
2054-04-05,29.0,17.7,0.0
2054-04-06,28.5,18.4,9.4
2054-04-07,26.7,18.0,10.483333333333333
2054-04-08,28.7,16.3,0.0
2054-04-09,28.5,14.3,0.0
2054-04-10,29.0,15.3,0.0
2054-04-11,29.771428571428572,14.0,0.0
2054-04-12,30.1,15.5,0.0
2054-04-13,30.6,15.5,0.0
2054-04-14,30.9,16.4,0.0
2054-04-15,30.4,16.9,0.0
2054-04-16,27.5,17.1,0.0
2054-04-17,29.7,16.7,0.0
2054-04-18,29.4,16.7,0.0
2054-04-19,29.0,17.544806866952793,0.0
2054-04-20,26.8,17.5,0.0
2054-04-21,28.3,17.3,0.0
2054-04-22,28.4,15.9,0.0
2054-04-23,29.9,16.7,0.0
2054-04-24,29.315584415584418,19.4,0.0
2054-04-25,29.4,17.2,0.0
2054-04-26,30.9,15.366232153941652,0.0
2054-04-27,31.1,15.7,0.0
2054-04-28,30.55283018867925,15.9,0.0
2054-04-29,30.0,15.7,0.0
2054-04-30,29.0,16.13684210526316,0.0
2054-05-01,28.8,14.1,0.0
2054-05-02,29.5,13.5,0.0
2054-05-03,30.1,14.115798862063647,0.0
2054-05-04,26.7,15.2,0.0
2054-05-05,27.4,13.5,0.0
2054-05-06,27.944590030065687,11.7,0.0
2054-05-07,29.1,11.8,0.0
2054-05-08,29.6,12.4,0.0
2054-05-09,29.9,13.5,0.0
2054-05-10,29.8,13.4,0.0
2054-05-11,29.2,12.6,0.0
2054-05-12,29.1,12.1,0.0
2054-05-13,29.6,12.8,0.0
2054-05-14,29.4,15.2,0.0
2054-05-15,28.6,15.481597097635795,0.0
2054-05-16,29.3,14.4,0.0
2054-05-17,29.2,17.837709657771214,0.0
2054-05-18,29.5,15.87252552875802,0.0
2054-05-19,30.2,15.2,0.0
2054-05-20,29.9,15.2,0.0
2054-05-21,29.2,15.0,0.0
2054-05-22,28.7,14.2,0.0
2054-05-23,28.394849534328632,13.2,0.0
2054-05-24,28.103072808584773,12.7,0.0
2054-05-25,28.7,11.7,0.0
2054-05-26,29.1,12.0,0.0
2054-05-27,29.8,12.5,0.0
2054-05-28,28.0,14.678910018737783,0.0
2054-05-29,26.9,13.5,0.0
2054-05-30,26.7,12.8,0.0
2054-05-31,26.5,11.88149813208382,0.0
2054-06-01,25.5,11.2,0.0
2054-06-02,25.5,10.652755587015882,0.0
2054-06-03,26.0,10.4,0.0
2054-06-04,25.8,12.2,0.0
2054-06-05,25.8,11.696767734759053,0.0
2054-06-06,24.5,12.0,0.0
2054-06-07,21.806977621085576,10.9,0.0
2054-06-08,23.5,10.9,0.0
2054-06-09,25.1,15.05180454127776,0.0
2054-06-10,26.1,15.497466790465078,0.0
2054-06-11,25.6,14.0,0.0
2054-06-12,23.6,12.7,0.0
2054-06-13,25.0,11.5,0.0
2054-06-14,27.3,11.5,0.0
2054-06-15,29.9,12.9,0.0
2054-06-16,27.6,16.239199927205338,0.0
2054-06-17,23.2,14.163027477338892,0.0
2054-06-18,23.9,12.3,0.0
2054-06-19,25.4,12.1,0.0
2054-06-20,26.467626422520755,12.904298757879134,0.0
2054-06-21,26.0,12.4,0.0
2054-06-22,26.2,12.2,0.0
2054-06-23,27.9,12.2,0.0
2054-06-24,29.0,12.7,0.0
2054-06-25,27.7,13.412380556709603,0.0
2054-06-26,26.5,13.0,0.0
2054-06-27,25.6,12.2,0.0
2054-06-28,25.6,11.7,0.0
2054-06-29,24.9,12.1,0.0
2054-06-30,23.1,12.9,0.0
2054-07-01,19.24110273890683,13.4,0.0
2054-07-02,20.6,12.9,0.0
2054-07-03,23.4,12.0,0.0
2054-07-04,24.5,11.7,0.0
2054-07-05,25.04206135629708,10.9,0.0
2054-07-06,26.3,11.2,0.0
2054-07-07,26.8,12.2,0.0
2054-07-08,26.2,12.9,0.0
2054-07-09,24.4,12.2,0.0
2054-07-10,24.5,10.8,0.0
2054-07-11,24.0,11.2,0.0
2054-07-12,23.4,10.3,0.0
2054-07-13,23.6,11.2,0.0
2054-07-14,23.0,11.545575888051669,0.0
2054-07-15,23.74551879065849,12.701922792798491,0.0
2054-07-16,23.0,11.7,0.0
2054-07-17,24.8,10.492088266953713,0.0
2054-07-18,25.6,11.6,0.0
2054-07-19,25.9,11.2,0.0
2054-07-20,26.0,11.2,0.0
2054-07-21,25.144201844470945,12.0,0.0
2054-07-22,24.0,11.2,0.0
2054-07-23,23.7,10.4,0.0
2054-07-24,25.7,10.5,0.0
2054-07-25,27.6,12.1,0.0
2054-07-26,28.0,13.6,0.0
2054-07-27,28.1,13.5,0.0
2054-07-28,29.0,13.6,0.0
2054-07-29,29.507848070121472,14.2,0.0
2054-07-30,30.7,15.066387970454707,0.0
2054-07-31,30.7,15.3,0.0
2054-08-01,32.78478550090104,18.252903732580794,0.0
2054-08-02,30.9,19.0,0.0
2054-08-03,29.761437029063504,17.933959524840162,0.0
2054-08-04,28.8,15.8,0.0
2054-08-05,28.999138858988154,15.173043210825773,0.0
2054-08-06,26.7,16.7,0.0
2054-08-07,28.3,16.2,0.0
2054-08-08,28.2,17.7,0.0
2054-08-09,26.7,15.8,0.0
2054-08-10,26.4,14.146670767338145,0.0
2054-08-11,26.4,14.0,0.0
2054-08-12,25.1,13.2,0.0
2054-08-13,24.7,12.0,0.0
2054-08-14,26.2,11.3,0.0
2054-08-15,28.2,12.599060262784693,0.0
2054-08-16,29.5,14.5,0.0
2054-08-17,30.8,15.274934367222079,0.0
2054-08-18,31.4,16.08316038751346,0.0
2054-08-19,31.955346109185218,16.7,0.0
2054-08-20,32.5,17.5,0.0
2054-08-21,29.23460037674919,18.3,0.0
2054-08-22,28.6,15.7,0.0
2054-08-23,29.6,15.2,0.0
2054-08-24,30.2,18.3,0.0
2054-08-25,30.2,17.644498504963522,0.0
2054-08-26,27.6,16.3,0.0
2054-08-27,26.5,14.6,0.0
2054-08-28,27.3,13.4,0.0
2054-08-29,29.5,13.7,0.0
2054-08-30,30.7,15.2,0.0
2054-08-31,31.5,16.9,0.0
2054-09-01,34.211435645340714,20.2,0.0
2054-09-02,34.9,20.5,0.0
2054-09-03,35.4,20.5,0.0
2054-09-04,35.013381074303474,20.158132174351806,0.0
2054-09-05,34.13168619698455,19.96384275139917,0.0
2054-09-06,34.5,18.2,0.0
2054-09-07,34.6,17.1,0.0
2054-09-08,34.2,17.7,0.0
2054-09-09,33.4,19.0,0.0
2054-09-10,33.1,18.0,0.0
2054-09-11,33.2,17.7,0.0
2054-09-12,33.7,17.3,0.0
2054-09-13,34.9,17.8,0.0
2054-09-14,33.8,19.0,0.0
2054-09-15,34.7,18.1,0.0
2054-09-16,36.34593326750907,18.7,0.0
2054-09-17,34.91087618497077,20.0,0.0
2054-09-18,31.0,19.0,0.0
2054-09-19,30.5,17.3,0.0
2054-09-20,31.2,16.3,0.0
2054-09-21,32.09280450500557,17.7,0.0
2054-09-22,32.3,18.2,0.0
2054-09-23,33.5,21.60096311946861,0.0
2054-09-24,30.6,19.7,0.0
2054-09-25,30.0,17.4,0.0
2054-09-26,30.9,15.7,0.0
2054-09-27,31.0,16.9,0.0
2054-09-28,30.8,17.0,0.0
2054-09-29,31.1,16.6,0.0
2054-09-30,31.4,17.4,0.0
2054-10-01,31.1,17.9,0.0
2054-10-02,32.0,18.6,0.0
2054-10-03,33.1,19.8,0.0
2054-10-04,34.0,21.6,0.0
2054-10-05,35.74020700505091,20.3,0.0
2054-10-06,35.28548581973155,21.2,0.0
2054-10-07,35.2,20.0,0.0
2054-10-08,35.8,19.8,0.0
2054-10-09,33.9,20.7,0.0
2054-10-10,33.75617303096093,20.1,0.0
2054-10-11,33.0,19.7,0.0
2054-10-12,32.7,19.4,0.0
2054-10-13,33.4,18.3,0.0
2054-10-14,35.7,18.60746097954789,0.0
2054-10-15,38.0,20.2,0.0
2054-10-16,36.3,21.953365902128,0.0
2054-10-17,35.0,20.9,0.0
2054-10-18,35.0,20.3,0.0
2054-10-19,34.6,20.2,0.0
2054-10-20,34.4,21.119043176653506,0.0
2054-10-21,35.0,20.0,0.0
2054-10-22,36.46059655159157,21.2,0.0
2054-10-23,37.745769245045395,22.0,0.0
2054-10-24,37.657523746436496,20.3,0.0
2054-10-25,37.031683093379975,19.9,0.0
2054-10-26,37.34421384018753,22.0,0.0
2054-10-27,37.39694951118448,21.3,0.0
2054-10-28,37.071419621232494,21.7,0.0
2054-10-29,37.88043616678035,21.780114818801568,0.0
2054-10-30,37.39694951118448,21.138745365386907,0.0
2054-10-31,34.9,19.6,5.367567567567568
2054-11-01,34.857009471803686,20.5,1.4
2054-11-02,33.2,20.5,0.0
2054-11-03,34.0,20.4,0.0
2054-11-04,34.9,21.3,0.0
2054-11-05,35.5,22.9,0.0
2054-11-06,34.0,21.5,0.0
2054-11-07,32.6,20.948808561236618,5.0
2054-11-08,31.0,19.7,1.6
2054-11-09,30.7,19.0,3.0
2054-11-10,31.6,19.671161405545785,0.2
2054-11-11,32.7,19.7,0.0
2054-11-12,32.5,17.5,0.0
2054-11-13,31.9705219667634,17.6,0.0
2054-11-14,32.73858408984893,17.6,0.0
2054-11-15,32.6,18.0,0.0
2054-11-16,32.5,19.2,0.0
2054-11-17,30.7,19.5,0.0
2054-11-18,28.709007244091,18.5,0.0
2054-11-19,31.2,18.1,0.0
2054-11-20,32.2,16.4,0.0
2054-11-21,33.7,16.7,0.0
2054-11-22,34.90352111982832,18.1,0.0
2054-11-23,34.0,19.9,0.0
2054-11-24,35.5,20.6,0.0
2054-11-25,34.0,20.6,0.0
2054-11-26,32.7,20.9,0.0
2054-11-27,35.5,20.95588845844041,0.0
2054-11-28,36.3,21.0,0.0
2054-11-29,36.754695579716206,21.42271690182895,0.0
2054-11-30,35.7,23.144309468953672,0.0
2054-12-01,34.62529296875,23.490417480468746,0.0
2054-12-02,35.348193359375,21.0,0.0
2054-12-03,36.520556640625,20.5,0.0
2054-12-04,36.242724609375,29.099548339843746,0.0
2054-12-05,37.091357421875,27.334655761718746,0.0
2054-12-06,37.51298828125,25.060974121093746,0.0
2054-12-07,34.10210207463503,23.292663574218746,5.6
2054-12-08,30.9,20.36347112126393,3.4
2054-12-09,29.6,20.468150620166757,22.58148936170213
2054-12-10,24.6,19.6,16.353191489361727
2054-12-11,29.5,18.5,0.0
2054-12-12,31.0,17.9,0.0
2054-12-13,29.9,19.9,0.0
2054-12-14,29.042315784323314,19.29329283920242,7.0
2054-12-15,24.1,18.4,20.280319148936176
2054-12-16,24.6,17.6,1.0
2054-12-17,26.4,18.0,11.032978723404257
2054-12-18,25.349165769644777,18.1,68.75351063829788
2054-12-19,24.3,17.0,48.08267891682787
2054-12-20,28.3,16.2,0.0
2054-12-21,30.7,17.4,0.0
2054-12-22,29.0,18.9,0.0
2054-12-23,27.5,19.0,0.0
2054-12-24,29.4,19.317644734167857,49.38399999999995
2054-12-25,26.236038751345532,19.5,2.7
2054-12-26,26.9,19.2,4.4
2054-12-27,28.9,17.7,0.0
2054-12-28,29.9,18.3,0.0
2054-12-29,31.3,17.4,0.0
2054-12-30,32.0,17.4,0.0
2054-12-31,31.89082789716454,19.0,0.0
2055-01-01,29.8,18.6,4.4
2055-01-02,29.4,18.5,20.9
2055-01-03,29.0,18.4,5.8
2055-01-04,27.5,18.5,37.5
2055-01-05,24.7,18.9,48.97844827586208
2055-01-06,29.0,19.2,34.15000000000001
2055-01-07,30.7,18.9,9.9
2055-01-08,29.1,18.9,0.8
2055-01-09,30.8,18.9,1.6
2055-01-10,31.9,17.8,0.0
2055-01-11,31.0,19.7,0.0
2055-01-12,28.5,18.1,1.9
2055-01-13,26.969372936089474,17.8,0.0
2055-01-14,27.4,18.3,8.1
2055-01-15,30.6,19.75211446059789,7.7
2055-01-16,29.6,19.401341084788587,6.0
2055-01-17,28.6,19.5,11.0
2055-01-18,25.6,19.7,28.3
2055-01-19,25.6,19.3,12.02
2055-01-20,26.2,18.6,0.0
2055-01-21,26.8,18.1,0.0
2055-01-22,31.0,17.9,0.0
2055-01-23,29.3,19.2,5.8
2055-01-24,28.0,19.4,2.4
2055-01-25,26.3,18.9,6.0
2055-01-26,27.4,19.1,1.0
2055-01-27,29.5,18.8,0.0
2055-01-28,30.381129171151773,18.2,4.0
2055-01-29,29.3,18.9,13.066666666666666
2055-01-30,27.9,18.9,6.0
2055-01-31,30.1,19.0,7.649999999999997
2055-02-01,27.5,20.016718536719175,16.946535796766742
2055-02-02,26.9,19.0,16.753348729792155
2055-02-03,24.6,19.0,31.54626635873754
2055-02-04,25.262488160863274,18.4,3.26743648960739
2055-02-05,25.0,17.7,0.0
2055-02-06,28.5,18.6,0.0
2055-02-07,29.9,16.4,0.0
2055-02-08,29.2,17.2,0.6
2055-02-09,28.4,18.7,13.728868360277142
2055-02-10,29.2,18.3,5.043418013856812
2055-02-11,30.0,16.9,0.0
2055-02-12,31.8,16.0,0.0
2055-02-13,31.4,17.6,0.0
2055-02-14,30.0,19.478652192120553,7.994341801385684
2055-02-15,30.0,19.0,0.0
2055-02-16,30.62477842261407,18.8,0.0
2055-02-17,29.412455303933253,19.0,4.2
2055-02-18,29.2,19.0,7.4
2055-02-19,30.1,19.0,0.0
2055-02-20,29.2,19.0,4.8
2055-02-21,27.5,18.4,1.0
2055-02-22,27.0,17.5,0.0
2055-02-23,29.9,16.9,0.0
2055-02-24,30.6,20.035037001758113,0.0
2055-02-25,30.8,17.6,0.0
2055-02-26,31.0,16.9,0.0
2055-02-27,32.7,19.5,0.0
2055-02-28,32.89831828497721,19.84527236434511,0.0
2055-03-01,33.408121827411165,19.0,1.4
2055-03-02,32.5,18.8,6.4
2055-03-03,30.5,17.8,17.42638888888889
2055-03-04,28.2,19.100548920036623,22.793274853801172
2055-03-05,30.0,19.0,1.5
2055-03-06,29.5,19.2,1.3
2055-03-07,27.1,19.0,21.54652777777776
2055-03-08,25.9,17.7,28.872222222222227
2055-03-09,23.0,16.5,0.0
2055-03-10,25.9,14.3,0.0
2055-03-11,27.8,13.9,0.0
2055-03-12,26.6,15.9,0.0
2055-03-13,26.2,15.2,0.0
2055-03-14,26.3,14.1,0.0
2055-03-15,27.0,15.3,0.0
2055-03-16,28.5,17.3,0.0
2055-03-17,28.2,16.0,0.0
2055-03-18,28.1,15.5,0.0
2055-03-19,28.0,15.07844115283737,0.0
2055-03-20,29.0,15.6,0.0
2055-03-21,28.7,15.4,0.0
2055-03-22,28.0,18.8,2.3
2055-03-23,27.7,16.5,0.0
2055-03-24,29.0,15.7,0.0
2055-03-25,31.6,14.4,0.0
2055-03-26,31.6,16.5,0.0
2055-03-27,32.0,15.2,0.0
2055-03-28,32.6,14.7,0.0
2055-03-29,30.240816326530613,16.7,0.0
2055-03-30,26.2,18.6,0.0
2055-03-31,26.4,16.9,0.0
2055-04-01,25.6,17.1,0.0
2055-04-02,27.713333333333335,17.1,0.0
2055-04-03,27.9,17.8,0.0
2055-04-04,28.5,16.4,0.0
2055-04-05,28.4,16.96666666666667,0.0
2055-04-06,28.2,17.081249999999997,0.0
2055-04-07,28.9,14.5,0.0
2055-04-08,28.1,14.5,0.0
2055-04-09,28.4,13.6,0.0
2055-04-10,27.9,12.404453124999995,0.0
2055-04-11,28.6,15.5,0.0
2055-04-12,29.364935064935064,13.8,0.0
2055-04-13,28.7,11.8,0.0
2055-04-14,27.2,13.8,0.0
2055-04-15,28.0,13.2,0.0
2055-04-16,28.7,13.0,0.0
2055-04-17,29.6,12.8,0.0
2055-04-18,29.9,15.7,0.0
2055-04-19,30.0,15.4,0.0
2055-04-20,30.0,15.0,0.0
2055-04-21,30.1,14.8,0.0
2055-04-22,29.5,16.0,0.0
2055-04-23,28.0,17.1,0.0
2055-04-24,29.8,16.3,0.0
2055-04-25,29.5,16.6,0.0
2055-04-26,28.7,17.3,0.0
2055-04-27,30.4,16.6,0.0
2055-04-28,31.0,17.692105263157895,0.0
2055-04-29,30.5,16.5,0.0
2055-04-30,30.2,16.0,0.0
2055-05-01,26.2,16.24675509566303,0.0
2055-05-02,29.5,17.49452885043355,0.0
2055-05-03,30.7,18.239940792147426,0.0
2055-05-04,30.7,17.0,0.0
2055-05-05,31.0,14.7,0.0
2055-05-06,31.6,14.0,0.0
2055-05-07,29.352105363135564,16.2,0.0
2055-05-08,28.0,14.6,0.0
2055-05-09,26.9,16.2,0.0
2055-05-10,27.1,14.095042773780506,0.0
2055-05-11,28.7,14.0,0.0
2055-05-12,29.2,14.3,0.0
2055-05-13,29.2,14.2,0.0
2055-05-14,25.6,15.3,0.0
2055-05-15,26.9,12.6,0.0
2055-05-16,28.0,10.9,0.0
2055-05-17,25.7,13.5,0.0
2055-05-18,28.0,13.5,0.0
2055-05-19,28.6,15.2,0.0
2055-05-20,28.7,17.5,0.0
2055-05-21,28.4,15.0,0.0
2055-05-22,26.7,13.705483737915333,0.0
2055-05-23,26.5,12.6,0.0
2055-05-24,28.0,11.9,0.0
2055-05-25,29.4,15.544790663418484,0.0
2055-05-26,29.9,16.7,0.0
2055-05-27,29.9,17.9,0.0
2055-05-28,29.9,16.2,0.0
2055-05-29,29.2,14.0,0.0
2055-05-30,29.5,12.489222966192909,0.0
2055-05-31,31.0,12.9,0.0
2055-06-01,31.5943359375,14.1,0.0
2055-06-02,30.0,17.40907313544882,0.0
2055-06-03,28.872760137526555,15.53063624412801,0.0
2055-06-04,29.3,14.4,0.0
2055-06-05,28.2,14.7,0.0
2055-06-06,27.0881572572115,14.1,0.0
2055-06-07,25.7,13.0,0.0
2055-06-08,26.9,12.3,0.0
2055-06-09,27.6,12.9,0.0
2055-06-10,24.3,15.543918329696568,0.0
2055-06-11,25.8,14.4,0.0
2055-06-12,26.9,12.7,0.0
2055-06-13,27.6,12.4,0.0
2055-06-14,27.2,12.2,0.0
2055-06-15,24.946425415570783,11.9,0.0
2055-06-16,22.9,9.9,0.0
2055-06-17,22.0,8.2,0.0
2055-06-18,22.2,8.0,0.0
2055-06-19,23.0,9.4,0.0
2055-06-20,24.7,9.6,0.0
2055-06-21,25.9,11.9,0.0
2055-06-22,26.7,11.8,0.0
2055-06-23,26.9,10.7,0.0
2055-06-24,27.7,11.5,0.0
2055-06-25,30.4,11.5,0.0
2055-06-26,27.1,12.0,0.0
2055-06-27,24.4,10.0,0.0
2055-06-28,24.71519672488332,8.0,0.0
2055-06-29,24.2,8.9,0.0
2055-06-30,25.0,8.9,0.0
2055-07-01,26.8,9.5,0.0
2055-07-02,28.7,11.2,0.0
2055-07-03,28.881868852942464,11.5,0.0
2055-07-04,26.0,12.9,0.0
2055-07-05,24.1,12.0,0.0
2055-07-06,25.7,10.4,0.0
2055-07-07,27.0,9.8,0.0
2055-07-08,25.7,12.2,0.0
2055-07-09,25.2,11.2,0.0
2055-07-10,22.9,11.7,0.0
2055-07-11,22.8,10.5,0.0
2055-07-12,24.9,9.667168998923577,0.0
2055-07-13,25.6,10.43263109334153,0.0
2055-07-14,25.7,11.147022466057848,0.0
2055-07-15,27.6,11.2,0.0
2055-07-16,28.795843338577455,12.7,0.0
2055-07-17,28.5,14.0,0.0
2055-07-18,28.809553997542302,14.4,0.0
2055-07-19,26.874993789848457,15.181859909919455,0.0
2055-07-20,25.3,13.207181300938027,0.0
2055-07-21,25.7,12.723096730619044,0.0
2055-07-22,26.1,12.236239251948586,0.0
2055-07-23,27.7,12.7,0.0
2055-07-24,28.805837469159897,13.4,0.0
2055-07-25,29.2,14.6,0.0
2055-07-26,28.398025568810166,15.0,0.0
2055-07-27,27.1,13.524917412122779,0.0
2055-07-28,27.6,12.2,0.0
2055-07-29,28.5,12.2,0.0
2055-07-30,28.5,13.178625249884663,0.0
2055-07-31,28.5,13.37733806116634,0.0
2055-08-01,30.9,13.40671997539598,0.0
2055-08-02,31.2,13.6,0.0
2055-08-03,31.2,14.9,0.0
2055-08-04,27.3,16.7,0.0
2055-08-05,24.56533907427341,13.4,0.0
2055-08-06,25.6,11.7,0.0
2055-08-07,26.4,12.1,0.0
2055-08-08,26.0,11.3,0.0
2055-08-09,26.3,10.2,0.0
2055-08-10,26.5,10.78300074521818,0.0
2055-08-11,27.527492471828968,11.2,0.0
2055-08-12,28.8,13.0,0.0
2055-08-13,29.5,14.0,0.0
2055-08-14,29.856512378902043,14.9,0.0
2055-08-15,31.0,15.812632383068854,0.0
2055-08-16,32.1,17.4,0.0
2055-08-17,32.74355958442688,17.658246142805883,0.0
2055-08-18,28.6,17.2,0.0
2055-08-19,30.6,14.5,0.0
2055-08-20,31.5,16.7,0.0
2055-08-21,30.0,17.05861324791935,0.0
2055-08-22,30.0,16.0,0.0
2055-08-23,29.1,15.8,0.0
2055-08-24,28.9,15.7,0.0
2055-08-25,28.370980526470294,16.07639397201292,0.0
2055-08-26,27.3,14.807591145223947,0.0
2055-08-27,27.6,14.911418829370872,0.0
2055-08-28,30.0,15.3,0.0
2055-08-29,30.58462993769775,16.9,0.0
2055-08-30,30.2,17.2,0.0
2055-08-31,28.4,15.4,0.0
2055-09-01,26.8,14.364642579805654,0.0
2055-09-02,28.2,17.2,0.0
2055-09-03,30.4,15.7,0.0
2055-09-04,33.0,18.1,0.0
2055-09-05,33.2,20.5,0.0
2055-09-06,33.7,19.0,0.0
2055-09-07,34.2,18.4,0.0
2055-09-08,35.19089314099439,19.18221635150167,0.0
2055-09-09,35.682557007786436,20.0,0.0
2055-09-10,33.7,20.5,0.0
2055-09-11,31.0,19.6,0.0
2055-09-12,30.9,17.6,0.0
2055-09-13,31.2,17.4,0.0
2055-09-14,31.9,17.4,0.0
2055-09-15,32.0,17.4,0.0
2055-09-16,31.6,17.8,0.0
2055-09-17,32.6,17.9,0.0
2055-09-18,34.0,18.307611631972033,0.0
2055-09-19,35.3,19.3,0.0
2055-09-20,33.2,20.2,0.0
2055-09-21,32.9,18.4,0.0
2055-09-22,34.4,17.5,0.0
2055-09-23,35.36681533612847,18.122886839618698,0.0
2055-09-24,37.69113280874492,20.294372105534844,0.0
2055-09-25,39.697021484375,21.23288851297324,0.0
2055-09-26,38.24878397121628,21.368344978779014,0.0
2055-09-27,35.3,20.6,0.0
2055-09-28,33.7,20.0,0.0
2055-09-29,33.34841788495152,19.6,0.0
2055-09-30,33.9,19.3,0.0
2055-10-01,33.7,19.4,0.0
2055-10-02,33.0,19.0,0.0
2055-10-03,33.5,18.8,0.0
2055-10-04,35.0,19.8,0.0
2055-10-05,35.7,21.0,0.0
2055-10-06,36.0,22.0,0.0
2055-10-07,37.96130233301824,21.0,0.0
2055-10-08,36.9,22.2,0.0
2055-10-09,33.8,21.2,0.0
2055-10-10,32.9,19.9,0.0
2055-10-11,33.0,20.0,0.0
2055-10-12,34.7,19.6,0.0
2055-10-13,37.04662986073734,19.9,0.0
2055-10-14,38.411474609375,20.7,0.0
2055-10-15,38.0,23.36292640962125,0.0
2055-10-16,33.4,20.7,3.3
2055-10-17,31.1,20.0,20.76652806652807
2055-10-18,28.81019529447947,19.3,78.82608935466072
2055-10-19,27.99577842940747,19.5,0.9
2055-10-20,30.5,18.6,0.0
2055-10-21,32.0,17.9,0.0
2055-10-22,30.2,17.2,0.0
2055-10-23,30.8,16.1,0.0
2055-10-24,32.0,17.2,0.0
2055-10-25,31.7,18.0,0.0
2055-10-26,32.1,17.5,0.0
2055-10-27,33.3,17.9,0.0
2055-10-28,35.1,20.0,0.0
2055-10-29,35.0,23.194513010954328,0.0
2055-10-30,33.7,22.0,0.0
2055-10-31,33.1,20.3,0.0
2055-11-01,33.9,21.56953175983563,0.0
2055-11-02,34.1,23.151883995821457,0.0
2055-11-03,36.4,23.154844947233403,0.0
2055-11-04,37.226686499211006,21.905072592420833,0.0
2055-11-05,35.4,19.9,0.0
2055-11-06,26.0,19.5,0.0
2055-11-07,30.1,18.4,0.0
2055-11-08,32.5,17.6,0.0
2055-11-09,34.15545844589226,18.7,0.0
2055-11-10,36.0,19.622372332895136,0.0
2055-11-11,37.07961672813846,20.3,0.0
2055-11-12,34.90104639373147,22.9,0.0
2055-11-13,36.0,21.4,0.0
2055-11-14,28.5,18.5,0.0
2055-11-15,26.8,17.5,0.0
2055-11-16,28.73497750402603,19.3,0.0
2055-11-17,26.086433866788404,18.5,3.733333333333333
2055-11-18,30.5,19.2,22.327272727272724
2055-11-19,27.060600290341434,19.0,8.060000000000002
2055-11-20,32.01481875286265,16.7,0.0
2055-11-21,32.6,15.892993845375601,0.0
2055-11-22,33.5,16.4,0.0
2055-11-23,33.9,20.4,0.0
2055-11-24,32.0,20.5,0.0
2055-11-25,27.6,19.7,0.0
2055-11-26,31.0,19.5,0.0
2055-11-27,30.1,19.6,2.3499999999999996
2055-11-28,31.0,19.4,0.0
2055-11-29,31.0,19.0,1.4
2055-11-30,31.5,18.6,1.7
2055-12-01,30.7,19.4,0.0
2055-12-02,31.6,19.5,2.9
2055-12-03,31.1,19.9,15.750212765957455
2055-12-04,31.212750758391216,19.5,0.0
2055-12-05,30.563915255895875,19.6,4.0
2055-12-06,30.5,19.9,1.2
2055-12-07,28.1,19.502266101542897,8.558723404255318
2055-12-08,28.5,19.21345443722867,7.0
2055-12-09,26.9,19.9,47.83214700193423
2055-12-10,26.6,19.4,26.34042553191489
2055-12-11,25.5,19.2,21.400000000000055
2055-12-12,27.0,19.2,10.0
2055-12-13,25.3,18.4,28.3
2055-12-14,23.9,17.5,0.0
2055-12-15,27.9,18.0,16.75234042553192
2055-12-16,29.4,17.2,26.4
2055-12-17,24.551573382049828,19.2,34.95099069148936
2055-12-18,24.727381462476615,18.884170239017,0.0
2055-12-19,25.05376849029855,18.0,0.0
2055-12-20,26.7,18.4,0.0
2055-12-21,26.761295603212712,18.0,2.9847872340425554
2055-12-22,28.3,18.3,0.0
2055-12-23,30.6,17.5,0.0
2055-12-24,26.3,18.5,12.63617021276596
2055-12-25,26.9,19.0,0.0
2055-12-26,28.0156512378902,19.0,5.8
2055-12-27,27.6,18.5,28.3
2055-12-28,28.4,18.5,20.37957446808511
2055-12-29,28.7,19.8,2.4
2055-12-30,26.4,19.8,25.234042553191482
2055-12-31,25.29413280409042,19.2,28.3
2056-01-01,25.6,18.4,0.0
2056-01-02,30.6,16.5,0.0
2056-01-03,30.5,18.1,0.0
2056-01-04,29.7,17.9,5.8
2056-01-05,29.5,19.4,25.8
2056-01-06,29.5,19.2,2.7
2056-01-07,26.7,18.5,22.349999999999998
2056-01-08,29.2,18.4,41.88
2056-01-09,26.0,18.8,3.0
2056-01-10,27.2,16.4,0.0
2056-01-11,27.0,15.7,0.0
2056-01-12,26.02636891422118,17.3,0.0
2056-01-13,27.8,16.6,0.0
2056-01-14,29.6,15.5,0.0
2056-01-15,30.8,15.109701384763577,0.0
2056-01-16,31.6,15.9,0.0
2056-01-17,31.89984353678072,17.0,0.0
2056-01-18,29.9,19.8,2.4
2056-01-19,29.2,18.9,2.4
2056-01-20,30.499527333033846,18.9,16.4
2056-01-21,25.6,18.485282052773968,22.0
2056-01-22,27.8,19.0,16.425
2056-01-23,28.0,17.9,0.0
2056-01-24,29.2,19.1,11.0
2056-01-25,29.71979903276147,19.0,6.700000000000003
2056-01-26,29.5,19.0,25.0
2056-01-27,29.5,18.1,9.3
2056-01-28,27.5,18.8,1.0
2056-01-29,27.2,19.6,9.9
2056-01-30,27.8,18.6,21.0
2056-01-31,28.0,18.4,38.6
2056-02-01,29.0,18.4,21.438799076212476
2056-02-02,28.0,19.0,0.0
2056-02-03,29.5,18.831858235791483,0.0
2056-02-04,29.0,18.8,0.31385681293302536
2056-02-05,29.9,18.9,0.0
2056-02-06,29.0,19.5,27.85427251732102
2056-02-07,24.9,19.0,15.6
2056-02-08,25.7,18.8,0.0
2056-02-09,28.1,17.0,0.0
2056-02-10,26.9,19.1,0.0
2056-02-11,29.0,19.5,0.0
2056-02-12,28.5,18.9,0.0
2056-02-13,30.0,18.1,0.0
2056-02-14,30.2,16.0,0.0
2056-02-15,29.5,16.9,0.0
2056-02-16,29.9,18.3,0.0
2056-02-17,26.5,18.2,0.0
2056-02-18,29.0,17.6,44.87297921478061
2056-02-19,28.9,18.9,10.412933025404158
2056-02-20,28.5,18.979296397400894,27.36754146546295
2056-02-21,26.8,19.1,8.675981524249424
2056-02-22,28.5,19.09169992483169,0.0
2056-02-23,29.6,19.231214900025808,10.4
2056-02-24,30.7,17.7,0.0
2056-02-25,30.0,17.9,1.8
2056-02-26,27.7,18.7,30.517321016166306
2056-02-27,27.2,18.5,1.3
2056-02-28,30.9,18.7,44.87297921478061
2056-03-01,26.5,18.6,6.4
2056-03-02,27.0,18.7,22.50238095238095
2056-03-03,29.4,18.6,0.9
2056-03-04,26.2,18.5,1.6
2056-03-05,27.9,18.9,45.665408805031475
2056-03-06,30.2,18.9,1.8
2056-03-07,30.5,19.0,0.0
2056-03-08,30.6,18.5,0.0
2056-03-09,33.0,17.4,0.0
2056-03-10,30.6,19.2,0.8
2056-03-11,29.0,18.7,0.0
2056-03-12,30.0,17.6,0.0
2056-03-13,26.7,17.5,0.0
2056-03-14,28.2,19.4,0.0
2056-03-15,28.8,16.3,0.0
2056-03-16,30.9,15.0,0.0
2056-03-17,32.5,15.7,0.0
2056-03-18,32.9,19.9,0.0
2056-03-19,30.6,19.0,0.0
2056-03-20,29.6,18.3,0.0
2056-03-21,30.5,18.1,0.0
2056-03-22,31.688235294117646,18.4,0.0
2056-03-23,31.8,18.2,0.0
2056-03-24,31.8,16.9,0.0
2056-03-25,30.9,16.2,0.0
2056-03-26,29.6,16.5,0.0
2056-03-27,30.2,16.2,0.0
2056-03-28,32.32345679012345,15.6,0.0
2056-03-29,33.48680203045686,16.9,0.0
2056-03-30,35.590185546875,16.7,0.0
2056-03-31,34.979345703125,20.3,0.0
2056-04-01,30.9,19.4,0.0
2056-04-02,28.175,19.0,0.0
2056-04-03,28.4,18.99494382022472,0.0
2056-04-04,30.6,18.658005249343823,0.0
2056-04-05,31.6,19.21510439804531,12.38888888888889
2056-04-06,28.5,18.7,1.2
2056-04-07,26.9,18.1,0.0
2056-04-08,28.0,19.0,0.0
2056-04-09,28.6,18.6,0.0
2056-04-10,28.9,16.7,0.0
2056-04-11,29.9,14.9,0.0
2056-04-12,31.25905511811024,15.306145251396648,0.0
2056-04-13,31.9,16.48083832335329,0.0
2056-04-14,32.0,16.4,0.0
2056-04-15,31.260629921259845,15.3,0.0
2056-04-16,30.0,15.5,0.0
2056-04-17,30.666071428571424,15.4,0.0
2056-04-18,24.6,18.7,10.6
2056-04-19,27.6,18.4,0.0
2056-04-20,26.4,17.2,0.0
2056-04-21,27.2,14.8,0.0
2056-04-22,27.975862068965515,13.9,0.0
2056-04-23,28.21764705882353,16.4,0.0
2056-04-24,29.0,14.8,0.0
2056-04-25,30.4,16.4,0.0
2056-04-26,31.0,17.84712643678161,0.0
2056-04-27,28.91595744680851,16.3,0.0
2056-04-28,28.5,14.045454545454545,0.0
2056-04-29,28.9,12.2,0.0
2056-04-30,28.7,12.8,0.0
2056-05-01,24.4,15.50460172228201,0.0
2056-05-02,23.1,9.0,0.0
2056-05-03,23.4,8.463315179741867,0.0
2056-05-04,24.2,7.9,0.0
2056-05-05,25.6,8.4,0.0
2056-05-06,26.4,9.6,0.0
2056-05-07,26.3,10.7,0.0
2056-05-08,26.8,10.0,0.0
2056-05-09,26.7,13.9,0.0
2056-05-10,27.5,13.9,0.0
2056-05-11,26.3,13.843021169716527,0.0
2056-05-12,27.3,14.9,0.0
2056-05-13,28.0,13.6,0.0
2056-05-14,28.5,12.1,0.0
2056-05-15,29.2,12.1,0.0
2056-05-16,29.4,12.4,0.0
2056-05-17,29.9,12.4,0.0
2056-05-18,29.2,13.2,0.0
2056-05-19,28.7,12.3,0.0
2056-05-20,29.5,11.9,0.0
2056-05-21,30.21721487346573,11.9,0.0
2056-05-22,30.50531941042352,12.8,0.0
2056-05-23,30.38790637505007,12.991236265410148,0.0
2056-05-24,29.5,15.2,0.0
2056-05-25,27.3,15.2,0.0
2056-05-26,26.1,14.1,0.0
2056-05-27,26.1,12.2,0.0
2056-05-28,27.4,11.4,0.0
2056-05-29,27.864660097706377,11.5,0.0
2056-05-30,27.5,12.5,0.0
2056-05-31,27.5,11.8,0.0
2056-06-01,25.9,11.2,0.0
2056-06-02,26.7,10.6,0.0
2056-06-03,29.0,11.5,0.0
2056-06-04,30.968149397153248,13.483033537551812,0.0
2056-06-05,30.373144837534728,13.8,0.0
2056-06-06,30.4,14.3,0.0
2056-06-07,28.5,15.226491592913233,0.0
2056-06-08,28.0,13.2,0.0
2056-06-09,29.5,11.5,0.0
2056-06-10,29.5,13.0,0.0
2056-06-11,29.2,14.23057572816222,0.0
2056-06-12,29.35133682893274,14.446734218576205,0.0
2056-06-13,30.861703891614173,14.7,0.0
2056-06-14,29.2,16.573696913949988,0.0
2056-06-15,27.7,14.4,0.0
2056-06-16,27.0,14.1,0.0
2056-06-17,27.3,13.2,0.0
2056-06-18,27.7,13.8,0.0
2056-06-19,28.5,14.66178902484242,0.0
2056-06-20,28.851549701688747,14.7,0.0
2056-06-21,26.3,14.1,0.0
2056-06-22,24.6,12.1,0.0
2056-06-23,24.8,10.6,0.0
2056-06-24,24.608466197009026,10.1,0.0
2056-06-25,23.0,10.0,0.0
2056-06-26,23.2,8.0,0.0
2056-06-27,23.9,9.2,0.0
2056-06-28,25.2,9.5,0.0
2056-06-29,27.2,10.5,0.0
2056-06-30,29.0,12.1,0.0
2056-07-01,29.0,13.816616107251196,0.0
2056-07-02,29.0,14.2,0.0
2056-07-03,29.2,14.0,0.0
2056-07-04,29.1,14.3,0.0
2056-07-05,27.9,14.4,0.0
2056-07-06,27.502550959386255,14.2,0.0
2056-07-07,27.2,14.2,0.0
2056-07-08,26.642776243740343,13.5,0.0
2056-07-09,26.0,12.238407667267557,0.0
2056-07-10,25.7,12.2,0.0
2056-07-11,25.0,11.9,0.0
2056-07-12,25.9,10.327165994943297,0.0
2056-07-13,26.7,11.2,0.0
2056-07-14,27.37590150699676,11.2,0.0
2056-07-15,28.2,11.5,0.0
2056-07-16,28.8,12.2,0.0
2056-07-17,28.2,12.9,0.0
2056-07-18,28.08548560713912,12.9,0.0
2056-07-19,27.7,12.279246155774874,0.0
2056-07-20,28.1,11.7,0.0
2056-07-21,26.1,13.0,0.0
2056-07-22,23.5,11.9,0.0
2056-07-23,21.5,10.5,0.0
2056-07-24,24.7,9.2,0.0
2056-07-25,26.3,10.4,0.0
2056-07-26,26.9,12.0,0.0
2056-07-27,27.4,12.000238685823929,0.0
2056-07-28,27.7,12.2,0.0
2056-07-29,28.16550246040288,13.0,0.0
2056-07-30,28.498170075349833,13.0,0.0
2056-07-31,29.045826243966793,13.0,0.0
2056-08-01,31.4,13.6,0.0
2056-08-02,31.1,13.0,0.0
2056-08-03,23.2,15.0,0.0
2056-08-04,24.2,12.708308985596386,0.0
2056-08-05,22.9,11.3,0.0
2056-08-06,23.0,8.238234660925729,0.0
2056-08-07,24.6,7.1,0.0
2056-08-08,24.7,9.4,0.0
2056-08-09,24.1,10.2,0.0
2056-08-10,25.002422974592275,10.0,0.0
2056-08-11,26.1,10.2,0.0
2056-08-12,26.0,10.5,0.0
2056-08-13,26.7,10.2,0.0
2056-08-14,27.310049907035914,11.4,0.0
2056-08-15,27.0,12.731324004305701,0.0
2056-08-16,27.3,12.7,0.0
2056-08-17,28.9,12.7,0.0
2056-08-18,30.8,14.5,0.0
2056-08-19,29.2,18.753755915023568,0.0
2056-08-20,26.36218959949519,15.2,0.0
2056-08-21,25.0,12.6,0.0
2056-08-22,24.5,12.0,0.0
2056-08-23,25.6,11.3,0.0
2056-08-24,27.5,11.8,0.0
2056-08-25,28.7,13.2,0.0
2056-08-26,29.5,14.910301337132962,0.0
2056-08-27,30.41618064389862,15.4,0.0
2056-08-28,30.8,15.3,0.0
2056-08-29,30.9,15.0,0.0
2056-08-30,31.9705516896502,15.0,0.0
2056-08-31,31.9,16.7,0.0
2056-09-01,31.9,17.7,0.0
2056-09-02,31.2,16.9,0.0
2056-09-03,31.7,16.4,0.0
2056-09-04,31.4,16.7,0.0
2056-09-05,27.7,15.2,0.0
2056-09-06,27.7,13.8,0.0
2056-09-07,28.2,14.0,0.0
2056-09-08,29.2,13.2,0.0
2056-09-09,30.0,13.9,0.0
2056-09-10,31.0,13.9,0.0
2056-09-11,30.9,16.8,0.0
2056-09-12,30.4,17.2,0.0
2056-09-13,31.5,17.8,0.0
2056-09-14,32.2425967123965,18.2,0.0
2056-09-15,32.7,18.5,0.0
2056-09-16,33.2,18.9,0.0
2056-09-17,35.4,18.9,0.0
2056-09-18,34.12337002610161,20.5,0.0
2056-09-19,31.9,18.7,0.0
2056-09-20,33.2,18.16001650579498,0.0
2056-09-21,35.4,19.2,0.0
2056-09-22,38.10898712332394,19.969461851155156,0.0
2056-09-23,33.8,20.562155089402825,0.0
2056-09-24,33.0,18.9,0.0
2056-09-25,39.2138671875,20.075446641392933,0.0
2056-09-26,36.0,25.1044921875,0.0
2056-09-27,34.78838360705795,20.5,0.0
2056-09-28,36.03707286322929,20.4,0.0
2056-09-29,39.06787109375,21.555392209630632,0.0
2056-09-30,38.78185546812412,23.593505859375,0.0
2056-10-01,33.9,20.9,0.0
2056-10-02,34.6,20.7,0.0
2056-10-03,35.8,20.6,0.0
2056-10-04,36.0,21.393771323274514,0.0
2056-10-05,35.1,21.4,0.0
2056-10-06,35.4,23.0,0.0
2056-10-07,35.2,21.4,0.0
2056-10-08,36.0,21.0,0.0
2056-10-09,34.4,21.7,0.0
2056-10-10,34.2,20.2,0.0
2056-10-11,34.9,19.8,0.0
2056-10-12,36.41060039597109,19.9,0.0
2056-10-13,38.0,20.9,0.0
2056-10-14,38.0,22.16006778288161,0.0
2056-10-15,38.32181525477008,22.0,0.0
2056-10-16,37.16279490552902,21.4,0.0
2056-10-17,34.0,21.4,0.0
2056-10-18,34.6,20.3,0.0
2056-10-19,36.0,20.43760702161132,0.0
2056-10-20,36.9,21.144917730278323,0.0
2056-10-21,37.92499507470737,21.39245315721295,0.0
2056-10-22,38.21334768568348,21.4,0.0
2056-10-23,37.137801575691775,22.0,0.0
2056-10-24,35.2,21.6,0.0
2056-10-25,35.5,20.5,0.0
2056-10-26,37.141346728860164,20.2,0.0
2056-10-27,37.586177977028335,21.4,0.0
2056-10-28,32.601153794402585,19.7,0.5270270270270271
2056-10-29,30.8,18.4,0.0
2056-10-30,32.1,18.0,0.0
2056-10-31,33.9,18.8,0.0
2056-11-01,35.77263492876443,21.7,0.0
2056-11-02,36.34235636758145,23.3,0.0
2056-11-03,33.0,20.4,0.0
2056-11-04,32.6,18.5,0.0
2056-11-05,33.3,19.9,0.0
2056-11-06,34.0,20.0,0.0
2056-11-07,34.973638359238876,20.4,0.0
2056-11-08,35.5,20.5,0.0
2056-11-09,35.53057626218186,20.6,0.0
2056-11-10,36.0,20.6,0.0
2056-11-11,35.7,21.23246604720778,0.0
2056-11-12,35.7,20.7,0.0
2056-11-13,36.92269964042733,21.1,0.0
2056-11-14,37.73794118966814,21.648986571198492,0.0
2056-11-15,37.42752252290501,22.127003941279067,0.0
2056-11-16,36.40262492093612,21.1,0.0
2056-11-17,32.5,20.5,0.0
2056-11-18,34.5,20.673416467904488,0.8
2056-11-19,33.5,19.9,0.0
2056-11-20,32.8,19.9,0.0
2056-11-21,31.3,19.5,0.0
2056-11-22,31.7,20.0,0.0
2056-11-23,31.9,19.6,0.0
2056-11-24,32.9,19.5,9.0
2056-11-25,32.6,19.9,0.0
2056-11-26,33.17583982202447,19.5,0.0
2056-11-27,34.0,21.9,0.0
2056-11-28,34.0,21.514540399286044,0.0
2056-11-29,35.0,23.2,0.0
2056-11-30,32.6,20.7,4.8
2056-12-01,28.3,20.482025199804205,27.357325227963525
2056-12-02,29.6,19.9,33.214893617021275
2056-12-03,30.1,20.1,5.2
2056-12-04,28.1,19.4,28.3
2056-12-05,26.0,17.9,0.0
2056-12-06,24.1,18.2,0.0
2056-12-07,24.27980557050592,18.1,0.0
2056-12-08,26.72127729835252,17.4,0.0
2056-12-09,30.7,19.569686640354025,0.0
2056-12-10,31.5,21.491042456847605,0.0
2056-12-11,31.0,21.0,1.0
2056-12-12,29.6,19.9,0.0
2056-12-13,30.4,18.0,0.0
2056-12-14,32.0,17.44465744317102,0.0
2056-12-15,32.629448389619824,19.2,0.0
2056-12-16,32.9,18.7,0.0
2056-12-17,32.1,18.9,0.0
2056-12-18,31.2,19.0,0.0
2056-12-19,31.2,20.587961101185527,4.844680851063831
2056-12-20,28.7,20.47421930107662,0.0
2056-12-21,30.2,20.2,28.3
2056-12-22,25.8,19.9,25.825775075987842
2056-12-23,25.054398009065213,18.4,1.6
2056-12-24,29.3,18.0,0.8
2056-12-25,27.6,19.701289887066462,1.1
2056-12-26,28.0,19.6,0.0
2056-12-27,30.8,19.568745888649705,0.2
2056-12-28,32.9,19.6,28.3
2056-12-29,29.055042078481254,20.1,15.14765957446809
2056-12-30,25.133612516035804,19.4,56.01418439716313
2056-12-31,24.6,19.3097503142713,0.0
2057-01-01,26.0,16.8,0.0
2057-01-02,29.6,15.9,0.0
2057-01-03,31.439783764015626,16.9,0.0
2057-01-04,32.08945972583291,17.5,0.0
2057-01-05,31.1,19.7,2.0
2057-01-06,28.7,19.6,1.4
2057-01-07,30.6,19.4,32.9
2057-01-08,31.1,19.6,3.1
2057-01-09,31.6,19.6,0.0
2057-01-10,30.26661075135912,18.9,0.0
2057-01-11,29.8,19.6,0.0
2057-01-12,29.9,18.0,0.0
2057-01-13,30.1,19.747830901239244,11.0
2057-01-14,26.1,19.7,4.5
2057-01-15,28.6,19.7,6.0
2057-01-16,30.9,19.2,0.0
2057-01-17,30.307181916038754,18.9,0.0
2057-01-18,28.7,18.9,0.0
2057-01-19,29.7,19.7,0.0
2057-01-20,32.0,19.9,0.0
2057-01-21,31.9,19.9,4.0
2057-01-22,29.0,19.4,0.6
2057-01-23,30.0,19.000378671382432,10.6
2057-01-24,29.2,19.66047197299602,34.9
2057-01-25,25.4,19.7,2.7
2057-01-26,28.0,19.42758231102491,0.0
2057-01-27,28.6,18.2,0.0
2057-01-28,30.7,16.9,0.0
2057-01-29,31.468853397508674,18.0,0.0
2057-01-30,31.40160040758964,17.6,0.0
2057-01-31,31.6,17.0,0.0
2057-02-01,29.0,19.356177459939076,0.0
2057-02-02,30.6,19.0,0.0
2057-02-03,32.705755569669606,18.8,0.0
2057-02-04,33.492453660987984,20.044414482551808,0.0
2057-02-05,33.41578827494857,18.7,0.0
2057-02-06,30.3,19.88651155592007,0.0
2057-02-07,31.0,19.931705951920218,0.0
2057-02-08,31.4,18.1,0.0
2057-02-09,32.8,16.5,0.0
2057-02-10,32.98042589795698,16.4,0.0
2057-02-11,33.384288562687466,16.9,0.0
2057-02-12,33.610665324898235,19.8382905599024,0.0
2057-02-13,33.58837862040154,18.976465838748126,0.0
2057-02-14,33.75903862137049,18.5,0.0
2057-02-15,33.36858257802248,19.992037225778038,0.0
2057-02-16,33.541348409337566,19.876705999458306,0.0
2057-02-17,33.61891316042066,19.0,0.0
2057-02-18,31.4,19.5,1.1
2057-02-19,31.813453426876876,19.1,45.12197548410022
2057-02-20,30.4,19.321862803286958,0.3
2057-02-21,29.4,19.220026717372757,2.3665127020785226
2057-02-22,31.8,20.054276426547627,0.0
2057-02-23,31.647661899086206,20.019807589215922,0.4
2057-02-24,30.2,19.6063320217183,8.0
2057-02-25,28.0,20.010545228391052,54.64816892114819
2057-02-26,29.0,19.691812438424485,92.6216889245928
2057-02-27,30.5,19.9,3.851039260969978
2057-02-28,31.142738290515577,19.0,2.3
2057-03-01,30.94615384615384,18.9,0.0
2057-03-02,30.316891891891892,18.906996051258915,0.0
2057-03-03,31.5,19.1,12.12407407407407
2057-03-04,28.9,19.0,24.538815789473677
2057-03-05,25.6,18.6,0.0
2057-03-06,27.2,18.4,0.0
2057-03-07,29.9,17.2,0.0
2057-03-08,31.0,17.2,0.0
2057-03-09,32.5,16.4,0.0
2057-03-10,31.8,17.0,0.0
2057-03-11,30.7,17.5,0.0
2057-03-12,30.4,16.9,0.0
2057-03-13,31.623529411764707,16.0,0.0
2057-03-14,32.5,16.4,0.0
2057-03-15,33.4,16.1,0.0
2057-03-16,33.2,18.1,0.0
2057-03-17,29.0,19.4,0.0
2057-03-18,31.0,19.6,0.0
2057-03-19,30.2,20.3,0.0
2057-03-20,28.2,20.3,0.0
2057-03-21,29.2,18.8,0.0
2057-03-22,31.9,19.3,0.0
2057-03-23,33.44302030456853,18.4,0.0
2057-03-24,34.598836668217736,20.3,0.0
2057-03-25,33.962365591397855,21.452245017784012,0.0
2057-03-26,35.064306640625,19.651100474085606,0.0
2057-03-27,35.411474609375,19.3,0.0
2057-03-28,33.7,18.4,0.0
2057-03-29,33.0,18.76627545338403,0.0
2057-03-30,32.17881355932204,18.0,0.0
2057-03-31,33.0,18.6,31.850555555555555
2057-04-01,27.2,19.208240781874725,38.25362903225804
2057-04-02,28.7,19.06409313725491,8.45
2057-04-03,30.8,16.9,0.0
2057-04-04,31.1,16.428143712574855,0.0
2057-04-05,24.6,18.8,0.0
2057-04-06,25.0,15.4,0.0
2057-04-07,25.0,14.3,0.0
2057-04-08,27.0,13.8,0.0
2057-04-09,30.0,14.6,0.0
2057-04-10,31.955729794933653,15.7,0.0
2057-04-11,31.6,19.087418300653596,0.0
2057-04-12,30.3,19.0,0.0
2057-04-13,30.2,17.6,0.0
2057-04-14,31.1,17.4,0.0
2057-04-15,32.3,17.3,0.0
2057-04-16,33.2,18.1,0.0
2057-04-17,32.5,19.7,0.0
2057-04-18,31.6,19.468769968051127,0.0
2057-04-19,25.4,18.6,1.2
2057-04-20,25.6,18.1,0.0
2057-04-21,28.0,15.8,0.0
2057-04-22,29.0,15.4,0.0
2057-04-23,28.7,16.0,0.0
2057-04-24,28.6,14.6,0.0
2057-04-25,29.2,16.0,0.0
2057-04-26,29.9,15.5,0.0
2057-04-27,30.0,14.1,0.0
2057-04-28,30.7,14.4,0.0
2057-04-29,31.1,14.9,0.0
2057-04-30,29.0,16.3,0.0
2057-05-01,27.6,12.9,0.0
2057-05-02,28.0,12.7,0.0
2057-05-03,29.1,12.9,0.0
2057-05-04,29.769558665231433,13.2,0.0
2057-05-05,29.6,14.0,0.0
2057-05-06,29.1,13.2,0.0
2057-05-07,28.5,12.4,0.0
2057-05-08,28.9,12.4,0.0
2057-05-09,30.7,13.5,0.0
2057-05-10,32.825497071475176,15.7,0.0
2057-05-11,33.8,17.5,0.0
2057-05-12,33.51949757776725,19.484042028014105,0.0
2057-05-13,33.8,20.17138671875,0.0
2057-05-14,33.8,19.18922525742829,0.0
2057-05-15,32.685973011033695,17.89846091295277,0.0
2057-05-16,31.0,17.560442949672694,0.0
2057-05-17,30.799730893433786,17.2,0.0
2057-05-18,31.0,17.329383075385522,0.0
2057-05-19,30.729879685520014,17.49553204183224,0.0
2057-05-20,30.0,16.85698054707175,0.0
2057-05-21,29.3,14.287992092667427,0.0
2057-05-22,28.9,13.2,0.0
2057-05-23,28.9,12.5,0.0
2057-05-24,29.6,13.2,0.0
2057-05-25,30.5,16.2,0.0
2057-05-26,30.7,19.63671875,0.0
2057-05-27,30.7,18.03844666216633,0.0
2057-05-28,30.4,17.357871883563835,0.0
2057-05-29,30.8,16.200250008680847,0.0
2057-05-30,29.5,16.8,0.0
2057-05-31,27.6,14.7,0.0
2057-06-01,26.8,13.09750639869543,0.0
2057-06-02,27.6,12.543703386276198,0.0
2057-06-03,28.6,12.9,0.0
2057-06-04,28.498437929838417,14.2,0.0
2057-06-05,27.47777089848259,14.1,0.0
2057-06-06,26.5,13.3,0.0
2057-06-07,29.3,12.5,0.0
2057-06-08,31.11982452253917,14.440306441681239,0.0
2057-06-09,30.0,14.1,0.0
2057-06-10,30.0,14.0,0.0
2057-06-11,30.0,14.7,0.0
2057-06-12,29.3,15.019036852541475,0.0
2057-06-13,28.2,13.8,0.0
2057-06-14,28.5,13.0,0.0
2057-06-15,29.5,12.9,0.0
2057-06-16,30.1,14.1,0.0
2057-06-17,29.36284907206839,12.474854539231632,0.0
2057-06-18,28.9,14.0,0.0
2057-06-19,28.9,13.926712950532531,0.0
2057-06-20,30.1,14.0,0.0
2057-06-21,30.885740350989508,14.205355915631667,0.0
2057-06-22,29.4,20.412548828125,0.0
2057-06-23,27.0,14.7,0.0
2057-06-24,25.2,13.4,0.0
2057-06-25,25.209248371206105,11.9,0.0
2057-06-26,25.6,11.5,0.0
2057-06-27,25.0,11.361503278496585,0.0
2057-06-28,25.8,11.9,0.0
2057-06-29,25.801759790080148,11.9,0.0
2057-06-30,25.4,12.2,0.0
2057-07-01,24.0,12.0,0.0
2057-07-02,25.18834259447822,11.5,0.0
2057-07-03,25.5,11.2,0.0
2057-07-04,23.8,11.2,0.0
2057-07-05,24.7,9.5,0.0
2057-07-06,24.9,11.2,0.0
2057-07-07,24.7,12.8,0.0
2057-07-08,25.0,13.3,0.0
2057-07-09,25.5,11.9,0.0
2057-07-10,26.0,11.5,0.0
2057-07-11,26.7,11.7,0.0
2057-07-12,25.9,12.0,0.0
2057-07-13,25.2,11.407200095682333,0.0
2057-07-14,24.2,11.2,0.0
2057-07-15,23.4,10.4,0.0
2057-07-16,22.7,9.5,0.0
2057-07-17,22.5,8.9,0.0
2057-07-18,22.9,8.7,0.0
2057-07-19,23.8,9.0,0.0
2057-07-20,24.8,9.4,0.0
2057-07-21,24.7,11.2,0.0
2057-07-22,25.2,11.603997129529954,0.0
2057-07-23,26.7,13.565852170792963,0.0
2057-07-24,28.2,12.8,0.0
2057-07-25,29.2,12.2,0.0
2057-07-26,29.2,10.4,0.0
2057-07-27,29.177987082884815,10.0,0.0
2057-07-28,28.7,12.2,0.0
2057-07-29,28.2,12.1,0.0
2057-07-30,27.7,10.4,0.0
2057-07-31,28.189820978816346,8.3,0.0
2057-08-01,30.2,7.9,0.0
2057-08-02,27.9,12.6,0.0
2057-08-03,25.7,13.2,0.0
2057-08-04,26.0,11.0,0.0
2057-08-05,27.0,9.2,0.0
2057-08-06,27.6,10.0,0.0
2057-08-07,29.6,9.5,0.0
2057-08-08,28.6,12.7,0.0
2057-08-09,28.1,11.9,0.0
2057-08-10,26.7,12.0,0.0
2057-08-11,25.5,10.03423573735199,0.0
2057-08-12,26.0,8.7,0.0
2057-08-13,26.0,10.2,0.0
2057-08-14,25.9,10.0,0.0
2057-08-15,26.7,10.4,0.0
2057-08-16,30.2,11.2,0.0
2057-08-17,30.688584499461783,10.9,0.0
2057-08-18,28.7,13.7,0.0
2057-08-19,20.44200425319646,14.3,0.0
2057-08-20,24.4,13.9,0.0
2057-08-21,25.38722512686452,13.5,0.0
2057-08-22,26.1,14.5,0.0
2057-08-23,26.7,15.329663232354296,0.0
2057-08-24,26.3721780928696,13.1,0.0
2057-08-25,24.881297093649085,12.4,0.0
2057-08-26,25.2,11.4,0.0
2057-08-27,26.7,12.5,0.0
2057-08-28,29.0,16.0,0.0
2057-08-29,30.0,17.110652705744204,0.0
2057-08-30,29.9,16.7,0.0
2057-08-31,30.55415158038947,16.0,0.0
2057-09-01,31.7,15.9,0.0
2057-09-02,32.3,17.6,0.0
2057-09-03,32.7,18.2,0.0
2057-09-04,32.0,16.9,0.0
2057-09-05,31.202627610925724,15.6,0.0
2057-09-06,31.9,15.2,0.0
2057-09-07,32.6,16.3,0.0
2057-09-08,33.0,17.6,0.0
2057-09-09,33.5,18.2,0.0
2057-09-10,34.4,18.178079586637494,0.0
2057-09-11,34.6,18.518719101470765,0.0
2057-09-12,29.2,17.638209862810537,0.0
2057-09-13,29.0,14.2,0.0
2057-09-14,30.2,14.2,0.0
2057-09-15,31.7,14.0,0.0
2057-09-16,34.0,14.9,0.0
2057-09-17,35.3,17.4,0.0
2057-09-18,32.9,19.3,0.0
2057-09-19,32.1,17.620789024842423,0.0
2057-09-20,33.0,17.0,0.0
2057-09-21,33.7,17.5,0.0
2057-09-22,31.9,17.7,0.0
2057-09-23,30.5,16.9,0.0
2057-09-24,31.5,15.1,0.0
2057-09-25,33.1,15.4,0.0
2057-09-26,34.6,17.370671116054876,0.0
2057-09-27,35.3,18.7,0.0
2057-09-28,35.4,19.6,0.0
2057-09-29,32.0,20.360559165217683,0.0
2057-09-30,30.23058954393771,18.1,0.0
2057-10-01,30.438060396241234,16.6,0.0
2057-10-02,32.1,17.4,0.0
2057-10-03,33.2,19.5,0.0
2057-10-04,33.5,19.9,0.0
2057-10-05,34.62173913043477,20.4,0.0
2057-10-06,36.0,21.2,0.0
2057-10-07,37.2,22.0,0.0
2057-10-08,35.8,21.2,0.0
2057-10-09,36.0,20.3,0.0
2057-10-10,36.440181454713205,20.4,0.0
2057-10-11,36.0,20.9,0.0
2057-10-12,35.0,20.8,0.0
2057-10-13,34.1,20.5,0.0
2057-10-14,34.3,20.2,0.0
2057-10-15,32.9,20.8,0.0
2057-10-16,33.5,18.5,0.0
2057-10-17,34.2,19.0,0.0
2057-10-18,35.1,19.6,0.0
2057-10-19,32.3,20.1,0.0
2057-10-20,32.0,19.6,0.0
2057-10-21,35.0,20.0,0.0
2057-10-22,35.10739690434652,20.0,0.0
2057-10-23,33.5,20.2,0.0
2057-10-24,32.7,18.9,0.0
2057-10-25,32.92960172228202,19.2,0.4783783783783785
2057-10-26,33.384047362755645,18.2,2.6904365904365912
2057-10-27,33.8,19.0,0.0
2057-10-28,33.9,20.0,0.0
2057-10-29,32.2,19.5,0.0
2057-10-30,33.2,19.4,0.0
2057-10-31,33.7,20.0,0.0
2057-11-01,35.0,21.5,0.0
2057-11-02,35.2,22.0,0.0
2057-11-03,33.9,20.0,0.0
2057-11-04,32.4,21.0,0.0
2057-11-05,32.0,20.426422813780913,6.833333333333333
2057-11-06,32.3,20.4,0.0
2057-11-07,32.5,20.5,0.0
2057-11-08,32.5,20.0,0.0
2057-11-09,32.4,20.0,1.9
2057-11-10,31.7,19.8,0.0
2057-11-11,32.3,18.9,0.0
2057-11-12,31.9,19.1,0.0
2057-11-13,32.1413594345511,20.0,5.4
2057-11-14,27.7,19.4,10.516666666666666
2057-11-15,26.7,18.9,0.0
2057-11-16,26.95152378723718,18.7,29.50384615384616
2057-11-17,27.0,18.7,0.0
2057-11-18,29.6,18.1,0.2
2057-11-19,30.0,18.0,8.425
2057-11-20,26.7,19.4,2.2
2057-11-21,28.6,19.4,0.0
2057-11-22,32.0,19.5,2.0
2057-11-23,30.0,19.2,8.060000000000002
2057-11-24,29.9,19.2,25.48
2057-11-25,31.4,18.6,5.4
2057-11-26,30.2,19.8,0.0
2057-11-27,27.52868417968275,19.86232412231915,0.0
2057-11-28,31.2,19.7,0.0
2057-11-29,32.4,17.9,0.0
2057-11-30,32.5,19.4,0.0
2057-12-01,29.6,19.902197774255626,1.1
2057-12-02,28.2,18.8,0.0
2057-12-03,31.4,17.8,0.2
2057-12-04,29.3,19.9,0.0
2057-12-05,31.6,18.1,0.0
2057-12-06,32.059968564019776,19.5,0.0
2057-12-07,28.2,19.9,18.5
2057-12-08,28.9,19.9,0.0
2057-12-09,30.5,17.2,0.0
2057-12-10,31.2,16.1,0.0
2057-12-11,31.6,16.0,0.0
2057-12-12,32.0,16.1,0.0
2057-12-13,26.8,19.0,0.0
2057-12-14,31.0,20.55427912500033,0.0
2057-12-15,29.4,19.8,0.0
2057-12-16,27.7,19.5,1.8739361702127664
2057-12-17,26.93610367506579,19.0,12.6
2057-12-18,30.1,19.2,3.9
2057-12-19,26.2,18.7,8.859574468085107
2057-12-20,28.3,19.0,13.6
2057-12-21,25.735076069741453,19.4,19.51574468085107
2057-12-22,25.6,17.2,28.749787234042547
2057-12-23,28.261078579117328,15.648506808696244,0.0
2057-12-24,25.5,19.2,1.0
2057-12-25,27.0,18.2,0.0
2057-12-26,30.039422041897804,17.5,8.718297872340424
2057-12-27,24.17642761033369,16.8,0.0
2057-12-28,27.6,16.0,0.0
2057-12-29,27.7,15.4,0.0
2057-12-30,27.1,17.7,0.0
2057-12-31,30.0,16.4,0.0
2058-01-01,29.1,16.9,0.0
2058-01-02,28.6,19.0,0.0
2058-01-03,30.0,18.9,1.0
2058-01-04,30.2,17.8,0.0
2058-01-05,31.2,16.859255295843855,0.0
2058-01-06,31.2,17.8,0.0
2058-01-07,30.2,19.3,0.6
2058-01-08,27.944202393122506,19.15035365754014,2.4
2058-01-09,25.65359290736842,19.0,8.1
2058-01-10,25.2,18.0,5.3
2058-01-11,27.6,17.5,0.9
2058-01-12,24.7,18.6,29.6
2058-01-13,24.9,18.5,27.966666666666672
2058-01-14,29.3,18.4,0.0
2058-01-15,30.8,17.3,0.0
2058-01-16,29.4,17.8,0.0
2058-01-17,28.804688077374156,18.6,1.0
2058-01-18,28.9,18.9,1.0
2058-01-19,26.8,18.4,0.9
2058-01-20,24.6,18.4,31.257142857142853
2058-01-21,26.6,17.9,0.0
2058-01-22,25.4,17.4,0.0
2058-01-23,22.745451664988366,16.695527938154417,5.7
2058-01-24,23.23703524986701,17.9,0.0
2058-01-25,27.8,17.9,0.0
2058-01-26,28.9,17.1,0.0
2058-01-27,30.287727212531365,15.4,0.0
2058-01-28,28.0,18.6,0.0
2058-01-29,26.6,17.0,0.0
2058-01-30,29.8,16.7,0.0
2058-01-31,30.9,16.5,1.4
2058-02-01,29.0,18.0,3.8
2058-02-02,28.9,17.9,17.0
2058-02-03,29.198434644417958,17.7,0.0
2058-02-04,29.0,18.7,0.0
2058-02-05,28.3,17.9,0.0
2058-02-06,26.7,17.2,0.9
2058-02-07,26.7,17.5,8.72771362586605
2058-02-08,28.7,17.1,4.406697459584298
2058-02-09,27.6,18.7,2.3327944572748267
2058-02-10,28.0,17.7,0.2
2058-02-11,28.8,17.4,17.7810623556582
2058-02-12,30.379436859061347,18.7,9.182909930715937
2058-02-13,27.9,18.7,1.4
2058-02-14,31.0,17.6,7.4
2058-02-15,25.2,17.0,7.994341801385684
2058-02-16,30.0,16.0,0.0
2058-02-17,30.5,14.7,0.0
2058-02-18,30.0,18.4,0.0
2058-02-19,29.9,18.994549963474174,15.6
2058-02-20,26.5,18.1,0.0
2058-02-21,28.1,17.7,0.0
2058-02-22,23.195090599115886,18.8,40.785017321016205
2058-02-23,28.5,18.4,27.583371824480366
2058-02-24,27.8,17.9,0.0
2058-02-25,29.6,16.5,0.0
2058-02-26,32.0,17.4,0.0
2058-02-27,31.4,18.4,0.0
2058-02-28,31.0,17.0,10.002540415704392
2058-03-01,30.7,18.2,1.4
2058-03-02,30.95641025641026,17.9,0.0
2058-03-03,30.6,18.8,1.6
2058-03-04,30.4,18.6,0.0
2058-03-05,29.9,17.2,1.4
2058-03-06,30.5,19.4,10.9
2058-03-07,28.8,19.0,0.3
2058-03-08,31.2,18.918500363881886,3.8
2058-03-09,27.3,18.6,2.7
2058-03-10,31.3,18.8,28.121180555555547
2058-03-11,29.2,18.3,0.0
2058-03-12,26.2,18.914494397879242,17.477083333333333
2058-03-13,26.3,18.7,5.692777777777776
2058-03-14,26.5,17.4,2.2402777777777785
2058-03-15,28.5,17.2,0.9
2058-03-16,29.5,16.5,0.0
2058-03-17,28.9,17.5,0.0
2058-03-18,24.9,18.92753946665707,16.61874999999999
2058-03-19,26.5,18.7,2.0
2058-03-20,28.6,18.7,0.0
2058-03-21,29.7,17.4,0.0
2058-03-22,27.5,16.5,2.4
2058-03-23,26.7,18.6,0.0
2058-03-24,28.2,17.3,0.0
2058-03-25,26.6,17.9,0.0
2058-03-26,26.393495934959347,17.3,0.0
2058-03-27,28.2,15.5,0.0
2058-03-28,29.2,14.5,0.0
2058-03-29,28.9,17.8,0.0
2058-03-30,29.5,17.9,0.0
2058-03-31,30.9,17.0,0.0
2058-04-01,30.6,18.1,0.0
2058-04-02,30.0,17.4,0.0
2058-04-03,28.5,18.0,0.0
2058-04-04,27.4,14.3,0.0
2058-04-05,28.1,13.0,0.0
2058-04-06,29.0,12.1,0.0
2058-04-07,30.0,13.3,0.0
2058-04-08,31.6,19.0,0.0
2058-04-09,32.0,18.5,0.0
2058-04-10,32.0,17.549184549356227,0.0
2058-04-11,26.7,18.8,10.016666666666667
2058-04-12,26.3,18.56062176165803,0.0
2058-04-13,26.2,16.4,0.0
2058-04-14,25.7,15.2,0.0
2058-04-15,26.9,12.2,0.0
2058-04-16,25.0,13.5,0.0
2058-04-17,24.0,14.7,0.0
2058-04-18,25.855813953488372,13.7,0.0
2058-04-19,28.0,15.3,0.0
2058-04-20,27.0,15.2,0.0
2058-04-21,27.9,17.8,0.0
2058-04-22,27.6,15.5,0.0
2058-04-23,28.4,14.0,0.0
2058-04-24,28.4,14.3,0.0
2058-04-25,27.2,13.3,0.0
2058-04-26,27.3,13.6,0.0
2058-04-27,28.4,12.2,0.0
2058-04-28,25.7,16.0,13.549999999999999
2058-04-29,23.6,16.9,0.0
2058-04-30,25.4,17.103225806451615,0.0
2058-05-01,26.4,16.859318812737868,0.0
2058-05-02,26.5,14.7,0.0
2058-05-03,26.8,13.640017765659834,0.0
2058-05-04,27.3,15.2,0.0
2058-05-05,27.6,15.9,0.0
2058-05-06,28.4,14.0,0.0
2058-05-07,27.4,13.5,0.0
2058-05-08,26.2,11.9,0.0
2058-05-09,25.9,10.6,0.0
2058-05-10,26.4,11.0,0.0
2058-05-11,27.0,10.9,0.0
2058-05-12,28.3,10.0,0.0
2058-05-13,27.0,12.9,0.0
2058-05-14,25.5,12.6,0.0
2058-05-15,24.5,15.5,0.0
2058-05-16,25.6,11.9,0.0
2058-05-17,26.3,9.5,0.0
2058-05-18,26.7,10.3,0.0
2058-05-19,26.578363832077503,11.0,0.0
2058-05-20,25.9,10.4,0.0
2058-05-21,25.9,8.6,0.0
2058-05-22,26.7,8.9,0.0
2058-05-23,27.0,10.2,0.0
2058-05-24,27.9,10.7,0.0
2058-05-25,28.1,11.2,0.0
2058-05-26,28.1,11.7,0.0
2058-05-27,28.0,10.0,0.0
2058-05-28,27.5,10.3,0.0
2058-05-29,27.11360380089825,9.9,0.0
2058-05-30,26.4,9.6,0.0
2058-05-31,27.7,9.0,0.0
2058-06-01,27.9,9.4,0.0
2058-06-02,27.9,10.9,0.0
2058-06-03,25.7,12.1,0.0
2058-06-04,25.9,11.0,0.0
2058-06-05,27.0,10.170664572836928,0.0
2058-06-06,26.9,10.5,0.0
2058-06-07,26.4,10.3,0.0
2058-06-08,27.0,10.2,0.0
2058-06-09,24.2,9.5,0.0
2058-06-10,24.7,6.2,0.0
2058-06-11,25.5,5.6,0.0
2058-06-12,25.6,8.4,0.0
2058-06-13,23.437538342265817,11.0,0.0
2058-06-14,22.3,12.7,0.0
2058-06-15,23.5,10.4,0.0
2058-06-16,23.062929180571007,7.7,0.0
2058-06-17,23.5,6.9,0.0
2058-06-18,24.7,8.1,0.0
2058-06-19,25.0,9.7,0.0
2058-06-20,23.0,11.5,0.0
2058-06-21,22.7,10.4,0.0
2058-06-22,20.1,9.4,0.0
2058-06-23,22.7,7.563763155643023,0.0
2058-06-24,24.4,8.1,0.0
2058-06-25,25.9,13.4,0.0
2058-06-26,28.2,13.0,0.0
2058-06-27,27.9,13.0,0.0
2058-06-28,26.47480533926585,12.4,0.0
2058-06-29,25.892399718508095,12.0,0.0
2058-06-30,25.8,11.7,0.0
2058-07-01,27.0,11.2,0.0
2058-07-02,28.056133025452265,11.5,0.0
2058-07-03,29.1,12.2,0.0
2058-07-04,29.311152929417176,12.7,0.0
2058-07-05,28.0,13.709334153467633,0.0
2058-07-06,27.2,12.7,0.0
2058-07-07,28.2,11.6,0.0
2058-07-08,28.3,12.2,0.0
2058-07-09,27.6,13.155362726360725,0.0
2058-07-10,25.5,13.1,0.0
2058-07-11,24.1,12.0,0.0
2058-07-12,23.7,10.9,0.0
2058-07-13,25.3,8.77145932646471,0.0
2058-07-14,25.3,10.2,0.0
2058-07-15,25.3,9.8,0.0
2058-07-16,25.7,9.5,0.0
2058-07-17,26.2,10.5,0.0
2058-07-18,26.4,11.5,0.0
2058-07-19,25.2,12.0,0.0
2058-07-20,23.0,11.0,0.0
2058-07-21,20.9,9.9,0.0
2058-07-22,20.406357785768268,12.2,0.0
2058-07-23,24.0,9.5,0.0
2058-07-24,25.2,10.4,0.0
2058-07-25,25.5,11.0,0.0
2058-07-26,25.0,11.2,0.0
2058-07-27,24.7,11.2,0.0
2058-07-28,25.3,13.02399133671391,0.0
2058-07-29,26.7,13.0,0.0
2058-07-30,27.4,13.0,0.0
2058-07-31,27.6,12.9,0.0
2058-08-01,29.9,13.4,0.0
2058-08-02,30.8,14.886595490097346,0.0
2058-08-03,28.9,15.5,0.0
2058-08-04,25.0,14.7,0.0
2058-08-05,21.3,12.5,0.0
2058-08-06,24.1,10.7,0.0
2058-08-07,24.1,11.7,0.0
2058-08-08,22.6,11.2,0.0
2058-08-09,25.0,10.2,0.0
2058-08-10,26.0,11.9,0.0
2058-08-11,25.6,12.5,0.0
2058-08-12,24.9,11.8,0.0
2058-08-13,25.0,13.4,0.0
2058-08-14,27.9,11.7,0.0
2058-08-15,29.6,16.2,0.0
2058-08-16,27.1,17.55444689095311,0.0
2058-08-17,26.7,14.3,0.0
2058-08-18,27.6,13.0,0.0
2058-08-19,30.2,13.5,0.0
2058-08-20,31.4,15.0,0.0
2058-08-21,31.6,15.4,0.0
2058-08-22,31.4,15.7,0.0
2058-08-23,31.2,16.668005106766465,0.0
2058-08-24,29.2,17.4,0.0
2058-08-25,27.0,15.2,0.0
2058-08-26,26.7,13.7,0.0
2058-08-27,26.5,13.3,0.0
2058-08-28,26.7,13.0,0.0
2058-08-29,28.177502691065662,13.7,0.0
2058-08-30,28.6,15.0,0.0
2058-08-31,28.0,15.2,0.0
2058-09-01,27.9,15.2,0.0
2058-09-02,29.145835508842023,14.9,0.0
2058-09-03,32.0,15.8,0.0
2058-09-04,34.8,17.7,0.0
2058-09-05,36.01022704966302,18.8,0.0
2058-09-06,36.37669237146561,20.0,0.0
2058-09-07,39.388427734375,20.14370033141062,0.0
2058-09-08,40.1279296875,21.354935041092048,0.0
2058-09-09,39.343017578125,21.2,0.0
2058-09-10,36.6647094357859,20.5,0.0
2058-09-11,35.11244048943271,20.0,0.0
2058-09-12,33.8,19.3,0.0
2058-09-13,30.2,19.6,0.0
2058-09-14,26.47201751946607,17.8,0.0
2058-09-15,29.543420794346662,15.6,0.0
2058-09-16,27.6,16.9,0.0
2058-09-17,29.4,14.9,0.0
2058-09-18,31.9,18.4,0.0
2058-09-19,32.380892010910145,19.2,0.0
2058-09-20,31.5,18.1,0.0
2058-09-21,31.8,17.8,0.0
2058-09-22,32.1,18.0,0.0
2058-09-23,32.3,19.2,0.0
2058-09-24,31.5,18.9,0.0
2058-09-25,31.0,17.5,0.0
2058-09-26,30.643023780176172,17.3,0.0
2058-09-27,30.7,15.6,0.0
2058-09-28,31.9,17.3,0.0
2058-09-29,32.6,17.4,0.0
2058-09-30,33.1,18.1,0.0
2058-10-01,31.689905757782117,18.4,0.0
2058-10-02,31.23525968783638,17.5,0.0
2058-10-03,32.0,17.3,0.0
2058-10-04,32.0,17.2,0.0
2058-10-05,30.84367599569429,17.0,0.0
2058-10-06,31.6435601151117,17.0,0.0
2058-10-07,32.3,19.3,0.0
2058-10-08,32.7,18.5,0.0
2058-10-09,33.6,18.7,0.0
2058-10-10,34.4,18.88589497155159,0.0
2058-10-11,35.1,19.0,0.0
2058-10-12,36.0,20.8,0.0
2058-10-13,36.0,21.4,0.0
2058-10-14,34.3,22.701430272770978,0.0
2058-10-15,34.3,22.0,0.0
2058-10-16,36.23255382131323,20.2,0.0
2058-10-17,38.0,20.0,0.0
2058-10-18,37.14879155051382,21.639199205787037,0.0
2058-10-19,34.7,21.147457217547935,0.0
2058-10-20,34.2,20.05602273622305,0.0
2058-10-21,35.8,19.1,0.0
2058-10-22,35.2,21.4,0.0
2058-10-23,32.9,18.7,0.0
2058-10-24,34.4,19.0,0.0
2058-10-25,35.0,18.3,0.0
2058-10-26,33.9,19.4,0.0
2058-10-27,33.6,19.6,0.0
2058-10-28,34.627825618945096,19.7,0.0
2058-10-29,35.3,20.2,0.0
2058-10-30,34.539711848969105,20.7,0.0
2058-10-31,20.465888924446514,17.9,6.415675675675677
2058-11-01,32.8,20.0,0.0
2058-11-02,32.6,19.9,0.0
2058-11-03,32.2,18.9,0.0
2058-11-04,32.3,17.6,0.0
2058-11-05,33.5,18.7,0.0
2058-11-06,35.5,20.0,0.0
2058-11-07,35.570978940060165,23.221425772244423,0.0
2058-11-08,34.0,20.0,0.0
2058-11-09,31.0,19.5,10.350000000000001
2058-11-10,32.5,19.0,3.8
2058-11-11,30.6,19.8,6.877777777777777
2058-11-12,30.4,19.6,34.4
2058-11-13,32.0,20.0,0.0
2058-11-14,33.01142840704231,19.8,0.0
2058-11-15,33.5,18.6,0.0
2058-11-16,32.2,18.2,0.0
2058-11-17,32.1,19.884018304939218,0.0
2058-11-18,31.6,19.2,0.0
2058-11-19,32.0,17.9,0.0
2058-11-20,32.6,18.5,0.0
2058-11-21,32.8,18.9,0.0
2058-11-22,33.5,20.0,0.0
2058-11-23,32.8,19.6,2.7
2058-11-24,32.5,19.2,0.0
2058-11-25,32.6,19.8,1.8
2058-11-26,31.2,18.9,4.0
2058-11-27,28.65473806875364,18.4,0.0
2058-11-28,26.7,17.9,0.0
2058-11-29,27.3,17.9,0.0
2058-11-30,28.1,19.6,0.0
2058-12-01,28.1,19.4,3.638723404255321
2058-12-02,30.1,19.4,4.3
2058-12-03,30.2,19.9,4.9451063829787225
2058-12-04,30.1,20.31092040261742,16.902659574468093
2058-12-05,27.9,20.2,11.0
2058-12-06,28.6,19.9,0.5
2058-12-07,29.0,19.4,0.0
2058-12-08,30.7,19.9,0.0
2058-12-09,31.6,20.0,1.4
2058-12-10,29.1,19.0,1.4
2058-12-11,29.0,19.9,9.72382978723405
2058-12-12,25.6,19.5,27.32869300911854
2058-12-13,26.0,19.5,9.2
2058-12-14,27.7,19.4,0.0
2058-12-15,29.9,17.4,0.0
2058-12-16,30.1,16.6,0.0
2058-12-17,29.5,18.3,0.0
2058-12-18,29.6,17.1,0.0
2058-12-19,30.2,18.6,0.0
2058-12-20,29.7,19.0,0.0
2058-12-21,29.9,18.5,23.417021276595758
2058-12-22,31.0,18.9,0.0
2058-12-23,30.4,20.2,27.157021276595742
2058-12-24,30.8,20.348756920042913,3.2
2058-12-25,29.1,20.5,30.388936170212766
2058-12-26,25.2,19.0,38.9508510638298
2058-12-27,23.2,18.2,1.7
2058-12-28,26.4,17.4,0.0
2058-12-29,28.4,16.5,0.0
2058-12-30,29.8,16.1,0.0
2058-12-31,31.2,16.0,0.0
2059-01-01,31.9,16.6,0.0
2059-01-02,31.1,19.1,0.0
2059-01-03,31.1,18.58279374016725,0.0
2059-01-04,29.2,18.9,15.000000000000005
2059-01-05,30.6,18.7,0.0
2059-01-06,28.9,18.9,2.4
2059-01-07,28.9,18.6,5.950000000000002
2059-01-08,29.0,19.1,0.0
2059-01-09,29.5,17.9,0.0
2059-01-10,30.0,17.4,0.0
2059-01-11,31.7,17.5,7.4
2059-01-12,30.7,18.9,5.450000000000002
2059-01-13,28.6,19.7,0.0
2059-01-14,29.7,19.4,1.4
2059-01-15,29.9,19.6,11.2
2059-01-16,29.0,18.9,3.7
2059-01-17,29.7,18.9,0.0
2059-01-18,28.0,19.5,3.4
2059-01-19,29.0,19.3,0.0
2059-01-20,28.9,19.3,0.0
2059-01-21,31.1,19.2,1.8
2059-01-22,29.4,19.6,16.8
2059-01-23,29.3,19.2,4.450000000000002
2059-01-24,25.4,19.0,16.4
2059-01-25,26.4,18.8,17.5
2059-01-26,28.4,18.450955691967525,0.0
2059-01-27,30.9,19.544462262838387,40.971428571428575
2059-01-28,27.5,19.140262605377853,20.950000000000003
2059-01-29,28.6,19.0,8.1
2059-01-30,29.4,19.4,2.4
2059-01-31,28.9,19.2,12.1
2059-02-01,28.5,18.9,2.9558891454965366
2059-02-02,27.4,19.0,0.0
2059-02-03,29.0,18.3,0.0
2059-02-04,29.7,20.059312925183626,0.0
2059-02-05,29.0,18.2,0.0
2059-02-06,28.8,16.2,0.0
2059-02-07,30.0,16.0,0.0
2059-02-08,30.6,16.2,0.0
2059-02-09,31.691129320619773,17.9,0.0
2059-02-10,32.20497875236382,20.04933586121898,0.0
2059-02-11,33.012908157737044,17.9,0.0
2059-02-12,33.37560201250962,20.499758631934043,0.0
2059-02-13,32.88181438624398,19.9,0.0
2059-02-14,30.106001684330703,19.0,21.0
2059-02-15,30.9,19.2,34.6637413394919
2059-02-16,29.9,19.32851572749657,51.86027713625869
2059-02-17,27.97114003156911,19.603026337623795,10.002540415704392
2059-02-18,27.91712141223464,19.9,5.3
2059-02-19,26.0,18.8,3.26743648960739
2059-02-20,29.9,18.5,6.0
2059-02-21,31.7,18.9,18.9891454965358
2059-02-22,30.548996057577707,19.26689697707901,11.11224018475751
2059-02-23,28.4,19.1,21.2715935334873
2059-02-24,29.8,18.8,24.278706697459583
2059-02-25,26.1,18.9,6.550577367205545
2059-02-26,30.4,17.9,0.0
2059-02-27,27.959282285861544,19.549040384255463,0.7829099307159356
2059-02-28,28.6,19.0,0.0
2059-03-01,29.9,18.968266787683902,9.225000000000003
2059-03-02,29.8,18.7,0.8
2059-03-03,30.9,18.7,15.945833333333338
2059-03-04,29.9,18.8,10.9
2059-03-05,31.2,18.5,0.0
2059-03-06,30.6,19.4,36.42173913043478
2059-03-07,30.7,18.6,21.635416666666664
2059-03-08,32.0,19.0,12.056481481481477
2059-03-09,29.2,19.8,6.0
2059-03-10,28.0,19.0,29.051851851851914
2059-03-11,28.6,19.4,36.329166666666666
2059-03-12,29.2,18.9,26.319047619047623
2059-03-13,30.4,18.925074256809292,4.851851851851853
2059-03-14,30.1,18.6,36.62010869565217
2059-03-15,24.0,18.4,10.517129629629629
2059-03-16,21.557391304347824,17.9,0.0
2059-03-17,23.0,17.4,0.0
2059-03-18,27.07777777777778,18.1,0.0
2059-03-19,29.5,19.1,0.0
2059-03-20,30.9,17.3,0.0
2059-03-21,31.5,16.3,0.0
2059-03-22,31.8,16.871220924015706,0.0
2059-03-23,30.9,17.2,0.0
2059-03-24,30.9,16.6,0.0
2059-03-25,30.8,17.2,0.0
2059-03-26,30.2,17.6,0.6
2059-03-27,29.2,17.9,2.6625000000000014
2059-03-28,30.0,18.6,0.8
2059-03-29,31.0,18.8,0.0
2059-03-30,28.9,17.9,7.207638888888888
2059-03-31,27.1,19.4,19.28185763888889
2059-04-01,30.9,18.7,39.24193548387095
2059-04-02,26.6,18.7,39.701612903225794
2059-04-03,28.6,17.9,0.0
2059-04-04,30.3,15.8,0.0
2059-04-05,30.3,16.7,20.30909090909091
2059-04-06,27.0,18.4,19.990909090909092
2059-04-07,23.2,17.9,0.0
2059-04-08,27.9,16.6,0.0
2059-04-09,29.2,16.7,0.0
2059-04-10,29.4,16.9,0.0
2059-04-11,28.0,17.9,0.0
2059-04-12,28.2,16.4,0.0
2059-04-13,28.0,16.3,0.0
2059-04-14,28.2,17.4,0.0
2059-04-15,28.6,18.9,0.0
2059-04-16,28.9,17.1,0.0
2059-04-17,28.6,16.4,0.0
2059-04-18,28.0,14.0,0.0
2059-04-19,27.3,13.2,0.0
2059-04-20,26.9,18.0,0.0
2059-04-21,28.8,14.4,0.0
2059-04-22,28.787692307692303,17.2,0.0
2059-04-23,27.4,16.9,0.0
2059-04-24,28.3,17.3,0.0
2059-04-25,28.9,17.328205128205123,0.0
2059-04-26,29.9,19.4,0.0
2059-04-27,30.7,19.611821086261994,0.0
2059-04-28,30.0,19.559824281150174,0.0
2059-04-29,27.6,18.0,0.0
2059-04-30,26.3,17.6,0.0
2059-05-01,25.7,13.0,0.0
2059-05-02,27.0,10.2,0.0
2059-05-03,28.363048158375054,10.0,0.0
2059-05-04,28.9,12.6,0.0
2059-05-05,29.3,17.865928226825275,0.0
2059-05-06,29.3,17.2,0.0
2059-05-07,29.4,16.61186121611133,0.0
2059-05-08,29.6,19.102944019064207,0.0
2059-05-09,29.57960941104104,17.834845366927375,0.0
2059-05-10,29.53361984480181,15.0,0.0
2059-05-11,29.5,13.4,0.0
2059-05-12,29.2,13.1,0.0
2059-05-13,28.1,14.6,0.0
2059-05-14,26.7,16.0,0.0
2059-05-15,26.8,14.672704335890542,0.0
2059-05-16,28.7,13.6,0.0
2059-05-17,30.0,15.3,0.0
2059-05-18,30.0,17.5,0.0
2059-05-19,29.4,17.781904938912145,0.0
2059-05-20,28.912251325599,18.0,0.0
2059-05-21,29.6,18.08949070442062,0.0
2059-05-22,29.9,17.8,0.0
2059-05-23,28.9,16.2,0.0
2059-05-24,28.3,15.2,0.0
2059-05-25,29.2,18.0,0.0
2059-05-26,29.2,18.018360365620026,0.0
2059-05-27,28.9,17.88222993150438,0.0
2059-05-28,28.4,14.4,0.0
2059-05-29,27.29358640705263,11.8,0.0
2059-05-30,26.7,9.6,0.0
2059-05-31,27.5,9.3,0.0
2059-06-01,26.3,10.5,0.0
2059-06-02,25.9,12.160609010011127,0.0
2059-06-03,26.0,12.6,0.0
2059-06-04,27.6,11.824254899487403,0.0
2059-06-05,28.0,11.9,0.0
2059-06-06,25.0,12.764551724137943,0.0
2059-06-07,23.0,11.5,0.0
2059-06-08,23.4,9.2,0.0
2059-06-09,23.8,9.5,0.0
2059-06-10,23.9,9.6,0.0
2059-06-11,23.9,8.9,0.0
2059-06-12,23.077446545544433,10.167135597286752,0.0
2059-06-13,22.9,9.2,0.0
2059-06-14,24.970847151040097,8.0,0.0
2059-06-15,27.2,8.6,0.0
2059-06-16,27.0,9.5,0.0
2059-06-17,24.6,11.3,0.0
2059-06-18,22.9,9.2,0.0
2059-06-19,22.6,6.625755890383257,0.0
2059-06-20,23.9,4.297122728958102,0.0
2059-06-21,24.8,5.2,0.0
2059-06-22,25.4,7.8,0.0
2059-06-23,27.0,9.2,0.0
2059-06-24,28.5,10.9,0.0
2059-06-25,29.684910317018936,12.2,0.0
2059-06-26,30.1,16.284269481393725,0.0
2059-06-27,30.324066151374275,20.225537109375,0.0
2059-06-28,28.2,16.265941196023796,0.0
2059-06-29,28.0,16.4,0.0
2059-06-30,29.516174563562288,15.465338530414892,0.0
2059-07-01,31.22630261866884,15.63719716670366,0.0
2059-07-02,28.0,15.2,0.0
2059-07-03,29.281988505305232,14.110800143523493,0.0
2059-07-04,30.7,12.4,0.0
2059-07-05,32.408154296875,15.090323726251862,0.0
2059-07-06,30.727614845385574,17.651025390625,0.0
2059-07-07,29.2,17.6732421875,0.0
2059-07-08,28.7,15.621251638709502,0.0
2059-07-09,28.2,15.0,0.0
2059-07-10,28.8,14.4,0.0
2059-07-11,28.2,15.12628139004923,0.0
2059-07-12,26.0,14.2,0.0
2059-07-13,22.7,12.234793641735939,0.0
2059-07-14,23.8,10.0,0.0
2059-07-15,27.1,10.4,0.0
2059-07-16,29.7,13.4,0.0
2059-07-17,30.906028588998716,15.66763862923795,0.0
2059-07-18,29.2,16.0,0.0
2059-07-19,29.0,15.3,0.0
2059-07-20,28.2,14.541942760086757,0.0
2059-07-21,27.0,14.378417236171256,0.0
2059-07-22,26.2,13.5,0.0
2059-07-23,26.4,12.4,0.0
2059-07-24,25.7,12.474148314083724,0.0
2059-07-25,25.7,11.5,0.0
2059-07-26,24.3,11.5,0.0
2059-07-27,22.7,11.0,0.0
2059-07-28,22.3,10.0,0.0
2059-07-29,22.9,10.001851453175464,0.0
2059-07-30,16.122926057276675,11.9,0.0
2059-07-31,25.0,12.0,0.0
2059-08-01,27.4,14.6,0.0
2059-08-02,26.2,15.87858793017707,0.0
2059-08-03,24.3,13.7,0.0
2059-08-04,24.3,10.789506913968696,0.0
2059-08-05,25.125080731969856,10.7,0.0
2059-08-06,27.0,10.7,0.0
2059-08-07,29.5,11.4,0.0
2059-08-08,31.4,13.1,0.0
2059-08-09,32.93030416956879,15.042432723358445,0.0
2059-08-10,32.5,16.9,0.0
2059-08-11,29.0,17.51757227855951,0.0
2059-08-12,27.1,14.9,0.0
2059-08-13,27.6,13.0,0.0
2059-08-14,28.3,13.626864524065807,0.0
2059-08-15,26.9,14.288391592544329,0.0
2059-08-16,25.0,13.37895724655682,0.0
2059-08-17,23.7,12.029580193756724,0.0
2059-08-18,25.7,13.5,0.0
2059-08-19,27.6,12.7,0.0
2059-08-20,28.37536940992269,13.8,0.0
2059-08-21,30.0,14.0,0.0
2059-08-22,30.8,13.9,0.0
2059-08-23,28.2,15.0,0.0
2059-08-24,29.40890034558948,12.0,0.0
2059-08-25,31.2,12.5,0.0
2059-08-26,31.2,14.0,0.0
2059-08-27,31.486816956680194,13.5,0.0
2059-08-28,31.9,14.6,0.0
2059-08-29,31.6,16.7,0.0
2059-08-30,31.2,16.7,0.0
2059-08-31,30.6,16.18841220641446,0.0
2059-09-01,30.9,15.4,0.0
2059-09-02,30.9,15.2,0.0
2059-09-03,31.4,14.5,0.0
2059-09-04,32.1,15.1,0.0
2059-09-05,30.6,16.7,0.0
2059-09-06,30.4012038298005,14.9,0.0
2059-09-07,31.2,14.2,0.0
2059-09-08,32.6,14.372126261884274,0.0
2059-09-09,32.8,16.0,0.0
2059-09-10,28.9,17.7,0.0
2059-09-11,29.0,14.6,0.0
2059-09-12,30.3,14.3,0.0
2059-09-13,31.90818534003299,15.1,0.0
2059-09-14,31.9,17.2,0.0
2059-09-15,31.5,17.6,0.0
2059-09-16,31.162990624503415,17.3,0.0
2059-09-17,31.6,17.4,0.0
2059-09-18,32.3,17.3,0.0
2059-09-19,35.4,18.4,0.0
2059-09-20,37.413075342058036,20.57033851875218,0.0
2059-09-21,34.307119021134596,21.83230105275452,0.0
2059-09-22,32.3,19.4,0.0
2059-09-23,33.0,18.09047830923249,0.0
2059-09-24,34.2,16.9,0.0
2059-09-25,35.4,17.8,0.0
2059-09-26,34.180994160177974,19.6,0.0
2059-09-27,34.36415152638734,19.2,0.0
2059-09-28,34.7,19.6,0.0
2059-09-29,34.40226486219257,20.32029597155882,0.0
2059-09-30,34.7,19.552941302301704,0.0
2059-10-01,34.7,19.0,0.0
2059-10-02,32.0,20.2,0.0
2059-10-03,30.2,17.5,0.0
2059-10-04,31.7,17.3,0.0
2059-10-05,33.1,17.2,0.0
2059-10-06,34.144262648008606,18.0,0.0
2059-10-07,35.1,19.4,0.0
2059-10-08,34.0,20.4,0.0
2059-10-09,34.0,19.0,0.0
2059-10-10,33.02015041640699,19.69836219699963,0.0
2059-10-11,33.3,18.6,0.0
2059-10-12,35.2,18.7,0.0
2059-10-13,36.0,19.9,0.0
2059-10-14,36.9,20.7,0.0
2059-10-15,37.2,21.0,0.0
2059-10-16,37.517426677676674,21.7,0.0
2059-10-17,35.4,21.4,0.0
2059-10-18,35.2,21.0,0.0
2059-10-19,35.5,20.7,0.0
2059-10-20,36.16490850376747,21.0,0.0
2059-10-21,35.13442930848891,21.6,0.0
2059-10-22,34.1,20.9,0.0
2059-10-23,33.3,19.8,0.0
2059-10-24,33.6,19.0,0.0
2059-10-25,33.12624824045706,19.8,0.0
2059-10-26,34.0,19.4,0.0
2059-10-27,34.9,18.9,0.0
2059-10-28,35.72907965554358,19.4,0.0
2059-10-29,35.842487033956345,20.4,0.0
2059-10-30,34.0,21.1,0.0
2059-10-31,30.5,20.495756396456063,2.675467775467776
2059-11-01,33.9,20.5,0.0
2059-11-02,35.855901569546205,20.45305692270966,0.0
2059-11-03,36.403538790377105,21.1,0.0
2059-11-04,36.4,21.9,0.0
2059-11-05,37.24316165248209,21.29213844352946,0.0
2059-11-06,36.403538790377105,22.0,0.0
2059-11-07,36.3,21.7,0.0
2059-11-08,37.41809432023707,21.3,0.0
2059-11-09,39.78369140625,21.0,0.0
2059-11-10,40.495849609375,22.479924750942374,0.0
2059-11-11,39.65869140625,21.7,0.0
2059-11-12,32.2,20.656072267102715,0.0
2059-11-13,28.330296425457714,19.7,0.0
2059-11-14,31.752726421169726,19.5,0.0
2059-11-15,32.9,18.343790768892745,0.0
2059-11-16,35.0,19.5,0.0
2059-11-17,34.75472361712114,22.375133838127322,0.0
2059-11-18,34.0,21.1,0.0
2059-11-19,34.7633446282639,20.6,0.0
2059-11-20,34.0,20.5,1.8
2059-11-21,33.00419623336274,20.3,0.7
2059-11-22,33.2,19.9,10.350000000000001
2059-11-23,26.737114877096555,19.3,1.4
2059-11-24,31.0,17.5,0.0
2059-11-25,31.945290924753486,18.1,0.0
2059-11-26,31.7,19.9,10.4
2059-11-27,30.2,19.9,0.0
2059-11-28,31.6,19.1,0.0
2059-11-29,30.2,19.0,1.9
2059-11-30,32.0,19.5,0.8
2059-12-01,30.9,18.7,0.0
2059-12-02,31.5,20.06801960405175,0.0
2059-12-03,32.1,23.960998535156246,0.0
2059-12-04,32.9,21.446977408683633,0.0
2059-12-05,33.7,23.175170898437496,0.0
2059-12-06,32.9,24.952758789062496,0.0
2059-12-07,32.4,24.743835449218746,0.0
2059-12-08,33.1,21.53928602360351,0.0
2059-12-09,32.1,20.3,0.0
2059-12-10,31.0,20.15752881023237,0.0
2059-12-11,31.6,19.0,2.9847872340425554
2059-12-12,27.9,18.3,50.586553191489344
2059-12-13,24.6,19.5,28.3
2059-12-14,26.4,20.003587559740133,0.0
2059-12-15,27.9,20.003127695823554,1.7
2059-12-16,27.0,19.5,3.4
2059-12-17,29.2,19.9,15.34851063829788
2059-12-18,30.1,19.9,35.59212765957447
2059-12-19,25.766469621811,19.5,31.473617021276578
2059-12-20,28.9,19.8,7.5229787234042576
2059-12-21,30.8,19.8,10.465106382978728
2059-12-22,27.9,19.5,0.5
2059-12-23,28.399641191245056,19.5,0.0
2059-12-24,30.5,20.587459140834945,0.0
2059-12-25,32.0,18.4,0.0
2059-12-26,32.18455479210888,19.2,0.0
2059-12-27,31.9,19.2,0.0
2059-12-28,31.6,19.8,1.0
2059-12-29,28.4,19.9,12.6
2059-12-30,25.607016408227388,18.8,4.4
2059-12-31,27.3,19.42464056954673,9.261063829787238
2060-01-01,30.0,18.2,27.8
2060-01-02,29.0,19.2,6.3
2060-01-03,29.8,18.4,0.0
2060-01-04,28.0,19.641639226935467,3.7
2060-01-05,27.2,19.764885813500513,1.2
2060-01-06,29.0,19.2,4.0
2060-01-07,29.3,19.0,8.249999999999996
2060-01-08,30.983353179942586,18.4,0.0
2060-01-09,29.4,19.0,0.8
2060-01-10,29.5,18.9,6.8
2060-01-11,26.6,19.6,3.0
2060-01-12,30.0,19.44760339474597,11.0
2060-01-13,29.2,18.9,25.8
2060-01-14,28.9,19.0,32.3
2060-01-15,30.4,18.6,0.0
2060-01-16,29.4,18.9,0.0
2060-01-17,31.1,18.8,0.0
2060-01-18,31.443345448840002,19.8,0.0
2060-01-19,31.8,19.9,0.0
2060-01-20,29.910726442265727,19.7,15.8
2060-01-21,28.6,19.553119073248237,14.0
2060-01-22,27.7,19.7,32.9
2060-01-23,27.2,19.7,0.0
2060-01-24,28.6,19.3,5.950000000000002
2060-01-25,29.0,19.6,6.1
2060-01-26,27.2,19.454989813982877,3.1
2060-01-27,29.0,19.0,1.2
2060-01-28,27.0,19.0,1.0
2060-01-29,30.2,18.6,12.08
2060-01-30,29.4,17.2,0.0
2060-01-31,29.5,18.5,2.1666666666666665
2060-02-01,29.2,19.0,10.5
2060-02-02,29.1,18.9,0.0
2060-02-03,28.4,17.5,0.0
2060-02-04,29.9,18.0,0.0
2060-02-05,29.1,18.3,27.90242494226328
2060-02-06,26.2,19.1,29.9
2060-02-07,24.0,19.0,1.6
2060-02-08,29.2,18.919540159175664,27.385933235355875
2060-02-09,30.5,18.5,23.471247113163972
2060-02-10,27.9,17.8,24.62032332563511
2060-02-11,29.0,17.7,27.408650010497595
2060-02-12,29.9,19.1,2.4879907621247126
2060-02-13,31.0,19.1,0.0
2060-02-14,28.7,17.7,35.67551963048492
2060-02-15,24.3,19.0,9.182909930715937
2060-02-16,21.501863248279047,16.8,0.0
2060-02-17,27.5,16.1,0.0
2060-02-18,29.2,16.1,0.0
2060-02-19,28.6,18.3,0.0
2060-02-20,28.7,19.239458824085936,0.0
2060-02-21,28.819231436178733,19.369610382730762,0.0
2060-02-22,29.3,18.209114763792257,0.0
2060-02-23,29.9,19.53463999791879,0.0
2060-02-24,30.5,19.0,0.0
2060-02-25,32.7,19.506881999801124,0.0
2060-02-26,32.82089064434835,20.010252631803624,0.0
2060-02-27,30.6,19.1,4.406697459584298
2060-02-28,32.7,18.1,0.6
2060-03-01,33.01460674157303,17.9,5.631944444444443
2060-03-02,31.0,18.5,2.3
2060-03-03,30.0,19.669569200467212,26.319047619047623
2060-03-04,31.6,18.384073421331344,10.9
2060-03-05,29.4,19.3,22.945061728395064
2060-03-06,28.1,19.3,2.176388888888889
2060-03-07,30.3695945945946,19.0,0.0
2060-03-08,30.5,19.0,17.5453125
2060-03-09,31.763758389261742,19.0,19.17361111111111
2060-03-10,28.6,18.8,16.14861111111111
2060-03-11,27.6,19.4,11.386111111111106
2060-03-12,29.2,19.0,0.0
2060-03-13,29.8,20.3,0.0
2060-03-14,30.1,18.5,0.0
2060-03-15,30.7,18.8,0.0
2060-03-16,30.6,19.4,0.0
2060-03-17,28.6,19.0,0.0
2060-03-18,25.9,18.9,4.8180555555555555
2060-03-19,27.504545454545454,19.0,0.0
2060-03-20,27.6,19.3,0.0
2060-03-21,28.4,18.505606749752655,0.0
2060-03-22,29.0,19.0,0.0
2060-03-23,30.4,16.6,0.0
2060-03-24,31.7,17.9,0.0
2060-03-25,32.0,19.3,0.0
2060-03-26,31.831531531531528,19.4,0.0
2060-03-27,31.6,18.5,0.0
2060-03-28,31.6,17.4,0.0
2060-03-29,31.8,19.3,0.0
2060-03-30,31.0,18.8,0.0
2060-03-31,31.6,17.8,0.0
2060-04-01,32.16972972972974,16.6,0.0
2060-04-02,32.7,16.6,0.0
2060-04-03,32.374216867469876,17.319658119658122,0.0
2060-04-04,30.4,19.7,0.0
2060-04-05,27.0,17.6,0.0
2060-04-06,27.2,15.2,0.0
2060-04-07,27.0,14.1,0.0
2060-04-08,27.2,13.8,0.0
2060-04-09,28.2,14.3,0.0
2060-04-10,28.9,14.9,0.0
2060-04-11,29.2,14.9,0.0
2060-04-12,29.5,14.7,0.0
2060-04-13,30.0,14.0,0.0
2060-04-14,29.7,15.9,0.0
2060-04-15,29.0,18.431511839708556,0.0
2060-04-16,28.6,17.513476394849786,0.0
2060-04-17,27.6,15.5,0.0
2060-04-18,28.3,14.5,0.0
2060-04-19,28.99468085106383,14.0,0.0
2060-04-20,29.9,14.9,0.0
2060-04-21,29.9,17.344444444444445,0.0
2060-04-22,30.59245283018868,18.17832167832167,0.0
2060-04-23,31.903136308805784,18.4,0.0
2060-04-24,32.7,19.60247603833867,0.0
2060-04-25,33.18608893956671,19.4,0.0
2060-04-26,33.11083238312429,19.667412140575085,0.0
2060-04-27,32.98390367553865,18.6,0.0
2060-04-28,32.7,18.0,0.0
2060-04-29,30.4,17.0,0.0
2060-04-30,30.0,15.0,0.0
2060-05-01,29.5,12.8,0.0
2060-05-02,29.9,12.78579914683251,0.0
2060-05-03,30.0,14.0,0.0
2060-05-04,30.0,13.4,0.0
2060-05-05,30.5,12.086035551159332,0.0
2060-05-06,29.3660373945057,15.52164183332387,0.0
2060-05-07,28.6,14.222217708904537,0.0
2060-05-08,28.6,14.08646913300472,0.0
2060-05-09,27.9,12.9,0.0
2060-05-10,28.9,12.311250192218965,0.0
2060-05-11,29.5,11.5,0.0
2060-05-12,30.436823250807304,11.9,0.0
2060-05-13,30.7,13.5,0.0
2060-05-14,30.6,15.528072063905705,0.0
2060-05-15,32.08912754831624,15.526464506260252,0.0
2060-05-16,32.693548875194274,17.828444914547948,0.0
2060-05-17,30.984763339393286,17.533327809125733,0.0
2060-05-18,29.1,13.5,0.0
2060-05-19,26.3,13.5,0.0
2060-05-20,25.0,9.6,0.0
2060-05-21,27.0,5.9,0.0
2060-05-22,29.4,7.0,0.0
2060-05-23,26.5,10.4,0.0
2060-05-24,25.0,10.0,0.0
2060-05-25,25.2,8.4,0.0
2060-05-26,25.7,8.4,0.0
2060-05-27,26.7,7.0,0.0
2060-05-28,27.4,6.8,0.0
2060-05-29,27.5,7.9,0.0
2060-05-30,27.8,7.7,0.0
2060-05-31,27.9,7.3,0.0
2060-06-01,27.0,7.0,0.0
2060-06-02,26.6,8.5,0.0
2060-06-03,25.4,9.6,0.0
2060-06-04,25.620778642936607,6.8,0.0
2060-06-05,26.1,7.0,0.0
2060-06-06,23.7,11.0,0.0
2060-06-07,23.0,8.1,0.0
2060-06-08,23.2,5.0,0.0
2060-06-09,24.5,4.9,0.0
2060-06-10,26.3,5.7,0.0
2060-06-11,25.5,3.3,0.0
2060-06-12,21.2,8.4,0.0
2060-06-13,19.6,5.7,0.0
2060-06-14,19.6,5.164694104560623,0.0
2060-06-15,20.313965709025354,4.9,0.0
2060-06-16,21.0,5.6,0.0
2060-06-17,21.8,5.9,0.0
2060-06-18,22.641907675194663,5.5,0.0
2060-06-19,24.6,5.919788427050465,0.0
2060-06-20,26.2,7.0,0.0
2060-06-21,27.7,9.249111358299347,0.0
2060-06-22,28.6,11.5,0.0
2060-06-23,29.2,12.9,0.0
2060-06-24,29.03355353264777,16.697379792651574,0.0
2060-06-25,28.0,15.1,0.0
2060-06-26,27.1,12.662478777589138,0.0
2060-06-27,25.317706651356943,11.3,0.0
2060-06-28,24.7,11.1,0.0
2060-06-29,24.6,10.5,0.0
2060-06-30,24.7,9.5,0.0
2060-07-01,25.0,9.4,0.0
2060-07-02,24.7,10.2,0.0
2060-07-03,19.151447569070687,12.8,0.0
2060-07-04,18.2,11.2,0.0
2060-07-05,22.6,8.3,0.0
2060-07-06,24.9,9.4,0.0
2060-07-07,25.7,10.3,0.0
2060-07-08,25.7,10.4,0.0
2060-07-09,25.7,10.957768209544312,0.0
2060-07-10,25.23183681861612,10.4,0.0
2060-07-11,24.7,9.6,0.0
2060-07-12,25.0,10.2,0.0
2060-07-13,26.7,11.0,0.0
2060-07-14,27.5,11.9,0.0
2060-07-15,26.7,11.2,0.0
2060-07-16,26.2,11.2,0.0
2060-07-17,25.9,11.2,0.0
2060-07-18,26.0,11.5,0.0
2060-07-19,26.5,12.0,0.0
2060-07-20,25.7,12.2,0.0
2060-07-21,25.3,12.0,0.0
2060-07-22,21.7,11.9,0.0
2060-07-23,25.2,10.644096035943274,0.0
2060-07-24,25.7,11.0,0.0
2060-07-25,26.5,11.6,0.0
2060-07-26,26.5,11.0,0.0
2060-07-27,24.0,11.2,0.0
2060-07-28,21.7,9.7,0.0
2060-07-29,21.9,9.1,0.0
2060-07-30,22.7,11.4,0.0
2060-07-31,23.1,10.821667827518521,0.0
2060-08-01,25.2,13.0,0.0
2060-08-02,26.7,12.4,0.0
2060-08-03,28.0,12.1,0.0
2060-08-04,30.2,11.9,0.0
2060-08-05,31.2,12.0,0.0
2060-08-06,28.1,15.3,0.0
2060-08-07,27.4,13.0,0.0
2060-08-08,28.3,12.2,0.0
2060-08-09,28.4,11.9,0.0
2060-08-10,26.45911008106149,11.4,0.0
2060-08-11,26.3,11.5,0.0
2060-08-12,28.1,12.4,0.0
2060-08-13,29.5,13.56368599108104,0.0
2060-08-14,28.0,14.5,0.0
2060-08-15,27.6,13.8,0.0
2060-08-16,28.2,13.0,0.0
2060-08-17,27.6,12.9,0.0
2060-08-18,26.9,13.0,0.0
2060-08-19,25.1,12.9,0.0
2060-08-20,25.7,11.4,0.0
2060-08-21,26.7,10.9,0.0
2060-08-22,28.3,11.4,0.0
2060-08-23,30.0,12.6,0.0
2060-08-24,31.0,14.4,0.0
2060-08-25,30.8,15.0,0.0
2060-08-26,28.1,15.8,0.0
2060-08-27,26.7,14.6,0.0
2060-08-28,27.6,13.7,0.0
2060-08-29,28.2,15.1,0.0
2060-08-30,29.5,16.0,0.0
2060-08-31,30.5,15.6,0.0
2060-09-01,31.9,16.2,0.0
2060-09-02,32.6,16.4,0.0
2060-09-03,33.95391705069125,17.0,0.0
2060-09-04,36.04386477637627,19.5,0.0
2060-09-05,37.95843667174764,21.454588849766242,0.0
2060-09-06,32.9,20.1,0.0
2060-09-07,26.2,17.1,0.0
2060-09-08,28.6,15.6,0.0
2060-09-09,30.6,14.8,0.0
2060-09-10,32.0,16.7,0.0
2060-09-11,32.33486827068128,18.5,0.0
2060-09-12,31.694865970013627,18.4,0.0
2060-09-13,31.8,18.2,0.0
2060-09-14,33.0,19.5,0.0
2060-09-15,34.4,19.6,0.0
2060-09-16,36.09379791562353,22.908933368961563,0.0
2060-09-17,31.3,19.2,0.0
2060-09-18,28.1,17.2,0.0
2060-09-19,30.0,14.9,0.0
2060-09-20,30.0,16.6,0.0
2060-09-21,32.4,18.0,0.0
2060-09-22,30.3,18.9,0.0
2060-09-23,28.9,16.7,0.0
2060-09-24,30.2,14.9,0.0
2060-09-25,33.0,15.5,0.0
2060-09-26,35.3,18.0,0.0
2060-09-27,34.9,20.267228292874446,0.0
2060-09-28,34.9,20.0,0.0
2060-09-29,35.44242105824841,20.17063977156749,0.0
2060-09-30,36.10046405260112,20.5,0.0
2060-10-01,35.753129088349745,20.7,0.0
2060-10-02,35.2,20.7,0.0
2060-10-03,35.3,20.0,0.0
2060-10-04,36.0,20.5,0.0
2060-10-05,36.9,22.0,0.0
2060-10-06,37.2,20.2,0.0
2060-10-07,36.0,21.044099838536056,0.0
2060-10-08,33.3,21.1,0.0
2060-10-09,27.952869851403683,18.6,0.0
2060-10-10,28.8,16.9,0.0
2060-10-11,30.708367797858468,18.2,0.0
2060-10-12,30.2,18.4,0.0
2060-10-13,33.57362975330067,17.9,0.0
2060-10-14,35.3,20.0,0.0
2060-10-15,36.4,20.3,0.0
2060-10-16,37.04517163953174,21.0,0.0
2060-10-17,37.04699441603873,21.4,0.0
2060-10-18,36.9,21.4,0.0
2060-10-19,34.7,21.4,0.0
2060-10-20,33.0,20.4,0.0
2060-10-21,33.2,18.9,0.0
2060-10-22,33.35220667384283,19.0,0.0
2060-10-23,33.9,20.0,0.0
2060-10-24,34.6,21.4,0.0
2060-10-25,36.0,23.236148156853726,0.0
2060-10-26,35.95034983853605,22.0,0.0
2060-10-27,35.8,21.0,0.0
2060-10-28,36.26638455328308,20.6,0.0
2060-10-29,37.816073299774686,20.3,0.0
2060-10-30,36.6,21.0,0.0
2060-10-31,35.1,21.0,0.0
2060-11-01,35.0,21.1,0.0
2060-11-02,33.7,20.3,0.0
2060-11-03,31.0,19.9,3.6
2060-11-04,32.5,19.6,0.0
2060-11-05,32.5,18.8,0.0
2060-11-06,33.10614066134088,19.2,0.0
2060-11-07,32.8,18.9,5.3
2060-11-08,31.0,19.8,1.0
2060-11-09,31.933376266026578,19.6,11.95
2060-11-10,32.7,19.7,0.0
2060-11-11,32.6,20.3,0.0
2060-11-12,32.3,18.7,0.0
2060-11-13,32.4,17.982722778395743,0.0
2060-11-14,31.6,20.0,0.0
2060-11-15,32.5,20.3,0.0
2060-11-16,32.6,20.3,0.0
2060-11-17,33.0,20.4,0.0
2060-11-18,32.5,20.4,0.0
2060-11-19,32.1,19.8,0.2
2060-11-20,29.6,19.5,1.2
2060-11-21,27.0,19.2,5.3
2060-11-22,27.6,18.0,0.0
2060-11-23,31.1,18.7,1.8
2060-11-24,29.5,19.9,0.0
2060-11-25,28.4,18.4,21.67999999999999
2060-11-26,23.5,17.0,0.0
2060-11-27,27.852326516642425,17.5,0.0
2060-11-28,30.4,19.8,0.0
2060-11-29,27.1,19.4,0.0
2060-11-30,30.5,17.5,0.0
2060-12-01,31.0,18.4,0.0
2060-12-02,31.4,20.5,0.0
2060-12-03,31.2,21.0,0.0
2060-12-04,31.6,18.8,0.0
2060-12-05,31.8,17.6,0.0
2060-12-06,32.03401142607274,20.0,0.0
2060-12-07,31.6,17.9,0.0
2060-12-08,32.4,17.0,0.0
2060-12-09,32.172796598248354,17.6,0.0
2060-12-10,32.36892650442303,18.3,0.0
2060-12-11,33.1,17.2,0.0
2060-12-12,33.7,17.5,0.0
2060-12-13,32.8968787462215,23.702911376953125,0.0
2060-12-14,32.4,20.91401796289423,0.8
2060-12-15,30.0,19.9,25.60148936170213
2060-12-16,28.5,19.9,7.857446808510642
2060-12-17,30.0,19.8,26.913191489361697
2060-12-18,29.5,19.6,8.892978723404259
2060-12-19,29.7,20.2,26.0
2060-12-20,30.0,20.46870652986842,0.0
2060-12-21,28.2,20.0,15.808510638297875
2060-12-22,29.9,20.2,18.8
2060-12-23,25.792832678623853,18.9,0.0
2060-12-24,29.2,18.6,5.8
2060-12-25,27.6,19.0,35.56707446808511
2060-12-26,25.8,17.5,0.8102127659574471
2060-12-27,25.5,17.5,0.0
2060-12-28,28.3,19.9,0.0
2060-12-29,30.5,17.9,0.0
2060-12-30,30.8,20.544071853436765,0.9
2060-12-31,30.9,19.9,7.0
2061-01-01,27.2,18.9,21.4
2061-01-02,27.6,19.6,43.68333333333334
2061-01-03,28.0,18.9,0.3
2061-01-04,28.0,19.4,16.650000000000002
2061-01-05,30.13096818562373,19.794343067704627,33.649999999999984
2061-01-06,30.17795718215524,19.772910245153323,3.7
2061-01-07,29.8,19.7,3.7
2061-01-08,28.0,19.2,7.2
2061-01-09,29.46222638072368,18.3,0.0
2061-01-10,29.678298012382328,18.4,0.0
2061-01-11,30.1,18.0,0.0
2061-01-12,31.1,18.4,21.6
2061-01-13,28.6,19.0,5.8
2061-01-14,26.0,18.9,17.35
2061-01-15,28.7,19.4,27.9
2061-01-16,29.0,19.4,3.3
2061-01-17,25.5,19.6,5.425
2061-01-18,28.79474345174022,19.4,3.8200000000000016
2061-01-19,30.9,18.9,11.2
2061-01-20,29.2,19.2,1.2
2061-01-21,30.4,18.1,12.1
2061-01-22,28.3,18.1,39.575
2061-01-23,30.5,18.0,0.9
2061-01-24,30.71261437029064,18.4,0.0
2061-01-25,29.4,19.6,12.08
2061-01-26,28.4,19.6,1.0
2061-01-27,29.4,19.2,1.9
2061-01-28,28.9,19.4,0.4
2061-01-29,30.7,18.5,1.0
2061-01-30,28.5,19.3,6.05
2061-01-31,29.2,19.3,0.5
2061-02-01,29.6,18.967502403014333,1.6
2061-02-02,29.5,18.8,1.6
2061-02-03,31.4,17.9,0.0
2061-02-04,32.0,18.4,0.0
2061-02-05,27.2,18.9,11.842032332563512
2061-02-06,26.2,18.9,0.0
2061-02-07,25.1,18.4,0.0
2061-02-08,26.866589449805836,18.6,0.0
2061-02-09,27.0,18.7,0.0
2061-02-10,24.0,18.7,0.0
2061-02-11,28.5,18.9,0.0
2061-02-12,30.6,18.3,36.57467282525018
2061-02-13,27.7,19.0,5.325173210161664
2061-02-14,27.7,18.9,0.0
2061-02-15,26.5,19.2,0.0
2061-02-16,27.9,19.2,0.0
2061-02-17,28.1,18.6,0.0
2061-02-18,28.6,17.6,0.0
2061-02-19,28.3,19.208838534719728,0.0
2061-02-20,30.5,20.082826178815697,0.0
2061-02-21,30.8,20.173947151439997,0.0
2061-02-22,30.9,18.7,0.0
2061-02-23,29.2,18.9,0.0
2061-02-24,29.2,18.2,3.26743648960739
2061-02-25,30.6,17.9,0.0
2061-02-26,31.42787390571698,20.027021773928823,0.0
2061-02-27,31.0,20.04495170907298,2.9558891454965366
2061-02-28,27.622298057420075,19.1,0.0
2061-03-01,29.0,19.6,0.6
2061-03-02,30.067857142857143,19.0,0.0
2061-03-03,27.8,18.76039943236205,22.50238095238095
2061-03-04,24.536206896551725,18.5,23.768055555555566
2061-03-05,30.7,17.4,0.0
2061-03-06,30.1,18.9,15.9
2061-03-07,30.1,19.2,0.8
2061-03-08,31.3,19.3,3.4
2061-03-09,24.829473684210527,18.5,0.0
2061-03-10,26.3,17.9,0.0
2061-03-11,22.781668946648427,17.8,5.4
2061-03-12,24.0,18.4,0.0
2061-03-13,26.5,16.2,0.0
2061-03-14,29.7,14.9,0.0
2061-03-15,28.1,19.3,0.0
2061-03-16,28.0,19.2,1.877083333333333
2061-03-17,26.25277777777778,18.8,7.207638888888888
2061-03-18,27.6,17.8,0.0
2061-03-19,29.9,16.6,0.0
2061-03-20,31.4,15.864827686905988,0.0
2061-03-21,30.6,16.4,0.0
2061-03-22,29.9,17.0,0.0
2061-03-23,28.9,17.9,0.0
2061-03-24,28.8,18.2,0.0
2061-03-25,26.9,18.6,0.0
2061-03-26,29.8,18.3,0.0
2061-03-27,30.3,18.808934337998018,0.0
2061-03-28,27.6,17.9,0.9
2061-03-29,29.5,17.9,2.0
2061-03-30,29.0,18.8,18.12222222222222
2061-03-31,26.272222222222222,18.6,0.0
2061-04-01,25.7,17.9,0.0
2061-04-02,28.6,17.3,0.0
2061-04-03,29.9,16.7,0.0
2061-04-04,30.3,16.0,0.0
2061-04-05,30.0,18.4,0.0
2061-04-06,30.7,18.1,1.0
2061-04-07,30.6,18.190442890442878,0.6
2061-04-08,30.458139534883724,17.7,1.0
2061-04-09,29.174626865671637,17.277570093457943,0.0
2061-04-10,28.0,16.9,0.0
2061-04-11,25.7,18.1,0.0
2061-04-12,26.8,16.6,0.0
2061-04-13,28.4,16.5,0.0
2061-04-14,28.6,17.6,0.0
2061-04-15,27.6,18.0,0.0
2061-04-16,31.1,18.4,0.0
2061-04-17,29.4,18.8,0.0
2061-04-18,27.2,18.3,0.0
2061-04-19,25.4,18.1,0.0
2061-04-20,25.7,17.8,0.0
2061-04-21,27.2,15.7,0.0
2061-04-22,27.6,18.0,0.0
2061-04-23,27.5,16.4,0.0
2061-04-24,28.9,15.3,0.0
2061-04-25,29.5,14.9,0.0
2061-04-26,29.2,15.2,0.0
2061-04-27,28.7,15.0,0.0
2061-04-28,28.6,14.1,0.0
2061-04-29,28.5,15.5,0.0
2061-04-30,28.2,16.0,0.0
2061-05-01,26.5,12.3,0.0
2061-05-02,24.0,12.2,0.0
2061-05-03,27.688228775048113,17.0,0.0
2061-05-04,28.3,17.0,0.0
2061-05-05,28.3,15.103550369768946,0.0
2061-05-06,26.7,14.9,0.0
2061-05-07,25.3,13.5,0.0
2061-05-08,27.9,13.026096609257253,0.0
2061-05-09,29.5,12.2,0.0
2061-05-10,29.4,13.2,0.0
2061-05-11,26.4,14.0,0.0
2061-05-12,24.9,13.2,0.0
2061-05-13,25.7,10.6,0.0
2061-05-14,26.0,9.328457086828172,0.0
2061-05-15,24.8,10.0,0.0
2061-05-16,25.0,9.2,0.0
2061-05-17,25.6,9.3,0.0
2061-05-18,26.8,8.193525194467574,0.0
2061-05-19,26.9,8.5,0.0
2061-05-20,25.7,10.2,0.0
2061-05-21,24.62232958670238,8.9,0.0
2061-05-22,26.2,6.9,0.0
2061-05-23,26.3,11.5,0.0
2061-05-24,26.5,13.5,0.0
2061-05-25,24.7,14.5,0.0
2061-05-26,25.7,11.8,0.0
2061-05-27,25.8,10.438213132400422,0.0
2061-05-28,25.1,10.6,0.0
2061-05-29,25.0,11.2,0.0
2061-05-30,24.9,11.9,0.0
2061-05-31,25.0,11.5,0.0
2061-06-01,23.7,12.082526616875892,0.0
2061-06-02,22.5398422489635,12.3,0.0
2061-06-03,23.9,10.2,0.0
2061-06-04,24.4,7.7,0.0
2061-06-05,24.4,6.1,0.0
2061-06-06,22.9,9.6,0.0
2061-06-07,23.6,9.108316933344746,0.0
2061-06-08,24.2,8.634694104560625,0.0
2061-06-09,25.9,9.0,0.0
2061-06-10,28.2,10.7,0.0
2061-06-11,29.325088914583464,12.2,0.0
2061-06-12,28.9,12.4,0.0
2061-06-13,25.5,12.9,0.0
2061-06-14,23.9,12.1,0.0
2061-06-15,24.8,11.839098425512883,0.0
2061-06-16,25.6,11.0,0.0
2061-06-17,27.0,11.2,0.0
2061-06-18,27.7,12.0,0.0
2061-06-19,28.6,12.5,0.0
2061-06-20,29.9,12.9,0.0
2061-06-21,30.0,14.0,0.0
2061-06-22,28.0,13.7,0.0
2061-06-23,26.7,12.3,0.0
2061-06-24,25.5,12.0,0.0
2061-06-25,25.0,10.2,0.0
2061-06-26,25.5,9.2,0.0
2061-06-27,26.0,9.2,0.0
2061-06-28,26.3,10.3,0.0
2061-06-29,26.0,10.341941400610612,0.0
2061-06-30,26.2,10.7,0.0
2061-07-01,24.8,12.2,0.0
2061-07-02,24.4,12.215639306418348,0.0
2061-07-03,25.1,10.0,0.0
2061-07-04,26.2,10.4,0.0
2061-07-05,27.3,11.5,0.0
2061-07-06,26.6,11.7,0.0
2061-07-07,26.2,11.2,0.0
2061-07-08,26.7,11.2,0.0
2061-07-09,26.8,12.2,0.0
2061-07-10,25.7,12.5,0.0
2061-07-11,26.0,12.2,0.0
2061-07-12,27.1,11.9,0.0
2061-07-13,27.6,11.9,0.0
2061-07-14,25.4,13.6,0.0
2061-07-15,18.55640375364578,12.9,0.0
2061-07-16,20.9,11.8,0.0
2061-07-17,23.9,11.5,0.0
2061-07-18,24.0,11.1,0.0
2061-07-19,25.0,11.2,0.0
2061-07-20,26.6,11.7,0.0
2061-07-21,27.6,12.6,0.0
2061-07-22,27.0,12.5,0.0
2061-07-23,25.7,11.9,0.0
2061-07-24,23.1,10.4,0.0
2061-07-25,24.7,9.0,0.0
2061-07-26,26.7,10.0,0.0
2061-07-27,28.2,11.7,0.0
2061-07-28,29.2,13.4,0.0
2061-07-29,30.7,14.2,0.0
2061-07-30,30.7,13.6,0.0
2061-07-31,29.680320452884732,14.4,0.0
2061-08-01,29.8,15.6,0.0
2061-08-02,27.3,14.4,0.0
2061-08-03,28.0,12.0,0.0
2061-08-04,29.8,9.466459449302869,0.0
2061-08-05,29.5,12.6,0.0
2061-08-06,29.09543846895838,11.0,0.0
2061-08-07,30.0,10.9,0.0
2061-08-08,31.1,12.6,0.0
2061-08-09,32.9,14.4,0.0
2061-08-10,33.715477846157384,15.2,0.0
2061-08-11,31.9,14.7,0.0
2061-08-12,28.3,16.7,0.0
2061-08-13,27.0,13.5,0.0
2061-08-14,27.6,12.4,0.0
2061-08-15,28.2,11.819272710254129,0.0
2061-08-16,28.7,10.7,0.0
2061-08-17,30.0,12.5,0.0
2061-08-18,30.5,13.7,0.0
2061-08-19,27.6,16.0,0.0
2061-08-20,28.2,14.6,0.0
2061-08-21,28.9,13.9,0.0
2061-08-22,28.9,14.641356031309378,0.0
2061-08-23,28.2,14.6,0.0
2061-08-24,28.4,13.52571121021067,0.0
2061-08-25,30.0,13.4,0.0
2061-08-26,31.0,15.0,0.0
2061-08-27,31.5,16.0,0.0
2061-08-28,31.6,16.0,0.0
2061-08-29,31.6,15.908728022963755,0.0
2061-08-30,31.1,16.9,0.0
2061-08-31,31.4,17.0,0.0
2061-09-01,32.8,17.7,0.0
2061-09-02,31.8,18.0,0.0
2061-09-03,28.0,16.8,0.0
2061-09-04,27.2,14.861523139405545,0.0
2061-09-05,28.2,14.0,0.0
2061-09-06,29.6,14.363321930027077,0.0
2061-09-07,32.7,15.87307296172703,0.0
2061-09-08,33.8,17.5,0.0
2061-09-09,34.2,18.0,0.0
2061-09-10,32.4,19.2,0.0
2061-09-11,32.9,16.82100111234706,0.0
2061-09-12,33.2,15.6,0.0
2061-09-13,34.15066323692993,17.2,0.0
2061-09-14,35.2,18.9,0.0
2061-09-15,32.9,20.39105012388415,0.0
2061-09-16,31.1,18.2,0.0
2061-09-17,32.6,17.435023041474654,0.0
2061-09-18,34.0,16.7,0.0
2061-09-19,35.1,17.45724349806663,0.0
2061-09-20,34.5,19.3,0.0
2061-09-21,33.7,18.84636801833687,0.0
2061-09-22,33.1,19.5,0.0
2061-09-23,33.2,18.2,0.0
2061-09-24,33.5,17.4,0.0
2061-09-25,33.7,18.0,0.0
2061-09-26,33.2,18.6,0.0
2061-09-27,33.5,18.2,0.0
2061-09-28,34.6,18.0,0.0
2061-09-29,34.5,19.0305617352614,0.0
2061-09-30,33.4,19.6,0.0
2061-10-01,32.1,19.1,0.0
2061-10-02,32.2,18.6,0.0
2061-10-03,32.43363368100664,18.903710933936615,0.0
2061-10-04,33.1,19.4,0.0
2061-10-05,35.0,21.6,0.0
2061-10-06,36.0,21.2,0.0
2061-10-07,37.77976604146377,22.0,0.0
2061-10-08,37.0,21.9,0.0
2061-10-09,37.15481831090011,21.0,0.0
2061-10-10,36.0,21.4,0.0
2061-10-11,35.6,20.7,0.0
2061-10-12,36.9,20.3,0.0
2061-10-13,38.146725473198835,20.2,0.0
2061-10-14,38.72861328125,20.9,0.0
2061-10-15,39.62900390625,21.6,0.0
2061-10-16,38.0,23.58258561237706,0.0
2061-10-17,35.0,22.069919084760883,0.0
2061-10-18,34.4,21.2,0.0
2061-10-19,34.710854839980044,21.0,0.0
2061-10-20,33.86434158593468,19.7,2.3270270270270275
2061-10-21,33.9,18.9,2.510810810810811
2061-10-22,34.6,18.6,0.0
2061-10-23,36.0,19.9,0.0
2061-10-24,35.5,19.1,1.0
2061-10-25,32.8,17.9,0.0
2061-10-26,27.4,18.2,2.510810810810811
2061-10-27,31.62197447332,18.0,0.0
2061-10-28,34.6,18.7,0.0
2061-10-29,35.4,21.2,0.0
2061-10-30,33.1,20.7,0.0
2061-10-31,32.2,19.4,0.0
2061-11-01,33.9,20.5,0.0
2061-11-02,35.2,21.0,0.0
2061-11-03,35.4,21.9,0.0
2061-11-04,36.01219132369298,22.53056495521341,0.0
2061-11-05,36.2,20.91984534540293,0.0
2061-11-06,34.825937910809984,20.45540072429539,0.0
2061-11-07,34.317098530531,20.4,0.0
2061-11-08,35.2,20.0,0.0
2061-11-09,36.4,20.40021485059503,0.0
2061-11-10,37.65838216088175,21.307798564061088,0.0
2061-11-11,37.37433322860854,23.3,0.0
2061-11-12,36.31052943845039,23.176729304689474,0.0
2061-11-13,33.2,19.8,0.0
2061-11-14,29.2,19.0,0.0
2061-11-15,30.8,19.9,0.0
2061-11-16,31.0,19.6,0.0
2061-11-17,32.0,19.5,0.7
2061-11-18,32.6,20.0,0.0
2061-11-19,32.9,20.0,0.0
2061-11-20,32.90526510938078,19.2,0.0
2061-11-21,33.7,20.3,0.0
2061-11-22,33.7,21.2,0.0
2061-11-23,32.80329484868243,20.5,0.0
2061-11-24,32.6,20.5,0.0
2061-11-25,31.8,20.3,4.5
2061-11-26,32.1,20.0,2.0
2061-11-27,32.6,20.0,1.7
2061-11-28,32.8,19.9,0.0
2061-11-29,30.7,19.9,0.0
2061-11-30,27.1,18.6,0.0
2061-12-01,26.768474538378733,17.9,0.0
2061-12-02,29.4,16.9,0.0
2061-12-03,30.5,18.1,0.0
2061-12-04,31.8,16.7,0.0
2061-12-05,33.202961137632926,17.0,0.0
2061-12-06,32.1,23.319213867187496,0.0
2061-12-07,29.810498744169358,21.09453753907023,0.0
2061-12-08,32.0,18.7,0.0
2061-12-09,33.135107555512455,17.8,0.0
2061-12-10,33.95635467447948,19.0,0.0
2061-12-11,33.1,20.45360431630644,0.0
2061-12-12,31.6,19.8,0.0
2061-12-13,32.1,19.2,0.0
2061-12-14,33.1,17.6,0.0
2061-12-15,33.69781639243425,19.8,0.0
2061-12-16,33.76366311080352,20.55593595748601,0.0
2061-12-17,31.0,18.6,1.1151063829787236
2061-12-18,24.0,18.6,0.8102127659574471
2061-12-19,29.9,19.4,0.0
2061-12-20,31.332999287436127,17.9,0.0
2061-12-21,33.7,17.6,0.0
2061-12-22,33.52014454866982,19.96143522785072,0.0
2061-12-23,32.1,20.2,0.0
2061-12-24,33.122760393270546,20.2,0.0
2061-12-25,32.9,20.510180753216282,3.2
2061-12-26,33.1,20.401534107583547,0.0
2061-12-27,31.2,20.0,6.098723404255319
2061-12-28,28.5,19.9,0.1
2061-12-29,29.9,19.5,0.0
2061-12-30,30.9,18.6,0.0
2061-12-31,31.4,20.3,0.0
2062-01-01,30.7,19.8,0.8
2062-01-02,29.4,19.6,0.0
2062-01-03,29.4,19.7,40.857142857142854
2062-01-04,30.257310360517895,19.6,42.0
2062-01-05,28.964823970857424,19.730379363111425,44.80000000000004
2062-01-06,31.007009072735663,19.4,49.2155172413793
2062-01-07,24.9,18.4,29.849999999999987
2062-01-08,26.4,18.4,0.0
2062-01-09,28.5,19.743071390840743,3.7500000000000013
2062-01-10,29.5,19.3,4.5
2062-01-11,30.1,19.6,18.4
2062-01-12,28.8,19.546651728506244,12.2
2062-01-13,27.5,19.6,16.0
2062-01-14,27.3,19.6,0.0
2062-01-15,27.5,19.40892188347908,0.8
2062-01-16,24.8,19.4,20.9
2062-01-17,26.1,19.1,59.4170731707317
2062-01-18,24.8,17.6,28.166666666666668
2062-01-19,20.30795774819359,17.1,33.4
2062-01-20,27.5,16.5,0.0
2062-01-21,30.0,15.6,0.0
2062-01-22,28.2,17.0,0.0
2062-01-23,27.0,16.4,0.0
2062-01-24,25.86937641004468,17.9,0.0
2062-01-25,27.0,17.4,4.5
2062-01-26,29.412853854434037,16.9,0.0
2062-01-27,31.1,17.0,0.0
2062-01-28,31.9,17.0,0.0
2062-01-29,32.0,17.3,0.0
2062-01-30,31.0,19.28925702930007,0.6
2062-01-31,29.0,19.595965232163895,12.2
2062-02-01,29.3,19.533317724280987,1.2
2062-02-02,28.5,19.0,10.4
2062-02-03,27.2,19.0,0.0
2062-02-04,28.0,19.5,0.0
2062-02-05,26.9,19.0,0.0
2062-02-06,27.7,19.0,0.2
2062-02-07,28.0,18.7,27.0
2062-02-08,26.5,19.1,34.956197074672744
2062-02-09,26.2,19.2,45.31607745603135
2062-02-10,26.9,19.0,26.0
2062-02-11,29.8,18.9,0.0
2062-02-12,28.1,18.1,0.0
2062-02-13,28.1,18.0,0.0
2062-02-14,29.2,16.8,0.0
2062-02-15,29.7,16.0,0.0
2062-02-16,31.9,15.587067415260437,0.0
2062-02-17,32.7,19.0,0.0
2062-02-18,30.995414134703676,19.7,0.0
2062-02-19,27.2,19.69525019463025,52.915658198614324
2062-02-20,28.9,19.5,0.0
2062-02-21,28.7,19.302141635094195,42.146882217090074
2062-02-22,30.5,19.2,40.26974595842956
2062-02-23,29.2,19.0,1.6
2062-02-24,29.2,17.2,0.0
2062-02-25,29.3,16.3,0.0
2062-02-26,31.0,15.18388805922101,0.0
2062-02-27,32.720346692911754,15.6,0.0
2062-02-28,32.9,17.3,0.0
2062-03-01,32.6,18.6,0.0
2062-03-02,31.788590604026844,19.2,16.61874999999999
2062-03-03,26.0,19.0,10.9
2062-03-04,25.5,19.018267300947947,1.7
2062-03-05,26.4,18.9,24.94519230769231
2062-03-06,30.0,18.987423522542684,10.9
2062-03-07,27.8,19.4,24.94519230769231
2062-03-08,27.6,19.3,28.0
2062-03-09,25.7,19.3,0.8
2062-03-10,26.2,19.9,0.0
2062-03-11,28.6,19.2,1.2
2062-03-12,28.7,19.3,24.490789473684202
2062-03-13,29.6,19.879711927828172,0.0
2062-03-14,29.2,20.3,0.7
2062-03-15,30.0,19.852211799682195,1.7
2062-03-16,27.5,19.0,52.28268518518525
2062-03-17,27.5,18.7,61.4338202744577
2062-03-18,27.5,19.0,10.517129629629629
2062-03-19,27.1,19.0,5.692777777777776
2062-03-20,29.5,18.9,4.378819444444444
2062-03-21,28.1,19.0,24.323026315789498
2062-03-22,29.7,19.0,1.4
2062-03-23,30.1,18.7,12.394444444444447
2062-03-24,27.8,19.8,6.7
2062-03-25,28.0,19.3997379381083,24.04554093567253
2062-03-26,29.0,19.3,0.0
2062-03-27,30.0,16.9,0.0
2062-03-28,31.8,15.3,0.0
2062-03-29,32.68020833333333,17.9,0.0
2062-03-30,33.45723350253807,19.8,0.0
2062-03-31,33.2,18.6,0.0
2062-04-01,31.91133896260555,18.8,26.796703296703296
2062-04-02,31.2,18.1,0.0
2062-04-03,31.260629921259845,18.2,0.0
2062-04-04,28.1,18.6,39.05806451612905
2062-04-05,28.9,19.0,17.099999999999998
2062-04-06,29.3,18.5,0.0
2062-04-07,28.98085106382979,18.7,0.0
2062-04-08,30.1,18.7,0.0
2062-04-09,28.9,18.8,0.0
2062-04-10,30.0,19.257041314971122,0.0
2062-04-11,30.614285714285714,19.7,0.0
2062-04-12,30.6,19.298267436694804,0.0
2062-04-13,28.5,19.002083333333335,1.0
2062-04-14,28.2,18.8,0.0
2062-04-15,23.2,18.3,0.0
2062-04-16,25.6,17.32136752136752,0.0
2062-04-17,28.2,14.9,0.0
2062-04-18,28.4,14.1,0.0
2062-04-19,26.962500000000002,13.0,0.0
2062-04-20,26.9,12.0,0.0
2062-04-21,27.2,11.6,0.0
2062-04-22,26.6,12.8,0.0
2062-04-23,26.8,12.0,0.0
2062-04-24,26.4,10.871767241379297,0.0
2062-04-25,27.2,10.2,0.0
2062-04-26,28.2,10.2,0.0
2062-04-27,28.227941176470587,9.51742160278744,0.0
2062-04-28,28.2,10.4,0.0
2062-04-29,27.695454545454545,15.4,0.0
2062-04-30,27.0,19.20781874722346,0.0
2062-05-01,26.52346812356561,14.5,0.0
2062-05-02,26.0,12.5,0.0
2062-05-03,26.8,10.6,0.0
2062-05-04,27.5,10.2,0.0
2062-05-05,27.0,11.2,0.0
2062-05-06,26.9,10.0,0.0
2062-05-07,27.5,9.9,0.0
2062-05-08,27.6,10.135038241459403,0.0
2062-05-09,28.7,9.9,0.0
2062-05-10,29.0,10.7,0.0
2062-05-11,27.179051088846563,11.9,0.0
2062-05-12,26.3,11.6,0.0
2062-05-13,26.5,12.099243592354453,0.0
2062-05-14,26.9,11.5,0.0
2062-05-15,28.0,10.2,0.0
2062-05-16,28.9,10.3,0.0
2062-05-17,29.2,11.5,0.0
2062-05-18,27.5,12.9,0.0
2062-05-19,25.9,12.5,0.0
2062-05-20,25.3,14.1,0.0
2062-05-21,25.5,17.38229086200239,0.0
2062-05-22,27.103515088526777,13.6,0.0
2062-05-23,27.9,11.5,0.0
2062-05-24,26.0,13.6,0.0
2062-05-25,24.222927879440256,11.6,0.0
2062-05-26,24.88082884822389,10.9,0.0
2062-05-27,26.40172228202368,10.241801219949764,0.0
2062-05-28,29.2,11.7,0.0
2062-05-29,27.7,12.0,0.0
2062-05-30,27.3,10.5,0.0
2062-05-31,29.1,9.9,0.0
2062-06-01,29.2,10.3,0.0
2062-06-02,29.0,10.9,0.0
2062-06-03,27.791547798207155,11.7,0.0
2062-06-04,27.7,10.5,0.0
2062-06-05,28.0,9.0,0.0
2062-06-06,27.2,11.2,0.0
2062-06-07,27.0,10.0,0.0
2062-06-08,27.6,9.946931776047466,0.0
2062-06-09,28.0,8.4,0.0
2062-06-10,26.6,11.7,0.0
2062-06-11,26.3,10.9,0.0
2062-06-12,24.9,11.6,0.0
2062-06-13,25.3,11.0,0.0
2062-06-14,24.9,10.0,0.0
2062-06-15,25.0,8.4,0.0
2062-06-16,25.4,7.7,0.0
2062-06-17,25.0,10.5,0.0
2062-06-18,22.9,10.815289715845898,0.0
2062-06-19,24.5,8.5,0.0
2062-06-20,24.7,7.6,0.0
2062-06-21,23.9,10.384161540033144,0.0
2062-06-22,23.0,8.4,0.0
2062-06-23,25.5,8.586978023629857,0.0
2062-06-24,27.9,10.3,0.0
2062-06-25,29.972588634822834,12.2,0.0
2062-06-26,30.4,13.4,0.0
2062-06-27,29.98026817337721,14.2,0.0
2062-06-28,27.9,14.2,0.0
2062-06-29,25.6,13.232095697728665,0.0
2062-06-30,20.1,14.088267345661855,0.0
2062-07-01,25.3,12.4,0.0
2062-07-02,26.35983584499461,11.7,0.0
2062-07-03,26.9,11.5,0.0
2062-07-04,29.2,11.5,0.0
2062-07-05,26.6,13.0,0.0
2062-07-06,26.0,11.1,0.0
2062-07-07,26.2,12.5,0.0
2062-07-08,26.0,13.2,0.0
2062-07-09,26.0,13.307728740581267,0.0
2062-07-10,27.4,12.8,0.0
2062-07-11,29.2,13.3,0.0
2062-07-12,28.0,11.2,0.0
2062-07-13,27.6,11.478441573974395,0.0
2062-07-14,26.2,12.1,0.0
2062-07-15,25.146724173042795,11.2,0.0
2062-07-16,25.155552323044247,8.5,0.0
2062-07-17,26.2,7.7,0.0
2062-07-18,26.2,10.0,0.0
2062-07-19,24.1,11.4,0.0
2062-07-20,25.1,9.9,0.0
2062-07-21,26.7,9.4,0.0
2062-07-22,27.6,9.9,0.0
2062-07-23,27.2,11.5,0.0
2062-07-24,26.2,11.7,0.0
2062-07-25,26.0,10.4,0.0
2062-07-26,24.9,11.1,0.0
2062-07-27,24.0,8.8,0.0
2062-07-28,24.6,7.9,0.0
2062-07-29,26.1,6.9,0.0
2062-07-30,25.260149248315813,11.0,0.0
2062-07-31,24.0,10.5,0.0
2062-08-01,23.6,10.2,0.0
2062-08-02,23.0,9.3,0.0
2062-08-03,24.3,7.229891358627501,0.0
2062-08-04,27.044300149310732,7.9,0.0
2062-08-05,28.3,9.5,0.0
2062-08-06,27.0,11.9,0.0
2062-08-07,29.7,11.8,0.0
2062-08-08,28.9,9.2,0.0
2062-08-09,27.8,10.2,0.0
2062-08-10,27.8,9.4,0.0
2062-08-11,29.01023143164693,12.0,0.0
2062-08-12,29.2,13.392589219176948,0.0
2062-08-13,26.5,13.5,0.0
2062-08-14,25.1,10.7,0.0
2062-08-15,26.0,10.2,0.0
2062-08-16,27.2,9.5,0.0
2062-08-17,28.4,11.0,0.0
2062-08-18,29.6,12.9,0.0
2062-08-19,30.7,14.5,0.0
2062-08-20,31.2,15.0,0.0
2062-08-21,31.5,15.6,0.0
2062-08-22,31.4,17.4,0.0
2062-08-23,30.688584499461783,18.891597812577977,0.0
2062-08-24,26.1,16.9,0.0
2062-08-25,27.216229730198954,14.5,0.0
2062-08-26,28.2,14.0,0.0
2062-08-27,27.6442221237257,14.0,0.0
2062-08-28,26.9,14.0,0.0
2062-08-29,29.5,15.8,0.0
2062-08-30,30.9,18.865766935977447,0.0
2062-08-31,29.8,19.0,0.0
2062-09-01,32.0,19.716882956371297,0.0
2062-09-02,32.5,20.2,0.0
2062-09-03,33.4,18.6,0.0
2062-09-04,35.2,18.9,0.0
2062-09-05,34.9,20.4,0.0
2062-09-06,30.475341241046646,18.3,0.0
2062-09-07,29.4,16.9,0.0
2062-09-08,30.2,17.0,0.0
2062-09-09,32.1,16.7,0.0
2062-09-10,30.2,17.7,0.0
2062-09-11,22.075499367768558,15.330707520140226,0.0
2062-09-12,26.3,11.8,0.0
2062-09-13,27.8,10.02457944724908,0.0
2062-09-14,30.409053673344214,7.7,0.0
2062-09-15,31.4,13.391991101223583,0.0
2062-09-16,32.1,14.96892682690913,0.0
2062-09-17,33.0,16.0,0.0
2062-09-18,34.14115739160123,16.4,0.0
2062-09-19,35.33032250934087,16.9,0.0
2062-09-20,35.3605337839765,18.5,0.0
2062-09-21,33.0,19.3,0.0
2062-09-22,33.0,19.0,0.0
2062-09-23,33.4,18.503164781856384,0.0
2062-09-24,33.9,17.5,0.0
2062-09-25,35.39849090244677,17.8,0.0
2062-09-26,39.272705078125,19.55922285445367,0.0
2062-09-27,38.00452354467928,20.5,0.0
2062-09-28,38.45617489940819,20.5,0.0
2062-09-29,39.5478515625,20.31419623837671,0.0
2062-09-30,34.900833238448094,21.385379223948938,0.0
2062-10-01,33.2,19.9,0.0
2062-10-02,33.0,19.3,0.0
2062-10-03,33.0,20.0,0.0
2062-10-04,34.4,20.2,0.0
2062-10-05,35.7,21.0,0.0
2062-10-06,37.1179487179487,21.876401719916235,0.0
2062-10-07,38.0,23.626085092408427,0.0
2062-10-08,36.0,20.7,4.916216216216217
2062-10-09,30.2,19.4,3.295945945945947
2062-10-10,32.4777593773288,19.4,0.0
2062-10-11,32.9,18.88256189451022,0.0
2062-10-12,35.1,19.4,0.0
2062-10-13,36.54573935464489,19.0,0.0
2062-10-14,36.455596936029515,21.0,0.0
2062-10-15,37.0,20.7,0.0
2062-10-16,37.690978291594384,20.8,0.0
2062-10-17,38.088362212675094,20.6,0.0
2062-10-18,39.083349609375,21.171582346609256,0.0
2062-10-19,38.21665126646788,23.09142382498203,0.0
2062-10-20,37.53131040111663,22.0,0.0
2062-10-21,37.177507291177896,21.7,0.0
2062-10-22,37.916743425091255,21.6,0.0
2062-10-23,37.23654496261596,21.8,0.0
2062-10-24,37.19133338853466,22.6,0.0
2062-10-25,37.897929663966494,22.6,0.0
2062-10-26,38.0,23.351807228915646,0.0
2062-10-27,32.1,19.4,2.7
2062-10-28,28.045791877508726,17.9,0.0
2062-10-29,31.0,17.1,0.0
2062-10-30,33.3,16.3,0.0
2062-10-31,33.7,17.0,0.0
2062-11-01,34.665552442235395,17.7,0.0
2062-11-02,34.9,20.141370835319666,0.0
2062-11-03,34.0,21.5,0.0
2062-11-04,35.2,21.7,0.0
2062-11-05,36.2,21.9,0.0
2062-11-06,37.2,21.67567759830242,0.0
2062-11-07,36.2,21.9,0.0
2062-11-08,35.7,21.5,0.0
2062-11-09,37.43637960306773,21.9,0.0
2062-11-10,35.0,21.5,0.0
2062-11-11,33.8,20.9,0.0
2062-11-12,35.1,20.0,0.0
2062-11-13,35.4,19.4,0.0
2062-11-14,35.7,19.7,0.0
2062-11-15,35.4,22.0,0.0
2062-11-16,37.21252364815342,22.1,0.0
2062-11-17,35.1,21.628968300870547,0.0
2062-11-18,34.49045606229143,20.5,0.0
2062-11-19,33.7,20.0,0.4
2062-11-20,30.9,19.0,39.79473684210526
2062-11-21,24.360106906114886,17.4,0.0
2062-11-22,25.16826512413593,17.0,0.0
2062-11-23,28.77013853776924,19.2,0.0
2062-11-24,28.0,18.0,0.0
2062-11-25,31.6,17.5,0.0
2062-11-26,31.716912358761196,19.4,0.24285714285714288
2062-11-27,32.2,19.5,19.828571428571426
2062-11-28,30.6,19.8,12.0
2062-11-29,30.0,19.4,11.8
2062-11-30,29.5,19.8,5.4
2062-12-01,29.6,19.0,18.8
2062-12-02,27.6,19.6,21.400000000000055
2062-12-03,25.0,19.0,0.0
2062-12-04,26.2,19.0,3.9
2062-12-05,25.4,19.6,8.892978723404259
2062-12-06,25.0,19.6,11.133191489361707
2062-12-07,24.0,18.8,39.33974854932305
2062-12-08,25.4,19.2,14.8
2062-12-09,25.0,19.6,0.0
2062-12-10,24.8,19.5,11.0
2062-12-11,26.3,19.6,23.8
2062-12-12,28.3,18.0,1.2
2062-12-13,26.7,17.4,0.0
2062-12-14,26.4,16.8,0.0
2062-12-15,26.7,19.8,0.0
2062-12-16,30.0,19.661257719109393,0.0
2062-12-17,29.4,18.4,0.0
2062-12-18,29.7,17.5,0.0
2062-12-19,31.8,17.4,0.0
2062-12-20,30.8,17.3,0.0
2062-12-21,29.9,17.8,0.0
2062-12-22,30.0,17.3,0.0
2062-12-23,31.3,16.8,0.0
2062-12-24,30.9,17.8,0.0
2062-12-25,31.1,17.5,0.0
2062-12-26,31.2,19.5,0.0
2062-12-27,29.9,19.4,28.3
2062-12-28,30.0,19.2,4.2
2062-12-29,30.0,20.346504746386636,28.3
2062-12-30,26.5,19.5,11.0
2062-12-31,27.5,19.9,11.29395744680852
2063-01-01,26.6,19.0,21.0
2063-01-02,26.8,19.0,0.8
2063-01-03,24.8,18.8,32.27142857142857
2063-01-04,23.25147915816044,17.8,65.5509708737864
2063-01-05,25.907472919636533,16.0,0.0
2063-01-06,29.2,15.0,0.0
2063-01-07,30.4,16.1,0.0
2063-01-08,30.4,16.121398422884873,0.0
2063-01-09,30.1,16.0,0.0
2063-01-10,29.4,17.9,5.950000000000002
2063-01-11,30.1,16.5,0.0
2063-01-12,29.3,19.9,3.1
2063-01-13,26.1,18.0,8.3
2063-01-14,27.2,17.3,0.0
2063-01-15,28.0,16.9,0.0
2063-01-16,30.0,15.4,0.0
2063-01-17,31.2,16.9,0.0
2063-01-18,31.481266916675974,18.8,0.0
2063-01-19,31.7,19.641975525972274,0.0
2063-01-20,30.7,19.2,1.9
2063-01-21,29.9,18.844087206593507,28.3
2063-01-22,26.1,18.6,9.8
2063-01-23,25.9,19.0,5.8
2063-01-24,30.4,17.4,0.0
2063-01-25,31.672223790785026,17.9,0.0
2063-01-26,31.95347795683295,19.690433468576618,0.0
2063-01-27,29.8,19.6,5.0
2063-01-28,28.6,19.549885400877237,14.0
2063-01-29,26.9,19.6,41.1125
2063-01-30,24.4,19.1,59.524390243902445
2063-01-31,25.4,19.0,2.2
2063-02-01,24.3,18.8,0.36443418013856815
2063-02-02,26.7,19.0,1.4
2063-02-03,26.9,18.5,0.0
2063-02-04,28.4,18.2,0.0
2063-02-05,28.1,18.9,16.753348729792155
2063-02-06,30.0,18.2,0.0
2063-02-07,30.0,18.9,0.0
2063-02-08,29.0,18.7,3.8
2063-02-09,26.936100119189508,18.7,40.785017321016205
2063-02-10,24.9,19.03717815627923,27.37673735040941
2063-02-11,28.6,18.93337844592256,0.0
2063-02-12,27.6,18.7,10.4
2063-02-13,30.4,18.9,0.0
2063-02-14,30.7,18.9,4.4
2063-02-15,32.14407659087036,18.7,14.398152424942268
2063-02-16,30.2,19.099804455634978,27.36754146546295
2063-02-17,26.9,19.1,26.68360277136259
2063-02-18,28.8,18.9,32.349884526558924
2063-02-19,27.601772368943816,18.9,37.98870136791615
2063-02-20,31.929710329311245,18.4,9.848498845265588
2063-02-21,27.8,19.0,58.96739279695398
2063-02-22,26.5,18.319618419564478,6.4
2063-02-23,27.9,17.9,16.50046189376443
2063-02-24,25.6,18.6,24.9
2063-02-25,27.6,19.0,10.002540415704392
2063-02-26,27.9,18.5,1.8
2063-02-27,29.77378650572929,19.0,40.26974595842956
2063-02-28,28.4,19.1,24.0337182448037
2063-03-01,32.5,18.5,0.0
2063-03-02,29.1,17.8,1.7
2063-03-03,26.4,18.8,0.0
2063-03-04,26.2,18.5,0.0
2063-03-05,30.0,18.0,2.12569444444445
2063-03-06,30.7,16.5,0.0
2063-03-07,30.532692307692308,16.9,0.0
2063-03-08,30.7,15.78075864236928,0.0
2063-03-09,31.2,14.7,0.0
2063-03-10,29.0,19.6,21.844444444444445
2063-03-11,29.1,19.2,11.386111111111106
2063-03-12,31.7,18.774398188326156,0.0
2063-03-13,32.6,17.8,1.4
2063-03-14,30.0,18.6,0.0
2063-03-15,32.0,16.5,0.0
2063-03-16,31.1,18.0,0.0
2063-03-17,31.0,18.3,0.0
2063-03-18,29.9,19.0,0.0
2063-03-19,30.2,18.5,3.4
2063-03-20,29.2,19.0,9.980555555555556
2063-03-21,30.5,19.3,34.84444444444438
2063-03-22,28.5,19.28770919880338,6.9837962962962985
2063-03-23,29.0,18.1,0.9472222222222223
2063-03-24,26.7,18.97674094653565,13.427777777777779
2063-03-25,25.9,18.6,19.097569444444442
2063-03-26,26.8,18.8,15.4625
2063-03-27,27.7,17.0,0.0
2063-03-28,29.433333333333337,17.9,1.7
2063-03-29,29.9,18.4,10.9
2063-03-30,30.1,17.668151350960184,0.0
2063-03-31,29.2,17.4,0.0
2063-04-01,23.2,15.3,0.0
2063-04-02,27.0,17.1,0.0
2063-04-03,25.6,18.0,0.0
2063-04-04,27.9,14.5,0.0
2063-04-05,25.8,17.5,0.3666666666666667
2063-04-06,24.0,18.4,0.0
2063-04-07,30.0,17.0,0.0
2063-04-08,31.0,17.52377682403434,0.0
2063-04-09,29.1,18.551295336787568,1.6
2063-04-10,27.5,16.7,0.0
2063-04-11,29.9,15.2,0.0
2063-04-12,31.2,16.7,0.0
2063-04-13,31.9,16.7,0.0
2063-04-14,29.9,19.210995113282987,0.0
2063-04-15,26.3,18.7,0.0
2063-04-16,26.6,13.7,0.0
2063-04-17,28.4,12.2,0.0
2063-04-18,28.7,12.2,0.0
2063-04-19,29.9,12.6,0.0
2063-04-20,28.6,16.1,0.0
2063-04-21,25.2,17.1,0.0
2063-04-22,25.1,14.204854368932038,0.0
2063-04-23,25.4,12.7,0.0
2063-04-24,25.4,17.5,0.0
2063-04-25,27.2,18.1,0.0
2063-04-26,28.0,14.7,0.0
2063-04-27,28.2,14.0,0.0
2063-04-28,28.1,14.0,0.0
2063-04-29,28.227941176470587,14.8,0.0
2063-04-30,29.3,15.304655493482318,0.0
2063-05-01,30.1,14.9,0.0
2063-05-02,29.88207422090366,13.2,0.0
2063-05-03,29.4,17.2,0.0
2063-05-04,29.1,16.5,0.0
2063-05-05,28.5,17.89097309090115,0.0
2063-05-06,27.6,16.5,29.4
2063-05-07,28.7,15.514247068154765,0.0
2063-05-08,27.5,15.2,0.0
2063-05-09,23.6,15.2,0.0
2063-05-10,23.2,15.3,0.0
2063-05-11,24.8,14.9,0.0
2063-05-12,25.7,16.176647009172704,0.0
2063-05-13,26.5,17.32429578821083,0.0
2063-05-14,26.7,15.235581868197567,0.0
2063-05-15,28.0,15.97237560488366,0.0
2063-05-16,28.4,14.9,0.0
2063-05-17,26.919963274868607,14.203776292896253,0.0
2063-05-18,26.7,15.5,3.019230769230769
2063-05-19,25.3,15.2,1.2
2063-05-20,27.9,15.0,0.0
2063-05-21,27.6,17.189618109666903,0.0
2063-05-22,27.0,14.607327800733806,0.0
2063-05-23,25.8,12.376628886215402,0.0
2063-05-24,26.3,10.6,0.0
2063-05-25,27.5,11.054166512007713,0.0
2063-05-26,28.0,10.6,0.0
2063-05-27,26.5,12.1,0.0
2063-05-28,26.8,10.8,0.0
2063-05-29,27.0,11.9,0.0
2063-05-30,27.759534983853598,12.5,0.0
2063-05-31,29.0,13.4,0.0
2063-06-01,28.6,13.2,0.0
2063-06-02,29.4,13.8,0.0
2063-06-03,28.71729915237431,14.3,0.0
2063-06-04,29.0,12.2,0.0
2063-06-05,30.399840223395653,13.4,0.0
2063-06-06,28.6,16.802726119299237,0.0
2063-06-07,28.2,16.787544428705516,0.0
2063-06-08,27.8,15.1,0.0
2063-06-09,27.6,14.1,0.0
2063-06-10,27.5,13.2,0.0
2063-06-11,27.8,13.7,0.0
2063-06-12,28.418157570538355,13.4,0.0
2063-06-13,28.0,12.9,0.0
2063-06-14,28.0,12.7,0.0
2063-06-15,29.265108827386985,13.528200388205944,0.0
2063-06-16,27.0,16.46995700350818,0.0
2063-06-17,25.7,14.0,0.0
2063-06-18,25.7,13.0,0.0
2063-06-19,27.6,12.3,0.0
2063-06-20,28.9,13.2,0.0
2063-06-21,27.7,12.9,0.0
2063-06-22,27.0,11.0,0.0
2063-06-23,25.4,12.0,0.0
2063-06-24,25.5,10.7,0.0
2063-06-25,25.2196179176157,12.2,0.0
2063-06-26,25.2,12.4,0.0
2063-06-27,25.5,13.0,0.0
2063-06-28,25.6,15.3631655769283,0.0
2063-06-29,26.9,15.3631655769283,0.0
2063-06-30,27.3,15.919908787541718,0.0
2063-07-01,25.4,13.693095494387205,0.0
2063-07-02,18.8,13.0,0.0
2063-07-03,21.5,12.2,0.0
2063-07-04,24.5,9.9,0.0
2063-07-05,25.5,10.7,0.0
2063-07-06,25.7,10.0,0.0
2063-07-07,26.8,9.532131972453858,0.0
2063-07-08,27.6,9.5,0.0
2063-07-09,27.6,10.3,0.0
2063-07-10,25.7,12.2,0.0
2063-07-11,25.79116657696447,12.2,0.0
2063-07-12,26.8,12.0,0.0
2063-07-13,27.7,11.6,0.0
2063-07-14,27.7,11.823551464310894,0.0
2063-07-15,26.6,13.2,0.0
2063-07-16,26.7,12.5,0.0
2063-07-17,27.6,11.9,0.0
2063-07-18,26.9,12.217084916630997,0.0
2063-07-19,24.3,12.8,0.0
2063-07-20,22.9,11.2,0.0
2063-07-21,23.8,9.8,0.0
2063-07-22,24.658557588805156,8.5,0.0
2063-07-23,25.4,8.3,0.0
2063-07-24,25.3,10.3,0.0
2063-07-25,26.9,10.4,0.0
2063-07-26,27.5,12.2,0.0
2063-07-27,28.2,12.2,0.0
2063-07-28,29.2,12.4,0.0
2063-07-29,23.842599569429492,13.3,0.0
2063-07-30,23.2,11.2,0.0
2063-07-31,24.6,10.0,0.0
2063-08-01,25.6,7.9,0.0
2063-08-02,26.7,9.3,0.0
2063-08-03,27.2,11.5,0.0
2063-08-04,28.7,13.4,0.0
2063-08-05,27.4,15.295929063022076,0.0
2063-08-06,25.4,15.6,0.0
2063-08-07,24.7,13.5,0.0
2063-08-08,24.7,11.3,0.0
2063-08-09,25.1,14.0,0.0
2063-08-10,27.3,13.7,0.0
2063-08-11,30.5,15.4,0.0
2063-08-12,31.9,16.148815282659164,0.0
2063-08-13,33.34056398043467,17.0,0.0
2063-08-14,31.2,17.613136706135627,0.0
2063-08-15,29.8,16.75619845697939,0.0
2063-08-16,30.202983238505297,15.4,0.0
2063-08-17,31.2,16.786622294460468,0.0
2063-08-18,31.4,17.074645173147104,0.0
2063-08-19,29.14290327541135,16.9,0.0
2063-08-20,29.8,15.2,0.0
2063-08-21,30.2,15.2,0.0
2063-08-22,29.9,14.9,0.0
2063-08-23,30.6,15.24679329143372,0.0
2063-08-24,30.7,16.0,0.0
2063-08-25,30.2,16.0,0.0
2063-08-26,30.0,15.268810914280419,0.0
2063-08-27,30.202983238505297,15.3,0.0
2063-08-28,29.4,16.0,0.0
2063-08-29,27.0,15.0,0.0
2063-08-30,27.5,13.8,0.0
2063-08-31,28.0,13.7,0.0
2063-09-01,28.4,15.6,0.0
2063-09-02,28.9,15.1,0.0
2063-09-03,30.0,14.2,0.0
2063-09-04,31.7,16.0,0.0
2063-09-05,31.808784170964373,18.5,0.0
2063-09-06,30.5,19.6,0.0
2063-09-07,30.4,18.5,0.0
2063-09-08,30.4,18.2,0.0
2063-09-09,30.7,18.2,0.0
2063-09-10,31.2,17.8,0.0
2063-09-11,32.0,18.3,0.0
2063-09-12,32.6,19.5,0.0
2063-09-13,33.2,19.834331713599912,0.0
2063-09-14,33.2,18.9,0.0
2063-09-15,34.1,18.1,0.0
2063-09-16,34.83891441376087,18.5,0.0
2063-09-17,34.9,18.8,0.0
2063-09-18,35.4,18.3,0.0
2063-09-19,39.010009765625,18.9,0.0
2063-09-20,36.064932284748856,20.2,0.0
2063-09-21,35.03767894636382,20.4,0.0
2063-09-22,35.327331294030415,20.4,0.0
2063-09-23,33.5,20.5,0.0
2063-09-24,34.5,19.2,0.0
2063-09-25,36.083924486326524,19.538995591809833,0.0
2063-09-26,36.0,20.2,0.0
2063-09-27,33.2,20.372014332009506,0.0
2063-09-28,33.2,18.871820541342238,0.0
2063-09-29,34.0,19.3,0.0
2063-09-30,33.9,19.6,0.0
2063-10-01,33.1,19.2,0.0
2063-10-02,33.00909863463826,18.3,0.0
2063-10-03,32.8,18.0,0.0
2063-10-04,32.0,18.6,0.0
2063-10-05,29.8,17.4,0.5270270270270271
2063-10-06,32.470580442162785,17.4,0.0
2063-10-07,34.63999859596573,19.9,0.0
2063-10-08,35.6,21.0,0.0
2063-10-09,36.0,22.0,0.0
2063-10-10,35.4,21.6,0.0
2063-10-11,34.2,20.7,0.0
2063-10-12,35.1,19.9,0.0
2063-10-13,36.0,20.0,0.0
2063-10-14,37.2,20.0,0.0
2063-10-15,36.0,21.3,0.0
2063-10-16,34.9,20.5,0.0
2063-10-17,35.2,20.5,0.0
2063-10-18,34.9,21.3,0.0
2063-10-19,33.0,20.0,0.0
2063-10-20,33.0,19.4,0.0
2063-10-21,33.0,19.7,0.0
2063-10-22,34.6,19.10951728572826,0.5027027027027028
2063-10-23,33.2,18.5,0.0
2063-10-24,33.6,20.2,0.0
2063-10-25,33.4,20.3,0.0
2063-10-26,33.1,19.6,0.0
2063-10-27,33.4,19.5,0.0
2063-10-28,32.8,18.6,0.0
2063-10-29,32.7,19.4,0.0
2063-10-30,34.3,18.9,0.0
2063-10-31,35.4,21.0,0.0
2063-11-01,35.3,21.7,0.0
2063-11-02,35.0,21.5,0.0
2063-11-03,34.0,20.0,0.0
2063-11-04,34.4,19.5,0.0
2063-11-05,33.8616187298056,20.5,0.0
2063-11-06,33.6,20.4,0.0
2063-11-07,33.2,19.9,0.0
2063-11-08,34.1088511044017,19.4,0.0
2063-11-09,33.7,19.5,0.0
2063-11-10,34.9,20.4,0.0
2063-11-11,35.2,19.4,0.0
2063-11-12,35.3,19.6,0.0
2063-11-13,35.4,20.5,0.0
2063-11-14,36.4,21.4,0.0
2063-11-15,35.9,20.4,0.0
2063-11-16,33.0,20.0,0.0
2063-11-17,31.2,20.0,1.0
2063-11-18,31.7,20.0,2.7
2063-11-19,32.4,20.0,0.0
2063-11-20,31.6,19.43314517856279,0.0
2063-11-21,31.6,19.0,0.0
2063-11-22,31.93836990975771,19.72467716758904,0.0
2063-11-23,32.0,19.8,1.4
2063-11-24,30.4,19.6,5.85
2063-11-25,31.4,19.17552836484984,2.7
2063-11-26,31.9,19.6,1.7
2063-11-27,32.6,19.4,0.0
2063-11-28,32.0,19.9,1.9
2063-11-29,27.3,19.5,21.32000000000001
2063-11-30,25.18920552146801,18.9,46.3
2063-12-01,24.9,19.5,34.97291223404255
2063-12-02,24.3,19.0,56.40337765957448
2063-12-03,26.3,18.9,4.894787234042553
2063-12-04,25.0,18.6,41.211045328399635
2063-12-05,27.5,19.9,18.5826595744681
2063-12-06,27.6,19.9,9.2
2063-12-07,29.4,19.0,5.1461702127659565
2063-12-08,30.2,17.9,0.0
2063-12-09,30.6,19.5,0.0
2063-12-10,31.0,19.4,0.1
2063-12-11,30.4,18.8,0.0
2063-12-12,31.0,19.91002008763974,0.0
2063-12-13,31.8,18.8,2.0
2063-12-14,32.394643349488256,19.9,12.6
2063-12-15,30.43889705689305,20.15965380231748,0.0
2063-12-16,30.0,20.417516511506502,0.0
2063-12-17,30.454830791042024,20.0,0.0
2063-12-18,27.1,19.8,6.9
2063-12-19,25.0,17.3,31.67404255319152
2063-12-20,22.6,16.8,5.8481914893616995
2063-12-21,25.6,18.5,7.8
2063-12-22,29.5,18.2,0.5
2063-12-23,29.6,19.0,5.7482978723404266
2063-12-24,24.728021047791234,18.3,35.59212765957447
2063-12-25,25.5,18.0,2.0
2063-12-26,27.0,19.0,40.62920212765956
2063-12-27,27.7,18.7,18.5826595744681
2063-12-28,25.4,19.4,0.0
2063-12-29,27.9,18.8,5.8
2063-12-30,28.0,17.9,0.0
2063-12-31,29.04019473529699,18.2,0.9114893617021276
2064-01-01,28.760911374237534,18.0,10.9
2064-01-02,27.4,19.5,0.0
2064-01-03,27.9,19.0,2.1333333333333337
2064-01-04,29.1,17.4,0.0
2064-01-05,30.2,16.8,4.4
2064-01-06,29.5,18.4,9.5
2064-01-07,26.6,18.9,5.925
2064-01-08,25.7,18.1,12.09
2064-01-09,25.6,18.9,2.0
2064-01-10,28.6,18.5,1.9499999999999993
2064-01-11,26.9,18.4,6.8
2064-01-12,27.1,18.6,0.0
2064-01-13,29.9,17.627233584499457,0.0
2064-01-14,30.6,19.6,0.0
2064-01-15,31.1,18.4,1.4
2064-01-16,31.8,17.6,0.0
2064-01-17,31.1,19.8,0.9
2064-01-18,31.7,19.9,0.0
2064-01-19,30.8,19.7,1.3
2064-01-20,29.0,19.4,26.5
2064-01-21,28.4,18.6,20.9
2064-01-22,29.2,18.6,2.2
2064-01-23,29.4,18.8,5.3
2064-01-24,28.7,19.3,10.9
2064-01-25,24.8,18.9,48.51379310344831
2064-01-26,26.8,18.0,9.4
2064-01-27,29.5,17.2,4.4
2064-01-28,29.3,19.45129660436442,29.476923076923086
2064-01-29,29.0,19.4,39.5625
2064-01-30,30.0,18.9,1.1
2064-01-31,28.5,19.4,0.0
2064-02-01,27.6,18.942499134914836,3.6
2064-02-02,27.2,19.0,18.4
2064-02-03,27.3,18.6,9.4
2064-02-04,26.8,18.5,1.3808314087759817
2064-02-05,28.8,18.4,1.5
2064-02-06,27.263093403878056,18.1,0.0
2064-02-07,27.7,18.2,38.48356724107305
2064-02-08,27.9,18.98558652774039,18.91327944572748
2064-02-09,28.7,17.7,0.0
2064-02-10,28.8,18.9,42.02549653579677
2064-02-11,26.4,18.40650343802742,27.53279445727483
2064-02-12,27.7,18.9,6.550577367205545
2064-02-13,28.8,18.5,6.4
2064-02-14,28.9,18.214594247489167,1.4
2064-02-15,29.0,18.9,4.5
2064-02-16,29.9,18.5,0.0
2064-02-17,27.3,17.5,21.260354118552733
2064-02-18,27.2,18.8,4.4
2064-02-19,29.0,19.253828733095858,10.5
2064-02-20,28.9,18.8,8.0
2064-02-21,26.9,18.7,1.1
2064-02-22,28.0,18.2,17.4
2064-02-23,28.2,18.9,19.270900692840645
2064-02-24,29.4,18.8,0.0
2064-02-25,28.5,19.0,0.0
2064-02-26,25.5,18.7,52.915658198614324
2064-02-27,19.351807993767107,17.6,5.734411085450348
2064-02-28,25.651441657403815,17.37236293206197,0.0
2064-03-01,28.3,14.4,0.0
2064-03-02,30.4,13.6,0.0
2064-03-03,30.308108108108105,14.4,0.0
2064-03-04,29.0,16.2,0.0
2064-03-05,28.0,14.7,0.0
2064-03-06,28.7,14.055054011270812,0.0
2064-03-07,28.5,15.3,0.0
2064-03-08,29.4,15.6,0.0
2064-03-09,29.4,16.0,0.0
2064-03-10,29.2,15.6,0.0
2064-03-11,30.6,14.4,0.0
2064-03-12,30.8,15.2,0.0
2064-03-13,29.9,18.98110642230776,0.0
2064-03-14,30.3,18.0,0.0
2064-03-15,28.7,19.4,0.0
2064-03-16,29.1,19.4,0.0
2064-03-17,24.375,19.0,36.3820652173913
2064-03-18,29.8,19.2,27.38333333333333
2064-03-19,29.4,19.8,18.325000000000003
2064-03-20,26.8,19.34011632166547,0.0
2064-03-21,26.7,19.0,0.0
2064-03-22,26.8,18.6,0.0
2064-03-23,27.6,19.0,0.0
2064-03-24,27.1,18.7,11.487499999999997
2064-03-25,28.9,18.960819799602074,3.8
2064-03-26,29.2,18.6,0.0
2064-03-27,28.8,17.989953354861846,0.0
2064-03-28,29.9,17.0,0.0
2064-03-29,29.9,16.2,0.0
2064-03-30,30.71478260869565,15.7,0.0
2064-03-31,29.8,20.293080116869127,0.0
2064-04-01,25.7,17.1,0.0
2064-04-02,28.9,17.341880341880344,0.0
2064-04-03,30.0,16.4,0.0
2064-04-04,30.4,15.308131595282436,0.0
2064-04-05,29.5,15.4,0.0
2064-04-06,28.6,15.0,0.0
2064-04-07,28.9,15.2,0.0
2064-04-08,29.9,17.3,0.0
2064-04-09,31.4,16.3,0.0
2064-04-10,31.6,16.6,0.0
2064-04-11,30.1,17.3,0.0
2064-04-12,28.9,16.9,0.0
2064-04-13,28.6,16.584848484848482,0.0
2064-04-14,29.3,18.14662004662004,0.0
2064-04-15,29.9,18.8,0.0
2064-04-16,28.7,18.1,0.0
2064-04-17,29.0,17.3,0.0
2064-04-18,28.0,18.12797202797202,0.0
2064-04-19,28.1,15.2,0.0
2064-04-20,29.1,13.8,0.0
2064-04-21,29.8,13.29467455621305,0.0
2064-04-22,30.6,13.9,0.0
2064-04-23,31.1,13.2,0.0
2064-04-24,30.0,18.4,0.0
2064-04-25,25.4,16.4,0.0
2064-04-26,26.8,15.7,0.0
2064-04-27,26.0,15.353817504655499,0.0
2064-04-28,27.3,13.6,0.0
2064-04-29,28.7,13.723529411764709,0.0
2064-04-30,29.2,15.2,0.0
2064-05-01,28.9,11.952892895586647,0.0
2064-05-02,27.6,13.2,0.0
2064-05-03,22.62918583031608,10.0,0.0
2064-05-04,21.978702248104636,4.770302487875086,0.0
2064-05-05,23.0,3.233283949219568,0.0
2064-05-06,24.2,0.7230942429245787,0.0
2064-05-07,24.1,5.494632773039662,0.0
2064-05-08,24.9,9.9,0.0
2064-05-09,22.1,12.9,0.0
2064-05-10,23.9,9.6,0.0
2064-05-11,24.6,8.5,0.0
2064-05-12,25.471162540365984,8.8,0.0
2064-05-13,26.0,9.385940281378675,0.0
2064-05-14,26.7,9.3,0.0
2064-05-15,26.7,10.0,0.0
2064-05-16,27.4,10.0,0.0
2064-05-17,28.4,10.449883521038503,0.0
2064-05-18,27.6,17.8,0.0
2064-05-19,28.6,18.0,0.0
2064-05-20,28.1,17.849591160530814,0.0
2064-05-21,28.7,15.0,0.0
2064-05-22,27.6,12.3,0.0
2064-05-23,28.13424034268086,11.7,0.0
2064-05-24,29.3,12.9,0.0
2064-05-25,29.6,13.2,0.0
2064-05-26,30.2,12.2,0.0
2064-05-27,29.9,13.6,0.0
2064-05-28,29.2,14.4,0.0
2064-05-29,29.5,12.4,0.0
2064-05-30,30.7,12.9,0.0
2064-05-31,28.0,15.2,0.0
2064-06-01,24.7,12.5,0.0
2064-06-02,24.8,10.9,0.0
2064-06-03,27.7,11.0,0.0
2064-06-04,29.31219520227154,12.2,0.0
2064-06-05,29.560924582869863,12.9,0.0
2064-06-06,29.0,14.0,0.0
2064-06-07,28.6,12.9,0.0
2064-06-08,28.0,11.9,0.0
2064-06-09,26.3,12.0,0.0
2064-06-10,27.0,11.006581049651125,0.0
2064-06-11,28.0,11.5,0.0
2064-06-12,29.3,12.9,0.0
2064-06-13,30.4,14.362099650953176,0.0
2064-06-14,31.140387860334446,16.918727405450518,0.0
2064-06-15,29.543253586310644,16.83682346704673,0.0
2064-06-16,26.6,14.280534051708495,0.0
2064-06-17,28.405785793739078,13.3,0.0
2064-06-18,27.70188172043011,14.272638514735162,0.0
2064-06-19,26.9,13.268744393412048,0.0
2064-06-20,25.830475457060547,12.7,0.0
2064-06-21,26.3,12.0,0.0
2064-06-22,26.7,12.1,0.0
2064-06-23,26.6,12.0,0.0
2064-06-24,25.7,12.030026193978975,0.0
2064-06-25,25.6,11.7,0.0
2064-06-26,26.2,11.0,0.0
2064-06-27,27.4,10.7,0.0
2064-06-28,28.995084946006262,11.2,0.0
2064-06-29,29.97727445495771,12.2,0.0
2064-06-30,27.136184881349646,12.5,0.0
2064-07-01,24.0,11.5,0.0
2064-07-02,22.6,8.8,0.0
2064-07-03,22.7,7.9,0.0
2064-07-04,24.5,8.3,0.0
2064-07-05,27.0,9.5,0.0
2064-07-06,27.6,8.9,0.0
2064-07-07,26.5,6.657685683530677,0.0
2064-07-08,24.58858988159311,10.4,0.0
2064-07-09,24.6,9.9,0.0
2064-07-10,24.713405543595258,9.9,0.0
2064-07-11,24.3,9.5,0.0
2064-07-12,23.0,9.5,0.0
2064-07-13,22.7,9.0,0.0
2064-07-14,23.0,7.9,0.0
2064-07-15,23.9,6.7,0.0
2064-07-16,22.9,8.7,0.0
2064-07-17,22.4,9.1,0.0
2064-07-18,22.7,9.9,0.0
2064-07-19,24.0,9.2,0.0
2064-07-20,26.9,10.5,0.0
2064-07-21,28.0,12.0,0.0
2064-07-22,28.348058161190547,12.2,0.0
2064-07-23,29.253324042749487,12.8,0.0
2064-07-24,31.16401045671227,13.153526211345673,0.0
2064-07-25,30.889676941705385,13.39851199898689,0.0
2064-07-26,30.64021884042226,15.547233803526415,0.0
2064-07-27,29.2,15.561195677320336,0.0
2064-07-28,27.6,14.571110125438812,0.0
2064-07-29,26.8,13.22279167856593,0.0
2064-07-30,27.6,12.300568906411435,0.0
2064-07-31,25.0,13.315566512726141,0.0
2064-08-01,24.5,10.9,0.0
2064-08-02,24.3,11.0,0.0
2064-08-03,26.5,11.0,0.0
2064-08-04,27.0,11.5,0.0
2064-08-05,27.491209185504125,12.0,0.0
2064-08-06,28.0,12.7,0.0
2064-08-07,27.1,13.0,0.0
2064-08-08,25.4,12.980236813778253,0.0
2064-08-09,25.6,11.9,0.0
2064-08-10,26.2,13.4,0.0
2064-08-11,26.45911008106149,13.2,0.0
2064-08-12,26.2,17.2,0.0
2064-08-13,22.5,13.4,0.0
2064-08-14,25.7,11.8,0.0
2064-08-15,27.4,11.9,0.0
2064-08-16,27.6,12.6,0.0
2064-08-17,27.0,12.7,0.0
2064-08-18,27.1,12.0,0.0
2064-08-19,27.2,12.761779494816926,0.0
2064-08-20,27.6,13.2,0.0
2064-08-21,27.4,13.2,0.0
2064-08-22,27.24426195354005,13.0,0.0
2064-08-23,26.0,13.7,0.0
2064-08-24,27.410430781569893,14.7,0.0
2064-08-25,30.2,15.8,0.0
2064-08-26,30.0,18.238099477302917,0.0
2064-08-27,28.24626614639397,16.181424513987057,0.0
2064-08-28,28.5,13.9,0.0
2064-08-29,29.5,12.4,0.0
2064-08-30,28.8,14.6,0.0
2064-08-31,27.6,13.2,0.0
2064-09-01,28.9,12.0,0.0
2064-09-02,29.1,13.8,0.0
2064-09-03,30.0,15.6,0.0
2064-09-04,30.7,15.7,0.0
2064-09-05,30.7,16.4,0.0
2064-09-06,30.5,16.7,0.0
2064-09-07,31.0,16.7,0.0
2064-09-08,32.0,16.7,0.0
2064-09-09,32.7,17.0,0.0
2064-09-10,32.0,18.0,0.0
2064-09-11,31.0,17.3,0.0
2064-09-12,31.0,16.0,0.0
2064-09-13,31.7,15.451614259746606,0.0
2064-09-14,32.3,15.7,0.0
2064-09-15,32.7,16.2,0.0
2064-09-16,33.388414706817095,15.96180637867212,0.0
2064-09-17,33.0,18.1,0.0
2064-09-18,32.3,18.3,0.0
2064-09-19,33.0,18.0,0.0
2064-09-20,34.0,18.3,0.0
2064-09-21,34.6,18.9,0.0
2064-09-22,34.9,19.5,0.0
2064-09-23,35.4,19.5,0.0
2064-09-24,39.64013671875,20.0,0.0
2064-09-25,35.4,20.927912433048864,0.0
2064-09-26,34.6,20.2,0.0
2064-09-27,35.3,19.2,0.0
2064-09-28,37.82632096934407,19.55114657311543,0.0
2064-09-29,35.472381777210444,20.0,0.0
2064-09-30,35.3,19.5,0.0
2064-10-01,35.8,18.6,0.0
2064-10-02,36.50450221543544,18.5,0.0
2064-10-03,37.059753851587715,19.4,0.0
2064-10-04,37.75567122458474,19.589145987065567,0.0
2064-10-05,37.55694945528098,21.9,0.0
2064-10-06,35.6,20.9,0.0
2064-10-07,35.2769150501966,20.7,0.0
2064-10-08,37.1792798677621,20.0,0.0
2064-10-09,37.2,21.0,0.0
2064-10-10,37.101313155947246,20.7,0.0
2064-10-11,37.16687183167268,20.7,0.0
2064-10-12,35.4,21.4,0.0
2064-10-13,35.7,20.7,0.0
2064-10-14,37.04006786531216,21.0,0.0
2064-10-15,36.447264243426105,21.4,0.0
2064-10-16,35.8,21.0,0.0
2064-10-17,34.5,20.2,0.0
2064-10-18,33.66092572658773,19.6,0.0
2064-10-19,33.7,20.0,0.0
2064-10-20,33.8,19.8,0.0
2064-10-21,34.4,19.4,0.0
2064-10-22,36.263176466630775,20.2,0.0
2064-10-23,37.997279525344496,20.3,0.0
2064-10-24,34.6,20.9,0.0
2064-10-25,31.1,18.5,0.0
2064-10-26,32.1,18.5,0.0
2064-10-27,31.8,17.5,0.0
2064-10-28,32.3,16.7,0.0
2064-10-29,35.2,17.0,0.0
2064-10-30,36.0,18.2,0.0
2064-10-31,34.4,21.0,0.0
2064-11-01,32.7,20.0,0.0
2064-11-02,32.9,19.7,0.0
2064-11-03,34.48650149998314,20.5,0.0
2064-11-04,35.6,21.894611539439133,0.0
2064-11-05,33.7,22.1,0.0
2064-11-06,35.2,22.0,0.0
2064-11-07,35.7,21.170552403386274,0.0
2064-11-08,35.65288283277716,21.4,0.0
2064-11-09,35.0,21.7,0.0
2064-11-10,35.3,21.1,0.0
2064-11-11,35.2,21.25598075814314,0.0
2064-11-12,35.0,21.3,0.0
2064-11-13,35.2,22.9,0.0
2064-11-14,35.2,20.7,0.0
2064-11-15,34.67381197110713,20.0,0.0
2064-11-16,36.2,23.178807995869676,0.0
2064-11-17,36.2,21.5,0.0
2064-11-18,36.46989052163222,23.2455760551315,0.0
2064-11-19,36.2,22.9,0.0
2064-11-20,36.3,21.9,0.0
2064-11-21,36.3,21.5,0.0
2064-11-22,36.4,21.190420105750867,0.0
2064-11-23,37.43576634857443,21.7,0.0
2064-11-24,36.0,20.5,0.1
2064-11-25,31.2,20.0,0.8
2064-11-26,29.9,20.0,0.0
2064-11-27,30.654070621858835,19.8,2.375
2064-11-28,32.1,20.0,0.8
2064-11-29,32.5,19.820573053880537,0.0
2064-11-30,32.0,20.0,0.0
2064-12-01,32.1,20.023923764051013,0.0
2064-12-02,32.8373688165238,20.52352417198488,0.0
2064-12-03,31.4,20.5,0.0
2064-12-04,31.2,19.9,4.0
2064-12-05,27.0,20.1,22.514680851063833
2064-12-06,27.0,18.8,0.0
2064-12-07,21.9,17.5,47.85036750483559
2064-12-08,22.5,17.5,6.501170212765957
2064-12-09,27.7,17.9,0.0
2064-12-10,28.3,19.8,0.0
2064-12-11,27.4,17.8,0.0
2064-12-12,29.0,16.9,0.0
2064-12-13,31.5,18.4,0.0
2064-12-14,31.679567606616196,19.0,0.0
2064-12-15,31.3,20.735275366001297,0.0
2064-12-16,27.8,19.9,0.0
2064-12-17,30.8,19.518572464418153,0.0
2064-12-18,31.4,19.486786068273133,0.0
2064-12-19,32.48835833378505,17.4,0.0
2064-12-20,33.1,17.7,0.0
2064-12-21,32.9,19.2,0.0
2064-12-22,32.1,20.33344213918021,0.0
2064-12-23,31.5,21.04896376922686,0.0
2064-12-24,31.876335481862856,21.07933483894796,0.0
2064-12-25,30.0,19.9,0.8
2064-12-26,30.0,19.5,2.7
2064-12-27,31.6,18.7,1.1
2064-12-28,30.4,20.423701006937563,5.6
2064-12-29,28.7,19.9,11.427148936170216
2064-12-30,26.0,19.9,0.0
2064-12-31,30.0,19.2,0.0
2065-01-01,30.428778182461613,19.566188499080997,0.0
2065-01-02,31.863918361119815,19.826830665310432,0.0
2065-01-03,30.276216073047568,19.7,29.6
2065-01-04,25.0,19.4,21.0
2065-01-05,26.209192864305884,19.0,0.0
2065-01-06,29.5,17.7,0.0
2065-01-07,31.0,16.7,0.0
2065-01-08,31.86726731817296,16.4,0.0
2065-01-09,31.9,16.6,0.0
2065-01-10,31.8,18.01621406193183,0.0
2065-01-11,31.690515265821762,18.9,0.0
2065-01-12,30.0,19.70094972381406,12.3
2065-01-13,29.2,19.3,22.0
2065-01-14,28.7,18.6,0.0
2065-01-15,28.6,19.2,4.5
2065-01-16,29.7,18.0,0.0
2065-01-17,30.8,19.2,0.0
2065-01-18,27.0,18.5,0.0
2065-01-19,30.4,17.2,0.0
2065-01-20,30.9,19.9,0.0
2065-01-21,31.2,20.866101074218754,0.0
2065-01-22,30.2,19.7,25.899999999999995
2065-01-23,31.0,18.2,0.4
2065-01-24,28.1,18.6,19.0
2065-01-25,29.3,18.5,5.8
2065-01-26,30.469082268914438,19.8,0.0
2065-01-27,30.8768184676379,19.4,1.0
2065-01-28,31.46429653604219,19.7,10.9
2065-01-29,29.1,19.2,5.0
2065-01-30,30.7,17.2,0.0
2065-01-31,31.9,19.9,0.0
2065-02-01,32.72304074127317,20.07250375494458,0.0
2065-02-02,29.3,19.4,0.2
2065-02-03,27.2,18.2,2.0
2065-02-04,27.4,18.2,9.695612009237875
2065-02-05,25.2,18.4,15.6
2065-02-06,29.3,18.0,0.4
2065-02-07,30.1,19.0,0.3
2065-02-08,32.0,18.8,0.0
2065-02-09,28.1,19.0,0.0
2065-02-10,23.796911474910637,17.9,92.6216889245928
2065-02-11,26.0,16.0,0.0
2065-02-12,29.944946537458318,15.226636993444576,0.0
2065-02-13,31.9,16.2,0.0
2065-02-14,29.5,16.9,3.26743648960739
2065-02-15,31.13115448612799,17.6,0.0
2065-02-16,32.0,16.9,0.0
2065-02-17,33.29135540147352,18.2,0.8
2065-02-18,29.0,17.9,1.6
2065-02-19,27.5,18.9,17.4
2065-02-20,26.0,19.0,36.3948421862971
2065-02-21,28.5,18.9,7.428406466512703
2065-02-22,30.5,18.8,0.0
2065-02-23,28.5,19.0,30.37823325635107
2065-02-24,29.0,19.0,0.0
2065-02-25,27.0,19.2,27.395129120302332
2065-02-26,26.084191706919263,19.1,10.002540415704392
2065-02-27,28.6,16.0,0.0
2065-02-28,28.3,15.5,0.0
2065-03-01,28.6,15.6,0.0
2065-03-02,29.9,14.6,0.0
2065-03-03,30.9,15.9,0.0
2065-03-04,29.7,16.2,0.0
2065-03-05,30.5,15.4,0.0
2065-03-06,31.0,16.0,0.0
2065-03-07,30.6,18.718921636912853,1.6
2065-03-08,30.7,18.4,3.2791666666666663
2065-03-09,30.7,18.5,0.0
2065-03-10,29.79714285714286,17.3,0.0
2065-03-11,28.9,18.6,0.6
2065-03-12,30.3,18.577697203180158,0.0
2065-03-13,32.3712962962963,17.7,0.0
2065-03-14,28.281249999999996,17.6,0.0
2065-03-15,28.5,17.9,0.0
2065-03-16,28.8,16.3,0.0
2065-03-17,29.9,14.36079425164543,0.0
2065-03-18,29.6,13.6,0.0
2065-03-19,28.5,14.5,0.0
2065-03-20,29.7,13.6,0.0
2065-03-21,29.2,18.2,0.0
2065-03-22,29.5,19.688184504042315,0.0
2065-03-23,30.7,17.6,0.0
2065-03-24,26.5,18.5,10.517129629629629
2065-03-25,29.5,16.0,0.0
2065-03-26,29.6,15.6,0.0
2065-03-27,29.1,18.0,0.0
2065-03-28,28.9,15.5,0.0
2065-03-29,29.8,14.6,0.0
2065-03-30,31.0,14.1,0.0
2065-03-31,32.5178947368421,14.5,0.0
2065-04-01,31.966948130277437,15.0,0.0
2065-04-02,31.789705882352944,15.3,0.0
2065-04-03,32.0,18.9,0.0
2065-04-04,32.431343283582095,18.4,0.0
2065-04-05,32.31108433734939,18.1,0.0
2065-04-06,31.829687499999995,16.934722222222224,0.0
2065-04-07,30.0,16.0,0.0
2065-04-08,28.6,14.4,0.0
2065-04-09,28.0,14.5,0.0
2065-04-10,29.2,15.9,0.0
2065-04-11,29.4,15.2,0.0
2065-04-12,29.0,14.8,0.0
2065-04-13,29.4,13.9,0.0
2065-04-14,30.7,11.3,0.0
2065-04-15,31.90868516284681,13.8,0.0
2065-04-16,32.7,18.1,0.0
2065-04-17,32.5,17.7,0.0
2065-04-18,30.9,17.6,0.0
2065-04-19,29.9,16.0,0.0
2065-04-20,30.4,14.7,0.0
2065-04-21,31.1,15.1,0.0
2065-04-22,31.1,16.0,0.0
2065-04-23,30.1,14.8,0.0
2065-04-24,30.6,13.2,0.0
2065-04-25,30.6,15.7,0.0
2065-04-26,31.1,14.8,0.0
2065-04-27,31.439130434782612,13.2,0.0
2065-04-28,31.2,13.3,0.0
2065-04-29,30.1,15.7,0.0
2065-04-30,30.1,15.7,0.0
2065-05-01,29.2,14.391292082699218,0.0
2065-05-02,28.3,14.0,0.0
2065-05-03,28.9,13.5,0.0
2065-05-04,29.4,12.8,0.0
2065-05-05,29.449832077502684,12.6,0.0
2065-05-06,30.0,12.4,0.0
2065-05-07,30.7,11.9,0.0
2065-05-08,30.6,13.6,0.0
2065-05-09,30.024217615863947,13.2,0.0
2065-05-10,30.0,13.5,0.0
2065-05-11,29.597024450253713,14.0,0.0
2065-05-12,29.5,13.0,0.0
2065-05-13,29.2,12.5,0.0
2065-05-14,29.5,12.2,0.0
2065-05-15,30.0,13.1,0.0
2065-05-16,28.7,15.1,0.0
2065-05-17,27.2,13.9,0.0
2065-05-18,27.0,13.2,0.0
2065-05-19,28.791380901122555,11.6,0.0
2065-05-20,30.00930565568185,13.4,0.0
2065-05-21,30.72370726655856,15.5,0.0
2065-05-22,30.91426379314293,16.0,0.0
2065-05-23,30.8,17.86681226720918,0.0
2065-05-24,31.6,16.2,0.0
2065-05-25,29.4,17.5,0.0
2065-05-26,26.237608865838148,17.560250643711367,0.0
2065-05-27,28.7,17.2,0.0
2065-05-28,27.688228775048113,15.3,0.0
2065-05-29,26.7,15.6,0.0
2065-05-30,24.9,15.3,0.0
2065-05-31,26.208794891868088,14.2,0.0
2065-06-01,24.8,12.2,0.0
2065-06-02,24.3,11.3,0.0
2065-06-03,25.0,11.9,0.0
2065-06-04,25.8,11.5,0.0
2065-06-05,27.8,12.0,0.0
2065-06-06,29.24700081350755,13.0,0.0
2065-06-07,30.0,14.279825477877555,0.0
2065-06-08,30.0,14.7,0.0
2065-06-09,30.395666820754325,14.7,0.0
2065-06-10,30.978824275620198,14.7,0.0
2065-06-11,30.60386126428893,17.318906940936053,0.0
2065-06-12,29.9,14.7,0.0
2065-06-13,29.984042861819198,14.7,0.0
2065-06-14,31.226991148356916,16.4,0.0
2065-06-15,30.4,15.9,0.0
2065-06-16,29.496605168937712,13.2,0.0
2065-06-17,29.5,12.3,0.0
2065-06-18,30.238215110806895,13.7,0.0
2065-06-19,30.0,16.47995576756701,0.0
2065-06-20,29.521010103338774,14.7,0.0
2065-06-21,24.338634324877106,14.3,0.0
2065-06-22,20.90327436128326,13.4,0.0
2065-06-23,18.099777530589545,13.2,1.9
2065-06-24,20.1,13.7,0.0
2065-06-25,22.0,12.7,0.0
2065-06-26,22.7,11.8,0.0
2065-06-27,23.7,11.5,0.0
2065-06-28,24.2,12.1,0.0
2065-06-29,24.8,11.510619206525778,0.0
2065-06-30,25.0,11.3,0.0
2065-07-01,26.0,11.0,0.0
2065-07-02,27.5,12.2,0.0
2065-07-03,26.9,13.2,0.0
2065-07-04,25.5,12.9,0.0
2065-07-05,23.5,11.9,0.0
2065-07-06,22.6,11.2,0.0
2065-07-07,25.7,10.0,0.0
2065-07-08,29.2,12.7,0.0
2065-07-09,28.1,15.0,0.0
2065-07-10,26.0,12.2,0.0
2065-07-11,26.2,10.634314597276168,0.0
2065-07-12,23.9,13.568851811984207,0.0
2065-07-13,19.2,10.7,0.0
2065-07-14,19.418185651287494,8.4,0.0
2065-07-15,22.4,6.4,0.0
2065-07-16,26.0,8.1,0.0
2065-07-17,28.1,11.0,0.0
2065-07-18,28.33571343140772,12.4,0.0
2065-07-19,27.5,13.0,0.0
2065-07-20,26.0,12.7,0.0
2065-07-21,25.2,12.2,0.0
2065-07-22,24.770567814854672,11.7,0.0
2065-07-23,22.3,11.2,0.0
2065-07-24,21.3,11.9,0.0
2065-07-25,23.7,12.8,0.0
2065-07-26,23.7,14.4,0.0
2065-07-27,25.0,12.9,0.0
2065-07-28,25.6,11.5,0.0
2065-07-29,26.0,11.7,0.0
2065-07-30,24.9,12.4,0.0
2065-07-31,23.7,11.7,0.0
2065-08-01,24.0,10.2,0.0
2065-08-02,26.0,10.8,0.0
2065-08-03,26.7,11.7,0.0
2065-08-04,25.2,12.9,0.0
2065-08-05,24.1,11.63658311548516,0.0
2065-08-06,23.5,10.5,0.0
2065-08-07,24.0,9.4,0.0
2065-08-08,24.1,10.2,0.0
2065-08-09,24.4,11.8,0.0
2065-08-10,24.7,11.8,0.0
2065-08-11,24.9,11.0,0.0
2065-08-12,27.2,11.4,0.0
2065-08-13,28.9,13.1,0.0
2065-08-14,30.2,15.7,0.0
2065-08-15,31.0,17.4,0.0
2065-08-16,29.5,17.2,0.0
2065-08-17,27.0,16.0,0.0
2065-08-18,26.3,13.7,0.0
2065-08-19,25.6,13.6,0.0
2065-08-20,24.5,11.0,0.0
2065-08-21,25.4,11.0,0.0
2065-08-22,26.6,11.9,0.0
2065-08-23,26.337218366059165,13.9,0.0
2065-08-24,25.6,16.7,0.0
2065-08-25,28.1,15.0,0.0
2065-08-26,29.5,15.0,0.0
2065-08-27,27.8,17.167771797631865,0.0
2065-08-28,25.6,13.5,0.0
2065-08-29,27.6,10.5,0.0
2065-08-30,30.55085991780017,10.8,0.0
2065-08-31,32.380733576466405,12.0,0.0
2065-09-01,27.7,17.0,0.0
2065-09-02,26.3,14.2,0.0
2065-09-03,27.064129077659988,13.5,0.0
2065-09-04,24.896475228886796,12.05159496214432,0.0
2065-09-05,24.74674426820118,11.4,0.0
2065-09-06,24.86488799520835,9.936330049261084,0.0
2065-09-07,25.38307246146512,7.5,0.0
2065-09-08,27.9,8.2,0.0
2065-09-09,30.0,12.7,0.0
2065-09-10,30.4,19.5,0.0
2065-09-11,29.5,18.2,0.0
2065-09-12,29.5,17.3,0.0
2065-09-13,30.7,16.9,0.0
2065-09-14,31.7,19.999389665072894,0.0
2065-09-15,33.7,17.7,0.0
2065-09-16,26.3,15.900683686480924,0.0
2065-09-17,20.819911012235817,9.816061827956991,0.0
2065-09-18,21.2,7.0,0.0
2065-09-19,23.38919280813258,7.598216656500054,0.0
2065-09-20,28.0,7.656251929456617,0.0
2065-09-21,32.0,12.7,0.0
2065-09-22,33.7,16.3,0.0
2065-09-23,34.0,20.93863053564029,0.0
2065-09-24,33.7,20.0,0.0
2065-09-25,33.0,18.8,0.0
2065-09-26,33.5,19.4,0.0
2065-09-27,35.0,20.4,0.0
2065-09-28,35.4,21.006232139713795,0.0
2065-09-29,36.0,20.5,0.0
2065-09-30,35.2,20.4,0.0
2065-10-01,35.0,19.8,0.0
2065-10-02,36.0,20.2,0.0
2065-10-03,34.9,20.9,0.0
2065-10-04,31.5,19.6,0.0
2065-10-05,33.0,17.9,0.0
2065-10-06,36.0,19.9,0.0
2065-10-07,35.4,18.9,0.0
2065-10-08,27.2,15.7,0.0
2065-10-09,28.0,14.455217540834967,0.0
2065-10-10,29.0,14.0,0.0
2065-10-11,30.8,14.8,0.0
2065-10-12,33.5,17.3,0.0
2065-10-13,35.5,21.4,0.0
2065-10-14,37.0,21.6,0.0
2065-10-15,37.55541111203112,20.2,0.0
2065-10-16,38.0,20.0,0.0
2065-10-17,39.713720703125,20.3,0.0
2065-10-18,38.31741048039091,21.4,0.0
2065-10-19,36.0,21.42553419956258,0.0
2065-10-20,36.0,20.3,0.0
2065-10-21,36.57713560210868,19.9,0.0
2065-10-22,36.7,19.8,0.0
2065-10-23,36.2,19.684186071861664,0.0
2065-10-24,34.4,19.6,4.924324324324326
2065-10-25,33.5,19.7,0.0
2065-10-26,33.3,19.8,0.0
2065-10-27,32.9,18.9,0.0
2065-10-28,34.0,18.6,0.0
2065-10-29,35.4,18.6,0.0
2065-10-30,36.4,20.0,0.0
2065-10-31,38.35650285300589,21.3,0.0
2065-11-01,41.219970703125,22.3,0.0
2065-11-02,41.7529296875,23.16266048177426,0.0
2065-11-03,32.0,20.5,0.0
2065-11-04,33.5,20.4,1.9
2065-11-05,32.9,20.4,15.25
2065-11-06,32.6,20.26611003254131,0.0
2065-11-07,33.9,20.0,0.0
2065-11-08,34.5,19.4,0.0
2065-11-09,35.9,18.7,0.0
2065-11-10,35.1,20.5,0.0
2065-11-11,34.122722336988176,20.0,0.0
2065-11-12,34.0,20.4,0.4
2065-11-13,33.2,20.391865278360296,0.8
2065-11-14,32.69340210584058,20.3,2.8
2065-11-15,32.20909582075321,20.1,0.0
2065-11-16,31.826849041307664,21.1,0.0
2065-11-17,32.6,21.7,0.0
2065-11-18,32.80972344750871,20.4,0.0
2065-11-19,32.9,20.0,0.0
2065-11-20,33.4,19.5,0.0
2065-11-21,34.4,18.9,0.0
2065-11-22,34.3,20.0,0.0
2065-11-23,35.2,20.1,0.0
2065-11-24,35.9,20.0,0.0
2065-11-25,36.18488378900532,21.5,0.0
2065-11-26,34.0,22.700278086763095,0.0
2065-11-27,34.3,21.876114510708508,0.0
2065-11-28,36.8,22.1,0.0
2065-11-29,37.3746890098413,21.0,0.0
2065-11-30,35.54031510965749,20.965800314525715,0.0
2065-12-01,33.217608740774345,21.0,0.0
2065-12-02,34.07330163403909,23.968200683593746,0.0
2065-12-03,35.50224609375,24.264831542968746,0.0
2065-12-04,35.252734375,23.693054199218746,0.0
2065-12-05,35.060595703125,23.772155761718746,0.0
2065-12-06,35.05693359375,24.512878417968746,0.0
2065-12-07,32.524614538724215,23.646911621093746,0.0
2065-12-08,32.4,23.267761230468746,0.0
2065-12-09,33.5940782575874,24.362976074218746,0.0
2065-12-10,31.6,19.4,1.0
2065-12-11,24.5,19.2,1.0
2065-12-12,29.7,20.2,0.7
2065-12-13,30.8,19.5,0.0
2065-12-14,32.09651348191888,18.3,0.0
2065-12-15,32.9,17.7,0.0
2065-12-16,33.84313285938456,17.6,0.0
2065-12-17,34.775439453125,25.249206542968746,0.0
2065-12-18,34.064270980791264,21.08745972949129,1.6
2065-12-19,28.6,20.46319375866021,11.0
2065-12-20,28.3,20.454762461518246,12.6
2065-12-21,31.1,20.560137211288986,12.6
2065-12-22,30.1,20.5,25.300851063829786
2065-12-23,31.436257441620363,20.2,0.0
2065-12-24,32.4,20.25075290694238,0.0
2065-12-25,30.473040772926556,20.3,21.9
2065-12-26,26.71368466183795,19.9,31.273191489361697
2065-12-27,26.1,20.068070700042473,40.46702127659573
2065-12-28,28.1,19.928504219139302,23.782127659574464
2065-12-29,24.6,19.5,32.962340425531906
2065-12-30,26.76359286246584,19.5,0.0
2065-12-31,30.1,19.4,1.7
2066-01-01,31.0,18.6,4.5
2066-01-02,31.002669097779044,19.5,3.7
2066-01-03,30.7,19.4,0.0
2066-01-04,31.271510684805005,19.4,8.3
2066-01-05,30.24694271171131,19.3,3.4
2066-01-06,29.9,19.150043163627434,19.0
2066-01-07,29.0,19.9,9.0
2066-01-08,30.0,19.3,10.7
2066-01-09,27.8,18.4,0.0
2066-01-10,28.2,16.8,0.0
2066-01-11,28.6,15.9,0.0
2066-01-12,29.1,17.0,0.0
2066-01-13,30.29817109404977,16.7,0.0
2066-01-14,30.4,17.2,0.0
2066-01-15,31.6,16.8,0.0
2066-01-16,31.8,17.5,0.0
2066-01-17,30.3,18.6,1.4
2066-01-18,28.5,19.3,22.349999999999998
2066-01-19,28.7,19.0,26.5
2066-01-20,29.8,18.7,3.5
2066-01-21,29.6,19.4,0.0
2066-01-22,29.2,19.8,9.3
2066-01-23,24.0,16.2,60.341666666666654
2066-01-24,19.289013671875,15.6,0.7499999999999998
2066-01-25,23.5,16.6,0.0
2066-01-26,27.5,15.3,0.0
2066-01-27,27.8,15.9,0.0
2066-01-28,28.7,16.3,0.0
2066-01-29,28.9,17.2,0.0
2066-01-30,30.49343832020996,15.6,0.0
2066-01-31,30.265238562546468,16.4,0.0
2066-02-01,30.9,15.6,0.0
2066-02-02,32.80535279805351,15.2,0.0
2066-02-03,32.1,17.2,0.0
2066-02-04,28.7,18.8,59.95160102365645
2066-02-05,25.8,18.987473566842244,27.53279445727483
2066-02-06,29.9,19.1,0.0
2066-02-07,31.0,19.5,4.2
2066-02-08,31.4,19.0,0.6
2066-02-09,27.9,19.0,0.0
2066-02-10,28.0,20.035550244952447,0.0
2066-02-11,29.0,19.908763916340675,0.0
2066-02-12,31.2,19.7,0.0
2066-02-13,30.798167461263404,19.0,0.0
2066-02-14,31.374920063860944,19.0,0.0
2066-02-15,30.2,19.1,1.3
2066-02-16,29.9,19.0,0.0
2066-02-17,30.5,17.7,0.0
2066-02-18,32.806064455135726,17.2771484341262,0.0
2066-02-19,33.44193566841325,20.088313563996252,0.0
2066-02-20,33.629266826289225,19.0,0.0
2066-02-21,32.9,19.0,24.357505773672052
2066-02-22,31.567176245012167,18.1,21.29407236335643
2066-02-23,30.5,18.5,0.0
2066-02-24,30.5,17.5,0.0
2066-02-25,30.6,18.8,0.0
2066-02-26,30.6,19.91640240928311,0.0
2066-02-27,32.83373366392289,19.9,0.0
2066-02-28,31.4,19.944760210131264,0.0
2066-03-01,29.5,18.4,0.0
2066-03-02,31.0,16.1,0.0
2066-03-03,32.48425196850394,14.2,0.0
2066-03-04,33.15093582887702,15.215445714018278,0.0
2066-03-05,33.47101840101523,18.8,0.0
2066-03-06,33.75591397849463,18.6,0.0
2066-03-07,33.07415730337078,17.0,0.0
2066-03-08,33.2,15.9,0.0
2066-03-09,35.202001953125,15.6,0.0
2066-03-10,33.0,18.582078446924616,0.0
2066-03-11,23.0,18.6,6.0
2066-03-12,29.928571428571423,15.796449698505393,0.0
2066-03-13,31.8,14.2,0.0
2066-03-14,33.7,15.3,0.0
2066-03-15,35.90244140625,16.1,0.0
2066-03-16,35.0162109375,19.8,0.0
2066-03-17,34.022580645161284,19.614749330096405,0.0
2066-03-18,33.50794701986755,19.0,0.0
2066-03-19,32.5,19.0,0.0
2066-03-20,33.2,18.0,0.0
2066-03-21,35.203955078125,18.5,0.0
2066-03-22,34.46928804094926,19.8,0.0
2066-03-23,34.18375988832012,19.8,0.0
2066-03-24,33.54536423841059,20.96038172192255,0.0
2066-03-25,33.0,21.89206791670583,0.0
2066-03-26,34.986669921875,19.3,0.0
2066-03-27,36.4390625,18.6,0.0
2066-03-28,35.469580078125,19.641719533701295,0.0
2066-03-29,33.406979695431474,19.8,0.0
2066-03-30,33.2,20.447909835819942,0.0
2066-03-31,33.0,20.3,1.4
2066-04-01,31.864843750000002,19.4,0.0
2066-04-02,32.91368821292776,17.3,0.0
2066-04-03,32.339036144578316,17.9,0.0
2066-04-04,32.5,15.7,0.0
2066-04-05,35.616943359375,16.0,0.0
2066-04-06,35.9130859375,18.0,0.0
2066-04-07,31.7,19.0,0.0
2066-04-08,32.2,17.9,0.0
2066-04-09,32.7,19.7,0.0
2066-04-10,32.7,19.750235478806907,0.0
2066-04-11,32.70203389830508,21.079119873046874,0.0
2066-04-12,32.2,19.235273211905817,0.0
2066-04-13,32.34939759036145,19.7,0.0
2066-04-14,33.58058968058969,18.7,0.0
2066-04-15,33.25794392523364,19.7,0.0
2066-04-16,35.712890625,22.11925048828125,0.0
2066-04-17,33.2,19.7,0.0
2066-04-18,34.0926724137931,19.090196078431372,0.0
2066-04-19,31.6,19.206930253220794,0.0
2066-04-20,30.7,17.12043010752688,0.0
2066-04-21,28.5,18.1,0.0
2066-04-22,29.9,16.3,0.0
2066-04-23,30.155913978494624,15.5,0.0
2066-04-24,31.1,15.985714285714284,0.0
2066-04-25,31.0,17.0,0.0
2066-04-26,28.0,16.7,0.0
2066-04-27,25.0,17.2,0.0
2066-04-28,29.7,17.2,0.0
2066-04-29,31.9,18.7,0.0
2066-04-30,32.65984251968504,17.3,0.0
2066-05-01,32.7,17.5,0.0
2066-05-02,32.7,17.85657507956362,0.0
2066-05-03,32.62404332781625,16.9,0.0
2066-05-04,32.220933758804016,16.71763316259814,0.0
2066-05-05,32.32736882079414,16.809046100916238,0.0
2066-05-06,33.29226052798494,16.2,0.0
2066-05-07,31.0,17.827277981241195,0.0
2066-05-08,29.4,17.8,1.2
2066-05-09,30.0,15.96004809976821,0.0
2066-05-10,30.4,15.2,0.0
2066-05-11,30.84024966144657,15.11066678422857,0.0
2066-05-12,29.8,16.722880921247484,0.0
2066-05-13,28.5,15.2,0.0
2066-05-14,28.7,13.721925897608712,0.0
2066-05-15,29.5,14.9,0.0
2066-05-16,30.0,14.5,0.0
2066-05-17,30.1,14.7,0.0
2066-05-18,29.5,16.2,0.0
2066-05-19,27.0,16.613679625503774,0.0
2066-05-20,27.5,16.0,0.0
2066-05-21,27.0,13.5,0.0
2066-05-22,26.1,11.6,0.0
2066-05-23,26.9,11.2,0.0
2066-05-24,27.8,12.4,0.0
2066-05-25,28.8,14.5,0.0
2066-05-26,29.8,14.9,0.0
2066-05-27,30.389218360066987,15.542540082714844,0.0
2066-05-28,29.7,15.7,0.0
2066-05-29,28.2,14.5,0.0
2066-05-30,28.6,13.2,0.0
2066-05-31,29.3,12.9,0.0
2066-06-01,29.9083336529733,12.9,0.0
2066-06-02,29.0,15.9,0.0
2066-06-03,28.6,14.3,0.0
2066-06-04,29.0,13.355188801048788,0.0
2066-06-05,28.6,11.6,0.0
2066-06-06,29.2,12.0,0.0
2066-06-07,29.0,13.4,0.0
2066-06-08,23.1,14.4,0.0
2066-06-09,24.2,14.3,0.0
2066-06-10,26.0,13.211049912088713,0.0
2066-06-11,26.0,14.261527316267902,0.0
2066-06-12,26.6,12.6,0.0
2066-06-13,25.61066833518725,14.3,0.0
2066-06-14,24.8,12.638797494291907,0.0
2066-06-15,23.2,11.5,0.0
2066-06-16,23.9,9.205116796440493,0.0
2066-06-17,24.7,6.5,0.0
2066-06-18,25.0,4.5,0.0
2066-06-19,25.9,3.5,0.0
2066-06-20,26.5,3.4,0.0
2066-06-21,25.2,5.6,0.0
2066-06-22,24.9,7.9,0.0
2066-06-23,24.5,9.2,0.0
2066-06-24,23.405015673981193,10.0,0.0
2066-06-25,23.7,9.202260006709398,0.0
2066-06-26,24.0,9.6,0.0
2066-06-27,25.0,12.0,0.0
2066-06-28,26.0,13.2,0.0
2066-06-29,27.0,12.6,0.0
2066-06-30,27.6,12.3,0.0
2066-07-01,27.2,13.0,0.0
2066-07-02,26.7,12.4,0.0
2066-07-03,26.7,12.22431296769424,0.0
2066-07-04,25.7,12.0,0.0
2066-07-05,24.6,11.7,0.0
2066-07-06,25.2,11.2,0.0
2066-07-07,25.7,12.0,0.0
2066-07-08,24.0,11.9,0.0
2066-07-09,24.0,10.318794903246799,0.0
2066-07-10,25.0,9.9,0.0
2066-07-11,25.7,10.0,0.0
2066-07-12,25.9,9.5,0.0
2066-07-13,25.9,9.9,0.0
2066-07-14,25.6,10.2,0.0
2066-07-15,25.9,8.3,0.0
2066-07-16,25.8,9.0,0.0
2066-07-17,26.0,8.5,0.0
2066-07-18,26.4,7.5,0.0
2066-07-19,26.5,10.0,0.0
2066-07-20,27.1,11.2,0.0
2066-07-21,27.7,12.4,0.0
2066-07-22,27.793972012917106,12.4,0.0
2066-07-23,26.3,12.9,0.0
2066-07-24,25.0,10.5,0.0
2066-07-25,25.7,9.0,0.0
2066-07-26,25.5,9.5,0.0
2066-07-27,27.3,9.9,0.0
2066-07-28,28.8,11.4,0.0
2066-07-29,29.0,12.4,0.0
2066-07-30,28.0,12.4,0.0
2066-07-31,27.9,12.8,0.0
2066-08-01,29.5,12.79355913708952,0.0
2066-08-02,28.5,13.0,0.0
2066-08-03,30.2,11.2,0.0
2066-08-04,30.2,11.5,0.0
2066-08-05,28.2,13.7,0.0
2066-08-06,28.9,13.5,0.0
2066-08-07,29.08916863545496,13.6,0.0
2066-08-08,29.1,13.5,0.0
2066-08-09,29.8,14.5,0.0
2066-08-10,28.7,15.6,0.0
2066-08-11,26.5,14.8,0.0
2066-08-12,26.1,13.1,0.0
2066-08-13,25.7,13.0,0.0
2066-08-14,26.5,14.2,0.0
2066-08-15,28.2,17.06662921053323,0.0
2066-08-16,30.3,17.5653727020327,0.0
2066-08-17,31.0,19.0,0.0
2066-08-18,30.9,19.0,0.0
2066-08-19,31.0,17.93705549532844,0.0
2066-08-20,31.9,19.0,0.0
2066-08-21,32.1,19.24600501554879,0.0
2066-08-22,32.5,19.0,0.0
2066-08-23,34.130127078725636,19.0,0.0
2066-08-24,38.297607421875,19.0,0.0
2066-08-25,38.541259765625,29.53271484375,0.0
2066-08-26,34.57086538746407,28.353271484375,0.0
2066-08-27,30.5,19.0,0.0
2066-08-28,27.0,16.9,0.0
2066-08-29,29.5,14.2,0.0
2066-08-30,29.8,13.5,0.0
2066-08-31,29.0,14.5,0.0
2066-09-01,31.1,14.9,0.0
2066-09-02,32.7,16.4,0.0
2066-09-03,33.7,17.70274749721914,0.0
2066-09-04,34.0,17.9,0.0
2066-09-05,34.828094017507375,17.5,0.0
2066-09-06,33.7,18.2,0.0
2066-09-07,31.6,18.183612422210874,0.0
2066-09-08,31.0,17.6,0.0
2066-09-09,31.1,16.7,0.0
2066-09-10,32.0,16.9,0.0
2066-09-11,32.1,18.2,0.0
2066-09-12,31.2,18.2,0.0
2066-09-13,31.0,17.2,0.0
2066-09-14,32.9,17.9,0.0
2066-09-15,34.9,18.6,0.0
2066-09-16,36.0,18.8,0.0
2066-09-17,34.5,19.56281231282622,0.0
2066-09-18,33.2,19.6,0.0
2066-09-19,34.0,18.5,0.0
2066-09-20,34.5,19.0,0.0
2066-09-21,32.0,20.0,0.0
2066-09-22,31.1,17.8,0.0
2066-09-23,31.9,17.64007638116426,0.0
2066-09-24,33.7,18.2,0.0
2066-09-25,34.2,20.2,0.0
2066-09-26,34.7,21.301978966528466,0.0
2066-09-27,35.4,22.867571044176962,0.0
2066-09-28,35.93575788816843,22.828525936467095,0.0
2066-09-29,36.0,23.538330078125,0.0
2066-09-30,33.7,21.55444773481533,0.0
2066-10-01,32.7,20.0,0.0
2066-10-02,34.6,20.0,0.0
2066-10-03,35.5,20.2,0.0
2066-10-04,36.0,20.7,0.0
2066-10-05,35.1,21.0,0.0
2066-10-06,34.50142419475034,19.9,0.0
2066-10-07,34.2,20.044641497545214,0.0
2066-10-08,33.9,20.6,0.0
2066-10-09,31.4,21.0,0.0
2066-10-10,32.1,20.0,0.0
2066-10-11,33.9,19.9,0.0
2066-10-12,35.0,19.6,0.0
2066-10-13,36.0,21.3,0.0
2066-10-14,36.6,21.6,0.0
2066-10-15,36.0,21.175391577513672,0.0
2066-10-16,37.70055020514907,19.5,0.0
2066-10-17,38.43759765625,21.445550771438818,0.0
2066-10-18,35.34799269902184,22.777878295124008,0.0
2066-10-19,32.1,20.5,0.0
2066-10-20,32.5,19.6,0.0
2066-10-21,32.7,19.2,0.0
2066-10-22,32.9,18.6,0.0
2066-10-23,34.1,20.0,0.0
2066-10-24,35.2,20.74095567931856,0.0
2066-10-25,34.9,22.0,0.0
2066-10-26,36.42184953098569,23.356429809658426,0.0
2066-10-27,37.0,25.429638671875,0.0
2066-10-28,37.1310657846718,23.0,0.0
2066-10-29,35.0,21.1,0.0
2066-10-30,36.454347032139005,21.6,0.0
2066-10-31,36.0,21.9,0.0
2066-11-01,36.3,23.058130916894346,0.0
2066-11-02,36.88367954057479,23.35876415269975,0.0
2066-11-03,36.317598331317974,23.39288357003953,0.0
2066-11-04,40.071533203125,23.08438430591364,0.0
2066-11-05,37.34604862060474,25.335791015625,0.0
2066-11-06,35.6,21.1,0.0
2066-11-07,40.56298828125,18.9,0.0
2066-11-08,40.65478515625,19.8,0.0
2066-11-09,37.557053248596574,20.4,0.0
2066-11-10,30.4,19.6,0.0
2066-11-11,32.7,20.5,0.0
2066-11-12,32.9,19.5,0.0
2066-11-13,33.5,19.5,0.0
2066-11-14,34.124386884898556,23.0,0.0
2066-11-15,35.2,21.382049717380163,0.0
2066-11-16,36.2,20.7,0.0
2066-11-17,36.4,22.9,0.0
2066-11-18,36.86362754481721,21.1,0.0
2066-11-19,35.08128456637912,19.9,0.0
2066-11-20,33.9,20.0,0.0
2066-11-21,32.887313063898155,19.817093798177332,2.233333333333333
2066-11-22,29.9,20.0,34.32857142857143
2066-11-23,31.9,19.5,4.8
2066-11-24,31.0,19.7,2.5
2066-11-25,32.6,18.0,0.0
2066-11-26,30.5,20.0,8.060000000000002
2066-11-27,28.7,20.0,9.099999999999998
2066-11-28,29.10610718737017,19.8,4.7
2066-11-29,31.3,18.2,0.0
2066-11-30,31.70203071639053,19.9,0.0
2066-12-01,30.5,18.8,0.0
2066-12-02,30.6,19.4,29.17574468085106
2066-12-03,30.6,19.937797079131848,2.026595744680851
2066-12-04,28.9,18.9,3.711063829787238
2066-12-05,29.0,19.8,15.474680851063834
2066-12-06,29.6,19.5,0.2
2066-12-07,29.7,19.6,0.10063829787234044
2066-12-08,29.59511388589881,19.7,1.7
2066-12-09,29.5,19.8,5.7482978723404266
2066-12-10,24.7290870233156,19.6,28.3
2066-12-11,27.0,19.5,0.0
2066-12-12,28.3,18.8,0.0
2066-12-13,30.5,17.4,0.0
2066-12-14,31.8,17.1,0.0
2066-12-15,32.1,18.7,0.0
2066-12-16,32.574298967714924,18.0,0.0
2066-12-17,33.11652113575469,17.6,0.0
2066-12-18,33.7,18.3,0.0
2066-12-19,33.1,19.0,0.0
2066-12-20,31.8,19.9,0.0
2066-12-21,30.2,19.0,1.0
2066-12-22,32.0,18.817968526310835,7.6
2066-12-23,31.6,20.0,10.54026595744681
2066-12-24,32.1,19.2,0.0
2066-12-25,31.6,20.071340843449256,2.7
2066-12-26,29.989970159828857,20.05826026982215,0.0
2066-12-27,29.7,19.9,8.6
2066-12-28,25.0,19.2,5.6
2066-12-29,26.740045955121303,18.8,0.0
2066-12-30,29.8,17.7,23.8
2066-12-31,28.3,19.4,3.3
2067-01-01,28.238105489773943,17.5,4.4
2067-01-02,30.4,19.4,0.0
2067-01-03,29.4,19.4,1.1
2067-01-04,29.5,19.6,5.9
2067-01-05,27.9,19.5,60.4
2067-01-06,29.1,19.127377108001426,16.4
2067-01-07,26.9,18.9,28.3
2067-01-08,28.4,18.6,2.8
2067-01-09,24.8,19.5,7.7
2067-01-10,24.2,18.7,8.5
2067-01-11,27.0,19.4,2.6
2067-01-12,27.9,17.9,1.4
2067-01-13,28.8,17.5,5.7
2067-01-14,28.6,19.2,7.4
2067-01-15,30.0,19.1,16.8
2067-01-16,30.4,18.9,29.476923076923086
2067-01-17,25.6,19.7,32.214285714285715
2067-01-18,28.6,19.67661432676221,36.78
2067-01-19,30.672719842656846,19.7,24.0
2067-01-20,28.1,19.5,5.4
2067-01-21,30.2,18.9,34.6
2067-01-22,29.5,18.5,41.0375
2067-01-23,29.2,19.0,0.0
2067-01-24,29.45151908586568,17.4,0.0
2067-01-25,31.016872652182503,18.9,0.0
2067-01-26,31.1,16.9,0.0
2067-01-27,30.9,19.57588951619398,1.0
2067-01-28,30.1,19.4,0.0
2067-01-29,29.0,19.4,4.450000000000002
2067-01-30,26.3,19.2,10.4
2067-01-31,27.0,18.8,10.0
2067-02-01,28.816358595802676,18.7,0.2
2067-02-02,31.0,18.5,11.11224018475751
2067-02-03,28.3,18.6,5.178290993071592
2067-02-04,29.0,18.9,0.0
2067-02-05,29.0,18.9,0.0
2067-02-06,28.5,18.7,8.549653579676681
2067-02-07,26.7,18.5,0.0
2067-02-08,29.0,18.1,0.0
2067-02-09,30.9,18.0,0.0
2067-02-10,29.2,18.5,0.0
2067-02-11,30.5,18.5,0.0
2067-02-12,32.715115912881544,15.6,0.0
2067-02-13,32.81626487331401,16.6,0.0
2067-02-14,29.8,19.570692615074453,22.578521939953813
2067-02-15,25.2,18.9,0.6
2067-02-16,31.7,18.5,6.424133949191687
2067-02-17,30.6,18.2,1.810854503464203
2067-02-18,28.6,19.2,0.6
2067-02-19,30.0,18.9,0.0
2067-02-20,31.4,17.6,0.0
2067-02-21,31.4,19.5,0.0
2067-02-22,30.5,18.6,0.0
2067-02-23,29.4,17.9,48.24480369515011
2067-02-24,29.5,17.6,6.4
2067-02-25,27.9,18.9,7.0
2067-02-26,29.1,18.3,0.3
2067-02-27,28.5,18.2,0.6
2067-02-28,29.232423768375046,18.7,15.8
2067-03-01,27.1,19.0,7.207638888888888
2067-03-02,27.5,19.0,12.056481481481477
2067-03-03,27.0,19.0,2.075000000000001
2067-03-04,27.4,19.4,5.726111111111107
2067-03-05,28.6,19.0,19.0
2067-03-06,27.4,19.4,27.528703703703705
2067-03-07,24.8,18.0,10.9
2067-03-08,29.5,17.8,0.0
2067-03-09,28.0,18.6,0.0
2067-03-10,30.6,17.3,0.0
2067-03-11,30.7,18.7,0.0
2067-03-12,30.1,18.4,0.0
2067-03-13,30.7,18.6,25.338568376068377
2067-03-14,31.86576576576576,19.0,21.54652777777776
2067-03-15,27.5,18.953835038366705,0.0
2067-03-16,28.9,17.2,0.0
2067-03-17,30.9,16.5,0.0
2067-03-18,30.254591836734697,18.2,0.0
2067-03-19,29.0,17.8,1.4
2067-03-20,27.0,18.6,0.0
2067-03-21,28.2,16.1,0.0
2067-03-22,29.3,15.6,0.0
2067-03-23,29.8,15.2,0.0
2067-03-24,30.7,17.8,0.0
2067-03-25,31.0,19.0,0.0
2067-03-26,31.2,17.661435898363642,0.0
2067-03-27,31.7,16.2,0.0
2067-03-28,31.738255033557042,18.8,0.0
2067-03-29,29.5,18.1,2.6625000000000014
2067-03-30,28.5,18.6,0.0
2067-03-31,29.6,19.8,8.55586419753086
2067-04-01,28.53636363636364,18.8,1.4
2067-04-02,24.2,18.4,0.0
2067-04-03,27.3,18.8,0.0
2067-04-04,28.355555555555558,16.6,0.0
2067-04-05,28.3,16.0,0.0
2067-04-06,30.0,18.232203389830502,0.0
2067-04-07,28.6,16.0,9.4
2067-04-08,28.7,18.7,1.4
2067-04-09,30.3,17.8,1.6
2067-04-10,30.9,18.1,36.43790322580645
2067-04-11,28.6,17.9,20.086363636363632
2067-04-12,27.7,17.8,2.3
2067-04-13,25.2,18.823835616438352,17.300000000000004
2067-04-14,26.0,18.8,16.823529411764707
2067-04-15,26.5,18.8,0.0
2067-04-16,28.7,18.254802259887004,0.0
2067-04-17,28.584090909090907,16.7,0.0
2067-04-18,28.9,16.3,0.0
2067-04-19,28.2,17.0,0.0
2067-04-20,26.9,16.7,0.0
2067-04-21,25.4,17.9,0.0
2067-04-22,26.0,14.5,0.0
2067-04-23,26.0,13.9,0.0
2067-04-24,25.57741935483871,17.56497854077253,0.0
2067-04-25,25.16625,16.7,0.0
2067-04-26,25.2,15.3,0.0
2067-04-27,23.4,17.4,0.0
2067-04-28,24.722608695652173,17.1,9.4
2067-04-29,24.7,16.7,0.0
2067-04-30,25.4,16.0,0.0
2067-05-01,24.9,12.7,0.0
2067-05-02,24.9,10.2,0.0
2067-05-03,24.6,8.5,0.0
2067-05-04,25.2,10.473224298314667,0.0
2067-05-05,25.2,12.7,0.0
2067-05-06,25.4,11.0,0.0
2067-05-07,25.6,9.0,0.0
2067-05-08,25.7,10.2,0.0
2067-05-09,25.6,9.9,0.0
2067-05-10,24.9,9.5,0.0
2067-05-11,24.4,7.5,0.0
2067-05-12,23.8,6.5,0.0
2067-05-13,24.9,8.9,0.0
2067-05-14,24.5,7.9,0.0
2067-05-15,24.0,8.0,0.0
2067-05-16,24.1,6.296218313441133,0.0
2067-05-17,23.5,7.8,0.0
2067-05-18,23.5,8.1,0.0
2067-05-19,24.2,8.0,0.0
2067-05-20,25.2,8.449283270630612,0.0
2067-05-21,26.0,9.6,0.0
2067-05-22,27.5,16.0,0.0
2067-05-23,27.5,18.0,0.0
2067-05-24,24.3,14.7,0.0
2067-05-25,26.5,12.4,0.0
2067-05-26,28.1,11.0,0.0
2067-05-27,27.9,11.66319450194584,0.0
2067-05-28,26.9,12.2,0.0
2067-05-29,25.6,11.4,0.0
2067-05-30,24.0,15.2,0.0
2067-05-31,24.9,15.0,0.0
2067-06-01,26.4,13.207784186730787,0.0
2067-06-02,27.6,14.4033467245352,0.0
2067-06-03,28.5,14.0,0.0
2067-06-04,29.0,13.2,0.0
2067-06-05,28.44424868731087,12.393702598847208,0.0
2067-06-06,27.2,12.9,0.0
2067-06-07,25.2,9.9,0.0
2067-06-08,25.4,8.46075046347794,0.0
2067-06-09,26.2,8.0,0.0
2067-06-10,27.5,9.067769744160177,0.0
2067-06-11,28.0,9.6,0.0
2067-06-12,29.5,10.0,0.0
2067-06-13,29.3,10.840343437152399,0.0
2067-06-14,28.6,10.0,0.0
2067-06-15,27.2,11.5,0.0
2067-06-16,27.3,12.2,0.0
2067-06-17,25.9,12.0,0.0
2067-06-18,24.958636283305434,9.9,0.0
2067-06-19,25.9,6.9,0.0
2067-06-20,25.2,8.2,0.0
2067-06-21,23.7,8.6,0.0
2067-06-22,23.4,6.5,0.0
2067-06-23,23.7,7.0,0.0
2067-06-24,25.0,6.997330367074527,0.0
2067-06-25,23.7,8.4,0.0
2067-06-26,23.6,6.4977753058954395,0.0
2067-06-27,24.2,3.9,0.0
2067-06-28,22.5,8.4,0.0
2067-06-29,20.127801022542886,9.6,0.0
2067-06-30,21.0,9.2,0.0
2067-07-01,18.0,11.5,0.0
2067-07-02,23.2,9.6,0.0
2067-07-03,25.0,12.9,0.0
2067-07-04,25.2,14.2,0.0
2067-07-05,26.0,12.4,0.0
2067-07-06,27.6,12.2,0.0
2067-07-07,28.327319015155386,12.9,0.0
2067-07-08,27.6,13.1,0.0
2067-07-09,24.6,11.6,0.0
2067-07-10,24.9,8.6,0.0
2067-07-11,25.2,10.0,0.0
2067-07-12,26.8,10.0,0.0
2067-07-13,28.0,10.9,0.0
2067-07-14,28.351514685529743,11.9,0.0
2067-07-15,27.65135481236776,12.2,0.0
2067-07-16,26.0,12.2,0.0
2067-07-17,25.164380473045703,10.786714151569976,0.0
2067-07-18,25.093756727664147,8.2,0.0
2067-07-19,26.7,8.9,0.0
2067-07-20,27.6,11.7,0.0
2067-07-21,28.0,12.5,0.0
2067-07-22,28.0,13.363464009166988,0.0
2067-07-23,26.2,13.3,0.0
2067-07-24,26.0,12.2,0.0
2067-07-25,26.7,12.0,0.0
2067-07-26,27.5,12.266958468967363,0.0
2067-07-27,27.7,12.4,0.0
2067-07-28,28.0,13.3,0.0
2067-07-29,28.5,14.2,0.0
2067-07-30,28.6,14.2,0.0
2067-07-31,27.6,13.4,0.0
2067-08-01,28.6,14.0,0.0
2067-08-02,29.8,14.7,0.0
2067-08-03,30.0,15.285431715122073,0.0
2067-08-04,29.9,14.9,0.0
2067-08-05,30.2,15.2,0.0
2067-08-06,26.9,16.9,0.0
2067-08-07,26.0,14.2,0.0
2067-08-08,25.6,12.3,0.0
2067-08-09,26.6,11.8,0.0
2067-08-10,27.0,13.1,0.0
2067-08-11,27.6,14.7,0.0
2067-08-12,26.7,14.9,0.0
2067-08-13,25.4,17.2,0.0
2067-08-14,25.4,13.7,0.0
2067-08-15,26.7,11.9,0.0
2067-08-16,28.5,12.4,0.0
2067-08-17,30.2,15.0,0.0
2067-08-18,30.9,16.768907148585416,0.0
2067-08-19,30.5,17.166307205532174,0.0
2067-08-20,28.6,16.989942687574544,0.0
2067-08-21,28.6,14.1,0.0
2067-08-22,29.8,13.1,0.0
2067-08-23,28.6,15.0,0.0
2067-08-24,27.7,14.7,0.0
2067-08-25,28.6,13.5,0.0
2067-08-26,30.2,13.8,0.0
2067-08-27,28.0,16.7,0.0
2067-08-28,27.2,14.9,0.0
2067-08-29,27.5,13.7,0.0
2067-08-30,26.7,13.4,0.0
2067-08-31,27.2,13.4,0.0
2067-09-01,29.2,14.2,0.0
2067-09-02,29.7,15.1,0.0
2067-09-03,30.4,15.7,0.0
2067-09-04,31.2,16.0,0.0
2067-09-05,31.6,16.6,0.0
2067-09-06,31.5,16.9,0.0
2067-09-07,32.0,15.84887735343798,0.0
2067-09-08,33.7,16.1,0.0
2067-09-09,34.9,18.0,0.0
2067-09-10,33.8,18.9,0.0
2067-09-11,33.4,18.9,0.0
2067-09-12,31.2,19.2,0.0
2067-09-13,25.4,16.3,0.0
2067-09-14,27.6,14.1,0.0
2067-09-15,29.8,14.9,0.0
2067-09-16,31.9,16.9,0.0
2067-09-17,33.7,21.220365546382745,0.0
2067-09-18,34.2,20.0,0.0
2067-09-19,33.8,20.2,0.0
2067-09-20,34.5,20.0,0.0
2067-09-21,34.4,20.2,0.0
2067-09-22,34.4,21.155827171803097,0.0
2067-09-23,35.1,20.361906831899073,0.0
2067-09-24,36.05367531758857,19.6,0.0
2067-09-25,39.282470703125,20.257468719783066,0.0
2067-09-26,39.6875,21.2,0.0
2067-09-27,35.30549542226406,22.033119642570444,0.0
2067-09-28,34.1,20.947257301140706,0.0
2067-09-29,33.0,20.37984764459508,0.0
2067-09-30,33.1,19.6,0.0
2067-10-01,33.4,19.2,0.0
2067-10-02,33.0,19.6,0.0
2067-10-03,33.2,19.4,0.0
2067-10-04,33.7,19.6,0.0
2067-10-05,34.2,19.9,0.0
2067-10-06,35.2759627424705,20.0,0.0
2067-10-07,36.0,20.6,0.0
2067-10-08,35.539231252242544,21.0,0.0
2067-10-09,35.6,20.7,0.0
2067-10-10,34.4,21.0,0.0
2067-10-11,32.4,19.4,0.0
2067-10-12,32.7,18.7,0.0
2067-10-13,33.0,19.5,0.0
2067-10-14,32.7,17.4,0.0
2067-10-15,33.2,18.486127050672966,0.0
2067-10-16,32.1,17.9,0.0
2067-10-17,31.7,19.4,0.0
2067-10-18,33.1,20.0,0.0
2067-10-19,32.2,20.0,0.0
2067-10-20,32.8,19.9,0.0
2067-10-21,34.4,19.7,0.0
2067-10-22,36.58032623996024,20.0,0.0
2067-10-23,36.9,21.4,0.0
2067-10-24,38.0,21.813788041882752,0.0
2067-10-25,36.9,22.2,0.0
2067-10-26,35.2,21.6,0.0
2067-10-27,36.0,20.3,0.0
2067-10-28,36.9,20.5,0.0
2067-10-29,36.9,21.6,0.0
2067-10-30,37.14630994329594,22.239897739504833,0.0
2067-10-31,37.2,21.7,0.0
2067-11-01,34.8,22.4,0.0
2067-11-02,35.2,20.463284420538294,0.0
2067-11-03,37.2,22.0,0.0
2067-11-04,39.67626953125,22.9,0.0
2067-11-05,39.736083984375,22.518983234680594,0.0
2067-11-06,37.75284133386114,24.165869140625,0.0
2067-11-07,33.3,21.4,0.0
2067-11-08,36.69178697158531,23.2,0.0
2067-11-09,36.91511239878933,23.2,0.0
2067-11-10,37.2,21.68923828408372,0.0
2067-11-11,37.01420291552015,25.135595703125,0.0
2067-11-12,36.0,21.2,0.0
2067-11-13,33.5,20.4,1.8
2067-11-14,33.0,20.5,8.9
2067-11-15,27.0,20.0,22.490909090909092
2067-11-16,29.9,18.0,0.0
2067-11-17,31.5,16.5,0.0
2067-11-18,31.7033389926429,17.0,0.0
2067-11-19,31.5,20.0,0.0
2067-11-20,31.2,18.1,0.0
2067-11-21,28.4,19.4,0.0
2067-11-22,31.4,17.1,0.0
2067-11-23,32.5,18.2,0.0
2067-11-24,32.6,18.78627410085303,0.0
2067-11-25,34.7,16.5,0.0
2067-11-26,36.2,17.9,0.0
2067-11-27,36.2,23.17760295750434,0.0
2067-11-28,34.5,20.5,0.0
2067-11-29,31.999607751302612,20.0,2.5
2067-11-30,30.0,20.0,29.52307692307693
2067-12-01,24.525665805299276,17.9,29.237978723404254
2067-12-02,21.281205432841134,17.4,0.0
2067-12-03,24.8,17.3,0.0
2067-12-04,27.5,16.9,0.0
2067-12-05,28.3,16.4,0.0
2067-12-06,29.9,16.1,0.0
2067-12-07,31.0,17.4,0.0
2067-12-08,31.3,19.6,0.0
2067-12-09,32.1,18.9,0.0
2067-12-10,31.6,20.5,0.0
2067-12-11,31.3,19.2,0.0
2067-12-12,30.7,18.4,0.0
2067-12-13,30.4,17.5,0.0
2067-12-14,31.5,17.4,0.0
2067-12-15,32.4,17.2,0.0
2067-12-16,33.844487457371756,17.2,0.0
2067-12-17,32.1,23.193786621093746,0.0
2067-12-18,31.16670496438867,19.4,0.0
2067-12-19,30.2,19.6,0.303191489361702
2067-12-20,31.5,19.6,0.0
2067-12-21,32.59242707018452,19.9,0.0
2067-12-22,33.2259787997123,20.568642410936114,0.0
2067-12-23,33.1,20.56374673920422,0.3
2067-12-24,32.4,20.0,3.4
2067-12-25,31.387917771535076,20.0,15.4
2067-12-26,31.6,20.3,1.3
2067-12-27,31.4,19.9,1.7
2067-12-28,27.7,20.2,10.6
2067-12-29,27.0,19.6,39.38529980657641
2067-12-30,27.6,19.50979211517763,18.8
2067-12-31,27.0,19.7,0.6
2068-01-01,29.0,19.7,31.257142857142853
2068-01-02,25.424228089060108,19.0,27.9
2068-01-03,25.4,18.8,1.1
2068-01-04,24.0,19.1,58.4512195121951
2068-01-05,24.8,18.9,65.0145631067961
2068-01-06,24.8,19.0,0.0
2068-01-07,29.0,17.7,0.0
2068-01-08,30.66328929840522,16.9,0.0
2068-01-09,30.3,18.4,5.0
2068-01-10,28.7,19.4,0.7
2068-01-11,29.5,18.6,10.8
2068-01-12,28.6,19.6,33.4
2068-01-13,28.6,19.267546339559242,31.4
2068-01-14,25.9,18.9,8.55
2068-01-15,28.4,17.0,5.8
2068-01-16,30.1,19.6,0.0
2068-01-17,29.7,18.8,0.0
2068-01-18,31.6,19.0,23.0
2068-01-19,28.4,19.8,35.06666666666667
2068-01-20,27.4,19.7,48.89310344827588
2068-01-21,26.6,19.6,17.9
2068-01-22,29.0,19.422431255504463,1.0
2068-01-23,29.7,19.0,0.6
2068-01-24,27.4,17.6,4.0
2068-01-25,28.9,17.7,1.6
2068-01-26,27.7,18.4,10.0
2068-01-27,28.4,19.6,0.0
2068-01-28,28.2,19.713403776023465,2.4
2068-01-29,29.4,19.5,0.0
2068-01-30,29.3,19.5,2.1
2068-01-31,27.0,19.8,11.2
2068-02-01,26.7,19.651799210455597,27.85427251732102
2068-02-02,24.5,19.0,27.445433550283443
2068-02-03,24.62466143047787,18.93683801760929,1.4
2068-02-04,26.8,19.0,2.8
2068-02-05,23.6,19.0,125.0
2068-02-06,21.542972905802213,18.2,59.754759378315974
2068-02-07,29.0,18.4,2.4627020785219402
2068-02-08,27.6,18.9,3.8
2068-02-09,28.5,18.0,0.6
2068-02-10,30.2,19.0,0.0
2068-02-11,30.9,19.0,1.165819861431871
2068-02-12,28.1,19.0,59.213444853629625
2068-02-13,25.0,19.0,108.58599507982744
2068-02-14,24.7,19.0,17.8
2068-02-15,26.2,18.8,2.0
2068-02-16,26.2,18.6,0.0
2068-02-17,27.6,17.4,0.0
2068-02-18,29.0,15.2,0.0
2068-02-19,26.8,20.32157076368254,0.0
2068-02-20,27.2,18.0,0.0
2068-02-21,29.1,15.0,0.0
2068-02-22,29.78358779348052,16.5,0.0
2068-02-23,30.1,16.2,0.0
2068-02-24,31.6,16.6,0.0
2068-02-25,32.8,18.965929870429477,0.0
2068-02-26,32.9891083784256,18.8,0.5
2068-02-27,30.0,18.3,2.6466512702078524
2068-02-28,30.4,19.0,17.8
2068-03-01,30.2,18.9,6.9837962962962985
2068-03-02,28.7,19.4,0.0
2068-03-03,26.7,19.6,0.0
2068-03-04,27.4,18.6,6.9837962962962985
2068-03-05,26.6,18.9,0.0
2068-03-06,26.396747967479673,19.0,25.338568376068377
2068-03-07,26.3,18.6,16.34340277777778
2068-03-08,24.0,18.2,62.487295263390834
2068-03-09,22.643333333333334,18.2,62.2869411243913
2068-03-10,26.2,19.0,0.0
2068-03-11,29.4,19.8,0.0
2068-03-12,26.3,18.6,0.0
2068-03-13,27.5,18.2,0.0
2068-03-14,30.6,18.6,17.42638888888889
2068-03-15,25.0,18.6,21.660763888888887
2068-03-16,26.3,16.1,0.0
2068-03-17,30.0,14.5,0.0
2068-03-18,31.2,15.3,0.0
2068-03-19,30.7,19.6,0.0
2068-03-20,30.0,18.5,0.0
2068-03-21,28.9,18.5,6.0
2068-03-22,28.5,19.3,0.0
2068-03-23,27.903448275862065,19.1,28.247916666666665
2068-03-24,30.9025641025641,18.946131257592405,0.6
2068-03-25,31.7,18.2,18.325000000000003
2068-03-26,31.710067114093956,19.0,7.0
2068-03-27,32.32993827160493,18.0,16.4
2068-03-28,25.0,18.3,0.0
2068-03-29,26.5,19.3,0.0
2068-03-30,27.2,15.4,0.0
2068-03-31,28.0,14.1,0.0
2068-04-01,26.0,14.5,0.0
2068-04-02,28.1,12.9,0.0
2068-04-03,28.6,13.106941431670283,0.0
2068-04-04,28.7,14.0,0.0
2068-04-05,29.8,14.5,0.0
2068-04-06,30.3,15.1,0.0
2068-04-07,28.7,15.6,0.0
2068-04-08,26.9,16.0,0.0
2068-04-09,26.9,16.3,0.0
2068-04-10,29.4,15.7,0.0
2068-04-11,30.3,15.2,0.0
2068-04-12,31.0,15.5,0.0
2068-04-13,30.8,16.4,0.0
2068-04-14,29.357142857142858,17.3,0.0
2068-04-15,28.5,15.7,0.0
2068-04-16,29.0,14.3,0.0
2068-04-17,29.9,14.629807692307663,0.0
2068-04-18,27.1,18.8,0.0
2068-04-19,24.9,18.1,0.8454545454545455
2068-04-20,25.68235294117647,16.6,0.0
2068-04-21,24.0,15.7,0.0
2068-04-22,26.6,16.5,0.0
2068-04-23,27.3,16.3,0.0
2068-04-24,27.7,17.6,0.0
2068-04-25,27.9,14.7,0.0
2068-04-26,28.0,13.9,0.0
2068-04-27,27.6,14.8,0.0
2068-04-28,27.258823529411767,13.794117647058824,0.0
2068-04-29,27.0,13.9,0.0
2068-04-30,26.8,11.128070175438602,0.0
2068-05-01,26.598681377825624,6.2,0.0
2068-05-02,27.5,5.9,0.0
2068-05-03,28.6,7.9,0.0
2068-05-04,27.5,9.6,0.0
2068-05-05,23.7,13.2,0.0
2068-05-06,22.763439498512,12.9,0.0
2068-05-07,23.5,9.9,0.0
2068-05-08,24.1,9.3,0.0
2068-05-09,24.8,15.6,0.0
2068-05-10,25.0,15.7,0.0
2068-05-11,25.5,11.9,0.0
2068-05-12,25.6,10.4,0.0
2068-05-13,26.0,9.0,0.0
2068-05-14,26.30901228610667,7.9,0.0
2068-05-15,27.2,6.9,0.0
2068-05-16,28.3,9.5,0.0
2068-05-17,29.4,12.2,0.0
2068-05-18,29.5,16.5,0.0
2068-05-19,28.1,15.0,0.0
2068-05-20,28.0,12.9,0.0
2068-05-21,29.5,11.4,0.0
2068-05-22,30.062690473133774,11.7,0.0
2068-05-23,29.9,13.5,0.0
2068-05-24,30.696006458557587,13.7,0.0
2068-05-25,32.0,15.2,0.0
2068-05-26,33.03617270093979,16.7,0.0
2068-05-27,33.8,19.463080285151378,0.0
2068-05-28,32.61791048540055,19.2611713684153,0.0
2068-05-29,29.4,17.737371351573195,0.0
2068-05-30,30.6,15.2,0.0
2068-05-31,31.0,15.7,0.0
2068-06-01,30.050270243290278,15.649829078379815,0.0
2068-06-02,30.88520322340571,14.414997070157321,0.0
2068-06-03,31.44833984375,14.520651298377512,0.0
2068-06-04,30.3444064154854,14.0,0.0
2068-06-05,29.0,14.080955749443829,0.0
2068-06-06,27.3,13.8,0.0
2068-06-07,26.5,12.022769026516924,0.0
2068-06-08,25.5,10.6,0.0
2068-06-09,24.4,9.0,0.0
2068-06-10,22.7,9.565594250021402,0.0
2068-06-11,23.4,8.6,0.0
2068-06-12,24.6,8.5,0.0
2068-06-13,25.9,10.4,0.0
2068-06-14,26.1,11.7,0.0
2068-06-15,25.5,11.5,0.0
2068-06-16,25.0,10.3,0.0
2068-06-17,24.4,9.2,0.0
2068-06-18,24.4,8.1,0.0
2068-06-19,24.2,8.8,0.0
2068-06-20,24.4,9.0,0.0
2068-06-21,24.9,9.5,0.0
2068-06-22,24.5,10.5,0.0
2068-06-23,25.0,10.7,0.0
2068-06-24,25.5,10.7,0.0
2068-06-25,26.3,11.0,0.0
2068-06-26,27.5,11.2,0.0
2068-06-27,27.468966566625387,12.1,0.0
2068-06-28,25.5,12.246774193548386,0.0
2068-06-29,25.5,11.689220280598523,0.0
2068-06-30,26.0,11.5,0.0
2068-07-01,25.3,10.5,0.0
2068-07-02,23.10332941147019,9.0,0.0
2068-07-03,23.2,7.7,0.0
2068-07-04,25.9,5.4,0.0
2068-07-05,27.6,7.2,0.0
2068-07-06,28.2,9.3,0.0
2068-07-07,29.2,11.2,0.0
2068-07-08,30.2,11.9,0.0
2068-07-09,30.74895105405003,12.756622132168257,0.0
2068-07-10,31.217272831191583,13.9,0.0
2068-07-11,29.501567733671678,14.2,0.0
2068-07-12,27.6,13.308599604152926,0.0
2068-07-13,22.7,13.4,0.0
2068-07-14,23.7,12.9,0.0
2068-07-15,25.0,12.1,0.0
2068-07-16,27.6,11.9,0.0
2068-07-17,29.0,12.1,0.0
2068-07-18,29.965207449092812,13.0,0.0
2068-07-19,28.6,14.2,0.0
2068-07-20,28.039575158859673,13.2,0.0
2068-07-21,27.9,12.230818213651155,0.0
2068-07-22,27.6,12.1,0.0
2068-07-23,27.6,11.7,0.0
2068-07-24,27.6,12.4,0.0
2068-07-25,27.8188589881593,12.282498778753334,0.0
2068-07-26,28.5,12.4,0.0
2068-07-27,27.6,12.9,0.0
2068-07-28,25.7,12.7,0.0
2068-07-29,25.69755320029809,11.9,0.0
2068-07-30,26.7,11.5,0.0
2068-07-31,27.62882780891577,12.4,0.0
2068-08-01,29.0,14.5,0.0
2068-08-02,30.8,14.5,0.0
2068-08-03,31.5,15.6,0.0
2068-08-04,31.6,16.7,0.0
2068-08-05,31.288381324004302,16.193070668032735,0.0
2068-08-06,31.2,15.26550227438452,0.0
2068-08-07,31.1,15.4,0.0
2068-08-08,31.03821998238574,15.0,0.0
2068-08-09,30.0,15.0,0.0
2068-08-10,29.2,13.6,0.0
2068-08-11,28.7,13.2,0.0
2068-08-12,27.6,14.4,0.0
2068-08-13,28.2,13.7,0.0
2068-08-14,29.2,13.9,0.0
2068-08-15,30.2,14.5,0.0
2068-08-16,30.0,16.7,0.0
2068-08-17,27.6,15.9,0.0
2068-08-18,26.7,13.8,0.0
2068-08-19,28.5,13.0,0.0
2068-08-20,29.57945120505007,12.8,0.0
2068-08-21,29.9,13.2,0.0
2068-08-22,29.9,13.9,0.0
2068-08-23,28.7,15.2,0.0
2068-08-24,28.0,14.896137339055795,0.0
2068-08-25,29.0,13.8,0.0
2068-08-26,30.0,13.7,0.0
2068-08-27,30.6,14.8,0.0
2068-08-28,30.9,15.782075349838529,0.0
2068-08-29,30.8,16.7,0.0
2068-08-30,30.8,16.6,0.0
2068-08-31,31.2,15.909399294342782,0.0
2068-09-01,32.5,15.9,0.0
2068-09-02,33.5,15.6,0.0
2068-09-03,35.0,14.9,0.0
2068-09-04,34.6,18.2,0.0
2068-09-05,34.50166775869688,18.2,0.0
2068-09-06,33.0,19.2,0.0
2068-09-07,31.0,18.4,0.0
2068-09-08,32.5,17.8,0.0
2068-09-09,33.9,17.9,0.0
2068-09-10,35.155270314369645,18.726344827586203,0.0
2068-09-11,39.1201171875,19.6,0.0
2068-09-12,39.81689453125,19.6,0.0
2068-09-13,39.761474609375,19.5,0.0
2068-09-14,35.4,19.5,0.0
2068-09-15,34.1,19.220848164627363,0.0
2068-09-16,33.79196450162016,18.2,0.0
2068-09-17,33.8,17.8,0.0
2068-09-18,34.0,17.9,0.0
2068-09-19,34.1,18.2,0.0
2068-09-20,34.7,18.4,0.0
2068-09-21,34.29943526995807,19.285071131666765,0.0
2068-09-22,34.7,18.484139071903254,0.0
2068-09-23,34.0,19.3,0.0
2068-09-24,34.0,19.5,0.0
2068-09-25,33.2,19.7,0.0
2068-09-26,31.5,19.6,0.0
2068-09-27,32.6,18.6,0.0
2068-09-28,33.609079532814235,17.9,0.0
2068-09-29,34.4,18.8,0.0
2068-09-30,34.7,19.0,0.0
2068-10-01,34.1,18.9,0.0
2068-10-02,33.4,19.6,0.0
2068-10-03,32.9,19.4,0.0
2068-10-04,28.7,19.4,0.0
2068-10-05,30.4,17.9,0.0
2068-10-06,33.0,20.0,0.0
2068-10-07,35.0,21.2,0.0
2068-10-08,35.9,22.0,0.0
2068-10-09,37.1073132584435,21.4,0.0
2068-10-10,38.0,21.395089489336065,0.0
2068-10-11,35.6,22.0,0.0
2068-10-12,32.1,20.7,0.0
2068-10-13,32.6,18.9,0.0
2068-10-14,35.11125867636686,19.9,0.0
2068-10-15,36.4,21.0,0.0
2068-10-16,37.37106109087688,21.7,0.0
2068-10-17,37.2,21.6,0.0
2068-10-18,38.14066890842751,21.3,0.0
2068-10-19,38.0,24.06904296875,0.0
2068-10-20,35.8,22.076404571707258,0.0
2068-10-21,36.0,21.615988555302096,0.0
2068-10-22,34.3,20.2,2.365945945945946
2068-10-23,35.3,19.4,0.4
2068-10-24,34.9,18.0,0.0
2068-10-25,37.15552734153378,18.7,0.0
2068-10-26,35.8,21.5,0.0
2068-10-27,36.0,21.1,0.0
2068-10-28,38.0,21.6,0.0
2068-10-29,35.8,22.0,0.0
2068-10-30,35.6,21.377953330535828,0.0
2068-10-31,36.28184169806242,21.4,0.0
2068-11-01,37.66946501066293,22.9,0.0
2068-11-02,33.7,22.3,0.0
2068-11-03,35.6,21.5,0.0
2068-11-04,35.0,23.161167094942943,0.0
2068-11-05,35.79051784156656,21.9,0.0
2068-11-06,37.2,23.364113001005958,0.0
2068-11-07,36.0,24.498693847656252,0.0
2068-11-08,33.7,21.3,0.0
2068-11-09,33.9,20.96168110160715,6.9
2068-11-10,32.5,20.6,18.933333333333334
2068-11-11,31.0,20.3,34.4
2068-11-12,31.0,17.642549624778706,35.25000000000002
2068-11-13,22.308092061631747,16.3,0.8
2068-11-14,23.296546298054746,15.5,0.0
2068-11-15,26.5,14.2,0.0
2068-11-16,27.2,14.114459199861232,0.0
2068-11-17,29.2,13.896729011810853,0.0
2068-11-18,31.0,14.252185395455694,0.0
2068-11-19,31.7,15.2,0.0
2068-11-20,32.3,15.5,0.0
2068-11-21,31.5,17.0,0.0
2068-11-22,28.9,17.626119005467736,0.0
2068-11-23,31.0,16.9,0.0
2068-11-24,31.7,16.7,0.0
2068-11-25,31.7,16.9,0.0
2068-11-26,31.0,17.2,0.0
2068-11-27,32.5,20.0,0.0
2068-11-28,32.6,20.0,0.0
2068-11-29,33.9,20.0,0.0
2068-11-30,33.5,19.47489088196567,0.0
2068-12-01,32.1,18.5,0.0
2068-12-02,31.8,20.635728733466536,1.2
2068-12-03,31.8308592821231,20.5,0.0
2068-12-04,31.81186922069331,20.589059987358418,0.2
2068-12-05,32.1,23.341491699218746,0.0
2068-12-06,32.16958851159604,23.112487792968746,0.0
2068-12-07,32.1,20.56356922143789,0.0
2068-12-08,31.6,21.045376229529207,1.2
2068-12-09,30.8,20.2,31.273191489361697
2068-12-10,26.4,19.6,18.5
2068-12-11,24.75090505716872,19.2,0.9
2068-12-12,27.0,18.9,0.0
2068-12-13,27.7,19.9,0.9
2068-12-14,28.3,19.311960751842328,6.91353191489362
2068-12-15,30.9,19.7,3.4
2068-12-16,30.7,19.9,0.0
2068-12-17,31.6,19.0,0.0
2068-12-18,30.9,19.9,0.5
2068-12-19,29.6,19.9,2.4
2068-12-20,28.0,19.9,47.81392649903288
2068-12-21,24.0,18.2,13.6
2068-12-22,23.9,18.3,0.0
2068-12-23,27.4,19.0,0.6
2068-12-24,30.1,19.876133402620543,18.8
2068-12-25,27.7,19.9,7.0
2068-12-26,30.3,19.611889481937265,0.0
2068-12-27,31.4,17.9,0.0
2068-12-28,31.8,18.8,0.0
2068-12-29,31.621618318909942,20.55814013641785,0.0
2068-12-30,30.0,19.9,18.50750000000001
2068-12-31,29.839533548618583,19.732414418030444,1.7
2069-01-01,29.9,19.0,0.6
2069-01-02,28.6,18.6,11.0
2069-01-03,26.7,18.9,10.0
2069-01-04,29.5,18.0,2.1666666666666665
2069-01-05,28.7,18.6,5.950000000000002
2069-01-06,23.241201761874713,18.0,42.92
2069-01-07,29.4,16.4,0.0
2069-01-08,31.2,16.9,0.0
2069-01-09,31.6,17.9,0.0
2069-01-10,31.0,18.3,0.0
2069-01-11,31.420299252917594,18.057465991431926,0.0
2069-01-12,28.6,19.403187689597807,0.0
2069-01-13,27.975613219430628,19.8,0.0
2069-01-14,28.5,18.6,20.779999999999994
2069-01-15,30.625669627314526,17.0,0.0
2069-01-16,31.0,18.0,0.0
2069-01-17,32.02037719045053,17.8,0.0
2069-01-18,31.2,17.0,0.0
2069-01-19,25.5,19.4,2.6
2069-01-20,26.0,18.1,1.3
2069-01-21,30.688710765518284,16.9,0.0
2069-01-22,29.5,18.6,0.0
2069-01-23,30.1,18.4,0.9
2069-01-24,31.1,17.6,0.0
2069-01-25,30.220108797153063,17.6,0.0
2069-01-26,31.2,16.4,0.0
2069-01-27,30.4,16.8,0.0
2069-01-28,31.790805080940217,16.0,0.0
2069-01-29,32.0,17.0,0.0
2069-01-30,31.94324719304173,18.0,0.0
2069-01-31,30.2,19.2,0.6
2069-02-01,30.0,18.4,3.0
2069-02-02,28.7,18.7,2.0
2069-02-03,28.3,18.7,28.091454965357965
2069-02-04,28.0,19.2,8.675981524249424
2069-02-05,27.8,19.0,19.270900692840645
2069-02-06,26.5,18.9,8.549653579676681
2069-02-07,29.0,18.5,4.406697459584298
2069-02-08,29.9,19.1,42.27205542725172
2069-02-09,27.8,18.990461378753515,25.456812933025407
2069-02-10,27.2,18.8,4.8
2069-02-11,25.86085538583034,18.8,24.742956120092384
2069-02-12,24.0,18.1,45.80628886125424
2069-02-13,21.50310899547672,17.6,125.0
2069-02-14,24.9,18.4,38.17232190442354
2069-02-15,27.6,18.4,6.4
2069-02-16,27.7,18.1,0.0
2069-02-17,28.0,18.1,3.572055427251731
2069-02-18,27.5,18.7,1.6
2069-02-19,27.0,18.3,4.4
2069-02-20,26.2,17.6,0.2
2069-02-21,30.2,18.6,0.8
2069-02-22,28.5,18.0,1.3
2069-02-23,30.6,18.5,1.810854503464203
2069-02-24,30.0,18.4,13.51651270207852
2069-02-25,31.454769635444492,17.3,0.0
2069-02-26,28.5,18.2,5.4
2069-02-27,28.3,18.0,0.0
2069-02-28,27.0,18.4,0.0
2069-03-01,29.9,18.6,0.0
2069-03-02,30.5,17.3,0.0
2069-03-03,31.7,16.0,0.0
2069-03-04,30.0,17.2,0.0
2069-03-05,32.0,17.9,7.0
2069-03-06,29.3,19.0,45.704769392033576
2069-03-07,28.8,19.0,3.2791666666666663
2069-03-08,26.5,18.2,8.808333333333332
2069-03-09,26.9,17.0,5.385185185185187
2069-03-10,29.9,17.0,4.6
2069-03-11,30.309459459459458,18.1,1.373611111111111
2069-03-12,30.1,19.0,22.960082304526747
2069-03-13,27.9,18.9,52.246354166666706
2069-03-14,28.7,18.6,0.0
2069-03-15,28.1,18.2,0.0
2069-03-16,29.160000000000004,16.6,0.0
2069-03-17,30.4,17.3,0.0
2069-03-18,30.969230769230766,16.5,0.0
2069-03-19,27.0,18.6,1.4
2069-03-20,26.5,18.93308618881457,7.483333333333339
2069-03-21,26.5,19.0,2.176388888888889
2069-03-22,28.2,17.7,0.0
2069-03-23,29.5,15.6,0.0
2069-03-24,28.0,14.9,0.0
2069-03-25,29.4,13.6,0.0
2069-03-26,30.2,14.2,0.0
2069-03-27,30.9,14.9,0.0
2069-03-28,28.5,19.0,39.76504629629629
2069-03-29,26.6,17.5,4.851851851851853
2069-03-30,28.1,17.6,0.0
2069-03-31,27.8,16.9,0.0
2069-04-01,29.1,16.3,0.0
2069-04-02,29.0,18.0,0.0
2069-04-03,29.1,16.0,0.0
2069-04-04,28.6,15.597142857142854,0.0
2069-04-05,28.447999999999997,14.5,0.0
2069-04-06,28.7,14.5,0.0
2069-04-07,27.8,16.0,0.0
2069-04-08,28.7,16.0,0.0
2069-04-09,29.1,18.4,0.0
2069-04-10,28.9,18.7,0.0
2069-04-11,28.859230769230763,14.9,0.0
2069-04-12,28.9,13.5,0.0
2069-04-13,28.6,12.706584362139917,0.0
2069-04-14,27.0,14.5,0.0
2069-04-15,26.0,14.9,0.0
2069-04-16,28.6,12.5,0.0
2069-04-17,29.9,13.2,0.0
2069-04-18,31.0,14.1,0.0
2069-04-19,30.3,13.75294117647059,0.0
2069-04-20,29.6,14.9,0.0
2069-04-21,29.21818181818182,14.7,0.0
2069-04-22,28.87923076923077,14.4,0.0
2069-04-23,29.3,13.0,0.0
2069-04-24,29.4,14.7,0.0
2069-04-25,29.1,15.6,0.0
2069-04-26,27.9,15.2,0.0
2069-04-27,26.9,12.6,0.0
2069-04-28,27.2,12.2,0.0
2069-04-29,28.4,10.0,0.0
2069-04-30,29.1,11.2,0.0
2069-05-01,28.7,11.0,0.0
2069-05-02,27.8,11.9,0.0
2069-05-03,28.7,12.5,0.0
2069-05-04,29.0,14.249879832916971,0.0
2069-05-05,28.747035388900592,15.3,0.0
2069-05-06,29.9,15.120451854110554,0.0
2069-05-07,29.3,14.0,0.0
2069-05-08,28.4,13.984719696126113,0.0
2069-05-09,27.0,16.2,0.0
2069-05-10,27.0,14.5,0.0
2069-05-11,26.9,15.539003455894832,0.0
2069-05-12,25.5,15.0,0.0
2069-05-13,25.0,14.1,0.0
2069-05-14,29.38652567593237,13.2,0.0
2069-05-15,26.5,15.559901705285807,0.0
2069-05-16,30.1,13.5,0.0
2069-05-17,30.0,12.8,0.0
2069-05-18,29.88237155084143,15.520998810265693,0.0
2069-05-19,30.0,17.98935250223493,0.0
2069-05-20,29.2,17.0,0.0
2069-05-21,27.5,17.77417015795328,0.0
2069-05-22,27.6,17.0,0.0
2069-05-23,29.1,17.4,0.0
2069-05-24,28.1,13.5,0.0
2069-05-25,26.9,11.9,0.0
2069-05-26,26.51978796433577,9.9,0.0
2069-05-27,27.0,6.8,0.0
2069-05-28,26.7,6.448510943667024,0.0
2069-05-29,26.9,8.9,0.0
2069-05-30,27.0,9.6,0.0
2069-05-31,26.9,10.7,0.0
2069-06-01,25.5,10.7,0.0
2069-06-02,24.4,11.1,0.0
2069-06-03,24.0,10.2,0.0
2069-06-04,24.4,9.2,0.0
2069-06-05,25.35850627681551,8.2,0.0
2069-06-06,25.7,8.5,0.0
2069-06-07,25.1,10.0,0.0
2069-06-08,23.9,10.660936393973104,0.0
2069-06-09,23.5,10.3,0.0
2069-06-10,23.0,9.3,0.0
2069-06-11,23.4,8.5,0.0
2069-06-12,24.4,8.5,0.0
2069-06-13,25.9,9.9,0.0
2069-06-14,26.2,11.5,0.0
2069-06-15,25.2,11.9,0.0
2069-06-16,24.8,11.5,0.0
2069-06-17,24.0,11.0,0.0
2069-06-18,23.3,9.544827586206903,0.0
2069-06-19,23.0,9.5,0.0
2069-06-20,24.0,8.765628476084544,0.0
2069-06-21,23.2,7.9,0.0
2069-06-22,22.9,6.0,0.0
2069-06-23,23.4,8.9,0.0
2069-06-24,25.2,9.3,0.0
2069-06-25,25.2,7.6,0.0
2069-06-26,27.2,6.0,0.0
2069-06-27,28.0,6.3,0.0
2069-06-28,28.923115073557085,8.4,0.0
2069-06-29,28.9,8.6,0.0
2069-06-30,25.9,8.5,0.0
2069-07-01,24.0,11.2,0.0
2069-07-02,23.7,9.4,0.0
2069-07-03,25.0,8.6,0.0
2069-07-04,26.0,10.7,0.0
2069-07-05,27.4,11.7,0.0
2069-07-06,28.2,12.2,0.0
2069-07-07,28.2,12.2,0.0
2069-07-08,27.7,12.0,0.0
2069-07-09,27.2,11.9,0.0
2069-07-10,26.1,11.5,0.0
2069-07-11,26.0,10.648008611410118,0.0
2069-07-12,26.2,10.5,0.0
2069-07-13,25.2,11.9,0.0
2069-07-14,24.714572120559733,11.1,0.0
2069-07-15,23.9,10.4,0.0
2069-07-16,24.1,9.6,0.0
2069-07-17,24.6,9.5,0.0
2069-07-18,24.771151103336912,10.0,0.0
2069-07-19,25.0,10.4,0.0
2069-07-20,25.0,10.0,0.0
2069-07-21,24.7,9.4,0.0
2069-07-22,25.0,8.5,0.0
2069-07-23,26.0,8.9,0.0
2069-07-24,27.0,10.2,0.0
2069-07-25,28.2,11.2,0.0
2069-07-26,27.6,11.6,0.0
2069-07-27,25.7,13.1,0.0
2069-07-28,25.0,11.7,0.0
2069-07-29,26.0,11.0,0.0
2069-07-30,28.1,11.2,0.0
2069-07-31,26.9,11.2,0.0
2069-08-01,24.0,12.2,0.0
2069-08-02,24.2,9.3,0.0
2069-08-03,28.0,7.9,0.0
2069-08-04,31.0,11.0,0.0
2069-08-05,31.588004729217023,13.9,0.0
2069-08-06,29.5,14.4,0.0
2069-08-07,27.509159161205044,14.1,0.0
2069-08-08,26.3,13.7,0.0
2069-08-09,25.5,13.7,0.0
2069-08-10,23.7,11.4,0.0
2069-08-11,24.0,10.2,0.0
2069-08-12,25.7,9.7,0.0
2069-08-13,27.7,11.0,0.0
2069-08-14,29.2,13.5,0.0
2069-08-15,31.12197703623968,17.7,0.0
2069-08-16,31.4,17.5,0.0
2069-08-17,31.67930638347911,17.7,0.0
2069-08-18,31.5,17.896549881439874,0.0
2069-08-19,30.2,17.4,0.0
2069-08-20,26.6,15.916783279512021,0.0
2069-08-21,26.2,13.2,0.0
2069-08-22,27.0,12.9,0.0
2069-08-23,27.0,13.7,0.0
2069-08-24,26.5,14.9,0.0
2069-08-25,26.9,16.769484816385688,0.0
2069-08-26,28.6,18.2,0.0
2069-08-27,30.2,16.7,0.0
2069-08-28,31.93405829653424,17.2,0.0
2069-08-29,34.354577382963086,18.350329002200883,0.0
2069-08-30,33.1,18.830321876606313,0.0
2069-08-31,30.9,18.755030083824487,0.0
2069-09-01,30.227256475448918,17.1,0.0
2069-09-02,29.74247105837762,15.758769002595486,0.0
2069-09-03,30.2,15.4,0.0
2069-09-04,30.2,14.673996748524,0.0
2069-09-05,30.7,14.2,0.0
2069-09-06,29.4,15.7,0.0
2069-09-07,28.2,14.387093626041516,0.0
2069-09-08,30.0,12.847502780867632,0.0
2069-09-09,31.3,13.9,0.0
2069-09-10,31.1,16.7,0.0
2069-09-11,30.2,17.0,0.0
2069-09-12,31.0,14.876715730656803,0.0
2069-09-13,32.6,16.0,0.0
2069-09-14,32.9,18.5,0.0
2069-09-15,33.0,17.9,0.0
2069-09-16,33.2,17.4,0.0
2069-09-17,32.0,18.496103933145093,0.0
2069-09-18,31.9,17.0,0.0
2069-09-19,32.0,17.8,0.0
2069-09-20,32.5,17.5,0.0
2069-09-21,33.9,17.6,0.0
2069-09-22,34.5,18.9,0.0
2069-09-23,33.47027224413209,18.5,0.0
2069-09-24,33.8,16.9,0.0
2069-09-25,35.1,17.7,0.0
2069-09-26,34.6,20.0,0.0
2069-09-27,33.0,20.0,0.0
2069-09-28,33.0,19.3,0.0
2069-09-29,33.9,18.7,0.0
2069-09-30,35.6,18.563067429418933,0.0
2069-10-01,37.40174366309328,19.5,0.0
2069-10-02,37.708801854765184,20.0,0.0
2069-10-03,37.94941995757107,20.2,0.0
2069-10-04,35.6,21.842301777877655,0.0
2069-10-05,33.9,20.4,0.0
2069-10-06,33.7,18.5,0.0
2069-10-07,35.0,16.8,0.0
2069-10-08,35.6,18.7,0.0
2069-10-09,35.0,20.2,0.0
2069-10-10,33.5,20.445862797052243,0.0
2069-10-11,31.24109257265877,19.4,0.0
2069-10-12,33.39063509149622,18.2,0.0
2069-10-13,34.9,19.1,0.0
2069-10-14,33.2,18.3,0.0
2069-10-15,33.5,18.2,0.0
2069-10-16,35.0,19.4,0.0
2069-10-17,35.6,20.0,0.0
2069-10-18,36.9,20.454118572493158,0.0
2069-10-19,36.0,22.0,0.0
2069-10-20,34.0,20.7,0.0
2069-10-21,34.4,20.0,0.0
2069-10-22,35.4,20.2,0.0
2069-10-23,35.2,19.4,0.0
2069-10-24,34.9,18.2,0.0
2069-10-25,35.4,22.0,0.0
2069-10-26,35.0,21.0,0.0
2069-10-27,34.9,20.7,0.0
2069-10-28,35.68658589652566,20.4,0.0
2069-10-29,33.8,21.0,0.0
2069-10-30,33.9,20.2,0.0
2069-10-31,35.7,21.044099838536056,0.0
2069-11-01,40.269287109375,23.2,0.0
2069-11-02,36.3,25.386572265625,0.0
2069-11-03,33.7,20.4,0.0
2069-11-04,31.8,19.9,0.0
2069-11-05,26.2,18.8,0.8
2069-11-06,27.2,18.8,19.04
2069-11-07,31.0,19.9,0.0
2069-11-08,30.5,19.9,8.55
2069-11-09,28.72152861941682,19.8,14.3
2069-11-10,29.0,20.4,3.0
2069-11-11,31.0,19.9,3.0
2069-11-12,31.9,19.5,0.0
2069-11-13,32.5,19.573250403421632,0.0
2069-11-14,32.8,17.9,0.0
2069-11-15,33.0,20.5,0.0
2069-11-16,32.4,20.4,0.0
2069-11-17,27.837985796183794,19.9,54.06575342465755
2069-11-18,28.5,19.4,0.0
2069-11-19,31.8,19.5,0.0
2069-11-20,31.2,19.9,0.0
2069-11-21,31.4,20.0,10.4
2069-11-22,30.1,20.0,8.4
2069-11-23,29.7,19.5,2.8
2069-11-24,30.0,19.0,1.0
2069-11-25,28.9,19.4,0.0
2069-11-26,31.2,17.3,0.0
2069-11-27,31.9,19.2,0.0
2069-11-28,29.0,19.8,19.54285714285714
2069-11-29,25.188128586748075,18.7,0.0
2069-11-30,26.7,17.4,0.0
2069-12-01,30.2,17.5,0.0
2069-12-02,31.655275733486807,18.2,0.0
2069-12-03,31.38141420657632,21.40008767794507,0.0
2069-12-04,31.6,19.0,0.0
2069-12-05,32.0,20.882161417375446,0.0
2069-12-06,24.8,17.6,3.4
2069-12-07,27.0,16.8,0.0
2069-12-08,27.9,16.3,0.0
2069-12-09,30.2,15.4,0.0
2069-12-10,30.7,15.2,0.0
2069-12-11,28.4,16.6,0.0
2069-12-12,28.1,18.6,0.0
2069-12-13,31.2,16.9,0.0
2069-12-14,32.1,16.9,0.0
2069-12-15,32.4,18.6,0.0
2069-12-16,32.1,19.0,0.0
2069-12-17,30.5,18.3,2.026595744680851
2069-12-18,29.0,18.9,7.0
2069-12-19,29.9,18.5,28.3
2069-12-20,29.6,19.605014507544293,12.6
2069-12-21,32.0,20.2,0.0
2069-12-22,31.6,18.9,0.0
2069-12-23,30.3,20.406676272323974,0.0
2069-12-24,32.0,18.7,0.0
2069-12-25,31.6,19.9,0.1
2069-12-26,31.4,19.6,0.0
2069-12-27,31.39572204948559,19.9,2.8
2069-12-28,31.3,19.4,0.0
2069-12-29,28.4,20.5,0.0
2069-12-30,30.0,19.9,15.34851063829788
2069-12-31,27.5,19.8,32.761914893617025
2070-01-01,27.9,19.6,10.9
2070-01-02,28.4,19.4,1.9
2070-01-03,29.9,18.5,36.0
2070-01-04,28.2,19.5,28.166666666666668
2070-01-05,24.5,19.1,31.257142857142853
2070-01-06,24.0,18.5,14.0
2070-01-07,25.4,18.3,0.0
2070-01-08,29.208561463939716,16.4,0.0
2070-01-09,29.8,19.0,14.0
2070-01-10,28.7,19.4,10.9
2070-01-11,28.6,18.9,20.86
2070-01-12,29.2,18.5,2.4
2070-01-13,28.8,18.865430650836227,5.950000000000002
2070-01-14,27.9,19.7,12.4
2070-01-15,28.2,19.8,15.5
2070-01-16,28.0,19.5,0.0
2070-01-17,28.9,19.1,3.3
2070-01-18,29.4,17.9,1.7
2070-01-19,29.2,18.9,38.650000000000006
2070-01-20,28.0,19.552984336899442,60.25000000000001
2070-01-21,27.2,19.6,22.0
2070-01-22,24.6,19.4,16.6
2070-01-23,27.4,18.0,5.8
2070-01-24,30.066518165470974,17.0,0.0
2070-01-25,31.406262024492122,18.2,0.0
2070-01-26,31.1,18.0,0.7
2070-01-27,29.5,19.3,0.0
2070-01-28,30.4,19.0,27.4
2070-01-29,28.6,19.0,2.8
2070-01-30,29.4,18.0,48.931034482758605
2070-01-31,28.7,17.0,0.0
2070-02-01,30.5,19.1,29.2
2070-02-02,30.0,19.1,3.8
2070-02-03,28.6,19.1,36.3948421862971
2070-02-04,26.1,19.094466141932212,0.0
2070-02-05,26.8,18.7,0.0
2070-02-06,28.0,17.7,0.0
2070-02-07,28.0,18.7,0.0
2070-02-08,30.0,17.0,0.7829099307159356
2070-02-09,31.0,19.4,21.641108545034637
2070-02-10,30.5,19.680879246556927,14.347575057736721
2070-02-11,29.9,19.31520987907736,7.230023094688226
2070-02-12,28.6,19.0,9.695612009237875
2070-02-13,28.3,19.0,3.26743648960739
2070-02-14,28.6,18.7,43.80230946882217
2070-02-15,28.2,19.2,15.109006928406465
2070-02-16,30.0,19.948691202539425,0.0
2070-02-17,30.6,19.9,0.0
2070-02-18,30.2,17.6,0.0
2070-02-19,29.9,17.1,0.0
2070-02-20,31.0,16.0,0.0
2070-02-21,31.188108191033642,18.6,0.0
2070-02-22,31.0,17.2,0.0
2070-02-23,31.0,19.0,0.0
2070-02-24,32.7,17.7,0.0
2070-02-25,30.7,20.034965051777597,0.7
2070-02-26,32.72188053066497,18.8,26.784757505773673
2070-02-27,30.2,19.0,27.0
2070-02-28,30.0,19.1,1.5740184757505784
2070-03-01,29.2,19.4,25.338568376068377
2070-03-02,25.4,18.8,39.41018518518519
2070-03-03,24.3,19.0,25.51111111111111
2070-03-04,24.8,19.0,4.4
2070-03-05,27.2,18.6,4.302777777777776
2070-03-06,27.4,17.6,0.0
2070-03-07,30.348648648648645,16.3,0.0
2070-03-08,31.1,17.4,0.0
2070-03-09,29.5,18.3,0.0
2070-03-10,32.0,17.3,0.0
2070-03-11,31.3,17.6,0.0
2070-03-12,29.6,18.753832114749258,0.0
2070-03-13,29.4,19.2,0.0
2070-03-14,29.5,19.282268767842044,0.8
2070-03-15,31.6,18.9,31.830277777777777
2070-03-16,27.7,19.8,21.844444444444445
2070-03-17,29.7,19.602730000229023,0.0
2070-03-18,30.3,19.702988800586294,0.0
2070-03-19,29.9,18.6,0.0
2070-03-20,29.2,19.1,0.0
2070-03-21,30.7,18.2,0.0
2070-03-22,30.7,16.9,0.0
2070-03-23,29.5,18.6,0.0
2070-03-24,25.36694214876033,17.8,0.0
2070-03-25,24.0,18.3,0.0
2070-03-26,26.075925925925926,15.3,0.0
2070-03-27,26.3,13.9,0.0
2070-03-28,27.5,11.6,0.0
2070-03-29,29.2,13.6,0.0
2070-03-30,30.1,14.4,0.0
2070-03-31,30.9,14.9,0.0
2070-04-01,31.258267716535435,14.422360248447209,0.0
2070-04-02,31.9,15.2,0.0
2070-04-03,31.2,15.9,0.0
2070-04-04,29.9,15.2,0.0
2070-04-05,30.4,13.9,0.0
2070-04-06,31.3,15.0,0.0
2070-04-07,31.097777777777782,17.2,0.0
2070-04-08,30.4,16.6,0.0
2070-04-09,30.6,16.9,0.0
2070-04-10,27.052380952380954,18.9,0.0
2070-04-11,25.3,19.0,0.0
2070-04-12,25.5,18.1,0.0
2070-04-13,28.856923076923074,15.5,0.0
2070-04-14,29.2,18.4,0.0
2070-04-15,28.7,14.0,0.0
2070-04-16,28.6,12.8,0.0
2070-04-17,27.6,15.0,0.0
2070-04-18,28.5,17.2,0.0
2070-04-19,27.8,17.60526315789474,0.0
2070-04-20,27.8,15.9,0.0
2070-04-21,27.0,13.0,0.0
2070-04-22,27.5,10.958766716196134,0.0
2070-04-23,28.6,8.754192307692305,0.0
2070-04-24,28.6,11.058955223880597,0.0
2070-04-25,27.2,13.6,0.0
2070-04-26,27.4,12.5,0.0
2070-04-27,28.3,11.4,0.0
2070-04-28,26.3,13.97608695652174,0.0
2070-04-29,26.5,13.6,0.0
2070-04-30,24.7,14.8,0.0
2070-05-01,24.7,14.5,0.0
2070-05-02,25.7,12.3,0.0
2070-05-03,25.8,11.0,0.0
2070-05-04,26.5,11.5,0.0
2070-05-05,27.5,10.3,0.0
2070-05-06,28.6,9.9,0.0
2070-05-07,29.6,11.4,0.0
2070-05-08,29.5,13.0,0.0
2070-05-09,27.5,14.4,0.0
2070-05-10,26.3,12.3,0.0
2070-05-11,26.3,12.1,0.0
2070-05-12,25.5,11.9,0.0
2070-05-13,26.2,10.9,0.0
2070-05-14,27.5,9.9,0.0
2070-05-15,29.9,10.6,0.0
2070-05-16,29.9,12.4,0.0
2070-05-17,30.0,17.814190354824834,0.0
2070-05-18,27.0,15.976778285282036,0.0
2070-05-19,27.832777179763177,16.0,0.0
2070-05-20,28.1,14.6,0.0
2070-05-21,28.6,17.8,0.0
2070-05-22,24.4,15.513925556625672,0.0
2070-05-23,25.7,12.2,0.0
2070-05-24,25.0,10.2,0.0
2070-05-25,25.495543595263726,7.289940906394848,0.0
2070-05-26,26.3,6.8,0.0
2070-05-27,26.8,7.9,0.0
2070-05-28,27.0,8.7,0.0
2070-05-29,27.4,10.6,0.0
2070-05-30,27.8,13.6,0.0
2070-05-31,26.5,13.1,0.0
2070-06-01,25.3,11.992978013395504,0.0
2070-06-02,24.84304783092325,11.5,0.0
2070-06-03,24.8,10.5,0.0
2070-06-04,25.3,10.5,0.0
2070-06-05,25.6,11.2,0.0
2070-06-06,25.6,10.9,0.0
2070-06-07,26.3,10.7,0.0
2070-06-08,27.7,11.0,0.0
2070-06-09,27.7,11.7,0.0
2070-06-10,27.8,12.1,0.0
2070-06-11,27.0,11.9,0.0
2070-06-12,24.6,12.6,0.0
2070-06-13,25.5,11.805700491955553,0.0
2070-06-14,25.9,11.5,0.0
2070-06-15,25.5,11.5,0.0
2070-06-16,24.4,10.9,0.0
2070-06-17,25.0,9.2,0.0
2070-06-18,24.970847151040097,14.4,0.0
2070-06-19,25.8,15.567173294885672,0.0
2070-06-20,26.5,13.507572565505777,0.0
2070-06-21,28.47335031755714,13.0,0.0
2070-06-22,29.48822041852059,12.9,0.0
2070-06-23,30.1,13.0,0.0
2070-06-24,28.5,11.9,0.0
2070-06-25,26.9,13.0,0.0
2070-06-26,27.3,11.9,0.0
2070-06-27,27.7,11.0,0.0
2070-06-28,26.0,11.4,0.0
2070-06-29,25.9,9.961929922135715,0.0
2070-06-30,27.606786625662505,10.1,0.0
2070-07-01,28.6,11.6,0.0
2070-07-02,29.305820006151,12.1837548513248,0.0
2070-07-03,28.0,12.1,0.0
2070-07-04,25.9,12.9,0.0
2070-07-05,23.8,12.291533842582385,0.0
2070-07-06,23.1,11.1,0.0
2070-07-07,25.1,10.4,0.0
2070-07-08,26.4,11.2,0.0
2070-07-09,27.6,12.2,0.0
2070-07-10,29.0,13.0,0.0
2070-07-11,29.623779788329013,13.9,0.0
2070-07-12,30.7,14.2,0.0
2070-07-13,30.7,14.0,0.0
2070-07-14,30.695358331440524,13.8,0.0
2070-07-15,31.214409727845137,13.805460416870527,0.0
2070-07-16,30.7,12.2,0.0
2070-07-17,29.55637767184376,13.6,0.0
2070-07-18,29.2,14.3,0.0
2070-07-19,27.6,14.4,0.0
2070-07-20,26.9,12.9,0.0
2070-07-21,27.6,12.4,0.0
2070-07-22,27.7,12.9,0.0
2070-07-23,25.3,13.4,0.0
2070-07-24,25.0,12.0,0.0
2070-07-25,25.2,12.0,0.0
2070-07-26,25.7,11.6,0.0
2070-07-27,27.6,12.4,0.0
2070-07-28,29.2,15.352043029508764,0.0
2070-07-29,30.7,15.5501711376306,0.0
2070-07-30,28.7,15.590359208783331,0.0
2070-07-31,27.9,15.0,0.0
2070-08-01,29.0,14.7,0.0
2070-08-02,29.1,14.6,0.0
2070-08-03,27.159077348915886,13.6,0.0
2070-08-04,26.152841765339073,11.9,0.0
2070-08-05,27.2,10.3,0.0
2070-08-06,29.7,11.4,0.0
2070-08-07,31.1,13.5,0.0
2070-08-08,30.867303552206668,15.2,0.0
2070-08-09,30.2,14.6,0.0
2070-08-10,31.2,13.7,0.0
2070-08-11,30.2,15.966145142313556,0.0
2070-08-12,26.7,15.0,0.0
2070-08-13,26.839796112201604,13.0,0.0
2070-08-14,27.6,13.7,0.0
2070-08-15,28.6,12.9,0.0
2070-08-16,29.6,12.5,0.0
2070-08-17,31.0,14.0,0.0
2070-08-18,31.0,15.392666846071041,0.0
2070-08-19,30.0,15.8,0.0
2070-08-20,30.9,13.6,0.0
2070-08-21,29.540174417543916,15.2,0.0
2070-08-22,29.5,13.5,0.0
2070-08-23,31.0,12.6,0.0
2070-08-24,30.4,14.7,0.0
2070-08-25,27.7,14.6,0.0
2070-08-26,28.3,13.5,0.0
2070-08-27,29.9,14.0,0.0
2070-08-28,31.0,15.2,0.0
2070-08-29,31.1,16.524613255420565,0.0
2070-08-30,31.450047489394027,16.7,0.0
2070-08-31,32.384192278649785,17.2,0.0
2070-09-01,33.520769108533294,18.0,0.0
2070-09-02,34.0,18.2,0.0
2070-09-03,34.7,18.443458543681018,0.0
2070-09-04,34.6,19.2,0.0
2070-09-05,34.6,18.50057239525399,0.0
2070-09-06,34.159995828698555,17.9,0.0
2070-09-07,33.9,17.13026974416018,0.0
2070-09-08,35.3,17.0,0.0
2070-09-09,35.2,18.9,0.0
2070-09-10,33.8,19.3,0.0
2070-09-11,33.9,16.9,0.0
2070-09-12,35.59364064646994,16.4,0.0
2070-09-13,33.7,20.0,0.0
2070-09-14,32.41047317532301,18.9,0.0
2070-09-15,32.9,18.2,0.0
2070-09-16,33.5,19.456742981422142,0.0
2070-09-17,33.7,19.0,0.0
2070-09-18,34.6,18.7,0.0
2070-09-19,35.3,19.0,0.0
2070-09-20,36.0,19.48102093494196,0.0
2070-09-21,36.38787750017704,20.0,0.0
2070-09-22,39.975341796875,20.30199677201248,0.0
2070-09-23,40.903076171875,20.5,0.0
2070-09-24,40.483154296875,22.74249925256628,0.0
2070-09-25,35.17028489418668,22.79753315809207,0.0
2070-09-26,30.0,18.982455253311763,0.0
2070-09-27,30.0,16.9,0.0
2070-09-28,29.2,15.095600586803377,0.0
2070-09-29,30.6,14.2,0.0
2070-09-30,31.6,15.4,0.0
2070-10-01,32.7,15.7,0.0
2070-10-02,33.60877287405812,17.0,0.0
2070-10-03,33.5,17.6,0.0
2070-10-04,34.9,18.0,0.0
2070-10-05,37.0,19.4,0.0
2070-10-06,36.9,20.9,0.0
2070-10-07,35.5,21.0,0.0
2070-10-08,35.1,18.8,0.0
2070-10-09,35.4,18.6,0.0
2070-10-10,35.722259667135866,20.0,0.0
2070-10-11,36.0,20.5,0.0
2070-10-12,35.8,20.9,0.0
2070-10-13,35.6,20.4,0.0
2070-10-14,34.6,20.2,0.0
2070-10-15,34.2,20.2,0.0
2070-10-16,34.66840220901389,20.0,0.0
2070-10-17,35.5,20.1,0.0
2070-10-18,35.6,20.7,0.0
2070-10-19,37.02621476385899,20.449093317876947,0.0
2070-10-20,38.346592110652814,20.5,0.0
2070-10-21,36.0,22.0,0.0
2070-10-22,35.7,20.4,0.0
2070-10-23,37.2,21.0,0.0
2070-10-24,38.0,21.139436670254746,0.0
2070-10-25,35.6,21.2,1.1
2070-10-26,34.0,20.0,0.0
2070-10-27,29.9,18.7,84.5969111969113
2070-10-28,28.0,17.9,0.0
2070-10-29,30.9,18.1,0.0
2070-10-30,33.23248116254035,18.9,0.0
2070-10-31,34.7,21.397198555034556,0.0
2070-11-01,33.9,20.9,0.1
2070-11-02,32.89119700902237,20.3,1.0
2070-11-03,32.0,20.0,0.0
2070-11-04,31.82368922154559,19.4,5.0
2070-11-05,28.07289918090808,19.9,44.3
2070-11-06,31.1,19.7,4.5
2070-11-07,29.6,19.7,7.9
2070-11-08,26.0,19.5,28.07333333333334
2070-11-09,25.171376268882412,19.0,1.2
2070-11-10,25.2,18.4,0.0
2070-11-11,27.1,18.0,0.0
2070-11-12,31.5,17.9,7.011764705882354
2070-11-13,28.4,18.9,13.0
2070-11-14,23.941611264885186,16.9,19.614285714285714
2070-11-15,20.135028389061155,16.5,5.0
2070-11-16,21.8,16.218941520287757,0.0
2070-11-17,25.6,16.5,0.0
2070-11-18,30.6,16.3,0.0
2070-11-19,32.0,15.890227154050546,0.0
2070-11-20,32.0,16.4,0.0
2070-11-21,32.0,17.2,0.0
2070-11-22,31.6,17.5,0.0
2070-11-23,31.0,16.6,0.0
2070-11-24,31.4,15.9,0.0
2070-11-25,32.3,17.8,0.0
2070-11-26,31.9,17.4,0.8
2070-11-27,29.0,17.7,1.4
2070-11-28,30.2,17.6,0.0
2070-11-29,30.5,18.2,0.0
2070-11-30,30.2,17.0,0.0
2070-12-01,30.0,17.0,0.0
2070-12-02,31.2,16.8,0.0
2070-12-03,31.6,17.2,0.0
2070-12-04,31.2,19.5,0.0
2070-12-05,31.0,18.6,0.0
2070-12-06,32.1,18.7,0.0
2070-12-07,33.1,18.2,0.0
2070-12-08,32.45748833871544,18.910485370388628,0.0
2070-12-09,31.75122128065977,19.8,0.0
2070-12-10,31.2,19.6,1.2667021276595745
2070-12-11,32.4,21.029292379305762,0.0
2070-12-12,33.1,23.504638671875,0.0
2070-12-13,31.6,20.505210255759234,0.0
2070-12-14,31.6,20.0,13.6
2070-12-15,30.1,19.0,4.082978723404253
2070-12-16,30.6,19.2,0.0
2070-12-17,29.3,19.0,2.7
2070-12-18,25.7,19.4,3.0
2070-12-19,26.762157075432636,19.6,0.0
2070-12-20,28.9,17.9,0.8
2070-12-21,26.7,19.2,21.400000000000055
2070-12-22,24.3,19.4,10.6
2070-12-23,28.7,19.0,9.160638297872342
2070-12-24,28.7,19.3,6.6
2070-12-25,27.0,19.5,54.818808510638306
2070-12-26,28.4,19.0,53.80093342484557
2070-12-27,28.3,19.3,43.2
2070-12-28,27.6,19.5,35.63018003273322
2070-12-29,29.7,18.6,0.0
2070-12-30,30.0,16.9,0.0
2070-12-31,29.2,18.5,10.0
