date,tmax_C,tmin_C,precip_mm_day
2041-01-01,28.8,18.4,30.732750929368017
2041-01-02,28.1,18.9,10.038810408921918
2041-01-03,26.9,18.5,16.4
2041-01-04,27.4,18.0,2.9
2041-01-05,28.725468245425187,17.0,0.0
2041-01-06,29.0,18.0,0.0
2041-01-07,30.37230629603832,18.1,1.3
2041-01-08,29.2,18.9,9.978773234200743
2041-01-09,29.80533979995404,18.9,0.0
2041-01-10,29.1,18.9,5.611028500619576
2041-01-11,28.5,18.7,11.828624535315981
2041-01-12,29.2,19.53158798275033,19.884758364312248
2041-01-13,26.9,19.8,0.0
2041-01-14,28.5,19.85355633043137,37.50453066914498
2041-01-15,28.7,19.6,13.632342007434948
2041-01-16,28.954149247753268,18.8,18.650929368029733
2041-01-17,28.5,18.8,27.83928128872367
2041-01-18,23.095522648590464,18.2,0.0
2041-01-19,27.2,15.0,0.0
2041-01-20,28.9,13.630931384679174,0.0
2041-01-21,29.0,16.1,0.0
2041-01-22,27.8,17.0,0.0
2041-01-23,28.9,15.2,0.0
2041-01-24,28.9,17.6,0.0
2041-01-25,29.5,17.6,0.0
2041-01-26,29.5,17.104951166522753,0.0
2041-01-27,29.3,16.124371610953514,0.0
2041-01-28,27.6,17.3,0.0
2041-01-29,28.7,17.0,0.0
2041-01-30,30.7,14.7,0.0
2041-01-31,31.1,15.7,0.0
2041-02-01,32.7,18.0,0.0
2041-02-02,34.05810439152267,19.7,0.0
2041-02-03,34.342436443175416,18.9,0.0
2041-02-04,35.24295850468476,18.2,0.0
2041-02-05,31.542964528323957,19.7,0.0
2041-02-06,29.2,19.0,23.578521939953806
2041-02-07,25.083001269991207,18.6,29.2
2041-02-08,26.9,17.7,2.8547344110854516
2041-02-09,27.0,17.008939213349226,0.0
2041-02-10,28.4,15.5,0.0
2041-02-11,30.5,16.4,0.0
2041-02-12,32.932354216450484,15.9,0.0
2041-02-13,34.23221124048776,19.3718171257782,0.0
2041-02-14,34.21352609726387,20.074222101148816,0.0
2041-02-15,34.30660896671862,18.95821714665851,0.0
2041-02-16,29.8,18.9,0.0
2041-02-17,26.9,18.9,0.0
2041-02-18,28.3,19.932989270944717,0.0
2041-02-19,29.8,19.592104841567014,0.0
2041-02-20,30.2,16.9,0.0
2041-02-21,31.6,15.2,0.0
2041-02-22,34.19543745191974,14.3,0.0
2041-02-23,34.802704575772204,15.7,0.0
2041-02-24,32.70160973016338,19.22901988058925,0.0
2041-02-25,28.3,18.5,0.0
2041-02-26,28.8,18.0,0.0
2041-02-27,30.0,19.522871806155226,0.0
2041-02-28,29.8,17.4,0.0
2041-03-01,31.6,18.5,0.0
2041-03-02,33.612453669384735,16.9,0.0
2041-03-03,34.2425385023898,16.9,0.0
2041-03-04,35.191015625,17.3,0.0
2041-03-05,36.177587890625,19.4,0.0
2041-03-06,36.346533203125,23.128790283203124,0.0
2041-03-07,35.70419921875,19.1,0.0
2041-03-08,33.65226093402521,18.90473627556512,0.0
2041-03-09,33.64566345441067,18.8,0.0
2041-03-10,34.21237387148166,17.5,0.0
2041-03-11,34.7944237918216,19.1,0.0
2041-03-12,33.34713541666667,19.9,0.0
2041-03-13,34.27758895379716,18.6,0.0
2041-03-14,33.22198275862069,18.7,0.0
2041-03-15,35.5650390625,19.81959813419447,0.0
2041-03-16,35.900732421875,19.0,0.0
2041-03-17,36.938330078125,17.9,0.0
2041-03-18,36.6705078125,18.6,0.0
2041-03-19,36.187841796875,19.842073914603514,0.0
2041-03-20,34.548645778013835,19.9,0.0
2041-03-21,30.2,19.6,0.0
2041-03-22,32.9,19.2,0.0
2041-03-23,34.61067445565586,17.4,0.0
2041-03-24,35.8892578125,18.2,0.0
2041-03-25,35.744970703125,19.9,0.0
2041-03-26,35.035498046875,20.08371303742165,0.0
2041-03-27,34.19729155602759,19.4,0.0
2041-03-28,34.55395645246946,18.0,0.0
2041-03-29,34.856027615507145,18.5,0.0
2041-03-30,35.126806640625,18.8,0.0
2041-03-31,30.9,18.7,4.9
2041-04-01,23.9,17.6,26.330669234472794
2041-04-02,26.2,18.5,1.8805970149253735
2041-04-03,31.1,18.72473498233216,0.0
2041-04-04,31.5,18.7,0.0
2041-04-05,31.5,19.4,3.7552238805970153
2041-04-06,31.309259259259264,18.9,0.8
2041-04-07,31.4,18.953846153846147,26.456812710640346
2041-04-08,27.7,18.1,25.505970149253727
2041-04-09,27.2,17.969230769230773,4.0334328358208955
2041-04-10,27.6,17.9,0.0
2041-04-11,28.2,18.4,0.0
2041-04-12,28.6,16.7,0.0
2041-04-13,30.6,18.211965811965808,0.0
2041-04-14,31.7,16.3,0.0
2041-04-15,33.02411575562701,16.3,0.0
2041-04-16,32.916398713826354,16.8,0.0
2041-04-17,31.29240506329114,18.5,0.0
2041-04-18,31.3,16.7,0.0
2041-04-19,31.636626506024097,18.4,0.0
2041-04-20,29.3,19.067771084337352,0.0
2041-04-21,29.9,17.6,0.0
2041-04-22,29.3,17.3,0.0
2041-04-23,28.6,18.4,0.0
2041-04-24,28.0,16.6,0.0
2041-04-25,29.5,18.4,0.0
2041-04-26,26.0,18.6,0.0
2041-04-27,23.693478260869565,18.0,0.0
2041-04-28,26.3,17.4,0.0
2041-04-29,30.7,17.5,0.0
2041-04-30,30.6,17.5,0.0
2041-05-01,29.1,16.3,0.0
2041-05-02,28.7,15.1,0.0
2041-05-03,28.706452464609942,15.869151248045155,0.0
2041-05-04,29.3,16.49571494871787,0.0
2041-05-05,30.1,16.386441609600787,0.0
2041-05-06,29.9,16.0,0.0
2041-05-07,29.2,15.2,0.0
2041-05-08,27.6,16.5,0.0
2041-05-09,28.6,15.3,0.0
2041-05-10,28.5,15.2,0.0
2041-05-11,28.7,14.9,0.0
2041-05-12,29.0,14.0,0.0
2041-05-13,28.6,14.0,0.0
2041-05-14,27.5,12.4,0.0
2041-05-15,27.2,11.9,0.0
2041-05-16,27.6,11.8,0.0
2041-05-17,27.6,13.342028465494545,0.0
2041-05-18,27.5,13.5,0.0
2041-05-19,26.2,11.9,0.0
2041-05-20,25.2,15.0,0.0
2041-05-21,25.1,13.9,0.0
2041-05-22,26.8,11.112103815333084,0.0
2041-05-23,27.2,10.153152517249286,0.0
2041-05-24,27.325675329335173,11.7,0.0
2041-05-25,25.8,11.7,0.0
2041-05-26,26.2,10.0,0.0
2041-05-27,27.5,9.5,0.0
2041-05-28,22.378984058639602,15.1,0.0
2041-05-29,24.1,15.037148465414138,0.0
2041-05-30,24.0,14.6,0.0
2041-05-31,27.33109334153467,15.05590240401864,0.0
2041-06-01,27.1,13.732214129347168,0.0
2041-06-02,28.423934501798797,14.3,0.0
2041-06-03,27.8,15.258680912266298,0.0
2041-06-04,26.7,14.7,0.0
2041-06-05,26.3,13.0,0.0
2041-06-06,25.7,12.9,0.0
2041-06-07,24.8,12.0,0.0
2041-06-08,22.9,11.0,0.0
2041-06-09,22.9,7.070640581037755,0.0
2041-06-10,25.4,9.7,0.0
2041-06-11,26.0,10.7,0.0
2041-06-12,26.76194104560624,11.9,0.0
2041-06-13,27.4,12.3,0.0
2041-06-14,28.0,13.0,0.0
2041-06-15,29.049425287356335,13.564146088246204,0.0
2041-06-16,27.9,14.7,0.0
2041-06-17,27.2,13.508352984797924,0.0
2041-06-18,27.2,11.5,0.0
2041-06-19,27.003588312410624,10.5,0.0
2041-06-20,27.0,10.9,0.0
2041-06-21,27.412738901810084,10.6,0.0
2041-06-22,27.6,10.5,0.0
2041-06-23,27.8,10.7,0.0
2041-06-24,27.5,11.6,0.0
2041-06-25,27.5,11.4,0.0
2041-06-26,27.0,11.7,0.0
2041-06-27,25.9,12.3,0.0
2041-06-28,25.9,11.5,0.0
2041-06-29,25.9,11.9,0.0
2041-06-30,24.2,11.6,0.0
2041-07-01,24.3,10.0,0.0
2041-07-02,24.5,8.9,0.0
2041-07-03,24.78378902045209,9.1,0.0
2041-07-04,24.9,10.2,0.0
2041-07-05,25.2,10.5,0.0
2041-07-06,25.6,10.5,0.0
2041-07-07,25.3,10.5,0.0
2041-07-08,25.7,10.4,0.0
2041-07-09,25.7,10.4,0.0
2041-07-10,25.8,10.5,0.0
2041-07-11,25.7,11.0,0.0
2041-07-12,25.0,11.0,0.0
2041-07-13,24.8,9.7000922651084,0.0
2041-07-14,25.4,9.7,0.0
2041-07-15,26.0,10.0,0.0
2041-07-16,26.4,9.6,0.0
2041-07-17,25.2,11.7,0.0
2041-07-18,25.7,9.3,0.0
2041-07-19,26.19233584499461,7.9,0.0
2041-07-20,26.2,9.0,0.0
2041-07-21,26.4829369075315,10.0,0.0
2041-07-22,26.8,11.2,0.0
2041-07-23,26.7,11.7,0.0
2041-07-24,27.2,11.7,0.0
2041-07-25,27.7,12.51766306648444,0.0
2041-07-26,27.9,13.4,0.0
2041-07-27,27.6,13.4,0.0
2041-07-28,27.6,13.1,0.0
2041-07-29,28.0,12.7,0.0
2041-07-30,27.7,12.6,0.0
2041-07-31,25.8,14.0,0.0
2041-08-01,24.3,13.4,0.0
2041-08-02,23.7,10.9,0.0
2041-08-03,25.0,8.9,0.0
2041-08-04,26.7,10.7,0.0
2041-08-05,28.1,11.8,0.0
2041-08-06,28.6,11.4,0.0
2041-08-07,29.0,11.5,0.0
2041-08-08,29.0,12.4,0.0
2041-08-09,28.9,13.9,0.0
2041-08-10,29.4,12.722536451707603,0.0
2041-08-11,30.271951407042895,10.2,0.0
2041-08-12,31.2,8.6,0.0
2041-08-13,31.0,10.2,0.0
2041-08-14,28.7,15.595136128541045,0.0
2041-08-15,27.4,14.5,0.0
2041-08-16,29.124567159920627,14.4,0.0
2041-08-17,29.2,14.4,0.0
2041-08-18,27.0,15.379600470623568,0.0
2041-08-19,26.6,13.9,0.0
2041-08-20,27.7,12.3,0.0
2041-08-21,28.9,13.4,0.0
2041-08-22,30.2,14.2,0.0
2041-08-23,30.5,15.211098521330221,0.0
2041-08-24,29.4,15.7,0.0
2041-08-25,27.9,15.6,0.0
2041-08-26,26.2,14.4,0.0
2041-08-27,25.4,13.0,0.0
2041-08-28,25.535575888051667,13.0,0.0
2041-08-29,26.4,12.8,0.0
2041-08-30,27.0,12.3,0.0
2041-08-31,27.8,12.9,0.0
2041-09-01,27.9,14.0,0.0
2041-09-02,28.0,14.5,0.0
2041-09-03,29.2,14.5,0.0
2041-09-04,31.0,15.7,0.0
2041-09-05,32.5,17.2,0.0
2041-09-06,33.1,18.2,0.0
2041-09-07,34.6,18.810545948921927,0.0
2041-09-08,34.4,20.5,0.0
2041-09-09,32.7,19.6,0.0
2041-09-10,32.3658064516129,18.2,0.0
2041-09-11,31.9,17.6,0.0
2041-09-12,32.6,15.0,0.0
2041-09-13,33.7,15.9,0.0
2041-09-14,32.9,18.1,0.0
2041-09-15,31.542602892102337,18.350218969017636,0.0
2041-09-16,31.7,17.7,0.0
2041-09-17,32.5,17.7,0.0
2041-09-18,33.2,17.8,0.0
2041-09-19,33.030719189904495,18.4,0.0
2041-09-20,33.3,17.8,0.0
2041-09-21,35.684965605786424,18.1,0.0
2041-09-22,39.867919921875,19.704490083833004,0.0
2041-09-23,40.388671875,20.5,0.0
2041-09-24,39.57421875,21.349015692116208,0.0
2041-09-25,37.614389692155186,22.077393208035478,0.0
2041-09-26,37.43440913606178,23.72216796875,0.0
2041-09-27,33.4,21.31556935689861,0.0
2041-09-28,29.6,18.6,0.0
2041-09-29,30.2,17.0,0.0
2041-09-30,30.7,17.0,0.0
2041-10-01,30.6,15.5,0.0
2041-10-02,32.9,15.5,0.0
2041-10-03,33.9,18.0,0.0
2041-10-04,35.1,18.4,0.0
2041-10-05,34.4,19.0,0.0
2041-10-06,33.3,19.6,0.0
2041-10-07,33.3,19.0,0.0
2041-10-08,34.0,19.0,0.0
2041-10-09,34.0,19.7,0.0
2041-10-10,33.2,19.4,0.0
2041-10-11,32.9,19.3,0.0
2041-10-12,32.93689282831001,18.7,0.0
2041-10-13,33.9,18.2,0.0
2041-10-14,35.2,18.4,0.0
2041-10-15,35.5,20.0,0.0
2041-10-16,33.448992772566505,20.7,0.0
2041-10-17,33.0,19.6,0.0
2041-10-18,33.14736275565123,20.0,0.0
2041-10-19,33.5,20.0,0.0
2041-10-20,33.54886975242195,21.0,0.0
2041-10-21,35.5,20.7,0.0
2041-10-22,37.091688306413,21.9,0.0
2041-10-23,36.24503934774386,20.7,2.1342465753424658
2041-10-24,33.1,19.4,2.7
2041-10-25,32.1,18.0,2.5
2041-10-26,32.3,16.0,0.0
2041-10-27,35.6,20.1,0.0
2041-10-28,36.0,20.7,0.0
2041-10-29,33.1,21.237383566559014,4.2
2041-10-30,27.649537136706137,17.9,85.9
2041-10-31,20.127601178820875,17.2,85.9
2041-11-01,26.0,17.8,10.945454545454544
2041-11-02,25.0,17.6,0.0
2041-11-03,26.0,17.6,0.0
2041-11-04,25.1,18.0,0.0
2041-11-05,30.5,17.2,0.8
2041-11-06,30.2,18.3,33.110671936758884
2041-11-07,25.0,18.49956160439704,0.0
2041-11-08,25.1,18.5,0.0
2041-11-09,27.2,18.6,0.0
2041-11-10,29.312744319084697,18.0,0.0
2041-11-11,29.9,17.7,0.0
2041-11-12,28.926206142418128,18.0,0.0
2041-11-13,27.63964630587932,16.8,0.0
2041-11-14,29.0,17.3,0.0
2041-11-15,30.4,16.9,0.0
2041-11-16,31.0,16.5,0.0
2041-11-17,30.4,16.6,0.0
2041-11-18,30.4,16.0,0.0
2041-11-19,31.5,14.9,0.0
2041-11-20,32.5,16.0,0.0
2041-11-21,32.3,19.2,0.0
2041-11-22,31.7,18.949435483870968,0.0
2041-11-23,33.40610079575597,18.7,0.0
2041-11-24,34.2,18.7,0.0
2041-11-25,34.74027407418694,18.514526060702373,0.0
2041-11-26,32.5,19.4,0.0
2041-11-27,32.1,19.5,0.9221343873517787
2041-11-28,29.9,19.0,0.0
2041-11-29,30.6,18.3,0.0
2041-11-30,31.7,18.0,0.0
2041-12-01,31.744534048597988,17.8,0.0
2041-12-02,31.2,19.2,3.6
2041-12-03,31.0,18.6,0.0
2041-12-04,30.5,19.2,0.0
2041-12-05,30.0,19.5,0.0
2041-12-06,31.35996357845377,19.4,0.0
2041-12-07,32.4,18.2,0.0
2041-12-08,32.958096711151974,19.5,0.0
2041-12-09,33.60239556265555,20.423908412801893,0.0
2041-12-10,31.8,20.426982418371015,0.0
2041-12-11,30.4,19.9,0.1
2041-12-12,29.6,19.5,97.07500000000016
2041-12-13,25.5,19.2,28.84
2041-12-14,25.6,19.0,6.4
2041-12-15,26.4,19.0,19.0
2041-12-16,28.9,18.9,0.7
2041-12-17,28.0,19.352331060877876,55.17
2041-12-18,25.2,19.183174097031106,0.0
2041-12-19,27.8,18.6,0.0
2041-12-20,29.4,17.4,0.0
2041-12-21,30.0,18.8,8.5
2041-12-22,24.2,17.0,2.0
2041-12-23,27.6,16.7,0.0
2041-12-24,29.0,18.3,0.0
2041-12-25,29.5,17.6,0.0
2041-12-26,29.1,17.6,0.0
2041-12-27,29.7,16.4,0.0
2041-12-28,30.4,17.4,0.0
2041-12-29,29.0,20.0,0.0
2041-12-30,29.9,19.9,0.0
2041-12-31,31.0687862217438,18.3,0.0
2042-01-01,32.0,16.484745502075963,0.0
2042-01-02,32.6,18.6,0.0
2042-01-03,30.1,19.68137413593129,6.999814126394057
2042-01-04,30.9,19.7,56.804460966542685
2042-01-05,28.4,19.7,13.532156133828993
2042-01-06,28.0,19.3,1.8
2042-01-07,29.2,18.9,3.4
2042-01-08,25.6,19.681794760322692,0.0
2042-01-09,31.33413078175658,19.0,0.0
2042-01-10,29.29936952175912,19.5,9.782481412639404
2042-01-11,25.2,19.2940402246168,21.358364312267653
2042-01-12,26.577624626489,18.7,0.0
2042-01-13,22.48933123353424,17.1,0.0
2042-01-14,23.2,16.4,0.0
2042-01-15,27.2,14.7,0.0
2042-01-16,28.915933612035943,15.4,0.0
2042-01-17,29.0,15.4,0.0
2042-01-18,29.4,14.7,0.0
2042-01-19,29.99232605275568,14.7,0.0
2042-01-20,29.65423969778825,15.9226981853318,0.0
2042-01-21,28.0,16.4,0.0
2042-01-22,28.5,15.0,0.5
2042-01-23,25.232291428247684,17.3,0.0
2042-01-24,24.5,18.6,0.0
2042-01-25,26.4,18.7,2.1
2042-01-26,30.1,18.9,0.0
2042-01-27,29.5,18.1,7.652788104089216
2042-01-28,30.9,17.9,14.0
2042-01-29,28.7,18.7,23.927881040892178
2042-01-30,28.9,18.9,2.7
2042-01-31,29.5,19.3,34.0
2042-02-01,32.0,18.65289554836617,31.0
2042-02-02,27.0,19.5,22.232794457274828
2042-02-03,26.5,19.1,4.8
2042-02-04,26.9,19.0,0.0
2042-02-05,31.065529571328756,18.9,8.285450346420324
2042-02-06,32.7,19.2,0.8
2042-02-07,32.7,19.2,9.3
2042-02-08,31.523824009008678,19.280490884209595,11.707159353348727
2042-02-09,28.4,19.2,0.0
2042-02-10,29.0,19.7,6.239030023094689
2042-02-11,29.2,19.984286277412,13.477829099307169
2042-02-12,29.4,19.624757915001187,2.43741339491917
2042-02-13,29.0,19.7,17.832794457274826
2042-02-14,28.5,19.0,13.0
2042-02-15,27.0,19.2,1.3808314087759817
2042-02-16,27.5,19.2,13.376674364896079
2042-02-17,32.976092683941694,19.1,0.0
2042-02-18,34.03528306683527,19.2,0.0
2042-02-19,34.33703660820705,18.0,0.0
2042-02-20,32.9,18.1,0.0
2042-02-21,24.865919407602767,18.9,81.95069494016366
2042-02-22,30.2,18.8,0.0
2042-02-23,30.6,17.4,0.0
2042-02-24,30.5,16.8,0.0
2042-02-25,29.0,19.0,0.0
2042-02-26,27.2,19.642486028879503,0.0
2042-02-27,24.9,18.6,0.0
2042-02-28,26.1,17.9,0.0
2042-03-01,28.9,17.2,0.0
2042-03-02,30.7,18.2,0.0
2042-03-03,30.1,17.5,0.0
2042-03-04,30.1,15.7,0.0
2042-03-05,30.6,14.9,0.0
2042-03-06,30.0,15.7,0.0
2042-03-07,30.7,17.9,0.0
2042-03-08,29.3,18.373621928139745,0.0
2042-03-09,31.1,16.4,0.0
2042-03-10,29.2,19.4,19.3
2042-03-11,27.4,19.2,43.52520325203251
2042-03-12,28.1,19.1,0.4
2042-03-13,29.0,18.3,0.0
2042-03-14,28.2,18.0,0.0
2042-03-15,29.2,19.0,0.0
2042-03-16,30.5,17.0,0.0
2042-03-17,31.2,16.6,0.0
2042-03-18,31.0,17.3,4.6
2042-03-19,29.9,18.2,4.6
2042-03-20,29.5,19.3,15.172727272727274
2042-03-21,27.6,18.6,17.918518518518518
2042-03-22,30.0,17.9,12.222222222222216
2042-03-23,31.2,17.0,5.0
2042-03-24,31.6,19.0,13.933333333333335
2042-03-25,31.1,18.3,6.9333333333333345
2042-03-26,26.6,19.4,2.0400000000000014
2042-03-27,25.41121951219512,19.2,0.0
2042-03-28,28.5,19.9,0.6
2042-03-29,26.7,19.4,0.0
2042-03-30,28.8,17.3,0.0
2042-03-31,29.3,16.0,0.0
2042-04-01,29.9,14.8,0.0
2042-04-02,30.552272727272726,15.6,0.0
2042-04-03,30.12620689655173,16.9,0.0
2042-04-04,30.0,17.0,0.0
2042-04-05,28.4,17.765000000000086,0.0
2042-04-06,27.4,19.0,0.0
2042-04-07,27.9,19.07078313253012,0.0
2042-04-08,27.8,17.9,0.0
2042-04-09,28.5,15.9,0.0
2042-04-10,28.74117647058824,15.6,0.0
2042-04-11,27.5,18.5,0.0
2042-04-12,27.6,16.7,0.0
2042-04-13,29.9,15.5,0.0
2042-04-14,30.83571428571429,15.9,0.0
2042-04-15,27.9,18.212820512820514,2.0
2042-04-16,25.5,18.4,0.0
2042-04-17,25.6,17.6,0.0
2042-04-18,25.7,17.2,0.0
2042-04-19,25.7,14.1,0.0
2042-04-20,27.0,12.2,0.0
2042-04-21,28.5,12.0,0.0
2042-04-22,30.2,13.6,0.0
2042-04-23,31.5,15.0,0.0
2042-04-24,29.9,16.6,0.0
2042-04-25,27.5,18.461240310077518,0.0
2042-04-26,27.6,17.4,0.0
2042-04-27,28.3,17.0,0.0
2042-04-28,28.6,15.0,0.0
2042-04-29,29.2,14.1,0.0
2042-04-30,30.2,15.0,0.0
2042-05-01,29.8,15.0,0.0
2042-05-02,29.9,14.6,0.0
2042-05-03,29.441054897739498,16.623184230666315,0.0
2042-05-04,29.0,14.4,0.0
2042-05-05,28.0,14.859887638792614,0.0
2042-05-06,28.703692345187555,14.0,0.0
2042-05-07,28.2,13.0,0.0
2042-05-08,28.2,12.2,0.0
2042-05-09,28.1,12.6,0.0
2042-05-10,28.4,12.9,0.0
2042-05-11,28.7,12.6,0.0
2042-05-12,29.2,12.6,0.0
2042-05-13,29.2,12.6,0.0
2042-05-14,29.6,12.9,0.0
2042-05-15,29.9,13.118573976190081,0.0
2042-05-16,30.7,13.5,0.0
2042-05-17,31.0,13.5,0.0
2042-05-18,30.0,12.9,0.0
2042-05-19,26.875660413982953,15.7,0.0
2042-05-20,25.6,12.3,0.0
2042-05-21,27.0,10.3,0.0
2042-05-22,27.644239088490362,10.3,0.0
2042-05-23,28.0,9.4,0.0
2042-05-24,29.0,9.6,0.0
2042-05-25,28.1,11.144683650281056,0.0
2042-05-26,27.681040680788833,12.5,0.0
2042-05-27,27.311356297093646,12.4,0.0
2042-05-28,27.0,16.9,0.0
2042-05-29,28.5,14.4,0.0
2042-05-30,30.4,13.9,0.0
2042-05-31,29.9,12.5,0.0
2042-06-01,30.0,14.1,0.0
2042-06-02,30.5,14.88525583982206,0.0
2042-06-03,30.0,15.352932911898948,0.0
2042-06-04,27.81696255751619,14.2,0.0
2042-06-05,27.1,11.9,0.0
2042-06-06,26.6,9.926124488868698,0.0
2042-06-07,26.9,9.7,0.0
2042-06-08,26.9,10.916431169768213,0.0
2042-06-09,27.7,11.4,0.0
2042-06-10,29.6,11.6,0.0
2042-06-11,27.9,10.6,0.0
2042-06-12,26.771565280867634,13.629838246199489,0.0
2042-06-13,25.7,13.2,0.0
2042-06-14,26.9,12.3,0.0
2042-06-15,27.804628735795532,13.0,0.0
2042-06-16,27.5,13.534749721913238,0.0
2042-06-17,26.2,13.0,0.0
2042-06-18,26.0,12.3,0.0
2042-06-19,27.0,12.0,0.0
2042-06-20,26.2,13.5,0.0
2042-06-21,25.4,12.4,0.0
2042-06-22,25.5,12.3,0.0
2042-06-23,25.5,12.3,0.0
2042-06-24,25.2,11.9,0.0
2042-06-25,25.2,11.5,0.0
2042-06-26,25.3,10.3,0.0
2042-06-27,25.4,10.7,0.0
2042-06-28,24.9,10.969330036376766,0.0
2042-06-29,25.2,10.1,0.0
2042-06-30,25.9,10.4,0.0
2042-07-01,26.8,11.9,0.0
2042-07-02,26.6,13.0,0.0
2042-07-03,26.4,13.0,0.0
2042-07-04,26.5,12.892552524180868,0.0
2042-07-05,26.9,12.7,0.0
2042-07-06,27.0,12.515640836467862,0.0
2042-07-07,27.2,12.869245959529469,0.0
2042-07-08,26.1,13.4,0.0
2042-07-09,25.7,12.5,0.0
2042-07-10,25.7,10.7,0.0
2042-07-11,25.9,10.6,0.0
2042-07-12,26.0,11.2,0.0
2042-07-13,25.0,12.0,0.0
2042-07-14,24.530550302227372,11.0,0.0
2042-07-15,24.7,10.5,0.0
2042-07-16,26.4,11.6,0.0
2042-07-17,27.4,12.6,0.0
2042-07-18,27.4,13.017247970383183,0.0
2042-07-19,27.25634496629085,13.0,0.0
2042-07-20,26.2,13.4,0.0
2042-07-21,24.6,12.5,0.0
2042-07-22,24.197959682943527,11.2,0.0
2042-07-23,24.3,11.087646676400679,0.0
2042-07-24,24.554671524385192,11.5,0.0
2042-07-25,24.887173575854145,11.1,0.0
2042-07-26,25.1,11.2,0.0
2042-07-27,25.557081480788124,11.057353270310882,0.0
2042-07-28,25.5,11.085864711336573,0.0
2042-07-29,26.0,10.7,0.0
2042-07-30,27.0,11.2,0.0
2042-07-31,29.04526519228886,12.8,0.0
2042-08-01,31.8,15.0,0.0
2042-08-02,31.5,15.7,0.0
2042-08-03,29.6,16.7,0.0
2042-08-04,29.9,15.0,0.0
2042-08-05,31.0,14.5,0.0
2042-08-06,31.29864817636613,15.0,0.0
2042-08-07,31.9,16.05546892985807,0.0
2042-08-08,31.851850855160855,17.0,0.0
2042-08-09,32.57657888140141,17.644296631518433,0.0
2042-08-10,34.540060783401955,18.38553043043005,0.0
2042-08-11,37.28848692995858,19.84502502838124,0.0
2042-08-12,32.55828184673459,25.511962890625,0.0
2042-08-13,31.2,19.0,0.0
2042-08-14,29.9,17.835265177280135,0.0
2042-08-15,29.3,16.4,0.0
2042-08-16,28.5,15.603571011710997,0.0
2042-08-17,28.6,15.7,0.0
2042-08-18,29.2,17.5179465887539,0.0
2042-08-19,30.0,18.0,0.0
2042-08-20,30.7,17.58571678154182,0.0
2042-08-21,31.2,18.0,0.0
2042-08-22,31.4,18.2,0.0
2042-08-23,31.2,18.0,0.0
2042-08-24,31.0,16.455508160113382,0.0
2042-08-25,31.9,16.78308465950449,0.0
2042-08-26,33.054422939602894,18.2,0.0
2042-08-27,33.56717633819345,18.815770527095914,0.0
2042-08-28,31.9,22.351160599269488,0.0
2042-08-29,31.4,18.61548555881851,0.0
2042-08-30,31.4,18.47575370072113,0.0
2042-08-31,32.1,18.449900739855178,0.0
2042-09-01,33.1,18.7,0.0
2042-09-02,34.2,19.080024471635152,0.0
2042-09-03,35.304765893941465,21.39955358672296,0.0
2042-09-04,33.2,19.7,1.6071428571428572
2042-09-05,32.9,17.8,0.0
2042-09-06,32.7,15.2,0.0
2042-09-07,32.8,15.3,0.0
2042-09-08,32.0,19.17055061179088,0.0
2042-09-09,32.8,19.6,0.0
2042-09-10,34.2,20.0,0.0
2042-09-11,35.24406405440007,20.2,0.0
2042-09-12,35.50367291782538,20.5,0.0
2042-09-13,35.39134255573525,20.5,0.0
2042-09-14,33.442585965081975,20.5,0.0
2042-09-15,31.6,19.6,0.0
2042-09-16,31.0,18.1,0.0
2042-09-17,31.0,17.8,0.0
2042-09-18,31.9,17.7,0.0
2042-09-19,32.8,18.2,0.0
2042-09-20,32.5,19.20931833644719,0.0
2042-09-21,32.0,18.9,0.0
2042-09-22,32.5,17.7,0.0
2042-09-23,32.9,16.7,0.0
2042-09-24,32.9,18.2,0.0
2042-09-25,31.6,17.8,0.0
2042-09-26,31.8,16.7,0.0
2042-09-27,33.85831236795545,17.4,0.0
2042-09-28,34.770481257622265,20.185283736084713,0.0
2042-09-29,34.4,20.5,0.0
2042-09-30,35.2,21.206375654475575,0.0
2042-10-01,36.3,23.237982294220433,0.0
2042-10-02,35.3,20.0,8.671232876712322
2042-10-03,32.1,21.0,0.0
2042-10-04,33.7,20.4,0.0
2042-10-05,34.9,22.850651462145663,0.0
2042-10-06,36.2,23.213835832478022,0.0
2042-10-07,36.6,23.12928129771947,0.9164383561643836
2042-10-08,36.5,21.7,0.9493150684931506
2042-10-09,36.718901765618654,23.31903056150158,0.2
2042-10-10,36.9,23.71074595477475,0.0
2042-10-11,37.0,24.134716796875,0.0
2042-10-12,38.0,24.27314453125,0.0
2042-10-13,36.96868272335844,23.0,0.0
2042-10-14,37.01420998726277,22.1,0.0
2042-10-15,37.0,22.042094994617855,0.0
2042-10-16,36.0,22.0,0.0
2042-10-17,35.0,21.5,0.0
2042-10-18,34.9,20.3,0.0
2042-10-19,35.5,20.4,0.0
2042-10-20,36.4,21.0,0.0
2042-10-21,36.0,21.8,0.0
2042-10-22,36.12414535466387,21.52583423035522,0.0
2042-10-23,37.31885097126072,21.6,0.0
2042-10-24,38.937109375,21.920610068080457,0.0
2042-10-25,40.108740234375,22.1,0.0
2042-10-26,40.542822265625,23.0,0.0
2042-10-27,38.0,23.78864587157458,0.0
2042-10-28,37.0,23.0,0.0
2042-10-29,38.36177826805089,23.251750563793586,0.0
2042-10-30,38.898779296875,22.901087639038376,0.0
2042-10-31,38.977392578125,22.960245801415017,0.0
2042-11-01,40.1884765625,21.9,0.0
2042-11-02,41.033203125,20.6,0.0
2042-11-03,37.491310190513545,23.226963738760993,0.0
2042-11-04,36.2,22.19331724342032,0.0
2042-11-05,36.34745575294047,22.1,0.0
2042-11-06,37.343624860956616,22.556170489015113,0.0
2042-11-07,39.101639361417156,21.9,0.0
2042-11-08,39.271525668970845,21.9,0.0
2042-11-09,40.1611328125,23.390085069682417,0.0
2042-11-10,38.926064896244576,23.3629116563539,0.0
2042-11-11,39.273990537272375,22.456031096462254,0.0
2042-11-12,39.32935527143048,21.998961308360645,0.0
2042-11-13,40.07421875,23.2,0.0
2042-11-14,38.62811096992242,23.30267363155867,0.0
2042-11-15,35.917160481342904,22.47342208850343,0.0
2042-11-16,36.3,22.3,0.0
2042-11-17,39.5146484375,23.0,0.0
2042-11-18,39.5625,21.0,0.0
2042-11-19,38.274830584481876,20.328469604846806,0.0
2042-11-20,38.991668314116794,23.03427512050427,0.0
2042-11-21,39.27493856354224,22.9,0.0
2042-11-22,39.994140625,23.301105128740407,0.0
2042-11-23,39.096140809052145,23.450418051587533,0.0
2042-11-24,39.032054233211596,24.099951171875,0.0
2042-11-25,39.348505402081074,23.719725454548165,0.0
2042-11-26,36.31051828328749,22.46154111374263,0.0
2042-11-27,33.6,20.0,0.5446640316205533
2042-11-28,34.0,20.2,0.0
2042-11-29,33.4,19.4,52.88906455862979
2042-11-30,27.0,19.5,0.3079051383399208
2042-12-01,26.7,19.9,0.0
2042-12-02,28.2,19.5,9.4
2042-12-03,28.4,19.54811461480878,0.0
2042-12-04,30.7,20.2,0.0
2042-12-05,31.8,20.0,0.0
2042-12-06,31.1,20.6926197065056,0.0
2042-12-07,31.0,21.0,0.0
2042-12-08,31.8,19.9,0.0
2042-12-09,31.8,19.615033166809276,4.5
2042-12-10,29.0,19.6,1.3
2042-12-11,27.0,19.518468997648622,1.3
2042-12-12,30.59916197243555,19.6,1.1
2042-12-13,29.9,19.9,1.2
2042-12-14,30.5,18.9,8.0
2042-12-15,30.7,19.2,0.0
2042-12-16,30.2,19.5,9.8
2042-12-17,29.9,19.9,48.16428571428573
2042-12-18,28.7,19.6,25.0
2042-12-19,27.6,19.9,21.9
2042-12-20,27.4,19.9,5.1
2042-12-21,28.7,19.9,60.55384615384618
2042-12-22,28.0,19.547961802349196,20.5
2042-12-23,29.2,19.5,17.2
2042-12-24,30.1,19.0,9.9
2042-12-25,27.5,19.5,5.866666666666668
2042-12-26,28.7,19.6,2.95
2042-12-27,31.0,19.2,9.8
2042-12-28,32.1,19.2,23.8
2042-12-29,25.0,19.0,0.8
2042-12-30,24.6,18.088637015050846,0.0
2042-12-31,29.0,17.8,0.0
2043-01-01,31.1,18.4,0.0
2043-01-02,31.5,18.8,0.0
2043-01-03,31.486595660302527,18.6,0.0
2043-01-04,33.27010829417186,19.8,0.0
2043-01-05,31.7,20.31561608809165,2.1
2043-01-06,27.2,19.854290668313325,25.683271375464685
2043-01-07,30.0,20.29574438051948,29.012221189591077
2043-01-08,26.6,19.9,0.0
2043-01-09,28.9,19.9,0.0
2043-01-10,30.9,19.8,0.0
2043-01-11,30.5,20.254676184870434,39.68680297397769
2043-01-12,32.12388618285926,19.88067618807192,0.0
2043-01-13,31.299349464126923,19.967942624487936,0.0
2043-01-14,31.1,19.9,0.0
2043-01-15,27.70138929408569,19.83448886749641,0.0
2043-01-16,28.7,19.8,0.0
2043-01-17,29.7,18.9,0.0
2043-01-18,29.0,19.8,0.0
2043-01-19,29.8,19.9,0.0
2043-01-20,30.2,19.9,39.5432156133829
2043-01-21,31.8,19.8872599070136,0.0
2043-01-22,31.7,19.871222642924884,1.0
2043-01-23,31.8,19.5,0.8
2043-01-24,31.1,19.854307549643945,2.7
2043-01-25,30.0,19.8,26.084014869888474
2043-01-26,31.35499957233439,19.472528499183255,0.8
2043-01-27,27.2,19.7,2.0
2043-01-28,29.3,19.838548827510458,59.97685873605948
2043-01-29,29.4,19.4,0.0
2043-01-30,26.6,19.867905461458108,0.0
2043-01-31,29.0,20.315792725492273,0.0
2043-02-01,32.9,20.196712235808597,0.0
2043-02-02,32.9,19.74869374558202,0.0
2043-02-03,29.7,19.866084951050507,0.0
2043-02-04,27.253743634196553,19.49642200844284,3.884757505773673
2043-02-05,28.7,19.55586292076124,9.46685912240185
2043-02-06,28.4,19.511633014705293,0.0
2043-02-07,29.6,19.2,0.0
2043-02-08,29.5,19.1,3.2
2043-02-09,32.1297651644493,19.0,9.729330254041567
2043-02-10,31.6,18.8,1.6
2043-02-11,30.3,19.7,4.8
2043-02-12,31.6,19.57935355810272,37.99907621247113
2043-02-13,30.41503071422022,19.532100401043117,2.8547344110854516
2043-02-14,30.9,20.038702484998517,16.921247113163975
2043-02-15,29.4,20.033092918260145,29.9
2043-02-16,28.6,20.064842263814082,20.446651270207852
2043-02-17,28.0,20.020756455351354,14.952193995381062
2043-02-18,29.0,19.77019322825024,21.2
2043-02-19,28.3,19.92696555233193,7.665588914549653
2043-02-20,28.1,20.039292664134422,42.06907088292769
2043-02-21,28.8,19.96542467885974,14.724595842956125
2043-02-22,28.5,19.2,21.0
2043-02-23,28.6,19.7,56.806357831816335
2043-02-24,27.0,19.611055043218652,10.2
2043-02-25,27.9,19.923503958377974,19.98475750577368
2043-02-26,27.8,19.884809544345895,1.3808314087759817
2043-02-27,29.0,19.755206263145656,21.742263279445748
2043-02-28,29.2,20.015318785448688,38.44033872209392
2043-03-01,28.6,22.31424560546875,0.0
2043-03-02,31.1,19.2,11.0
2043-03-03,30.7,23.29501953125,51.201298701298704
2043-03-04,28.0,22.5484375,2.5
2043-03-05,32.0,19.911651722490884,2.0
2043-03-06,31.1,19.3,15.937499999999998
2043-03-07,33.54611260053619,21.919775390625,21.73333333333333
2043-03-08,29.6,22.4322265625,8.6
2043-03-09,29.5,23.16318359375,0.7
2043-03-10,30.85,20.269897760446984,1.7
2043-03-11,28.1,19.0,0.0
2043-03-12,24.04,18.5,0.0
2043-03-13,27.0,15.1,0.0
2043-03-14,28.7,14.0,0.0
2043-03-15,28.1,15.2,0.0
2043-03-16,26.7,16.0,0.0
2043-03-17,27.5,14.4,0.3
2043-03-18,27.2,19.2,0.0
2043-03-19,27.6,19.808568353067805,0.0
2043-03-20,29.14918032786885,19.2,0.0
2043-03-21,28.9,17.6,0.0
2043-03-22,29.9,22.565283203125,0.0
2043-03-23,29.0,20.14423605394794,0.0
2043-03-24,28.0,22.2876953125,0.0
2043-03-25,30.5,17.2,0.0
2043-03-26,31.8,15.2,0.0
2043-03-27,30.0,16.2,0.0
2043-03-28,26.2,17.5,0.0
2043-03-29,26.4,16.0,0.0
2043-03-30,29.7,18.0,0.0
2043-03-31,30.7,18.0,0.0
2043-04-01,29.9,18.04920634920635,0.0
2043-04-02,27.6,18.0,0.0
2043-04-03,28.5,17.5,0.0
2043-04-04,31.1,18.9,0.0
2043-04-05,31.5,18.0,0.0
2043-04-06,30.3,18.0,0.0
2043-04-07,29.1,17.7,0.0
2043-04-08,29.1,16.4,0.0
2043-04-09,29.9,17.4,0.0
2043-04-10,31.1,15.326881720430103,0.0
2043-04-11,30.3,19.4,0.0
2043-04-12,29.379166666666663,19.0,0.0
2043-04-13,28.9,19.4,0.0
2043-04-14,27.0,15.5,0.0
2043-04-15,26.0,13.0,0.0
2043-04-16,27.4,12.3,0.0
2043-04-17,29.5,12.2,0.0
2043-04-18,31.5,13.0,0.0
2043-04-19,32.5,15.7,0.0
2043-04-20,32.5,17.7,0.0
2043-04-21,32.7,17.9,0.0
2043-04-22,32.7,18.015343915343912,0.0
2043-04-23,33.2,18.3,0.0
2043-04-24,33.70380952380953,18.3,0.0
2043-04-25,34.01432968536252,18.424806201550382,0.0
2043-04-26,33.2,18.71501766784452,0.0
2043-04-27,31.75401459854015,18.814784810126586,0.0
2043-04-28,31.5,18.2,0.0
2043-04-29,31.491525423728817,17.319444444444446,0.0
2043-04-30,31.5,17.1,0.0
2043-05-01,35.239697265625,16.816099646317078,0.0
2043-05-02,34.900830078125,17.885926676375597,0.0
2043-05-03,34.651318359375,16.9,0.0
2043-05-04,31.97717002666725,17.749622375664003,0.0
2043-05-05,30.9,17.789353881698116,0.0
2043-05-06,28.9,15.7,0.0
2043-05-07,28.7,13.6,0.0
2043-05-08,29.2,13.0,0.0
2043-05-09,30.0,12.950922472275748,0.0
2043-05-10,30.4,14.04558511456249,0.0
2043-05-11,30.255402314316463,14.094454866984453,0.0
2043-05-12,30.7,14.733292326618466,0.0
2043-05-13,28.9,15.9,0.0
2043-05-14,28.8,14.177652400925467,0.0
2043-05-15,28.419214208826688,13.9,0.0
2043-05-16,27.5,12.5,0.0
2043-05-17,28.706452464609942,13.0,0.0
2043-05-18,28.9,12.2,0.0
2043-05-19,29.0,11.9,0.0
2043-05-20,29.1,10.8,0.0
2043-05-21,29.6,11.030485524899431,0.0
2043-05-22,29.0,12.8,0.0
2043-05-23,28.6,13.1,0.0
2043-05-24,27.5,12.5,0.0
2043-05-25,27.2,12.4,0.0
2043-05-26,28.1,12.4,0.0
2043-05-27,28.2,12.910008260945736,0.0
2043-05-28,28.8,12.2,0.0
2043-05-29,28.848388193303492,12.4,0.0
2043-05-30,28.7,13.9,0.0
2043-05-31,27.9,12.1,0.0
2043-06-01,27.0,11.9,0.0
2043-06-02,27.2,12.6,0.0
2043-06-03,27.1,12.9,0.0
2043-06-04,27.0,12.9,0.0
2043-06-05,27.0,13.0,0.0
2043-06-06,27.3,13.2,0.0
2043-06-07,27.7,13.4,0.0
2043-06-08,27.8,14.3,0.0
2043-06-09,27.2,14.350010034935185,0.0
2043-06-10,27.1,13.801925419778613,0.0
2043-06-11,27.7,13.527550611790879,0.0
2043-06-12,29.010021010999886,14.1,0.0
2043-06-13,30.649343823937567,15.0,0.0
2043-06-14,30.659375600105797,15.183308063453383,0.0
2043-06-15,30.43570131063501,13.506553207267336,0.0
2043-06-16,27.6,15.1,0.0
2043-06-17,26.0,13.52515090841676,0.0
2043-06-18,25.3,12.6,0.0
2043-06-19,24.8,11.670012977382276,0.0
2043-06-20,24.8,10.987758689353065,0.0
2043-06-21,25.0,10.5,0.0
2043-06-22,25.4,11.0,0.0
2043-06-23,25.6,11.6,0.0
2043-06-24,25.7,11.8,0.0
2043-06-25,25.6,11.8,0.0
2043-06-26,25.5,11.8,0.0
2043-06-27,25.4,11.521680339265858,0.0
2043-06-28,25.5,11.0,0.0
2043-06-29,25.5,11.0,0.0
2043-06-30,26.2,10.4,0.0
2043-07-01,28.2,11.3,0.0
2043-07-02,29.5,13.410656620021525,0.0
2043-07-03,28.2,14.4,0.0
2043-07-04,27.4,13.8,0.0
2043-07-05,26.7,13.327526372443488,0.0
2043-07-06,26.0,11.6,0.0
2043-07-07,26.0,11.060026217907042,0.0
2043-07-08,26.0,11.1,0.0
2043-07-09,26.0,11.063590148035248,0.0
2043-07-10,25.7,12.0,0.0
2043-07-11,25.3,12.0,0.0
2043-07-12,25.6,11.7,0.0
2043-07-13,24.82847362755651,12.2,0.0
2043-07-14,23.7,14.2,0.0
2043-07-15,25.0,12.2,0.0
2043-07-16,21.06059754784846,12.9,0.0
2043-07-17,24.0,11.7,0.0
2043-07-18,24.2,10.9,0.0
2043-07-19,24.7,9.0,0.0
2043-07-20,26.6,10.5,0.0
2043-07-21,27.4,10.7,0.0
2043-07-22,27.3,12.0,0.0
2043-07-23,26.77805900340073,12.2,0.0
2043-07-24,26.6,11.2,0.0
2043-07-25,27.0,12.1,0.0
2043-07-26,27.6,12.6,0.0
2043-07-27,27.7,13.5,0.0
2043-07-28,27.3,14.3,0.0
2043-07-29,26.7,13.8,0.0
2043-07-30,26.9,13.109599893060906,0.0
2043-07-31,27.0,13.498751345532826,0.0
2043-08-01,28.0,13.7,0.0
2043-08-02,27.1,13.4,0.0
2043-08-03,25.7,12.7,0.0
2043-08-04,27.0,10.9,0.0
2043-08-05,28.86165624508653,9.8,0.0
2043-08-06,29.4,11.9,0.0
2043-08-07,28.8,13.7,0.0
2043-08-08,28.5,13.0,0.0
2043-08-09,28.81598404771568,13.2,0.0
2043-08-10,29.6,14.6,0.0
2043-08-11,28.6,16.0,0.0
2043-08-12,28.1,15.2,0.0
2043-08-13,28.6,13.9,0.0
2043-08-14,29.5,13.0,0.0
2043-08-15,29.6,14.5,0.0
2043-08-16,29.5,14.690843649085028,0.0
2043-08-17,29.2,15.6,0.0
2043-08-18,28.9,15.7,0.0
2043-08-19,29.436114101184064,16.7,0.0
2043-08-20,30.19592303552206,15.3,0.0
2043-08-21,30.9,15.0,0.0
2043-08-22,31.2,15.4,0.0
2043-08-23,31.658949164246394,16.0,0.0
2043-08-24,30.84242195909579,17.2,0.0
2043-08-25,28.6,16.796180231573764,0.0
2043-08-26,28.2,15.5,0.0
2043-08-27,29.9,15.0,0.0
2043-08-28,30.958920091179635,13.9,0.0
2043-08-29,30.4,15.242641210129728,0.0
2043-08-30,29.410925726587724,15.2,0.0
2043-08-31,29.5,16.4,0.0
2043-09-01,30.9,16.4,0.0
2043-09-02,31.5,17.0,0.0
2043-09-03,30.9,16.70560737001227,0.0
2043-09-04,31.1,15.7,0.0
2043-09-05,32.7,16.5,0.0
2043-09-06,32.8,17.2,0.0
2043-09-07,30.6,18.4,0.0
2043-09-08,31.0,17.3,0.0
2043-09-09,32.3,17.8,0.0
2043-09-10,32.0,19.2,0.0
2043-09-11,32.5,18.6,0.0
2043-09-12,35.56109023046441,18.80017640251233,0.0
2043-09-13,33.4,21.12452696282907,0.0
2043-09-14,32.5,18.93091980425447,0.0
2043-09-15,34.0,18.8,0.0
2043-09-16,37.64798606262603,19.4,0.0
2043-09-17,36.113077062369044,21.2,0.0
2043-09-18,33.2,20.5,0.0
2043-09-19,32.1,19.6,0.0
2043-09-20,32.5,19.5,0.0
2043-09-21,32.8,19.4,0.0
2043-09-22,33.0,19.3,0.0
2043-09-23,34.6,19.339716969472253,0.0
2043-09-24,35.3,20.5,0.0
2043-09-25,33.0,21.12063838292549,0.0
2043-09-26,32.495184392915206,19.5,0.0
2043-09-27,31.0,18.0,0.0
2043-09-28,31.0,17.9,0.0
2043-09-29,31.9,17.9,0.0
2043-09-30,32.5,17.4,0.0
2043-10-01,31.8,17.4,0.0
2043-10-02,32.0,18.5,0.0
2043-10-03,31.8,18.6,0.0
2043-10-04,33.9,22.6,0.0
2043-10-05,35.2,19.7,3.3
2043-10-06,35.8,18.0,0.4
2043-10-07,36.6,20.3,0.0
2043-10-08,36.72253784966378,21.6,0.0
2043-10-09,36.21603256916765,21.9517187871332,0.0
2043-10-10,34.9,21.9,0.0
2043-10-11,35.4,20.2,0.0
2043-10-12,37.308307848903944,20.7,0.0
2043-10-13,37.570501526767856,22.6,0.0
2043-10-14,36.5,22.0,0.0
2043-10-15,36.9,21.0,0.0
2043-10-16,36.0,21.7,0.0
2043-10-17,34.2,21.63278990116449,0.0
2043-10-18,33.3,20.7,0.0
2043-10-19,34.0,20.2,0.0
2043-10-20,35.0,19.876803013993534,0.0
2043-10-21,35.6,20.6,0.0
2043-10-22,36.9,23.296674866060634,0.0
2043-10-23,37.76945686711865,23.061889581243147,0.0
2043-10-24,36.9,22.920692613024748,0.0
2043-10-25,36.0,22.6,0.0
2043-10-26,35.4,22.0,0.0
2043-10-27,35.5,21.6,0.0
2043-10-28,36.35958928047194,21.0,0.0
2043-10-29,36.748960060391695,22.0,0.0
2043-10-30,37.2,22.1,0.0
2043-10-31,37.55145537224577,22.979454680364093,0.0
2043-11-01,36.2,23.2,0.0
2043-11-02,36.360693341056134,22.312664263297332,0.0
2043-11-03,36.3,22.9,0.0
2043-11-04,38.75883306224645,23.231509700367486,0.0
2043-11-05,37.2,23.44350837689539,0.0
2043-11-06,34.2,20.6,0.0
2043-11-07,34.6,20.0,0.0
2043-11-08,34.9,23.2,0.0
2043-11-09,37.2,23.216874064461205,0.0
2043-11-10,33.9,20.5,1.8
2043-11-11,28.202423253251276,19.1,38.55197628458489
2043-11-12,29.4,18.5,3.5644268774703547
2043-11-13,30.4,20.0,1.4
2043-11-14,28.6,19.0,0.0
2043-11-15,24.969217537124283,18.9,0.0
2043-11-16,26.7,19.1,0.0
2043-11-17,30.0,19.4,0.0
2043-11-18,31.3,19.7,3.8
2043-11-19,30.2,19.2,17.572332015810236
2043-11-20,27.557080516813553,18.5,64.1036451471234
2043-11-21,23.5,17.4,11.7203557312253
2043-11-22,25.1,17.7,0.0
2043-11-23,28.9,17.7,0.0
2043-11-24,30.2,19.4,0.0
2043-11-25,30.3,19.4,0.0
2043-11-26,31.0,18.4,0.0
2043-11-27,32.5,18.5,0.0
2043-11-28,32.9,16.1,0.0
2043-11-29,31.7,18.7,0.0
2043-11-30,29.5,19.4,0.0
2043-12-01,30.5,19.5,6.6
2043-12-02,28.5,19.5,0.0
2043-12-03,27.3,19.5,4.0
2043-12-04,28.0,19.5267208704664,6.3
2043-12-05,30.1,18.3,0.0
2043-12-06,30.4,18.7,0.0
2043-12-07,29.7,19.2,18.8
2043-12-08,30.6,18.9,0.0
2043-12-09,30.3,19.89740704794508,2.3
2043-12-10,30.1,18.7,0.0
2043-12-11,31.6,18.1,0.0
2043-12-12,31.8,19.5,5.8
2043-12-13,27.6,19.529127666704913,0.0
2043-12-14,28.3,18.8,3.3
2043-12-15,23.9,19.2,52.4
2043-12-16,24.901663252196254,19.0,11.0
2043-12-17,27.30441334768568,19.2,61.246153846153824
2043-12-18,29.6,19.5,7.0
2043-12-19,30.2,19.2,0.0
2043-12-20,29.0,19.5,0.2
2043-12-21,28.5,18.8,0.7
2043-12-22,30.081010355963016,18.6,1.5
2043-12-23,29.528528128717916,19.6,19.8
2043-12-24,27.7,19.2,53.08
2043-12-25,27.9,19.0,98.49999999999994
2043-12-26,23.0,18.4,0.7
2043-12-27,24.9,18.2,0.0
2043-12-28,25.0,19.0,0.0
2043-12-29,27.688217272501443,18.6,12.6
2043-12-30,27.6,18.9,43.2
2043-12-31,24.2,18.6,20.328571428571426
2044-01-01,27.5,19.0,0.0
2044-01-02,29.0,17.844125196654797,0.0
2044-01-03,28.846480780582656,19.3,0.0
2044-01-04,30.7,17.3,0.0
2044-01-05,30.1,16.4,0.0
2044-01-06,24.8,19.33687024195949,11.0
2044-01-07,26.4,19.0,2.4
2044-01-08,30.0,16.8,0.0
2044-01-09,31.9,15.2,0.0
2044-01-10,35.26805913828997,17.7,0.0
2044-01-11,31.0,19.7,29.087360594795534
2044-01-12,26.766695371367057,19.0,17.47379182156134
2044-01-13,29.8,19.5,0.0
2044-01-14,31.43979038014843,18.3,0.0
2044-01-15,31.8,19.4,0.0
2044-01-16,32.06011945535627,19.3,0.0
2044-01-17,32.17701129610929,20.73466624143781,0.0
2044-01-18,27.5,19.7,0.6
2044-01-19,28.9,19.6,15.569516728624535
2044-01-20,29.5,19.7,0.0
2044-01-21,29.7,19.9,0.0
2044-01-22,29.9,19.8,0.6
2044-01-23,31.1,19.614822010002783,1.2
2044-01-24,31.6,19.8,0.0
2044-01-25,27.4,19.6,14.0
2044-01-26,26.0,19.5,0.0
2044-01-27,31.0,19.885470485967907,0.0
2044-01-28,29.6,19.7,11.0
2044-01-29,29.9,19.5,2.9
2044-01-30,30.9,18.8,2.4
2044-01-31,31.1,19.8,0.8
2044-02-01,24.9,19.2,17.4
2044-02-02,25.2,18.9,17.4
2044-02-03,25.5,19.0,15.8
2044-02-04,29.2,19.0,0.0
2044-02-05,28.4,18.357005200457753,0.0
2044-02-06,30.0,17.4,0.0
2044-02-07,31.6,17.0,0.0
2044-02-08,28.2,19.51784764265247,0.0
2044-02-09,26.8,18.9,0.0
2044-02-10,26.9,15.379629933456542,0.0
2044-02-11,29.2,15.0,0.0
2044-02-12,29.0,15.2,0.0
2044-02-13,30.5,16.1,0.0
2044-02-14,30.5,15.6,0.0
2044-02-15,28.2,19.0,0.0
2044-02-16,29.9,16.0,0.0
2044-02-17,29.4,15.376866860007814,0.0
2044-02-18,30.3,14.4,0.0
2044-02-19,29.756487701809505,18.30922680993129,0.0
2044-02-20,31.6,17.6,2.5408775981524236
2044-02-21,30.4090308975887,16.3,0.0
2044-02-22,29.4,16.5,0.0
2044-02-23,30.4,16.0,0.0
2044-02-24,30.337058876830532,15.9,0.0
2044-02-25,29.0,16.0,0.0
2044-02-26,30.1,15.636241415517324,0.0
2044-02-27,32.7,17.6,0.0
2044-02-28,32.9,16.4,0.0
2044-03-01,32.98211586901763,15.6,0.0
2044-03-02,35.669775390625,19.8,2.2
2044-03-03,36.947119140625,22.337164306640624,2.4
2044-03-04,32.0,19.9,4.9
2044-03-05,31.1,19.9,1.8
2044-03-06,31.990728476821193,19.9,0.7
2044-03-07,30.9,19.330592586459094,9.0
2044-03-08,26.5,19.2,5.355555555555553
2044-03-09,25.1,19.3,0.0
2044-03-10,28.5,18.5,0.0
2044-03-11,29.6,16.9,0.0
2044-03-12,30.1,15.6,0.0
2044-03-13,30.8,14.6,0.0
2044-03-14,31.6,14.9,0.0
2044-03-15,32.9,15.9,0.0
2044-03-16,31.3,18.1,0.0
2044-03-17,30.9,18.1,1.5
2044-03-18,34.86558682952732,17.5,4.775
2044-03-19,32.7,19.9,5.4
2044-03-20,30.0,19.985052574998214,2.0
2044-03-21,31.1,17.9,0.0
2044-03-22,31.1,17.0,0.0
2044-03-23,29.7,17.7,0.0
2044-03-24,24.9,18.9,2.4
2044-03-25,28.6,19.0,0.0
2044-03-26,29.0,18.4,0.0
2044-03-27,31.1,17.4,0.0
2044-03-28,29.7,17.2,1.7
2044-03-29,24.3,18.4,0.0
2044-03-30,28.5,18.0,0.0
2044-03-31,29.6,17.5,0.0
2044-04-01,30.171724137931033,13.604999999999999,0.0
2044-04-02,31.1,12.7,0.0
2044-04-03,31.43898305084745,14.1,0.0
2044-04-04,32.0,14.6,0.0
2044-04-05,30.6,18.521732026143795,0.0
2044-04-06,29.9,18.0,0.0
2044-04-07,30.7,16.7,0.0
2044-04-08,30.4,16.7,0.0
2044-04-09,29.9,15.9,0.0
2044-04-10,31.2,14.7,0.0
2044-04-11,33.73476190476191,14.9,0.0
2044-04-12,34.10292326431182,16.8,0.0
2044-04-13,34.16187576126674,18.27008547008547,0.0
2044-04-14,32.42925398155909,19.2,0.666865671641791
2044-04-15,29.9,17.9,0.5044776119402985
2044-04-16,29.7,19.0,0.0
2044-04-17,31.368518518518513,18.677215189873415,0.0
2044-04-18,30.4,17.8,0.0
2044-04-19,28.5,18.3,0.0
2044-04-20,25.6,17.593717277486913,1.3634328358208954
2044-04-21,27.5,18.0,0.0
2044-04-22,29.9,18.9,27.944776119402984
2044-04-23,31.7,18.9,0.0
2044-04-24,30.2,18.9,0.0
2044-04-25,28.4,17.8,0.0
2044-04-26,28.9,18.4,0.0
2044-04-27,30.4,18.73851590106007,0.0
2044-04-28,32.0,17.9,0.0
2044-04-29,31.7,19.4,0.0
2044-04-30,33.05434083601286,19.2,0.666865671641791
2044-05-01,32.0,18.12178158542961,0.0
2044-05-02,31.9,18.14646327857201,0.0
2044-05-03,30.1,17.857856161143612,0.0
2044-05-04,27.2,17.8556240478842,0.0
2044-05-05,28.703078985315916,15.7,0.0
2044-05-06,30.4,15.9,0.0
2044-05-07,33.81318359375,17.65459454610691,0.0
2044-05-08,30.3,18.19098586826631,1.5
2044-05-09,28.6,17.9,0.0
2044-05-10,30.1,17.4,6.0
2044-05-11,30.05817682309656,17.166704297828733,1.5
2044-05-12,30.2,17.2,7.021052631578946
2044-05-13,28.0,16.942278145872454,1.4058823529411764
2044-05-14,23.5,16.5,0.0
2044-05-15,25.6,15.5,0.0
2044-05-16,27.050943289332043,16.916780883739257,0.0
2044-05-17,28.0,15.2,0.0
2044-05-18,29.4,16.5,0.0
2044-05-19,31.504831957899764,17.520478218197916,0.0
2044-05-20,32.049505846153046,17.9,0.0
2044-05-21,32.76973209676609,17.505026752358624,0.0
2044-05-22,31.0,18.190762936844383,0.0
2044-05-23,29.0,16.831179455635844,2.3
2044-05-24,26.4,16.5,2.275
2044-05-25,27.5,15.3,0.0
2044-05-26,29.0,15.0,0.0
2044-05-27,30.212735468245427,16.0,0.0
2044-05-28,30.0,16.2,0.0
2044-05-29,29.2,14.0,0.0
2044-05-30,30.6,12.8,0.0
2044-05-31,30.6,14.0,0.0
2044-06-01,27.0,14.7,0.0
2044-06-02,24.9,13.742281378091338,0.0
2044-06-03,25.6,12.2,0.0
2044-06-04,25.7,11.9,0.0
2044-06-05,26.9,12.0,0.0
2044-06-06,27.3,11.9,0.0
2044-06-07,27.5,11.5,0.0
2044-06-08,27.2,11.8,0.0
2044-06-09,25.6,13.4,0.0
2044-06-10,23.4,13.035902776134243,0.0
2044-06-11,25.4,14.3,0.0
2044-06-12,23.5,13.0,0.0
2044-06-13,24.2,10.4,0.0
2044-06-14,20.020650794988885,10.0,0.0
2044-06-15,19.476686189074417,9.0,0.0
2044-06-16,21.8,12.2,0.0
2044-06-17,24.5,9.7,0.0
2044-06-18,24.7,9.4,0.0
2044-06-19,24.2,11.962004195942047,0.0
2044-06-20,25.5,11.9,0.0
2044-06-21,25.7,12.4,0.0
2044-06-22,26.0,12.343663329625512,0.0
2044-06-23,25.2,12.180038426534532,0.0
2044-06-24,24.6,10.2,0.0
2044-06-25,24.6,8.2,0.0
2044-06-26,24.2,9.4,0.0
2044-06-27,23.52522883525202,10.9,0.0
2044-06-28,22.9,13.6,0.0
2044-06-29,24.4,11.5,0.0
2044-06-30,24.8,10.1,0.0
2044-07-01,26.0,10.6,0.0
2044-07-02,27.0,12.13950484391819,0.0
2044-07-03,26.7,13.854067353529135,0.0
2044-07-04,25.7,13.0,0.0
2044-07-05,25.4,12.0,0.0
2044-07-06,25.7,12.137351991388593,0.0
2044-07-07,25.6,11.9,0.0
2044-07-08,26.0,11.0,0.0
2044-07-09,27.2,12.2,0.0
2044-07-10,29.104556036748686,14.0,0.0
2044-07-11,29.7,15.0,0.0
2044-07-12,31.19554887046527,15.2,0.0
2044-07-13,30.2,15.756335461317908,0.0
2044-07-14,31.258052324272157,15.066397560100468,0.0
2044-07-15,31.262253942309133,15.58217135111429,0.0
2044-07-16,30.127877003066782,14.44049025527929,0.0
2044-07-17,29.900367373867127,14.2,0.0
2044-07-18,29.2,16.0,0.0
2044-07-19,28.2,15.577638559980855,0.0
2044-07-20,27.322734503748432,15.1,0.0
2044-07-21,26.8,15.0,0.0
2044-07-22,27.6,14.797434032525512,0.0
2044-07-23,28.5,15.0,0.0
2044-07-24,27.3,15.192085544474825,0.0
2044-07-25,26.9,14.3,0.0
2044-07-26,25.8,13.767784595695286,0.0
2044-07-27,24.87321139486196,12.562193517521818,0.0
2044-07-28,25.0,12.407768647115962,0.0
2044-07-29,24.5,11.2,0.0
2044-07-30,25.9,10.5,0.0
2044-07-31,26.8,10.5,0.0
2044-08-01,29.2,11.8,0.0
2044-08-02,30.6,14.4,0.0
2044-08-03,31.2,15.64724408938228,0.0
2044-08-04,31.8,17.0,0.0
2044-08-05,31.9,16.820262766650306,0.0
2044-08-06,31.0,16.2,0.0
2044-08-07,29.2,16.7,0.0
2044-08-08,29.0,15.658599089576823,0.0
2044-08-09,30.432030653050525,15.1,0.0
2044-08-10,30.4,15.6,0.0
2044-08-11,30.3,15.597022237391371,0.0
2044-08-12,29.6,16.4,0.0
2044-08-13,29.813186221743806,16.4,0.0
2044-08-14,30.8,16.7,0.0
2044-08-15,31.697935698763107,17.158224094778344,0.0
2044-08-16,31.77572658772873,18.2,0.0
2044-08-17,31.40740581270182,17.904558335713173,0.0
2044-08-18,29.5,18.0,0.0
2044-08-19,28.079767734501736,15.7,0.0
2044-08-20,27.4,14.5,0.0
2044-08-21,26.6,13.8,0.0
2044-08-22,26.5,13.2,0.0
2044-08-23,27.0,13.9,0.0
2044-08-24,27.7,14.4,0.0
2044-08-25,28.3,14.5,0.0
2044-08-26,29.5,14.5,0.0
2044-08-27,31.1,15.0,0.0
2044-08-28,31.6,16.7,0.0
2044-08-29,31.0,17.34040051181022,0.0
2044-08-30,31.0,16.71632695579706,0.0
2044-08-31,32.1,16.7,0.0
2044-09-01,35.2,18.2,0.0
2044-09-02,36.00576710370872,19.5,0.0
2044-09-03,35.107889540188225,21.36349667271627,0.0
2044-09-04,32.5,20.0,0.0
2044-09-05,33.8,18.6,0.0
2044-09-06,36.0,18.9580796688443,0.0
2044-09-07,38.81282022166283,19.9,0.0
2044-09-08,39.76171875,21.147858442250666,0.0
2044-09-09,37.530398765978354,21.36531589138462,0.0
2044-09-10,37.80108952234287,20.5,0.0
2044-09-11,36.042757068577494,19.6,0.0
2044-09-12,34.7,19.619567597153804,0.0
2044-09-13,33.97391546162403,19.0,0.0
2044-09-14,35.2,19.0,0.0
2044-09-15,34.2,20.5,0.0
2044-09-16,33.4,19.6,0.0
2044-09-17,33.9,18.6,0.0
2044-09-18,35.27787268873172,18.3,0.0
2044-09-19,35.4,18.4,0.0
2044-09-20,34.2,19.3,0.0
2044-09-21,33.0,19.0,0.0
2044-09-22,31.8,18.5,0.0
2044-09-23,31.7,17.23475342973674,0.0
2044-09-24,31.7,17.5,0.0
2044-09-25,31.7,17.8,0.0
2044-09-26,32.0,18.0,0.0
2044-09-27,32.81286493189154,19.4,0.0
2044-09-28,33.86708124612731,20.5,0.0
2044-09-29,35.83876280444275,20.5,0.0
2044-09-30,39.218994140625,20.5,0.0
2044-10-01,37.934514812883044,21.2,0.0
2044-10-02,38.0,21.5,0.0
2044-10-03,38.0,20.7,0.0
2044-10-04,38.716650390625,21.9,0.0
2044-10-05,38.0,24.527294921875,0.0
2044-10-06,31.7,21.6,0.0
2044-10-07,31.7,19.0,0.0
2044-10-08,33.0,19.0,0.0
2044-10-09,34.1,18.2,0.0
2044-10-10,35.1,18.5,0.0
2044-10-11,34.9,20.2,0.0
2044-10-12,34.5,20.4,0.0
2044-10-13,34.0,19.908073196986,0.0
2044-10-14,35.2,18.0,0.0
2044-10-15,37.76175986446642,19.209305107044603,0.0
2044-10-16,34.99445204084601,22.6,0.0
2044-10-17,32.1,20.1,0.0
2044-10-18,31.0,18.4,0.0
2044-10-19,29.9,18.2,0.0
2044-10-20,30.5,17.3,0.0
2044-10-21,31.515153689750026,17.6,0.0
2044-10-22,32.84512355244325,17.3,0.0
2044-10-23,34.5,17.3,0.0
2044-10-24,35.5,19.5,0.0
2044-10-25,36.0,20.9,0.0
2044-10-26,32.8,18.2,2.4983561643835617
2044-10-27,31.3,16.9,0.0
2044-10-28,32.9,17.9,0.0
2044-10-29,33.9,18.6,0.0
2044-10-30,33.2,19.5,0.0
2044-10-31,34.9,20.7,0.0
2044-11-01,35.2,20.0,0.0
2044-11-02,35.2,20.4,0.0
2044-11-03,35.9,21.4,0.0
2044-11-04,36.2,21.9,0.0
2044-11-05,36.3,19.6,3.111857707509881
2044-11-06,32.0,18.8,0.0
2044-11-07,34.9,19.7,0.0
2044-11-08,36.33437533935388,18.1,0.0
2044-11-09,35.2,20.3,0.0
2044-11-10,35.2,19.9,0.0
2044-11-11,36.2,19.7,0.0
2044-11-12,34.9,21.0,0.0
2044-11-13,33.56885428253615,20.0,0.1
2044-11-14,33.18770350894934,19.9,0.0
2044-11-15,31.5,19.9,10.423978919631091
2044-11-16,30.0,18.9,10.132015810276679
2044-11-17,28.7,18.8,8.3
2044-11-18,28.5,18.99737791094047,0.0
2044-11-19,29.2,18.5,3.888537549407115
2044-11-20,30.1,18.4,5.8
2044-11-21,28.007370917715743,18.6,0.0
2044-11-22,29.0,18.5,4.12391304347826
2044-11-23,26.7,17.9,2.0
2044-11-24,23.32840583492003,17.7,13.563636363636345
2044-11-25,22.14470779498588,17.5,0.0
2044-11-26,24.0,17.4,0.0
2044-11-27,23.5,18.0,0.6118577075098813
2044-11-28,26.694415781127965,18.0,10.4
2044-11-29,28.9,18.4,10.4
2044-11-30,29.6,17.5,2.1600790513833994
2044-12-01,30.0,19.0,0.0
2044-12-02,31.0,19.5,0.0
2044-12-03,32.0,20.14653861679225,0.0
2044-12-04,31.531297093649073,19.5,0.0
2044-12-05,32.1,20.487190527448874,0.0
2044-12-06,30.6,19.6,2.0
2044-12-07,30.7,19.6,2.4
2044-12-08,30.0,19.5,0.0
2044-12-09,31.05236081808395,19.0,13.633333333333331
2044-12-10,27.3,18.9,6.6
2044-12-11,25.5,18.9,20.34285714285714
2044-12-12,28.421195554955794,19.2,2.0
2044-12-13,27.7,19.0,0.23333333333333334
2044-12-14,27.6,19.0,25.0
2044-12-15,29.7,18.9,4.433333333333332
2044-12-16,29.3,18.7,2.9
2044-12-17,26.9,17.5,0.0
2044-12-18,25.9,18.2,0.0
2044-12-19,25.4,18.6,0.0
2044-12-20,26.1,18.3,0.0
2044-12-21,27.0,16.9,0.0
2044-12-22,27.1,16.3,0.0
2044-12-23,27.1,17.6,2.0
2044-12-24,29.6,18.2,8.8
2044-12-25,25.6,17.9,4.0
2044-12-26,27.9,19.2,0.0
2044-12-27,26.2,19.0,0.0
2044-12-28,28.063989401341388,19.567063359797757,0.0
2044-12-29,29.7,16.5,0.0
2044-12-30,30.5,16.5,0.0
2044-12-31,30.4,18.1,0.0
2045-01-01,31.7071249394361,19.9,0.0
2045-01-02,31.081998739793633,19.9,0.0
2045-01-03,30.7,20.407920169764196,0.0
2045-01-04,30.9,19.8,0.0
2045-01-05,29.9,18.0,0.0
2045-01-06,30.9,16.4,0.0
2045-01-07,30.864248439181907,18.0,0.0
2045-01-08,30.9,18.2,0.0
2045-01-09,31.9,18.0,1.2
2045-01-10,31.6,16.6,0.0
2045-01-11,32.08193141626942,20.632260708416098,0.0
2045-01-12,34.884404368290184,20.451936002036476,0.0
2045-01-13,32.05902101128151,19.7,0.0
2045-01-14,33.556142007511795,19.898671686512518,0.0
2045-01-15,31.8,19.8,0.0
2045-01-16,29.9,18.9,2.1
2045-01-17,27.10135014608642,19.5,43.7656053014385
2045-01-18,27.2,18.7,20.978252788104086
2045-01-19,26.7,18.8,9.707342007434946
2045-01-20,25.61479526931626,18.4,0.8
2045-01-21,28.4,18.6,2.7
2045-01-22,24.7,19.46999265941118,15.467546468401494
2045-01-23,23.7,18.5,41.14566771518443
2045-01-24,24.0,19.2,24.932249070631965
2045-01-25,23.2,19.248163926153847,70.6
2045-01-26,27.44269245459912,18.9,8.153531598513007
2045-01-27,28.9,18.9,17.9
2045-01-28,29.8,18.7,0.0
2045-01-29,28.4,19.8,47.01905204460967
2045-01-30,27.4,19.0,27.61140024783146
2045-01-31,27.2,18.8,10.76078066914498
2045-02-01,26.5,18.6,9.3
2045-02-02,27.9,19.1,1.5993071593533494
2045-02-03,27.0,19.2,0.0
2045-02-04,27.0,19.2,0.0
2045-02-05,29.6,18.9,1.2
2045-02-06,27.0,18.9,4.8
2045-02-07,25.0884769216752,18.9,8.7
2045-02-08,24.6,18.7,0.0
2045-02-09,26.0,16.9,0.0
2045-02-10,28.1,16.9,0.0
2045-02-11,29.9,16.5,0.0
2045-02-12,33.019413113179496,16.8,0.0
2045-02-13,27.5,18.0,4.8
2045-02-14,23.012795011724428,16.9,9.416281755196305
2045-02-15,24.6,17.6,0.0
2045-02-16,28.1,17.2,0.9
2045-02-17,27.9,18.9,0.0
2045-02-18,28.96671024132671,16.5,0.0
2045-02-19,27.9,16.6,0.0
2045-02-20,29.430842899859897,17.9,0.0
2045-02-21,31.250207472561264,17.9,0.0
2045-02-22,30.6,16.23150700238379,0.0
2045-02-23,28.4,16.5,0.0
2045-02-24,28.7,16.9,0.0
2045-02-25,28.2,16.9,0.0
2045-02-26,29.0,16.5,0.0
2045-02-27,29.8,18.9,0.0
2045-02-28,29.1,19.2,5.6
2045-03-01,28.9,19.2,7.060000000000002
2045-03-02,28.0,18.2,7.060000000000002
2045-03-03,29.9,17.0,6.966666666666666
2045-03-04,32.1,16.0,0.0
2045-03-05,33.662268346923646,15.6,0.0
2045-03-06,31.1,19.924445180938466,1.0
2045-03-07,30.306666666666672,19.2,1.7
2045-03-08,30.4,19.4,0.6
2045-03-09,28.8,18.3,0.0
2045-03-10,30.2,17.4,1.7
2045-03-11,30.2,18.6,2.0
2045-03-12,29.3,18.9,17.620000000000005
2045-03-13,30.9,18.83515402132246,5.6
2045-03-14,31.367857142857144,18.9,1.3
2045-03-15,30.9,18.7,0.0
2045-03-16,30.0,19.4,0.0
2045-03-17,28.6,19.3,0.0
2045-03-18,27.5,19.3,0.0
2045-03-19,31.2,18.004993965489106,0.0
2045-03-20,32.93879093198992,19.0,0.0
2045-03-21,32.7,19.1,0.0
2045-03-22,32.0,19.2,0.0
2045-03-23,31.9,18.7,0.0
2045-03-24,31.8,17.5,0.0
2045-03-25,29.7,19.2,1.0
2045-03-26,29.5,19.3,3.6
2045-03-27,31.8,18.5,0.0
2045-03-28,32.936020151133505,17.5,0.0
2045-03-29,33.527747989276136,17.9,0.0
2045-03-30,33.58900804289545,19.832709006099744,0.0
2045-03-31,31.0,19.913073217873958,0.8
2045-04-01,31.1,18.4,1.6
2045-04-02,30.7,18.5,3.80597014925373
2045-04-03,25.6,17.1,27.843283582089548
2045-04-04,23.7,16.6,0.8
2045-04-05,26.0,16.3,0.0
2045-04-06,27.1,18.0,0.0
2045-04-07,29.0,17.6,0.0
2045-04-08,29.77317073170732,16.4,0.0
2045-04-09,29.9,19.4,0.0
2045-04-10,31.1,18.3,0.0
2045-04-11,28.7,18.1,0.0
2045-04-12,27.5,17.9,0.0
2045-04-13,28.5,18.0,0.0
2045-04-14,29.6,19.0,0.0
2045-04-15,29.9,18.89802531645569,0.0
2045-04-16,30.7,16.4,0.0
2045-04-17,28.3,15.7,0.0
2045-04-18,28.5,14.0,0.0
2045-04-19,30.4,14.3,0.0
2045-04-20,29.0,19.7,0.0
2045-04-21,25.57181818181818,18.730742049469967,0.0
2045-04-22,27.5,17.9,0.0
2045-04-23,27.5,15.5,0.0
2045-04-24,27.4,14.0,0.0
2045-04-25,27.6,13.2,0.0
2045-04-26,28.5,12.9,0.0
2045-04-27,28.6,13.9,0.0
2045-04-28,27.22,14.5,0.0
2045-04-29,24.2,12.4,0.0
2045-04-30,26.8,11.0,0.0
2045-05-01,26.21433604070848,9.3,0.0
2045-05-02,25.4,11.3,0.0
2045-05-03,25.5,10.2,0.0
2045-05-04,26.0,9.4,0.0
2045-05-05,24.6,10.7,0.0
2045-05-06,25.0,11.7,0.0
2045-05-07,24.1,10.5,0.0
2045-05-08,25.4,9.2,0.0
2045-05-09,25.9,12.675468245425176,0.0
2045-05-10,27.2,14.0,0.0
2045-05-11,26.701045410592755,16.0,0.0
2045-05-12,25.948154778766074,12.9,0.0
2045-05-13,26.3,10.8,0.0
2045-05-14,28.7,9.6,0.0
2045-05-15,29.2,11.2,0.0
2045-05-16,30.0,12.4,0.0
2045-05-17,28.7,14.5,0.0
2045-05-18,27.0,11.610367684550443,0.0
2045-05-19,26.9,10.7,0.0
2045-05-20,24.4,12.2,0.0
2045-05-21,27.0,11.0,0.0
2045-05-22,27.35663539904659,11.8,0.0
2045-05-23,26.1,13.2,0.0
2045-05-24,26.9,12.5,0.0
2045-05-25,26.5,12.0,0.0
2045-05-26,24.5,11.7,0.0
2045-05-27,25.5,10.4,0.0
2045-05-28,23.9,13.0,0.0
2045-05-29,24.7,11.2,0.0
2045-05-30,24.4,10.0,0.0
2045-05-31,24.9,8.9,0.0
2045-06-01,24.6,10.7,0.0
2045-06-02,24.2,10.2,0.0
2045-06-03,23.9,9.0,0.0
2045-06-04,23.9,7.3,0.0
2045-06-05,24.0,6.9,0.0
2045-06-06,22.11885428253615,9.4,0.0
2045-06-07,24.2,9.7,0.0
2045-06-08,24.0,8.5,0.0
2045-06-09,24.6,9.4,0.0
2045-06-10,25.0,10.9,0.0
2045-06-11,25.4,12.0,0.0
2045-06-12,25.5,11.0,0.0
2045-06-13,26.0,9.7,0.0
2045-06-14,27.5,10.7,0.0
2045-06-15,28.0,12.5,0.0
2045-06-16,27.2,14.2,0.0
2045-06-17,25.5,13.7,0.0
2045-06-18,23.0,13.3,0.0
2045-06-19,24.7,11.5,0.0
2045-06-20,24.2,10.0,0.0
2045-06-21,23.2,7.0,0.0
2045-06-22,20.94896096673071,7.3,0.0
2045-06-23,17.7,8.9,0.0
2045-06-24,23.0,6.1,0.0
2045-06-25,20.1,9.2,0.0
2045-06-26,20.1,8.3,0.0
2045-06-27,23.473086375042037,10.0,0.0
2045-06-28,23.5,10.4,0.0
2045-06-29,24.0,7.7,0.0
2045-06-30,24.7,10.0,0.0
2045-07-01,23.0,12.9,0.0
2045-07-02,23.7,12.6,0.0
2045-07-03,18.863092931467527,11.2,0.0
2045-07-04,22.6,10.5,0.0
2045-07-05,23.8,9.3,0.0
2045-07-06,24.3,8.914101184068887,0.0
2045-07-07,23.77933261571582,10.0,0.0
2045-07-08,24.0,10.2,0.0
2045-07-09,24.8,10.2,0.0
2045-07-10,25.4,10.3,0.0
2045-07-11,26.4,10.7,0.0
2045-07-12,28.2,12.1,0.0
2045-07-13,30.2,13.0,0.0
2045-07-14,28.7,12.2,0.0
2045-07-15,27.5,13.4,0.0
2045-07-16,26.5,13.4,0.0
2045-07-17,26.2,12.2,0.0
2045-07-18,26.9,11.5,0.0
2045-07-19,28.8,11.9,0.0
2045-07-20,29.017125941872973,13.217145589653498,0.0
2045-07-21,27.6,14.0,0.0
2045-07-22,28.8,13.0,0.0
2045-07-23,27.0,13.785072274334919,0.0
2045-07-24,25.8,12.4,0.0
2045-07-25,24.4,11.2,0.0
2045-07-26,24.0,10.091840688912814,0.0
2045-07-27,24.7,9.4,0.0
2045-07-28,25.3,10.0,0.0
2045-07-29,25.4,10.5,0.0
2045-07-30,26.0,11.0,0.0
2045-07-31,26.3,11.5,0.0
2045-08-01,27.2,12.0,0.0
2045-08-02,27.1,13.1,0.0
2045-08-03,27.2,13.0,0.0
2045-08-04,27.9,12.3,0.0
2045-08-05,28.9,12.904401140789897,0.0
2045-08-06,29.5,13.524984420146165,0.0
2045-08-07,31.4,14.6,0.0
2045-08-08,32.59134877685536,16.4,0.0
2045-08-09,33.255323073342446,21.558628997629267,0.0
2045-08-10,32.55387292271848,18.13884465855452,0.0
2045-08-11,33.84962947389656,18.0,0.0
2045-08-12,32.9,18.473936725559867,0.0
2045-08-13,32.008869752421965,16.0,0.0
2045-08-14,32.5,18.3,0.0
2045-08-15,32.754833255478594,18.3,0.0
2045-08-16,33.34713768470495,19.0,0.0
2045-08-17,35.09688611960509,18.895636414971126,0.0
2045-08-18,32.92299470297412,28.406005859375,0.0
2045-08-19,33.39237694490654,29.22705078125,0.0
2045-08-20,32.9,29.2548828125,0.0
2045-08-21,33.1,27.892822265625,0.0
2045-08-22,31.0,21.724831389295463,0.0
2045-08-23,29.5,18.0,0.0
2045-08-24,29.4,18.2,0.0
2045-08-25,26.2,15.464924291352702,0.0
2045-08-26,27.6,14.6,0.0
2045-08-27,29.2,15.0,0.0
2045-08-28,31.1,16.4,0.0
2045-08-29,31.64073115746288,16.9,0.0
2045-08-30,32.9,16.818376116436937,0.0
2045-08-31,37.88330078125,18.408234214010903,0.0
2045-09-01,37.87500153737847,20.2,0.0
2045-09-02,35.53648281076196,21.239448585220035,0.0
2045-09-03,32.0,18.9,0.9535714285714285
2045-09-04,32.6,16.96412229804889,0.0
2045-09-05,34.57360633976364,20.0,0.0
2045-09-06,34.66477302823243,22.333450772364774,0.0
2045-09-07,33.7,21.007002889303983,0.0
2045-09-08,34.4,19.9,0.0
2045-09-09,35.351545219265525,20.2,0.0
2045-09-10,37.62446860329642,20.5,0.0
2045-09-11,37.535198247474135,21.378050422063062,0.0
2045-09-12,37.90091873745607,22.87932214630983,0.0
2045-09-13,36.35547710015958,21.242291228937503,0.0
2045-09-14,35.56703155808289,21.160253290693362,0.0
2045-09-15,35.52791578316185,20.1,0.0
2045-09-16,39.2900390625,20.0,0.0
2045-09-17,37.92635598938381,20.5,0.0
2045-09-18,34.0,18.9,0.0
2045-09-19,36.0,20.150194660734154,0.0
2045-09-20,37.25010904662208,20.5,0.0
2045-09-21,36.0,20.831972523881085,1.5918367346938773
2045-09-22,32.9,20.5,0.0
2045-09-23,31.4,20.959104617960396,1.0071428571428571
2045-09-24,27.8,19.921601779755285,3.5823979591836737
2045-09-25,27.899950136166623,19.88806491468988,0.0
2045-09-26,32.8,20.527394762131784,0.0
2045-09-27,33.1,22.217444053965842,0.0
2045-09-28,33.1,21.852320344133318,0.0
2045-09-29,34.6,22.80381027294815,0.0
2045-09-30,33.114900649002486,20.5,0.0
2045-10-01,29.8,16.8,0.0
2045-10-02,32.9,18.9,0.0
2045-10-03,35.0,21.0,0.0
2045-10-04,36.0,20.5,0.0
2045-10-05,36.6,23.563704019895304,0.0
2045-10-06,36.26742501381897,23.792375178166274,0.0
2045-10-07,35.6,19.4,3.3
2045-10-08,32.0,17.3,19.955577299412916
2045-10-09,29.8,17.2,13.200273972602725
2045-10-10,32.5,18.2,1.9684931506849315
2045-10-11,33.7,19.4,2.749315068493151
2045-10-12,33.6,19.0,4.15890410958904
2045-10-13,33.755382131324,17.9,0.0
2045-10-14,35.0,19.4,2.7739726027397267
2045-10-15,34.9,19.7,2.5
2045-10-16,35.2,19.328998923573725,1.8136986301369864
2045-10-17,35.5,21.9,0.0
2045-10-18,35.6,21.931518320215833,0.0
2045-10-19,35.15657598590859,21.253560100466444,0.0
2045-10-20,34.99445204084601,21.4,0.0
2045-10-21,34.9,21.929902282862447,0.0
2045-10-22,35.7,23.58717753609737,0.0
2045-10-23,34.6,21.942830581689556,0.0
2045-10-24,33.6,20.9,0.0
2045-10-25,33.96566917832794,21.6,0.0
2045-10-26,34.7,21.6,0.0
2045-10-27,35.5,22.062996165231414,0.0
2045-10-28,36.6,22.81321525692593,0.0
2045-10-29,31.9,20.0,2.7
2045-10-30,29.252306627710286,18.0,0.0
2045-10-31,31.8,19.0,0.0
2045-11-01,33.4,19.8,0.0
2045-11-02,34.9,21.2,0.0
2045-11-03,33.2,21.2,0.0
2045-11-04,34.0,19.9,0.0
2045-11-05,34.7,21.5,0.0
2045-11-06,34.0,21.431323352477815,0.0
2045-11-07,34.14183941753463,21.4,0.0
2045-11-08,35.2,22.3,0.0
2045-11-09,35.2,20.2,0.0
2045-11-10,33.7,19.5,6.919367588932807
2045-11-11,31.0,19.1,10.4
2045-11-12,29.5,19.0,33.91324110671937
2045-11-13,24.0,18.2,64.16337285902503
2045-11-14,23.29677832154275,17.7,0.0
2045-11-15,25.98162486620354,17.0,0.0
2045-11-16,30.0,18.2,0.0
2045-11-17,30.463527335838226,18.1,0.0
2045-11-18,29.9,18.3,2.1
2045-11-19,29.0,17.9,0.0
2045-11-20,30.783783914494364,18.2,0.0
2045-11-21,31.7,19.2,0.0
2045-11-22,31.9,20.3,0.0
2045-11-23,31.1,19.1,1.4
2045-11-24,31.0,19.07557603686637,51.009090909090865
2045-11-25,27.4,18.7,12.784980237154155
2045-11-26,29.1,19.0,42.234374999999936
2045-11-27,27.8253659621802,18.5,10.5
2045-11-28,29.4,18.5,2.0
2045-11-29,30.73169777118609,18.4,0.0
2045-11-30,31.32060808305524,18.4473504839893,0.0
2045-12-01,31.887747062730448,20.3,0.0
2045-12-02,31.6,19.9,0.0
2045-12-03,31.6,19.9,0.5
2045-12-04,32.581093649085005,19.5,0.0
2045-12-05,32.533559526372414,19.9,0.0
2045-12-06,30.7,18.9,0.0
2045-12-07,30.9,18.4,0.0
2045-12-08,30.898654467168996,19.9,1.0
2045-12-09,30.0,19.5,52.4
2045-12-10,27.6,19.5,6.9
2045-12-11,27.7,19.2,14.8
2045-12-12,27.0,19.0,0.0
2045-12-13,30.333902045209893,19.2,2.3
2045-12-14,30.8,19.2,20.4
2045-12-15,30.0,18.4,6.35
2045-12-16,27.5,19.0,9.2
2045-12-17,25.669807288346377,18.9,0.0
2045-12-18,29.9,18.5,30.35
2045-12-19,30.3,17.1,0.0
2045-12-20,31.4,18.8,0.0
2045-12-21,30.5,19.6,0.0
2045-12-22,30.0,19.0,11.6
2045-12-23,27.0,18.9,0.0
2045-12-24,28.316684607104406,19.2,48.16428571428573
2045-12-25,25.4,18.6,5.1
2045-12-26,26.5,19.0,32.7
2045-12-27,24.8,17.5,0.0
2045-12-28,28.7,16.2,0.0
2045-12-29,27.5,18.8,0.0
2045-12-30,28.0,18.8,1.5
2045-12-31,26.5,18.9,0.0
2046-01-01,23.7,18.9,23.0
2046-01-02,28.2,18.9,2.9
2046-01-03,28.8,19.6,1.1
2046-01-04,29.2,18.0,0.0
2046-01-05,30.022431469269588,18.2,0.0
2046-01-06,29.9,19.16570585655623,1.4
2046-01-07,28.2,19.38719191818047,12.728066914498127
2046-01-08,29.5,18.4,0.0
2046-01-09,29.34597761175472,16.9,0.0
2046-01-10,29.7,18.5,0.0
2046-01-11,29.7,17.7,0.0
2046-01-12,26.9,19.082418371008245,5.7
2046-01-13,28.0,19.3,32.326603159851295
2046-01-14,28.40875414067285,19.6,17.721933085501846
2046-01-15,29.5,19.6,9.782481412639404
2046-01-16,28.4,19.3,0.0
2046-01-17,29.5,19.8,7.7
2046-01-18,24.660354425824863,19.0,2.4
2046-01-19,27.6,17.9,0.0
2046-01-20,28.6,16.4,0.0
2046-01-21,28.2,16.20101310707275,0.0
2046-01-22,28.7,17.5,5.5
2046-01-23,28.6,17.2,10.76078066914498
2046-01-24,24.09711143351898,16.4,3.9
2046-01-25,28.4,15.6,0.2
2046-01-26,29.2,18.3,0.0
2046-01-27,28.144124653690728,18.9,0.0
2046-01-28,28.4,18.762180956713244,0.0
2046-01-29,27.0,19.8,7.6
2046-01-30,26.1,19.428423324761997,1.0
2046-01-31,27.0,18.9,0.0
2046-02-01,29.6,17.2,1.2
2046-02-02,26.9,18.6,3.0
2046-02-03,26.0,18.6,3.0
2046-02-04,28.793929971843635,16.9,0.0
2046-02-05,28.0,15.2,0.0
2046-02-06,29.0,15.7,0.0
2046-02-07,26.9,17.8,1.061200923787529
2046-02-08,28.1,16.3,0.0
2046-02-09,28.0,15.7,0.0
2046-02-10,28.6,15.0,0.0
2046-02-11,29.5,15.387623110218932,0.0
2046-02-12,29.9,15.3,0.0
2046-02-13,30.3,14.8,0.0
2046-02-14,29.2,16.9,0.0
2046-02-15,28.4,16.0,0.0
2046-02-16,29.5,17.1,0.0
2046-02-17,31.0,15.285127494071835,0.0
2046-02-18,34.05094740804084,14.868712501823053,0.0
2046-02-19,35.07886004309771,17.1,0.0
2046-02-20,34.221840128881844,18.8,0.0
2046-02-21,32.7,18.7,1.6
2046-02-22,33.934275073544214,18.5,9.8
2046-02-23,29.2,18.6,17.394457274826788
2046-02-24,25.0,19.0,0.0
2046-02-25,24.6,18.273191081136034,0.0
2046-02-26,24.6,18.8,2.1
2046-02-27,25.2,18.8,15.8
2046-02-28,25.0,18.9,1.8
2046-03-01,24.0,19.0,22.46
2046-03-02,27.6,18.9,26.39999999999999
2046-03-03,28.9,19.9,4.039999999999999
2046-03-04,29.5,19.8,0.0
2046-03-05,30.2,18.0,0.0
2046-03-06,30.5,16.2,0.0
2046-03-07,31.1,17.9,0.0
2046-03-08,30.0,17.9,0.0
2046-03-09,26.9,18.6,2.0
2046-03-10,29.1,19.3,4.950000000000002
2046-03-11,30.7,19.1,0.0
2046-03-12,30.7,19.958819523838024,2.6
2046-03-13,28.8,19.8,0.0
2046-03-14,29.4,19.1,2.4
2046-03-15,31.9,17.4,0.0
2046-03-16,31.1,18.7,0.0
2046-03-17,32.0,19.0,0.0
2046-03-18,32.9,18.8,0.0
2046-03-19,32.9,19.29013642055314,1.6
2046-03-20,31.7,19.841033369214202,1.7
2046-03-21,30.2,19.82729817007535,7.0
2046-03-22,30.4,19.1,0.0
2046-03-23,28.2,19.321787971626495,1.5
2046-03-24,30.0,19.3,2.5
2046-03-25,30.6,19.1,0.0
2046-03-26,31.1,17.9,0.0
2046-03-27,31.0,16.3,0.0
2046-03-28,32.0,16.5,0.0
2046-03-29,30.6,17.5,0.0
2046-03-30,29.7,18.1,0.0
2046-03-31,28.4,18.4,0.0
2046-04-01,27.2,16.3,0.0
2046-04-02,28.3,16.0,0.0
2046-04-03,29.5,17.8,0.0
2046-04-04,29.5,18.858329113924054,0.0
2046-04-05,29.3,19.2,0.0
2046-04-06,29.8,18.0,0.0
2046-04-07,31.7,15.6,0.0
2046-04-08,33.19435774309724,15.2,0.0
2046-04-09,32.5,18.9,0.0
2046-04-10,29.9,17.6,12.731750339213024
2046-04-11,26.2,16.7,0.0
2046-04-12,27.6,14.5,0.0
2046-04-13,27.6,13.9,0.0
2046-04-14,27.6,13.8,0.0
2046-04-15,27.3,15.0,0.0
2046-04-16,23.9,16.95128205128205,0.0
2046-04-17,26.0,17.3,0.0
2046-04-18,25.0,16.6,3.502985074626867
2046-04-19,28.9,16.4,0.0
2046-04-20,29.0,17.0,1.7
2046-04-21,27.9,16.0,12.310945273631841
2046-04-22,29.4,15.7,0.0
2046-04-23,28.3,14.94561403508772,0.0
2046-04-24,27.3,17.8,0.0
2046-04-25,25.7,16.3,0.0
2046-04-26,25.7,16.9,0.0
2046-04-27,27.5,17.4,0.0
2046-04-28,27.0,17.1,0.0
2046-04-29,27.7,15.994117647058822,0.0
2046-04-30,28.4,18.4,0.0
2046-05-01,28.9,15.3,0.0
2046-05-02,29.9,14.8,0.0
2046-05-03,31.6,15.2,0.0
2046-05-04,32.0,16.9,0.0
2046-05-05,31.871376125998527,17.2,0.0
2046-05-06,29.1,17.516345849426944,0.0
2046-05-07,28.6,15.5,0.0
2046-05-08,28.0,15.547362755651216,0.0
2046-05-09,25.5,13.5,0.0
2046-05-10,23.7,10.833208946298287,0.0
2046-05-11,25.4,9.0,0.0
2046-05-12,25.5,11.5,0.0
2046-05-13,25.208365369829306,10.4,0.0
2046-05-14,23.7,15.2,0.0
2046-05-15,22.8,15.7,0.0
2046-05-16,24.3,16.3,0.0
2046-05-17,24.9,16.9,0.0
2046-05-18,24.8,15.1,0.0
2046-05-19,25.3,12.3,0.0
2046-05-20,26.1,10.2,0.0
2046-05-21,26.7,9.2,0.0
2046-05-22,27.5,9.044656915511089,0.0
2046-05-23,27.5,10.0,0.0
2046-05-24,26.4,11.9,0.0
2046-05-25,27.1,10.150749086802305,0.0
2046-05-26,27.3,8.6,0.0
2046-05-27,27.3,9.3,0.0
2046-05-28,27.9,8.52024478730614,0.0
2046-05-29,28.6,8.9,0.0
2046-05-30,29.0,8.8,0.0
2046-05-31,26.0,12.6,0.0
2046-06-01,25.0,11.0,0.0
2046-06-02,25.3,12.7,0.0
2046-06-03,26.0,11.8,0.0
2046-06-04,26.6,11.5,0.0
2046-06-05,26.3,10.9,0.0
2046-06-06,24.84304783092325,11.3,0.0
2046-06-07,24.9,9.9,0.0
2046-06-08,25.6,9.4,0.0
2046-06-09,26.0,8.556488467775441,0.0
2046-06-10,25.7,10.0,0.0
2046-06-11,25.7,10.2,0.0
2046-06-12,24.4,11.5,0.0
2046-06-13,23.9,11.4,0.0
2046-06-14,24.8,9.638166338666903,0.0
2046-06-15,24.3,9.2,0.0
2046-06-16,24.2,8.6,0.0
2046-06-17,24.0,11.8,0.0
2046-06-18,24.8,9.9,0.0
2046-06-19,23.2,13.0,0.0
2046-06-20,24.6,10.29018833186299,0.0
2046-06-21,25.5,9.9,0.0
2046-06-22,27.0,9.5,0.0
2046-06-23,25.7,11.5,0.0
2046-06-24,24.4,11.9,0.0
2046-06-25,23.0,9.0,0.0
2046-06-26,24.4,7.130853726362628,0.0
2046-06-27,25.0,8.0,0.0
2046-06-28,25.7,8.5,0.0
2046-06-29,26.75669146273638,9.9,0.0
2046-06-30,27.884394537992403,11.155046347793846,0.0
2046-07-01,28.7,12.528279774071423,0.0
2046-07-02,28.0,12.6,0.0
2046-07-03,26.8,12.9,0.0
2046-07-04,25.9,12.59376868795598,0.0
2046-07-05,25.7,12.0,0.0
2046-07-06,25.762002152852517,11.7,0.0
2046-07-07,25.3,12.1,0.0
2046-07-08,24.6,12.2,0.0
2046-07-09,23.954093714988684,11.7,0.0
2046-07-10,24.4,11.5,0.0
2046-07-11,22.954440258342295,10.4,0.0
2046-07-12,23.2,9.4,0.0
2046-07-13,23.6,9.9,0.0
2046-07-14,23.569529260416388,9.0,0.0
2046-07-15,24.2,8.9,0.0
2046-07-16,24.509587811542595,9.8,0.0
2046-07-17,25.1,9.8,0.0
2046-07-18,25.7,9.230798307757778,0.0
2046-07-19,25.8,9.555476318622167,0.0
2046-07-20,25.0,11.0,0.0
2046-07-21,25.7,10.38255471833512,0.0
2046-07-22,26.8,10.6,0.0
2046-07-23,27.6,12.0,0.0
2046-07-24,28.2,12.9,0.0
2046-07-25,28.2,13.6,0.0
2046-07-26,27.742700235219058,14.2,0.0
2046-07-27,27.3,13.955832169113437,0.0
2046-07-28,27.7,13.1,0.0
2046-07-29,27.4,12.6,0.0
2046-07-30,26.0,13.0,0.0
2046-07-31,26.0,9.9,0.0
2046-08-01,26.4,6.2,0.0
2046-08-02,26.6,6.1,0.0
2046-08-03,25.9,9.0,0.0
2046-08-04,24.633321851453175,8.757804090419805,0.0
2046-08-05,24.8,10.7,0.0
2046-08-06,25.2,11.0,0.0
2046-08-07,25.7,11.2,0.0
2046-08-08,25.9,10.6,0.0
2046-08-09,26.5,8.845376492900712,0.0
2046-08-10,28.9,10.0,0.0
2046-08-11,30.0,11.8,0.0
2046-08-12,31.150514531754578,14.461826010372842,0.0
2046-08-13,32.5,15.2,0.0
2046-08-14,31.8,14.965654765673753,0.0
2046-08-15,29.953837065819517,18.111270404760166,0.0
2046-08-16,29.4,15.7,0.0
2046-08-17,30.2,15.160220557544871,0.0
2046-08-18,31.1,14.2,0.0
2046-08-19,31.676074090622897,14.3,0.0
2046-08-20,31.9,14.7,0.0
2046-08-21,31.9,16.0,0.0
2046-08-22,31.0,16.9,0.0
2046-08-23,30.0,16.6,0.0
2046-08-24,29.9,15.7,0.0
2046-08-25,30.5,16.0,0.0
2046-08-26,31.0,16.7,0.0
2046-08-27,31.0,16.752232379544676,0.0
2046-08-28,31.675345370351558,16.7,0.0
2046-08-29,31.5,16.9,0.0
2046-08-30,30.0,16.7,0.0
2046-08-31,30.5,14.4,0.0
2046-09-01,32.9,14.1,0.0
2046-09-02,32.4,17.2,0.0
2046-09-03,32.0,17.3,0.0
2046-09-04,32.0,16.7,0.0
2046-09-05,31.5,17.0,0.0
2046-09-06,30.6,15.7,0.0
2046-09-07,31.3,15.7,0.0
2046-09-08,32.0,16.9,0.0
2046-09-09,30.261233875118297,17.9,0.0
2046-09-10,28.6,15.9,0.0
2046-09-11,27.8,15.5,0.0
2046-09-12,28.378487937416804,13.7,0.0
2046-09-13,30.1,14.0,0.0
2046-09-14,31.1,14.4,0.0
2046-09-15,31.6,14.9,0.0
2046-09-16,32.5,15.6,0.0
2046-09-17,32.9,17.2,0.0
2046-09-18,33.467067111605495,17.8,0.0
2046-09-19,35.3,19.3,0.0
2046-09-20,33.8,20.86372257835167,0.0
2046-09-21,34.0,20.5,0.0
2046-09-22,34.7,21.671343102772756,0.0
2046-09-23,36.0,22.951562052346567,0.0
2046-09-24,32.7,20.5,0.0
2046-09-25,32.0,18.295399741730918,0.0
2046-09-26,33.0,18.2,0.0
2046-09-27,33.1,17.2,0.0
2046-09-28,32.176040349246506,17.9,0.0
2046-09-29,32.0,18.0,0.0
2046-09-30,32.7,17.2,0.0
2046-10-01,33.0,17.3,0.0
2046-10-02,31.7,18.2,0.0
2046-10-03,30.4,18.0,0.0
2046-10-04,31.2,17.0,0.0
2046-10-05,32.30070153297946,17.9,0.0
2046-10-06,32.5,17.9,0.0
2046-10-07,32.9,18.0,0.0
2046-10-08,33.8,19.4,0.0
2046-10-09,35.0,19.6,0.0
2046-10-10,35.2,19.6,0.0
2046-10-11,36.6,19.9,0.0
2046-10-12,38.000356851002515,20.4,0.0
2046-10-13,37.353994712450024,20.9,0.0
2046-10-14,38.04297817197312,22.674026259135452,0.0
2046-10-15,36.0,22.258089577385675,0.0
2046-10-16,36.2,21.3,0.0
2046-10-17,36.3,21.7,0.0
2046-10-18,35.5,22.0,0.0
2046-10-19,34.9,22.1,0.0
2046-10-20,34.4,21.093018299246495,0.0
2046-10-21,34.9,20.71492423615135,0.0
2046-10-22,34.9,21.3,0.0
2046-10-23,34.989407383702314,21.6,0.0
2046-10-24,35.8,20.3,0.0
2046-10-25,36.76035312373309,20.7,0.0
2046-10-26,34.7,22.1,0.0
2046-10-27,33.9,20.9,0.0
2046-10-28,34.9,20.7,0.0
2046-10-29,34.0,21.813530945031076,0.0
2046-10-30,33.8,22.1,0.0
2046-10-31,34.9,22.766552178346824,0.0
2046-11-01,35.4,21.841563156593757,0.0
2046-11-02,32.8,19.9,2.5
2046-11-03,32.5,19.4,0.9
2046-11-04,30.73112237190843,19.5,3.0
2046-11-05,29.2,19.1,44.393456302151954
2046-11-06,30.4,18.0,5.4
2046-11-07,27.9,18.6,28.089130434782614
2046-11-08,30.0,18.463235746574203,40.97055335968379
2046-11-09,31.0,18.7,2.3
2046-11-10,31.5,17.3,0.0
2046-11-11,31.9,16.9,0.0
2046-11-12,32.0,15.326418242491657,0.0
2046-11-13,32.5,20.0,0.0
2046-11-14,33.7,20.1,0.0
2046-11-15,33.4,19.2,0.9
2046-11-16,27.0,18.5,0.0
2046-11-17,30.2,16.6,0.0
2046-11-18,31.7,18.4,0.0
2046-11-19,32.6,19.4,0.0
2046-11-20,31.7,19.9,0.3
2046-11-21,33.2,19.5,0.0
2046-11-22,32.7,19.7,0.0
2046-11-23,33.5,18.7,0.0
2046-11-24,34.9,18.7,0.0
2046-11-25,34.0,19.5,0.4354743083003952
2046-11-26,30.887652947719687,19.3,18.26022727272725
2046-11-27,29.8,18.5,1.3
2046-11-28,31.4,18.5,0.0
2046-11-29,31.9,19.668186874304787,0.0
2046-11-30,32.2,20.0,0.0
2046-12-01,32.4,20.845021682804205,0.0
2046-12-02,30.6,19.4,0.8
2046-12-03,29.9,19.2,0.6
2046-12-04,30.0,19.0,8.95
2046-12-05,28.7,19.0,0.0
2046-12-06,27.5,18.5,2.0
2046-12-07,28.2,19.2,15.2
2046-12-08,28.7,19.2,30.335
2046-12-09,24.5,18.89936255382132,4.5
2046-12-10,24.2,18.4,5.4
2046-12-11,27.8,18.2,0.0
2046-12-12,29.5,17.1,0.0
2046-12-13,27.2,16.7,0.0
2046-12-14,29.4,19.0,5.4
2046-12-15,29.9,18.9,1.7
2046-12-16,30.0,19.2,4.3
2046-12-17,26.0,18.7,25.0
2046-12-18,27.5,18.7,6.05
2046-12-19,29.9,18.9,4.5
2046-12-20,26.7,18.6,3.4
2046-12-21,28.4,18.5,34.96666666666667
2046-12-22,27.5,18.8,1.7
2046-12-23,28.77016674452137,18.1,0.0
2046-12-24,27.9,18.9,14.9
2046-12-25,27.7,18.4,1.0
2046-12-26,29.0,18.0,3.4
2046-12-27,30.1,18.2,1.0
2046-12-28,25.5,18.8,0.9
2046-12-29,25.6,18.5,48.44285714285713
2046-12-30,27.0,18.1,15.8
2046-12-31,26.7,17.8,0.0
2047-01-01,25.4,18.8,6.0
2047-01-02,28.965389140611308,18.9,9.782481412639404
2047-01-03,27.6,18.7,10.8
2047-01-04,28.9,17.5,28.3
2047-01-05,27.5,19.3,22.240892193308536
2047-01-06,26.3,19.0,16.54707249070632
2047-01-07,26.7,19.3,28.3
2047-01-08,28.0,19.6,0.0
2047-01-09,29.8,17.2,0.0
2047-01-10,29.5,19.0,0.0
2047-01-11,31.681135352279906,18.0,0.0
2047-01-12,31.6,19.0,0.0
2047-01-13,30.1,19.9,23.0
2047-01-14,29.7,19.6,1.7
2047-01-15,29.7,19.3,12.064869888475833
2047-01-16,31.408247691348937,18.8,59.85910780669137
2047-01-17,26.1,19.7,47.52973977695167
2047-01-18,28.6,19.5,11.363382899628252
2047-01-19,29.5,19.5,14.3
2047-01-20,27.2,18.9,44.18513011152416
2047-01-21,24.31227858204637,18.5,17.47379182156134
2047-01-22,29.0,15.2,3.6
2047-01-23,28.0,18.91041218633878,1.0
2047-01-24,27.2,19.35583203299927,0.0
2047-01-25,27.718553765982918,17.0,0.0
2047-01-26,30.9,16.0,0.0
2047-01-27,32.18052951552983,17.4,0.0
2047-01-28,30.1,18.528517015815076,0.0
2047-01-29,29.7,19.3,0.0
2047-01-30,29.2,18.6,0.6
2047-01-31,30.5,18.54570464519323,10.0
2047-02-01,28.8,19.2,10.0
2047-02-02,28.1,19.1,9.182909930715937
2047-02-03,28.2,19.2,11.707159353348727
2047-02-04,28.3,18.7,0.0
2047-02-05,30.0,18.2,3.8
2047-02-06,30.7,17.5,0.0
2047-02-07,30.5,18.7,0.0
2047-02-08,29.2,19.768067804108135,0.0
2047-02-09,33.95775470567453,19.34274123775585,0.0
2047-02-10,28.1,19.793763637005647,27.35681293302541
2047-02-11,24.2,18.72965853250527,24.62032332563511
2047-02-12,25.5,18.100999840758952,0.0
2047-02-13,25.7,18.0,0.0
2047-02-14,25.6,18.8,0.0
2047-02-15,31.6,17.5,0.0
2047-02-16,32.902369616338625,18.0,0.0
2047-02-17,32.0,18.9,0.0
2047-02-18,31.8,19.0,15.8
2047-02-19,28.0,19.007377374834768,45.18563930296034
2047-02-20,25.7,19.1,17.832794457274826
2047-02-21,29.2,19.0,4.2
2047-02-22,30.0,19.20996158834541,0.0
2047-02-23,34.027585933656674,18.4,0.0
2047-02-24,34.067286936367324,18.7,0.0
2047-02-25,31.4,18.9,17.377598152424945
2047-02-26,24.4,18.2,9.2
2047-02-27,27.9,17.7,0.0
2047-02-28,28.2,16.1,0.0
2047-03-01,27.6,16.0,0.0
2047-03-02,27.6,16.7,0.0
2047-03-03,30.0,17.5,0.0
2047-03-04,31.378571428571426,17.0,0.0
2047-03-05,33.371614583333326,15.6,0.0
2047-03-06,34.14121083377586,16.4,0.0
2047-03-07,33.62231282431431,23.335821533203124,1.2
2047-03-08,32.5,19.0,7.18
2047-03-09,28.9,19.0,15.354545454545455
2047-03-10,29.0,18.6,0.0
2047-03-11,27.9,18.9,4.6
2047-03-12,29.8,18.6,0.0
2047-03-13,30.1,17.9,0.0
2047-03-14,31.129999999999995,16.6,0.0
2047-03-15,31.8,16.533193910502842,0.0
2047-03-16,30.9,18.2,0.0
2047-03-17,27.4,18.1,0.0
2047-03-18,28.456249999999997,17.2,1.0
2047-03-19,28.1,17.1,0.0
2047-03-20,27.120408163265306,17.3,0.0
2047-03-21,25.0,17.2,0.0
2047-03-22,27.6,17.1,0.0
2047-03-23,27.9,18.4,0.0
2047-03-24,29.6,17.107435621429154,0.0
2047-03-25,27.7,19.2,0.0
2047-03-26,28.5,18.2,0.0
2047-03-27,27.9,16.1,0.0
2047-03-28,28.5,18.7,0.0
2047-03-29,30.0,19.2,0.0
2047-03-30,26.9,19.0,1.0
2047-03-31,30.6,19.1,0.0
2047-04-01,29.8,19.4,0.0
2047-04-02,28.7,15.3,0.0
2047-04-03,28.5,14.0,0.0
2047-04-04,29.3,13.9,0.0
2047-04-05,29.5,12.0,0.0
2047-04-06,29.6,11.206451612903226,0.0
2047-04-07,31.5,13.2,0.0
2047-04-08,33.2,14.8,0.0
2047-04-09,34.074521203830365,16.7,0.0
2047-04-10,34.02175102599179,18.4,0.0
2047-04-11,33.74214285714286,17.302777777777777,0.0
2047-04-12,33.579255319148935,17.2,0.0
2047-04-13,32.407041072925395,16.4,0.0
2047-04-14,31.1,18.892151898734173,0.0
2047-04-15,31.5,16.59512195121951,0.0
2047-04-16,32.92700964630225,17.0,0.0
2047-04-17,33.091961414791,18.1,0.0
2047-04-18,32.0,18.777031802120145,0.0
2047-04-19,30.1,19.0,0.0
2047-04-20,28.0,16.929487179487175,0.0
2047-04-21,29.3,16.0,0.0
2047-04-22,29.8,15.0,0.0
2047-04-23,30.0,14.6,0.0
2047-04-24,30.09387755102041,14.6,0.0
2047-04-25,29.9,14.5,0.0
2047-04-26,29.9,13.6,0.0
2047-04-27,31.0,13.6,0.0
2047-04-28,31.6,15.5,0.0
2047-04-29,31.5,17.3,0.0
2047-04-30,30.760109289617485,16.5,0.0
2047-05-01,27.6,16.5,0.0
2047-05-02,26.93536549564536,16.9,0.0
2047-05-03,27.4,15.0,0.0
2047-05-04,28.6,14.792135497902049,0.0
2047-05-05,29.126480086114093,17.5,0.0
2047-05-06,30.2,16.2,0.0
2047-05-07,31.0,15.2,0.0
2047-05-08,29.8,14.9,0.0
2047-05-09,30.0,14.5,0.0
2047-05-10,32.0,14.9,0.0
2047-05-11,35.05439453125,16.9,0.0
2047-05-12,34.122021484375,16.51522798496184,0.0
2047-05-13,31.059418729817008,17.5,0.0
2047-05-14,28.6,16.8,0.0
2047-05-15,27.3,14.0,0.0
2047-05-16,28.0,12.4,0.0
2047-05-17,29.1,12.4,0.0
2047-05-18,30.8,12.4,0.0
2047-05-19,29.5,12.5,0.0
2047-05-20,27.4,14.0,0.0
2047-05-21,26.0,13.9,0.0
2047-05-22,25.711208288482233,11.5,0.0
2047-05-23,25.8,9.774910843824586,0.0
2047-05-24,26.0,10.6,0.0
2047-05-25,26.227634797925433,9.7,0.0
2047-05-26,26.6,9.0,0.0
2047-05-27,26.8,9.2,0.0
2047-05-28,27.0,7.7,0.0
2047-05-29,26.0,9.6,0.0
2047-05-30,26.6,8.0,0.0
2047-05-31,25.7,9.6,0.0
2047-06-01,24.6,9.6,0.0
2047-06-02,25.0,9.7,0.0
2047-06-03,25.4,10.0,0.0
2047-06-04,25.7,10.9,0.0
2047-06-05,25.45572858731925,11.5,0.0
2047-06-06,25.4,11.1,0.0
2047-06-07,25.9,10.7,0.0
2047-06-08,26.6,11.5,0.0
2047-06-09,27.6,12.3,0.0
2047-06-10,28.0,13.026329491397066,0.0
2047-06-11,27.9,13.6,0.0
2047-06-12,27.8,12.9,0.0
2047-06-13,26.7,12.7,0.0
2047-06-14,25.7,12.2,0.0
2047-06-15,25.5,11.9,0.0
2047-06-16,25.7,12.0,0.0
2047-06-17,24.9,13.084726528293853,0.0
2047-06-18,24.9,11.7,0.0
2047-06-19,24.980266963292546,10.2,0.0
2047-06-20,25.313734640556696,8.4,0.0
2047-06-21,25.3,9.9,0.0
2047-06-22,24.95172021200026,11.0,0.0
2047-06-23,24.5,10.9,0.0
2047-06-24,24.9,10.3,0.0
2047-06-25,25.9,11.4,0.0
2047-06-26,27.8,12.4,0.0
2047-06-27,29.2,14.380556717793814,0.0
2047-06-28,30.0,15.299191212634586,0.0
2047-06-29,30.1,15.219454073174024,0.0
2047-06-30,30.0,15.0,0.0
2047-07-01,29.60892586220048,14.368201458481781,0.0
2047-07-02,30.0,14.6,0.0
2047-07-03,28.842899225276295,15.2,0.0
2047-07-04,27.2,15.1,0.0
2047-07-05,26.0,14.3,0.0
2047-07-06,24.547779746625814,13.0,0.0
2047-07-07,23.6,11.1,0.0
2047-07-08,24.52710441334768,8.4,0.0
2047-07-09,26.2,7.2,0.0
2047-07-10,27.4,6.7,0.0
2047-07-11,26.4,12.6,0.0
2047-07-12,25.3,12.5,0.0
2047-07-13,25.5,10.9,0.0
2047-07-14,24.7,10.8,0.0
2047-07-15,24.0,10.6,0.0
2047-07-16,24.2,10.7,0.0
2047-07-17,24.2,10.5,0.0
2047-07-18,24.3,10.2,0.0
2047-07-19,24.5,9.4,0.0
2047-07-20,24.9,8.7,0.0
2047-07-21,25.7,9.7,0.0
2047-07-22,25.545720035568866,11.2,0.0
2047-07-23,25.1,10.3,0.0
2047-07-24,25.4,5.7,0.0
2047-07-25,26.0,4.2,0.0
2047-07-26,27.0,7.4,0.0
2047-07-27,27.6,10.2,0.0
2047-07-28,28.81437559696174,12.2,0.0
2047-07-29,29.64456616631209,13.395375790730938,0.0
2047-07-30,30.7,14.2,0.0
2047-07-31,29.692086571794228,13.0,0.0
2047-08-01,29.940649006274768,16.7,0.0
2047-08-02,29.0,15.6,0.0
2047-08-03,29.4,15.0,0.0
2047-08-04,28.9,15.593250019690718,0.0
2047-08-05,27.6,14.6,0.0
2047-08-06,27.9,12.5,0.0
2047-08-07,29.5,13.1,0.0
2047-08-08,30.6,14.1,0.0
2047-08-09,29.6,15.2,0.0
2047-08-10,29.0,14.6,0.0
2047-08-11,28.846850129700535,14.6,0.0
2047-08-12,27.9,14.4,0.0
2047-08-13,27.0,14.2,0.0
2047-08-14,26.86398756129649,14.0,0.0
2047-08-15,27.0,13.2,0.0
2047-08-16,26.6,12.918352512955957,0.0
2047-08-17,27.1,12.3,0.0
2047-08-18,27.0,12.2,0.0
2047-08-19,27.6,11.9,0.0
2047-08-20,28.807278229719945,12.2,0.0
2047-08-21,30.0,13.9,0.0
2047-08-22,31.0,15.0,0.0
2047-08-23,32.6,16.2,0.0
2047-08-24,33.98676836652309,18.214576807247127,0.0
2047-08-25,32.529757804090416,18.76411124247823,0.0
2047-08-26,33.394908993052134,18.4579992577168,0.0
2047-08-27,37.510986328125,19.0,0.0
2047-08-28,37.685302734375,19.604318116312445,0.0
2047-08-29,33.38461199725998,18.831300005293883,0.0
2047-08-30,37.913330078125,18.60969828712364,0.0
2047-08-31,39.46533203125,21.86892804413914,0.0
2047-09-01,39.452392578125,22.04690426281525,0.0
2047-09-02,36.0,21.269597701149422,0.0
2047-09-03,33.2,20.5,0.0
2047-09-04,33.1,19.5,0.0
2047-09-05,35.1,18.967903449653384,0.0
2047-09-06,37.824127033522814,18.9,0.0
2047-09-07,36.0,20.0,0.0
2047-09-08,35.2,20.5,0.0
2047-09-09,37.75405460368384,20.2,0.0
2047-09-10,35.74125811432275,21.410396129986317,0.0
2047-09-11,34.1,20.581908713178688,0.0
2047-09-12,34.2,20.5,0.0
2047-09-13,34.7,20.857949841175195,0.0
2047-09-14,35.1,21.2,0.0
2047-09-15,35.20404514501208,21.2,0.0
2047-09-16,35.0,21.2,0.0
2047-09-17,35.278224862006006,21.2,0.0
2047-09-18,34.886929922135714,21.225808898066163,0.0
2047-09-19,34.45472256755873,20.528664502508466,0.0
2047-09-20,35.3,20.5,0.0
2047-09-21,38.082819086147786,21.178967081479424,0.0
2047-09-22,39.43701171875,21.21442042141341,0.0
2047-09-23,37.58991233652661,21.1512609496663,0.0
2047-09-24,34.9,20.5,0.0
2047-09-25,34.2,19.9,0.0
2047-09-26,33.9,19.6,0.0
2047-09-27,33.9,19.820578420467196,0.0
2047-09-28,33.1,20.4780003553669,0.0
2047-09-29,33.0,20.2,0.0
2047-09-30,33.2,20.0,0.0
2047-10-01,33.5,19.4,0.0
2047-10-02,34.8,19.6,0.0
2047-10-03,36.2,19.8,0.0
2047-10-04,36.6,21.2,0.0
2047-10-05,37.725412907497585,21.6,0.0
2047-10-06,38.0,21.97797939412578,0.0
2047-10-07,36.16662484688762,22.1,0.0
2047-10-08,36.0,21.4,0.0
2047-10-09,35.8,21.6,0.0
2047-10-10,32.2,21.208763545030493,0.5876712328767123
2047-10-11,33.1,21.0,0.0
2047-10-12,34.4,21.6,0.0
2047-10-13,35.403656376957514,21.6,0.0
2047-10-14,36.9,22.123446389201714,0.0
2047-10-15,38.1992930577919,23.76281081448948,0.0
2047-10-16,38.68271484375,22.0,8.852054794520539
2047-10-17,36.6,21.2991862217438,41.165166340508776
2047-10-18,33.8,19.0,2.7
2047-10-19,30.2,18.2,20.46438356164384
2047-10-20,20.4197775561176,17.1,9.527397260273974
2047-10-21,26.56701291711518,17.0,19.335616438356162
2047-10-22,30.9,18.0,31.26156978896705
2047-10-23,29.437678283100105,19.7,14.344383561643834
2047-10-24,35.4,20.0,2.5
2047-10-25,35.5,21.0,0.0
2047-10-26,36.0,20.7,0.0
2047-10-27,36.6,20.463850017940423,0.0
2047-10-28,37.2,21.4,0.0
2047-10-29,36.0,23.0,0.0
2047-10-30,36.723507472075816,22.6,0.0
2047-10-31,38.0,22.0,0.0
2047-11-01,39.971923828125,22.0,0.0
2047-11-02,38.68641093500748,23.642642936056184,0.0
2047-11-03,36.300680322023,22.579263079568886,0.0
2047-11-04,36.0,22.07870461481419,0.0
2047-11-05,37.251242451930715,22.3,0.0
2047-11-06,36.5,20.7,0.0
2047-11-07,35.04612499630858,21.012424273067413,0.0
2047-11-08,36.3,22.14396693812266,0.0
2047-11-09,38.83979450568995,23.2,0.0
2047-11-10,38.320078318577735,23.3,0.0
2047-11-11,38.22349180925779,23.2,0.0
2047-11-12,39.082868441274556,20.7,0.0
2047-11-13,31.2,19.8,15.735573122529642
2047-11-14,31.1,19.5,40.024038807042736
2047-11-15,29.9,19.4,64.28282828282829
2047-11-16,29.9,19.293645849886126,10.4
2047-11-17,29.4,19.3,9.249802371541492
2047-11-18,30.4,18.848259682475483,2.8
2047-11-19,31.3,17.5,0.0
2047-11-20,30.9,19.7,5.913833992094861
2047-11-21,30.4,19.4,0.7
2047-11-22,31.0,19.0,0.0
2047-11-23,31.9,18.5,0.0
2047-11-24,30.6,19.4,1.3
2047-11-25,32.1,19.3,0.0
2047-11-26,32.41004981380277,19.7,1.7513833992094858
2047-11-27,31.550592901966542,19.6,1.7
2047-11-28,27.0,19.5,0.0
2047-11-29,27.6,19.0,0.0
2047-11-30,30.2,17.6,0.0
2047-12-01,30.894412369116345,18.4,0.0
2047-12-02,30.0,19.6,5.6
2047-12-03,28.7,19.5934094147237,0.0
2047-12-04,30.6,19.5,4.0
2047-12-05,30.144413914225815,19.6,2.0
2047-12-06,30.0,19.6,0.0
2047-12-07,28.3,19.2,38.089999999999996
2047-12-08,27.0,19.6,29.7
2047-12-09,27.5,19.6,27.4
2047-12-10,29.8,19.55361586335397,39.333333333333314
2047-12-11,30.0,19.5,26.4
2047-12-12,26.873245239597637,19.6,30.39
2047-12-13,26.559102746623147,19.57351968621537,6.15
2047-12-14,23.4,18.7,0.0
2047-12-15,25.6,18.0,0.0
2047-12-16,29.0,16.4,0.0
2047-12-17,30.4,15.7,0.0
2047-12-18,31.0,16.9,0.0
2047-12-19,28.7,19.2,0.0
2047-12-20,26.2,19.9,0.0
2047-12-21,28.3,19.5,0.0
2047-12-22,29.3,18.9,1.2
2047-12-23,30.3,18.2,0.0
2047-12-24,29.5,19.2,12.25
2047-12-25,28.0,19.5,6.4
2047-12-26,28.9,19.5,1.3
2047-12-27,29.7,19.6,7.2
2047-12-28,30.5,18.6,1.25
2047-12-29,28.4,19.6,0.0
2047-12-30,28.3,19.9,0.0
2047-12-31,30.8,19.8,4.0
2048-01-01,29.897397152731127,19.8,6.3
2048-01-02,29.2,19.8,0.0
2048-01-03,36.11116225588831,19.9,41.4
2048-01-04,27.4,19.9,0.8
2048-01-05,30.6,19.9,23.0
2048-01-06,29.5,19.9,40.84609665427509
2048-01-07,23.9,16.3,16.471933085501856
2048-01-08,23.1,16.7,6.4
2048-01-09,21.949703915331924,18.0,0.0
2048-01-10,26.1,17.1,0.0
2048-01-11,26.8,16.6,0.0
2048-01-12,29.0,15.9,0.0
2048-01-13,30.9,17.4,0.0
2048-01-14,31.1,19.15734322050791,0.0
2048-01-15,29.2,19.3,0.0
2048-01-16,31.8,19.4,0.0
2048-01-17,32.070476213775464,18.0,0.0
2048-01-18,31.7,19.7,0.0
2048-01-19,29.9,18.6,0.0
2048-01-20,30.9,18.2,0.0
2048-01-21,31.7,16.8,0.0
2048-01-22,32.04599660296647,17.0,0.0
2048-01-23,31.1,19.826924092002685,1.7
2048-01-24,31.0,19.8,0.0
2048-01-25,29.2,19.9,0.0
2048-01-26,27.2,19.9,4.6
2048-01-27,29.0,19.9,21.0
2048-01-28,28.9,19.8,9.0
2048-01-29,28.5,19.87034481373266,5.4
2048-01-30,29.205468245425184,19.86764380083351,7.652788104089216
2048-01-31,28.2,19.9,0.0
2048-02-01,34.33695089654089,19.894670772162904,27.48221709006929
2048-02-02,34.29469504512174,19.0,0.0
2048-02-03,31.0,20.025815952215478,0.0
2048-02-04,28.6,19.4,0.0
2048-02-05,31.6,20.019948540223563,0.0
2048-02-06,32.9,19.2,0.0
2048-02-07,30.0,20.030262350365607,0.0
2048-02-08,29.99848487909334,19.5,0.0
2048-02-09,29.0,19.7,5.830669745958433
2048-02-10,31.0,19.5,5.427482678983833
2048-02-11,29.0,19.5,16.946535796766742
2048-02-12,30.9,19.942202017058392,9.2
2048-02-13,27.7,19.9,46.64665127020791
2048-02-14,27.22600169070584,19.2,25.961016166281762
2048-02-15,27.5,18.9,0.6
2048-02-16,31.038633841601243,17.1,0.0
2048-02-17,29.4,19.8632674573885,2.750115473441108
2048-02-18,30.8,19.5,0.0
2048-02-19,30.5,19.7,0.0
2048-02-20,28.6,18.9,0.0
2048-02-21,30.3,20.0948353966966,0.0
2048-02-22,30.5,19.0,0.0
2048-02-23,28.782625969494394,17.6,0.0
2048-02-24,27.7,19.2,0.0
2048-02-25,28.5,18.2,0.8
2048-02-26,28.4,19.7,0.0
2048-02-27,28.0,18.9,0.0
2048-02-28,29.0,19.5,0.0
2048-03-01,32.5,18.4,3.2
2048-03-02,31.91986754966888,19.1,17.888888888888893
2048-03-03,25.6,20.093996074210075,15.036363636363637
2048-03-04,24.6,18.8,0.0
2048-03-05,28.1,17.4,0.0
2048-03-06,28.8,16.9,0.0
2048-03-07,30.9,16.7,0.0
2048-03-08,32.6,16.0,0.0
2048-03-09,33.55311662198392,17.2,0.0
2048-03-10,32.9,19.9,0.0
2048-03-11,28.5,19.963859371105247,0.3
2048-03-12,25.7,19.3,8.2
2048-03-13,30.024999999999995,19.932586472677837,0.0
2048-03-14,31.1,19.4,0.0
2048-03-15,31.8,18.9,0.0
2048-03-16,31.2,18.5,0.0
2048-03-17,29.5,18.82790111088609,1.3
2048-03-18,31.6,18.6,0.0
2048-03-19,32.4,18.6,0.0
2048-03-20,31.0,17.6,0.0
2048-03-21,32.0,16.2,0.0
2048-03-22,31.4,22.4693359375,0.0
2048-03-23,31.0,19.0,0.3
2048-03-24,28.6,19.2,0.0
2048-03-25,28.2,19.0,0.0
2048-03-26,29.2,17.1,0.0
2048-03-27,26.4,19.59937382746422,1.2
2048-03-28,27.0,19.9,0.0
2048-03-29,28.4,19.4,0.0
2048-03-30,30.1,19.2,0.0
2048-03-31,32.160000000000004,18.566819952809663,0.0
2048-04-01,30.4,17.4,0.0
2048-04-02,29.5,16.9,0.0
2048-04-03,30.2,15.7,0.0
2048-04-04,30.2,18.4,0.0
2048-04-05,31.5,17.4,0.0
2048-04-06,32.5,19.0,3.570646766169154
2048-04-07,29.3,18.73886925795053,13.164477611940296
2048-04-08,29.8,19.2,0.0
2048-04-09,31.4,19.7,0.0
2048-04-10,32.3,18.2,0.0
2048-04-11,33.581914893617025,18.0,0.0
2048-04-12,34.221559074299634,18.0,0.0
2048-04-13,35.023835997220274,18.4,0.0
2048-04-14,34.504308547602484,18.5,0.0
2048-04-15,35.65771484375,19.4,0.0
2048-04-16,34.02236662106703,19.4,0.0
2048-04-17,29.6,19.4,3.536815920398012
2048-04-18,27.0,19.0421686746988,0.0
2048-04-19,29.5,18.6,0.0
2048-04-20,31.3,17.1,0.0
2048-04-21,30.9,18.577287581699345,0.0
2048-04-22,30.338461538461537,17.1,0.0
2048-04-23,31.266455696202527,15.6,0.0
2048-04-24,32.3962962962963,15.24754098360656,0.0
2048-04-25,33.031832797427654,16.6,0.0
2048-04-26,32.4745180217938,17.5,0.0
2048-04-27,32.03687943262411,18.4,0.0
2048-04-28,32.741379310344826,18.610126582278482,0.0
2048-04-29,32.913826366559476,18.851443037974686,0.0
2048-04-30,31.7,19.7,0.0
2048-05-01,29.7,17.8687461682577,0.0
2048-05-02,30.5,17.0,0.0
2048-05-03,29.9,16.5,0.0
2048-05-04,31.0,16.2,0.0
2048-05-05,31.898708571752312,17.32565606860543,0.0
2048-05-06,31.0,18.093302830347902,0.0
2048-05-07,30.6,18.133437714062016,0.0
2048-05-08,30.7,19.01294114019969,0.0
2048-05-09,31.0,18.136813532736983,0.0
2048-05-10,30.7,17.5,0.0
2048-05-11,30.333733019035023,17.349914647008262,0.0
2048-05-12,31.0,17.0,0.0
2048-05-13,31.6,16.9,0.0
2048-05-14,30.939588022311373,16.9,0.0
2048-05-15,27.6,16.92194104393288,0.0
2048-05-16,28.0,15.6,0.0
2048-05-17,27.8,14.5,0.0
2048-05-18,28.9,13.0,0.0
2048-05-19,29.5,14.051170229125006,0.0
2048-05-20,30.0,14.5,0.0
2048-05-21,31.0,15.1,0.0
2048-05-22,31.0,16.5,0.0
2048-05-23,31.0,16.067099552067766,0.0
2048-05-24,32.728963399990164,14.0,0.0
2048-05-25,30.8,12.3,0.0
2048-05-26,29.1,15.3,0.0
2048-05-27,27.2,14.6,0.0
2048-05-28,26.4,12.2,0.0
2048-05-29,27.0,11.728710441334753,0.0
2048-05-30,27.2,11.776928597057758,0.0
2048-05-31,26.9,11.6,0.0
2048-06-01,25.4,11.6,0.0
2048-06-02,25.5,9.6,0.0
2048-06-03,26.0,9.9,0.0
2048-06-04,25.6,11.3,0.0
2048-06-05,25.2,10.2,0.0
2048-06-06,25.6,10.6,0.0
2048-06-07,25.7,11.8,0.0
2048-06-08,27.5,10.9,0.0
2048-06-09,27.6,10.4,0.0
2048-06-10,27.8,11.3,0.0
2048-06-11,27.5,12.0,0.0
2048-06-12,26.9,11.7,0.0
2048-06-13,26.6,11.5,0.0
2048-06-14,26.748817088431597,12.1,0.0
2048-06-15,26.0,12.5,0.0
2048-06-16,25.5,12.0,0.0
2048-06-17,25.4,12.0,0.0
2048-06-18,25.0,12.0,0.0
2048-06-19,25.3,11.8,0.0
2048-06-20,24.9,14.7,0.0
2048-06-21,20.9,11.9,0.0
2048-06-22,25.0,11.7,0.0
2048-06-23,25.0,11.0,0.0
2048-06-24,25.2,11.317100872314269,0.0
2048-06-25,25.3,11.3,0.0
2048-06-26,25.4,11.6,0.0
2048-06-27,24.6,11.843456553793626,0.0
2048-06-28,24.6,10.8,0.0
2048-06-29,24.7,9.0,0.0
2048-06-30,25.0,9.9254907643861,0.0
2048-07-01,25.4,11.1,0.0
2048-07-02,26.0,11.2,0.0
2048-07-03,26.7,12.0,0.0
2048-07-04,26.7,12.9,0.0
2048-07-05,26.1,12.6,0.0
2048-07-06,26.0,11.9,0.0
2048-07-07,26.0,11.5,0.0
2048-07-08,26.7,13.066772829669405,0.0
2048-07-09,27.0,13.0,0.0
2048-07-10,27.6,12.9,0.0
2048-07-11,27.27597025149231,12.4,0.0
2048-07-12,26.8,12.7,0.0
2048-07-13,26.6,13.0,0.0
2048-07-14,26.3,11.9,0.0
2048-07-15,26.7,10.5,0.0
2048-07-16,27.101763062930623,11.1,0.0
2048-07-17,27.2,11.7,0.0
2048-07-18,27.2,12.2,0.0
2048-07-19,26.8,12.794838849306014,0.0
2048-07-20,26.7,12.8,0.0
2048-07-21,26.86813229059115,12.6,0.0
2048-07-22,27.3,12.9,0.0
2048-07-23,29.0,13.0,0.0
2048-07-24,29.633788342388304,14.2,0.0
2048-07-25,27.1,14.3,0.0
2048-07-26,19.592701135456092,14.22589090015022,0.0
2048-07-27,24.5,12.5,0.0
2048-07-28,24.3,10.7,0.0
2048-07-29,25.0,10.5,0.0
2048-07-30,26.0,11.2,0.0
2048-07-31,26.7,12.0,0.0
2048-08-01,28.5,13.0,0.0
2048-08-02,29.6,13.4,0.0
2048-08-03,30.7,14.7,0.0
2048-08-04,30.7,15.14838426220865,0.0
2048-08-05,30.3,15.3,0.0
2048-08-06,30.0,15.0,0.0
2048-08-07,28.6,15.609394088733836,0.0
2048-08-08,26.6,15.5,0.0
2048-08-09,27.3,14.6,0.0
2048-08-10,27.938234660925716,14.1,0.0
2048-08-11,28.834582840706556,14.0,0.0
2048-08-12,29.6,13.8,0.0
2048-08-13,30.5,14.7,0.0
2048-08-14,30.5,15.5,0.0
2048-08-15,30.41952347222764,15.2,0.0
2048-08-16,29.6,15.6,0.0
2048-08-17,29.5,15.6,0.0
2048-08-18,29.3,15.472657337639033,0.0
2048-08-19,29.5,15.742259950130125,0.0
2048-08-20,30.0,15.6,0.0
2048-08-21,30.0,15.1,0.0
2048-08-22,28.3,15.6,0.0
2048-08-23,26.3,14.973777713453513,0.0
2048-08-24,28.2,13.9,0.0
2048-08-25,28.6,14.1,0.0
2048-08-26,29.4,14.4,0.0
2048-08-27,31.2,14.0,0.0
2048-08-28,31.6,15.5,0.0
2048-08-29,30.8,16.7,0.0
2048-08-30,30.860353682915573,14.985555987734164,0.0
2048-08-31,31.1,15.2,0.0
2048-09-01,31.6,14.989864293659627,0.0
2048-09-02,30.9,15.2,0.0
2048-09-03,30.9,15.01543128728891,0.0
2048-09-04,31.5,15.2,0.0
2048-09-05,32.2,15.7,0.0
2048-09-06,32.8,17.0,0.0
2048-09-07,31.0,17.7,0.0
2048-09-08,31.584081077740702,16.6,0.0
2048-09-09,33.2,16.7,0.0
2048-09-10,35.1,15.8,0.0
2048-09-11,36.0,17.5,0.0
2048-09-12,37.94123438202101,18.9,0.0
2048-09-13,38.11401571587065,20.5,0.0
2048-09-14,35.892651557285895,21.229152607781067,0.0
2048-09-15,38.09961727138312,21.2,0.0
2048-09-16,37.86252288548944,21.325766077534713,0.0
2048-09-17,34.097842046718576,21.235608284953408,0.0
2048-09-18,33.4,20.5,0.0
2048-09-19,34.2,20.5,0.0
2048-09-20,34.94326524421075,20.2,0.0
2048-09-21,37.67006367750682,19.4643177768809,0.0
2048-09-22,38.01850603410375,20.5,0.0
2048-09-23,37.308662720871176,20.5,0.0
2048-09-24,38.02282556745005,20.5,0.0
2048-09-25,37.26114785406247,21.26199336711573,0.0
2048-09-26,38.341031190623276,21.23547586080628,0.0
2048-09-27,39.269775390625,21.20511762507788,0.0
2048-09-28,40.54296875,21.2,0.0
2048-09-29,40.6943359375,20.0,0.0
2048-09-30,39.939697265625,23.536865234375,0.0
2048-10-01,38.0,23.734555343933994,0.0
2048-10-02,31.7,20.1,77.55995165189374
2048-10-03,34.57222820236813,19.0,0.0
2048-10-04,34.0,19.6,2.5
2048-10-05,32.5,17.9,0.0
2048-10-06,34.0,17.0,0.0
2048-10-07,35.1,22.1,0.0
2048-10-08,32.0,21.732738092801853,0.0
2048-10-09,32.2,20.1,0.0
2048-10-10,32.6,20.2,0.0
2048-10-11,32.7,19.1,0.0
2048-10-12,32.9,17.9,0.0
2048-10-13,32.6,19.1,0.0
2048-10-14,31.6,18.0,0.0
2048-10-15,33.4,17.7,0.0
2048-10-16,35.0,18.3,0.0
2048-10-17,33.9,21.0,0.0
2048-10-18,34.9,19.2,0.0
2048-10-19,36.6,19.9,0.0
2048-10-20,37.52552391332741,20.2,0.0
2048-10-21,38.0,22.0,0.0
2048-10-22,36.9,22.791111693388462,0.0
2048-10-23,38.133304865861845,22.0,0.0
2048-10-24,37.97941399502101,23.235001534828307,0.0
2048-10-25,35.1,22.624777513303705,0.0
2048-10-26,33.5,21.6,0.0
2048-10-27,34.6,20.2,0.0
2048-10-28,35.0,19.6,0.0
2048-10-29,36.2,19.2,0.0
2048-10-30,38.855810546875,20.2,0.0
2048-10-31,39.111181640625,21.6,0.0
2048-11-01,34.5,21.184352614015577,0.0
2048-11-02,31.7,19.7,0.0
2048-11-03,33.7,19.5,0.0
2048-11-04,34.2,19.9,0.0
2048-11-05,32.7,20.3,0.0
2048-11-06,32.5,21.4,0.0
2048-11-07,32.3,19.3,0.0
2048-11-08,33.9,20.0,0.0
2048-11-09,34.8,21.1,0.0
2048-11-10,34.61673769856644,22.3,0.0
2048-11-11,34.5,23.493858383463635,0.0
2048-11-12,34.2,23.3,0.0
2048-11-13,34.9,23.3,0.0
2048-11-14,34.8,22.3,0.0
2048-11-15,35.15271458393648,21.1,0.0
2048-11-16,36.4,23.2,0.0
2048-11-17,36.2,23.2,0.0
2048-11-18,32.6,21.9,0.0
2048-11-19,33.4,19.995754496866443,0.0
2048-11-20,34.2,20.9,0.0
2048-11-21,32.5,19.8,0.0
2048-11-22,28.016197736046585,18.9,0.0
2048-11-23,25.02023814898883,18.88813530185055,2.5
2048-11-24,29.6,18.7,0.0
2048-11-25,26.339716351501668,19.5,2.3
2048-11-26,31.0,19.4,0.0
2048-11-27,28.582566836715124,19.0,2.4
2048-11-28,31.475979008014594,20.0,0.0
2048-11-29,32.0,18.7,0.0
2048-11-30,30.46929632273282,19.5,2.5
2048-12-01,32.62289989235736,19.9,0.5
2048-12-02,33.1,19.5,0.0
2048-12-03,32.4,19.9,1.4
2048-12-04,31.7,19.9,0.0
2048-12-05,28.2,20.3,0.0
2048-12-06,29.5,20.3,0.0
2048-12-07,31.85994778187481,21.005025584037135,0.0
2048-12-08,33.7,19.9,0.0
2048-12-09,34.16110796292063,17.6,0.0
2048-12-10,32.710795363390204,20.840731670118082,0.0
2048-12-11,33.08151036060279,21.010115727293492,0.0
2048-12-12,33.7,20.1,0.0
2048-12-13,34.171678052543534,19.9,0.0
2048-12-14,34.233935546875,19.596222536325037,0.0
2048-12-15,34.362841796875,21.0,0.0
2048-12-16,33.60298999677758,21.0,0.0
2048-12-17,32.513898815931086,19.9,6.15
2048-12-18,29.2,20.3,25.228571428571428
2048-12-19,30.1,19.9,5.0
2048-12-20,30.1,19.4,0.0
2048-12-21,30.7,19.53772336755677,0.0
2048-12-22,31.8,19.6,0.0
2048-12-23,30.7,20.1,4.0
2048-12-24,29.7,19.9,9.9
2048-12-25,29.0,19.6,9.2
2048-12-26,27.6,19.5,48.3142857142857
2048-12-27,26.6,19.5,2.0
2048-12-28,27.0,19.554838363030683,0.4
2048-12-29,27.2,19.5,11.933333333333326
2048-12-30,29.1,19.9,0.0
2048-12-31,30.4,19.6,0.0
2049-01-01,32.2,19.5,0.0
2049-01-02,31.5,19.5,0.0
2049-01-03,30.4,19.6,1.0
2049-01-04,30.026185375233833,19.853784228394733,7.15055762081784
2049-01-05,27.7,19.8,2.7
2049-01-06,28.6,19.876759719368142,0.0
2049-01-07,28.9,19.6,9.0
2049-01-08,29.9,19.8,22.72267657992564
2049-01-09,27.0,19.592408846441028,41.14566771518443
2049-01-10,26.6,19.8,30.87301115241636
2049-01-11,25.9,19.8,0.0
2049-01-12,26.3,19.8,6.4
2049-01-13,28.5,19.5,0.0
2049-01-14,29.5,19.7,5.6
2049-01-15,28.5,19.862064521063697,20.0771375464684
2049-01-16,28.8,19.8,40.5
2049-01-17,28.7,19.8,34.54423791821557
2049-01-18,23.1,17.9,37.44191449814126
2049-01-19,23.1,17.9,33.91500929368029
2049-01-20,22.638912328925112,17.3,0.0
2049-01-21,25.215604328366663,16.6,0.0
2049-01-22,25.9,17.9,0.0
2049-01-23,28.9,15.482501280215711,0.0
2049-01-24,29.4,19.8,0.0
2049-01-25,29.0,19.7,0.0
2049-01-26,29.9,19.5,0.0
2049-01-27,29.9,19.620523807308462,0.0
2049-01-28,29.5,18.0,0.0
2049-01-29,29.2,19.8418491276466,1.0
2049-01-30,28.9,19.0,0.0
2049-01-31,29.0,18.844472405667226,0.0
2049-02-01,28.6,17.9,0.0
2049-02-02,28.6,19.0,0.0
2049-02-03,30.5,16.6,0.0
2049-02-04,31.25214289728111,19.2,0.0
2049-02-05,33.02847890462313,19.200008296253678,0.0
2049-02-06,30.7,19.551539990972703,0.0
2049-02-07,29.4,19.513751637869106,0.0
2049-02-08,27.812348292794,19.751418648328308,2.0
2049-02-09,29.4,20.013955070552125,19.625173210161666
2049-02-10,29.7,19.2,0.0
2049-02-11,29.8,19.0,0.0
2049-02-12,29.5,17.9,0.0
2049-02-13,30.2,17.9,0.0
2049-02-14,29.9,18.9,0.4
2049-02-15,32.1,19.0,0.0
2049-02-16,32.9,19.582561770147038,0.0
2049-02-17,32.92440176781572,19.7,5.754642032332565
2049-02-18,29.0,19.970085565207192,3.6
2049-02-19,28.6,19.854286696340864,5.222863741339491
2049-02-20,27.841585609632,19.542268801929364,0.0
2049-02-21,29.8,19.565297239230564,0.0
2049-02-22,31.9,19.1,0.0
2049-02-23,31.78708323225078,20.055508265635524,4.8
2049-02-24,30.7,19.833713122829778,0.0
2049-02-25,33.02179884776993,19.7,0.0
2049-02-26,32.38189419638762,19.383385617395618,15.6
2049-02-27,31.0,19.5,1.3
2049-02-28,33.40488869237574,18.9,0.2
2049-03-01,26.5,19.4,25.6
2049-03-02,24.0,19.0,0.0
2049-03-03,26.5,18.8,0.0
2049-03-04,25.1,18.5,0.0
2049-03-05,24.7,18.5,0.0
2049-03-06,30.578571428571426,17.913089142178794,0.0
2049-03-07,32.6,16.7,0.0
2049-03-08,33.52050938337801,18.5,0.0
2049-03-09,33.2,19.2,0.0
2049-03-10,31.5,19.80880247578041,1.3
2049-03-11,31.5,19.9,5.966666666666666
2049-03-12,32.9,19.4,6.9
2049-03-13,31.42972972972973,19.2,19.0
2049-03-14,31.8,19.9,19.0
2049-03-15,33.05502392344498,21.908575439453124,20.542857142857137
2049-03-16,31.9,19.809556871187652,1.0
2049-03-17,32.356097560975606,18.809439157048075,0.0
2049-03-18,31.962251655629142,19.6,0.0
2049-03-19,32.9,21.94248046875,0.0
2049-03-20,29.2,22.33212890625,0.0
2049-03-21,31.1,19.4,1.2
2049-03-22,34.22851832182688,19.9,4.15
2049-03-23,33.2,19.2,0.3
2049-03-24,33.611267605633806,22.838232421875,0.0
2049-03-25,32.9,22.327490234375,0.0
2049-03-26,29.0,19.74205577106647,2.45
2049-03-27,30.0,18.3,1.2
2049-03-28,28.0,19.9,0.0
2049-03-29,28.0,19.976491295986573,0.0
2049-03-30,28.1,19.866006458557585,0.0
2049-03-31,30.3,15.4,0.0
2049-04-01,29.7,12.2,0.0
2049-04-02,28.601562499999996,14.4,0.0
2049-04-03,27.5,15.9,0.0
2049-04-04,23.65217391304348,17.9,17.860160734787602
2049-04-05,26.8,18.0,0.0
2049-04-06,27.9,18.0,0.0
2049-04-07,28.7,18.5,0.0
2049-04-08,29.3,18.4,0.0
2049-04-09,28.9,17.36666666666667,0.0
2049-04-10,27.3,17.5,0.0
2049-04-11,29.0,15.01555555555556,0.0
2049-04-12,30.0,13.3,0.0
2049-04-13,31.368518518518513,16.4,0.0
2049-04-14,31.208016877637128,18.976223776223776,0.0
2049-04-15,29.9,19.7,0.0
2049-04-16,28.5,18.4,12.957801899592942
2049-04-17,27.8,18.750530035335686,0.0
2049-04-18,26.2,17.4,0.0
2049-04-19,26.7,18.9,0.0
2049-04-20,26.8,18.0,0.0
2049-04-21,27.2,15.4,0.0
2049-04-22,27.6,13.0,0.0
2049-04-23,28.4,15.5,0.0
2049-04-24,29.8,15.9,0.0
2049-04-25,31.0,16.0,0.0
2049-04-26,29.5,17.0,0.0
2049-04-27,30.78360655737705,16.7,0.0
2049-04-28,30.8,17.0,0.0
2049-04-29,29.3,16.0,0.0
2049-04-30,27.5,16.6,0.0
2049-05-01,27.6,14.0763032446563,0.0
2049-05-02,28.9,12.3,0.0
2049-05-03,29.848862013409583,13.584968966859796,0.0
2049-05-04,30.7,14.7,0.0
2049-05-05,31.9,15.2,0.0
2049-05-06,29.8,17.5,0.0
2049-05-07,28.6,15.9,0.0
2049-05-08,28.6,14.6,0.0
2049-05-09,28.7,13.0,0.0
2049-05-10,27.8,13.2,0.0
2049-05-11,28.71319942319799,12.9,0.0
2049-05-12,28.9,12.957741507497419,0.0
2049-05-13,28.7,13.1,0.0
2049-05-14,29.2,12.5,0.0
2049-05-15,28.1,15.0,0.0
2049-05-16,27.0,13.8,0.0
2049-05-17,27.5,12.6,0.0
2049-05-18,27.2,13.6,0.0
2049-05-19,26.5,11.9,0.0
2049-05-20,26.2,10.8,0.0
2049-05-21,26.5,10.4,0.0
2049-05-22,26.4,10.8,0.0
2049-05-23,26.7,10.4,0.0
2049-05-24,26.3,13.5,0.0
2049-05-25,24.2,11.9,0.0
2049-05-26,24.8,12.9,0.0
2049-05-27,23.1,10.9,0.0
2049-05-28,24.9,12.7,0.0
2049-05-29,25.159216361679224,11.9,0.0
2049-05-30,25.455918889826318,10.6,0.0
2049-05-31,25.5,9.7,0.0
2049-06-01,25.5,10.4,0.0
2049-06-02,25.6,10.2,0.0
2049-06-03,24.9,10.7,0.0
2049-06-04,23.5,10.7,0.0
2049-06-05,24.3,8.6,0.0
2049-06-06,25.3,4.250282365020964,0.0
2049-06-07,25.6,3.5,0.0
2049-06-08,24.6,9.4,0.0
2049-06-09,23.518482383371083,9.5,0.0
2049-06-10,22.8,10.9,0.0
2049-06-11,24.7,10.6,0.0
2049-06-12,25.0,10.39917299414809,0.0
2049-06-13,25.5,10.2,0.0
2049-06-14,25.7,10.9,0.0
2049-06-15,25.6,11.17904338153504,0.0
2049-06-16,25.93287392495727,10.962641673932,0.0
2049-06-17,27.0,10.6,0.0
2049-06-18,27.9,11.0,0.0
2049-06-19,30.343409343715244,12.2,0.0
2049-06-20,30.4,11.8,0.0
2049-06-21,24.3,8.4,0.0
2049-06-22,22.3,3.2,0.0
2049-06-23,23.5,1.6,0.0
2049-06-24,24.0,5.5,0.0
2049-06-25,25.0,5.3610956618465,0.0
2049-06-26,25.0,7.0,0.0
2049-06-27,24.7,9.4,0.0
2049-06-28,24.6,10.5,0.0
2049-06-29,24.9,11.5,0.0
2049-06-30,25.0,12.2,0.0
2049-07-01,25.7,11.2,0.0
2049-07-02,26.0,11.875173752621059,0.0
2049-07-03,26.4,11.947248468418183,0.0
2049-07-04,26.7,11.5,0.0
2049-07-05,26.2,12.2,0.0
2049-07-06,26.0,11.9,0.0
2049-07-07,26.7,12.17442849063144,0.0
2049-07-08,26.8,12.564824781724669,0.0
2049-07-09,26.2,12.6,0.0
2049-07-10,26.6,11.7,0.0
2049-07-11,28.5,11.9,0.0
2049-07-12,29.2,13.405202726946538,0.0
2049-07-13,26.897018958282978,14.6,0.0
2049-07-14,26.2,13.0,0.0
2049-07-15,26.2,12.140365984930037,0.0
2049-07-16,26.6,12.0,0.0
2049-07-17,26.9,12.0,0.0
2049-07-18,27.3,12.17442849063144,0.0
2049-07-19,27.54401937567275,12.2,0.0
2049-07-20,26.6,12.235530346940465,0.0
2049-07-21,26.2,11.9,0.0
2049-07-22,25.1,11.7,0.0
2049-07-23,24.9,8.9,0.0
2049-07-24,26.0,8.3,0.0
2049-07-25,26.9,10.0,0.0
2049-07-26,27.0,12.8,0.0
2049-07-27,26.4,13.6,0.0
2049-07-28,26.3,13.431496232508072,0.0
2049-07-29,24.085683530678143,13.0,0.0
2049-07-30,25.8,12.6,0.0
2049-07-31,26.2,12.4,0.0
2049-08-01,26.3,14.0,0.0
2049-08-02,27.0,15.0,0.0
2049-08-03,27.2,14.0,0.0
2049-08-04,27.5,13.5,0.0
2049-08-05,27.7,13.4,0.0
2049-08-06,28.0,13.4,0.0
2049-08-07,27.6,14.2,0.0
2049-08-08,27.9,14.0,0.0
2049-08-09,28.2,13.9,0.0
2049-08-10,26.5,12.9,0.0
2049-08-11,26.7,12.0,0.0
2049-08-12,26.7,13.2,0.0
2049-08-13,26.5,13.8,0.0
2049-08-14,27.1,13.7,0.0
2049-08-15,27.9,13.9,0.0
2049-08-16,28.0,14.4,0.0
2049-08-17,26.5,15.0,0.0
2049-08-18,25.4,13.6,0.0
2049-08-19,26.7,12.4,0.0
2049-08-20,27.4,11.8,0.0
2049-08-21,28.1,11.6,0.0
2049-08-22,29.4,12.2,0.0
2049-08-23,30.712760890480762,12.9,0.0
2049-08-24,31.8,12.9,0.0
2049-08-25,32.9,14.8,0.0
2049-08-26,32.9,16.751011605877206,0.0
2049-08-27,34.55480910774796,16.1,0.0
2049-08-28,36.946811970660576,14.6,0.0
2049-08-29,33.295511011549756,18.0,0.0
2049-08-30,33.41887904883058,18.2,0.0
2049-08-31,38.392822265625,18.2,0.0
2049-09-01,33.80945718956932,20.0,0.0
2049-09-02,23.470094480266226,16.3,0.0
2049-09-03,19.10307023907401,11.7,0.0
2049-09-04,19.8,10.6,0.0
2049-09-05,26.53397273566374,11.974429827975403,0.0
2049-09-06,27.6,15.4,0.0
2049-09-07,27.9,14.2,0.0
2049-09-08,29.1,16.2,0.0
2049-09-09,30.0,16.5,0.0
2049-09-10,31.3,15.9,0.0
2049-09-11,31.8,16.3,0.0
2049-09-12,31.9,17.2,0.0
2049-09-13,32.9,15.7,0.0
2049-09-14,34.9,15.5,0.0
2049-09-15,35.497475493604014,17.6,0.0
2049-09-16,34.7,20.2,0.0
2049-09-17,34.0,19.5,0.0
2049-09-18,33.2,18.947678018575854,0.0
2049-09-19,33.65703868495859,18.5,0.0
2049-09-20,34.0,18.5,0.0
2049-09-21,33.2,19.477532066110825,0.0
2049-09-22,33.9,19.3,0.0
2049-09-23,35.1,19.4,0.0
2049-09-24,37.812608277932746,19.6,0.0
2049-09-25,38.85361581437726,20.438382788559142,0.0
2049-09-26,39.443603515625,20.5,0.0
2049-09-27,38.8526559180781,20.6,0.0
2049-09-28,33.9,21.301397643472168,0.0
2049-09-29,32.3,19.670304306372163,0.0
2049-09-30,32.9,18.0,0.0
2049-10-01,33.5,16.9,0.0
2049-10-02,34.4,19.4,0.0
2049-10-03,36.0,20.0,0.0
2049-10-04,34.97679574084309,21.7,0.0
2049-10-05,32.8,19.7,0.0
2049-10-06,33.7,18.0,0.0
2049-10-07,35.4,18.8,0.0
2049-10-08,36.9,20.102994422154794,0.0
2049-10-09,36.6,22.0,0.0
2049-10-10,33.5,21.3,0.0
2049-10-11,32.7,20.0,0.0
2049-10-12,32.2,20.9,0.0
2049-10-13,32.1,18.5,0.0
2049-10-14,33.2,18.1,0.0
2049-10-15,34.97021575326437,18.0,0.0
2049-10-16,35.8,19.6,0.0
2049-10-17,36.0,20.4,0.0
2049-10-18,36.6,20.9,0.0
2049-10-19,36.5,21.6,0.0
2049-10-20,36.0,21.9,0.0
2049-10-21,36.2,21.4,0.0
2049-10-22,37.0,20.9,0.0
2049-10-23,34.9,22.1,0.0
2049-10-24,33.3,20.7,0.0
2049-10-25,33.5,20.4,0.0
2049-10-26,34.4,20.0,0.0
2049-10-27,34.4,20.9,0.0
2049-10-28,34.0,21.5,0.0
2049-10-29,33.9,20.7,0.0
2049-10-30,34.4,20.7,0.0
2049-10-31,34.6,19.18223896663078,11.289041095890408
2049-11-01,33.4,19.3,0.0
2049-11-02,34.0,19.7,0.0
2049-11-03,35.13100705502308,19.7,0.0
2049-11-04,37.18599548915615,19.8,0.0
2049-11-05,37.597041565041685,21.3,0.0
2049-11-06,37.79783335767761,23.433936778346446,0.0
2049-11-07,35.1,23.203307241241987,0.0
2049-11-08,34.2,22.9,0.0
2049-11-09,33.4,22.45034889114187,0.0
2049-11-10,34.5,22.1,0.0
2049-11-11,34.8,23.209384947609827,0.0
2049-11-12,34.8,23.214022439198562,0.0
2049-11-13,35.4,22.442083865221306,0.0
2049-11-14,33.7,20.9,0.0
2049-11-15,33.5,19.5,1.0
2049-11-16,29.7,18.992862140729848,10.423978919631091
2049-11-17,32.3,18.8,0.0
2049-11-18,34.9,19.1,0.0
2049-11-19,36.2,18.7,0.0
2049-11-20,37.41353587319243,19.99256775821374,0.0
2049-11-21,36.2,21.0,0.0
2049-11-22,31.1,20.3,8.827272727272728
2049-11-23,32.0,19.5,1.7513833992094858
2049-11-24,31.7,19.7,0.0
2049-11-25,32.6,19.3,0.0
2049-11-26,32.8,19.2,0.0
2049-11-27,33.8464746076406,19.5,0.0
2049-11-28,34.211263797381704,19.2,0.0
2049-11-29,33.6,19.6,0.0
2049-11-30,31.8,19.498805310373715,0.0
2049-12-01,31.4,19.0,0.0
2049-12-02,31.943887157540193,18.755964380076325,0.0
2049-12-03,31.0,19.9,6.4
2049-12-04,29.8,19.5,0.0
2049-12-05,28.0,19.4,6.6
2049-12-06,27.1,19.5,5.2
2049-12-07,31.355489036672207,19.5,0.0
2049-12-08,24.6,19.2,21.1
2049-12-09,28.3,19.6,1.0
2049-12-10,29.8,19.0,0.0
2049-12-11,28.4,19.0,1.7
2049-12-12,28.9,18.5,0.0
2049-12-13,30.4,18.0,0.0
2049-12-14,30.4,19.4,0.4
2049-12-15,29.0,19.2,1.7
2049-12-16,28.6,19.2,15.133333333333336
2049-12-17,30.4,19.4,0.0
2049-12-18,27.2,19.5,2.4
2049-12-19,25.441552097668648,18.6,15.4
2049-12-20,25.2,16.5,0.0
2049-12-21,18.83251953125,15.7,2.9
2049-12-22,22.50030276624464,16.0,0.0
2049-12-23,26.5,14.29314861284004,0.0
2049-12-24,28.777210228080488,17.0,0.0
2049-12-25,29.2,18.1,2.95
2049-12-26,30.0,17.5,0.0
2049-12-27,27.6,18.7,30.3
2049-12-28,27.3,19.260879214341717,20.371428571428574
2049-12-29,28.3,18.9,0.0
2049-12-30,28.4,18.5,1.7
2049-12-31,30.5,17.4,0.0
2050-01-01,29.9,19.4,3.0
2050-01-02,29.7,18.4,43.911451627527406
2050-01-03,27.9,18.8,44.02874240638315
2050-01-04,23.7,18.7,70.6
2050-01-05,22.88269693707799,18.5,60.12688971499381
2050-01-06,23.057454563590195,17.912901168121824,1.1
2050-01-07,25.259967593904015,17.0,0.0
2050-01-08,23.6,15.9,0.0
2050-01-09,20.183969420706926,15.9,0.0
2050-01-10,22.541047861178708,15.9,0.0
2050-01-11,23.1,16.9,0.0
2050-01-12,27.4,18.0,0.0
2050-01-13,29.1,18.7,8.353903345724905
2050-01-14,30.1,19.4,46.34349442379167
2050-01-15,23.2,18.7,48.00515489467161
2050-01-16,23.9,18.7,0.5027881040892194
2050-01-17,26.6,17.5,0.0
2050-01-18,28.8,17.0,0.0
2050-01-19,28.2,17.0,0.0
2050-01-20,30.0,18.4,13.532156133828993
2050-01-21,29.0,17.8,2.7
2050-01-22,28.6,18.4,1.2
2050-01-23,28.41836704351498,18.4,30.164823420074345
2050-01-24,24.868586999822007,18.9,48.00515489467161
2050-01-25,26.1,18.6,21.358364312267653
2050-01-26,27.72397412552941,18.5,31.17695167286245
2050-01-27,28.7,17.2,3.4
2050-01-28,23.1,15.2,1.2
2050-01-29,19.791455078125,16.5,69.46998830900996
2050-01-30,22.119300772330497,16.4,44.540148698884686
2050-01-31,23.184063072760598,17.0,3.4
2050-02-01,26.0,16.6,8.4
2050-02-02,29.8,17.1,0.0
2050-02-03,28.969855306496463,16.1,0.574826789838337
2050-02-04,26.0,18.0,0.0
2050-02-05,26.284354911194043,18.8,0.0
2050-02-06,21.965503150008512,16.9,15.0
2050-02-07,26.6,16.4,0.0
2050-02-08,29.8,16.0,0.0
2050-02-09,26.9,19.0,15.6
2050-02-10,26.7,19.0,42.053508616095215
2050-02-11,26.0,17.9,0.0
2050-02-12,26.2,17.2,0.0
2050-02-13,27.9,15.9,0.0
2050-02-14,29.4,15.3,0.0
2050-02-15,29.1,15.5,0.0
2050-02-16,28.5,17.3,0.0
2050-02-17,29.38300147234102,17.4,0.0
2050-02-18,30.1,17.3,9.416281755196305
2050-02-19,30.5,17.8,9.492147806004619
2050-02-20,27.4,18.6,0.0
2050-02-21,28.7,18.0,0.0
2050-02-22,28.0,18.4,0.0
2050-02-23,30.9,17.7,9.9
2050-02-24,29.2,19.0,3.0
2050-02-25,29.1,19.2,26.800725833058397
2050-02-26,28.4,19.795889061147747,3.8
2050-02-27,28.3,19.2,7.969053117782909
2050-02-28,28.9,19.0,0.0
2050-03-01,30.8,18.9,2.4
2050-03-02,30.9,18.0,0.0
2050-03-03,31.2,16.977210518222357,0.0
2050-03-04,30.7,16.4,0.0
2050-03-05,31.42540540540541,17.1,0.0
2050-03-06,32.4,18.9,0.0
2050-03-07,31.3,16.9,0.0
2050-03-08,31.5,16.3,0.0
2050-03-09,32.0,16.3,0.0
2050-03-10,32.904282115869016,17.9,0.0
2050-03-11,31.8,17.0,0.0
2050-03-12,31.1,17.5,0.0
2050-03-13,33.2,17.9,0.0
2050-03-14,33.61008154188288,18.1,3.4
2050-03-15,29.6,19.1,1.7
2050-03-16,29.1,19.1,6.0
2050-03-17,29.7,19.2,2.3
2050-03-18,28.9,19.1,0.0
2050-03-19,27.153061224489797,19.80315751704341,0.0
2050-03-20,26.6,18.8,0.0
2050-03-21,28.9,18.9,0.0
2050-03-22,30.1,18.529404440860585,1.5
2050-03-23,30.1,18.2,0.6
2050-03-24,30.2,18.347506279153205,0.0
2050-03-25,30.6,19.2,0.3
2050-03-26,32.7,18.8,0.3
2050-03-27,33.0,19.0,0.0
2050-03-28,33.0,18.8,0.0
2050-03-29,31.3,18.4,0.0
2050-03-30,27.8,19.0,0.0
2050-03-31,30.2,19.0,0.0
2050-04-01,29.2,17.9,0.0
2050-04-02,25.7,17.8,0.0
2050-04-03,25.7,17.8,0.0
2050-04-04,25.5,17.0,0.0
2050-04-05,26.2,16.6,0.0
2050-04-06,28.0,15.7,0.0
2050-04-07,26.4,17.8,0.0
2050-04-08,27.9,17.8,0.0
2050-04-09,27.6,16.4,0.0
2050-04-10,27.9,18.0,0.0
2050-04-11,27.6,18.094356261022927,0.0
2050-04-12,29.4,16.5,0.0
2050-04-13,30.0,16.2,0.0
2050-04-14,30.7,17.8,0.0
2050-04-15,29.0,18.737455830388697,0.0
2050-04-16,28.6,18.5,0.0
2050-04-17,28.5,15.5,0.0
2050-04-18,25.0,15.3,1.7
2050-04-19,25.8,13.9,0.0
2050-04-20,27.0,18.0,0.0
2050-04-21,27.6,16.4,0.0
2050-04-22,28.5,14.4,0.0
2050-04-23,25.261290322580646,14.4,0.0
2050-04-24,27.0,11.84169096209913,0.0
2050-04-25,27.6,11.3,0.0
2050-04-26,28.3,10.924444444444445,0.0
2050-04-27,28.0,13.7,0.0
2050-04-28,28.7,13.643749999999997,0.0
2050-04-29,29.5,13.6,0.0
2050-04-30,29.4,12.3,0.0
2050-05-01,28.0,16.9,0.0
2050-05-02,27.6,15.7,0.0
2050-05-03,29.0,13.4,0.0
2050-05-04,29.0,12.291113503169466,0.0
2050-05-05,26.9,12.9,0.0
2050-05-06,27.2,10.9,0.0
2050-05-07,28.2,9.4,0.0
2050-05-08,29.2,9.6,0.0
2050-05-09,27.5,10.9,0.0
2050-05-10,23.8,12.5,0.0
2050-05-11,25.516146393972008,13.6,0.0
2050-05-12,27.0,11.5,0.0
2050-05-13,28.2,12.5,0.0
2050-05-14,28.5,13.0,0.0
2050-05-15,27.6,12.4,0.0
2050-05-16,27.0,11.9,0.0
2050-05-17,26.9,11.5,0.0
2050-05-18,27.1,11.0,0.0
2050-05-19,27.5,9.2,0.0
2050-05-20,28.7,8.5,0.0
2050-05-21,29.2,9.3,0.0
2050-05-22,29.3,10.9,0.0
2050-05-23,30.1,11.1,0.0
2050-05-24,29.3,11.9,0.0
2050-05-25,28.1,11.990037848536408,0.0
2050-05-26,28.5,11.6,0.0
2050-05-27,27.6,13.2,0.0
2050-05-28,27.2,12.4,0.0
2050-05-29,27.52570505920344,11.9,0.0
2050-05-30,27.6,11.9,0.0
2050-05-31,27.5,10.9,0.0
2050-06-01,27.0,11.5,0.0
2050-06-02,27.9,12.3,0.0
2050-06-03,30.0,14.0,0.0
2050-06-04,30.474101867909592,15.108508392197994,0.0
2050-06-05,31.062747171613413,15.4,0.0
2050-06-06,30.47302606482387,15.88544827014307,0.0
2050-06-07,28.0,15.367764676017902,0.0
2050-06-08,27.5,14.0,0.0
2050-06-09,27.6,12.117864293659627,0.0
2050-06-10,27.9,13.09908645539962,0.0
2050-06-11,28.6,13.7,0.0
2050-06-12,27.8,14.525526456411267,0.0
2050-06-13,27.4,14.2,0.0
2050-06-14,26.9,13.7,0.0
2050-06-15,26.0,12.2,0.0
2050-06-16,24.971483347510304,11.5,0.0
2050-06-17,25.3,10.2,0.0
2050-06-18,25.5,10.2,0.0
2050-06-19,25.4,10.6,0.0
2050-06-20,25.7,10.2,0.0
2050-06-21,26.3,10.0,0.0
2050-06-22,26.7,10.6,0.0
2050-06-23,26.5,11.8,0.0
2050-06-24,26.0,11.8,0.0
2050-06-25,26.782647733592896,11.3,0.0
2050-06-26,27.8,11.6,0.0
2050-06-27,28.257048384750053,12.9,0.0
2050-06-28,29.2,13.0,0.0
2050-06-29,30.0,13.4,0.0
2050-06-30,29.6,14.5,0.0
2050-07-01,29.626194875532903,14.2,0.0
2050-07-02,30.06396829781759,14.3,0.0
2050-07-03,30.173096167516288,14.2,0.0
2050-07-04,30.67075147697432,14.279658841837298,0.0
2050-07-05,31.201853021478605,15.0,0.0
2050-07-06,31.10929002667664,14.4,0.0
2050-07-07,31.165017001832048,14.2,0.0
2050-07-08,30.659182832146197,14.6,0.0
2050-07-09,29.201019241119464,15.2,0.0
2050-07-10,30.12435526128723,15.0,0.0
2050-07-11,29.5,13.352723358449943,0.0
2050-07-12,29.194221662215547,12.9,0.0
2050-07-13,28.283387154646558,14.207842919723785,0.0
2050-07-14,27.1,14.210098917277083,0.0
2050-07-15,26.0,13.1,0.0
2050-07-16,26.0,11.4,0.0
2050-07-17,26.8,11.2,0.0
2050-07-18,28.0,12.4,0.0
2050-07-19,29.2,13.6,0.0
2050-07-20,29.2,14.3,0.0
2050-07-21,28.0,14.4,0.0
2050-07-22,29.1,14.2,0.0
2050-07-23,30.0,14.265746856925256,0.0
2050-07-24,28.5,13.6,0.0
2050-07-25,26.8,15.0,0.0
2050-07-26,25.4,13.4,0.0
2050-07-27,24.3,11.1,0.0
2050-07-28,25.0,9.57797362755651,0.0
2050-07-29,25.0,11.0,0.0
2050-07-30,24.7464585575888,10.2,0.0
2050-07-31,25.7,10.6,0.0
2050-08-01,26.4,11.0,0.0
2050-08-02,28.7,10.5,0.0
2050-08-03,30.5,12.1,0.0
2050-08-04,31.9,14.2,0.0
2050-08-05,32.732126804657376,16.2,0.0
2050-08-06,34.037007366792125,16.74512969638846,0.0
2050-08-07,31.1,18.648986771583846,0.0
2050-08-08,30.5,17.5,0.0
2050-08-09,31.0,16.7,0.0
2050-08-10,31.0,16.7,0.0
2050-08-11,30.881044133476856,17.497012287099793,0.0
2050-08-12,31.5,17.267447244958063,0.0
2050-08-13,31.752366401611155,17.0,0.0
2050-08-14,31.2,18.0,0.0
2050-08-15,31.55108719052745,18.102998128621845,0.0
2050-08-16,31.9,17.810951151379857,0.0
2050-08-17,29.5,18.434015185588148,0.0
2050-08-18,28.865995815241703,16.0,0.0
2050-08-19,30.0,16.7,0.0
2050-08-20,30.1,16.02976660838616,0.0
2050-08-21,30.0,15.7,0.0
2050-08-22,30.796883745963395,15.576746567250385,0.0
2050-08-23,30.8,16.7,0.0
2050-08-24,31.0,15.2,0.0
2050-08-25,31.653483762211337,14.1,0.0
2050-08-26,32.544612486544665,15.5,0.0
2050-08-27,32.1,16.9,0.0
2050-08-28,31.5,17.533596801476232,0.0
2050-08-29,31.0,16.80983070076461,0.0
2050-08-30,30.8,15.645788320126572,0.0
2050-08-31,30.8,14.2,0.0
2050-09-01,32.5,14.0,0.0
2050-09-02,33.1,16.3,0.0
2050-09-03,32.0,18.4,0.0
2050-09-04,31.0,17.24719688542825,0.0
2050-09-05,30.4,16.5,0.0
2050-09-06,29.6,15.7,0.0
2050-09-07,29.4,14.9,0.0
2050-09-08,30.5,12.863719314089364,0.0
2050-09-09,31.6,12.6,0.0
2050-09-10,28.9,16.4,0.0
2050-09-11,29.5,14.3,0.0
2050-09-12,31.8,15.3,0.0
2050-09-13,33.1,16.7,0.0
2050-09-14,32.7,17.8,0.0
2050-09-15,32.0,17.8,0.0
2050-09-16,32.0,17.5,0.0
2050-09-17,32.5,17.2,0.0
2050-09-18,33.0,18.0,0.0
2050-09-19,33.7,18.388724067923174,0.0
2050-09-20,34.6,18.5,0.0
2050-09-21,34.4,18.737780955912218,0.0
2050-09-22,35.6,18.9,0.0
2050-09-23,38.53061070970824,19.91050356251692,0.0
2050-09-24,35.3,21.17167599416019,0.0
2050-09-25,33.2,20.5,0.0
2050-09-26,33.0,18.988553253615134,0.0
2050-09-27,33.9,18.2,0.0
2050-09-28,33.7,18.0,0.0
2050-09-29,33.7,17.5,0.0
2050-09-30,33.9,18.0,0.0
2050-10-01,31.5,19.4,0.0
2050-10-02,30.2,18.0,0.0
2050-10-03,31.7,16.30333692142088,0.0
2050-10-04,33.8,15.9,0.0
2050-10-05,35.8,17.2,0.0
2050-10-06,37.2,18.5,0.0
2050-10-07,36.9,20.3,0.0
2050-10-08,36.43129324926956,20.7,0.0
2050-10-09,36.260488610246405,20.493230474823573,0.0
2050-10-10,37.19590376167339,20.5,0.0
2050-10-11,37.0,21.0,0.0
2050-10-12,35.4,21.7,0.0
2050-10-13,34.8,20.0,0.0
2050-10-14,33.9,20.0,0.0
2050-10-15,33.6,18.7,0.0
2050-10-16,34.5,18.6,0.0
2050-10-17,33.1,20.0,0.0
2050-10-18,32.9,19.1,0.0
2050-10-19,33.4,19.9,0.0
2050-10-20,35.2,20.2,0.0
2050-10-21,34.9,20.2,0.0
2050-10-22,34.9,20.5,0.0
2050-10-23,33.3,19.0,9.527397260273974
2050-10-24,30.8,17.7,9.527397260273974
2050-10-25,32.03906448771895,17.8,5.663013698630138
2050-10-26,30.2,18.2,10.763013698630136
2050-10-27,32.1,19.0,10.319178082191787
2050-10-28,32.9,18.0,0.9821917808219178
2050-10-29,35.5,17.7,0.0
2050-10-30,34.9,21.0,0.0
2050-10-31,34.9,20.4,0.0
2050-11-01,34.5,19.8,0.0
2050-11-02,32.9,20.0,0.0
2050-11-03,30.6531880286272,18.5,0.0
2050-11-04,32.1,18.3,0.0
2050-11-05,33.7,19.3,0.0
2050-11-06,34.4,19.7,0.0
2050-11-07,34.2,19.6,1.4
2050-11-08,32.21995379481475,19.1,0.0
2050-11-09,32.20740566441344,19.7,0.0
2050-11-10,33.4,19.999396483898103,0.0
2050-11-11,35.2,22.1,0.0
2050-11-12,36.3,20.1,0.0
2050-11-13,36.94226415727133,20.3,0.0
2050-11-14,36.65705353025762,20.4,0.0
2050-11-15,36.0,21.5,0.0
2050-11-16,36.0,20.23596750012091,0.0
2050-11-17,37.20886771086993,20.2,0.0
2050-11-18,38.89496963459409,22.3,0.0
2050-11-19,36.0,23.3,0.0
2050-11-20,35.0,23.2,0.0
2050-11-21,35.2,21.5,0.0
2050-11-22,33.7,19.5,1.3
2050-11-23,32.4,19.124748086108752,2.4152173913043478
2050-11-24,32.4,19.0,7.12094861660079
2050-11-25,31.9,19.6,6.919367588932807
2050-11-26,31.5,19.6,0.0
2050-11-27,32.6,19.9,0.0
2050-11-28,32.7,19.4,0.0
2050-11-29,34.277231111491396,19.9,0.0
2050-11-30,30.505235906169094,19.6,0.7
2050-12-01,30.1,19.6,0.0
2050-12-02,26.8,19.2,0.0
2050-12-03,29.4,19.5,1.4
2050-12-04,26.9,18.9,2.7
2050-12-05,29.470600692656898,18.4,0.5
2050-12-06,32.1,17.5,0.0
2050-12-07,33.1,19.9,0.0
2050-12-08,33.7,19.4,0.0
2050-12-09,32.43865170938268,19.15634077125583,2.6
2050-12-10,27.5,19.0,0.0
2050-12-11,29.0,19.2,6.4
2050-12-12,30.6,19.088827607002713,0.0
2050-12-13,28.0,19.0,26.80000000000001
2050-12-14,23.9,18.7,0.0
2050-12-15,27.1,18.2,0.0
2050-12-16,29.2,16.3,0.0
2050-12-17,29.4,17.7,0.8
2050-12-18,29.4,18.5,0.0
2050-12-19,29.8,17.4,0.0
2050-12-20,30.5,17.1,0.0
2050-12-21,27.7,17.8,0.8
2050-12-22,27.8,19.0,0.0
2050-12-23,29.0,19.6,0.0
2050-12-24,27.772564310977348,19.0,4.333333333333334
2050-12-25,29.9,19.0,21.8
2050-12-26,29.6,19.2,12.8
2050-12-27,24.9,19.0,15.4
2050-12-28,25.0,18.9,58.05384615384614
2050-12-29,26.740209746360527,18.8,15.2
2050-12-30,27.8,18.7,12.6
2050-12-31,28.7,18.4,30.35
2051-01-01,26.1,18.8,6.899628252788104
2051-01-02,28.454682454251884,18.9,49.46933085501853
2051-01-03,26.1,18.6,59.91960966542751
2051-01-04,28.3,19.6,5.5
2051-01-05,29.2,19.8,30.832936802973965
2051-01-06,30.1,19.7,1.0
2051-01-07,29.9,18.7,1.2
2051-01-08,31.460140501954562,18.1,0.0
2051-01-09,32.64647324935267,19.854754904905363,1.3
2051-01-10,29.9,19.7,19.4767657992565
2051-01-11,27.72239318732836,19.2,32.659177509293656
2051-01-12,24.9,18.9,15.467546468401494
2051-01-13,28.4,19.3,23.0
2051-01-14,29.1,18.3,10.58686493184634
2051-01-15,28.3,19.461751180151975,6.0
2051-01-16,28.0,18.8,0.6
2051-01-17,28.4,18.4,0.8
2051-01-18,30.4,17.7,0.0
2051-01-19,26.8,19.3,52.1
2051-01-20,26.1,19.304917430229196,1.0
2051-01-21,26.3,19.4,31.243742255266415
2051-01-22,28.6,18.5,1.0
2051-01-23,29.8,18.85337183254297,46.68092472118954
2051-01-24,26.0,18.6,0.0
2051-01-25,26.4,18.9,0.0
2051-01-26,29.2,18.8,0.0
2051-01-27,28.1,18.6,0.0
2051-01-28,28.2,19.384274719558967,5.2
2051-01-29,29.8,18.5,47.46988847583644
2051-01-30,27.5,19.7,23.028872366790573
2051-01-31,27.5,18.8,2.4
2051-02-01,28.6,17.9,16.367205542725173
2051-02-02,28.8,19.0,2.8547344110854516
2051-02-03,27.2,18.6,5.6
2051-02-04,25.7,18.9,0.0
2051-02-05,29.8,19.0,0.0
2051-02-06,29.4,18.9,32.52147806004619
2051-02-07,29.9,18.9,3.9859122401847564
2051-02-08,29.1,19.0,0.0
2051-02-09,29.2,18.9,10.5
2051-02-10,29.0,19.2,3.6
2051-02-11,28.3,19.0,2.0
2051-02-12,28.2,18.9,0.0
2051-02-13,30.75165582897059,19.5,3.0
2051-02-14,30.0,18.5,0.0
2051-02-15,28.5,16.6,0.0
2051-02-16,27.7,19.5,14.381293302540415
2051-02-17,29.0,19.2,9.4
2051-02-18,27.7,19.732943807708477,0.0
2051-02-19,29.0,18.5,0.0
2051-02-20,30.6,18.7,0.0
2051-02-21,29.0,20.072978714037244,0.0
2051-02-22,29.5,19.610919102030337,2.0
2051-02-23,28.0,19.2,2.1
2051-02-24,32.0,19.0,0.0
2051-02-25,31.28310969279864,19.0,0.0
2051-02-26,29.0,19.596889971395832,14.952193995381062
2051-02-27,26.2,19.5,22.51108545034642
2051-02-28,28.5,19.7,49.911421373084195
2051-03-01,29.2,19.9,18.4
2051-03-02,32.0,19.9,4.725
2051-03-03,30.2,19.940856991270213,36.02777777777778
2051-03-04,30.475,19.886609257265867,0.0
2051-03-05,30.7,19.1,2.3076923076923075
2051-03-06,32.903778337531485,22.1391357421875,19.25
2051-03-07,29.0,19.1,26.299999999999997
2051-03-08,31.91986754966888,18.9,11.300000000000002
2051-03-09,32.0,19.3,16.1625
2051-03-10,28.9,19.121247265530048,20.9
2051-03-11,30.3,20.05962135123154,8.14
2051-03-12,29.178688524590164,19.857682095443128,0.0
2051-03-13,29.988888888888884,18.9,0.0
2051-03-14,30.7,18.9,0.0
2051-03-15,30.2,19.0,0.0
2051-03-16,31.946357615894037,19.2,1.6
2051-03-17,30.6,19.1,0.0
2051-03-18,30.2,19.3,0.0
2051-03-19,31.1,17.543419121244735,0.0
2051-03-20,31.1,17.4,0.0
2051-03-21,29.9,18.2,0.0
2051-03-22,26.5,17.3,0.0
2051-03-23,26.8,19.0,0.0
2051-03-24,28.8,19.0,0.0
2051-03-25,30.7,17.0,0.0
2051-03-26,31.664285714285715,16.5,0.0
2051-03-27,32.1,17.2,0.0
2051-03-28,33.035885167464116,17.0,0.0
2051-03-29,31.878571428571426,16.2,0.0
2051-03-30,30.6,19.813771080014348,0.0
2051-03-31,31.0,22.11630859375,0.0
2051-04-01,31.5,17.9,0.0
2051-04-02,32.0,17.8,0.0
2051-04-03,31.1,16.9,26.463360616273473
2051-04-04,28.6,18.859341772151904,35.201492537313435
2051-04-05,29.8,19.08373493975904,62.47399004975131
2051-04-06,31.161728395061733,18.6,2.0
2051-04-07,30.0,19.0,0.0
2051-04-08,29.345833333333335,19.003313253012045,0.0
2051-04-09,29.7,18.4,0.0
2051-04-10,29.0,18.729858657243813,0.0
2051-04-11,27.6,18.66835443037975,47.72915422885572
2051-04-12,28.7,18.710777385159005,4.053731343283582
2051-04-13,28.4,18.6,27.319402985074625
2051-04-14,28.9,18.127536231884054,0.0
2051-04-15,30.6,17.6,0.0
2051-04-16,29.7,16.8,0.0
2051-04-17,29.0,16.4,0.0
2051-04-18,25.7,17.994871794871795,0.0
2051-04-19,27.0,18.0,0.0
2051-04-20,28.5,16.6,0.0
2051-04-21,29.5,15.9,0.0
2051-04-22,25.161290322580644,15.9,0.0
2051-04-23,25.0,15.0,0.0
2051-04-24,27.6,16.4,0.0
2051-04-25,28.6,16.0,0.0
2051-04-26,27.7,17.0,0.0
2051-04-27,28.0,15.5,0.0
2051-04-28,27.5,12.5,0.0
2051-04-29,26.8,15.7,0.0
2051-04-30,27.0,18.589379084967323,0.0
2051-05-01,26.7,13.9,0.0
2051-05-02,26.5,11.7,0.0
2051-05-03,26.2,11.2,0.0
2051-05-04,26.8,12.0,0.0
2051-05-05,27.8,12.0,0.0
2051-05-06,28.1,12.4,0.0
2051-05-07,28.1,12.4,0.0
2051-05-08,28.744174096715877,12.9,0.0
2051-05-09,29.2,12.75859757035214,0.0
2051-05-10,30.0,13.8,0.0
2051-05-11,30.0,14.9,0.0
2051-05-12,30.1,15.2,0.0
2051-05-13,30.5,15.5,0.0
2051-05-14,31.0,15.0,0.0
2051-05-15,31.0,16.5,0.0
2051-05-16,31.4836114101184,16.813307089035813,0.0
2051-05-17,30.7,17.0,0.0
2051-05-18,29.2,15.0,0.0
2051-05-19,28.6,14.4,0.0
2051-05-20,27.9,12.6,0.0
2051-05-21,28.7,10.5,0.0
2051-05-22,29.0,9.6,0.0
2051-05-23,26.8,13.5,0.0
2051-05-24,26.8,12.0,0.0
2051-05-25,28.5,11.4,0.0
2051-05-26,27.8,12.9,0.0
2051-05-27,28.9,12.5,0.0
2051-05-28,28.9,14.0,0.0
2051-05-29,28.4,14.6,0.0
2051-05-30,26.2,13.5,0.0
2051-05-31,25.4,11.8,0.0
2051-06-01,25.2,11.3,0.0
2051-06-02,25.4,9.7,0.0
2051-06-03,25.5,8.5,0.0
2051-06-04,25.7,9.7,0.0
2051-06-05,25.4,11.8,0.0
2051-06-06,24.5,11.7,0.0
2051-06-07,24.2,9.0,0.0
2051-06-08,25.3,7.0,0.0
2051-06-09,25.6,10.1,0.0
2051-06-10,25.4,11.9,0.0
2051-06-11,25.7,12.7,0.0
2051-06-12,26.5,13.026329491397066,0.0
2051-06-13,27.5,13.631338060808314,0.0
2051-06-14,27.8,13.8,0.0
2051-06-15,28.262561308157682,13.7,0.0
2051-06-16,30.0,13.6,0.0
2051-06-17,30.0,13.8,0.0
2051-06-18,27.9,15.890306281472446,0.0
2051-06-19,28.0,14.7,0.0
2051-06-20,28.6,14.5,0.0
2051-06-21,27.9,14.2,0.0
2051-06-22,28.3,14.27979816324008,0.0
2051-06-23,29.448634103251987,14.060832219889301,0.0
2051-06-24,29.852965168269762,14.0,0.0
2051-06-25,28.44411307859584,15.1,0.0
2051-06-26,27.1,14.7,0.0
2051-06-27,26.9,13.7700176756518,0.0
2051-06-28,27.2,13.0,0.0
2051-06-29,27.5,13.032073462239373,0.0
2051-06-30,26.2,12.9,0.0
2051-07-01,26.0,12.170615387422234,0.0
2051-07-02,25.6,12.563772276043535,0.0
2051-07-03,26.0,12.526257544054854,0.0
2051-07-04,25.3,11.6,0.0
2051-07-05,26.2,11.0,0.0
2051-07-06,26.2,11.9,0.0
2051-07-07,26.1,12.767699238528083,0.0
2051-07-08,25.4,12.5,0.0
2051-07-09,25.0,11.4,0.0
2051-07-10,24.9,11.2,0.0
2051-07-11,25.0,11.2,0.0
2051-07-12,24.6,10.8312105035771,0.0
2051-07-13,23.6,10.0,0.0
2051-07-14,23.9,9.6,0.0
2051-07-15,24.7,10.4,0.0
2051-07-16,25.2,11.0,0.0
2051-07-17,25.7,11.2,0.0
2051-07-18,26.0,11.2,0.0
2051-07-19,26.6,11.9,0.0
2051-07-20,26.12841827921996,12.1,0.0
2051-07-21,25.0,12.0,0.0
2051-07-22,24.6,11.5,0.0
2051-07-23,25.2,11.0,0.0
2051-07-24,26.2,10.0,0.0
2051-07-25,26.0,11.7,0.0
2051-07-26,26.7,11.123278407993148,0.0
2051-07-27,27.4,10.0,0.0
2051-07-28,25.6,12.4,0.0
2051-07-29,23.0,7.9,0.0
2051-07-30,24.4,4.5,0.0
2051-07-31,25.6,5.4,0.0
2051-08-01,26.8,6.1,0.0
2051-08-02,28.2,6.7,0.0
2051-08-03,28.7,9.1,0.0
2051-08-04,26.4,13.4,0.0
2051-08-05,20.695487219718668,12.754836645041161,0.0
2051-08-06,23.2,10.7,0.0
2051-08-07,23.2,8.2,0.0
2051-08-08,24.6,8.9,0.0
2051-08-09,25.6,10.9,0.0
2051-08-10,26.0,11.6,0.0
2051-08-11,27.0,11.5,0.0
2051-08-12,27.6,12.0,0.0
2051-08-13,27.0,12.8,0.0
2051-08-14,27.6,11.9,0.0
2051-08-15,27.9,12.2,0.0
2051-08-16,28.2,13.2,0.0
2051-08-17,28.4,13.1,0.0
2051-08-18,29.0,13.5,0.0
2051-08-19,29.6,14.7,0.0
2051-08-20,30.5,15.2,0.0
2051-08-21,31.0,15.7,0.0
2051-08-22,31.4,16.753009235514888,0.0
2051-08-23,31.8,16.7,0.0
2051-08-24,31.6,16.739247786899725,0.0
2051-08-25,30.5,16.682060649552575,0.0
2051-08-26,31.2,16.2,0.0
2051-08-27,34.37238663885895,17.106630917868017,0.0
2051-08-28,38.32275390625,18.443048147818413,0.0
2051-08-29,38.08740234375,24.9326194215531,0.0
2051-08-30,37.509033203125,21.843547383343097,0.0
2051-08-31,38.0107421875,19.0,0.0
2051-09-01,34.0,19.6,0.0
2051-09-02,32.0,18.6,0.0
2051-09-03,31.6,17.3,0.0
2051-09-04,31.2,17.5,0.0
2051-09-05,31.8,16.811409281918184,0.0
2051-09-06,32.1,17.4,0.0
2051-09-07,31.0,18.3,0.0
2051-09-08,29.0,17.0,0.0
2051-09-09,28.6,15.0,0.0
2051-09-10,29.5,13.8,0.0
2051-09-11,30.4,13.2,0.0
2051-09-12,31.4,15.0,0.0
2051-09-13,32.9,16.3,0.0
2051-09-14,32.9,18.279328221833783,0.0
2051-09-15,32.1,17.0837421696622,0.0
2051-09-16,31.8,17.3,0.0
2051-09-17,32.0,16.7,0.0
2051-09-18,32.4,17.4,0.0
2051-09-19,31.5,18.33309108886417,0.0
2051-09-20,31.825586163275105,17.0,0.0
2051-09-21,33.1,17.2,0.0
2051-09-22,32.5,19.2,0.0
2051-09-23,32.5,18.500975927130767,0.0
2051-09-24,33.1,18.2,0.0
2051-09-25,33.2,18.4,0.0
2051-09-26,33.33795575330614,18.7,0.0
2051-09-27,33.7,19.3,0.0
2051-09-28,33.0,19.602902254709825,0.0
2051-09-29,32.3,18.6,0.0
2051-09-30,31.9,17.6,0.0
2051-10-01,30.2,15.9,0.0
2051-10-02,29.0,16.7,0.0
2051-10-03,29.6,16.6,0.0
2051-10-04,30.1,16.6,0.0
2051-10-05,31.6,16.6,0.0
2051-10-06,32.5,17.3,0.0
2051-10-07,33.2,18.0,0.0
2051-10-08,35.5,18.7,0.0
2051-10-09,36.6,21.0,0.0
2051-10-10,38.0,21.3,0.0
2051-10-11,38.0,23.73652907165662,0.8356164383561644
2051-10-12,38.0,22.1,0.0
2051-10-13,38.0,23.720676921631746,0.0
2051-10-14,36.7778063271497,23.27119647030413,0.0
2051-10-15,36.7,22.060079722820227,0.0
2051-10-16,37.03433422600309,22.952287405812694,0.0
2051-10-17,36.7984108034054,23.0,0.0
2051-10-18,38.26562404552421,24.38837890625,0.0
2051-10-19,38.0,24.816845703125,0.0
2051-10-20,37.42311073678896,23.738752112354735,0.0
2051-10-21,37.2,23.600807319698568,0.0
2051-10-22,35.5,21.7,0.0
2051-10-23,36.0,21.7,0.0
2051-10-24,36.9,21.632224288090804,0.0
2051-10-25,36.9,22.82181108719051,0.0
2051-10-26,34.949927458229965,21.969899207358832,0.0
2051-10-27,36.0,21.9,0.0
2051-10-28,37.60847257309806,21.9,0.0
2051-10-29,38.72763671875,22.6,0.0
2051-10-30,38.0,23.643305742177322,0.0
2051-10-31,36.6,21.7,2.521917808219178
2051-11-01,34.6,21.2,0.0
2051-11-02,33.6,20.6,0.0
2051-11-03,34.733463869037635,21.4,0.0
2051-11-04,34.0,23.2,0.0
2051-11-05,34.9,23.3,0.0
2051-11-06,34.0,23.2,0.0
2051-11-07,34.4,19.6,0.0
2051-11-08,32.1,18.9,8.773913043478263
2051-11-09,28.1,18.7,33.997233201581025
2051-11-10,27.5,18.9,20.358706053671717
2051-11-11,27.428392331348554,18.84316917787441,3.8
2051-11-12,27.4,19.2,14.968577075098814
2051-11-13,26.0,19.2,5.0
2051-11-14,25.1,18.4,11.986956521739128
2051-11-15,23.30987408880053,18.2,11.159683794466403
2051-11-16,28.49396843778729,18.4,0.0
2051-11-17,28.2,17.0,0.0
2051-11-18,29.9,16.0,0.0
2051-11-19,30.6,15.3,0.0
2051-11-20,31.0,14.9,0.0
2051-11-21,31.5,15.1,0.0
2051-11-22,32.3,15.9,0.0
2051-11-23,32.2,18.5,0.0
2051-11-24,32.8,20.0,0.0
2051-11-25,32.9,18.4,0.0
2051-11-26,32.0,17.3,0.0
2051-11-27,31.0,18.2,0.0
2051-11-28,31.2,16.6,0.0
2051-11-29,31.0,18.7,5.4
2051-11-30,31.5,18.8,1.8
2051-12-01,31.2,19.9,0.0
2051-12-02,28.9,19.6,17.0
2051-12-03,28.3,18.7,4.0
2051-12-04,27.4,18.7,8.9
2051-12-05,27.0,18.4,28.8
2051-12-06,29.3,19.5,3.1500000000000004
2051-12-07,28.9,18.8,30.39
2051-12-08,23.087342333478126,18.7,28.3
2051-12-09,23.310979547900967,18.2,48.121428571428595
2051-12-10,24.1,18.6,4.0
2051-12-11,26.0,18.9,20.314285714285713
2051-12-12,27.2,19.4,15.2
2051-12-13,28.4,19.148330823263212,0.0
2051-12-14,27.5,18.4,25.0
2051-12-15,27.0,18.877939071826994,8.533333333333331
2051-12-16,27.0,19.3,18.8
2051-12-17,27.0,18.7,3.6
2051-12-18,29.2,18.4,0.7
2051-12-19,30.7,17.7,0.0
2051-12-20,30.7,19.3,0.0
2051-12-21,30.144413914225815,19.2,2.0
2051-12-22,25.6,19.0,8.9
2051-12-23,27.5,18.8,2.0
2051-12-24,29.0,18.4,0.0
2051-12-25,30.0,17.6,0.0
2051-12-26,29.4,18.7,1.3666666666666671
2051-12-27,29.2,18.7,8.733333333333338
2051-12-28,28.2,19.2,35.51428571428571
2051-12-29,29.9,18.6,3.3
2051-12-30,26.767392122231858,18.800607542281668,41.93913043478262
2051-12-31,26.385758880516683,18.7,3.9
2052-01-01,28.9,18.5,1.7
2052-01-02,29.5,18.5,6.3
2052-01-03,27.4,19.0,23.0
2052-01-04,25.4,18.9,4.438104089219331
2052-01-05,28.4,18.85655019928431,3.0
2052-01-06,30.2,17.7,0.3011152416356877
2052-01-07,27.4,17.0,6.046840148698882
2052-01-08,28.2,17.7,3.4
2052-01-09,27.2,18.4,0.0
2052-01-10,27.0,17.9,0.0
2052-01-11,24.1,18.632099031216352,30.792862453531598
2052-01-12,25.9,18.8,5.0
2052-01-13,27.3,19.0,40.8079306071871
2052-01-14,28.2,19.0,69.0
2052-01-15,29.1,19.2,43.102927509293664
2052-01-16,29.8,18.7,0.6
2052-01-17,29.1,19.6,44.32546468401489
2052-01-18,27.7,19.612204791567393,34.79753717472119
2052-01-19,29.2,18.4,10.76078066914498
2052-01-20,30.9,18.9,1.0
2052-01-21,31.6,17.8,0.0
2052-01-22,31.8,19.7,0.0
2052-01-23,31.8,18.6,0.0
2052-01-24,30.0,18.0,8.854832713754643
2052-01-25,27.7,19.7,25.02272304832714
2052-01-26,28.9,19.5,3.4
2052-01-27,28.40768604035706,19.61613061922048,0.0
2052-01-28,28.6,19.2,0.0
2052-01-29,29.1,19.6,4.438104089219331
2052-01-30,27.0,19.46872473952515,29.087360594795534
2052-01-31,27.1,19.3,5.040892193308549
2052-02-01,28.6,18.9,52.53999340151767
2052-02-02,26.6,19.0,11.774595842956124
2052-02-03,31.511861184436626,18.9,29.9
2052-02-04,29.7,18.9,27.887990762124716
2052-02-05,28.7,18.3,13.0
2052-02-06,27.5,19.0,9.2
2052-02-07,30.8,18.9,0.5
2052-02-08,30.5,18.9,29.33672055427252
2052-02-09,29.6,18.7,1.3
2052-02-10,29.4,18.3,1.2
2052-02-11,27.6,19.2,14.62205542725173
2052-02-12,29.0,18.936677107298284,0.0
2052-02-13,29.8,19.526140539036533,0.0
2052-02-14,30.2165673420739,19.1,0.0
2052-02-15,33.5228286362413,19.0,4.397228637413398
2052-02-16,32.9,19.1,0.0
2052-02-17,34.3564931564264,19.0,0.0
2052-02-18,34.14547360497095,18.9,0.0
2052-02-19,32.13240021905098,18.33008438143014,2.3
2052-02-20,30.4,19.0,27.35681293302541
2052-02-21,26.0,18.9,0.0
2052-02-22,27.711281546354353,19.0,20.42136258660508
2052-02-23,30.349032195108347,19.2,1.5993071593533494
2052-02-24,30.0,19.1,15.8
2052-02-25,30.3,18.6,0.8
2052-02-26,30.0,18.52366573963714,1.4
2052-02-27,30.0,18.9,6.4
2052-02-28,30.7,19.7,0.6
2052-03-01,30.2,19.1,0.0
2052-03-02,29.8,18.9,0.0
2052-03-03,30.7,18.7,0.0
2052-03-04,29.7,18.6,0.0
2052-03-05,30.0,18.7,0.0
2052-03-06,30.4,17.4,1.7
2052-03-07,29.8,18.9,0.0
2052-03-08,30.6,18.3,0.0
2052-03-09,31.6,18.8,0.0
2052-03-10,32.51282051282052,16.0,0.0
2052-03-11,30.8,16.5,0.0
2052-03-12,30.0,19.9,0.0
2052-03-13,29.0,22.50028076171875,0.0
2052-03-14,31.6,19.2,0.0
2052-03-15,32.323780487804875,17.6,0.0
2052-03-16,30.434848484848484,17.4,0.0
2052-03-17,30.0,19.4,0.0
2052-03-18,28.0,18.6,2.3
2052-03-19,30.0,17.6,0.0
2052-03-20,30.9,16.9,0.0
2052-03-21,31.1,16.1,0.0
2052-03-22,32.0,14.7,0.0
2052-03-23,30.54642857142857,22.117529296875,0.0
2052-03-24,30.2,16.0,0.0
2052-03-25,30.7,14.7,0.0
2052-03-26,30.9,15.5,0.0
2052-03-27,28.33103448275862,16.0,0.0
2052-03-28,31.5,15.7,0.0
2052-03-29,31.8,17.4,0.0
2052-03-30,31.402162162162163,19.233055073482557,0.0
2052-03-31,30.7,19.8,0.0
2052-04-01,29.9,18.1,0.0
2052-04-02,29.9,16.6,0.0
2052-04-03,30.0,17.1,0.0
2052-04-04,31.5,19.2,0.0
2052-04-05,31.753284671532846,19.136467236467233,3.780597014925374
2052-04-06,31.7,18.3,12.957801899592942
2052-04-07,31.7,18.3,3.7044776119403005
2052-04-08,29.7,17.8,0.0
2052-04-09,31.7,17.0,0.0
2052-04-10,29.5,18.4,0.0
2052-04-11,30.4,18.1,0.0
2052-04-12,30.2,16.3,0.0
2052-04-13,30.8,15.9,0.0
2052-04-14,29.4,15.028888888888892,0.0
2052-04-15,28.6,14.8,0.0
2052-04-16,29.0,14.4,0.0
2052-04-17,29.3,14.3,0.0
2052-04-18,29.8,14.9,0.0
2052-04-19,30.0,15.6,0.0
2052-04-20,30.6,16.3,0.0
2052-04-21,31.1,14.2,0.0
2052-04-22,32.996463022508046,13.8,0.0
2052-04-23,34.04463064295485,15.0,0.0
2052-04-24,34.46761640027793,16.6,0.0
2052-04-25,34.65441278665738,17.3,0.0
2052-04-26,35.782470703125,18.571405228758167,0.0
2052-04-27,36.415771484375,18.5,0.0
2052-04-28,32.42279966471081,19.089156626506025,0.0
2052-04-29,29.5,17.1,0.0
2052-04-30,30.1,14.5,0.0
2052-05-01,29.35117002854869,11.9,0.0
2052-05-02,30.1,12.3,0.0
2052-05-03,29.2,13.9,0.0
2052-05-04,27.0,13.4,0.0
2052-05-05,24.9,13.6,0.0
2052-05-06,28.5,15.7,0.0
2052-05-07,29.2,15.1,0.0
2052-05-08,30.1,15.2,0.0
2052-05-09,30.0,16.0,0.0
2052-05-10,29.9,16.2,0.0
2052-05-11,29.4,16.237903265760174,0.0
2052-05-12,27.6,16.820288482238954,0.0
2052-05-13,27.8,15.2,0.0
2052-05-14,23.04259352826168,15.7,0.0
2052-05-15,28.4,14.5,0.0
2052-05-16,28.73834717793528,17.2,0.0
2052-05-17,28.8,17.848657148923007,0.0
2052-05-18,29.2,16.709171151776086,0.0
2052-05-19,30.3,15.608049568116767,0.0
2052-05-20,31.529213012797502,16.5,0.0
2052-05-21,30.927397494862497,16.9,0.0
2052-05-22,28.7,16.3,0.0
2052-05-23,28.0,14.734289668504632,0.0
2052-05-24,29.2,14.0,0.0
2052-05-25,29.8,14.5,0.0
2052-05-26,30.8,15.7,0.0
2052-05-27,30.8,16.72324564047361,0.0
2052-05-28,30.7,16.189872981700738,0.0
2052-05-29,30.0,16.38436204566793,0.0
2052-05-30,27.6,16.0,0.0
2052-05-31,27.0,13.8,0.0
2052-06-01,27.8,13.56294623655914,0.0
2052-06-02,31.15399502908604,15.9,0.0
2052-06-03,30.399389744015725,15.9,0.0
2052-06-04,30.3934053710472,15.577343560843989,0.0
2052-06-05,28.6,15.9,0.0
2052-06-06,29.0,15.19591796971867,0.0
2052-06-07,30.66127555771342,15.9,0.0
2052-06-08,27.190921424533634,16.326639612744966,0.0
2052-06-09,25.7,14.2,0.0
2052-06-10,25.2,13.3,0.0
2052-06-11,24.0,11.6,0.0
2052-06-12,24.6,11.0,0.0
2052-06-13,25.7,11.5,0.0
2052-06-14,27.3,12.5,0.0
2052-06-15,28.0,14.0,0.0
2052-06-16,27.8,14.3,0.0
2052-06-17,27.6,13.7,0.0
2052-06-18,27.5,12.6,0.0
2052-06-19,27.0,13.4,0.0
2052-06-20,26.12084160972509,13.0,0.0
2052-06-21,25.6,12.0,0.0
2052-06-22,25.5,11.9,0.0
2052-06-23,25.5,11.4,0.0
2052-06-24,25.7,10.5,0.0
2052-06-25,25.8,9.9,0.0
2052-06-26,26.2,10.2,0.0
2052-06-27,27.0,10.6,0.0
2052-06-28,28.667617152961988,11.5,0.0
2052-06-29,30.0,12.7,0.0
2052-06-30,28.0,11.9,0.0
2052-07-01,27.6,13.444757804090418,0.0
2052-07-02,28.792762910856876,12.6,0.0
2052-07-03,29.2,12.2,0.0
2052-07-04,29.5,12.8,0.0
2052-07-05,27.7,11.7,0.0
2052-07-06,26.8,12.420937803565325,0.0
2052-07-07,25.1,12.0,0.0
2052-07-08,24.8,10.7,0.0
2052-07-09,25.5,9.6,0.0
2052-07-10,25.8,10.2,0.0
2052-07-11,25.4,10.7,0.0
2052-07-12,24.910860574471688,10.7,0.0
2052-07-13,25.2,10.5,0.0
2052-07-14,26.0,10.5,0.0
2052-07-15,26.21973571879291,11.8,0.0
2052-07-16,26.6,12.2,0.0
2052-07-17,26.9,12.2,0.0
2052-07-18,27.0,12.2,0.0
2052-07-19,27.3,12.7,0.0
2052-07-20,27.6,12.2,0.0
2052-07-21,27.4,13.4,0.0
2052-07-22,27.0,13.4,0.0
2052-07-23,26.7,12.8,0.0
2052-07-24,26.2,12.2,0.0
2052-07-25,26.13547200040052,11.2,0.0
2052-07-26,26.4,11.1,0.0
2052-07-27,26.8,11.3,0.0
2052-07-28,27.0,12.1,0.0
2052-07-29,27.6,12.2,0.0
2052-07-30,27.1,13.958704165998666,0.0
2052-07-31,26.9,13.0,0.0
2052-08-01,29.2,12.9,0.0
2052-08-02,30.8,13.2,0.0
2052-08-03,32.5,13.6,0.0
2052-08-04,32.5,14.2,0.0
2052-08-05,32.6,14.6,0.0
2052-08-06,32.91705717982623,13.0,0.0
2052-08-07,33.37161415011252,14.7,0.0
2052-08-08,32.9,16.9,0.0
2052-08-09,32.5,16.750567688179938,0.0
2052-08-10,31.4,17.7,0.0
2052-08-11,31.6,16.812938124645463,0.0
2052-08-12,32.5,16.2,0.0
2052-08-13,31.9,16.9,0.0
2052-08-14,31.5,16.808166009399873,0.0
2052-08-15,31.9,16.7,0.0
2052-08-16,31.9,16.753342173787832,0.0
2052-08-17,31.9,16.6,0.0
2052-08-18,32.89966640940754,16.7,0.0
2052-08-19,37.954345703125,17.138061244031782,0.0
2052-08-20,39.3291015625,17.5,0.0
2052-08-21,40.5205078125,18.285565888463413,0.0
2052-08-22,38.505126953125,18.3,0.0
2052-08-23,33.673114067545654,27.14208984375,0.0
2052-08-24,37.56396484375,27.355224609375,0.0
2052-08-25,29.6,18.601721236949633,0.0
2052-08-26,30.0,17.5,0.0
2052-08-27,30.8,17.49410269610577,0.0
2052-08-28,31.0,17.0,0.0
2052-08-29,31.0,16.7,0.0
2052-08-30,30.9,16.668879320655424,0.0
2052-08-31,31.0,16.4,0.0
2052-09-01,32.0,15.4,0.0
2052-09-02,33.7,14.188381029426635,0.0
2052-09-03,31.7,18.1,0.0
2052-09-04,29.4,17.0,0.0
2052-09-05,30.0,15.4,0.0
2052-09-06,31.9,15.2,0.0
2052-09-07,33.5,16.5,0.0
2052-09-08,34.9,18.260996345145404,0.0
2052-09-09,34.2,19.4,0.0
2052-09-10,34.0,19.0,0.0
2052-09-11,34.9,18.4,0.0
2052-09-12,36.0,19.9,0.0
2052-09-13,38.36934813144848,20.5,0.0
2052-09-14,38.075139915754534,20.6,0.0
2052-09-15,31.0,18.0,0.0
2052-09-16,29.5,15.7,0.0
2052-09-17,30.7,15.9,0.0
2052-09-18,32.0,15.9,0.0
2052-09-19,33.0,17.0,0.0
2052-09-20,33.7,17.8,0.0
2052-09-21,34.9,17.9,0.0
2052-09-22,35.2,19.474228493803345,0.0
2052-09-23,33.1,19.6,0.0
2052-09-24,34.0,19.2,0.0
2052-09-25,36.0,20.2,0.0
2052-09-26,39.84716796875,20.959104617960396,0.0
2052-09-27,40.0458984375,21.39606068687972,0.0
2052-09-28,39.26171875,21.95915559120578,0.0
2052-09-29,38.89009187374557,21.36477012578412,0.0
2052-09-30,39.514892578125,21.265795534132575,0.0
2052-10-01,37.00465097386112,21.8,0.0
2052-10-02,36.220446644168376,21.0,0.0
2052-10-03,37.85198584000084,20.7,0.0
2052-10-04,35.6,22.258089577385675,0.0
2052-10-05,35.8,21.159138858988157,0.0
2052-10-06,36.9,21.9,0.0
2052-10-07,38.0,22.6,0.0
2052-10-08,38.15490100140257,23.756391005370624,0.0
2052-10-09,38.35235138348944,24.7228515625,0.0
2052-10-10,38.17649713694335,23.779473231684698,0.0
2052-10-11,38.194836712362836,23.537296314167975,0.0
2052-10-12,38.679052734375,22.911781261212763,0.0
2052-10-13,39.07236328125,22.83995783997128,0.0
2052-10-14,39.19541015625,22.1,0.0
2052-10-15,39.603857421875,21.6,0.0
2052-10-16,40.9703125,21.9,0.0
2052-10-17,38.0,23.751113880722766,0.0
2052-10-18,36.4,21.9,0.0
2052-10-19,36.6,22.0,0.0
2052-10-20,36.0,22.0,0.0
2052-10-21,36.9,21.6,0.0
2052-10-22,38.0,22.1,0.0
2052-10-23,38.04160698876419,22.6,0.0
2052-10-24,36.269947342390815,22.6,0.0
2052-10-25,36.789441796094096,22.0,0.0
2052-10-26,38.0,22.111158744874526,0.0
2052-10-27,38.0,22.6,0.0
2052-10-28,37.45474010385934,22.6,0.0
2052-10-29,37.0,22.1,0.0
2052-10-30,37.700183843248595,22.254031918378793,0.0
2052-10-31,37.06753921992461,22.6,0.0
2052-11-01,35.6,21.983512085500408,0.0
2052-11-02,36.0,21.625475889720537,0.0
2052-11-03,38.76850293019869,21.7,0.0
2052-11-04,38.993374761402485,22.5568075259959,0.0
2052-11-05,39.30887790400217,23.3,0.0
2052-11-06,40.63134765625,23.844439419073737,0.0
2052-11-07,39.362915401382494,23.54862605090061,0.0
2052-11-08,36.70115560499321,23.4277728919689,0.0
2052-11-09,34.736443333790454,23.21255342012387,0.0
2052-11-10,34.4,22.0,0.0
2052-11-11,35.2,21.2,0.0
2052-11-12,38.057293401328835,22.74615679419712,0.0
2052-11-13,38.77627674561128,23.436485428847657,0.0
2052-11-14,32.9,22.009009298080493,0.0
2052-11-15,34.4,19.7,7.12094861660079
2052-11-16,33.2,19.7,0.0
2052-11-17,32.7,20.1,0.0
2052-11-18,29.181098495183328,19.5,0.0
2052-11-19,31.6,19.5,0.0
2052-11-20,32.9,19.4,0.0
2052-11-21,33.7,22.086783378488786,0.0
2052-11-22,33.7,19.9,0.0
2052-11-23,35.47224217384395,19.7,0.0
2052-11-24,36.3,21.4,0.0
2052-11-25,36.0288188076842,22.43209695890063,0.0
2052-11-26,36.2,23.3,0.0
2052-11-27,36.14470733247152,23.37125704921134,0.0
2052-11-28,36.62184496255938,21.3,0.0
2052-11-29,34.2,21.197184927697446,0.0
2052-11-30,32.9,19.9,0.0
2052-12-01,33.7,20.2,0.0
2052-12-02,34.19782705474651,22.855440926223903,0.0
2052-12-03,35.324267578125,20.647181537765633,0.0
2052-12-04,35.5291015625,22.23812566043108,0.0
2052-12-05,33.20483591772612,21.1607388646165,0.5
2052-12-06,33.7,20.394646314160937,0.0
2052-12-07,34.188177704637816,20.690450044917206,0.0
2052-12-08,35.58134765625,22.36132377141544,0.0
2052-12-09,35.252490234375,21.0,0.1
2052-12-10,32.68592911002582,20.406347714320848,0.0
2052-12-11,32.48266566200212,19.90144457678613,0.0
2052-12-12,32.9,19.5,0.0
2052-12-13,30.1,19.6,0.0
2052-12-14,29.0,20.3,5.4
2052-12-15,30.4,20.0,1.7
2052-12-16,29.5,19.9,28.32
2052-12-17,29.8,19.9,23.8
2052-12-18,30.1,19.6,1.4
2052-12-19,29.9,19.9,3.6
2052-12-20,30.5,19.8,21.857142857142858
2052-12-21,24.6,19.6,25.0
2052-12-22,27.6,19.4,7.566666666666668
2052-12-23,27.5,19.0,9.4
2052-12-24,30.548777298632334,19.6,0.0
2052-12-25,30.4,19.5,15.2
2052-12-26,24.3,19.2,17.0
2052-12-27,25.689287991054165,19.0,1.1
2052-12-28,25.4,19.5,0.0
2052-12-29,23.542866798508022,17.0,14.2
2052-12-30,24.0,16.9,0.0
2052-12-31,27.9,17.1,0.0
2053-01-01,30.7,15.7,0.0
2053-01-02,30.0,18.0,0.0
2053-01-03,30.802577395048434,17.4,0.0
2053-01-04,31.6,17.6,0.0
2053-01-05,31.9,19.297142969440383,0.0
2053-01-06,31.9,18.8,0.0
2053-01-07,32.0,17.7,0.0
2053-01-08,32.06310094641635,19.6,0.0
2053-01-09,37.047802734375,19.817636061971253,0.0
2053-01-10,38.2599609375,19.9,0.0
2053-01-11,31.884691680762728,19.9,0.0
2053-01-12,32.12951533393212,19.9,38.15427509293678
2053-01-13,24.8,19.856113852020254,40.8079306071871
2053-01-14,29.6,19.668288043754334,0.0
2053-01-15,28.4,19.3,0.0
2053-01-16,31.46522803240609,18.79052294499416,0.0
2053-01-17,31.90231392702421,19.498901232812734,0.0
2053-01-18,32.6,20.39863566639301,0.0
2053-01-19,37.174755859375,18.8,0.0
2053-01-20,36.48611281644687,19.3,0.0
2053-01-21,32.6,19.9,0.0
2053-01-22,31.928612999054423,18.6,0.0
2053-01-23,32.0,19.8,0.0
2053-01-24,32.786079553719475,19.9,0.0
2053-01-25,38.090283203125,19.9,0.0
2053-01-26,38.314892578125,21.90333251953125,0.0
2053-01-27,38.59443359375,21.71748046875,0.0
2053-01-28,38.402294921875,20.78092316073073,0.5027881040892194
2053-01-29,37.451611328125,19.833442224998,23.028872366790573
2053-01-30,31.7,20.5497268829665,21.6
2053-01-31,30.7,20.503249166922746,10.7
2053-02-01,30.53302432348916,20.058639652992543,17.242725173210165
2053-02-02,24.9,19.9,64.70039183122734
2053-02-03,25.2,17.1,45.65349569599001
2053-02-04,25.1,15.5,0.0
2053-02-05,30.0,14.1,0.0
2053-02-06,30.7,15.71660763148618,0.0
2053-02-07,32.9,15.7,0.0
2053-02-08,34.3775782263029,17.7,0.0
2053-02-09,35.1141139325435,18.9,0.0
2053-02-10,35.756884765625,19.58321428785097,0.0
2053-02-11,34.00827558199808,20.061518924990533,2.3327944572748267
2053-02-12,30.0,20.064916752442887,21.204157043879913
2053-02-13,24.8,19.580604217035255,31.0
2053-02-14,25.5,19.53416670710556,28.915842956120105
2053-02-15,28.5,19.7,18.573672055427252
2053-02-16,31.4,19.793218656456382,4.0
2053-02-17,29.4,20.007686565943576,4.2
2053-02-18,25.1,19.2,29.9
2053-02-19,27.2,18.9,0.0
2053-02-20,25.0,18.5,0.0
2053-02-21,24.6,17.7,14.004803695150116
2053-02-22,24.7,17.6,1.0
2053-02-23,25.231889534146525,18.5,0.0
2053-02-24,26.5,18.9,0.0
2053-02-25,29.0,18.9,0.0
2053-02-26,30.9,18.8,0.0
2053-02-27,29.4,18.6,0.0
2053-02-28,29.3,16.6,0.0
2053-03-01,30.0,15.9,0.0
2053-03-02,30.2,18.9,0.0
2053-03-03,30.1,17.1,0.0
2053-03-04,28.6,16.3,0.0
2053-03-05,31.3,19.4,0.0
2053-03-06,32.0,18.0,0.0
2053-03-07,33.52788203753351,17.5,0.0
2053-03-08,33.62112676056338,19.0,0.0
2053-03-09,33.600518902891025,18.9,0.0
2053-03-10,32.9,18.2,0.0
2053-03-11,32.7,18.9,0.0
2053-03-12,28.0,19.343559382848934,22.81428571428571
2053-03-13,28.0,18.3,0.0
2053-03-14,31.5,17.9,0.0
2053-03-15,32.4,18.3,0.0
2053-03-16,33.62713120830245,16.5,0.0
2053-03-17,35.32236328125,17.4,0.0
2053-03-18,35.912451171875,18.2,0.0
2053-03-19,35.546484375,19.4,0.0
2053-03-20,32.9,19.3,0.0
2053-03-21,30.2,18.8,0.0
2053-03-22,30.2,19.8,0.0
2053-03-23,31.1,18.892188271572024,0.0
2053-03-24,33.21896551724138,17.1,0.0
2053-03-25,34.327296866702106,18.2,0.0
2053-03-26,33.7,19.1,0.0
2053-03-27,33.66212008895478,19.0,0.0
2053-03-28,32.9,22.718817138671874,0.0
2053-03-29,32.626291079812205,19.782264015543856,0.0
2053-03-30,33.18163265306123,19.4,0.0
2053-03-31,33.3875,18.9,0.0
2053-04-01,32.7,18.0,0.0
2053-04-02,34.047400820793435,17.9,0.0
2053-04-03,34.07623119015049,18.53741830065359,0.0
2053-04-04,34.02547879616964,19.06506024096386,0.0
2053-04-05,33.1530612244898,19.4,0.0
2053-04-06,32.5,19.4,0.0
2053-04-07,32.0,19.4,0.0
2053-04-08,32.0,19.4,0.0
2053-04-09,31.1,19.4,0.0
2053-04-10,28.396226415094333,19.2,0.0
2053-04-11,29.4,19.4,0.0
2053-04-12,31.1,17.3,0.0
2053-04-13,30.7,15.4,0.0
2053-04-14,31.7,14.4,0.0
2053-04-15,34.78033356497571,14.3,0.0
2053-04-16,36.570068359375,16.7,0.0
2053-04-17,33.10396158463386,19.0,0.0
2053-04-18,29.760975609756095,18.3,0.0
2053-04-19,32.0,16.5,0.0
2053-04-20,32.5,16.7,0.0
2053-04-21,32.7,16.7,0.0
2053-04-22,34.07735978112175,16.1,0.0
2053-04-23,34.97296733842951,16.9,0.0
2053-04-24,33.97238095238095,17.8,0.0
2053-04-25,32.7,17.9,0.0
2053-04-26,31.5,18.453488372093023,0.0
2053-04-27,30.6,18.0,0.0
2053-04-28,30.87142857142857,16.8,0.0
2053-04-29,31.4,15.9,0.0
2053-04-30,32.22293577981652,16.6,0.0
2053-05-01,31.6,16.9,0.0
2053-05-02,34.179638671875,17.501972392832247,0.0
2053-05-03,31.0,18.18904318016091,0.0
2053-05-04,28.6,17.5,0.0
2053-05-05,27.5,15.1,0.0
2053-05-06,26.7,12.7,0.0
2053-05-07,27.5,9.9,0.0
2053-05-08,28.7,10.8,0.0
2053-05-09,29.8,12.5,0.0
2053-05-10,31.0,14.7,0.0
2053-05-11,31.0,15.8,0.0
2053-05-12,31.0,16.2,0.0
2053-05-13,29.9,16.5,0.0
2053-05-14,28.8,15.3,0.0
2053-05-15,28.6,13.5,0.0
2053-05-16,29.0,12.9,0.0
2053-05-17,27.6,14.5,0.0
2053-05-18,27.5,12.0,0.0
2053-05-19,29.2,11.5,0.0
2053-05-20,31.0,12.6,0.0
2053-05-21,32.728963399990164,14.1,0.0
2053-05-22,36.996533203125,15.0,0.0
2053-05-23,31.92186936830934,16.9,0.0
2053-05-24,32.72392457229876,15.0,0.0
2053-05-25,32.715587602845716,17.751211635905364,0.0
2053-05-26,32.71723667372653,18.074355692293054,0.0
2053-05-27,34.3869140625,18.12041214955203,0.0
2053-05-28,34.636669921875,18.903287179473626,0.0
2053-05-29,32.0,19.6474609375,0.0
2053-05-30,31.0,17.830394404073278,0.0
2053-05-31,31.6,15.2,0.0
2053-06-01,31.203868474214378,17.48481062634754,0.0
2053-06-02,31.88388671875,20.253857421875,0.0
2053-06-03,31.700048828125,17.78941519383679,0.0
2053-06-04,30.564034641665344,20.024365234375,0.0
2053-06-05,31.10300083238178,16.460690666397014,0.0
2053-06-06,31.992529296875,20.046826171875,0.0
2053-06-07,31.18901851583347,22.150830078125,0.0
2053-06-08,28.4,19.12825307471635,0.0
2053-06-09,28.0,16.309566624312485,0.0
2053-06-10,27.9,15.73589092136082,0.0
2053-06-11,28.3,15.731379910840689,0.0
2053-06-12,30.423366058906034,15.4,0.0
2053-06-13,32.59091796875,16.363450868435134,0.0
2053-06-14,30.708885189117115,16.38401028011575,0.0
2053-06-15,27.0,15.126276896480883,0.0
2053-06-16,26.2,13.762621329635673,0.0
2053-06-17,25.6,11.7,0.0
2053-06-18,25.7,11.3,0.0
2053-06-19,25.810374490174265,9.4,0.0
2053-06-20,26.0,9.338127834345858,0.0
2053-06-21,25.6,10.1,0.0
2053-06-22,25.30375093773443,10.6,0.0
2053-06-23,24.9,11.5,0.0
2053-06-24,24.8,10.525207902960961,0.0
2053-06-25,25.0,9.7,0.0
2053-06-26,24.6,10.2,0.0
2053-06-27,24.186788739625225,9.4,0.0
2053-06-28,23.9,8.9,0.0
2053-06-29,23.7,8.7,0.0
2053-06-30,23.242500799975623,9.5,0.0
2053-07-01,20.8,10.5,0.0
2053-07-02,25.1,10.2,0.0
2053-07-03,26.0,11.7,0.0
2053-07-04,27.2,12.7,0.0
2053-07-05,31.13349624676536,14.3,0.0
2053-07-06,29.2,13.6,0.0
2053-07-07,28.89147160241556,11.6,0.0
2053-07-08,29.2,10.0,0.0
2053-07-09,31.13522679802393,12.7,0.0
2053-07-10,31.295181840185858,15.153918903636805,0.0
2053-07-11,30.7,14.224136235386535,0.0
2053-07-12,30.501296604364402,15.143589399923766,0.0
2053-07-13,29.2,14.229149563282762,0.0
2053-07-14,28.811352355250982,14.020810907786144,0.0
2053-07-15,28.5,12.6,0.0
2053-07-16,28.97611020772736,12.2,0.0
2053-07-17,29.109439382181385,11.84396361305897,0.0
2053-07-18,26.0,14.3,0.0
2053-07-19,25.2,13.4,0.0
2053-07-20,25.5,11.8,0.0
2053-07-21,26.4,10.5,0.0
2053-07-22,26.7,11.0,0.0
2053-07-23,26.9,11.9,0.0
2053-07-24,27.0,13.0,0.0
2053-07-25,27.0,14.0,0.0
2053-07-26,26.8,14.2,0.0
2053-07-27,26.7,13.9,0.0
2053-07-28,26.8,13.6,0.0
2053-07-29,26.4,12.9,0.0
2053-07-30,26.0,12.1,0.0
2053-07-31,26.0,11.2,0.0
2053-08-01,27.1,12.0,0.0
2053-08-02,27.8,13.4,0.0
2053-08-03,28.8,13.6,0.0
2053-08-04,29.4,14.4,0.0
2053-08-05,30.2,14.7,0.0
2053-08-06,29.5,15.624242935142076,0.0
2053-08-07,29.3,15.2,0.0
2053-08-08,30.0,14.7,0.0
2053-08-09,31.4,13.9,0.0
2053-08-10,32.55740006193137,13.3,0.0
2053-08-11,32.0219331349332,15.0,0.0
2053-08-12,31.2,16.7,0.0
2053-08-13,31.9,16.7,0.0
2053-08-14,31.9,17.63898269264367,0.0
2053-08-15,29.6,18.13884465855452,0.0
2053-08-16,29.5,15.7,0.0
2053-08-17,31.2,15.5,0.0
2053-08-18,31.942890204520992,16.0,0.0
2053-08-19,33.40453077600546,16.821594519742092,0.0
2053-08-20,31.2,18.2,0.0
2053-08-21,29.551345532830993,16.7,0.0
2053-08-22,29.4,15.637053704592317,0.0
2053-08-23,30.8,15.5,0.0
2053-08-24,32.6,16.803393894154294,0.0
2053-08-25,37.438173102603244,18.3,0.0
2053-08-26,34.44588658731767,20.17906727370039,0.0
2053-08-27,34.030218312701784,20.320707735563925,0.0
2053-08-28,39.194580078125,18.822426017752182,0.0
2053-08-29,38.3154296875,24.35213914721149,0.0
2053-08-30,38.33154296875,26.557373046875,0.0
2053-08-31,32.06623504084088,24.578927632391576,0.0
2053-09-01,33.2,19.3,0.0
2053-09-02,34.4,19.6,0.0
2053-09-03,31.0,19.5,0.0
2053-09-04,29.8,16.5,0.0
2053-09-05,29.9,15.3,0.0
2053-09-06,30.3,14.0,0.0
2053-09-07,31.0,14.930135706340378,0.0
2053-09-08,30.0,15.7,0.0
2053-09-09,29.840530822360765,15.5,0.0
2053-09-10,31.0,15.9,0.0
2053-09-11,31.9,16.9,0.0
2053-09-12,32.7,17.4,0.0
2053-09-13,32.5,17.8,0.0
2053-09-14,32.9,17.8,0.0
2053-09-15,34.6,17.9,0.0
2053-09-16,36.0,18.9,0.0
2053-09-17,39.380615234375,20.0,0.0
2053-09-18,40.232666015625,20.5,0.0
2053-09-19,34.9,21.416290398471773,0.0
2053-09-20,32.6,20.0,0.0
2053-09-21,32.9,18.7,0.0
2053-09-22,33.82073146150458,18.0,0.0
2053-09-23,35.73429349359987,17.8,0.0
2053-09-24,39.437255859375,19.4,0.0
2053-09-25,40.030517578125,21.2,0.0
2053-09-26,38.04202349343336,21.394678080691776,0.0
2053-09-27,35.478336389390996,20.5,0.0
2053-09-28,35.523358853587325,20.0,0.0
2053-09-29,37.58751259577862,19.9,0.0
2053-09-30,35.599157769622884,21.116506766777917,0.0
2053-10-01,33.6,20.0,0.0
2053-10-02,33.3,19.4,0.0
2053-10-03,32.9,19.01128375532363,0.0
2053-10-04,33.0,19.1,0.0
2053-10-05,34.0,19.5,0.0
2053-10-06,33.2,20.4,0.0
2053-10-07,33.2,18.7,0.0
2053-10-08,35.0,18.0,0.0
2053-10-09,37.2,19.4,0.0
2053-10-10,36.5,21.7,0.0
2053-10-11,36.5,21.0,0.0
2053-10-12,36.9,20.7,0.0
2053-10-13,37.597166143098775,21.021442850552482,0.0
2053-10-14,38.0,21.7,0.0
2053-10-15,37.2,21.71499547737253,0.0
2053-10-16,37.0,21.325738889743185,0.0
2053-10-17,36.0,22.10834157763853,0.0
2053-10-18,32.3,21.207933979189086,0.0
2053-10-19,33.4,20.5,0.0
2053-10-20,36.0,21.9,0.0
2053-10-21,38.38800214692179,22.1,0.0
2053-10-22,39.93125,22.6,0.0
2053-10-23,40.359716796875,23.720780802038195,0.0
2053-10-24,38.916357421875,23.795408486034738,0.0
2053-10-25,36.75065689961276,23.705254073716624,0.0
2053-10-26,35.2,22.0,0.0
2053-10-27,36.0,20.6,0.0
2053-10-28,36.3,20.0,0.0
2053-10-29,38.0042198339893,20.143718563460208,0.0
2053-10-30,38.0,22.1,0.0
2053-10-31,36.7,23.0,0.0
2053-11-01,36.2,22.058663472234112,0.0
2053-11-02,36.2,22.190320539641398,0.0
2053-11-03,36.3811012894011,22.3,0.0
2053-11-04,36.0,21.7,0.0
2053-11-05,36.3,22.0,0.0
2053-11-06,35.56112223458163,21.7,0.0
2053-11-07,35.2,21.0,0.0
2053-11-08,36.0,20.2,0.0
2053-11-09,37.47433757482624,20.4,0.0
2053-11-10,38.895348845102006,22.071525698069085,0.0
2053-11-11,37.69111142860057,22.9,0.0
2053-11-12,37.048126058546345,22.3,0.0
2053-11-13,37.20298930743869,22.3,0.0
2053-11-14,37.094967607783076,22.3,0.0
2053-11-15,37.532730008294386,23.0,0.0
2053-11-16,39.36917237476334,23.2,0.0
2053-11-17,39.091969493464916,23.3,0.0
2053-11-18,39.607177734375,21.7,0.4
2053-11-19,32.65146639897989,20.0,0.4858695652173913
2053-11-20,30.8,19.7,3.011067193675889
2053-11-21,31.2,19.9,0.0
2053-11-22,31.932633609209006,19.5,0.0
2053-11-23,33.09694507584917,21.4,0.0
2053-11-24,34.9,21.999276598623098,0.0
2053-11-25,36.0,22.3,0.0
2053-11-26,36.0,23.20146376632472,0.0
2053-11-27,30.6,19.4,5.0
2053-11-28,29.7,19.2,1.4
2053-11-29,29.7,19.5,2.7
2053-11-30,29.4,18.8,0.0
2053-12-01,30.9,19.5,0.0
2053-12-02,31.7,19.6,0.0
2053-12-03,32.71087307043197,19.9,0.0
2053-12-04,34.115512942177965,21.071425619883158,0.0
2053-12-05,34.12611986138144,20.644696101137914,0.0
2053-12-06,34.19686948565176,23.444519042968746,0.0
2053-12-07,33.7,25.822937011718746,0.0
2053-12-08,33.7,21.0,1.3
2053-12-09,33.7,19.9,8.633333333333336
2053-12-10,30.7,19.9,1.1
2053-12-11,31.8,19.5,2.9
2053-12-12,31.8,19.8,5.6
2053-12-13,32.4,19.4,0.0
2053-12-14,33.04528166487262,20.156152931859616,0.0
2053-12-15,31.63630986881793,19.9,0.9
2053-12-16,31.4,19.9,19.8
2053-12-17,29.7,19.842528837047883,5.1
2053-12-18,26.6,19.5,37.6
2053-12-19,27.7,18.7,0.0
2053-12-20,30.0,18.4,0.0
2053-12-21,31.0,19.2,0.4
2053-12-22,30.4,19.2,2.0
2053-12-23,29.18257727202829,19.5,4.4
2053-12-24,26.7,19.4,18.8
2053-12-25,27.0,19.5,0.0
2053-12-26,28.6,19.2,6.6
2053-12-27,26.5,19.0,20.5
2053-12-28,26.2,19.2,0.0
2053-12-29,30.2,20.2,0.0
2053-12-30,30.2,20.3,0.0
2053-12-31,31.8,19.603004409974282,0.0
2054-01-01,32.2,19.9,0.0
2054-01-02,31.8,19.83338314034083,8.053345724907064
2054-01-03,31.6,19.894113727245198,10.0
2054-01-04,31.1,19.496365393040648,3.4
2054-01-05,30.8,19.774715424184325,31.17695167286245
2054-01-06,26.6,19.864267534709573,1.3
2054-01-07,26.9,19.8,7.15055762081784
2054-01-08,27.5,19.611270070697614,22.0
2054-01-09,26.5,19.277252158874926,0.6
2054-01-10,27.4,19.13155842602559,21.55873605947955
2054-01-11,31.0,19.7,1.2
2054-01-12,30.8,19.8,29.55092936802973
2054-01-13,30.1,19.7,0.0
2054-01-14,28.9,19.83231117584647,6.4
2054-01-15,29.3,19.843680752018848,1.9
2054-01-16,29.8,19.7,37.479484200743485
2054-01-17,26.7,19.6,47.95840148698883
2054-01-18,27.2,19.7,1.8
2054-01-19,29.1,19.856502122624505,0.0
2054-01-20,29.7,19.7,0.0
2054-01-21,29.5,19.9,0.0
2054-01-22,29.8,19.867711326155984,0.0
2054-01-23,29.810770309986573,19.83948574135985,0.0
2054-01-24,30.4,19.6,0.0
2054-01-25,31.1,19.64361141279208,0.0
2054-01-26,32.010149438997665,19.6,0.0
2054-01-27,31.7,19.0,0.0
2054-01-28,32.0,19.3,0.0
2054-01-29,32.2,20.27083850702909,0.0
2054-01-30,34.87382540604578,21.629772949218754,0.0
2054-01-31,31.9884611149439,20.038067090138824,0.0
2054-02-01,32.08947294759273,20.03548801417091,13.5
2054-02-02,32.9,19.735941200729386,1.8
2054-02-03,32.8,19.54080063709552,13.728868360277142
2054-02-04,32.12361670371204,19.823939941689705,2.5
2054-02-05,34.04419553683154,19.1,0.0
2054-02-06,35.711474609375,19.2,0.0
2054-02-07,33.90011822830557,19.2,21.355889145496533
2054-02-08,30.6,19.2,12.625635103926106
2054-02-09,29.9,19.881287677268386,9.3
2054-02-10,29.6,19.5,9.182909930715937
2054-02-11,29.6,19.0,0.0
2054-02-12,34.014217228662254,19.2,0.0
2054-02-13,31.8,19.7,1.0
2054-02-14,28.2,19.7,26.0
2054-02-15,25.3,19.771364936431148,15.6
2054-02-16,28.3,19.8892705759774,32.52147806004619
2054-02-17,29.4,19.940075998724463,0.2
2054-02-18,28.9,20.01818659765763,0.0
2054-02-19,31.6,19.5,15.8
2054-02-20,31.801835518474366,19.50719399474303,18.322632794457295
2054-02-21,30.6,20.016963265176887,31.098845265588928
2054-02-22,28.2,20.001294424083405,21.742263279445748
2054-02-23,26.0,19.567934498283943,17.832794457274826
2054-02-24,24.4,18.9,52.56889475420656
2054-02-25,24.514865530931022,18.4,0.0
2054-02-26,27.4,17.6,0.0
2054-02-27,27.4,19.0,0.0
2054-02-28,27.5,19.1,0.0
2054-03-01,26.5,18.9,0.0
2054-03-02,28.0,18.5,0.0
2054-03-03,30.0,18.2,0.0
2054-03-04,30.2,19.1,0.0
2054-03-05,30.7,22.39755859375,0.0
2054-03-06,30.9,18.2,0.0
2054-03-07,30.472727272727273,17.4,0.0
2054-03-08,29.9,17.3,0.0
2054-03-09,28.9,16.4,0.0
2054-03-10,29.4,19.344840054097308,0.0
2054-03-11,28.6,19.2,0.0
2054-03-12,24.46607142857143,18.6,1.0
2054-03-13,25.404390243902437,18.9,10.971428571428572
2054-03-14,31.0,19.3,6.9
2054-03-15,30.2,19.893476856835303,0.4
2054-03-16,30.5,19.9,0.0
2054-03-17,28.34827586206896,18.9,0.0
2054-03-18,28.9,17.9,0.0
2054-03-19,28.9,19.35444508846015,0.0
2054-03-20,29.7,18.9,0.0
2054-03-21,29.5,19.6,0.0
2054-03-22,30.9,18.7,0.0
2054-03-23,30.0,19.844675278076778,0.0
2054-03-24,28.7,19.1,0.0
2054-03-25,26.6,18.7,0.0
2054-03-26,30.1,18.5,0.0
2054-03-27,30.2,17.90095268754463,0.0
2054-03-28,31.0,18.9,0.0
2054-03-29,28.5,19.9,2.3384615384615377
2054-03-30,29.7,18.4,0.0
2054-03-31,28.8,18.3,0.7
2054-04-01,27.6,19.04518072289157,1.2238805970149254
2054-04-02,29.9,18.758568904593638,0.0
2054-04-03,25.7,19.0,12.570284938941656
2054-04-04,29.9,17.3,0.0
2054-04-05,31.231645569620248,15.9,0.0
2054-04-06,31.5,15.095555555555556,0.0
2054-04-07,33.13865546218487,14.0,0.0
2054-04-08,33.1328931572629,14.3,0.0
2054-04-09,29.9,18.77279151943463,0.0
2054-04-10,27.0,18.6,0.0
2054-04-11,27.9,16.4,0.0
2054-04-12,28.4,14.84736842105263,0.0
2054-04-13,29.0,13.4,0.0
2054-04-14,30.8,12.5,0.0
2054-04-15,33.532978723404256,15.4,0.0
2054-04-16,33.2,19.7,0.0
2054-04-17,33.11740696278512,20.605029296875,0.0
2054-04-18,31.7,19.4,0.0
2054-04-19,30.6,19.4,0.0
2054-04-20,29.4,19.228494623655912,0.0
2054-04-21,27.5,19.0,0.0
2054-04-22,28.3,19.4,0.0
2054-04-23,28.7,19.649999999999988,0.0
2054-04-24,30.0,18.0,0.0
2054-04-25,28.6,16.5,3.0462686567164172
2054-04-26,30.0,16.9,0.0
2054-04-27,28.7,16.6,0.0
2054-04-28,28.9,16.9,0.0
2054-04-29,28.9,18.809518987341775,0.0
2054-04-30,27.5,16.6,0.0
2054-05-01,27.2,13.13753835772696,0.0
2054-05-02,28.687380385309748,17.9,0.0
2054-05-03,26.5,17.50017571075791,0.0
2054-05-04,28.9,16.9,0.0
2054-05-05,28.6,15.7,0.0
2054-05-06,27.5,14.7,0.0
2054-05-07,27.6,12.0,0.0
2054-05-08,28.4,12.0,0.0
2054-05-09,28.9,12.9,0.0
2054-05-10,26.5,15.2,0.0
2054-05-11,24.9,15.0,0.0
2054-05-12,26.1,12.789315700445938,0.0
2054-05-13,26.1,11.7,0.0
2054-05-14,27.2,10.2,0.0
2054-05-15,28.1,11.0,0.0
2054-05-16,28.6,12.2,0.0
2054-05-17,29.2,14.0,0.0
2054-05-18,31.0,15.739215908447095,0.0
2054-05-19,32.7,17.521376559235083,0.0
2054-05-20,33.91669921875,17.9,0.0
2054-05-21,34.099072265625,19.5517578125,0.0
2054-05-22,32.0,17.86834032948327,0.0
2054-05-23,31.0,16.5,0.0
2054-05-24,28.1,15.7,0.0
2054-05-25,27.2,13.6,0.0
2054-05-26,25.9,13.9,0.0
2054-05-27,26.22098541931696,14.5,0.0
2054-05-28,25.5,16.2,0.0
2054-05-29,26.9,15.0,0.0
2054-05-30,26.1,14.5,0.0
2054-05-31,24.1,13.8,0.0
2054-06-01,24.8,14.2785738247839,0.0
2054-06-02,25.0,14.7,0.0
2054-06-03,20.1,10.4,0.0
2054-06-04,21.0,10.7,0.0
2054-06-05,24.7,10.9,0.0
2054-06-06,20.019960769719486,11.3,0.0
2054-06-07,24.7,12.2,0.0
2054-06-08,23.5,10.0,0.0
2054-06-09,24.5,14.7,0.0
2054-06-10,25.3,12.0,0.0
2054-06-11,25.4,12.1,0.0
2054-06-12,25.5,12.0,0.0
2054-06-13,25.2,11.7,0.0
2054-06-14,25.3,10.2,0.0
2054-06-15,25.4,11.6,0.0
2054-06-16,25.7,11.5,0.0
2054-06-17,26.0,11.5,0.0
2054-06-18,26.0,12.0,0.0
2054-06-19,25.6,11.8,0.0
2054-06-20,25.2,11.5,0.0
2054-06-21,24.7,10.287085267155081,0.0
2054-06-22,24.2,9.9,0.0
2054-06-23,24.7,11.8,0.0
2054-06-24,24.6,11.95403049802172,0.0
2054-06-25,21.9,10.4,0.0
2054-06-26,24.9,10.2,0.0
2054-06-27,24.8,14.36074265323687,0.0
2054-06-28,23.2,14.4,0.0
2054-06-29,23.0,12.4,0.0
2054-06-30,23.2,12.1,0.0
2054-07-01,24.6,11.0,0.0
2054-07-02,25.9,12.2,0.0
2054-07-03,26.0,12.6,0.0
2054-07-04,25.9,12.7,0.0
2054-07-05,25.8,13.4,0.0
2054-07-06,25.7,12.2,0.0
2054-07-07,25.1,12.0,0.0
2054-07-08,24.8,11.5,0.0
2054-07-09,25.1,11.0,0.0
2054-07-10,25.597431596865846,11.5,0.0
2054-07-11,25.2,11.7,0.0
2054-07-12,24.548354061439095,11.362755651237888,0.0
2054-07-13,22.6,11.2,0.0
2054-07-14,24.513033700422287,10.5,0.0
2054-07-15,24.7,10.0,0.0
2054-07-16,25.4,10.693003229278784,0.0
2054-07-17,25.9,11.6,0.0
2054-07-18,26.6,12.5,0.0
2054-07-19,27.2,12.6,0.0
2054-07-20,28.81424415166996,13.0,0.0
2054-07-21,29.108354194307452,14.2,0.0
2054-07-22,27.0,15.0,0.0
2054-07-23,27.2,13.0,0.0
2054-07-24,27.6,12.5,0.0
2054-07-25,28.2,12.6,0.0
2054-07-26,28.2,13.5,0.0
2054-07-27,27.0,14.4,0.0
2054-07-28,26.7,14.0,0.0
2054-07-29,27.2,13.543185527275245,0.0
2054-07-30,28.9,13.6,0.0
2054-07-31,30.0,14.2,0.0
2054-08-01,31.1,14.7,0.0
2054-08-02,28.0,16.7,0.0
2054-08-03,27.0,15.5,0.0
2054-08-04,28.6,13.9,0.0
2054-08-05,31.0,14.6,0.0
2054-08-06,31.2,15.9,0.0
2054-08-07,30.5,15.7,0.0
2054-08-08,30.744046465733756,15.5,0.0
2054-08-09,31.9,15.636762550741173,0.0
2054-08-10,31.75703843883467,16.4,0.0
2054-08-11,30.4,15.7,0.0
2054-08-12,29.9,14.7,0.0
2054-08-13,30.792055974165763,14.4,0.0
2054-08-14,30.360464401045665,15.6,0.0
2054-08-15,29.6,16.097374888779658,0.0
2054-08-16,28.7,15.6,0.0
2054-08-17,28.1,15.2,0.0
2054-08-18,28.2,14.4,0.0
2054-08-19,28.8,13.0,0.0
2054-08-20,29.5,12.6,0.0
2054-08-21,30.6,13.3,0.0
2054-08-22,31.2,14.2,0.0
2054-08-23,31.72562706907406,15.0,0.0
2054-08-24,30.8,16.759668000973846,0.0
2054-08-25,29.1,15.9,0.0
2054-08-26,28.5,15.5,0.0
2054-08-27,28.6,15.3,0.0
2054-08-28,29.6,14.8,0.0
2054-08-29,30.0,15.5,0.0
2054-08-30,29.6,16.4,0.0
2054-08-31,29.6,15.6,0.0
2054-09-01,30.8,15.0,0.0
2054-09-02,31.6,15.6,0.0
2054-09-03,31.6,16.5,0.0
2054-09-04,29.5,17.5,0.0
2054-09-05,30.1,16.2,0.0
2054-09-06,31.1,16.9,0.0
2054-09-07,32.0,17.9,0.0
2054-09-08,32.0,17.9,0.0
2054-09-09,32.9,16.9,0.0
2054-09-10,33.4,17.4,0.0
2054-09-11,31.923441684175838,18.7,0.0
2054-09-12,31.0,17.2,0.0
2054-09-13,31.4,16.9,0.0
2054-09-14,31.8,16.4,0.0
2054-09-15,32.0,17.1,0.0
2054-09-16,33.1,17.253418613274007,0.0
2054-09-17,34.3,17.7,0.0
2054-09-18,34.2,19.0,0.0
2054-09-19,33.512051852485676,20.0,0.0
2054-09-20,32.9,19.645861804120987,0.0
2054-09-21,32.5,19.2,0.0
2054-09-22,32.0,18.31649981460882,0.0
2054-09-23,32.1,17.8,0.0
2054-09-24,33.9,17.6,0.0
2054-09-25,38.10825633807571,18.5,0.0
2054-09-26,39.077392578125,20.0,0.0
2054-09-27,40.405517578125,21.2,0.0
2054-09-28,40.154541015625,21.37870534078367,0.0
2054-09-29,35.58200440780515,21.63714878880267,0.0
2054-09-30,33.2,20.5,0.0
2054-10-01,33.2,18.7,0.0
2054-10-02,33.94493003229278,18.0,0.0
2054-10-03,36.281928403107074,18.5,0.0
2054-10-04,35.5,20.4,0.0
2054-10-05,33.2,19.6,0.0
2054-10-06,33.0,18.0,0.0
2054-10-07,34.31254036598492,18.0,0.0
2054-10-08,35.824811625403655,18.0,0.0
2054-10-09,37.9199760300955,18.4,0.0
2054-10-10,38.3679485924911,20.3,0.0
2054-10-11,37.922969308904705,22.045983584499446,0.0
2054-10-12,36.0,21.740189991282165,0.0
2054-10-13,33.2,21.1,0.0
2054-10-14,33.3,19.83837459634014,0.0
2054-10-15,35.2,20.0,0.0
2054-10-16,36.6,20.0,0.0
2054-10-17,37.2,21.0,0.0
2054-10-18,36.6,22.064454386437014,0.0
2054-10-19,36.39028307101503,21.0,0.0
2054-10-20,36.3,21.0,0.0
2054-10-21,37.2,21.4,0.0
2054-10-22,36.77126137586847,21.737351172813476,0.0
2054-10-23,36.0,21.211667025475418,0.0
2054-10-24,36.6,20.2,0.0
2054-10-25,36.9,20.3,0.0
2054-10-26,38.0,20.3,0.0
2054-10-27,38.34258170312576,21.738770582047817,0.0
2054-10-28,38.20426359692429,22.1,0.0
2054-10-29,38.24968404072032,22.685999022718253,0.0
2054-10-30,38.0,22.6,0.0
2054-10-31,38.010541078876784,23.0,0.0
2054-11-01,39.25010027527268,22.9,0.0
2054-11-02,39.544189453125,22.9,0.0
2054-11-03,39.968505859375,23.2,0.0
2054-11-04,40.047119140625,23.2,0.0
2054-11-05,39.41828013554059,23.2,0.0
2054-11-06,36.0,23.2,0.0
2054-11-07,35.7,22.109225173144537,0.0
2054-11-08,37.27745908151915,22.4124675223393,0.0
2054-11-09,35.5,21.9,0.0
2054-11-10,32.8,19.5,0.0
2054-11-11,34.38316648127549,19.9,0.0
2054-11-12,36.4,21.037105507496857,0.0
2054-11-13,37.41547784575454,22.31785340446608,0.0
2054-11-14,38.92492726472075,23.745608416304812,0.0
2054-11-15,40.044921875,23.386014146337313,0.0
2054-11-16,36.272920266016605,19.5,3.111857707509881
2054-11-17,28.9,19.19950794092202,0.0
2054-11-18,28.7,18.7,0.0
2054-11-19,31.7,17.8,0.0
2054-11-20,34.0,19.9,0.0
2054-11-21,32.4,19.8,0.3583003952569169
2054-11-22,31.9,19.4,5.8
2054-11-23,31.0,19.8,6.751383399209483
2054-11-24,31.1,19.6,1.8
2054-11-25,33.0,18.54785674559034,0.0
2054-11-26,34.20648355722883,20.6,0.0
2054-11-27,34.2,22.091236689913654,0.0
2054-11-28,32.7,20.1,0.0
2054-11-29,35.2,20.0,0.0
2054-11-30,36.2,21.0,0.0
2054-12-01,33.7,20.2,0.0
2054-12-02,34.539111328125,19.9,0.0
2054-12-03,34.152195204423286,20.67782655931202,0.0
2054-12-04,30.5,19.9,9.8
2054-12-05,31.2,20.3,6.6
2054-12-06,31.937489799993052,19.9,3.1
2054-12-07,30.2,19.5,18.8
2054-12-08,27.5,19.150333310261388,35.535714285714285
2054-12-09,29.2,19.8,19.0
2054-12-10,25.0,19.6,4.2
2054-12-11,27.0,19.9,4.0
2054-12-12,30.0,19.0,53.28000000000002
2054-12-13,29.5,18.7,5.8
2054-12-14,31.524434876210968,18.9,48.271428571428565
2054-12-15,26.5,19.5,25.0
2054-12-16,27.9,19.593701687097866,13.4
2054-12-17,29.0,19.5,47.89999999999999
2054-12-18,25.637641476898636,19.2,1.7
2054-12-19,28.7,18.7,6.3
2054-12-20,25.0,19.4,9.2
2054-12-21,25.0,19.2,1.3
2054-12-22,25.7,19.4,0.0
2054-12-23,27.9,19.9,0.0
2054-12-24,29.0,19.5266444642366,3.0250000000000026
2054-12-25,27.6,19.9,0.0
2054-12-26,30.2103175960484,18.4,0.0
2054-12-27,29.0,17.6,0.0
2054-12-28,29.0,19.6,5.5
2054-12-29,27.6,19.4,0.0
2054-12-30,28.6,19.5,0.0
2054-12-31,31.8,19.4,0.0
2055-01-01,31.6,19.9,19.3531598513011
2055-01-02,31.2,19.9,1.8
2055-01-03,30.979720301571753,19.825222681096026,40.054869888475814
2055-01-04,24.6,19.7,69.13654825829546
2055-01-05,27.5,18.5,0.0
2055-01-06,27.9,15.6,0.0
2055-01-07,28.8,14.767959025415562,0.0
2055-01-08,30.0,13.436041936060267,0.0
2055-01-09,31.6,13.850807370600336,0.0
2055-01-10,31.930991106631627,15.7,0.0
2055-01-11,36.94013671875,17.6,0.0
2055-01-12,37.766064453125,17.8,0.0
2055-01-13,32.050233458683415,19.5,1.7
2055-01-14,33.828248985745915,19.9,0.0
2055-01-15,33.422231093026824,19.987635111417294,0.0
2055-01-16,30.1,19.9,21.6
2055-01-17,31.74356113313555,19.2,0.0
2055-01-18,28.9,19.9,2.4
2055-01-19,29.5,19.6,0.0
2055-01-20,30.9,18.9,0.0
2055-01-21,29.4,18.2,20.75557620817843
2055-01-22,28.5,19.68670204488905,4.438104089219331
2055-01-23,27.3,19.7,6.449256505576207
2055-01-24,29.0,19.7,5.611028500619576
2055-01-25,28.7,18.6,0.0
2055-01-26,30.7,16.4,0.0
2055-01-27,31.49270069684437,16.8,0.0
2055-01-28,30.818816792249724,17.2,0.0
2055-01-29,31.1,19.3,0.0
2055-01-30,31.754063330143037,19.8,0.0
2055-01-31,31.713769186522473,18.8,0.0
2055-02-01,34.06269566394501,17.5,0.0
2055-02-02,32.7,18.1,0.0
2055-02-03,29.397339269438405,18.5,19.692609699769054
2055-02-04,32.82991075321956,17.9,0.0
2055-02-05,32.731753736428026,18.7,0.1505773672055471
2055-02-06,30.9,19.0,0.0
2055-02-07,34.344922081494204,18.9,2.0
2055-02-08,31.2,19.629592221520298,6.4
2055-02-09,32.90851807707588,19.519623250637384,0.0
2055-02-10,34.31286591834864,18.9,0.0
2055-02-11,35.03731081625084,18.6,0.0
2055-02-12,32.0,20.145999357156054,0.0
2055-02-13,30.8,20.01728127432294,1.5993071593533494
2055-02-14,31.82133492252682,20.038140955335223,0.0
2055-02-15,32.8,19.972347866767645,0.0
2055-02-16,30.5,19.601484783561013,1.810854503464203
2055-02-17,30.7,18.9,11.774595842956124
2055-02-18,32.153480655864435,19.7,4.8
2055-02-19,32.0,19.518210835194843,4.091685912240185
2055-02-20,27.3,20.049955997842396,0.9
2055-02-21,28.9,19.9,0.0
2055-02-22,29.9,19.7,21.438799076212476
2055-02-23,32.9,19.7,29.23556581986143
2055-02-24,34.207221145517956,19.617580220257953,21.34324480369515
2055-02-25,34.21361180893004,19.1,3.5
2055-02-26,31.0,19.526564263669297,14.977482678983833
2055-02-27,27.72399854899725,19.52091460189913,47.81524249422632
2055-02-28,24.0,18.7,0.0
2055-03-01,26.5,18.2,0.0
2055-03-02,29.4,18.1,0.0
2055-03-03,30.7,17.8,0.0
2055-03-04,30.6,17.0,0.0
2055-03-05,30.6,17.2,0.0
2055-03-06,29.8,16.3,0.0
2055-03-07,29.9,15.6,0.0
2055-03-08,31.1,16.4,0.0
2055-03-09,30.6,19.8826551847865,4.725
2055-03-10,30.2,19.9,4.9
2055-03-11,30.1,19.4,3.6
2055-03-12,29.0,19.1,0.0
2055-03-13,25.5,19.0,0.0
2055-03-14,27.9,19.3,0.0
2055-03-15,28.3,19.102647891925642,0.0
2055-03-16,29.7,22.15439453125,0.0
2055-03-17,30.7,19.0,0.0
2055-03-18,32.9,23.9234375,0.0
2055-03-19,32.9,23.857275390625,0.0
2055-03-20,33.035885167464116,20.13953523713036,0.0
2055-03-21,32.9,19.9,0.0
2055-03-22,31.6,20.261735349922294,0.0
2055-03-23,32.9,22.09677734375,0.0
2055-03-24,33.032057416267946,22.0197509765625,2.0799999999999996
2055-03-25,31.8,19.1,0.0
2055-03-26,28.5,22.77933349609375,0.0
2055-03-27,28.4,20.277428555871552,0.0
2055-03-28,29.9,21.9423583984375,0.0
2055-03-29,29.9,22.510107421875,0.0
2055-03-30,28.6,22.666357421875,0.0
2055-03-31,29.7,17.8,0.0
2055-04-01,31.1,16.7,0.0
2055-04-02,31.7,15.9,0.0
2055-04-03,32.2,19.2,0.0
2055-04-04,31.3,18.1,0.0
2055-04-05,29.9,18.1,0.0
2055-04-06,30.3,19.0,0.0
2055-04-07,31.7,18.70106007067138,0.0
2055-04-08,32.44031852472757,19.7,0.0
2055-04-09,30.9,19.4,0.0
2055-04-10,31.661686746987954,19.0,0.0
2055-04-11,32.5,17.3,0.0
2055-04-12,32.90996784565915,18.4,0.0
2055-04-13,33.2,18.6,0.0
2055-04-14,32.5,19.0,0.0
2055-04-15,31.455367231638412,18.546895424836606,0.0
2055-04-16,31.25675105485232,19.4,1.6
2055-04-17,30.6,18.6,0.0
2055-04-18,31.45621468926554,18.6,0.0
2055-04-19,31.7,19.7,0.0
2055-04-20,31.5,19.7,0.0
2055-04-21,30.2,19.7,0.0
2055-04-22,30.0,19.152991452991454,0.0
2055-04-23,29.5,17.4,0.0
2055-04-24,29.8,15.4,0.0
2055-04-25,31.3,14.1,0.0
2055-04-26,31.7,15.4,0.0
2055-04-27,32.5,16.3,0.0
2055-04-28,32.623529411764714,17.363888888888894,0.0
2055-04-29,32.0,17.0,0.0
2055-04-30,31.20210970464135,16.8,0.0
2055-05-01,28.0,14.6,0.0
2055-05-02,27.2,12.2,0.0
2055-05-03,27.2,10.2,0.0
2055-05-04,28.6,8.4,0.0
2055-05-05,29.7,9.2,0.0
2055-05-06,30.36247885591264,12.0,0.0
2055-05-07,31.0,13.9,0.0
2055-05-08,31.6,14.3,0.0
2055-05-09,31.0,14.4,0.0
2055-05-10,29.0,16.5,0.0
2055-05-11,28.9,14.7,0.0
2055-05-12,28.5,15.2,0.0
2055-05-13,28.6976191485214,17.0,0.0
2055-05-14,29.2,15.0,0.0
2055-05-15,28.2,15.0,0.0
2055-05-16,29.0,12.8,0.0
2055-05-17,28.9,13.561053981632032,0.0
2055-05-18,28.9,13.91593437061681,0.0
2055-05-19,28.961201560818072,13.5,0.0
2055-05-20,30.1,13.5,0.0
2055-05-21,30.7,14.7,0.0
2055-05-22,30.0,15.2,0.0
2055-05-23,29.1,15.2,0.0
2055-05-24,28.0,13.5,0.0
2055-05-25,28.4,11.9,0.0
2055-05-26,28.6,9.668654467168993,0.0
2055-05-27,28.71043930377561,11.5,0.0
2055-05-28,29.4,10.7,0.0
2055-05-29,30.7,11.5,0.0
2055-05-30,32.0,14.0,0.0
2055-05-31,32.0,16.5,0.0
2055-06-01,29.0,15.9,0.0
2055-06-02,27.9,14.7,0.0
2055-06-03,29.5,14.435329378321601,0.0
2055-06-04,31.125976239688093,15.074777338805578,0.0
2055-06-05,31.253461731448763,15.812925101011997,0.0
2055-06-06,30.4,15.9,0.0
2055-06-07,30.4,15.4,0.0
2055-06-08,29.30162235817576,15.435407856362811,0.0
2055-06-09,28.0,14.7,0.0
2055-06-10,25.6,13.2,0.0
2055-06-11,24.9,12.3,0.0
2055-06-12,24.8,12.4,0.0
2055-06-13,25.7,11.0,0.0
2055-06-14,24.0,13.0,0.0
2055-06-15,25.5,12.0,0.0
2055-06-16,25.947761777350212,11.5,0.0
2055-06-17,26.8,10.9,0.0
2055-06-18,27.9,11.5,0.0
2055-06-19,30.4,12.4,0.0
2055-06-20,27.2,13.2,0.0
2055-06-21,25.7,11.4,0.0
2055-06-22,26.2,10.7,0.0
2055-06-23,25.8,11.6,0.0
2055-06-24,25.9,11.8,0.0
2055-06-25,25.607298232604133,11.9,0.0
2055-06-26,25.4,12.0,0.0
2055-06-27,25.4,11.9,0.0
2055-06-28,25.6,11.8,0.0
2055-06-29,25.6,11.8,0.0
2055-06-30,25.5,11.8,0.0
2055-07-01,24.3,11.941693577323283,0.0
2055-07-02,24.0,11.1,0.0
2055-07-03,24.6,10.7,0.0
2055-07-04,25.7,11.093883554125055,0.0
2055-07-05,26.4,11.5,0.0
2055-07-06,26.9,11.72604154208029,0.0
2055-07-07,27.6,12.6,0.0
2055-07-08,28.2,13.4,0.0
2055-07-09,29.2,13.6,0.0
2055-07-10,29.7,13.6,0.0
2055-07-11,31.213843995361366,14.2,0.0
2055-07-12,29.253814558338366,15.3,0.0
2055-07-13,27.598254000109463,15.2,0.0
2055-07-14,27.9,14.2,0.0
2055-07-15,26.7,14.3,0.0
2055-07-16,22.4,12.9,0.0
2055-07-17,23.0,11.0,0.0
2055-07-18,23.8,9.8,0.0
2055-07-19,24.536580607766822,10.0,0.0
2055-07-20,25.2,10.5,0.0
2055-07-21,25.6,11.035078707009557,0.0
2055-07-22,25.7,11.1,0.0
2055-07-23,26.1,11.5,0.0
2055-07-24,26.4,12.1,0.0
2055-07-25,26.3,12.2,0.0
2055-07-26,26.904739747907897,12.4,0.0
2055-07-27,27.3,13.4,0.0
2055-07-28,27.7,13.8,0.0
2055-07-29,29.308412249469406,14.224762901373566,0.0
2055-07-30,30.7,15.2,0.0
2055-07-31,29.2,15.454995769563151,0.0
2055-08-01,30.5,16.8160455485263,0.0
2055-08-02,31.469727957725805,17.0,0.0
2055-08-03,32.5,18.03570846089683,0.0
2055-08-04,31.9,17.0,0.0
2055-08-05,30.84104259572504,16.764884033916683,0.0
2055-08-06,25.7,15.2,0.0
2055-08-07,25.8,14.0,0.0
2055-08-08,27.3,12.3,0.0
2055-08-09,28.3,13.9,0.0
2055-08-10,28.7,14.9,0.0
2055-08-11,29.6,15.3,0.0
2055-08-12,30.0,16.026414131672436,0.0
2055-08-13,30.0,16.7,0.0
2055-08-14,31.755481093093497,16.7,0.0
2055-08-15,33.739646797631764,17.4,0.0
2055-08-16,34.55127565504005,18.333816256718084,0.0
2055-08-17,33.34308640767197,18.609229048878106,0.0
2055-08-18,37.755615234375,18.445695740196257,0.0
2055-08-19,37.621337890625,18.50980900660078,0.0
2055-08-20,30.5,18.46682456564293,0.0
2055-08-21,31.0,17.6212695630611,0.0
2055-08-22,32.6,17.0,0.0
2055-08-23,37.759033203125,18.44367111073085,0.0
2055-08-24,32.1,19.510164052068088,0.0
2055-08-25,31.4,18.0,0.0
2055-08-26,31.2,17.2,0.0
2055-08-27,30.75504305705058,17.804427876138305,0.0
2055-08-28,29.5,16.4,0.0
2055-08-29,29.6,14.618346340150694,0.0
2055-08-30,30.3,16.2,0.0
2055-08-31,31.2,17.0,0.0
2055-09-01,34.85041108478019,18.5,0.0
2055-09-02,35.47019677035787,19.3,0.0
2055-09-03,35.33339204824425,18.4,0.0
2055-09-04,34.2,20.5,0.0
2055-09-05,32.9,19.5,0.0
2055-09-06,32.9,18.4,0.0
2055-09-07,35.14826086413119,18.346225847649652,0.0
2055-09-08,38.348230412866855,18.6,0.0
2055-09-09,35.36900019140137,20.5,0.0
2055-09-10,33.4,19.33453219626746,0.0
2055-09-11,34.0,16.9,0.0
2055-09-12,35.3,17.2,0.0
2055-09-13,35.2,19.0,0.0
2055-09-14,36.036245958041235,19.2,0.0
2055-09-15,39.111083984375,20.2,0.0
2055-09-16,38.86657441441614,21.2,0.0
2055-09-17,35.1,21.21859178204785,0.0
2055-09-18,33.3,19.324162649857875,0.0
2055-09-19,33.1,19.5,0.0
2055-09-20,31.6,19.7,0.0
2055-09-21,31.4,17.8,0.0
2055-09-22,32.0,17.8,0.0
2055-09-23,31.213179479030426,18.629144771329578,0.0
2055-09-24,31.3,17.9,0.0
2055-09-25,31.846630242753385,17.8,0.0
2055-09-26,32.8,18.4,0.0
2055-09-27,34.4,18.90144846182721,0.0
2055-09-28,33.9,20.5,0.0
2055-09-29,33.5,20.4,0.0
2055-09-30,33.2,18.6,0.0
2055-10-01,32.1,16.9,0.0
2055-10-02,33.2,16.9,0.0
2055-10-03,34.7,17.9,0.0
2055-10-04,38.112051526123295,20.0,0.0
2055-10-05,38.983740234375,22.1,0.0
2055-10-06,40.176611328125,24.40107421875,0.9
2055-10-07,38.24814145961028,20.0,10.857534246575346
2055-10-08,38.0,19.0,0.0
2055-10-09,38.02072530675105,22.92198880965195,0.0
2055-10-10,38.21986080592596,21.6,0.0
2055-10-11,39.277197265625,21.222451381413705,0.0
2055-10-12,39.01181640625,18.3,0.0
2055-10-13,38.59482421875,20.3,0.0
2055-10-14,38.03303709370833,23.724125751126014,0.0
2055-10-15,38.29647566772528,22.0,0.0
2055-10-16,38.534033203125,24.589306640625,0.0
2055-10-17,39.23544921875,24.018017578125,0.0
2055-10-18,39.5357421875,24.360302734375,0.0
2055-10-19,38.31292986623251,23.585189859322202,0.0
2055-10-20,38.0275523608726,22.886944967707183,0.0
2055-10-21,38.05429043344684,22.1,0.0
2055-10-22,38.579931640625,22.0,0.0
2055-10-23,36.9,23.009505623015485,0.0
2055-10-24,36.0,22.6,0.0
2055-10-25,36.4,22.1,0.0
2055-10-26,36.6,22.6,0.0
2055-10-27,37.2,22.1,0.0
2055-10-28,38.044863548885424,22.0,0.0
2055-10-29,38.761083984375,22.2,0.0
2055-10-30,38.664404296875,23.707671094743713,0.0
2055-10-31,36.9,23.0,0.0
2055-11-01,36.2,22.0,0.0
2055-11-02,38.42188572029332,22.1,0.0
2055-11-03,35.2,20.7,0.0
2055-11-04,33.9,19.5,0.0
2055-11-05,32.1,18.7,0.0
2055-11-06,32.5,20.1,0.0
2055-11-07,34.0,22.3,0.0
2055-11-08,34.5,20.7,0.0
2055-11-09,36.4,21.5,0.0
2055-11-10,36.8,23.728730686319054,0.0
2055-11-11,35.5,21.9,0.1
2055-11-12,35.2,21.432037581439698,0.0
2055-11-13,35.1,22.42211005257996,0.0
2055-11-14,35.2,21.9,0.0
2055-11-15,37.2,23.49329201668558,0.0
2055-11-16,36.963811269920214,21.0,0.1
2055-11-17,32.9,19.8,3.17905138339921
2055-11-18,32.103794339389445,19.8,5.8
2055-11-19,30.2,20.0,6.260079051383382
2055-11-20,28.3,19.5,4.0
2055-11-21,29.0,18.4,0.0
2055-11-22,30.6,17.2,0.0
2055-11-23,31.9,16.0,0.0
2055-11-24,32.4,16.5,0.0
2055-11-25,33.713300492610834,16.4,0.0
2055-11-26,34.0,18.5,0.0
2055-11-27,35.18974507443583,19.4,0.0
2055-11-28,35.246528822875085,20.3,0.0
2055-11-29,29.0,19.4,2.4
2055-11-30,31.1,18.5,0.0
2055-12-01,33.1,20.301381855077615,0.0
2055-12-02,33.7,19.9,0.0
2055-12-03,33.7,23.652587890625,0.0
2055-12-04,32.19885898815931,20.3,1.3666666666666671
2055-12-05,29.5,19.5,0.0
2055-12-06,31.1,19.88516802249319,0.0
2055-12-07,31.826853399903808,19.9,5.6
2055-12-08,31.219996385722016,19.7,1.7
2055-12-09,28.7,19.2,42.0
2055-12-10,26.5,19.587746637474268,0.0
2055-12-11,29.2,19.5,0.0
2055-12-12,30.3,19.5,25.0
2055-12-13,30.0,19.8,2.4
2055-12-14,27.9,19.9,22.549999999999997
2055-12-15,29.62291200251698,19.6,34.4
2055-12-16,30.5,19.5,26.899999999999988
2055-12-17,31.8,18.9,0.0
2055-12-18,31.0,19.2,0.0
2055-12-19,30.4,19.6,0.0
2055-12-20,30.8,19.4,0.7
2055-12-21,32.5040684607104,19.4,0.0
2055-12-22,30.4,19.6,2.7
2055-12-23,28.0,19.9,8.733333333333338
2055-12-24,25.6,19.5,38.23
2055-12-25,25.2,19.4,34.6
2055-12-26,25.0,19.2,1.25
2055-12-27,25.5,19.4,8.733333333333338
2055-12-28,25.00544600716829,19.5,7.2
2055-12-29,26.5,19.2,10.0
2055-12-30,27.0,19.23857991468325,9.2
2055-12-31,27.6,19.5,33.1
2056-01-01,28.9,19.9,52.1
2056-01-02,28.5,19.870091593773363,6.4
2056-01-03,29.0,19.8,20.7
2056-01-04,27.1,19.8,0.0
2056-01-05,26.8,19.8,1.2
2056-01-06,30.2,19.86762691950289,0.0
2056-01-07,31.9,19.803857422825537,0.0
2056-01-08,31.679765128227878,19.963619883454662,30.290055762081774
2056-01-09,28.4,19.84790952533908,5.2
2056-01-10,26.6,19.889319429349197,37.55462360594795
2056-01-11,26.0,19.88526791000048,1.8
2056-01-12,27.0,19.8,37.49200743494423
2056-01-13,29.2,19.8,1.9
2056-01-14,29.0,19.4,0.0
2056-01-15,31.2,17.4,0.0
2056-01-16,32.053371870325584,19.8,0.0
2056-01-17,30.9,19.862039199067762,0.0
2056-01-18,27.6,18.7,0.0
2056-01-19,28.4,18.9,0.0
2056-01-20,29.2,18.5,0.0
2056-01-21,30.4,19.802016552008485,1.4
2056-01-22,30.9,19.896342062886998,23.927881040892178
2056-01-23,31.9,19.804471046431207,3.935873605947954
2056-01-24,29.7,19.896409588209472,9.0
2056-01-25,31.1,19.8,32.596561338289945
2056-01-26,30.9,19.88514130002083,57.577323420074386
2056-01-27,25.8,19.8,63.051060572927966
2056-01-28,29.7,19.7,7.302973977695163
2056-01-29,29.8,19.873147114615527,14.0
2056-01-30,29.5,19.881824118554057,24.559070631970247
2056-01-31,27.0,19.7,56.28921933085488
2056-02-01,28.5,17.51440286054827,57.416856405379775
2056-02-02,31.658104006059236,17.9,17.377598152424945
2056-02-03,34.35709313808957,19.0,0.0
2056-02-04,35.55730568557653,18.6,0.0
2056-02-05,31.9,20.006364160110458,0.8
2056-02-06,28.8,19.2,0.0
2056-02-07,30.4,18.9,10.412933025404158
2056-02-08,29.6,18.9,0.0
2056-02-09,26.2,17.6,0.0
2056-02-10,26.6,19.7,0.0
2056-02-11,28.4,20.014843204203245,0.0
2056-02-12,29.0,20.041682030150664,0.0
2056-02-13,27.3,19.843016721692848,0.0
2056-02-14,26.1,19.2,14.952193995381062
2056-02-15,24.6,19.0,42.92164302210496
2056-02-16,24.57623830086559,19.0,1.4
2056-02-17,24.4,19.0,4.397228637413398
2056-02-18,29.0,19.0,0.0
2056-02-19,29.6,19.5,0.0
2056-02-20,30.2,20.02143258290511,4.8
2056-02-21,30.0,19.766242119268128,2.3
2056-02-22,26.609369785458913,18.6,11.774595842956124
2056-02-23,27.4,19.5,13.111547344110862
2056-02-24,27.6,19.2,0.0
2056-02-25,27.5,18.8,0.0
2056-02-26,30.9,17.6,0.0
2056-02-27,30.9,18.6,0.0
2056-02-28,30.5,17.9,0.6
2056-03-01,30.412121212121207,19.9,43.0
2056-03-02,28.8,22.323126220703124,3.6
2056-03-03,27.102040816326532,19.4,0.0
2056-03-04,27.3,19.9,14.945454545454545
2056-03-05,26.4,19.9,16.14375
2056-03-06,26.7,19.9,2.3076923076923075
2056-03-07,24.8,19.628970083473803,18.015999999999995
2056-03-08,28.2,19.4,16.375
2056-03-09,30.7,19.9,10.9
2056-03-10,31.0,19.310582098203188,28.89565217391305
2056-03-11,31.96754966887417,19.9,20.471428571428568
2056-03-12,32.662441314553995,22.160498046875,23.75000000000002
2056-03-13,32.831210191082796,19.4,2.4
2056-03-14,30.0,22.07578125,6.4
2056-03-15,30.2,19.9,39.192
2056-03-16,28.5,20.26717695693875,8.159999999999998
2056-03-17,26.4,19.50576041826847,1.7
2056-03-18,27.0,19.0,0.0
2056-03-19,29.1,18.9,0.0
2056-03-20,28.0,18.3,0.0
2056-03-21,26.5,17.0,0.0
2056-03-22,29.9,18.0,0.0
2056-03-23,30.691666666666666,19.42927141319388,0.0
2056-03-24,30.7,19.1,0.8
2056-03-25,30.7,19.9,0.0
2056-03-26,30.7,19.9,0.0
2056-03-27,32.0,22.429052734375,0.0
2056-03-28,33.03062200956938,23.308447265625,0.0
2056-03-29,32.6887323943662,19.84748475062791,0.0
2056-03-30,27.185714285714287,19.0,0.0
2056-03-31,25.5,19.2,0.0
2056-04-01,26.9,17.1,0.0
2056-04-02,28.6,15.8,0.0
2056-04-03,30.057142857142857,14.4,0.0
2056-04-04,31.499435028248584,17.0,0.0
2056-04-05,31.7,18.88749367088607,0.0
2056-04-06,31.7,17.5,0.0
2056-04-07,30.2,17.9,0.0
2056-04-08,29.5,16.8,0.0
2056-04-09,24.6,15.6,0.0
2056-04-10,28.4,18.4,0.0
2056-04-11,25.7,19.4,26.404429465575348
2056-04-12,27.6,17.9,0.0
2056-04-13,26.8,15.8,0.0
2056-04-14,26.8,16.4,0.0
2056-04-15,26.4,12.7,0.0
2056-04-16,26.8,11.27741935483871,0.0
2056-04-17,27.4,11.192430278884462,0.0
2056-04-18,28.3,11.310365853658539,0.0
2056-04-19,29.0,11.5,0.0
2056-04-20,27.8,13.2,0.0
2056-04-21,28.9,12.0,0.0
2056-04-22,28.2,13.9,0.0
2056-04-23,27.2,16.390625000000004,0.0
2056-04-24,27.0,13.3,0.0
2056-04-25,27.2,11.9,0.0
2056-04-26,29.1,10.7,0.0
2056-04-27,30.7,11.5,0.0
2056-04-28,31.621927710843373,12.6,0.0
2056-04-29,30.2,16.4,0.0
2056-04-30,29.5,15.5,0.0
2056-05-01,28.9,13.2,0.0
2056-05-02,28.7,13.2,0.0
2056-05-03,28.678677436579843,12.2,0.0
2056-05-04,27.5,12.2,0.0
2056-05-05,28.0,11.9,0.0
2056-05-06,28.89458387626762,12.0,0.0
2056-05-07,27.56737449848322,14.5,0.0
2056-05-08,25.3,14.9,0.0
2056-05-09,26.2,11.5,0.0
2056-05-10,26.5,11.8,0.0
2056-05-11,25.4,11.5,0.0
2056-05-12,24.8,10.3,0.0
2056-05-13,25.7,8.5,0.0
2056-05-14,27.061208996657406,9.0,0.0
2056-05-15,28.4,9.840796555435945,0.0
2056-05-16,28.6,12.4,0.0
2056-05-17,28.63941986289728,12.5,0.0
2056-05-18,29.2,13.6,0.0
2056-05-19,30.0,14.5,0.0
2056-05-20,30.0,14.6,0.0
2056-05-21,28.5,14.6,0.0
2056-05-22,28.5,11.9,0.0
2056-05-23,28.9,11.6,0.0
2056-05-24,29.2,12.4,0.0
2056-05-25,29.88689433433939,13.6,0.0
2056-05-26,30.5,14.5,0.0
2056-05-27,29.2,14.0,0.0
2056-05-28,24.7,14.4,0.0
2056-05-29,25.9,12.5,0.0
2056-05-30,26.0,10.0,0.0
2056-05-31,26.1,8.6,0.0
2056-06-01,25.5,10.2,0.0
2056-06-02,25.26385941644563,11.5,0.0
2056-06-03,25.9,11.6,0.0
2056-06-04,25.757697231724972,12.2,0.0
2056-06-05,25.8,12.3,0.0
2056-06-06,25.7,12.3,0.0
2056-06-07,26.2,12.2,0.0
2056-06-08,24.4,14.7,0.0
2056-06-09,25.9,14.5,0.0
2056-06-10,25.6,12.0,0.0
2056-06-11,25.6,11.5,0.0
2056-06-12,25.30765760405619,11.4,0.0
2056-06-13,25.0,11.5,0.0
2056-06-14,25.4,12.530903618399533,0.0
2056-06-15,25.5,11.9,0.0
2056-06-16,25.7,12.3,0.0
2056-06-17,25.7,12.3,0.0
2056-06-18,26.2,12.778622712104372,0.0
2056-06-19,27.0,12.2,0.0
2056-06-20,27.7,12.0,0.0
2056-06-21,28.0,12.6495527437894,0.0
2056-06-22,28.2,13.2,0.0
2056-06-23,30.414439231996912,12.9,0.0
2056-06-24,30.636576108814356,14.0,0.0
2056-06-25,28.2,15.010233592880986,0.0
2056-06-26,27.6,13.981777137996483,0.0
2056-06-27,26.7,13.0,0.0
2056-06-28,27.250813769685614,11.8,0.0
2056-06-29,27.0,12.0,0.0
2056-06-30,27.6,12.2,0.0
2056-07-01,27.972390403586118,12.6,0.0
2056-07-02,27.3,14.0,0.0
2056-07-03,26.9,13.644204907908518,0.0
2056-07-04,26.6,13.0,0.0
2056-07-05,26.6,12.0,0.0
2056-07-06,26.7,12.0,0.0
2056-07-07,26.6,11.6,0.0
2056-07-08,26.7,11.1,0.0
2056-07-09,27.0,11.7,0.0
2056-07-10,27.2,12.4,0.0
2056-07-11,26.9,12.9,0.0
2056-07-12,27.6,13.8,0.0
2056-07-13,27.87286629010241,14.2,0.0
2056-07-14,27.24774913602628,14.2,0.0
2056-07-15,26.9,14.0,0.0
2056-07-16,26.7,14.0,0.0
2056-07-17,26.0,13.4,0.0
2056-07-18,25.9,12.2,0.0
2056-07-19,21.02645383181496,13.6,0.0
2056-07-20,24.2,12.8,0.0
2056-07-21,22.6,11.4,0.0
2056-07-22,25.4,10.458342303552202,0.0
2056-07-23,24.085683530678143,14.2,0.0
2056-07-24,26.0,12.4,0.0
2056-07-25,26.7,12.2,0.0
2056-07-26,27.6,12.8,0.0
2056-07-27,29.2,14.0,0.0
2056-07-28,29.2,13.9,0.0
2056-07-29,29.7,13.6,0.0
2056-07-30,31.188750276235204,15.2,0.0
2056-07-31,30.2,16.0,0.0
2056-08-01,30.7,18.235348508121568,0.0
2056-08-02,30.4,16.804059770700192,0.0
2056-08-03,30.0,16.2,0.0
2056-08-04,31.1,15.0,0.0
2056-08-05,31.6,15.572974349549732,0.0
2056-08-06,31.6,16.7,0.0
2056-08-07,30.8,16.694753781083172,0.0
2056-08-08,29.6,15.252816271032795,0.0
2056-08-09,28.9,15.4,0.0
2056-08-10,27.6,15.7,0.0
2056-08-11,26.6,15.0,0.0
2056-08-12,27.0,14.5,0.0
2056-08-13,27.4,14.4,0.0
2056-08-14,27.0,14.91235345924258,0.0
2056-08-15,27.9,14.5,0.0
2056-08-16,29.4,14.7,0.0
2056-08-17,29.6,15.2,0.0
2056-08-18,27.8,15.8,0.0
2056-08-19,26.5,14.0,0.0
2056-08-20,27.6,13.0,0.0
2056-08-21,28.0,13.9,0.0
2056-08-22,25.506609257265875,14.8,0.0
2056-08-23,25.7,12.3,0.0
2056-08-24,27.0,13.066433440975963,0.0
2056-08-25,28.7,13.9,0.0
2056-08-26,30.4,15.0,0.0
2056-08-27,31.2,16.62517723915222,0.0
2056-08-28,30.8,17.2,0.0
2056-08-29,31.0,16.7,0.0
2056-08-30,31.6,15.558357005959726,0.0
2056-08-31,32.5,16.680596057452888,0.0
2056-09-01,30.7,19.3,0.0
2056-09-02,28.2,17.5,0.0
2056-09-03,27.9,15.4,0.0
2056-09-04,29.6,14.4,0.0
2056-09-05,31.11329760339771,13.7,0.0
2056-09-06,32.8,11.55666931511203,0.0
2056-09-07,32.9,14.2,0.0
2056-09-08,31.9,20.295799383003565,0.0
2056-09-09,32.451751946607345,19.51937986651836,0.0
2056-09-10,32.9,19.0,0.0
2056-09-11,33.0,19.2,0.0
2056-09-12,31.6,20.0,0.0
2056-09-13,31.0,18.1,0.0
2056-09-14,31.9,17.4,0.0
2056-09-15,33.7,18.2,0.0
2056-09-16,33.9,19.2,0.0
2056-09-17,33.4,18.7,0.0
2056-09-18,33.9,18.2,0.0
2056-09-19,33.0,19.222456451072933,0.0
2056-09-20,32.5,17.8,0.0
2056-09-21,33.0,17.2,0.0
2056-09-22,34.2,17.7,0.0
2056-09-23,35.497475493604014,18.807717890810224,0.0
2056-09-24,34.0,20.5,0.0
2056-09-25,32.3,19.51004727474973,0.0
2056-09-26,33.0,18.2,0.0
2056-09-27,35.12991026233894,18.0,0.0
2056-09-28,35.8854462474645,18.7,0.0
2056-09-29,35.2,19.9,0.0
2056-09-30,35.2,18.6,0.0
2056-10-01,35.4,17.8,0.0
2056-10-02,33.5,19.4,0.0
2056-10-03,34.5,17.9,0.0
2056-10-04,35.5,18.5,0.0
2056-10-05,35.9,18.0,0.0
2056-10-06,36.9,18.1,0.0
2056-10-07,35.8,20.6,0.0
2056-10-08,35.7,20.0,0.0
2056-10-09,36.0,19.7,0.0
2056-10-10,36.38145492101358,20.2,0.0
2056-10-11,36.0,20.5,0.0
2056-10-12,36.0,20.7,0.0
2056-10-13,34.9,21.3,0.0
2056-10-14,33.1,20.0,0.0
2056-10-15,33.8,19.4,0.0
2056-10-16,35.0,19.5,0.0
2056-10-17,36.6,21.5,0.0
2056-10-18,36.4,21.9,0.0
2056-10-19,35.6,21.70647902196646,0.0
2056-10-20,36.22359955488318,21.630527448869742,0.0
2056-10-21,36.247561676315705,23.707317901361765,0.0
2056-10-22,35.6,22.0,0.0
2056-10-23,36.61926902223786,21.3,0.0
2056-10-24,37.74551063664506,21.6,0.0
2056-10-25,38.06508850121722,21.9,0.0
2056-10-26,38.15490100140257,21.9,0.0
2056-10-27,38.0,21.9,0.0
2056-10-28,38.0,21.0,0.0
2056-10-29,39.913671875,20.7,0.0
2056-10-30,40.37314453125,21.0,0.0
2056-10-31,36.97970039468962,23.567395419620635,0.0
2056-11-01,37.47703164080834,21.985403827075135,0.0
2056-11-02,39.26659593236771,22.1,0.0
2056-11-03,36.0,23.2,0.0
2056-11-04,34.67538963392533,21.0,0.0
2056-11-05,34.947287109133605,20.0,0.0
2056-11-06,36.9900425374928,21.83260588049741,0.0
2056-11-07,39.3479365863192,23.396395000867315,0.0
2056-11-08,38.0010325726677,23.693842492791468,0.0
2056-11-09,34.9,20.7,0.0
2056-11-10,33.9,20.548578523941327,0.0
2056-11-11,36.3,21.66712983038279,0.0
2056-11-12,37.17157553819774,23.5371854419841,0.0
2056-11-13,35.7,23.2,0.0
2056-11-14,34.4,21.2,0.0
2056-11-15,33.7,23.2,0.0
2056-11-16,33.4,19.5,1.8
2056-11-17,31.5,18.54285714285714,11.4
2056-11-18,27.4,18.9,8.693280632411064
2056-11-19,23.271822236768486,18.4,46.350485088034496
2056-11-20,25.0,18.5,0.0
2056-11-21,28.8,18.5,0.0
2056-11-22,31.0,17.5,0.0
2056-11-23,31.3,18.5,0.0
2056-11-24,31.6,18.5,0.0
2056-11-25,32.1,19.4,0.0
2056-11-26,33.4,20.0,0.0
2056-11-27,34.0,21.5,0.0
2056-11-28,34.2,20.5,0.0
2056-11-29,34.0,20.0,1.0
2056-11-30,32.4,19.0,0.1
2056-12-01,33.1,19.400106032587185,0.0
2056-12-02,34.10685799074459,19.52763774522393,0.0
2056-12-03,34.66923828125,19.5,0.0
2056-12-04,34.140593886544494,19.9,0.0
2056-12-05,33.7,19.91106362379857,0.0
2056-12-06,33.1,23.842468261718746,0.0
2056-12-07,34.107668241517075,21.004010012413982,0.0
2056-12-08,32.1,21.0,8.733333333333338
2056-12-09,29.0,19.5585058620608,30.315
2056-12-10,25.6,19.6,87.98181818181804
2056-12-11,25.2,19.5,62.07692307692309
2056-12-12,27.258388948690346,19.5,0.0
2056-12-13,28.9,19.6,8.9
2056-12-14,29.9,19.6,48.06250000000001
2056-12-15,28.8,19.2,52.84
2056-12-16,25.664370813172113,19.0,10.55
2056-12-17,27.9,19.5,0.0
2056-12-18,25.0,18.8,0.0
2056-12-19,26.5,16.7,0.0
2056-12-20,27.17522066738428,15.7,0.0
2056-12-21,28.9,15.87428982290425,0.0
2056-12-22,29.5,16.0,0.0
2056-12-23,29.9,16.6,0.0
2056-12-24,30.0,17.3,0.0
2056-12-25,30.6,17.9,0.0
2056-12-26,30.3,18.4,0.0
2056-12-27,30.4,18.6,0.0
2056-12-28,30.8,19.5,0.0
2056-12-29,31.0,18.8,0.0
2056-12-30,32.4,17.9,0.0
2056-12-31,32.4,18.4,0.0
2057-01-01,33.26260928296035,18.7,0.0
2057-01-02,33.7071935190511,19.4,0.0
2057-01-03,35.646223560795875,19.9,0.0
2057-01-04,31.924556227305086,19.891007562411176,16.8
2057-01-05,29.7,19.8,5.4
2057-01-06,28.8,18.9,23.09566294919454
2057-01-07,31.0,19.8,2.7
2057-01-08,29.5,19.46111722020895,38.570260223048315
2057-01-09,30.7,19.834623918141375,32.326603159851295
2057-01-10,31.748490735812524,19.9,0.6
2057-01-11,29.5,19.68202844054014,32.339126394052045
2057-01-12,29.8,19.9,6.2
2057-01-13,27.8,19.871518066210733,6.046840148698882
2057-01-14,28.710968783638315,19.7,6.0
2057-01-15,26.8,19.6,8.053345724907064
2057-01-16,27.709519833405427,19.850087216989024,28.3
2057-01-17,28.9,19.8,0.0
2057-01-18,30.9,18.9,0.0
2057-01-19,28.8,16.72424276067134,0.0
2057-01-20,24.4,16.4,0.0
2057-01-21,27.0,17.3,0.0
2057-01-22,31.1,16.1,0.0
2057-01-23,31.7,19.0,14.0
2057-01-24,31.6,19.6,6.4
2057-01-25,27.4,19.64286363609625,1.7
2057-01-26,30.2,19.3,2.1
2057-01-27,31.9,19.4,0.0
2057-01-28,31.7,19.858139611694615,6.3
2057-01-29,28.6,19.882229270488924,1.4
2057-01-30,26.0,19.61374708100253,30.59061338289959
2057-01-31,26.0,18.6,2.0
2057-02-01,28.6,18.2,16.50046189376443
2057-02-02,30.5,19.0,1.6
2057-02-03,30.2,19.0,1.1
2057-02-04,30.9,18.8,0.6300230946882218
2057-02-05,28.1,18.8,14.004803695150116
2057-02-06,28.8,20.009325315777257,4.7113163972286385
2057-02-07,28.9,19.2,15.8
2057-02-08,30.0,18.2,0.0
2057-02-09,30.4,19.983277781535655,26.649884526558893
2057-02-10,24.6,19.216408607086656,53.8912910675706
2057-02-11,27.5,18.9,53.934798480220536
2057-02-12,28.8,19.0,41.92170900692841
2057-02-13,30.6,19.0,15.8
2057-02-14,31.0,19.2,3.2
2057-02-15,29.5,19.072242903410878,25.961016166281762
2057-02-16,31.57287158975408,19.555618226622265,0.9
2057-02-17,30.7,19.5,0.0
2057-02-18,32.8,19.866730626681374,1.6
2057-02-19,28.0,19.0,0.0
2057-02-20,29.5,17.4,0.0
2057-02-21,29.8,16.0,0.0
2057-02-22,29.8,15.7,0.0
2057-02-23,28.9,19.5,0.0
2057-02-24,29.2,18.9,0.0
2057-02-25,30.3,16.5,0.0
2057-02-26,28.4,16.5,0.0
2057-02-27,32.7,18.4,0.0
2057-02-28,34.06620663697384,18.5,0.0
2057-03-01,34.23064259160912,22.574163818359377,0.0
2057-03-02,33.2,22.173986816406252,0.0
2057-03-03,32.4,21.9469970703125,0.0
2057-03-04,31.9,19.310582098203188,0.0
2057-03-05,30.2,18.6,0.0
2057-03-06,29.9,16.3,0.0
2057-03-07,27.3,16.3,0.0
2057-03-08,28.2,18.2,0.0
2057-03-09,29.6,16.2,0.0
2057-03-10,29.9,16.0,0.0
2057-03-11,29.8,15.3,0.0
2057-03-12,30.6,14.5,0.0
2057-03-13,33.2,14.491834712155077,0.0
2057-03-14,34.24020180562928,14.9,0.0
2057-03-15,33.2,15.2,0.0
2057-03-16,32.55128205128206,19.352844249399674,0.0
2057-03-17,32.5,17.7,0.0
2057-03-18,34.60770047796067,18.4,0.0
2057-03-19,35.954443359375,17.6,0.0
2057-03-20,37.103857421875,17.6,0.0
2057-03-21,37.212255859375,18.6,0.0
2057-03-22,33.56367292225201,23.218359375,0.0
2057-03-23,30.1,22.464453125,0.0
2057-03-24,30.9,22.04501953125,0.0
2057-03-25,31.2,19.3,0.0
2057-03-26,33.62490733876947,18.9,0.0
2057-03-27,34.662719065321326,16.7,0.0
2057-03-28,34.57116303770576,18.8,0.0
2057-03-29,33.22112068965517,19.0,0.0
2057-03-30,33.529490616621985,19.4,0.0
2057-03-31,34.46303770578864,19.4,0.0
2057-04-01,32.2,18.070370370370373,0.0
2057-04-02,32.0,19.0,0.0
2057-04-03,31.1,18.2,0.0
2057-04-04,31.7,19.0,0.0
2057-04-05,31.1,18.780918727915193,0.0
2057-04-06,31.5,18.743462897526506,0.0
2057-04-07,32.7,18.1,0.0
2057-04-08,34.874565670604554,18.898430379746834,0.0
2057-04-09,36.31005859375,19.4,0.0
2057-04-10,36.1494140625,19.7,0.0
2057-04-11,35.69287109375,19.4,0.0
2057-04-12,34.3692147324531,19.4,0.0
2057-04-13,33.5968085106383,18.506699346405227,0.0
2057-04-14,34.096580027359785,18.0,0.0
2057-04-15,35.913818359375,17.9,0.0
2057-04-16,34.052770177838575,19.7,0.0
2057-04-17,33.16662665066027,19.2,0.0
2057-04-18,34.08885088919289,19.015662650602412,0.0
2057-04-19,34.03187414500684,19.7,0.0
2057-04-20,33.62074468085107,19.7,0.0
2057-04-21,31.774452554744528,19.7,0.0
2057-04-22,31.86933333333333,18.83098734177215,0.0
2057-04-23,31.7,18.4,0.0
2057-04-24,32.48683989941325,17.9,0.0
2057-04-25,34.00338577291382,18.4,0.0
2057-04-26,34.02390560875513,19.126780626780626,0.0
2057-04-27,32.493797150041914,19.4,0.0
2057-04-28,28.9,18.890531645569617,0.0
2057-04-29,30.1,18.0,0.0
2057-04-30,30.1,16.3,0.0
2057-05-01,29.9,15.0,0.0
2057-05-02,30.7,16.5,0.0
2057-05-03,31.0,17.375301531383304,0.0
2057-05-04,31.1,17.70142805884462,0.0
2057-05-05,31.1,17.881462449856773,0.0
2057-05-06,29.3,17.88775295086057,0.0
2057-05-07,29.9,16.3,0.0
2057-05-08,31.0,16.9,0.0
2057-05-09,31.0,17.420614854682444,0.0
2057-05-10,29.904135101651185,17.434856354572705,0.0
2057-05-11,30.0,16.9,0.0
2057-05-12,30.1,16.927708281796342,0.0
2057-05-13,29.8,16.9,0.0
2057-05-14,31.6,16.721681808396113,0.0
2057-05-15,31.0,17.722197703623955,0.0
2057-05-16,25.2,17.821871789810068,0.0
2057-05-17,25.7,15.0,0.0
2057-05-18,25.5,12.2,0.0
2057-05-19,26.9,11.5,0.0
2057-05-20,28.5,12.2,0.0
2057-05-21,29.6,13.6,0.0
2057-05-22,29.9,15.1,0.0
2057-05-23,27.4,15.7,0.0
2057-05-24,26.562109795479014,13.8,0.0
2057-05-25,24.7,12.9,0.0
2057-05-26,26.4,15.0,0.0
2057-05-27,27.0,12.9,0.0
2057-05-28,27.6,12.6,0.0
2057-05-29,28.689428137952078,15.2,0.0
2057-05-30,28.626587728740578,15.2,0.0
2057-05-31,28.0,15.005116190717391,0.0
2057-06-01,26.3,13.2,0.0
2057-06-02,25.711034272881815,13.74495228081938,0.0
2057-06-03,27.0,13.7,0.0
2057-06-04,26.9,13.633587782721554,0.0
2057-06-05,26.2,13.0,0.0
2057-06-06,25.999469380392625,13.0,0.0
2057-06-07,25.97424615939633,12.9,0.0
2057-06-08,25.5,13.0,0.0
2057-06-09,25.4,12.0,0.0
2057-06-10,24.2,11.9,0.0
2057-06-11,23.9,11.0,0.0
2057-06-12,23.3,11.262958843159073,0.0
2057-06-13,24.6,11.5,0.0
2057-06-14,25.0,11.4,0.0
2057-06-15,25.4,11.010693563418817,0.0
2057-06-16,25.9,11.6,0.0
2057-06-17,25.7,11.9,0.0
2057-06-18,25.7,11.7,0.0
2057-06-19,26.15333902749087,11.8,0.0
2057-06-20,26.7,12.0,0.0
2057-06-21,26.6,11.6,0.0
2057-06-22,27.17103229453491,11.0,0.0
2057-06-23,27.6,10.9,0.0
2057-06-24,25.8,14.2,0.0
2057-06-25,25.4,12.225461038580878,0.0
2057-06-26,25.7,11.9,0.0
2057-06-27,26.3,12.3,0.0
2057-06-28,26.287384305412722,13.0,0.0
2057-06-29,25.7,12.5864849833148,0.0
2057-06-30,25.5,11.4,0.0
2057-07-01,25.8,11.9,0.0
2057-07-02,23.8,13.5,0.0
2057-07-03,24.4,12.6,0.0
2057-07-04,24.6,13.4,0.0
2057-07-05,25.7,12.0,0.0
2057-07-06,26.3,12.0,0.0
2057-07-07,26.7,12.2,0.0
2057-07-08,26.24869900894547,12.567982298768083,0.0
2057-07-09,25.2,12.2,0.0
2057-07-10,24.567880765090663,12.4,0.0
2057-07-11,25.4,12.0,0.0
2057-07-12,24.4,14.0,0.0
2057-07-13,26.1,13.0,0.0
2057-07-14,27.2,13.4,0.0
2057-07-15,28.80517442653768,14.2,0.0
2057-07-16,29.201019241119464,15.049038525428909,0.0
2057-07-17,29.7,15.2,0.0
2057-07-18,29.7,15.599102659171537,0.0
2057-07-19,29.7,15.3,0.0
2057-07-20,29.1,15.2,0.0
2057-07-21,27.6,14.6,0.0
2057-07-22,27.3,14.216114910752564,0.0
2057-07-23,26.7,14.244941546155891,0.0
2057-07-24,26.0,13.0,0.0
2057-07-25,26.0,12.4,0.0
2057-07-26,25.8,12.0,0.0
2057-07-27,26.0,10.7,0.0
2057-07-28,26.4,10.3,0.0
2057-07-29,26.2,12.2,0.0
2057-07-30,26.2,12.0,0.0
2057-07-31,25.9,12.102045209903123,0.0
2057-08-01,24.5,13.4,0.0
2057-08-02,23.7,13.7,0.0
2057-08-03,24.5,12.9,0.0
2057-08-04,26.6,11.4,0.0
2057-08-05,30.0,12.2,0.0
2057-08-06,31.2,13.9,0.0
2057-08-07,32.49585863482853,15.0,0.0
2057-08-08,29.8,17.47761501380633,0.0
2057-08-09,28.045532831001072,15.5,0.0
2057-08-10,28.6,13.5,0.0
2057-08-11,29.5,13.4,0.0
2057-08-12,31.1,13.3,0.0
2057-08-13,31.2259181077265,15.2,0.0
2057-08-14,28.9,18.14129570333625,0.0
2057-08-15,23.6,15.7,0.0
2057-08-16,24.4,15.0,0.0
2057-08-17,25.0,14.2,0.0
2057-08-18,25.8,11.8,0.0
2057-08-19,27.9,12.7,0.0
2057-08-20,29.5,13.9,0.0
2057-08-21,30.7,14.5,0.0
2057-08-22,31.33375924398527,15.2,0.0
2057-08-23,32.17233584499461,15.6,0.0
2057-08-24,32.9,16.7,0.0
2057-08-25,32.9,17.739195123722975,0.0
2057-08-26,37.63427734375,17.834079127236194,0.0
2057-08-27,38.162841796875,18.495428946038793,0.0
2057-08-28,33.22609548191895,18.86014046480437,0.0
2057-08-29,31.9,18.539625375791207,0.0
2057-08-30,32.114624549942455,18.376013187817872,0.0
2057-08-31,32.5,18.22353714880081,0.0
2057-09-01,32.1,17.23786429365962,0.0
2057-09-02,32.6,14.9,0.0
2057-09-03,34.7,15.2,0.0
2057-09-04,33.9,17.2,0.0
2057-09-05,32.0,18.819030123257043,0.0
2057-09-06,31.4,18.0,0.0
2057-09-07,31.0,18.0,0.0
2057-09-08,31.7,17.3,0.0
2057-09-09,32.5,17.3,0.0
2057-09-10,32.94841778221012,17.6,0.0
2057-09-11,33.2,17.7,0.0
2057-09-12,33.4,18.2,0.0
2057-09-13,31.6,19.2,0.0
2057-09-14,30.7,17.6,0.0
2057-09-15,31.9,16.7,0.0
2057-09-16,33.1,17.2,0.0
2057-09-17,35.2,17.4,0.0
2057-09-18,37.740616055495465,18.1,0.0
2057-09-19,39.60205078125,20.0,0.0
2057-09-20,40.373291015625,20.5,0.0
2057-09-21,40.464599609375,21.2,0.0
2057-09-22,37.906678115251005,21.970062205756108,0.0
2057-09-23,31.1,20.0,0.0
2057-09-24,31.0,17.7,0.0
2057-09-25,31.6,17.6,0.0
2057-09-26,32.5,14.6,0.0
2057-09-27,35.27963355510316,16.4,0.0
2057-09-28,39.183349609375,18.9,0.0
2057-09-29,40.6015625,20.5,0.0
2057-09-30,41.32275390625,21.2,0.0
2057-10-01,38.17255498521762,20.0,0.0
2057-10-02,31.6,20.4,0.0
2057-10-03,30.5,17.5,0.0
2057-10-04,32.5,18.0,0.0
2057-10-05,30.371782254344147,19.6,0.0
2057-10-06,30.7,17.9,0.0
2057-10-07,32.2,18.0,0.0
2057-10-08,33.0,18.9,0.0
2057-10-09,33.6,19.4,0.0
2057-10-10,35.0,18.7,0.0
2057-10-11,35.2,19.6,0.0
2057-10-12,35.4,19.120021528525292,0.0
2057-10-13,35.4,19.4,0.0
2057-10-14,35.5,19.7,0.0
2057-10-15,34.2,20.4,0.0
2057-10-16,34.0,19.8,0.0
2057-10-17,35.2,19.9,0.0
2057-10-18,35.7,20.7,0.0
2057-10-19,38.22243177444271,20.5,0.0
2057-10-20,38.61728515625,21.0,2.4786301369863013
2057-10-21,36.0,20.1,2.7
2057-10-22,36.6,20.261349569429477,20.30939334637965
2057-10-23,36.44684760879593,23.30284929623004,0.0
2057-10-24,36.0,22.998301127634882,0.0
2057-10-25,35.6579853832644,21.9,0.0
2057-10-26,36.6,22.1,0.0
2057-10-27,38.0,22.1,0.0
2057-10-28,38.3509802002805,22.6,0.0
2057-10-29,39.4390625,23.0,0.0
2057-10-30,38.201692628407535,23.020533824747613,1.8728767123287673
2057-10-31,36.0,22.6,0.0
2057-11-01,36.0,22.14226391042765,0.0
2057-11-02,36.75035224323322,21.7,0.0
2057-11-03,38.918859896593794,21.7,0.0
2057-11-04,39.90966796875,22.3,0.0
2057-11-05,39.45411552854018,23.36850917595341,0.0
2057-11-06,37.2,23.2,0.0
2057-11-07,37.83549585585179,23.2,0.0
2057-11-08,36.2,23.332481504349314,0.0
2057-11-09,35.3,23.2,0.0
2057-11-10,34.3,22.204019756916463,0.0
2057-11-11,34.2,21.2,0.0
2057-11-12,34.949876405883074,21.5,0.0
2057-11-13,36.0,23.71417506012332,0.0
2057-11-14,36.01538245698424,23.485023061726135,0.0
2057-11-15,35.7,23.271621126307167,0.0
2057-11-16,36.0,21.9,0.0
2057-11-17,36.59543853678569,23.3,0.0
2057-11-18,35.5,22.3,0.0
2057-11-19,37.222024137596996,23.770188734472,0.0
2057-11-20,36.638040903700585,21.7,0.0
2057-11-21,26.7,19.2,43.75568181818179
2057-11-22,30.554730428105955,18.6,1.2
2057-11-23,31.0,19.7,2.8
2057-11-24,31.5,19.9,4.0
2057-11-25,32.1,19.7,1.3
2057-11-26,32.3,19.6,0.0
2057-11-27,31.5,19.5,1.7
2057-11-28,32.2,18.9,0.0
2057-11-29,32.2,20.0,0.0
2057-11-30,31.9,19.3,1.0
2057-12-01,32.059660925726575,19.5,1.2
2057-12-02,32.83906491318386,19.9,0.0
2057-12-03,31.8,19.611688271860505,1.2
2057-12-04,32.0,19.6,3.4
2057-12-05,32.0,19.0,0.0
2057-12-06,30.4,19.9,3.4
2057-12-07,31.8,19.2,0.0
2057-12-08,32.0,19.2,0.0
2057-12-09,32.919135305736404,20.39670666770353,0.0
2057-12-10,33.7,20.3,0.0
2057-12-11,33.68053225138693,21.0,0.0
2057-12-12,32.0,20.0,0.9
2057-12-13,30.148507166732763,19.767790934098784,23.8
2057-12-14,30.9,19.4,2.9
2057-12-15,31.4,19.2,1.4
2057-12-16,30.4,19.5,0.7
2057-12-17,32.0,19.2,7.0
2057-12-18,31.4,19.5,0.0
2057-12-19,29.0,19.9,12.8
2057-12-20,27.0755553380957,19.4,5.933333333333332
2057-12-21,28.6,19.5,34.6
2057-12-22,30.1,19.173161662040332,7.2
2057-12-23,28.4,19.6,6.6
2057-12-24,30.2,19.5,0.7
2057-12-25,29.5,19.5,0.0
2057-12-26,27.9,19.5,0.0
2057-12-27,30.4,19.5,3.6
2057-12-28,27.7,19.5,0.0
2057-12-29,26.5,19.6,3.3
2057-12-30,27.0,19.6,23.266666666666687
2057-12-31,29.9,19.6,19.0
2058-01-01,29.0,19.9,40.4272614622057
2058-01-02,30.1,19.9,10.0
2058-01-03,29.1,20.029121417722752,4.6
2058-01-04,28.7,19.8,0.0
2058-01-05,30.7,19.5,27.4
2058-01-06,29.384260019112773,19.5,0.0
2058-01-07,30.1,19.8,20.7
2058-01-08,31.7,19.7,24.559070631970247
2058-01-09,29.0,19.854678938917573,69.0
2058-01-10,25.0,19.7,43.73946985614999
2058-01-11,28.2,19.7,3.935873605947954
2058-01-12,28.0,19.7,30.290055762081774
2058-01-13,24.0,19.40532473704687,16.8
2058-01-14,22.7,18.3,0.0
2058-01-15,23.1,18.1,0.0
2058-01-16,26.507032502713393,19.6,0.0
2058-01-17,28.2,19.9,0.0
2058-01-18,28.7,19.6,0.0
2058-01-19,28.0,19.8,0.0
2058-01-20,25.71245526390842,19.26473036726547,0.0
2058-01-21,29.1,19.6,0.0
2058-01-22,30.9,18.6,0.0
2058-01-23,31.05547533408595,18.7,0.0
2058-01-24,29.2,19.0,0.0
2058-01-25,28.0,19.619215198090764,14.74293680297396
2058-01-26,30.7,19.8,2.4
2058-01-27,29.0,19.882701947746277,17.807372986369266
2058-01-28,28.7,19.8,9.4
2058-01-29,30.6,19.4,0.0
2058-01-30,29.2,19.7,0.0
2058-01-31,29.2,19.7,0.0
2058-02-01,30.0,18.2,0.0
2058-02-02,30.0,19.725913558623045,0.0
2058-02-03,28.7,19.0,0.0
2058-02-04,30.813839660798365,18.4,0.3
2058-02-05,32.9,19.202722830460512,16.4
2058-02-06,32.071007602846095,19.83785131664585,17.883371824480367
2058-02-07,31.230853225362807,20.028245427493385,1.061200923787529
2058-02-08,29.4,19.81223847762549,12.625635103926106
2058-02-09,31.8,19.5,1.4
2058-02-10,28.9,19.9,7.766743648960744
2058-02-11,27.2,20.01734143821543,2.1
2058-02-12,29.0,19.5,0.3
2058-02-13,28.6,19.695846554719854,10.4
2058-02-14,31.6,19.4,20.38429561200923
2058-02-15,32.0,19.791311224533985,0.0
2058-02-16,28.8,20.04255010917095,12.625635103926106
2058-02-17,25.5,20.018000376085617,9.8
2058-02-18,28.8,19.0,0.0
2058-02-19,29.2,18.5,1.8
2058-02-20,27.1,19.2,0.0
2058-02-21,27.0,17.2,0.0
2058-02-22,29.5,17.3,0.0
2058-02-23,25.7,18.9,0.0
2058-02-24,26.5,18.2,0.0
2058-02-25,28.4,16.0,0.0
2058-02-26,29.2,15.2,0.0
2058-02-27,29.875258001686085,14.5,0.0
2058-02-28,29.801540742463438,15.4,0.0
2058-03-01,30.9,17.9,0.1
2058-03-02,30.2,19.0,5.9333333333333345
2058-03-03,29.5,19.6,10.0
2058-03-04,25.626923076923077,19.81923394330821,10.9
2058-03-05,29.9,17.3,0.0
2058-03-06,30.9,17.0,0.0
2058-03-07,33.2,16.0,0.0
2058-03-08,34.539723844928346,17.4,0.0
2058-03-09,33.2,19.8680875493362,0.0
2058-03-10,33.592627345844505,18.8,0.0
2058-03-11,32.9,19.3,0.0
2058-03-12,34.69755708975041,18.6,0.0
2058-03-13,32.1,22.437872314453124,1.2
2058-03-14,30.6,22.09842529296875,35.913888888888884
2058-03-15,30.2,19.3,0.0
2058-03-16,30.6,16.9,0.0
2058-03-17,30.6,16.1,0.0
2058-03-18,30.8,15.4,0.0
2058-03-19,33.04641148325359,14.6,0.0
2058-03-20,32.5,15.2,0.0
2058-03-21,28.5,17.9,0.0
2058-03-22,30.5,19.4,0.0
2058-03-23,30.7,19.0,1.7
2058-03-24,31.6,20.24424447022655,0.0
2058-03-25,30.0,18.0,0.0
2058-03-26,30.8,17.0,0.0
2058-03-27,31.1,15.026160278310796,0.0
2058-03-28,29.7,16.4,0.0
2058-03-29,30.2,16.0,0.0
2058-03-30,31.41675675675675,15.7,0.0
2058-03-31,30.6,17.3,0.0
2058-04-01,29.6,15.6,0.0
2058-04-02,29.1,14.9,0.0
2058-04-03,30.2,16.8,0.0
2058-04-04,29.3,16.582926829268292,0.0
2058-04-05,30.177241379310345,16.0,0.0
2058-04-06,31.4,16.0,0.0
2058-04-07,32.48365465213747,16.7,0.0
2058-04-08,34.01320109439125,17.4,0.0
2058-04-09,35.934326171875,18.73851590106007,0.0
2058-04-10,35.95947265625,19.7,5.652238805970152
2058-04-11,31.4,19.0,2.4497512437810953
2058-04-12,28.6,19.4,0.5044776119402985
2058-04-13,27.9,19.4,0.0
2058-04-14,31.4,19.4,0.0
2058-04-15,32.5,19.0,0.0
2058-04-16,34.055335157318744,19.4,0.0
2058-04-17,33.66329787234043,21.2927734375,9.786567164179102
2058-04-18,31.8,19.7,0.0
2058-04-19,27.0,18.4,0.0
2058-04-20,26.5,18.486046511627908,0.0
2058-04-21,28.5,13.9,0.0
2058-04-22,29.5,11.2,0.0
2058-04-23,30.2,10.929027777777774,0.0
2058-04-24,30.3,10.6,0.0
2058-04-25,27.6,14.2,0.0
2058-04-26,25.3,18.4,0.0
2058-04-27,25.5,17.7,0.0
2058-04-28,25.183870967741935,17.5,0.0
2058-04-29,27.0,17.7,0.0
2058-04-30,29.9,17.0,0.0
2058-05-01,29.6,17.87496902946576,0.0
2058-05-02,31.0,17.85602988665864,0.0
2058-05-03,31.859698883915915,17.2,0.0
2058-05-04,29.7,16.9,0.0
2058-05-05,28.0,14.7,0.0
2058-05-06,27.34734737813316,12.9,0.0
2058-05-07,27.5,12.6,0.0
2058-05-08,28.7,13.8,0.0
2058-05-09,28.7,14.1,0.0
2058-05-10,28.407393091300506,14.4,0.0
2058-05-11,28.864642229901982,14.4,0.0
2058-05-12,28.9,14.5,0.0
2058-05-13,27.3,18.115985368459388,0.0
2058-05-14,28.2,17.874292631508357,0.0
2058-05-15,30.697235422300405,18.042546066209102,0.0
2058-05-16,32.354657803268736,18.15448880976154,0.0
2058-05-17,32.742430812183564,18.157004750094767,0.0
2058-05-18,31.154467168998913,18.093071767688695,0.0
2058-05-19,29.715119772504533,17.854338891765142,0.0
2058-05-20,27.6,16.9,0.0
2058-05-21,25.9,15.964422375776921,0.0
2058-05-22,29.6,14.5,0.0
2058-05-23,32.7,15.9,0.0
2058-05-24,35.15400390625,16.829503921267097,0.0
2058-05-25,35.17158203125,18.047552423825223,0.0
2058-05-26,34.47822265625,17.897357801855613,0.0
2058-05-27,34.99580078125,18.1783424719082,0.0
2058-05-28,34.189404296875,19.42451902018513,0.0
2058-05-29,32.80857687751441,18.545409698062887,0.0
2058-05-30,31.0,18.080979488523607,0.0
2058-05-31,29.865222285541403,17.325373992112382,0.0
2058-06-01,28.0,15.9,0.0
2058-06-02,29.68517544746691,15.9,0.0
2058-06-03,30.4,16.181874898327976,0.0
2058-06-04,30.0,15.990260233790815,0.0
2058-06-05,30.1,15.5679756336343,0.0
2058-06-06,30.1,14.7366362795614,0.0
2058-06-07,30.4,14.49321508024791,0.0
2058-06-08,30.629128274992482,13.2,0.0
2058-06-09,31.83701171875,14.2,0.0
2058-06-10,32.55380859375,15.1,0.0
2058-06-11,32.192236328125,15.669994701438355,0.0
2058-06-12,28.0,15.9,0.0
2058-06-13,25.7,14.4,0.0
2058-06-14,26.0,12.7,0.0
2058-06-15,26.747942157953293,12.1,0.0
2058-06-16,27.5,12.3,0.0
2058-06-17,26.9,13.0,0.0
2058-06-18,26.9,12.180038426534532,0.0
2058-06-19,26.2,13.2,0.0
2058-06-20,25.2,12.2,0.0
2058-06-21,24.8,11.0,0.0
2058-06-22,24.1,10.4,0.0
2058-06-23,24.6,9.9,0.0
2058-06-24,25.2,10.2,0.0
2058-06-25,25.4,11.4,0.0
2058-06-26,25.6,11.6,0.0
2058-06-27,25.5,11.8,0.0
2058-06-28,26.1,11.8,0.0
2058-06-29,27.9,11.593254153360366,0.0
2058-06-30,30.648659839198825,12.3,0.0
2058-07-01,31.23633635278757,14.01481162540364,0.0
2058-07-02,30.7,14.6,0.0
2058-07-03,26.9,15.1285328351895,0.0
2058-07-04,27.239153305761697,13.4,0.0
2058-07-05,27.1,13.6,0.0
2058-07-06,26.7,13.320327233584498,0.0
2058-07-07,27.6,12.5,0.0
2058-07-08,28.7,12.0,0.0
2058-07-09,28.741551006410926,13.371953934854092,0.0
2058-07-10,29.13222832753397,13.4,0.0
2058-07-11,27.1,15.0,0.0
2058-07-12,25.2,14.0,0.0
2058-07-13,25.4,11.9,0.0
2058-07-14,25.7,11.1,0.0
2058-07-15,26.9,11.0,0.0
2058-07-16,27.5,11.2,0.0
2058-07-17,28.2,11.2,0.0
2058-07-18,29.2,11.7,0.0
2058-07-19,29.2,12.7,0.0
2058-07-20,28.831989266059207,13.6,0.0
2058-07-21,29.2,13.6,0.0
2058-07-22,30.690953438838363,14.2,0.0
2058-07-23,31.23035361406101,14.2,0.0
2058-07-24,29.965004945003884,14.218370908305873,0.0
2058-07-25,27.10628547583257,15.155669666978001,0.0
2058-07-26,26.9,13.8,0.0
2058-07-27,27.3,12.9,0.0
2058-07-28,27.349960105495565,12.6,0.0
2058-07-29,27.6,10.5,0.0
2058-07-30,28.2,10.5,0.0
2058-07-31,29.2,11.6,0.0
2058-08-01,30.993738787226402,13.4,0.0
2058-08-02,31.8,14.2,0.0
2058-08-03,32.9,15.0,0.0
2058-08-04,31.75937445744643,15.5,0.0
2058-08-05,29.365934953098563,16.66350914962325,0.0
2058-08-06,28.5,15.0,0.0
2058-08-07,29.5,14.0,0.0
2058-08-08,31.2,12.7,0.0
2058-08-09,28.0,16.405675641342782,0.0
2058-08-10,26.4,14.0,0.0
2058-08-11,27.8,12.4,0.0
2058-08-12,29.1,11.2,0.0
2058-08-13,28.0,14.1,0.0
2058-08-14,28.6,13.5,0.0
2058-08-15,31.0,13.9,0.0
2058-08-16,33.64867347282014,15.4,0.0
2058-08-17,37.784912109375,14.0,0.0
2058-08-18,38.25537109375,15.4,0.0
2058-08-19,38.608154296875,18.3,0.0
2058-08-20,37.7041015625,19.0,0.0
2058-08-21,37.644775390625,20.813583793608224,0.0
2058-08-22,38.59765625,19.0,0.0
2058-08-23,39.44482421875,18.96578582635063,0.0
2058-08-24,39.51318359375,19.53718217485151,0.0
2058-08-25,39.117431640625,18.424287394320604,0.0
2058-08-26,39.271484375,17.77892780019412,0.0
2058-08-27,32.5,23.070006411500493,0.0
2058-08-28,31.9,18.44912203621464,0.0
2058-08-29,32.92073278939397,18.0,0.0
2058-08-30,32.5,18.3,0.0
2058-08-31,31.6,18.23749845594593,0.0
2058-09-01,32.0,16.9,0.0
2058-09-02,33.1,15.4,0.0
2058-09-03,35.490731237833714,16.3,0.0
2058-09-04,32.6,19.4,0.0
2058-09-05,33.1,18.3,0.0
2058-09-06,33.1,17.8,0.0
2058-09-07,33.1,16.81918644172537,0.0
2058-09-08,32.4,17.2,0.0
2058-09-09,30.8,17.0,0.0
2058-09-10,30.2,16.1,0.0
2058-09-11,29.710960498745376,15.7,0.0
2058-09-12,28.4,16.2,0.0
2058-09-13,28.201838049407243,15.9,0.0
2058-09-14,30.0,15.7,0.0
2058-09-15,31.816436563501934,16.0,0.0
2058-09-16,33.7,16.9,0.0
2058-09-17,37.64606627002772,17.9,0.0
2058-09-18,40.5888671875,20.2,0.0
2058-09-19,40.728515625,21.246093395954357,0.0
2058-09-20,40.068603515625,21.482691879866515,0.0
2058-09-21,39.347412109375,21.217433070760507,0.0
2058-09-22,37.886520292968534,20.5,0.0
2058-09-23,32.5,20.5,0.0
2058-09-24,31.6,17.824864664441975,0.0
2058-09-25,33.7,18.8,0.0
2058-09-26,33.9,18.9,0.0
2058-09-27,35.47851866657398,18.9,0.0
2058-09-28,36.01708731375247,19.6,0.0
2058-09-29,32.0,19.6,0.0
2058-09-30,31.711312147111418,16.9,0.0
2058-10-01,31.4,16.5,0.0
2058-10-02,32.1,16.0538936632021,0.0
2058-10-03,33.7,14.989623250807318,0.0
2058-10-04,36.0,16.1,0.0
2058-10-05,36.9,19.023456732344272,0.0
2058-10-06,38.0,20.6,0.0
2058-10-07,37.954612542030524,22.0,0.0
2058-10-08,35.6,20.9,0.0
2058-10-09,36.5,19.6,0.0
2058-10-10,37.94948120692905,20.1,0.0
2058-10-11,36.6,22.0,0.0
2058-10-12,33.6,20.7,0.0
2058-10-13,33.7,19.2,0.0
2058-10-14,35.1,18.6,0.0
2058-10-15,36.0,20.282736813778246,0.0
2058-10-16,36.5,21.218303552206674,0.0
2058-10-17,36.5,22.97510550022469,0.0
2058-10-18,36.0,22.10192802669702,0.0
2058-10-19,36.478045209903115,22.6,0.0
2058-10-20,37.0,22.686306016656275,0.0
2058-10-21,36.73490053541721,22.934950775923927,0.0
2058-10-22,36.20410327265716,22.0,0.0
2058-10-23,36.28255898525004,21.972727272727262,0.0
2058-10-24,37.08061997510581,21.0,0.0
2058-10-25,36.371709560622364,21.9,0.0
2058-10-26,35.5,21.9,0.8356164383561644
2058-10-27,36.5,21.295453175457467,0.0
2058-10-28,38.06731667393175,22.6,0.0
2058-10-29,39.3755859375,23.66829367877952,0.0
2058-10-30,38.9048828125,23.718973282965905,0.0
2058-10-31,37.2,23.0,0.0
2058-11-01,38.30006489772763,22.3,0.0
2058-11-02,39.26204540627249,20.4,0.0
2058-11-03,37.378094873933996,19.9,0.9
2058-11-04,34.9,20.0,0.0
2058-11-05,34.0,21.63760298636904,0.0
2058-11-06,32.7,22.1,0.0
2058-11-07,32.7,20.0,5.0
2058-11-08,31.5,19.9,10.5
2058-11-09,30.3,20.0,5.201185770750988
2058-11-10,30.63999727160157,19.9,0.0
2058-11-11,30.0,20.1,11.159683794466403
2058-11-12,28.6,19.8,1.0
2058-11-13,31.3,19.6,0.0
2058-11-14,31.1,19.0,0.9
2058-11-15,30.6,19.6,0.3583003952569169
2058-11-16,31.7,19.7,20.8
2058-11-17,29.9,19.4,10.435177865612648
2058-11-18,30.2,19.4,33.86284584980237
2058-11-19,24.4,18.7,90.5
2058-11-20,26.388654060066738,19.0,0.0
2058-11-21,28.941480505816727,18.4,0.0
2058-11-22,30.0,15.3,0.0
2058-11-23,30.6,14.5,0.0
2058-11-24,31.1,15.066351501668521,0.0
2058-11-25,28.1,18.8,0.0
2058-11-26,30.7,18.4,0.0
2058-11-27,30.6224095955674,18.8,0.0
2058-11-28,30.2,16.2,0.0
2058-11-29,30.4,15.639355811253548,0.0
2058-11-30,32.0,15.3,0.0
2058-12-01,33.567954035912855,18.1,0.0
2058-12-02,34.379931640625,20.211594408690804,0.0
2058-12-03,33.16227162307625,20.2,0.0
2058-12-04,32.0,19.9,0.0
2058-12-05,31.853328905480605,20.076735917514945,4.2
2058-12-06,30.1,19.6,35.57857142857143
2058-12-07,28.9,19.8,2.3
2058-12-08,31.0,19.6,0.0
2058-12-09,30.4,19.9,10.0
2058-12-10,29.6,19.9,42.76666666666666
2058-12-11,24.1,19.5,100.74999999999976
2058-12-12,26.055767308053273,19.5,0.0
2058-12-13,27.597656567082534,17.4,0.0
2058-12-14,29.6,16.4,0.0
2058-12-15,30.6,17.3,0.0
2058-12-16,30.4,19.6,16.56666666666667
2058-12-17,29.7,19.6,1.275
2058-12-18,29.0,19.2,0.0
2058-12-19,31.2,19.9,0.0
2058-12-20,30.833962471866144,18.9,0.9
2058-12-21,25.2,18.4,3.0
2058-12-22,24.326633365245815,18.4,0.9
2058-12-23,30.4,18.88589269987279,0.0
2058-12-24,31.0,18.3,0.0
2058-12-25,31.6,19.5,0.0
2058-12-26,29.3,19.9,4.0
2058-12-27,30.9,19.345306781485462,0.0
2058-12-28,31.6,19.5,0.0
2058-12-29,30.155875021245247,19.5,1.1
2058-12-30,26.5,19.4,52.4
2058-12-31,23.326350914962322,17.2,0.0
2059-01-01,25.0,16.9,0.0
2059-01-02,27.4,16.5,0.0
2059-01-03,27.9,16.4,0.0
2059-01-04,28.9,16.1,0.0
2059-01-05,30.2,15.0437793621539,0.0
2059-01-06,30.8,15.5,0.0
2059-01-07,30.1,16.4,0.0
2059-01-08,30.7,17.7,0.0
2059-01-09,31.1,17.6,0.0
2059-01-10,31.9,18.6,0.0
2059-01-11,32.6410849358508,19.89965924435377,0.0
2059-01-12,38.48212890625,19.5,0.0
2059-01-13,34.77955212224812,19.9,0.0
2059-01-14,28.4,20.322273110128286,3.0
2059-01-15,28.3,19.9,0.5027881040892194
2059-01-16,24.190219670693295,19.810495714559703,20.027044609665424
2059-01-17,26.5,19.8,3.6340148698884756
2059-01-18,28.9,19.606222578000786,17.807372986369266
2059-01-19,29.2,19.370661125991933,23.563568773234195
2059-01-20,30.1,19.65389334235969,0.6
2059-01-21,32.066239358058525,18.7,0.0
2059-01-22,34.167847064880156,19.8,0.0
2059-01-23,32.66386280656327,19.868032071437757,0.0
2059-01-24,31.0654952873533,19.6,0.0
2059-01-25,32.71946040496901,19.86240214767609,0.0
2059-01-26,31.968886337027037,19.9,37.50453066914498
2059-01-27,28.9,19.8,4.337546468401487
2059-01-28,24.8,19.6,69.03079650282253
2059-01-29,23.87104515217679,19.7,10.8
2059-01-30,24.6,19.3,0.0
2059-01-31,27.3,19.5,0.6
2059-02-01,29.8,19.4,0.0
2059-02-02,31.506477913379197,19.7,51.20277136258662
2059-02-03,28.5,19.960354942832684,8.980600461893763
2059-02-04,32.91740361301712,19.802101839409293,3.0
2059-02-05,35.75517578125,19.85754442338755,26.66674364896074
2059-02-06,34.09145863529659,19.2,0.0
2059-02-07,30.942669845053626,20.026386076720556,21.742263279445748
2059-02-08,27.9,19.58454651149649,29.097921478060055
2059-02-09,29.364362336114425,19.728256974984852,0.6806004618937644
2059-02-10,27.7,19.955912109647688,2.383371824480369
2059-02-11,28.4,19.83544470747622,9.199769053117784
2059-02-12,26.4,19.0,10.002540415704392
2059-02-13,28.2,18.9,1.0
2059-02-14,28.8,19.2,0.0
2059-02-15,29.4,20.0165736323493,9.182909930715937
2059-02-16,29.1,20.0091419591525,0.0
2059-02-17,32.7,20.0086262686454,20.497228637413397
2059-02-18,27.9,20.028107910024826,0.0
2059-02-19,28.5,19.945391044559283,10.4
2059-02-20,26.1,19.10568938087952,9.2
2059-02-21,29.0,19.2,2.0
2059-02-22,30.0,19.0,0.0
2059-02-23,32.710872732088454,18.9,1.270438799076212
2059-02-24,24.9,19.777795706912386,17.793706697459584
2059-02-25,30.5,19.73752164432224,0.4
2059-02-26,32.8,19.52551504076912,9.182909930715937
2059-02-27,30.85060083237265,19.811747995131146,3.437182448036954
2059-02-28,29.9,20.005273894298192,28.742494226327963
2059-03-01,26.6,19.0,4.0200000000000005
2059-03-02,25.8,18.9,15.354545454545455
2059-03-03,20.56426799007444,18.4,5.4
2059-03-04,21.98763557483731,18.5,1.7
2059-03-05,24.4,18.7,0.0
2059-03-06,26.6,18.1,0.0
2059-03-07,28.6,18.9,0.0
2059-03-08,26.3,19.881718693936122,0.0
2059-03-09,24.253927813163482,19.0,0.0
2059-03-10,28.8,16.1,0.0
2059-03-11,24.019168975069253,15.4,0.0
2059-03-12,29.0,19.8,0.0
2059-03-13,27.6,18.6,0.0
2059-03-14,30.1,18.4,0.0
2059-03-15,29.9,19.2,15.53636363636364
2059-03-16,30.7,19.83811984212414,7.0
2059-03-17,32.37804878048781,18.7,5.0
2059-03-18,31.0,18.6,0.0
2059-03-19,29.7,19.90580420739237,0.0
2059-03-20,29.2,18.8,0.0
2059-03-21,29.8,18.325307977514647,0.0
2059-03-22,29.5,19.8,1.8
2059-03-23,29.5,19.863092931467524,0.0
2059-03-24,26.2,17.9,0.0
2059-03-25,26.7,18.0,0.0
2059-03-26,28.4,17.6,0.0
2059-03-27,29.3,18.5,0.0
2059-03-28,30.0,18.9,0.0
2059-03-29,30.7,19.98841247317636,0.0
2059-03-30,24.7,19.1,0.0
2059-03-31,26.96818181818182,18.8,0.0
2059-04-01,29.9,18.5,0.0
2059-04-02,30.7,17.8,0.0
2059-04-03,29.9,17.0,0.0
2059-04-04,27.4,16.8,0.0
2059-04-05,27.0,19.0,0.0
2059-04-06,30.1448275862069,18.4,26.417525276841598
2059-04-07,30.4,18.663924050632914,0.0
2059-04-08,31.8,17.5,0.0
2059-04-09,31.7,17.4,0.0
2059-04-10,31.3,18.78657243816254,0.0
2059-04-11,27.6,19.4,0.0
2059-04-12,27.8,19.4,0.0
2059-04-13,27.6,19.4,0.0
2059-04-14,29.0,19.4,0.0
2059-04-15,29.0,19.0,2.0
2059-04-16,27.6,17.8,0.0
2059-04-17,30.2,17.1,0.0
2059-04-18,31.5,17.9,0.0
2059-04-19,30.7,17.0,0.0
2059-04-20,29.8,19.4,0.0
2059-04-21,29.0,18.9,0.0
2059-04-22,29.7,19.0,0.0
2059-04-23,30.0,18.1,0.0
2059-04-24,30.2,16.9,0.0
2059-04-25,31.5,16.4,0.0
2059-04-26,31.4,17.4,0.0
2059-04-27,28.5,19.0,0.0
2059-04-28,25.6,18.0,0.0
2059-04-29,26.0,15.0,0.0
2059-04-30,26.0,13.6,0.0
2059-05-01,25.0,11.2,0.0
2059-05-02,25.5,10.6,0.0
2059-05-03,26.9,10.4,0.0
2059-05-04,29.8,12.0,0.0
2059-05-05,31.0,14.5,0.0
2059-05-06,27.9,15.2,0.0
2059-05-07,24.6,14.0,0.0
2059-05-08,30.1,14.2,0.0
2059-05-09,29.9,16.9,0.0
2059-05-10,25.0,16.5,0.0
2059-05-11,27.0,14.6,0.0
2059-05-12,27.9,13.286618907984098,0.0
2059-05-13,29.904135101651185,14.0,0.0
2059-05-14,31.9,15.9,0.0
2059-05-15,31.0,17.8,0.0
2059-05-16,27.4,16.54315355777438,0.0
2059-05-17,28.5,14.9,0.0
2059-05-18,27.8,14.9,0.0
2059-05-19,28.7,13.2,0.0
2059-05-20,29.0,12.1,0.0
2059-05-21,25.441092572658768,12.5,0.0
2059-05-22,25.0,12.8,0.0
2059-05-23,27.2,10.809317067336437,0.0
2059-05-24,28.6,11.081927369554128,0.0
2059-05-25,27.6,12.910008260945736,0.0
2059-05-26,27.0,12.9,0.0
2059-05-27,27.6,10.4,0.0
2059-05-28,29.203429186529284,10.6,0.0
2059-05-29,31.9,11.4,0.0
2059-05-30,32.0,12.5,0.0
2059-05-31,31.0,14.5,0.0
2059-06-01,30.4,15.0,0.0
2059-06-02,31.260746616692202,15.287211710846199,0.0
2059-06-03,27.8,15.9,0.0
2059-06-04,25.6,14.7,0.0
2059-06-05,25.6,13.2,0.0
2059-06-06,25.4,11.8,0.0
2059-06-07,25.484892936596218,10.7,0.0
2059-06-08,25.6,10.2,0.0
2059-06-09,25.7,10.2,0.0
2059-06-10,26.2997103700128,11.4,0.0
2059-06-11,26.5,12.9,0.0
2059-06-12,26.8,13.2,0.0
2059-06-13,27.8,12.9,0.0
2059-06-14,31.150912962252264,13.614840100111241,0.0
2059-06-15,32.0943359375,14.7,0.0
2059-06-16,32.36826171875,15.562298101992054,0.0
2059-06-17,31.772314453125,16.4,0.0
2059-06-18,30.637412090161714,16.4,0.0
2059-06-19,27.2,15.9,0.0
2059-06-20,26.59920016950051,14.5,0.0
2059-06-21,26.2,15.370979630857127,0.0
2059-06-22,26.2,13.30820070067469,0.0
2059-06-23,26.2,12.2,0.0
2059-06-24,25.0,12.6,0.0
2059-06-25,25.0,11.8,0.0
2059-06-26,25.2,11.5,0.0
2059-06-27,25.4,11.6,0.0
2059-06-28,25.9,11.9,0.0
2059-06-29,27.2,12.7,0.0
2059-06-30,27.8,13.6,0.0
2059-07-01,27.269361509262925,14.0,0.0
2059-07-02,27.0,14.2,0.0
2059-07-03,28.648927161822748,14.0,0.0
2059-07-04,31.116561566592278,15.0,0.0
2059-07-05,29.2,16.0,0.0
2059-07-06,26.2,15.2,0.0
2059-07-07,24.2,14.410704461188852,0.0
2059-07-08,26.6,13.6,0.0
2059-07-09,26.9,12.9,0.0
2059-07-10,27.6,12.5,0.0
2059-07-11,26.2,14.3,0.0
2059-07-12,25.0,12.5,0.0
2059-07-13,25.4,11.1,0.0
2059-07-14,27.0,11.0,0.0
2059-07-15,26.7,12.0,0.0
2059-07-16,25.6,12.1,0.0
2059-07-17,26.0,11.6,0.0
2059-07-18,26.4,11.1,0.0
2059-07-19,26.7,11.2,0.0
2059-07-20,26.0,12.5,0.0
2059-07-21,25.6,11.9,0.0
2059-07-22,26.0,10.3,0.0
2059-07-23,26.0,11.120970991692191,0.0
2059-07-24,25.8,12.2,0.0
2059-07-25,25.2,12.127879440258345,0.0
2059-07-26,25.7,11.9,0.0
2059-07-27,26.7,12.2,0.0
2059-07-28,27.6,13.6,0.0
2059-07-29,28.83290938310161,14.259354863857563,0.0
2059-07-30,31.16835449354499,15.2,0.0
2059-07-31,31.296437758620826,15.3,0.0
2059-08-01,32.45716275400781,18.525548228425315,0.0
2059-08-02,25.6,17.57723978381303,0.0
2059-08-03,25.7,15.0,0.0
2059-08-04,25.4,12.0,0.0
2059-08-05,26.4,9.2,0.0
2059-08-06,27.6,9.058161010707607,0.0
2059-08-07,28.7,11.2,0.0
2059-08-08,30.2,13.6,0.0
2059-08-09,31.9,14.750406649922253,0.0
2059-08-10,32.5,16.0,0.0
2059-08-11,31.1,17.466304691952118,0.0
2059-08-12,30.0,16.9,0.0
2059-08-13,28.8,15.7,0.0
2059-08-14,28.0,14.905323417164096,0.0
2059-08-15,28.8,13.5,0.0
2059-08-16,28.8,14.5,0.0
2059-08-17,27.0,14.4,0.0
2059-08-18,27.8,12.770511738864805,0.0
2059-08-19,29.2,11.9,0.0
2059-08-20,29.6,14.2,0.0
2059-08-21,28.5,15.6,0.0
2059-08-22,28.2,15.0,0.0
2059-08-23,28.6,14.7,0.0
2059-08-24,29.3,14.4,0.0
2059-08-25,31.0,15.0,0.0
2059-08-26,31.80959242042476,16.0,0.0
2059-08-27,31.4,16.82259333456093,0.0
2059-08-28,31.1,16.794959457906284,0.0
2059-08-29,31.4,15.6,0.0
2059-08-30,31.9,15.6,0.0
2059-08-31,31.9,16.7,0.0
2059-09-01,32.9,16.9,0.0
2059-09-02,31.958006838874475,17.902298109010015,0.0
2059-09-03,31.7,17.2,0.0
2059-09-04,31.9,16.3,0.0
2059-09-05,32.5,16.0,0.0
2059-09-06,33.9,17.5,0.0
2059-09-07,35.150358075764586,19.458949471881247,0.0
2059-09-08,38.039143804535705,20.0,0.0
2059-09-09,39.208984375,20.5,0.0
2059-09-10,35.3,21.982456085926984,0.0
2059-09-11,34.7,20.5,0.0
2059-09-12,34.9,20.5,0.0
2059-09-13,37.435848980510606,21.2,0.0
2059-09-14,36.00734666790087,21.416072092231566,0.0
2059-09-15,38.54260941344779,22.45515867564219,0.0
2059-09-16,39.72314453125,24.791259765625,0.0
2059-09-17,35.349450622609226,22.99275034690749,0.0
2059-09-18,33.0,21.22147200724781,0.0
2059-09-19,36.0,22.166877022868807,0.0
2059-09-20,34.2,20.5,1.1785714285714286
2059-09-21,35.6,22.221657973223873,1.0714285714285714
2059-09-22,32.0,21.2,1.1035714285714284
2059-09-23,32.9,21.2,0.0
2059-09-24,35.3,21.191848002410104,0.0
2059-09-25,32.6,21.223524581528256,1.2857142857142856
2059-09-26,32.0,19.9,0.0
2059-09-27,32.9,19.6,0.0
2059-09-28,34.0,20.0,0.0
2059-09-29,37.195394957569796,20.5,0.0
2059-09-30,39.158935546875,21.2,0.0
2059-10-01,38.140332179807615,21.8,0.0
2059-10-02,38.6314453125,21.7,0.0
2059-10-03,38.38337440359166,21.9,0.0
2059-10-04,38.232201454806386,22.0,0.0
2059-10-05,38.04949129221559,22.0,0.0
2059-10-06,35.5,22.913563531575157,0.0
2059-10-07,34.7,20.7,0.0
2059-10-08,36.3940665638728,20.7,0.0
2059-10-09,38.75791015625,21.988623736935303,0.0
2059-10-10,40.345556640625,23.7923336260037,0.0
2059-10-11,40.58115234375,24.3224609375,0.0
2059-10-12,39.731787109375,26.479443359375,0.0
2059-10-13,39.059423828125,26.116650390625,0.2
2059-10-14,38.887548828125,24.98701171875,0.0
2059-10-15,37.31065076498322,24.600048828125,0.0
2059-10-16,36.9,23.536633755242924,0.0
2059-10-17,37.51419981894419,24.579052734375,0.0
2059-10-18,36.0,24.508740234375,0.0
2059-10-19,36.453513762878664,22.1,5.106849315068492
2059-10-20,36.0,20.0,1.9684931506849315
2059-10-21,36.0,23.661005530603873,0.0
2059-10-22,36.6,22.1,2.7
2059-10-23,35.2,20.7,5.149119373776908
2059-10-24,37.805803824087484,20.8,0.0
2059-10-25,37.739951690285096,22.6,1.9684931506849315
2059-10-26,36.9,20.0,36.43561643835618
2059-10-27,33.7,19.0,0.5876712328767123
2059-10-28,35.2,20.926923783769578,4.298630136986302
2059-10-29,31.1,20.7,85.9
2059-10-30,29.605091496232507,20.3,48.259509397897425
2059-10-31,27.2,20.3,14.780821917808225
2059-11-01,30.432860616030116,19.5,1.2
2059-11-02,29.4,20.4,0.0
2059-11-03,31.6,20.3,0.0
2059-11-04,28.765073581118223,19.86947755001148,1.3
2059-11-05,27.7,19.0,5.0
2059-11-06,28.9,17.9,0.0
2059-11-07,29.2,15.9,0.0
2059-11-08,29.9,14.8,0.0
2059-11-09,30.7,14.054145247717473,0.0
2059-11-10,31.5,15.1,0.0
2059-11-11,31.0,16.9,0.0
2059-11-12,31.5,16.6,0.0
2059-11-13,32.9,17.5,0.0
2059-11-14,35.2,18.5,0.0
2059-11-15,36.4,20.0,0.0
2059-11-16,35.5,20.0,0.0
2059-11-17,34.9,19.9,0.0
2059-11-18,33.7,21.923291645371744,0.0
2059-11-19,34.8,21.4,0.0
2059-11-20,34.4,19.7,0.8
2059-11-21,33.2,19.8,0.0
2059-11-22,34.9,20.0,0.0
2059-11-23,37.81854773167342,22.088114531360347,0.0
2059-11-24,39.0081639712119,23.715789205440753,0.0
2059-11-25,37.975924240551564,24.23642578125,0.0
2059-11-26,39.02447002305297,23.531918230948285,0.0
2059-11-27,37.571386147707436,23.3,0.0
2059-11-28,35.0,23.2,0.0
2059-11-29,31.0,21.1,5.0
2059-11-30,32.2,19.8,24.059288537549364
2059-12-01,30.9,20.1,13.6
2059-12-02,31.0,20.2,0.0
2059-12-03,31.8,20.0,0.0
2059-12-04,33.09081193295402,21.0,0.0
2059-12-05,33.66694013413927,21.009693937466132,0.0
2059-12-06,33.1,20.3,0.0
2059-12-07,30.4,19.6,0.0
2059-12-08,31.94840293933817,19.5,0.0
2059-12-09,31.9,20.1,3.0250000000000026
2059-12-10,32.66658005662664,20.670010846544745,0.0
2059-12-11,32.677225921348274,21.0,2.9
2059-12-12,33.7,20.46740382493502,0.0
2059-12-13,33.7,20.3,3.6
2059-12-14,28.9,19.9,5.4
2059-12-15,28.8,20.2,56.7
2059-12-16,31.4,19.9,48.95714285714286
2059-12-17,25.6,19.9,12.633333333333331
2059-12-18,25.2,19.9,38.019999999999996
2059-12-19,29.5,19.9,26.133333333333326
2059-12-20,27.1,19.6,0.0
2059-12-21,29.0,20.03536006512325,7.0
2059-12-22,31.521003767491916,19.9,15.8
2059-12-23,29.0,19.9,56.06666666666668
2059-12-24,26.1,19.9,26.4
2059-12-25,28.0,19.9,41.96956521739129
2059-12-26,27.9,20.0,9.4
2059-12-27,27.4,19.8,48.35714285714285
2059-12-28,29.7,19.6,26.599999999999987
2059-12-29,30.0,19.2,0.0
2059-12-30,29.0,17.7,0.2
2059-12-31,22.5,17.9,33.1
2060-01-01,27.9,18.1,0.0
2060-01-02,32.125469381598506,17.1,0.0
2060-01-03,37.583447265625,19.6,0.0
2060-01-04,34.285688669626836,20.442287184026455,0.0
2060-01-05,32.6930086841416,19.838413776865494,0.0
2060-01-06,31.33413078175658,20.496823981474424,0.8
2060-01-07,29.6,20.479579755236863,20.75557620817843
2060-01-08,31.6,20.34802905110933,29.02474442379182
2060-01-09,28.7,20.59437198597854,28.3
2060-01-10,27.5,20.46372654852929,0.0
2060-01-11,26.8,20.009969273422556,0.0
2060-01-12,24.7,19.8,0.0
2060-01-13,29.0,19.898038636614277,0.0
2060-01-14,30.1,19.3,0.0
2060-01-15,31.713126194868956,18.2,0.0
2060-01-16,31.691225183935714,19.6,29.55092936802973
2060-01-17,26.6,20.48147860729375,8.053345724907064
2060-01-18,27.1,19.9,39.786988847583636
2060-01-19,28.7,19.684926075236465,10.0
2060-01-20,28.1,19.6,0.0
2060-01-21,31.1,20.316565514120093,0.5027881040892194
2060-01-22,32.0667885800959,20.46759049166835,0.0
2060-01-23,29.9,20.451671045935548,2.4
2060-01-24,29.9,20.00708744606704,2.6273234200743496
2060-01-25,31.9,19.9,41.4
2060-01-26,32.192425494945496,20.366134384675025,4.0
2060-01-27,29.8,20.164387189222243,3.4
2060-01-28,30.5,20.55599751068922,0.0
2060-01-29,31.070210559479115,20.13520868724768,0.0
2060-01-30,31.6,20.40974174295831,4.438104089219331
2060-01-31,26.449884668614484,20.254919061296285,0.0
2060-02-01,29.2,20.07865130961537,0.6300230946882218
2060-02-02,30.5,19.863619644096243,0.0
2060-02-03,33.371865508093364,19.8792039059142,0.0
2060-02-04,32.80224219667164,19.35022673233182,0.0
2060-02-05,32.9,18.2,0.0
2060-02-06,30.0,19.7671413371744,9.3
2060-02-07,29.1,20.072308316378017,11.11224018475751
2060-02-08,27.7,20.07471487207783,0.0
2060-02-09,30.4,20.00352946899856,0.0
2060-02-10,29.6,19.0,0.0
2060-02-11,29.2,20.06194866707978,0.0
2060-02-12,30.49902814706152,20.295328983252865,15.722863741339498
2060-02-13,32.06491403907971,20.075413919209677,7.665588914549653
2060-02-14,31.525020291465875,19.93685971457828,0.0
2060-02-15,31.9,20.099158602114475,0.0
2060-02-16,32.1,20.051669236304875,3.6
2060-02-17,32.95287153392818,19.978071762282067,0.0
2060-02-18,33.032773226885915,18.89346030497768,0.0
2060-02-19,34.163163507539295,18.9,0.0
2060-02-20,32.9,20.035462229645557,0.0
2060-02-21,30.4,20.04740905972676,0.0
2060-02-22,29.4,20.00915341894155,0.0
2060-02-23,34.11603544649844,19.501463623519005,16.258845265588924
2060-02-24,34.67511907111123,20.07646535485472,5.633256351039261
2060-02-25,30.6,20.032551443227693,9.2
2060-02-26,25.9,20.032912426582655,49.94820491287004
2060-02-27,25.7,19.79654303780686,6.4
2060-02-28,27.7,19.352515685218677,0.0
2060-03-01,31.057229832572304,19.3,0.0
2060-03-02,31.635714285714286,17.9,0.0
2060-03-03,31.2,18.2,0.0
2060-03-04,32.4,16.0,0.0
2060-03-05,33.384375,15.4,0.0
2060-03-06,32.701273885350325,17.3,0.0
2060-03-07,31.7,17.4,0.0
2060-03-08,30.7,17.7,0.0
2060-03-09,31.1,17.9,0.0
2060-03-10,32.0,22.952001953125,0.0
2060-03-11,30.5,19.90897026529102,4.0
2060-03-12,31.8,19.4,7.0
2060-03-13,32.30792682926829,19.857057768209533,1.2
2060-03-14,32.68591549295775,19.2,0.0
2060-03-15,32.9,19.3,0.0
2060-03-16,32.983123425692696,20.293996305805575,0.0
2060-03-17,30.0,19.9,0.0
2060-03-18,29.7,19.923540592967424,0.0
2060-03-19,31.817857142857143,19.0,0.0
2060-03-20,32.98236775818639,19.2,0.0
2060-03-21,33.0,18.6,0.0
2060-03-22,35.264990234375,18.2,0.0
2060-03-23,36.23642578125,19.1,0.0
2060-03-24,35.546484375,19.849565841406523,0.0
2060-03-25,33.61512231282432,22.452490234375,0.0
2060-03-26,29.2,22.50498046875,0.0
2060-03-27,30.4,19.989446288000405,0.0
2060-03-28,33.59597855227882,19.0,0.0
2060-03-29,34.84094530005308,19.6,0.0
2060-03-30,34.196229421136515,19.1,0.0
2060-03-31,33.07703349282297,22.108740234375,0.0
2060-04-01,34.059439124487,18.1,0.0
2060-04-02,36.084716796875,20.126312357352436,1.7
2060-04-03,34.0922024623803,19.7,0.6262686567164178
2060-04-04,31.7,19.7,0.0
2060-04-05,32.41517183570829,19.4,0.0
2060-04-06,32.52830188679245,19.4,0.0
2060-04-07,33.15534213685475,17.6,0.0
2060-04-08,32.781609195402304,17.848979591836734,0.0
2060-04-09,33.131812725090036,18.0,0.0
2060-04-10,32.92218649517685,19.0,0.0
2060-04-11,33.108403361344536,19.7,0.0
2060-04-12,32.411735121542335,19.7,0.0
2060-04-13,34.008789329685364,18.794876325088342,0.0
2060-04-14,35.44246004169559,19.4,0.0
2060-04-15,36.122802734375,19.7,0.0
2060-04-16,35.27234190410013,19.7,0.0
2060-04-17,35.562744140625,19.4,0.0
2060-04-18,35.6484375,21.428515625,0.0
2060-04-19,29.1,19.2747311827957,0.0
2060-04-20,27.5,19.0,0.0
2060-04-21,28.9,17.89795918367347,0.0
2060-04-22,31.4,18.0,0.0
2060-04-23,32.7,19.0,0.0
2060-04-24,34.40423905489918,19.7,0.0
2060-04-25,34.50847810979848,21.758837890625,0.0
2060-04-26,27.7,18.51911764705882,0.0
2060-04-27,29.0,15.8,0.0
2060-04-28,29.9,14.5,0.0
2060-04-29,30.6,14.2,0.0
2060-04-30,31.426553672316384,14.5,0.0
2060-05-01,30.91077404834131,14.2,0.0
2060-05-02,31.835959435726018,14.0,0.0
2060-05-03,32.785764730329674,14.1,0.0
2060-05-04,31.0,16.9,0.0
2060-05-05,31.0,15.01579361561631,0.0
2060-05-06,31.0,15.970728150282978,0.0
2060-05-07,31.9,16.2,0.0
2060-05-08,31.0,16.905701716264716,0.0
2060-05-09,30.7,16.520524214288354,0.0
2060-05-10,29.2,17.5,0.0
2060-05-11,29.4,16.9,0.0
2060-05-12,29.7,16.2,0.0
2060-05-13,30.1,15.2,0.0
2060-05-14,30.7,15.1,0.0
2060-05-15,30.0,15.2,0.0
2060-05-16,30.5,15.3,0.0
2060-05-17,30.6,16.5,0.0
2060-05-18,30.7,18.08406032397968,0.0
2060-05-19,31.840963968047127,17.9,0.0
2060-05-20,32.07839754361348,17.5,0.0
2060-05-21,31.6,17.297730495792884,0.0
2060-05-22,31.0,16.726373304628613,0.0
2060-05-23,31.878433799784705,16.9,0.0
2060-05-24,31.0,16.9,0.0
2060-05-25,28.3,17.5,0.0
2060-05-26,26.7,15.2,0.0
2060-05-27,27.9,15.3,0.0
2060-05-28,27.6,14.1,0.0
2060-05-29,27.6,13.6,0.0
2060-05-30,27.5,13.0,0.0
2060-05-31,26.9,12.5,0.0
2060-06-01,26.6,12.7,0.0
2060-06-02,27.385302510035306,13.6,0.0
2060-06-03,28.0,14.4,0.0
2060-06-04,28.2,14.7,0.0
2060-06-05,28.6,14.3,0.0
2060-06-06,27.4,15.441762423953735,0.0
2060-06-07,25.7,14.3,0.0
2060-06-08,25.6,12.2,0.0
2060-06-09,26.4,11.5,0.0
2060-06-10,27.2,11.4,0.0
2060-06-11,28.0,10.925551664011069,0.0
2060-06-12,28.4,12.1,0.0
2060-06-13,27.88198093667293,14.1,0.0
2060-06-14,27.3,14.3,0.0
2060-06-15,25.746251600310618,14.7,0.0
2060-06-16,25.3,13.599541713014464,0.0
2060-06-17,21.2,14.390188554731226,0.0
2060-06-18,25.6,13.0,0.0
2060-06-19,25.7,12.1,0.0
2060-06-20,26.0,11.4,0.0
2060-06-21,26.6,11.0,0.0
2060-06-22,27.06275027808677,12.0,0.0
2060-06-23,27.5,12.5,0.0
2060-06-24,28.84060511679645,12.9,0.0
2060-06-25,30.5,14.2,0.0
2060-06-26,30.4,15.049332208200694,0.0
2060-06-27,30.9694954646988,15.184454418568416,0.0
2060-06-28,31.053407575147432,15.4,0.0
2060-06-29,27.2,15.970313400431541,0.0
2060-06-30,25.4,14.904539170506935,0.0
2060-07-01,24.7,13.0,0.0
2060-07-02,25.0,11.2,0.0
2060-07-03,26.6,11.2,0.0
2060-07-04,29.2,12.2,0.0
2060-07-05,28.855649418578192,14.0,0.0
2060-07-06,27.2,14.879153987141049,0.0
2060-07-07,26.754933937910202,14.0,0.0
2060-07-08,26.0,13.775249140595161,0.0
2060-07-09,26.0,13.289404604223265,0.0
2060-07-10,26.2,12.7,0.0
2060-07-11,26.0,13.6,0.0
2060-07-12,26.4,11.9,0.0
2060-07-13,26.9,11.2,0.0
2060-07-14,27.36882657931462,11.9,0.0
2060-07-15,28.2,12.2,0.0
2060-07-16,29.2,12.9,0.0
2060-07-17,29.622153191561488,13.6,0.0
2060-07-18,29.271761896253416,14.597892499439922,0.0
2060-07-19,29.2,14.6,0.0
2060-07-20,29.2,14.570484610382865,0.0
2060-07-21,27.5,15.1,0.0
2060-07-22,26.6,14.3,0.0
2060-07-23,26.0,13.5,0.0
2060-07-24,26.4,12.2,0.0
2060-07-25,26.9,12.130462863293868,0.0
2060-07-26,26.7,12.882194051002468,0.0
2060-07-27,26.4,12.2,0.0
2060-07-28,26.6,10.7,0.0
2060-07-29,26.9,12.811626952474615,0.0
2060-07-30,27.6,13.681527632407873,0.0
2060-07-31,28.5,14.288808165247922,0.0
2060-08-01,31.0,15.614926011905531,0.0
2060-08-02,31.5,15.5,0.0
2060-08-03,30.4,15.6,0.0
2060-08-04,29.2,15.2,0.0
2060-08-05,31.1,14.6,0.0
2060-08-06,32.5,15.0,0.0
2060-08-07,31.92357911733046,15.6,0.0
2060-08-08,30.14777794863909,17.11967746835108,0.0
2060-08-09,29.427717976318625,15.3,0.0
2060-08-10,30.0,14.7,0.0
2060-08-11,29.6,15.2,0.0
2060-08-12,29.28044303438898,15.047705254917306,0.0
2060-08-13,30.208730585883433,15.201940966517471,0.0
2060-08-14,33.37785986887169,15.6,0.0
2060-08-15,34.55434822261213,16.776314914621217,0.0
2060-08-16,33.33413983755748,18.252288435182074,0.0
2060-08-17,31.6,18.441594567689407,0.0
2060-08-18,29.0,17.116712343241304,0.0
2060-08-19,29.2,15.4,0.0
2060-08-20,30.0,14.6,0.0
2060-08-21,30.9,14.4,0.0
2060-08-22,31.0,15.0,0.0
2060-08-23,31.1,15.4,0.0
2060-08-24,31.2,15.2,0.0
2060-08-25,32.9,15.6,0.0
2060-08-26,37.5771484375,15.6,0.0
2060-08-27,39.029296875,16.669367518021982,0.0
2060-08-28,39.113525390625,15.0,0.0
2060-08-29,34.21352277314312,18.792000917609247,0.0
2060-08-30,32.849111440583286,19.638704818036913,0.0
2060-08-31,31.9,20.296964536754025,0.0
2060-09-01,32.4,18.96299155924884,0.0
2060-09-02,32.5,17.9,0.0
2060-09-03,33.4,18.9,0.0
2060-09-04,34.7,19.4,0.0
2060-09-05,33.7,20.0,0.0
2060-09-06,30.6,19.218379105154597,0.0
2060-09-07,30.3,17.0,0.0
2060-09-08,30.7,17.4,0.0
2060-09-09,31.4,16.9,0.0
2060-09-10,33.0,16.9,0.0
2060-09-11,34.2,17.9,0.0
2060-09-12,33.4,19.235141527263302,0.0
2060-09-13,33.2,18.3,0.0
2060-09-14,33.5,17.9,0.0
2060-09-15,33.7,18.2,0.0
2060-09-16,34.2,18.912427981555016,0.0
2060-09-17,35.8916222273114,20.1,0.0
2060-09-18,39.97705078125,21.2,0.0
2060-09-19,41.04248046875,21.42265766381099,0.0
2060-09-20,40.18603515625,22.706265039951404,0.0
2060-09-21,39.90869140625,22.03674128107514,0.0
2060-09-22,40.335205078125,23.353515625,0.0
2060-09-23,40.421630859375,22.99384100268247,0.0
2060-09-24,33.4,21.198409980997422,0.0
2060-09-25,30.5,19.0,0.0
2060-09-26,30.7,17.8,0.0
2060-09-27,31.0,17.1,0.0
2060-09-28,32.6,16.7,0.0
2060-09-29,34.2,17.4,0.0
2060-09-30,35.3,19.43417267957514,0.0
2060-10-01,35.5,20.7,0.0
2060-10-02,36.50711128415361,21.58622174381054,0.0
2060-10-03,36.5,21.959798973900146,0.0
2060-10-04,36.31110815987026,22.0,0.0
2060-10-05,38.0,21.0,0.0
2060-10-06,38.423681640625,22.1,0.0
2060-10-07,39.46591796875,22.6,0.0
2060-10-08,38.28824856847165,23.79628108144895,0.0
2060-10-09,36.9,22.6,0.0
2060-10-10,36.984885181198415,22.1,0.0
2060-10-11,36.7,21.994143025799495,0.0
2060-10-12,36.28350485846448,21.7,0.0
2060-10-13,36.0,21.96949519802049,0.0
2060-10-14,35.8,21.887713670613554,0.0
2060-10-15,37.015216199199784,21.735576911270545,0.0
2060-10-16,38.0,23.0,0.0
2060-10-17,38.501318359375,23.0,0.0
2060-10-18,38.403173828125,23.74207628536126,0.0
2060-10-19,36.9,22.6,0.0
2060-10-20,36.4,22.6,0.0
2060-10-21,35.6,23.324566257515528,0.0
2060-10-22,34.9,21.4,0.0
2060-10-23,36.9,22.1,0.0
2060-10-24,37.50795204273276,23.239827526225085,0.0
2060-10-25,37.30479347478502,22.934140653031925,0.0
2060-10-26,36.6,20.770187386041588,2.7
2060-10-27,33.5,20.9,0.9821917808219178
2060-10-28,34.7,20.7,0.0
2060-10-29,36.0,22.0,0.9164383561643836
2060-10-30,37.2,21.9,0.0
2060-10-31,36.6,24.40546875,0.0
2060-11-01,36.95819028401182,23.3,0.0
2060-11-02,36.38054972322961,20.7,0.0
2060-11-03,36.2,23.712815779855973,0.0
2060-11-04,36.0,23.2,0.0
2060-11-05,35.2,22.382502509563476,0.0
2060-11-06,34.5,20.9,0.0
2060-11-07,31.7,20.0,3.0
2060-11-08,34.0,20.0,0.0
2060-11-09,34.4,20.9,0.0
2060-11-10,31.548834134363123,19.8,3.8
2060-11-11,30.0,19.8,9.4800395256917
2060-11-12,30.6,19.0,3.901926877470354
2060-11-13,31.1,18.6,0.1
2060-11-14,31.2,19.0,0.0
2060-11-15,32.25042782578933,19.2,0.0
2060-11-16,32.6,18.5,0.0
2060-11-17,32.6,18.56452208803432,0.0
2060-11-18,32.7,17.9,0.0
2060-11-19,33.2,19.0,0.0
2060-11-20,32.9,21.3,0.0
2060-11-21,30.4416659118166,19.7,0.1
2060-11-22,32.1,19.7,1.6
2060-11-23,33.5,19.9,0.0
2060-11-24,31.3,19.0,1.1308300395256916
2060-11-25,31.7,18.9,4.5
2060-11-26,32.0,19.3,0.0
2060-11-27,32.6,19.9,0.0
2060-11-28,31.9,19.4,1.311166007905138
2060-11-29,30.6,19.0,10.4
2060-11-30,30.60218376812811,19.4,11.986956521739128
2060-12-01,29.9,19.570119608989526,3.05
2060-12-02,27.9,19.9,5.6
2060-12-03,28.2,19.9,4.0
2060-12-04,29.0,19.6,22.5
2060-12-05,28.7,19.4,2.1
2060-12-06,29.9,19.6,1.3333333333333328
2060-12-07,29.4,19.9,13.2
2060-12-08,28.078347271673426,19.6,25.0
2060-12-09,28.9,19.5,2.4
2060-12-10,30.0,19.4,2.4
2060-12-11,30.7,19.6,0.0
2060-12-12,31.4,19.4,0.0
2060-12-13,32.0,20.3,0.0
2060-12-14,32.010616164267894,19.9,0.0
2060-12-15,32.61723810548976,20.99713089800546,0.0
2060-12-16,32.0,20.3,0.0
2060-12-17,30.0,19.6,18.95
2060-12-18,25.6,19.5,28.84
2060-12-19,25.6,19.5,13.683333333333332
2060-12-20,29.0,19.0,0.0
2060-12-21,30.0,18.0,0.0
2060-12-22,29.9,17.3,0.0
2060-12-23,31.0,19.5,0.0
2060-12-24,30.3,19.4,0.0
2060-12-25,30.2,19.2,9.2
2060-12-26,26.418435593828487,19.5,12.3
2060-12-27,28.0,18.9,15.533333333333331
2060-12-28,29.5,18.7,19.8
2060-12-29,30.2,19.0,0.0
2060-12-30,30.9,19.5,0.0
2060-12-31,31.8,21.015902028517328,0.0
2061-01-01,36.90009765625,20.648577588300352,0.0
2061-01-02,37.451123046875,20.632680222242623,0.0
2061-01-03,38.090771484375,19.7,0.0
2061-01-04,31.7,20.787414585204342,0.0
2061-01-05,27.3,20.494649133479072,0.0
2061-01-06,27.7,19.8,8.9
2061-01-07,29.9,19.8,0.0
2061-01-08,30.14579268407833,19.82951804633579,0.0
2061-01-09,29.5,19.9,9.707342007434946
2061-01-10,28.544459768568448,19.846128544958702,32.35164962825279
2061-01-11,29.6,19.898350941230746,14.0
2061-01-12,28.431184247304472,19.858105849033375,1.0
2061-01-13,28.0,19.6,1.9
2061-01-14,30.0,20.279935333162122,5.241821561338288
2061-01-15,30.6,19.9,28.273605947955385
2061-01-16,28.5,19.68417829854064,0.0
2061-01-17,31.7,18.863542606115253,5.5
2061-01-18,31.7,19.605848689652877,0.0
2061-01-19,29.3,19.556553020463593,0.0
2061-01-20,29.6,18.3,0.0
2061-01-21,27.8,18.2,0.0
2061-01-22,27.6,19.804526830395368,0.0
2061-01-23,29.4,19.8,5.0
2061-01-24,29.0,19.6,40.82701363073109
2061-01-25,30.9,19.8,32.471328996282516
2061-01-26,29.9,19.9,40.44729863692688
2061-01-27,27.6,19.874531383726342,12.978531598513015
2061-01-28,27.1,19.849665183723527,15.739405204460958
2061-01-29,28.1,19.8,21.6
2061-01-30,25.6,18.5,16.0
2061-01-31,24.9,18.4,0.0
2061-02-01,29.2,17.5,0.2
2061-02-02,32.72076373414404,16.2,0.0
2061-02-03,33.938596271118165,19.5,0.0
2061-02-04,29.0,19.953377241634158,5.734411085450348
2061-02-05,28.1,19.4,27.48221709006929
2061-02-06,27.5,19.7,49.67367205542729
2061-02-07,24.6,19.514942102313537,47.81524249422632
2061-02-08,25.6,19.470354203553036,10.1
2061-02-09,26.9,19.5,26.8
2061-02-10,26.0,19.5,0.6
2061-02-11,28.6,19.870839471605127,3.2
2061-02-12,30.7,19.0,0.8
2061-02-13,32.0,19.1,8.72771362586605
2061-02-14,32.1,19.5,4.8
2061-02-15,30.2,19.5,16.4
2061-02-16,25.8,19.0,19.5743648960739
2061-02-17,25.275233674173492,18.8,0.0
2061-02-18,28.5,19.274713283008865,9.3
2061-02-19,31.0,19.869636167020317,1.810854503464203
2061-02-20,31.6,18.5,0.8
2061-02-21,34.11603544649844,19.7,1.061200923787529
2061-02-22,32.974343145242045,19.82405733725896,0.4
2061-02-23,34.251582077040965,19.1,0.0
2061-02-24,33.08629320619787,19.0,0.0
2061-02-25,34.30909460503739,19.525757169130703,1.8
2061-02-26,34.08403157696638,20.032348031972106,1.0
2061-02-27,31.0,19.54520513159705,19.98475750577368
2061-02-28,30.3,19.2,10.214318706697464
2061-03-01,26.860000000000003,22.52451171875,6.966666666666666
2061-03-02,29.9,22.31058349609375,28.0
2061-03-03,29.7,19.912830917524563,15.627272727272736
2061-03-04,31.2,18.55317152706723,4.039999999999999
2061-03-05,31.1,19.9,45.99029126213594
2061-03-06,32.9,18.617986179015432,8.6
2061-03-07,29.7,19.870194653749543,8.45
2061-03-08,31.5,19.1,10.957142857142857
2061-03-09,33.2,19.9,7.0200000000000005
2061-03-10,32.79299363057325,20.278837543402588,8.500000000000004
2061-03-11,32.0,19.4,27.516666666666666
2061-03-12,29.7,22.116552734375,21.19999999999999
2061-03-13,28.8,22.5025390625,15.627272727272736
2061-03-14,33.2,21.91043701171875,26.39999999999999
2061-03-15,25.7,21.91092529296875,18.143999999999995
2061-03-16,28.1,22.148870849609377,3.4
2061-03-17,29.7,22.146337890625,2.5
2061-03-18,28.0,18.8,0.0
2061-03-19,27.5,18.8,0.0
2061-03-20,26.3,18.9,0.0
2061-03-21,27.3,19.82818263365626,0.0
2061-03-22,29.1,18.8,0.0
2061-03-23,27.7,19.929226574499687,0.0
2061-03-24,25.2,19.1,3.4
2061-03-25,28.2,17.4,0.0
2061-03-26,30.2,14.8,0.0
2061-03-27,30.7,11.862744559570606,0.0
2061-03-28,26.5,15.0,0.0
2061-03-29,25.538,18.5,0.0
2061-03-30,19.722036168787675,17.3,0.0
2061-03-31,24.8,16.9,0.0
2061-04-01,25.9,17.9,0.0
2061-04-02,28.0,18.6,0.0
2061-04-03,29.6,18.419379844961234,0.0
2061-04-04,30.2,17.8,0.0
2061-04-05,30.7,18.4,0.0
2061-04-06,30.713114754098356,17.5,0.0
2061-04-07,29.7,16.5,17.57726750861079
2061-04-08,24.16521739130435,18.1,26.87503025413473
2061-04-09,22.585365853658537,17.1,3.604477611940299
2061-04-10,25.2,17.6,0.0
2061-04-11,27.0,18.4,0.0
2061-04-12,28.9,17.6,0.0
2061-04-13,29.523684210526316,18.5,0.0
2061-04-14,29.0,19.15679012345679,0.0
2061-04-15,28.2,18.77243816254417,0.0
2061-04-16,29.7,19.4,0.0
2061-04-17,29.9,18.0,0.0
2061-04-18,30.5,19.4,0.0
2061-04-19,31.118518518518524,19.4,0.0
2061-04-20,32.0,19.0,0.0
2061-04-21,31.5,18.0,0.0
2061-04-22,31.4,19.2,0.0
2061-04-23,32.2,17.4,0.0
2061-04-24,32.44819782062029,17.1,0.0
2061-04-25,27.5,19.0,0.0
2061-04-26,26.4,16.435999999999996,0.0
2061-04-27,27.0,14.0,0.0
2061-04-28,27.6,13.62125,0.0
2061-04-29,29.0,14.3,0.0
2061-04-30,29.1,14.5,0.0
2061-05-01,27.5,13.6,0.0
2061-05-02,28.0,13.565213109497732,0.0
2061-05-03,29.0,13.6,0.0
2061-05-04,29.0,12.5,0.0
2061-05-05,28.676885653017806,13.0,0.0
2061-05-06,29.9,12.47455020759649,0.0
2061-05-07,30.6,13.0,0.0
2061-05-08,29.1,13.0,0.0
2061-05-09,27.622158133111277,14.5,0.0
2061-05-10,28.1,12.7,0.0
2061-05-11,29.2,12.7,0.0
2061-05-12,30.1,13.8,0.0
2061-05-13,29.2,14.7,0.0
2061-05-14,26.5,13.2,0.0
2061-05-15,25.5,11.2,0.0
2061-05-16,26.1,10.7,0.0
2061-05-17,27.7,9.2,0.0
2061-05-18,29.1,9.9,0.0
2061-05-19,28.28338878559545,12.7,0.0
2061-05-20,28.9,11.6,0.0
2061-05-21,29.2,11.9,0.0
2061-05-22,28.9,13.4,0.0
2061-05-23,28.6,12.8,0.0
2061-05-24,28.6,12.9,0.0
2061-05-25,28.0,12.5,0.0
2061-05-26,28.893728400657174,12.2,0.0
2061-05-27,30.8,12.26396364071282,0.0
2061-05-28,32.693147859239474,13.9,0.0
2061-05-29,32.0,13.9,0.0
2061-05-30,30.1,15.7,0.0
2061-05-31,29.6,13.5,0.0
2061-06-01,28.6,12.1,0.0
2061-06-02,28.680180257265913,11.5,0.0
2061-06-03,28.0,12.9,0.0
2061-06-04,27.9,13.630213199851696,0.0
2061-06-05,28.2,13.8,0.0
2061-06-06,28.411322891300653,14.2,0.0
2061-06-07,27.1,14.3,0.0
2061-06-08,25.9,13.7,0.0
2061-06-09,25.0,14.4,0.0
2061-06-10,25.6,12.1,0.0
2061-06-11,26.0,11.5,0.0
2061-06-12,25.7,11.4,0.0
2061-06-13,25.0,11.1,0.0
2061-06-14,24.4,11.1,0.0
2061-06-15,23.0,10.948048883143437,0.0
2061-06-16,24.5,10.2,0.0
2061-06-17,25.5,11.0,0.0
2061-06-18,25.5,11.9,0.0
2061-06-19,26.2,12.1,0.0
2061-06-20,26.8,12.5,0.0
2061-06-21,27.444658021107454,12.9,0.0
2061-06-22,27.9,12.9,0.0
2061-06-23,28.2,13.8,0.0
2061-06-24,30.0,14.73973934426929,0.0
2061-06-25,30.556701890989988,15.4,0.0
2061-06-26,29.9,15.61804528691189,0.0
2061-06-27,27.5,14.5,0.0
2061-06-28,27.5,15.857341204594684,0.0
2061-06-29,28.3,14.0,0.0
2061-06-30,27.821896086204447,13.3,0.0
2061-07-01,26.9,13.678210056896809,0.0
2061-07-02,26.7,13.0,0.0
2061-07-03,26.9,12.6,0.0
2061-07-04,27.0,12.1,0.0
2061-07-05,27.6,11.6,0.0
2061-07-06,28.2,12.2,0.0
2061-07-07,28.6,13.6,0.0
2061-07-08,29.2,13.41160387513455,0.0
2061-07-09,29.67065339921852,12.9,0.0
2061-07-10,27.81513877021073,14.2,0.0
2061-07-11,27.7,13.4,0.0
2061-07-12,28.2,13.5,0.0
2061-07-13,28.8,13.612687940553487,0.0
2061-07-14,28.314345826401794,13.0,0.0
2061-07-15,28.0,13.0,0.0
2061-07-16,27.6,13.6,0.0
2061-07-17,26.6,14.0,0.0
2061-07-18,24.2,13.9,0.0
2061-07-19,21.7,14.2,0.0
2061-07-20,24.0,11.9,0.0
2061-07-21,24.0,10.2,0.0
2061-07-22,25.2,7.6,0.0
2061-07-23,26.0,8.9,0.0
2061-07-24,26.6,10.95476856835306,0.0
2061-07-25,27.0,12.1,0.0
2061-07-26,27.6,12.6,0.0
2061-07-27,27.6,12.556590994303399,0.0
2061-07-28,27.2,12.8,0.0
2061-07-29,27.6,12.2,0.0
2061-07-30,29.7,11.9,0.0
2061-07-31,31.29422277519916,13.0,0.0
2061-08-01,37.9384765625,15.491989953354851,0.0
2061-08-02,34.49043881711285,15.354872706335893,0.0
2061-08-03,31.9,18.2,0.0
2061-08-04,30.0,17.755799824337785,0.0
2061-08-05,28.2,16.7,0.0
2061-08-06,26.7,15.24467622231034,0.0
2061-08-07,27.8,13.0,0.0
2061-08-08,28.0,13.2,0.0
2061-08-09,27.6,13.4,0.0
2061-08-10,29.2,14.1,0.0
2061-08-11,29.34754344148854,15.233483655316967,0.0
2061-08-12,27.1,15.4,0.0
2061-08-13,25.2,14.4,0.0
2061-08-14,25.4,12.3,0.0
2061-08-15,27.508853606027987,12.5,0.0
2061-08-16,28.9,14.4,0.0
2061-08-17,29.923421107594425,14.8,0.0
2061-08-18,30.0,16.16059083841646,0.0
2061-08-19,30.0,16.805280544367662,0.0
2061-08-20,29.446609257265877,16.7,0.0
2061-08-21,29.6,17.4,0.0
2061-08-22,30.6,19.0,0.0
2061-08-23,32.5,18.31050972779107,0.0
2061-08-24,34.5678675199293,19.057382104908637,0.0
2061-08-25,31.124896785709414,25.777099609375,0.0
2061-08-26,28.8,17.61000907354076,0.0
2061-08-27,26.2,16.0,0.0
2061-08-28,26.9,14.431948331539294,0.0
2061-08-29,27.7,13.9,0.0
2061-08-30,29.0,12.6,0.0
2061-08-31,30.2,15.2,0.0
2061-09-01,30.2,17.7,0.0
2061-09-02,31.0,18.0,0.0
2061-09-03,31.7,17.8,0.0
2061-09-04,33.67423695705255,20.5,0.0
2061-09-05,35.55489280624305,19.9,0.0
2061-09-06,38.201846227244296,20.2,0.0
2061-09-07,37.7852512334067,20.5,0.0
2061-09-08,35.6,20.5,0.0
2061-09-09,33.5,19.821794393336067,0.0
2061-09-10,34.1,18.8,0.0
2061-09-11,35.1,19.614012483005816,0.0
2061-09-12,34.4,20.5,0.0
2061-09-13,33.2,20.0,0.0
2061-09-14,33.2,18.7,0.0
2061-09-15,35.2,18.2,0.0
2061-09-16,39.474853515625,19.6,0.0
2061-09-17,33.2,20.2,0.0
2061-09-18,29.8,17.7,0.0
2061-09-19,29.5,17.0,0.0
2061-09-20,30.1,14.2,0.0
2061-09-21,31.7,14.2,0.0
2061-09-22,33.096915943969215,16.2,0.0
2061-09-23,35.0,17.9,0.0
2061-09-24,32.9,20.5,0.0
2061-09-25,32.4,19.2,0.0
2061-09-26,33.4,18.371103090457925,0.0
2061-09-27,36.0,19.0,0.0
2061-09-28,34.8,21.2,0.0
2061-09-29,33.2,20.5,0.0
2061-09-30,33.9,19.5,0.0
2061-10-01,33.0,19.6,0.0
2061-10-02,32.1,18.056743041673066,0.0
2061-10-03,32.9,18.0,0.0
2061-10-04,33.6,18.4,0.0
2061-10-05,35.7,19.6,0.0
2061-10-06,36.0,21.3,0.0
2061-10-07,34.5,21.6,0.0
2061-10-08,32.5,20.3,0.0
2061-10-09,30.8,19.1,0.0
2061-10-10,30.2,17.6,0.0
2061-10-11,31.2,18.0,0.0
2061-10-12,32.1,18.7,0.0
2061-10-13,34.4,19.0,0.0
2061-10-14,36.0,20.4,0.0
2061-10-15,36.0,21.4,0.0
2061-10-16,35.5,20.4,0.0
2061-10-17,35.8,21.3,0.0
2061-10-18,36.0,22.0,0.0
2061-10-19,35.8,21.209178327951193,0.0
2061-10-20,36.9,20.7,0.0
2061-10-21,39.968115234375,21.3,0.0
2061-10-22,39.343359375,22.6,0.0
2061-10-23,36.0,23.0,0.9657534246575342
2061-10-24,35.0,20.0,9.394520547945202
2061-10-25,34.3,18.8,0.0
2061-10-26,35.8,19.1,0.0
2061-10-27,35.6,21.7,0.0
2061-10-28,36.0,21.9,0.0
2061-10-29,37.712156958485394,21.933538366907566,0.0
2061-10-30,37.2,21.0,0.0
2061-10-31,37.09118520044448,20.5,0.0
2061-11-01,37.524647810348036,19.9,0.0
2061-11-02,39.00039015579924,20.0,0.0
2061-11-03,39.10201857192507,22.3,0.0
2061-11-04,39.052341995385945,22.10411609005952,0.0
2061-11-05,38.879990819530796,22.3,0.0
2061-11-06,37.49319603670102,19.9,0.46067193675889323
2061-11-07,32.6,19.6,1.4
2061-11-08,31.1,19.352657486607086,0.0
2061-11-09,32.1,19.1,0.0
2061-11-10,32.5,19.3,0.0
2061-11-11,32.2,19.5,0.0
2061-11-12,33.7,18.9,0.0
2061-11-13,37.15921558023341,19.5,0.0
2061-11-14,39.011766471037255,20.030316224376293,0.0
2061-11-15,38.879042793260936,21.0,1.3
2061-11-16,34.8452299245024,19.8,0.0
2061-11-17,32.6,19.7,2.8
2061-11-18,33.6,18.986765850945496,0.0
2061-11-19,34.8,22.3,0.0
2061-11-20,35.59702714950768,20.5,0.0
2061-11-21,37.2,22.516714011017182,0.0
2061-11-22,35.2,20.335038662159697,0.3079051383399208
2061-11-23,31.9,19.9,1.4
2061-11-24,32.7,19.6,6.516205533596838
2061-11-25,33.4,19.5,0.0
2061-11-26,32.1,19.2,8.652964426877467
2061-11-27,26.66466641421911,18.7,47.083507006827126
2061-11-28,22.931896914972448,16.532910781371335,3.9
2061-11-29,21.8,16.3,0.0
2061-11-30,27.6,14.671790687644174,0.0
2061-12-01,28.430627936242924,14.779886477335777,0.0
2061-12-02,29.0,15.0,0.0
2061-12-03,30.0,15.0,0.0
2061-12-04,30.1,18.3,0.0
2061-12-05,30.1,18.1,0.0
2061-12-06,29.7,19.0,0.0
2061-12-07,30.8,19.0,0.0
2061-12-08,32.1,18.9,0.0
2061-12-09,32.70722083946907,18.4,0.0
2061-12-10,33.1,19.4,0.0
2061-12-11,32.9,19.5,0.0
2061-12-12,32.9,20.57625100015923,1.3
2061-12-13,32.1,19.9,0.7
2061-12-14,31.88907083800929,19.5,6.8
2061-12-15,27.0,19.5,14.8
2061-12-16,29.663170107578146,19.5,25.0
2061-12-17,30.0,18.9,11.2
2061-12-18,29.5,19.5,1.1
2061-12-19,25.5,19.2,34.9
2061-12-20,25.3,19.2,52.4
2061-12-21,27.3,19.0,7.0
2061-12-22,29.0,18.8,1.4
2061-12-23,28.0,19.5,18.5
2061-12-24,28.5,19.5,2.7
2061-12-25,28.2,19.0,9.8
2061-12-26,28.0,19.5,0.0
2061-12-27,27.0,19.5,2.0
2061-12-28,28.0,18.8,6.7
2061-12-29,27.4,18.5,0.0
2061-12-30,26.1,18.5,22.3
2061-12-31,24.8,19.0,15.0
2062-01-01,27.7,19.678383029147984,21.0
2062-01-02,26.6,19.109083841645752,35.33048327137544
2062-01-03,26.6,19.5,0.0
2062-01-04,25.5,19.4,4.5
2062-01-05,24.791619252652623,19.3,14.0
2062-01-06,25.3,19.7,1.1
2062-01-07,25.4,19.4,44.08738779581104
2062-01-08,26.1,19.313654202930007,54.54622057001211
2062-01-09,27.4,19.7,28.91022304832713
2062-01-10,26.1,19.7,25.683271375464685
2062-01-11,26.9,19.65693118518648,0.0
2062-01-12,28.1,19.4,29.187546468401482
2062-01-13,26.5,19.339301240810734,2.4
2062-01-14,27.6,18.9,13.532156133828993
2062-01-15,24.5,19.7,2.0
2062-01-16,28.4,19.3,0.0
2062-01-17,26.9,19.8,0.0
2062-01-18,25.1,19.3,0.0
2062-01-19,27.9,16.3,0.0
2062-01-20,29.7,15.0,0.0
2062-01-21,27.2,19.1,59.99832713754647
2062-01-22,26.6,18.6,69.0
2062-01-23,30.8,19.6,4.0
2062-01-24,29.8,19.0,1.0
2062-01-25,30.2,19.41484175172778,2.1
2062-01-26,29.9,19.0,2.2
2062-01-27,30.9,18.487098262340112,0.0
2062-01-28,29.1,19.4,0.5528810408921933
2062-01-29,31.6,19.0,0.0
2062-01-30,31.1,19.6,0.2
2062-01-31,30.8,19.851302672793636,3.6340148698884756
2062-02-01,32.11044143070364,18.8,29.2
2062-02-02,27.6,19.4,46.39836237665346
2062-02-03,27.2,19.34892759690954,29.9
2062-02-04,25.5,18.891249032353176,11.707159353348727
2062-02-05,25.2,18.0,0.0
2062-02-06,26.4,19.2,4.2
2062-02-07,28.8,19.5,27.48221709006929
2062-02-08,29.3,18.9,9.2
2062-02-09,28.1,18.9,28.742494226327963
2062-02-10,30.2,18.9,16.971824480369513
2062-02-11,29.5,18.9,6.4
2062-02-12,29.6,19.2,13.5
2062-02-13,26.4,19.88850750477727,15.6
2062-02-14,28.5,17.7,0.0
2062-02-15,30.7,16.3,11.11224018475751
2062-02-16,30.5,17.9,3.2
2062-02-17,29.4,18.7,9.6
2062-02-18,28.2,19.652007609698604,26.8
2062-02-19,28.8,19.7,14.347575057736721
2062-02-20,28.4,19.0,21.355889145496533
2062-02-21,32.9,19.0,0.0
2062-02-22,34.158842309965365,19.54854928482969,0.0
2062-02-23,34.09240389726591,20.098035542787894,0.0
2062-02-24,34.25063924871314,19.0,0.0
2062-02-25,32.9,18.9,3.1279445727482673
2062-02-26,28.1,19.836207778676343,9.729330254041567
2062-02-27,28.6,19.2,9.182909930715937
2062-02-28,28.6,19.442914408932175,0.0
2062-03-01,30.0,18.569643765032236,0.0
2062-03-02,30.0,17.5,0.0
2062-03-03,31.0,19.0,0.0
2062-03-04,32.906045340050376,18.3,0.0
2062-03-05,33.2,18.9,0.0
2062-03-06,31.9,19.879117330462854,2.4
2062-03-07,30.6,19.2,16.4
2062-03-08,28.1,22.0192626953125,37.711111111111094
2062-03-09,28.8,20.223644100807107,16.3
2062-03-10,28.7,18.8,12.222222222222216
2062-03-11,30.7,19.0,4.6
2062-03-12,28.7,19.3,9.600000000000007
2062-03-13,29.5,17.9,0.0
2062-03-14,30.7,19.3,4.6
2062-03-15,30.5,19.8,35.97222222222222
2062-03-16,30.2,19.890979547900958,21.30000000000001
2062-03-17,31.1,18.558348516141947,4.039999999999999
2062-03-18,27.0,19.1,28.73913043478261
2062-03-19,24.45044642857143,19.0,10.9
2062-03-20,26.39090909090909,19.0,0.0
2062-03-21,28.9,21.127950593858912,0.0
2062-03-22,28.2,22.115057373046874,0.0
2062-03-23,26.4,19.9,0.2
2062-03-24,27.7,18.7,0.0
2062-03-25,28.5,17.6,0.0
2062-03-26,28.5,16.7,0.0
2062-03-27,25.2,16.9,0.0
2062-03-28,26.7,18.0,0.0
2062-03-29,25.2512,18.5,0.0
2062-03-30,27.2,16.7,0.0
2062-03-31,27.6,16.7,0.0
2062-04-01,28.4,17.9,0.0
2062-04-02,28.634375,18.56650326797386,0.0
2062-04-03,29.5,19.0,0.0
2062-04-04,29.6,18.874734177215196,0.0
2062-04-05,31.4,18.6,0.0
2062-04-06,31.7,18.2,0.0
2062-04-07,31.69831325301205,18.704946996466425,0.0
2062-04-08,32.44023470243085,16.3,0.0
2062-04-09,31.2,19.7,0.0
2062-04-10,30.0,18.3,0.0
2062-04-11,27.6,17.9,1.3507462686567164
2062-04-12,27.9,16.5,0.0
2062-04-13,28.6,15.9,0.0
2062-04-14,27.0,16.7,0.0
2062-04-15,27.1,17.9,0.0
2062-04-16,27.2,17.6,0.0
2062-04-17,28.0,15.947058823529412,0.0
2062-04-18,27.0,16.2,0.0
2062-04-19,24.2,17.989743589743586,0.0
2062-04-20,25.0,18.312820512820515,5.652238805970152
2062-04-21,26.8,18.3,0.0
2062-04-22,28.0,17.2,0.0
2062-04-23,27.611111111111107,17.5,0.0
2062-04-24,29.8,15.604347826086954,0.0
2062-04-25,28.9,16.0,0.0
2062-04-26,26.3,15.2,0.0
2062-04-27,27.2,18.0,0.0
2062-04-28,26.1,17.859183673469385,0.0
2062-04-29,27.5,17.0,0.0
2062-04-30,27.0,15.9,0.0
2062-05-01,26.9,15.1,0.0
2062-05-02,26.4,14.6,0.0
2062-05-03,28.1,12.080272042274181,0.0
2062-05-04,29.0,11.9,0.0
2062-05-05,27.5,14.9,0.0
2062-05-06,27.2,12.9,0.0
2062-05-07,27.6,11.4,0.0
2062-05-08,28.6,11.8,0.0
2062-05-09,28.7,12.9,0.0
2062-05-10,26.7,14.7,0.0
2062-05-11,23.9,16.5,0.0
2062-05-12,23.7,11.6,0.0
2062-05-13,25.6,9.011666410374694,0.0
2062-05-14,26.1,10.0,0.0
2062-05-15,26.343622174381043,7.868677349689596,0.0
2062-05-16,26.2,13.9,0.0
2062-05-17,24.9,10.9,0.0
2062-05-18,25.5,8.6,0.0
2062-05-19,25.0,11.6,0.0
2062-05-20,26.5,13.5,0.0
2062-05-21,21.099111820792885,13.2,0.0
2062-05-22,25.2,11.0,0.0
2062-05-23,26.1,10.3,0.0
2062-05-24,24.8,11.5,0.0
2062-05-25,18.49618762387839,10.7,0.0
2062-05-26,25.0,11.3,0.0
2062-05-27,25.6,11.5,0.0
2062-05-28,26.3,13.9,0.0
2062-05-29,25.4,10.4,0.0
2062-05-30,24.6,8.9,0.0
2062-05-31,24.7,9.3,0.0
2062-06-01,24.4,11.8,0.0
2062-06-02,24.6,9.0,0.0
2062-06-03,24.6,11.0,0.0
2062-06-04,21.5,10.9,0.0
2062-06-05,22.0,14.515601212676403,0.0
2062-06-06,20.1,14.1,0.0
2062-06-07,24.7,12.9,0.0
2062-06-08,25.3,12.5,0.0
2062-06-09,25.5,12.2,0.0
2062-06-10,25.6,11.8,0.0
2062-06-11,25.7,11.5,0.0
2062-06-12,25.7,11.8,0.0
2062-06-13,24.9,11.5,0.0
2062-06-14,24.653466115390273,10.1,0.0
2062-06-15,23.0,10.3,0.0
2062-06-16,24.0,10.7,0.0
2062-06-17,25.0,10.9,0.0
2062-06-18,25.5,12.1,0.0
2062-06-19,26.0,10.7,0.0
2062-06-20,26.494452900884028,9.7,0.0
2062-06-21,25.6,11.5,0.0
2062-06-22,24.6,10.0,0.0
2062-06-23,25.0,9.2,0.0
2062-06-24,25.4,9.3,0.0
2062-06-25,25.6,9.4,0.0
2062-06-26,25.4,9.996092366003385,0.0
2062-06-27,25.5,9.9,0.0
2062-06-28,25.6,10.1,0.0
2062-06-29,25.6,10.0,0.0
2062-06-30,25.4,9.6,0.0
2062-07-01,25.1,10.0,0.0
2062-07-02,25.0,10.2,0.0
2062-07-03,24.7,10.5,0.0
2062-07-04,24.5,10.4,0.0
2062-07-05,23.2,13.4,0.0
2062-07-06,25.780817910344098,12.2,0.0
2062-07-07,26.8,12.9,0.0
2062-07-08,27.2,13.4,0.0
2062-07-09,27.3,13.4,0.0
2062-07-10,26.9,13.6,0.0
2062-07-11,26.6,13.1,0.0
2062-07-12,26.0,11.818475332416599,0.0
2062-07-13,26.9,10.9,0.0
2062-07-14,28.8,12.8,0.0
2062-07-15,29.5,14.3,0.0
2062-07-16,30.182816174827856,15.2,0.0
2062-07-17,31.11940461508849,15.2,0.0
2062-07-18,30.648563852192027,15.52169647318501,0.0
2062-07-19,29.603904376054167,15.3,0.0
2062-07-20,29.21405745425187,15.193311078813668,0.0
2062-07-21,30.2,15.041122805618672,0.0
2062-07-22,29.2,15.2,0.0
2062-07-23,28.0,14.2,0.0
2062-07-24,26.3,15.0,0.0
2062-07-25,26.0,13.6,0.0
2062-07-26,26.7,13.109599893060906,0.0
2062-07-27,27.0,12.9,0.0
2062-07-28,25.9,13.8315700445948,0.0
2062-07-29,22.7,12.6,0.0
2062-07-30,25.7,10.5,0.0
2062-07-31,26.7,11.9,0.0
2062-08-01,26.7,12.8,0.0
2062-08-02,25.223625874596337,11.9,0.0
2062-08-03,25.2,11.3,0.0
2062-08-04,25.7,11.7,0.0
2062-08-05,27.0,11.5,0.0
2062-08-06,30.22252421959095,13.5,0.0
2062-08-07,30.773281306063858,15.7,0.0
2062-08-08,28.6,16.4,0.0
2062-08-09,28.0,14.5,0.0
2062-08-10,29.7,12.9,0.0
2062-08-11,31.555172228202363,13.5,0.0
2062-08-12,31.9,15.403628930673555,0.0
2062-08-13,32.5,16.0,0.0
2062-08-14,31.65822044397505,16.82980699714147,0.0
2062-08-15,31.2,16.668879320655424,0.0
2062-08-16,31.6,15.621040242779506,0.0
2062-08-17,31.6,16.0,0.0
2062-08-18,31.9,15.5,0.0
2062-08-19,37.02002803336735,15.9426074843285,0.0
2062-08-20,32.6,18.33897620753192,0.0
2062-08-21,31.2,17.64391706445595,0.0
2062-08-22,31.548858988159306,15.5,0.0
2062-08-23,30.5,16.7,0.0
2062-08-24,31.9,15.4,0.0
2062-08-25,37.37634620520649,15.9,0.0
2062-08-26,35.056210529212535,15.6,0.0
2062-08-27,31.5,18.51982832677573,0.0
2062-08-28,31.564085037674918,18.166112531751175,0.0
2062-08-29,31.9,17.64189270678937,0.0
2062-08-30,31.9,17.11315419310955,0.0
2062-08-31,31.9,15.3,0.0
2062-09-01,33.87271838209495,14.0,0.0
2062-09-02,33.9,16.4,0.0
2062-09-03,33.5,17.0,0.0
2062-09-04,34.4,17.5,0.0
2062-09-05,33.0,19.49977074798557,0.0
2062-09-06,32.9,18.613697722884947,0.0
2062-09-07,32.1,18.0,0.0
2062-09-08,31.7,17.3,0.0
2062-09-09,31.7,16.9,0.0
2062-09-10,32.06873364771499,16.5,0.0
2062-09-11,32.5,16.5,0.0
2062-09-12,32.6,16.327916322795936,0.0
2062-09-13,32.5,17.0,0.0
2062-09-14,31.8,18.0,0.0
2062-09-15,31.9,17.9,0.0
2062-09-16,30.9,18.9,0.0
2062-09-17,30.0,17.7,0.0
2062-09-18,31.0,17.3,0.0
2062-09-19,32.31775621561495,17.2,0.0
2062-09-20,33.0,18.2,0.0
2062-09-21,33.2,18.9,0.0
2062-09-22,33.7,17.8,0.0
2062-09-23,34.58340298305668,17.6,0.0
2062-09-24,35.6,18.1,0.0
2062-09-25,37.18387620197973,19.4,0.0
2062-09-26,35.2,20.435319574630707,0.0
2062-09-27,35.56528260567298,18.4,0.0
2062-09-28,38.42166247975297,18.5,0.0
2062-09-29,39.60302734375,20.0,0.0
2062-09-30,40.136962890625,20.5,0.0
2062-10-01,37.73310991014977,21.0,0.0
2062-10-02,38.46494140625,20.5,0.0
2062-10-03,35.9,22.1,0.0
2062-10-04,34.9,20.5,0.0
2062-10-05,35.6,19.4,0.0
2062-10-06,36.0,19.7,0.0
2062-10-07,36.25859686381752,18.9,0.0
2062-10-08,38.339325143004565,19.4,0.0
2062-10-09,38.0,21.6,0.0
2062-10-10,36.516046767285786,21.65541442411194,0.0
2062-10-11,36.51207544144926,21.01953823510027,0.0
2062-10-12,37.860538065169976,20.722571999736378,0.0
2062-10-13,38.743994140625,22.0,0.0
2062-10-14,36.75114171081877,22.6,0.0
2062-10-15,32.0,20.9,0.0
2062-10-16,31.4,19.0,0.0
2062-10-17,33.5,18.0,0.0
2062-10-18,36.0,19.3,0.0
2062-10-19,35.75966989594545,21.256048797990665,0.0
2062-10-20,35.5,20.7,0.0
2062-10-21,35.6,20.6,0.0
2062-10-22,35.4,20.7,0.0
2062-10-23,35.6,20.0,0.0
2062-10-24,36.6,19.9,0.0
2062-10-25,36.6,20.6,0.0
2062-10-26,36.9,21.113809011225584,0.0
2062-10-27,35.5,20.9,0.0
2062-10-28,33.2,20.5,0.0
2062-10-29,32.0,20.0,0.0
2062-10-30,32.7,19.0,0.0
2062-10-31,34.2,20.0,0.0
2062-11-01,34.8,20.0,0.0
2062-11-02,34.9,21.3,0.0
2062-11-03,34.8,21.5,0.0
2062-11-04,35.2,20.1,0.0
2062-11-05,37.2,20.5,0.0
2062-11-06,39.11927265003602,22.3,0.0
2062-11-07,36.0,20.0,0.0
2062-11-08,36.2,23.346627962973518,0.0
2062-11-09,36.2,23.2,0.0
2062-11-10,36.0,22.097916657050956,0.0
2062-11-11,36.0,22.3,0.0
2062-11-12,36.4,23.2,0.0
2062-11-13,36.396545142202704,23.2,0.0
2062-11-14,38.99394357716444,23.600391974413995,0.0
2062-11-15,37.63295914930963,23.601637981325656,0.0
2062-11-16,35.2,22.57321122825135,0.0
2062-11-17,34.2,19.9,0.0
2062-11-18,32.888254626352506,19.9,0.4732707509881422
2062-11-19,32.61963699503513,19.983462790634583,0.0
2062-11-20,34.0,21.4,0.0
2062-11-21,33.7,19.548275862068966,1.0
2062-11-22,30.30769927640104,19.4,24.185276679841866
2062-11-23,29.9,18.9,23.143873517786556
2062-11-24,28.305505447820202,19.0,90.5
2062-11-25,28.6,18.9,90.5
2062-11-26,26.9,18.9,1.3
2062-11-27,30.2,18.9,8.75375494071146
2062-11-28,31.819864176570455,18.4,0.0
2062-11-29,29.9,18.7,0.0
2062-11-30,28.9,19.0,4.0
2062-12-01,29.9,19.0,0.0
2062-12-02,30.4,18.9,5.6
2062-12-03,25.6,19.4,2.4
2062-12-04,27.4,19.2,0.0
2062-12-05,28.0,19.4,0.0
2062-12-06,30.2,18.2,0.0
2062-12-07,31.5,17.9,0.0
2062-12-08,31.1,18.8,0.0
2062-12-09,30.9,17.9,0.0
2062-12-10,31.6,18.60470658104747,0.0
2062-12-11,31.9,18.0,0.0
2062-12-12,32.0,17.9,0.0
2062-12-13,31.7,18.0,0.0
2062-12-14,31.5,19.6,0.0
2062-12-15,31.9,19.2,0.0
2062-12-16,30.1,18.7,2.4
2062-12-17,29.6,19.4,21.9
2062-12-18,26.7,19.0,7.0
2062-12-19,27.0,19.0,2.0
2062-12-20,30.2,19.59048669098206,12.6
2062-12-21,25.6,19.2,7.0
2062-12-22,27.2,19.2,7.0
2062-12-23,29.6,18.9,15.5
2062-12-24,30.4,19.41825581175757,0.0
2062-12-25,31.3,18.9,0.0
2062-12-26,31.625233797418936,19.5,0.0
2062-12-27,31.7,18.8,0.0
2062-12-28,31.8,18.7,7.0
2062-12-29,30.0,19.2,13.6
2062-12-30,28.7,19.0,62.49230769230764
2062-12-31,26.1,19.2,30.25714285714286
2063-01-01,28.5,19.8,41.07630826422647
2063-01-02,25.4,19.7,0.2
2063-01-03,25.6,19.6,0.6
2063-01-04,28.6,19.6,1.0
2063-01-05,29.7,18.5,6.4
2063-01-06,29.5,19.5,0.2
2063-01-07,26.9,18.8,3.4
2063-01-08,24.0,18.9,1.2
2063-01-09,28.1,18.6,25.967286245353147
2063-01-10,29.7,17.8,0.5027881040892194
2063-01-11,31.93127088399364,17.5,8.854832713754643
2063-01-12,29.2,18.5,0.3011152416356877
2063-01-13,29.8,19.8,40.295315985130095
2063-01-14,30.9,19.832463107822054,25.33280669144981
2063-01-15,29.9,19.4,6.4
2063-01-16,29.7,19.9,39.841635687732335
2063-01-17,29.2,19.8,41.28438661710036
2063-01-18,25.3,19.83058083945796,34.9910780669145
2063-01-19,23.2,16.4,5.5
2063-01-20,25.47642419475035,16.5,0.0
2063-01-21,28.0,17.0,0.0
2063-01-22,27.1,17.9,0.0
2063-01-23,29.9,15.805363356447282,0.0
2063-01-24,29.928961626663682,19.5,0.0
2063-01-25,30.0,17.0,0.0
2063-01-26,30.0,17.7,0.0
2063-01-27,30.8,17.2,0.0
2063-01-28,31.8,18.7,0.0
2063-01-29,31.6,19.3,0.0
2063-01-30,27.9,18.2,0.0
2063-01-31,26.0,19.3,0.0
2063-02-01,27.7,19.0,0.0
2063-02-02,27.4,18.1,0.0
2063-02-03,28.6,17.9,0.0
2063-02-04,30.5,18.863909661722943,28.915842956120105
2063-02-05,29.0,18.65289554836617,5.222863741339491
2063-02-06,30.9,18.9,0.0
2063-02-07,28.6,18.9,3.6
2063-02-08,25.0,19.2,10.0
2063-02-09,32.1,19.2,9.2
2063-02-10,31.4,18.9,12.4
2063-02-11,32.0,19.2,1.3
2063-02-12,30.387096439861114,19.505095548942684,0.0
2063-02-13,32.31889612175664,19.0,21.305311778290996
2063-02-14,25.7,18.9,26.8
2063-02-15,24.2,18.1,0.0
2063-02-16,20.53799728342495,15.7,0.0
2063-02-17,25.3,15.5,0.0
2063-02-18,27.4,19.109246139129436,1.2
2063-02-19,29.38873659117997,19.2,0.0
2063-02-20,32.0,17.3,0.0
2063-02-21,31.2,17.7,0.6
2063-02-22,30.4,17.5,0.0
2063-02-23,28.2,17.8,0.0
2063-02-24,27.2,18.2,0.0
2063-02-25,28.1,18.9,0.0
2063-02-26,28.8,18.9,0.0
2063-02-27,30.4,20.011519865379704,0.0
2063-02-28,29.9,20.021214846913225,0.0
2063-03-01,30.6,19.0,0.0
2063-03-02,32.07678571428571,17.9,0.0
2063-03-03,33.28491379310344,18.7,0.0
2063-03-04,30.8,19.0,2.4
2063-03-05,31.1,19.0,1.4
2063-03-06,30.3,18.9,0.0
2063-03-07,30.4,19.0,0.0
2063-03-08,29.2,17.9,0.0
2063-03-09,29.6,16.9,0.0
2063-03-10,30.0,17.8,2.5
2063-03-11,32.0,17.9,0.0
2063-03-12,31.6,18.9,0.0
2063-03-13,32.0,18.4,0.0
2063-03-14,30.2,19.1,3.0
2063-03-15,27.5,19.6,0.0
2063-03-16,26.5,19.3,3.4
2063-03-17,27.9,18.8,0.0
2063-03-18,30.9,18.4,0.0
2063-03-19,30.3,18.7,0.0
2063-03-20,30.8,18.6,0.0
2063-03-21,24.6,18.3,0.0
2063-03-22,29.9,18.0,0.0
2063-03-23,31.8,18.3,0.0
2063-03-24,33.667531504818385,16.6,0.0
2063-03-25,35.512060546875,16.1,0.0
2063-03-26,36.248876953125,18.5,0.0
2063-03-27,34.31242697822624,19.0,0.0
2063-03-28,32.9,18.5,0.0
2063-03-29,31.333928571428572,17.6,0.0
2063-03-30,31.7,19.9,0.0
2063-03-31,33.2,22.563818359375,0.0
2063-04-01,31.43898305084745,17.9,0.0
2063-04-02,31.450282485875707,15.7,0.0
2063-04-03,31.621445783132526,17.1,0.0
2063-04-04,32.124509803921576,15.0,0.0
2063-04-05,31.7,17.6,0.0
2063-04-06,31.462994350282482,19.2,0.0
2063-04-07,31.4,17.1,0.0
2063-04-08,31.4,16.0,0.0
2063-04-09,30.0,15.9,0.0
2063-04-10,30.4,15.0,0.0
2063-04-11,31.0,17.6,0.0
2063-04-12,30.6,16.9,0.0
2063-04-13,30.726775956284154,17.0,0.0
2063-04-14,31.209282700421937,16.56829268292683,0.0
2063-04-15,31.20527426160337,17.0,0.0
2063-04-16,31.1,17.0,0.0
2063-04-17,31.3,16.7,0.0
2063-04-18,31.44858757062147,16.6,0.0
2063-04-19,31.1,17.3,0.0
2063-04-20,31.604337349397596,17.0,0.0
2063-04-21,31.6,17.0,0.0
2063-04-22,31.5,16.6,0.0
2063-04-23,30.4,16.6,0.0
2063-04-24,29.6,16.2,0.0
2063-04-25,28.6,15.0,0.0
2063-04-26,30.067346938775508,15.1,0.0
2063-04-27,31.299578059071727,15.5,0.0
2063-04-28,35.587158203125,17.0,0.0
2063-04-29,37.24267578125,19.2,1.4
2063-04-30,33.14777911164466,18.596241830065363,0.0
2063-05-01,30.8,17.880921331490857,0.0
2063-05-02,28.9,17.5,0.0
2063-05-03,28.0,16.9,0.0
2063-05-04,29.6,15.0,0.0
2063-05-05,31.0,15.7,0.0
2063-05-06,33.66389682494714,17.2,0.0
2063-05-07,34.294140625,18.0,0.0
2063-05-08,31.0,17.91237392586538,0.0
2063-05-09,25.5,17.74564922506059,0.0
2063-05-10,28.693523643236734,15.5,0.0
2063-05-11,28.910322020050053,15.6,0.0
2063-05-12,28.679189374740425,15.575288328463772,0.0
2063-05-13,26.1,14.7,0.0
2063-05-14,24.4,11.7,0.0
2063-05-15,24.5,11.7,0.0
2063-05-16,25.4,11.9,0.0
2063-05-17,26.5,11.2,0.0
2063-05-18,27.7,11.9,0.0
2063-05-19,29.5,13.9,0.0
2063-05-20,31.0,13.897708749807771,0.0
2063-05-21,29.1,15.2,0.0
2063-05-22,27.2,14.0,0.0
2063-05-23,26.9,12.5,0.0
2063-05-24,27.1,12.0,0.0
2063-05-25,27.6,10.6,0.0
2063-05-26,25.9,12.5,0.0
2063-05-27,26.73410446808122,16.84067415039212,0.0
2063-05-28,25.8,16.9,0.0
2063-05-29,27.6,16.9,0.0
2063-05-30,27.5,15.9,0.0
2063-05-31,26.5,12.6,0.0
2063-06-01,25.6,12.9,0.0
2063-06-02,25.5,11.6,0.0
2063-06-03,25.6,10.9,0.0
2063-06-04,26.0,11.02771848600547,0.0
2063-06-05,26.5,11.9,0.0
2063-06-06,27.2,13.0,0.0
2063-06-07,27.5,14.1,0.0
2063-06-08,27.1,14.1,0.0
2063-06-09,26.789063890433823,13.0,0.0
2063-06-10,26.3,12.2,0.0
2063-06-11,25.7,13.190989988876535,0.0
2063-06-12,24.6,12.9,0.0
2063-06-13,24.8,11.973395192971097,0.0
2063-06-14,25.2,11.9,0.0
2063-06-15,24.7,11.5,0.0
2063-06-16,24.8,10.1,0.0
2063-06-17,24.8,10.1,0.0
2063-06-18,25.2,9.9,0.0
2063-06-19,25.6,10.2,0.0
2063-06-20,25.9,10.773526140155731,0.0
2063-06-21,25.7,11.4,0.0
2063-06-22,25.0,11.124102804285467,0.0
2063-06-23,25.42461994809047,10.4,0.0
2063-06-24,26.0,11.8,0.0
2063-06-25,27.4,12.6,0.0
2063-06-26,27.911761745855188,13.0,0.0
2063-06-27,28.0,13.0,0.0
2063-06-28,26.9,13.0,0.0
2063-06-29,26.7,12.0,0.0
2063-06-30,26.41088347783687,13.020585520554759,0.0
2063-07-01,26.4,13.6,0.0
2063-07-02,26.1,12.9,0.0
2063-07-03,26.0,11.7,0.0
2063-07-04,26.2,11.9,0.0
2063-07-05,26.692334393633352,12.4,0.0
2063-07-06,26.7,12.80529601722281,0.0
2063-07-07,26.751630357125833,12.7,0.0
2063-07-08,26.9,13.0,0.0
2063-07-09,27.6,12.8,0.0
2063-07-10,28.5,12.4,0.0
2063-07-11,26.6,14.2,0.0
2063-07-12,26.1,12.8,0.0
2063-07-13,26.4,12.2,0.0
2063-07-14,26.235826435544325,10.5,0.0
2063-07-15,26.4,10.258814542171601,0.0
2063-07-16,26.9,10.5,0.0
2063-07-17,27.247012350575023,11.1,0.0
2063-07-18,27.4,12.2,0.0
2063-07-19,27.5,12.8,0.0
2063-07-20,27.208453911959644,12.9,0.0
2063-07-21,27.0,13.0,0.0
2063-07-22,26.0,14.068805166846062,0.0
2063-07-23,18.8,10.5,0.0
2063-07-24,23.8,8.0,0.0
2063-07-25,25.4,4.4,0.0
2063-07-26,25.4,7.9,0.0
2063-07-27,24.9,9.497093649085029,0.0
2063-07-28,25.9,8.9,0.0
2063-07-29,26.6,10.2,0.0
2063-07-30,27.3,11.976634452737787,0.0
2063-07-31,27.6,13.4,0.0
2063-08-01,28.2,15.0,0.0
2063-08-02,25.78597282023681,14.7,0.0
2063-08-03,25.7,13.5,0.0
2063-08-04,27.0,12.0,0.0
2063-08-05,27.01670398277717,12.1,0.0
2063-08-06,27.0,12.0,0.0
2063-08-07,28.0,10.4,0.0
2063-08-08,28.4,11.0,0.0
2063-08-09,29.9,11.9,0.0
2063-08-10,31.2,13.7,0.0
2063-08-11,31.2,15.6,0.0
2063-08-12,31.2,16.467515995961726,0.0
2063-08-13,31.2,16.1,0.0
2063-08-14,28.0,16.75090062645289,0.0
2063-08-15,25.10004784116732,14.788730143197311,0.0
2063-08-16,25.247764733584496,12.0,0.0
2063-08-17,25.9,11.5,0.0
2063-08-18,27.9,12.0,0.0
2063-08-19,29.7,13.2,0.0
2063-08-20,31.0,14.4,0.0
2063-08-21,31.748473037258226,15.6,0.0
2063-08-22,32.1,16.0,0.0
2063-08-23,31.9,15.6,0.0
2063-08-24,31.0,17.0,0.0
2063-08-25,29.6,15.951136579497243,0.0
2063-08-26,29.5,15.0,0.0
2063-08-27,30.2,15.0,0.0
2063-08-28,32.1,15.4,0.0
2063-08-29,33.635095364639284,16.9,0.0
2063-08-30,33.344943242978744,17.65441841985132,0.0
2063-08-31,31.900244886975234,17.645435332705887,0.0
2063-09-01,33.2,16.3,0.0
2063-09-02,34.0,16.75346681497961,0.0
2063-09-03,30.9,18.9,0.0
2063-09-04,29.9,16.7,0.0
2063-09-05,31.0,15.46015016685206,0.0
2063-09-06,32.4,15.2,0.0
2063-09-07,33.0,16.2,0.0
2063-09-08,33.4,17.8,0.0
2063-09-09,34.74356464447678,18.4,0.0
2063-09-10,36.01511285851228,19.5,0.0
2063-09-11,38.50517345778051,19.6,0.0
2063-09-12,35.6,20.0,0.0
2063-09-13,34.4,19.3,0.0
2063-09-14,34.4,17.9,0.0
2063-09-15,35.3,17.5,0.0
2063-09-16,36.017877095848554,18.9,0.0
2063-09-17,35.2,20.5,0.0
2063-09-18,34.44786036772885,20.0,0.0
2063-09-19,32.5,19.980918129892117,0.0
2063-09-20,32.61043752317391,18.2,0.0
2063-09-21,34.013848720800894,18.37762937840802,0.0
2063-09-22,37.24866920217344,18.765926867595393,0.0
2063-09-23,39.758056640625,20.2,0.0
2063-09-24,32.5,19.64845419072338,0.0
2063-09-25,31.0,17.7,0.0
2063-09-26,32.0,17.0,0.0
2063-09-27,33.5,16.0,0.0
2063-09-28,33.05195888151587,18.0,0.0
2063-09-29,32.5,18.928030456957682,0.0
2063-09-30,32.4,18.7,0.0
2063-10-01,30.8,18.2,0.0
2063-10-02,31.2,18.2,0.0
2063-10-03,33.7,17.2,0.0
2063-10-04,36.0,17.1,0.0
2063-10-05,35.66535323777689,20.4,0.0
2063-10-06,34.0,20.2,0.0
2063-10-07,34.9,18.9,0.0
2063-10-08,34.5,19.0,0.0
2063-10-09,33.5,18.7,0.0
2063-10-10,33.5,19.5,0.0
2063-10-11,34.0,20.5,0.0
2063-10-12,32.470580442162785,20.7,0.0
2063-10-13,32.5,19.6,0.0
2063-10-14,34.87709664672779,19.0,0.0
2063-10-15,35.5,20.5,0.0
2063-10-16,35.6,20.7,0.0
2063-10-17,36.0,20.5,0.0
2063-10-18,36.0,20.7,0.0
2063-10-19,36.0,20.7,0.0
2063-10-20,36.5,21.6,0.0
2063-10-21,36.6,22.1,0.0
2063-10-22,35.4,22.1,0.0
2063-10-23,35.6,21.6486270672277,0.0
2063-10-24,35.5,21.9,0.0
2063-10-25,34.9,21.4,0.0
2063-10-26,35.88576789922322,21.0,0.0
2063-10-27,36.0,21.922226105433847,0.0
2063-10-28,35.7,22.0,0.0
2063-10-29,35.91664872622891,20.9,0.0
2063-10-30,36.5,20.608869752421946,0.0
2063-10-31,36.9,20.9,0.0
2063-11-01,37.2,20.0,0.0
2063-11-02,38.944646211133225,20.0,0.0
2063-11-03,39.621337890625,21.4,0.0
2063-11-04,39.69189453125,21.7,0.0
2063-11-05,35.2,19.6,0.0
2063-11-06,32.6,19.18071313805463,0.9725296442687744
2063-11-07,31.1,19.4,8.3
2063-11-08,28.8,19.2,3.8
2063-11-09,30.0,18.7,3.888537549407115
2063-11-10,30.9,18.8,40.95375494071146
2063-11-11,26.7,18.9,0.1
2063-11-12,28.9751320159182,18.6,0.0
2063-11-13,29.7,19.0,3.111857707509881
2063-11-14,27.4,19.5,0.0
2063-11-15,30.2,17.86943929468956,0.0
2063-11-16,30.0,16.2,0.0
2063-11-17,30.4,16.3,0.0
2063-11-18,31.0,16.8,0.0
2063-11-19,31.7,16.9,0.0
2063-11-20,32.0,18.9,0.0
2063-11-21,32.1,19.5,0.0
2063-11-22,32.6,18.6,0.0
2063-11-23,33.6,20.0,0.0
2063-11-24,34.0,20.5,0.0
2063-11-25,35.5,19.7,0.0
2063-11-26,35.2,20.0,0.0
2063-11-27,32.0,19.4,15.042292490118571
2063-11-28,29.554115684093436,19.5,17.210079051383396
2063-11-29,28.9,19.3,37.10171277997358
2063-11-30,30.5,19.5,23.014285714285688
2063-12-01,30.7,19.5,12.6
2063-12-02,29.652738441308962,19.9,5.4
2063-12-03,26.9,19.5,53.52000000000002
2063-12-04,23.0,18.0,0.0
2063-12-05,23.0,18.1,0.0
2063-12-06,26.0,17.1,0.0
2063-12-07,29.6,15.7,0.0
2063-12-08,26.5,18.3,0.0
2063-12-09,30.0,18.7,5.55
2063-12-10,27.7,19.5,3.05
2063-12-11,27.3,19.2,10.4
2063-12-12,30.5,18.6,11.6
2063-12-13,28.916060279870827,19.4,7.0
2063-12-14,29.0,19.5,15.4
2063-12-15,27.2,19.6,30.128571428571423
2063-12-16,27.704431725695077,17.9,0.0
2063-12-17,28.6,18.9,0.0
2063-12-18,28.3,19.0,5.0
2063-12-19,27.7,18.9,0.4
2063-12-20,26.0,18.0,0.0
2063-12-21,29.6,19.9,3.6
2063-12-22,30.6,19.2,0.0
2063-12-23,31.9476503090385,17.9,0.0
2063-12-24,32.0,18.3,0.0
2063-12-25,31.6,18.5,0.0
2063-12-26,31.7,18.4,0.0
2063-12-27,31.7,18.0,0.0
2063-12-28,32.0,18.7,0.0
2063-12-29,31.545707750269095,18.9,0.0
2063-12-30,30.6,18.5,0.0
2063-12-31,31.8,18.1,0.0
2064-01-01,32.81889928141274,19.34829593656038,0.0
2064-01-02,32.0,19.6,2.7
2064-01-03,32.09401430109181,19.8,1.4
2064-01-04,34.111068837138504,19.83268256512011,2.0234200743494415
2064-01-05,30.517435115416813,19.581936934648553,0.0
2064-01-06,30.9,17.6,0.0
2064-01-07,29.2,19.88874546410813,4.2371747211895885
2064-01-08,29.1,19.844026819296545,9.978773234200743
2064-01-09,28.9,19.8,0.0
2064-01-10,31.2,19.8,0.0
2064-01-11,29.4,19.9,3.5
2064-01-12,29.0,19.6,2.4
2064-01-13,29.0,19.8,25.33280669144981
2064-01-14,29.1,19.9,5.2752168525402725
2064-01-15,31.6,19.819588500716602,16.0
2064-01-16,31.5,18.9,0.0
2064-01-17,29.1,18.0,0.0
2064-01-18,28.9,17.1,0.0
2064-01-19,28.7,17.0,0.0
2064-01-20,31.6,17.0,0.0
2064-01-21,31.7,18.5,0.0
2064-01-22,30.7,19.9,6.3
2064-01-23,27.0,19.9,19.884758364312248
2064-01-24,28.8,19.7,0.0
2064-01-25,25.2,19.8,0.6
2064-01-26,24.0,19.5,10.961338289962823
2064-01-27,24.2,18.9,0.0
2064-01-28,26.6,19.5,0.0
2064-01-29,28.9,19.3,7.4
2064-01-30,27.3,19.6,3.4
2064-01-31,30.0,18.5,9.757434944237918
2064-02-01,29.2,19.4249905801838,0.0
2064-02-02,31.8,19.387221160070897,23.10415704387992
2064-02-03,27.7,18.8,23.578521939953806
2064-02-04,24.6,18.2,52.511092048828786
2064-02-05,24.0,18.4,1.0
2064-02-06,25.0,17.0,0.0
2064-02-07,28.2,16.4,0.0
2064-02-08,30.5,17.5,0.0
2064-02-09,29.0,19.2,1.8
2064-02-10,26.4,19.0,0.9
2064-02-11,29.2,19.7,0.0
2064-02-12,32.8132381012125,18.4,0.0
2064-02-13,32.7,19.0,5.6
2064-02-14,32.9,19.993062917200778,0.2
2064-02-15,32.93060467775084,19.5360155072667,6.3
2064-02-16,29.2,19.875183107667386,14.952193995381062
2064-02-17,31.8,19.225061184870945,0.0
2064-02-18,30.05002738137422,19.0,0.0
2064-02-19,32.0,19.0,19.7
2064-02-20,28.91638919861073,19.77757771469269,3.7801385681293302
2064-02-21,32.939829518167166,19.1,0.0
2064-02-22,32.7,19.0,1.8
2064-02-23,33.96006722156373,19.0,0.0
2064-02-24,34.34637917981898,18.5,0.0
2064-02-25,32.97004882297927,19.2,0.0
2064-02-26,34.32735118993045,18.4,0.0
2064-02-27,34.305666138390805,19.0,0.0
2064-02-28,30.9,19.534656095383507,6.3
2064-03-01,31.8,19.560558511456236,0.0
2064-03-02,34.38125331917152,18.8,0.0
2064-03-03,34.85921402018054,18.0,0.0
2064-03-04,34.498937865108886,18.1,0.0
2064-03-05,28.8,22.386389160156252,0.0
2064-03-06,29.7,18.8,0.0
2064-03-07,31.2,17.7,0.0
2064-03-08,30.446969696969692,19.934492568759673,0.0
2064-03-09,31.8,19.6,0.0
2064-03-10,33.0,18.6,0.0
2064-03-11,31.425945945945944,18.0,0.3
2064-03-12,30.8,19.9,0.0
2064-03-13,30.8,17.4,0.0
2064-03-14,29.6,19.4,0.0
2064-03-15,28.5,19.0,0.0
2064-03-16,30.7,17.5,0.0
2064-03-17,32.9,18.9,0.0
2064-03-18,30.1,18.6,1.7
2064-03-19,29.0,19.9,2.3
2064-03-20,30.8,19.9,0.0
2064-03-21,30.2,18.9,0.0
2064-03-22,33.276293103448275,18.7,0.0
2064-03-23,33.63283914010378,19.0,0.0
2064-03-24,32.9,18.9,0.0
2064-03-25,32.9,19.884736275565114,0.0
2064-03-26,31.0,19.9,2.4
2064-03-27,31.1,19.2,1.7
2064-03-28,30.9,18.6,0.0
2064-03-29,32.5,19.3,0.0
2064-03-30,27.0,18.6,0.0
2064-03-31,29.0,19.6,0.0
2064-04-01,30.2,19.4,26.88737394110528
2064-04-02,31.7,19.4,26.456812710640346
2064-04-03,31.0,19.4,26.483004333172847
2064-04-04,28.4,18.6,31.598914518317486
2064-04-05,30.2,18.6,26.77628075837031
2064-04-06,29.9,18.9,7.528358208955226
2064-04-07,32.0,18.547875816993468,2.378606965174129
2064-04-08,32.5,19.056927710843375,0.0
2064-04-09,31.752554744525554,18.835645569620254,0.0
2064-04-10,28.5,19.0,0.0
2064-04-11,25.5,18.4,0.0
2064-04-12,23.5,15.9,0.0
2064-04-13,27.7,13.2,0.0
2064-04-14,28.9,16.4,0.0
2064-04-15,28.0,17.8,0.0
2064-04-16,28.5,17.9,0.0
2064-04-17,26.2,18.31538461538462,0.0
2064-04-18,28.5,18.0,0.8
2064-04-19,29.7,16.8,0.0
2064-04-20,28.9,16.6,0.0
2064-04-21,28.2,17.3,0.0
2064-04-22,26.8,17.9,0.0
2064-04-23,25.6,17.8,0.0
2064-04-24,25.540909090909093,14.4,0.0
2064-04-25,25.6,17.1,0.0
2064-04-26,27.6,13.88421052631579,0.0
2064-04-27,28.6,11.5,0.0
2064-04-28,29.1,12.0,0.0
2064-04-29,29.10746268656716,12.6,0.0
2064-04-30,29.5,12.5,0.0
2064-05-01,29.2,12.5,0.0
2064-05-02,29.6,14.50251921515304,0.0
2064-05-03,30.0,14.0,0.0
2064-05-04,30.442624283297803,12.9,0.0
2064-05-05,29.3,13.0,0.0
2064-05-06,28.6,14.6,0.0
2064-05-07,28.2,14.1,0.0
2064-05-08,28.6,14.9,0.0
2064-05-09,28.7,14.0,0.0
2064-05-10,29.0,14.0,0.0
2064-05-11,29.2,13.5,0.0
2064-05-12,29.6,13.0,0.0
2064-05-13,29.2,13.5,0.0
2064-05-14,30.5,13.001931235357429,0.0
2064-05-15,29.5,14.2,0.0
2064-05-16,25.7,16.5,0.0
2064-05-17,26.8,14.9,0.0
2064-05-18,25.5,12.5,0.0
2064-05-19,25.3,11.0,0.0
2064-05-20,26.0,10.8,0.0
2064-05-21,27.6,11.1,0.0
2064-05-22,28.6,11.6,0.0
2064-05-23,29.6,13.8,0.0
2064-05-24,30.4,15.6,0.0
2064-05-25,28.7,16.9,0.0
2064-05-26,27.0,14.5,0.0
2064-05-27,27.0,12.9,0.0
2064-05-28,27.5,11.9,0.0
2064-05-29,27.2,12.534498210128413,0.0
2064-05-30,25.922490510452665,12.6,0.0
2064-05-31,24.2,11.7,0.0
2064-06-01,25.6,11.9,0.0
2064-06-02,26.6,12.1,0.0
2064-06-03,27.2,12.1,0.0
2064-06-04,27.1,12.5,0.0
2064-06-05,25.0,12.9,0.0
2064-06-06,25.5,11.6,0.0
2064-06-07,24.6,12.3,0.0
2064-06-08,21.7,11.8,0.0
2064-06-09,25.6,10.2,0.0
2064-06-10,26.2,9.2,0.0
2064-06-11,27.0,11.516056034482762,0.0
2064-06-12,27.0,12.3,0.0
2064-06-13,26.7,12.3,0.0
2064-06-14,26.1,12.5,0.0
2064-06-15,26.0,12.174311861664483,0.0
2064-06-16,26.3,11.9,0.0
2064-06-17,27.9,12.253878578537565,0.0
2064-06-18,30.4,14.0,0.0
2064-06-19,31.30735120305746,14.7,0.0
2064-06-20,31.144001660867428,15.97275285792782,0.0
2064-06-21,27.8,16.387740818525536,0.0
2064-06-22,26.1,14.719052246216538,0.0
2064-06-23,26.0,14.056039912855178,0.0
2064-06-24,26.0,14.028883506328532,0.0
2064-06-25,26.3,12.0,0.0
2064-06-26,27.2,12.7,0.0
2064-06-27,27.8,13.4,0.0
2064-06-28,29.2,13.3,0.0
2064-06-29,30.4,13.361605314316014,0.0
2064-06-30,30.399389744015725,13.4,0.0
2064-07-01,28.0,14.42797512259298,0.0
2064-07-02,27.3,14.2,0.0
2064-07-03,26.8,14.2,0.0
2064-07-04,27.23031188034671,12.9,0.0
2064-07-05,27.7,12.6,0.0
2064-07-06,28.0,13.1,0.0
2064-07-07,27.386938394180905,13.9419508508348,0.0
2064-07-08,26.6,13.6,0.0
2064-07-09,26.6,13.1,0.0
2064-07-10,27.2,13.0,0.0
2064-07-11,27.3,13.0,0.0
2064-07-12,27.237188544558364,13.0,0.0
2064-07-13,27.2,12.8,0.0
2064-07-14,27.0,12.2,0.0
2064-07-15,27.1,10.6,0.0
2064-07-16,27.7,10.812845353426619,0.0
2064-07-17,27.2,12.0,0.0
2064-07-18,26.9,12.6,0.0
2064-07-19,26.7,12.551029861757838,0.0
2064-07-20,26.2,12.0,0.0
2064-07-21,26.8,10.6,0.0
2064-07-22,29.2,11.2,0.0
2064-07-23,31.27481312665879,13.323926803013993,0.0
2064-07-24,31.243072642575115,14.2,0.0
2064-07-25,31.242341926394765,15.2,0.0
2064-07-26,31.275338328913406,15.322974011994457,0.0
2064-07-27,31.26394372347617,15.3,0.0
2064-07-28,29.62901180678571,15.865602319112416,0.0
2064-07-29,28.2,15.3,0.0
2064-07-30,27.7,15.07861832050924,0.0
2064-07-31,27.6,14.3,0.0
2064-08-01,28.81954551871393,14.6,0.0
2064-08-02,28.0,14.0,0.0
2064-08-03,26.6,15.056492807515413,0.0
2064-08-04,26.0,14.5,0.0
2064-08-05,27.1,14.9,0.0
2064-08-06,28.5,13.9,0.0
2064-08-07,30.5,14.2,0.0
2064-08-08,31.0,15.6,0.0
2064-08-09,31.83665231431646,17.574835859083965,0.0
2064-08-10,32.5,18.14650417349739,0.0
2064-08-11,32.9,18.249647367461332,0.0
2064-08-12,32.93359742288107,18.2,0.0
2064-08-13,32.9,18.275529831124597,0.0
2064-08-14,33.068284858625795,18.0,0.0
2064-08-15,34.50211457388676,18.131185143611635,0.0
2064-08-16,37.757568359375,18.324544869113147,0.0
2064-08-17,37.938232421875,18.32338406795117,0.0
2064-08-18,34.77636246731157,18.84397713035344,0.0
2064-08-19,31.997510289368712,21.20411847747436,0.0
2064-08-20,31.9,18.69479227223457,0.0
2064-08-21,31.795193409493375,18.346314804244926,0.0
2064-08-22,31.9,17.854835003004737,0.0
2064-08-23,32.9,17.661124104621873,0.0
2064-08-24,33.504128339367774,18.3,0.0
2064-08-25,34.510103249574165,18.3,0.0
2064-08-26,34.446808357589305,18.0,0.0
2064-08-27,36.17234872958556,16.9,0.0
2064-08-28,39.80615234375,18.0,0.0
2064-08-29,39.901611328125,17.625571323102587,0.0
2064-08-30,40.98388671875,21.595471892333876,0.0
2064-08-31,40.4072265625,26.567626953125,0.0
2064-09-01,40.228271484375,21.339446601920688,0.0
2064-09-02,40.2802734375,21.2,0.0
2064-09-03,38.401024709321014,21.600120691906888,0.0
2064-09-04,35.93691274618857,21.2,0.0
2064-09-05,35.284916154217484,20.5,0.0
2064-09-06,35.59305233575556,20.5,0.0
2064-09-07,39.406494140625,20.5,0.0
2064-09-08,40.385009765625,21.091524475133102,0.0
2064-09-09,40.102783203125,21.30260742388662,0.0
2064-09-10,40.44921875,20.5,0.0
2064-09-11,38.6141216877356,20.934089423529013,0.0
2064-09-12,32.9,19.9,0.0
2064-09-13,33.0,19.6,0.0
2064-09-14,31.880483761914114,18.9,0.0
2064-09-15,32.4,16.7,0.0
2064-09-16,33.679548188140394,16.0,0.0
2064-09-17,34.56226285805592,16.9,0.0
2064-09-18,36.0,17.2,0.0
2064-09-19,39.073974609375,17.88047135706341,0.0
2064-09-20,39.252685546875,21.2,0.0
2064-09-21,39.44384765625,21.309001977505872,0.0
2064-09-22,39.403076171875,21.2,0.0
2064-09-23,38.69907251021177,21.2,0.0
2064-09-24,35.2,21.33442555839605,0.0
2064-09-25,35.1,20.5,0.0
2064-09-26,34.7,20.328440467514543,0.0
2064-09-27,35.52098925020857,19.6,0.0
2064-09-28,40.865966796875,19.9,0.0
2064-09-29,41.898193359375,20.89980218570463,0.0
2064-09-30,41.335693359375,21.334862170876452,0.0
2064-10-01,39.525244140625,20.0,0.0
2064-10-02,39.212255859375,22.10630362687207,0.0
2064-10-03,33.2,22.113915972382085,0.0
2064-10-04,35.2,20.4,0.0
2064-10-05,36.9,21.584391819160384,0.0
2064-10-06,36.4995102260495,22.6,0.0
2064-10-07,32.3,20.61106566200214,0.0
2064-10-08,31.1,17.9,0.0
2064-10-09,33.2,18.4,0.0
2064-10-10,35.0,19.1,0.0
2064-10-11,35.5,21.0,0.0
2064-10-12,35.2157292787944,21.0,0.0
2064-10-13,35.2,22.0,0.0
2064-10-14,36.5,22.115594284778,0.0
2064-10-15,36.735627752226236,22.6,0.0
2064-10-16,37.05546467668042,22.1,0.0
2064-10-17,37.95760582083973,22.6,0.0
2064-10-18,38.0,22.965682276589288,0.0
2064-10-19,37.93323197910765,23.0,0.0
2064-10-20,36.6,22.6,0.0
2064-10-21,36.3,21.7,0.0
2064-10-22,36.9,21.0,0.0
2064-10-23,38.0,21.085552206673835,0.0
2064-10-24,38.06200333899714,21.9,0.0
2064-10-25,38.17752552435002,22.71743314826355,0.0
2064-10-26,37.70403234457471,22.6,0.0
2064-10-27,37.085147928822394,22.0,0.0
2064-10-28,38.11650787155236,21.9,0.0
2064-10-29,37.95717820958128,22.103366580179223,0.0
2064-10-30,37.52552391332741,22.245916600365042,0.0
2064-10-31,36.0,23.27297073184706,0.0
2064-11-01,34.5,22.3,0.0
2064-11-02,35.9,22.3,0.0
2064-11-03,39.15624567455943,22.553463081846733,0.0
2064-11-04,39.5693359375,23.2,0.0
2064-11-05,39.583984375,23.2,0.0
2064-11-06,39.455253160064004,23.217507758964008,0.0
2064-11-07,39.474403290714605,23.3,0.0
2064-11-08,39.568603515625,23.702224721106553,0.0
2064-11-09,39.51220703125,23.286328649151713,0.0
2064-11-10,39.09879528260771,23.512095393716695,0.0
2064-11-11,37.08091514301206,23.3,0.0
2064-11-12,36.4,22.025460982288017,0.0
2064-11-13,39.173689357924324,22.18732383586249,0.0
2064-11-14,39.912353515625,23.149105262589504,0.0
2064-11-15,39.389649742191715,23.2205898185913,0.0
2064-11-16,39.20459501432077,22.480137422063883,0.0
2064-11-17,38.99356436665644,20.9,0.0
2064-11-18,34.4,20.0,0.0
2064-11-19,32.3,19.9,0.0
2064-11-20,35.4,20.1,0.0
2064-11-21,35.7,19.5,0.0
2064-11-22,36.61761993443559,19.719508070191374,0.0
2064-11-23,38.82140279605526,22.1,0.0
2064-11-24,38.02422774948952,21.9,0.0
2064-11-25,39.416952898762815,21.78106768714825,0.0
2064-11-26,40.477783203125,22.3,0.0
2064-11-27,37.49723713567419,23.3,0.0
2064-11-28,36.2,22.3,0.0
2064-11-29,36.572552967781846,22.500589012440834,0.0
2064-11-30,36.60529693574121,22.3,0.0
2064-12-01,35.087939453125,23.907653808593746,0.0
2064-12-02,32.4,20.764066184787374,3.6
2064-12-03,31.7,20.3,0.0
2064-12-04,31.0,20.0,0.0
2064-12-05,32.4,20.69331005337463,0.0
2064-12-06,33.637665320562476,24.963317871093746,0.0
2064-12-07,34.28544921875,23.350280761718746,0.0
2064-12-08,35.448046875,21.0,0.0
2064-12-09,36.525439453125,21.0,0.0
2064-12-10,36.78837890625,25.343811035156246,0.0
2064-12-11,34.410205078125,25.558532714843746,0.0
2064-12-12,34.116139045047625,23.416198730468746,0.0
2064-12-13,34.2751953125,21.02500941275074,0.0
2064-12-14,33.66808876376583,20.575318961423832,0.0
2064-12-15,33.7,20.3,0.0
2064-12-16,35.174609375,23.180358886718746,0.0
2064-12-17,35.85771484375,23.737487792968746,0.0
2064-12-18,36.634326171875,26.261169433593746,0.0
2064-12-19,36.41142578125,24.349304199218746,0.0
2064-12-20,36.05986328125,21.10973905457408,0.0
2064-12-21,34.908984375,25.254333496093746,0.0
2064-12-22,33.7,20.2,0.0
2064-12-23,33.7,20.49448848006437,0.7
2064-12-24,34.121184697585385,21.093541278250314,0.0
2064-12-25,31.8,21.02487837125099,21.828571428571426
2064-12-26,30.4,20.1,36.480000000000004
2064-12-27,26.9,19.8,109.53479532163728
2064-12-28,23.3691711517761,18.4,35.51428571428571
2064-12-29,27.7,18.20357612725751,0.0
2064-12-30,30.6,19.9,0.7
2064-12-31,30.1,19.5,0.0
2065-01-01,27.560472494475984,19.9,0.0
2065-01-02,23.85976271082844,19.8,41.45130111524157
2065-01-03,25.1,19.6,30.792862453531598
2065-01-04,28.431184247304472,20.144694702292885,9.9
2065-01-05,29.8,19.9,40.5
2065-01-06,29.8,20.285223415343786,16.4
2065-01-07,31.68300383962357,20.299884319597005,26.0
2065-01-08,29.5,19.9,23.0
2065-01-09,26.7,19.9,6.2
2065-01-10,28.0,20.16390688466299,0.0
2065-01-11,30.2,19.4,0.0
2065-01-12,31.7,20.358792892710873,0.0
2065-01-13,31.1,19.681561080105244,0.0
2065-01-14,28.2,19.873586029211644,0.0
2065-01-15,31.1,19.6,0.0
2065-01-16,33.61292023525383,18.4,0.0
2065-01-17,37.14521484375,19.85515161617493,0.0
2065-01-18,32.18228862524008,20.333898059058022,0.0
2065-01-19,34.08857180350474,20.38786078495387,28.91022304832713
2065-01-20,29.2,19.9,34.87267657992565
2065-01-21,29.8,20.038547394698075,0.0
2065-01-22,28.9,19.9,0.0
2065-01-23,28.2,19.9,3.4
2065-01-24,27.5,19.9,0.0
2065-01-25,28.7,19.90465080550829,0.0
2065-01-26,31.1,19.935762219018006,0.0
2065-01-27,30.9,20.75818109539821,4.6
2065-01-28,31.7,19.90086885612684,40.45397769516728
2065-01-29,30.9,20.24769900754512,44.17535587995286
2065-01-30,31.96525390401154,20.25061352465568,25.248141263940514
2065-01-31,32.6239403019812,20.358538976447427,34.966031598513005
2065-02-01,28.3,19.7,49.999439129000336
2065-02-02,28.9,19.7,0.0
2065-02-03,30.5,19.2,0.0
2065-02-04,30.6,19.23804005154738,0.0
2065-02-05,28.9,18.2,0.0
2065-02-06,29.9,18.8,0.0
2065-02-07,30.7,18.8,0.0
2065-02-08,32.96146017845373,19.38969570373238,0.0
2065-02-09,31.0,19.9,0.0
2065-02-10,31.881458085021844,19.7,0.0
2065-02-11,31.8,19.540719072382533,0.0
2065-02-12,28.9,19.218387954945808,0.0
2065-02-13,31.0,18.9,0.0
2065-02-14,32.1,18.4,0.0
2065-02-15,28.3,19.0,0.0
2065-02-16,26.4,18.9,8.980600461893763
2065-02-17,30.714631644060887,19.2,0.0
2065-02-18,32.98038700620447,17.4,0.0
2065-02-19,30.0,20.936291503906247,0.0
2065-02-20,31.0,19.0,0.0
2065-02-21,34.39274919121404,17.2,0.0
2065-02-22,35.935595703125,19.2,0.0
2065-02-23,34.31920858164481,19.238888343487016,0.0
2065-02-24,30.7,19.0,0.0
2065-02-25,34.128458889523536,18.2,0.0
2065-02-26,36.715869140625,18.1,0.0
2065-02-27,38.279345703125,18.903370186182208,0.0
2065-02-28,38.2859375,20.04211177223991,0.0
2065-03-01,37.390234375,23.034765625,0.0
2065-03-02,36.2837890625,22.727392578125,4.4
2065-03-03,26.7,22.848974609375,28.0
2065-03-04,29.0,22.613623046875,0.0
2065-03-05,30.8,18.32139063016667,0.0
2065-03-06,32.0,17.9,0.0
2065-03-07,34.59877854487518,16.4,0.0
2065-03-08,35.629248046875,18.3,0.0
2065-03-09,37.16318359375,16.8,0.0
2065-03-10,36.270849609375,22.040441894531252,0.0
2065-03-11,29.5,22.6763671875,5.266666666666665
2065-03-12,31.8,22.613623046875,0.0
2065-03-13,30.1,19.0,0.0
2065-03-14,30.043750000000003,18.8,0.0
2065-03-15,31.0,19.3,0.0
2065-03-16,32.5,22.4439453125,0.0
2065-03-17,34.44115772703132,23.1119140625,0.0
2065-03-18,35.6412109375,22.7740234375,0.0
2065-03-19,34.50084970791292,22.477880859375,0.0
2065-03-20,29.9,18.9,0.0
2065-03-21,33.59678284182306,16.4,0.0
2065-03-22,32.9,18.6,0.0
2065-03-23,31.8,23.608740234375,0.0
2065-03-24,35.3033203125,20.274173308817055,0.0
2065-03-25,37.301611328125,24.454443359375,0.0
2065-03-26,38.02353515625,23.988623046875,0.0
2065-03-27,37.42490234375,22.59091796875,0.0
2065-03-28,36.644384765625,22.9263671875,0.0
2065-03-29,35.36826171875,22.2134765625,0.0
2065-03-30,34.49490175252254,21.924169921875,0.0
2065-03-31,35.79111328125,19.883695730175813,1.4
2065-04-01,34.20889159561511,19.4,26.97377974989915
2065-04-02,29.0,19.7,0.0
2065-04-03,28.4,19.4,0.0
2065-04-04,31.1,19.4,0.0
2065-04-05,32.5,18.80243037974684,0.0
2065-04-06,32.7,19.4,0.0
2065-04-07,32.48038558256496,19.7,49.03468656716422
2065-04-08,32.0,19.4,0.0
2065-04-09,29.8,19.7,0.9149253731343282
2065-04-10,31.0,19.7,0.0
2065-04-11,30.4,19.7,0.0
2065-04-12,31.205696202531644,19.502127659574466,0.0
2065-04-13,31.5,18.0,0.0
2065-04-14,31.4,17.503664921465973,0.0
2065-04-15,32.41651299245599,16.7,0.0
2065-04-16,34.23130328867234,17.3,0.0
2065-04-17,36.450927734375,19.0,0.0
2065-04-18,36.72265625,19.7,0.0
2065-04-19,36.322021484375,22.022265625,0.0
2065-04-20,27.9,19.7,0.0
2065-04-21,28.7,19.4,0.0
2065-04-22,31.7,19.102659069325743,0.0
2065-04-23,33.176350540216085,18.08165784832451,0.0
2065-04-24,34.04613543091656,18.794699646643114,0.0
2065-04-25,35.9677734375,19.4,0.0
2065-04-26,36.31494140625,19.7,0.0
2065-04-27,31.309259259259264,21.026416015625,0.0
2065-04-28,30.70382513661202,19.7,0.0
2065-04-29,29.5,17.8,0.0
2065-04-30,29.9,16.004587155963307,0.0
2065-05-01,29.3,14.6,0.0
2065-05-02,30.1,14.4,0.0
2065-05-03,30.4,13.7,0.0
2065-05-04,30.8,14.5,0.0
2065-05-05,32.66049657867158,16.0,0.0
2065-05-06,32.71650375333505,17.896005005940818,0.0
2065-05-07,31.0,18.076974402430714,0.0
2065-05-08,31.0,16.9,0.0
2065-05-09,31.902199462242333,17.9,0.0
2065-05-10,30.1,17.829650366320138,0.0
2065-05-11,29.3,16.534005525301303,0.0
2065-05-12,29.8,15.1,0.0
2065-05-13,29.6,16.5484497871009,0.0
2065-05-14,31.0,15.2,0.0
2065-05-15,32.76414357878107,17.5,0.0
2065-05-16,34.00947265625,18.0,0.0
2065-05-17,31.0,17.956756633133782,0.0
2065-05-18,30.3,17.8,0.0
2065-05-19,27.8,16.5,0.0
2065-05-20,26.499246501614632,13.554815289833485,0.0
2065-05-21,27.358183402532163,11.5,0.0
2065-05-22,28.9,10.6,0.0
2065-05-23,28.9,12.5,0.0
2065-05-24,28.5,13.0,0.0
2065-05-25,29.0,12.7,0.0
2065-05-26,29.6,12.1,0.0
2065-05-27,29.921002498121315,12.488512994002761,0.0
2065-05-28,29.373430991716187,13.0,0.0
2065-05-29,28.8,13.2,0.0
2065-05-30,28.6,12.9,0.0
2065-05-31,28.69019604519295,12.7,0.0
2065-06-01,28.0,13.0,0.0
2065-06-02,31.7203125,14.0,0.0
2065-06-03,33.692724609375,15.162387082604168,0.0
2065-06-04,31.965185546875,17.746087216248583,0.0
2065-06-05,30.660135583148847,17.686571401106065,0.0
2065-06-06,30.4,20.945263671875,0.0
2065-06-07,31.889990234375,24.224072265625,0.0
2065-06-08,31.211153359457853,20.35322265625,0.0
2065-06-09,30.686127003221095,20.5109375,0.0
2065-06-10,30.5,18.03111743592739,0.0
2065-06-11,31.898291015625,19.91328125,0.0
2065-06-12,33.358251953125,21.023388671875,0.0
2065-06-13,33.678076171875,24.395703125,0.0
2065-06-14,32.78671875,22.999951171875,0.0
2065-06-15,30.67769119144326,21.20478515625,0.0
2065-06-16,30.4,18.70745488689635,0.0
2065-06-17,30.4,16.4,0.0
2065-06-18,30.40324012187455,15.347085774121274,0.0
2065-06-19,28.6,16.035922871993,0.0
2065-06-20,27.935759838974526,14.7,0.0
2065-06-21,27.907762063668628,13.0,0.0
2065-06-22,28.4,11.7,0.0
2065-06-23,29.019353602768522,12.2,0.0
2065-06-24,28.2,13.7,0.0
2065-06-25,28.248778999638603,13.200889877641833,0.0
2065-06-26,28.0,13.5,0.0
2065-06-27,27.7,13.0,0.0
2065-06-28,27.5,12.1,0.0
2065-06-29,26.9,13.079939885925263,0.0
2065-06-30,26.0,13.61184047089359,0.0
2065-07-01,26.6,13.0,0.0
2065-07-02,27.4,13.4,0.0
2065-07-03,29.2,14.2,0.0
2065-07-04,28.0,14.2,0.0
2065-07-05,26.1,15.0,0.0
2065-07-06,25.505143445500057,13.0,0.0
2065-07-07,26.6,12.2,0.0
2065-07-08,28.0,12.9,0.0
2065-07-09,28.843687897026932,13.0,0.0
2065-07-10,28.2,13.6,0.0
2065-07-11,27.3,13.5,0.0
2065-07-12,27.215576171321718,12.7,0.0
2065-07-13,27.1,12.4,0.0
2065-07-14,27.3,12.2,0.0
2065-07-15,27.209190697410897,12.2,0.0
2065-07-16,26.7,12.9,0.0
2065-07-17,26.6,11.9,0.0
2065-07-18,26.8,12.2,0.0
2065-07-19,27.0,12.5,0.0
2065-07-20,27.3,13.0,0.0
2065-07-21,27.06803663561114,14.2,0.0
2065-07-22,26.7,14.2,0.0
2065-07-23,26.9,13.0,0.0
2065-07-24,27.2,13.0,0.0
2065-07-25,27.2,14.0,0.0
2065-07-26,26.8,14.2,0.0
2065-07-27,26.7,13.664939754852591,0.0
2065-07-28,27.0,13.6,0.0
2065-07-29,27.3,13.8,0.0
2065-07-30,27.711015428776452,13.6,0.0
2065-07-31,28.5,13.8,0.0
2065-08-01,29.0,15.5,0.0
2065-08-02,27.8,14.2,0.0
2065-08-03,26.9,14.4,0.0
2065-08-04,26.6,14.0,0.0
2065-08-05,27.1,13.4,0.0
2065-08-06,28.9,11.2,0.0
2065-08-07,28.840122906703836,12.3,0.0
2065-08-08,29.349842380439792,13.6,0.0
2065-08-09,30.4,14.075937311853453,0.0
2065-08-10,31.0,15.0,0.0
2065-08-11,31.2,14.842938714989414,0.0
2065-08-12,30.8,15.3,0.0
2065-08-13,30.7,14.4,0.0
2065-08-14,31.2,14.6,0.0
2065-08-15,31.8,15.8,0.0
2065-08-16,31.9,16.7,0.0
2065-08-17,32.1,16.9,0.0
2065-08-18,30.9,18.2,0.0
2065-08-19,31.0,16.82758740865515,0.0
2065-08-20,31.2,16.090111189233244,0.0
2065-08-21,31.692834656863727,16.7,0.0
2065-08-22,31.4,16.80616837976219,0.0
2065-08-23,31.2,16.81249420694819,0.0
2065-08-24,30.2,16.82115060204483,0.0
2065-08-25,29.0,16.41107916747453,0.0
2065-08-26,29.9,16.0,0.0
2065-08-27,30.34667076733815,17.5,0.0
2065-08-28,29.4,18.2,0.0
2065-08-29,30.0,18.2,0.0
2065-08-30,30.0,16.7,0.0
2065-08-31,30.9,16.7,0.0
2065-09-01,32.31018924931605,17.2,0.0
2065-09-02,33.1,17.5,0.0
2065-09-03,33.1,19.5,0.0
2065-09-04,33.0,20.0,0.0
2065-09-05,33.2,21.2,0.0
2065-09-06,33.4,19.602161572823423,0.0
2065-09-07,33.1,19.0,0.0
2065-09-08,33.0,18.5,0.0
2065-09-09,33.4,17.9,0.0
2065-09-10,34.0,18.1,0.0
2065-09-11,39.328857421875,18.612839553526914,0.0
2065-09-12,41.306640625,20.481471997819124,0.0
2065-09-13,41.168701171875,19.673267033917767,0.0
2065-09-14,39.25634765625,22.847372347725173,0.0
2065-09-15,38.016586241505436,21.5487347615209,0.0
2065-09-16,38.41206351676141,21.2,0.0
2065-09-17,33.2,21.29016396819511,0.0
2065-09-18,33.2,19.9,0.0
2065-09-19,34.5,20.5,0.0
2065-09-20,34.2,21.2,0.0
2065-09-21,34.6,20.5,0.0
2065-09-22,35.32943558789346,20.5,0.0
2065-09-23,35.59726799247347,20.5,0.0
2065-09-24,34.7,20.5,0.0
2065-09-25,33.7,20.2,0.0
2065-09-26,34.2,19.663638169394574,0.0
2065-09-27,34.7,20.472078141771927,0.0
2065-09-28,35.33409024712968,20.5,0.0
2065-09-29,35.6,21.2,0.0
2065-09-30,36.0,21.2,0.0
2065-10-01,36.6,21.0,0.0
2065-10-02,36.5,22.0,0.0
2065-10-03,35.5,21.9,0.0
2065-10-04,34.38929220561506,20.2,0.0
2065-10-05,34.8,18.5,4.861116965226555
2065-10-06,35.7,17.3,3.9123287671232885
2065-10-07,35.5,19.1,0.0
2065-10-08,33.2,20.6,0.0
2065-10-09,35.3,21.0,2.4589041095890414
2065-10-10,32.2,20.3,2.4
2065-10-11,37.0,19.6,2.7
2065-10-12,36.77126137586847,21.3,0.0
2065-10-13,38.047091721599955,20.7,1.9290410958904112
2065-10-14,28.4,19.8,0.8109589041095892
2065-10-15,31.0,18.0,0.0
2065-10-16,33.6,17.2,0.0
2065-10-17,35.5,16.9,0.0
2065-10-18,37.2,19.1,0.0
2065-10-19,35.0,21.9,0.0
2065-10-20,33.2,20.0,0.0
2065-10-21,35.0,19.6,0.0
2065-10-22,37.05194293490086,19.8,0.0
2065-10-23,38.8384765625,21.9,0.0
2065-10-24,40.00302734375,23.0,0.0
2065-10-25,40.620947265625,23.0,0.0
2065-10-26,40.087744140625,24.2921875,0.0
2065-10-27,38.32407072980512,23.76426514017983,0.0
2065-10-28,38.26133909799626,23.69015812330646,0.0
2065-10-29,38.53525390625,23.747602722984613,0.0
2065-10-30,39.00595703125,23.789279542053947,0.0
2065-10-31,39.536474609375,23.830517578125,0.0
2065-11-01,39.89404296875,23.359553144594198,0.0
2065-11-02,40.2607421875,23.3,0.0
2065-11-03,40.867431640625,25.94150390625,0.0
2065-11-04,41.033447265625,24.9859375,0.0
2065-11-05,39.6875,23.597503503845957,0.0
2065-11-06,39.570068359375,23.84138103847231,0.0
2065-11-07,39.919189453125,24.2359375,0.0
2065-11-08,39.3858576371124,23.593312389688418,0.0
2065-11-09,38.815525033182254,23.2,0.0
2065-11-10,38.83808805840425,22.3,0.0
2065-11-11,39.28802132606588,22.497011849985025,0.0
2065-11-12,39.16401948997201,23.522856362499553,0.0
2065-11-13,39.244791328161625,23.3,0.0
2065-11-14,36.61409907766578,23.20800234142188,0.0
2065-11-15,32.5,22.652046625101676,1.8
2065-11-16,32.6,21.5,0.0
2065-11-17,33.7,21.3,0.0
2065-11-18,34.9,21.976260409463976,0.0
2065-11-19,34.8,22.1,0.0
2065-11-20,34.6,22.510144567152743,0.0
2065-11-21,35.5,22.6,0.0
2065-11-22,35.3,22.3,0.1
2065-11-23,33.6,20.3,15.55415019762846
2065-11-24,29.9,19.5,1.0
2065-11-25,32.6,20.1,0.0
2065-11-26,32.0,19.6,14.726933935629585
2065-11-27,27.4,19.3,13.428458498023714
2065-11-28,29.6,19.4,0.8
2065-11-29,30.6,19.9,0.8701581027667985
2065-11-30,31.7,19.9,0.0
2065-12-01,31.8,20.3,0.0
2065-12-02,31.8,19.5,0.0
2065-12-03,32.66525903691666,20.002835055149372,0.0
2065-12-04,32.02804996086084,20.740138269201754,0.0
2065-12-05,31.8,21.0,0.0
2065-12-06,32.64552144830868,20.1033424343679,0.0
2065-12-07,32.936350810454904,20.96038709784671,0.0
2065-12-08,32.1,19.9,1.0
2065-12-09,33.7,19.5,0.0
2065-12-10,33.7,24.086364746093746,0.0
2065-12-11,33.86004920805776,24.090026855468746,0.0
2065-12-12,34.119085411493025,20.2,5.933333333333332
2065-12-13,28.0,19.9,25.0
2065-12-14,27.3,19.9,0.6
2065-12-15,29.0,20.034006735998126,0.0
2065-12-16,26.9,19.796244547051167,21.857142857142858
2065-12-17,29.841473662279938,19.9,5.6
2065-12-18,30.1,19.9,6.1
2065-12-19,29.664660345616596,20.1,38.19499999999998
2065-12-20,28.0,19.9,26.7
2065-12-21,27.0,20.073614168393505,6.062499999999999
2065-12-22,29.6,20.0,26.80000000000001
2065-12-23,30.7,19.9,20.34285714285714
2065-12-24,29.6,20.2,25.16
2065-12-25,29.9,19.9,48.614285714285735
2065-12-26,30.7,19.9,8.566666666666668
2065-12-27,30.4,19.9,28.34
2065-12-28,30.0,20.0,13.5
2065-12-29,28.4,20.0,25.8
2065-12-30,28.3,19.6,41.66521739130435
2065-12-31,29.7,19.6,15.133333333333336
2066-01-01,30.029176769049084,20.14979793823496,40.92242874845105
2066-01-02,29.2,20.4269197301707,34.0
2066-01-03,28.7,20.306320544882926,48.12203841387853
2066-01-04,27.7,20.355227025185417,34.54423791821557
2066-01-05,28.1,20.338181516023553,0.0
2066-01-06,30.9,20.4728454543374,2.1
2066-01-07,30.0,20.549285289464894,0.7053903345724907
2066-01-08,30.1,20.44505818324901,41.14566771518443
2066-01-09,28.8,20.552961555365737,9.9
2066-01-10,26.0,20.458228709434334,14.0
2066-01-11,28.04690078937926,19.9,18.4
2066-01-12,30.0,17.4,0.0
2066-01-13,29.8,16.4,0.0
2066-01-14,31.1,15.0,0.0
2066-01-15,31.9,15.9,0.0
2066-01-16,32.07065274943034,17.6,0.0
2066-01-17,29.7,20.298261463478646,23.0
2066-01-18,29.3,19.9,26.436802973977688
2066-01-19,26.0,19.9,25.307760223048323
2066-01-20,24.6,19.870091593773363,33.849814126394044
2066-01-21,26.1,19.8,0.0
2066-01-22,29.2,19.895759656980623,0.0
2066-01-23,30.70179469615422,19.8,0.0
2066-01-24,32.18756595437088,19.9,0.0
2066-01-25,34.934888783050816,20.343326080317215,0.0
2066-01-26,32.76403645302997,20.26673168746418,8.353903345724905
2066-01-27,30.8,20.598346327492987,9.9
2066-01-28,29.1,20.324845392275147,0.0
2066-01-29,28.6,20.258562207684513,0.0
2066-01-30,27.6,20.460282119216817,0.0
2066-01-31,30.985138852523132,19.9,16.8
2066-02-01,32.0,20.02411417354204,0.0
2066-02-02,34.18152859722858,20.081086514787803,0.0
2066-02-03,34.09429442120449,19.207388436128515,0.0
2066-02-04,32.9,18.6,0.0
2066-02-05,25.2,19.942610866737997,21.28845265588915
2066-02-06,28.8,19.778013699132092,17.832794457274826
2066-02-07,30.5,19.5,0.0
2066-02-08,33.94804889081118,19.0,0.0
2066-02-09,32.968299284279624,19.2,0.0
2066-02-10,31.2,19.2,0.6
2066-02-11,30.976350633871483,20.06471047624004,26.8
2066-02-12,35.704638671875,20.055084253440796,5.427482678983833
2066-02-13,34.28098117853541,20.0417164095178,9.729330254041567
2066-02-14,31.6,20.04419745384642,0.0
2066-02-15,29.8,20.074772171023064,17.150577367205546
2066-02-16,28.1,20.013754524243808,46.31559941213528
2066-02-17,27.21526413340824,19.98139707300949,0.0
2066-02-18,28.1,19.9,0.0
2066-02-19,29.342855640468347,20.039453101181078,0.0
2066-02-20,30.79694874851012,19.5,0.0
2066-02-21,32.731125736297514,20.059828606106144,0.0
2066-02-22,32.92551511062458,19.639907267407647,0.0
2066-02-23,34.36146443306395,20.098746049708797,0.574826789838337
2066-02-24,32.9,20.14204137393174,0.2
2066-02-25,34.04041448895432,20.17019569795107,0.0
2066-02-26,34.13399542391517,19.974528398392188,0.0
2066-02-27,34.122382205435166,19.93484272282558,0.0
2066-02-28,32.0,20.054052872426595,3.5
2066-03-01,31.33303571428572,19.925608222615516,19.0
2066-03-02,31.983443708609276,21.90048828125,0.0
2066-03-03,33.620681986656784,19.4,1.7
2066-03-04,35.23099365234375,22.51767578125,7.0
2066-03-05,32.9,22.79715576171875,1.5
2066-03-06,30.2,23.218603515625,28.947826086956525
2066-03-07,33.27887931034483,22.184423828125,2.4
2066-03-08,32.9,22.987890625,8.179999999999998
2066-03-09,33.69851742031135,22.62607421875,16.2
2066-03-10,34.48555496548065,23.161962890625,2.55
2066-03-11,31.9,23.258154296875,2.3846153846153846
2066-03-12,32.94055415617129,23.0683349609375,0.0
2066-03-13,33.50817694369974,22.0123046875,0.2
2066-03-14,31.6,20.204598476249505,0.0
2066-03-15,30.0,22.456640625,0.0
2066-03-16,33.6765752409192,19.4,0.0
2066-03-17,32.4,22.1392578125,0.0
2066-03-18,30.7,22.295751953125,16.306250000000002
2066-03-19,32.9,22.47373046875,2.4
2066-03-20,33.31640625,22.74197998046875,17.560000000000002
2066-03-21,34.496388741370176,22.9291748046875,0.0
2066-03-22,30.2,22.09873046875,0.0
2066-03-23,31.43027027027027,23.373876953125,0.0
2066-03-24,30.2,19.4,0.0
2066-03-25,29.2,22.7037109375,0.0
2066-03-26,29.0,22.5728515625,0.0
2066-03-27,28.8,23.506689453125,0.0
2066-03-28,29.9,22.5474609375,0.0
2066-03-29,31.8,19.0,0.0
2066-03-30,31.552777777777774,19.9,0.0
2066-03-31,32.5,19.9,0.0
2066-04-01,29.9,19.4,0.0
2066-04-02,29.5,19.7,0.0
2066-04-03,29.9,19.7,0.0
2066-04-04,31.2,19.7,0.0
2066-04-05,31.7,19.7,0.0
2066-04-06,31.5,19.7,0.0
2066-04-07,31.0,18.3,0.0
2066-04-08,30.6,15.9,0.0
2066-04-09,29.9,15.2,0.0
2066-04-10,31.0,16.1,0.0
2066-04-11,32.3,17.69,0.0
2066-04-12,33.2,19.2,0.0
2066-04-13,34.07414500683994,19.2,0.0
2066-04-14,34.25761266747868,19.7,0.0
2066-04-15,29.4,19.4,0.0
2066-04-16,29.3,19.2,0.0
2066-04-17,28.6,19.4,0.0
2066-04-18,31.1,18.980419580419586,0.0
2066-04-19,31.7,21.19169921875,0.0
2066-04-20,30.4,19.7,0.0
2066-04-21,30.790710382513662,19.0,0.0
2066-04-22,31.7,19.4,0.0
2066-04-23,30.2,18.9,0.0
2066-04-24,33.13649459783913,18.451162790697673,0.0
2066-04-25,35.55322265625,19.4,0.0
2066-04-26,33.2,18.9,0.0
2066-04-27,34.01309849521204,18.4,0.0
2066-04-28,34.73113273106318,19.4,0.0
2066-04-29,33.11176470588236,19.7,0.0
2066-04-30,27.4,19.111775878442547,0.0
2066-05-01,24.2,17.8299209255031,0.0
2066-05-02,27.2,17.5,0.0
2066-05-03,27.6,18.075896110021088,0.0
2066-05-04,29.3,17.5,0.0
2066-05-05,31.0,17.8,0.0
2066-05-06,32.07898717009226,17.9,0.0
2066-05-07,33.804150390625,17.9,0.0
2066-05-08,32.7580969855514,18.110316540873132,0.0
2066-05-09,31.0,18.015896839514067,0.0
2066-05-10,29.6,17.0,0.0
2066-05-11,29.7,15.3,0.0
2066-05-12,30.1,14.5,0.0
2066-05-13,30.3,15.0,0.0
2066-05-14,30.7,15.847943619635627,0.0
2066-05-15,30.187676618888442,16.9,0.0
2066-05-16,30.0,16.9,0.0
2066-05-17,30.1,15.9,0.0
2066-05-18,30.1,15.7,0.0
2066-05-19,29.3,16.5,0.0
2066-05-20,28.9,15.2,0.0
2066-05-21,28.4,14.5,0.0
2066-05-22,26.8,14.0,0.0
2066-05-23,26.9,12.5,0.0
2066-05-24,27.2,11.9,0.0
2066-05-25,28.0,11.7,0.0
2066-05-26,28.9,12.3,0.0
2066-05-27,28.7,13.0,0.0
2066-05-28,28.0,13.2,0.0
2066-05-29,29.2,10.807145078339905,0.0
2066-05-30,28.7,13.6,0.0
2066-05-31,27.277373519913883,12.2,0.0
2066-06-01,26.6,11.6,0.0
2066-06-02,25.5,13.4,0.0
2066-06-03,25.5,12.9,0.0
2066-06-04,25.7,14.010779235310771,0.0
2066-06-05,26.3,11.9,0.0
2066-06-06,26.5,12.3,0.0
2066-06-07,26.9,12.6,0.0
2066-06-08,27.9,12.9,0.0
2066-06-09,28.4,12.2,0.0
2066-06-10,26.0,14.525967578355043,0.0
2066-06-11,26.0,12.9,0.0
2066-06-12,26.5,12.3,0.0
2066-06-13,25.6,12.4,0.0
2066-06-14,26.776814863737496,11.4,0.0
2066-06-15,27.9,10.5,0.0
2066-06-16,28.0,11.9,0.0
2066-06-17,27.6,13.7,0.0
2066-06-18,27.5,12.9,0.0
2066-06-19,27.5,12.2,0.0
2066-06-20,25.6,12.5,0.0
2066-06-21,25.5,11.2,0.0
2066-06-22,26.0,8.5,0.0
2066-06-23,26.4,9.27010876282289,0.0
2066-06-24,27.0,9.4,0.0
2066-06-25,27.1,9.977456171959465,0.0
2066-06-26,26.1,12.3,0.0
2066-06-27,26.0,11.9,0.0
2066-06-28,26.0,12.7,0.0
2066-06-29,26.2,12.176766103751646,0.0
2066-06-30,26.2,12.2,0.0
2066-07-01,26.3,12.5,0.0
2066-07-02,26.0,12.5,0.0
2066-07-03,26.407319698600634,11.84396361305897,0.0
2066-07-04,27.2,11.567138243887436,0.0
2066-07-05,27.7,12.4,0.0
2066-07-06,28.2,13.4,0.0
2066-07-07,27.6,14.0,0.0
2066-07-08,27.6,13.410656620021525,0.0
2066-07-09,29.24562365446715,13.0,0.0
2066-07-10,30.2,12.5,0.0
2066-07-11,31.221128322284173,13.4,0.0
2066-07-12,30.0,14.0,0.0
2066-07-13,28.9,15.0,0.0
2066-07-14,27.6,14.6,0.0
2066-07-15,27.4,13.6,0.0
2066-07-16,28.2,13.015565928593702,0.0
2066-07-17,28.5,14.0,0.0
2066-07-18,28.2,13.23922473299426,0.0
2066-07-19,28.5,12.8,0.0
2066-07-20,27.0,14.2,0.0
2066-07-21,26.2,13.6,0.0
2066-07-22,26.2,13.5,0.0
2066-07-23,26.2,13.483595263724432,0.0
2066-07-24,26.4,12.9,0.0
2066-07-25,26.0,12.547490959228838,0.0
2066-07-26,26.2,11.7,0.0
2066-07-27,26.8,11.9,0.0
2066-07-28,26.9,12.6,0.0
2066-07-29,26.7,12.2,0.0
2066-07-30,26.9,12.2,0.0
2066-07-31,27.6,12.8,0.0
2066-08-01,28.6,14.4,0.0
2066-08-02,27.1,14.0,0.0
2066-08-03,27.8,11.9,0.0
2066-08-04,29.07161310164539,11.0,0.0
2066-08-05,30.0,13.3,0.0
2066-08-06,30.2,15.0,0.0
2066-08-07,29.9,15.6,0.0
2066-08-08,29.2,15.405685591919926,0.0
2066-08-09,29.2,15.42368137782561,0.0
2066-08-10,30.0,15.504131376512897,0.0
2066-08-11,30.4,15.3,0.0
2066-08-12,30.2,15.7,0.0
2066-08-13,29.6,16.7,0.0
2066-08-14,29.5,15.6,0.0
2066-08-15,30.0,14.6,0.0
2066-08-16,30.72216009221066,14.8,0.0
2066-08-17,28.6,16.7,0.0
2066-08-18,27.8,15.0,0.0
2066-08-19,28.9,14.7,0.0
2066-08-20,31.4,14.852541007563506,0.0
2066-08-21,33.1,15.948293547774325,0.0
2066-08-22,37.472340598533016,18.229646472587405,0.0
2066-08-23,38.935546875,18.48951079837068,0.0
2066-08-24,40.00732421875,20.316614080596402,0.0
2066-08-25,40.404296875,22.110453687201314,0.0
2066-08-26,39.431396484375,26.748291015625,0.0
2066-08-27,37.541748046875,26.035400390625,0.0
2066-08-28,32.57944468201188,20.803759021687036,0.0
2066-08-29,31.9,18.10422365101271,0.0
2066-08-30,32.9,16.2,0.0
2066-08-31,36.6132721294412,15.741036366856966,0.0
2066-09-01,33.5,19.243296219099978,0.0
2066-09-02,32.03981575772767,18.6,0.0
2066-09-03,32.9,17.7,0.0
2066-09-04,36.0,18.2,0.0
2066-09-05,41.600830078125,19.9,0.0
2066-09-06,41.153564453125,20.915568558421157,0.0
2066-09-07,37.96715158209842,22.776864659683973,0.0
2066-09-08,38.239282182911765,21.2,0.0
2066-09-09,39.600341796875,20.908593167666258,0.0
2066-09-10,39.2119140625,21.301743295019158,0.0
2066-09-11,40.099853515625,20.6,0.0
2066-09-12,38.397665072273874,19.4,0.0
2066-09-13,33.2,21.2,0.0
2066-09-14,33.9,19.5,0.0
2066-09-15,33.85518062575122,19.13036861945372,0.0
2066-09-16,32.9,19.3,0.0
2066-09-17,33.0,18.6,0.0
2066-09-18,34.4,20.0,0.0
2066-09-19,34.7,21.385436449856563,0.0
2066-09-20,34.6,21.59917609759831,0.0
2066-09-21,33.9,21.2,0.0
2066-09-22,33.0,20.5,0.0
2066-09-23,32.0,19.21747302828385,0.0
2066-09-24,31.0,18.0,0.0
2066-09-25,32.0,18.0,0.0
2066-09-26,32.7,18.3,0.0
2066-09-27,33.2,18.399818757438336,0.0
2066-09-28,34.6,18.4,0.0
2066-09-29,35.6,19.48042269187987,0.0
2066-09-30,39.401611328125,20.4,0.0
2066-10-01,38.464453125,21.6,0.0
2066-10-02,31.8,20.60008611410117,0.0
2066-10-03,31.1,18.0,0.0
2066-10-04,33.2,18.4,0.0
2066-10-05,35.262392357373514,19.5,0.0
2066-10-06,35.537782561894495,21.0,0.0
2066-10-07,34.8,21.177804090419798,0.0
2066-10-08,34.5,20.2,0.0
2066-10-09,35.3,20.3,0.0
2066-10-10,35.9,20.7,0.0
2066-10-11,37.55945475714503,21.2,0.0
2066-10-12,38.867041015625,22.1,0.0
2066-10-13,39.228125,24.259228515625,0.0
2066-10-14,36.2330582870276,21.19113639858526,2.363013698630137
2066-10-15,37.0,20.4,1.9
2066-10-16,35.5,21.6,3.3
2066-10-17,34.1,21.0,0.0
2066-10-18,34.5,21.253560100466444,0.0
2066-10-19,35.5,21.584391819160384,0.0
2066-10-20,36.0,21.9517187871332,0.0
2066-10-21,35.8,21.3,1.9684931506849315
2066-10-22,36.38565880196664,21.3,0.0
2066-10-23,36.6,21.9,0.0
2066-10-24,36.0,21.6,0.0
2066-10-25,34.5,21.7,0.0
2066-10-26,33.9,20.218575080731956,0.0
2066-10-27,35.8,20.4,0.0
2066-10-28,38.100739264649576,21.4,0.0
2066-10-29,38.906591796875,22.6,0.0
2066-10-30,39.089208984375,24.636669921875,0.0
2066-10-31,38.446630859375,24.2111328125,0.0
2066-11-01,38.88093884580059,23.66665688744527,0.0
2066-11-02,39.30849869349419,23.2,0.0
2066-11-03,38.99109949835491,23.2,0.0
2066-11-04,39.583251953125,23.2879331061893,0.0
2066-11-05,36.0,20.3,2.4152173913043478
2066-11-06,33.9,20.0,0.0
2066-11-07,33.82610837438423,19.928377736780718,2.5
2066-11-08,32.8,19.9,0.7654150197628459
2066-11-09,32.0,19.9,0.7
2066-11-10,32.41410262610629,19.6,0.0
2066-11-11,33.4,19.9,12.04387351778656
2066-11-12,31.0,19.9,1.3
2066-11-13,31.1,19.9,22.4399209486166
2066-11-14,32.1,19.9,17.235276679841895
2066-11-15,31.2,19.7,1.6
2066-11-16,32.5,19.0,0.0
2066-11-17,34.4,20.3,0.0
2066-11-18,34.5,19.3,0.0
2066-11-19,30.4,19.5,1.3
2066-11-20,28.9,19.31189444210042,0.0
2066-11-21,29.9,17.5,0.0
2066-11-22,30.2,16.67746858987217,0.0
2066-11-23,31.0,15.3,0.0
2066-11-24,31.6,18.3,0.0
2066-11-25,32.2,19.5,0.7
2066-11-26,29.90344399760417,19.2,0.1
2066-11-27,32.0,19.0,0.0
2066-11-28,32.2,19.2,1.3
2066-11-29,31.5,19.7,10.537549407114621
2066-11-30,32.0,19.5,3.8
2066-12-01,32.6063500538213,21.0,0.0
2066-12-02,32.71227179718372,21.0,0.0
2066-12-03,33.7,20.33455266916878,0.0
2066-12-04,33.7,23.383483886718746,0.0
2066-12-05,33.66569578537716,20.45418913432756,0.0
2066-12-06,32.602990312163605,20.049209133170383,0.0
2066-12-07,26.7,19.9,0.0
2066-12-08,31.2,19.9,20.549999999999997
2066-12-09,31.3,19.9,15.0
2066-12-10,30.0,19.5,52.4
2066-12-11,29.6,19.9,47.89999999999999
2066-12-12,29.431038517339818,19.6,29.3
2066-12-13,28.3,19.9,20.371428571428574
2066-12-14,27.0,19.5,0.0
2066-12-15,27.4,19.9,1.45
2066-12-16,28.7,19.6,21.828571428571426
2066-12-17,31.3,19.4,0.0
2066-12-18,31.2,19.0,0.0
2066-12-19,31.2,19.5,0.0
2066-12-20,27.5,19.35032412390862,0.0
2066-12-21,27.6,18.5,0.0
2066-12-22,30.7,17.0,0.0
2066-12-23,32.4,20.5,0.0
2066-12-24,29.4,20.0,0.0
2066-12-25,27.0,19.9,0.0
2066-12-26,29.414807881312303,18.4,0.0
2066-12-27,30.3,17.6,0.0
2066-12-28,30.5,17.8,0.0
2066-12-29,30.4,18.6,0.0
2066-12-30,31.0,18.4,0.0
2066-12-31,30.5,19.6,37.6
2067-01-01,28.8,19.9,2.1
2067-01-02,26.4,19.9,1.0
2067-01-03,29.0,19.9,17.3
2067-01-04,31.1,19.7,5.5
2067-01-05,30.9,19.830369822825208,32.28903345724906
2067-01-06,29.0,19.9,5.3
2067-01-07,28.5,19.9,4.6
2067-01-08,29.5,19.8,1.0
2067-01-09,30.7,19.9,9.732388475836432
2067-01-10,25.819916332322148,19.8,27.4
2067-01-11,26.6,19.8,43.813709311814286
2067-01-12,26.0,19.3,2.7
2067-01-13,26.6,19.272431823166862,0.0
2067-01-14,30.0,16.9,0.0
2067-01-15,26.9,20.09894569302409,0.0
2067-01-16,28.8,19.897895145304012,14.74293680297396
2067-01-17,28.9,19.9,66.735873605948
2067-01-18,24.9,19.5,41.03006863025449
2067-01-19,26.7,18.8,0.0
2067-01-20,27.4,19.4669496516847,0.0
2067-01-21,28.9,19.8,3.0
2067-01-22,29.5,19.8,3.4
2067-01-23,28.4,19.37965582174159,0.0
2067-01-24,29.4,18.0,0.0
2067-01-25,29.9,17.66400501155834,0.0
2067-01-26,28.6,19.9,0.0
2067-01-27,31.1,19.8,0.0
2067-01-28,28.7,19.854273786982706,0.0
2067-01-29,29.9,19.860351066005794,13.228996282527875
2067-01-30,27.5,19.5,0.0
2067-01-31,30.0,19.0,0.0
2067-02-01,30.715865783557877,19.7,0.0
2067-02-02,28.7,19.52543433131526,24.62032332563511
2067-02-03,24.9,19.40800722826715,27.35681293302541
2067-02-04,25.2,19.2,0.6300230946882218
2067-02-05,27.3,18.9,9.286374133949193
2067-02-06,25.9,19.0,0.0
2067-02-07,25.6,19.0,13.728868360277142
2067-02-08,27.5,19.0,21.254734411085455
2067-02-09,30.1,19.1,0.0
2067-02-10,30.712163365066903,18.3,0.0
2067-02-11,29.0,17.7,0.0
2067-02-12,30.303989712063228,17.1,0.0
2067-02-13,32.933467559259356,15.2,0.0
2067-02-14,34.29538073845105,14.863364564002762,0.0
2067-02-15,34.053108006827806,16.4,0.0
2067-02-16,34.27121004859264,20.00914768904703,0.0
2067-02-17,35.482181325924174,18.9,0.0
2067-02-18,34.21241184560373,19.99507990895348,0.0
2067-02-19,32.72672973538393,18.0,0.0
2067-02-20,32.989770895593495,17.4,0.0
2067-02-21,28.6,19.0,0.5
2067-02-22,30.430780232877968,18.8,0.0
2067-02-23,32.9,17.6,0.0
2067-02-24,34.296666413443525,18.5,0.0
2067-02-25,34.32735118993045,19.5,0.0
2067-02-26,35.842578125,20.098952325911632,0.0
2067-02-27,34.51395843364465,19.7,0.0
2067-02-28,34.05810439152267,19.212676122552253,0.8
2067-03-01,33.230172413793106,19.4,0.0
2067-03-02,33.61860637509266,19.39430598106594,0.8
2067-03-03,31.1,21.987005615234377,3.866666666666667
2067-03-04,30.9,22.65439453125,8.6
2067-03-05,32.30121951219511,19.84748475062791,10.1
2067-03-06,33.051674641148324,19.2,0.0
2067-03-07,27.3,19.4,0.0
2067-03-08,31.8,21.993505859375,0.0
2067-03-09,32.56666666666666,22.7056640625,0.0
2067-03-10,34.36255974508759,22.523046875,0.0
2067-03-11,36.0318359375,22.28568115234375,0.0
2067-03-12,37.993017578125,23.714453125,0.0
2067-03-13,36.913916015625,24.192724609375,1.8
2067-03-14,35.080419921875,22.344091796875,0.0
2067-03-15,28.9,19.9240898070927,44.630894308943105
2067-03-16,27.5,19.915011620669045,6.966666666666666
2067-03-17,29.9,22.625891113281252,7.0200000000000005
2067-03-18,30.0,19.2,9.8
2067-03-19,31.6,18.0,1.3
2067-03-20,32.9,17.6,0.0
2067-03-21,33.2,17.4,0.0
2067-03-22,33.65908080059304,16.0,0.0
2067-03-23,33.69770200148259,17.2,0.0
2067-03-24,32.9,18.5,0.0
2067-03-25,29.7,19.6,0.0
2067-03-26,29.5,18.5,0.0
2067-03-27,31.913907284768214,19.254970233518584,0.0
2067-03-28,33.0,18.394514447328977,0.0
2067-03-29,31.2,19.1,0.0
2067-03-30,26.656140350877195,17.4,0.0
2067-03-31,30.6,19.976523602699825,0.0
2067-04-01,29.155223880597013,18.9,0.0
2067-04-02,30.8,18.57630718954248,0.0
2067-04-03,32.43352891869237,18.5,0.0
2067-04-04,34.002496580027355,19.4,0.0
2067-04-05,35.7216796875,19.4,0.0
2067-04-06,34.02284541723667,19.2,0.0
2067-04-07,31.237763713080163,19.14615384615385,0.0
2067-04-08,27.6,19.135707502374167,0.0
2067-04-09,29.4,17.0,0.0
2067-04-10,31.1,16.9,0.0
2067-04-11,31.4,17.3,0.0
2067-04-12,33.12977190876351,15.3,0.0
2067-04-13,34.082318741450074,16.76231884057971,0.0
2067-04-14,34.079787961696304,19.0,0.0
2067-04-15,34.84871438498952,19.4,0.0
2067-04-16,35.594482421875,18.9,0.0
2067-04-17,34.08361833105336,19.4,0.0
2067-04-18,33.80952380952382,19.4,0.0
2067-04-19,32.20275229357799,18.9,0.0
2067-04-20,32.0,17.3,0.0
2067-04-21,31.3,18.7,0.0
2067-04-22,32.45138306789606,17.0,0.0
2067-04-23,32.430511316010055,17.8,0.0
2067-04-24,33.2,19.194396961063628,0.0
2067-04-25,33.2,19.2,0.0
2067-04-26,32.7,19.0,0.0
2067-04-27,32.874712643678166,18.815797468354432,0.0
2067-04-28,32.0,18.5,0.0
2067-04-29,30.7,18.4,0.0
2067-04-30,31.4,17.8,0.0
2067-05-01,30.1,16.9,0.0
2067-05-02,31.0,16.3,0.0
2067-05-03,31.6,17.374173225411074,0.0
2067-05-04,30.7,17.666404736275553,0.0
2067-05-05,31.0,16.6734664036785,0.0
2067-05-06,32.7715643977448,17.0,0.0
2067-05-07,35.73212890625,17.756376731689798,0.0
2067-05-08,36.087109375,17.334682516383225,0.0
2067-05-09,32.88874004533223,18.06719274985768,0.0
2067-05-10,32.9169421101089,19.046738593848065,0.0
2067-05-11,31.9,17.458579535360066,0.0
2067-05-12,30.185623477423373,15.9,0.0
2067-05-13,29.928658921346635,16.9,0.0
2067-05-14,30.5,16.90372871383774,0.0
2067-05-15,30.6,16.493729270289887,0.0
2067-05-16,29.38827163382786,15.3,0.0
2067-05-17,29.9,14.0,0.0
2067-05-18,31.0,11.7,0.0
2067-05-19,28.7,12.5,0.0
2067-05-20,27.2,13.8,0.0
2067-05-21,26.9,12.40205848091186,0.0
2067-05-22,27.0,12.0,0.0
2067-05-23,27.6,11.5,0.0
2067-05-24,29.4,11.2,0.0
2067-05-25,30.4,12.1,0.0
2067-05-26,29.6,14.4,0.0
2067-05-27,27.9,15.0,0.0
2067-05-28,27.2,14.203100107642616,0.0
2067-05-29,25.7,12.0,0.0
2067-05-30,27.2,10.2,0.0
2067-05-31,28.6,11.6,0.0
2067-06-01,28.0,13.0,0.0
2067-06-02,28.742846218020034,13.7,0.0
2067-06-03,29.6,14.373401638926035,0.0
2067-06-04,29.5,14.2,0.0
2067-06-05,28.2,14.290000983708278,0.0
2067-06-06,27.7,13.700779658778652,0.0
2067-06-07,26.75435831479422,14.296530788807924,0.0
2067-06-08,26.0,14.1,0.0
2067-06-09,22.9,12.9,0.0
2067-06-10,24.4,11.9,0.0
2067-06-11,23.0,10.7,0.0
2067-06-12,25.1,11.5,0.0
2067-06-13,26.2,8.5,0.0
2067-06-14,27.179599919765128,9.2,0.0
2067-06-15,27.5,10.7,0.0
2067-06-16,26.6,12.3,0.0
2067-06-17,26.2,11.7,0.0
2067-06-18,26.5,11.4,0.0
2067-06-19,25.1,12.0,0.0
2067-06-20,24.8,12.0,0.0
2067-06-21,24.2,14.5,0.0
2067-06-22,25.0,13.2,0.0
2067-06-23,25.664330737856883,11.4,0.0
2067-06-24,26.7,11.9,0.0
2067-06-25,27.5,13.0,0.0
2067-06-26,27.6,13.2,0.0
2067-06-27,27.2,12.2,0.0
2067-06-28,27.5,11.4,0.0
2067-06-29,28.0,10.2,0.0
2067-06-30,28.0,11.2,0.0
2067-07-01,26.0,13.5,0.0
2067-07-02,26.0,13.0,0.0
2067-07-03,26.3,12.7,0.0
2067-07-04,26.4,12.7,0.0
2067-07-05,26.4,11.9,0.0
2067-07-06,26.7,11.0,0.0
2067-07-07,26.9,11.555451330155305,0.0
2067-07-08,27.2541346099371,12.1,0.0
2067-07-09,26.905743254974112,12.93588087549336,0.0
2067-07-10,26.9,13.4,0.0
2067-07-11,26.266180281465527,13.4,0.0
2067-07-12,25.8,12.9,0.0
2067-07-13,25.6,12.592189929434271,0.0
2067-07-14,25.30228080508561,12.2,0.0
2067-07-15,25.6,12.2,0.0
2067-07-16,24.0,12.6,0.0
2067-07-17,24.5,14.2,0.0
2067-07-18,25.7,15.0,0.0
2067-07-19,26.6,15.021274908766305,0.0
2067-07-20,26.8,13.210120407681437,0.0
2067-07-21,27.6,13.6,0.0
2067-07-22,29.1,14.0,0.0
2067-07-23,30.19521270589189,14.2,0.0
2067-07-24,30.7,14.6,0.0
2067-07-25,29.60880338692862,15.0,0.0
2067-07-26,28.804780090662366,15.2,0.0
2067-07-27,28.819501963340848,14.4,0.0
2067-07-28,27.94797987973161,15.0863951680421,0.0
2067-07-29,27.3,14.2,0.0
2067-07-30,27.374109191983955,13.0,0.0
2067-07-31,27.6,12.6,0.0
2067-08-01,30.2,12.7,0.0
2067-08-02,30.2,13.5,0.0
2067-08-03,30.9,14.6,0.0
2067-08-04,31.57634015069967,15.5,0.0
2067-08-05,31.964615177610337,16.7,0.0
2067-08-06,30.4,18.247534513284744,0.0
2067-08-07,29.0,16.0,0.0
2067-08-08,29.2,15.0,0.0
2067-08-09,30.0,15.0,0.0
2067-08-10,31.1,14.5,0.0
2067-08-11,32.5,14.1,0.0
2067-08-12,31.9,13.9,0.0
2067-08-13,32.1,16.7,0.0
2067-08-14,33.22713932446978,18.037382280439335,0.0
2067-08-15,33.33532146002542,18.462567652407973,0.0
2067-08-16,37.717041015625,18.334045587865365,0.0
2067-08-17,38.715576171875,18.486499810960595,0.0
2067-08-18,39.008544921875,20.545040027763246,0.0
2067-08-19,39.406494140625,24.49951072602869,0.0
2067-08-20,39.04638671875,26.39892578125,0.0
2067-08-21,37.989013671875,26.341064453125,0.0
2067-08-22,38.30224609375,25.614013671875,0.0
2067-08-23,38.81396484375,25.126658666996097,0.0
2067-08-24,38.087158203125,27.1787109375,0.0
2067-08-25,38.058837890625,28.773681640625,0.0
2067-08-26,33.779023311356234,26.642333984375,0.0
2067-08-27,32.93373879247983,24.470855141259126,0.0
2067-08-28,32.927942638930695,22.789181680754183,0.0
2067-08-29,33.2,20.678493179692357,0.0
2067-08-30,33.1,19.686191215655473,0.0
2067-08-31,34.52915316852108,18.60000069671603,0.0
2067-09-01,35.1,19.3,0.0
2067-09-02,34.2,19.6,0.0
2067-09-03,34.4,19.0,0.0
2067-09-04,33.5,18.92976406533576,0.0
2067-09-05,32.7,18.9,0.0
2067-09-06,31.879568801936795,18.9,0.0
2067-09-07,32.0,18.2,0.0
2067-09-08,33.0,18.3,0.0
2067-09-09,34.558395762019195,18.4,0.0
2067-09-10,38.15577120488442,18.3,0.0
2067-09-11,40.27685546875,19.849761769320246,0.0
2067-09-12,41.103271484375,20.5,0.0
2067-09-13,37.5966316106207,22.23677850703233,0.0
2067-09-14,32.7,20.521680930436702,0.0
2067-09-15,31.0,18.8,0.0
2067-09-16,31.4,17.5,0.0
2067-09-17,32.5,16.4,0.0
2067-09-18,33.61556049932023,17.0,0.0
2067-09-19,33.7,17.4,0.0
2067-09-20,33.7,18.1,0.0
2067-09-21,33.0,18.8,0.0
2067-09-22,32.7,18.6,0.0
2067-09-23,32.9,17.4,0.0
2067-09-24,34.6,19.6,0.0
2067-09-25,35.40824766982472,22.67725700830345,0.0
2067-09-26,35.92147279657136,22.461355615727673,0.0
2067-09-27,38.62948002852228,20.6,0.0
2067-09-28,39.192626953125,21.2,0.0
2067-09-29,39.4462890625,21.2,0.0
2067-09-30,39.81494140625,21.2,0.0
2067-10-01,38.8736328125,22.0,0.0
2067-10-02,38.0,23.55963401506995,0.0
2067-10-03,33.1,21.9,0.0
2067-10-04,28.6,19.0,0.0
2067-10-05,30.2,17.3,0.0
2067-10-06,31.4,16.9,0.0
2067-10-07,33.9,16.9,0.0
2067-10-08,35.4,18.7,0.0
2067-10-09,35.6,20.0,0.0
2067-10-10,34.8,21.6,0.0
2067-10-11,33.2,20.7,0.0
2067-10-12,32.8,19.6,0.0
2067-10-13,31.0,19.0,0.0
2067-10-14,31.7,17.9,0.0
2067-10-15,33.3,18.0,0.0
2067-10-16,34.5,19.2,0.0
2067-10-17,35.5,20.170867990997152,0.0
2067-10-18,35.4,20.0,0.0
2067-10-19,36.0,19.9,0.0
2067-10-20,37.75064197174653,20.2,0.0
2067-10-21,38.6978515625,21.7,0.0
2067-10-22,38.0,23.55310307709437,0.0
2067-10-23,36.9,22.70146946348647,0.0
2067-10-24,37.2,22.076120156081792,0.0
2067-10-25,36.935629709364896,22.2,0.0
2067-10-26,36.23022066738428,22.6,0.0
2067-10-27,36.9,22.1,0.0
2067-10-28,38.23203005690527,21.9,0.0
2067-10-29,39.368017578125,22.1,0.0
2067-10-30,40.497412109375,22.95860636437028,0.0
2067-10-31,39.727392578125,23.77781114518143,0.0
2067-11-01,39.39476908404881,23.213907222016232,0.0
2067-11-02,39.717041015625,22.4,0.0
2067-11-03,36.2,22.872974644724696,0.0
2067-11-04,34.9,21.4,0.8
2067-11-05,33.7,19.7,8.3
2067-11-06,31.78408416759363,19.5,4.0
2067-11-07,31.1,19.2,0.0
2067-11-08,31.0,19.62819005243922,0.0
2067-11-09,32.5,19.6,0.0
2067-11-10,33.9,19.132982725904604,0.0
2067-11-11,33.2,19.7,0.0
2067-11-12,33.6,19.9,0.0
2067-11-13,35.7,19.5,0.0
2067-11-14,32.6,20.0,0.0
2067-11-15,33.7,20.34387291164941,0.0
2067-11-16,33.9,19.9,0.0
2067-11-17,32.3,19.6,0.0
2067-11-18,34.9,19.4,0.0
2067-11-19,34.9,20.3,0.0
2067-11-20,34.2,19.6,1.8537549407114629
2067-11-21,32.05964404894327,19.2,10.23280632411067
2067-11-22,28.015855035006215,18.8,6.784980237154149
2067-11-23,28.9,19.3,5.3
2067-11-24,29.7,19.3,5.4
2067-11-25,25.000632108657015,18.8,18.587796442687726
2067-11-26,26.721732390828517,18.5,0.0
2067-11-27,29.0,18.20130835534344,11.4
2067-11-28,30.6,18.507859923724773,9.492638339920948
2067-11-29,31.1,18.8,47.152227811713956
2067-11-30,30.2,19.0,27.985968379446643
2067-12-01,28.7,19.5,8.6
2067-12-02,29.9,19.6,10.6
2067-12-03,28.7,19.4,4.3
2067-12-04,27.9,19.6,7.0
2067-12-05,24.2,17.4,0.0
2067-12-06,26.3,16.9,0.0
2067-12-07,29.0,15.344697550079681,0.0
2067-12-08,30.1,16.4,0.0
2067-12-09,31.2,16.3,0.0
2067-12-10,32.1,19.5,0.0
2067-12-11,31.2,19.5,0.0
2067-12-12,29.4,19.6,16.56666666666667
2067-12-13,30.9,19.562020548631338,0.0
2067-12-14,31.6,17.9,0.0
2067-12-15,32.1,19.9,0.0
2067-12-16,32.1,21.67744178436494,0.0
2067-12-17,32.686861594526974,19.9,0.0
2067-12-18,32.55023379978469,19.5,0.0
2067-12-19,32.4,18.9,0.0
2067-12-20,31.4,19.9,2.0
2067-12-21,29.5,19.9,1.7
2067-12-22,29.6,19.5,0.0
2067-12-23,30.0,18.8,0.5
2067-12-24,30.0,19.2,0.0
2067-12-25,31.6,19.9,101.35000000000045
2067-12-26,29.8,19.9,30.395
2067-12-27,30.7,18.8,0.0
2067-12-28,29.1,19.6,4.5
2067-12-29,27.8,19.565115000938,0.0
2067-12-30,25.2,19.6,0.0
2067-12-31,27.0,19.5,9.8
2068-01-01,26.5,19.83374608894915,11.0
2068-01-02,28.7,18.4,28.273605947955385
2068-01-03,31.0,17.0,0.0
2068-01-04,30.2,18.6,35.731226765799214
2068-01-05,29.7,19.419401987929042,0.0
2068-01-06,30.0,18.2,1.8
2068-01-07,29.7,19.0,2.4
2068-01-08,30.021023754533005,18.7,0.0
2068-01-09,29.9,18.7,0.0
2068-01-10,28.2,19.858308425000814,0.0
2068-01-11,29.8,19.60986798939294,0.0
2068-01-12,31.8,17.0,0.0
2068-01-13,30.9,17.5,0.0
2068-01-14,31.6,16.8,0.0
2068-01-15,27.8,19.5,0.0
2068-01-16,26.8,19.9,0.0
2068-01-17,26.5,19.5,1.2
2068-01-18,28.8,19.6,0.0
2068-01-19,29.2,19.9,0.0
2068-01-20,30.6,20.38114856372954,0.0
2068-01-21,31.158219283407647,19.813842752408863,2.3252788104089204
2068-01-22,30.8,19.3,2.4
2068-01-23,29.5,19.8,38.67605328376704
2068-01-24,29.634702213309343,19.988295530186278,9.356505576208175
2068-01-25,29.8,20.282673212872062,0.8
2068-01-26,31.07846228569928,19.9,1.0
2068-01-27,30.315445661580025,19.8,0.0
2068-01-28,29.1,19.937563361115227,41.36158612143742
2068-01-29,27.6,19.9,41.45130111524157
2068-01-30,27.1,19.86847942669919,12.330855018587359
2068-01-31,24.9,19.859051203548077,10.8
2068-02-01,27.1,18.6,9.4
2068-02-02,30.9,16.9,0.0
2068-02-03,31.208595841084588,18.0,0.0
2068-02-04,32.96130112948103,17.6,0.0
2068-02-05,32.084487304511136,19.5,0.0
2068-02-06,34.09078344817566,18.0,0.0
2068-02-07,34.54375636400952,19.0,0.0
2068-02-08,32.095197204464185,20.02305987294974,2.5408775981524236
2068-02-09,29.6,20.012717413335082,22.232794457274828
2068-02-10,30.5,20.015146888612982,11.11224018475751
2068-02-11,25.6,19.9,16.921247113163975
2068-02-12,27.3,19.218133467363913,0.0
2068-02-13,29.0,19.0,0.0
2068-02-14,30.9,18.9,0.0
2068-02-15,34.74730560664312,19.5822898877704,0.0
2068-02-16,36.11357421875,19.2,0.0
2068-02-17,35.66180828643374,20.019392740454798,1.4946882217090072
2068-02-18,32.8,19.609858760761444,0.0
2068-02-19,29.7,19.50638690020443,0.0
2068-02-20,28.6,20.040301125570533,0.0
2068-02-21,30.300853842990474,20.057662705976313,0.0
2068-02-22,28.3,19.825348688520705,4.4
2068-02-23,34.01907857593295,19.2186424425277,0.2
2068-02-24,34.6746993819511,19.0,48.41339491916858
2068-02-25,24.6,18.9,28.742494226327963
2068-02-26,26.4,18.6,0.0
2068-02-27,28.2,17.2,0.0
2068-02-28,26.9,17.2,0.0
2068-03-01,27.8,18.0,0.0
2068-03-02,29.7,17.6,0.0
2068-03-03,29.0,18.6,0.0
2068-03-04,30.6,18.2,0.0
2068-03-05,30.1,15.9,0.0
2068-03-06,30.6,14.7,0.0
2068-03-07,31.0,14.4,0.0
2068-03-08,31.1,14.4,0.0
2068-03-09,31.8,14.5,0.0
2068-03-10,33.31640625,14.6,0.0
2068-03-11,33.2,17.3,0.0
2068-03-12,32.0,19.231016453944317,0.0
2068-03-13,35.038427734375,17.1,0.0
2068-03-14,35.48544921875,17.884527788793836,0.0
2068-03-15,34.92880859375,17.9,0.0
2068-03-16,31.8,22.47421875,2.3
2068-03-17,29.9,19.1,9.4
2068-03-18,31.0,22.275244140625,8.55
2068-03-19,31.64761904761905,19.80627915321134,3.8499999999999996
2068-03-20,32.0,19.247325410250202,0.0
2068-03-21,31.923841059602648,18.3,0.0
2068-03-22,30.9,18.2,0.0
2068-03-23,29.6,18.9,0.0
2068-03-24,29.9,19.900925893691404,0.0
2068-03-25,29.5,21.65619492437647,1.2
2068-03-26,32.0,22.514013671875,0.0
2068-03-27,29.3,19.0,0.0
2068-03-28,32.7,19.393505561535697,0.0
2068-03-29,31.1,19.9,4.0
2068-03-30,31.1,18.9,0.0
2068-03-31,29.5,17.0,0.0
2068-04-01,30.7,19.2,0.0
2068-04-02,31.427683615819205,19.4,0.0
2068-04-03,30.1,18.737279151943465,0.0
2068-04-04,29.0,19.21021505376344,0.0
2068-04-05,28.9,18.7,0.0
2068-04-06,31.649397590361446,16.947435897435895,0.0
2068-04-07,32.29633027522936,17.4,0.0
2068-04-08,31.8,18.4,0.0
2068-04-09,31.7,19.0,0.0
2068-04-10,30.0,19.0,0.0
2068-04-11,29.8,19.38076923076923,0.0
2068-04-12,32.2,18.502777777777776,0.0
2068-04-13,32.5,18.9,0.0
2068-04-14,32.0,19.0,0.0
2068-04-15,31.4,17.9,0.0
2068-04-16,31.7,16.3,0.0
2068-04-17,31.5,19.4,0.0
2068-04-18,33.17923169267707,19.076204819277113,0.0
2068-04-19,33.0871382636656,18.887898734177213,0.0
2068-04-20,32.97749196141479,19.2,0.0
2068-04-21,33.2,18.1,0.0
2068-04-22,32.42808046940486,18.4,0.0
2068-04-23,31.0,18.941258741258743,0.0
2068-04-24,29.7,18.4,0.0
2068-04-25,30.4,16.9,0.0
2068-04-26,30.7,15.6,0.0
2068-04-27,30.6,14.5,0.0
2068-04-28,30.6,12.4,0.0
2068-04-29,28.6,14.4,0.0
2068-04-30,25.248387096774195,18.6,2.0
2068-05-01,23.8,16.9,15.473684210526311
2068-05-02,25.6,16.9,0.0
2068-05-03,28.0,16.5,0.0
2068-05-04,26.7,15.0,0.0
2068-05-05,28.69992287024402,16.0,0.0
2068-05-06,29.1,14.6,0.0
2068-05-07,28.9,15.70706475553791,0.0
2068-05-08,29.1,17.9,0.0
2068-05-09,29.69737743419121,17.9,0.0
2068-05-10,29.7,17.333836286904063,0.0
2068-05-11,28.6,15.508489088951935,0.0
2068-05-12,27.2,14.6,0.0
2068-05-13,26.5,16.324054691615306,0.0
2068-05-14,27.0,15.0,0.0
2068-05-15,28.7,16.5,0.0
2068-05-16,29.2,15.9,0.0
2068-05-17,29.8,17.528211936371235,0.0
2068-05-18,29.0,16.5,0.0
2068-05-19,28.9,16.62148932595803,0.0
2068-05-20,28.5,15.2,0.0
2068-05-21,28.9,14.9,0.0
2068-05-22,27.5,16.9,0.0
2068-05-23,28.6,16.9,0.0
2068-05-24,28.668933771457706,14.7,0.0
2068-05-25,28.7,14.0,0.0
2068-05-26,28.839295709672452,13.5,0.0
2068-05-27,29.0,13.9,0.0
2068-05-28,29.2,15.0,0.0
2068-05-29,28.7,15.1,0.0
2068-05-30,27.8,14.1,0.0
2068-05-31,28.5,13.4,0.0
2068-06-01,28.4,14.273472414549799,0.0
2068-06-02,30.0,15.4,0.0
2068-06-03,28.6,15.9,0.0
2068-06-04,27.8,15.307439327726362,0.0
2068-06-05,27.2,14.1,0.0
2068-06-06,28.0,13.748650453827445,0.0
2068-06-07,29.0,14.1,0.0
2068-06-08,30.4,14.1,0.0
2068-06-09,29.5,14.7,0.0
2068-06-10,28.0,15.298050307702367,0.0
2068-06-11,28.2,14.314793125259005,0.0
2068-06-12,30.367119580919642,13.7,0.0
2068-06-13,28.0,14.5,0.0
2068-06-14,26.6,14.7,0.0
2068-06-15,25.5,12.9,0.0
2068-06-16,25.0,11.9,0.0
2068-06-17,24.6,12.2,0.0
2068-06-18,25.0,13.33931834956806,0.0
2068-06-19,23.2,12.6,0.0
2068-06-20,25.5,11.9,0.0
2068-06-21,24.2,13.3,0.0
2068-06-22,20.002020112715094,14.7,0.0
2068-06-23,23.9,12.9,0.0
2068-06-24,24.0,11.5,0.0
2068-06-25,25.2,9.0,0.0
2068-06-26,26.0,8.5,0.0
2068-06-27,25.9,11.737860248761258,0.0
2068-06-28,26.447789942040863,11.8,0.0
2068-06-29,28.0,11.8,0.0
2068-06-30,30.4,13.6,0.0
2068-07-01,28.201040545389297,15.2,0.0
2068-07-02,27.6,14.254216202763924,0.0
2068-07-03,28.2,14.0,0.0
2068-07-04,29.2,14.0,0.0
2068-07-05,29.692576472881672,14.3,0.0
2068-07-06,29.118934776078294,15.1,0.0
2068-07-07,28.0,15.0,0.0
2068-07-08,27.2,15.0,0.0
2068-07-09,26.66192474691887,14.262362860595294,0.0
2068-07-10,26.2,13.727973689562633,0.0
2068-07-11,26.2,13.277695967603163,0.0
2068-07-12,26.2,13.4,0.0
2068-07-13,26.0,13.0,0.0
2068-07-14,25.7,12.2,0.0
2068-07-15,25.7,14.3,0.0
2068-07-16,25.7,12.5,0.0
2068-07-17,26.1,13.071411450068238,0.0
2068-07-18,26.203645002041487,12.4,0.0
2068-07-19,26.2,12.807190527448867,0.0
2068-07-20,26.4,12.5,0.0
2068-07-21,26.9,12.8,0.0
2068-07-22,27.6,13.0,0.0
2068-07-23,28.2,13.4,0.0
2068-07-24,28.802151184826922,14.3,0.0
2068-07-25,29.2,15.0,0.0
2068-07-26,26.9,15.061537030392431,0.0
2068-07-27,26.9,13.8,0.0
2068-07-28,27.806479642226975,13.0,0.0
2068-07-29,30.2,14.2,0.0
2068-07-30,31.295524363395394,15.2,0.0
2068-07-31,31.27177608753423,15.87929105074122,0.0
2068-08-01,33.217222820236806,17.0,0.0
2068-08-02,32.9,17.0,0.0
2068-08-03,31.9,18.209553585467027,0.0
2068-08-04,31.810022511453504,17.78367200036979,0.0
2068-08-05,32.36353205230971,17.4,0.0
2068-08-06,31.9,18.2,0.0
2068-08-07,31.0,17.7,0.0
2068-08-08,31.2,16.9,0.0
2068-08-09,31.6,16.736806239564775,0.0
2068-08-10,31.6,16.9,0.0
2068-08-11,29.0,16.822704313985255,0.0
2068-08-12,27.8,15.6,0.0
2068-08-13,29.233012293921014,14.7,0.0
2068-08-14,30.793128812343017,13.742768372639198,0.0
2068-08-15,31.9,15.27495221985456,0.0
2068-08-16,34.46708730356503,17.282949814164155,0.0
2068-08-17,38.247802734375,18.3,0.0
2068-08-18,34.712908546298976,20.588432770414904,0.0
2068-08-19,32.459742479395885,18.991057219443206,0.0
2068-08-20,32.018525296017216,18.495377032462756,0.0
2068-08-21,30.4,18.306816269548417,0.0
2068-08-22,30.4,17.453511049199005,0.0
2068-08-23,31.0,16.459110510867884,0.0
2068-08-24,31.2,17.177793920502943,0.0
2068-08-25,28.7,18.2,0.0
2068-08-26,25.4,15.6,0.0
2068-08-27,28.2,14.1,0.0
2068-08-28,30.0,16.6,0.0
2068-08-29,31.6,18.2,0.0
2068-08-30,34.41531453997548,18.43822018524707,0.0
2068-08-31,38.072021484375,21.076396442499536,0.0
2068-09-01,35.6,20.5,0.0
2068-09-02,33.2,20.5,0.0
2068-09-03,31.9,17.9,0.0
2068-09-04,32.003011170471105,15.9,0.0
2068-09-05,32.31901737666475,18.0,0.0
2068-09-06,32.5,17.9,0.0
2068-09-07,32.3,17.4,0.0
2068-09-08,32.0,17.2,0.0
2068-09-09,32.4,17.8,0.0
2068-09-10,32.8,19.0,0.0
2068-09-11,33.0,19.5,0.0
2068-09-12,33.9,19.25869952590257,0.0
2068-09-13,33.4,20.2,0.0
2068-09-14,32.5,19.425500802268004,0.0
2068-09-15,32.9,18.0,0.0
2068-09-16,33.2,18.6,0.0
2068-09-17,34.6,19.467208402649945,0.0
2068-09-18,35.53867013695774,19.5,0.0
2068-09-19,35.14039632050594,20.2,0.0
2068-09-20,34.58108272543465,19.619197256210608,0.0
2068-09-21,35.0,19.44573518265133,0.0
2068-09-22,34.6,20.0,0.0
2068-09-23,33.5,19.9,0.0
2068-09-24,33.1,18.932653412632547,0.0
2068-09-25,32.0,19.6,0.0
2068-09-26,30.9,18.6,0.0
2068-09-27,31.3,17.4,0.0
2068-09-28,32.17859722370367,17.8,0.0
2068-09-29,33.1,18.9,0.0
2068-09-30,34.55633331079961,19.9,0.0
2068-10-01,34.4,19.9,0.0
2068-10-02,33.3,20.4,0.0
2068-10-03,33.0,20.9,0.0
2068-10-04,34.4,22.806461390289478,0.0
2068-10-05,34.9,22.75550039657809,0.0
2068-10-06,33.3,20.999970642920044,0.0
2068-10-07,32.1,20.9,0.0
2068-10-08,31.1,18.5,0.0
2068-10-09,31.2,18.0,0.0
2068-10-10,32.1,19.6,0.0
2068-10-11,33.0,19.7,0.0
2068-10-12,34.5,20.2,0.0
2068-10-13,35.6,20.5,0.0
2068-10-14,36.0,20.7,0.0
2068-10-15,36.3,21.0,0.0
2068-10-16,36.9,21.6,0.0
2068-10-17,36.9,22.0,0.0
2068-10-18,37.856689563843865,21.7,0.0
2068-10-19,39.014990234375,21.9,0.0
2068-10-20,39.56357421875,22.6,0.0
2068-10-21,39.015478515625,23.0,0.0
2068-10-22,38.21986080592596,23.0,0.0
2068-10-23,36.4,22.856484346968042,0.0
2068-10-24,36.9,22.0,0.0
2068-10-25,36.9,22.10144850886962,0.0
2068-10-26,36.3,22.1,0.0
2068-10-27,36.4,22.0,0.0
2068-10-28,37.57012060367741,22.710679281627094,0.0
2068-10-29,36.22864421202687,22.045983584499446,0.0
2068-10-30,34.6112677523525,21.0,1.9290410958904112
2068-10-31,33.5,19.2,6.672602739726028
2068-11-01,32.9,18.7,0.0
2068-11-02,34.2,19.7,0.0
2068-11-03,36.30781284393976,20.379494676624823,0.0
2068-11-04,37.316575957412994,23.214396895041126,0.0
2068-11-05,34.5,23.2,0.0
2068-11-06,35.7,20.4,0.7
2068-11-07,33.6,20.0,0.0
2068-11-08,31.1,19.9,18.72947134387352
2068-11-09,29.9,19.2,64.39287454653746
2068-11-10,27.0,18.5,64.6266121609183
2068-11-11,28.9,19.1,0.0
2068-11-12,29.4,18.4,1.7
2068-11-13,28.82723941634496,18.3,0.0
2068-11-14,30.5,19.4,0.0
2068-11-15,31.0,17.9,0.0
2068-11-16,31.7,16.8,0.0
2068-11-17,31.0,17.3,0.0
2068-11-18,31.1,16.3,0.0
2068-11-19,31.827223230490016,18.669466073414902,0.0
2068-11-20,32.5,19.4,0.0
2068-11-21,32.0,17.8,0.0
2068-11-22,32.9,17.4,0.0
2068-11-23,33.6,19.1,0.0
2068-11-24,31.6,18.7,0.0
2068-11-25,32.6,17.4,0.0
2068-11-26,34.0,18.9,0.0
2068-11-27,33.16651835372635,21.2,0.1
2068-11-28,32.1,20.5,1.4
2068-11-29,32.888254626352506,19.46729266284327,2.2608695652173902
2068-11-30,29.4,19.314039865495502,19.3889328063241
2068-12-01,26.0,19.9,4.0
2068-12-02,28.6,19.8,5.4
2068-12-03,29.0,19.9,25.08
2068-12-04,27.6,19.6,34.94444444444444
2068-12-05,29.0,19.4,6.4
2068-12-06,28.6,19.2,6.05
2068-12-07,28.0,19.9,1.2
2068-12-08,28.6,19.8,9.2
2068-12-09,30.0,19.9,0.0
2068-12-10,30.8,19.9,0.0
2068-12-11,31.8,19.5,0.0
2068-12-12,30.268755470156826,19.5,2.3
2068-12-13,31.95178977568665,19.0,0.7
2068-12-14,29.3,19.607056878854518,14.8
2068-12-15,27.7,19.9,4.0
2068-12-16,29.5,19.5,23.7
2068-12-17,28.6,19.4,2.9
2068-12-18,25.6,19.9,5.5
2068-12-19,30.0,19.6,3.4
2068-12-20,27.7,18.8,0.45
2068-12-21,27.7,18.32208243631133,3.4
2068-12-22,26.8,19.2,2.7
2068-12-23,29.9,17.9,1.7
2068-12-24,30.1,19.5,14.850000000000005
2068-12-25,29.9,19.5,34.8
2068-12-26,29.5,19.6,5.2
2068-12-27,27.7,19.5,18.8
2068-12-28,26.061081252944845,19.9,7.0
2068-12-29,28.9,19.6,11.866666666666674
2068-12-30,29.5,19.5,29.900000000000006
2068-12-31,29.6,19.8,1.0
2069-01-01,31.2,19.9,0.0
2069-01-02,36.67037423477841,17.9,0.0
2069-01-03,36.8009765625,20.68454537900589,0.0
2069-01-04,32.594011994464076,20.7709873069447,1.0
2069-01-05,31.8,20.051515617797897,0.0
2069-01-06,31.930991106631627,19.901748379238782,5.0
2069-01-07,31.9,19.9,1.8
2069-01-08,29.2,19.8,7.6
2069-01-09,30.0,19.882634422423802,38.570260223048315
2069-01-10,29.6,19.9,37.51705390334572
2069-01-11,30.0,19.9,23.927881040892178
2069-01-12,28.1,19.89958327836598,16.0
2069-01-13,25.5,19.340516740236367,30.792862453531598
2069-01-14,22.672871760875843,17.9,52.1
2069-01-15,24.0,18.0,21.618401486988823
2069-01-16,27.0,18.678729817007532,2.8
2069-01-17,28.6,19.6,0.0
2069-01-18,29.0,19.6,0.0
2069-01-19,30.0,19.3,0.0
2069-01-20,30.4,18.5,2.3252788104089204
2069-01-21,29.2,19.3,0.0
2069-01-22,30.0,18.9,0.0
2069-01-23,29.8,19.8,0.0
2069-01-24,29.8,20.526697781857916,0.0
2069-01-25,29.0,19.7,0.0
2069-01-26,30.6,19.3,0.0
2069-01-27,31.1,19.850357318278938,0.0
2069-01-28,31.9,19.80112400858205,0.0
2069-01-29,30.4,19.996280593483842,8.353903345724905
2069-01-30,30.4,19.6,0.0
2069-01-31,30.8,19.555882818108874,14.0
2069-02-01,28.8,19.56749948648132,0.0
2069-02-02,30.48777849087742,19.62040779697498,31.0
2069-02-03,27.0,19.0,24.101154734411086
2069-02-04,32.950803897283144,19.4,21.2
2069-02-05,26.0,18.9,0.0
2069-02-06,29.0,16.7,0.0
2069-02-07,32.8,15.5,0.0
2069-02-08,34.305666138390805,16.7,0.0
2069-02-09,31.0,20.176668852780992,0.0
2069-02-10,30.3,19.0,0.0
2069-02-11,29.8,18.8,0.0
2069-02-12,34.187470243892754,17.6,0.0
2069-02-13,35.44273054487762,19.9,0.0
2069-02-14,35.912890625,19.52091460189913,0.0
2069-02-15,27.0,19.81223847762549,20.38429561200923
2069-02-16,26.0,19.2,0.0
2069-02-17,27.697154621302413,18.1,0.0
2069-02-18,29.4,16.4,0.0
2069-02-19,30.5,19.748366757252462,0.0
2069-02-20,32.86795837088287,18.9,0.0
2069-02-21,30.974577960775807,17.9,0.0
2069-02-22,30.6,19.75992034489673,0.0
2069-02-23,29.252634088200235,19.895844727855405,0.0
2069-02-24,30.9,18.8,0.0
2069-02-25,29.5,17.67711689543363,0.0
2069-02-26,31.887957886372654,16.0,0.0
2069-02-27,33.03134178613165,17.6,0.0
2069-02-28,34.05580875531151,21.106579589843747,0.0
2069-03-01,36.006201171875,22.33572998046875,0.0
2069-03-02,36.566015625,20.29710579552927,0.0
2069-03-03,34.89638874137013,19.9,2.3
2069-03-04,31.5,19.6,3.4
2069-03-05,32.7,19.9,0.0
2069-03-06,33.0244019138756,18.2,0.0
2069-03-07,34.262719065321285,17.1,0.0
2069-03-08,34.781890600106244,16.5,0.0
2069-03-09,35.16806640625,16.9,0.0
2069-03-10,34.8713223579395,18.8,0.0
2069-03-11,34.683324482209215,19.1,0.0
2069-03-12,35.9654296875,19.2,0.0
2069-03-13,36.42880859375,22.300146484375,0.0
2069-03-14,38.610205078125,19.0,0.0
2069-03-15,38.4576171875,20.594626990932312,2.3
2069-03-16,36.931982421875,23.48880615234375,0.6
2069-03-17,37.21884765625,22.2271484375,0.0
2069-03-18,36.9947265625,23.431982421875,1.55
2069-03-19,36.296240234375,22.936376953125,0.0
2069-03-20,36.22861328125,20.25707111533676,2.3
2069-03-21,31.35,20.21936855243703,4.7
2069-03-22,34.32750929368031,22.40146484375,0.0
2069-03-23,34.75703664365373,21.9185546875,0.0
2069-03-24,36.251318359375,17.4,0.0
2069-03-25,33.61630837657525,19.9,3.8
2069-03-26,33.00813397129186,22.70517578125,0.0
2069-03-27,34.721348911311765,22.36142578125,0.0
2069-03-28,34.79803505045138,23.551611328125,0.0
2069-03-29,34.688635156664915,23.35166015625,1.2
2069-03-30,29.2,21.9361328125,0.1
2069-03-31,29.5,22.5268310546875,0.0
2069-04-01,30.7,19.2,0.0
2069-04-02,31.666265060240967,19.75966742745353,0.0
2069-04-03,30.4,18.1,0.0
2069-04-04,30.7,16.0,0.0
2069-04-05,32.0,17.0,0.0
2069-04-06,33.01414790996785,19.4,0.0
2069-04-07,32.5,19.4,0.0
2069-04-08,33.2,19.796348223019223,0.0
2069-04-09,34.09251025991792,22.338671875,0.0
2069-04-10,35.538818359375,19.7,0.0
2069-04-11,34.18112058465286,20.79716796875,0.0
2069-04-12,34.06976744186046,21.656787109375,0.0
2069-04-13,35.62158203125,20.8396484375,0.0
2069-04-14,34.13800243605359,19.7,0.0
2069-04-15,33.6436170212766,19.4,0.0
2069-04-16,32.7,18.86521518987342,0.0
2069-04-17,31.7,18.4,0.0
2069-04-18,32.96463022508039,18.82187341772152,0.0
2069-04-19,32.2697247706422,19.2,0.0
2069-04-20,28.2,19.2,0.0
2069-04-21,29.9,18.9,0.0
2069-04-22,31.1,19.05933734939759,0.0
2069-04-23,30.0,18.91048951048951,0.0
2069-04-24,29.9,18.9,0.0
2069-04-25,31.406497175141247,19.4,0.0
2069-04-26,32.0,19.4,0.0
2069-04-27,32.7,19.2,0.0
2069-04-28,33.60212765957447,19.667021276595754,0.0
2069-04-29,32.21834862385321,19.2,0.0
2069-04-30,32.40494551550712,19.632978723404253,0.0
2069-05-01,32.0,17.922700091785906,0.0
2069-05-02,33.93720703125,18.191527273148147,0.0
2069-05-03,34.130810546875,18.174775569157298,0.0
2069-05-04,32.849895264583935,18.040543523162654,0.0
2069-05-05,31.9,17.94512757023451,0.0
2069-05-06,31.0,17.88038021312494,0.0
2069-05-07,31.0,17.5,0.0
2069-05-08,29.9,17.16602318629671,0.0
2069-05-09,29.3,15.2,0.0
2069-05-10,30.0,15.7,0.0
2069-05-11,31.16665769644778,16.3,0.0
2069-05-12,31.46058485827053,17.0,0.0
2069-05-13,31.0,17.31521923836236,0.0
2069-05-14,30.0,17.354709947390205,0.0
2069-05-15,29.1,16.241174880985074,0.0
2069-05-16,29.0,16.915263189564666,0.0
2069-05-17,27.2,17.380660984751362,0.0
2069-05-18,28.0,15.143430967084006,0.0
2069-05-19,28.7,14.0,0.0
2069-05-20,30.0,13.918896173793897,0.0
2069-05-21,30.7,16.215001959185866,0.0
2069-05-22,29.9,16.53256109912135,0.0
2069-05-23,31.6,15.890358876454684,0.0
2069-05-24,34.981640625,17.0,0.0
2069-05-25,31.845326893660406,17.0,0.0
2069-05-26,29.2,17.2,0.0
2069-05-27,27.2,15.2,0.0
2069-05-28,27.0,12.4,0.0
2069-05-29,28.0,11.7,0.0
2069-05-30,29.1,12.4,0.0
2069-05-31,31.862906917455092,12.9,0.0
2069-06-01,32.403662109375,15.260400444938838,0.0
2069-06-02,33.3765625,15.9,0.0
2069-06-03,32.27060546875,22.09150390625,0.0
2069-06-04,31.987646484375,20.175,0.0
2069-06-05,32.266943359375,20.483349609375,0.0
2069-06-06,31.637060546875,19.893017578125,0.0
2069-06-07,31.830908203125,16.445679599666025,0.0
2069-06-08,29.9,20.1583984375,0.0
2069-06-09,27.8,16.4,0.0
2069-06-10,26.6,15.4,0.0
2069-06-11,26.1,14.539201236668202,0.0
2069-06-12,26.209456185885553,13.712079631858836,0.0
2069-06-13,26.8,12.2,0.0
2069-06-14,27.0,11.9,0.0
2069-06-15,27.1,11.9,0.0
2069-06-16,26.4,13.0,0.0
2069-06-17,26.0,13.035902776134243,0.0
2069-06-18,24.9,14.342029370044195,0.0
2069-06-19,24.7,11.9,0.0
2069-06-20,24.9,10.59377085650724,0.0
2069-06-21,25.7,8.9,0.0
2069-06-22,26.3,9.6,0.0
2069-06-23,27.0,10.5,0.0
2069-06-24,26.7,12.0,0.0
2069-06-25,27.0,11.9,0.0
2069-06-26,27.8,12.0,0.0
2069-06-27,28.957517443624234,12.7,0.0
2069-06-28,27.9,13.0,0.0
2069-06-29,26.4,13.72317415088302,0.0
2069-06-30,25.7,13.2,0.0
2069-07-01,26.2,13.1,0.0
2069-07-02,26.531404736275555,12.9,0.0
2069-07-03,26.2,13.0,0.0
2069-07-04,25.8,13.0,0.0
2069-07-05,25.1,12.9,0.0
2069-07-06,24.729037674919255,12.2,0.0
2069-07-07,24.56070182992464,11.9,0.0
2069-07-08,24.6,11.2,0.0
2069-07-09,24.0,11.2,0.0
2069-07-10,21.798654467168998,10.5,0.0
2069-07-11,23.6,11.315392895586653,0.0
2069-07-12,25.0,12.2,0.0
2069-07-13,25.5,12.9,0.0
2069-07-14,25.9,12.423132662973554,0.0
2069-07-15,26.15392019425738,11.6,0.0
2069-07-16,27.6,11.04042460220187,0.0
2069-07-17,28.80740899649781,12.4,0.0
2069-07-18,28.7,14.2,0.0
2069-07-19,28.0,14.3,0.0
2069-07-20,26.9,14.6,0.0
2069-07-21,26.29498465095881,14.0,0.0
2069-07-22,26.7,13.3,0.0
2069-07-23,27.0,12.8,0.0
2069-07-24,27.0,13.0,0.0
2069-07-25,27.2,12.8,0.0
2069-07-26,27.2,12.8,0.0
2069-07-27,27.4,12.4,0.0
2069-07-28,27.3,12.6,0.0
2069-07-29,27.6,11.906142274315938,0.0
2069-07-30,27.99795921376645,12.2,0.0
2069-07-31,27.7,13.1,0.0
2069-08-01,29.9,12.3,0.0
2069-08-02,31.0,12.4,0.0
2069-08-03,31.9,14.1,0.0
2069-08-04,29.7,16.596932523644142,0.0
2069-08-05,29.2,15.2,0.0
2069-08-06,31.0,15.4,0.0
2069-08-07,32.9,16.7,0.0
2069-08-08,35.3539558508863,18.404220918933483,0.0
2069-08-09,33.054900936810576,18.993900251166124,0.0
2069-08-10,33.10707275375166,18.50290450098798,0.0
2069-08-11,32.9,18.3,0.0
2069-08-12,31.6,17.481171180576794,0.0
2069-08-13,30.472553918916656,18.0,0.0
2069-08-14,31.6,18.40055162057698,0.0
2069-08-15,30.9,18.0,0.0
2069-08-16,30.181068353067808,16.784416412596276,0.0
2069-08-17,30.7,15.7,0.0
2069-08-18,31.9,16.4,0.0
2069-08-19,34.47553686438826,17.357726912687625,0.0
2069-08-20,38.87890625,18.522060610545278,0.0
2069-08-21,34.543286979352644,21.937701447587454,0.0
2069-08-22,32.9,18.957256731181875,0.0
2069-08-23,33.44993883941675,18.7618927455928,0.0
2069-08-24,34.488595276569605,19.0,0.0
2069-08-25,32.9,18.98631883323835,0.0
2069-08-26,32.1,18.444657468675537,0.0
2069-08-27,31.733678252717095,18.340810856710167,0.0
2069-08-28,30.26209881153752,17.925271852551568,0.0
2069-08-29,29.44486006458557,16.0,0.0
2069-08-30,30.1,14.5,0.0
2069-08-31,30.8,15.0,0.0
2069-09-01,32.1,16.9,0.0
2069-09-02,32.32784550401346,18.0,0.0
2069-09-03,32.9,17.8,0.0
2069-09-04,33.5,17.7,0.0
2069-09-05,33.1,18.4,0.0
2069-09-06,33.1,17.8,0.0
2069-09-07,34.28268446421951,17.8,0.0
2069-09-08,34.6,18.5,0.0
2069-09-09,34.94326524421075,18.4,0.0
2069-09-10,35.58622006452306,18.6,0.0
2069-09-11,34.8,19.5,0.0
2069-09-12,34.2,18.7,0.0
2069-09-13,32.9,18.917050937229877,0.0
2069-09-14,32.9,17.8,0.0
2069-09-15,33.7,17.4,0.0
2069-09-16,33.7593294136342,18.9,0.0
2069-09-17,33.55512535295628,19.6,0.0
2069-09-18,34.42041156840935,19.0,0.0
2069-09-19,34.7,20.2,0.0
2069-09-20,33.8,20.5,0.0
2069-09-21,34.2,20.2,0.0
2069-09-22,35.3,20.5,0.0
2069-09-23,36.077917065473265,21.2,0.0
2069-09-24,37.464165921336004,21.02461155301839,0.0
2069-09-25,38.47781641325427,20.6,0.0
2069-09-26,36.0,21.335844548957365,0.0
2069-09-27,33.9,21.202800202503198,0.0
2069-09-28,34.6,20.482084640604814,0.0
2069-09-29,37.38353463220612,20.233761872165662,0.0
2069-09-30,40.4169921875,21.357165791750415,0.0
2069-10-01,35.897118377796524,23.378567867269727,0.0
2069-10-02,34.8,21.524919268030132,0.0
2069-10-03,35.6,20.7,0.0
2069-10-04,36.9,21.4,0.0
2069-10-05,36.24976871381607,22.1,0.0
2069-10-06,35.1,21.7,0.0
2069-10-07,33.7,20.7,0.0
2069-10-08,30.8,20.479404377466803,0.0
2069-10-09,29.343983827351728,18.1,0.0
2069-10-10,30.8,16.3,0.0
2069-10-11,31.7,17.4,0.0
2069-10-12,30.7,18.1,0.0
2069-10-13,31.4,17.5,0.0
2069-10-14,33.0,17.7,0.0
2069-10-15,33.25581270182992,17.2,0.0
2069-10-16,35.1,18.0,0.0
2069-10-17,36.0,19.01128375532363,0.0
2069-10-18,36.37049753260732,20.7,0.0
2069-10-19,36.0,21.0,0.0
2069-10-20,36.9,21.92545818014062,0.0
2069-10-21,37.09722247206658,22.1,0.0
2069-10-22,38.0,22.0,0.0
2069-10-23,37.90885813737561,22.2,0.0
2069-10-24,36.4,22.1,0.0
2069-10-25,36.9,21.0,0.0
2069-10-26,38.20666316753993,21.7,0.0
2069-10-27,38.44345703125,22.674026259135452,0.0
2069-10-28,38.26373866861191,23.26133157612543,0.0
2069-10-29,36.9,23.265022040134724,0.0
2069-10-30,36.5,20.3,2.5
2069-10-31,36.0,18.8,0.0
2069-11-01,36.0,21.5,0.0
2069-11-02,35.571479421579525,20.4,0.0
2069-11-03,35.5,22.3,0.0
2069-11-04,35.2,21.4,0.0
2069-11-05,35.3,21.304988181312574,0.0
2069-11-06,37.14273563628095,20.9,0.0
2069-11-07,39.092538309226796,21.69995901879281,0.0
2069-11-08,39.01555857611657,22.504729752815997,0.0
2069-11-09,37.198355447120484,23.2,0.0
2069-11-10,36.53100685789792,22.9,0.0
2069-11-11,36.50988171727897,22.483581182864125,0.0
2069-11-12,38.910706870673295,22.927885389896822,0.0
2069-11-13,39.44899618668309,22.3,0.0
2069-11-14,39.990966796875,21.430371047195298,0.0
2069-11-15,40.87646484375,21.5,0.0
2069-11-16,38.696852719798834,23.514247587473285,0.0
2069-11-17,35.2,22.3,0.0
2069-11-18,36.2,21.9,0.0
2069-11-19,36.38827164963042,21.4,0.0
2069-11-20,37.518720865187404,21.2,0.0
2069-11-21,38.94293976384753,22.3,0.0
2069-11-22,36.60952196386501,22.056270499985747,0.0
2069-11-23,35.6,20.3,0.0
2069-11-24,38.87126897784835,22.541200119966454,0.0
2069-11-25,39.536865234375,23.3,0.0
2069-11-26,39.26887119541529,23.436655338881046,0.0
2069-11-27,39.511962890625,23.631089053784038,0.0
2069-11-28,37.42276024286243,20.0,0.8
2069-11-29,36.31174802844555,19.8,0.0
2069-11-30,34.7,20.438335524319953,0.0
2069-12-01,33.7,20.002654611266017,0.0
2069-12-02,33.7,19.8,0.0
2069-12-03,34.1354745748456,19.0,0.0
2069-12-04,35.1033203125,19.6,0.0
2069-12-05,34.92021484375,21.0,0.0
2069-12-06,35.84404296875,20.3,0.0
2069-12-07,31.7,19.9,7.0
2069-12-08,29.5,19.9,1.5
2069-12-09,31.8,19.6,17.2
2069-12-10,29.8,19.9,25.0
2069-12-11,30.510366452941447,19.6,15.566666666666668
2069-12-12,32.58420452099029,19.6,0.0
2069-12-13,33.68282951064005,20.0,0.0
2069-12-14,34.18810404547667,22.37324616925268,0.0
2069-12-15,34.66484375,21.05599975141353,0.0
2069-12-16,32.67046540871483,19.9,1.3
2069-12-17,28.0,19.9,15.066666666666663
2069-12-18,26.9,19.9,38.019999999999996
2069-12-19,27.6,19.7,18.95
2069-12-20,27.2,19.9,5.5
2069-12-21,29.7,19.6,3.6
2069-12-22,28.9,19.9,16.56666666666667
2069-12-23,26.7,19.791134779899153,18.5
2069-12-24,24.49342911967052,19.5,21.828571428571426
2069-12-25,27.0,19.5,13.666666666666668
2069-12-26,28.5,19.5,0.0
2069-12-27,29.5,19.437004828180946,1.3
2069-12-28,30.2,19.4,0.9666666666666685
2069-12-29,31.1,19.0688236098498,1.3
2069-12-30,28.9,19.4,2.9
2069-12-31,30.2,19.5,7.566666666666668
2070-01-01,28.8,19.88350381095072,15.569516728624535
2070-01-02,28.3,19.82511111316772,4.438104089219331
2070-01-03,27.8,19.8,9.8
2070-01-04,27.5,19.8,9.657249070631968
2070-01-05,27.5,19.860013439393402,0.0
2070-01-06,30.1,19.8,0.0
2070-01-07,30.1,19.6,0.0
2070-01-08,30.9,19.6,0.0
2070-01-09,29.8,18.641097954790094,0.0
2070-01-10,28.7,18.4,0.5
2070-01-11,29.0,19.7,15.467546468401494
2070-01-12,30.7,19.8,1.2
2070-01-13,30.0,19.3,0.0
2070-01-14,31.048402425897233,17.0,0.0
2070-01-15,31.96141966916184,18.8,0.0
2070-01-16,35.544986909445306,19.89239183152199,0.0
2070-01-17,36.44647518575916,20.003845390292064,0.0
2070-01-18,30.7,19.639498640965037,1.7
2070-01-19,29.6,19.674130049190474,1.8
2070-01-20,30.170212830245685,19.6,10.553469640644352
2070-01-21,29.7,19.6,32.989591078066915
2070-01-22,30.0,19.8,7.302973977695163
2070-01-23,29.2,19.897380264720113,8.053345724907064
2070-01-24,27.8,20.2626911069245,6.0
2070-01-25,31.153616279665787,19.898612601855348,4.073977695167282
2070-01-26,31.7,19.6,0.0
2070-01-27,32.086011351404245,19.0,0.0
2070-01-28,30.9,18.9,0.0
2070-01-29,26.5,19.7,0.0
2070-01-30,28.8,18.4,0.0
2070-01-31,29.2,16.4,0.0
2070-02-01,31.2,16.9,1.3
2070-02-02,32.8,19.22127214754057,26.68360277136259
2070-02-03,31.6,19.2,12.983140877598153
2070-02-04,29.8,19.54895710839464,18.573672055427252
2070-02-05,27.0,19.0,15.6
2070-02-06,30.9,18.7,0.0
2070-02-07,30.2,19.0,0.0
2070-02-08,32.9,18.8,0.0
2070-02-09,29.5,19.0,0.9
2070-02-10,30.6,19.0,9.2
2070-02-11,24.9,19.5,0.0
2070-02-12,27.5,19.2,1.0
2070-02-13,28.0,19.240047675804522,0.7323325635103929
2070-02-14,30.2,19.5,8.4
2070-02-15,31.788808843228875,18.2,0.0
2070-02-16,30.19259558081966,20.009967063963867,0.0
2070-02-17,31.79614268988576,19.73686766766313,0.0
2070-02-18,34.646160519066406,19.566248827548787,0.0
2070-02-19,34.27892409854746,19.365383312258363,0.0
2070-02-20,30.6,20.020613207988273,0.0
2070-02-21,29.834832407918825,19.9,0.0
2070-02-22,30.0,18.8,0.0
2070-02-23,29.6,20.060768308807972,0.0
2070-02-24,30.4,19.5795166875287,0.0
2070-02-25,34.319380004977155,18.3,0.0
2070-02-26,34.49884962388216,18.9,0.0
2070-02-27,33.66435656887998,19.9,0.0
2070-02-28,31.0,19.0,0.0
2070-03-01,32.877070063694255,19.0,0.0
2070-03-02,33.2,18.56023105762366,0.0
2070-03-03,32.7,19.0,0.0
2070-03-04,30.7,18.9,6.0
2070-03-05,30.7,18.8,0.0
2070-03-06,30.5,18.5,0.0
2070-03-07,28.9,18.5,0.0
2070-03-08,31.1,17.9,0.0
2070-03-09,28.4,17.1,0.0
2070-03-10,30.6,17.0,0.0
2070-03-11,32.653521126760566,16.7,0.0
2070-03-12,33.61097108969607,16.5,0.0
2070-03-13,33.69933283914011,19.4,0.0
2070-03-14,34.85496548061607,19.0,0.0
2070-03-15,35.159765625,19.4,0.0
2070-03-16,34.955419921875,19.3,0.0
2070-03-17,34.91318359375,19.0,0.0
2070-03-18,35.421484375,18.0,0.0
2070-03-19,34.286510886882645,21.914892578125,0.0
2070-03-20,33.2,22.72763671875,0.0
2070-03-21,32.7,19.6,0.0
2070-03-22,34.701805629314954,18.6,0.0
2070-03-23,36.948583984375,19.2,0.0
2070-03-24,38.668310546875,22.298193359375,0.0
2070-03-25,39.300390625,25.5943359375,0.0
2070-03-26,38.843359375,25.093450927734377,0.0
2070-03-27,38.726171875,20.29958367015284,0.0
2070-03-28,36.655615234375,23.1767333984375,0.0
2070-03-29,35.9576171875,23.575537109375,0.0
2070-03-30,36.2994140625,22.34921875,0.0
2070-03-31,35.07138671875,23.6431640625,0.0
2070-04-01,33.45294117647058,19.7,0.0
2070-04-02,34.69527449617792,19.4,0.0
2070-04-03,35.94873046875,19.7,0.0
2070-04-04,37.051025390625,19.7,0.0
2070-04-05,32.48390611902766,19.7,12.828629579375846
2070-04-06,34.04822161422709,19.4,0.0
2070-04-07,34.01344049247606,19.4,0.0
2070-04-08,32.90032154340835,18.9,0.0
2070-04-09,32.5,18.9,0.0
2070-04-10,32.48516345347863,18.0,0.0
2070-04-11,32.5,16.6,0.0
2070-04-12,33.2,16.8,0.0
2070-04-13,34.151644336175394,17.6,0.0
2070-04-14,35.69189453125,18.527941176470588,0.0
2070-04-15,34.087038303693575,19.4,0.0
2070-04-16,32.7,19.7,0.0
2070-04-17,32.0,19.7,0.0
2070-04-18,34.03799589603283,18.6,0.0
2070-04-19,35.5087890625,19.062048192771083,0.0
2070-04-20,34.7728283530229,19.4,0.0
2070-04-21,35.675537109375,19.7,0.0
2070-04-22,34.91626129256427,19.7,0.0
2070-04-23,34.63106323835999,19.7,0.0
2070-04-24,34.06299589603283,19.7,0.0
2070-04-25,29.3,19.4,0.0
2070-04-26,29.9,19.165906932573595,0.0
2070-04-27,31.0,19.4,0.0
2070-04-28,31.1,17.6,0.0
2070-04-29,28.9,17.7,0.0
2070-04-30,31.7,15.9,0.0
2070-05-01,31.0,16.2,0.0
2070-05-02,30.7,17.4,0.0
2070-05-03,30.0,16.5,0.0
2070-05-04,30.2,15.959693044897369,0.0
2070-05-05,30.5,16.5,0.0
2070-05-06,29.1,16.50607995248876,0.0
2070-05-07,28.5,15.0,0.0
2070-05-08,28.0,13.9,0.0
2070-05-09,27.2,14.1,0.0
2070-05-10,28.6,12.2,0.0
2070-05-11,27.8,14.0,0.0
2070-05-12,28.9,15.2,0.0
2070-05-13,28.9,15.6,0.0
2070-05-14,29.36495062479524,14.9,0.0
2070-05-15,29.912722139854157,15.0,0.0
2070-05-16,29.869259235807693,15.5,0.0
2070-05-17,29.30036733046286,16.0,0.0
2070-05-18,29.2,16.5,0.0
2070-05-19,29.6,15.6,0.0
2070-05-20,29.8,15.1,0.0
2070-05-21,29.94715489402768,14.5,0.0
2070-05-22,30.1,13.6,0.0
2070-05-23,31.0,13.5,0.0
2070-05-24,30.7,14.9,0.0
2070-05-25,29.2,15.0,0.0
2070-05-26,28.5,13.7,0.0
2070-05-27,28.9,13.9,0.0
2070-05-28,29.1,14.0,0.0
2070-05-29,29.2,14.0,0.0
2070-05-30,29.86033545100852,14.0,0.0
2070-05-31,30.0,15.03468444428362,0.0
2070-06-01,28.492877972522024,15.325979032875061,0.0
2070-06-02,28.0,15.353788590598114,0.0
2070-06-03,27.9,14.72732708543765,0.0
2070-06-04,28.010351370804162,14.7,0.0
2070-06-05,29.0,14.5,0.0
2070-06-06,29.9,14.7,0.0
2070-06-07,30.244426568385496,14.7,0.0
2070-06-08,30.672827299967746,15.334821046099824,0.0
2070-06-09,31.347791655755167,15.10478273807416,0.0
2070-06-10,31.272888092097972,15.067950596448169,0.0
2070-06-11,30.42709909561349,15.9,0.0
2070-06-12,30.577033608771654,14.3,0.0
2070-06-13,31.04341420692882,14.1,0.0
2070-06-14,30.5,13.6,0.0
2070-06-15,27.2,15.411014516255731,0.0
2070-06-16,26.5,15.830275141473978,0.0
2070-06-17,26.3,14.4,0.0
2070-06-18,26.0,12.9,0.0
2070-06-19,26.0,11.7,0.0
2070-06-20,26.5,11.0,0.0
2070-06-21,26.793146899332605,11.4,0.0
2070-06-22,26.5,11.8,0.0
2070-06-23,25.9,11.9,0.0
2070-06-24,25.9,11.9,0.0
2070-06-25,26.2,12.0,0.0
2070-06-26,26.8,12.541490545050062,0.0
2070-06-27,26.0,13.351513103864116,0.0
2070-06-28,25.7,12.3,0.0
2070-06-29,26.0,12.3,0.0
2070-06-30,26.0,13.4,0.0
2070-07-01,25.8,14.0,0.0
2070-07-02,26.7,14.0,0.0
2070-07-03,27.3,14.28041084102173,0.0
2070-07-04,27.6,14.4,0.0
2070-07-05,27.4,14.4,0.0
2070-07-06,27.6,14.2,0.0
2070-07-07,27.744428497388657,13.5,0.0
2070-07-08,27.954295183599463,13.4,0.0
2070-07-09,28.7,13.0,0.0
2070-07-10,28.519762864900468,13.972106818129765,0.0
2070-07-11,26.9,14.4,0.0
2070-07-12,26.8,13.4,0.0
2070-07-13,27.0,13.6,0.0
2070-07-14,27.6,13.6,0.0
2070-07-15,28.0,13.6,0.0
2070-07-16,28.2,14.265245524135635,0.0
2070-07-17,29.5,15.1,0.0
2070-07-18,32.973095703125,15.2,0.0
2070-07-19,32.311962890625,15.409963245529456,0.0
2070-07-20,31.6955078125,16.682275390625,0.0
2070-07-21,31.69794921875,16.8138671875,0.0
2070-07-22,31.289769973475195,16.67666015625,0.0
2070-07-23,30.27476856835305,16.61123046875,0.0
2070-07-24,29.601577345888806,16.0,0.0
2070-07-25,29.7,15.531173014437881,0.0
2070-07-26,29.230355220667363,15.868761257180601,0.0
2070-07-27,28.5,15.493660057874898,0.0
2070-07-28,27.781298090340066,15.2,0.0
2070-07-29,27.6,15.1,0.0
2070-07-30,27.6,14.3,0.0
2070-07-31,27.9,14.4,0.0
2070-08-01,30.0,15.793377494410864,0.0
2070-08-02,30.2,16.4,0.0
2070-08-03,31.0,15.615217165756677,0.0
2070-08-04,31.5,15.5,0.0
2070-08-05,31.0,16.7,0.0
2070-08-06,29.4,15.6,0.0
2070-08-07,29.0,14.0,0.0
2070-08-08,29.5,14.4,0.0
2070-08-09,30.224823158542204,14.6,0.0
2070-08-10,31.1,15.2,0.0
2070-08-11,31.9,15.8,0.0
2070-08-12,31.2,17.0,0.0
2070-08-13,30.609145708973475,16.790964198630917,0.0
2070-08-14,30.6,15.6,0.0
2070-08-15,31.0,15.4,0.0
2070-08-16,30.4,16.9,0.0
2070-08-17,30.4,16.4,0.0
2070-08-18,31.4,15.4,0.0
2070-08-19,32.5,16.0,0.0
2070-08-20,33.33093257657304,18.0,0.0
2070-08-21,38.251708984375,18.268398948278602,0.0
2070-08-22,40.9033203125,18.193993166143237,0.0
2070-08-23,40.297119140625,15.6,0.0
2070-08-24,39.046875,18.50508487118149,0.0
2070-08-25,38.965576171875,16.78064311216954,0.0
2070-08-26,33.34781289754378,18.2,0.0
2070-08-27,32.5,17.65239406218475,0.0
2070-08-28,34.66425057353728,17.691139607806424,0.0
2070-08-29,32.5,19.509345321074708,0.0
2070-08-30,30.2,17.5,0.0
2070-08-31,30.0,16.734697630502765,0.0
2070-09-01,30.0,16.5,0.0
2070-09-02,29.0,15.0,0.0
2070-09-03,30.5,14.3,0.0
2070-09-04,32.843463593428034,12.6,0.0
2070-09-05,33.2,15.7,0.0
2070-09-06,34.4,15.7,0.0
2070-09-07,35.72454302458787,15.7,0.0
2070-09-08,34.91048547973415,18.7,0.0
2070-09-09,34.6,18.9,0.0
2070-09-10,33.78532734784682,19.2,0.0
2070-09-11,32.9,20.0,0.0
2070-09-12,32.9,18.5,0.0
2070-09-13,33.00690499021902,18.6,0.0
2070-09-14,33.6,19.4007240099619,0.0
2070-09-15,35.2,19.3,0.0
2070-09-16,39.18212890625,20.2,0.0
2070-09-17,41.30224609375,21.2,0.0
2070-09-18,41.06787109375,21.2,0.0
2070-09-19,39.033447265625,22.745941360652278,0.0
2070-09-20,34.6,21.234217831408593,0.0
2070-09-21,34.2,20.2,0.0
2070-09-22,35.3,21.2,0.0
2070-09-23,35.97088063534647,21.24885860833025,0.0
2070-09-24,38.74130794737503,21.21081186340426,0.0
2070-09-25,40.921630859375,21.36578888823839,0.0
2070-09-26,41.438720703125,22.46755255581306,0.0
2070-09-27,40.19921875,23.317626953125,0.0
2070-09-28,39.889404296875,22.37236755610116,0.0
2070-09-29,39.36181640625,21.35796624796449,0.0
2070-09-30,38.35542963511062,21.2,0.0
2070-10-01,36.0,20.7,0.0
2070-10-02,36.29863882989555,21.4,0.0
2070-10-03,36.451291711517754,22.1,0.0
2070-10-04,35.4,21.9,0.0
2070-10-05,34.3,21.0,0.0
2070-10-06,34.0,21.083685683530668,0.0
2070-10-07,33.94907786149981,20.9,0.0
2070-10-08,35.5,20.4,0.0
2070-10-09,36.589754574811614,21.0,0.0
2070-10-10,37.32939409361751,21.23074703982777,0.0
2070-10-11,38.24797006170917,21.14980624327233,0.0
2070-10-12,38.7125,21.9,0.0
2070-10-13,37.0,22.94045961158951,0.0
2070-10-14,35.6,21.9,0.0
2070-10-15,35.6,21.0,0.0
2070-10-16,37.0,20.7,0.0
2070-10-17,38.0,21.80581803948081,0.0
2070-10-18,38.064745705415,22.1,0.0
2070-10-19,38.758154296875,22.1,0.0
2070-10-20,38.29287631180182,22.797865560024917,0.0
2070-10-21,38.36966257150226,22.1,0.0
2070-10-22,37.2,23.0,0.0
2070-10-23,35.6,22.114395490209493,0.0
2070-10-24,36.24472405667238,21.7,0.0
2070-10-25,37.325879719498595,22.0,0.0
2070-10-26,38.40537109375,22.988153040642924,0.0
2070-10-27,38.167413048184116,21.1,0.0
2070-10-28,38.91708984375,22.1,0.0
2070-10-29,38.519384765625,24.829052734375,0.0
2070-10-30,38.73203125,25.584423828125,0.0
2070-10-31,39.8375,25.092724609375,0.0
2070-11-01,40.07373046875,23.393443581442117,0.0
2070-11-02,34.12383203559509,22.020675037791282,0.0
2070-11-03,34.0,21.1,0.0
2070-11-04,36.0,22.44587200210157,0.0
2070-11-05,38.8071824020078,23.3,0.0
2070-11-06,39.546142578125,23.67656830606109,0.0
2070-11-07,39.62890625,24.1890625,0.0
2070-11-08,38.884920556133864,25.210302734375,0.0
2070-11-09,37.450360387585434,23.77415330191831,0.0
2070-11-10,36.0,23.3,0.0
2070-11-11,35.2,23.3,0.0
2070-11-12,34.0,21.233783569044977,1.4426877470355728
2070-11-13,33.7,20.2,18.96284584980237
2070-11-14,31.2,19.8,46.85443765720444
2070-11-15,32.8,19.5,2.1
2070-11-16,33.9,20.5,0.0
2070-11-17,32.9,20.5,0.0
2070-11-18,30.2,19.9,5.0
2070-11-19,30.6,20.0,1.0
2070-11-20,32.3,19.7,0.1
2070-11-21,32.0,20.3,0.5110671936758894
2070-11-22,33.16916649812923,22.1,0.0
2070-11-23,33.72395359923725,22.23441489524549,0.0
2070-11-24,32.28986480705057,19.5,0.8
2070-11-25,32.9,19.5,0.0
2070-11-26,34.8,19.8,0.0
2070-11-27,35.7,22.789682747403777,0.0
2070-11-28,31.5,20.3,0.0
2070-11-29,34.0,20.4,2.0
2070-11-30,30.4,19.88725391528507,1.4426877470355728
2070-12-01,30.4,20.0,0.0
2070-12-02,33.69297573900803,19.9,0.0
2070-12-03,31.6,21.03979668676464,0.0
2070-12-04,31.4,20.15775950147923,0.0
2070-12-05,32.0,19.9,0.0
2070-12-06,32.4,20.0005795066075,5.4
2070-12-07,25.7,19.9,104.50000000000037
2070-12-08,25.4,19.9,8.566666666666668
2070-12-09,24.90367026632869,19.9,2.4
2070-12-10,24.5,19.6,40.0
2070-12-11,29.0,19.5,76.47058823529443
2070-12-12,29.8,20.081572932620574,1.6
2070-12-13,29.79734637525155,19.35835187178567,0.8
2070-12-14,27.0,19.37039349360124,2.3
2070-12-15,27.2,19.5,0.0
2070-12-16,30.0,20.1,9.2
2070-12-17,30.0,19.915071560053754,6.6
2070-12-18,27.5,19.6,56.7
2070-12-19,28.3,19.4,2.1
2070-12-20,30.0,19.9,0.0
2070-12-21,30.0,20.409174386108546,0.0
2070-12-22,30.3,20.150301623609614,0.1
2070-12-23,27.9,20.190120403817144,17.0
2070-12-24,28.0,20.13336809293147,0.0
2070-12-25,27.03313435756923,19.9,0.8
2070-12-26,27.9,19.9,40.96666666666668
2070-12-27,24.53404866940025,19.2,110.7423976608188
2070-12-28,23.2,17.7,0.0
2070-12-29,24.48211038665133,17.6,0.0
2070-12-30,27.2,19.0,0.0
2070-12-31,28.2,19.5,0.0
