date,tmax_C,tmin_C,precip_mm_day
2041-01-01,30.2,18.9,0.0
2041-01-02,29.6,18.3,1.0
2041-01-03,29.6,19.6,0.6
2041-01-04,29.2,18.8,1.0
2041-01-05,29.5,18.4,0.0
2041-01-06,29.4,20.180115433201067,0.0
2041-01-07,29.7,20.833203125,0.0
2041-01-08,30.4,18.9,0.0
2041-01-09,30.9,17.4,0.0
2041-01-10,31.7,20.190201981214997,0.0
2041-01-11,30.9,19.5,1.3
2041-01-12,29.4,19.7,5.2
2041-01-13,27.6,19.3,37.5
2041-01-14,24.2,18.5,41.861538461538444
2041-01-15,23.5,18.0,10.7
2041-01-16,25.5,18.6,2.9
2041-01-17,28.6,17.1,0.0
2041-01-18,28.0,16.5,0.0
2041-01-19,29.2,16.0,0.0
2041-01-20,29.8,16.923291195842864,0.0
2041-01-21,29.4,17.9,1.1
2041-01-22,29.6,17.4,0.0
2041-01-23,29.1,17.0,0.0
2041-01-24,30.0,16.6,0.0
2041-01-25,31.6,17.6,0.0
2041-01-26,31.7,19.3,0.0
2041-01-27,31.0,19.6,0.0
2041-01-28,31.8,18.7,0.0
2041-01-29,31.7,20.708355347305737,0.0
2041-01-30,30.3,19.0,10.666666666666666
2041-01-31,29.2,19.4,19.2
2041-02-01,28.5,19.1,22.43003750426185
2041-02-02,24.9,18.3,1.2
2041-02-03,29.5,18.4,4.489021479713606
2041-02-04,31.7,17.9,1.3
2041-02-05,32.57375902220338,18.5,1.3735083532219583
2041-02-06,30.2,19.0,5.943436754176616
2041-02-07,29.985897379302216,18.4,9.334653937947499
2041-02-08,28.8,18.9,5.6
2041-02-09,25.0,19.0,22.486038186157522
2041-02-10,25.0,18.9,29.2
2041-02-11,24.9,18.8,15.6
2041-02-12,27.6,18.8,9.9
2041-02-13,28.4,18.4,22.538305489260146
2041-02-14,29.5,17.8,0.0
2041-02-15,30.2,18.6,1.9
2041-02-16,30.4,19.2,0.4
2041-02-17,26.3,18.6,4.8
2041-02-18,28.9,18.9,4.0
2041-02-19,29.1,18.8,9.3
2041-02-20,29.5,19.0,17.228400954653942
2041-02-21,27.6,18.8,28.191885441527447
2041-02-22,23.5,17.9,2.4737470167064455
2041-02-23,24.0,18.0,0.5
2041-02-24,25.745068619104376,17.2,0.0
2041-02-25,26.5,16.3,0.0
2041-02-26,20.795290862023748,16.4,82.64158897673035
2041-02-27,24.9,16.9,4.0
2041-02-28,29.676454761089936,16.2,0.0
2041-03-01,31.8,17.0,0.3
2041-03-02,32.43544303797468,17.8,0.0
2041-03-03,31.8,18.5,3.9068750000000003
2041-03-04,30.7,18.5,3.4
2041-03-05,28.8,18.9,16.158750000000005
2041-03-06,28.2,18.8,19.2375
2041-03-07,28.2,18.0,0.3
2041-03-08,28.1,17.4,0.0
2041-03-09,26.9,18.0,5.135937499999999
2041-03-10,28.0,16.8,0.0
2041-03-11,29.6,15.6,0.0
2041-03-12,30.0,16.2,0.0
2041-03-13,29.7,16.9,0.0
2041-03-14,31.538888888888884,17.5,0.7
2041-03-15,25.07029702970297,17.7,19.132421875000006
2041-03-16,30.0,19.3,19.39667968750002
2041-03-17,28.0,18.9,31.977586206896593
2041-03-18,25.9,18.5,1.5
2041-03-19,28.8,16.0,0.0
2041-03-20,29.9,15.6,0.0
2041-03-21,30.6,16.8,0.0
2041-03-22,29.2,17.3,0.0
2041-03-23,26.5,17.4,0.7
2041-03-24,24.8,17.9,0.9
2041-03-25,26.7,17.2,0.0
2041-03-26,27.6,15.7,0.0
2041-03-27,28.8,15.0,0.0
2041-03-28,29.2,14.6,0.0
2041-03-29,29.2,15.4,0.0
2041-03-30,29.1,15.5,0.0
2041-03-31,28.5,16.0,0.0
2041-04-01,25.2,16.3,1.6
2041-04-02,27.0,14.9,0.0
2041-04-03,26.74186046511628,14.4,0.0
2041-04-04,28.6,13.045300751879704,0.0
2041-04-05,29.6,13.6,0.0
2041-04-06,28.5,13.2,0.0
2041-04-07,28.4,13.8,0.0
2041-04-08,29.2,13.3,0.0
2041-04-09,29.5,14.1,0.0
2041-04-10,29.6,13.641797432239665,0.0
2041-04-11,30.9,15.0,0.0
2041-04-12,30.4,19.366795366795362,0.0
2041-04-13,29.5,18.8,0.0
2041-04-14,26.8,18.984909090909092,0.0
2041-04-15,27.3,19.0,2.8
2041-04-16,28.6,17.0,0.0
2041-04-17,27.6,15.4,0.0
2041-04-18,29.2,14.5,0.0
2041-04-19,30.7,13.8,0.0
2041-04-20,30.90058479532163,15.7,0.0
2041-04-21,29.6,19.4,0.0
2041-04-22,25.0,17.6,0.9
2041-04-23,24.805263157894736,18.2,0.0
2041-04-24,24.0,17.8,1.2
2041-04-25,28.1,16.0,0.0
2041-04-26,26.9,16.3,0.0
2041-04-27,23.7,16.9,0.0
2041-04-28,26.8,14.9,0.0
2041-04-29,27.7,13.036278195488727,0.0
2041-04-30,27.5,14.0,0.0
2041-05-01,27.2,12.3,0.0
2041-05-02,26.389946178686753,11.5,0.0
2041-05-03,27.0,10.589385386857094,0.0
2041-05-04,27.5,11.7,0.0
2041-05-05,27.0,17.0,0.0
2041-05-06,27.2,14.1,0.0
2041-05-07,22.7,16.7,1.4
2041-05-08,24.4,15.9,0.0
2041-05-09,26.613469874610875,15.0,0.0
2041-05-10,26.5,12.9,0.0
2041-05-11,28.0,12.1,0.0
2041-05-12,29.2,11.9,0.0
2041-05-13,27.5,17.8,0.0
2041-05-14,22.6,17.8,17.218181818181822
2041-05-15,23.3,17.336425882637663,0.0
2041-05-16,25.933538366907577,13.9,0.0
2041-05-17,27.2,11.9,0.0
2041-05-18,26.0,11.2,0.0
2041-05-19,26.2,12.5,0.0
2041-05-20,25.9,11.5,0.0
2041-05-21,23.1,10.0,0.0
2041-05-22,24.6,12.5,0.0
2041-05-23,25.683166920307333,11.0,0.0
2041-05-24,26.7,8.7,0.0
2041-05-25,28.1,10.2,0.0
2041-05-26,23.9,15.3,0.0
2041-05-27,23.5,13.5,0.0
2041-05-28,24.5,11.323654088145663,0.0
2041-05-29,26.2,8.9,0.0
2041-05-30,29.0,8.4,0.0
2041-05-31,30.5,9.437671446925235,0.0
2041-06-01,28.2,13.2,0.0
2041-06-02,28.0,12.1,0.0
2041-06-03,29.38908065699478,12.3,0.0
2041-06-04,27.7,13.547365809505118,0.0
2041-06-05,24.335754703293514,11.5,0.0
2041-06-06,22.3,11.2,0.0
2041-06-07,21.4,11.5,0.0
2041-06-08,22.0,8.2,0.0
2041-06-09,23.2,7.9,0.0
2041-06-10,27.12376302887982,9.3,0.0
2041-06-11,29.137733682586397,11.9,0.0
2041-06-12,26.9,16.4,0.0
2041-06-13,24.2,13.2,0.0
2041-06-14,23.8,11.9,0.0
2041-06-15,24.8,11.2,0.0
2041-06-16,25.3,11.1,0.0
2041-06-17,27.670203518312533,10.5,0.0
2041-06-18,28.2,10.0,0.0
2041-06-19,25.7,11.5,0.0
2041-06-20,24.1,10.2,0.0
2041-06-21,24.4,9.0,0.0
2041-06-22,24.8,7.544842417500927,0.0
2041-06-23,25.0,6.4,0.0
2041-06-24,25.0,6.9809687531600755,0.0
2041-06-25,25.6,8.6,0.0
2041-06-26,26.7,10.2,0.0
2041-06-27,27.217407633332137,9.6,0.0
2041-06-28,23.8,12.1,0.0
2041-06-29,20.39948132131832,10.8,0.0
2041-06-30,23.0,9.0,0.0
2041-07-01,21.0,6.912137782561895,0.0
2041-07-02,21.6,8.046585336682211,0.0
2041-07-03,22.3,7.9,0.0
2041-07-04,23.9,8.468568353067814,0.0
2041-07-05,24.9,9.362330554085862,0.0
2041-07-06,25.4,10.4,0.0
2041-07-07,25.7,10.5,0.0
2041-07-08,23.9,11.0,0.0
2041-07-09,22.17005396876889,9.5,0.0
2041-07-10,23.0,7.4,0.0
2041-07-11,26.0,6.3,0.0
2041-07-12,27.2,6.998527448869751,0.0
2041-07-13,26.0,9.4,0.0
2041-07-14,24.4,10.6,0.0
2041-07-15,24.7,8.5,0.0
2041-07-16,26.0,9.2,0.0
2041-07-17,27.1,9.9,0.0
2041-07-18,27.3,10.4,0.0
2041-07-19,25.4,11.979803772785823,0.0
2041-07-20,23.6,11.2,0.0
2041-07-21,25.2,7.9,0.0
2041-07-22,26.3,9.0,0.0
2041-07-23,23.6,11.7,0.0
2041-07-24,22.7,8.9,0.0
2041-07-25,24.4,8.1,0.0
2041-07-26,25.9,8.3,0.0
2041-07-27,24.9,11.0,0.0
2041-07-28,25.7,10.4,0.0
2041-07-29,25.9,11.0,0.0
2041-07-30,26.0,10.49860064585576,0.0
2041-07-31,27.0,11.2,0.0
2041-08-01,27.0,10.4,0.0
2041-08-02,27.1,9.3,0.0
2041-08-03,27.2,9.2,0.0
2041-08-04,29.5,10.1,0.0
2041-08-05,31.5,11.8,0.0
2041-08-06,31.410417633639796,10.9,0.0
2041-08-07,29.2,13.4,0.0
2041-08-08,28.2,14.5,0.0
2041-08-09,26.4,14.5,0.0
2041-08-10,26.0,13.4,0.0
2041-08-11,27.1,13.339052744886974,0.0
2041-08-12,27.7,13.9,0.0
2041-08-13,27.7,13.1,0.0
2041-08-14,28.0,12.9,0.0
2041-08-15,28.8,12.7,0.0
2041-08-16,27.0,14.5,0.0
2041-08-17,26.0,13.2,0.0
2041-08-18,27.32833692142088,12.4,0.0
2041-08-19,27.0,13.1,0.0
2041-08-20,28.6,12.7,0.0
2041-08-21,30.8,14.1,0.0
2041-08-22,31.5,15.886930700419427,0.0
2041-08-23,36.41160752529965,16.4,0.0
2041-08-24,37.6328125,16.7,0.0
2041-08-25,29.8,17.564805166846067,0.0
2041-08-26,31.2,15.589135071562406,0.0
2041-08-27,36.05182437490915,16.0,0.0
2041-08-28,34.290886534697016,16.9,0.0
2041-08-29,30.5,17.421789336821096,0.0
2041-08-30,31.1,16.055321420882663,0.0
2041-08-31,34.918862712817635,16.7,0.0
2041-09-01,33.4,17.8,0.0
2041-09-02,32.3,18.6,0.0
2041-09-03,33.9,17.7,0.0
2041-09-04,36.0,18.5,0.0
2041-09-05,31.1,19.3,0.0
2041-09-06,29.2,16.5,0.0
2041-09-07,30.4,14.6,0.0
2041-09-08,31.6,16.5,0.0
2041-09-09,31.5,17.6,0.0
2041-09-10,32.7,17.6,0.0
2041-09-11,36.0,18.25666920359854,0.0
2041-09-12,35.499338771474484,19.7,0.0
2041-09-13,34.0,19.5,0.0
2041-09-14,35.10772806286664,18.8,0.0
2041-09-15,35.50767144269648,19.4,0.0
2041-09-16,35.56948570306878,19.4,0.0
2041-09-17,36.101118639526476,19.372006299628854,0.0
2041-09-18,36.22528701332242,19.5,0.0
2041-09-19,39.201416015625,19.5,0.0
2041-09-20,39.57470703125,20.2,0.0
2041-09-21,40.165771484375,20.19554859267907,0.0
2041-09-22,40.326171875,21.46181989213848,0.0
2041-09-23,35.42951595462245,21.2,0.0
2041-09-24,34.6,19.5,0.0
2041-09-25,34.6,18.2,0.0
2041-09-26,33.9,18.9,0.0
2041-09-27,34.6,18.94337241744015,0.0
2041-09-28,35.6,18.9,0.0
2041-09-29,36.05905385545984,19.4,0.0
2041-09-30,35.55451957201124,19.9,0.0
2041-10-01,39.557958984375,19.6,0.0
2041-10-02,39.0943359375,19.7,0.0
2041-10-03,32.7,20.2,0.0
2041-10-04,33.6,18.7,0.0
2041-10-05,36.3,19.4,0.0
2041-10-06,38.0,20.0,0.0
2041-10-07,38.514013671875,20.1,0.0
2041-10-08,39.13779296875,20.1,0.0
2041-10-09,38.12526250483856,21.812498254748196,0.0
2041-10-10,34.8,21.9,0.0
2041-10-11,31.6,20.1,0.0
2041-10-12,31.7,18.9,0.0
2041-10-13,32.4,19.2,0.0
2041-10-14,34.5,21.4,0.0
2041-10-15,36.50882059192346,23.0,0.0
2041-10-16,38.713232421875,23.703813847703035,0.0
2041-10-17,38.17785616187749,23.46871834902795,0.0
2041-10-18,36.4,22.2,0.0
2041-10-19,36.53335478787742,21.7,0.0
2041-10-20,38.0,21.6,0.0
2041-10-21,38.101724084905065,23.745688547033552,0.0
2041-10-22,36.5,22.29801448282609,0.0
2041-10-23,36.6,20.4,11.181081081081087
2041-10-24,33.9,19.0,3.3864864864864845
2041-10-25,33.2,18.0,0.0
2041-10-26,30.6,18.3,0.0
2041-10-27,29.5,16.1,0.0
2041-10-28,33.0,18.0,0.0
2041-10-29,34.6,20.4,0.0
2041-10-30,34.6,22.280197671004977,0.0
2041-10-31,35.8,21.6,0.0
2041-11-01,36.4,20.9,0.0
2041-11-02,35.97659499900955,20.4,0.0
2041-11-03,35.0,22.49950051876238,0.0
2041-11-04,32.2,20.4,0.0
2041-11-05,31.942950949083208,19.9,0.0
2041-11-06,32.8,19.6,0.0
2041-11-07,35.2,19.6,0.0
2041-11-08,36.2,20.4,0.0
2041-11-09,33.5,21.054777757706944,0.0
2041-11-10,34.4,19.9,0.0
2041-11-11,37.86741147121396,19.2,0.0
2041-11-12,37.45495105450944,21.305661204757435,0.0
2041-11-13,38.168746260385554,21.69088353378754,0.0
2041-11-14,40.276611328125,21.3,0.0
2041-11-15,39.15684308508119,21.856598998887662,0.0
2041-11-16,37.10349276974416,21.7,0.0
2041-11-17,37.348949478749,21.7,0.0
2041-11-18,36.5,22.3,0.0
2041-11-19,33.7,20.0,5.8
2041-11-20,29.2,19.210219528722853,40.93964264082374
2041-11-21,28.3,19.0,30.958661417322777
2041-11-22,26.0,18.7,19.76578382247674
2041-11-23,23.43743733286595,18.2,0.0
2041-11-24,24.58752048501728,17.8,0.0
2041-11-25,24.00467453797392,17.7,13.420866141732285
2041-11-26,26.5,18.5,35.02727784026997
2041-11-27,28.0,19.0,10.005511811023622
2041-11-28,24.97811784530043,18.4,0.1
2041-11-29,25.8,18.5,1.0
2041-11-30,28.7,18.8,0.0
2041-12-01,30.5,19.0,10.6
2041-12-02,28.0,19.4,30.216063829787235
2041-12-03,25.5,19.420368376988403,20.459361702127662
2041-12-04,25.0,19.0,1.0
2041-12-05,24.0,19.0,5.6
2041-12-06,24.6,19.4,114.9
2041-12-07,26.9,19.152621866830685,52.36382978723404
2041-12-08,29.5,19.4,56.29063829787234
2041-12-09,25.3,18.7,14.52485106382979
2041-12-10,26.55903730051013,18.8,52.905288753799404
2041-12-11,25.5,18.4,0.0
2041-12-12,28.0,17.5,3.2357446808510657
2041-12-13,29.4,18.7,7.6
2041-12-14,30.03027402737197,19.5,29.28808510638298
2041-12-15,25.0,18.9,0.0
2041-12-16,28.2,19.695736312999387,27.772765957446808
2041-12-17,29.5,19.6,11.0
2041-12-18,29.9,19.4,7.957872340425536
2041-12-19,28.1,19.8,35.167287234042554
2041-12-20,27.71733046286329,19.6,8.9
2041-12-21,27.0,19.5,30.310992907801417
2041-12-22,29.0,19.9,5.8
2041-12-23,27.0,19.9,45.09148936170209
2041-12-24,26.77998980227749,19.8,2.4
2041-12-25,26.8,19.4,55.517792553191455
2041-12-26,24.1,18.1,114.9
2041-12-27,24.2,17.9,26.67268085106384
2041-12-28,25.0,17.9,0.8
2041-12-29,26.2,18.428975277488565,1.6
2041-12-30,27.59921382438874,19.0,0.0
2041-12-31,27.0,17.1,0.0
2042-01-01,27.7,16.4,0.0
2042-01-02,28.5,17.2,0.0
2042-01-03,29.9,16.8,0.0
2042-01-04,29.7,16.6,0.0
2042-01-05,29.3,17.2,0.0
2042-01-06,29.1,17.0,0.9
2042-01-07,29.0,17.5,0.0
2042-01-08,29.7,16.7,0.0
2042-01-09,31.044940311678733,16.8,0.0
2042-01-10,30.4,17.8,0.0
2042-01-11,31.2,19.034711311636848,16.8
2042-01-12,29.4,19.634332925825806,40.7076923076923
2042-01-13,28.2,19.5,0.5
2042-01-14,29.2,18.4,3.0
2042-01-15,30.8,17.6,0.0
2042-01-16,30.0,18.4,0.0
2042-01-17,28.7,19.3,0.0
2042-01-18,28.9,17.5,0.0
2042-01-19,28.5,17.2,0.0
2042-01-20,30.2,17.8,0.0
2042-01-21,31.152614449439614,19.5,0.0
2042-01-22,30.8,18.5,0.0
2042-01-23,31.562637263536402,19.8,0.0
2042-01-24,29.7,19.656353106406307,0.8
2042-01-25,30.433834034641347,19.6,19.120000000000005
2042-01-26,30.0,18.9,0.0
2042-01-27,30.0,18.9,0.0
2042-01-28,31.5,17.7,0.0
2042-01-29,32.6,19.453045534710046,0.0
2042-01-30,30.82950990526022,21.68934326171875,18.0
2042-01-31,29.1,19.665026262871276,41.4
2042-02-01,25.1,19.0,9.2
2042-02-02,26.9,18.8,12.390214797136041
2042-02-03,27.0,18.652670447020867,26.327565632458263
2042-02-04,25.2,18.739389526221693,9.6
2042-02-05,27.0,18.5,0.0
2042-02-06,27.7,18.9,0.0
2042-02-07,27.9,18.581979560266703,0.0
2042-02-08,29.3,17.9,0.0
2042-02-09,29.5,17.2,0.0
2042-02-10,30.0,17.6,0.4
2042-02-11,26.0,18.2,12.390214797136041
2042-02-12,28.6,17.5,5.793317422434371
2042-02-13,29.2,17.8,0.0
2042-02-14,31.6,16.9,0.0
2042-02-15,31.8,18.9,0.0
2042-02-16,30.040954620364005,19.0,0.0
2042-02-17,28.5,18.9,0.0
2042-02-18,30.0,17.9,0.0
2042-02-19,31.07504818168133,19.1,0.0
2042-02-20,29.9,18.9,0.0
2042-02-21,30.0,19.2,0.0
2042-02-22,31.7,19.0,0.0
2042-02-23,32.1,19.897971265114585,0.0
2042-02-24,29.6,19.5,43.40930787589499
2042-02-25,29.2,19.2,2.8
2042-02-26,29.337772239679268,19.0,32.500715990453465
2042-02-27,29.0,19.09715162122789,26.606861575179
2042-02-28,28.0,19.2,34.4565632458234
2042-03-01,29.1,18.891065662002145,19.0
2042-03-02,28.0,19.03463724707045,45.89476102941182
2042-03-03,29.0,18.7,7.20401785714286
2042-03-04,28.1,18.7,3.5875000000000004
2042-03-05,28.9,19.0,5.581250000000001
2042-03-06,27.0,18.9,16.2090625
2042-03-07,28.0,19.0,39.872687500000005
2042-03-08,26.2,18.9,15.71046195652175
2042-03-09,24.3,18.8,28.514062500000023
2042-03-10,25.3,18.8,10.559375000000001
2042-03-11,27.2,18.5,1.0
2042-03-12,28.8,18.1,9.389062500000001
2042-03-13,29.0,18.5,9.389062500000001
2042-03-14,26.7,18.9,3.4
2042-03-15,26.5,18.2,0.0
2042-03-16,28.0,17.2,0.0
2042-03-17,28.6,16.3,0.0
2042-03-18,28.7,15.9,0.0
2042-03-19,29.2,14.9,0.0
2042-03-20,28.893554687499993,14.9,0.0
2042-03-21,28.3,14.7,15.660869565217402
2042-03-22,27.3,16.0,0.6390625000000001
2042-03-23,27.4,15.6,0.0
2042-03-24,27.8,15.7,0.0
2042-03-25,28.8,15.5,0.0
2042-03-26,25.7,17.4,7.20401785714286
2042-03-27,27.0,18.3,3.0
2042-03-28,26.052777777777777,18.6,0.0
2042-03-29,26.7,16.0,0.0
2042-03-30,27.0,14.5,0.0
2042-03-31,28.2,12.908771147572486,0.8515625000000002
2042-04-01,25.5,17.8,17.34615384615385
2042-04-02,24.7,18.606656101426307,27.836363636363636
2042-04-03,27.226256983240223,18.2,0.0
2042-04-04,27.0,16.0,0.0
2042-04-05,28.0,14.0,0.0
2042-04-06,27.2,13.8,0.0
2042-04-07,26.0,15.1,0.0
2042-04-08,26.7,15.743999999999998,0.0
2042-04-09,27.5,13.9,0.0
2042-04-10,28.7,11.5,0.0
2042-04-11,28.9,11.4,0.0
2042-04-12,27.0,13.8,0.0
2042-04-13,25.7,14.4,0.0
2042-04-14,21.598245614035086,16.9,1.0
2042-04-15,24.2,17.8,1.6666666666666667
2042-04-16,26.8,17.570114942528736,0.0
2042-04-17,23.834246575342465,18.1,0.4
2042-04-18,25.2,15.1,0.0
2042-04-19,26.1,14.686184210526335,0.0
2042-04-20,27.0,16.6,0.0
2042-04-21,27.6,15.992561983471077,0.0
2042-04-22,26.2,15.4,0.0
2042-04-23,26.9,18.4,0.0
2042-04-24,27.1,18.6,0.0
2042-04-25,26.3,18.4,0.0
2042-04-26,25.485714285714284,16.8,0.0
2042-04-27,27.4,16.0,0.0
2042-04-28,26.6,18.2,0.78
2042-04-29,21.475933609958506,17.0,0.7
2042-04-30,23.076237623762378,14.9,0.0
2042-05-01,25.7,12.5,0.0
2042-05-02,24.5,15.3,0.0
2042-05-03,22.123522188025895,15.9,0.0
2042-05-04,24.6,16.694144241119474,0.0
2042-05-05,27.0,17.2,0.0
2042-05-06,26.0,13.7,0.0
2042-05-07,25.7,12.0,0.0
2042-05-08,25.5,12.45573079983151,0.0
2042-05-09,26.4,12.1,0.0
2042-05-10,27.5,13.5,0.0
2042-05-11,27.9,14.3,0.0
2042-05-12,26.3,14.9,0.0
2042-05-13,29.8,19.8291015625,0.0
2042-05-14,27.0,15.3,0.0
2042-05-15,26.7,11.4,0.0
2042-05-16,27.2,9.2,0.0
2042-05-17,25.7,11.3,0.0
2042-05-18,25.4,9.6,0.0
2042-05-19,25.970690450561275,9.6,0.0
2042-05-20,23.2,16.9,0.0
2042-05-21,26.7,12.9,0.0
2042-05-22,27.0,14.3,0.0
2042-05-23,24.6,11.9,0.0
2042-05-24,24.6,9.6,0.0
2042-05-25,24.8,7.9,0.0
2042-05-26,26.4,9.6,0.0
2042-05-27,27.2,11.2,0.0
2042-05-28,27.8,11.9,0.0
2042-05-29,28.3,10.6,0.0
2042-05-30,26.3,11.4,0.0
2042-05-31,26.7,9.9,0.0
2042-06-01,25.7,7.6,0.0
2042-06-02,24.2,11.5,0.0
2042-06-03,18.96822171891124,10.6,0.0
2042-06-04,22.7,8.6,0.0
2042-06-05,22.6,7.0,0.0
2042-06-06,24.2,5.2,0.0
2042-06-07,27.0,8.3,0.0
2042-06-08,27.2,8.0,0.0
2042-06-09,24.968389119223374,10.9,0.0
2042-06-10,22.1,9.320053145470279,0.0
2042-06-11,22.52721779755284,8.0,0.0
2042-06-12,23.1,5.6,0.0
2042-06-13,26.3,7.0,0.0
2042-06-14,28.2,7.9,0.0
2042-06-15,28.739134391748415,8.0,0.0
2042-06-16,27.9,10.2,0.0
2042-06-17,22.0,11.9,0.0
2042-06-18,22.7,9.0,0.0
2042-06-19,23.1,5.5,0.0
2042-06-20,26.3,5.6059159463339165,0.0
2042-06-21,27.6,8.054035038932145,0.0
2042-06-22,28.0,12.086361493938654,0.0
2042-06-23,27.6,12.9,0.0
2042-06-24,27.5,12.9,0.0
2042-06-25,27.04570035081716,11.5,0.0
2042-06-26,26.2,10.2,0.0
2042-06-27,23.1,10.9,0.0
2042-06-28,23.0,9.0,0.0
2042-06-29,22.7,10.0,0.0
2042-06-30,23.8,9.0,0.0
2042-07-01,22.0,10.0,0.0
2042-07-02,21.3,8.3,0.0
2042-07-03,22.2,4.6,0.0
2042-07-04,21.2,4.9,0.0
2042-07-05,20.0,8.4,0.0
2042-07-06,20.1,6.0,0.0
2042-07-07,19.0,4.420340469640792,0.0
2042-07-08,20.214867703739714,3.11964281244077,0.0
2042-07-09,22.145124378843057,3.9,0.0
2042-07-10,25.2,5.0,0.0
2042-07-11,27.6,4.9,0.0
2042-07-12,26.0,8.4,0.0
2042-07-13,23.7,10.4,0.0
2042-07-14,23.1,9.3,0.0
2042-07-15,24.0,6.0,0.0
2042-07-16,22.455096243968118,7.8,0.0
2042-07-17,22.1,6.7,0.0
2042-07-18,25.7,8.08658055256548,0.0
2042-07-19,28.2,10.4,0.0
2042-07-20,27.7,12.9,0.0
2042-07-21,23.0,13.4,0.0
2042-07-22,22.3,10.4,0.0
2042-07-23,22.7,9.5,0.0
2042-07-24,24.2,10.2,0.0
2042-07-25,26.0,10.5,0.0
2042-07-26,26.9,11.3,0.0
2042-07-27,24.4,14.0,0.0
2042-07-28,16.0,12.0,0.0
2042-07-29,22.1,10.7,0.0
2042-07-30,22.370148190713593,9.6,0.0
2042-07-31,23.0,9.6,0.0
2042-08-01,26.6,10.0,0.0
2042-08-02,29.35248305355947,12.4,0.0
2042-08-03,30.0,14.25726075144804,0.0
2042-08-04,28.6,15.0,0.0
2042-08-05,29.37075029819917,14.2,0.0
2042-08-06,30.145479009687836,14.4,0.0
2042-08-07,26.1,15.2,0.0
2042-08-08,24.1,12.6,0.0
2042-08-09,25.2,12.334275495676929,0.0
2042-08-10,27.0,13.0,0.0
2042-08-11,29.0,13.4,0.0
2042-08-12,31.2,14.2,0.0
2042-08-13,29.751497498891904,15.8,0.0
2042-08-14,27.7,15.6,0.0
2042-08-15,28.3,13.5,0.0
2042-08-16,28.3,13.8,0.0
2042-08-17,25.5,14.5,0.0
2042-08-18,24.109390137244347,13.0,0.0
2042-08-19,24.0,10.9,0.0
2042-08-20,24.4,11.0,0.0
2042-08-21,26.5,12.1,0.0
2042-08-22,29.1,13.7,0.0
2042-08-23,31.905909153886324,15.2,0.0
2042-08-24,30.8,16.9,0.0
2042-08-25,27.8,16.0,0.0
2042-08-26,27.7,14.2,0.0
2042-08-27,30.9,14.4,0.0
2042-08-28,32.9,15.746840394877132,0.0
2042-08-29,34.863958641393445,16.7,0.0
2042-08-30,35.63519936233837,16.9,0.0
2042-08-31,32.1,17.324473214680694,0.0
2042-09-01,31.0,16.9,0.0
2042-09-02,33.337607781950105,15.8,0.0
2042-09-03,30.3,18.2,0.0
2042-09-04,29.2,15.0,0.0
2042-09-05,31.4,15.668157211716728,0.0
2042-09-06,33.0,18.6,0.0
2042-09-07,32.29795895514032,20.15911449169743,0.0
2042-09-08,29.9,18.824864104770498,0.0
2042-09-09,30.0,17.0,0.0
2042-09-10,30.5,17.1,0.0
2042-09-11,32.5,17.2,0.0
2042-09-12,35.04736332550572,18.0,0.0
2042-09-13,35.3,19.930312198739347,0.0
2042-09-14,29.2,17.6,0.0
2042-09-15,28.7,14.5,0.0
2042-09-16,29.9,14.7,0.0
2042-09-17,31.2,14.0,0.0
2042-09-18,31.7,14.9,0.0
2042-09-19,32.6,15.9,0.0
2042-09-20,32.9,17.0,0.0
2042-09-21,33.2,17.1,0.0
2042-09-22,35.15421449664885,17.3,0.0
2042-09-23,35.2,19.3,0.0
2042-09-24,36.24531625745121,19.2,0.0
2042-09-25,41.58447265625,19.4,0.0
2042-09-26,39.203369140625,22.452552429786373,0.0
2042-09-27,33.391473747863024,19.3,0.0
2042-09-28,27.1,16.9,0.0
2042-09-29,28.0,14.285710132470422,0.0
2042-09-30,29.8,14.4,0.0
2042-10-01,31.7,14.2,0.0
2042-10-02,33.9,14.3,0.0
2042-10-03,35.6,16.5,0.0
2042-10-04,32.1,19.7,0.0
2042-10-05,30.7,16.9,0.0
2042-10-06,33.9,17.4,0.0
2042-10-07,36.86339319125737,18.9,0.0
2042-10-08,38.688330078125,20.1,0.0
2042-10-09,39.542333984375,21.4,0.0
2042-10-10,40.080908203125,21.4,0.0
2042-10-11,40.026220703125,21.4,0.0
2042-10-12,38.442236328125,22.0,0.0
2042-10-13,33.988482238966625,20.7,0.0
2042-10-14,33.4,20.0,0.0
2042-10-15,33.8,19.9,0.0
2042-10-16,35.1,20.0,0.0
2042-10-17,36.0,19.34876210979547,0.0
2042-10-18,35.5,19.3,0.0
2042-10-19,36.6,20.0,0.0
2042-10-20,38.0,20.7,0.0
2042-10-21,36.3,21.4,0.0
2042-10-22,34.3,20.7,0.0
2042-10-23,35.5,20.52780993871998,0.0
2042-10-24,37.69534249739136,20.6,0.0
2042-10-25,38.9927734375,20.7,0.0
2042-10-26,40.043310546875,22.665578323760727,0.0
2042-10-27,39.33701171875,23.148933279217896,0.0
2042-10-28,38.9654296875,23.0,0.0
2042-10-29,38.501318359375,22.0,0.0
2042-10-30,37.37010226049513,21.5,0.0
2042-10-31,38.34998085764129,21.0,0.0
2042-11-01,40.867431640625,20.5,0.0
2042-11-02,40.571044921875,21.7,0.0
2042-11-03,40.426025390625,21.494305360934952,0.0
2042-11-04,41.69677734375,21.334248676795955,0.0
2042-11-05,40.302978515625,23.017899659143747,0.0
2042-11-06,39.870849609375,19.9,1.2169291338582675
2042-11-07,34.63674580952016,19.3,0.0
2042-11-08,32.8,19.200565123444953,0.0
2042-11-09,34.0,19.5,0.0
2042-11-10,37.2,20.0,0.0
2042-11-11,39.955810546875,22.3,0.0
2042-11-12,36.389850730202006,20.48959779872373,0.0
2042-11-13,30.720775940037218,19.5,2.4326771653543298
2042-11-14,32.5,19.6,4.5
2042-11-15,31.623214199351935,18.7,20.8
2042-11-16,29.8,18.2,10.568897637795276
2042-11-17,28.6,19.0,0.0
2042-11-18,30.2,19.0,0.0
2042-11-19,30.5,18.7,1.624409448818898
2042-11-20,29.0,19.2,63.986220472440955
2042-11-21,29.6,18.7,0.0
2042-11-22,31.1,18.8,0.0
2042-11-23,31.0,19.7,0.0
2042-11-24,31.3,19.2,0.0
2042-11-25,27.5,17.5,0.0
2042-11-26,30.6,16.5,0.0
2042-11-27,31.0,19.0,0.0
2042-11-28,31.7,18.2,0.0
2042-11-29,32.0,18.558504047707327,0.0
2042-11-30,30.6,19.0,0.1
2042-12-01,29.7,19.5,4.4
2042-12-02,31.4,19.2,0.0
2042-12-03,32.4,18.4,0.0
2042-12-04,32.0,20.0,0.6
2042-12-05,30.563184407542234,19.6,7.857446808510642
2042-12-06,28.7,19.5,0.0
2042-12-07,30.8,19.6,0.0
2042-12-08,32.1,20.11601009431519,0.0
2042-12-09,32.11531989307144,20.62864631202726,0.0
2042-12-10,32.93768958315875,21.0,0.0
2042-12-11,33.7,21.0,0.0
2042-12-12,31.6,20.995014482608124,0.0
2042-12-13,28.4,19.9,8.8
2042-12-14,28.9,19.4,6.2
2042-12-15,30.1,19.9,10.6
2042-12-16,30.5,19.8,16.54234042553192
2042-12-17,29.9,19.5,5.8
2042-12-18,31.6,19.6,1.4
2042-12-19,30.6,19.8,6.4
2042-12-20,29.9,19.4,0.0
2042-12-21,30.3,18.9,0.0
2042-12-22,30.6,19.4,10.239414893617022
2042-12-23,29.9,19.0,18.5
2042-12-24,30.4,19.6,2.0
2042-12-25,29.8056274563797,19.6,1.4872340425531907
2042-12-26,30.7,20.05561519153796,2.3
2042-12-27,31.906950242950415,20.17286730302789,0.0
2042-12-28,30.5,20.498206760822587,25.16723404255319
2042-12-29,31.8,20.2,0.0
2042-12-30,32.65680839612485,19.5,0.0
2042-12-31,32.76359505671937,17.95920344456404,0.0
2043-01-01,31.2,17.0,0.0
2043-01-02,31.7,17.1,0.0
2043-01-03,32.6,17.3,0.0
2043-01-04,30.43493247871611,19.8,40.7076923076923
2043-01-05,30.8,19.824993739153346,3.8
2043-01-06,28.3,19.5,0.0
2043-01-07,28.6,19.0,5.4
2043-01-08,26.6,19.4,7.2
2043-01-09,29.0,19.5,3.0
2043-01-10,28.5,19.286095939259408,27.150000000000006
2043-01-11,28.7,18.8,0.8
2043-01-12,30.2,17.5,1.0
2043-01-13,29.9,19.1,0.0
2043-01-14,27.7,19.5,0.6
2043-01-15,29.5,17.5,0.8
2043-01-16,30.1,16.2,0.0
2043-01-17,31.7,17.0,0.0
2043-01-18,32.6,16.9,0.0
2043-01-19,32.6,19.2,0.0
2043-01-20,34.6128785520928,21.711102294921876,1.0
2043-01-21,30.9,19.8,3.0
2043-01-22,29.5,19.964870667733795,9.8
2043-01-23,27.7,19.6,7.0
2043-01-24,24.0,19.549355151053486,14.066666666666666
2043-01-25,29.1,19.5,13.5
2043-01-26,29.5,19.1,1.7
2043-01-27,30.0,19.1,0.5
2043-01-28,30.4,18.7,1.0
2043-01-29,30.317390893811496,18.8,0.0
2043-01-30,28.7,19.0,0.6
2043-01-31,30.2,18.0,0.0
2043-02-01,29.4,18.3,0.0
2043-02-02,30.0,17.0,0.0
2043-02-03,32.0,17.5,0.0
2043-02-04,32.9,18.6,0.0
2043-02-05,29.668732224831537,19.2,0.4
2043-02-06,31.4,19.441765993907374,15.2
2043-02-07,28.2,18.9,6.4
2043-02-08,29.853446220870484,18.7,6.4
2043-02-09,29.8,18.9,17.0
2043-02-10,29.6,19.0,4.1
2043-02-11,27.4,19.0,28.27588094903833
2043-02-12,24.851739439417592,19.0,22.512171837708834
2043-02-13,25.7,18.1,0.0
2043-02-14,26.5,17.9,0.0
2043-02-15,26.4,17.2,0.0
2043-02-16,27.9,18.0,0.0
2043-02-17,27.4,17.2,0.0
2043-02-18,30.0,16.9,0.0
2043-02-19,31.6,16.5,0.0
2043-02-20,32.1,17.5,0.0
2043-02-21,31.6,19.63625690464193,2.0
2043-02-22,30.6,19.0,10.74606205250598
2043-02-23,28.4,19.082366037074014,2.303341288782817
2043-02-24,25.0,19.0,2.3
2043-02-25,26.7,16.7,0.0
2043-02-26,29.54033606029835,14.649580781718795,0.0
2043-02-27,30.6,14.4,0.0
2043-02-28,30.9,15.5,0.0
2043-03-01,32.4,17.3,0.0
2043-03-02,32.47151898734177,18.7,0.0
2043-03-03,29.9,19.9,1.5
2043-03-04,29.0,19.4,0.0
2043-03-05,29.9,17.9,0.0
2043-03-06,31.2,16.4,0.0
2043-03-07,31.7,16.2,0.0
2043-03-08,30.5,18.4,0.0
2043-03-09,30.7,18.0,0.0
2043-03-10,31.6,19.0,0.0
2043-03-11,32.66337209302326,19.9,0.0
2043-03-12,31.1,20.3,0.0
2043-03-13,31.6,18.6,5.9
2043-03-14,27.9,18.6,9.389062500000001
2043-03-15,29.0,17.7,0.0
2043-03-16,29.7,17.3,0.0
2043-03-17,30.8,15.6,0.0
2043-03-18,31.8,15.4,0.0
2043-03-19,32.0,17.0,0.0
2043-03-20,31.8,17.8,0.0
2043-03-21,31.3,18.3,0.0
2043-03-22,30.9,18.9,0.0
2043-03-23,32.0,18.3,0.0
2043-03-24,32.0,17.9,0.0
2043-03-25,31.8,18.66590561441278,0.0
2043-03-26,32.11649484536083,18.7,0.0
2043-03-27,30.5,18.2,0.0
2043-03-28,30.7,17.9,0.0
2043-03-29,31.6,19.0,0.0
2043-03-30,32.6,18.90902208627751,0.0
2043-03-31,33.0,19.9,0.0
2043-04-01,35.675048828125,19.202347417840375,0.0
2043-04-02,34.03772169167804,18.9,0.0
2043-04-03,31.0,18.905454545454543,0.0
2043-04-04,30.95789473684211,17.7,0.0
2043-04-05,31.1,17.834383202099723,0.0
2043-04-06,32.41779141104294,15.9,0.0
2043-04-07,33.07372262773723,17.1,0.0
2043-04-08,34.04263301500682,19.4,0.0
2043-04-09,37.385498046875,18.4,0.0
2043-04-10,37.930419921875,18.0,0.0
2043-04-11,39.28955078125,19.7,0.0
2043-04-12,28.6,18.338016528925625,1.7
2043-04-13,27.0,17.81968503937007,0.0
2043-04-14,25.5,16.0,0.0
2043-04-15,30.4,17.0,0.0
2043-04-16,31.7,16.4,0.0
2043-04-17,31.7,15.2,0.0
2043-04-18,31.7,15.4,0.0
2043-04-19,35.509765625,17.3,0.0
2043-04-20,36.407958984375,18.0,0.0
2043-04-21,36.290771484375,19.4,0.0
2043-04-22,34.06452933151433,19.7,0.0
2043-04-23,31.6,18.1,0.0
2043-04-24,30.7,17.9,0.0
2043-04-25,28.0,17.8,0.0
2043-04-26,28.6,15.7,0.0
2043-04-27,29.4,14.6,0.0
2043-04-28,30.6,13.9,0.0
2043-04-29,31.1,11.3,0.0
2043-04-30,29.9,14.9,0.0
2043-05-01,30.0,13.7,0.0
2043-05-02,30.0,14.0,0.0
2043-05-03,30.0,14.4,0.0
2043-05-04,29.2,13.5,0.0
2043-05-05,29.5,12.3,0.0
2043-05-06,30.0,12.3,0.0
2043-05-07,30.5,12.7,0.0
2043-05-08,30.7,13.9,0.0
2043-05-09,31.0,13.6,0.0
2043-05-10,33.11851554418097,13.9,0.0
2043-05-11,31.6,19.8271484375,0.0
2043-05-12,27.2,17.4,0.0
2043-05-13,29.1,20.028564453125,0.0
2043-05-14,27.4,19.88720703125,0.0
2043-05-15,28.1,21.04296875,0.0
2043-05-16,29.940051454702296,17.95761311893082,0.0
2043-05-17,27.8,15.6,0.0
2043-05-18,25.693255632678813,14.6,0.0
2043-05-19,27.0,12.2,0.0
2043-05-20,28.0,11.3,0.0
2043-05-21,29.0,10.6,0.0
2043-05-22,26.8,12.1,0.0
2043-05-23,27.5,11.5,0.0
2043-05-24,28.5,15.0,0.0
2043-05-25,27.2,13.6,0.0
2043-05-26,28.0,12.1,0.0
2043-05-27,29.6,10.6,0.0
2043-05-28,24.6,14.9,0.0
2043-05-29,24.6,15.2,0.0
2043-05-30,27.6,15.6,0.0
2043-05-31,28.9,13.0,0.0
2043-06-01,28.952781244271915,13.2,0.0
2043-06-02,29.983890791748813,13.75853875871638,0.0
2043-06-03,27.9,15.266467110772291,0.0
2043-06-04,28.2,13.548027492420774,0.0
2043-06-05,25.22663829375635,13.7,0.0
2043-06-06,25.0,12.3,0.0
2043-06-07,24.6,11.8,0.0
2043-06-08,24.8,11.5,0.0
2043-06-09,25.5,11.118424008987326,0.0
2043-06-10,26.0,11.5,0.0
2043-06-11,25.8,11.5,0.0
2043-06-12,25.3,10.6,0.0
2043-06-13,25.3,10.6,0.0
2043-06-14,25.2,9.9,0.0
2043-06-15,26.3,10.5,0.0
2043-06-16,25.7,12.0,0.0
2043-06-17,24.8,11.3,0.0
2043-06-18,25.8,8.4,0.0
2043-06-19,26.9,7.0,0.0
2043-06-20,27.8,6.9,0.0
2043-06-21,27.729891190713158,11.1,0.0
2043-06-22,27.6,11.5,0.0
2043-06-23,25.6,11.7,0.0
2043-06-24,24.1,10.7,0.0
2043-06-25,24.9,8.6,0.0
2043-06-26,26.2,8.0,0.0
2043-06-27,27.685757837926914,7.0,0.0
2043-06-28,28.0,8.0,0.0
2043-06-29,25.6,13.0,0.0
2043-06-30,25.4,11.9,0.0
2043-07-01,25.5,10.0,0.0
2043-07-02,26.7,8.7,0.0
2043-07-03,26.7,9.8,0.0
2043-07-04,25.7,12.0,0.0
2043-07-05,22.6,10.4,0.0
2043-07-06,24.139418729817002,9.5,0.0
2043-07-07,26.186114101184064,9.5,0.0
2043-07-08,27.5,10.0,0.0
2043-07-09,27.142500621015145,11.9,0.0
2043-07-10,26.3,12.0,0.0
2043-07-11,27.23364908503766,9.7,0.0
2043-07-12,27.536258568919596,9.120129171151772,0.0
2043-07-13,25.0,12.8,0.0
2043-07-14,20.7,11.97759092272671,0.0
2043-07-15,20.589410357612724,12.4,0.0
2043-07-16,24.719058955038495,9.8,0.0
2043-07-17,26.4,10.2,0.0
2043-07-18,25.7,12.1,0.0
2043-07-19,25.7,10.5,0.0
2043-07-20,29.2,11.0,0.0
2043-07-21,29.5,14.3,0.0
2043-07-22,28.2,16.691796875,0.0
2043-07-23,26.42076964477932,15.0,0.0
2043-07-24,23.0,13.336725272096636,0.0
2043-07-25,21.165098233576753,10.5,0.0
2043-07-26,21.3,9.1,0.0
2043-07-27,22.7,7.2,0.0
2043-07-28,26.7,7.9,0.0
2043-07-29,27.3,9.1,0.0
2043-07-30,22.7,12.9306112355628,0.0
2043-07-31,20.7,10.206230970321391,0.0
2043-08-01,22.9,7.2,0.0
2043-08-02,21.3,10.0,0.0
2043-08-03,21.3,8.2,0.0
2043-08-04,21.3,6.7,0.0
2043-08-05,21.9,5.0,0.0
2043-08-06,24.7,9.2,0.0
2043-08-07,27.5,11.9,0.0
2043-08-08,28.7,13.35194115536419,0.0
2043-08-09,30.0,13.0,0.0
2043-08-10,31.4,13.0,0.0
2043-08-11,28.6,16.1,0.0
2043-08-12,27.5,14.3,0.0
2043-08-13,28.54043864370291,12.9,0.0
2043-08-14,29.4,13.0,0.0
2043-08-15,26.0,14.5,0.0
2043-08-16,25.389612486544667,12.8,0.0
2043-08-17,25.2,12.3,0.0
2043-08-18,26.897253861366305,9.389113742375315,0.0
2043-08-19,28.6,10.2,0.0
2043-08-20,27.6,13.7,0.0
2043-08-21,25.2,14.1,0.0
2043-08-22,24.7,12.4,0.0
2043-08-23,25.5,11.6,0.0
2043-08-24,24.6,12.2,0.0
2043-08-25,24.5,10.794897739504838,0.0
2043-08-26,27.0,8.0,0.0
2043-08-27,28.6,8.6,0.0
2043-08-28,29.8,11.2,0.0
2043-08-29,30.5,12.3,0.0
2043-08-30,29.2,13.6,0.0
2043-08-31,29.5,13.9,0.0
2043-09-01,28.9,13.9,0.0
2043-09-02,29.9,12.9,0.0
2043-09-03,30.4,13.358825692459025,0.0
2043-09-04,28.7,14.4,0.0
2043-09-05,29.4,13.1,0.0
2043-09-06,31.0,14.0,0.0
2043-09-07,30.4,15.82468174514894,0.0
2043-09-08,31.4,14.9,0.0
2043-09-09,32.9,15.9,0.0
2043-09-10,30.9,18.0,0.0
2043-09-11,29.80192729252866,16.4,0.0
2043-09-12,31.25494873530976,16.3,0.0
2043-09-13,33.4,17.401275723025588,0.0
2043-09-14,35.44740071236721,18.66730087694338,0.0
2043-09-15,35.126890038361175,20.2,0.0
2043-09-16,34.234607476320505,19.6,0.0
2043-09-17,35.0,19.4,0.0
2043-09-18,35.86169247882264,19.5,0.0
2043-09-19,36.700138545527984,20.2,0.0
2043-09-20,36.463362815745825,20.5,0.0
2043-09-21,36.18166397240639,18.870280509697242,0.0
2043-09-22,35.438946099615144,19.4,0.0
2043-09-23,34.64699666295885,19.633818316648135,0.0
2043-09-24,34.6,19.9,0.0
2043-09-25,35.4,20.27606181556454,0.0
2043-09-26,34.67337137882672,20.32926257933653,0.0
2043-09-27,35.488228543178494,20.2,0.0
2043-09-28,36.08312331354925,21.257849600247475,0.0
2043-09-29,35.6,23.291015625,0.0
2043-09-30,35.191639610847936,22.563781325034515,0.0
2043-10-01,33.5,20.6,0.0
2043-10-02,34.05276026449331,19.7,0.0
2043-10-03,33.0,20.1,0.0
2043-10-04,30.8,17.8,0.0
2043-10-05,33.2,17.7,0.0
2043-10-06,37.0,19.6,0.0
2043-10-07,39.266455078125,20.9,0.0
2043-10-08,39.335302734375,22.93554956240931,0.0
2043-10-09,35.4,22.0,0.0
2043-10-10,33.4,19.9,0.0
2043-10-11,34.2,19.6,0.0
2043-10-12,35.5,20.0,0.0
2043-10-13,39.094580078125,20.2,0.0
2043-10-14,38.76083984375,20.7,0.0
2043-10-15,38.9947265625,23.015504919866846,0.0
2043-10-16,38.0,22.907991294987585,0.0
2043-10-17,36.6,20.53368875176931,0.0
2043-10-18,36.4,22.930139350400143,0.0
2043-10-19,34.876222776000105,21.0,0.0
2043-10-20,35.7,20.618123942795627,0.0
2043-10-21,38.0,20.7,0.0
2043-10-22,38.4908203125,21.9,0.0
2043-10-23,39.67392578125,23.0,0.0
2043-10-24,38.68955078125,22.6,0.0
2043-10-25,38.408544921875,22.0,0.0
2043-10-26,38.509375,23.737587133048365,0.0
2043-10-27,37.115031311515374,22.61125160088942,0.0
2043-10-28,36.0,22.2,0.0
2043-10-29,30.8,21.9,0.0
2043-10-30,35.2,21.9,0.0
2043-10-31,36.42396648532277,23.424089012372374,0.0
2043-11-01,36.3,22.3,0.0
2043-11-02,36.39962323728874,23.439406583032124,0.0
2043-11-03,33.7,20.0,0.8098425196850393
2043-11-04,33.5,19.8,1.6746062992125985
2043-11-05,30.7,19.54235040697777,19.400715819613463
2043-11-06,31.1,19.7,0.0
2043-11-07,31.9,20.1,0.0
2043-11-08,31.4,21.0,0.0
2043-11-09,32.2,20.4,0.0
2043-11-10,33.5,20.0,0.0
2043-11-11,32.6,19.4,0.0
2043-11-12,31.0,19.5,0.0
2043-11-13,32.5,19.3,2.0
2043-11-14,33.4,18.0,0.0
2043-11-15,32.9,19.3,0.0
2043-11-16,32.1,18.5,2.4
2043-11-17,29.0,19.2,1.2
2043-11-18,26.0,17.9,18.349212598425193
2043-11-19,25.872437796381945,17.0,0.0
2043-11-20,29.4,16.0,0.0
2043-11-21,30.2,15.6,0.0
2043-11-22,31.0,15.2,0.0
2043-11-23,32.031608487802394,16.0,0.0
2043-11-24,33.7,17.2,0.0
2043-11-25,33.7,17.2,0.0
2043-11-26,32.6,19.7,0.0
2043-11-27,31.5,18.7,0.0
2043-11-28,32.1,16.996706017438733,0.0
2043-11-29,33.6,17.0,0.0
2043-11-30,34.9,17.5,0.0
2043-12-01,34.5291015625,19.7,0.0
2043-12-02,35.7068359375,20.185859650988174,0.0
2043-12-03,35.26298828125,20.5,0.0
2043-12-04,37.05009765625,20.352153227349174,0.0
2043-12-05,34.52763671875,21.0,0.0
2043-12-06,27.2,19.4,0.0
2043-12-07,26.7,19.5,0.0
2043-12-08,26.9,19.0,0.8
2043-12-09,32.9878454071405,18.4,0.0
2043-12-10,33.7,19.6,0.0
2043-12-11,33.7,20.663344424297826,1.4
2043-12-12,32.98980134456597,20.1,2.3
2043-12-13,29.6,19.9,9.72382978723405
2043-12-14,31.12240343455077,19.9,8.458510638297874
2043-12-15,31.936387231773686,19.9,1.7
2043-12-16,30.44536286895924,19.5,16.353191489361727
2043-12-17,31.6,19.67702009456354,18.43170212765959
2043-12-18,30.0,20.015538156594513,46.78397163120564
2043-12-19,30.4,19.4,0.10063829787234044
2043-12-20,28.79434203444564,19.4,2.0
2043-12-21,32.1,19.0,0.0
2043-12-22,32.1,18.9,0.0
2043-12-23,32.9,19.5,0.5
2043-12-24,31.992381877742805,19.9,0.2
2043-12-25,32.0,19.7006531348709,0.0
2043-12-26,32.9,19.213327426719967,0.0
2043-12-27,33.7,19.9,0.0
2043-12-28,33.7,19.8,0.0
2043-12-29,32.7191242795438,21.0,0.0
2043-12-30,32.41672550190134,20.5,0.0
2043-12-31,32.4,19.9,6.4
2044-01-01,30.013459634015064,19.5,1.3
2044-01-02,31.670628976389814,19.6,11.2
2044-01-03,29.8,19.1,9.4
2044-01-04,28.6,19.5,17.3
2044-01-05,29.4,19.0,25.3
2044-01-06,28.0,19.5,16.0
2044-01-07,30.1,19.0,8.049999999999997
2044-01-08,30.1,19.0,40.425
2044-01-09,24.5,19.0,7.5
2044-01-10,25.66498368335888,19.3,28.3
2044-01-11,27.7,19.0,2.2
2044-01-12,29.9,18.4,0.0
2044-01-13,30.5,18.0,0.0
2044-01-14,29.949491341924,17.8,1.2
2044-01-15,29.2,19.3,11.0
2044-01-16,27.6,19.2,41.4
2044-01-17,27.1,19.2,27.175000000000004
2044-01-18,27.7,19.3,0.0
2044-01-19,29.0,19.6,0.0
2044-01-20,31.85668465186226,20.218971451395117,0.3
2044-01-21,29.9,21.487316894531254,0.0
2044-01-22,30.6,21.219158935546876,0.0
2044-01-23,31.8,22.264904785156254,0.0
2044-01-24,32.6,19.8,0.0
2044-01-25,31.85507694993163,19.65384752787199,5.8
2044-01-26,26.9,19.5,1.1
2044-01-27,27.895786448009,19.958699435669352,0.0
2044-01-28,29.4,18.4,1.8
2044-01-29,28.4,19.3,41.4
2044-01-30,29.4,18.5,0.5
2044-01-31,29.6,17.9,0.0
2044-02-01,29.2,17.9,2.3
2044-02-02,29.0,17.1,0.8587112171837711
2044-02-03,30.6,16.1,0.0
2044-02-04,32.0,18.5,0.0
2044-02-05,31.0,19.0,6.0
2044-02-06,26.878749924243955,19.0,9.6
2044-02-07,28.2,19.0,44.48493951115139
2044-02-08,27.0,18.7,24.753699284009556
2044-02-09,28.9,17.4,0.0
2044-02-10,29.9,16.4,0.0
2044-02-11,30.0,18.9,0.0
2044-02-12,29.0,18.9,0.0
2044-02-13,28.8,17.3,0.0
2044-02-14,29.5,18.9,2.8
2044-02-15,30.73677158464435,18.0,0.0
2044-02-16,31.6,16.9,0.0
2044-02-17,30.709083609101608,18.0,0.0
2044-02-18,30.5,17.8,0.0
2044-02-19,31.4,18.1,0.0
2044-02-20,31.587918664360533,16.9,0.0
2044-02-21,31.7,17.0,0.0
2044-02-22,32.0,17.1,0.0
2044-02-23,32.46863292475883,17.021958103295205,0.0
2044-02-24,32.07208163867146,17.3,0.0
2044-02-25,30.901473920999166,18.6,0.0
2044-02-26,30.2,17.2,0.0
2044-02-27,30.6,16.9,0.0
2044-02-28,32.0,16.8,0.0
2044-03-01,32.463765822784815,18.8,5.9
2044-03-02,32.9,17.9,0.0
2044-03-03,30.0,18.7,17.8659375
2044-03-04,24.2,18.5,16.124531250000008
2044-03-05,28.9,18.5,0.7242187500000001
2044-03-06,31.8,17.7,4.9
2044-03-07,28.0,18.7,14.675000000000004
2044-03-08,29.1,17.9,16.4
2044-03-09,25.5,18.8,19.0
2044-03-10,25.9,18.8,0.6390625000000001
2044-03-11,28.2,18.6,0.0
2044-03-12,29.9,17.6,0.0
2044-03-13,29.5,16.4,0.0
2044-03-14,30.5,16.8,0.0
2044-03-15,29.2,17.2,3.0
2044-03-16,28.7,19.089950587815824,0.8515625000000002
2044-03-17,32.0,17.9,0.0
2044-03-18,32.405696202531644,18.3,2.0
2044-03-19,32.12061855670104,19.875401730153648,6.0
2044-03-20,26.9,19.4,10.326875000000005
2044-03-21,26.8,18.9,6.5875
2044-03-22,26.904444444444444,18.9,2.4
2044-03-23,30.0,18.9,5.192968749999999
2044-03-24,29.1,19.0,22.665745192307693
2044-03-25,28.0,18.8,2.946875000000001
2044-03-26,29.0,18.5,0.0
2044-03-27,28.2,19.0,5.021875
2044-03-28,24.326132404181184,18.8,61.722504537205104
2044-03-29,28.2,18.7,10.440937500000004
2044-03-30,25.3,18.6,3.5875000000000004
2044-03-31,29.5,19.0,21.879296875
2044-04-01,28.9,19.4,9.4
2044-04-02,29.7,19.7,17.36923076923077
2044-04-03,29.9,19.259728742827335,1.2
2044-04-04,29.4,19.0,1.2833333333333334
2044-04-05,30.9,18.4,5.366666666666666
2044-04-06,29.0,18.941999999999993,0.0
2044-04-07,25.9,19.7,0.0
2044-04-08,27.1,18.4,0.0
2044-04-09,23.9,17.7,1.7
2044-04-10,23.134722222222223,17.8,70.0
2044-04-11,22.9,17.7,0.0
2044-04-12,23.9,18.6,25.9
2044-04-13,25.6,18.6,0.0
2044-04-14,27.2,18.460377358490565,1.7
2044-04-15,26.1,18.98981818181818,0.0
2044-04-16,25.5,18.2,2.309090909090909
2044-04-17,22.995,18.2,0.0
2044-04-18,26.8,18.2,0.0
2044-04-19,26.6,17.1,0.0
2044-04-20,28.4,16.2,0.0
2044-04-21,25.2,16.0,0.0
2044-04-22,26.0,17.0,0.0
2044-04-23,25.9,18.3,0.0
2044-04-24,25.2,16.8,0.0
2044-04-25,25.5,16.8,0.0
2044-04-26,22.0,16.7,0.0
2044-04-27,21.3,16.0,3.5
2044-04-28,21.795184135977337,16.0,0.0
2044-04-29,24.7,13.6,0.0
2044-04-30,25.212244897959184,11.9,0.0
2044-05-01,24.4,13.4,0.0
2044-05-02,25.3,11.0,0.0
2044-05-03,25.2,11.390419806243266,0.0
2044-05-04,22.9,14.5,0.0
2044-05-05,22.0,9.6,0.0
2044-05-06,22.9,9.781529830055126,0.0
2044-05-07,24.1,9.6,0.0
2044-05-08,23.7,15.2,0.0
2044-05-09,24.8,14.0,0.0
2044-05-10,22.337718460105705,13.9,0.0
2044-05-11,24.6,11.4,0.0
2044-05-12,24.4,8.9,0.0
2044-05-13,26.4,8.069509229358527,0.0
2044-05-14,28.1,9.2,0.0
2044-05-15,28.0,8.0,0.0
2044-05-16,25.1,9.6,0.0
2044-05-17,22.7,9.5,0.0
2044-05-18,23.7,7.0,0.0
2044-05-19,24.4,5.657109668627429,0.0
2044-05-20,24.2,13.0,0.0
2044-05-21,22.7,11.7,0.0
2044-05-22,22.6,11.0,0.0
2044-05-23,22.0,8.4,0.0
2044-05-24,23.9,10.2,0.0
2044-05-25,23.8,14.0,0.0
2044-05-26,25.732362439055276,15.0,0.0
2044-05-27,22.6,16.0,0.0
2044-05-28,24.5,14.0,0.0
2044-05-29,22.0,13.4,0.0
2044-05-30,22.9,10.4,0.0
2044-05-31,21.803091735438347,7.7091926803014,0.0
2044-06-01,19.53923842320996,7.0,0.0
2044-06-02,21.03199594709193,5.5,0.0
2044-06-03,21.2,5.2,0.0
2044-06-04,19.2,6.561594364108268,0.0
2044-06-05,21.6,6.0,0.0
2044-06-06,21.9,9.4,0.0
2044-06-07,22.5,7.6267704857248795,0.0
2044-06-08,23.0,6.9,0.0
2044-06-09,24.0,8.0,0.0
2044-06-10,24.95424882866485,8.9,0.0
2044-06-11,24.8,7.0,0.0
2044-06-12,23.8,7.9,0.0
2044-06-13,23.9,6.0,0.0
2044-06-14,24.7,7.0,0.0
2044-06-15,25.9,8.0,0.0
2044-06-16,26.3,12.5,0.0
2044-06-17,26.3,13.5,0.0
2044-06-18,25.5,12.3,0.0
2044-06-19,24.5,12.0,0.0
2044-06-20,17.683629209076237,12.0,0.0
2044-06-21,21.7,9.9,0.0
2044-06-22,21.9,12.1,0.0
2044-06-23,24.1,10.5,0.0
2044-06-24,25.3,9.2,0.0
2044-06-25,25.0,9.6,0.0
2044-06-26,22.77028885710755,9.0,0.0
2044-06-27,23.2,6.5,0.0
2044-06-28,24.2,9.0,0.0
2044-06-29,24.9,11.1,0.0
2044-06-30,24.4,9.0,0.0
2044-07-01,21.4,8.3,0.0
2044-07-02,22.134896854770926,7.1,0.0
2044-07-03,22.9,6.1,0.0
2044-07-04,24.0,5.5773304628632925,0.0
2044-07-05,24.4,7.5,0.0
2044-07-06,22.5,9.9,0.0
2044-07-07,20.96003641741195,9.354704347667441,0.0
2044-07-08,21.6,9.764370290635084,0.0
2044-07-09,22.3,9.5,0.0
2044-07-10,24.704701084706457,9.5,0.0
2044-07-11,25.100014813205473,12.1,0.0
2044-07-12,24.6,12.63769329727743,0.0
2044-07-13,24.9,11.6,0.0
2044-07-14,25.9,12.2,0.0
2044-07-15,26.2,12.7,0.0
2044-07-16,24.7,14.0,0.0
2044-07-17,23.9,12.0,0.0
2044-07-18,25.848207077502682,10.4,0.0
2044-07-19,28.794176334569222,12.1,0.0
2044-07-20,31.119450217249522,14.6,0.0
2044-07-21,29.5,14.2,0.0
2044-07-22,29.0,16.070912416115842,0.0
2044-07-23,22.6,15.2,0.0
2044-07-24,23.4,15.0,0.0
2044-07-25,23.8,12.7,0.0
2044-07-26,24.6,10.965844166597666,0.0
2044-07-27,25.0,9.5,0.0
2044-07-28,26.9,9.4,0.0
2044-07-29,28.2,10.4,0.0
2044-07-30,27.4,11.2,0.0
2044-07-31,24.6,12.7,0.0
2044-08-01,24.2,9.889675035638435,0.0
2044-08-02,24.1,10.2,0.0
2044-08-03,22.1,10.2,0.0
2044-08-04,23.5,8.5,0.0
2044-08-05,24.6,10.0,0.0
2044-08-06,23.7,11.9,0.0
2044-08-07,23.800810010764263,9.0,0.0
2044-08-08,24.9,9.0,0.0
2044-08-09,24.0,12.0,0.0
2044-08-10,22.0,10.2,0.0
2044-08-11,22.9,9.8,0.0
2044-08-12,22.49967707212056,9.9,0.0
2044-08-13,22.5,7.5,0.0
2044-08-14,24.0,8.123457245233494,0.0
2044-08-15,24.992540039795152,9.5,0.0
2044-08-16,26.3,10.9,0.0
2044-08-17,27.0,12.3,0.0
2044-08-18,27.6,12.9,0.0
2044-08-19,29.5,13.4,0.0
2044-08-20,31.6,14.6,0.0
2044-08-21,32.5,16.3,0.0
2044-08-22,28.9,16.9019525404664,0.0
2044-08-23,25.4,14.6,0.0
2044-08-24,25.4,12.9,0.0
2044-08-25,26.9,13.0,0.0
2044-08-26,29.1,13.8,0.0
2044-08-27,31.1,15.0,0.0
2044-08-28,35.48146796235105,15.7,0.0
2044-08-29,38.056884765625,16.9,0.0
2044-08-30,32.9,17.977168964087745,0.0
2044-08-31,32.9,16.7,0.0
2044-09-01,32.9,16.2,0.0
2044-09-02,30.0,17.3,0.0
2044-09-03,29.8,14.5,0.0
2044-09-04,31.0,14.0,0.0
2044-09-05,32.0,14.9,0.0
2044-09-06,31.4,17.0,0.0
2044-09-07,29.2,16.4,0.0
2044-09-08,30.3,14.5,0.0
2044-09-09,31.7,15.855790384377707,0.0
2044-09-10,33.8,17.258226312063904,0.0
2044-09-11,34.0,19.3,0.0
2044-09-12,36.0,18.913538722442055,0.0
2044-09-13,39.34423828125,19.6,0.0
2044-09-14,39.768310546875,22.734520519539025,0.0
2044-09-15,36.146612795181,20.5,0.0
2044-09-16,35.4,19.7,0.0
2044-09-17,36.047757105082965,18.9,0.0
2044-09-18,36.040263783224944,18.2,0.0
2044-09-19,31.6,19.491669661447197,0.0
2044-09-20,29.006110430824165,17.1,0.0
2044-09-21,30.4,16.9,0.0
2044-09-22,32.0,14.9,0.0
2044-09-23,33.806343602392346,16.9,0.0
2044-09-24,34.6,18.5,0.0
2044-09-25,33.871265979913275,19.02278457545421,0.0
2044-09-26,32.6,18.9,0.0
2044-09-27,32.7,18.2,0.0
2044-09-28,34.1624003995369,17.7,0.0
2044-09-29,34.9,18.9,0.0
2044-09-30,33.4,19.7,0.0
2044-10-01,33.0,18.1,0.0
2044-10-02,35.1,17.2,0.0
2044-10-03,37.2,19.0,0.0
2044-10-04,30.9,18.6,0.0
2044-10-05,28.8,16.293643517315612,0.0
2044-10-06,32.2,16.5,0.0
2044-10-07,34.78775949561741,17.6,0.0
2044-10-08,35.5,18.7,0.0
2044-10-09,36.0,20.1,0.0
2044-10-10,37.89939662389826,20.7,0.0
2044-10-11,36.87460835177424,21.0,0.0
2044-10-12,37.64225118552348,21.0,0.0
2044-10-13,38.0,21.091902676218396,0.0
2044-10-14,37.0,20.798439181916027,0.0
2044-10-15,36.0,21.0,0.0
2044-10-16,35.2,20.9,0.0
2044-10-17,35.7,20.400891896047973,0.0
2044-10-18,38.0,20.1,0.0
2044-10-19,36.9,20.568719902555088,0.0
2044-10-20,37.959468633103555,20.7,0.0
2044-10-21,39.689306640625,20.734277448869737,0.0
2044-10-22,39.16611328125,20.7,0.0
2044-10-23,38.889990234375,21.4,0.0
2044-10-24,38.92197265625,20.6,0.0
2044-10-25,38.870947265625,21.5,0.0
2044-10-26,38.0,23.723356359798082,0.0
2044-10-27,35.2,22.1,0.0
2044-10-28,36.403787856748025,23.0,0.0
2044-10-29,33.5,21.053553134627506,0.0
2044-10-30,30.9,19.4,2.5432432432432437
2044-10-31,34.2,20.0,0.0
2044-11-01,35.5,22.216503076428427,0.0
2044-11-02,37.55018927661917,20.7,0.0
2044-11-03,33.9,20.0,0.0
2044-11-04,35.2,19.2,0.0
2044-11-05,39.16837777129697,22.1,0.0
2044-11-06,31.5,20.5,0.0
2044-11-07,31.1,20.0,2.5
2044-11-08,31.8,19.6,1.4
2044-11-09,33.9,20.9,0.0
2044-11-10,34.5,20.34787202201465,0.0
2044-11-11,33.4,19.9,0.0
2044-11-12,33.9,20.857001201496914,0.0
2044-11-13,35.7,23.15221743966727,0.0
2044-11-14,36.0,21.901588916595067,0.0
2044-11-15,35.23583484755317,21.9,0.0
2044-11-16,33.9,21.7,0.0
2044-11-17,33.6,21.7,0.0
2044-11-18,33.4,22.0,0.0
2044-11-19,33.4,23.116970536308433,0.0
2044-11-20,33.32028121523915,23.04056001309973,0.0
2044-11-21,34.7,23.328486910816938,0.0
2044-11-22,35.7,24.443701171875,0.0
2044-11-23,36.274314117473175,24.459326171875,0.0
2044-11-24,38.147209293920625,23.81138564948398,0.0
2044-11-25,38.77043109685329,23.70692634887568,0.0
2044-11-26,33.5,22.9,0.0
2044-11-27,34.0,21.9,0.0
2044-11-28,31.389485439775935,18.9,22.65422710319106
2044-11-29,26.19046658216278,18.5,1.6
2044-11-30,25.2,17.6,0.0
2044-12-01,30.5,20.0,0.0
2044-12-02,31.6,20.56513068551286,0.0
2044-12-03,32.9,19.4,0.0
2044-12-04,33.64651239272009,19.0,0.0
2044-12-05,33.6731085504725,19.6,0.0
2044-12-06,33.7,20.24006714864514,0.0
2044-12-07,33.7,20.992391608190392,0.0
2044-12-08,33.7,20.5,0.0
2044-12-09,32.9,19.62523001067259,5.0
2044-12-10,30.0,19.608442186790583,7.0
2044-12-11,28.4,20.0,0.0
2044-12-12,31.7,20.0,5.0
2044-12-13,29.0,19.9,26.67268085106384
2044-12-14,26.0,18.51057323488834,12.712522796352589
2044-12-15,28.2,18.3,26.4
2044-12-16,26.979838388604623,19.2,0.0
2044-12-17,31.6,18.2,0.0
2044-12-18,31.4,18.9,0.2
2044-12-19,28.9,19.7,4.0
2044-12-20,30.0,19.5,1.3
2044-12-21,30.5,19.9,6.216382978723404
2044-12-22,32.0,18.9,0.0
2044-12-23,31.995410491015978,19.6,0.0
2044-12-24,24.275852170792966,17.9,0.0
2044-12-25,30.7,17.1,0.0
2044-12-26,32.1,18.4,0.0
2044-12-27,32.87713379687544,18.9,0.0
2044-12-28,32.9,17.9,0.0
2044-12-29,25.27419419639473,19.4,72.22287859824783
2044-12-30,29.0,19.6,3.4
2044-12-31,28.8,19.6,7.9
2045-01-01,29.2,18.4,0.0
2045-01-02,30.6,17.2,0.8
2045-01-03,30.7,18.4,7.6
2045-01-04,29.7,19.209007453744125,23.228571428571428
2045-01-05,30.0,19.5,5.6
2045-01-06,30.4,19.6,27.8
2045-01-07,27.5,19.8,32.77499999999999
2045-01-08,25.9,19.4,11.799999999999994
2045-01-09,28.4,19.6,20.0
2045-01-10,28.4,18.9,23.520000000000007
2045-01-11,28.1,19.196702471199867,9.8
2045-01-12,30.2,18.6,4.9
2045-01-13,26.9,19.5,7.2
2045-01-14,29.1,19.857451662155263,26.1
2045-01-15,28.6,19.68632368041303,40.833333333333336
2045-01-16,24.8,19.3,67.64935064935071
2045-01-17,24.2,19.0,70.6
2045-01-18,26.9,16.9,1.3
2045-01-19,26.7,16.0,0.0
2045-01-20,27.9,17.5,0.0
2045-01-21,27.2,17.8,1.1
2045-01-22,27.5,18.7,0.0
2045-01-23,27.5,17.5,0.0
2045-01-24,28.0,17.2,0.0
2045-01-25,30.0,16.9,0.0
2045-01-26,30.4,17.3,0.0
2045-01-27,30.4,19.2,1.0
2045-01-28,30.603320775026916,18.9,1.0
2045-01-29,28.2,19.8,3.6
2045-01-30,30.4,19.52834216729571,6.0
2045-01-31,28.6,19.5,8.8
2045-02-01,28.0,18.0,0.0
2045-02-02,28.6,17.0,0.0
2045-02-03,28.6,17.3,0.0
2045-02-04,28.5,17.0,0.0
2045-02-05,29.0,16.7,0.0
2045-02-06,29.2,18.4,0.0
2045-02-07,29.4,17.0,0.0
2045-02-08,30.5,17.0,0.0
2045-02-09,31.2,18.7,0.0
2045-02-10,30.1,19.0,3.2
2045-02-11,27.6,18.8,4.0
2045-02-12,29.2,18.0,1.5
2045-02-13,28.7,18.3,13.5
2045-02-14,29.9,18.5,8.485918854415285
2045-02-15,30.6,18.7,0.8
2045-02-16,31.316051539188685,18.9,0.0
2045-02-17,31.505815910455517,19.1,3.8
2045-02-18,29.455377436262257,18.9,1.9
2045-02-19,28.0,19.0,13.249880668257767
2045-02-20,26.2,18.9,22.654040231844533
2045-02-21,23.918042089908027,18.6,21.0
2045-02-22,24.790721578903145,18.37435322162234,20.882729442395323
2045-02-23,27.0,17.9,0.5
2045-02-24,28.7,17.7,3.5
2045-02-25,27.9,18.0,1.4
2045-02-26,28.5,17.6,0.0
2045-02-27,28.8,17.6,0.0
2045-02-28,29.0,17.9,0.0
2045-03-01,28.7,17.8,27.710714285714296
2045-03-02,29.0,18.804953304018508,19.98125000000002
2045-03-03,28.9,18.6,16.35245535714286
2045-03-04,28.3,18.9,4.6
2045-03-05,28.1,18.8,13.681250000000007
2045-03-06,28.6,17.0175580842398,0.3
2045-03-07,30.0,15.1,0.0
2045-03-08,31.08333333333334,15.4,0.0
2045-03-09,30.2,16.9,0.0
2045-03-10,30.7,17.488625115966332,0.0
2045-03-11,29.8,17.9,0.0
2045-03-12,30.0,18.3,0.0
2045-03-13,29.7,17.3,0.0
2045-03-14,29.3,16.9,0.0
2045-03-15,28.3,18.5,1.8
2045-03-16,30.0,17.9,0.0
2045-03-17,30.1,17.5,0.0
2045-03-18,29.2,17.6,0.0
2045-03-19,28.1,17.5,0.0
2045-03-20,28.3,16.5,0.0
2045-03-21,29.2,17.3,0.0
2045-03-22,29.9,16.9,0.0
2045-03-23,30.2,16.4,0.0
2045-03-24,31.2,16.2,0.0
2045-03-25,31.3,17.0,0.0
2045-03-26,31.2,16.8,0.0
2045-03-27,30.465168539325838,17.3,0.0
2045-03-28,29.4,17.0,0.0
2045-03-29,29.0,16.0,0.0
2045-03-30,29.469747899159664,15.5,0.0
2045-03-31,30.7,14.0,0.0
2045-04-01,31.7,14.1,0.0
2045-04-02,31.6,15.5,0.0
2045-04-03,34.042496589358805,15.7,0.0
2045-04-04,32.27455089820359,16.4,0.0
2045-04-05,27.0,16.5,1.2
2045-04-06,27.9,14.5,0.0
2045-04-07,29.1,11.9,0.0
2045-04-08,30.67117647058823,12.8,0.0
2045-04-09,31.6,15.5,0.0
2045-04-10,32.0,14.6,0.0
2045-04-11,33.801775147929,15.5,0.0
2045-04-12,35.60009765625,15.4,0.0
2045-04-13,34.02878581173261,15.8,0.0
2045-04-14,32.4,16.6,0.0
2045-04-15,34.77016918967055,16.3,0.0
2045-04-16,31.0,18.0,0.0
2045-04-17,31.7,18.15220729366602,0.0
2045-04-18,32.0,17.8,0.0
2045-04-19,30.9,18.655784469096673,0.0
2045-04-20,25.8,18.4,0.0
2045-04-21,31.2,18.4,0.0
2045-04-22,24.274344023323614,17.1,39.23382352941176
2045-04-23,29.4,17.3,0.0
2045-04-24,27.8,19.0,0.0
2045-04-25,27.238547486033518,14.9,0.0
2045-04-26,26.7,12.4,0.0
2045-04-27,27.1,15.5,0.0
2045-04-28,27.220111731843577,13.3,0.0
2045-04-29,26.6,13.6,0.0
2045-04-30,27.7,11.6,0.0
2045-05-01,30.5,10.1,0.0
2045-05-02,28.1,13.77934746297463,0.0
2045-05-03,27.6,12.6,0.0
2045-05-04,28.0,11.9,0.0
2045-05-05,26.7,12.4,0.0
2045-05-06,29.2,12.6,0.0
2045-05-07,31.0,12.8,0.0
2045-05-08,31.0,12.2,0.0
2045-05-09,31.0,13.6,0.0
2045-05-10,30.7,14.7,0.0
2045-05-11,29.6,13.578839725794555,0.0
2045-05-12,27.9,12.4,0.0
2045-05-13,27.5,11.8,0.0
2045-05-14,27.1,12.9,0.0
2045-05-15,28.0,12.4,0.0
2045-05-16,29.2,12.3,0.0
2045-05-17,30.0,13.5,0.0
2045-05-18,26.8,15.60200537365551,0.0
2045-05-19,29.5,18.182887979906685,0.0
2045-05-20,31.19150168276763,19.802490234375,0.0
2045-05-21,32.21785319797096,19.53076171875,0.0
2045-05-22,30.873986831252697,17.987981809195148,0.0
2045-05-23,31.6,15.2,0.0
2045-05-24,31.0,17.8,0.0
2045-05-25,30.3,19.939453125,0.0
2045-05-26,24.6,18.131933118048057,1.3272727272727274
2045-05-27,29.1,16.71816939190458,0.0
2045-05-28,29.5,14.4,0.0
2045-05-29,30.1,12.9,0.0
2045-05-30,30.90267250658846,13.6,0.0
2045-05-31,31.0,14.5,0.0
2045-06-01,30.52966700213641,15.301433552886488,0.0
2045-06-02,31.300481633187182,15.333283548512084,0.0
2045-06-03,29.630644685928356,16.37575572369789,0.0
2045-06-04,25.4,14.4,0.0
2045-06-05,28.698127549128667,13.0,0.0
2045-06-06,31.299076254662022,13.8,0.0
2045-06-07,32.05625,15.923909945853527,0.0
2045-06-08,29.2,16.53776347166004,0.0
2045-06-09,28.5,14.7,0.0
2045-06-10,29.390321693134222,14.4,0.0
2045-06-11,30.03181416527191,14.7,0.0
2045-06-12,25.988274150765807,14.4,0.0
2045-06-13,26.3,13.0,0.0
2045-06-14,25.6,13.3,0.0
2045-06-15,27.2,11.5,0.0
2045-06-16,28.2,10.7,0.0
2045-06-17,29.333978652403385,11.4,0.0
2045-06-18,28.0,12.7,0.0
2045-06-19,30.713454427949117,12.91601605951058,0.0
2045-06-20,30.652243647504054,15.1,0.0
2045-06-21,32.135107421875,14.862128125376426,0.0
2045-06-22,30.962396584146806,22.060986328125,0.0
2045-06-23,27.2,16.467593385621946,0.0
2045-06-24,26.0,14.2,0.0
2045-06-25,27.0,13.5,0.0
2045-06-26,27.5,13.5,0.0
2045-06-27,29.0,13.5,0.0
2045-06-28,30.37315528601749,13.672791270135551,0.0
2045-06-29,30.5,13.52310410259766,0.0
2045-06-30,28.2,14.561551415152644,0.0
2045-07-01,25.2,14.2,0.0
2045-07-02,24.9,12.46826695371366,0.0
2045-07-03,25.3,11.6,0.0
2045-07-04,26.2,12.1,0.0
2045-07-05,26.6,12.5,0.0
2045-07-06,26.2,13.0,0.0
2045-07-07,24.628207618997603,12.5,0.0
2045-07-08,24.7,11.8,0.0
2045-07-09,25.7,12.0,0.0
2045-07-10,26.3,12.7,0.0
2045-07-11,27.6,13.1,0.0
2045-07-12,31.464794921875,15.0,0.0
2045-07-13,28.2,15.0,0.0
2045-07-14,27.6,13.1,0.0
2045-07-15,28.5,13.4,0.0
2045-07-16,28.3,15.019212610173822,0.0
2045-07-17,28.2,15.1,0.0
2045-07-18,27.4,13.6,0.0
2045-07-19,28.1,11.1,0.0
2045-07-20,29.06810287538722,10.5,0.0
2045-07-21,28.2,11.9,0.0
2045-07-22,24.616826380319768,13.4,0.0
2045-07-23,24.78366937153266,11.5,0.0
2045-07-24,27.4,12.0,0.0
2045-07-25,31.691357421875,13.8,0.0
2045-07-26,26.7,14.2,0.0
2045-07-27,26.2,12.7,0.0
2045-07-28,26.7,13.4,0.0
2045-07-29,28.2,12.9,0.0
2045-07-30,29.5,13.482445785609752,0.0
2045-07-31,30.7,14.2,0.0
2045-08-01,35.09326388087041,14.7,0.0
2045-08-02,31.5,14.3,0.0
2045-08-03,31.0,16.1,0.0
2045-08-04,27.7,16.7,0.0
2045-08-05,23.873733205756885,14.4,0.0
2045-08-06,23.2,10.600707693012392,0.0
2045-08-07,24.1,7.73623033712947,0.0
2045-08-08,27.6,9.0,0.0
2045-08-09,31.9,12.4,0.0
2045-08-10,31.2,12.9,0.0
2045-08-11,32.1,16.4,0.0
2045-08-12,35.50665924218093,16.903592287346456,0.0
2045-08-13,32.376087959403336,17.5350329386437,0.0
2045-08-14,29.1,16.9,0.0
2045-08-15,28.6,15.24446479247339,0.0
2045-08-16,28.8,14.4,0.0
2045-08-17,29.5,13.7,0.0
2045-08-18,29.5,14.4,0.0
2045-08-19,29.5,14.3,0.0
2045-08-20,31.4,14.6,0.0
2045-08-21,33.1,15.808656201009955,0.0
2045-08-22,36.86569649248914,16.7,0.0
2045-08-23,37.19189126977314,17.190256470257875,0.0
2045-08-24,38.5107421875,17.91585516667186,0.0
2045-08-25,38.198486328125,19.24219643767156,0.0
2045-08-26,34.8316621287911,16.780119958071076,0.0
2045-08-27,33.00276157063976,15.0,0.0
2045-08-28,35.4097697043739,16.791939024447565,0.0
2045-08-29,37.865234375,18.2,0.0
2045-08-30,38.727783203125,27.957275390625,0.0
2045-08-31,37.62744140625,26.666015625,0.0
2045-09-01,34.9,19.636307007786435,0.0
2045-09-02,35.2,20.0,0.0
2045-09-03,34.3,19.6,0.0
2045-09-04,34.6,19.564288143851297,0.0
2045-09-05,34.0,21.51949257699088,0.0
2045-09-06,30.3,19.2,0.0
2045-09-07,30.8,16.7,0.0
2045-09-08,32.82260086965315,18.2,0.0
2045-09-09,33.7,19.3,0.0
2045-09-10,35.04701767395873,20.18684741388488,0.0
2045-09-11,33.0,23.94287109375,0.0
2045-09-12,28.7,20.5,0.0
2045-09-13,23.5910268749964,15.9,0.0
2045-09-14,16.460400390625,14.0,3.9
2045-09-15,24.794654940674825,14.0,1.8571428571428572
2045-09-16,30.1,15.5,0.0
2045-09-17,34.4,19.0,0.0
2045-09-18,34.2,19.474497236788675,0.0
2045-09-19,33.9,20.339243960907254,0.0
2045-09-20,33.83204204349438,19.3,1.2142857142857144
2045-09-21,27.6,18.8,0.5357142857142857
2045-09-22,27.448114211634028,18.9,0.0
2045-09-23,29.7,19.4,0.0
2045-09-24,19.288708575246208,17.6,0.0
2045-09-25,28.4,17.1,0.0
2045-09-26,30.0,17.2,0.0
2045-09-27,32.0,17.5,0.0
2045-09-28,31.2,20.565948697205652,0.0
2045-09-29,32.3,19.6,0.0
2045-09-30,30.0,18.5,0.0
2045-10-01,29.8,17.6,0.0
2045-10-02,32.5,18.500592034445646,0.0
2045-10-03,34.9,19.0,0.0
2045-10-04,38.265021873193774,21.4,0.0
2045-10-05,39.39951171875,23.0,0.0
2045-10-06,39.247412109375,21.9,0.0
2045-10-07,38.82236328125,21.2,0.0
2045-10-08,38.954443359375,20.5,0.0
2045-10-09,38.282307900332455,20.7,0.0
2045-10-10,38.671240234375,20.7,0.0
2045-10-11,29.56514013979916,19.8,2.7
2045-10-12,32.5,18.5,1.7297297297297296
2045-10-13,25.529248444037975,19.2,1.194594594594595
2045-10-14,25.558018161658183,19.2,0.0
2045-10-15,27.4,18.5,0.0
2045-10-16,26.7,16.9,1.9702702702702708
2045-10-17,14.918896484375,15.643316371464916,0.0
2045-10-18,25.7,14.8,0.0
2045-10-19,29.3,13.9,0.0
2045-10-20,32.0,17.0,0.0
2045-10-21,32.0,19.4,0.0
2045-10-22,31.6,18.3,0.0
2045-10-23,32.1,16.8,0.0
2045-10-24,34.0,16.6,0.0
2045-10-25,33.7,19.4,0.0
2045-10-26,34.5,18.7,0.0
2045-10-27,36.4,19.0,0.0
2045-10-28,38.53330078125,21.0,0.0
2045-10-29,39.2466796875,23.743929687418344,0.0
2045-10-30,36.72709738362513,23.0,0.0
2045-10-31,35.2,21.0,0.0
2045-11-01,34.744355716878395,21.0,0.0
2045-11-02,34.4,20.896609468930265,0.0
2045-11-03,33.7,20.368111377657456,0.0
2045-11-04,33.5,19.5,0.0
2045-11-05,35.806575207020146,18.7,0.0
2045-11-06,39.05533784638251,19.7,0.0
2045-11-07,32.9,20.70750554903724,0.0
2045-11-08,32.5,19.3,0.0
2045-11-09,34.4,19.6,0.0
2045-11-10,35.5,20.722420650037336,0.0
2045-11-11,35.739253491533795,20.51771103695464,0.0
2045-11-12,40.519287109375,20.4,0.0
2045-11-13,41.070556640625,21.9,0.0
2045-11-14,39.983642578125,22.3,0.0
2045-11-15,40.522705078125,21.9,0.0
2045-11-16,39.615966796875,21.9,0.0
2045-11-17,37.763879823320394,20.724551378751634,0.0
2045-11-18,37.45885825679009,21.571384789069125,0.0
2045-11-19,36.18441654748662,22.1,0.0
2045-11-20,35.2,21.7,0.0
2045-11-21,35.7,21.346042611448624,0.0
2045-11-22,37.24144431764009,21.2,0.0
2045-11-23,38.81483963878396,21.060361359619804,0.0
2045-11-24,39.455014723758545,23.0,0.0
2045-11-25,35.62898514689524,19.5,4.987329992841803
2045-11-26,32.1,19.5,0.0
2045-11-27,33.3,19.4,0.0
2045-11-28,35.1,20.1,0.0
2045-11-29,37.34808236541894,23.3,0.0
2045-11-30,35.1,22.0,0.0
2045-12-01,33.7,20.640196588738295,2.3
2045-12-02,30.8,19.694967153337636,59.52519485991153
2045-12-03,24.094264027283764,18.2,114.9
2045-12-04,22.194271805664894,17.5,98.46164595744719
2045-12-05,24.139597109026603,17.33148213418177,2.4
2045-12-06,25.0,15.477959687351508,0.0
2045-12-07,27.7,12.345364546632299,0.0
2045-12-08,29.7,15.0,0.0
2045-12-09,30.561611494781136,16.1,0.0
2045-12-10,30.0,17.0,0.0
2045-12-11,29.8,18.1,0.0
2045-12-12,30.4,18.2,0.0
2045-12-13,31.6,17.0,0.0
2045-12-14,32.1,16.9,0.0
2045-12-15,32.4,17.0,0.0
2045-12-16,32.4,20.167527141110366,0.0
2045-12-17,32.9,19.4,0.0
2045-12-18,31.7,19.5,4.5
2045-12-19,24.227322569070683,19.4,61.193241551939984
2045-12-20,27.9,19.5,0.8
2045-12-21,30.9,20.0,24.942893617021276
2045-12-22,30.7,19.7745869655367,30.55617021276597
2045-12-23,25.4,20.0,7.6
2045-12-24,25.6,19.8,1.2
2045-12-25,28.4,19.8,12.712522796352589
2045-12-26,25.4,19.6,24.962936170212764
2045-12-27,24.1,19.4,30.6563829787234
2045-12-28,25.5,19.5,13.5
2045-12-29,24.6,19.4,6.9
2045-12-30,23.634800574518636,17.7,55.3674734042553
2045-12-31,24.2,17.8,0.0
2046-01-01,28.4,17.6,0.0
2046-01-02,29.1,16.8,0.0
2046-01-03,28.8058029161366,17.0,0.0
2046-01-04,29.7,16.4,0.0
2046-01-05,30.4,18.4,0.0
2046-01-06,30.587465892307307,19.7,9.650000000000002
2046-01-07,29.9,18.9,9.8
2046-01-08,30.6,19.574898959186118,40.45833333333333
2046-01-09,28.6,19.8,9.4
2046-01-10,29.6,19.6,2.7
2046-01-11,30.2,19.589782752901197,6.3
2046-01-12,27.7,19.3,16.0
2046-01-13,28.6,18.4,3.4
2046-01-14,29.7,19.937669525347804,19.300000000000004
2046-01-15,31.14749699233837,19.626478900804763,15.8
2046-01-16,27.4,18.9,38.64
2046-01-17,27.0,18.7,1.8
2046-01-18,28.4,17.7,0.0
2046-01-19,28.1,19.0,0.0
2046-01-20,28.9,18.1,0.0
2046-01-21,29.6,17.09148825898018,0.0
2046-01-22,30.4,16.7,0.0
2046-01-23,31.7,17.0,0.0
2046-01-24,31.789274899579908,17.2,0.0
2046-01-25,31.855398490317754,18.7,0.0
2046-01-26,31.9,19.6,0.0
2046-01-27,32.6,20.18616736200942,0.0
2046-01-28,32.6,19.990249724026917,0.0
2046-01-29,32.6,18.5,0.0
2046-01-30,30.4,18.0,0.0
2046-01-31,32.0,20.132958109798277,4.733333333333334
2046-02-01,29.5,19.0,25.07112171837709
2046-02-02,26.7,18.9,39.205727923627705
2046-02-03,27.5,18.8,28.257433665590344
2046-02-04,27.0,19.0,10.040175019888627
2046-02-05,27.6,18.70511323003576,9.070167064439142
2046-02-06,29.6,18.9,4.2
2046-02-07,30.7,18.8,0.8
2046-02-08,30.0,19.0,0.9813842482100246
2046-02-09,28.7,17.7,0.0
2046-02-10,28.6,19.0,26.48436754176613
2046-02-11,27.9,18.9,10.040175019888627
2046-02-12,29.5,17.5,0.0
2046-02-13,30.086119403164226,16.7,0.0
2046-02-14,31.6,18.0,0.0
2046-02-15,31.921111104497097,19.15808092599191,0.0
2046-02-16,32.0,19.2,4.025536992840097
2046-02-17,29.691899833606723,19.2,6.4
2046-02-18,30.6,19.0,4.2
2046-02-19,31.635422353800596,19.0,10.2
2046-02-20,30.2,18.8,32.41111489942039
2046-02-21,24.4,19.0,28.263582760073007
2046-02-22,24.4,18.9,9.4
2046-02-23,26.0,18.6,2.3
2046-02-24,27.5,16.5,1.6
2046-02-25,27.9,16.2,1.4
2046-02-26,24.9,18.6,1.4
2046-02-27,28.931733304438897,17.3,0.0
2046-02-28,30.26949429593053,17.0,0.0
2046-03-01,29.9,17.993393057825312,0.0
2046-03-02,29.2,18.4,0.0
2046-03-03,29.9,17.9,0.0
2046-03-04,31.529059829059825,17.3,0.0
2046-03-05,31.8,17.9,0.0
2046-03-06,28.9,19.2,0.0
2046-03-07,26.889928057553956,18.2,0.0
2046-03-08,27.2,18.0,0.0
2046-03-09,29.2,17.0,0.0
2046-03-10,29.6,16.4,0.0
2046-03-11,29.595833333333335,17.0,0.0
2046-03-12,30.178823529411765,16.5,0.0
2046-03-13,29.9,17.4,0.0
2046-03-14,28.9,17.7,0.0
2046-03-15,29.6,17.2,0.0
2046-03-16,31.3,16.7,0.0
2046-03-17,31.1,17.3,0.0
2046-03-18,29.9,17.9,0.0
2046-03-19,30.0,16.9,0.0
2046-03-20,30.7,16.0,0.0
2046-03-21,30.0,15.6,0.0
2046-03-22,31.065476190476193,15.282454251883744,0.0
2046-03-23,30.7,17.9,0.0
2046-03-24,34.21815018144599,19.1,0.0
2046-03-25,32.40680379746835,19.8,0.0
2046-03-26,34.455998883409315,19.4,0.0
2046-03-27,33.3758152173913,19.9,0.0
2046-03-28,33.2,19.979040150277022,0.0
2046-03-29,33.05766423357664,19.97360957814557,1.8390625000000003
2046-03-30,32.236379385015155,19.4,6.4
2046-03-31,27.72,19.2,34.67546296296302
2046-04-01,29.4,18.6,0.0
2046-04-02,30.6,19.025403225806453,0.0
2046-04-03,31.11747572815534,18.4,0.0
2046-04-04,31.339776951672857,18.6,0.0
2046-04-05,31.7,17.7,0.0
2046-04-06,30.4,18.4,0.0
2046-04-07,23.6,16.6,0.0
2046-04-08,29.53333333333333,16.1,0.0
2046-04-09,29.181904761904757,16.4,0.0
2046-04-10,29.2,16.6,0.0
2046-04-11,29.937499999999996,15.5,0.0
2046-04-12,29.8,16.4,0.0
2046-04-13,28.9,16.0,0.0
2046-04-14,29.4,15.2,0.0
2046-04-15,30.0,15.8,0.0
2046-04-16,29.2,16.4,0.0
2046-04-17,29.2,15.4,0.0
2046-04-18,26.2,15.5,0.0
2046-04-19,30.0,15.1,0.0
2046-04-20,30.97368421052632,15.9,0.0
2046-04-21,31.7,17.6,0.0
2046-04-22,31.2,17.6,0.0
2046-04-23,30.9,17.6,0.0
2046-04-24,31.7,16.0,0.0
2046-04-25,31.6,16.6,0.0
2046-04-26,30.2,16.6,0.0
2046-04-27,30.4,16.5,0.0
2046-04-28,30.4,18.6,0.0
2046-04-29,30.6,16.9,0.0
2046-04-30,29.7,15.7,0.0
2046-05-01,30.0,15.2,0.0
2046-05-02,29.81618288299793,14.4,0.0
2046-05-03,30.5,13.6,0.0
2046-05-04,30.2,15.2,0.0
2046-05-05,30.5,13.8,0.0
2046-05-06,31.0,12.9,0.0
2046-05-07,32.7,13.5,0.0
2046-05-08,29.9,18.15877890204519,0.0
2046-05-09,25.0,17.94040764936127,0.0
2046-05-10,23.9,17.27917019636814,1.4965517241379307
2046-05-11,24.5,17.98964016770788,0.125
2046-05-12,26.3,16.289961328389733,0.0
2046-05-13,29.6,16.5,0.0
2046-05-14,30.2,16.02640216077712,0.0
2046-05-15,30.2,15.3,0.0
2046-05-16,29.0,14.6,0.0
2046-05-17,28.0,12.2,0.0
2046-05-18,30.4,12.8,0.0
2046-05-19,31.0,13.6,0.0
2046-05-20,29.1,14.7,0.0
2046-05-21,28.0,13.4,0.0
2046-05-22,30.5,15.013008834338617,0.0
2046-05-23,33.8,16.2,0.0
2046-05-24,31.369901925606964,20.33056640625,0.0
2046-05-25,30.0,15.915441995732042,0.0
2046-05-26,29.8,13.0,0.0
2046-05-27,29.9,12.2,0.0
2046-05-28,30.2,12.1,0.0
2046-05-29,32.0,13.1,0.0
2046-05-30,30.481643017907807,12.4,0.0
2046-05-31,29.2,13.4,0.0
2046-06-01,25.2,13.0,0.0
2046-06-02,24.6,10.8,0.0
2046-06-03,25.4,8.2,0.0
2046-06-04,27.2,9.9,0.0
2046-06-05,28.2,11.8,0.0
2046-06-06,28.3,13.7,0.0
2046-06-07,28.9,14.44806693427481,0.0
2046-06-08,27.0,14.4,0.0
2046-06-09,25.6,13.5,0.0
2046-06-10,27.7,13.6,0.0
2046-06-11,26.3,20.125927734375,0.0
2046-06-12,30.1,20.9220703125,0.0
2046-06-13,30.96155958040074,20.861279296875,0.0
2046-06-14,31.241367898972715,17.091873512576946,0.0
2046-06-15,31.10311378656022,17.931427234829986,0.0
2046-06-16,30.483964941889464,16.982740169821316,0.0
2046-06-17,31.599951171875,16.4,0.0
2046-06-18,32.924658203125,20.17939453125,0.0
2046-06-19,30.147640484773678,23.215283203125,0.0
2046-06-20,29.9,21.0001953125,0.0
2046-06-21,30.955282052305247,16.71964795531774,0.0
2046-06-22,30.95285474144166,16.760664055952596,0.0
2046-06-23,30.5,17.092268923239114,0.0
2046-06-24,29.2,16.150152040915025,0.0
2046-06-25,27.2,14.52593081819306,0.0
2046-06-26,26.0,12.0,0.0
2046-06-27,26.3,10.0,0.0
2046-06-28,28.0,10.1,0.0
2046-06-29,29.320327254869483,11.1,0.0
2046-06-30,30.66032494205231,13.0,0.0
2046-07-01,31.19097756397663,14.0,0.0
2046-07-02,31.456494140625,15.2,0.0
2046-07-03,30.7,17.08974609375,0.0
2046-07-04,31.202473030414925,16.632470703125,0.0
2046-07-05,31.329541015625,16.0,0.0
2046-07-06,28.8,15.835731781444471,0.0
2046-07-07,26.67530296190839,15.2,0.0
2046-07-08,27.5,14.6,0.0
2046-07-09,28.2,15.033735625446282,0.0
2046-07-10,27.7,13.9,0.0
2046-07-11,28.7,12.9,0.0
2046-07-12,30.019877751448213,13.0,0.0
2046-07-13,31.165006324986432,14.313142652109285,0.0
2046-07-14,30.0,15.205671938395295,0.0
2046-07-15,28.1,15.2,0.0
2046-07-16,28.2,15.015737778298815,0.0
2046-07-17,28.6,15.2,0.0
2046-07-18,29.090516348680314,15.2,0.0
2046-07-19,28.5,15.2,0.0
2046-07-20,26.1,15.2,0.0
2046-07-21,25.4,14.739129576046038,0.0
2046-07-22,24.0,12.214029422317902,0.0
2046-07-23,23.6,9.5,0.0
2046-07-24,25.7,6.7,0.0
2046-07-25,27.0,8.3,0.0
2046-07-26,27.5,9.6,0.0
2046-07-27,28.0,10.2,0.0
2046-07-28,28.2,10.4,0.0
2046-07-29,28.3,14.0,0.0
2046-07-30,29.5,14.6,0.0
2046-07-31,31.193929486222512,15.3,0.0
2046-08-01,33.14633502486033,16.7,0.0
2046-08-02,32.1,18.071104096363257,0.0
2046-08-03,29.865731583298146,16.7,0.0
2046-08-04,32.090605051693494,16.1,0.0
2046-08-05,35.53443424301884,16.7,0.0
2046-08-06,35.84060518248961,26.778076171875,0.0
2046-08-07,32.9,27.296142578125,0.0
2046-08-08,32.14363017484653,17.718148231772943,0.0
2046-08-09,31.1,16.9,0.0
2046-08-10,29.4,15.7,0.0
2046-08-11,26.343351651464506,15.727553699863714,0.0
2046-08-12,22.7,12.0,0.0
2046-08-13,22.610512892650945,9.2,0.0
2046-08-14,24.0,9.0,0.0
2046-08-15,24.8,10.2,0.0
2046-08-16,26.9,10.9,0.0
2046-08-17,29.2,11.9,0.0
2046-08-18,30.9,12.4,0.0
2046-08-19,28.0,15.7,0.0
2046-08-20,28.6,14.3,0.0
2046-08-21,31.9,14.4,0.0
2046-08-22,35.04223539095871,15.7,0.0
2046-08-23,34.99766620356725,13.5,0.0
2046-08-24,33.058607581824155,13.8,0.0
2046-08-25,31.81742482490598,16.9,0.0
2046-08-26,31.1,16.8134666096333,0.0
2046-08-27,31.0,16.141068338200046,0.0
2046-08-28,31.8,15.2,0.0
2046-08-29,30.9,14.7,0.0
2046-08-30,30.0,13.529163463017069,0.0
2046-08-31,30.8,14.1,0.0
2046-09-01,30.4,14.9,0.0
2046-09-02,30.2,16.0,0.0
2046-09-03,29.1,15.4,0.0
2046-09-04,28.9,14.696251390433815,0.0
2046-09-05,29.2,13.8,0.0
2046-09-06,30.5,13.9,0.0
2046-09-07,31.7,14.7,0.0
2046-09-08,32.93852790363277,15.9,0.0
2046-09-09,39.593017578125,18.0,0.0
2046-09-10,36.05882678510051,17.5,0.0
2046-09-11,35.3,16.4,0.0
2046-09-12,36.062800516388855,13.9,0.0
2046-09-13,39.68896484375,19.3,0.0
2046-09-14,36.30609465342828,23.831298828125,0.0
2046-09-15,36.744056624439196,22.838156319961683,0.0
2046-09-16,36.02964824392607,21.880897948232022,0.0
2046-09-17,33.5,20.2,0.0
2046-09-18,33.4,19.2,0.0
2046-09-19,32.7,18.9,0.0
2046-09-20,33.3,19.0,0.0
2046-09-21,34.6,18.9,0.0
2046-09-22,34.87293103448276,18.6,0.0
2046-09-23,35.590529782547065,18.3,0.0
2046-09-24,40.386962890625,18.9,0.0
2046-09-25,40.83349609375,19.6,0.0
2046-09-26,36.026753096844566,20.3452327898497,0.0
2046-09-27,28.0,17.582840472642562,0.0
2046-09-28,27.770543953375423,14.4,0.0
2046-09-29,29.9,13.8,0.0
2046-09-30,32.1,13.8,0.0
2046-10-01,34.9,16.7,0.0
2046-10-02,35.5,19.4,0.0
2046-10-03,36.980507861440984,19.4,0.0
2046-10-04,32.1,19.7,0.0
2046-10-05,32.0,17.0,0.0
2046-10-06,34.0,15.6,0.0
2046-10-07,35.4,17.2,0.0
2046-10-08,35.8,19.3,0.0
2046-10-09,30.2,16.9,0.0
2046-10-10,27.2,13.670547844314768,0.0
2046-10-11,28.7,12.9,0.0
2046-10-12,33.1,12.0,0.0
2046-10-13,35.2,16.3,0.0
2046-10-14,35.6,18.2,0.0
2046-10-15,38.0,18.192357373519908,0.0
2046-10-16,38.83603515625,19.4,0.0
2046-10-17,39.57626953125,20.417813671796445,0.0
2046-10-18,35.6,21.9,0.0
2046-10-19,33.4,19.6,0.0
2046-10-20,34.44827073353108,18.942465016146386,0.0
2046-10-21,34.3,18.0,0.0
2046-10-22,33.3,19.0,0.0
2046-10-23,33.3,18.7,0.0
2046-10-24,35.4,18.9,0.0
2046-10-25,36.72138353726851,20.3,0.0
2046-10-26,38.857275390625,20.2,0.0
2046-10-27,37.266330079043705,21.7,0.0
2046-10-28,36.133799784714725,20.9,0.0
2046-10-29,37.7945089887779,20.6,0.0
2046-10-30,38.784521484375,21.4,0.0
2046-10-31,34.6,21.5,0.0
2046-11-01,34.8,20.0,0.0
2046-11-02,35.5,20.3,0.0
2046-11-03,39.40772251027395,23.012649089324672,0.0
2046-11-04,35.1,22.0,0.0
2046-11-05,33.9,20.1,0.0
2046-11-06,35.7,19.7,0.0
2046-11-07,37.392305145251825,20.837112071498186,0.0
2046-11-08,39.609619140625,21.7,0.0
2046-11-09,39.696533203125,22.75285309469046,0.0
2046-11-10,39.09397904520533,24.446142578125,0.0
2046-11-11,40.43408203125,23.3,0.0
2046-11-12,40.6533203125,23.22477491330236,0.0
2046-11-13,40.504150390625,22.294491671003808,0.0
2046-11-14,39.720703125,21.807306619347784,0.0
2046-11-15,41.525146484375,21.73487466432962,0.0
2046-11-16,33.7,21.163326410633946,0.0
2046-11-17,32.4,19.6,0.0
2046-11-18,34.9,20.0,0.0
2046-11-19,39.7705078125,20.9,0.0
2046-11-20,37.95643724958691,22.29436482639941,0.0
2046-11-21,29.6,19.9,2.3318897637795275
2046-11-22,28.485720886455034,19.3,40.93192004845548
2046-11-23,30.9,19.1,45.256496062992134
2046-11-24,30.1,19.2,64.60502671541059
2046-11-25,27.1,19.1,22.5
2046-11-26,26.5,19.1,12.390944881889771
2046-11-27,26.7,19.0,40.01653543307088
2046-11-28,28.9,19.5,10.751131889763784
2046-11-29,28.698309442357335,19.1,34.597019122609694
2046-11-30,27.61203652206155,18.5,0.9
2046-12-01,28.2,18.9,0.0
2046-12-02,28.4,19.4,0.0
2046-12-03,30.002542826387806,19.2,0.0
2046-12-04,28.0,18.7,15.541489361702132
2046-12-05,29.0,19.9,23.8
2046-12-06,30.4,19.4,0.0
2046-12-07,31.0,19.4,1.6
2046-12-08,31.3,19.6,4.4
2046-12-09,30.2,19.6,6.6
2046-12-10,24.8,19.40541283707322,30.06574468085106
2046-12-11,27.0,19.4,0.0
2046-12-12,26.2,17.892828831535134,0.0
2046-12-13,29.0,17.5,0.0
2046-12-14,29.6,16.7,0.0
2046-12-15,27.5,18.5,0.8
2046-12-16,28.6,19.4,2.3
2046-12-17,31.0,19.4,0.6
2046-12-18,29.0,18.7,4.342765957446808
2046-12-19,24.1,19.5,1.3
2046-12-20,28.2,19.4,0.0
2046-12-21,30.7,18.9,0.0
2046-12-22,30.6,20.0,0.0
2046-12-23,31.44841008931428,19.6,0.10063829787234044
2046-12-24,32.4,19.9,6.249787234042553
2046-12-25,32.1,20.0,6.274840425531916
2046-12-26,30.8,20.050339461764803,12.29056737588653
2046-12-27,29.18097739504843,20.2,13.080851063829797
2046-12-28,30.0,20.017805794830345,6.953617021276596
2046-12-29,30.0,20.0,1.4
2046-12-30,30.2,19.9,0.0
2046-12-31,31.6,19.9,1.014255319148937
2047-01-01,30.1,19.6,34.0
2047-01-02,27.1,19.6,38.2
2047-01-03,24.0,19.1,29.166666666666668
2047-01-04,28.9,18.9,23.285714285714285
2047-01-05,29.685409067488354,19.0,27.93333333333333
2047-01-06,29.05100287047004,19.3,2.4
2047-01-07,29.327199156743536,19.2,2.0
2047-01-08,29.4,18.2,0.0
2047-01-09,29.5,18.1,0.0
2047-01-10,29.9,19.844018740626296,0.0
2047-01-11,30.8,19.0,0.0
2047-01-12,31.8,18.9,0.0
2047-01-13,29.1,19.5,1.9
2047-01-14,26.6,19.0,0.0
2047-01-15,26.8,18.4,0.0
2047-01-16,29.1,16.8,0.0
2047-01-17,29.7,16.5,0.0
2047-01-18,30.0,17.0,0.0
2047-01-19,30.6,17.1,0.0
2047-01-20,31.119066675109217,17.4,0.0
2047-01-21,31.87018934807955,17.58654467168999,0.0
2047-01-22,32.64552984092809,17.8,0.0
2047-01-23,36.094591299621314,18.0,0.0
2047-01-24,37.227490234375,18.6,0.0
2047-01-25,31.96291998961238,19.6,7.2
2047-01-26,32.0,19.0,0.0
2047-01-27,36.596175878031346,20.67135595336091,1.8
2047-01-28,30.9,19.8,5.3
2047-01-29,29.5,19.6,66.58571428571427
2047-01-30,25.2,19.3,3.6
2047-01-31,27.2,17.5,0.0
2047-02-01,29.0,15.7,0.0
2047-02-02,30.2,16.7,0.0
2047-02-03,30.0,19.22055897003521,0.0
2047-02-04,30.2,18.6,0.0
2047-02-05,31.9,17.4,0.0
2047-02-06,32.755171973437754,17.9,0.0
2047-02-07,32.03162068212651,19.8935534997281,0.0
2047-02-08,29.0,19.2,2.3
2047-02-09,31.77495731726959,18.8,0.0
2047-02-10,31.8,19.53328453556435,0.0
2047-02-11,31.8,19.2,0.0
2047-02-12,32.9,18.9,0.0
2047-02-13,35.92430419921875,19.2,0.0
2047-02-14,32.9,21.01600341796875,0.0
2047-02-15,27.2,19.647865088653905,15.8
2047-02-16,28.5,19.0,0.0
2047-02-17,30.0,18.9,0.0
2047-02-18,30.9,19.2,0.0
2047-02-19,31.258349121924663,19.0,0.0
2047-02-20,32.0,19.363221564178307,0.0
2047-02-21,31.6,19.535236361792034,0.0
2047-02-22,31.6,19.1,0.0
2047-02-23,32.8,18.6,0.0
2047-02-24,32.93132520921789,18.8,0.0
2047-02-25,30.9,19.7,0.0
2047-02-26,31.0,19.0,0.0
2047-02-27,31.0,19.2,2.3
2047-02-28,29.0,19.0,0.4
2047-03-01,32.5,18.5,0.0
2047-03-02,32.6,19.8,0.0
2047-03-03,33.2,18.9,0.0
2047-03-04,34.45229180236343,19.1,0.0
2047-03-05,34.55747464408673,19.9,1.6
2047-03-06,33.2,19.6,4.3
2047-03-07,32.0,19.3,0.0
2047-03-08,32.6,19.1,0.0
2047-03-09,33.00583941605839,18.8,0.0
2047-03-10,32.71901408450704,19.4,0.2
2047-03-11,33.37826086956522,22.2759765625,0.0
2047-03-12,33.2,20.3,10.9
2047-03-13,27.9,19.8,31.9
2047-03-14,29.9,19.56346835189917,0.0
2047-03-15,28.5,19.741564094163888,0.0
2047-03-16,30.5,19.6,0.0
2047-03-17,33.0,18.7,0.0
2047-03-18,29.33548387096774,19.9,0.0
2047-03-19,31.496907216494844,19.9,10.6
2047-03-20,31.1,19.7826759191106,13.203846153846156
2047-03-21,28.3,19.9,0.8
2047-03-22,30.5,19.9,1.5
2047-03-23,31.3,19.0,0.0
2047-03-24,30.0,18.7,0.0
2047-03-25,30.0,19.9,0.2
2047-03-26,27.0,19.1,0.9
2047-03-27,28.9,19.47675841177134,0.0
2047-03-28,30.0,19.41130421572152,0.0
2047-03-29,31.0,18.7,0.0
2047-03-30,31.0,18.4,0.0
2047-03-31,31.2,17.9,0.0
2047-04-01,35.25850400712383,16.4,0.0
2047-04-02,36.760009765625,16.0,0.0
2047-04-03,36.660888671875,17.3,0.0
2047-04-04,32.875,18.6,0.0
2047-04-05,32.28083832335329,19.4,0.0
2047-04-06,33.2,19.7,0.0
2047-04-07,30.7,19.0,0.0
2047-04-08,30.6,17.8,0.0
2047-04-09,31.2,16.9,0.0
2047-04-10,32.21377245508982,17.4,0.0
2047-04-11,32.0,18.4,0.0
2047-04-12,33.715,19.0,0.0
2047-04-13,33.7775,19.7,0.0
2047-04-14,35.72412109375,19.7,0.0
2047-04-15,36.5478515625,19.07171215880893,0.0
2047-04-16,36.70654296875,19.7,0.0
2047-04-17,25.6,19.7,0.0
2047-04-18,28.3,19.7,0.0
2047-04-19,31.7,18.0,0.0
2047-04-20,32.0,18.60126782884311,0.0
2047-04-21,30.7,17.784390243902436,0.0
2047-04-22,30.7,16.9,0.0
2047-04-23,31.394052044609662,16.6,0.0
2047-04-24,30.7,18.60126782884311,0.0
2047-04-25,31.1,19.7,0.0
2047-04-26,27.2,18.422641509433962,0.0
2047-04-27,28.7,18.931272727272727,0.0
2047-04-28,30.4,18.139155470249516,0.0
2047-04-29,30.7,16.0,0.0
2047-04-30,30.7,15.5,0.0
2047-05-01,30.5,14.9,0.0
2047-05-02,29.3,14.249014944801853,0.0
2047-05-03,28.2,13.5,0.0
2047-05-04,30.0,11.63245741784334,0.0
2047-05-05,31.0,13.9,0.0
2047-05-06,33.43752489936288,15.909869129227783,0.0
2047-05-07,33.85029296875,17.8,0.0
2047-05-08,33.8,19.792236328125,0.0
2047-05-09,32.7,20.195068359375,0.0
2047-05-10,30.5,17.282061897694884,0.0
2047-05-11,33.264752734726436,14.5,0.0
2047-05-12,33.13767969213551,15.693074991029764,0.0
2047-05-13,29.16621217557708,16.5,0.0
2047-05-14,28.5,12.9,0.0
2047-05-15,28.9,12.1,0.0
2047-05-16,28.4,12.5,0.0
2047-05-17,29.0,12.871106925008952,0.0
2047-05-18,29.9,12.4,0.0
2047-05-19,30.2,12.6,0.0
2047-05-20,30.5,14.7,0.0
2047-05-21,30.85625515496343,15.6,0.0
2047-05-22,30.8,20.31640625,0.0
2047-05-23,31.0,18.08081942949406,0.0
2047-05-24,32.7,17.8,0.0
2047-05-25,33.502093336317515,18.164773591675615,0.0
2047-05-26,31.0,17.9452790774924,0.0
2047-05-27,27.0,15.2,0.0
2047-05-28,27.8,15.3,0.0
2047-05-29,27.5,12.6,0.0
2047-05-30,28.0,11.7,0.0
2047-05-31,29.6,10.9,0.0
2047-06-01,30.4,14.0,0.0
2047-06-02,31.053925538179662,16.4,0.0
2047-06-03,30.852429929969126,17.064326569779926,0.0
2047-06-04,29.24118748723072,14.7,0.0
2047-06-05,27.6,13.465892422842717,0.0
2047-06-06,29.28070815645503,11.5,0.0
2047-06-07,31.065871255643508,11.5,0.0
2047-06-08,29.75783790330551,13.7,0.0
2047-06-09,25.7,14.4,0.0
2047-06-10,24.8,12.9,0.0
2047-06-11,26.781124706463984,13.334374530258849,0.0
2047-06-12,28.089193666721894,13.0,0.0
2047-06-13,27.7,14.35565932797449,0.0
2047-06-14,26.2,12.0,0.0
2047-06-15,26.1,11.2,0.0
2047-06-16,26.7,11.2,0.0
2047-06-17,26.9,11.3,0.0
2047-06-18,26.0,11.512618959337539,0.0
2047-06-19,25.5,11.4,0.0
2047-06-20,26.3,11.6,0.0
2047-06-21,27.5004375231739,12.9,0.0
2047-06-22,28.19285999118518,13.5,0.0
2047-06-23,28.2,13.348561965747734,0.0
2047-06-24,27.8,13.0,0.0
2047-06-25,26.6,12.9,0.0
2047-06-26,25.7,11.4,0.0
2047-06-27,26.7,11.2,0.0
2047-06-28,29.3,11.6,0.0
2047-06-29,31.6041015625,13.2,0.0
2047-06-30,31.289326441143764,13.2,0.0
2047-07-01,29.7,15.579575900495893,0.0
2047-07-02,28.6,15.359494923410084,0.0
2047-07-03,27.4,15.1,0.0
2047-07-04,26.4,14.2,0.0
2047-07-05,25.9,13.4,0.0
2047-07-06,24.0,11.6,0.0
2047-07-07,25.7,10.7,0.0
2047-07-08,26.4,13.4,0.0
2047-07-09,25.9,14.6,0.0
2047-07-10,24.630483866733172,12.9,0.0
2047-07-11,25.2,11.2,0.0
2047-07-12,26.2,10.0,0.0
2047-07-13,25.4,12.7,0.0
2047-07-14,24.9,11.2,0.0
2047-07-15,24.5,11.0,0.0
2047-07-16,24.9,10.6,0.0
2047-07-17,23.8,10.6,0.0
2047-07-18,22.3,14.2,0.0
2047-07-19,21.1,12.1,0.0
2047-07-20,22.3,9.9,0.0
2047-07-21,22.7,10.2,0.0
2047-07-22,23.5,9.5,0.0
2047-07-23,24.7,10.8,0.0
2047-07-24,25.0,11.2,0.0
2047-07-25,25.6,11.0,0.0
2047-07-26,26.7,11.789699428666076,0.0
2047-07-27,27.4,12.8,0.0
2047-07-28,27.6,12.8,0.0
2047-07-29,28.3,13.720045246392141,0.0
2047-07-30,29.5,14.4,0.0
2047-07-31,31.113005581001858,15.2,0.0
2047-08-01,29.20721205597416,15.0,0.0
2047-08-02,25.4,15.2,0.0
2047-08-03,24.0,13.0,0.0
2047-08-04,24.9,12.0,0.0
2047-08-05,25.6,12.3,0.0
2047-08-06,26.302696731063392,11.9,0.0
2047-08-07,28.2,12.3,0.0
2047-08-08,29.8,12.9,0.0
2047-08-09,26.2,15.4,0.0
2047-08-10,24.0,13.0,0.0
2047-08-11,23.994206869556706,11.6,0.0
2047-08-12,24.5,10.6,0.0
2047-08-13,26.7,10.5,0.0
2047-08-14,30.0,11.9,0.0
2047-08-15,30.57274658659566,14.5,0.0
2047-08-16,28.7,15.735589822785974,0.0
2047-08-17,27.7,14.1,0.0
2047-08-18,29.3,13.6,0.0
2047-08-19,29.0,14.0,0.0
2047-08-20,26.3,15.0,0.0
2047-08-21,25.2,13.225357527295095,0.0
2047-08-22,26.6,12.9,0.0
2047-08-23,27.30218649085037,12.6,0.0
2047-08-24,28.9,13.0,0.0
2047-08-25,30.0,14.5,0.0
2047-08-26,31.0,15.0,0.0
2047-08-27,31.4,15.2,0.0
2047-08-28,29.8,16.7,0.0
2047-08-29,28.4,15.8,0.0
2047-08-30,29.375969510953365,15.1,0.0
2047-08-31,30.5,16.0,0.0
2047-09-01,28.9,15.9,0.0
2047-09-02,29.2,13.6,0.0
2047-09-03,30.4,12.8,0.0
2047-09-04,30.7,14.1,0.0
2047-09-05,31.1,14.9,0.0
2047-09-06,31.1,15.4,0.0
2047-09-07,31.3,15.6,0.0
2047-09-08,31.00528894538905,17.0,0.0
2047-09-09,29.4,16.9,0.0
2047-09-10,31.0,14.2,0.0
2047-09-11,33.5,14.6,0.0
2047-09-12,31.4,18.6,0.0
2047-09-13,31.9,17.5,0.0
2047-09-14,34.6,17.6,0.0
2047-09-15,36.195131912424024,18.5,0.0
2047-09-16,34.634823717173674,20.2,0.0
2047-09-17,35.13398706632211,19.0,0.0
2047-09-18,36.982741835913146,19.099815491639742,0.0
2047-09-19,40.1455078125,19.6,0.0
2047-09-20,40.40576171875,20.184768371164147,0.0
2047-09-21,40.461181640625,23.493408203125,0.0
2047-09-22,34.0,20.5,0.0
2047-09-23,34.0,19.6,0.0
2047-09-24,35.56285224323322,19.9,0.0
2047-09-25,39.2587890625,20.762892102335943,0.0
2047-09-26,39.03759765625,23.927001953125,0.0
2047-09-27,35.2,21.423125943455883,0.0
2047-09-28,35.535076672493254,20.6,0.0
2047-09-29,39.94189453125,20.5,0.0
2047-09-30,36.104581462506324,24.165771484375,0.0
2047-10-01,33.0,20.3,0.0
2047-10-02,29.5,18.567571011181652,0.0
2047-10-03,31.5,18.5,0.0
2047-10-04,31.5,18.2,0.0
2047-10-05,32.9,17.1,0.0
2047-10-06,33.9,17.1,0.0
2047-10-07,35.5,17.3,0.0
2047-10-08,38.12121683891251,18.5,0.0
2047-10-09,35.2,21.0,0.0
2047-10-10,34.7,19.4,0.0
2047-10-11,37.75636803055231,19.0,0.0
2047-10-12,39.24033203125,20.6,0.0
2047-10-13,38.15578889318986,22.95769761782187,0.0
2047-10-14,35.2,20.55720400396666,0.0
2047-10-15,36.4,20.1,0.0
2047-10-16,38.73740234375,20.2,0.0
2047-10-17,38.642919921875,20.6,0.0
2047-10-18,38.0,21.1,0.0
2047-10-19,38.0,21.2,0.0
2047-10-20,38.988623046875,20.7,0.0
2047-10-21,38.55478515625,21.7,0.0
2047-10-22,41.1294921875,21.2,0.0
2047-10-23,39.623388671875,21.4,0.0
2047-10-24,37.2,21.7,0.0
2047-10-25,31.9,19.2,0.0
2047-10-26,32.5,19.8,0.0
2047-10-27,33.75227125941873,18.5,0.0
2047-10-28,35.7,18.0,0.0
2047-10-29,38.08664478463516,18.7,0.0
2047-10-30,39.324072265625,20.4,0.0
2047-10-31,37.87317471511819,22.275672766415486,0.0
2047-11-01,39.53564453125,20.9,0.0
2047-11-02,41.392822265625,20.7,0.0
2047-11-03,40.26953125,23.0,0.0
2047-11-04,37.875375444128856,21.2,0.0
2047-11-05,39.87890625,20.5,0.0
2047-11-06,39.40195516716602,21.717152166829596,0.0
2047-11-07,33.5,21.1,0.0
2047-11-08,34.0,20.0,0.0
2047-11-09,37.49141827579546,19.83326210409227,0.0
2047-11-10,40.08642578125,21.164764960424872,0.0
2047-11-11,40.980224609375,23.0,0.0
2047-11-12,41.560546875,23.3,0.0
2047-11-13,41.12158203125,23.3,0.0
2047-11-14,39.048417034653085,20.473694579840764,1.0
2047-11-15,33.30498818131256,19.5,1.0
2047-11-16,33.9,20.854451313035533,0.0
2047-11-17,32.0,20.1,0.0
2047-11-18,33.3,20.0,0.0
2047-11-19,39.16895450560775,20.0,0.0
2047-11-20,40.68359375,23.017978615080867,0.0
2047-11-21,40.780517578125,24.7134765625,0.0
2047-11-22,40.47265625,23.3,0.0
2047-11-23,39.87158203125,23.0,0.0
2047-11-24,37.800079700206254,21.9,0.0
2047-11-25,35.2,21.5,0.0
2047-11-26,38.127018387859714,21.9,0.0
2047-11-27,38.431228039177064,21.2,0.0
2047-11-28,39.75634765625,20.1,1.4
2047-11-29,32.6,19.7,0.8098425196850393
2047-11-30,33.74770114942528,19.7,22.486811023622053
2047-12-01,26.1,20.0,12.6
2047-12-02,29.2,19.9,5.0
2047-12-03,30.5,18.1,0.0
2047-12-04,28.4,17.5,0.0
2047-12-05,28.3,17.5,0.0
2047-12-06,32.1,18.6,0.0
2047-12-07,33.7,19.4,0.0
2047-12-08,33.04635069301876,19.9,0.0
2047-12-09,31.4,19.919458362702823,0.0
2047-12-10,32.1,18.9,0.0
2047-12-11,33.1,18.6,0.0
2047-12-12,33.7,19.0,0.0
2047-12-13,35.1248046875,20.0,0.0
2047-12-14,36.2126953125,20.449784526231063,1.0
2047-12-15,30.4,20.5,2.3
2047-12-16,31.3,20.336499429580158,0.0
2047-12-17,32.4,19.964746531394304,0.0
2047-12-18,33.1,20.0,0.0
2047-12-19,32.970800809575664,20.873807111126002,0.0
2047-12-20,33.695132245668376,21.0,0.0
2047-12-21,31.7,20.355670672978814,0.0
2047-12-22,32.9,20.024238482887085,0.0
2047-12-23,34.54716796875,20.552824023093745,0.0
2047-12-24,34.5720703125,20.52091786126642,0.0
2047-12-25,33.7,21.058132736813764,0.0
2047-12-26,34.287158203125,20.998812018574906,0.0
2047-12-27,35.0212890625,21.413555246961714,0.0
2047-12-28,35.7830078125,22.80581107023886,0.0
2047-12-29,35.642138671875,21.03645680959748,0.0
2047-12-30,35.6462890625,20.552355559606593,0.3
2047-12-31,31.2,20.5,12.669574468085111
2048-01-01,31.6,20.153543344347135,9.68333333333333
2048-01-02,29.2,20.01651813186534,17.950000000000003
2048-01-03,29.9,20.90662841796875,32.2
2048-01-04,31.2,20.057515068954263,1.4
2048-01-05,31.634822264013426,19.985130529766074,3.0
2048-01-06,30.7,19.8,50.36666666666672
2048-01-07,30.0,19.1,0.0
2048-01-08,30.0,18.7,5.2
2048-01-09,30.5,19.5,5.6
2048-01-10,30.2,19.96326549665199,9.0
2048-01-11,29.0,19.64606577915481,25.7
2048-01-12,27.6,19.93686693980693,26.0
2048-01-13,31.657088622970175,19.93732246133014,0.6
2048-01-14,34.315118095651414,19.8,1.4
2048-01-15,28.4,19.606386088327586,1.8
2048-01-16,30.0,19.6,5.7
2048-01-17,31.622335049193087,18.90616263681994,27.4
2048-01-18,28.1,19.2,8.4
2048-01-19,28.4,18.9,1.4
2048-01-20,29.0,18.0,0.0
2048-01-21,30.4,19.8,9.633333333333333
2048-01-22,30.6,20.122047284742326,8.4
2048-01-23,30.8,19.993329917183868,1.4
2048-01-24,32.6,19.3,0.6
2048-01-25,37.11982421875,19.9,1.6
2048-01-26,30.767994259059922,20.8283203125,1.2
2048-01-27,35.68162590467628,20.00708232888459,6.3
2048-01-28,36.917431640625,19.580631231089903,0.0
2048-01-29,33.2162402206899,19.8,12.2
2048-01-30,28.8,19.8,35.11428571428572
2048-01-31,26.1,19.6,45.10000000000006
2048-02-01,26.4,18.726136025029817,27.93167405386976
2048-02-02,29.7570742480544,17.9,0.0
2048-02-03,30.5,19.0,7.502147971360385
2048-02-04,31.11461218990368,18.2,1.4
2048-02-05,32.0,19.2,0.0
2048-02-06,32.0,19.211001837105332,1.9
2048-02-07,30.4,19.2,1.0
2048-02-08,29.6,19.2,31.0
2048-02-09,29.6,19.2,62.51697238322555
2048-02-10,29.1,18.9,0.0
2048-02-11,29.0,18.9,0.0
2048-02-12,28.0,19.09129594433527,0.0
2048-02-13,30.4,17.8,0.0
2048-02-14,31.263843896188,18.9,0.0
2048-02-15,31.6,19.2,1.6
2048-02-16,32.05117506113069,18.9,0.0
2048-02-17,32.0,19.0,8.913365155131268
2048-02-18,30.0,19.372155913024145,28.248210023866353
2048-02-19,30.0,17.8,0.0
2048-02-20,30.2,17.4,3.8
2048-02-21,28.9,19.4,12.2
2048-02-22,25.1,19.0,17.39826968973747
2048-02-23,27.9,18.7,2.0
2048-02-24,27.5,18.8,3.2
2048-02-25,27.1,19.16754091582936,0.0
2048-02-26,25.2,19.2,49.94105011933175
2048-02-27,26.3,19.135438494505784,17.0
2048-02-28,28.1,19.2,3.8
2048-03-01,30.5,19.1,4.3
2048-03-02,26.6,18.8,28.983750000000015
2048-03-03,26.7,19.3,40.88433948863638
2048-03-04,28.2,19.29465444223248,31.9
2048-03-05,29.0,19.0,41.680042613636395
2048-03-06,24.5,18.9,51.677083333333364
2048-03-07,27.6,19.032364096080894,4.6
2048-03-08,30.1,18.7,3.5875000000000004
2048-03-09,30.7,19.0,10.915625
2048-03-10,26.9,19.3,4.8
2048-03-11,27.9,19.143047017551012,13.993125
2048-03-12,28.2,19.4,36.12564338235294
2048-03-13,28.2,18.9,20.520738636363635
2048-03-14,28.5,18.4,0.3
2048-03-15,28.8,18.5,0.0
2048-03-16,28.1,17.787911265034865,0.3
2048-03-17,26.52176870748299,18.7,0.4
2048-03-18,27.7,18.9,0.3
2048-03-19,28.9,19.4,27.288281250000008
2048-03-20,27.9,18.99078216756013,0.0
2048-03-21,28.7,18.4,0.0
2048-03-22,29.9,17.0,0.0
2048-03-23,29.2,17.4,0.0
2048-03-24,28.7,18.2,0.0
2048-03-25,29.5,17.2,0.0
2048-03-26,30.7,16.8,0.0
2048-03-27,28.6,17.9,0.8515625000000002
2048-03-28,25.2,18.6,0.8
2048-03-29,25.5,17.0,0.0
2048-03-30,25.640625,16.2,0.0
2048-03-31,25.2,16.3,0.0
2048-04-01,26.6,14.9,0.0
2048-04-02,28.5,13.9,0.0
2048-04-03,28.9,17.4,0.0
2048-04-04,27.2,19.0,0.0
2048-04-05,27.5,16.3,0.0
2048-04-06,27.130769230769232,14.9,0.0
2048-04-07,27.6,13.0,0.0
2048-04-08,28.6,11.4,0.0
2048-04-09,29.2,11.4,0.0
2048-04-10,28.6,16.4,0.0
2048-04-11,30.2,18.637242472266248,0.0
2048-04-12,30.2,17.3,0.0
2048-04-13,29.9,18.4,0.0
2048-04-14,30.0,19.0,0.0
2048-04-15,29.5,19.0,20.400000000000002
2048-04-16,29.2,19.2,0.0
2048-04-17,29.0,19.0,1.6
2048-04-18,27.2,17.5,0.0
2048-04-19,24.2,17.7,1.2
2048-04-20,26.8,17.3,0.0
2048-04-21,29.5,16.3,0.0
2048-04-22,28.7,16.6,0.0
2048-04-23,26.5,19.234689619196658,0.0
2048-04-24,27.5,15.0,0.0
2048-04-25,28.3,13.8,0.0
2048-04-26,28.6,11.5,0.0
2048-04-27,29.9,10.4,0.0
2048-04-28,30.9,12.0,0.0
2048-04-29,29.7,15.0,0.0
2048-04-30,26.8,18.4,0.0
2048-05-01,26.0,17.8,0.0
2048-05-02,28.0,15.0,0.0
2048-05-03,27.1,13.1,0.0
2048-05-04,28.6,11.9,0.0
2048-05-05,30.0,12.6,0.0
2048-05-06,30.0,14.0,0.0
2048-05-07,25.6,15.2,0.0
2048-05-08,30.0,16.2,0.0
2048-05-09,29.4,14.216056274563789,0.0
2048-05-10,28.8,12.3,0.0
2048-05-11,29.158988159311082,11.5,0.0
2048-05-12,28.3,12.5,0.0
2048-05-13,28.3,12.0,0.0
2048-05-14,28.2,13.10478767249487,0.0
2048-05-15,29.2,14.8,0.0
2048-05-16,29.5,12.406861047409555,0.0
2048-05-17,29.2,13.2,0.0
2048-05-18,29.3,12.6,0.0
2048-05-19,30.0,17.068833167136614,0.0
2048-05-20,29.7,16.43196932805817,0.0
2048-05-21,29.7,16.219371686002454,0.0
2048-05-22,28.6,13.9,0.0
2048-05-23,29.0,12.3,0.0
2048-05-24,30.2,12.9,0.0
2048-05-25,30.9386555807134,14.604353800700808,0.0
2048-05-26,30.7,15.2,0.0
2048-05-27,30.0,17.8,0.0
2048-05-28,26.7,17.9500468582165,0.0
2048-05-29,23.4,15.6,0.0
2048-05-30,26.6,14.9,0.0
2048-05-31,28.4,13.0,0.0
2048-06-01,27.2,12.5,0.0
2048-06-02,27.9,12.023580121703857,0.0
2048-06-03,29.0,12.9,0.0
2048-06-04,27.6,13.672374654966427,0.0
2048-06-05,25.5,12.9,0.0
2048-06-06,26.1,11.9,0.0
2048-06-07,27.8,11.7,0.0
2048-06-08,29.2,12.623984095803852,0.0
2048-06-09,29.3,14.2,0.0
2048-06-10,29.0,15.0,0.0
2048-06-11,29.702216726002483,14.7,0.0
2048-06-12,31.129025453117816,15.9,0.0
2048-06-13,30.770934058186704,16.930545962416442,0.0
2048-06-14,30.1,16.440560179267706,0.0
2048-06-15,30.5,15.301433552886488,0.0
2048-06-16,31.354061689458884,15.335811325942684,0.0
2048-06-17,32.269140625,16.43977615226988,0.0
2048-06-18,32.344580078125,15.9,0.0
2048-06-19,30.961392179651526,16.500675404336402,0.0
2048-06-20,28.9,15.56845970526726,0.0
2048-06-21,27.9,13.491821421164774,0.0
2048-06-22,28.950674564414435,13.4,0.0
2048-06-23,25.5,15.268994888202892,0.0
2048-06-24,23.4,14.5,0.0
2048-06-25,27.1,12.4,0.0
2048-06-26,28.3,13.6,0.0
2048-06-27,27.9,14.0,0.0
2048-06-28,25.7,13.00264117753577,0.0
2048-06-29,25.4,12.9,0.0
2048-06-30,24.8,14.1,0.0
2048-07-01,22.534252885072714,15.250378129226354,0.0
2048-07-02,24.4,12.8,0.0
2048-07-03,25.0,11.499881317104126,0.0
2048-07-04,24.7,12.7,0.0
2048-07-05,23.3,12.9,0.0
2048-07-06,23.8,10.6,0.0
2048-07-07,23.7,12.0,0.0
2048-07-08,24.2,11.9,0.0
2048-07-09,25.3,11.2,0.0
2048-07-10,26.4,11.0,0.0
2048-07-11,27.4,12.0,0.0
2048-07-12,27.7,14.0,0.0
2048-07-13,28.56629237506819,14.2,0.0
2048-07-14,28.2,14.2,0.0
2048-07-15,28.2,13.5,0.0
2048-07-16,29.836787506945587,14.0,0.0
2048-07-17,30.993012067969477,15.060398277717972,0.0
2048-07-18,31.16228147368254,15.709725791297725,0.0
2048-07-19,31.183682909965174,16.664697265625,0.0
2048-07-20,29.2,16.07275450054717,0.0
2048-07-21,28.2,15.0,0.0
2048-07-22,27.0,15.167229920069616,0.0
2048-07-23,25.9,14.2,0.0
2048-07-24,25.7,13.0,0.0
2048-07-25,25.1,13.063734988074883,0.0
2048-07-26,25.0,12.8,0.0
2048-07-27,26.4,11.3,0.0
2048-07-28,29.5,13.4,0.0
2048-07-29,29.2,13.8,0.0
2048-07-30,24.4,15.2,0.0
2048-07-31,25.2,14.2,0.0
2048-08-01,25.4,10.9,0.0
2048-08-02,26.7,11.8,0.0
2048-08-03,24.2,13.5,0.0
2048-08-04,24.631539289558663,11.5,0.0
2048-08-05,25.7,11.6,0.0
2048-08-06,26.970466052705017,12.0,0.0
2048-08-07,26.7,11.5,0.0
2048-08-08,26.9,9.3,0.0
2048-08-09,28.7,8.4,0.0
2048-08-10,29.9,10.4,0.0
2048-08-11,28.16941753378782,14.50755548721103,0.0
2048-08-12,28.0,14.0,0.0
2048-08-13,31.2,13.8,0.0
2048-08-14,33.1,15.1,0.0
2048-08-15,30.1,16.164566545147455,0.0
2048-08-16,27.0,15.9,0.0
2048-08-17,28.5,14.5,0.0
2048-08-18,30.9,14.6,0.0
2048-08-19,32.95152462301516,15.8,0.0
2048-08-20,32.67549952906351,16.9,0.0
2048-08-21,27.4,16.7,0.0
2048-08-22,24.7,15.2,0.0
2048-08-23,26.3,13.7,0.0
2048-08-24,28.3,14.0,0.0
2048-08-25,29.5,14.6,0.0
2048-08-26,30.46694934978035,15.3,0.0
2048-08-27,30.4,15.858783597078384,0.0
2048-08-28,29.4,15.841093475700937,0.0
2048-08-29,31.1,15.2,0.0
2048-08-30,31.9,15.858413240455477,0.0
2048-08-31,32.5,16.199279805410676,0.0
2048-09-01,35.04978288633462,16.6,0.0
2048-09-02,33.86044558365978,15.2,0.0
2048-09-03,30.0,17.9,0.0
2048-09-04,29.4,15.1,0.0
2048-09-05,30.4,14.1,0.0
2048-09-06,31.9,14.4,0.0
2048-09-07,33.9,15.9,0.0
2048-09-08,36.045713471848956,17.9,0.0
2048-09-09,36.16767803469577,19.0,0.0
2048-09-10,36.08851623458344,19.5,0.0
2048-09-11,34.6,19.6,0.0
2048-09-12,35.6,18.6,0.0
2048-09-13,36.056726384276665,18.595097981208436,0.0
2048-09-14,32.7,20.0,0.0
2048-09-15,31.0,18.5,0.0
2048-09-16,32.5,17.5,0.0
2048-09-17,33.99545221185934,17.1,0.0
2048-09-18,33.5,18.894305003359065,0.0
2048-09-19,34.9,18.3,0.0
2048-09-20,36.17441200470458,18.6,0.0
2048-09-21,41.72607421875,20.0,0.0
2048-09-22,39.223388671875,22.678998507363332,0.0
2048-09-23,36.03538177049926,20.5,0.0
2048-09-24,35.59327466247902,18.9,0.0
2048-09-25,35.2,21.428380912606467,0.0
2048-09-26,35.556926788142036,23.85498046875,0.0
2048-09-27,35.12263182158461,23.007568359375,0.0
2048-09-28,34.89920964814707,20.5,0.0
2048-09-29,36.02942117356674,20.5,0.0
2048-09-30,39.29248046875,20.59337711511688,0.0
2048-10-01,38.30805304713472,22.448482751550536,0.0
2048-10-02,36.5,22.417374032497776,0.0
2048-10-03,35.6,21.8503920538315,0.0
2048-10-04,35.2,21.2,0.0
2048-10-05,36.0,21.0,0.0
2048-10-06,36.80090872552053,22.20433550839226,0.0
2048-10-07,38.0,22.0,0.0
2048-10-08,35.2,21.7,0.0
2048-10-09,35.0,20.618123942795627,0.0
2048-10-10,35.4,19.4,0.0
2048-10-11,38.286721354069996,19.0,0.0
2048-10-12,39.944921875,20.2,0.0
2048-10-13,39.156103515625,21.9,0.0
2048-10-14,40.075048828125,21.4,0.0
2048-10-15,36.985097672448774,22.6017146213258,0.0
2048-10-16,34.9,20.7,0.0
2048-10-17,36.6,20.3,0.0
2048-10-18,39.54013671875,19.9,0.0
2048-10-19,41.062841796875,21.0,0.0
2048-10-20,36.856583986657846,23.0,0.0
2048-10-21,34.6,20.609235737351984,0.0
2048-10-22,35.7,20.4,0.0
2048-10-23,38.0,19.5,0.0
2048-10-24,39.50498046875,20.0,0.0
2048-10-25,39.3248046875,21.8,0.0
2048-10-26,38.7125,21.94123234210438,0.0
2048-10-27,39.81748046875,22.2,0.0
2048-10-28,38.921728515625,23.58841105593942,0.0
2048-10-29,38.534521484375,22.215717780604745,0.0
2048-10-30,39.514501953125,21.3,0.0
2048-10-31,40.007177734375,21.9,0.0
2048-11-01,41.3203125,23.43856822588437,0.0
2048-11-02,40.84765625,23.0,0.0
2048-11-03,40.841552734375,22.035345905441883,0.0
2048-11-04,35.7,22.49677360106405,0.0
2048-11-05,34.0,20.7,0.0
2048-11-06,36.4,21.1,0.0
2048-11-07,39.69580078125,21.9,0.0
2048-11-08,41.20654296875,21.80878798312058,0.0
2048-11-09,41.21728515625,22.9,0.0
2048-11-10,39.698486328125,23.020110425383354,0.0
2048-11-11,39.7607421875,21.9,0.0
2048-11-12,40.70263671875,21.2,0.0
2048-11-13,40.784912109375,23.0,0.0
2048-11-14,39.624755859375,23.781372463594916,0.0
2048-11-15,37.485092329245845,22.41621590739233,0.0
2048-11-16,31.5,20.4,0.4
2048-11-17,35.7,20.87111058431652,0.0
2048-11-18,31.6,21.077819332464326,0.0
2048-11-19,31.6,19.0,18.931299212598425
2048-11-20,32.0814178603877,19.4,3.280314960629921
2048-11-21,31.0,19.0,37.27096456692908
2048-11-22,27.2,19.0,20.833661417322833
2048-11-23,27.0,19.2,22.486811023622053
2048-11-24,28.8,19.4,16.175984251968515
2048-11-25,29.6,19.4,12.029021372328458
2048-11-26,30.2,19.2,12.057705286839145
2048-11-27,28.7,19.0,40.90875227135069
2048-11-28,23.49340007415647,17.0,0.0
2048-11-29,23.496439683384114,17.0,0.0
2048-11-30,26.757280929427758,17.7,0.0
2048-12-01,24.8,19.4,24.962936170212764
2048-12-02,27.4,18.8,7.6
2048-12-03,25.3,18.4,0.0
2048-12-04,23.7,17.9,0.0
2048-12-05,28.0,17.9,0.0
2048-12-06,30.3,18.5,1.2
2048-12-07,29.4,19.2,0.0
2048-12-08,28.7,17.6,0.0
2048-12-09,28.9,17.9,0.0
2048-12-10,29.9,17.0,0.0
2048-12-11,31.7,16.6,0.0
2048-12-12,31.900190638109514,16.9,0.0
2048-12-13,32.0,19.4,0.0
2048-12-14,32.1,20.0,0.0
2048-12-15,30.8,19.9,0.0
2048-12-16,25.7,19.6,0.0
2048-12-17,25.3,19.0,0.0
2048-12-18,27.54866215592803,19.6,0.0
2048-12-19,31.8,18.4,0.0
2048-12-20,32.4,18.4,0.0
2048-12-21,31.43327611788321,19.9,0.0
2048-12-22,30.1,19.8,0.0
2048-12-23,31.5,19.0,0.0
2048-12-24,32.71646625608044,18.2,0.0
2048-12-25,31.2,18.5,1.0
2048-12-26,32.4,18.4,0.0
2048-12-27,33.1,17.1,0.0
2048-12-28,33.7,19.4,0.0
2048-12-29,33.7,20.193389074687985,0.0
2048-12-30,31.6,20.178657593536172,0.10063829787234044
2048-12-31,32.4,20.153067154807914,16.75234042553192
2049-01-01,27.2,19.7,41.4
2049-01-02,27.5,19.6,31.099999999999994
2049-01-03,27.0,19.2,0.0
2049-01-04,29.4,19.2,0.0
2049-01-05,29.6,17.4,0.0
2049-01-06,29.4,16.8,0.0
2049-01-07,29.2,17.4,0.0
2049-01-08,29.5,17.7,0.0
2049-01-09,30.0,17.3,0.0
2049-01-10,30.6,17.2,0.0
2049-01-11,31.2,17.0,0.0
2049-01-12,31.65799131319815,17.7,0.0
2049-01-13,31.97182082557731,19.6,0.0
2049-01-14,31.9,18.6,0.0
2049-01-15,30.9,21.041760253906254,0.0
2049-01-16,30.9,21.9385498046875,0.0
2049-01-17,32.0,21.0686767578125,0.0
2049-01-18,35.607185790566135,20.151037975969484,0.0
2049-01-19,38.83662109375,18.6,0.0
2049-01-20,37.95087890625,19.694345243806747,0.0
2049-01-21,37.9484375,19.690939875399717,0.0
2049-01-22,41.447705078125,19.2,0.0
2049-01-23,41.483837890625,20.181568763775118,0.0
2049-01-24,39.711865234375,21.5607421875,2.9
2049-01-25,26.2,20.60912107534082,3.049999999999997
2049-01-26,33.25523266141467,19.989013308463896,16.5
2049-01-27,31.6,19.6,22.1
2049-01-28,30.9,19.6,1.9499999999999993
2049-01-29,31.7,20.905285644531254,3.0
2049-01-30,31.525419393709146,19.8,1.6
2049-01-31,30.819267459847868,19.4,9.8
2049-02-01,29.62863360608536,18.9,4.4
2049-02-02,30.0,19.178892903634303,40.87923627684974
2049-02-03,28.5,19.0,64.16563245823416
2049-02-04,23.820808469831853,18.94989687516194,82.99071822792368
2049-02-05,27.0,19.0,14.937708830548932
2049-02-06,28.0,19.0,0.0
2049-02-07,28.2,19.2,43.40543622381331
2049-02-08,24.757374034113717,19.0,25.45584725536993
2049-02-09,27.0,19.0,2.8
2049-02-10,26.9,19.0,1.821718377088306
2049-02-11,29.06296764093715,18.0,1.4
2049-02-12,24.9,18.9,7.4
2049-02-13,24.5,18.6,55.296897374701764
2049-02-14,24.9,18.8,6.4
2049-02-15,26.5,18.5,0.22720763723150364
2049-02-16,28.6,17.3,0.0
2049-02-17,28.247023961201727,16.7,0.0
2049-02-18,27.3,17.8,0.0
2049-02-19,28.1,19.0,0.0
2049-02-20,29.5,18.760564660309893,0.0
2049-02-21,29.9,18.1,0.0
2049-02-22,29.8,16.7,0.0
2049-02-23,29.1,16.46087976758045,0.0
2049-02-24,26.2,17.7,0.4
2049-02-25,28.7,17.5,0.0
2049-02-26,29.7,16.9,0.0
2049-02-27,30.270887110505708,15.6,0.0
2049-02-28,29.967842375549957,19.0,0.0
2049-03-01,28.8,18.0,0.0
2049-03-02,28.9,17.4,0.0
2049-03-03,30.1,16.5,0.0
2049-03-04,31.8,16.8,0.0
2049-03-05,32.901734104046234,18.7,0.0
2049-03-06,33.0,20.28800393624697,0.0
2049-03-07,30.632786885245906,19.875259887970646,0.0
2049-03-08,28.5,19.2,1.4726562500000007
2049-03-09,28.7,18.9,0.0
2049-03-10,28.5,18.2,0.0
2049-03-11,29.7,17.4,0.0
2049-03-12,30.1,16.3,0.0
2049-03-13,30.5,16.128500989617695,0.0
2049-03-14,31.2,15.6,0.0
2049-03-15,30.5,17.2,0.0
2049-03-16,30.7,16.7,0.0
2049-03-17,32.0,16.5,0.0
2049-03-18,32.42737341772152,17.5,0.0
2049-03-19,32.5,18.6,0.0
2049-03-20,31.16458333333333,18.5,0.0
2049-03-21,30.9,17.1,0.0
2049-03-22,31.5,16.241512062306082,0.0
2049-03-23,32.10077319587629,16.2,0.0
2049-03-24,33.0,17.1,0.0
2049-03-25,33.61201316511246,18.2,0.0
2049-03-26,32.53290322580645,19.491362698518827,0.0
2049-03-27,32.0,19.0,0.0
2049-03-28,32.1,18.7,0.0
2049-03-29,32.9,18.8,0.0
2049-03-30,32.5,19.9,0.0
2049-03-31,31.53589743589744,19.0,0.0
2049-04-01,31.7,18.6,0.0
2049-04-02,34.69002671415853,16.61363636363637,0.0
2049-04-03,35.19332146037396,17.6,0.0
2049-04-04,35.60791015625,18.5,0.0
2049-04-05,35.585205078125,19.7,0.0
2049-04-06,31.7,19.713697691938897,0.0
2049-04-07,31.7,18.6,0.0
2049-04-08,31.7,18.2,0.0
2049-04-09,32.0,18.4,0.0
2049-04-10,31.7,18.2,0.0
2049-04-11,35.510009765625,17.8,0.0
2049-04-12,35.23285841495991,18.6,0.0
2049-04-13,26.8,18.34297520661157,0.0
2049-04-14,26.9,18.379752066115703,0.0
2049-04-15,30.4,18.6,0.0
2049-04-16,29.5,19.0,0.0
2049-04-17,27.6,18.7,0.0
2049-04-18,31.185436893203885,17.5,0.0
2049-04-19,31.3,18.1,0.0
2049-04-20,29.9,16.3,0.0
2049-04-21,31.3,15.4,0.0
2049-04-22,31.7,15.9,0.0
2049-04-23,30.0,16.6,0.0
2049-04-24,29.5,16.0,0.0
2049-04-25,29.290243902439027,17.0,0.0
2049-04-26,29.4,15.0,0.0
2049-04-27,29.5,14.0,0.0
2049-04-28,30.2,12.5,0.0
2049-04-29,31.4,11.3,0.0
2049-04-30,30.7,13.2,0.0
2049-05-01,24.6,15.9,0.0
2049-05-02,29.6,16.0,0.0
2049-05-03,30.2,13.8,0.0
2049-05-04,28.6,13.8,0.0
2049-05-05,27.5,15.0,0.0
2049-05-06,28.9,15.0,0.0
2049-05-07,29.2,13.6,0.0
2049-05-08,29.8,13.90928136497276,0.0
2049-05-09,29.6,16.2,0.0
2049-05-10,30.1,17.03885172393295,0.0
2049-05-11,29.3,13.92532814935012,0.0
2049-05-12,29.7,12.4,0.0
2049-05-13,28.9,12.9,0.0
2049-05-14,28.6,12.9,0.0
2049-05-15,28.6,16.261001475102642,0.0
2049-05-16,29.5,19.607421875,0.0
2049-05-17,30.0,19.95947265625,0.0
2049-05-18,28.0,14.8,0.0
2049-05-19,25.470493256506046,14.7,0.0
2049-05-20,25.6,10.6,0.0
2049-05-21,25.6,9.5,0.0
2049-05-22,27.0,7.9,0.0
2049-05-23,28.9,8.5,0.0
2049-05-24,29.2,9.5,0.0
2049-05-25,28.4,11.5,0.0
2049-05-26,28.6,11.3,0.0
2049-05-27,28.5,11.5,0.0
2049-05-28,28.6,11.3,0.0
2049-05-29,29.629036598492995,10.1,0.0
2049-05-30,29.7,20.2451171875,0.0
2049-05-31,28.9,16.2,0.0
2049-06-01,25.9,13.7,0.0
2049-06-02,26.0,12.0,0.0
2049-06-03,26.9,12.4,0.0
2049-06-04,26.9,13.2,0.0
2049-06-05,27.9,13.0,0.0
2049-06-06,28.2,11.8,0.0
2049-06-07,25.8,13.4,0.0
2049-06-08,24.4,11.5,0.0
2049-06-09,23.408853752847083,9.0,0.0
2049-06-10,23.9,7.0,0.0
2049-06-11,23.5,9.1,0.0
2049-06-12,24.4,6.9,0.0
2049-06-13,25.2,6.7,0.0
2049-06-14,24.6,8.4,0.0
2049-06-15,22.5,11.140809301656352,0.0
2049-06-16,22.9,11.0,0.0
2049-06-17,23.7,8.3,0.0
2049-06-18,25.5,8.2,0.0
2049-06-19,26.3,10.5,0.0
2049-06-20,22.9,11.8,0.0
2049-06-21,18.985931155098704,13.5,0.0
2049-06-22,22.4,10.2,0.0
2049-06-23,22.9,6.5,0.0
2049-06-24,23.9,8.4,0.0
2049-06-25,24.4,9.3,0.0
2049-06-26,24.2,10.2,0.0
2049-06-27,24.4,8.5,0.0
2049-06-28,23.9,7.3,0.0
2049-06-29,23.1,8.9,0.0
2049-06-30,24.2,8.0,0.0
2049-07-01,26.1,9.4,0.0
2049-07-02,27.6,11.9,0.0
2049-07-03,26.2,12.0,0.0
2049-07-04,24.616826380319768,10.5,0.0
2049-07-05,25.6,8.6,0.0
2049-07-06,23.6,11.30396050629153,0.0
2049-07-07,21.5,10.6,0.0
2049-07-08,21.8,11.2,0.0
2049-07-09,22.266250672766414,12.1,0.0
2049-07-10,22.8,11.0,0.0
2049-07-11,25.0,10.2,0.0
2049-07-12,27.4,11.30396050629153,0.0
2049-07-13,29.2,12.7,0.0
2049-07-14,29.2,15.2,0.0
2049-07-15,28.766754574811625,15.939828918674895,0.0
2049-07-16,29.07202839895833,15.2,0.0
2049-07-17,28.5,15.2,0.0
2049-07-18,27.74257499882996,14.6,0.0
2049-07-19,28.5,14.0,0.0
2049-07-20,30.980422615684194,14.4,0.0
2049-07-21,31.055411961905207,16.305880519132874,0.0
2049-07-22,20.7,16.17570655265306,0.0
2049-07-23,24.7,15.0,0.0
2049-07-24,26.6,12.7,0.0
2049-07-25,25.86862217438105,13.467279060485472,0.0
2049-07-26,23.27452457839971,12.5,0.0
2049-07-27,25.4,11.7,0.0
2049-07-28,26.0,12.500737278263555,0.0
2049-07-29,24.555970410794302,13.8,0.0
2049-07-30,22.7,13.6,0.0
2049-07-31,23.0,11.0,0.0
2049-08-01,20.346727742726266,11.1,0.0
2049-08-02,24.6,10.9,0.0
2049-08-03,26.3,12.7,0.0
2049-08-04,29.0,14.0,0.0
2049-08-05,29.5,15.5,0.0
2049-08-06,29.0,15.7,0.0
2049-08-07,26.928744568034123,15.2,0.0
2049-08-08,24.8,13.8,0.0
2049-08-09,24.6,12.6,0.0
2049-08-10,24.7,11.6,0.0
2049-08-11,27.8,11.9,0.0
2049-08-12,28.9,13.0,0.0
2049-08-13,28.1,15.2,0.0
2049-08-14,28.0,15.0,0.0
2049-08-15,28.6,14.5,0.0
2049-08-16,31.0,14.5,0.0
2049-08-17,33.03733037278578,16.0,0.0
2049-08-18,31.2,16.75204967542692,0.0
2049-08-19,31.2,15.801195627831028,0.0
2049-08-20,31.9,15.7,0.0
2049-08-21,31.5,16.1,0.0
2049-08-22,30.0,15.9,0.0
2049-08-23,30.8,14.6,0.0
2049-08-24,30.4,16.0,0.0
2049-08-25,26.7,15.6,0.0
2049-08-26,26.7,13.9,0.0
2049-08-27,28.3,13.0,0.0
2049-08-28,29.5,14.4,0.0
2049-08-29,29.0,15.5,0.0
2049-08-30,31.9,15.433734337997837,0.0
2049-08-31,37.600830078125,17.100317779753833,0.0
2049-09-01,30.144048943270302,18.5,0.0
2049-09-02,27.234550934730347,14.7,0.0
2049-09-03,27.6,13.551835372636264,0.0
2049-09-04,28.9,13.4,0.0
2049-09-05,29.4,14.7,0.0
2049-09-06,29.9,15.9,0.0
2049-09-07,30.0,14.9,0.0
2049-09-08,30.0,15.1,0.0
2049-09-09,29.4,15.702458427788972,0.0
2049-09-10,30.0,15.2,0.0
2049-09-11,30.6,16.4,0.0
2049-09-12,32.0,16.4,0.0
2049-09-13,32.9,18.0,0.0
2049-09-14,29.862452469270835,17.4,0.0
2049-09-15,31.1,14.6,0.0
2049-09-16,34.561139211282985,16.2,0.0
2049-09-17,35.46138334114948,18.869356490710253,0.0
2049-09-18,32.7,19.5,0.0
2049-09-19,27.7,16.4,0.0
2049-09-20,29.30387527360149,15.2,0.0
2049-09-21,31.6,16.2,0.0
2049-09-22,33.846920088342934,17.9,0.0
2049-09-23,36.0,19.0,0.0
2049-09-24,36.07381342881655,19.2,0.0
2049-09-25,40.2080078125,19.4,0.0
2049-09-26,40.072509765625,20.29732215831019,0.0
2049-09-27,35.3,20.5,0.0
2049-09-28,35.0,20.29492662673322,0.0
2049-09-29,32.1,19.5,0.0
2049-09-30,32.7,18.891070936904594,0.0
2049-10-01,34.9,19.4,0.0
2049-10-02,36.3,20.4,0.0
2049-10-03,35.8,21.3,0.0
2049-10-04,35.7,20.0,0.0
2049-10-05,36.5,19.6,0.0
2049-10-06,38.45029296875,20.2,0.0
2049-10-07,35.6,21.5,0.0
2049-10-08,32.1,19.7,0.0
2049-10-09,33.8,18.56566639572944,0.0
2049-10-10,35.7,19.299981952134473,0.0
2049-10-11,38.21537051864652,20.4,0.0
2049-10-12,39.772802734375,21.4,0.0
2049-10-13,39.297216796875,23.644933591444115,0.0
2049-10-14,39.5328125,24.472607421875,0.0
2049-10-15,38.93857421875,23.0,0.0
2049-10-16,39.168798828125,22.694714981045536,0.0
2049-10-17,38.41806640625,21.5,0.0
2049-10-18,38.861669921875,21.1,0.0
2049-10-19,38.26833196349691,23.74835348584447,0.0
2049-10-20,36.88742567807923,23.305878757870705,0.0
2049-10-21,37.761135650330516,21.7,0.0
2049-10-22,38.17528164719727,24.16865234375,0.0
2049-10-23,35.7,22.6,0.0
2049-10-24,33.7,20.1,0.0
2049-10-25,29.9,21.2,1.1
2049-10-26,33.2,19.4,0.0
2049-10-27,28.1,19.0,0.0
2049-10-28,30.8,17.9,0.0
2049-10-29,32.7,18.5,0.0
2049-10-30,34.8,18.0,0.0
2049-10-31,38.423193359375,19.8,0.0
2049-11-01,31.6,19.6,12.29055118110237
2049-11-02,30.5,19.0,0.0
2049-11-03,28.7,19.1,0.0
2049-11-04,27.7,18.7,0.0
2049-11-05,25.49944647491922,17.9,2.876377952755906
2049-11-06,24.0,17.6,10.889173228346458
2049-11-07,27.1,17.0,0.0
2049-11-08,29.7,16.5,0.0
2049-11-09,30.5,16.4,0.0
2049-11-10,31.0,16.4,0.0
2049-11-11,31.9,16.0,0.0
2049-11-12,32.8,16.0,0.0
2049-11-13,34.5,16.8,0.0
2049-11-14,34.4,18.678798665183542,0.0
2049-11-15,32.8,19.7,0.0
2049-11-16,31.0,19.0,0.0
2049-11-17,31.1,18.3,0.0
2049-11-18,31.9,19.0,0.0
2049-11-19,32.2,17.9,0.0
2049-11-20,34.15474823878383,16.7,0.0
2049-11-21,37.2,18.1,0.0
2049-11-22,32.25652263198425,19.6,0.0
2049-11-23,32.1,18.6,0.0
2049-11-24,31.4,17.9,0.0
2049-11-25,31.7,17.6,0.0
2049-11-26,33.7,17.6,0.0
2049-11-27,35.3,18.9,0.0
2049-11-28,37.99842910677447,19.1,0.0
2049-11-29,39.516845703125,20.1,0.0
2049-11-30,38.00566908215168,20.708357840522957,0.0
2049-12-01,35.64189453125,20.524007188046525,0.0
2049-12-02,35.060595703125,20.978086483298572,0.0
2049-12-03,35.481494140625,20.898273862979764,0.0
2049-12-04,35.977099609375,20.97351656713516,0.0
2049-12-05,35.24931640625,20.605875766511215,0.0
2049-12-06,35.911669921875,20.516613061654795,0.0
2049-12-07,36.263232421875,20.942492629237044,0.0
2049-12-08,37.207568359375,20.990959486575807,0.0
2049-12-09,35.975146484375,21.908787282913554,0.0
2049-12-10,35.222216796875,21.088230071697666,0.0
2049-12-11,36.09697265625,21.0,0.0
2049-12-12,37.22001953125,21.073697977736227,0.0
2049-12-13,39.6912109375,23.547637939453125,0.0
2049-12-14,36.650439453125,22.752050443707937,0.0
2049-12-15,36.69853515625,21.04042812572081,0.0
2049-12-16,34.73759765625,21.0,0.0
2049-12-17,34.32744140625,20.537985125608976,0.0
2049-12-18,26.912659300821538,19.9,28.17034574468085
2049-12-19,29.5,20.05922490138275,0.6
2049-12-20,26.7,20.268739349991815,6.2
2049-12-21,28.094652915112523,19.8,9.2
2049-12-22,30.5,19.5,1.6
2049-12-23,30.7,19.5,0.8
2049-12-24,30.21278202006914,19.9,6.216382978723404
2049-12-25,29.7,19.9,2.4
2049-12-26,28.5,19.9,30.858468085106388
2049-12-27,25.5,19.6,53.24887537993923
2049-12-28,28.7,19.6,1.2
2049-12-29,29.1,19.3,0.0
2049-12-30,29.6,19.0,0.0
2049-12-31,32.0,17.6,0.0
2050-01-01,32.10323893775349,18.1,0.0
2050-01-02,31.8,19.6,0.0
2050-01-03,31.85764927302064,19.6,0.0
2050-01-04,32.650228740581255,19.0,0.0
2050-01-05,29.7,20.19510426046478,2.4
2050-01-06,29.7,18.9,9.666666666666666
2050-01-07,30.7,19.0,0.0
2050-01-08,32.0,22.355236816406254,19.0
2050-01-09,30.4,19.741751181484563,16.650000000000002
2050-01-10,29.6,19.655244869746895,7.6
2050-01-11,29.0,19.0,0.8
2050-01-12,28.4,18.2,0.0
2050-01-13,29.5,17.4,0.0
2050-01-14,31.0,17.1,0.0
2050-01-15,32.0,18.0,0.0
2050-01-16,31.6,19.4,2.4
2050-01-17,31.860543136495767,19.5,19.4
2050-01-18,30.9,19.0,10.6
2050-01-19,29.825017412777814,19.8,0.0
2050-01-20,30.841800839755056,19.169044088312106,0.0
2050-01-21,30.1,19.7,1.0
2050-01-22,30.86843119782718,18.6,0.0
2050-01-23,30.9,19.2,0.0
2050-01-24,32.6,17.9,0.0
2050-01-25,32.82945819878004,16.9,0.0
2050-01-26,32.492781319864186,18.4,0.0
2050-01-27,31.558501944666702,20.136135914710195,5.033333333333334
2050-01-28,32.7223904138261,18.2,0.0
2050-01-29,32.6,17.7,0.0
2050-01-30,37.4875,17.0,0.0
2050-01-31,39.35377197265625,19.0,0.0
2050-02-01,35.90867919921875,19.7,0.0
2050-02-02,31.7,19.21323064609084,0.0
2050-02-03,31.8,19.2,13.0
2050-02-04,30.5,18.78341552443387,0.0
2050-02-05,31.6,18.0,0.0
2050-02-06,32.55048387147765,18.0,0.0
2050-02-07,32.0,19.2,3.0
2050-02-08,28.8,19.0,12.2
2050-02-09,30.2,18.6,1.4
2050-02-10,30.5,17.3,0.0
2050-02-11,32.0,18.0,0.0
2050-02-12,32.7,19.0,0.0
2050-02-13,32.7,20.85322265625,0.0
2050-02-14,32.721950202655776,19.0,0.0
2050-02-15,34.22462500878902,20.053071496117337,0.0
2050-02-16,36.28807373046875,19.969218302032665,0.0
2050-02-17,37.69530029296875,19.864247531322672,0.0
2050-02-18,32.9,19.633208290658985,5.156563245823391
2050-02-19,27.9,19.227905124451453,39.68639618138429
2050-02-20,30.4,18.9,0.0
2050-02-21,31.20533408118908,19.2,0.0
2050-02-22,32.0,19.7,0.0
2050-02-23,30.9,19.2,5.466109785202866
2050-02-24,29.9,19.1,0.0
2050-02-25,31.4,19.349857580190417,0.0
2050-02-26,32.7,19.4,0.0
2050-02-27,36.00389404296875,19.0,0.0
2050-02-28,34.26120092805584,19.7,4.0
2050-03-01,32.410601265822784,19.9,0.0
2050-03-02,33.314266304347825,18.8,0.0
2050-03-03,33.01386861313868,19.71895999353292,1.0
2050-03-04,32.9,19.749559431068302,0.0
2050-03-05,33.2,19.4,0.0
2050-03-06,33.45333333333333,19.4,0.0
2050-03-07,32.21766998700736,19.72767096244421,0.0
2050-03-08,31.8,18.9,0.0
2050-03-09,32.6,19.9,0.0
2050-03-10,33.3,19.9,0.0
2050-03-11,34.220174932539315,22.135687255859377,0.0
2050-03-12,33.6914426769062,20.3,0.0
2050-03-13,33.3914402173913,19.9,0.0
2050-03-14,33.64196379594076,19.76029391117143,0.0
2050-03-15,34.75983065041404,18.9,0.0
2050-03-16,34.32307992928261,19.970698188086214,0.0
2050-03-17,31.51239316239316,20.223786721882934,0.0
2050-03-18,27.6,18.9,31.832812500000003
2050-03-19,26.4,18.8,3.8384375000000013
2050-03-20,30.0,18.9,0.0
2050-03-21,30.6,18.6,0.0
2050-03-22,32.5,17.769452894650627,0.0
2050-03-23,31.2,19.0,0.0
2050-03-24,30.537142857142857,19.1,0.0
2050-03-25,31.8,18.0,0.0
2050-03-26,32.5,17.0,0.0
2050-03-27,31.9,17.6,0.0
2050-03-28,31.8,18.4,0.0
2050-03-29,30.9,18.1,0.0
2050-03-30,31.302205882352947,17.7,0.0
2050-03-31,31.8,18.6,0.0
2050-04-01,35.802734375,18.7,0.0
2050-04-02,34.03233287858117,19.7,0.0
2050-04-03,28.010843373493977,18.95854545454545,0.0
2050-04-04,28.5,18.6,0.0
2050-04-05,32.0,16.4,0.0
2050-04-06,32.205089820359284,16.8,0.0
2050-04-07,31.0,17.653703703703698,0.0
2050-04-08,31.6,17.3,0.0
2050-04-09,30.9,17.6,0.0
2050-04-10,30.814814814814813,18.0,0.0
2050-04-11,31.1,16.9,0.0
2050-04-12,31.006060606060604,16.9,0.0
2050-04-13,30.8,16.6,0.0
2050-04-14,31.1,16.7,0.0
2050-04-15,32.60474137931035,16.0,0.0
2050-04-16,31.8,18.141458733205365,0.0
2050-04-17,31.6,17.6,0.0
2050-04-18,32.44294478527607,18.2,0.0
2050-04-19,33.86627218934911,19.7,0.0
2050-04-20,34.005320600272846,19.7,0.8
2050-04-21,30.6,19.0,0.0
2050-04-22,31.3,18.2,0.0
2050-04-23,31.1,17.4,0.0
2050-04-24,31.2,18.7,0.0
2050-04-25,29.3,19.7,0.0
2050-04-26,30.7,18.98381818181818,0.0
2050-04-27,31.6,18.3,0.0
2050-04-28,31.6,17.8,0.0
2050-04-29,30.9,17.8,0.0
2050-04-30,29.0,17.0,0.0
2050-05-01,30.46790096878362,15.3,0.0
2050-05-02,31.0,13.1,0.0
2050-05-03,31.0,12.9,0.0
2050-05-04,30.7,12.9,0.0
2050-05-05,30.2,13.50511604842707,0.0
2050-05-06,30.0,13.3,0.0
2050-05-07,30.5,13.7,0.0
2050-05-08,30.452385752030516,14.6,0.0
2050-05-09,30.0,16.2,0.0
2050-05-10,30.7,18.74631981820345,0.0
2050-05-11,30.4,17.0,0.0
2050-05-12,30.3,22.343505859375,0.0
2050-05-13,31.1,20.524169921875,0.0
2050-05-14,30.1,17.963417373725367,0.0
2050-05-15,29.4,14.7,0.0
2050-05-16,30.3,13.9,0.0
2050-05-17,32.7,15.0,0.0
2050-05-18,36.20576171875,15.9,0.0
2050-05-19,35.217236328125,20.302734375,0.0
2050-05-20,33.8,23.289794921875,0.0
2050-05-21,31.387961966271963,20.60009765625,0.0
2050-05-22,31.06898597920726,17.677336128264667,0.0
2050-05-23,33.19487730295369,16.2,0.0
2050-05-24,30.2,17.62204874628911,0.0
2050-05-25,28.820853478316387,14.8,0.0
2050-05-26,29.0,13.0,0.0
2050-05-27,30.76346255803864,12.4,0.0
2050-05-28,31.6,12.2,0.0
2050-05-29,30.3,14.9,0.0
2050-05-30,29.28663437387872,13.2,0.0
2050-05-31,26.9,13.0,0.0
2050-06-01,25.5,11.4,0.0
2050-06-02,26.7,11.9,0.0
2050-06-03,27.961979977753064,11.6,0.0
2050-06-04,29.3657491775732,13.0,0.0
2050-06-05,30.5,14.0,0.0
2050-06-06,29.5,17.010023505510222,0.0
2050-06-07,20.8,14.0,0.0
2050-06-08,24.2,11.9,0.0
2050-06-09,22.9,11.9,0.0
2050-06-10,23.4,13.5,0.0
2050-06-11,24.6,11.3,0.0
2050-06-12,24.0,9.9,0.0
2050-06-13,23.0,10.5,0.0
2050-06-14,20.9,11.6,0.0
2050-06-15,22.0,10.6,0.0
2050-06-16,22.604318069459893,7.2,0.0
2050-06-17,23.0,7.0,0.0
2050-06-18,23.1,8.852528450414997,0.0
2050-06-19,23.9,8.6,0.0
2050-06-20,25.4,10.2,0.0
2050-06-21,27.6,10.645938247884857,0.0
2050-06-22,27.8,9.9,0.0
2050-06-23,25.7,12.891323692992215,0.0
2050-06-24,24.5,12.3,0.0
2050-06-25,25.4,9.0,0.0
2050-06-26,27.5,6.5,0.0
2050-06-27,28.0,8.0,0.0
2050-06-28,28.6,10.8,0.0
2050-06-29,25.9,11.5,0.0
2050-06-30,23.0,11.9,0.0
2050-07-01,20.0,9.4,0.0
2050-07-02,20.37570722754412,7.6,0.0
2050-07-03,21.4,7.3,0.0
2050-07-04,22.6,7.4,0.0
2050-07-05,24.6,9.5,0.0
2050-07-06,25.1,11.4,0.0
2050-07-07,24.7,11.5,0.0
2050-07-08,23.6,10.5,0.0
2050-07-09,23.26415500538213,8.9,0.0
2050-07-10,25.2,8.4,0.0
2050-07-11,27.1,8.4,0.0
2050-07-12,28.0,5.1,0.0
2050-07-13,27.0,6.666480086114101,0.0
2050-07-14,25.1,11.7,0.0
2050-07-15,24.7,10.2,0.0
2050-07-16,25.4,9.9,0.0
2050-07-17,25.3,10.4,0.0
2050-07-18,25.6,10.4,0.0
2050-07-19,25.4,10.974859188424661,0.0
2050-07-20,24.9,11.9,0.0
2050-07-21,26.5,10.8,0.0
2050-07-22,25.467243520741906,11.2,0.0
2050-07-23,24.3,11.2,0.0
2050-07-24,27.7,10.4,0.0
2050-07-25,28.7,10.634908912536957,0.0
2050-07-26,26.90775026910655,15.0,0.0
2050-07-27,21.8,12.8090466048899,0.0
2050-07-28,23.0,11.0,0.0
2050-07-29,25.1,10.2,0.0
2050-07-30,26.348170075349834,10.4,0.0
2050-07-31,26.0,11.731874177729932,0.0
2050-08-01,24.813386437029063,10.7,0.0
2050-08-02,25.0,10.8,0.0
2050-08-03,24.6,10.8,0.0
2050-08-04,25.2,10.9,0.0
2050-08-05,27.7,11.5,0.0
2050-08-06,30.2,12.331157331851797,0.0
2050-08-07,31.2,13.4,0.0
2050-08-08,29.381398254146596,16.1,0.0
2050-08-09,28.2,15.3,0.0
2050-08-10,29.3,15.2,0.0
2050-08-11,31.0,15.3,0.0
2050-08-12,32.85283785106174,16.024969214208827,0.0
2050-08-13,33.00512895435839,15.6,0.0
2050-08-14,30.4,16.7,0.0
2050-08-15,29.4,15.2,0.0
2050-08-16,29.1,15.7,0.0
2050-08-17,28.5,15.4,0.0
2050-08-18,30.9,14.829655543595262,0.0
2050-08-19,31.0,16.2,0.0
2050-08-20,28.1,16.1,0.0
2050-08-21,28.04367528125208,14.7,0.0
2050-08-22,28.0,15.141031412075545,0.0
2050-08-23,24.4,14.0,0.0
2050-08-24,24.0,11.9,0.0
2050-08-25,24.6,11.9,0.0
2050-08-26,25.4,11.9,0.0
2050-08-27,26.3,10.4,0.0
2050-08-28,28.2,10.9,0.0
2050-08-29,30.0,12.7,0.0
2050-08-30,35.517640056465595,14.4,0.0
2050-08-31,38.146484375,16.0,0.0
2050-09-01,35.3,16.9,0.0
2050-09-02,36.05837264438183,17.9,0.0
2050-09-03,34.0,19.0,0.0
2050-09-04,33.0,17.7,0.0
2050-09-05,33.2,16.9,0.0
2050-09-06,36.03668742506542,18.0,0.0
2050-09-07,39.005615234375,20.5,0.0
2050-09-08,33.4,20.5,0.0
2050-09-09,32.3,18.9,0.0
2050-09-10,34.5,19.457708447363625,0.0
2050-09-11,35.57589042290999,20.5,0.0
2050-09-12,36.0,21.47824457981793,0.0
2050-09-13,36.0,21.682489315613843,0.0
2050-09-14,30.4,19.345209749006052,0.0
2050-09-15,26.7,16.7,0.0
2050-09-16,27.6,14.4,0.0
2050-09-17,29.0,14.0,0.0
2050-09-18,30.7,14.9,0.0
2050-09-19,32.0,16.5,0.0
2050-09-20,33.06615768362154,18.4,0.0
2050-09-21,33.7,19.3,0.0
2050-09-22,33.9,19.6,0.0
2050-09-23,34.0,19.3,0.0
2050-09-24,35.17695380654197,19.3,0.0
2050-09-25,32.3,20.142743978400127,0.0
2050-09-26,30.5,18.1,0.0
2050-09-27,31.0,17.4,0.0
2050-09-28,33.1,18.2,0.0
2050-09-29,35.3,19.6,0.0
2050-09-30,36.07330252050805,20.232239760070968,0.0
2050-10-01,36.4,21.0,0.0
2050-10-02,37.0,20.6,0.0
2050-10-03,38.751806640625,20.2,0.0
2050-10-04,38.8931640625,20.0,0.0
2050-10-05,36.6,20.7,0.0
2050-10-06,35.2,19.9,0.0
2050-10-07,36.0,19.2,0.0
2050-10-08,36.0,19.6,0.0
2050-10-09,38.0,20.0,0.0
2050-10-10,40.563330078125,19.7,0.0
2050-10-11,40.14755859375,21.7,0.0
2050-10-12,33.4,20.5,0.0
2050-10-13,34.0,19.6,0.0
2050-10-14,36.5902915198254,19.6,0.0
2050-10-15,37.77448498570946,22.0,0.0
2050-10-16,34.6,23.0,0.0
2050-10-17,35.5,24.28046875,0.0
2050-10-18,36.289363406513615,23.263349121684403,0.0
2050-10-19,35.2,21.9,0.0
2050-10-20,35.2,21.7,0.0
2050-10-21,35.6,21.858353526954005,0.0
2050-10-22,38.0,21.4,0.0
2050-10-23,39.2623046875,22.020294070494455,0.0
2050-10-24,39.5279296875,23.0,0.0
2050-10-25,38.8560546875,23.27619765345966,0.0
2050-10-26,33.4,22.2,0.0
2050-10-27,33.3,20.2,0.0
2050-10-28,33.5,20.706598114360812,0.0
2050-10-29,35.14623587190526,21.9,0.0
2050-10-30,38.0,23.0,0.0
2050-10-31,38.497412109375,23.01195928567358,0.0
2050-11-01,40.685302734375,22.9,0.0
2050-11-02,40.46630859375,23.2,0.0
2050-11-03,39.76171875,23.243075283729837,0.0
2050-11-04,40.3525390625,24.444189453125,0.0
2050-11-05,39.39157394957189,23.0,0.0
2050-11-06,38.91346120592872,22.47075426135908,0.0
2050-11-07,39.39791802699053,22.465641290674697,0.0
2050-11-08,39.85693359375,22.44484854322487,0.0
2050-11-09,38.92614936076606,22.1,0.0
2050-11-10,41.32177734375,21.707913843664688,0.0
2050-11-11,40.32861328125,23.74934722055126,0.0
2050-11-12,35.7,21.7,0.0
2050-11-13,33.9,23.237615632238132,0.0
2050-11-14,34.9,21.1,0.0
2050-11-15,35.23380844140141,21.3,1.0149606299212601
2050-11-16,32.0,19.7,13.420866141732285
2050-11-17,31.5,19.5,23.2248860339826
2050-11-18,26.0,19.0,11.444094488188973
2050-11-19,27.7,18.9,4.1370078740157465
2050-11-20,26.5,19.0,0.0
2050-11-21,25.8,19.25741884341478,0.0
2050-11-22,26.732423680632802,18.6,1.0
2050-11-23,30.6,19.1,5.84375
2050-11-24,28.7,18.9,0.0
2050-11-25,26.8,19.0,1.1153543307086613
2050-11-26,25.1,18.8,0.0
2050-11-27,25.8,18.7,0.0
2050-11-28,28.0,18.9,0.0
2050-11-29,27.636311179087876,18.7,0.9
2050-11-30,29.0,18.0,15.97913385826772
2050-12-01,30.8,19.6,36.19812765957443
2050-12-02,30.8,19.7,29.452765957446818
2050-12-03,30.581535056421654,19.623691691349098,3.4
2050-12-04,30.5,19.9,2.9346808510638307
2050-12-05,30.2,19.6,0.0
2050-12-06,29.7,19.9,3.2
2050-12-07,30.4,19.9,42.415212765957435
2050-12-08,26.2,19.9,3.6
2050-12-09,28.7,19.6,13.6
2050-12-10,30.052672305089942,19.4,19.02382978723405
2050-12-11,28.0,19.6,11.0
2050-12-12,28.6,19.8,18.995212765957447
2050-12-13,26.5,19.8,28.37721276595745
2050-12-14,25.281752300671627,19.6,100.59016510638338
2050-12-15,25.5,19.6,114.9
2050-12-16,28.3,19.9,14.138723404255323
2050-12-17,29.4,19.8,35.39694148936171
2050-12-18,28.2,19.751638792814397,0.0
2050-12-19,28.9,19.9,85.22567067530075
2050-12-20,27.064647085960324,19.8,25.0
2050-12-21,26.4,19.9,2.8
2050-12-22,30.0,19.9,26.913191489361697
2050-12-23,28.9,19.8,9.9
2050-12-24,26.9,19.9,0.8
2050-12-25,29.0,18.9,0.0
2050-12-26,29.0,18.5,0.0
2050-12-27,30.0,18.1,0.0
2050-12-28,30.1,17.2,1.1
2050-12-29,24.6,19.6,6.9
2050-12-30,25.5,19.6,32.519680851063825
2050-12-31,26.7,19.8,0.8
2051-01-01,27.2,19.6,16.0
2051-01-02,29.1,18.6,0.0
2051-01-03,30.2,17.2,0.0
2051-01-04,31.15432026847337,18.4,0.0
2051-01-05,34.401964895446916,19.0,2.8
2051-01-06,29.9,19.9,5.5
2051-01-07,29.7,19.592598605766206,8.133333333333333
2051-01-08,28.2,19.6,23.257142857142856
2051-01-09,27.5,19.804974612449918,22.2
2051-01-10,27.6,19.6,19.4
2051-01-11,28.7,19.6,34.257142857142846
2051-01-12,27.2,19.622937361914897,0.0
2051-01-13,29.6,19.0,5.8
2051-01-14,28.7,19.6,7.0
2051-01-15,24.0,18.4,1.4
2051-01-16,23.776451144464527,18.1,62.45531914893614
2051-01-17,24.6,18.7,63.53191489361712
2051-01-18,28.20683214082188,19.0,9.9
2051-01-19,30.4,19.637127609575632,37.574999999999996
2051-01-20,31.1,19.6669536309746,1.0
2051-01-21,29.7,19.63674213595497,9.633333333333333
2051-01-22,27.2,19.8,4.3
2051-01-23,28.7,19.6,10.6
2051-01-24,30.0,19.0,5.2
2051-01-25,28.0,19.6,0.5
2051-01-26,30.6,19.4,0.0
2051-01-27,31.2,19.0,0.5
2051-01-28,29.7,20.029836713543972,1.7
2051-01-29,30.2,19.804565013949595,1.4
2051-01-30,30.2,19.8,5.2
2051-01-31,28.2,19.6160711130468,3.4
2051-02-01,30.6,18.8,2.5
2051-02-02,29.0,19.39975479231598,15.507016706443931
2051-02-03,28.1,18.9,1.6
2051-02-04,28.5,18.8,1.821718377088306
2051-02-05,29.1,19.23935228740104,1.6
2051-02-06,30.0,19.2,0.0
2051-02-07,30.5,18.9,0.0
2051-02-08,29.8,18.9,0.0
2051-02-09,26.9,18.752643027413587,0.0
2051-02-10,28.7,18.6,0.0
2051-02-11,28.2,19.7,0.0
2051-02-12,30.0,19.473112676508343,0.0
2051-02-13,31.9,19.561194707709046,0.0
2051-02-14,32.8,19.4,0.0
2051-02-15,29.5,19.2,4.0
2051-02-16,25.7,19.0,0.6
2051-02-17,28.9,18.8,0.0
2051-02-18,29.6,19.0,0.0
2051-02-19,29.1,19.2,0.0
2051-02-20,27.2,19.343190603908816,22.654040231844533
2051-02-21,28.1,19.2,1.9
2051-02-22,29.5,19.1,27.0
2051-02-23,30.7,19.229099766067684,3.0
2051-02-24,30.276458368806402,19.0,3.0
2051-02-25,30.2,19.20000043595285,27.93167405386976
2051-02-26,30.6,19.0,21.202386634844874
2051-02-27,26.7,19.0,16.4
2051-02-28,26.9,19.23409229819524,20.74018225211546
2051-03-01,28.0,19.0,0.0
2051-03-02,29.5,18.5,0.0
2051-03-03,29.4,18.6,0.0
2051-03-04,30.95,18.7,0.0
2051-03-05,31.3,18.6,0.0
2051-03-06,30.0,18.6,0.0
2051-03-07,30.0,17.9,0.0
2051-03-08,30.2,17.9,0.0
2051-03-09,28.1,18.7,1.0062499999999999
2051-03-10,28.9,18.4,0.0
2051-03-11,28.9,18.7,0.0
2051-03-12,28.8,19.99050469144342,0.0
2051-03-13,26.9,19.0,11.600142045454543
2051-03-14,25.2,19.1,5.078906249999999
2051-03-15,24.9,19.0,90.1
2051-03-16,25.3,19.0,13.505769230769232
2051-03-17,27.9,19.2,0.0
2051-03-18,27.6,18.7,4.3
2051-03-19,28.0,18.66240061941721,0.0
2051-03-20,27.8,18.6,0.0
2051-03-21,27.8,17.9,0.0
2051-03-22,28.2,16.7,0.0
2051-03-23,29.0,16.9,0.0
2051-03-24,29.2,17.0,0.0
2051-03-25,29.5,17.5,0.0
2051-03-26,30.46067415730337,18.4,2.4
2051-03-27,29.9,18.9,0.0
2051-03-28,27.9,18.2,0.0
2051-03-29,27.6,18.5,0.0
2051-03-30,27.0,17.3,0.0
2051-03-31,27.2,16.4,0.0
2051-04-01,28.6,14.3,0.0
2051-04-02,29.4,14.5,0.0
2051-04-03,30.6,14.9,0.0
2051-04-04,30.30560747663551,15.9,0.0
2051-04-05,30.0,16.5,0.0
2051-04-06,31.7,16.3,0.0
2051-04-07,34.02442019099591,15.9,0.0
2051-04-08,25.9,19.0,0.8
2051-04-09,27.3,19.0,1.4
2051-04-10,27.0,18.7,0.0
2051-04-11,28.0,19.7,0.0
2051-04-12,28.6,18.6,0.0
2051-04-13,26.0,18.4,0.0
2051-04-14,30.1,16.0,0.0
2051-04-15,31.2,15.5,0.0
2051-04-16,29.9,16.9,0.0
2051-04-17,29.545454545454547,16.0,0.0
2051-04-18,29.5,15.2,0.0
2051-04-19,28.6,15.5,0.0
2051-04-20,28.2,14.6,0.0
2051-04-21,28.5,14.0,0.0
2051-04-22,28.6,15.1,0.0
2051-04-23,29.5,19.7,0.0
2051-04-24,29.9,18.8,0.0
2051-04-25,29.5,18.408490566037734,0.0
2051-04-26,28.4,17.7,0.0
2051-04-27,28.2,17.969444444444445,0.0
2051-04-28,27.6,15.8,0.0
2051-04-29,27.8,15.1,0.0
2051-04-30,28.4,13.2,0.0
2051-05-01,28.50207362755651,13.4,0.0
2051-05-02,27.5312778717515,13.0,0.0
2051-05-03,28.5,12.4,0.0
2051-05-04,29.5,16.17161441037032,0.0
2051-05-05,28.9,17.8,0.0
2051-05-06,30.4,20.612060546875,0.0
2051-05-07,30.582920703265152,17.2,0.0
2051-05-08,30.79160387513454,14.999442141065039,0.0
2051-05-09,30.7,20.216796875,0.0
2051-05-10,30.7,18.516088984571038,0.0
2051-05-11,29.986623304246915,16.5,0.0
2051-05-12,30.0,15.2,0.0
2051-05-13,29.5,13.5,0.0
2051-05-14,24.0,14.5,6.301639344262296
2051-05-15,21.76456005237868,14.0,0.0
2051-05-16,23.7,11.6,0.0
2051-05-17,23.7,10.0,0.0
2051-05-18,24.0,10.5,0.0
2051-05-19,26.4,12.2,0.0
2051-05-20,27.087367539767968,12.5,0.0
2051-05-21,27.2,12.2,0.0
2051-05-22,26.5,13.9,0.0
2051-05-23,27.93587518706187,12.5,0.0
2051-05-24,25.1,12.2,0.0
2051-05-25,25.5,10.9,0.0
2051-05-26,25.26859887858875,12.3,0.0
2051-05-27,27.5,13.8,0.0
2051-05-28,28.99189872232882,13.2,0.0
2051-05-29,29.2,13.8,0.0
2051-05-30,30.0,12.4,0.0
2051-05-31,30.2,12.0,0.0
2051-06-01,27.82572103924997,13.346129833949643,0.0
2051-06-02,28.59564368572791,11.9,0.0
2051-06-03,29.6,14.0,0.0
2051-06-04,31.183747379441215,16.46385582844979,0.0
2051-06-05,28.2,16.609352066726633,0.0
2051-06-06,25.3,14.4,0.0
2051-06-07,24.8,13.2,0.0
2051-06-08,23.8,11.3,0.0
2051-06-09,24.4,10.5,0.0
2051-06-10,25.9,11.0,0.0
2051-06-11,26.3,11.9,0.0
2051-06-12,26.7,12.5,0.0
2051-06-13,27.9,12.7,0.0
2051-06-14,27.0,13.5,0.0
2051-06-15,24.8,12.9,0.0
2051-06-16,23.9,12.7,0.0
2051-06-17,24.4,10.9,0.0
2051-06-18,23.9,9.9,0.0
2051-06-19,23.9,9.0,0.0
2051-06-20,24.9,6.9,0.0
2051-06-21,26.6,9.0,0.0
2051-06-22,26.2,11.103649715825771,0.0
2051-06-23,24.8,10.6,0.0
2051-06-24,25.2,8.2,0.0
2051-06-25,26.9,7.6,0.0
2051-06-26,25.0,11.7,0.0
2051-06-27,25.3,10.0,0.0
2051-06-28,25.7956461595505,10.2,0.0
2051-06-29,25.9,10.0,0.0
2051-06-30,25.7,11.2,0.0
2051-07-01,22.5,11.9,0.0
2051-07-02,22.3,9.5,0.0
2051-07-03,23.8,9.3,0.0
2051-07-04,26.0,10.451237890204512,0.0
2051-07-05,26.7,12.48871905274488,0.0
2051-07-06,28.2,13.445371568639302,0.0
2051-07-07,28.5,14.6,0.0
2051-07-08,27.4,14.2,0.0
2051-07-09,27.3,12.497336950912,0.0
2051-07-10,28.121386355789337,10.8,0.0
2051-07-11,28.0,11.5,0.0
2051-07-12,26.1,12.9,0.0
2051-07-13,26.4,11.5,0.0
2051-07-14,27.4,11.2,0.0
2051-07-15,25.3,13.6,0.0
2051-07-16,22.7,12.0,0.0
2051-07-17,22.5,10.5,0.0
2051-07-18,22.7,9.2,0.0
2051-07-19,22.2,9.2,0.0
2051-07-20,22.5,9.0,0.0
2051-07-21,24.7,9.2,0.0
2051-07-22,25.4,10.7,0.0
2051-07-23,24.9,11.9,0.0
2051-07-24,25.8,11.2,0.0
2051-07-25,26.7,12.0,0.0
2051-07-26,27.5,13.414364041718573,0.0
2051-07-27,28.892877646214558,14.2,0.0
2051-07-28,29.5,15.0,0.0
2051-07-29,31.00505415276408,14.2,0.0
2051-07-30,31.13151336104278,13.5,0.0
2051-07-31,27.5,15.2,0.0
2051-08-01,22.9,13.3,0.0
2051-08-02,22.5,9.7,0.0
2051-08-03,23.790848809138126,7.9,0.0
2051-08-04,24.7,7.493344610179918,0.0
2051-08-05,29.1,8.163181798074227,0.0
2051-08-06,32.14363017484653,12.3,0.0
2051-08-07,33.1,15.0,0.0
2051-08-08,33.6332657276682,14.6,0.0
2051-08-09,30.246966712025504,16.7,0.0
2051-08-10,28.9,15.0,0.0
2051-08-11,29.9,13.5,0.0
2051-08-12,31.1,13.2,0.0
2051-08-13,31.9,14.5,0.0
2051-08-14,33.0804234543825,15.941124163429585,0.0
2051-08-15,29.9,16.9,0.0
2051-08-16,27.7,16.1,0.0
2051-08-17,27.1,14.6,0.0
2051-08-18,28.0,14.358593157673045,0.0
2051-08-19,28.7,14.4,0.0
2051-08-20,31.17418849419926,14.0,0.0
2051-08-21,31.9,14.5,0.0
2051-08-22,30.5,15.9,0.0
2051-08-23,28.9,16.0,0.0
2051-08-24,29.5,15.5,0.0
2051-08-25,31.6,15.5,0.0
2051-08-26,36.18746972783906,16.075040688912804,0.0
2051-08-27,35.62938599007007,17.159786586792713,0.0
2051-08-28,30.5,18.0,0.0
2051-08-29,31.1,16.6,0.0
2051-08-30,29.3,16.864439737490873,0.0
2051-08-31,28.7,16.3,0.0
2051-09-01,30.0,15.2,0.0
2051-09-02,33.9,17.4,0.0
2051-09-03,31.7,20.5,0.0
2051-09-04,31.4,18.9,0.0
2051-09-05,32.3,19.5,0.0
2051-09-06,30.0,18.4,0.0
2051-09-07,27.8,15.1,0.0
2051-09-08,28.1,14.6,0.0
2051-09-09,28.0,13.9,0.0
2051-09-10,28.7,14.9,0.0
2051-09-11,30.4,16.0,0.0
2051-09-12,31.9,18.2,0.0
2051-09-13,32.7,19.3,0.0
2051-09-14,32.9,19.4,0.0
2051-09-15,33.4,19.462152538682016,0.0
2051-09-16,33.1,19.6,0.0
2051-09-17,31.7,19.4,0.0
2051-09-18,33.0,18.9,0.0
2051-09-19,35.32645682869324,19.6,0.0
2051-09-20,36.15774974558019,20.5,0.0
2051-09-21,36.10134570988581,21.30560651689698,0.0
2051-09-22,36.184167627922484,25.064697265625,0.0
2051-09-23,32.7,21.31420728861584,0.0
2051-09-24,32.7,19.6,0.0
2051-09-25,33.2,19.3,0.0
2051-09-26,35.4819327471441,20.0,0.0
2051-09-27,39.96923828125,21.320620144722017,0.0
2051-09-28,39.87109375,24.88671875,0.0
2051-09-29,36.18960660369884,23.208251953125,0.0
2051-09-30,36.09793965449581,21.523535577035048,0.0
2051-10-01,38.0958394799217,23.067929654010012,0.0
2051-10-02,37.2986064175783,21.940821213658747,0.0
2051-10-03,37.75541450659666,22.909851055365735,0.0
2051-10-04,34.1,21.234324542518827,0.0
2051-10-05,35.0,20.1,0.0
2051-10-06,37.2,21.2,0.0
2051-10-07,37.899873385876106,21.9,0.0
2051-10-08,38.33710828424016,21.806250478536764,0.0
2051-10-09,38.841162109375,22.1,0.0
2051-10-10,39.0640625,23.0,0.0
2051-10-11,38.87900390625,24.05048828125,0.0
2051-10-12,37.611983242661324,23.703475164068184,0.0
2051-10-13,39.464208984375,24.801220703125,0.0
2051-10-14,38.1693970422139,23.663071981666,0.0
2051-10-15,38.92685546875,24.454052734375,0.0
2051-10-16,38.527197265625,23.0,0.0
2051-10-17,38.0,23.77484297762496,0.0
2051-10-18,39.8013671875,20.367653390742728,0.591891891891892
2051-10-19,34.5,20.2,0.0
2051-10-20,34.7,21.454863252061397,0.0
2051-10-21,34.3,20.4,0.0
2051-10-22,34.6,20.7,0.0
2051-10-23,35.2,21.6,0.0
2051-10-24,36.6,22.36774821877077,0.0
2051-10-25,36.88902784386736,21.874276473199014,0.0
2051-10-26,38.0,21.3781469811136,0.0
2051-10-27,37.2,21.4,0.0
2051-10-28,36.71249533182486,21.407880773883786,0.0
2051-10-29,38.4048828125,21.9,0.0
2051-10-30,38.979833984375,22.0,0.0
2051-10-31,39.606787109375,22.0,0.0
2051-11-01,41.30029296875,22.25022290406867,0.0
2051-11-02,41.678466796875,23.30951392174141,0.0
2051-11-03,40.2841796875,23.3,0.0
2051-11-04,39.7060546875,23.042612867465074,0.0
2051-11-05,39.833251953125,23.43739452587753,0.0
2051-11-06,36.4,24.397802734375,0.0
2051-11-07,35.5,23.593328955357013,0.0
2051-11-08,34.0,20.0,8.396062992125986
2051-11-09,31.2,20.0,5.8
2051-11-10,30.6,19.7,2.5
2051-11-11,30.6,19.5,20.732283464566933
2051-11-12,26.5,19.0,20.8
2051-11-13,26.5,18.7,0.0
2051-11-14,25.5,17.9,0.0
2051-11-15,25.0,17.6,54.06656735475625
2051-11-16,25.191452725250276,17.9,1.8
2051-11-17,25.4,17.3,0.0
2051-11-18,28.7,18.68190952910642,0.0
2051-11-19,30.6,18.2,0.0
2051-11-20,29.4,19.0,0.0
2051-11-21,29.9,18.7,0.0
2051-11-22,30.1,18.2,0.0
2051-11-23,30.8,16.6,0.0
2051-11-24,31.2,17.2,0.0
2051-11-25,31.8,18.1,0.0
2051-11-26,31.6,19.0,0.0
2051-11-27,31.6,19.0,1.6
2051-11-28,32.01337362799362,19.672219475686294,0.1
2051-11-29,31.9,19.4,0.0
2051-11-30,31.7,19.2,0.0
2051-12-01,32.4,20.550443722132023,12.726838905775077
2051-12-02,26.0,19.657021943358124,27.558024316109417
2051-12-03,25.737738100809658,19.8,6.9
2051-12-04,30.0,19.9,11.567446808510642
2051-12-05,29.6,19.56709874794629,48.51265957446807
2051-12-06,28.0,19.9,0.0
2051-12-07,29.8,19.8,0.0
2051-12-08,30.03454036598492,19.8,0.0
2051-12-09,30.0,18.3,0.0
2051-12-10,30.1,19.0,0.0
2051-12-11,31.4,20.5,0.0
2051-12-12,32.1,20.5,0.0
2051-12-13,31.5,20.006143655331783,0.0
2051-12-14,31.2,19.5,0.0
2051-12-15,31.6,18.4,0.0
2051-12-16,28.7,19.996922524909593,0.0
2051-12-17,31.0,19.9,0.0
2051-12-18,32.86931457830272,19.4,0.0
2051-12-19,32.35339394911023,19.9,0.0
2051-12-20,30.0,20.222057478847642,2.4
2051-12-21,30.0,19.9,1.3
2051-12-22,32.11848125901611,19.9,0.0
2051-12-23,32.1,19.7,0.0
2051-12-24,31.0,20.0,0.7085106382978724
2051-12-25,32.9,19.9,1.4
2051-12-26,31.4,19.9,0.8
2051-12-27,31.4,19.9,4.0
2051-12-28,31.0,19.9,0.45436170212765975
2051-12-29,25.9,19.6,24.710425531914886
2051-12-30,26.0,19.6,4.744468085106384
2051-12-31,26.729636499130578,19.9,0.2
2052-01-01,27.601293008416878,18.9,1.0
2052-01-02,29.2,18.1,0.0
2052-01-03,30.4,17.7,0.0
2052-01-04,31.9,18.19147992301938,0.0
2052-01-05,31.9,19.6,1.4
2052-01-06,32.08678564778257,19.8,11.2
2052-01-07,31.5,19.5,4.0
2052-01-08,31.7,20.013817539977754,10.0
2052-01-09,29.1,20.057797058468626,16.450000000000003
2052-01-10,25.9,19.8,16.8
2052-01-11,26.2,19.7,13.274999999999993
2052-01-12,26.1,19.97651900382729,0.8
2052-01-13,28.0,19.8,7.6
2052-01-14,25.0,19.7,37.5
2052-01-15,27.7,20.000227814535304,10.6
2052-01-16,28.2,19.7,7.4
2052-01-17,29.09301739278228,19.6,27.0
2052-01-18,27.2,19.8,19.0
2052-01-19,28.2,19.961465102060274,9.1
2052-01-20,26.2,19.6,3.6
2052-01-21,31.8,20.067471467961557,0.0
2052-01-22,28.9,19.6,0.0
2052-01-23,30.2,19.96951264897031,0.0
2052-01-24,30.1,19.4,0.0
2052-01-25,29.5,18.2,0.0
2052-01-26,29.2,17.3,0.0
2052-01-27,29.9,16.7,0.0
2052-01-28,30.8,16.4,0.0
2052-01-29,31.6,16.8,0.0
2052-01-30,31.0,18.8,0.0
2052-01-31,31.1,19.0,0.0
2052-02-01,31.9,17.9,0.0
2052-02-02,32.9,18.9,1.0
2052-02-03,31.687128060164326,19.462819735952802,19.846062052505992
2052-02-04,27.0,19.2,12.5
2052-02-05,29.6,19.2,0.8
2052-02-06,29.9,19.5,0.0
2052-02-07,30.8,19.43160272472046,0.0
2052-02-08,32.0,18.9,0.0
2052-02-09,31.9,18.9,1.0
2052-02-10,31.143909588397445,19.727526810181374,0.0
2052-02-11,30.6,19.5,4.235799522673035
2052-02-12,26.3,19.1,27.96154108421412
2052-02-13,29.9,19.2,78.72546062052515
2052-02-14,26.9,19.351554355685508,43.40543622381331
2052-02-15,25.0,19.2,17.4
2052-02-16,28.0,18.9,0.0
2052-02-17,28.873850672569382,17.7,0.0
2052-02-18,30.0,16.6,0.0
2052-02-19,32.0,16.4,0.0
2052-02-20,31.6,18.6,0.22720763723150364
2052-02-21,29.5,19.2,15.64343675417662
2052-02-22,28.3,18.5,0.0
2052-02-23,27.2,18.5,0.0
2052-02-24,26.5,18.9,9.620047732696902
2052-02-25,29.1,18.0,0.0
2052-02-26,30.044489255539673,19.0,0.0
2052-02-27,30.0,19.0,0.0
2052-02-28,30.0,19.0,0.0
2052-03-01,31.0,18.2,0.0
2052-03-02,31.794444444444444,17.2,0.0
2052-03-03,32.5,16.9,0.0
2052-03-04,33.0,18.2,0.0
2052-03-05,33.2,18.2,0.0
2052-03-06,32.97456647398844,19.452032342129534,10.069270833333336
2052-03-07,30.1,19.4,22.4
2052-03-08,29.2,19.1,27.44595588235294
2052-03-09,28.7,19.4,32.13491379310352
2052-03-10,28.9,19.1,27.841071428571436
2052-03-11,29.0,18.6,0.0
2052-03-12,28.4,18.7,0.0
2052-03-13,29.4,18.6,0.0
2052-03-14,29.0,19.9,0.0
2052-03-15,28.7,18.6,0.0
2052-03-16,28.6,17.6,0.0
2052-03-17,29.9,17.00167870765177,0.0
2052-03-18,30.1,18.0,0.0
2052-03-19,28.8,18.9,0.0
2052-03-20,27.9,19.2,0.0
2052-03-21,29.0,18.6,0.0
2052-03-22,30.0,17.6,0.0
2052-03-23,29.7,17.0,0.0
2052-03-24,30.2,17.2,0.0
2052-03-25,30.6,18.6,11.600142045454543
2052-03-26,32.1,19.4,0.8
2052-03-27,29.9,19.9,0.0
2052-03-28,30.1,19.2,0.0
2052-03-29,29.9,18.0,0.0
2052-03-30,30.5,17.895520727643554,0.0
2052-03-31,31.8,17.8,0.0
2052-04-01,31.262295081967213,18.9,0.0
2052-04-02,31.396282527881038,17.7,0.0
2052-04-03,31.8,18.0,0.0
2052-04-04,31.82482014388489,19.7,0.0
2052-04-05,31.6,19.0,0.0
2052-04-06,31.1,17.7,0.0
2052-04-07,31.7,17.8,0.0
2052-04-08,31.7,17.4,0.0
2052-04-09,30.7,18.6,0.0
2052-04-10,28.4,18.6,0.0
2052-04-11,29.9,18.2,0.0
2052-04-12,27.79135802469136,19.7,0.0
2052-04-13,26.5,18.608240887480186,0.0
2052-04-14,27.0,18.6,0.0
2052-04-15,31.0,19.7,0.0
2052-04-16,30.9,19.217162232655188,0.0
2052-04-17,30.3,17.5,0.0
2052-04-18,30.6,16.3,0.0
2052-04-19,30.2,19.95669474693514,0.0
2052-04-20,30.9,19.7,0.0
2052-04-21,30.9,19.7,0.0
2052-04-22,26.1,18.4004716981132,0.0
2052-04-23,29.0,17.4,0.0
2052-04-24,28.9,15.2,0.0
2052-04-25,30.7,14.0,0.0
2052-04-26,31.4,15.0,0.0
2052-04-27,31.2,17.5,0.0
2052-04-28,29.5,19.7,0.0
2052-04-29,29.0,19.0,0.0
2052-04-30,30.9,18.0,0.0
2052-05-01,30.75084748485772,17.699970539912734,0.0
2052-05-02,30.0,14.5,0.0
2052-05-03,30.7,13.5,0.0
2052-05-04,32.39154829495486,21.79833984375,0.0
2052-05-05,30.7,19.5185546875,0.0
2052-05-06,23.7,16.64099838536059,0.0
2052-05-07,29.3,17.0,0.0
2052-05-08,29.1,14.7,0.0
2052-05-09,28.6,13.7,0.0
2052-05-10,28.1,12.609494079655537,0.0
2052-05-11,29.9,16.5,0.0
2052-05-12,30.938319290301013,20.613037109375,0.0
2052-05-13,30.7,19.560546875,0.0
2052-05-14,30.3,16.2,0.0
2052-05-15,29.7,15.2,0.0
2052-05-16,28.912931004548756,14.0,0.0
2052-05-17,28.6,13.4,0.0
2052-05-18,27.0,10.848470718859874,0.0
2052-05-19,27.0,9.8,0.0
2052-05-20,29.1,8.0,0.0
2052-05-21,28.7,15.6,0.0
2052-05-22,31.0,15.1,0.0
2052-05-23,27.6,14.7,0.0
2052-05-24,27.0,14.5,0.0
2052-05-25,26.98909784803707,12.0,0.0
2052-05-26,26.0,10.0,0.0
2052-05-27,26.7,10.0,0.0
2052-05-28,25.4,11.7,0.0
2052-05-29,22.8,16.006598202077196,0.0
2052-05-30,30.1,14.9,0.0
2052-05-31,30.6,15.9,0.0
2052-06-01,29.887094799612985,16.087795618319873,0.0
2052-06-02,27.577863469698844,14.7,0.0
2052-06-03,26.9,13.0,0.0
2052-06-04,27.0,12.3,0.0
2052-06-05,25.6,11.9,0.0
2052-06-06,27.0,10.5,0.0
2052-06-07,25.0,13.3,0.0
2052-06-08,25.2,11.9,0.0
2052-06-09,25.0,10.5,0.0
2052-06-10,25.0,8.0,0.0
2052-06-11,25.86118526758126,7.9,0.0
2052-06-12,25.9,10.1,0.0
2052-06-13,26.3,10.6,0.0
2052-06-14,27.2,11.5,0.0
2052-06-15,28.0,12.9,0.0
2052-06-16,25.8,15.9,0.0
2052-06-17,28.935085133469098,18.055056812865836,0.0
2052-06-18,30.378485614326777,20.568310546875,0.0
2052-06-19,30.442984563600202,16.37971127871018,0.0
2052-06-20,30.4,14.36431863496128,0.0
2052-06-21,28.0,16.4,0.0
2052-06-22,25.7,13.7,0.0
2052-06-23,25.7,12.0,0.0
2052-06-24,24.8,12.1,0.0
2052-06-25,25.1,10.5,0.0
2052-06-26,26.9,10.5,0.0
2052-06-27,27.7,10.5,0.0
2052-06-28,27.8,12.7,0.0
2052-06-29,26.0,13.2,0.0
2052-06-30,24.1,12.0,0.0
2052-07-01,23.573966793880675,10.2,0.0
2052-07-02,24.7,9.9,0.0
2052-07-03,24.0,10.4,0.0
2052-07-04,25.3,7.5,0.0
2052-07-05,26.6,7.7,0.0
2052-07-06,24.4,10.4,0.0
2052-07-07,22.8,10.5,0.0
2052-07-08,23.8,9.2,0.0
2052-07-09,25.7,9.9,0.0
2052-07-10,26.6,10.612126827540163,0.0
2052-07-11,24.7,12.8,0.0
2052-07-12,25.4,11.2,0.0
2052-07-13,26.6,11.7,0.0
2052-07-14,27.6,12.0,0.0
2052-07-15,29.122371854938002,12.2,0.0
2052-07-16,29.7,12.8,0.0
2052-07-17,30.2,14.6,0.0
2052-07-18,29.7,15.2,0.0
2052-07-19,32.407421875,15.2,0.0
2052-07-20,31.137928115154025,14.6,0.0
2052-07-21,28.791007853924967,16.0,0.0
2052-07-22,28.2,15.1,0.0
2052-07-23,30.201084879874198,15.114179469615419,0.0
2052-07-24,30.9035174832459,15.2,0.0
2052-07-25,29.274205357222275,16.42950485207909,0.0
2052-07-26,31.002590999056125,15.228169247329637,0.0
2052-07-27,31.632275390625,15.2,0.0
2052-07-28,29.457911733046274,16.98134765625,0.0
2052-07-29,28.8,15.629619766421664,0.0
2052-07-30,29.14654265823078,15.3,0.0
2052-07-31,29.775107584504095,15.2,0.0
2052-08-01,28.5,15.889523196779788,0.0
2052-08-02,31.1,14.6,0.0
2052-08-03,35.524745289238346,16.830139935414415,0.0
2052-08-04,33.817802178620184,18.948167181730838,0.0
2052-08-05,32.1,18.2,0.0
2052-08-06,31.0,17.57485335353293,0.0
2052-08-07,33.1,17.05100073104886,0.0
2052-08-08,35.522807498482244,20.15518942309766,0.0
2052-08-09,33.07409415802297,18.613588045757968,0.0
2052-08-10,33.109992320326654,18.0,0.0
2052-08-11,30.419976434992577,16.7,0.0
2052-08-12,29.5,14.853821313240045,0.0
2052-08-13,28.7,14.6,0.0
2052-08-14,28.9,13.9,0.0
2052-08-15,28.9,13.5,0.0
2052-08-16,30.0,13.4,0.0
2052-08-17,32.1,15.0,0.0
2052-08-18,29.5,16.746773306508842,0.0
2052-08-19,27.6,15.0,0.0
2052-08-20,30.5,14.6,0.0
2052-08-21,32.5,16.099013132400433,0.0
2052-08-22,30.292511728984298,16.0,0.0
2052-08-23,28.9,15.6,0.0
2052-08-24,32.1,16.0,0.0
2052-08-25,37.692138671875,17.4,0.0
2052-08-26,39.264404296875,19.231644907834852,0.0
2052-08-27,39.0302734375,25.51123046875,0.0
2052-08-28,38.865478515625,19.24172221161149,0.0
2052-08-29,39.27392578125,19.17355221547535,0.0
2052-08-30,38.287353515625,19.564092095300722,0.0
2052-08-31,35.359387144714134,18.592679226764147,0.0
2052-09-01,35.2,18.5,0.0
2052-09-02,36.09981298496031,19.3,0.0
2052-09-03,36.03214601787875,19.6,0.0
2052-09-04,33.3,20.0,0.0
2052-09-05,34.0,18.9,0.0
2052-09-06,35.69731073742068,18.341172183652336,0.0
2052-09-07,36.04179650815045,18.9,0.0
2052-09-08,39.362060546875,19.2,0.0
2052-09-09,36.12459789322909,18.2,0.0
2052-09-10,31.6,19.6,0.0
2052-09-11,33.0,17.6,0.0
2052-09-12,35.6,18.6,0.0
2052-09-13,39.06494140625,19.6,0.0
2052-09-14,39.805419921875,20.2,0.0
2052-09-15,31.4,19.6,0.0
2052-09-16,31.2,17.0,0.0
2052-09-17,32.1,17.6,0.0
2052-09-18,32.7,16.9,0.0
2052-09-19,34.87857970844799,18.2,0.0
2052-09-20,39.16650390625,19.6,0.0
2052-09-21,39.75,20.5,0.0
2052-09-22,36.09947237942131,20.424579789509718,0.0
2052-09-23,33.802285953797295,19.916002224694115,0.0
2052-09-24,33.952378711388725,18.9,0.0
2052-09-25,39.17236328125,18.9,0.0
2052-09-26,40.183349609375,20.303909870146878,0.0
2052-09-27,36.15317409929215,21.019058954393778,0.0
2052-09-28,36.19331892049857,20.5,0.0
2052-09-29,40.712646484375,20.5,0.0
2052-09-30,41.172607421875,25.727294921875,0.0
2052-10-01,39.258154296875,23.663598822875766,0.0
2052-10-02,33.0,19.4,0.0
2052-10-03,27.6,17.2,0.0
2052-10-04,30.6,16.4,0.0
2052-10-05,32.1,16.4,0.0
2052-10-06,34.0,16.3,0.0
2052-10-07,35.7,17.8,0.0
2052-10-08,37.81882384964671,19.1,0.0
2052-10-09,39.170263671875,20.1,0.0
2052-10-10,39.869970703125,21.93876557143059,0.0
2052-10-11,39.8912109375,23.64824516476264,0.0
2052-10-12,38.220887335818475,20.5,0.0
2052-10-13,33.0,19.9,2.4
2052-10-14,35.5,19.8,0.0
2052-10-15,38.1006207214707,21.2,0.0
2052-10-16,38.52451171875,21.688009754517648,0.0
2052-10-17,38.652197265625,21.015471771649146,0.0
2052-10-18,36.62012917115177,23.0,0.0
2052-10-19,38.335269345182844,23.783477379372325,0.0
2052-10-20,38.0,20.7,1.1135135135135148
2052-10-21,38.819189453125,20.1,0.0
2052-10-22,39.273046875,22.74055646557775,0.0
2052-10-23,30.7,20.3,2.3464864864864867
2052-10-24,33.3,18.5,6.221081081081084
2052-10-25,26.380987420272156,17.7,0.0
2052-10-26,30.7,17.3,0.0
2052-10-27,33.3,18.0,0.0
2052-10-28,37.723948216060535,20.4,0.0
2052-10-29,35.5,20.2,1.194594594594595
2052-10-30,35.5,19.4,0.591891891891892
2052-10-31,34.9,22.2,0.0
2052-11-01,38.84021594845865,21.2,0.0
2052-11-02,37.8424335561627,20.4,0.0
2052-11-03,39.2941058510487,20.4,0.0
2052-11-04,41.045654296875,20.3,0.0
2052-11-05,39.781982421875,23.11429230909006,0.0
2052-11-06,36.2,21.3,0.0
2052-11-07,36.40122533348515,21.002220996844656,0.0
2052-11-08,39.6240234375,20.5,0.0
2052-11-09,40.944091796875,21.0,0.0
2052-11-10,42.898681640625,21.7,0.0
2052-11-11,40.919921875,26.41318359375,0.0
2052-11-12,35.9,21.343478712611088,0.0
2052-11-13,32.8,20.0,0.0
2052-11-14,35.2,20.4,0.0
2052-11-15,39.843994140625,22.3,0.0
2052-11-16,39.98681640625,23.571950848089653,0.0
2052-11-17,40.05810546875,23.0,0.0
2052-11-18,39.80810546875,22.407580668014266,0.0
2052-11-19,40.123291015625,19.9,1.0651574803149608
2052-11-20,34.6,19.7,0.0
2052-11-21,34.14853392658509,20.0,0.0
2052-11-22,35.72199151320396,19.9,2.8
2052-11-23,34.4,20.0,1.4
2052-11-24,32.25867374005305,19.6,1.8
2052-11-25,32.0,19.7,5.67942913385827
2052-11-26,31.7,19.2,8.525984251968504
2052-11-27,31.2,19.0,40.98597819503331
2052-11-28,27.7,18.6,40.81968503937008
2052-11-29,27.1,18.7,64.56020809898763
2052-11-30,27.2,18.5,1.0
2052-12-01,25.6,18.9,0.0
2052-12-02,26.0,19.9,19.51574468085107
2052-12-03,26.6,19.8,3.4
2052-12-04,27.5,20.071257267532058,0.0
2052-12-05,25.6,19.909983990208346,2.3
2052-12-06,29.6,19.9,13.6
2052-12-07,31.0,19.8,0.0
2052-12-08,30.0,19.2,8.8
2052-12-09,28.2,19.9,25.43446808510638
2052-12-10,31.4,19.9,18.903351063829792
2052-12-11,31.2,19.9,29.28808510638298
2052-12-12,30.4,20.3,3.6
2052-12-13,30.5,19.9,7.6
2052-12-14,31.2,19.9,2.0
2052-12-15,31.6,19.9,6.216382978723404
2052-12-16,28.4,19.9,4.4
2052-12-17,29.5,20.2,14.17212765957447
2052-12-18,28.6,19.9,34.52340425531914
2052-12-19,27.0,20.15080588959728,27.335851063829786
2052-12-20,26.7,19.9,52.486723404255315
2052-12-21,25.3,19.6,114.9
2052-12-22,27.0,19.8,20.559574468085113
2052-12-23,24.6,19.0,65.34655705996146
2052-12-24,25.5,19.8,21.640170212765963
2052-12-25,28.0,19.654458077818965,8.458510638297874
2052-12-26,29.2,19.9,8.9
2052-12-27,29.5,19.8,27.106914893617024
2052-12-28,26.6,19.6,0.2
2052-12-29,27.0,17.4,0.0
2052-12-30,29.0,16.6,0.0
2052-12-31,30.9,16.9,0.0
2053-01-01,30.8,17.3,0.0
2053-01-02,31.61526397574061,18.0,0.0
2053-01-03,30.4,19.6,0.5
2053-01-04,28.6,18.7,0.0
2053-01-05,29.9,18.2,0.5
2053-01-06,30.4,18.9,1.1
2053-01-07,29.4,19.2,3.1
2053-01-08,29.9,19.2,9.0
2053-01-09,29.7,19.6,3.4
2053-01-10,27.2,18.8,0.0
2053-01-11,27.2,18.9,1.1
2053-01-12,27.3,19.0,0.0
2053-01-13,28.5,18.0,0.0
2053-01-14,30.0,17.7,0.0
2053-01-15,31.1,17.9,1.2
2053-01-16,31.9,19.6,8.8
2053-01-17,30.8,19.0,0.9
2053-01-18,30.6,19.1,2.4
2053-01-19,30.4,19.0,9.9
2053-01-20,28.5,18.4,6.0
2053-01-21,30.6,18.0,0.0
2053-01-22,29.7,19.6,0.8
2053-01-23,29.98022237846649,19.4,0.0
2053-01-24,31.0,19.7,6.2
2053-01-25,29.1,19.8,21.747368421052638
2053-01-26,28.0,19.6,45.925
2053-01-27,27.9,19.6,41.4
2053-01-28,25.9,19.6,9.8
2053-01-29,26.7,19.6,21.6
2053-01-30,29.6,19.6,1.7
2053-01-31,28.5,19.0,1.0
2053-02-01,29.2,19.4,0.0
2053-02-02,30.5,19.0,0.0
2053-02-03,32.0,18.5,0.0
2053-02-04,32.03767212448438,18.8,0.0
2053-02-05,29.0,19.0,9.9
2053-02-06,30.5,18.6,0.0
2053-02-07,30.8,18.9,0.0
2053-02-08,30.8,19.2,1.6
2053-02-09,31.908825655920072,19.086904186665798,13.44578929423799
2053-02-10,28.3,18.9,59.49485297428753
2053-02-11,23.5,18.0,82.81921613961818
2053-02-12,21.98477423849715,17.9,4.4
2053-02-13,26.0,18.0,5.0
2053-02-14,26.9,18.5,5.0
2053-02-15,29.7,19.0,7.497613365155131
2053-02-16,29.9,17.6,0.0
2053-02-17,30.07512276039547,17.0,0.22720763723150364
2053-02-18,31.419460682188138,15.5,0.0
2053-02-19,31.8,17.5,0.0
2053-02-20,31.145320033536866,18.9,2.0
2053-02-21,26.5,18.1,3.5
2053-02-22,29.382089067071185,17.6,0.0
2053-02-23,29.6,19.229099766067684,0.0
2053-02-24,28.1,19.3638071769598,0.0
2053-02-25,27.9,18.5,0.0
2053-02-26,29.0,17.6,0.0
2053-02-27,29.9,18.5,0.0
2053-02-28,30.5,18.7,0.0
2053-03-01,31.6,19.9,0.0
2053-03-02,31.4,19.884763314231243,2.0
2053-03-03,31.5,19.480566130098236,0.7
2053-03-04,32.9,19.0,0.0
2053-03-05,34.147760305201494,19.4,0.7
2053-03-06,32.656395348837215,20.21336597934176,6.4
2053-03-07,31.2,19.0,16.36060267857143
2053-03-08,31.015476190476193,18.9,1.5
2053-03-09,29.2,18.6,1.6
2053-03-10,29.877586206896552,18.7,5.923437500000003
2053-03-11,31.036904761904758,19.28076979024233,3.5875000000000004
2053-03-12,30.6,19.0,13.344230769230776
2053-03-13,31.2,19.4,17.727812500000002
2053-03-14,30.4,19.1,31.9
2053-03-15,26.6,19.2,10.559375000000001
2053-03-16,27.703333333333337,19.200594568405762,31.9
2053-03-17,24.5,18.8,38.01805555555556
2053-03-18,27.0,16.9,0.0
2053-03-19,27.5,15.1,0.0
2053-03-20,28.0,14.6,0.0
2053-03-21,28.8,15.62723358449946,0.0
2053-03-22,29.5,15.5,0.0
2053-03-23,30.5,16.2,0.0
2053-03-24,31.8,17.4,0.0
2053-03-25,32.0,18.6,0.0
2053-03-26,30.6,18.7,0.0
2053-03-27,29.116000000000003,17.8,0.0
2053-03-28,28.1,17.6,0.0
2053-03-29,27.9,15.7,0.0
2053-03-30,28.4,14.8,0.0
2053-03-31,29.7,14.9,0.0
2053-04-01,29.8,14.5,0.0
2053-04-02,28.1,16.4,0.0
2053-04-03,27.5,17.1,0.0
2053-04-04,29.1,16.4,0.0
2053-04-05,29.9,16.4,0.0
2053-04-06,29.7,16.1,0.0
2053-04-07,29.468085106382983,18.0,0.0
2053-04-08,28.4,17.5,0.0
2053-04-09,29.0,19.0,0.0
2053-04-10,29.425531914893615,17.1,0.0
2053-04-11,29.2,17.5,0.0
2053-04-12,28.6,16.8,0.0
2053-04-13,28.4,19.7,0.0
2053-04-14,29.5,16.2,0.0
2053-04-15,30.2,14.1,0.0
2053-04-16,29.1,14.0,0.0
2053-04-17,29.5,15.0,0.0
2053-04-18,31.359479553903345,12.6,0.0
2053-04-19,29.5,15.5,0.0
2053-04-20,28.6,15.5,0.0
2053-04-21,28.9,14.1,0.0
2053-04-22,29.13047619047619,13.148148148148147,0.0
2053-04-23,30.287654320987652,13.9,0.0
2053-04-24,29.1,15.6,0.0
2053-04-25,28.9,15.7,0.0
2053-04-26,29.7,15.3,0.0
2053-04-27,31.0,14.4,0.0
2053-04-28,31.185436893203885,15.0,0.0
2053-04-29,30.1,15.0,0.0
2053-04-30,31.0,13.6,0.0
2053-05-01,31.1,14.8,0.0
2053-05-02,30.7,16.182532121017775,0.0
2053-05-03,30.0,14.0,0.0
2053-05-04,30.2,12.5,0.0
2053-05-05,30.5,10.0,0.0
2053-05-06,29.5,11.5,0.0
2053-05-07,28.1,10.2,0.0
2053-05-08,29.0,8.9,0.0
2053-05-09,30.498488110382606,10.0,0.0
2053-05-10,31.0,12.4,0.0
2053-05-11,30.2,14.5,0.0
2053-05-12,29.99307880814419,13.7,0.0
2053-05-13,30.013318328603578,13.176329622150792,0.0
2053-05-14,30.1,12.9,0.0
2053-05-15,29.2,15.9,0.0
2053-05-16,25.3,19.51171875,0.0
2053-05-17,27.5,18.31043150847068,0.0
2053-05-18,30.2,17.8,0.0
2053-05-19,30.2,15.88239553772384,0.0
2053-05-20,30.7,16.0,0.0
2053-05-21,29.6,16.5,0.0
2053-05-22,28.0,14.0,0.0
2053-05-23,28.6,13.8,0.0
2053-05-24,29.6,16.2,0.0
2053-05-25,24.5,12.1,0.0
2053-05-26,28.0,11.3,0.0
2053-05-27,29.6,12.834454610692482,0.0
2053-05-28,29.6,11.9,0.0
2053-05-29,29.2,12.4,0.0
2053-05-30,30.2,11.9,0.0
2053-05-31,30.7,12.2,0.0
2053-06-01,29.408067839875212,13.7,0.0
2053-06-02,29.3,13.53060317564178,0.0
2053-06-03,26.889741126504198,13.8,0.0
2053-06-04,24.8,13.2,0.0
2053-06-05,25.3,13.487245715578526,0.0
2053-06-06,26.2,14.346151069322316,0.0
2053-06-07,25.7,12.9,0.0
2053-06-08,25.6,10.765543255947472,0.0
2053-06-09,26.5,9.7,0.0
2053-06-10,26.5,9.697306185616872,0.0
2053-06-11,25.4,11.5,0.0
2053-06-12,25.397950297078054,11.4,0.0
2053-06-13,24.429237493929094,11.9,0.0
2053-06-14,25.0,11.4,0.0
2053-06-15,19.6,11.9,0.0
2053-06-16,23.0,14.517806822395258,0.0
2053-06-17,24.2,15.252281147808366,0.0
2053-06-18,23.9,14.4,0.0
2053-06-19,23.7,14.509995287974297,0.0
2053-06-20,20.8,10.6,0.0
2053-06-21,23.2,8.4,0.0
2053-06-22,23.5,6.5,0.0
2053-06-23,23.1,8.4,0.0
2053-06-24,24.1,8.9,0.0
2053-06-25,25.0,10.0,0.0
2053-06-26,25.9,10.28259775819286,0.0
2053-06-27,25.6,8.587029406696018,0.0
2053-06-28,25.6,7.0,0.0
2053-06-29,26.3,6.9,0.0
2053-06-30,26.0,9.9,0.0
2053-07-01,25.9,9.5,0.0
2053-07-02,28.0,10.3,0.0
2053-07-03,29.0,11.0,0.0
2053-07-04,28.2,12.2,0.0
2053-07-05,25.0,13.43121595852332,0.0
2053-07-06,23.8,15.2,0.0
2053-07-07,25.0,12.8,0.0
2053-07-08,25.9,11.2,0.0
2053-07-09,26.8,11.4468107421821,0.0
2053-07-10,28.026818391511597,13.37114769486631,0.0
2053-07-11,24.0,15.0,0.0
2053-07-12,22.9,12.1,0.0
2053-07-13,25.2,11.4,0.0
2053-07-14,26.4,12.8,0.0
2053-07-15,26.7,14.0,0.0
2053-07-16,26.7,14.2,0.0
2053-07-17,27.0,14.0,0.0
2053-07-18,27.0,14.2,0.0
2053-07-19,28.3,14.2,0.0
2053-07-20,29.2,14.2,0.0
2053-07-21,29.753942905234943,15.0,0.0
2053-07-22,28.852866746552372,15.2,0.0
2053-07-23,27.1,15.2,0.0
2053-07-24,25.4,14.0,0.0
2053-07-25,25.2,12.7,0.0
2053-07-26,25.9,11.1,0.0
2053-07-27,26.3,11.0,0.0
2053-07-28,24.5,12.7,0.0
2053-07-29,22.6,11.926095443128808,0.0
2053-07-30,22.7,10.5,0.0
2053-07-31,23.2,10.979044734272911,0.0
2053-08-01,24.0,9.4,0.0
2053-08-02,25.2,9.5,0.0
2053-08-03,26.7,10.4,0.0
2053-08-04,27.7,12.0,0.0
2053-08-05,26.6,13.8,0.0
2053-08-06,25.6,12.3,0.0
2053-08-07,26.7,10.7,0.0
2053-08-08,29.0,12.0,0.0
2053-08-09,30.8,14.0,0.0
2053-08-10,26.9,15.7,0.0
2053-08-11,24.59057570246093,14.0,0.0
2053-08-12,24.7,12.6,0.0
2053-08-13,25.9,11.9,0.0
2053-08-14,28.4,12.9,0.0
2053-08-15,29.8,13.2,0.0
2053-08-16,25.3,15.366487262289194,0.0
2053-08-17,24.9,12.5,0.0
2053-08-18,28.9,11.8,0.0
2053-08-19,28.5444617868676,13.6,0.0
2053-08-20,27.7,14.0,0.0
2053-08-21,27.9,13.4,0.0
2053-08-22,28.1,11.8,0.0
2053-08-23,29.6,11.9,0.0
2053-08-24,33.1,12.8,0.0
2053-08-25,37.46705755714543,13.7,0.0
2053-08-26,29.0,16.9,0.0
2053-08-27,27.5,14.6,0.0
2053-08-28,29.1,14.6,0.0
2053-08-29,29.5,15.1,0.0
2053-08-30,30.0,14.3,0.0
2053-08-31,32.1,14.7,0.0
2053-09-01,29.8,17.5,0.0
2053-09-02,27.8965308676307,15.4,0.0
2053-09-03,26.865454841422718,14.7,0.0
2053-09-04,25.11538124798163,13.319489975087107,0.0
2053-09-05,24.8,12.296070634037822,0.0
2053-09-06,27.6,13.6,0.0
2053-09-07,30.0,16.8,0.0
2053-09-08,30.7,19.5,0.0
2053-09-09,29.2,17.6,0.0
2053-09-10,29.1,15.5,0.0
2053-09-11,27.758713907471527,14.9,0.0
2053-09-12,28.9,13.9,0.0
2053-09-13,31.0,13.9,0.0
2053-09-14,32.7,14.6,0.0
2053-09-15,33.8,18.2,0.0
2053-09-16,36.04094499430294,19.0,0.0
2053-09-17,39.762451171875,20.1,0.0
2053-09-18,35.3,21.038657397107908,0.0
2053-09-19,33.4,19.6,0.0
2053-09-20,35.3,19.2,0.0
2053-09-21,39.14306640625,20.182612326861168,0.0
2053-09-22,34.2,20.151279032341456,0.0
2053-09-23,25.6,17.7,0.0
2053-09-24,28.1,14.9,0.0
2053-09-25,30.4,15.7,0.0
2053-09-26,32.0,17.1,0.0
2053-09-27,32.5,18.5,0.0
2053-09-28,32.0,19.2,0.0
2053-09-29,31.6,19.0,0.0
2053-09-30,32.86171084402724,19.2,0.0
2053-10-01,38.0,19.8,0.0
2053-10-02,38.620947265625,20.7,0.0
2053-10-03,39.289892578125,23.70151832528906,0.0
2053-10-04,37.0,21.9,0.0
2053-10-05,37.2,20.7,0.0
2053-10-06,38.606298828125,20.2,0.0
2053-10-07,39.061376953125,21.0,0.0
2053-10-08,38.6294921875,21.9,0.0
2053-10-09,39.343359375,21.7,0.0
2053-10-10,39.763525390625,24.082958984375,0.0
2053-10-11,38.44931640625,22.964793951648087,0.0
2053-10-12,38.53330078125,21.8,0.0
2053-10-13,38.401953125,21.4,0.0
2053-10-14,38.945654296875,20.956135629709355,0.0
2053-10-15,39.477392578125,21.8,0.0
2053-10-16,38.696142578125,22.65570073778412,0.0
2053-10-17,35.4,22.1,0.0
2053-10-18,34.4,20.9,0.0
2053-10-19,36.756936359043074,21.5,0.0
2053-10-20,36.80170980841459,21.4,0.0
2053-10-21,34.4,20.7,0.0
2053-10-22,34.0,20.2,0.0
2053-10-23,35.0,20.1,0.0
2053-10-24,37.0,20.7,0.0
2053-10-25,36.3,22.649740125556868,0.0
2053-10-26,35.7,21.057039456590317,0.0
2053-10-27,36.00860615925856,20.3,0.0
2053-10-28,37.65486282838267,20.65346056497832,0.0
2053-10-29,39.02744140625,20.2,0.0
2053-10-30,39.239599609375,21.67218608134037,0.0
2053-10-31,39.097998046875,23.0,0.0
2053-11-01,41.632080078125,23.892370949955566,0.0
2053-11-02,41.69189453125,23.04434989808191,0.0
2053-11-03,40.67333984375,23.0,0.0
2053-11-04,41.776123046875,22.454506376739815,0.0
2053-11-05,38.822337184824235,23.884909571340707,0.0
2053-11-06,35.44694104560622,19.9,6.029133858267718
2053-11-07,31.9,19.3,5.029527559055118
2053-11-08,32.3,19.1,0.0
2053-11-09,31.3,19.4,0.0
2053-11-10,30.6,19.4,1.9167979002624667
2053-11-11,28.9,19.2,1.801673228346456
2053-11-12,30.5,19.4,0.0
2053-11-13,31.836575361512786,19.4,0.0
2053-11-14,33.0,20.5,0.0
2053-11-15,34.4,23.2,0.0
2053-11-16,33.5,20.5,0.0
2053-11-17,32.0,19.4,20.8
2053-11-18,30.188775864585583,19.5,5.8
2053-11-19,31.5,19.4,2.1
2053-11-20,32.2,18.5,0.0
2053-11-21,31.1,20.0,1.0
2053-11-22,30.4,19.5,3.0
2053-11-23,29.397636262513906,19.2,19.059842519685045
2053-11-24,28.3,19.5,0.0
2053-11-25,29.7,19.5,5.0
2053-11-26,31.0,18.9,0.0
2053-11-27,31.0,17.8,1.8
2053-11-28,31.5,19.5,0.0
2053-11-29,27.960041071275775,18.9,13.388188976377954
2053-11-30,26.8,18.0,0.0
2053-12-01,28.2,17.7,0.0
2053-12-02,31.11914787092897,16.9,0.0
2053-12-03,31.5,17.5,0.0
2053-12-04,29.5,18.2,0.0
2053-12-05,30.6,17.6,0.0
2053-12-06,32.9,19.0,0.0
2053-12-07,31.6,19.9,0.0
2053-12-08,31.972147721899738,19.5,0.0
2053-12-09,31.3,19.6,0.0
2053-12-10,30.0,19.9,3.2
2053-12-11,24.6,19.5,55.969645390070916
2053-12-12,30.0,19.9,0.0
2053-12-13,29.4,19.64497177532409,0.0
2053-12-14,30.79186629040234,19.5,0.8
2053-12-15,31.4,19.0,1.0
2053-12-16,29.5,19.9,52.36382978723404
2053-12-17,29.0,19.8,21.8804255319149
2053-12-18,30.6,19.6,23.8
2053-12-19,31.4,19.8,6.9
2053-12-20,31.94074826715491,19.6,26.0
2053-12-21,29.4,20.0,47.958389057750765
2053-12-22,24.64410129504067,19.9,28.3
2053-12-23,27.1,19.6,2.959734042553193
2053-12-24,25.9,19.6,1.6
2053-12-25,30.3,19.42165487504562,4.2
2053-12-26,30.5,19.4,0.0
2053-12-27,31.2,19.4,73.7319649561952
2053-12-28,24.8147760205349,19.5,35.167287234042554
2053-12-29,25.3,19.8,4.9
2053-12-30,27.7,19.8,19.02382978723405
2053-12-31,29.4,19.4,3.9
2054-01-01,29.0137117710378,19.341322808276512,20.9
2054-01-02,28.7,19.661822013399497,35.17142857142858
2054-01-03,24.4,19.5,3.7
2054-01-04,23.9,18.2,25.750000000000004
2054-01-05,23.7,17.9,52.1
2054-01-06,23.1,17.6,3.4
2054-01-07,25.9,17.7,1.1
2054-01-08,29.2,18.9,1.1
2054-01-09,30.4,18.19718172032488,0.5
2054-01-10,31.6,18.4,3.4
2054-01-11,29.6,19.4,14.2
2054-01-12,26.4,19.6,15.5
2054-01-13,28.5,19.8,17.3
2054-01-14,30.7,19.5,1.0
2054-01-15,30.257092234802343,18.7,0.0
2054-01-16,29.5,19.3,0.0
2054-01-17,29.7,20.145647637944826,6.4
2054-01-18,27.0,19.6,19.120000000000005
2054-01-19,28.5,19.6,1.6
2054-01-20,29.5,19.3,7.5
2054-01-21,28.9,18.9,6.3
2054-01-22,29.323184075597986,17.7,0.0
2054-01-23,28.2,17.6,23.2
2054-01-24,27.6,19.6,7.0
2054-01-25,30.0,19.45867623728622,2.7
2054-01-26,29.2,19.8,1.4
2054-01-27,29.5,18.3,0.0
2054-01-28,25.4,16.8,0.6
2054-01-29,25.0,17.0,0.6
2054-01-30,29.5,16.5,0.0
2054-01-31,28.3,18.1,26.0
2054-02-01,29.075336665895794,16.9,0.0
2054-02-02,29.48648586261464,17.9,0.0
2054-02-03,29.9,18.0,2.6
2054-02-04,28.5,19.2,27.080763723150373
2054-02-05,26.6,18.3,0.0
2054-02-06,29.4,17.3,0.0
2054-02-07,30.0,17.7,0.0
2054-02-08,30.3,17.9,0.0
2054-02-09,31.2,18.766658224076284,0.0
2054-02-10,30.8,19.5,0.0
2054-02-11,29.5,19.2,7.606682577565634
2054-02-12,29.8,18.8,1.2
2054-02-13,29.5,18.2,0.9813842482100246
2054-02-14,28.9,19.0,0.0
2054-02-15,29.0,18.3,0.0
2054-02-16,29.5,17.7,0.0
2054-02-17,30.4,17.0,0.0
2054-02-18,32.0,17.1,0.0
2054-02-19,32.73171365602477,17.0,0.0
2054-02-20,34.25216327358584,19.468771966728614,15.6
2054-02-21,30.6,18.9,20.93024517248863
2054-02-22,31.106537902511366,18.9,0.0
2054-02-23,31.6,18.5,0.0
2054-02-24,30.754739313454003,18.1,1.3
2054-02-25,29.0,18.8,9.833651551312654
2054-02-26,29.930336114421927,18.6,2.6
2054-02-27,29.1,18.8,0.0
2054-02-28,30.2,19.4,0.0
2054-03-01,31.8,18.7,0.0
2054-03-02,31.53589743589744,20.24745599531682,0.0
2054-03-03,30.1,19.0,0.0
2054-03-04,30.2,18.5,0.0
2054-03-05,27.0,18.5,2.4
2054-03-06,28.1,18.2,0.0
2054-03-07,28.6,19.0,1.2
2054-03-08,29.9,18.6,0.0
2054-03-09,30.7,17.992039732069202,1.4441406250000004
2054-03-10,31.9,17.4,0.0
2054-03-11,32.0,18.5,0.0
2054-03-12,30.0,19.9,1.4726562500000007
2054-03-13,31.9,19.27922705113232,3.1
2054-03-14,26.944444444444443,19.0,1.2
2054-03-15,27.2,19.0,10.031250000000002
2054-03-16,26.0,18.7,15.611277173913056
2054-03-17,27.1,18.7,0.0
2054-03-18,28.7,17.3,0.0
2054-03-19,29.1,16.1,0.0
2054-03-20,24.28659793814433,16.8,16.476171875000002
2054-03-21,20.173055242390078,16.3,18.4
2054-03-22,30.2,15.4,0.0
2054-03-23,31.1,18.7,6.4
2054-03-24,29.9,18.8,4.626562500000002
2054-03-25,29.7,18.2,0.9
2054-03-26,30.8,17.86493168040955,0.0
2054-03-27,30.5,18.2,0.0
2054-03-28,30.5,17.9636198911907,0.0
2054-03-29,31.410309278350518,17.6,0.0
2054-03-30,31.5,19.241429942936925,13.238942307692318
2054-03-31,31.8,19.2,0.0
2054-04-01,32.2,19.0,0.0
2054-04-02,30.0,19.7,0.0
2054-04-03,25.7,18.939818181818186,0.0
2054-04-04,28.9,16.8,0.0
2054-04-05,29.2,16.0,0.0
2054-04-06,29.6,15.6,0.0
2054-04-07,29.6,15.7,0.0
2054-04-08,29.8,13.9,0.0
2054-04-09,29.5,14.9,0.0
2054-04-10,30.7,13.7,0.0
2054-04-11,30.594736842105263,16.0,0.0
2054-04-12,26.5,18.2,0.0
2054-04-13,28.6,16.0,0.0
2054-04-14,28.2,14.6,0.0
2054-04-15,28.4,13.6,0.0
2054-04-16,29.2,11.757142857142858,0.0
2054-04-17,31.0,12.7,0.0
2054-04-18,31.2,14.5,0.0
2054-04-19,31.1,18.6,0.0
2054-04-20,29.9,19.4,0.0
2054-04-21,30.0,19.7,0.4
2054-04-22,31.1,19.7,0.0
2054-04-23,32.45245398773006,19.27767344809598,0.0
2054-04-24,32.0,19.7,0.3
2054-04-25,28.5,19.0,0.0
2054-04-26,27.9,19.0,0.0
2054-04-27,23.3195,17.6,1.0
2054-04-28,26.2,17.43650793650788,0.0
2054-04-29,28.4,19.0,0.0
2054-04-30,29.5,18.914545454545458,0.0
2054-05-01,29.7,15.752215401623355,0.0
2054-05-02,23.72766415500538,16.043791397835246,0.0
2054-05-03,27.9,12.9,0.0
2054-05-04,30.1,10.9,0.0
2054-05-05,30.0,9.0,0.0
2054-05-06,29.8,15.3,0.0
2054-05-07,24.5,15.6,0.0
2054-05-08,23.7,15.2,0.0
2054-05-09,28.6,13.0,0.0
2054-05-10,30.2,11.4,0.0
2054-05-11,28.5,14.1,0.0
2054-05-12,25.0,13.3,0.0
2054-05-13,27.0,12.2,0.0
2054-05-14,26.756100455150314,9.9,0.0
2054-05-15,27.56471474703983,6.7,0.0
2054-05-16,26.0,9.1,0.0
2054-05-17,27.3,9.6,0.0
2054-05-18,29.0,12.0,0.0
2054-05-19,30.0,12.3,0.0
2054-05-20,30.3,12.4,0.0
2054-05-21,30.0,13.5,0.0
2054-05-22,30.1,13.8,0.0
2054-05-23,26.7,14.7,0.0
2054-05-24,24.3,17.98984746252197,1.3939393939393938
2054-05-25,26.0,17.2,0.0
2054-05-26,25.7,16.2,0.0
2054-05-27,26.0,14.4,0.0
2054-05-28,26.290124657106148,13.1,0.0
2054-05-29,25.2,10.9,0.0
2054-05-30,25.7,8.0,0.0
2054-05-31,25.2,12.6,0.0
2054-06-01,25.9,11.7,0.0
2054-06-02,27.2,11.6,0.0
2054-06-03,27.5,12.9,0.0
2054-06-04,27.2,12.7,0.0
2054-06-05,27.0,11.9,0.0
2054-06-06,27.6,10.6,0.0
2054-06-07,27.3,10.6,0.0
2054-06-08,25.1,11.0,0.0
2054-06-09,25.0,10.110958121636653,0.0
2054-06-10,26.0,13.3,0.0
2054-06-11,27.0,16.4,0.0
2054-06-12,27.9,16.4,0.0
2054-06-13,29.322809327148374,20.16474609375,0.0
2054-06-14,28.9346637974976,16.4,0.0
2054-06-15,26.3,14.2,0.0
2054-06-16,27.6,12.7,0.0
2054-06-17,30.369812537755735,13.5,0.0
2054-06-18,27.7,12.9,0.0
2054-06-19,26.3,8.5,0.0
2054-06-20,26.6,10.7,0.0
2054-06-21,27.6,11.129616655321835,0.0
2054-06-22,28.0,12.3,0.0
2054-06-23,26.7,13.43081201334817,0.0
2054-06-24,23.9,12.1,0.0
2054-06-25,23.4,10.7,0.0
2054-06-26,22.2,11.1,0.0
2054-06-27,24.7,9.9,0.0
2054-06-28,24.6,11.8,0.0
2054-06-29,25.9,11.6,0.0
2054-06-30,26.3,11.6,0.0
2054-07-01,24.0,12.0,0.0
2054-07-02,24.0,9.3,0.0
2054-07-03,23.5,9.1,0.0
2054-07-04,21.7,9.7,0.0
2054-07-05,21.4,9.1,0.0
2054-07-06,23.2,7.3,0.0
2054-07-07,24.4,10.3,0.0
2054-07-08,26.9,10.168819519196267,0.0
2054-07-09,27.6,9.8,0.0
2054-07-10,28.3,10.4,0.0
2054-07-11,29.02732808216476,12.72996565687631,0.0
2054-07-12,29.155942415066864,13.8,0.0
2054-07-13,29.308142141643447,12.8,0.0
2054-07-14,29.0,12.1,0.0
2054-07-15,28.3,12.8,0.0
2054-07-16,29.0,12.1,0.0
2054-07-17,27.555906180952913,15.2,0.0
2054-07-18,25.9,14.547233584499452,0.0
2054-07-19,26.1,12.9,0.0
2054-07-20,28.420603841940775,12.7,0.0
2054-07-21,29.7,14.6,0.0
2054-07-22,30.819222889683616,15.677995482742919,0.0
2054-07-23,29.7,16.364622544887116,0.0
2054-07-24,27.3,15.305629632659938,0.0
2054-07-25,26.6,14.2,0.0
2054-07-26,28.1,12.9,0.0
2054-07-27,29.2,13.5,0.0
2054-07-28,27.4,15.3,0.0
2054-07-29,26.7,15.1,0.0
2054-07-30,23.2,15.0,0.0
2054-07-31,23.0,11.9,0.0
2054-08-01,24.3,8.5,0.0
2054-08-02,26.5,7.5,0.0
2054-08-03,29.5,10.1,0.0
2054-08-04,31.1,12.3,0.0
2054-08-05,30.6,11.0,0.0
2054-08-06,30.0,14.5,0.0
2054-08-07,30.0,13.4,0.0
2054-08-08,31.2,13.4,0.0
2054-08-09,32.5,13.6,0.0
2054-08-10,30.9,15.0,0.0
2054-08-11,30.5,15.2,0.0
2054-08-12,31.5,15.533195789977267,0.0
2054-08-13,32.970125495090095,15.8,0.0
2054-08-14,31.9,16.0,0.0
2054-08-15,27.7,15.7,0.0
2054-08-16,30.5,15.2,0.0
2054-08-17,38.779296875,16.9,0.0
2054-08-18,38.523681640625,16.4,0.0
2054-08-19,33.4260824674326,16.9,0.0
2054-08-20,35.689457503510326,16.769356165478204,0.0
2054-08-21,37.20803952607445,18.29142108576883,0.0
2054-08-22,38.485595703125,18.907477963857655,0.0
2054-08-23,38.450927734375,19.0,0.0
2054-08-24,37.752197265625,18.29871641245405,0.0
2054-08-25,38.654541015625,17.93462469649305,0.0
2054-08-26,39.82080078125,18.13997250317067,0.0
2054-08-27,38.857666015625,17.7,0.0
2054-08-28,34.7767580573672,19.386830897218395,0.0
2054-08-29,29.102358352089247,17.447427572716638,0.0
2054-08-30,26.7,16.7,0.0
2054-08-31,29.0,15.2,0.0
2054-09-01,30.0,14.7,0.0
2054-09-02,30.9,14.6,0.0
2054-09-03,30.0,16.297802002224696,0.0
2054-09-04,30.0,14.1,0.0
2054-09-05,30.9,12.952121404735422,0.0
2054-09-06,31.0,13.6,0.0
2054-09-07,31.9,14.61469265367316,0.0
2054-09-08,31.9,15.9,0.0
2054-09-09,31.1,17.7,0.0
2054-09-10,31.6,17.4,0.0
2054-09-11,32.9,18.2,0.0
2054-09-12,32.4,18.970911212822994,0.0
2054-09-13,31.5,18.52625043151394,0.0
2054-09-14,32.3,17.7,0.0
2054-09-15,33.927252502780874,16.9,0.0
2054-09-16,35.1,18.5,0.0
2054-09-17,33.5,19.5,0.0
2054-09-18,32.0,18.9,0.0
2054-09-19,29.2,16.7,0.0
2054-09-20,30.6,14.5,0.0
2054-09-21,33.1,14.4,0.0
2054-09-22,35.39209754591758,16.9,0.0
2054-09-23,32.9,19.2,0.0
2054-09-24,31.0,18.0,0.0
2054-09-25,31.5,16.9,0.0
2054-09-26,33.0,16.9,0.0
2054-09-27,36.06887464850104,17.98513290629435,0.0
2054-09-28,36.824254855494445,19.9,0.0
2054-09-29,32.3,19.67732129266437,0.0
2054-09-30,31.6,18.2,0.0
2054-10-01,33.4,17.2,0.0
2054-10-02,39.454443359375,18.2,0.0
2054-10-03,39.89267578125,23.27858807797598,0.0
2054-10-04,41.18466796875,24.56953125,0.0
2054-10-05,38.494482421875,22.0,0.0
2054-10-06,35.4,19.6,0.0
2054-10-07,36.0,21.9,0.0
2054-10-08,35.2,22.2,0.0
2054-10-09,35.5,21.0,0.0
2054-10-10,37.23405374050908,21.4,0.0
2054-10-11,38.909765625,21.8,0.0
2054-10-12,40.077734375,24.01240234375,0.0
2054-10-13,38.36322121885388,23.528802736206096,0.0
2054-10-14,35.3,21.4,0.0
2054-10-15,36.02226364567195,21.4,0.0
2054-10-16,39.667333984375,21.879141817884992,0.0
2054-10-17,37.79498575075571,25.4162109375,0.0
2054-10-18,31.8,21.047921383764514,0.0
2054-10-19,32.5,19.4,0.0
2054-10-20,34.3,19.7,0.0
2054-10-21,35.98104923233811,19.6,0.0
2054-10-22,35.7,20.0,0.0
2054-10-23,36.41009367817763,19.9,0.0
2054-10-24,35.0,20.4,0.0
2054-10-25,35.2,20.5,0.0
2054-10-26,36.6,21.0,0.0
2054-10-27,38.368738036025825,21.7,0.0
2054-10-28,32.5,19.6,0.0
2054-10-29,31.8,17.041579655543593,0.0
2054-10-30,35.8,19.4,0.0
2054-10-31,38.3065818958889,20.7,0.0
2054-11-01,39.887451171875,20.9,0.0
2054-11-02,40.355224609375,21.86266518353727,0.0
2054-11-03,40.6494140625,23.007319563568476,0.0
2054-11-04,39.827392578125,23.69552469166644,0.0
2054-11-05,36.0,22.0,0.0
2054-11-06,34.5,21.7,0.0
2054-11-07,35.5,20.9,0.0
2054-11-08,36.8,20.5,0.0
2054-11-09,39.655029296875,19.9,0.0
2054-11-10,38.96709749683195,20.662305339265856,0.0
2054-11-11,32.1,20.0,0.0
2054-11-12,35.5,21.03341826467522,0.0
2054-11-13,36.3,19.9,0.0
2054-11-14,39.542724609375,20.0,0.0
2054-11-15,40.121826171875,23.692422770219807,0.0
2054-11-16,37.5468402460929,20.1,2.3
2054-11-17,32.5,19.9,0.0
2054-11-18,34.0,21.5,0.0
2054-11-19,33.7,19.910445714877007,0.0
2054-11-20,34.6,19.9,0.0
2054-11-21,33.5,20.827762480473147,0.0
2054-11-22,34.63353151010701,19.9,0.0
2054-11-23,36.5,19.9,0.1
2054-11-24,28.7,19.0,45.494931102362216
2054-11-25,25.4,18.58530475037624,7.060236220472443
2054-11-26,27.15521844194699,17.2,0.0
2054-11-27,30.3814405943711,16.4,0.0
2054-11-28,32.1,15.993022246941045,0.0
2054-11-29,33.5,16.3,0.0
2054-11-30,33.2,17.5,0.0
2054-12-01,32.833749745439725,20.0,0.0
2054-12-02,32.9,20.059410014708128,0.0
2054-12-03,33.7,19.540480426038187,0.0
2054-12-04,34.10667384284175,20.145314245514296,0.0
2054-12-05,33.7,21.0,0.0
2054-12-06,33.64759061533168,20.24539048014517,0.0
2054-12-07,34.248583984375,20.631313875934335,0.0
2054-12-08,35.76884765625,21.038838087349095,0.0
2054-12-09,37.15703125,21.0,0.0
2054-12-10,35.649462890625,22.11294966223939,0.0
2054-12-11,34.669970703125,20.59553551878895,4.54404255319149
2054-12-12,33.7,20.21040429644548,5.0
2054-12-13,31.6,20.2,25.0
2054-12-14,32.1,20.156396688684552,0.0
2054-12-15,29.2,20.279280600486917,0.0
2054-12-16,31.421505251214608,19.9,0.0
2054-12-17,32.9,19.5,0.0
2054-12-18,32.4,19.9,0.0
2054-12-19,32.1,19.8,6.274840425531916
2054-12-20,32.0,19.9,5.6
2054-12-21,28.9,19.95981044148003,24.710425531914886
2054-12-22,26.6,19.9,25.0
2054-12-23,25.31061800907942,19.8,3.4
2054-12-24,26.5,19.5,0.9
2054-12-25,29.9,18.9,1.6
2054-12-26,29.8,20.0,0.0
2054-12-27,27.607953025882797,19.9,2.3
2054-12-28,28.4,19.9,10.565319148936172
2054-12-29,30.3,20.010794627631807,13.420531914893619
2054-12-30,28.1,19.9,6.4
2054-12-31,30.5,19.5,18.469281914893628
2055-01-01,26.0,19.5177433200256,70.36567796610166
2055-01-02,24.815287773021645,19.5,10.8
2055-01-03,28.6,19.0,27.4
2055-01-04,27.6,19.6,3.0
2055-01-05,27.789061458813876,19.6,0.9
2055-01-06,29.7,19.6,23.385714285714286
2055-01-07,29.5,19.948363435392697,31.0
2055-01-08,27.4,19.98591142380586,48.94999999999997
2055-01-09,28.8,19.880971576041166,30.73333333333334
2055-01-10,25.6,19.678951497417803,21.831578947368435
2055-01-11,25.0,19.674349906071114,8.4
2055-01-12,24.6,19.6,30.73333333333334
2055-01-13,26.524168078008103,19.56222762129356,10.0
2055-01-14,26.8,19.362779571821573,7.7
2055-01-15,29.4,19.2,1.1
2055-01-16,31.1,18.5,4.3
2055-01-17,26.6,19.505715414696624,1.0
2055-01-18,29.2,18.6,0.0
2055-01-19,30.491197225212282,17.0,0.0
2055-01-20,30.9,17.8,0.0
2055-01-21,30.4,19.5,3.6
2055-01-22,30.18016842905085,18.9,1.7
2055-01-23,30.9,18.9,0.0
2055-01-24,31.5,19.2,0.0
2055-01-25,31.0,18.4,0.0
2055-01-26,30.9,20.054369801293983,0.0
2055-01-27,32.06604019521055,19.61857669158112,0.0
2055-01-28,32.6,19.8,8.049999999999997
2055-01-29,31.0,19.966519221817784,19.0
2055-01-30,29.0,20.18061433772649,0.8
2055-01-31,27.5,19.8,12.0
2055-02-01,27.6,19.2,2.8
2055-02-02,29.7,18.8,1.4
2055-02-03,31.8,18.9,0.0
2055-02-04,31.667097653010213,19.1,5.213126491646777
2055-02-05,27.0,19.0,4.4
2055-02-06,28.6,19.2,2.0
2055-02-07,28.725932431396277,19.0,0.0
2055-02-08,29.322999963881962,19.956276341150446,0.0
2055-02-09,29.51752579988163,19.634351520902587,0.0
2055-02-10,30.2,19.468693989906214,0.0
2055-02-11,30.5,19.7,0.0
2055-02-12,29.901087008343257,19.0,0.0
2055-02-13,25.9,19.4,0.0
2055-02-14,26.169081091948243,19.0,0.8
2055-02-15,30.4,19.1,2.3
2055-02-16,29.6,19.2,6.385680190930788
2055-02-17,28.0,19.2,27.0
2055-02-18,28.3,19.2,27.018042959427223
2055-02-19,28.0,19.0,2.3
2055-02-20,28.7,19.37506896121926,0.0
2055-02-21,29.0,19.2,0.0
2055-02-22,29.4,19.45387839365203,0.0
2055-02-23,30.0,19.636652638187794,0.0
2055-02-24,30.0,19.2,0.0
2055-02-25,29.1,19.2,0.0
2055-02-26,28.5,19.5,0.0
2055-02-27,28.2,18.9,2.8
2055-02-28,31.6,18.9,0.0
2055-03-01,32.405696202531644,18.8,0.0
2055-03-02,31.755555555555556,20.000348253643843,0.0
2055-03-03,32.14252577319588,19.75977569489059,0.0
2055-03-04,32.9,19.9,0.8515625000000002
2055-03-05,32.629651162790694,20.224011770782887,0.0
2055-03-06,31.6,19.0,58.62292746113992
2055-03-07,25.9,18.7,58.79313471502597
2055-03-08,29.0,18.69569807187505,25.00980113636364
2055-03-09,28.0,19.3,8.770312500000006
2055-03-10,28.2,18.9,0.0
2055-03-11,30.0,18.24388219308612,1.6984375
2055-03-12,28.2,19.1,3.1460937500000004
2055-03-13,27.9,19.4,24.823153409090907
2055-03-14,30.2,18.9,0.0
2055-03-15,31.7,19.0,0.6
2055-03-16,29.1,19.701291286052825,10.9
2055-03-17,26.7,19.4,38.18281250000001
2055-03-18,28.3,19.2,35.92326388888889
2055-03-19,29.0,19.68340048588095,34.180172413793116
2055-03-20,26.2,19.4,20.4948153409091
2055-03-21,27.2,19.4,0.0
2055-03-22,29.1,18.8,2.8
2055-03-23,25.1,18.3,6.4
2055-03-24,22.0,18.0,9.0
2055-03-25,24.0,17.9,2.4
2055-03-26,26.800719424460436,18.6,0.0
2055-03-27,28.6,18.4,0.0
2055-03-28,30.0,19.4,17.01843750000001
2055-03-29,28.9,19.4,27.570647321428574
2055-03-30,28.3,19.4,27.522242647058825
2055-03-31,27.0,19.3,7.20401785714286
2055-04-01,25.9,18.93581818181818,0.0
2055-04-02,26.0,19.0,0.0
2055-04-03,25.6,18.9,0.0
2055-04-04,26.7,18.5,0.0
2055-04-05,27.3,17.5,0.0
2055-04-06,29.5,17.5,0.0
2055-04-07,28.7,18.906181818181814,0.0
2055-04-08,28.6,17.6,0.0
2055-04-09,29.9,16.2,0.0
2055-04-10,29.5,17.0,0.0
2055-04-11,23.4,16.6,0.72
2055-04-12,21.916463414634144,16.6,0.0
2055-04-13,23.2,14.7,0.0
2055-04-14,25.0,16.6,0.0
2055-04-15,26.3,18.171401151631468,0.0
2055-04-16,25.6,16.677272727272726,0.0
2055-04-17,26.3,16.0,0.0
2055-04-18,26.3,15.2,0.0
2055-04-19,26.180769230769233,15.0,0.0
2055-04-20,25.7,14.583950617283962,0.0
2055-04-21,25.6,13.7,0.0
2055-04-22,26.5,13.347058823529414,0.0
2055-04-23,25.9,14.344117647058825,0.0
2055-04-24,24.0,12.6,0.0
2055-04-25,25.4,11.5,0.0
2055-04-26,25.5,16.0,0.0
2055-04-27,25.6,13.2,0.0
2055-04-28,25.09398496240602,16.4,0.0
2055-04-29,26.6,14.0,0.0
2055-04-30,27.8,13.2,0.0
2055-05-01,29.4,11.0,0.0
2055-05-02,30.2,10.8,0.0
2055-05-03,26.6,13.7,0.0
2055-05-04,23.4,13.2,0.0
2055-05-05,22.6,14.9,0.0
2055-05-06,25.8,17.8,0.0
2055-05-07,25.5,17.96849609667059,0.0
2055-05-08,24.5,17.8,0.0
2055-05-09,24.9,16.7,0.0
2055-05-10,25.2,13.0,0.0
2055-05-11,24.2,12.4,0.0
2055-05-12,24.6,11.4,0.0
2055-05-13,24.1,9.9,0.0
2055-05-14,26.1,13.8,0.0
2055-05-15,27.5,12.8,0.0
2055-05-16,29.0,14.032669537136686,0.0
2055-05-17,30.741143582410864,13.4,0.0
2055-05-18,33.8,15.1,0.0
2055-05-19,30.3,15.2,0.0
2055-05-20,24.7,14.4,0.0
2055-05-21,25.0,9.6,0.0
2055-05-22,25.23366482978005,6.8,0.0
2055-05-23,25.6,6.044875014950365,0.0
2055-05-24,26.7,5.9,0.0
2055-05-25,25.7,8.4,0.0
2055-05-26,24.732306828286603,9.0,0.0
2055-05-27,24.8,9.6,0.0
2055-05-28,24.9,10.0,0.0
2055-05-29,25.4,9.5,0.0
2055-05-30,25.7,14.3,0.0
2055-05-31,27.0,17.535294373113526,0.0
2055-06-01,25.0,17.172537287657196,0.0
2055-06-02,24.4,15.337327992401052,0.0
2055-06-03,23.560928809788653,11.9,0.0
2055-06-04,22.9,11.5,0.0
2055-06-05,25.9,11.0,0.0
2055-06-06,28.2,11.3,0.0
2055-06-07,29.3,12.0,0.0
2055-06-08,26.9,14.0,0.0
2055-06-09,27.2,13.6,0.0
2055-06-10,28.5,13.2,0.0
2055-06-11,29.2,13.6,0.0
2055-06-12,29.2,13.7,0.0
2055-06-13,29.436325886664694,14.2,0.0
2055-06-14,28.0,14.4,0.0
2055-06-15,26.9,13.2,0.0
2055-06-16,26.6,11.9,0.0
2055-06-17,27.2,11.9,0.0
2055-06-18,29.181386127955808,13.5,0.0
2055-06-19,31.338866034155593,14.2,0.0
2055-06-20,32.174169921875,15.527759301718469,0.0
2055-06-21,30.913348164627365,16.742509388458476,0.0
2055-06-22,27.8,14.7,0.0
2055-06-23,25.6,12.0,0.0
2055-06-24,25.4,10.8,0.0
2055-06-25,23.5,11.582610307749356,0.0
2055-06-26,25.3,12.7,0.0
2055-06-27,25.9,11.6,0.0
2055-06-28,28.2,12.3,0.0
2055-06-29,30.5,12.7,0.0
2055-06-30,31.01062585733026,12.9,0.0
2055-07-01,30.673327041027292,15.0,0.0
2055-07-02,30.0,15.136978219545146,0.0
2055-07-03,29.7,14.6,0.0
2055-07-04,28.2,14.6,0.0
2055-07-05,26.20933679289236,12.7,0.0
2055-07-06,26.0,10.5,0.0
2055-07-07,26.6,11.2,0.0
2055-07-08,26.9,12.696954501299587,0.0
2055-07-09,29.5,13.419756655096087,0.0
2055-07-10,31.201848585324445,15.18561070013512,0.0
2055-07-11,31.011075195161386,16.41476817662854,0.0
2055-07-12,30.7,16.0,0.0
2055-07-13,27.1,18.5599609375,0.0
2055-07-14,25.498352239794656,15.564751084203904,0.0
2055-07-15,25.7,15.1,0.0
2055-07-16,27.2,13.6,0.0
2055-07-17,30.2,15.000947468266729,0.0
2055-07-18,31.29031989327348,16.061087965815457,0.0
2055-07-19,31.12833436785492,17.861474609375,0.0
2055-07-20,29.90511918572884,16.665673828125,0.0
2055-07-21,28.9,15.623897907501961,0.0
2055-07-22,28.0,15.1,0.0
2055-07-23,27.7,14.4,0.0
2055-07-24,26.0,15.0,0.0
2055-07-25,25.7,14.0,0.0
2055-07-26,24.5,13.3,0.0
2055-07-27,26.0,12.8,0.0
2055-07-28,27.6,13.6,0.0
2055-07-29,26.9,15.2,0.0
2055-07-30,29.497440857256148,14.6,0.0
2055-07-31,31.948681640625,15.711286298275816,0.0
2055-08-01,29.5,16.9,0.0
2055-08-02,30.5,15.9,0.0
2055-08-03,33.1,16.1,0.0
2055-08-04,33.00242337296567,17.18479290494688,0.0
2055-08-05,30.1,16.9,0.0
2055-08-06,31.9,15.748447619461581,0.0
2055-08-07,35.0577377170078,16.9,0.0
2055-08-08,32.05750508312403,17.52401334768568,0.0
2055-08-09,31.9,16.9,0.0
2055-08-10,33.52206454164005,16.9,0.0
2055-08-11,31.0,17.7,0.0
2055-08-12,28.7,16.7,0.0
2055-08-13,28.545266415500542,15.7,0.0
2055-08-14,28.6518837459634,15.0,0.0
2055-08-15,27.0,13.9,0.0
2055-08-16,28.2,12.3,0.0
2055-08-17,29.4,13.0,0.0
2055-08-18,28.9,13.5,0.0
2055-08-19,29.4,13.9,0.0
2055-08-20,30.7,14.5,0.0
2055-08-21,31.2,15.3,0.0
2055-08-22,33.088234075421894,15.7,0.0
2055-08-23,29.2,17.47271934596493,0.0
2055-08-24,27.7,15.2,0.0
2055-08-25,29.5,14.5,0.0
2055-08-26,31.1,15.0,0.0
2055-08-27,31.5,16.155487692463232,0.0
2055-08-28,33.103003817576756,16.7,0.0
2055-08-29,31.8,17.337714732294263,0.0
2055-08-30,28.1,16.02361593110871,0.0
2055-08-31,29.3,15.2,0.0
2055-09-01,31.9,15.2,0.0
2055-09-02,35.2,17.1,0.0
2055-09-03,36.082442102471255,18.5,0.0
2055-09-04,36.161807394175256,19.0,0.0
2055-09-05,35.3,19.9,0.0
2055-09-06,33.1,19.64750611790879,0.0
2055-09-07,32.4,19.2,0.0
2055-09-08,32.89661321974733,18.4,0.0
2055-09-09,34.6,18.0,0.0
2055-09-10,36.17907398394146,19.0,0.0
2055-09-11,40.073486328125,20.2,0.0
2055-09-12,40.23486328125,20.51334681632792,0.0
2055-09-13,40.4970703125,23.023193359375,0.0
2055-09-14,39.1669921875,21.419357202890442,0.0
2055-09-15,39.255859375,22.97089606019217,0.0
2055-09-16,34.6,20.610459770114968,0.0
2055-09-17,24.3,18.3,0.0
2055-09-18,27.8,15.9,0.0
2055-09-19,28.9,15.685785440613031,0.0
2055-09-20,30.5,16.4,0.0
2055-09-21,32.0,16.9,0.0
2055-09-22,34.64496783866132,18.9,0.0
2055-09-23,36.10441115973683,20.103286843786123,0.0
2055-09-24,39.970703125,22.20926691786904,0.0
2055-09-25,36.145835798641514,23.53271484375,0.0
2055-09-26,34.6,21.14687161723318,0.0
2055-09-27,32.7,20.158554816029138,0.0
2055-09-28,31.6,19.5,0.0
2055-09-29,31.7,18.14414859102708,0.0
2055-09-30,32.1,17.9,0.0
2055-10-01,33.9,18.7,0.0
2055-10-02,35.2,19.6,0.0
2055-10-03,38.0,20.4,0.0
2055-10-04,39.988134765625,21.80937436664248,0.0
2055-10-05,39.523291015625,23.556273742143805,0.0
2055-10-06,38.760595703125,21.8,0.0
2055-10-07,39.366064453125,24.0744140625,0.0
2055-10-08,39.18662109375,24.760205078125,0.0
2055-10-09,40.522314453125,23.777134825002346,0.0
2055-10-10,39.14267578125,23.754589442662002,0.0
2055-10-11,39.135107421875,25.8712890625,0.0
2055-10-12,38.614599609375,23.698144553630307,0.0
2055-10-13,37.2,21.964666663505348,0.0
2055-10-14,37.176905006868886,21.9,0.0
2055-10-15,35.8,22.0,0.0
2055-10-16,35.5,20.1,0.0
2055-10-17,36.0,19.5,0.0
2055-10-18,37.85172042611629,19.49620834340194,0.0
2055-10-19,39.216162109375,20.7,0.0
2055-10-20,39.862646484375,21.7,0.0
2055-10-21,38.925390625,22.890622221182184,0.0
2055-10-22,38.96298828125,22.0,0.0
2055-10-23,39.72958984375,21.904641910443214,0.0
2055-10-24,38.3812428216155,22.425521554154464,0.0
2055-10-25,38.373519277574786,21.8,0.0
2055-10-26,39.893896484375,22.1,0.0
2055-10-27,38.747900390625,24.6330078125,0.0
2055-10-28,34.9,19.0,2.2575289575289577
2055-10-29,27.84504036598493,19.1,0.0
2055-10-30,32.5,19.1,0.0
2055-10-31,36.0,21.0,0.0
2055-11-01,39.859130859375,23.0,0.0
2055-11-02,35.5,23.3,0.0
2055-11-03,34.0,19.9,1.1153543307086613
2055-11-04,32.6,19.5,20.754593175853017
2055-11-05,33.5,19.4,1.9
2055-11-06,32.7,19.5,0.0
2055-11-07,32.8,19.5,11.4
2055-11-08,31.5,19.5,1.9
2055-11-09,28.9,19.7,0.0
2055-11-10,30.2,19.7,1.6
2055-11-11,30.2,19.7,4.1370078740157465
2055-11-12,30.8,19.5,5.3
2055-11-13,32.1,19.5,0.0
2055-11-14,31.6,20.0,11.4
2055-11-15,30.7,19.7,23.60304690174598
2055-11-16,31.0,19.9,0.8
2055-11-17,30.7,20.0,4.845866141732284
2055-11-18,27.1,19.2,5.0
2055-11-19,27.0,19.0,17.246850393700786
2055-11-20,29.5,19.4,34.18282032927702
2055-11-21,28.9,19.5,33.88149606299212
2055-11-22,28.7,19.2,11.050843644544429
2055-11-23,28.6,19.4,3.887120359955006
2055-11-24,28.3,19.7,34.49929696287964
2055-11-25,27.713844889676835,19.4,34.4
2055-11-26,27.0,19.0,12.029021372328458
2055-11-27,26.8,19.4,34.32884753042233
2055-11-28,24.4,15.979334445680385,90.5
2055-11-29,19.739416194539647,13.316094045687253,0.0
2055-11-30,27.1,10.460144042968752,0.0
2055-12-01,29.9,18.5,0.0
2055-12-02,30.6,18.2,0.0
2055-12-03,30.0,19.4,0.0
2055-12-04,31.0,17.8,0.0
2055-12-05,32.4,17.2,0.0
2055-12-06,26.5,19.4,0.0
2055-12-07,28.7,19.2,0.0
2055-12-08,26.9,18.5,0.0
2055-12-09,29.9,16.9,0.0
2055-12-10,30.5,16.3,0.0
2055-12-11,31.4,16.4,0.0
2055-12-12,32.1,16.3,0.0
2055-12-13,31.0,19.9,0.0
2055-12-14,30.9,19.4,0.0
2055-12-15,28.5,19.9,0.0
2055-12-16,30.3,19.5,0.40425531914893625
2055-12-17,29.2,20.163107696764822,6.2
2055-12-18,30.8,19.6,0.0
2055-12-19,32.15615420319007,18.5,0.0
2055-12-20,32.4,18.9,0.0
2055-12-21,33.66456263792143,19.6,0.0
2055-12-22,32.4,20.0,0.0
2055-12-23,32.9,19.9,5.8
2055-12-24,32.4,19.9,0.0
2055-12-25,33.037691565035004,20.0,0.0
2055-12-26,29.9,20.522399218779828,0.0
2055-12-27,32.676005232249175,19.9,0.5
2055-12-28,33.6727491429353,19.9,0.0
2055-12-29,33.1,20.2,0.0
2055-12-30,32.4,19.95859165384688,0.0
2055-12-31,32.9,20.0,0.0
2056-01-01,32.6,22.246105957031254,0.0
2056-01-02,36.22397530747981,22.025402832031254,5.2
2056-01-03,30.4,19.966540913318873,21.0
2056-01-04,30.6,19.7,34.0
2056-01-05,25.9,19.8,26.0
2056-01-06,27.6,19.6,40.68461538461538
2056-01-07,26.0,19.6,68.8649350649351
2056-01-08,26.7,19.601182194448604,69.0
2056-01-09,29.5,19.8,6.4
2056-01-10,26.2,19.951660543560706,5.0
2056-01-11,28.6,19.8,1.7
2056-01-12,30.0,19.6,0.0
2056-01-13,30.8,19.2,0.0
2056-01-14,32.6,19.8,0.0
2056-01-15,32.03349129548549,19.802977819760837,0.6
2056-01-16,30.7,20.112969391529784,25.750000000000004
2056-01-17,26.4,19.8,1.6
2056-01-18,27.0,19.8,0.0
2056-01-19,28.850078661919344,20.108197261286634,0.0
2056-01-20,31.7,19.968037626895136,0.0
2056-01-21,31.6,20.12621205295454,1.4
2056-01-22,31.0,20.05957576155925,7.2
2056-01-23,32.0,19.8,1.8
2056-01-24,32.2,20.019511559017864,3.4
2056-01-25,30.0,20.010411974304233,23.314285714285713
2056-01-26,30.4,19.575552639315504,0.0
2056-01-27,30.393892277638237,20.004967407526816,0.0
2056-01-28,30.9,21.848492431640626,2.0
2056-01-29,28.1,20.044044646767905,25.750000000000004
2056-01-30,29.1,19.93899270691522,23.0
2056-01-31,29.9,19.683528996663203,5.4
2056-02-01,30.2,19.3963612413258,17.4
2056-02-02,28.0,19.457309373837212,41.98263723150358
2056-02-03,28.7,19.28399669877056,11.700238663484498
2056-02-04,29.5,19.220576800507093,21.2
2056-02-05,25.0,19.0,3.5
2056-02-06,24.6,19.072264994434235,9.8
2056-02-07,27.0,19.0,1.0
2056-02-08,28.4,19.1,50.316181384248274
2056-02-09,27.4,19.2,26.8
2056-02-10,26.727966193520423,19.01573679928864,20.835213712302043
2056-02-11,26.9,19.2,0.0
2056-02-12,29.1,19.0,0.0
2056-02-13,30.1,18.8,0.0
2056-02-14,29.2,19.1,0.0
2056-02-15,29.6,19.0,0.0
2056-02-16,29.0,18.9,0.0
2056-02-17,30.0,19.1,0.0
2056-02-18,31.2,18.6,0.0
2056-02-19,31.0,19.89775256385783,1.0
2056-02-20,26.0,19.5,16.9799522673031
2056-02-21,29.4,19.2,0.0
2056-02-22,30.0,18.7,0.0
2056-02-23,31.6,18.8,0.0
2056-02-24,31.627559690876225,19.892744305078097,1.0
2056-02-25,31.6,19.345788322144664,0.0
2056-02-26,27.6,19.0,2.0
2056-02-27,32.8,18.7,2.3
2056-02-28,30.3,19.7,15.145823389021484
2056-03-01,30.1,19.4,0.0
2056-03-02,30.5,18.6,0.0
2056-03-03,32.0,17.8,0.0
2056-03-04,30.3,18.7,1.5
2056-03-05,27.3,19.4,4.3
2056-03-06,32.9,19.0,1.4
2056-03-07,30.2,19.915804154790795,0.2
2056-03-08,27.753333333333337,19.757357352246657,0.0
2056-03-09,30.1,18.4,0.0
2056-03-10,30.1,19.8,0.0
2056-03-11,28.0,19.4,1.4156250000000004
2056-03-12,29.5,19.9,0.0
2056-03-13,30.9,19.84628862209413,0.0
2056-03-14,32.0,18.2,0.0
2056-03-15,30.7,17.981889788898307,0.0
2056-03-16,29.5,19.719058701395948,0.0
2056-03-17,31.5,18.5,0.0
2056-03-18,32.5,17.6,0.0
2056-03-19,33.2,16.5,0.0
2056-03-20,33.2,16.8,0.0
2056-03-21,33.61963795940757,19.9812123791296,0.0
2056-03-22,33.0,20.258297481453543,0.0
2056-03-23,32.296318752706796,18.7,0.0
2056-03-24,32.21212646167172,17.708521940922363,0.0
2056-03-25,31.5,19.692802409833334,7.20401785714286
2056-03-26,28.8,19.2,3.4
2056-03-27,28.8,18.8,0.0
2056-03-28,30.2,18.6,0.0
2056-03-29,30.4,18.7,0.0
2056-03-30,30.9,19.0,0.0
2056-03-31,31.9,19.2,0.0
2056-04-01,31.7,18.454716981132076,0.0
2056-04-02,31.368401486988848,17.8,0.0
2056-04-03,31.7,16.5,0.0
2056-04-04,32.405521472392635,16.6,0.0
2056-04-05,30.2,17.4,0.0
2056-04-06,29.9,17.3,0.0
2056-04-07,30.9,19.0,0.0
2056-04-08,31.1,17.6,0.0
2056-04-09,31.7,16.3,0.0
2056-04-10,34.00047748976807,15.5,0.0
2056-04-11,31.4,18.8,0.0
2056-04-12,29.9,18.91863636363636,0.0
2056-04-13,31.2,16.2,0.0
2056-04-14,34.03751705320601,16.4,0.0
2056-04-15,35.41665182546751,17.0,0.0
2056-04-16,36.22802734375,15.929752066115704,34.060526315789474
2056-04-17,31.0,17.5,0.0
2056-04-18,28.2,19.7,0.0
2056-04-19,29.0,19.7,0.0
2056-04-20,30.7,18.61331220285262,0.0
2056-04-21,29.3,16.6,0.0
2056-04-22,29.5,16.9,0.0
2056-04-23,24.0,19.0,0.0
2056-04-24,28.3,19.04267990074442,0.0
2056-04-25,31.3,19.0,0.0
2056-04-26,30.6,18.357851239669415,0.0
2056-04-27,29.0,16.6,0.0
2056-04-28,29.474468085106384,16.394326241134745,0.0
2056-04-29,28.6,17.3,0.0
2056-04-30,30.5,17.0,0.0
2056-05-01,31.0,16.9,0.0
2056-05-02,27.080865925128567,17.8,1.2476190476190476
2056-05-03,25.7,17.36881293749717,0.0
2056-05-04,28.9,16.5,0.0
2056-05-05,30.20366105876803,15.3,0.0
2056-05-06,31.0,15.9,0.0
2056-05-07,31.347326874775717,17.8,0.0
2056-05-08,37.4005859375,17.8,0.0
2056-05-09,36.992626953125,23.287109375,0.0
2056-05-10,29.9,24.714599609375,0.0
2056-05-11,33.8,23.34814453125,0.0
2056-05-12,31.0,20.5859375,0.0
2056-05-13,30.5,18.243649606129196,0.0
2056-05-14,30.2,16.759282040767495,0.0
2056-05-15,30.4,15.889059594872284,0.0
2056-05-16,32.165797786642464,15.6,0.0
2056-05-17,32.7,15.2,0.0
2056-05-18,30.8,17.4,0.0
2056-05-19,28.3,17.4,0.0
2056-05-20,27.1,12.7,0.0
2056-05-21,27.8,11.9,0.0
2056-05-22,27.9,12.9,0.0
2056-05-23,27.5,13.5,0.0
2056-05-24,27.5,11.4,0.0
2056-05-25,26.0,11.8,0.0
2056-05-26,26.8,10.9,0.0
2056-05-27,27.6,11.2,0.0
2056-05-28,29.762572458196544,11.5,0.0
2056-05-29,30.7,12.2,0.0
2056-05-30,30.7,15.3,0.0
2056-05-31,31.0,19.80517578125,0.0
2056-06-01,29.9,16.997238560767116,0.0
2056-06-02,30.5,16.487862445670913,0.0
2056-06-03,28.6,17.01252777303722,0.0
2056-06-04,28.0,15.9,0.0
2056-06-05,27.4,15.1,0.0
2056-06-06,27.0,14.437894278667128,0.0
2056-06-07,27.2,13.5,0.0
2056-06-08,28.0,13.361938690637256,0.0
2056-06-09,26.6,13.516928395384852,0.0
2056-06-10,26.2,12.1,0.0
2056-06-11,26.9,11.5,0.0
2056-06-12,28.5,10.784433882765368,0.0
2056-06-13,26.9,13.2,0.0
2056-06-14,25.0,13.2,0.0
2056-06-15,24.98912821204256,12.0,0.0
2056-06-16,25.7,10.7,0.0
2056-06-17,26.99634076176595,9.77460140897293,0.0
2056-06-18,27.8,10.7,0.0
2056-06-19,29.3,10.7,0.0
2056-06-20,30.43344380993339,11.5,0.0
2056-06-21,30.4,12.3,0.0
2056-06-22,29.001435991181708,14.0,0.0
2056-06-23,31.211854949944364,15.9,0.0
2056-06-24,31.94248046875,22.56806640625,0.0
2056-06-25,28.94287984894177,16.085105733423614,0.0
2056-06-26,28.5,14.1,0.0
2056-06-27,26.9,13.0,0.0
2056-06-28,25.3,11.5,0.0
2056-06-29,24.6,9.549442400387903,0.0
2056-06-30,24.4,10.7,0.0
2056-07-01,23.0,11.1,0.0
2056-07-02,24.0,11.5,0.0
2056-07-03,25.6,12.509366383060295,0.0
2056-07-04,26.4,12.2,0.0
2056-07-05,27.6,12.7,0.0
2056-07-06,28.2,12.7,0.0
2056-07-07,27.6,14.2,0.0
2056-07-08,27.3,13.4,0.0
2056-07-09,26.98312908834975,12.9,0.0
2056-07-10,26.3,12.4,0.0
2056-07-11,28.5,10.7,0.0
2056-07-12,28.8,12.0,0.0
2056-07-13,26.6,15.0,0.0
2056-07-14,27.6,13.8,0.0
2056-07-15,28.3,14.4,0.0
2056-07-16,26.791360262874612,15.2,0.0
2056-07-17,25.062648008611397,14.2,0.0
2056-07-18,25.7,12.6,0.0
2056-07-19,25.7,12.9,0.0
2056-07-20,24.4,13.4,0.0
2056-07-21,24.5,12.2,0.0
2056-07-22,22.6,12.645009495304855,0.0
2056-07-23,24.276656927571892,10.2,0.0
2056-07-24,25.4,9.5,0.0
2056-07-25,27.0,10.4,0.0
2056-07-26,28.001722282023668,11.9,0.0
2056-07-27,28.2,14.2,0.0
2056-07-28,26.7,13.9,0.0
2056-07-29,28.0,13.4,0.0
2056-07-30,29.074307735225418,14.3,0.0
2056-07-31,30.2,15.028300632000759,0.0
2056-08-01,31.139857672527203,13.5,0.0
2056-08-02,29.0,15.604272845731112,0.0
2056-08-03,25.4,14.5,0.0
2056-08-04,25.2,13.0,0.0
2056-08-05,27.0,12.0,0.0
2056-08-06,28.7,11.5,0.0
2056-08-07,29.0,13.0,0.0
2056-08-08,28.1,14.0,0.0
2056-08-09,26.5,13.874180616903605,0.0
2056-08-10,27.6,13.4,0.0
2056-08-11,29.4,14.5,0.0
2056-08-12,29.9,15.0,0.0
2056-08-13,30.884722435798857,15.8,0.0
2056-08-14,31.2,15.9,0.0
2056-08-15,31.6,15.894337832877602,0.0
2056-08-16,31.2,16.7,0.0
2056-08-17,31.0,16.7,0.0
2056-08-18,33.037465038665765,16.4,0.0
2056-08-19,36.910911610132544,17.12553423503534,0.0
2056-08-20,31.2,18.0,0.0
2056-08-21,31.4,16.7,0.0
2056-08-22,31.763210142327466,16.02168266953713,0.0
2056-08-23,30.7,16.7,0.0
2056-08-24,30.49565501992843,14.736214055051512,0.0
2056-08-25,29.8,15.6,0.0
2056-08-26,26.9,15.7,0.0
2056-08-27,22.0,15.206803852767246,0.0
2056-08-28,25.7,14.0,0.0
2056-08-29,27.3,13.9,0.0
2056-08-30,29.5,14.7,0.0
2056-08-31,30.7,16.1,0.0
2056-09-01,30.2,16.08679031123017,0.0
2056-09-02,30.9,14.3,0.0
2056-09-03,31.0,14.296315350389323,0.0
2056-09-04,30.9,14.9,0.0
2056-09-05,31.7,15.2,0.0
2056-09-06,32.5,16.1,0.0
2056-09-07,33.5,16.3,0.0
2056-09-08,36.0,15.68889630453591,0.0
2056-09-09,39.942626953125,16.7,0.0
2056-09-10,39.1337890625,19.0,0.0
2056-09-11,33.9,19.5,0.0
2056-09-12,32.2,18.9,0.0
2056-09-13,33.0,19.0,0.0
2056-09-14,34.7,19.468077993773214,0.0
2056-09-15,35.6,20.1,0.0
2056-09-16,39.271240234375,20.9336050352551,0.0
2056-09-17,35.3,21.389802342666727,0.0
2056-09-18,33.0308069572252,20.1,0.0
2056-09-19,32.4,19.22070132314849,0.0
2056-09-20,32.7,18.6,0.0
2056-09-21,34.2,18.5,0.0
2056-09-22,35.372003448808094,19.5,0.0
2056-09-23,39.068115234375,20.182535325278916,0.0
2056-09-24,40.755126953125,20.5,0.0
2056-09-25,41.5732421875,21.29285625005058,0.0
2056-09-26,41.541015625,21.491721246631837,0.0
2056-09-27,39.438720703125,22.90538534697164,0.0
2056-09-28,39.166015625,21.34834619644687,0.0
2056-09-29,39.48291015625,21.195100447178458,0.0
2056-09-30,39.357177734375,21.195100447178458,0.0
2056-10-01,38.125630292650015,21.5,0.0
2056-10-02,38.0,21.4,0.0
2056-10-03,39.16611328125,21.4,0.0
2056-10-04,38.0502337913005,22.16523143164692,0.0
2056-10-05,38.0,21.700269106566193,0.0
2056-10-06,39.050634765625,21.4,0.0
2056-10-07,42.640966796875,21.6,0.0
2056-10-08,41.182958984375,24.083935546875,0.0
2056-10-09,38.752294921875,21.985634214232533,0.0
2056-10-10,36.82894662681271,21.9,0.0
2056-10-11,38.7583984375,21.400998313916368,0.0
2056-10-12,38.5552734375,21.4,0.0
2056-10-13,35.2,21.0,0.0
2056-10-14,33.6,19.4,0.0
2056-10-15,34.0,18.963204162181547,0.0
2056-10-16,34.0,19.3,0.0
2056-10-17,36.6,17.9,0.0
2056-10-18,40.33408203125,17.5,0.0
2056-10-19,41.28916015625,19.9,0.0
2056-10-20,34.0,21.0,0.0
2056-10-21,33.3,19.4,0.0
2056-10-22,35.1,19.2,0.0
2056-10-23,38.149536500395,20.4,0.0
2056-10-24,37.0,22.1,0.0
2056-10-25,34.3,21.0,0.0
2056-10-26,33.2,20.0,0.0
2056-10-27,32.1,19.4,0.0
2056-10-28,33.2,18.7,0.0
2056-10-29,34.0,19.8,0.0
2056-10-30,35.2,20.1,0.0
2056-10-31,36.0,20.2,0.0
2056-11-01,39.157419819391976,20.0,0.0
2056-11-02,39.92236328125,20.5,0.0
2056-11-03,40.8359375,21.5,0.0
2056-11-04,41.7705078125,23.0,0.0
2056-11-05,40.842041015625,23.44804166165383,0.0
2056-11-06,40.137451171875,23.09163038647308,0.0
2056-11-07,42.065185546875,23.852800492582286,0.0
2056-11-08,42.41748046875,25.63046875,0.0
2056-11-09,40.8388671875,23.971044921875,0.0
2056-11-10,36.48583513845794,22.268995905519677,0.0
2056-11-11,36.72756643183784,21.07829457583892,0.0
2056-11-12,35.7,21.3,0.0
2056-11-13,39.28026422758978,20.5,0.0
2056-11-14,40.7177734375,21.1,0.0
2056-11-15,40.0087890625,22.428032550751798,0.0
2056-11-16,40.766357421875,22.3,0.0
2056-11-17,43.186279296875,22.3,0.0
2056-11-18,42.28076171875,25.124853515625,0.0
2056-11-19,40.689453125,23.49943295481025,0.0
2056-11-20,40.427001953125,22.49700084420557,0.0
2056-11-21,41.542236328125,22.9,0.0
2056-11-22,41.736328125,23.695189348807347,0.0
2056-11-23,37.78125576422561,23.889939714227122,0.0
2056-11-24,38.280469273922485,22.9,0.0
2056-11-25,36.411631344769035,23.106257627434946,0.0
2056-11-26,39.685791015625,23.008212752607246,0.0
2056-11-27,32.8,19.9,11.89868766404199
2056-11-28,31.0,19.3,27.94926884139483
2056-11-29,30.384958129577935,19.7,40.01653543307088
2056-11-30,30.720775940037218,19.5,0.2
2056-12-01,24.8,19.6,1.6
2056-12-02,26.52759044320681,19.5,3.2
2056-12-03,25.3,19.9,4.644255319148937
2056-12-04,29.2,19.99399743459003,0.0
2056-12-05,30.1,20.001469543866094,2.0
2056-12-06,32.0,19.9,2.0
2056-12-07,32.23869283793109,19.9,0.0
2056-12-08,30.0,20.47216486099774,0.2
2056-12-09,29.9,20.49057745181417,0.0
2056-12-10,31.8,20.2,12.335106382978728
2056-12-11,28.2,20.2,18.10808510638299
2056-12-12,30.0,20.387374272329463,9.4
2056-12-13,30.0,20.2,2.9
2056-12-14,30.4,20.2,6.928563829787234
2056-12-15,30.5,20.159997717410544,54.222998065764024
2056-12-16,26.8,19.9,30.858468085106388
2056-12-17,29.5,19.9,54.05901353965183
2056-12-18,28.4,19.5,41.29382978723404
2056-12-19,27.0,19.5,2.4
2056-12-20,27.604849543221956,19.9,7.31191489361702
2056-12-21,28.2,19.2,7.2
2056-12-22,30.6,18.3,0.0
2056-12-23,30.9,18.0,0.0
2056-12-24,31.6,17.33308057955552,0.0
2056-12-25,31.2,18.412689477492098,0.0
2056-12-26,31.580360859090668,19.8,0.0
2056-12-27,31.976944860819085,19.4,0.0
2056-12-28,32.67423321660693,19.0,0.0
2056-12-29,32.4,19.9,0.0
2056-12-30,31.91676257255817,19.4,0.0
2056-12-31,32.1,19.9,0.0
2057-01-01,32.64687238368616,19.7,7.0
2057-01-02,36.858837890625,20.601151975106493,14.0
2057-01-03,29.9,20.047949116966848,1.2
2057-01-04,30.4,19.996106429325334,23.520000000000007
2057-01-05,29.05503049874417,19.8,21.66315789473684
2057-01-06,26.0,19.8,10.7
2057-01-07,25.632415531514503,19.4,8.8
2057-01-08,30.5,18.8,0.0
2057-01-09,31.6,18.9,1.0
2057-01-10,29.9,20.058274271492927,3.7
2057-01-11,31.8,19.228533419989017,4.6
2057-01-12,31.2,19.4,0.0
2057-01-13,29.4,19.6,3.6
2057-01-14,30.2,19.4,1.0
2057-01-15,31.9,19.5,0.0
2057-01-16,31.866652403832163,21.026135253906254,0.0
2057-01-17,30.4,20.07115902314944,6.4
2057-01-18,31.643247372807874,19.6,0.0
2057-01-19,32.6,19.7,3.0
2057-01-20,30.0,19.85863257833364,13.5
2057-01-21,28.4,19.6,34.87272727272727
2057-01-22,29.1,19.8,16.8
2057-01-23,31.8,19.0,1.0
2057-01-24,31.8,19.6,1.0
2057-01-25,30.810049258976747,19.677698708150636,0.0
2057-01-26,31.72881574551798,20.076321600412495,0.0
2057-01-27,31.9,21.25184326171875,0.5
2057-01-28,30.8,22.728436279296876,0.0
2057-01-29,30.8,19.5,0.0
2057-01-30,32.05101762610667,19.80589620907566,0.0
2057-01-31,31.9,21.6182373046875,5.1
2057-02-01,30.6,19.4,6.604534606205249
2057-02-02,30.6,19.2,1.4
2057-02-03,32.0,19.2,26.24916467780433
2057-02-04,29.9,19.454502208231155,39.44028639618139
2057-02-05,27.9,19.622295354836616,44.667006830713525
2057-02-06,27.0,19.448705931100125,16.276372315035808
2057-02-07,26.7,19.2,28.269731854555666
2057-02-08,29.4,19.2,3.0
2057-02-09,30.024459656210876,19.176527906174933,10.2
2057-02-10,30.0,18.9,3.0
2057-02-11,29.5,19.0,10.74606205250598
2057-02-12,30.0,19.2,42.21277767578485
2057-02-13,30.1,19.0,6.931742243436754
2057-02-14,29.5,19.2,4.0
2057-02-15,27.0,19.2,43.37923627684966
2057-02-16,29.2,19.2,2.3
2057-02-17,30.08062108177985,19.4,28.21746455145304
2057-02-18,29.0,19.346749327734802,50.410262529833
2057-02-19,29.639772713862566,19.2,0.8
2057-02-20,30.0,19.40486314236002,6.4
2057-02-21,31.0,19.416601237171033,1.0
2057-02-22,29.9,19.604040593596032,12.96515513126492
2057-02-23,28.6,19.2,26.8
2057-02-24,30.0,19.2,15.64343675417662
2057-02-25,28.2,19.2,0.22720763723150364
2057-02-26,29.5,19.386510934026862,4.4
2057-02-27,29.9,19.4,6.233054892601435
2057-02-28,25.5,19.1,28.288179138003652
2057-03-01,27.7,18.6,0.0
2057-03-02,29.2,17.3,0.0
2057-03-03,28.7,17.7,0.0
2057-03-04,28.8,17.2,0.0
2057-03-05,29.2,16.8,0.0
2057-03-06,29.2,16.2,0.0
2057-03-07,27.4,18.1,0.0
2057-03-08,26.7,18.9,0.0
2057-03-09,27.8,18.2,0.0
2057-03-10,28.9,18.6,0.0
2057-03-11,28.3,18.4,0.0
2057-03-12,29.8,18.5,0.0
2057-03-13,30.0,18.8,0.0
2057-03-14,24.9,18.7,13.274038461538467
2057-03-15,27.0,19.2,0.0
2057-03-16,29.6,19.4,4.9
2057-03-17,26.9,19.4,19.0
2057-03-18,27.9,18.8,2.0
2057-03-19,30.5,17.9,0.0
2057-03-20,29.9,19.0,0.0
2057-03-21,27.9,18.5,0.0
2057-03-22,30.1,17.8,0.0
2057-03-23,30.0,17.8,0.0
2057-03-24,29.7,16.9,0.0
2057-03-25,28.9,16.7,0.0
2057-03-26,29.0,17.3,0.0
2057-03-27,29.8,18.2,0.0
2057-03-28,30.7,18.704429443779357,0.0
2057-03-29,32.5,19.0,0.0
2057-03-30,32.02824858757062,19.910011544517246,0.0
2057-03-31,30.2,19.9,0.0
2057-04-01,29.7,19.7,0.0
2057-04-02,32.0,18.6,0.0
2057-04-03,31.3,19.893342921717693,0.0
2057-04-04,27.9,19.19069634703196,2.309090909090909
2057-04-05,28.6,17.0,0.0
2057-04-06,30.7,16.5,0.0
2057-04-07,31.3,18.3,0.0
2057-04-08,31.6,18.293846153846157,0.0
2057-04-09,30.2,18.311157024793392,0.0
2057-04-10,30.9,18.6,0.0
2057-04-11,30.4,18.6,0.0
2057-04-12,29.7,16.8,0.0
2057-04-13,30.0,16.4,0.0
2057-04-14,30.4,16.6,0.0
2057-04-15,31.348327137546466,15.6,0.0
2057-04-16,34.038130968622106,16.0,0.0
2057-04-17,32.3,16.6,0.0
2057-04-18,27.2,19.7,0.0
2057-04-19,28.6,16.6,0.0
2057-04-20,30.4,14.5,0.0
2057-04-21,30.7,14.7,0.0
2057-04-22,30.9,14.311764705882355,0.0
2057-04-23,30.4,14.2,0.0
2057-04-24,30.2,14.9,0.0
2057-04-25,28.3,19.7,0.0
2057-04-26,29.2,16.6,0.0
2057-04-27,29.9,15.2,0.0
2057-04-28,30.22222222222222,15.2,0.0
2057-04-29,31.3639405204461,13.9,0.0
2057-04-30,31.384386617100375,12.556603773584905,0.0
2057-05-01,32.17854605064128,13.5,0.0
2057-05-02,30.1,16.2,0.0
2057-05-03,28.6,18.0,0.0
2057-05-04,28.789326819574388,15.6,0.0
2057-05-05,28.90244452932393,12.9,0.0
2057-05-06,28.5,13.4,0.0
2057-05-07,29.2,12.9,0.0
2057-05-08,30.2,12.995762794793995,0.0
2057-05-09,30.7,17.566841417904644,0.0
2057-05-10,31.0,16.094759851281466,0.0
2057-05-11,30.5,15.2,0.0
2057-05-12,29.0,14.6,0.0
2057-05-13,29.7,13.3,0.0
2057-05-14,30.0,13.5,0.0
2057-05-15,28.9,14.0,0.0
2057-05-16,28.1,12.814092213850005,0.0
2057-05-17,29.6,12.5,0.0
2057-05-18,29.790234607438702,13.361033369214187,0.0
2057-05-19,28.0,13.0,0.0
2057-05-20,28.9,12.9,0.0
2057-05-21,28.0,13.154213383828449,0.0
2057-05-22,27.9,12.4,0.0
2057-05-23,28.3,11.6,0.0
2057-05-24,29.2,10.9,0.0
2057-05-25,29.634454610692494,11.4,0.0
2057-05-26,28.9,12.4,0.0
2057-05-27,27.5,11.9,0.0
2057-05-28,27.6,11.0,0.0
2057-05-29,28.6,9.5,0.0
2057-05-30,27.0,11.5,0.0
2057-05-31,27.0,10.4,0.0
2057-06-01,26.1,10.7,0.0
2057-06-02,26.1,11.5,0.0
2057-06-03,27.7,10.6,0.0
2057-06-04,30.4,11.1099175977731,0.0
2057-06-05,30.39574142292124,13.8,0.0
2057-06-06,28.978870603890098,14.1,0.0
2057-06-07,28.6,12.1,0.0
2057-06-08,30.36809599135105,11.2,0.0
2057-06-09,29.960790317073986,10.2,0.0
2057-06-10,25.9,13.5,0.0
2057-06-11,25.0,11.5,0.0
2057-06-12,25.7,8.0,0.0
2057-06-13,25.3,10.7,0.0
2057-06-14,25.5,9.59789794928839,0.0
2057-06-15,27.81572183378357,8.9572335274488,0.0
2057-06-16,28.904327607549906,10.5,0.0
2057-06-17,28.2,13.0,0.0
2057-06-18,25.7,13.2,0.0
2057-06-19,25.0,11.0,0.0
2057-06-20,26.3,11.0,0.0
2057-06-21,27.2,11.9,0.0
2057-06-22,24.4,13.496397126751015,0.0
2057-06-23,25.4,13.7,0.0
2057-06-24,24.4,11.8,0.0
2057-06-25,24.5,10.5,0.0
2057-06-26,25.9,9.0,0.0
2057-06-27,28.0,10.0,0.0
2057-06-28,29.3,11.5,0.0
2057-06-29,29.9,11.8,0.0
2057-06-30,28.94014116512704,11.5,0.0
2057-07-01,28.0,12.7,0.0
2057-07-02,27.0,11.0,0.0
2057-07-03,22.9,12.9,0.0
2057-07-04,23.1,11.2,0.0
2057-07-05,21.9,13.4,0.0
2057-07-06,24.9,10.492680301399355,0.0
2057-07-07,25.0,12.0,0.0
2057-07-08,24.4,11.2,0.0
2057-07-09,23.7,12.1,0.0
2057-07-10,24.6,9.9,0.0
2057-07-11,27.6,9.9,0.0
2057-07-12,28.2,10.5,0.0
2057-07-13,24.477921930768783,15.0,0.0
2057-07-14,18.9,13.4,0.0
2057-07-15,18.63687836383208,10.4,0.0
2057-07-16,20.1,7.6,0.0
2057-07-17,22.0,7.8,0.0
2057-07-18,23.4,8.7,0.0
2057-07-19,24.1,9.6,0.0
2057-07-20,23.3,10.5,0.0
2057-07-21,23.7,10.2,0.0
2057-07-22,23.5,10.5,0.0
2057-07-23,22.9,12.2,0.0
2057-07-24,22.3,10.4,0.0
2057-07-25,23.0,9.7,0.0
2057-07-26,23.7,10.5,0.0
2057-07-27,23.7,11.2,0.0
2057-07-28,24.4,11.2,0.0
2057-07-29,25.7,11.6,0.0
2057-07-30,27.4,12.2,0.0
2057-07-31,28.5,14.0,0.0
2057-08-01,27.7,14.4,0.0
2057-08-02,26.7,13.8,0.0
2057-08-03,27.1,12.0,0.0
2057-08-04,27.7,11.682152852529597,0.0
2057-08-05,28.3,12.0,0.0
2057-08-06,28.0,13.2,0.0
2057-08-07,27.8,13.0,0.0
2057-08-08,28.1,13.1,0.0
2057-08-09,28.6,13.3,0.0
2057-08-10,29.0,13.7,0.0
2057-08-11,28.4,14.4,0.0
2057-08-12,27.9,14.1,0.0
2057-08-13,28.0,14.387171806992086,0.0
2057-08-14,27.0,14.2,0.0
2057-08-15,26.91801618626161,12.306212021250735,0.0
2057-08-16,28.6,13.1,0.0
2057-08-17,30.2,14.1,0.0
2057-08-18,32.5,14.5,0.0
2057-08-19,29.6,16.9,0.0
2057-08-20,26.3,15.0,0.0
2057-08-21,27.7,13.4,0.0
2057-08-22,29.8,13.5,0.0
2057-08-23,33.05699159126428,15.2,0.0
2057-08-24,39.471923828125,16.7,0.0
2057-08-25,34.88204468845086,17.114607104413352,0.0
2057-08-26,30.1,17.7,0.0
2057-08-27,26.0,15.7,0.0
2057-08-28,22.5,12.8,0.0
2057-08-29,22.1,10.2,0.0
2057-08-30,25.4,10.2,0.0
2057-08-31,29.9,11.9,0.0
2057-09-01,30.459894034307126,12.1,0.0
2057-09-02,31.6,13.8,0.0
2057-09-03,32.877644537290756,14.4,0.0
2057-09-04,32.0,16.160991888005636,0.0
2057-09-05,32.2,15.9,0.0
2057-09-06,33.9,16.9,0.0
2057-09-07,33.7,18.2,0.0
2057-09-08,31.1,18.504528019638677,0.0
2057-09-09,31.2,16.5,0.0
2057-09-10,32.5,15.6,0.0
2057-09-11,31.6,18.3,0.0
2057-09-12,27.6,16.4,0.0
2057-09-13,28.0,13.5,0.0
2057-09-14,28.6,14.1,0.0
2057-09-15,27.1,13.7,0.0
2057-09-16,28.0,12.0,0.0
2057-09-17,29.4,12.540503893214684,0.0
2057-09-18,27.0,14.2,0.0
2057-09-19,27.2,12.6,0.0
2057-09-20,29.2,11.9,0.0
2057-09-21,30.7,13.6,0.0
2057-09-22,30.8,15.794543937708573,0.0
2057-09-23,29.804270202596104,16.7,0.0
2057-09-24,31.0,16.4,0.0
2057-09-25,33.9,18.0,0.0
2057-09-26,36.10821458825567,19.63132962550983,0.0
2057-09-27,35.488784054593296,20.5,0.0
2057-09-28,34.6,20.14008551897578,0.0
2057-09-29,33.5,19.20895400483833,0.0
2057-09-30,33.7,17.5,0.0
2057-10-01,33.38713436607852,17.9,0.0
2057-10-02,33.7,18.0,0.0
2057-10-03,38.406591796875,18.5,0.0
2057-10-04,39.584814453125,20.1,0.0
2057-10-05,42.009130859375,20.6,0.0
2057-10-06,38.920751953125,21.0,0.0
2057-10-07,26.9,17.9,0.0
2057-10-08,28.0,15.4,0.0
2057-10-09,31.6,15.7,0.0
2057-10-10,36.9,16.9,0.0
2057-10-11,40.954931640625,20.1,0.0
2057-10-12,39.078466796875,23.56906845723807,0.0
2057-10-13,33.4,20.6,0.0
2057-10-14,33.5,20.0,0.0
2057-10-15,35.2,20.6,0.0
2057-10-16,37.95279396541409,21.4,0.0
2057-10-17,39.634619140625,22.63441283697248,0.0
2057-10-18,39.34677734375,24.596875,0.0
2057-10-19,36.0,22.668643781477606,0.0
2057-10-20,34.9,21.4,0.0
2057-10-21,35.2,21.0,0.0
2057-10-22,37.0,21.0,0.0
2057-10-23,39.16416015625,21.4,0.0
2057-10-24,40.091162109375,22.6,0.0
2057-10-25,39.97763671875,24.03388671875,0.0
2057-10-26,38.9341796875,23.712643305778197,0.0
2057-10-27,38.24663248262074,22.27793521871023,0.0
2057-10-28,37.2,22.81318856180088,0.0
2057-10-29,37.735390503528215,22.0,0.0
2057-10-30,38.717626953125,22.2,0.0
2057-10-31,39.8169921875,23.484423356104205,0.0
2057-11-01,42.13427734375,23.394919291154718,0.0
2057-11-02,41.91015625,25.93857421875,0.0
2057-11-03,40.25634765625,26.88095703125,0.0
2057-11-04,40.330322265625,25.491064453125,0.0
2057-11-05,39.2364324199699,25.0220703125,0.0
2057-11-06,36.0,23.3,0.0
2057-11-07,32.1,20.4,2.0
2057-11-08,31.8,20.7,6.229921259842522
2057-11-09,29.945622587188375,19.671067303863005,63.27401574803155
2057-11-10,30.8,19.9,0.7
2057-11-11,30.6,19.6,14.023622047244093
2057-11-12,27.519467032334777,18.8,19.059842519685045
2057-11-13,24.977120304103252,17.4,0.0
2057-11-14,26.62214961067853,18.5,0.0
2057-11-15,27.4,19.0,0.0
2057-11-16,30.0,18.9,10.4
2057-11-17,29.9,19.5,5.0
2057-11-18,30.6,18.8,54.19680783145344
2057-11-19,25.4,18.7,10.763681102362206
2057-11-20,25.4,18.4,90.5
2057-11-21,25.374304783092324,18.4,90.5
2057-11-22,30.8,17.9,0.0
2057-11-23,30.0,17.9,5.4
2057-11-24,27.1,18.2,0.0
2057-11-25,26.0,16.8,0.0
2057-11-26,29.8,16.1,0.0
2057-11-27,30.2,16.2,0.0
2057-11-28,30.4,16.3,0.0
2057-11-29,30.645002994780523,15.8,0.0
2057-11-30,30.6,16.4,0.0
2057-12-01,31.6,18.8,0.0
2057-12-02,32.83955110115497,19.0,0.0
2057-12-03,32.16142314643119,19.4,0.0
2057-12-04,33.1,19.2,0.0
2057-12-05,33.7,19.56139482182313,3.2
2057-12-06,30.4,19.4,0.0
2057-12-07,29.9,19.6,0.0
2057-12-08,30.6,18.7,0.0
2057-12-09,31.4,18.0,0.0
2057-12-10,32.1,17.4,0.0
2057-12-11,32.1,17.6,0.0
2057-12-12,32.1,17.1,0.0
2057-12-13,32.12085228347461,18.6,0.0
2057-12-14,32.9,18.4,0.0
2057-12-15,32.9,18.1,0.0
2057-12-16,34.0146224752163,17.0,0.0
2057-12-17,34.03540690322969,18.9,0.5
2057-12-18,31.95034254499361,20.129993020005465,0.0
2057-12-19,32.97680833166819,20.131285171554406,0.0
2057-12-20,34.257861328125,19.5,0.0
2057-12-21,34.623828125,21.094801894317992,0.0
2057-12-22,27.2,19.2,55.83602836879433
2057-12-23,26.8,19.6,0.0
2057-12-24,31.4,20.31842302025164,0.0
2057-12-25,32.95110172550485,20.0,0.0
2057-12-26,33.189205201994675,19.7,0.0
2057-12-27,32.9,20.394176220169573,0.9
2057-12-28,32.4,20.2,0.0
2057-12-29,26.4,20.337151671153865,0.0
2057-12-30,28.7,20.36342768883757,0.0
2057-12-31,33.00401717843152,20.2,2.7
2058-01-01,29.2,19.95615068428946,16.8
2058-01-02,28.0,19.815777772896013,4.6
2058-01-03,26.2,19.8,9.6
2058-01-04,24.221242175663317,19.3,30.544444444444444
2058-01-05,23.9,19.0,68.4259740259741
2058-01-06,27.2,19.2,2.9
2058-01-07,27.0,19.8,3.4
2058-01-08,26.7,19.890123676423546,0.5
2058-01-09,29.9,19.873590849926337,9.8
2058-01-10,30.1,19.6,5.3
2058-01-11,30.6,19.8,21.747368421052638
2058-01-12,26.5,19.7,4.0
2058-01-13,31.5,19.5,36.86666666666664
2058-01-14,29.2,19.6,5.7
2058-01-15,29.7,20.06079048562115,4.5
2058-01-16,29.2,20.045335291083653,40.46666666666666
2058-01-17,28.6,19.8,39.557142857142864
2058-01-18,26.2,19.840279172728124,9.666666666666666
2058-01-19,28.1,19.952875267622577,11.2
2058-01-20,29.9,19.7,25.7
2058-01-21,26.6,19.7,23.285714285714285
2058-01-22,27.0,19.8,41.4
2058-01-23,29.2,19.6,60.69361702127663
2058-01-24,24.6,19.8,10.0
2058-01-25,27.8,19.699326230431975,4.35
2058-01-26,29.721921104286714,19.7,41.4
2058-01-27,26.7,19.8,5.4
2058-01-28,26.5,19.88146362444882,23.520000000000007
2058-01-29,27.0,19.8,26.0
2058-01-30,24.6,19.4,68.0883116883117
2058-01-31,25.0,19.58938048820619,65.74999999999999
2058-02-01,27.0,18.9,52.43723150357999
2058-02-02,27.4,19.0,53.265513126491676
2058-02-03,26.5,19.2,3.6
2058-02-04,28.1,19.0,4.4
2058-02-05,28.6,19.2,4.235799522673035
2058-02-06,28.7,19.2,0.22720763723150364
2058-02-07,30.0,19.0,0.0
2058-02-08,30.5,19.40127088058596,0.0
2058-02-09,29.2,19.7,1.2
2058-02-10,29.5,19.7,2.924343675417663
2058-02-11,25.9,19.2,2.924343675417663
2058-02-12,24.0,18.8,26.75059665871122
2058-02-13,28.4,18.2,1.0
2058-02-14,26.5,18.8,0.8
2058-02-15,29.9,18.126024899839997,0.0
2058-02-16,30.5,18.6,0.0
2058-02-17,29.5,18.9,0.0
2058-02-18,29.6,17.9,0.0
2058-02-19,31.6,18.9,2.0
2058-02-20,31.0,19.39167633907387,2.8
2058-02-21,30.1,19.1,0.0
2058-02-22,29.8,18.4,0.0
2058-02-23,29.5,18.6,0.0
2058-02-24,27.0,18.9,1.4
2058-02-25,28.2,17.5,0.0
2058-02-26,28.2,16.7,0.0
2058-02-27,29.3,16.4,0.0
2058-02-28,29.4,16.6,0.0
2058-03-01,28.8,17.948733307873397,0.0
2058-03-02,28.9,17.0,0.0
2058-03-03,30.7,16.1,0.0
2058-03-04,30.5,17.3,0.0
2058-03-05,31.9,19.4,15.512092391304346
2058-03-06,28.6,19.0,9.803125000000001
2058-03-07,29.1,18.0,0.0
2058-03-08,28.9,17.9,0.0
2058-03-09,28.3,17.9,0.0
2058-03-10,30.0,17.6,0.0
2058-03-11,29.5,17.9,0.0
2058-03-12,28.1,17.3,0.0
2058-03-13,28.7,16.7,0.0
2058-03-14,29.6,18.1,0.0
2058-03-15,30.0,17.6,0.0
2058-03-16,31.2,18.4,0.0
2058-03-17,30.7,17.8,0.0
2058-03-18,31.183333333333337,16.2,0.0
2058-03-19,32.0,18.8,0.0
2058-03-20,34.48827579789712,18.6,0.0
2058-03-21,36.053839111328124,18.5,0.0
2058-03-22,33.6855183763028,19.9,0.0
2058-03-23,32.9,19.63752600654364,10.559375000000001
2058-03-24,26.9,19.4,1.0
2058-03-25,27.5,18.9,0.0
2058-03-26,28.9,19.0,0.0
2058-03-27,29.5,18.2,0.0
2058-03-28,30.2,17.3,0.0
2058-03-29,30.3,17.3,0.0
2058-03-30,30.2,17.2,0.0
2058-03-31,30.6,17.0,0.0
2058-04-01,30.87037037037037,17.6,0.0
2058-04-02,29.9,17.0,0.0
2058-04-03,29.263414634146347,17.2,0.0
2058-04-04,29.5,19.7,0.0
2058-04-05,28.3,19.0,0.0
2058-04-06,33.94852071005917,19.7,0.0
2058-04-07,32.7,19.0,5.366666666666666
2058-04-08,24.7,18.91327272727273,4.174999999999999
2058-04-09,30.3,19.241366718831507,0.76
2058-04-10,27.3,18.9,6.123333333333333
2058-04-11,26.5,18.1,0.0
2058-04-12,27.8,16.4,0.0
2058-04-13,28.4,14.9,0.0
2058-04-14,29.8,14.017647058823528,0.0
2058-04-15,28.4,14.5,0.0
2058-04-16,26.580357142857146,14.6,0.0
2058-04-17,28.6,15.7,0.0
2058-04-18,29.7,13.8,0.0
2058-04-19,27.9,16.5,0.0
2058-04-20,27.0,16.4,0.0
2058-04-21,30.6,15.0,0.0
2058-04-22,29.4,16.0,0.0
2058-04-23,28.9,15.2,0.0
2058-04-24,28.0,16.0,0.0
2058-04-25,27.542857142857144,19.4,0.0
2058-04-26,27.6,17.8,0.0
2058-04-27,28.9,15.7,0.0
2058-04-28,30.6,16.0,0.0
2058-04-29,31.078787878787878,17.1,0.0
2058-04-30,29.9,16.6,0.0
2058-05-01,29.7,13.8,0.0
2058-05-02,30.7,13.5,0.0
2058-05-03,29.3,20.1220703125,0.0
2058-05-04,23.129095801937567,18.220667979817343,0.0
2058-05-05,25.0,16.7,0.0
2058-05-06,29.60601004664514,14.3,0.0
2058-05-07,29.2,13.19059816300392,0.0
2058-05-08,28.0,12.242922497308927,0.0
2058-05-09,29.158988159311082,12.2,0.0
2058-05-10,29.1,12.8,0.0
2058-05-11,30.2,11.6,0.0
2058-05-12,30.7,12.172066738428404,0.0
2058-05-13,28.549331077964005,13.5,0.0
2058-05-14,28.7,14.5,0.0
2058-05-15,29.5,13.329268030139923,0.0
2058-05-16,31.06898597920726,11.9,0.0
2058-05-17,34.164013671875,14.0,0.0
2058-05-18,31.6826611275565,18.122941083602417,0.0
2058-05-19,29.7,15.6,0.0
2058-05-20,29.0,14.5,0.0
2058-05-21,29.649354144241116,12.3,0.0
2058-05-22,30.5,13.7,0.0
2058-05-23,30.6,15.9,0.0
2058-05-24,30.3,16.5,0.0
2058-05-25,30.990614257439486,15.6,0.0
2058-05-26,31.0,15.0,0.0
2058-05-27,30.94941687390964,14.9,0.0
2058-05-28,29.795080531393534,13.7,0.0
2058-05-29,29.302292468213448,12.3,0.0
2058-05-30,29.9,12.2,0.0
2058-05-31,29.2,12.6,0.0
2058-06-01,28.2,13.2,0.0
2058-06-02,28.6,13.6,0.0
2058-06-03,28.94014116512704,14.4,0.0
2058-06-04,24.9,15.51237854986267,0.0
2058-06-05,24.8,13.0,0.0
2058-06-06,25.0,11.2,0.0
2058-06-07,26.7,10.6,0.0
2058-06-08,27.7,12.0,0.0
2058-06-09,28.6,12.9,0.0
2058-06-10,30.1,13.5,0.0
2058-06-11,30.20334286496341,14.4,0.0
2058-06-12,27.2,14.4,0.0
2058-06-13,25.3,12.9,0.0
2058-06-14,25.5,10.7,0.0
2058-06-15,27.6,8.5,0.0
2058-06-16,28.5,8.5,0.0
2058-06-17,23.9,13.4,0.0
2058-06-18,17.309809778313518,13.0,1.9
2058-06-19,21.1,11.6,0.0
2058-06-20,24.6,10.6,0.0
2058-06-21,25.2,11.7,0.0
2058-06-22,23.0,11.6,0.0
2058-06-23,25.0,12.7,0.0
2058-06-24,25.5,11.8,0.0
2058-06-25,25.6,12.6,0.0
2058-06-26,26.6,12.4,0.0
2058-06-27,25.775305895439377,12.5,0.0
2058-06-28,24.5,10.7,0.0
2058-06-29,25.6,7.0,0.0
2058-06-30,27.7,6.0,0.0
2058-07-01,26.78317375786073,7.6,0.0
2058-07-02,26.826688073561865,10.2,0.0
2058-07-03,25.0,11.2,0.0
2058-07-04,21.6,11.7,0.0
2058-07-05,22.19027780958706,12.4,0.0
2058-07-06,22.475322825557544,10.4,0.0
2058-07-07,24.4,9.4,0.0
2058-07-08,25.9,10.6,0.0
2058-07-09,26.7,12.1,0.0
2058-07-10,28.2,12.1,0.0
2058-07-11,28.41320352991942,11.2,0.0
2058-07-12,25.7,14.2,0.0
2058-07-13,18.1,14.0,0.0
2058-07-14,20.7,12.4,0.0
2058-07-15,20.4,9.8,0.0
2058-07-16,20.0,8.4,0.0
2058-07-17,20.33273691057918,7.0,0.0
2058-07-18,21.9,6.722712594187298,0.0
2058-07-19,22.7,8.3,0.0
2058-07-20,24.0,9.0,0.0
2058-07-21,24.6,8.636292787944022,0.0
2058-07-22,23.8,9.6,0.0
2058-07-23,26.0,9.5,0.0
2058-07-24,28.794464378264163,11.0,0.0
2058-07-25,29.0,10.6,0.0
2058-07-26,23.6,13.4,0.0
2058-07-27,22.2,10.7,0.0
2058-07-28,25.7,9.964083243631139,0.0
2058-07-29,28.384424538725252,9.8,0.0
2058-07-30,27.7,13.759701519767926,0.0
2058-07-31,26.7,12.9,0.0
2058-08-01,27.13700753498385,11.8,0.0
2058-08-02,27.8,12.2,0.0
2058-08-03,29.5,12.8,0.0
2058-08-04,29.6,13.2,0.0
2058-08-05,26.7,15.0,0.0
2058-08-06,26.4,13.5,0.0
2058-08-07,28.7,13.4,0.0
2058-08-08,29.9,13.8,0.0
2058-08-09,29.5,15.3,0.0
2058-08-10,31.1,15.0,0.0
2058-08-11,27.6,16.0,0.0
2058-08-12,26.4,13.4,0.0
2058-08-13,28.7,13.2,0.0
2058-08-14,30.2,11.3,0.0
2058-08-15,28.9,13.7,0.0
2058-08-16,27.0,13.2,0.0
2058-08-17,29.4,13.100201019362695,0.0
2058-08-18,31.1,14.5,0.0
2058-08-19,30.0,15.828118565824537,0.0
2058-08-20,27.9,15.2,0.0
2058-08-21,30.7,14.7,0.0
2058-08-22,34.93371910861479,15.714695903188106,0.0
2058-08-23,38.747802734375,17.14381616511443,0.0
2058-08-24,39.488525390625,18.016071374325573,0.0
2058-08-25,39.931640625,18.769586646751364,0.0
2058-08-26,39.26708984375,18.085336696890245,0.0
2058-08-27,37.600830078125,18.78232519199047,0.0
2058-08-28,30.5,17.98874350747748,0.0
2058-08-29,29.2,16.080647147470398,0.0
2058-08-30,31.5,16.1,0.0
2058-08-31,37.633544921875,16.902526451874426,0.0
2058-09-01,35.36351927447297,19.2,0.0
2058-09-02,35.0,19.4,0.0
2058-09-03,35.27671100605612,19.2,0.0
2058-09-04,35.355035100137854,19.2,0.0
2058-09-05,34.9,19.0,0.0
2058-09-06,33.77278289007989,18.0,0.0
2058-09-07,33.0,17.2,0.0
2058-09-08,33.0,17.0,0.0
2058-09-09,34.0,17.8,0.0
2058-09-10,31.5,18.894305003359065,0.0
2058-09-11,33.2,17.0,0.0
2058-09-12,36.04656498569646,17.920126577423193,0.0
2058-09-13,39.288330078125,19.0,0.0
2058-09-14,34.0,20.5,0.0
2058-09-15,35.3,19.2,0.0
2058-09-16,34.4,20.5,0.0
2058-09-17,33.0,19.6,0.0
2058-09-18,33.8,19.2,0.0
2058-09-19,35.3,19.2,0.0
2058-09-20,36.98465131760494,19.6,0.0
2058-09-21,40.165283203125,19.9,0.0
2058-09-22,40.88671875,20.124554519180908,0.0
2058-09-23,41.9912109375,20.113361005815232,0.0
2058-09-24,33.1,19.6,0.0
2058-09-25,29.34301194876027,16.9,0.0
2058-09-26,31.9,14.9,0.0
2058-09-27,34.7,16.3,0.0
2058-09-28,35.27800719935731,17.6,0.0
2058-09-29,34.6,19.6,0.0
2058-09-30,34.0,19.00638183840631,0.0
2058-10-01,33.8,18.3,0.0
2058-10-02,33.8,18.3,0.0
2058-10-03,34.4,17.9,0.0
2058-10-04,38.0,18.2,0.0
2058-10-05,38.99716796875,20.0,0.0
2058-10-06,39.1109375,20.7,0.0
2058-10-07,39.454443359375,20.9,0.0
2058-10-08,36.53576010120624,21.6,0.0
2058-10-09,34.6,20.5,0.0
2058-10-10,35.2,20.3,0.0
2058-10-11,38.70224609375,20.1,0.0
2058-10-12,40.4849609375,20.3,0.0
2058-10-13,39.2564453125,23.558757422132693,0.0
2058-10-14,38.80283203125,22.206463466373062,0.0
2058-10-15,39.038916015625,23.005374536457534,0.0
2058-10-16,38.0,23.688811937914483,0.0
2058-10-17,38.650244140625,22.2,0.0
2058-10-18,37.2,24.492626953125,0.0
2058-10-19,33.0,21.837122931960668,0.0
2058-10-20,34.425473504301586,19.8,0.0
2058-10-21,35.7,22.1,0.0
2058-10-22,35.5,21.9,0.4783783783783785
2058-10-23,33.4,20.2,4.691891891891893
2058-10-24,33.4,19.5,4.205896805896809
2058-10-25,34.9,20.3,6.260000000000003
2058-10-26,31.7,20.14420337466623,1.7297297297297296
2058-10-27,32.1,19.9,27.63513513513515
2058-10-28,33.2,19.6,0.0
2058-10-29,34.2,20.0,0.0
2058-10-30,35.108322120559734,21.6,0.0
2058-10-31,35.7,23.26036109103899,0.0
2058-11-01,39.63916015625,23.0,0.0
2058-11-02,39.647216796875,23.057431485069262,0.0
2058-11-03,39.7421875,23.385479837648273,0.0
2058-11-04,37.47169620714078,23.04308660308785,0.0
2058-11-05,39.39561108974739,21.005766140916307,0.0
2058-11-06,39.735595703125,23.0,0.0
2058-11-07,40.184326171875,23.74540694195688,0.0
2058-11-08,35.1,23.0,0.0
2058-11-09,34.4,21.9,0.0
2058-11-10,31.16702374619142,20.0,30.389763779527534
2058-11-11,30.1,19.7,3.8
2058-11-12,27.604268631813127,19.5,0.8
2058-11-13,27.6,19.3,0.0
2058-11-14,31.6,18.9,0.0
2058-11-15,32.5,20.0,0.0
2058-11-16,33.08262513904338,19.9,0.0
2058-11-17,33.4,19.0,0.0
2058-11-18,31.0,19.5,0.0
2058-11-19,31.749439377085658,20.0,0.0
2058-11-20,32.6,19.5,0.0
2058-11-21,31.5,19.8,8.964173228346457
2058-11-22,29.7,19.9,22.223228346456686
2058-11-23,28.9,19.7,5.0
2058-11-24,30.5,19.8,6.8929133858267715
2058-11-25,30.6,19.0,0.0
2058-11-26,26.8,18.5,0.0
2058-11-27,30.6,17.7,0.0
2058-11-28,31.396170158077364,19.6,0.0
2058-11-29,29.0992898091897,19.0,0.0
2058-11-30,31.1,18.3,0.0
2058-12-01,26.9,19.2,0.0
2058-12-02,28.930211697165408,19.6,1.7
2058-12-03,28.0,19.5,30.11585106382978
2058-12-04,29.6,18.0,0.0
2058-12-05,30.6,18.2,0.0
2058-12-06,30.5222886757538,18.3,0.0
2058-12-07,31.0,17.3,0.0
2058-12-08,30.0,18.2,0.0
2058-12-09,30.4,17.3,0.0
2058-12-10,31.485404241701318,16.9,0.0
2058-12-11,33.1,18.0,0.0
2058-12-12,32.9,20.37777700345917,0.0
2058-12-13,31.8,20.2,2.7
2058-12-14,32.9,19.5,1.2
2058-12-15,32.89024990544903,19.9,0.0
2058-12-16,31.988052082470805,19.9,0.0
2058-12-17,32.4,20.18954252127612,0.0
2058-12-18,33.02903243705124,20.393687038989288,0.0
2058-12-19,34.347216796875,20.01160449843031,0.0
2058-12-20,34.296435546875,22.54831473602126,0.0
2058-12-21,33.7,21.04986000151371,0.3
2058-12-22,34.84208984375,20.5,0.0
2058-12-23,34.905810546875,21.44016631196638,0.0
2058-12-24,32.0,20.54482216028626,54.878936170212775
2058-12-25,30.6,20.3,32.56978723404254
2058-12-26,31.6,20.328392998592626,41.537404255319146
2058-12-27,31.2,20.5,22.58148936170213
2058-12-28,32.16010591062091,20.5,3.6
2058-12-29,30.067604490235265,20.079394581851368,13.9876595744681
2058-12-30,29.0,20.181112840394807,47.958389057750765
2058-12-31,27.9,20.0,1.3
2059-01-01,26.4,18.7,0.5
2059-01-02,27.0,18.0,0.0
2059-01-03,28.0,19.5,1.2
2059-01-04,29.2,19.0,0.6
2059-01-05,29.5,17.7,0.0
2059-01-06,29.8,17.1,0.0
2059-01-07,27.0,19.9,6.4
2059-01-08,30.0,19.8,9.0
2059-01-09,32.03563737678604,19.7,5.0
2059-01-10,31.6,19.8,22.3
2059-01-11,29.7,19.4,6.4
2059-01-12,29.3,18.6,0.0
2059-01-13,28.1,18.4,0.0
2059-01-14,30.2,18.9,1.0
2059-01-15,31.8,20.138966655604417,0.0
2059-01-16,29.2,20.86658935546875,0.0
2059-01-17,30.007383669075807,19.659147790156133,0.0
2059-01-18,30.2,21.208447265625,0.0
2059-01-19,30.6,21.865246582031254,1.0
2059-01-20,30.9,21.24735717773438,9.0
2059-01-21,25.4,19.5,21.0
2059-01-22,26.8,18.9,2.2
2059-01-23,30.2,19.6,15.700000000000006
2059-01-24,30.9,19.0,0.0
2059-01-25,31.9,19.4,1.1
2059-01-26,31.8,21.04188232421875,13.799999999999994
2059-01-27,31.8,20.09645131343814,2.8
2059-01-28,30.2,19.646860818497426,18.9
2059-01-29,24.6,19.0,39.86666666666667
2059-01-30,30.4,19.0,3.0
2059-01-31,32.0,19.0,1.0
2059-02-01,30.2,17.6,0.0
2059-02-02,31.0,17.0,0.0
2059-02-03,32.0,18.0,0.0
2059-02-04,32.7,18.9,0.0
2059-02-05,32.9,19.7,1.4
2059-02-06,31.7,19.34287527394955,21.237231503579956
2059-02-07,29.5,19.0,51.45131264916471
2059-02-08,27.4,19.082512428996345,31.06062052505969
2059-02-09,27.9,19.0,4.0
2059-02-10,28.1,18.9,3.6
2059-02-11,29.438829144279985,19.2,17.4
2059-02-12,28.4,19.0,17.4
2059-02-13,28.4,19.0,8.861097852028644
2059-02-14,27.4,19.0,13.0
2059-02-15,25.2,19.199764006213176,29.2
2059-02-16,24.9,19.0,44.710262529832946
2059-02-17,25.0,19.1,26.632995226730312
2059-02-18,26.4,19.0,7.502147971360385
2059-02-19,27.002457332690888,19.0,26.8
2059-02-20,26.6,19.2,0.8587112171837711
2059-02-21,28.7,19.2,9.4
2059-02-22,28.7,19.0,27.373269689737477
2059-02-23,28.3,19.2,44.187556579705436
2059-02-24,25.02548311841701,19.1,28.27895549627966
2059-02-25,28.0,19.20370917410474,11.63054892601433
2059-02-26,29.1,19.1,0.0
2059-02-27,30.3,18.9,14.062768496420047
2059-02-28,29.0,19.1,9.376467780429598
2059-03-01,29.7,19.4,2.0
2059-03-02,29.1,19.0,0.3
2059-03-03,27.5,19.00041572324709,1.8
2059-03-04,24.0,18.6,19.0
2059-03-05,28.817968749999995,18.1,19.71035156250002
2059-03-06,28.5,18.93671501703453,22.4
2059-03-07,27.3,18.7,0.0
2059-03-08,27.1,17.3,0.0
2059-03-09,27.8,16.8,0.0
2059-03-10,29.99,16.9,0.0
2059-03-11,31.2,17.3,0.0
2059-03-12,30.5,19.1,0.0
2059-03-13,29.84655172413793,18.9,0.0
2059-03-14,28.1,17.785739692048484,0.0
2059-03-15,27.9,16.6,0.0
2059-03-16,28.9,16.7,0.0
2059-03-17,28.9,18.5,0.0
2059-03-18,29.8,18.5,0.0
2059-03-19,29.6,17.9,0.0
2059-03-20,28.2,18.9,0.0
2059-03-21,28.2,18.6,0.0
2059-03-22,26.978888888888886,16.6,0.0
2059-03-23,28.4,15.0,0.0
2059-03-24,29.1,13.1,0.0
2059-03-25,29.2,13.6,0.0
2059-03-26,28.8,17.9,0.0
2059-03-27,27.6,18.5,0.0
2059-03-28,28.0,18.6,0.0
2059-03-29,28.9,17.2,0.0
2059-03-30,28.4,16.5,0.0
2059-03-31,26.54625850340136,16.3,0.0
2059-04-01,25.6,14.9,0.0
2059-04-02,28.2,16.6,0.0
2059-04-03,28.6,15.4,0.0
2059-04-04,26.1,18.7,28.830769230769228
2059-04-05,27.6,19.279551382368286,1.6333333333333333
2059-04-06,27.2,19.0,0.0
2059-04-07,29.2,17.6,0.0
2059-04-08,28.4,16.0,0.0
2059-04-09,28.5,15.0,0.0
2059-04-10,28.7,14.3,0.0
2059-04-11,29.2,13.9,0.0
2059-04-12,26.77674418604651,14.458792184724693,0.0
2059-04-13,29.2,14.5,0.0
2059-04-14,31.112621359223304,14.1,0.0
2059-04-15,31.2,16.0,0.0
2059-04-16,31.6,15.9,0.0
2059-04-17,32.2,15.9,0.0
2059-04-18,31.0,16.4,0.0
2059-04-19,29.0,15.1,0.0
2059-04-20,29.202439024390245,14.9,0.0
2059-04-21,30.510526315789473,16.8,0.0
2059-04-22,31.6,16.5,0.0
2059-04-23,32.71718750000001,16.0,0.0
2059-04-24,32.4,17.3,0.0
2059-04-25,29.8,19.7,0.0
2059-04-26,29.1,18.0,0.0
2059-04-27,30.7,16.7,0.0
2059-04-28,31.6,17.0,0.0
2059-04-29,31.7,20.682635498046874,0.0
2059-04-30,34.09795361527968,21.294451904296874,0.0
2059-05-01,29.786196337476348,21.18994140625,0.0
2059-05-02,27.0,11.7,0.0
2059-05-03,26.6,10.0,0.0
2059-05-04,28.4,6.7,0.0
2059-05-05,30.0,7.7,0.0
2059-05-06,30.8,13.0,0.0
2059-05-07,30.7,18.0,0.0
2059-05-08,30.0,21.754150390625,0.0
2059-05-09,29.946045851178337,15.6,0.0
2059-05-10,30.7,13.1,0.0
2059-05-11,28.6,15.3,0.0
2059-05-12,25.1,19.794921875,0.15
2059-05-13,29.6,17.950979684879904,0.0
2059-05-14,28.0,14.0,0.0
2059-05-15,28.6,12.5,0.0
2059-05-16,29.2,14.5,0.0
2059-05-17,24.6,17.8,0.0
2059-05-18,25.4,19.539794921875,0.0
2059-05-19,28.8,17.2,0.0
2059-05-20,30.2,15.0,0.0
2059-05-21,30.3,15.7,0.0
2059-05-22,29.4,14.7,0.0
2059-05-23,28.9,12.8,0.0
2059-05-24,29.2,12.6,0.0
2059-05-25,26.9,13.8,0.0
2059-05-26,23.22409928449313,11.9,0.0
2059-05-27,26.7,11.2,0.0
2059-05-28,26.4,11.4,0.0
2059-05-29,27.545209903121634,10.012966043644187,0.0
2059-05-30,29.2,11.2,0.0
2059-05-31,19.992836945950703,13.900528573494197,0.0
2059-06-01,19.436164019738033,14.7,0.0
2059-06-02,24.5,13.484195245187694,0.0
2059-06-03,25.2,11.79347796512513,0.0
2059-06-04,24.0,12.3,0.0
2059-06-05,21.5,11.6,0.0
2059-06-06,21.2,8.4,0.0
2059-06-07,22.1,6.0,0.0
2059-06-08,23.9,5.7899602733195605,0.0
2059-06-09,25.5,9.0,0.0
2059-06-10,26.9,10.0,0.0
2059-06-11,25.3,11.8,0.0
2059-06-12,25.0,11.7,0.0
2059-06-13,23.9,11.2,0.0
2059-06-14,25.2,9.9,0.0
2059-06-15,28.2,11.5,0.0
2059-06-16,27.3,14.0,0.0
2059-06-17,26.0,13.8,0.0
2059-06-18,28.9,13.0,0.0
2059-06-19,29.3,14.4,0.0
2059-06-20,22.5,13.0,0.0
2059-06-21,17.944093571372246,8.3,0.0
2059-06-22,20.559386880945663,7.9,0.0
2059-06-23,21.5,5.0,0.0
2059-06-24,22.9,5.1,0.0
2059-06-25,24.8,6.9,0.0
2059-06-26,24.7,7.0,0.0
2059-06-27,23.911756357638758,8.7,0.0
2059-06-28,25.7,7.9,0.0
2059-06-29,25.806330367074523,7.4,0.0
2059-06-30,24.6,10.2,0.0
2059-07-01,25.8,7.8,0.0
2059-07-02,27.5,12.418363832077494,0.0
2059-07-03,28.0,15.164549389643401,0.0
2059-07-04,27.5,20.78896484375,0.0
2059-07-05,27.7,16.930810546875,0.0
2059-07-06,28.5,15.098418729817002,0.0
2059-07-07,31.161798947930816,15.077046286329383,0.0
2059-07-08,31.201309291837212,15.330424766497314,0.0
2059-07-09,29.1,17.684228515625,0.0
2059-07-10,31.116810517548885,16.304243110749447,0.0
2059-07-11,29.2,15.340471070724513,0.0
2059-07-12,26.7,12.0,0.0
2059-07-13,26.9,11.0,0.0
2059-07-14,26.9,12.085532831001075,0.0
2059-07-15,27.2,12.4,0.0
2059-07-16,27.0,12.8,0.0
2059-07-17,28.3,12.7,0.0
2059-07-18,28.6,13.8,0.0
2059-07-19,28.414848043701948,14.2,0.0
2059-07-20,29.090769608265543,15.112939948462014,0.0
2059-07-21,30.678527032188605,15.2,0.0
2059-07-22,30.7,15.78477897216853,0.0
2059-07-23,28.2,16.345178320334302,0.0
2059-07-24,27.4,15.2,0.0
2059-07-25,29.02074333294871,14.6,0.0
2059-07-26,29.2,14.989184068891268,0.0
2059-07-27,30.56281290160985,14.6,0.0
2059-07-28,31.134124676875675,14.6,0.0
2059-07-29,28.2,17.015771484375,0.0
2059-07-30,23.47039558665231,17.2142578125,0.0
2059-07-31,26.6,15.3,0.0
2059-08-01,27.6,14.5,0.0
2059-08-02,29.6,14.4,0.0
2059-08-03,28.3,13.3,0.0
2059-08-04,26.7,13.0,0.0
2059-08-05,26.3,10.9,0.0
2059-08-06,24.0,12.0,0.0
2059-08-07,23.6,11.144684737580322,0.0
2059-08-08,19.95709483497838,11.8,0.0
2059-08-09,22.5,10.9,0.0
2059-08-10,23.2,10.6,0.0
2059-08-11,24.0,10.2,0.0
2059-08-12,25.4,10.6,0.0
2059-08-13,27.4,11.9,0.0
2059-08-14,29.0,13.3,0.0
2059-08-15,30.0,14.6,0.0
2059-08-16,30.7,15.2,0.0
2059-08-17,30.5,15.2,0.0
2059-08-18,30.5,14.5,0.0
2059-08-19,31.0,14.6,0.0
2059-08-20,31.9,15.0,0.0
2059-08-21,32.1,15.2,0.0
2059-08-22,31.4,15.8,0.0
2059-08-23,28.1,16.7,0.0
2059-08-24,26.5,14.6,0.0
2059-08-25,28.2,14.0,0.0
2059-08-26,30.0,14.6,0.0
2059-08-27,30.9,15.8,0.0
2059-08-28,31.5,16.6,0.0
2059-08-29,35.451109240504806,16.82486356649634,0.0
2059-08-30,31.50835813335021,18.08963113749481,0.0
2059-08-31,31.2,17.4,0.0
2059-09-01,33.0,17.5,0.0
2059-09-02,33.9,17.8,0.0
2059-09-03,33.0,19.0,0.0
2059-09-04,29.9,18.3,0.0
2059-09-05,29.892808434492434,16.4,0.0
2059-09-06,29.1,17.0,0.0
2059-09-07,28.0,15.2,0.0
2059-09-08,28.7,15.2,0.0
2059-09-09,29.9,15.2,0.0
2059-09-10,30.8,16.5,0.0
2059-09-11,31.762968955405004,18.2,0.0
2059-09-12,32.0,19.365538166719904,0.0
2059-09-13,31.0,18.5,0.0
2059-09-14,30.3,16.4,0.0
2059-09-15,31.1,16.2,0.0
2059-09-16,31.4,17.963893214682983,0.0
2059-09-17,31.0,18.3,0.0
2059-09-18,31.6,17.6,0.0
2059-09-19,32.0,16.4,0.0
2059-09-20,32.9,16.4,0.0
2059-09-21,33.4,17.0,0.0
2059-09-22,35.0,17.9,0.0
2059-09-23,34.06939986228084,19.6,0.0
2059-09-24,33.4,18.9,0.0
2059-09-25,32.86095209672898,18.874438595138713,0.0
2059-09-26,31.4,18.6,0.0
2059-09-27,31.6,17.8,0.0
2059-09-28,33.4,17.6,0.0
2059-09-29,36.060756883154845,18.9,0.0
2059-09-30,31.2,19.6,0.0
2059-10-01,31.0,17.0,0.0
2059-10-02,33.7,16.6,0.0
2059-10-03,36.3,18.2,0.0
2059-10-04,37.76590327010869,19.4,0.0
2059-10-05,39.601416015625,20.5,0.0
2059-10-06,40.620703125,21.5,0.0
2059-10-07,40.447607421875,23.0,0.0
2059-10-08,39.756201171875,23.0,0.0
2059-10-09,39.853857421875,24.0490234375,0.0
2059-10-10,39.491552734375,23.0,0.0
2059-10-11,38.600439453125,22.682947769925573,0.0
2059-10-12,38.63291015625,21.9,0.0
2059-10-13,39.183203125,22.0,0.0
2059-10-14,39.627783203125,21.7,0.0
2059-10-15,40.2955078125,22.9534708896897,0.0
2059-10-16,39.214208984375,23.253090216468504,0.0
2059-10-17,38.34446404046938,22.6,0.0
2059-10-18,37.910838911365936,22.2,0.0
2059-10-19,38.471044921875,21.958910865266507,0.0
2059-10-20,38.0,23.581185805062653,0.0
2059-10-21,35.5,22.2,0.0
2059-10-22,36.6,21.4,0.0
2059-10-23,39.03916015625,22.1,0.0
2059-10-24,40.191748046875,23.56124110212158,0.0
2059-10-25,38.0,23.534974304663333,0.0
2059-10-26,38.130779322010504,22.838887068844464,0.0
2059-10-27,39.196875,23.0,0.0
2059-10-28,38.784521484375,23.274604037115445,0.0
2059-10-29,38.671240234375,22.855117704871986,0.0
2059-10-30,39.910986328125,22.20156156316728,0.0
2059-10-31,39.61728515625,22.2,0.0
2059-11-01,34.5,21.9,0.0
2059-11-02,32.6,20.0,0.0
2059-11-03,32.5,19.5,0.0
2059-11-04,34.0,19.5,0.0
2059-11-05,35.1,20.3,0.0
2059-11-06,33.3,20.0,0.0
2059-11-07,33.6,19.8,0.0
2059-11-08,35.5,22.28650046092669,0.0
2059-11-09,39.27392015017115,23.5637349480418,0.0
2059-11-10,41.22314453125,23.0,0.0
2059-11-11,41.007080078125,23.0,0.0
2059-11-12,40.211181640625,23.0,0.0
2059-11-13,39.9326171875,22.3,0.0
2059-11-14,40.155029296875,22.47768517717568,0.0
2059-11-15,40.247802734375,23.0,0.0
2059-11-16,39.564453125,23.0,0.0
2059-11-17,39.68310546875,23.00810912293976,0.0
2059-11-18,40.32470703125,22.437008654842156,0.0
2059-11-19,42.065185546875,22.43848573526208,0.0
2059-11-20,41.302490234375,24.05234375,0.0
2059-11-21,41.401611328125,23.629965162713233,0.0
2059-11-22,40.749267578125,26.25205078125,0.0
2059-11-23,36.39887150597438,23.215167833540537,0.0
2059-11-24,32.6,21.636488852348023,0.9
2059-11-25,34.6,20.3,0.0
2059-11-26,37.13942054821766,20.4,0.0
2059-11-27,37.440438588895624,21.3,0.0
2059-11-28,39.98876953125,22.0,0.0
2059-11-29,39.98779296875,22.3,0.0
2059-11-30,39.08590476485426,23.0,0.0
2059-12-01,36.83818359375,22.441273488553417,0.0
2059-12-02,37.705615234375,24.7939453125,0.0
2059-12-03,38.348193359375,25.253662109375,0.0
2059-12-04,37.83427734375,23.56884765625,0.0
2059-12-05,37.670458984375,21.255267668592126,0.0
2059-12-06,36.194873046875,20.685348266987507,1.0
2059-12-07,31.6,20.5,29.452765957446818
2059-12-08,30.8,20.344792215303023,0.0
2059-12-09,33.138295666700635,20.5,0.0
2059-12-10,33.7,20.43863390007522,0.0
2059-12-11,31.6,21.079722988428404,0.0
2059-12-12,32.9,20.854634381869975,3.2357446808510657
2059-12-13,32.9,20.5,26.4
2059-12-14,30.1,20.5,32.3795744680851
2059-12-15,26.2,20.0,37.848510638297896
2059-12-16,25.6,19.9,21.80025531914894
2059-12-17,26.2,19.9,46.78397163120564
2059-12-18,26.2,19.9,23.782127659574464
2059-12-19,28.3,20.253770774288768,0.0
2059-12-20,31.5,20.327927111754267,2.3
2059-12-21,32.0,20.0,0.0
2059-12-22,29.8,19.9,0.0
2059-12-23,29.7,19.4,0.0
2059-12-24,31.6,19.0,0.0
2059-12-25,32.1,20.0,0.0
2059-12-26,26.6,20.156396688684552,0.0
2059-12-27,25.2,19.5,0.0
2059-12-28,30.0,18.0,0.0
2059-12-29,31.2,17.2,0.0
2059-12-30,32.97638920221987,16.8,0.0
2059-12-31,33.41752617672961,17.3,0.0
2060-01-01,31.716316209494817,18.656542245064298,0.0
2060-01-02,31.7,18.9,0.0
2060-01-03,32.01440295675007,19.0,0.0
2060-01-04,32.6,19.0,0.0
2060-01-05,32.2,19.7,0.0
2060-01-06,32.018942768966575,19.5,0.0
2060-01-07,35.14459365288048,19.687046443451777,0.0
2060-01-08,37.59583740234375,19.8,0.0
2060-01-09,37.99775390625,19.814190578707255,0.0
2060-01-10,40.201123046875,21.794384765625,2.2
2060-01-11,30.2,20.164833770672416,0.0
2060-01-12,37.91572265625,19.8,0.0
2060-01-13,37.749462890625,22.306591796875,6.4
2060-01-14,28.1,19.645559845027684,7.5
2060-01-15,31.1,21.002392578125,16.0
2060-01-16,29.9,20.039662963544632,28.3
2060-01-17,28.5,21.198986816406254,25.0
2060-01-18,30.2,21.11463623046875,6.2
2060-01-19,30.8,19.0,0.6
2060-01-20,30.9,17.6,0.0
2060-01-21,32.2,18.3,0.0
2060-01-22,36.49337762521227,19.6,0.0
2060-01-23,35.5557866641564,20.8733642578125,9.8
2060-01-24,31.2,19.8,14.3
2060-01-25,32.25412278853252,19.666544065252637,1.7
2060-01-26,32.63109750627915,19.819054560898625,9.666666666666666
2060-01-27,27.6,20.090030629111006,56.71290322580642
2060-01-28,24.9,19.840131558205822,7.5
2060-01-29,26.2,19.8,0.3
2060-01-30,29.568385828614222,20.06486848782894,1.3
2060-01-31,31.6,19.7,1.0
2060-02-01,31.680492260920666,18.9,0.0
2060-02-02,31.99224123816247,17.9,0.0
2060-02-03,30.978293756303284,19.40000599967959,3.2348448687350837
2060-02-04,27.3918653158522,19.1,2.7
2060-02-05,32.0,18.9,4.8
2060-02-06,27.5,19.2,12.390214797136041
2060-02-07,29.094981587888924,19.49273684347661,19.963663484486897
2060-02-08,30.5,18.9,0.22720763723150364
2060-02-09,31.6,19.1,0.0
2060-02-10,32.71369939699185,19.0,0.0
2060-02-11,32.48841680287572,19.0,0.0
2060-02-12,30.716152879452945,18.1,0.0
2060-02-13,31.138973030409492,17.6,0.0
2060-02-14,31.9,18.0,0.0
2060-02-15,31.92500649063128,18.6,1.1
2060-02-16,32.08474620006635,19.5,0.0
2060-02-17,34.40282080218695,19.2,0.0
2060-02-18,34.24525212604996,18.9,0.0
2060-02-19,32.67344318051476,19.716694612230054,0.0
2060-02-20,32.0,19.7,0.0
2060-02-21,34.346208042747215,19.1,0.0
2060-02-22,35.90404052734375,19.452942671783344,0.0
2060-02-23,34.36518711713421,20.18447424283631,0.0
2060-02-24,31.658111752525215,22.071545410156254,0.0
2060-02-25,29.3,19.5,0.0
2060-02-26,28.8,21.35126953125,0.4
2060-02-27,29.9,20.402718233180835,0.0
2060-02-28,31.961862836362364,20.72491374607116,0.0
2060-03-01,33.66039495337356,20.20290120549408,15.611277173913056
2060-03-02,33.0,19.3,0.0
2060-03-03,32.51225806451613,19.939095275265682,0.0
2060-03-04,33.681404278661546,19.90213721492665,0.0
2060-03-05,34.539370987252276,22.353918457031252,0.0
2060-03-06,34.36583790825348,25.88876953125,0.0
2060-03-07,34.49125337303433,24.2388671875,0.0
2060-03-08,34.168960640178625,23.94638671875,0.0
2060-03-09,34.45147296920068,23.258154296875,0.0
2060-03-10,34.985968017578124,22.68411865234375,0.0
2060-03-11,33.58477443609022,24.0839599609375,0.0
2060-03-12,32.0,20.283542097187087,2.946875000000001
2060-03-13,30.2,20.23174660362682,0.0
2060-03-14,29.0,18.6,27.562500000000004
2060-03-15,24.59655172413793,18.6,37.56440972222223
2060-03-16,24.5,19.0,60.140608808290146
2060-03-17,25.9,18.6,9.584375000000001
2060-03-18,30.0,18.2,10.281250000000007
2060-03-19,27.0,18.7,9.0
2060-03-20,26.508843537414965,19.2,10.463750000000008
2060-03-21,27.5,19.2,0.0
2060-03-22,30.2,18.5,0.0
2060-03-23,30.5,18.3,0.0
2060-03-24,31.2,18.4,0.0
2060-03-25,32.24573408401906,18.6,0.0
2060-03-26,28.7,18.7,0.6
2060-03-27,27.5,18.959133103837832,1.9953125000000003
2060-03-28,28.2,18.7,1.4441406250000004
2060-03-29,29.1,17.5,0.0
2060-03-30,28.5,18.2,0.0
2060-03-31,29.4,18.5,0.0
2060-04-01,30.6,16.4,0.0
2060-04-02,32.0,15.9,0.0
2060-04-03,32.186075949367094,16.6,0.0
2060-04-04,31.1,17.65,0.0
2060-04-05,31.7,16.5,0.0
2060-04-06,35.9658203125,16.6,0.0
2060-04-07,35.821533203125,18.0,0.0
2060-04-08,32.7,19.7,0.0
2060-04-09,28.9,19.357142857142858,0.0
2060-04-10,28.9,19.7,0.0
2060-04-11,30.4,19.75725635230462,0.0
2060-04-12,31.0,18.7,0.0
2060-04-13,30.615882352941174,18.6,0.0
2060-04-14,30.2,17.1,0.0
2060-04-15,30.4,17.3,0.0
2060-04-16,28.2,17.6,0.0
2060-04-17,29.0,17.6,0.0
2060-04-18,28.0,19.7,0.0
2060-04-19,28.0,19.7,0.0
2060-04-20,29.4,19.4,0.0
2060-04-21,30.7,18.904363636363637,0.0
2060-04-22,31.6,18.1,0.0
2060-04-23,32.0,18.7,0.0
2060-04-24,31.8,18.6,0.0
2060-04-25,35.30445235975061,19.16118721461187,0.0
2060-04-26,34.074215552523874,19.7,0.0
2060-04-27,31.6,19.7,0.0
2060-04-28,34.0406548431105,18.4,0.0
2060-04-29,27.3,19.7,0.0
2060-04-30,28.0,18.607606973058637,0.0
2060-05-01,29.1,14.9,0.0
2060-05-02,29.56265877287404,13.6,0.0
2060-05-03,29.9,18.27879797578261,0.0
2060-05-04,29.777110230061037,20.246337890625,0.0
2060-05-05,30.970603169889745,22.408447265625,0.0
2060-05-06,31.47107423259989,21.85205078125,0.0
2060-05-07,31.1,22.022705078125,0.0
2060-05-08,31.0,20.25146484375,0.0
2060-05-09,30.0,17.8,0.0
2060-05-10,28.9,14.9,0.0
2060-05-11,29.9,14.1,0.0
2060-05-12,31.0,14.9,0.0
2060-05-13,30.7,21.960205078125,0.0
2060-05-14,31.0,20.91064453125,0.0
2060-05-15,32.65417499615561,21.7080078125,0.0
2060-05-16,31.065282527830387,21.658203125,0.0
2060-05-17,29.6,18.1729837100825,0.0
2060-05-18,30.9,15.6,0.0
2060-05-19,30.2,17.0,0.0
2060-05-20,27.7,14.4,0.0
2060-05-21,26.7,14.6,0.0
2060-05-22,28.0,14.7,0.0
2060-05-23,28.5,12.9,0.0
2060-05-24,28.2,12.2,0.0
2060-05-25,28.9,15.007225431685136,0.0
2060-05-26,30.2,19.633544921875,0.0
2060-05-27,30.962868490404944,20.648681640625,0.0
2060-05-28,31.0,18.548668819518998,0.0
2060-05-29,31.0,17.0,0.0
2060-05-30,32.0,16.2,0.0
2060-05-31,34.258740234375,17.4,0.0
2060-06-01,31.76181640625,20.06708984375,0.0
2060-06-02,31.92880859375,20.393505859375,0.0
2060-06-03,31.204476712687278,19.377893297849138,0.0
2060-06-04,29.35482805954608,15.975225916767025,0.0
2060-06-05,28.989337061948376,14.10798109010012,0.0
2060-06-06,29.742328151942164,14.7,0.0
2060-06-07,30.4,16.42888688841103,0.0
2060-06-08,30.4,20.3283203125,0.0
2060-06-09,29.42517139451095,16.71796696758681,0.0
2060-06-10,29.3,15.457283319334422,0.0
2060-06-11,27.957313681868744,14.656986866140771,0.0
2060-06-12,25.8,14.1,0.0
2060-06-13,25.2,13.6,0.0
2060-06-14,26.6,12.2,0.0
2060-06-15,29.0,12.0,0.0
2060-06-16,30.16229900587624,14.4,0.0
2060-06-17,30.1,15.99303453112154,0.0
2060-06-18,30.187707109120677,21.575390625,0.0
2060-06-19,29.2,21.180126953125,0.0
2060-06-20,27.7,18.351767800151716,0.0
2060-06-21,30.688218442589843,15.942006882455871,0.0
2060-06-22,31.730078125,21.299267578125,0.0
2060-06-23,29.317348768134813,22.670361328125,0.0
2060-06-24,29.5,20.115185546875,0.0
2060-06-25,28.5,14.4,0.0
2060-06-26,27.4,15.54992885057995,0.0
2060-06-27,27.0,13.0,0.0
2060-06-28,28.0,11.8,0.0
2060-06-29,27.9,11.4,0.0
2060-06-30,24.5,12.9,0.0
2060-07-01,21.2,12.4,0.0
2060-07-02,23.8,10.4,0.0
2060-07-03,25.4,10.695689475121688,0.0
2060-07-04,26.2,11.9,0.0
2060-07-05,26.2,11.878963555282173,0.0
2060-07-06,25.72806536843135,11.0,0.0
2060-07-07,25.1,10.5,0.0
2060-07-08,24.3,11.2,0.0
2060-07-09,26.0,11.2,0.0
2060-07-10,26.81877907719253,10.3,0.0
2060-07-11,24.879906709723713,14.0,0.0
2060-07-12,21.6,12.4,0.0
2060-07-13,22.7,9.771292539537953,0.0
2060-07-14,24.1,8.479817007534985,0.0
2060-07-15,23.8,10.0,0.0
2060-07-16,23.9,10.4,0.0
2060-07-17,23.0,10.7,0.0
2060-07-18,23.0,10.800846788661639,0.0
2060-07-19,25.0,10.5,0.0
2060-07-20,28.93647654344537,11.310166660480311,0.0
2060-07-21,29.753942905234943,13.509329862067233,0.0
2060-07-22,28.29770335620068,15.085595263724429,0.0
2060-07-23,27.269881593110863,14.2,0.0
2060-07-24,27.4,14.0,0.0
2060-07-25,28.123147226679112,12.9,0.0
2060-07-26,28.668691258454764,12.0,0.0
2060-07-27,27.1,14.6,0.0
2060-07-28,26.7,12.4,0.0
2060-07-29,28.377435355149526,9.9,0.0
2060-07-30,28.571086526977002,11.0,0.0
2060-07-31,26.5,14.2,0.0
2060-08-01,28.0,12.807107173415025,0.0
2060-08-02,29.0,13.6,0.0
2060-08-03,28.7,14.6,0.0
2060-08-04,30.0,14.0,0.0
2060-08-05,32.5,14.5,0.0
2060-08-06,31.8,15.5,0.0
2060-08-07,29.0,16.0,0.0
2060-08-08,29.91605299816373,13.9,0.0
2060-08-09,35.8089546001392,14.4,0.0
2060-08-10,33.069919515743294,13.4,0.0
2060-08-11,29.1,16.9,0.0
2060-08-12,25.7,15.7,0.0
2060-08-13,24.0,13.0,0.0
2060-08-14,24.2,11.9,0.0
2060-08-15,26.7,12.3,0.0
2060-08-16,29.6,14.0,0.0
2060-08-17,31.0,14.6,0.0
2060-08-18,27.0,16.7362205686727,0.0
2060-08-19,26.5,14.5,0.0
2060-08-20,27.6,14.0,0.0
2060-08-21,28.9,14.3,0.0
2060-08-22,29.2,14.6,0.0
2060-08-23,31.2,15.0,0.0
2060-08-24,31.2,16.9,0.0
2060-08-25,29.5,16.7,0.0
2060-08-26,31.9,15.701378899488367,0.0
2060-08-27,36.510434853863075,16.0,0.0
2060-08-28,34.998312133819475,16.174179447989584,0.0
2060-08-29,28.1,16.7,0.0
2060-08-30,27.7,14.395577292085916,0.0
2060-08-31,30.0,14.5,0.0
2060-09-01,31.0,14.6,0.0
2060-09-02,31.3,16.0,0.0
2060-09-03,32.7,16.7,0.0
2060-09-04,34.88766670569639,17.8,0.0
2060-09-05,34.7,18.9,0.0
2060-09-06,34.7,19.2,0.0
2060-09-07,36.13228152567505,19.5,0.0
2060-09-08,39.127685546875,19.5,0.0
2060-09-09,33.9,23.451171875,0.0
2060-09-10,36.15438276057579,22.904418795465112,0.0
2060-09-11,36.08936774843094,21.33951940933307,0.0
2060-09-12,36.60657394263017,19.9,0.0
2060-09-13,35.35101628071595,20.327665558285208,0.0
2060-09-14,35.1,19.6,0.0
2060-09-15,36.0,19.6,0.0
2060-09-16,39.17236328125,20.1,0.0
2060-09-17,40.447021484375,20.1,0.0
2060-09-18,40.686279296875,20.5,0.0
2060-09-19,41.201171875,20.5,0.0
2060-09-20,41.70361328125,22.830101724073913,0.0
2060-09-21,41.4453125,21.294666938833497,0.0
2060-09-22,41.74560546875,19.7,0.0
2060-09-23,41.719970703125,19.9,3.9
2060-09-24,29.2,18.9,3.9
2060-09-25,27.805120856101265,18.9,3.9
2060-09-26,33.9,19.29228220481386,0.0
2060-09-27,34.78901461393887,19.6,3.618181818181818
2060-09-28,33.2,17.55290574432809,0.0
2060-09-29,33.2,18.9,0.0
2060-09-30,36.04622438015747,19.6,0.0
2060-10-01,37.710122118703794,22.81318856180088,0.0
2060-10-02,33.5,21.7,0.0
2060-10-03,32.5,20.0,0.0
2060-10-04,31.7,19.7,0.0
2060-10-05,31.1,17.6,0.0
2060-10-06,32.9,16.1,0.0
2060-10-07,35.295131775408855,15.4,0.0
2060-10-08,36.3,17.022914424111942,0.0
2060-10-09,35.5,18.5,0.0
2060-10-10,39.113134765625,18.9,0.0
2060-10-11,35.2,20.3,0.0
2060-10-12,33.0,17.9,0.0
2060-10-13,36.4,19.2,0.0
2060-10-14,39.38486328125,20.1,0.0
2060-10-15,40.63046875,20.9,0.0
2060-10-16,39.769140625,23.0,0.0
2060-10-17,39.878759765625,22.088842607759616,0.0
2060-10-18,41.296728515625,21.9,0.0
2060-10-19,38.34703855514961,23.631988350289916,0.0
2060-10-20,35.6,21.7,0.0
2060-10-21,37.25356966613467,21.7,0.0
2060-10-22,38.643896484375,22.640543752406238,0.0
2060-10-23,38.23523106046542,25.736767578125,0.0
2060-10-24,38.982763671875,25.04462890625,0.0
2060-10-25,38.0,23.292930625073943,0.0
2060-10-26,36.6,22.793711798567863,0.0
2060-10-27,36.53960860253236,23.596464200145803,0.0
2060-10-28,38.24405796794051,23.266536354372835,0.0
2060-10-29,38.66025390625,22.120896295186046,0.0
2060-10-30,40.10849609375,24.7638671875,0.0
2060-10-31,40.034521484375,25.1193359375,0.0
2060-11-01,40.231201171875,23.035151531406402,0.0
2060-11-02,40.50146484375,22.483593498855413,0.0
2060-11-03,41.611328125,22.9,0.0
2060-11-04,42.106689453125,23.04660014229009,0.0
2060-11-05,35.90242298205735,22.0,1.0
2060-11-06,29.9,19.6,22.749336924989652
2060-11-07,32.2,19.7,11.842913385826769
2060-11-08,25.509816006856436,18.5,64.25168043019015
2060-11-09,25.1,17.9,0.0
2060-11-10,28.6,17.0,0.0
2060-11-11,30.6,16.7,0.0
2060-11-12,32.08426411024973,18.5,0.0
2060-11-13,33.3,17.7,0.0
2060-11-14,32.5,19.3,0.0
2060-11-15,32.5,19.2,0.0
2060-11-16,33.0,19.1,0.0
2060-11-17,34.0,19.0,0.0
2060-11-18,37.796821711286526,18.0,0.0
2060-11-19,39.994140625,18.4,0.0
2060-11-20,35.2,21.216942801943684,0.0
2060-11-21,35.5,21.0,0.0
2060-11-22,33.9,20.085353517797554,0.0
2060-11-23,32.1,20.374108223773845,0.0
2060-11-24,33.5,19.5,0.0
2060-11-25,35.4,19.3,0.0
2060-11-26,39.783935546875,20.4,0.0
2060-11-27,33.5,19.3,0.0
2060-11-28,32.7,19.0,0.0
2060-11-29,33.28541342232109,20.0,0.0
2060-11-30,33.5,19.9,0.0
2060-12-01,34.25859375,19.97400931740629,0.0
2060-12-02,35.951708984375,19.9,0.0
2060-12-03,36.69169921875,20.306869026660227,0.0
2060-12-04,37.048388671875,21.15629545978776,0.0
2060-12-05,35.883837890625,22.31156531025654,0.0
2060-12-06,35.863818359375,21.308489798601425,0.0
2060-12-07,35.075244140625,21.0,0.0
2060-12-08,34.177501168846696,20.624136203978182,0.0
2060-12-09,35.639453125,21.0,0.0
2060-12-10,37.780078125,21.762438910690335,0.0
2060-12-11,38.41875,22.11017629658505,0.0
2060-12-12,37.54228515625,20.91829942870291,9.72382978723405
2060-12-13,34.9451171875,20.61599600896278,0.0
2060-12-14,36.336474609375,21.0,0.0
2060-12-15,37.327685546875,21.0,0.0
2060-12-16,34.182528840612804,22.644582524600928,0.0
2060-12-17,33.7,21.074904995771174,0.0
2060-12-18,32.4,21.0600679974627,0.0
2060-12-19,33.7,20.60653578232327,1.2
2060-12-20,34.506884765625,20.589155365939035,0.0
2060-12-21,33.7,20.86564079967199,2.7329787234042575
2060-12-22,31.0,20.37688017129532,26.0
2060-12-23,30.0,20.244652592610507,0.0
2060-12-24,32.19472210309266,19.8,0.0
2060-12-25,33.1812058170954,20.16059106873472,0.0
2060-12-26,34.392626953125,19.9,0.0
2060-12-27,34.58232421875,21.951454446826965,0.0
2060-12-28,34.18831066314382,21.0,0.0
2060-12-29,34.2126953125,21.162343149315657,0.0
2060-12-30,32.1,21.04234826714592,0.7085106382978724
2060-12-31,32.4,20.5,0.2
2061-01-01,32.6,19.882054082538005,0.0
2061-01-02,37.5802734375,23.164562988281254,0.0
2061-01-03,38.06220703125,26.71650390625,0.0
2061-01-04,39.145458984375,23.862255859375,0.0
2061-01-05,36.846875,20.01990200603777,5.0
2061-01-06,30.0,20.9993408203125,10.0
2061-01-07,26.1,19.8,16.0
2061-01-08,27.0,19.879397021136665,19.120000000000005
2061-01-09,29.7,19.637320346385966,0.0
2061-01-10,29.2,19.6758195242499,0.0
2061-01-11,30.2,21.5384033203125,1.0
2061-01-12,36.725559885889844,19.8,0.0
2061-01-13,37.098095703125,22.250439453125,0.0
2061-01-14,32.6,21.876904296875,3.4
2061-01-15,31.597305020060674,21.168408203125,11.2
2061-01-16,29.5,20.91956787109375,19.04
2061-01-17,34.66250529483303,20.05776452121696,40.4375
2061-01-18,29.2,20.10191757171668,22.3
2061-01-19,29.2,20.052417566194514,38.333333333333336
2061-01-20,30.9,19.8,5.4
2061-01-21,29.9,19.998384036941378,41.4
2061-01-22,29.9,19.8,21.0
2061-01-23,27.2,19.7,60.4
2061-01-24,25.57020545871192,19.6,18.4
2061-01-25,28.6,19.4,5.6
2061-01-26,30.0,18.4,0.9
2061-01-27,30.9,17.3,0.0
2061-01-28,32.6,17.3,0.0
2061-01-29,33.267639347099625,18.9,0.0
2061-01-30,36.50755669456673,20.9953125,5.3
2061-01-31,32.2,19.969686180979153,19.0
2061-02-01,30.1,19.0,5.793317422434371
2061-02-02,30.2,19.0,0.8
2061-02-03,30.0,18.8,1.4
2061-02-04,30.5,19.0,0.0
2061-02-05,30.5,18.8,0.0
2061-02-06,31.0,19.0,0.0
2061-02-07,30.5,18.9,9.8
2061-02-08,30.4,19.0,1.1
2061-02-09,32.018689409709815,18.4,0.0
2061-02-10,32.06424167209367,19.590292947992328,0.4
2061-02-11,32.0,19.482430906784003,9.4
2061-02-12,30.5,19.374438301300728,6.4
2061-02-13,29.0,19.22211022108912,53.09555489260144
2061-02-14,25.3,19.0,53.265513126491676
2061-02-15,25.46846311325027,19.1,0.0
2061-02-16,25.0,18.6,0.0
2061-02-17,27.4,17.2,0.0
2061-02-18,29.6,16.190184371275326,0.0
2061-02-19,31.001604861589072,16.9,0.0
2061-02-20,32.0,18.3,0.0
2061-02-21,31.0,18.8,3.0
2061-02-22,31.0,19.2,26.8
2061-02-23,29.6,19.2,17.228400954653942
2061-02-24,28.9,19.2,3.0
2061-02-25,29.7,19.2,44.048777878363964
2061-02-26,27.1,19.338971188739603,10.4
2061-02-27,30.0,19.2,0.0
2061-02-28,30.0,18.1,0.0
2061-03-01,30.4,17.4,0.0
2061-03-02,31.380882352941175,16.0,0.0
2061-03-03,30.91976744186047,16.8,0.0
2061-03-04,31.3,17.5,0.0
2061-03-05,32.98323699421966,18.1,0.0
2061-03-06,33.2,18.8,0.0
2061-03-07,32.65087209302325,19.9,0.0
2061-03-08,32.9,19.9,0.0
2061-03-09,33.0,19.9,0.0
2061-03-10,32.26444348202685,18.6,0.0
2061-03-11,31.5,18.0,0.0
2061-03-12,32.5,16.9,0.0
2061-03-13,26.6,19.341634204408784,5.9
2061-03-14,25.4,19.0,15.9
2061-03-15,31.589743589743588,18.6,8.381250000000001
2061-03-16,32.491772151898736,19.2,5.9
2061-03-17,32.15798969072166,19.4,32.92155172413792
2061-03-18,31.8,19.2,13.0
2061-03-19,28.8,19.4,58.73639896373059
2061-03-20,26.7,19.603767917391735,5.9
2061-03-21,29.7,19.61284904078931,25.637500000000003
2061-03-22,30.6,19.2,46.447181372549075
2061-03-23,25.3,19.2,21.822265625
2061-03-24,25.5,18.7,0.8
2061-03-25,27.3,17.9,0.0
2061-03-26,27.4,17.6,0.0
2061-03-27,28.8,17.4,0.0
2061-03-28,28.8,16.9,0.0
2061-03-29,26.4,18.5,16.35245535714286
2061-03-30,27.8,19.0,13.0
2061-03-31,28.1,18.7,20.095312500000023
2061-04-01,28.9,18.6,13.000000000000002
2061-04-02,29.9,18.6,2.3454545454545457
2061-04-03,29.0,18.2,0.0
2061-04-04,27.0,18.6,0.0
2061-04-05,27.15576923076923,14.4,0.0
2061-04-06,28.7,13.0,0.0
2061-04-07,28.4,13.9,0.0
2061-04-08,28.9,14.9,0.0
2061-04-09,29.6,15.0,0.0
2061-04-10,28.6,17.7,0.0
2061-04-11,27.0,17.0,0.0
2061-04-12,27.0,16.5,0.0
2061-04-13,27.16602564102564,18.2,0.0
2061-04-14,28.5,18.3,0.0
2061-04-15,27.4,18.5,0.0
2061-04-16,29.0,16.6,0.0
2061-04-17,28.9,16.4,0.0
2061-04-18,23.6,16.4,10.425
2061-04-19,23.216176470588234,16.6,0.9833333333333334
2061-04-20,24.2,17.8,0.0
2061-04-21,27.6,17.59540229885058,0.0
2061-04-22,27.0,18.4,1.6
2061-04-23,24.2,19.328185328185327,0.0
2061-04-24,26.6,19.256598852373504,0.0
2061-04-25,26.4,18.0,0.0
2061-04-26,26.075000000000003,17.9,0.0
2061-04-27,27.2,15.5,0.0
2061-04-28,27.2,14.2,0.0
2061-04-29,27.23798882681564,14.0,0.0
2061-04-30,28.3,13.9,0.0
2061-05-01,30.5,13.162061081297665,0.0
2061-05-02,30.7,12.0,0.0
2061-05-03,29.4,12.5,0.0
2061-05-04,28.0,14.7,0.0
2061-05-05,26.3,11.9,0.0
2061-05-06,27.0,10.5643545380556,0.0
2061-05-07,24.385941872981697,14.4,0.0
2061-05-08,25.0,17.0,0.0
2061-05-09,24.9,18.172201794043758,0.0
2061-05-10,27.979645757901935,15.3,0.0
2061-05-11,28.1,12.6,0.0
2061-05-12,24.7,17.078427228961782,0.0
2061-05-13,27.6,15.80709355862903,0.0
2061-05-14,29.1,12.5,0.0
2061-05-15,30.3,11.9,0.0
2061-05-16,28.4,14.0,0.0
2061-05-17,27.2,12.2,0.0
2061-05-18,26.9,11.2,0.0
2061-05-19,25.7,11.4,0.0
2061-05-20,26.2,10.2,0.0
2061-05-21,26.7,10.0,0.0
2061-05-22,26.9,11.8,0.0
2061-05-23,26.7,13.6,0.0
2061-05-24,26.6,14.0,0.0
2061-05-25,26.0,15.2,0.0
2061-05-26,25.935860372135934,13.9,0.0
2061-05-27,27.3,14.6,0.0
2061-05-28,28.5,15.2,0.0
2061-05-29,29.8,16.7,0.0
2061-05-30,28.6,16.09416022241739,0.0
2061-05-31,27.7,13.5,0.0
2061-06-01,27.0,13.677790652164965,0.0
2061-06-02,29.469417546720802,13.971190211345954,0.0
2061-06-03,31.649267578125,15.9,0.0
2061-06-04,31.788916015625,17.012000558821033,0.0
2061-06-05,28.2,18.093911823105607,0.0
2061-06-06,25.9,14.654510108071149,0.0
2061-06-07,25.5,13.0,0.0
2061-06-08,27.7,12.0,0.0
2061-06-09,31.03020977556762,13.320592450069649,0.0
2061-06-10,31.05699980370345,16.03937769018717,0.0
2061-06-11,27.4,16.389995721742125,0.0
2061-06-12,23.8,15.1,0.0
2061-06-13,25.0,14.39708816924466,0.0
2061-06-14,25.17161661104932,12.9,0.0
2061-06-15,25.6,11.8,0.0
2061-06-16,27.45390890162859,11.9,0.0
2061-06-17,27.0,12.9,0.0
2061-06-18,23.4,13.7,0.0
2061-06-19,24.0,11.9,0.0
2061-06-20,23.5,9.2,0.0
2061-06-21,22.7,6.047991595600052,0.0
2061-06-22,24.2,2.5976811521749092,0.0
2061-06-23,25.8,3.3321416959014294,0.0
2061-06-24,25.8,6.2,0.0
2061-06-25,24.6,10.0,0.0
2061-06-26,23.712130939138724,10.2,0.0
2061-06-27,23.5,9.0,0.0
2061-06-28,24.5,8.0,0.0
2061-06-29,24.4,8.0,0.0
2061-06-30,24.079363313734838,9.0,0.0
2061-07-01,22.7,10.0,0.0
2061-07-02,22.1,9.6,0.0
2061-07-03,22.418191603875126,8.4,0.0
2061-07-04,23.4,9.120129171151772,0.0
2061-07-05,23.3,11.0,0.0
2061-07-06,22.4,10.4,0.0
2061-07-07,22.724158797972077,9.4,0.0
2061-07-08,24.6,9.4,0.0
2061-07-09,25.9,10.5,0.0
2061-07-10,25.7,12.0,0.0
2061-07-11,25.6,12.0,0.0
2061-07-12,27.4,12.8,0.0
2061-07-13,32.175244140625,14.6,0.0
2061-07-14,29.5,15.0,0.0
2061-07-15,31.06553826048249,15.1,0.0
2061-07-16,30.60415631736981,17.11416015625,0.0
2061-07-17,29.047968738361224,17.101220703125,0.0
2061-07-18,28.7,15.236533631420606,0.0
2061-07-19,28.2,15.2,0.0
2061-07-20,27.5,14.2,0.0
2061-07-21,27.6,12.8,0.0
2061-07-22,28.5,12.2,0.0
2061-07-23,28.6,14.006630785791168,0.0
2061-07-24,25.6,15.0,0.0
2061-07-25,25.7,12.8,0.0
2061-07-26,26.2,12.543882802247223,0.0
2061-07-27,29.05113448317663,12.2,0.0
2061-07-28,28.60734341646749,11.0,0.0
2061-07-29,25.4,13.5,0.0
2061-07-30,24.6,10.5,0.0
2061-07-31,25.4,9.5,0.0
2061-08-01,26.5,9.4,0.0
2061-08-02,29.751497498891904,12.45087908144958,0.0
2061-08-03,31.9,15.0,0.0
2061-08-04,32.503581563753784,15.7,0.0
2061-08-05,31.2,15.7,0.0
2061-08-06,29.1,15.80281749156558,0.0
2061-08-07,29.5,15.0,0.0
2061-08-08,31.9,15.4,0.0
2061-08-09,39.466064453125,16.7,0.0
2061-08-10,32.5,18.26138150530029,0.0
2061-08-11,32.47436759956942,16.738542170996645,0.0
2061-08-12,35.75275866821114,17.017918180091296,0.0
2061-08-13,38.347412109375,22.20129555777899,0.0
2061-08-14,37.7900390625,26.229736328125,0.0
2061-08-15,37.38889999664775,19.170943972144915,0.0
2061-08-16,38.41748046875,18.02081557450124,0.0
2061-08-17,39.210693359375,18.135187202250908,0.0
2061-08-18,39.602783203125,18.610371304374297,0.0
2061-08-19,40.466796875,19.107871906154628,0.0
2061-08-20,38.59423828125,26.21337890625,0.0
2061-08-21,33.05254761722462,18.2,0.0
2061-08-22,29.3,17.422482262115576,0.0
2061-08-23,28.6,15.3,0.0
2061-08-24,30.6,14.5,0.0
2061-08-25,33.1,14.5,0.0
2061-08-26,37.982177734375,16.03869537136705,0.0
2061-08-27,37.910400390625,15.725257664743069,0.0
2061-08-28,34.08286362635119,17.7,0.0
2061-08-29,31.8,17.88801369743712,0.0
2061-08-30,34.193585496922324,17.710226574601556,0.0
2061-08-31,30.7,18.211794308667034,0.0
2061-09-01,26.1,15.9,0.0
2061-09-02,26.7,12.7,0.0
2061-09-03,28.9,12.064476011597588,0.0
2061-09-04,31.6,12.3,0.0
2061-09-05,32.7,14.9,0.0
2061-09-06,32.6,17.6,0.0
2061-09-07,31.7,18.2,0.0
2061-09-08,31.4,17.4,0.0
2061-09-09,32.0,16.4,0.0
2061-09-10,34.1,17.6,0.0
2061-09-11,33.4,19.0,0.0
2061-09-12,33.7,18.6,0.0
2061-09-13,35.56229673181843,19.0,0.0
2061-09-14,36.497733486198065,20.152818140429236,0.0
2061-09-15,36.07619766758956,20.20920361583194,0.0
2061-09-16,39.51171875,19.6,0.0
2061-09-17,35.078817616281476,20.27626144319596,0.0
2061-09-18,33.9,19.6,0.0
2061-09-19,34.65257592977706,19.050930487137386,0.0
2061-09-20,33.7,19.0,0.0
2061-09-21,34.636345335396825,17.8,0.0
2061-09-22,35.3,19.124751781815185,0.0
2061-09-23,32.7,19.9,0.0
2061-09-24,31.6,18.5,0.0
2061-09-25,33.2,18.6,0.0
2061-09-26,35.1,19.2,0.0
2061-09-27,39.24169921875,19.498848578192298,0.0
2061-09-28,34.0,20.5,0.0
2061-09-29,32.4,18.635830509351475,0.0
2061-09-30,33.4,18.7,0.0
2061-10-01,33.4,19.2,0.0
2061-10-02,33.9,18.3,0.0
2061-10-03,34.3,18.5,0.0
2061-10-04,34.40053903483183,19.0,0.0
2061-10-05,34.42191143723448,18.9,0.0
2061-10-06,35.2,19.2,0.0
2061-10-07,35.5,20.1,0.0
2061-10-08,34.0,20.7,0.0
2061-10-09,34.9,19.5,0.0
2061-10-10,37.96995739661563,19.9,0.0
2061-10-11,38.84482421875,20.7,0.0
2061-10-12,38.83505859375,21.4,0.0
2061-10-13,38.778662109375,21.420544500223848,0.0
2061-10-14,38.417578125,21.9,0.0
2061-10-15,36.71503481909448,21.4,0.0
2061-10-16,36.0,20.7,0.0
2061-10-17,36.08713670613562,20.42447982587917,0.0
2061-10-18,38.0,20.0,0.0
2061-10-19,38.890234375,21.109809318775937,0.0
2061-10-20,38.35218758451006,21.91615350692089,0.0
2061-10-21,38.0,21.8366806278983,0.0
2061-10-22,38.55673828125,21.7403829811342,0.0
2061-10-23,39.58798828125,22.2,0.0
2061-10-24,39.047216796875,23.25926547980235,0.0
2061-10-25,38.0,22.6,0.0
2061-10-26,38.0,22.2,0.0
2061-10-27,38.05391166941513,22.6,0.0
2061-10-28,38.73349609375,23.0,0.0
2061-10-29,39.462255859375,23.277094062653283,0.0
2061-10-30,39.461279296875,23.602409979513148,0.0
2061-10-31,38.96005859375,23.0,0.0
2061-11-01,40.44873046875,23.3,0.0
2061-11-02,40.64697265625,25.283056640625,0.0
2061-11-03,41.283203125,24.445166015625,0.0
2061-11-04,34.5,21.86173192436041,0.0
2061-11-05,31.1,19.9,0.0
2061-11-06,32.9,20.867710733034684,0.0
2061-11-07,35.5,21.7,0.0
2061-11-08,39.81494140625,22.0,0.0
2061-11-09,39.9326171875,23.2,0.0
2061-11-10,36.4,22.418942825090674,0.0
2061-11-11,35.4,21.7,0.0
2061-11-12,37.503674963754364,21.06532456132012,0.0
2061-11-13,41.989013671875,20.5,0.0
2061-11-14,41.859130859375,22.1,0.0
2061-11-15,40.925537109375,23.3,0.0
2061-11-16,40.277587890625,23.3,0.0
2061-11-17,39.17933572320188,23.971533203125,0.0
2061-11-18,39.987060546875,22.9,0.0
2061-11-19,34.0,21.9,1.6
2061-11-20,32.1,20.858191149445553,0.0
2061-11-21,30.623491914092583,19.9,34.4
2061-11-22,31.9,19.9,16.728149606299215
2061-11-23,31.0,19.6,64.2369886690993
2061-11-24,27.6,19.2,5.150393700787402
2061-11-25,27.0,19.2,0.0
2061-11-26,28.3,19.4,0.0
2061-11-27,24.4,17.8,5.8
2061-11-28,25.3665368928439,17.6,0.0
2061-11-29,30.1,19.5,0.0
2061-11-30,31.9,18.5,0.0
2061-12-01,32.855694004014765,19.4,0.0
2061-12-02,32.4,19.0,0.0
2061-12-03,32.12006194198844,18.6,0.0
2061-12-04,32.1,20.341437830066806,0.0
2061-12-05,33.7,20.5,0.0
2061-12-06,33.7,19.9,0.0
2061-12-07,32.974712684426606,20.88240788644059,0.0
2061-12-08,32.9,20.760506342803712,0.0
2061-12-09,33.7,19.9,0.0
2061-12-10,33.1,21.092019957135157,0.0
2061-12-11,33.1,20.370602346148374,0.0
2061-12-12,33.7,20.316745827633536,0.0
2061-12-13,35.60966796875,20.068850794302193,0.0
2061-12-14,33.7,20.33398364065299,10.063829787234045
2061-12-15,31.91763477963441,20.0,8.458510638297874
2061-12-16,30.2,20.0,25.0
2061-12-17,32.038658542957755,20.0,0.0
2061-12-18,32.95319737274642,20.358885292163528,0.0
2061-12-19,33.7,19.925379690843403,0.0
2061-12-20,33.7,19.8,0.0
2061-12-21,33.7,21.0,0.0
2061-12-22,32.9,20.5,0.0
2061-12-23,32.82391266400953,20.664705486732238,2.0
2061-12-24,32.0,20.313018732926626,12.769787234042555
2061-12-25,29.9,20.163598746136547,34.52340425531914
2061-12-26,26.9,19.9,4.5
2061-12-27,26.4,19.710924292823226,0.5
2061-12-28,28.9,19.2,0.0
2061-12-29,32.4,17.9,0.0
2061-12-30,32.9,17.2,0.0
2061-12-31,32.86426992115904,17.5,0.0
2062-01-01,32.23025536172285,20.196112915266166,0.0
2062-01-02,32.67640832436311,21.491650390625,0.0
2062-01-03,32.69520392297571,20.05502054632716,0.0
2062-01-04,31.990334564384366,19.6,0.0
2062-01-05,30.99589447245671,20.505143291331596,0.0
2062-01-06,32.2,19.948059754377216,0.0
2062-01-07,36.89130859375,22.8699462890625,0.0
2062-01-08,39.24580078125,23.7029541015625,0.0
2062-01-09,39.740673828125,24.100842285156254,0.0
2062-01-10,38.697705078125,20.881604003906254,6.3
2062-01-11,30.9,19.852334358715662,36.57777777777781
2062-01-12,26.1,19.818900961460997,23.0
2062-01-13,26.5,19.953113874134754,11.6
2062-01-14,26.7,20.00288502342071,18.966666666666665
2062-01-15,27.2,19.8,9.4
2062-01-16,29.0,19.8,9.8
2062-01-17,29.0,19.848791610180548,39.966666666666676
2062-01-18,30.8,19.5,0.0
2062-01-19,30.9,20.599634051252377,1.0
2062-01-20,32.6,19.4,0.0
2062-01-21,32.08213580496471,22.601513671875,0.0
2062-01-22,36.9396484375,21.323010253906254,7.0
2062-01-23,28.2,20.165126605937324,14.3
2062-01-24,29.086445999282386,20.104216870833813,40.966666666666676
2062-01-25,27.1,19.96526111475367,6.0
2062-01-26,30.4,19.4,1.0
2062-01-27,31.615564872483272,18.5,0.0
2062-01-28,31.9,20.110680938163192,15.5
2062-01-29,30.9,19.0,1.1
2062-01-30,31.45584130955498,17.7,0.0
2062-01-31,31.1,20.42051903646276,1.6
2062-02-01,31.8,19.57077468571546,10.74606205250598
2062-02-02,31.278073952613553,19.2,2.3
2062-02-03,29.0,19.64619421368249,39.87804295942723
2062-02-04,27.4,18.6,24.9
2062-02-05,29.8,17.9,1.5
2062-02-06,28.7,19.437490264812965,27.63007159904535
2062-02-07,29.7,19.43942668923566,12.4
2062-02-08,30.9,19.2,3.6
2062-02-09,30.5,19.0,7.502147971360385
2062-02-10,29.9,19.359032180433783,4.0
2062-02-11,29.3,18.8,8.861097852028644
2062-02-12,28.6,17.990900265292808,0.0
2062-02-13,29.908886769964234,18.9,2.303341288782817
2062-02-14,30.0,19.4,22.719093078758984
2062-02-15,29.3,19.5,15.59064439140813
2062-02-16,25.5,19.2,12.5
2062-02-17,28.9,19.33997724146678,0.0
2062-02-18,29.526765399037767,19.47059142591772,28.202091815246384
2062-02-19,26.9,19.322551256823804,17.359069212410503
2062-02-20,27.7,19.2,0.0
2062-02-21,29.2,18.9,0.0
2062-02-22,29.9,18.5,0.0
2062-02-23,31.0,19.5,0.9813842482100246
2062-02-24,30.742368090339163,19.65806622005837,2.5
2062-02-25,30.1,19.2,12.96515513126492
2062-02-26,28.5,19.2,23.912887828162326
2062-02-27,30.3,19.0,0.0
2062-02-28,30.0,19.437243338208724,15.74797136038187
2062-03-01,31.438144329896904,19.3,0.0
2062-03-02,27.7,19.846749609188866,3.4
2062-03-03,29.6,19.705239600573517,10.9
2062-03-04,25.5,19.119375842817956,59.729274611399006
2062-03-05,25.0,18.9,61.55689655172417
2062-03-06,25.6,18.9,47.35661764705892
2062-03-07,28.2,19.304540625449228,40.20587500000002
2062-03-08,25.670833333333334,19.0,90.1
2062-03-09,24.4,18.8,90.1
2062-03-10,29.2,19.172714889883117,24.337215909090933
2062-03-11,29.2,19.0,4.9
2062-03-12,27.5,18.19079712597989,1.2
2062-03-13,27.5,19.693197241285404,1.4156250000000004
2062-03-14,27.0,18.5,4.1859375000000005
2062-03-15,29.2,18.1,0.0
2062-03-16,29.2,17.5,0.0
2062-03-17,29.7,16.7,0.0
2062-03-18,29.8,17.5,0.0
2062-03-19,31.1,19.3,0.0
2062-03-20,29.2,19.0,0.3
2062-03-21,28.6,19.969023761679015,0.0
2062-03-22,32.5,19.6,0.0
2062-03-23,31.9,19.89171358119795,2.8
2062-03-24,29.6,18.8,0.0
2062-03-25,26.7,19.0,4.3
2062-03-26,26.7,19.0,2.0
2062-03-27,28.9,18.4,8.1765625
2062-03-28,30.2,19.337729617149886,22.534134615384616
2062-03-29,30.9,19.9,17.439062500000002
2062-03-30,29.3,19.861217511854246,16.4
2062-03-31,29.0,19.63081387185847,42.67031250000003
2062-04-01,28.9,19.7,42.72910052910051
2062-04-02,28.0,19.7,42.50476190476191
2062-04-03,26.0,19.7,13.7
2062-04-04,25.5,19.68144329896907,0.0
2062-04-05,26.3,19.7,0.0
2062-04-06,26.6,19.7,0.0
2062-04-07,26.6,18.922363636363634,0.0
2062-04-08,26.4,16.2,0.0
2062-04-09,26.2,14.9,0.0
2062-04-10,25.0,18.6,0.0
2062-04-11,26.2,18.655150554675114,0.0
2062-04-12,26.3,17.8,0.0
2062-04-13,27.0,16.9,0.0
2062-04-14,27.5,18.644374009508713,0.0
2062-04-15,27.0,19.7,0.0
2062-04-16,29.0,19.7,0.0
2062-04-17,26.4,18.0,4.0894736842105255
2062-04-18,23.691160220994476,18.0,5.0
2062-04-19,27.5,19.18219178082192,0.0
2062-04-20,27.3,19.084863523573205,0.0
2062-04-21,26.3,18.7,0.0
2062-04-22,26.8,18.977818181818186,0.0
2062-04-23,28.6,17.0,0.0
2062-04-24,26.5,18.6,0.0
2062-04-25,24.0,18.2,28.236363636363635
2062-04-26,25.5,19.0,0.0
2062-04-27,26.6,17.0,0.0
2062-04-28,27.0,16.0,0.0
2062-04-29,23.927692307692308,14.9,0.0
2062-04-30,26.2,15.3,0.0
2062-05-01,25.7,14.5,0.0
2062-05-02,26.0,17.617542025604667,20.817355371900824
2062-05-03,24.7,19.9091796875,0.1
2062-05-04,25.0,19.79833984375,0.0
2062-05-05,27.5,14.0,0.0
2062-05-06,26.0,13.9,0.0
2062-05-07,26.2,20.37060546875,0.0
2062-05-08,24.9,20.0361328125,0.0
2062-05-09,25.5,19.70458984375,0.0
2062-05-10,25.55041166031478,19.847900390625,0.0
2062-05-11,25.6,18.203568568353024,0.0
2062-05-12,25.8,18.33206127441124,0.0
2062-05-13,24.4,17.8,0.0
2062-05-14,24.2,16.2,0.0
2062-05-15,24.5,15.9,0.0
2062-05-16,24.7,17.2,0.0
2062-05-17,24.5,13.1,0.0
2062-05-18,24.6,12.6,0.0
2062-05-19,22.8,18.0,0.0
2062-05-20,25.4,18.009041980624307,0.0
2062-05-21,24.7,18.305835183208313,0.0
2062-05-22,27.3,20.27783203125,0.0
2062-05-23,26.7,16.474478766738237,0.0
2062-05-24,23.344740888820542,15.9,0.0
2062-05-25,24.4,10.2,0.0
2062-05-26,24.791669396733276,8.5,0.0
2062-05-27,23.5,10.2,0.0
2062-05-28,22.964104350028492,10.8,0.0
2062-05-29,23.7,14.7,0.0
2062-05-30,24.9,15.9,0.0
2062-05-31,25.9,12.1,0.0
2062-06-01,23.86408708088352,11.2,0.0
2062-06-02,23.4,11.2,0.0
2062-06-03,23.9,11.5,0.0
2062-06-04,24.0,10.7,0.0
2062-06-05,24.1,10.6,0.0
2062-06-06,25.7,16.955193227024296,0.0
2062-06-07,27.7,20.1330078125,0.0
2062-06-08,26.1,16.4,0.0
2062-06-09,25.9,15.9,0.0
2062-06-10,19.75205203849688,14.4,0.0
2062-06-11,22.9,13.0,0.0
2062-06-12,23.0,11.9,0.0
2062-06-13,24.1,13.2,0.0
2062-06-14,23.6,11.7,0.0
2062-06-15,25.0,10.9,0.0
2062-06-16,25.5,10.0,0.0
2062-06-17,17.558988502034662,13.5,1.9
2062-06-18,17.82528953739449,9.3,0.0
2062-06-19,20.1,5.6,0.0
2062-06-20,21.1,3.2,0.0
2062-06-21,21.8,3.838703003337042,0.0
2062-06-22,20.9,5.2,0.0
2062-06-23,20.005203456036423,5.7,0.0
2062-06-24,21.859176863181315,5.4,0.0
2062-06-25,25.5,9.6,0.0
2062-06-26,28.5,10.6,0.0
2062-06-27,24.5,6.386073851119983,0.0
2062-06-28,22.5,4.8,0.0
2062-06-29,19.937488682515454,4.452930023258166,0.0
2062-06-30,20.73989412103984,2.3,0.0
2062-07-01,22.0,4.6,0.0
2062-07-02,26.0,9.5,0.0
2062-07-03,29.06531701994966,13.1,0.0
2062-07-04,28.7,15.033201035927055,0.0
2062-07-05,26.5,14.6,0.0
2062-07-06,24.9,12.7,0.0
2062-07-07,22.9,10.0,0.0
2062-07-08,22.52123063058552,9.106284673346028,0.0
2062-07-09,22.3,8.147460462035271,0.0
2062-07-10,24.4,9.0,0.0
2062-07-11,27.776388823887295,10.0,0.0
2062-07-12,29.511447793326145,12.0,0.0
2062-07-13,28.515915731200973,10.7,0.0
2062-07-14,28.5,11.5,0.0
2062-07-15,28.3,12.8,0.0
2062-07-16,28.9,11.9,0.0
2062-07-17,28.8,11.5,0.0
2062-07-18,27.681782212783283,14.6,0.0
2062-07-19,25.76511302475779,14.2,0.0
2062-07-20,24.0,13.4,0.0
2062-07-21,23.2,11.1,0.0
2062-07-22,25.4,10.0,0.0
2062-07-23,27.6,11.9,0.0
2062-07-24,26.2,13.4,0.0
2062-07-25,25.2,12.8,0.0
2062-07-26,26.3,11.2,0.0
2062-07-27,25.7,13.464245715460619,0.0
2062-07-28,26.0,12.7,0.0
2062-07-29,27.18653142336672,13.486153207306788,0.0
2062-07-30,27.599514295465877,15.0,0.0
2062-07-31,26.7,15.0,0.0
2062-08-01,27.0,13.0,0.0
2062-08-02,28.0,12.3,0.0
2062-08-03,29.1,12.8,0.0
2062-08-04,30.9,14.0,0.0
2062-08-05,29.5,15.7,0.0
2062-08-06,24.8,15.5,0.0
2062-08-07,20.91534634742385,13.9,0.0
2062-08-08,24.1,12.0,0.0
2062-08-09,26.1,11.4,0.0
2062-08-10,26.0,13.0,0.0
2062-08-11,27.7,12.4,0.0
2062-08-12,34.565508226972156,13.7,0.0
2062-08-13,31.9,13.4,0.0
2062-08-14,30.5,15.0,0.0
2062-08-15,26.7,14.899851350658675,0.0
2062-08-16,26.7,13.1,0.0
2062-08-17,28.5,13.0,0.0
2062-08-18,30.4,13.4,0.0
2062-08-19,34.81809759349811,15.5,0.0
2062-08-20,33.1,19.0,0.0
2062-08-21,32.5,17.030324136700383,0.0
2062-08-22,33.1,16.9,0.0
2062-08-23,31.8,16.9,0.0
2062-08-24,30.2,16.9,0.0
2062-08-25,28.9,16.0,0.0
2062-08-26,24.9,15.265805991640212,0.0
2062-08-27,24.139563710979544,14.5,0.0
2062-08-28,25.4,12.4,0.0
2062-08-29,26.6,10.9,0.0
2062-08-30,30.5,10.54943872059049,0.0
2062-08-31,31.9,12.0,0.0
2062-09-01,33.0,12.471442714126807,0.0
2062-09-02,34.7,12.2,0.0
2062-09-03,32.3,15.356968059748931,0.0
2062-09-04,30.7,16.4,0.0
2062-09-05,31.3,16.3,0.0
2062-09-06,30.9,16.6,0.0
2062-09-07,30.3,14.6,0.0
2062-09-08,33.1,16.4,0.0
2062-09-09,39.614013671875,18.5,0.0
2062-09-10,40.449951171875,19.6,0.0
2062-09-11,39.221923828125,22.65994335797819,0.0
2062-09-12,34.59459567234034,20.5,0.0
2062-09-13,35.45585532511928,19.9,0.0
2062-09-14,39.329345703125,19.7,0.0
2062-09-15,39.913818359375,20.2,0.0
2062-09-16,41.185302734375,20.505711059426307,0.0
2062-09-17,35.66803201814653,22.325370386215717,0.0
2062-09-18,32.9,19.9,0.0
2062-09-19,33.169368743047826,19.0,0.0
2062-09-20,34.7,19.2,0.0
2062-09-21,36.0,19.4,0.0
2062-09-22,32.6,20.27516349122317,0.0
2062-09-23,30.7,18.2,0.0
2062-09-24,33.0,18.9,0.0
2062-09-25,35.36262620349032,19.2,0.0
2062-09-26,39.308837890625,19.901484859720682,0.0
2062-09-27,40.864990234375,20.5,0.0
2062-09-28,42.013916015625,22.10955974085376,0.0
2062-09-29,36.07387019640639,21.682489315613843,0.0
2062-09-30,35.58732742262645,20.2,0.0
2062-10-01,35.8,21.4,0.0
2062-10-02,31.57584791373994,19.16079917377011,0.0
2062-10-03,31.7,17.3,0.0
2062-10-04,33.1,17.0,0.0
2062-10-05,35.11123856297092,18.2,0.0
2062-10-06,38.26796417568546,19.7,0.0
2062-10-07,38.6021484375,21.4,0.0
2062-10-08,37.2,21.0,0.0
2062-10-09,38.236334423899834,20.373252960172223,0.0
2062-10-10,38.0,20.6,0.0
2062-10-11,38.05795733534118,20.7,0.0
2062-10-12,39.984228515625,20.6,0.0
2062-10-13,41.834814453125,21.9,0.0
2062-10-14,38.50888671875,23.309165591580655,0.0
2062-10-15,35.5,21.7,0.0
2062-10-16,35.2,20.7,0.0
2062-10-17,38.0,20.8,0.0
2062-10-18,39.832861328125,21.0,0.0
2062-10-19,39.626806640625,21.939587828321855,0.0
2062-10-20,39.071630859375,22.0,0.0
2062-10-21,35.2,23.37299672065485,0.0
2062-10-22,38.18337297904944,24.85615234375,0.0
2062-10-23,38.890966796875,25.32978515625,0.0
2062-10-24,37.710122118703794,23.0,0.0
2062-10-25,38.00893909231539,22.857822810876556,0.0
2062-10-26,38.976904296875,23.191771515290515,0.0
2062-10-27,35.8,21.7,0.0
2062-10-28,35.6,21.842430580709003,0.0
2062-10-29,38.0,22.813594327701576,0.0
2062-10-30,39.08115234375,23.668340393763646,0.0
2062-10-31,40.151220703125,23.987255859375,0.0
2062-11-01,40.78076171875,23.018215482892256,0.0
2062-11-02,40.602783203125,22.3,0.0
2062-11-03,39.9755859375,23.0,0.0
2062-11-04,39.616943359375,22.251364505508263,0.0
2062-11-05,40.419677734375,22.9,0.0
2062-11-06,40.298095703125,23.0250451714539,0.0
2062-11-07,38.986129729088006,23.010240933242248,0.0
2062-11-08,35.263417130144596,21.90534849147817,0.0
2062-11-09,35.7,21.698539175472746,0.0
2062-11-10,39.587890625,22.258087269541388,0.0
2062-11-11,39.641845703125,20.9,0.0
2062-11-12,34.954101047948015,20.052546709947272,3.810629921259843
2062-11-13,33.0,19.9,0.23661417322834646
2062-11-14,32.9,20.0,5.8
2062-11-15,32.1,19.84922574790704,3.9895013123359573
2062-11-16,32.0,19.7,41.438976377952756
2062-11-17,28.7,19.2,5.0
2062-11-18,27.0,19.271364095482852,0.0
2062-11-19,27.7,19.2,0.0
2062-11-20,30.4,19.67337164750958,0.0
2062-11-21,30.6,19.009102445596834,0.0
2062-11-22,29.6,19.0,1.0
2062-11-23,30.6,18.6,0.0
2062-11-24,30.5,19.9,0.0
2062-11-25,30.7,18.3,0.0
2062-11-26,31.6,17.7,0.0
2062-11-27,33.2,17.9,0.0
2062-11-28,34.0,20.892699639956156,0.0
2062-11-29,34.0,21.9,0.0
2062-11-30,31.9,20.4665904773617,0.0
2062-12-01,31.2,20.337897090095243,6.6
2062-12-02,28.3,19.9,27.919813829787227
2062-12-03,29.9,20.1,30.34439716312057
2062-12-04,30.7,20.2,22.637588652482258
2062-12-05,31.8,20.351594163143133,23.8
2062-12-06,29.8,19.9,2.0
2062-12-07,32.4,19.2,0.0
2062-12-08,32.9,20.35476219364401,0.0
2062-12-09,28.7,19.6,0.0
2062-12-10,31.8,19.6,5.6
2062-12-11,32.648538989794375,20.2,48.39992021276596
2062-12-12,26.4,20.0,29.96553191489362
2062-12-13,26.9,20.0,24.962936170212764
2062-12-14,28.2,20.1,38.38965957446807
2062-12-15,29.6,19.9,10.063829787234045
2062-12-16,25.0,19.6,114.9
2062-12-17,27.1,19.6,3.9
2062-12-18,29.0,19.6,0.0
2062-12-19,31.0,19.6,0.9
2062-12-20,28.9,20.0,24.342978723404222
2062-12-21,24.69551385802015,19.9,114.9
2062-12-22,24.6,19.9,5.8
2062-12-23,28.6,19.7,1.7
2062-12-24,29.4,19.9,21.8804255319149
2062-12-25,26.6,19.9,19.157446808510645
2062-12-26,25.5,19.9,2.7
2062-12-27,28.3,18.2,0.10063829787234044
2062-12-28,30.6,17.6,0.0
2062-12-29,32.1,19.597921024839042,0.0
2062-12-30,32.0,20.433691246637355,0.0
2062-12-31,30.9,20.171087249055386,25.0
2063-01-01,24.9,19.4,62.94468085106386
2063-01-02,28.0,20.049337373037563,1.6
2063-01-03,29.2,20.10096314566805,8.5
2063-01-04,27.6,19.7,7.6
2063-01-05,28.7,20.06825236200134,19.0
2063-01-06,28.2,19.880676346996573,0.0
2063-01-07,29.8,19.9,5.2
2063-01-08,29.2,20.109205916088023,18.4
2063-01-09,27.2,19.6,35.17142857142858
2063-01-10,25.5,19.300121260939918,16.0
2063-01-11,27.9,17.4,0.0
2063-01-12,29.2,16.5,0.0
2063-01-13,30.6,17.7,0.0
2063-01-14,30.4,19.8,1.2
2063-01-15,29.6,19.6,4.6
2063-01-16,29.9,19.2,0.0
2063-01-17,30.0,17.6,1.0
2063-01-18,31.7,19.957625706364635,1.0
2063-01-19,29.982457362942306,19.6,32.77499999999999
2063-01-20,27.8,19.82279214721409,46.29999999999998
2063-01-21,25.8,19.639777740717708,1.9
2063-01-22,27.1,18.3,0.0
2063-01-23,30.9,17.6,0.0
2063-01-24,31.6,19.5,0.0
2063-01-25,31.636928541212036,19.8,5.0
2063-01-26,31.6,19.15457029515155,0.0
2063-01-27,32.6,18.5,0.0
2063-01-28,31.962741972893085,19.9,1.7
2063-01-29,31.9,20.094271317577068,6.4
2063-01-30,30.9,19.938884249409703,27.1
2063-01-31,27.0,19.8,1.1
2063-02-01,28.9,19.2,13.326321172860556
2063-02-02,31.0,19.0,10.0
2063-02-03,27.8,19.2,2.7
2063-02-04,26.7,19.49390649581247,9.9
2063-02-05,30.5,19.2,17.39826968973747
2063-02-06,29.2,18.9,2.8
2063-02-07,29.5,18.8,0.0
2063-02-08,29.6,17.6,0.0
2063-02-09,30.2,17.0,0.0
2063-02-10,30.9,17.9,0.0
2063-02-11,29.084067742337183,19.2,9.510978520286399
2063-02-12,24.8,18.9,8.7
2063-02-13,23.9,18.0,1.0
2063-02-14,25.0,18.0,0.0
2063-02-15,25.9,19.0,0.0
2063-02-16,27.6,18.2,0.0
2063-02-17,29.9,16.9,0.0
2063-02-18,30.9,16.6,0.0
2063-02-19,29.824869508035004,18.9,0.0
2063-02-20,24.6,17.5,14.550715990453474
2063-02-21,24.5,18.1,4.0
2063-02-22,30.0,18.4,0.0
2063-02-23,31.88282814118893,19.2,0.0
2063-02-24,30.5,18.9,0.0
2063-02-25,28.6,19.2,22.40017047391749
2063-02-26,29.0,19.0,2.0
2063-02-27,29.7,19.1,0.0
2063-02-28,29.51059610051452,18.9,1.9
2063-03-01,31.7,19.822494595896885,46.258195465686335
2063-03-02,29.2,19.801501952813776,37.152517361111116
2063-03-03,29.0,19.6,40.288000000000004
2063-03-04,31.0,19.010137730849877,34.25883620689658
2063-03-05,26.7,19.1,36.2061580882353
2063-03-06,26.7,19.3,1.0
2063-03-07,26.9,19.4,0.0
2063-03-08,29.2,17.2,0.0
2063-03-09,30.97790697674418,16.2,0.0
2063-03-10,32.0,18.5,0.7
2063-03-11,30.1,18.8,0.0
2063-03-12,30.2,19.1,0.0
2063-03-13,26.5,18.8,0.3
2063-03-14,29.5,18.3,0.0
2063-03-15,30.2,17.3,0.0
2063-03-16,30.3,17.7,0.0
2063-03-17,30.0,17.9,0.0
2063-03-18,29.9,17.6,0.0
2063-03-19,31.1,17.6,0.0
2063-03-20,31.072619047619046,18.1,0.0
2063-03-21,30.1,18.7,1.5
2063-03-22,29.0,19.0,0.0
2063-03-23,29.1,18.2,0.0
2063-03-24,29.5,18.4,0.0
2063-03-25,28.9,17.6,0.0
2063-03-26,28.848437499999996,16.9,0.0
2063-03-27,29.5,16.5,0.0
2063-03-28,30.4,16.9,0.0
2063-03-29,30.9,19.0,0.0
2063-03-30,31.2,19.654108927530554,0.0
2063-03-31,29.7,17.8,0.0
2063-04-01,29.9,16.8,0.0
2063-04-02,30.6,17.4,0.0
2063-04-03,30.7,19.2,0.0
2063-04-04,31.384386617100375,20.848406982421874,2.381818181818182
2063-04-05,27.2,18.9,1.4
2063-04-06,28.7,18.6,1.3375
2063-04-07,30.8,18.97327272727272,0.0
2063-04-08,26.4,19.0,9.5
2063-04-09,28.4,19.0,0.0
2063-04-10,29.6,18.9,0.0
2063-04-11,29.9,17.7,0.0
2063-04-12,28.9,16.7,0.0
2063-04-13,28.9,15.2,0.0
2063-04-14,30.8,14.1,0.0
2063-04-15,31.8,16.0,0.0
2063-04-16,31.1,18.169865642994235,0.0
2063-04-17,30.8,17.7,0.0
2063-04-18,28.2,18.4,0.0
2063-04-19,27.1,18.4,0.0
2063-04-20,28.4,19.219874804381845,5.3
2063-04-21,30.9,18.0,0.0
2063-04-22,32.273952095808376,18.2,0.0
2063-04-23,34.00832196452933,17.0,0.0
2063-04-24,34.23237410071942,17.8,0.0
2063-04-25,31.2,19.0,0.0
2063-04-26,27.202793296089386,19.002977667493802,0.0
2063-04-27,28.5,15.519047619047623,0.0
2063-04-28,29.7,13.3,0.0
2063-04-29,28.1,19.0,0.0
2063-04-30,31.0,19.4,0.0
2063-05-01,26.4,19.82421875,2.3753623188405797
2063-05-02,24.4,20.1826171875,29.4
2063-05-03,26.2,20.2236328125,0.0
2063-05-04,29.2,18.171159239325423,0.0
2063-05-05,27.9,15.0,0.0
2063-05-06,26.2,14.9,0.0
2063-05-07,27.0,15.2,0.0
2063-05-08,25.487703412904448,14.6,0.0
2063-05-09,25.5,12.9,0.0
2063-05-10,27.5,11.8,0.0
2063-05-11,29.3,12.2,0.0
2063-05-12,30.0,13.9,0.0
2063-05-13,29.6,15.6,0.0
2063-05-14,29.04213545276258,14.5,0.0
2063-05-15,29.2,13.162061081297665,0.0
2063-05-16,28.6,13.1,0.0
2063-05-17,28.9,18.226345793376733,0.0
2063-05-18,29.3,15.9,0.0
2063-05-19,30.0,13.8,0.0
2063-05-20,30.0,14.1,0.0
2063-05-21,29.752880610286887,13.9,0.0
2063-05-22,30.7,12.1,0.0
2063-05-23,30.7,16.0,0.0
2063-05-24,27.0,17.932115856797623,16.33223140495867
2063-05-25,24.5,17.9,0.0
2063-05-26,24.2,16.2,0.0
2063-05-27,25.358777904087393,12.9,0.0
2063-05-28,25.0,11.7,0.0
2063-05-29,24.8,11.5,0.0
2063-05-30,25.009555353150613,10.8,0.0
2063-05-31,26.8,12.0,0.0
2063-06-01,25.8,12.9,0.0
2063-06-02,25.5,12.9,0.0
2063-06-03,25.6,11.6,0.0
2063-06-04,25.4,11.8,0.0
2063-06-05,21.9,15.1,0.0
2063-06-06,24.8,12.6,0.0
2063-06-07,24.0,11.3,0.0
2063-06-08,25.0,11.9,0.0
2063-06-09,20.0721232032146,14.4,0.0
2063-06-10,25.1,14.2,0.0
2063-06-11,24.1,13.0,0.0
2063-06-12,24.5,16.13254552159405,0.0
2063-06-13,27.7,14.4,0.0
2063-06-14,28.0,13.7,0.0
2063-06-15,26.1,15.4,0.0
2063-06-16,23.0,14.349886456649957,0.0
2063-06-17,23.5,11.8,0.0
2063-06-18,23.8,10.281213313938567,0.0
2063-06-19,24.7,8.0,0.0
2063-06-20,25.0,10.5,0.0
2063-06-21,25.1,11.1,0.0
2063-06-22,25.0,10.8,0.0
2063-06-23,24.55491960764486,9.4,0.0
2063-06-24,24.5,6.9,0.0
2063-06-25,25.0,8.2,0.0
2063-06-26,25.66044215795329,8.4,0.0
2063-06-27,24.2,10.7,0.0
2063-06-28,23.9,10.7,0.0
2063-06-29,23.9,11.2,0.0
2063-06-30,25.0,9.0,0.0
2063-07-01,25.2,10.515823466092572,0.0
2063-07-02,26.7,12.13323202262606,0.0
2063-07-03,27.6,13.4,0.0
2063-07-04,24.9,14.3,0.0
2063-07-05,24.0,12.4,0.0
2063-07-06,24.0,12.1,0.0
2063-07-07,24.362051081319102,10.2,0.0
2063-07-08,26.488897739504836,10.2,0.0
2063-07-09,28.0,10.4,0.0
2063-07-10,28.59729455741185,12.2,0.0
2063-07-11,27.3,13.0,0.0
2063-07-12,23.7,12.867038416065219,0.0
2063-07-13,26.1,10.5,0.0
2063-07-14,29.4,11.7,0.0
2063-07-15,32.512890625,14.4,0.0
2063-07-16,29.2,15.2,0.0
2063-07-17,26.1,15.0,0.0
2063-07-18,24.6145501325842,12.0,0.0
2063-07-19,26.3,11.0,0.0
2063-07-20,29.329738277184195,12.8,0.0
2063-07-21,31.630078125,15.2,0.0
2063-07-22,32.08564453125,17.807275390625,0.0
2063-07-23,31.72822265625,18.50185546875,0.0
2063-07-24,31.169576127693997,18.238427734375,0.0
2063-07-25,31.45576171875,17.323388671875,0.0
2063-07-26,31.12668810352548,17.529931640625,0.0
2063-07-27,28.423070612614566,16.289097083203096,0.0
2063-07-28,26.2,15.2,0.0
2063-07-29,26.9,14.162745149518225,0.0
2063-07-30,28.5,13.8,0.0
2063-07-31,30.571602622782642,13.54176784239116,0.0
2063-08-01,25.2,15.508582506079813,0.0
2063-08-02,26.0,13.2,0.0
2063-08-03,28.6,13.2,0.0
2063-08-04,30.142796914244702,14.3,0.0
2063-08-05,31.9,15.0,0.0
2063-08-06,31.96040083556256,16.0,0.0
2063-08-07,29.2,16.7,0.0
2063-08-08,29.578632938643697,15.87433857524054,0.0
2063-08-09,30.8,15.8,0.0
2063-08-10,32.5,16.0,0.0
2063-08-11,33.1,16.7,0.0
2063-08-12,33.1,16.9,0.0
2063-08-13,35.27864586320813,16.3,0.0
2063-08-14,26.7,16.7,0.0
2063-08-15,25.2,14.5,0.0
2063-08-16,24.7,12.8,0.0
2063-08-17,25.7,11.8,0.0
2063-08-18,26.6,12.0,0.0
2063-08-19,27.7,12.2,0.0
2063-08-20,29.4,13.9,0.0
2063-08-21,31.1,15.5,0.0
2063-08-22,30.9,15.2,0.0
2063-08-23,31.5,14.609593994093453,0.0
2063-08-24,32.9,16.0,0.0
2063-08-25,29.2,17.0,0.0
2063-08-26,28.5,15.6,0.0
2063-08-27,29.5,14.6,0.0
2063-08-28,31.2,15.3,0.0
2063-08-29,31.1,15.9,0.0
2063-08-30,31.5,15.7,0.0
2063-08-31,30.5,16.796582229095463,0.0
2063-09-01,29.4,15.4,0.0
2063-09-02,30.0,14.0,0.0
2063-09-03,32.0,15.4,0.0
2063-09-04,33.4,17.8,0.0
2063-09-05,34.0,18.7,0.0
2063-09-06,33.337607781950105,18.3,0.0
2063-09-07,33.714807698789905,18.0,0.0
2063-09-08,36.05456921586299,17.4,0.0
2063-09-09,36.39080251145776,17.862825079905942,0.0
2063-09-10,39.9248046875,19.5,0.0
2063-09-11,41.140380859375,19.75613909635046,0.0
2063-09-12,40.491943359375,19.6,0.0
2063-09-13,31.6,19.0,0.0
2063-09-14,30.0,16.9,0.0
2063-09-15,32.0,16.6,0.0
2063-09-16,35.0,17.9,0.0
2063-09-17,38.259318113600536,19.243543330973807,0.0
2063-09-18,40.841064453125,20.13448876229294,0.0
2063-09-19,33.4,20.32367300565692,0.0
2063-09-20,30.0,18.0,0.0
2063-09-21,29.5,16.7,0.0
2063-09-22,31.1,14.3,0.0
2063-09-23,32.6,14.2,0.0
2063-09-24,35.2,14.9,0.0
2063-09-25,39.376220703125,16.9,0.0
2063-09-26,42.063232421875,19.6,0.0
2063-09-27,40.825927734375,20.6,0.0
2063-09-28,40.341796875,20.2,0.0
2063-09-29,36.17328967636978,20.2,0.0
2063-09-30,36.11661619155103,23.40185546875,0.0
2063-10-01,39.380712890625,23.0,0.0
2063-10-02,39.5396484375,24.54462890625,0.0
2063-10-03,40.254248046875,26.596875,0.0
2063-10-04,34.9,21.9,0.0
2063-10-05,31.6,20.5,2.5432432432432437
2063-10-06,30.8,20.3,2.5
2063-10-07,34.3,20.4,0.0
2063-10-08,35.5,20.0,0.0
2063-10-09,31.6,19.0,0.4
2063-10-10,31.854320383599177,21.4,0.0
2063-10-11,31.7,19.6,0.0
2063-10-12,33.2,18.4,0.0
2063-10-13,35.6,18.1,0.0
2063-10-14,38.0,20.0,0.0
2063-10-15,36.6,21.0,0.0
2063-10-16,33.1,20.2,0.0
2063-10-17,33.1,18.7,0.0
2063-10-18,35.0,17.9,0.0
2063-10-19,36.3,18.1,0.0
2063-10-20,36.77598251356516,19.9,0.0
2063-10-21,35.2,20.4,0.0
2063-10-22,36.0,20.41576254746329,0.0
2063-10-23,38.06347415251312,20.2,0.0
2063-10-24,39.09873046875,20.594916718599503,0.0
2063-10-25,39.841162109375,20.6,0.0
2063-10-26,41.100927734375,21.694616916086375,0.0
2063-10-27,36.6,23.0,0.0
2063-10-28,35.2,21.0,0.0
2063-10-29,35.7,20.6,0.0
2063-10-30,36.6,20.4,0.0
2063-10-31,39.9625,20.9,0.0
2063-11-01,42.79736328125,21.7,0.0
2063-11-02,40.637451171875,23.533302583578887,0.0
2063-11-03,40.870361328125,22.482116418435485,0.0
2063-11-04,41.666015625,23.2,0.0
2063-11-05,36.4,21.9,0.0
2063-11-06,35.9,21.7,0.0
2063-11-07,37.75953583809408,21.74298176424984,0.0
2063-11-08,39.8720703125,22.490865279384316,0.0
2063-11-09,39.72021484375,23.0,0.0
2063-11-10,35.928766262030265,21.7,0.0
2063-11-11,33.6,20.461177827853838,0.0
2063-11-12,33.4,21.7,0.0
2063-11-13,33.6,21.0,11.108211473565811
2063-11-14,30.5,20.2,1.9
2063-11-15,27.7,20.0,0.0
2063-11-16,27.5,18.8,0.0
2063-11-17,30.8,19.2,0.0
2063-11-18,31.7,18.3,0.0
2063-11-19,34.0,17.3,0.0
2063-11-20,39.890869140625,17.3,0.0
2063-11-21,40.5263671875,19.2,0.0
2063-11-22,40.07568359375,20.875870376111084,0.0
2063-11-23,40.51513671875,22.1,0.0
2063-11-24,40.427734375,23.447622483079975,0.0
2063-11-25,40.373779296875,20.9,0.0
2063-11-26,34.4,20.0,0.8098425196850393
2063-11-27,33.5,19.680284678449308,0.0
2063-11-28,35.1,19.9,0.0
2063-11-29,39.38522987215318,19.9,0.0
2063-11-30,39.86181640625,21.3,0.0
2063-12-01,36.0671875,21.0,0.0
2063-12-02,37.0828125,21.052246319006603,0.0
2063-12-03,31.6,20.5,5.6
2063-12-04,31.4,20.0,0.0
2063-12-05,32.96633009546031,19.9,0.0
2063-12-06,32.4,19.5,0.0
2063-12-07,32.9,19.2,0.0
2063-12-08,34.12427069402311,19.4,0.0
2063-12-09,35.52958984375,20.5,0.0
2063-12-10,36.445849609375,21.03845758688297,0.0
2063-12-11,35.966845703125,20.62611625141436,0.8
2063-12-12,35.307177734375,20.50211601590389,0.0
2063-12-13,36.174853515625,21.087766415500532,0.0
2063-12-14,36.623828125,21.0,0.0
2063-12-15,36.2205078125,21.153070025372852,0.0
2063-12-16,39.054248046875,21.08630741040192,0.0
2063-12-17,34.934375,20.529527460489664,0.8
2063-12-18,31.7,20.2,0.8
2063-12-19,33.7,20.53022382513272,9.72382978723405
2063-12-20,32.1,20.1,34.85744680851063
2063-12-21,25.3,19.9,114.9
2063-12-22,24.2,19.5,82.78648310388002
2063-12-23,23.605670664518062,18.4,30.299574468085112
2063-12-24,22.73482836981222,18.2,4.0
2063-12-25,25.3,18.891564217324795,0.0
2063-12-26,30.0,19.0,0.0
2063-12-27,32.0,18.7,0.0
2063-12-28,33.1,19.4,0.0
2063-12-29,32.88148481366187,20.19529189100343,1.2
2063-12-30,30.0,19.9,6.6
2063-12-31,29.0,19.6,0.0
2064-01-01,30.8,19.0,0.0
2064-01-02,31.634521367270764,18.7,0.0
2064-01-03,31.6,19.0,0.0
2064-01-04,30.6,19.0,0.0
2064-01-05,32.2,18.5,0.0
2064-01-06,34.618195703100525,21.479992675781254,0.0
2064-01-07,31.14692838599379,20.14458475439068,1.7
2064-01-08,30.286726171301055,19.831274686868035,7.2
2064-01-09,30.7,20.026973435398084,12.2
2064-01-10,31.6,19.8,0.0
2064-01-11,31.745481793548855,19.572284238668605,0.0
2064-01-12,31.965768257121162,18.9,1.0
2064-01-13,31.5,19.3,2.7
2064-01-14,30.9,20.440252046566712,13.025000000000007
2064-01-15,27.5,20.558650107190356,26.399999999999995
2064-01-16,28.6,20.00040134654415,27.4
2064-01-17,31.6,19.959621324466315,19.5
2064-01-18,31.9,19.6,3.4
2064-01-19,30.2,20.446323741983303,1.9
2064-01-20,31.633016883557477,20.060530187607878,1.3
2064-01-21,32.2,19.6,0.6
2064-01-22,31.8,19.6,4.0
2064-01-23,32.25616856797333,19.8,1.1
2064-01-24,33.4962768404382,19.9541767576889,3.1
2064-01-25,32.66130471833511,20.01988031453665,3.4
2064-01-26,32.6,20.130723885184416,2.7
2064-01-27,36.973583984375,19.956237450293887,3.6
2064-01-28,30.51828946080829,21.4248779296875,4.0
2064-01-29,31.5,20.165527898707776,11.0
2064-01-30,32.2,20.8633544921875,19.120000000000005
2064-01-31,32.6,20.1449209726578,14.0
2064-02-01,27.0,19.2,13.0
2064-02-02,29.482957922899374,19.421660760796478,28.20824090972905
2064-02-03,29.2,19.4,25.0
2064-02-04,27.0,19.2,44.52459056867749
2064-02-05,29.8,19.0,13.60429594272077
2064-02-06,30.5,19.5,55.77839010631382
2064-02-07,28.8,19.5,17.4
2064-02-08,29.2,19.407494094645248,12.96515513126492
2064-02-09,30.2,19.48839613369687,13.0
2064-02-10,26.5,19.0,15.6
2064-02-11,28.6,18.0,13.5
2064-02-12,28.4,17.7,1.4
2064-02-13,28.8,17.1,0.0
2064-02-14,29.6,17.0,0.0
2064-02-15,30.3,17.8,0.0
2064-02-16,31.913320332228736,18.9,0.0
2064-02-17,31.9,19.2,2.8
2064-02-18,29.0,19.2,41.943436754176616
2064-02-19,29.7,17.4,0.0
2064-02-20,30.0,16.5,0.0
2064-02-21,32.0,16.7,0.0
2064-02-22,32.7,18.2,0.0
2064-02-23,34.13975324955654,19.0,0.0
2064-02-24,32.8,18.9,0.0
2064-02-25,26.9,19.0,0.0
2064-02-26,28.0,19.2,15.8
2064-02-27,28.8,19.1,0.0
2064-02-28,30.2,17.4,0.0
2064-03-01,32.60436046511628,17.3,0.0
2064-03-02,32.9,18.7,1.0
2064-03-03,32.7218309859155,19.1,1.4
2064-03-04,32.499208860759495,19.24991500804202,4.456250000000002
2064-03-05,28.8,19.9,11.087500000000004
2064-03-06,29.5,19.4,0.0
2064-03-07,29.2,19.0,0.0
2064-03-08,31.3,17.9,0.0
2064-03-09,31.1,18.9,0.0
2064-03-10,27.7,19.4,3.4
2064-03-11,29.6,18.7,0.0
2064-03-12,25.4,18.6,27.087760416666672
2064-03-13,29.4,18.8,1.0
2064-03-14,27.2,19.016957183818484,16.231875000000002
2064-03-15,27.2,18.4,0.0
2064-03-16,29.79642857142857,17.7,0.0
2064-03-17,27.2,19.6,2.946875000000001
2064-03-18,29.2,19.0,0.0
2064-03-19,31.6,18.6,0.0
2064-03-20,30.9,18.62384567446603,0.0
2064-03-21,30.7,17.8,0.0
2064-03-22,30.9,17.3,0.0
2064-03-23,30.5,18.6,0.0
2064-03-24,30.8,18.4,0.0
2064-03-25,32.292854049372025,18.2,0.0
2064-03-26,28.9,19.097022613116604,0.0
2064-03-27,28.2,18.7,1.0
2064-03-28,30.1,18.0,0.0
2064-03-29,29.5,18.5,0.0
2064-03-30,29.9,19.9,2.3
2064-03-31,25.9,18.6,4.626562500000002
2064-04-01,25.6,18.4,0.78
2064-04-02,27.0,19.087096774193547,0.0
2064-04-03,28.0,19.32586872586873,0.0
2064-04-04,28.9,16.6,0.0
2064-04-05,29.2,15.9,0.0
2064-04-06,28.6,17.117021276595747,0.0
2064-04-07,30.6,16.8,0.0
2064-04-08,32.0,15.4,0.0
2064-04-09,32.429754601226996,16.5,0.0
2064-04-10,31.4,17.9,0.0
2064-04-11,30.0,17.6,0.0
2064-04-12,28.9,17.7,0.0
2064-04-13,30.6,18.33719008264463,0.0
2064-04-14,30.6,17.5,0.0
2064-04-15,30.7,15.9,0.0
2064-04-16,30.9,16.4,0.0
2064-04-17,31.3,16.0,0.0
2064-04-18,31.0,16.8,0.0
2064-04-19,30.074074074074073,17.4,0.0
2064-04-20,28.6,17.6,0.0
2064-04-21,31.6,17.1,0.0
2064-04-22,32.7,15.0,0.0
2064-04-23,33.96627218934911,15.6,0.0
2064-04-24,36.499267578125,15.57619047619048,0.0
2064-04-25,32.24790419161677,17.2,0.0
2064-04-26,30.7,18.1,0.0
2064-04-27,28.4,18.035294117647062,0.0
2064-04-28,28.2,16.0,0.0
2064-04-29,29.9,14.9,0.0
2064-04-30,31.3,15.21034482758621,0.0
2064-05-01,33.456394214272,14.6,0.0
2064-05-02,33.59791407609025,14.6,0.0
2064-05-03,32.32621344196091,20.821044921875,0.0
2064-05-04,30.7,17.0,0.0
2064-05-05,31.755500894056517,16.9,0.0
2064-05-06,35.118603515625,20.595703125,0.0
2064-05-07,35.45771484375,23.2978515625,0.0
2064-05-08,31.588498225495304,22.364501953125,0.0
2064-05-09,28.7,19.42615237411792,0.0
2064-05-10,30.2,17.84420400133624,0.0
2064-05-11,30.4,15.8,0.0
2064-05-12,30.6,14.7,0.0
2064-05-13,28.9,15.3,0.0
2064-05-14,29.2,12.9,0.0
2064-05-15,29.8,12.2,0.0
2064-05-16,30.1,11.4,0.0
2064-05-17,29.5,10.0,0.0
2064-05-18,25.7,13.1,0.0
2064-05-19,27.4,15.549506165845166,0.0
2064-05-20,27.5,13.2,0.0
2064-05-21,27.6,11.9,0.0
2064-05-22,28.5,10.1,0.0
2064-05-23,28.0,12.579479916152048,0.0
2064-05-24,26.964918289460797,13.9,0.0
2064-05-25,28.9,12.9,0.0
2064-05-26,27.5,18.335846483450833,0.0
2064-05-27,30.7,17.0,0.0
2064-05-28,31.553254324355997,20.523681640625,0.0
2064-05-29,33.8,23.950439453125,0.0
2064-05-30,32.7,21.86181640625,0.0
2064-05-31,28.0,17.985286976611963,0.0
2064-06-01,26.7,15.042815772314071,0.0
2064-06-02,25.9,13.312079988776318,0.0
2064-06-03,28.2,11.7,0.0
2064-06-04,29.3,12.2,0.0
2064-06-05,29.734840685766763,13.5,0.0
2064-06-06,29.5,20.23310546875,0.0
2064-06-07,30.4,21.088330078125,0.0
2064-06-08,29.3,20.0978515625,0.0
2064-06-09,26.3,14.7,0.0
2064-06-10,25.4,13.0,0.0
2064-06-11,24.8,12.6,0.0
2064-06-12,24.99478432826598,13.5,0.0
2064-06-13,25.6,14.879323452101806,0.0
2064-06-14,25.4,12.8,0.0
2064-06-15,26.2,12.9,0.0
2064-06-16,26.906889741436064,12.7,0.0
2064-06-17,27.0,12.7,0.0
2064-06-18,27.0,12.7,0.0
2064-06-19,25.8,12.3,0.0
2064-06-20,24.5,11.5,0.0
2064-06-21,25.0,10.6,0.0
2064-06-22,25.6,11.3,0.0
2064-06-23,26.9,11.8,0.0
2064-06-24,28.0,12.0,0.0
2064-06-25,28.81615738620254,13.7,0.0
2064-06-26,28.9,16.443086488482958,0.0
2064-06-27,29.38312368352544,21.91767578125,0.0
2064-06-28,30.437433579648598,20.903759765625,0.0
2064-06-29,30.5,20.295849609375,0.0
2064-06-30,30.4,16.470180925202662,0.0
2064-07-01,29.2,15.2,0.0
2064-07-02,29.0,15.176037377184336,0.0
2064-07-03,29.1,14.6,0.0
2064-07-04,26.2,15.2,0.0
2064-07-05,23.7,14.0,0.0
2064-07-06,25.1,13.0,0.0
2064-07-07,26.4,12.9,0.0
2064-07-08,28.2,13.5,0.0
2064-07-09,29.1,14.2,0.0
2064-07-10,26.6,15.273740719273546,0.0
2064-07-11,24.5,14.2,0.0
2064-07-12,24.9,12.8,0.0
2064-07-13,25.4,12.404456404736267,0.0
2064-07-14,27.4,12.7,0.0
2064-07-15,29.05240078110279,14.2,0.0
2064-07-16,30.20645968473671,15.2,0.0
2064-07-17,29.32009714524636,16.44424152752964,0.0
2064-07-18,26.760251543821862,15.54030314154693,0.0
2064-07-19,26.298756223089327,14.2,0.0
2064-07-20,26.0,14.2,0.0
2064-07-21,24.4,13.5,0.0
2064-07-22,24.0,13.0,0.0
2064-07-23,23.8,12.7,0.0
2064-07-24,24.7,11.9,0.0
2064-07-25,26.3,12.2,0.0
2064-07-26,28.2,14.0,0.0
2064-07-27,31.152347119970447,15.2,0.0
2064-07-28,31.170910169478194,17.10634765625,0.0
2064-07-29,29.185484507980256,17.770166015625,0.0
2064-07-30,26.7,16.0,0.0
2064-07-31,27.0,14.714361896485313,0.0
2064-08-01,26.7,13.4,0.0
2064-08-02,25.0,13.6,0.0
2064-08-03,25.0,11.6,0.0
2064-08-04,26.7,11.0,0.0
2064-08-05,27.3,12.3,0.0
2064-08-06,28.7,13.2,0.0
2064-08-07,31.0,13.1,0.0
2064-08-08,31.9,11.2,0.0
2064-08-09,30.798493003229268,14.2,0.0
2064-08-10,31.0,14.248054743964323,0.0
2064-08-11,30.0,12.9,0.0
2064-08-12,24.1,14.9,0.0
2064-08-13,24.6,12.6,0.0
2064-08-14,26.0,12.8,0.0
2064-08-15,26.4,13.0,0.0
2064-08-16,27.4,12.9,0.0
2064-08-17,29.4,13.3,0.0
2064-08-18,30.9,14.7,0.0
2064-08-19,31.2,15.605290351821427,0.0
2064-08-20,31.5,15.9,0.0
2064-08-21,31.0,16.08606027987082,0.0
2064-08-22,31.024406549204,15.5,0.0
2064-08-23,33.19729483827977,14.8,0.0
2064-08-24,38.629150390625,16.7,0.0
2064-08-25,35.29996156152581,15.586449986046324,0.0
2064-08-26,27.6,16.9,0.0
2064-08-27,28.2,14.914110969762202,0.0
2064-08-28,29.88973707842449,15.7,0.0
2064-08-29,27.6,15.887671413665242,0.0
2064-08-30,28.0,14.3,0.0
2064-08-31,30.8,14.4,0.0
2064-09-01,32.0,15.2,0.0
2064-09-02,30.4,17.909828545126775,0.0
2064-09-03,30.0,16.5,0.0
2064-09-04,31.1,16.0,0.0
2064-09-05,30.7,17.6,0.0
2064-09-06,29.0,17.0,0.0
2064-09-07,22.12500736290992,16.4,0.0
2064-09-08,24.133871578921635,14.2,0.0
2064-09-09,27.7,12.6,0.0
2064-09-10,30.3,14.0,0.0
2064-09-11,32.6,16.4,0.0
2064-09-12,35.59327466247902,18.2,0.0
2064-09-13,40.164794921875,19.6,0.0
2064-09-14,41.015625,20.5,0.0
2064-09-15,40.349609375,20.5,0.0
2064-09-16,34.4,20.5,0.0
2064-09-17,35.198035041755375,19.6,0.0
2064-09-18,36.0,19.6,0.0
2064-09-19,34.6,20.2,0.0
2064-09-20,34.9,19.6,0.0
2064-09-21,35.51137485212847,19.45622708359082,0.0
2064-09-22,34.4,20.2,0.0
2064-09-23,32.0,19.6,0.0
2064-09-24,30.7,18.9,0.0
2064-09-25,31.6,18.3,0.0
2064-09-26,32.7,19.0,0.0
2064-09-27,32.3,19.810579215000796,0.0
2064-09-28,30.1,18.9,0.0
2064-09-29,31.3203350945495,17.7,0.0
2064-09-30,33.4,18.8,0.0
2064-10-01,35.6,19.7,0.0
2064-10-02,38.71201171875,20.599419296357137,0.0
2064-10-03,40.55380859375,21.7,0.0
2064-10-04,40.238134765625,22.2108713793333,0.0
2064-10-05,38.0,21.9,0.0
2064-10-06,34.139445814090756,20.7,0.0
2064-10-07,33.8,20.2,0.0
2064-10-08,34.0,19.7,0.0
2064-10-09,35.0,19.4,0.0
2064-10-10,33.7,20.5,0.0
2064-10-11,31.8,19.7,0.0
2064-10-12,31.8,19.4,0.0
2064-10-13,32.0,19.1,0.0
2064-10-14,33.3,19.2,0.0
2064-10-15,38.553564453125,20.1,0.0
2064-10-16,39.8482421875,21.7,0.0
2064-10-17,38.311363137437894,24.520703125,0.0
2064-10-18,37.938967868057304,20.6,0.0
2064-10-19,34.9,22.0,0.0
2064-10-20,34.6,20.4,0.0
2064-10-21,35.2,21.0,0.0
2064-10-22,37.739681361328614,21.4,0.0
2064-10-23,38.993994140625,21.4,0.0
2064-10-24,40.0533203125,22.0,0.0
2064-10-25,39.3404296875,23.54701638945794,0.0
2064-10-26,39.097509765625,25.290234375,0.0
2064-10-27,38.038096793522314,23.729858810496708,0.0
2064-10-28,37.2,22.0,0.0
2064-10-29,35.8,21.9,0.0
2064-10-30,35.8,21.4,0.0
2064-10-31,35.7,21.68993684330852,0.0
2064-11-01,35.1,21.70489724834553,1.0
2064-11-02,38.328927448468576,20.7,0.0
2064-11-03,40.31005859375,20.9,0.0
2064-11-04,40.7392578125,22.3,0.0
2064-11-05,39.43944289736727,23.87199887126553,0.0
2064-11-06,36.56737465107982,22.3,0.0
2064-11-07,39.84619140625,22.864351071082574,0.0
2064-11-08,40.262451171875,23.616048434060737,0.0
2064-11-09,40.74365234375,26.470556640625,0.0
2064-11-10,37.486022615503146,23.00408237014619,0.1
2064-11-11,35.5,20.5,0.8098425196850393
2064-11-12,34.5,20.368111377657456,0.0
2064-11-13,33.4,20.848841558420514,0.0
2064-11-14,33.73357771260997,20.0,0.0
2064-11-15,35.5,19.8,0.0
2064-11-16,40.197265625,19.7,0.0
2064-11-17,40.122314453125,22.46711837109463,0.0
2064-11-18,37.818179638649184,22.79972719814375,0.0
2064-11-19,33.9,22.511691823031263,0.0
2064-11-20,31.6,20.830992339190896,0.0
2064-11-21,37.98974113632185,20.4,0.0
2064-11-22,36.8,22.3,0.0
2064-11-23,33.6,21.70112650419659,0.0
2064-11-24,36.2,22.9,0.0
2064-11-25,37.475603409421424,21.3,0.0
2064-11-26,39.872802734375,23.0,0.0
2064-11-27,36.4,24.060400390625,0.0
2064-11-28,37.51111725381272,23.779863420728983,0.0
2064-11-29,40.201904296875,23.71857951322925,0.0
2064-11-30,41.046142578125,23.399371863563413,0.0
2064-12-01,33.7,23.107421875,0.0
2064-12-02,34.665576171875,20.624796219790248,3.6
2064-12-03,31.1,20.514827835933502,0.0
2064-12-04,33.7,21.19129080764835,0.0
2064-12-05,35.679248046875,21.76734563454049,0.0
2064-12-06,33.7,21.08837118445332,0.0
2064-12-07,32.4,21.074481657504215,0.0
2064-12-08,32.4,20.8698245257371,5.293617021276596
2064-12-09,30.4,20.491275786734846,35.417819148936154
2064-12-10,30.5,20.681832189031933,10.2
2064-12-11,31.7,20.5583949402382,1.3
2064-12-12,32.9,20.396412476993717,25.0
2064-12-13,27.0,19.9,39.2304255319149
2064-12-14,25.1511858335245,19.6,48.73813829787233
2064-12-15,25.4,19.4,7.31191489361702
2064-12-16,28.303027120691006,19.9,47.418652482269415
2064-12-17,27.4,19.9,43.2
2064-12-18,28.9,19.9,41.81800000000001
2064-12-19,26.790632258795533,20.0,1.6
2064-12-20,27.2,20.0,13.6
2064-12-21,27.8,19.971084227086713,39.13021276595745
2064-12-22,24.683548433633327,19.6783661239716,24.902808510638295
2064-12-23,26.8,19.5,2.9
2064-12-24,28.6,19.7,0.0
2064-12-25,30.4,19.4,0.9
2064-12-26,32.09501666893098,18.7,0.0
2064-12-27,32.9,18.9,0.0
2064-12-28,33.1,19.4,0.0
2064-12-29,32.9,20.497194175187595,0.0
2064-12-30,32.822147034009234,20.5,0.0
2064-12-31,32.418355653118084,20.526982564248677,0.2
2065-01-01,32.6,20.0502050330818,18.0
2065-01-02,28.3,19.7,0.9
2065-01-03,29.2,20.12673264898108,18.966666666666665
2065-01-04,29.2,19.8,0.6
2065-01-05,30.2,21.08076171875,0.0
2065-01-06,29.4,20.233938587157734,2.9
2065-01-07,26.3,19.988948233960596,30.433333333333334
2065-01-08,26.9,19.944773491959783,4.0
2065-01-09,30.8,19.8,3.4
2065-01-10,28.9,19.89238709909875,4.6
2065-01-11,26.0,19.6472222000168,21.0
2065-01-12,25.6,19.823457744777127,29.166666666666668
2065-01-13,27.9,19.8,1.0
2065-01-14,29.2,19.860600771964254,39.12500000000001
2065-01-15,29.0,19.9,22.1
2065-01-16,27.8,19.8,17.950000000000003
2065-01-17,29.0,20.016127684845465,1.1
2065-01-18,30.0,19.8,1.7
2065-01-19,28.8,19.980965761553865,10.8
2065-01-20,28.1,19.99126922457885,5.0
2065-01-21,26.6,20.103023838273035,1.1
2065-01-22,29.2,19.972278315361226,10.633333333333333
2065-01-23,29.4,19.8,5.3
2065-01-24,30.0,19.6,18.9
2065-01-25,30.021192680301393,19.6,16.0
2065-01-26,31.530933152202067,19.6,5.3
2065-01-27,31.0,19.7,5.4
2065-01-28,28.7,19.8,41.492307692307705
2065-01-29,29.2,20.03961958054242,14.0
2065-01-30,29.1,19.981681581090342,6.4
2065-01-31,25.5,19.3,8.133333333333333
2065-02-01,29.0,18.21382815039547,26.690862598022505
2065-02-02,29.4,19.0,22.43003750426185
2065-02-03,29.0,19.2,6.931742243436754
2065-02-04,30.4,19.210894854274034,17.0
2065-02-05,28.8,19.4,23.06754176610979
2065-02-06,25.0,19.2,22.415103989089673
2065-02-07,27.4,19.2,17.8
2065-02-08,27.4,19.0,38.2076372315036
2065-02-09,28.8,18.0,0.0
2065-02-10,30.0,19.357650734897963,0.0
2065-02-11,30.5,19.2,9.510978520286399
2065-02-12,32.01026512800514,19.2,32.30623934538021
2065-02-13,33.14865861860024,19.2,45.37720763723159
2065-02-14,30.0,19.63517230159031,8.861097852028644
2065-02-15,30.0,19.570359804778178,1.4
2065-02-16,30.0,19.4,15.6
2065-02-17,30.0,19.2,9.8
2065-02-18,29.5,19.4,10.74606205250598
2065-02-19,27.2,19.378732795031663,15.145823389021484
2065-02-20,26.6,19.2,17.33293556085919
2065-02-21,25.2,19.19733988381732,18.821241050119337
2065-02-22,25.713869572620467,19.0,17.68281622911695
2065-02-23,27.9,17.680215041216226,0.0
2065-02-24,26.9,19.341944299784103,0.0
2065-02-25,29.9,18.4,0.0
2065-02-26,30.2,18.9,0.0
2065-02-27,29.2,19.58005293213113,0.0
2065-02-28,29.5,18.6,1.1
2065-03-01,30.9,17.8,0.0
2065-03-02,31.1,19.0,0.0
2065-03-03,31.3,19.4,1.4
2065-03-04,29.9,19.4,3.7270833333333346
2065-03-05,32.0,19.4,5.9
2065-03-06,31.7,18.8,0.0
2065-03-07,30.9,18.0,0.0
2065-03-08,29.5,17.6,0.0
2065-03-09,29.8,20.200528407309818,0.0
2065-03-10,29.9,18.8,0.0
2065-03-11,29.8,18.4,0.0
2065-03-12,29.8,18.6,0.0
2065-03-13,30.2,17.3,0.0
2065-03-14,30.6,16.4,0.0
2065-03-15,30.0,17.9,0.0
2065-03-16,30.5,17.8,0.0
2065-03-17,31.5,19.0,0.0
2065-03-18,31.9,19.9,7.0
2065-03-19,30.0,19.4,0.0
2065-03-20,29.2,17.6,0.0
2065-03-21,30.2,16.9,0.0
2065-03-22,30.2,20.239965780842393,0.0
2065-03-23,31.1,19.0,0.0
2065-03-24,32.0,19.4,0.0
2065-03-25,31.3,19.4,5.078906249999999
2065-03-26,32.1409793814433,18.60444074762697,0.0
2065-03-27,33.0,18.6,0.0
2065-03-28,33.34347826086956,19.8,0.0
2065-03-29,33.3,20.221154628226998,0.0
2065-03-30,32.9,19.9,16.254687500000003
2065-03-31,31.7,19.56925222783879,12.343750000000002
2065-04-01,29.56060606060606,19.270161711006786,11.024999999999997
2065-04-02,26.3,18.7,0.0
2065-04-03,30.2,19.02521712158809,0.0
2065-04-04,30.9,20.01833436066025,0.0
2065-04-05,32.0,19.20735524256651,0.0
2065-04-06,31.6,19.0,0.0
2065-04-07,31.17184466019417,19.7,0.0
2065-04-08,31.6,19.7,0.0
2065-04-09,31.1,19.0,0.0
2065-04-10,28.7,17.7,0.0
2065-04-11,29.2,17.79609756097561,0.0
2065-04-12,31.6,19.7,0.0
2065-04-13,34.05416098226466,22.773944091796874,0.0
2065-04-14,35.52197265625,21.792742919921874,0.0
2065-04-15,32.477300613496936,19.7,0.0
2065-04-16,32.0,19.0,0.0
2065-04-17,29.4,19.7,0.0
2065-04-18,32.57088607594937,18.91327272727273,0.0
2065-04-19,31.1,18.6,0.0
2065-04-20,30.3,16.4,0.0
2065-04-21,30.5,15.5,0.0
2065-04-22,31.6,13.6,0.0
2065-04-23,31.4,14.357843137254902,0.0
2065-04-24,29.4,16.6,0.0
2065-04-25,29.2,15.60864197530864,0.0
2065-04-26,31.2,13.7,0.0
2065-04-27,30.2,17.609259259259264,0.0
2065-04-28,29.0,17.4,0.0
2065-04-29,29.008,17.1,0.0
2065-04-30,31.6,18.7,0.0
2065-05-01,31.79983008477968,20.093994140625,0.0
2065-05-02,31.224975814473137,22.093017578125,0.0
2065-05-03,30.7,19.673828125,0.0
2065-05-04,30.4,19.68701171875,0.0
2065-05-05,30.0,15.9,0.0
2065-05-06,30.0,15.0,0.0
2065-05-07,30.5,13.607702427939229,0.0
2065-05-08,31.0,12.079284774548487,0.0
2065-05-09,31.811919864067818,10.9,0.0
2065-05-10,30.1,12.6,0.0
2065-05-11,29.4,14.5,0.0
2065-05-12,29.86846418278411,14.5,0.0
2065-05-13,30.4,15.6,0.0
2065-05-14,29.93728481017489,14.4,0.0
2065-05-15,29.6,14.4,0.0
2065-05-16,28.1,13.9,0.0
2065-05-17,27.8,13.8,0.0
2065-05-18,28.0,12.3,0.0
2065-05-19,28.7,11.6,0.0
2065-05-20,29.1,13.0,0.0
2065-05-21,29.9,13.1,0.0
2065-05-22,30.7,13.341485468245411,0.0
2065-05-23,31.071763567739918,14.4,0.0
2065-05-24,32.0,16.32989399696318,0.0
2065-05-25,31.0,20.494384765625,0.0
2065-05-26,30.2,14.9,0.0
2065-05-27,30.0,14.5,0.0
2065-05-28,28.1,20.693359375,0.0
2065-05-29,30.0,19.61279296875,0.0
2065-05-30,29.310017158874114,17.993682416582647,0.0
2065-05-31,29.6,14.9,0.0
2065-06-01,29.3,13.7,0.0
2065-06-02,28.2,14.568738026819931,0.0
2065-06-03,25.81286318131257,14.0667776652048,0.0
2065-06-04,26.981859153849108,13.5,0.0
2065-06-05,28.5,13.2,0.0
2065-06-06,30.5,13.364776177735033,0.0
2065-06-07,28.0,15.038161175252204,0.0
2065-06-08,28.6,12.9,0.0
2065-06-09,30.5,12.7,0.0
2065-06-10,30.720232287892802,13.7,0.0
2065-06-11,30.4,14.0,0.0
2065-06-12,27.2,14.4,0.0
2065-06-13,27.6,13.7,0.0
2065-06-14,28.5,13.4,0.0
2065-06-15,30.4,13.358695848239792,0.0
2065-06-16,30.4,14.016338040143692,0.0
2065-06-17,26.3,16.353406837878484,0.0
2065-06-18,23.6,14.7,0.0
2065-06-19,26.9,12.6,0.0
2065-06-20,30.1,13.8,0.0
2065-06-21,32.238623046875,16.111515512405088,0.0
2065-06-22,31.08080340247334,16.4,0.0
2065-06-23,30.482758141229727,16.4,0.0
2065-06-24,30.5,14.366695699624328,0.0
2065-06-25,29.37120973658676,15.462563278926709,0.0
2065-06-26,29.38237906184177,14.2,0.0
2065-06-27,30.5,14.0,0.0
2065-06-28,29.240711334589463,16.4,0.0
2065-06-29,22.9,14.3,0.0
2065-06-30,24.1,12.9,0.0
2065-07-01,23.0,10.9,0.0
2065-07-02,23.7,10.0,0.0
2065-07-03,24.0,10.9,0.0
2065-07-04,23.7,10.4,0.0
2065-07-05,24.4,9.6,0.0
2065-07-06,23.7,10.5,0.0
2065-07-07,23.2,10.6,0.0
2065-07-08,24.4,10.6,0.0
2065-07-09,27.2,11.2,0.0
2065-07-10,28.2,11.0,0.0
2065-07-11,28.5,9.2,0.0
2065-07-12,22.0,13.5,0.0
2065-07-13,21.2,10.4,0.0
2065-07-14,22.7,8.4,0.0
2065-07-15,26.6,9.5,0.0
2065-07-16,29.0,11.4,0.0
2065-07-17,31.177864217076664,15.0,0.0
2065-07-18,31.03078042482532,14.6,0.0
2065-07-19,29.4,15.2,0.0
2065-07-20,29.066583317875825,15.05252421959095,0.0
2065-07-21,29.02112322232656,15.2,0.0
2065-07-22,30.5390289502011,15.2,0.0
2065-07-23,31.137842963550785,15.2,0.0
2065-07-24,28.0,15.955169549424639,0.0
2065-07-25,26.903692610099668,15.0,0.0
2065-07-26,27.1,14.2,0.0
2065-07-27,26.9,13.351723478052868,0.0
2065-07-28,26.6,12.460086114101179,0.0
2065-07-29,27.4,11.9,0.0
2065-07-30,28.6,11.98939278970866,0.0
2065-07-31,28.8,13.397590029537955,0.0
2065-08-01,28.0,13.4,0.0
2065-08-02,28.2,13.4,0.0
2065-08-03,27.1,14.0,0.0
2065-08-04,27.257182155244582,13.5,0.0
2065-08-05,29.233207750269102,13.7,0.0
2065-08-06,28.2,15.740641100051388,0.0
2065-08-07,26.5,14.5,0.0
2065-08-08,26.0,13.5,0.0
2065-08-09,24.7,13.0,0.0
2065-08-10,24.7,12.6,0.0
2065-08-11,26.3,11.6,0.0
2065-08-12,28.7,12.9,0.0
2065-08-13,30.8,14.5,0.0
2065-08-14,29.859532831001072,16.170441096884318,0.0
2065-08-15,28.1,15.9,0.0
2065-08-16,28.3,14.5,0.0
2065-08-17,31.0,13.9,0.0
2065-08-18,35.070656322048855,14.37372303084194,0.0
2065-08-19,33.10671200270936,15.2,0.0
2065-08-20,30.0,16.9,0.0
2065-08-21,30.692166394666483,15.605290351821427,0.0
2065-08-22,31.8,14.75554667076733,0.0
2065-08-23,33.1,15.0,0.0
2065-08-24,35.755988319471406,15.4,0.0
2065-08-25,37.27263255127914,16.129319234726346,0.0
2065-08-26,37.53271484375,18.3,0.0
2065-08-27,38.28271484375,19.088902863751546,0.0
2065-08-28,38.494384765625,19.223108838753436,0.0
2065-08-29,38.84912109375,19.13431000900395,0.0
2065-08-30,37.60009765625,19.0,0.0
2065-08-31,33.1,18.52947025857514,0.0
2065-09-01,31.7,18.2,0.0
2065-09-02,31.0,17.4,0.0
2065-09-03,30.3,16.9,0.0
2065-09-04,32.0,16.4,0.0
2065-09-05,32.3,18.2,0.0
2065-09-06,30.7,17.9,0.0
2065-09-07,31.6,16.4,0.0
2065-09-08,33.2,16.2,0.0
2065-09-09,34.4,18.1,0.0
2065-09-10,34.6,19.0,0.0
2065-09-11,31.8,18.993213536231554,0.0
2065-09-12,31.6,17.9838456522573,0.0
2065-09-13,32.0,18.0,0.0
2065-09-14,34.2,19.087223899570958,0.0
2065-09-15,36.18598061984794,20.10790416804947,0.0
2065-09-16,40.188720703125,20.5,0.0
2065-09-17,36.0,21.2,0.0
2065-09-18,34.58755220685458,20.1,0.0
2065-09-19,34.6059129709339,19.0,0.0
2065-09-20,39.0859375,19.6,0.0
2065-09-21,40.48681640625,20.5,0.0
2065-09-22,41.038818359375,20.5,0.0
2065-09-23,41.997314453125,21.295044165663274,0.0
2065-09-24,35.47822933771211,21.533306160475135,0.0
2065-09-25,34.2,20.0,0.0
2065-09-26,35.1,19.6,0.0
2065-09-27,35.2,19.50038137613221,0.0
2065-09-28,36.108952566923506,19.4,0.0
2065-09-29,36.10611418743183,19.6,0.0
2065-09-30,35.46561064752552,20.17429615597823,0.0
2065-10-01,37.70011011716957,20.0,0.0
2065-10-02,37.69534249739136,20.1,0.0
2065-10-03,35.8,20.2,0.0
2065-10-04,35.6,20.0,0.0
2065-10-05,37.9790158741942,19.4,0.0
2065-10-06,38.052808305980726,20.57035720355786,0.0
2065-10-07,39.1080078125,20.8,0.0
2065-10-08,40.27939453125,21.966722305733505,0.0
2065-10-09,40.028662109375,23.0,0.0
2065-10-10,39.805517578125,23.0,0.0
2065-10-11,38.01950830603658,24.087353515625,0.0
2065-10-12,30.6,20.3,0.0
2065-10-13,27.08102194591507,19.4,0.0
2065-10-14,33.1,20.0,0.0
2065-10-15,35.7,21.386291809374683,0.0
2065-10-16,38.84921875,21.9,0.0
2065-10-17,39.0171875,23.73982568164953,0.0
2065-10-18,38.303271805585716,20.7,3.270810810810812
2065-10-19,33.9,20.6,0.0
2065-10-20,34.0,21.4,0.0
2065-10-21,36.0,20.7,0.0
2065-10-22,35.41566385806019,21.9,0.0
2065-10-23,36.0,21.045507776251803,0.0
2065-10-24,38.63388671875,20.7,0.0
2065-10-25,39.368017578125,21.87029573663776,0.0
2065-10-26,39.49716796875,22.2,0.0
2065-10-27,41.64072265625,22.478110103029334,0.0
2065-10-28,42.597998046875,22.622661915724454,0.0
2065-10-29,39.9,23.77185824615674,0.0
2065-10-30,38.56015625,22.0,0.0
2065-10-31,38.757177734375,22.1,0.0
2065-11-01,39.502685546875,22.70977959421985,0.0
2065-11-02,40.7353515625,22.0,0.0
2065-11-03,42.3671875,22.73891755042056,0.0
2065-11-04,42.8125,23.520811062077563,0.0
2065-11-05,41.896484375,24.764990234375,0.0
2065-11-06,40.240966796875,25.838720703125,0.0
2065-11-07,38.532182569481456,21.7,0.0
2065-11-08,33.4,21.9,0.0
2065-11-09,34.7,21.7,0.0
2065-11-10,34.9,20.4,0.0
2065-11-11,37.15547075853228,20.007792391169623,0.0
2065-11-12,40.01708984375,20.5,0.0
2065-11-13,41.2265625,20.677245672579676,0.0
2065-11-14,42.5048828125,21.838044917633354,0.0
2065-11-15,42.444580078125,23.00976719761947,0.0
2065-11-16,34.4,20.46591389617322,0.0
2065-11-17,37.9940851215482,21.7,0.0
2065-11-18,40.97607421875,22.487442429565043,0.0
2065-11-19,40.517333984375,23.52433216209809,0.0
2065-11-20,41.171142578125,23.73654131511957,0.0
2065-11-21,31.5,21.7,0.0
2065-11-22,32.1,21.0,4.5
2065-11-23,31.0,20.0,13.147244094488189
2065-11-24,29.9,21.3,1.9
2065-11-25,32.0,19.9,22.486811023622053
2065-11-26,26.0,19.5,5.8
2065-11-27,27.5,19.3,0.0
2065-11-28,28.3,17.5,0.0
2065-11-29,29.9,16.4,0.0
2065-11-30,26.0,18.7,0.0
2065-12-01,31.2,20.0,5.0
2065-12-02,33.13851120055089,20.5,7.0
2065-12-03,30.8,20.082691147519515,0.0
2065-12-04,30.5,19.9,0.0
2065-12-05,31.1,19.0,0.0
2065-12-06,33.1,18.5,0.0
2065-12-07,32.4,19.671379590377395,0.0
2065-12-08,24.4,18.0,1.039308510638298
2065-12-09,29.0,17.4,0.0
2065-12-10,32.9,17.0,0.0
2065-12-11,33.68516867005392,19.4,0.0
2065-12-12,33.7,20.1,0.0
2065-12-13,33.685607945932716,20.5,2.4
2065-12-14,33.1,20.981111639068725,0.0
2065-12-15,33.7,20.968882285955353,0.0
2065-12-16,33.7,20.505724450872453,0.0
2065-12-17,32.069646451451064,20.35560078995306,2.0
2065-12-18,30.5,20.17472919856236,0.0
2065-12-19,33.7,19.5,0.0
2065-12-20,34.118363179697944,20.5,0.0
2065-12-21,33.7,20.901234653733546,0.0
2065-12-22,33.7,19.99741003996286,0.0
2065-12-23,34.170525274271235,19.9,0.0
2065-12-24,34.86357421875,20.5,0.0
2065-12-25,35.01884765625,20.530742933321182,0.0
2065-12-26,36.59794921875,20.853926366689713,0.0
2065-12-27,38.982470703125,23.6806640625,0.0
2065-12-28,35.744921875,20.591135413375213,3.6
2065-12-29,32.17986444777508,20.50445833333962,12.335106382978728
2065-12-30,33.659970208279496,20.604555734887093,0.8
2065-12-31,30.5,20.5,4.229601063829786
2066-01-01,32.0225047754749,21.0392578125,0.0
2066-01-02,32.2,22.159130859375,0.0
2066-01-03,36.8634765625,19.8,0.0
2066-01-04,38.39765625,19.5,0.0
2066-01-05,40.28291015625,21.8313720703125,0.0
2066-01-06,40.057080078125,26.991436767578126,0.0
2066-01-07,37.355419921875,22.585400390625,19.0
2066-01-08,27.7,21.08076171875,40.66153846153845
2066-01-09,29.961225010422037,19.870392535276586,0.5
2066-01-10,30.8,19.6,0.0
2066-01-11,32.15929079852794,18.4,0.0
2066-01-12,37.415478515625,18.643128190131293,0.0
2066-01-13,38.016552734375,19.8,0.0
2066-01-14,38.682080078125,20.946057128906254,0.0
2066-01-15,39.133251953125,20.104726621109812,0.0
2066-01-16,39.423046875,21.636486816406254,0.0
2066-01-17,33.93472025062955,21.4402587890625,7.2
2066-01-18,32.2,19.955706008516827,0.0
2066-01-19,32.744206733644276,19.85858337349287,0.0
2066-01-20,37.26826171875,19.8,0.0
2066-01-21,38.009228515625,23.482373046875,0.0
2066-01-22,37.4005859375,21.51044921875,0.0
2066-01-23,38.61298828125,20.126819414985473,0.0
2066-01-24,39.891064453125,21.715283203125,0.0
2066-01-25,41.071484375,21.714794921875,0.0
2066-01-26,41.390576171875,22.387646484375,0.0
2066-01-27,38.70478515625,27.134716796875,0.0
2066-01-28,32.6,23.75458984375,6.2
2066-01-29,41.124951171875,21.8634765625,0.0
2066-01-30,42.6798828125,19.8,0.0
2066-01-31,44.127880859375,22.8166015625,0.9
2066-02-01,39.78294677734375,23.823193359375,1.6
2066-02-02,37.81566162109375,20.175907793314806,4.0
2066-02-03,36.48631591796875,19.64763057988599,5.213126491646777
2066-02-04,29.0,19.0,55.89876328921686
2066-02-05,23.262264874714013,18.2,82.62525544451078
2066-02-06,24.4,17.9,3.0
2066-02-07,28.4710552855964,18.3,0.0
2066-02-08,31.6,19.0,1.4
2066-02-09,32.0,19.20367351316097,0.0
2066-02-10,30.6,19.436203647243524,1.0
2066-02-11,30.0,19.549879773055792,2.3
2066-02-12,30.0,19.0,0.0
2066-02-13,30.4,17.7,0.0
2066-02-14,30.0,19.0822196451517,0.0
2066-02-15,31.18410727487084,18.6,0.0
2066-02-16,32.8,18.3,0.0
2066-02-17,33.943715146452924,19.7,0.0
2066-02-18,32.8,19.582014187471035,2.8
2066-02-19,32.0,19.2,6.4
2066-02-20,31.7,19.2,3.5529832935560877
2066-02-21,31.8,19.0,0.0
2066-02-22,31.6,19.5,0.0
2066-02-23,31.6,18.9,0.0
2066-02-24,32.44458193567557,19.544599470217605,0.0
2066-02-25,31.7,19.88952939660377,0.0
2066-02-26,31.9,19.4,0.0
2066-02-27,35.97679443359375,19.0,0.0
2066-02-28,36.79710693359375,19.39095558488126,0.4
2066-03-01,33.3,19.908804750710264,7.2
2066-03-02,32.5,19.4,0.0
2066-03-03,33.0,19.857955141645384,0.0
2066-03-04,33.0021897810219,19.820934331883954,0.0
2066-03-05,32.441455696202524,19.9,16.4
2066-03-06,32.5,19.4,2.520312500000001
2066-03-07,32.6,19.4,0.0
2066-03-08,33.0,18.5,0.0
2066-03-09,33.6535929786067,18.5,0.0
2066-03-10,34.44742346701403,19.4,0.0
2066-03-11,34.34273192518841,19.641276905338298,0.0
2066-03-12,34.86726156136597,19.6,0.0
2066-03-13,35.445440673828124,20.3,0.0
2066-03-14,33.6450356555129,20.240841514605236,5.4
2066-03-15,32.9,19.9,0.0
2066-03-16,33.0,20.04222093062651,0.0
2066-03-17,33.2,19.9,0.0
2066-03-18,34.48184423560062,20.26843446668608,0.0
2066-03-19,34.76376104959523,24.407568359375,0.2
2066-03-20,33.2,22.169775390625,0.0
2066-03-21,33.52387218045112,20.20816050043857,2.4
2066-03-22,33.2,19.624299152899336,0.0
2066-03-23,33.3,19.9,0.0
2066-03-24,34.1962352284358,19.9,0.0
2066-03-25,33.68628634119583,23.997900390625,0.0
2066-03-26,33.34184782608696,22.114111328125,0.0
2066-03-27,33.60438837081733,19.9,0.0
2066-03-28,34.3941844235601,24.921240234375,0.0
2066-03-29,32.9,20.3,18.4
2066-03-30,27.6,19.9,2.2085937500000017
2066-03-31,31.7,19.41462994438679,0.0
2066-04-01,32.44386503067484,19.68144329896907,0.0
2066-04-02,32.839062500000004,19.7,0.0
2066-04-03,33.478181818181824,19.1675799086758,0.0
2066-04-04,32.49325153374234,18.7,0.0
2066-04-05,34.16282973621103,18.3,0.0
2066-04-06,36.354736328125,16.9,0.0
2066-04-07,37.27587890625,19.7,6.633333333333334
2066-04-08,25.0,19.7,0.0
2066-04-09,25.8,19.4,11.875000000000004
2066-04-10,27.1,19.4,0.0
2066-04-11,28.6,18.2,0.0
2066-04-12,27.5,18.6,0.0
2066-04-13,28.203333333333337,16.4,0.0
2066-04-14,29.2,15.1,0.0
2066-04-15,30.0,16.1,0.0
2066-04-16,31.7,16.0,0.0
2066-04-17,35.49038290293857,16.3,0.0
2066-04-18,35.794189453125,17.3,0.0
2066-04-19,32.218263473053895,18.6,0.0
2066-04-20,30.5,18.6,0.0
2066-04-21,31.7,17.8,0.0
2066-04-22,32.0,18.0,0.0
2066-04-23,26.1,18.7,0.0
2066-04-24,25.006766917293234,18.6,1.4
2066-04-25,28.9,19.0,0.0
2066-04-26,31.57010676156584,18.3,0.0
2066-04-27,31.8,18.37644628099174,0.0
2066-04-28,30.645294117647058,18.1,0.0
2066-04-29,30.5,16.7,0.0
2066-04-30,24.4,19.133789954337903,1.4
2066-05-01,30.7,20.197021484375,0.0
2066-05-02,29.3,20.162109375,0.0
2066-05-03,32.05209648847713,18.317731554475618,0.0
2066-05-04,33.174238989771894,19.84716796875,0.0
2066-05-05,30.7,18.420404307491484,0.0
2066-05-06,30.0,17.914599445006935,0.0
2066-05-07,30.3,16.027601418505274,0.0
2066-05-08,30.0,18.365587411619128,0.0
2066-05-09,28.6,18.167249659131667,0.0
2066-05-10,27.6,20.432373046875,0.0
2066-05-11,31.177922361052435,20.4658203125,0.0
2066-05-12,33.990185546875,20.53759765625,0.0
2066-05-13,34.18818359375,21.63037109375,0.0
2066-05-14,31.047890307692843,21.061767578125,0.0
2066-05-15,29.7,20.68896484375,0.0
2066-05-16,30.0,16.7,0.0
2066-05-17,29.6,14.6168311842979,0.0
2066-05-18,30.7,12.4,0.0
2066-05-19,24.7,17.955954760418088,2.2323076923076925
2066-05-20,27.0,18.149265590240383,0.0
2066-05-21,29.8,18.18823107283816,0.0
2066-05-22,26.2,19.524169921875,0.0
2066-05-23,26.4,17.8,0.0
2066-05-24,25.0,14.8,0.0
2066-05-25,27.9,15.1,0.0
2066-05-26,28.6,12.9,0.0
2066-05-27,28.332280973509402,13.8,0.0
2066-05-28,25.0,13.7,0.0
2066-05-29,28.6,15.9,0.0
2066-05-30,28.1,13.169908778766892,0.0
2066-05-31,27.5,14.588010661745844,0.0
2066-06-01,27.2,16.13425726652804,0.0
2066-06-02,26.84986550712914,14.379939345604132,0.0
2066-06-03,25.7,13.2,0.0
2066-06-04,25.6,13.7,0.0
2066-06-05,26.3,12.0,0.0
2066-06-06,27.71375212224109,13.5,0.0
2066-06-07,29.2,15.467613675058464,0.0
2066-06-08,28.431464912704943,16.363295725409195,0.0
2066-06-09,27.0,15.9,0.0
2066-06-10,26.0,13.539205053545333,0.0
2066-06-11,25.5,12.7,0.0
2066-06-12,25.9,11.4,0.0
2066-06-13,25.5,11.8,0.0
2066-06-14,25.1,11.3,0.0
2066-06-15,25.0,11.7,0.0
2066-06-16,24.9,11.8,0.0
2066-06-17,25.0,12.9,0.0
2066-06-18,26.3,11.7,0.0
2066-06-19,27.2,12.9,0.0
2066-06-20,27.0,14.4,0.0
2066-06-21,26.4,13.2,0.0
2066-06-22,25.7,12.7,0.0
2066-06-23,27.45390890162859,13.0,0.0
2066-06-24,29.775486930718973,13.359911914138841,0.0
2066-06-25,29.5,14.2,0.0
2066-06-26,29.3,13.7,0.0
2066-06-27,26.0,14.56092649239897,0.0
2066-06-28,23.0,13.0,0.0
2066-06-29,24.6,12.7,0.0
2066-06-30,25.3,11.9,0.0
2066-07-01,23.7,11.2,0.0
2066-07-02,24.8,11.0,0.0
2066-07-03,25.7,12.581138619782317,0.0
2066-07-04,28.2,13.0,0.0
2066-07-05,29.47405084293078,13.396737051000157,0.0
2066-07-06,30.502318938244123,14.0,0.0
2066-07-07,29.043030176449186,15.108477672309748,0.0
2066-07-08,26.2,15.0,0.0
2066-07-09,28.247093649085024,13.1,0.0
2066-07-10,31.117406578771607,14.2,0.0
2066-07-11,31.156576316265024,15.368686223022216,0.0
2066-07-12,29.2,15.2,0.0
2066-07-13,28.7,14.4,0.0
2066-07-14,27.3,14.2,0.0
2066-07-15,27.19418895421047,11.5,0.0
2066-07-16,28.51833978723106,12.0,0.0
2066-07-17,29.3328234394043,11.1,0.0
2066-07-18,29.0,13.4,0.0
2066-07-19,27.6,12.7,0.0
2066-07-20,25.4,14.075349838536043,0.0
2066-07-21,26.1,12.8,0.0
2066-07-22,27.4,13.5,0.0
2066-07-23,28.5,14.6,0.0
2066-07-24,30.956064762349644,14.6,0.0
2066-07-25,31.162593696227784,15.2,0.0
2066-07-26,31.161571876988823,15.2,0.0
2066-07-27,30.001410384660723,16.973291015625,0.0
2066-07-28,22.9,16.0,0.0
2066-07-29,22.6,13.4,0.0
2066-07-30,21.4,10.4,0.0
2066-07-31,22.7,8.4,0.0
2066-08-01,25.2,7.2,0.0
2066-08-02,26.9,8.5,0.0
2066-08-03,28.7,10.2,0.0
2066-08-04,30.92895586652314,11.6,0.0
2066-08-05,34.81938945400228,12.4,0.0
2066-08-06,32.533731284861524,11.8,0.0
2066-08-07,28.0,16.0,0.0
2066-08-08,30.0,14.248054743964323,0.0
2066-08-09,29.1,15.6,0.0
2066-08-10,25.5,14.5,0.0
2066-08-11,27.4,12.2,0.0
2066-08-12,30.9,13.2,0.0
2066-08-13,36.026633095079276,14.3,0.0
2066-08-14,37.80859375,15.0,0.0
2066-08-15,32.5,17.0,0.0
2066-08-16,27.7,16.2,0.0
2066-08-17,25.9,15.208059217424118,0.0
2066-08-18,25.28950484391819,13.0,0.0
2066-08-19,27.6,12.8,0.0
2066-08-20,31.4,14.1,0.0
2066-08-21,33.045006327945195,15.2,0.0
2066-08-22,32.6,16.3,0.0
2066-08-23,29.8093240043057,17.13015725183695,0.0
2066-08-24,29.2,15.2,0.0
2066-08-25,30.801500845763485,14.2,0.0
2066-08-26,31.9,14.7,0.0
2066-08-27,36.25012496228764,15.8,0.0
2066-08-28,38.103271484375,16.14854504041059,0.0
2066-08-29,40.4267578125,16.0,0.0
2066-08-30,40.713623046875,16.9,0.0
2066-08-31,39.707275390625,19.22998511662456,0.0
2066-09-01,30.1,18.555213647347625,0.0
2066-09-02,27.0,16.480572430906136,0.0
2066-09-03,29.0,14.7,0.0
2066-09-04,31.6,16.9,0.0
2066-09-05,33.5,18.4,0.0
2066-09-06,31.6,19.6,0.0
2066-09-07,28.4,16.9,0.0
2066-09-08,29.0,14.9,0.0
2066-09-09,30.7,14.5,0.0
2066-09-10,33.1,16.3,0.0
2066-09-11,35.1,18.0,0.0
2066-09-12,32.0,19.491191066997526,0.0
2066-09-13,30.0,17.2,0.0
2066-09-14,31.3,16.7,0.0
2066-09-15,33.4,17.8,0.0
2066-09-16,33.5,19.6,0.0
2066-09-17,33.1,19.4,0.0
2066-09-18,33.1,18.9,0.0
2066-09-19,33.7,18.5,0.0
2066-09-20,36.06336819228719,18.4,0.0
2066-09-21,40.44970703125,20.0,0.0
2066-09-22,41.13623046875,20.545869484612542,0.0
2066-09-23,41.613525390625,20.955807051634146,0.0
2066-09-24,40.915771484375,21.472011621416495,0.0
2066-09-25,40.328369140625,21.2,0.0
2066-09-26,40.62158203125,20.5,0.0
2066-09-27,40.26611328125,20.34403502406121,0.0
2066-09-28,32.7,19.6,0.0
2066-09-29,30.3,17.7,0.0
2066-09-30,31.6,18.5,0.0
2066-10-01,34.0,18.0,0.0
2066-10-02,38.812841796875,19.2,0.0
2066-10-03,39.824560546875,21.4,0.0
2066-10-04,33.8,20.8,0.0
2066-10-05,31.2,18.4,0.0
2066-10-06,33.3,18.1,0.0
2066-10-07,36.0,19.7,0.0
2066-10-08,37.173811322101216,20.2,0.0
2066-10-09,34.7,19.7,0.0
2066-10-10,33.5,19.4,0.0
2066-10-11,35.7,19.0,0.0
2066-10-12,38.0,19.9,0.0
2066-10-13,39.837744140625,20.7,0.0
2066-10-14,39.1880859375,23.0,0.0
2066-10-15,36.4,21.9,0.0
2066-10-16,36.6,21.0,0.0
2066-10-17,39.249365234375,21.6,0.0
2066-10-18,39.896826171875,24.2638671875,0.0
2066-10-19,39.147314453125,26.59931640625,0.0
2066-10-20,38.61240234375,23.783477379372325,0.0
2066-10-21,38.949560546875,23.0,0.0
2066-10-22,38.654150390625,23.424089012372374,0.0
2066-10-23,38.0,22.0,0.0
2066-10-24,38.0,20.7,0.0
2066-10-25,38.858251953125,21.064548457740987,0.0
2066-10-26,38.5982421875,22.21284734031548,0.0
2066-10-27,39.586279296875,22.0,0.0
2066-10-28,40.529150390625,22.923714723639243,0.0
2066-10-29,39.292578125,23.67338301677138,0.0
2066-10-30,38.81796875,23.528802736206096,0.0
2066-10-31,38.0,23.49391415174742,0.0
2066-11-01,37.492534619304216,23.694518663089116,0.0
2066-11-02,39.89111328125,23.3,0.0
2066-11-03,41.728759765625,25.62021484375,0.0
2066-11-04,37.44862510795983,23.68563207732308,0.0
2066-11-05,37.47151014988932,21.9,0.0
2066-11-06,40.763427734375,21.9,0.0
2066-11-07,42.05078125,22.448370811918554,0.0
2066-11-08,41.041748046875,23.129743619965282,0.0
2066-11-09,41.94384765625,23.3,0.0
2066-11-10,40.96923828125,23.425355781232724,0.0
2066-11-11,37.2220750328648,21.9,0.0
2066-11-12,35.25471709306637,21.5,0.0
2066-11-13,39.38292293491004,22.9,0.0
2066-11-14,38.82060698189181,22.9,0.0
2066-11-15,39.02823133377546,22.47904863602485,0.0
2066-11-16,39.707275390625,21.9,0.0
2066-11-17,40.363037109375,21.9,0.0
2066-11-18,41.25537109375,21.9,0.0
2066-11-19,41.57763671875,23.771982863540224,0.0
2066-11-20,40.681884765625,25.90048828125,0.0
2066-11-21,40.49169921875,24.7662109375,0.0
2066-11-22,41.71337890625,24.9830078125,0.0
2066-11-23,41.66650390625,25.657568359375,0.0
2066-11-24,40.58837890625,23.647486827100973,0.0
2066-11-25,39.8681640625,23.730148841868065,0.0
2066-11-26,35.2,20.3,5.0
2066-11-27,34.2,20.0,3.8
2066-11-28,32.6,19.9,7.060236220472443
2066-11-29,30.9,19.9,5.654330708661419
2066-11-30,29.6,19.5,1.4
2066-12-01,29.16231216361679,20.1,3.4
2066-12-02,28.3,20.2,7.6
2066-12-03,30.0,20.547708908261104,30.216063829787235
2066-12-04,32.4,20.294038351180067,30.241117021276587
2066-12-05,32.1,20.49797980197336,5.8
2066-12-06,30.7,20.172601317951543,18.43170212765959
2066-12-07,33.1,20.592785452905364,18.928404255319155
2066-12-08,31.7,20.578595112946086,18.811489361702133
2066-12-09,26.9,20.1,30.366666666666667
2066-12-10,28.9,20.5,18.903351063829792
2066-12-11,31.1,20.3,25.0
2066-12-12,31.0,19.9,0.10063829787234044
2066-12-13,30.8,20.0681103410007,0.0
2066-12-14,31.575620482854056,20.174401832314537,0.0
2066-12-15,32.4,20.5,0.0
2066-12-16,32.40123906534234,19.97437495369623,0.0
2066-12-17,33.1,18.3,0.0
2066-12-18,31.4,19.9,6.6
2066-12-19,25.4,19.9,83.54102628285402
2066-12-20,28.2,20.291719276071138,9.9
2066-12-21,30.0,20.066444321072332,1.4872340425531907
2066-12-22,29.9,20.193552757811897,2.531489361702129
2066-12-23,29.529412271259414,20.193716440935805,5.0
2066-12-24,30.01747501153313,20.182913354757805,59.91810827891308
2066-12-25,28.3,20.0,1.0
2066-12-26,26.7,19.8,0.7085106382978724
2066-12-27,28.7,19.0,0.0
2066-12-28,30.5,17.8,0.0
2066-12-29,31.2,19.0,0.0
2066-12-30,29.5,19.9,0.0
2066-12-31,28.7,18.7,0.0
2067-01-01,29.6,17.7,0.0
2067-01-02,30.9,17.9,0.0
2067-01-03,30.9,18.4,0.0
2067-01-04,31.8,20.142068540262457,0.0
2067-01-05,31.9,20.92069702148438,0.0
2067-01-06,32.6,21.95185546875,0.0
2067-01-07,32.6,23.298992919921876,0.9
2067-01-08,31.125889951244215,20.86439208984375,11.0
2067-01-09,29.628842841765337,20.14382555185199,12.4
2067-01-10,31.0,19.646595805383225,0.9
2067-01-11,29.8,20.078772740037387,16.650000000000002
2067-01-12,30.0,19.920742661391177,2.9
2067-01-13,31.6,20.99476318359375,1.0
2067-01-14,31.7,19.962289379102266,6.2
2067-01-15,31.2,20.03611640311393,23.228571428571428
2067-01-16,30.3021283024569,20.072200215202493,30.73333333333334
2067-01-17,28.8,20.152990211068957,40.4
2067-01-18,30.2,20.020129766799375,17.5
2067-01-19,29.7,19.7,5.0
2067-01-20,30.7,20.883801269531254,0.8
2067-01-21,31.2,19.972213240857894,1.1
2067-01-22,31.9,20.032287853168864,2.8
2067-01-23,31.2,19.93612942876933,6.4
2067-01-24,28.6,19.980098101509657,12.4
2067-01-25,28.0,19.8,1.6
2067-01-26,30.24580311613617,19.5,27.0
2067-01-27,30.2,19.80092982725921,1.8
2067-01-28,31.997633249875605,19.65192015976866,1.1
2067-01-29,31.80953879274654,21.974560546875,1.7
2067-01-30,31.608945144144773,20.626577199663476,9.4
2067-01-31,31.6,21.33851318359375,23.285714285714285
2067-02-01,24.9,19.2,24.80596658711218
2067-02-02,26.1,19.2,0.22720763723150364
2067-02-03,29.3,19.1,13.386055233549278
2067-02-04,29.6,19.5,32.30623934538021
2067-02-05,27.7,19.22827956436102,4.025536992840097
2067-02-06,27.7,19.49245092846118,0.8
2067-02-07,30.0,19.54716418873901,12.533412887828185
2067-02-08,30.0,19.0,30.254415274463046
2067-02-09,30.3,17.8,0.0
2067-02-10,31.0,18.27887754573249,0.0
2067-02-11,31.8,18.5,0.0
2067-02-12,32.0,19.16813216519421,0.0
2067-02-13,26.0,19.185514896520512,82.16523717183784
2067-02-14,25.3,19.2,17.68281622911695
2067-02-15,26.0,19.0,10.49260143198091
2067-02-16,32.017229200881005,18.8,1.4
2067-02-17,32.633277585100366,19.0,0.8
2067-02-18,30.8,19.686265899400603,1.821718377088306
2067-02-19,31.0,19.442402804623566,0.0
2067-02-20,30.9,19.2,0.0
2067-02-21,29.6,19.4295030224159,0.0
2067-02-22,27.0,19.10703510726079,1.821718377088306
2067-02-23,29.5,18.6,1.0
2067-02-24,24.0,19.0,60.04564609614744
2067-02-25,27.6,19.2,17.33293556085919
2067-02-26,29.5,19.2,20.74018225211546
2067-02-27,27.4,18.6,1.2
2067-02-28,29.4,17.2,0.0
2067-03-01,31.2,17.4,0.0
2067-03-02,32.0,18.5,0.0
2067-03-03,32.436708860759495,19.0,0.0
2067-03-04,30.1,19.8,0.0
2067-03-05,31.1,19.747437212013413,0.0
2067-03-06,31.1,18.9,0.0
2067-03-07,29.5,19.0,0.0
2067-03-08,27.4,19.898291512434298,0.0
2067-03-09,27.9,17.01774272815361,0.0
2067-03-10,28.3,16.13494565783534,0.0
2067-03-11,28.9,15.4,0.0
2067-03-12,29.6,16.3,0.0
2067-03-13,28.5,17.0,0.0
2067-03-14,28.3,16.1,0.0
2067-03-15,29.0,15.739180490308597,0.0
2067-03-16,29.2,17.7,0.0
2067-03-17,29.348387096774193,18.0,0.0
2067-03-18,29.4,18.6,0.0
2067-03-19,30.6,17.9,0.0
2067-03-20,25.03148514851485,17.6,4.691741071428575
2067-03-21,24.0,17.9,58.90660621761664
2067-03-22,26.231372549019607,19.2,3.4
2067-03-23,30.6,19.3,27.645535714285714
2067-03-24,30.2,19.4,0.0
2067-03-25,29.9,18.85403659849299,10.6
2067-03-26,28.8,17.8,0.0
2067-03-27,29.9,19.4,0.8
2067-03-28,30.0,18.7,1.0
2067-03-29,29.2,19.441235773708943,0.0
2067-03-30,26.7,19.0,90.1
2067-03-31,24.9,19.0,90.1
2067-04-01,31.83021582733813,19.2,0.4
2067-04-02,32.7,19.7,6.52
2067-04-03,32.215269461077845,19.7,2.8
2067-04-04,31.1,19.7,35.21052631578947
2067-04-05,26.199038461538464,19.7,20.26666666666667
2067-04-06,26.8,19.7,2.354545454545454
2067-04-07,26.3,19.7,1.2333333333333334
2067-04-08,26.0,19.7,16.585714285714285
2067-04-09,28.3,19.7,0.0
2067-04-10,29.5,19.7,0.0
2067-04-11,27.6,19.7,0.0
2067-04-12,26.3,19.7,26.423076923076923
2067-04-13,27.5,19.7,17.323076923076925
2067-04-14,25.6,19.7,0.0
2067-04-15,26.0,19.0,0.0
2067-04-16,26.629545454545458,16.3,0.0
2067-04-17,27.7,15.7,0.0
2067-04-18,29.8,16.4,0.0
2067-04-19,31.577580071174374,17.3,0.0
2067-04-20,32.7,18.226153846153846,0.0
2067-04-21,31.8,18.6,0.0
2067-04-22,28.6,18.445754716981135,0.0
2067-04-23,26.119230769230768,18.7,0.0
2067-04-24,25.6,15.7,0.0
2067-04-25,25.5,14.0,0.0
2067-04-26,26.2,11.5,0.0
2067-04-27,26.8,11.5,0.0
2067-04-28,26.8,12.520754716981132,0.0
2067-04-29,24.4,14.1,0.0
2067-04-30,23.2,13.64293865905849,0.0
2067-05-01,26.0,14.5,0.0
2067-05-02,26.4,12.2,0.0
2067-05-03,27.9,10.411898650327059,0.0
2067-05-04,28.94737679599382,12.45573079983151,0.0
2067-05-05,28.5,13.2,0.0
2067-05-06,25.6,11.9,0.0
2067-05-07,26.0,9.6,0.0
2067-05-08,27.8,10.5,0.0
2067-05-09,27.9,17.8,0.0
2067-05-10,28.5,18.0,0.0
2067-05-11,29.8,16.5546433114786,0.0
2067-05-12,30.0,19.79833984375,0.0
2067-05-13,28.4,19.650146484375,0.0
2067-05-14,28.9,17.4,0.0
2067-05-15,27.5,20.21044921875,0.0
2067-05-16,30.0,18.153435809113724,0.0
2067-05-17,27.0,16.16745528250462,0.0
2067-05-18,27.5,15.2,0.0
2067-05-19,27.2,16.416511350356338,0.0
2067-05-20,27.2,15.6,0.0
2067-05-21,28.0,14.977515788267349,0.0
2067-05-22,26.3,13.0,0.0
2067-05-23,26.0,12.3,0.0
2067-05-24,27.2,11.737974446576482,0.0
2067-05-25,27.2,11.9,0.0
2067-05-26,27.083755531634967,11.5,0.0
2067-05-27,28.3,12.0,0.0
2067-05-28,29.2,14.7,0.0
2067-05-29,28.6,18.0,0.0
2067-05-30,26.0,18.27339053429747,0.0
2067-05-31,26.0,16.15705746284037,0.0
2067-06-01,25.2,14.2,0.0
2067-06-02,26.1,12.3,0.0
2067-06-03,26.6,12.7,0.0
2067-06-04,23.1,12.507494747250032,0.0
2067-06-05,21.2,14.4,0.0
2067-06-06,24.2,12.9,0.0
2067-06-07,25.3,11.4,0.0
2067-06-08,26.7,12.4,0.0
2067-06-09,26.0,12.9,0.0
2067-06-10,25.9,12.0,0.0
2067-06-11,24.5,10.9,0.0
2067-06-12,24.4,9.4,0.0
2067-06-13,25.4,7.4,0.0
2067-06-14,25.6,8.091497799487355,0.0
2067-06-15,25.6,10.8,0.0
2067-06-16,27.2,10.7,0.0
2067-06-17,28.244551960388627,11.9,0.0
2067-06-18,29.2,13.2,0.0
2067-06-19,28.822867092702857,14.2,0.0
2067-06-20,26.7,16.98089492006456,0.0
2067-06-21,24.0,16.41747493988696,0.0
2067-06-22,26.0,15.9,0.0
2067-06-23,26.4,13.7,0.0
2067-06-24,25.0,12.5,0.0
2067-06-25,24.9,11.1,0.0
2067-06-26,25.6,11.2,0.0
2067-06-27,26.9,12.3,0.0
2067-06-28,26.479632541904802,13.2,0.0
2067-06-29,25.9,12.6,0.0
2067-06-30,26.9,11.7,0.0
2067-07-01,27.081933163714638,12.1,0.0
2067-07-02,28.0,12.7,0.0
2067-07-03,29.243515104321723,12.7,0.0
2067-07-04,31.196540802055406,13.953938316094913,0.0
2067-07-05,33.1994140625,15.279509260025941,0.0
2067-07-06,33.967236328125,15.2,0.0
2067-07-07,31.499462890625,15.017965234628951,0.0
2067-07-08,30.589699107550157,15.2,0.0
2067-07-09,29.789015802309507,15.825322067721435,0.0
2067-07-10,29.02758134174999,16.204975227506207,0.0
2067-07-11,29.096847838311124,15.338547310340578,0.0
2067-07-12,29.04847525753169,15.386641319938937,0.0
2067-07-13,26.4,15.3,0.0
2067-07-14,27.6,14.6,0.0
2067-07-15,29.2,15.0,0.0
2067-07-16,27.6,15.702963594392592,0.0
2067-07-17,27.2,14.113527090060979,0.0
2067-07-18,29.2,12.2,0.0
2067-07-19,28.404980961006803,14.4,0.0
2067-07-20,26.0,15.074571582346602,0.0
2067-07-21,26.6,14.0,0.0
2067-07-22,27.362235891127163,13.4,0.0
2067-07-23,27.6,12.8,0.0
2067-07-24,27.6,12.2,0.0
2067-07-25,28.0,12.9,0.0
2067-07-26,25.9,14.6,0.0
2067-07-27,25.7,13.0,0.0
2067-07-28,26.6,13.0,0.0
2067-07-29,26.878184427700027,14.2,0.0
2067-07-30,26.6,14.2,0.0
2067-07-31,26.886825738548005,13.55955641224622,0.0
2067-08-01,27.7,12.3,0.0
2067-08-02,27.8,12.3,0.0
2067-08-03,28.1,13.0,0.0
2067-08-04,28.1,13.4,0.0
2067-08-05,28.1,14.6,0.0
2067-08-06,27.496026009973413,15.0,0.0
2067-08-07,27.6,14.5,0.0
2067-08-08,29.0,14.0,0.0
2067-08-09,30.9,14.5,0.0
2067-08-10,31.4,14.971746976508568,0.0
2067-08-11,32.9,14.6,0.0
2067-08-12,35.307712724550214,15.1,0.0
2067-08-13,31.0,17.4,0.0
2067-08-14,28.31267107488851,16.4,0.0
2067-08-15,27.9,15.2,0.0
2067-08-16,29.8,14.7,0.0
2067-08-17,30.9,15.0,0.0
2067-08-18,32.460199138858975,15.4,0.0
2067-08-19,33.08338610374227,15.9,0.0
2067-08-20,31.8,16.7,0.0
2067-08-21,36.098331353056714,16.14373858898953,0.0
2067-08-22,39.4287109375,17.0,0.0
2067-08-23,41.508056640625,18.0,0.0
2067-08-24,39.04833984375,17.5,0.0
2067-08-25,38.7060546875,19.121150235836808,0.0
2067-08-26,39.938232421875,19.16537181593902,0.0
2067-08-27,40.672607421875,19.26602629719045,0.0
2067-08-28,39.30615234375,25.644287109375,0.0
2067-08-29,34.40408543250307,23.90858411747035,0.0
2067-08-30,28.8,17.68633850869351,0.0
2067-08-31,30.5,16.9,0.0
2067-09-01,29.4,17.3,0.0
2067-09-02,30.3,15.5,0.0
2067-09-03,31.7,16.2,0.0
2067-09-04,32.0,16.5,0.0
2067-09-05,32.3,17.4,0.0
2067-09-06,33.01242457949911,17.3,0.0
2067-09-07,32.8,18.0,0.0
2067-09-08,31.9,17.6,0.0
2067-09-09,32.9,16.4,0.0
2067-09-10,35.2,17.6,0.0
2067-09-11,36.08976512155978,19.2,0.0
2067-09-12,36.07875220913208,20.19100549932635,0.0
2067-09-13,39.87109375,20.154077410682874,0.0
2067-09-14,36.10310550517065,21.2,0.0
2067-09-15,36.05167406878148,20.278357533325806,0.0
2067-09-16,39.873046875,19.9,0.0
2067-09-17,41.166259765625,20.4,0.0
2067-09-18,41.637451171875,20.5,0.0
2067-09-19,41.065185546875,21.25611435683051,0.0
2067-09-20,42.59521484375,21.210903952237178,0.0
2067-09-21,34.2,19.679163251566074,0.0
2067-09-22,30.2,18.5,0.0
2067-09-23,31.4,17.4,0.0
2067-09-24,33.9,18.9,0.0
2067-09-25,32.0,20.4,0.0
2067-09-26,32.9,19.0,0.0
2067-09-27,36.058770017510675,19.6,0.0
2067-09-28,35.355035100137854,20.905336188818993,0.0
2067-09-29,33.5,20.1,0.0
2067-09-30,34.28268446421951,19.5,0.0
2067-10-01,35.4,20.1,0.0
2067-10-02,36.4,20.4,0.0
2067-10-03,37.0,20.6,0.0
2067-10-04,38.0,20.3,0.0
2067-10-05,38.291502595618994,20.569947878307165,0.0
2067-10-06,38.9654296875,21.4,0.0
2067-10-07,38.954443359375,21.9,0.0
2067-10-08,39.058447265625,21.2,0.0
2067-10-09,39.361669921875,21.2,0.0
2067-10-10,38.893408203125,22.0,0.0
2067-10-11,38.30584632026594,21.43596121055087,0.0
2067-10-12,37.871744429184695,21.185527634460477,0.0
2067-10-13,39.27451171875,21.0,0.0
2067-10-14,37.2,23.0,0.0
2067-10-15,33.4,20.6,0.0
2067-10-16,34.6,20.1,0.0
2067-10-17,36.6,20.4,0.0
2067-10-18,37.14390570268034,20.894812789107718,0.0
2067-10-19,37.73109964572785,21.4,0.0
2067-10-20,38.65341796875,21.0,0.0
2067-10-21,39.727880859375,21.5,0.0
2067-10-22,39.657080078125,22.28104609061551,0.0
2067-10-23,40.108740234375,22.0,0.0
2067-10-24,40.259130859375,22.2,0.0
2067-10-25,39.0982421875,23.0,0.0
2067-10-26,38.589697265625,21.9,0.0
2067-10-27,39.004736328125,21.9,0.0
2067-10-28,39.960302734375,22.68538236532971,0.0
2067-10-29,39.66025390625,23.616107850967023,0.0
2067-10-30,38.02743094698992,22.961010458790323,0.0
2067-10-31,38.0,21.9,0.0
2067-11-01,39.47462369032531,23.114704344046732,0.0
2067-11-02,40.87744140625,22.46677750638234,0.0
2067-11-03,41.620361328125,26.048681640625,0.0
2067-11-04,41.422607421875,23.764689156354883,0.0
2067-11-05,41.037841796875,23.3,0.0
2067-11-06,40.822021484375,23.571363998086234,0.0
2067-11-07,41.55517578125,23.52047571921847,0.0
2067-11-08,37.882253420737165,21.13773262887907,0.0
2067-11-09,32.782878411910666,19.9,0.0
2067-11-10,32.8,19.7,10.216338582677164
2067-11-11,28.0,19.5,7.1807086614173254
2067-11-12,27.7,19.1,0.0
2067-11-13,29.0,19.5,0.0
2067-11-14,25.016729699666296,17.2,5.824926181102361
2067-11-15,23.471174940434768,17.2,12.663442069741285
2067-11-16,30.9,16.4,0.0
2067-11-17,31.4,17.9,0.0
2067-11-18,30.1,18.6,0.0
2067-11-19,27.7,17.3,0.0
2067-11-20,28.9,19.0,0.0
2067-11-21,30.5,18.0,0.0
2067-11-22,30.497547082965745,19.6,5.0
2067-11-23,30.8,20.0,6.959842519685041
2067-11-24,30.6,19.9,10.005511811023622
2067-11-25,28.4,19.7,0.0
2067-11-26,31.7,19.6,3.858436445444319
2067-11-27,31.4,19.9,10.366929133858271
2067-11-28,30.3,19.9,12.029021372328458
2067-11-29,30.649783234933402,19.9,39.43779527559054
2067-11-30,29.5,19.7,22.486811023622053
2067-12-01,27.0,20.2,10.6
2067-12-02,25.3,20.0,53.8
2067-12-03,28.2,20.14420668704378,16.54234042553192
2067-12-04,25.112115775624925,19.9,28.3
2067-12-05,28.2,20.102304058242524,3.6
2067-12-06,29.5,20.17096448671245,6.6
2067-12-07,30.57314618836249,20.3,8.458510638297874
2067-12-08,27.4,20.0,48.68176861702128
2067-12-09,26.6,19.9,14.8
2067-12-10,26.9,20.142914535494835,5.0
2067-12-11,28.5,20.1,27.385957446808508
2067-12-12,29.9,19.9,1.4
2067-12-13,30.9,19.66779017862258,0.0
2067-12-14,31.4,18.7,0.0
2067-12-15,32.68102594323554,18.5,0.0
2067-12-16,31.4,19.6,2.4
2067-12-17,28.9,20.5,0.0
2067-12-18,28.4,20.0,0.0
2067-12-19,30.9,19.5,0.0
2067-12-20,32.1,19.4,0.0
2067-12-21,31.7,20.129808426927045,30.299574468085112
2067-12-22,30.7,20.00202488384221,2.9
2067-12-23,26.898976209556956,20.38457895129928,2.9
2067-12-24,30.8,20.2,6.6
2067-12-25,31.8,19.9,19.02382978723405
2067-12-26,27.7,20.117856025099382,26.432170212765957
2067-12-27,29.2,20.0,3.2
2067-12-28,30.5,20.01600093990794,4.0
2067-12-29,31.6,20.2,28.307063829787232
2067-12-30,30.9,20.284867463249324,24.922851063829782
2067-12-31,30.5,20.31667594460778,7.45617021276596
2068-01-01,27.1,19.8,34.980000000000004
2068-01-02,27.4,20.061224315643237,41.4
2068-01-03,28.8,19.99172474610206,0.0
2068-01-04,31.9,20.01966339952562,0.0
2068-01-05,31.2,19.7,0.8
2068-01-06,30.6,21.29267578125,1.0
2068-01-07,30.3,20.8029296875,1.1
2068-01-08,31.5,19.8,2.9
2068-01-09,31.7,19.891304592601912,7.2
2068-01-10,28.4,19.8,5.4
2068-01-11,24.9,19.8,42.67272727272728
2068-01-12,25.340033043783013,19.8,40.45
2068-01-13,24.8,19.6,40.8
2068-01-14,27.4,19.0,3.4
2068-01-15,28.6,18.6,0.0
2068-01-16,28.6,17.8,0.0
2068-01-17,28.1,17.6,0.0
2068-01-18,29.2,16.9,0.0
2068-01-19,29.2,20.81904296875,0.0
2068-01-20,31.9,20.165202526191205,2.1
2068-01-21,26.4,20.04998811807074,10.6
2068-01-22,27.9,19.8,0.0
2068-01-23,30.4,17.4,0.0
2068-01-24,32.093581571901,17.1,0.0
2068-01-25,32.2,20.197989230111762,6.4
2068-01-26,30.8,19.9,5.0
2068-01-27,28.7,19.87388607897094,3.0
2068-01-28,29.9567550414704,19.9786664624367,26.5
2068-01-29,31.169672639777108,19.867046606104537,10.666666666666666
2068-01-30,31.8,20.13467173838557,5.0
2068-01-31,32.6,19.940511111992603,0.0
2068-02-01,31.9,19.2,2.8
2068-02-02,31.6,19.2,2.3
2068-02-03,30.5,19.26686133963579,8.7
2068-02-04,30.2,19.438802874656535,9.563245823389023
2068-02-05,30.4,19.4,0.0
2068-02-06,30.07276633694503,19.5,0.0
2068-02-07,30.07080265073632,19.83826582201995,0.0
2068-02-08,30.909713105810066,19.929829725434608,0.0
2068-02-09,32.63056215084902,20.161723693889208,0.0
2068-02-10,34.38623953578198,19.7,0.22720763723150364
2068-02-11,32.63651024492338,21.020947265625,0.0
2068-02-12,31.9,19.84027787358212,8.485918854415285
2068-02-13,29.9,19.612564511034815,28.27588094903833
2068-02-14,30.4,19.695470368541415,0.0
2068-02-15,30.4,19.1,0.0
2068-02-16,29.9,19.2,2.8
2068-02-17,31.4,19.0,0.0
2068-02-18,32.1,18.8,0.0
2068-02-19,33.169900986143396,19.54791851771589,6.004773269689743
2068-02-20,30.2,19.709179708731227,24.909785202863965
2068-02-21,31.646430081894724,19.69253900894243,26.8
2068-02-22,31.697266024660614,19.403699451926173,5.0
2068-02-23,32.428677249346336,19.7,1.0
2068-02-24,31.6,19.425303617806794,2.0
2068-02-25,32.79770256135826,19.893378538722686,4.4
2068-02-26,33.502260034670456,19.970316241450032,5.99570405727924
2068-02-27,31.318573013850642,19.807330378706396,6.552267303102624
2068-02-28,29.6,19.570359804778178,8.699761336515515
2068-03-01,31.7,19.8,16.76796875
2068-03-02,29.9,19.9,0.0
2068-03-03,32.103092783505154,19.9,16.4
2068-03-04,31.9,19.837512137021378,10.536562500000002
2068-03-05,32.62005813953488,19.9,4.626562500000002
2068-03-06,32.689825581395354,19.35839139139489,0.0
2068-03-07,32.5,19.9,1.8
2068-03-08,29.2,19.746499487314757,0.6
2068-03-09,30.1,19.0,0.0
2068-03-10,29.2,18.238641938273084,0.0
2068-03-11,27.6,17.0,0.0
2068-03-12,27.0,18.4,0.0
2068-03-13,29.0,19.0,2.3
2068-03-14,25.9,19.114641607871345,7.2
2068-03-15,31.2,18.7,1.6
2068-03-16,33.2,19.2,0.8
2068-03-17,34.15204801339905,19.9,0.0
2068-03-18,30.9,19.9,10.418125000000012
2068-03-19,26.5,19.311048270880736,9.584375000000001
2068-03-20,30.4,18.6,2.0
2068-03-21,31.4,18.5,0.0
2068-03-22,31.5,18.3,0.0
2068-03-23,30.6,18.5,0.0
2068-03-24,30.911627906976744,17.4,0.0
2068-03-25,30.6,16.9,0.0
2068-03-26,31.3,16.0,0.0
2068-03-27,32.5,16.6,0.0
2068-03-28,33.2,16.0,0.0
2068-03-29,35.117803955078124,17.432382907352235,0.0
2068-03-30,35.458624267578124,17.6,0.0
2068-03-31,34.825456406438995,18.9,0.0
2068-04-01,28.9,21.165057373046874,3.3
2068-04-02,28.5,20.387225341796874,0.0
2068-04-03,30.7,19.7,0.0
2068-04-04,32.277245508982034,20.242938232421874,0.0
2068-04-05,28.6,19.4,4.4
2068-04-06,27.6,19.269953051643196,0.4
2068-04-07,29.0,19.852044380521868,0.0
2068-04-08,30.7,18.1,0.0
2068-04-09,30.2,17.96666666666667,0.0
2068-04-10,29.0,19.7,17.530769230769234
2068-04-11,32.131645569620254,19.7,5.15
2068-04-12,31.4,19.7,0.0
2068-04-13,28.6,19.7,0.0
2068-04-14,29.7,19.7,0.0
2068-04-15,31.58825622775801,18.9,0.0
2068-04-16,32.24760479041917,19.2,0.0
2068-04-17,32.2562874251497,19.7,0.0
2068-04-18,29.9,19.7,0.0
2068-04-19,29.9,18.4,0.0
2068-04-20,29.8,19.4,0.0
2068-04-21,30.9,18.1,0.0
2068-04-22,29.5,17.5,0.0
2068-04-23,29.0,16.3,0.0
2068-04-24,27.0,14.8,0.0
2068-04-25,28.2,14.9,0.0
2068-04-26,29.7,13.026503759398501,0.0
2068-04-27,31.0,14.0,0.0
2068-04-28,31.6,15.4,0.0
2068-04-29,31.8,17.9,0.0
2068-04-30,34.02994542974079,18.4,0.0
2068-05-01,35.4806640625,17.8,0.0
2068-05-02,30.7,19.9091796875,0.0
2068-05-03,26.5,20.046630859375,0.0
2068-05-04,30.0,16.9,0.0
2068-05-05,30.7,14.6,0.0
2068-05-06,30.7,17.807779157223568,0.0
2068-05-07,31.0,22.379150390625,0.0
2068-05-08,31.0,22.9140625,0.0
2068-05-09,31.037608201473986,22.179443359375,0.0
2068-05-10,32.7,22.36865234375,0.0
2068-05-11,34.4474609375,20.885986328125,0.0
2068-05-12,33.946484375,21.1142578125,0.0
2068-05-13,29.8,20.362548828125,0.0
2068-05-14,29.6,17.920196404987394,0.0
2068-05-15,30.7,16.7,0.0
2068-05-16,29.79891688785777,17.0,0.0
2068-05-17,27.921603350048553,16.30982827080317,0.0
2068-05-18,30.0,17.70511472437821,0.0
2068-05-19,30.0,14.7,0.0
2068-05-20,30.7,13.1,0.0
2068-05-21,31.0,14.2,0.0
2068-05-22,31.388864968305207,14.5,0.0
2068-05-23,32.0,14.8,0.0
2068-05-24,33.457278713408385,13.6,0.0
2068-05-25,32.38942358428841,17.917812514625346,0.0
2068-05-26,30.706694728724504,20.3271484375,0.0
2068-05-27,30.1,19.651123046875,0.0
2068-05-28,28.0,20.046630859375,0.0
2068-05-29,29.6,15.2,0.0
2068-05-30,30.1,14.0,0.0
2068-05-31,30.7,14.6,0.0
2068-06-01,29.6,15.1,0.0
2068-06-02,31.25023935091277,14.2,0.0
2068-06-03,31.75400390625,13.982241476884667,0.0
2068-06-04,30.1,16.456380714105492,0.0
2068-06-05,25.272624977833665,15.575694354015049,0.0
2068-06-06,25.2,13.730961522360575,0.0
2068-06-07,25.6,11.8,0.0
2068-06-08,27.9,11.9,0.0
2068-06-09,29.542711951827297,12.8,0.0
2068-06-10,31.536962890625,14.1,0.0
2068-06-11,33.476904296875,16.4,0.0
2068-06-12,30.531148365909207,17.14960346925204,0.0
2068-06-13,28.286672507309003,15.133198123227993,0.0
2068-06-14,27.8,14.4,0.0
2068-06-15,27.83238717622756,13.7,0.0
2068-06-16,28.2,13.461316717256468,0.0
2068-06-17,28.913596998922806,12.9,0.0
2068-06-18,28.2,13.510973249143932,0.0
2068-06-19,27.0,13.0,0.0
2068-06-20,26.3,12.2,0.0
2068-06-21,26.1,12.0,0.0
2068-06-22,27.0,11.9,0.0
2068-06-23,28.5,11.3,0.0
2068-06-24,30.0,10.1,0.0
2068-06-25,30.178911996459146,10.7,0.0
2068-06-26,30.4,13.0,0.0
2068-06-27,29.363763519750087,13.5,0.0
2068-06-28,26.3,14.0,0.0
2068-06-29,25.0,11.8,0.0
2068-06-30,24.9,10.9,0.0
2068-07-01,24.0,10.59397970167615,0.0
2068-07-02,25.0,10.7,0.0
2068-07-03,24.58201491976869,11.141506996770719,0.0
2068-07-04,24.4,11.7,0.0
2068-07-05,24.9,11.7,0.0
2068-07-06,25.7,12.2,0.0
2068-07-07,26.2,11.90689773950484,0.0
2068-07-08,25.4,13.3,0.0
2068-07-09,24.0,12.101471115895233,0.0
2068-07-10,25.9,11.6,0.0
2068-07-11,28.8,13.0,0.0
2068-07-12,30.88244383485532,14.4,0.0
2068-07-13,31.245642477612616,15.13965874997137,0.0
2068-07-14,28.2,15.2,0.0
2068-07-15,26.2,15.077721205597415,0.0
2068-07-16,26.3,14.70115246738625,0.0
2068-07-17,27.7,14.2,0.0
2068-07-18,29.2,15.0,0.0
2068-07-19,29.64646573376389,15.2,0.0
2068-07-20,29.330509567739227,14.399405625497257,0.0
2068-07-21,27.3,15.1,0.0
2068-07-22,19.0,14.4,0.0
2068-07-23,23.9,12.483810548977388,0.0
2068-07-24,25.3,11.0,0.0
2068-07-25,27.5,9.9,0.0
2068-07-26,28.2,10.7,0.0
2068-07-27,28.9,11.2,0.0
2068-07-28,29.167356405510677,12.669884568598102,0.0
2068-07-29,29.7,12.8,0.0
2068-07-30,26.9,15.2,0.0
2068-07-31,27.7,14.2,0.0
2068-08-01,29.7,14.0,0.0
2068-08-02,31.0,13.5,0.0
2068-08-03,31.813976416479097,13.2,0.0
2068-08-04,31.0,14.6,0.0
2068-08-05,30.7,14.5,0.0
2068-08-06,31.2,13.4,0.0
2068-08-07,32.17953252345071,14.6,0.0
2068-08-08,36.5659848555392,14.697948725723545,0.0
2068-08-09,37.2777999932955,14.5,0.0
2068-08-10,38.202880859375,15.698284241771862,0.0
2068-08-11,38.910888671875,16.9,0.0
2068-08-12,31.9,18.0,0.0
2068-08-13,31.0,16.9,0.0
2068-08-14,32.1,16.824441456982893,0.0
2068-08-15,33.85806467700969,16.7,0.0
2068-08-16,36.32182322026508,16.7,0.0
2068-08-17,38.44189453125,16.7,0.0
2068-08-18,40.5146484375,17.463711317136774,0.0
2068-08-19,39.385498046875,16.7,0.0
2068-08-20,31.8,18.38588207152254,0.0
2068-08-21,29.4,16.7,0.0
2068-08-22,30.4,16.642676589584653,0.0
2068-08-23,31.165248176055496,16.9,0.0
2068-08-24,31.1,16.3,0.0
2068-08-25,33.00445255901021,16.101987349262117,0.0
2068-08-26,31.2,17.7,0.0
2068-08-27,30.7,16.037922066738428,0.0
2068-08-28,36.093809841292284,16.100222708882377,0.0
2068-08-29,39.67724609375,17.21986522553342,0.0
2068-08-30,35.9878772799564,18.299467401965757,0.0
2068-08-31,29.6,17.65289983920052,0.0
2068-09-01,30.0,14.9,0.0
2068-09-02,32.05616211745244,12.9,0.0
2068-09-03,34.2,14.2,0.0
2068-09-04,35.15705691038549,15.7,0.0
2068-09-05,35.2,17.0,0.0
2068-09-06,32.0,18.3,0.0
2068-09-07,32.3,17.5,0.0
2068-09-08,34.4,17.1,0.0
2068-09-09,35.6,18.2,0.0
2068-09-10,35.16368920910431,19.0,0.0
2068-09-11,35.500634964775685,18.0,0.0
2068-09-12,35.3,18.8,0.0
2068-09-13,33.1,19.2,0.0
2068-09-14,33.9,18.6,0.0
2068-09-15,35.6,18.9,0.0
2068-09-16,42.3984375,19.6,0.0
2068-09-17,41.427001953125,19.11783875087546,0.0
2068-09-18,34.64040298399188,21.24660824072018,0.0
2068-09-19,33.8,19.5,0.0
2068-09-20,36.08828916422411,19.6,0.0
2068-09-21,40.340576171875,19.6,0.0
2068-09-22,41.7236328125,20.5,0.0
2068-09-23,43.419189453125,22.0528374357073,0.0
2068-09-24,40.771484375,23.86181640625,0.0
2068-09-25,39.630859375,21.2,0.0
2068-09-26,41.0732421875,21.211856257519695,0.0
2068-09-27,40.195556640625,22.89818990797855,0.0
2068-09-28,41.1923828125,22.90753323920838,0.0
2068-09-29,32.9,19.75225051644686,0.0
2068-09-30,30.2,18.565313113861738,0.0
2068-10-01,34.7,19.2,0.0
2068-10-02,37.75732155450796,20.8,0.0
2068-10-03,38.93955078125,21.3,0.0
2068-10-04,41.1353515625,22.262663665720705,0.0
2068-10-05,40.493994140625,23.798027945279927,0.0
2068-10-06,39.880712890625,23.496286850658226,0.0
2068-10-07,39.130224609375,22.648207396698425,0.0
2068-10-08,38.8169921875,23.697843501510437,0.0
2068-10-09,37.2,22.101338492912376,0.0
2068-10-10,39.120458984375,21.9,0.0
2068-10-11,37.0,21.9,0.0
2068-10-12,32.9,19.351506996770713,0.0
2068-10-13,33.2,18.223189297247416,0.0
2068-10-14,35.2,20.3,0.0
2068-10-15,37.90702481554338,21.12047516530831,0.0
2068-10-16,38.674169921875,22.0,0.0
2068-10-17,40.080419921875,22.6,0.0
2068-10-18,40.487158203125,23.44216671835944,0.0
2068-10-19,34.0,21.840219060397192,0.0
2068-10-20,33.0,19.8,0.0
2068-10-21,34.6,19.5,0.0
2068-10-22,38.57578125,20.1,0.0
2068-10-23,40.9693359375,21.0,0.0
2068-10-24,42.087255859375,21.7,0.0
2068-10-25,32.7,19.6,0.6486486486486489
2068-10-26,27.042237049433723,21.4,0.0
2068-10-27,31.7,20.3,0.0
2068-10-28,35.0,22.614998271432263,0.0
2068-10-29,38.4908203125,22.93301352553001,0.0
2068-10-30,39.939306640625,22.85004563111337,0.0
2068-10-31,40.89169921875,23.0,0.0
2068-11-01,41.85546875,23.73945460620795,0.0
2068-11-02,36.66234810166432,23.0,0.0
2068-11-03,38.96998116838587,21.9,0.0
2068-11-04,40.28564453125,22.446439245215572,0.0
2068-11-05,41.935546875,23.01762331336379,0.0
2068-11-06,42.40283203125,23.0,0.0
2068-11-07,40.154541015625,22.1,0.0
2068-11-08,36.74724508713385,20.865500829701496,0.0
2068-11-09,34.0,20.5,3.858436445444319
2068-11-10,34.6,19.9,0.0
2068-11-11,33.3,19.8,2.306791338582677
2068-11-12,30.6,19.9,1.1655511811023622
2068-11-13,28.4,19.5,15.305511811023624
2068-11-14,25.2,19.1,2.0
2068-11-15,25.1,18.5,1.0
2068-11-16,25.0,18.4,0.0
2068-11-17,24.4,18.7,2.6354330708661418
2068-11-18,25.14826325546904,18.7,0.0
2068-11-19,28.722344827586205,19.4,1.257086614173228
2068-11-20,30.4,19.3,0.9
2068-11-21,31.7,19.2,0.0
2068-11-22,32.3,19.9,0.0
2068-11-23,32.5,19.85290966571045,0.0
2068-11-24,32.4,19.6,0.0
2068-11-25,31.7,19.5,0.0
2068-11-26,32.60724084962127,20.3,0.0
2068-11-27,35.23265049502898,20.4,0.0
2068-11-28,28.3,19.9,40.92419745608722
2068-11-29,30.2,19.0,0.0
2068-11-30,31.74198220244717,17.7,0.0
2068-12-01,32.9,19.8,0.0
2068-12-02,33.055009821002514,20.597625568860472,0.0
2068-12-03,32.84610915544176,20.49253278959206,0.0
2068-12-04,33.64084174046657,19.9,0.0
2068-12-05,33.679577886142006,19.603095817319016,0.0
2068-12-06,32.9,20.403837619872608,0.0
2068-12-07,33.1,19.8,0.0
2068-12-08,34.17951223755315,20.0,0.0
2068-12-09,37.11455078125,20.782623607362915,0.0
2068-12-10,36.094775390625,21.368605986902086,0.0
2068-12-11,35.3171875,21.110010475934146,0.0
2068-12-12,32.9,20.697597828897223,1.2
2068-12-13,33.7,20.361191432013428,55.179574468085086
2068-12-14,29.6,20.358396110983243,20.559574468085113
2068-12-15,26.867730447689002,20.236483123476805,39.2304255319149
2068-12-16,27.5,20.43800124043517,2.9
2068-12-17,25.3,20.08873485124444,0.0
2068-12-18,27.5,20.0,0.0
2068-12-19,30.0,19.0,0.0
2068-12-20,31.8,17.5,0.0
2068-12-21,33.18101535555019,19.4,0.0
2068-12-22,33.7,18.8,0.0
2068-12-23,33.886248066898204,20.0,0.0
2068-12-24,33.7,20.5,0.0
2068-12-25,31.0,20.922410744124576,0.0
2068-12-26,33.1,20.63106637000481,1.0
2068-12-27,31.990923656537216,20.5,4.744468085106384
2068-12-28,32.9,19.9,0.0
2068-12-29,32.9,20.50907333174679,0.0
2068-12-30,32.889997672591846,20.362356149109335,0.0
2068-12-31,33.7,19.4,0.0
2069-01-01,37.37080078125,19.6,0.0
2069-01-02,38.29755859375,21.516796875,0.0
2069-01-03,32.13094979119585,22.90107421875,7.5
2069-01-04,28.5,21.03193359375,41.4
2069-01-05,29.5,20.44176997042089,15.8
2069-01-06,30.1,20.02181085813503,9.933333333333334
2069-01-07,30.6,19.8,1.4
2069-01-08,31.2,19.8,0.0
2069-01-09,31.8,19.8,0.0
2069-01-10,32.83852036239684,21.363232421875,1.7
2069-01-11,30.6,20.066419430157957,3.8
2069-01-12,31.09153017387678,20.022179613653815,2.1499999999999995
2069-01-13,33.56362741987151,20.113652673814595,4.733333333333334
2069-01-14,32.23434692060452,20.176232654503217,3.6500000000000004
2069-01-15,32.74017910537017,20.105041147875838,17.3
2069-01-16,26.2,19.8,16.650000000000002
2069-01-17,31.6,19.6,1.4
2069-01-18,32.6,19.6,0.0
2069-01-19,32.0,19.897602812219894,0.0
2069-01-20,31.8,19.8,0.0
2069-01-21,36.15130757703878,21.408551025390626,0.0
2069-01-22,38.99171142578125,21.80848388671875,0.0
2069-01-23,37.19739990234375,21.039013671875,0.0
2069-01-24,37.67353515625,20.11809943154117,0.0
2069-01-25,37.272412109375,20.079607862829928,0.0
2069-01-26,38.0412109375,20.9029052734375,0.0
2069-01-27,40.819775390625,19.965868476784635,0.0
2069-01-28,40.892529296875,24.03828125,0.0
2069-01-29,38.37373046875,22.171826171875,0.9
2069-01-30,40.80830078125,19.991030618066702,0.0
2069-01-31,42.21357421875,23.55994873046875,1.1
2069-02-01,29.8,20.438840313825473,2.0
2069-02-02,34.21080271371726,19.7,2.7
2069-02-03,30.2,19.4,2.0
2069-02-04,36.58128662109375,19.45918081757458,5.99570405727924
2069-02-05,27.2,19.374258112752575,1.0
2069-02-06,24.9,19.408505999370337,45.10226730310266
2069-02-07,28.6,19.2,0.4
2069-02-08,31.0,18.668624504881954,0.4
2069-02-09,32.0,18.9,0.0
2069-02-10,33.95771786810319,19.7,0.8
2069-02-11,30.5,19.939903319588957,1.4
2069-02-12,34.15007104445674,19.50322415009277,3.2
2069-02-13,28.945028352656472,19.20242538012908,6.206921241050123
2069-02-14,28.8,19.2,12.96515513126492
2069-02-15,27.6,19.583617136546906,0.0
2069-02-16,30.030743452078735,19.0,0.0
2069-02-17,30.5,19.377861883715603,0.0
2069-02-18,30.6,19.5,0.0
2069-02-19,33.31431872207536,19.0,0.0
2069-02-20,34.23658661029344,22.772412109375,0.0
2069-02-21,36.00242919921875,19.603210831721466,12.233412887828166
2069-02-22,31.2,19.5,14.319570405727925
2069-02-23,34.273534668273726,19.45970066305718,12.4
2069-02-24,26.920500595947555,19.4,4.2
2069-02-25,29.5,19.55757392862,21.0
2069-02-26,26.1,19.595969273543382,4.454176610978522
2069-02-27,28.1,19.7,3.8
2069-02-28,29.6,19.7,16.9799522673031
2069-03-01,29.1,19.9,9.389062500000001
2069-03-02,29.5,19.4,16.397265625
2069-03-03,25.0,18.9,5.021875
2069-03-04,26.5,18.9,0.6
2069-03-05,29.5,18.9,19.553515625000017
2069-03-06,27.168,19.4,54.848371478873325
2069-03-07,30.0,17.2,0.7
2069-03-08,29.8,16.3,0.0
2069-03-09,29.4,17.0,0.0
2069-03-10,30.5,16.3,0.0
2069-03-11,29.4,17.3,0.0
2069-03-12,29.2,16.7,0.0
2069-03-13,29.6,16.6,0.0
2069-03-14,30.0,16.3,0.0
2069-03-15,30.2,16.4,0.0
2069-03-16,30.3,17.331162432938207,0.0
2069-03-17,31.0,17.6,0.0
2069-03-18,31.1,17.9,0.0
2069-03-19,30.9,19.0,0.0
2069-03-20,29.6,19.884621472048256,0.0
2069-03-21,31.2,18.4,0.0
2069-03-22,32.0,17.4,0.0
2069-03-23,31.8,17.4,0.0
2069-03-24,30.4,18.6,0.0
2069-03-25,30.1,19.4,0.0
2069-03-26,30.618032786885244,17.9,0.0
2069-03-27,31.2,16.8,0.0
2069-03-28,30.6,18.5,0.0
2069-03-29,31.6,18.6,0.0
2069-03-30,31.8,17.7,0.0
2069-03-31,31.8,17.2,0.0
2069-04-01,32.0,17.9,0.0
2069-04-02,32.231437125748506,17.6,0.0
2069-04-03,32.202395209580835,18.9,0.0
2069-04-04,30.7,17.4,0.0
2069-04-05,30.8,15.9,0.0
2069-04-06,31.6,18.442924528301887,0.0
2069-04-07,34.038062755798094,19.0,0.0
2069-04-08,35.220035618878,19.03870967741936,0.0
2069-04-09,36.413818359375,21.936053466796874,0.0
2069-04-10,38.396240234375,19.84053831929319,0.0
2069-04-11,37.920654296875,19.7,0.0
2069-04-12,36.9072265625,21.291033935546874,0.0
2069-04-13,33.9171597633136,21.217242431640624,0.0
2069-04-14,31.2,20.247576904296874,0.0
2069-04-15,30.7,20.425799560546874,25.700000000000003
2069-04-16,30.8,19.7,0.0
2069-04-17,30.0,19.7,0.0
2069-04-18,31.201639344262293,18.9,0.0
2069-04-19,32.0,18.7,0.0
2069-04-20,24.9,19.307335907335908,70.0
2069-04-21,27.5,19.7,0.0
2069-04-22,28.3,19.7,0.0
2069-04-23,28.6,19.7,0.0
2069-04-24,27.3,18.96234090909091,0.0
2069-04-25,27.11025641025641,17.9,0.0
2069-04-26,28.8,16.6,0.0
2069-04-27,28.9,16.4,0.0
2069-04-28,25.7,17.9,0.0
2069-04-29,27.9,17.7590243902439,0.0
2069-04-30,30.6,16.6,0.0
2069-05-01,31.0,19.16985767252712,0.0
2069-05-02,30.1,20.147705078125,0.0
2069-05-03,30.7,20.102294921875,0.0
2069-05-04,29.8,18.885327113981447,0.0
2069-05-05,30.5,15.55893717069853,0.0
2069-05-06,30.4,18.126850663796173,0.0
2069-05-07,31.0,17.816106271587266,0.0
2069-05-08,31.0,17.94061494417536,0.0
2069-05-09,30.7,17.598388462695773,0.0
2069-05-10,29.1,16.5,0.0
2069-05-11,29.2,17.8,0.0
2069-05-12,28.6,14.9,0.0
2069-05-13,28.0,12.9,0.0
2069-05-14,28.9,11.6,0.0
2069-05-15,28.5,12.9,0.0
2069-05-16,28.3,12.7,0.0
2069-05-17,28.6,13.1,0.0
2069-05-18,27.3,17.24958069442006,0.0
2069-05-19,27.5,14.0,0.0
2069-05-20,28.9,12.2,0.0
2069-05-21,29.8,12.5,0.0
2069-05-22,29.4,13.6,0.0
2069-05-23,27.8,12.6,0.0
2069-05-24,26.3,17.976995184048324,0.0
2069-05-25,25.7,18.275012766743014,0.0
2069-05-26,25.7,18.663784236335204,0.0
2069-05-27,28.2,18.1811938284894,0.0
2069-05-28,26.9,20.625244140625,0.0
2069-05-29,26.4,20.744873046875,0.0
2069-05-30,30.7,18.194095443128795,0.0
2069-05-31,31.6,17.8,0.0
2069-06-01,30.582426342659932,17.13009654325224,0.0
2069-06-02,25.6,20.6203125,0.0
2069-06-03,25.0,19.81171875,0.0
2069-06-04,25.7,15.9,0.0
2069-06-05,27.8,13.7,0.0
2069-06-06,30.4,14.4,0.0
2069-06-07,31.119802656546483,16.534313418885763,0.0
2069-06-08,30.405341953678402,17.16818777037348,0.0
2069-06-09,28.2,15.478862284624649,0.0
2069-06-10,28.3,13.8,0.0
2069-06-11,29.355076266773967,13.7,0.0
2069-06-12,26.2,14.4,0.0
2069-06-13,26.0,15.1,0.0
2069-06-14,25.339281997918835,15.9,0.0
2069-06-15,26.98025008630279,13.3,0.0
2069-06-16,29.2,13.109693219739107,0.0
2069-06-17,30.5,14.4,0.0
2069-06-18,30.957876763918048,16.0041646515452,0.0
2069-06-19,30.4,16.4,0.0
2069-06-20,29.250234387414594,15.507328153730912,0.0
2069-06-21,30.21067212551469,14.413636407602656,0.0
2069-06-22,30.63373487611934,15.328986326880056,0.0
2069-06-23,32.47373046875,16.363691280910416,0.0
2069-06-24,33.317724609375,17.099913529374167,0.0
2069-06-25,32.390966796875,19.347868971754647,0.0
2069-06-26,31.699072265625,17.0605042667124,0.0
2069-06-27,31.24690157691552,16.4,0.0
2069-06-28,29.0,16.385249055727375,0.0
2069-06-29,27.3,14.4,0.0
2069-06-30,26.7,13.304783593382036,0.0
2069-07-01,26.4,14.2,0.0
2069-07-02,29.0,14.4,0.0
2069-07-03,30.037026020608035,15.2,0.0
2069-07-04,26.67229244070974,15.2,0.0
2069-07-05,22.5,15.2,0.0
2069-07-06,23.2,14.6,0.0
2069-07-07,25.2,12.7,0.0
2069-07-08,25.9,12.7,0.0
2069-07-09,26.6,12.9,0.0
2069-07-10,26.9,14.2,0.0
2069-07-11,24.4,15.0,0.0
2069-07-12,17.6,12.567806881154565,0.0
2069-07-13,24.2,12.14911247599147,0.0
2069-07-14,24.501711017097655,11.1,0.0
2069-07-15,26.0,10.8,0.0
2069-07-16,27.164037426513197,12.0,0.0
2069-07-17,27.0,13.488512475659459,0.0
2069-07-18,24.6,14.072077502691043,0.0
2069-07-19,26.46463293864369,12.6,0.0
2069-07-20,28.06681531600798,13.418745540087802,0.0
2069-07-21,29.7,15.0,0.0
2069-07-22,29.023529188386266,15.581656576466699,0.0
2069-07-23,26.1,15.017341546856505,0.0
2069-07-24,23.6,15.2,0.0
2069-07-25,25.9,12.75460556666153,0.0
2069-07-26,26.9,12.2,0.0
2069-07-27,27.9,14.2,0.0
2069-07-28,28.3,15.0,0.0
2069-07-29,29.1,15.1,0.0
2069-07-30,30.51214274426079,15.2,0.0
2069-07-31,31.199890098449774,16.68251953125,0.0
2069-08-01,31.4,16.9,0.0
2069-08-02,30.6,16.1,0.0
2069-08-03,31.2,15.9,0.0
2069-08-04,31.2,16.57363524527141,0.0
2069-08-05,31.5,16.065567707212058,0.0
2069-08-06,28.9,16.7,0.0
2069-08-07,28.7,15.0,0.0
2069-08-08,30.0,14.243451740222454,0.0
2069-08-09,33.18848223896663,14.7,0.0
2069-08-10,38.202392578125,16.923655900280874,0.0
2069-08-11,34.771590615350554,17.923362978600338,0.0
2069-08-12,31.9,17.5,0.0
2069-08-13,35.6771848287215,17.0,0.0
2069-08-14,38.489013671875,18.0,0.0
2069-08-15,36.86957207400135,25.83544921875,0.0
2069-08-16,33.03066287875217,19.284284000503444,0.0
2069-08-17,29.3,16.903100363282444,0.0
2069-08-18,29.9,16.725618069958944,0.0
2069-08-19,31.2,16.9,0.0
2069-08-20,31.4,17.46856179419809,0.0
2069-08-21,31.4,17.05100073104886,0.0
2069-08-22,34.99766620356725,17.53909278794402,0.0
2069-08-23,38.630126953125,18.776330582466187,0.0
2069-08-24,41.050537109375,26.353271484375,0.0
2069-08-25,39.3505859375,18.315161049929614,0.0
2069-08-26,32.5,19.09743893283293,0.0
2069-08-27,28.9,16.7,0.0
2069-08-28,30.989148277717973,15.3,0.0
2069-08-29,31.4,14.7,0.0
2069-08-30,33.099950006981004,16.034248869752417,0.0
2069-08-31,40.472900390625,17.32976982172613,0.0
2069-09-01,34.54316370040787,19.6,0.0
2069-09-02,30.7,19.2,0.0
2069-09-03,28.9,16.2,0.0
2069-09-04,30.0,15.343635785793742,0.0
2069-09-05,31.3,15.69822889630454,0.0
2069-09-06,33.4,16.7,0.0
2069-09-07,34.6,17.570514408042484,0.0
2069-09-08,32.7,18.2,0.0
2069-09-09,33.6,17.8,0.0
2069-09-10,34.7,19.0,0.0
2069-09-11,32.3,19.3,0.0
2069-09-12,32.6,17.6,0.0
2069-09-13,34.6,17.1,0.0
2069-09-14,34.8,18.951787049362682,0.0
2069-09-15,31.9,19.4,0.0
2069-09-16,31.6,17.5,0.0
2069-09-17,32.7,17.5,0.0
2069-09-18,30.7,19.0,0.0
2069-09-19,29.6,16.9,0.0
2069-09-20,30.1,16.4,0.0
2069-09-21,31.0,16.4,0.0
2069-09-22,32.0,17.645336569252038,0.0
2069-09-23,33.7,18.9,0.0
2069-09-24,39.126708984375,20.0,0.0
2069-09-25,39.542724609375,20.537385310277426,0.0
2069-09-26,39.497802734375,20.5,0.0
2069-09-27,40.9501953125,20.30650502935526,0.0
2069-09-28,41.022216796875,20.5946132199869,0.0
2069-09-29,34.3,20.6,0.0
2069-09-30,33.7,19.2,0.0
2069-10-01,35.8,19.0,0.0
2069-10-02,38.335269345182844,19.2,0.0
2069-10-03,36.6,20.7,0.0
2069-10-04,35.7,20.0,0.0
2069-10-05,38.153214378509595,19.6,0.0
2069-10-06,39.04697265625,20.023373426311597,0.0
2069-10-07,39.431494140625,20.8,0.0
2069-10-08,41.599462890625,21.2,0.0
2069-10-09,40.190283203125,23.491428467174202,0.0
2069-10-10,39.9146484375,23.603313135872742,0.0
2069-10-11,38.22677194080183,22.0,0.0
2069-10-12,39.24326171875,23.66811460467375,0.0
2069-10-13,28.7,23.410978296242508,0.0
2069-10-14,33.7,21.053553134627506,0.0
2069-10-15,31.6,19.6,0.0
2069-10-16,32.9,19.4,0.0
2069-10-17,36.0,20.3,0.0
2069-10-18,39.75888671875,20.7,0.0
2069-10-19,41.59384765625,22.1,0.0
2069-10-20,34.3,20.7,0.0
2069-10-21,33.5,18.2,0.0
2069-10-22,38.0,20.1,0.0
2069-10-23,40.41806640625,21.9,0.0
2069-10-24,38.712744140625,23.471430004926006,0.0
2069-10-25,37.891291670275336,22.2,0.0
2069-10-26,37.78783432108843,21.9,0.0
2069-10-27,40.73447265625,21.9,0.0
2069-10-28,41.9576171875,23.78283779405771,0.0
2069-10-29,40.34384765625,23.736467858747783,0.0
2069-10-30,40.463232421875,23.49221936681113,0.0
2069-10-31,41.5630859375,22.6,0.0
2069-11-01,43.304931640625,23.088540124298035,0.0
2069-11-02,42.76025390625,24.61044921875,0.0
2069-11-03,41.6005859375,23.608167876872024,0.0
2069-11-04,42.124267578125,23.604059926848073,0.0
2069-11-05,43.033203125,24.304541015625,0.0
2069-11-06,41.954345703125,24.363134765625,0.0
2069-11-07,42.496337890625,23.87258572126895,0.0
2069-11-08,43.063720703125,23.969580078125,0.0
2069-11-09,32.3,22.08620026210378,0.0
2069-11-10,32.6,20.9,0.0
2069-11-11,37.2,21.2,0.0
2069-11-12,37.342446128773574,21.56692743180649,0.0
2069-11-13,36.37481610391474,20.4,0.0
2069-11-14,37.118407119021136,21.0,0.0
2069-11-15,40.58203125,22.9,0.0
2069-11-16,41.509765625,23.12830149761693,0.0
2069-11-17,41.4970703125,23.693177291652752,0.0
2069-11-18,40.7939453125,23.924169921875,0.0
2069-11-19,38.49449287816783,20.3,2.3
2069-11-20,32.2,20.1,0.0
2069-11-21,36.2,23.016478452275425,0.0
2069-11-22,36.0,23.86026187119715,0.0
2069-11-23,35.78586083302434,23.0,0.0
2069-11-24,32.9,21.1,27.834533183352082
2069-11-25,30.5,20.3,7.444094488188978
2069-11-26,28.7,19.9,63.85570866141733
2069-11-27,30.6,19.9,15.959055118110237
2069-11-28,30.0,20.1,34.49212598425197
2069-11-29,29.6,19.9,34.49212598425197
2069-11-30,29.7,19.9,40.947365233192
2069-12-01,25.6,20.494907128322374,10.4
2069-12-02,28.2,20.49378979244929,14.477148936170222
2069-12-03,31.6,20.25292747424916,30.34439716312057
2069-12-04,32.1,20.5,3.6
2069-12-05,32.0,20.539048664336544,56.59127659574469
2069-12-06,29.5,20.575515039156482,7.6
2069-12-07,27.6,20.5,0.10063829787234044
2069-12-08,30.0,20.5,91.93418723404281
2069-12-09,30.4,20.256511499417503,0.8
2069-12-10,31.894203179869056,20.357091627835825,22.381063829787237
2069-12-11,31.4,20.5,9.72382978723405
2069-12-12,31.0,20.5,103.5700919148935
2069-12-13,29.0,20.377311116620806,35.33430851063829
2069-12-14,30.0,20.5,0.0
2069-12-15,32.4,19.9,0.0
2069-12-16,31.05550868414161,19.4,0.0
2069-12-17,31.2,18.5,0.0
2069-12-18,31.8,19.0,0.0
2069-12-19,32.9,19.4,0.0
2069-12-20,30.7,20.288556900922615,2.4
2069-12-21,30.6,20.5,7.0
2069-12-22,28.4,20.32019339023742,12.74115501519757
2069-12-23,27.0,20.0,1.0
2069-12-24,29.2,19.9,0.0
2069-12-25,31.2,19.9,0.0
2069-12-26,31.988411029229106,18.6,0.0
2069-12-27,30.7,19.4,0.0
2069-12-28,30.3,19.6,0.0
2069-12-29,30.7,20.343208200052587,6.6
2069-12-30,31.2,20.16850923985382,0.0
2069-12-31,32.4,20.0,0.0
2070-01-01,31.0,19.8,0.0
2070-01-02,31.5,20.2306414789897,0.0
2070-01-03,31.317361217899442,19.803541017698787,0.0
2070-01-04,32.0,19.5,0.0
2070-01-05,36.053826475227815,21.252880859375,0.0
2070-01-06,32.8532883327353,21.882336425781254,0.0
2070-01-07,32.7878393732807,22.030224609375,5.8
2070-01-08,29.1,21.049420166015626,6.4
2070-01-09,27.8,20.970166015625,0.0
2070-01-10,30.34791607652068,19.739001462950927,0.0
2070-01-11,31.998879366910693,19.97565134378308,0.0
2070-01-12,32.6,22.60029296875,3.8
2070-01-13,32.6,21.01868896484375,1.1
2070-01-14,32.6,21.04057006835938,0.0
2070-01-15,35.43171980730602,19.0,0.0
2070-01-16,37.29267578125,19.8,0.0
2070-01-17,38.23310546875,24.418133544921876,0.0
2070-01-18,38.3625,23.6740234375,1.8
2070-01-19,32.6,21.95283203125,11.0
2070-01-20,31.1,21.640576171875,23.4
2070-01-21,26.9,20.9826171875,34.0
2070-01-22,28.0,21.2892578125,33.0
2070-01-23,27.8,21.26142578125,1.0
2070-01-24,29.2,21.283642578125,3.4
2070-01-25,27.7,20.85029296875,14.9
2070-01-26,28.5,21.3654296875,59.9375
2070-01-27,28.6,20.16065815670966,27.4
2070-01-28,30.8,20.030335618069394,39.8
2070-01-29,27.2,19.801697824447313,17.950000000000003
2070-01-30,25.5,19.970467075018938,1.7
2070-01-31,28.2,19.937409227334562,0.0
2070-02-01,30.0,19.210698719083304,0.0
2070-02-02,31.8,19.2,0.0
2070-02-03,32.74795918367346,19.0,0.0
2070-02-04,30.6,19.850250650890235,4.0
2070-02-05,30.0,18.7,0.0
2070-02-06,30.1,18.4,0.0
2070-02-07,30.9,17.176400476758047,0.0
2070-02-08,31.0,18.8,0.0
2070-02-09,32.0,18.7,0.0
2070-02-10,31.8,19.0,4.0
2070-02-11,24.9,19.4,4.8
2070-02-12,24.5,19.1,1.6
2070-02-13,27.0,19.4,0.0
2070-02-14,32.02576580634175,19.861798077247,0.0
2070-02-15,32.172493937774846,19.0,0.0
2070-02-16,28.9,19.2,1.3386634844868741
2070-02-17,29.0,17.8,1.1
2070-02-18,24.0,17.8,0.8587112171837711
2070-02-19,29.2,17.2,0.0
2070-02-20,30.5,16.2,0.0
2070-02-21,32.0,16.0,0.0
2070-02-22,32.0,19.0,0.0
2070-02-23,31.679677913689208,19.995596296534913,0.0
2070-02-24,32.061829374685125,19.4,0.0
2070-02-25,32.0,19.799764902791175,0.0
2070-02-26,31.7,19.2,0.8
2070-02-27,34.151545015156785,18.8,0.0
2070-02-28,32.8,18.6,0.0
2070-03-01,32.5,19.0,0.0
2070-03-02,31.507692307692302,19.4,0.0
2070-03-03,32.0,19.0,0.0
2070-03-04,32.63168604651163,18.9,0.0
2070-03-05,32.5,19.122216383785922,0.0
2070-03-06,33.2,18.7,0.0
2070-03-07,33.2,18.5,0.0
2070-03-08,31.1,19.4,0.0
2070-03-09,29.39784946236559,19.548044682726907,0.0
2070-03-10,33.63379045529348,18.0,0.0
2070-03-11,34.30497627244816,17.9,0.0
2070-03-12,34.82069228621945,18.6,0.0
2070-03-13,34.30735833255793,19.9,0.0
2070-03-14,31.2,19.9,0.0
2070-03-15,28.0,19.45048997521231,0.8
2070-03-16,32.04802259887006,19.789190638069755,1.4
2070-03-17,33.2,20.27782781207531,19.280273437500004
2070-03-18,28.2,19.9,5.9
2070-03-19,30.58571428571429,19.8,17.888750000000005
2070-03-20,30.282352941176466,19.4,6.5875
2070-03-21,31.1,18.9,0.0
2070-03-22,30.2,18.8,0.0
2070-03-23,29.2,18.6,0.0
2070-03-24,30.1,19.0,0.0
2070-03-25,31.1,18.0,0.0
2070-03-26,31.1,19.2,0.0
2070-03-27,31.6,18.8,0.0
2070-03-28,30.5,17.7,0.0
2070-03-29,30.0,17.6,0.0
2070-03-30,31.6,16.9,0.0
2070-03-31,33.2,16.7,0.0
2070-04-01,36.5009765625,16.7,0.0
2070-04-02,33.88047337278106,19.0,0.0
2070-04-03,31.8,18.920181818181817,0.0
2070-04-04,34.02141882673943,19.7,0.0
2070-04-05,31.6,19.0,0.0
2070-04-06,31.1,17.7,0.0
2070-04-07,31.6,16.6,0.0
2070-04-08,32.7,16.6,0.0
2070-04-09,31.43181818181818,17.285897435897436,0.0
2070-04-10,32.0,16.3,0.0
2070-04-11,31.0,20.647967529296874,0.0
2070-04-12,32.4,22.292742919921874,0.0
2070-04-13,36.12646484375,20.814959716796874,0.0
2070-04-14,31.773170731707317,19.7,0.0
2070-04-15,31.125242718446604,19.184474885844754,0.0
2070-04-16,29.5,17.575862068965513,0.0
2070-04-17,28.2,18.4,4.4
2070-04-18,24.930434782608696,18.99181818181818,10.25
2070-04-19,27.3,19.7,0.0
2070-04-20,27.1,19.7,0.0
2070-04-21,28.9,16.1,0.0
2070-04-22,30.09629629629629,14.6,0.0
2070-04-23,30.9,15.3,0.0
2070-04-24,32.2,15.2,0.0
2070-04-25,33.755833333333335,17.0,0.0
2070-04-26,35.567626953125,18.0,0.0
2070-04-27,34.880231522707085,18.4,0.0
2070-04-28,31.1,17.8,0.0
2070-04-29,31.7,16.6,0.0
2070-04-30,34.0699863574352,16.6,0.0
2070-05-01,31.029195569113096,18.282583184822204,0.0
2070-05-02,30.7,16.100156511058117,0.0
2070-05-03,30.7,15.9,0.0
2070-05-04,31.026702937302467,16.2,0.0
2070-05-05,31.6,17.349149368475324,0.0
2070-05-06,29.1,17.8,0.0
2070-05-07,30.1,20.590087890625,0.0
2070-05-08,28.7,20.320556640625,0.0
2070-05-09,27.6,17.967148680379008,0.0
2070-05-10,29.93959034728106,18.0,0.0
2070-05-11,31.01268188336767,21.282958984375,0.0
2070-05-12,33.07311125518087,18.156693792608518,0.0
2070-05-13,34.072705078125,19.713134765625,0.0
2070-05-14,31.6,18.72894390623123,0.0
2070-05-15,31.0,16.5,0.0
2070-05-16,31.0,15.3,0.0
2070-05-17,33.39801727127195,15.0,0.0
2070-05-18,33.8,16.5,0.0
2070-05-19,28.6,19.802978515625,0.0
2070-05-20,27.901384914279696,19.9619140625,0.0
2070-05-21,28.6,12.4,0.0
2070-05-22,27.5,11.5,0.0
2070-05-23,26.9,11.7,0.0
2070-05-24,28.0,11.5,0.0
2070-05-25,28.9,11.2,0.0
2070-05-26,28.3,12.5,0.0
2070-05-27,27.6,14.7,0.0
2070-05-28,28.6,19.747802734375,0.0
2070-05-29,29.8,17.0,0.0
2070-05-30,29.63310010764262,14.5,0.0
2070-05-31,29.9,13.7,0.0
2070-06-01,29.20269215283513,14.0,0.0
2070-06-02,29.570761327018573,13.722736732570237,0.0
2070-06-03,27.0,14.355829118307563,0.0
2070-06-04,26.3,12.1,0.0
2070-06-05,28.938877157212556,11.331524926686225,0.0
2070-06-06,31.26420530000652,12.782317270085048,0.0
2070-06-07,31.116025701760112,13.2,0.0
2070-06-08,27.562654801631446,15.1,0.0
2070-06-09,25.5,13.2,0.0
2070-06-10,27.8,10.7,0.0
2070-06-11,28.935506469440593,11.7,0.0
2070-06-12,24.8,13.2,0.0
2070-06-13,25.0,12.3,0.0
2070-06-14,24.8,11.6,0.0
2070-06-15,25.3,10.0,0.0
2070-06-16,26.0,9.3,0.0
2070-06-17,24.2,11.106335950946052,0.0
2070-06-18,24.308027437893955,10.6,0.0
2070-06-19,25.2,10.4,0.0
2070-06-20,26.9,10.2,0.0
2070-06-21,27.8,9.2,0.0
2070-06-22,28.0,9.2,0.0
2070-06-23,27.8,12.9,0.0
2070-06-24,26.3,12.0,0.0
2070-06-25,26.020693663630258,10.9,0.0
2070-06-26,24.7,12.047400706667544,0.0
2070-06-27,25.4,11.9,0.0
2070-06-28,26.2,13.565451809199766,0.0
2070-06-29,27.2,13.354642295242964,0.0
2070-06-30,28.2,13.641128517282583,0.0
2070-07-01,27.6,15.0,0.0
2070-07-02,24.57875935614689,15.0,0.0
2070-07-03,22.6,12.874414582928932,0.0
2070-07-04,24.0,13.6,0.0
2070-07-05,25.8,12.7,0.0
2070-07-06,26.4,14.2,0.0
2070-07-07,24.0,14.2,0.0
2070-07-08,24.4,13.4,0.0
2070-07-09,23.524004305705056,12.1,0.0
2070-07-10,24.7,10.7,0.0
2070-07-11,27.145850790759287,10.4,0.0
2070-07-12,27.7,9.9,0.0
2070-07-13,27.0,13.9,0.0
2070-07-14,26.2,13.0,0.0
2070-07-15,27.5,12.694759641891357,0.0
2070-07-16,28.0,14.0,0.0
2070-07-17,26.2,15.0,0.0
2070-07-18,26.6,13.326726468125825,0.0
2070-07-19,28.422659484168932,14.0,0.0
2070-07-20,28.5,14.343918191603873,0.0
2070-07-21,28.401691933441757,14.4,0.0
2070-07-22,29.5,15.0,0.0
2070-07-23,31.15674661947152,15.2,0.0
2070-07-24,31.19534867960996,15.556818507065202,0.0
2070-07-25,28.7,17.194970703125,0.0
2070-07-26,28.06681531600798,15.2,0.0
2070-07-27,28.2,15.0,0.0
2070-07-28,27.6,14.2,0.0
2070-07-29,27.03471191433912,13.38053045878206,0.0
2070-07-30,27.2,13.494579165709167,0.0
2070-07-31,28.2,13.5,0.0
2070-08-01,29.5,12.3,0.0
2070-08-02,28.5,14.6,0.0
2070-08-03,28.7,13.9,0.0
2070-08-04,30.0,13.9,0.0
2070-08-05,29.5,15.0,0.0
2070-08-06,29.1,14.4,0.0
2070-08-07,30.2,13.4,0.0
2070-08-08,31.8,13.9,0.0
2070-08-09,36.540793575709316,15.2,0.0
2070-08-10,38.985595703125,16.9,0.0
2070-08-11,38.810302734375,17.86423895966361,0.0
2070-08-12,36.30179938245157,18.0,0.0
2070-08-13,37.32366104119113,16.753527058723982,0.0
2070-08-14,39.77197265625,16.9,0.0
2070-08-15,39.2509765625,16.0,0.0
2070-08-16,37.927001953125,17.4,0.0
2070-08-17,31.9,18.41165889247697,0.0
2070-08-18,32.5,17.66268548419248,0.0
2070-08-19,37.87646484375,17.7,0.0
2070-08-20,32.5,19.08321215103061,0.0
2070-08-21,28.2,17.49548757640205,0.0
2070-08-22,30.5,15.826172329343084,0.0
2070-08-23,31.5,15.896930329237962,0.0
2070-08-24,31.0,15.4,0.0
2070-08-25,31.2,15.0,0.0
2070-08-26,29.2,16.0,0.0
2070-08-27,30.0,15.7,0.0
2070-08-28,31.2,15.7,0.0
2070-08-29,31.5,16.0,0.0
2070-08-30,32.019955746920225,16.039662002152845,0.0
2070-08-31,31.2,17.19466934993213,0.0
2070-09-01,30.7,18.0,0.0
2070-09-02,31.6,17.8,0.0
2070-09-03,33.9,18.5,0.0
2070-09-04,33.636299592139416,19.361842090771926,0.0
2070-09-05,31.6,19.09018662711655,0.0
2070-09-06,32.8,18.2,0.0
2070-09-07,34.9,19.0,0.0
2070-09-08,33.64666913854901,20.0,0.0
2070-09-09,31.5,18.7,0.0
2070-09-10,30.7,17.0,0.0
2070-09-11,31.7,17.0,0.0
2070-09-12,33.4,17.8,0.0
2070-09-13,34.0,19.0,0.0
2070-09-14,35.33226179008042,18.1,0.0
2070-09-15,36.192455591010265,19.249416990128896,0.0
2070-09-16,34.0,20.5,0.0
2070-09-17,32.4,19.0,0.0
2070-09-18,33.1,18.6,0.0
2070-09-19,36.0,19.2,0.0
2070-09-20,40.66650390625,20.2,0.0
2070-09-21,42.197998046875,21.277540840761716,0.0
2070-09-22,42.72998046875,24.72021484375,0.0
2070-09-23,41.08984375,23.736083984375,0.0
2070-09-24,41.21435546875,22.813240770015522,0.0
2070-09-25,35.582295142751214,22.84148555292864,0.0
2070-09-26,33.7,20.2,0.0
2070-09-27,34.3,19.9,0.0
2070-09-28,34.9,19.6,0.0
2070-09-29,36.088970375302104,18.9,0.0
2070-09-30,40.4609375,17.8,0.0
2070-10-01,38.522314453125,20.6,0.0
2070-10-02,32.0,20.1,0.0
2070-10-03,32.8,18.0,0.0
2070-10-04,36.0,19.0,0.0
2070-10-05,37.684853733879336,20.5,0.0
2070-10-06,37.2,21.3,0.0
2070-10-07,38.0250042971716,20.8,0.0
2070-10-08,39.098974609375,20.70190835771969,0.0
2070-10-09,39.22861328125,21.0,0.0
2070-10-10,40.199560546875,21.0,0.0
2070-10-11,41.829443359375,21.7,0.0
2070-10-12,41.68955078125,23.0,0.0
2070-10-13,42.31064453125,23.323010133571042,0.0
2070-10-14,42.33896484375,23.950146484375,0.0
2070-10-15,40.727392578125,24.12470703125,0.0
2070-10-16,40.53671875,23.61558100975726,0.0
2070-10-17,39.278173828125,23.0,0.0
2070-10-18,38.937109375,21.9,0.0
2070-10-19,40.327734375,21.6,0.0
2070-10-20,40.396826171875,22.788842607759612,0.0
2070-10-21,41.233251953125,22.1,0.0
2070-10-22,42.5689453125,23.0,0.0
2070-10-23,40.930517578125,23.715254945812895,0.0
2070-10-24,38.603369140625,23.220364749686766,0.0
2070-10-25,36.0,22.11971495142455,0.0
2070-10-26,38.304375169020126,22.2,0.0
2070-10-27,40.451513671875,22.1,0.0
2070-10-28,39.391943359375,21.404852491498122,0.0
2070-10-29,39.742041015625,23.313846839591793,0.0
2070-10-30,39.605322265625,23.0,0.0
2070-10-31,39.53232421875,22.6,0.0
2070-11-01,41.121337890625,22.478026041887972,0.0
2070-11-02,42.01904296875,23.0,0.0
2070-11-03,42.673095703125,23.80719386374527,0.0
2070-11-04,43.412841796875,24.6158203125,0.0
2070-11-05,43.28125,25.805517578125,0.0
2070-11-06,43.5048828125,24.644873046875,0.0
2070-11-07,42.603759765625,24.776953125,0.0
2070-11-08,42.5400390625,23.825637720995523,0.0
2070-11-09,43.549072265625,25.367041015625,0.0
2070-11-10,43.68212890625,25.841650390625,0.0
2070-11-11,42.168701171875,22.48882009111056,0.0
2070-11-12,38.105481421394785,21.9,0.1
2070-11-13,39.686767578125,21.9,0.0
2070-11-14,40.66064453125,23.498762269092023,0.0
2070-11-15,43.096923828125,24.96494140625,0.0
2070-11-16,43.769287109375,25.7056640625,0.0
2070-11-17,42.5859375,26.581640625,0.0
2070-11-18,42.74169921875,26.882666015625,0.0
2070-11-19,42.065673828125,24.277685546875,0.0
2070-11-20,42.357177734375,23.588047305326267,0.0
2070-11-21,42.532958984375,24.14072265625,0.0
2070-11-22,37.90720541702208,23.47025812606889,0.0
2070-11-23,36.37657014364826,21.7,0.0
2070-11-24,33.5,20.6,11.280314960629925
2070-11-25,31.5,20.3,8.329133858267717
2070-11-26,30.3,20.0,15.610629921259841
2070-11-27,31.9,21.122813455243726,0.0
2070-11-28,31.568705371559794,20.406036460992503,0.0
2070-11-29,31.351233996162176,21.1,2.5
2070-11-30,31.748507230255846,20.0,0.0
2070-12-01,26.3,20.407633577712886,13.470638297872343
2070-12-02,27.0,20.38422953617051,30.898553191489363
2070-12-03,27.5,20.5,43.1
2070-12-04,28.2,20.5,41.537404255319146
2070-12-05,29.8,20.325318145459427,38.24936170212765
2070-12-06,29.5,20.30266783344046,0.0
2070-12-07,31.2,19.9,0.0
2070-12-08,31.0,19.2,0.0
2070-12-09,31.4,18.5,0.0
2070-12-10,31.8,19.0,0.0
2070-12-11,32.4,20.153067154807914,0.0
2070-12-12,32.4,20.935991762582045,0.0
2070-12-13,32.87789049544699,19.9,0.0
2070-12-14,33.690000704720646,19.4,0.0
2070-12-15,33.7,19.8,0.0
2070-12-16,34.89287109375,19.6,0.0
2070-12-17,34.985400390625,20.5,0.0
2070-12-18,31.6,20.5,0.2
2070-12-19,32.4,19.9,0.0
2070-12-20,32.9,19.4,0.0
2070-12-21,34.14400430570505,18.9,0.0
2070-12-22,34.553759765625,20.0,0.0
2070-12-23,33.7,20.59619553460101,0.0
2070-12-24,34.17932369986191,20.5,0.0
2070-12-25,33.7,20.872399126392555,2.4
2070-12-26,32.1,20.5,5.6
2070-12-27,33.645793577645705,20.89841868426665,0.0
2070-12-28,33.7,21.031633777198973,0.0
2070-12-29,33.7,21.08812171726029,0.0
2070-12-30,33.7,20.999962543242816,0.0
2070-12-31,33.7,20.98400806480611,0.0
