date,tmax_C,tmin_C,precip_mm_day
2041-01-01,28.0,19.3,5.368971962616824
2041-01-02,27.3,19.2,2.7
2041-01-03,25.9,19.2,39.36168224299067
2041-01-04,26.4,19.0,3.2
2041-01-05,25.0,19.12992410375219,19.054870197300115
2041-01-06,25.0,19.0,8.636635514018694
2041-01-07,27.6,18.8,1.8203115264797507
2041-01-08,28.9,18.9,19.345919003115277
2041-01-09,27.2,19.0,32.25588785046729
2041-01-10,27.5,18.9,23.4
2041-01-11,27.8,18.7,28.3
2041-01-12,28.4,18.9,8.97093457943925
2041-01-13,28.4,18.9,43.41401869158879
2041-01-14,25.0,18.8,1.9
2041-01-15,24.0,18.5,14.083738317757007
2041-01-16,24.2,18.3,6.4
2041-01-17,24.6,18.5,1.0
2041-01-18,26.5,18.3,1.7
2041-01-19,29.1,18.4,1.4
2041-01-20,29.7,18.2,5.301806853582552
2041-01-21,29.2,18.9,35.72485981308412
2041-01-22,28.0,18.9,41.1767476635514
2041-01-23,27.0,18.95775417412298,7.211214953271038
2041-01-24,25.0,19.2,22.0
2041-01-25,27.1,18.7,1.1
2041-01-26,29.2,18.4,0.0
2041-01-27,27.9,19.2,16.94959501557633
2041-01-28,25.2,17.5,3.9771339563862935
2041-01-29,27.8,16.6,0.0
2041-01-30,28.6,18.1,0.0
2041-01-31,29.601579769250595,16.6,0.0
2041-02-01,28.8,16.5,0.0
2041-02-02,29.4,17.6,0.0
2041-02-03,30.5,17.0,0.0
2041-02-04,30.0,18.9,0.0
2041-02-05,29.1,17.6,0.0
2041-02-06,29.9,17.4,0.0
2041-02-07,31.0,17.2,0.0
2041-02-08,32.189243592039894,16.1,0.0
2041-02-09,31.687838623807885,16.487849541606142,0.0
2041-02-10,32.8,16.5,0.0
2041-02-11,32.662765932968554,18.0,0.0
2041-02-12,32.805997290712305,19.0,0.0
2041-02-13,33.25367306000181,19.0,8.4
2041-02-14,32.49651569328564,18.75240468137697,2.5
2041-02-15,32.0,19.0,22.361111111111093
2041-02-16,29.0,18.9,13.5
2041-02-17,26.0,19.2,26.644791666666666
2041-02-18,27.0,19.0,16.622222222222224
2041-02-19,26.2,19.0,11.769444444444451
2041-02-20,28.7,19.0,24.694290123456792
2041-02-21,27.5,18.8,18.527777777777782
2041-02-22,30.4,19.0,17.302083333333332
2041-02-23,24.9,18.6,43.48782051282051
2041-02-24,23.5,17.9,10.4
2041-02-25,26.6,17.9,6.5
2041-02-26,26.1,18.7,26.5138888888889
2041-02-27,23.838528542689037,18.4,36.058730158730164
2041-02-28,24.9,18.6,10.166666666666664
2041-03-01,28.1,18.0,13.937423312883437
2041-03-02,28.9,17.3,0.0
2041-03-03,28.0,17.0,0.0
2041-03-04,26.5,17.9,0.0
2041-03-05,26.2,16.0,0.0
2041-03-06,27.5,15.2,0.0
2041-03-07,27.7,14.5,0.0
2041-03-08,27.7,14.148197849030435,0.0
2041-03-09,28.612162162162168,15.0,0.0
2041-03-10,28.0,16.1,0.0
2041-03-11,27.5,17.9,0.0
2041-03-12,27.5,17.8,1.8
2041-03-13,28.478431372549014,17.0,0.0
2041-03-14,28.2,16.2,0.0
2041-03-15,27.2,16.5,0.0
2041-03-16,27.8,15.577824573871057,0.0
2041-03-17,29.7,16.1,0.0
2041-03-18,30.3,16.2,0.0
2041-03-19,29.4,17.7,0.0
2041-03-20,29.9,17.5,0.0
2041-03-21,29.7,17.4,2.837510955302367
2041-03-22,28.0,18.3,0.0
2041-03-23,28.2,17.3,0.0
2041-03-24,29.5,16.4,0.0
2041-03-25,29.9,16.6,0.0
2041-03-26,29.7,18.5,3.078732106339469
2041-03-27,29.2,18.19889712141094,0.9
2041-03-28,28.8,17.0,0.0
2041-03-29,29.5,16.7,0.0
2041-03-30,29.2,18.31147493059883,0.0
2041-03-31,29.0,16.9,0.0
2041-04-01,29.9,16.0,0.0
2041-04-02,30.3,15.6,0.0
2041-04-03,24.319607843137256,15.9,0.0
2041-04-04,29.0,17.6,0.3
2041-04-05,30.1,16.5,0.0
2041-04-06,28.3,16.5,0.0
2041-04-07,27.725974025974022,15.0,0.0
2041-04-08,28.9,14.3,0.0
2041-04-09,29.5,14.8,0.0
2041-04-10,30.4,15.9,0.0
2041-04-11,31.5,15.7,0.0
2041-04-12,30.9,16.8,0.0
2041-04-13,29.0,16.6,0.0
2041-04-14,29.4,15.9,0.0
2041-04-15,30.4,15.9,0.0
2041-04-16,31.389922480620154,15.9,0.0
2041-04-17,30.6,17.8,0.0
2041-04-18,30.0,17.4,0.0
2041-04-19,27.2,17.7,1.6
2041-04-20,24.51492537313433,17.8,0.0
2041-04-21,26.5,15.9,0.0
2041-04-22,26.6,15.0,0.0
2041-04-23,27.0,14.3,0.0
2041-04-24,27.4,14.7,0.0
2041-04-25,28.0,14.7,0.0
2041-04-26,29.4,14.3,0.0
2041-04-27,28.0,16.1,0.0
2041-04-28,27.8,15.2,0.0
2041-04-29,25.4,15.3,1.2
2041-04-30,27.6,14.4,0.0
2041-05-01,28.0,16.9,0.0
2041-05-02,28.6,15.1,0.0
2041-05-03,27.9,13.6,0.0
2041-05-04,29.3,14.0,0.0
2041-05-05,30.1,15.2,0.0
2041-05-06,30.1,15.7,0.0
2041-05-07,30.5,15.7,0.0
2041-05-08,30.6,15.6,0.0
2041-05-09,30.0,15.6,0.0
2041-05-10,29.1,15.587562068127355,0.0
2041-05-11,29.1,14.7,0.0
2041-05-12,29.3,15.0,0.0
2041-05-13,28.6,14.9,0.0
2041-05-14,29.53931996154445,14.6,0.0
2041-05-15,31.0,14.1,0.0
2041-05-16,30.986948693566045,17.9,0.0
2041-05-17,27.6,15.286431963528129,0.0
2041-05-18,27.8,13.4,0.0
2041-05-19,27.5,13.0,0.0
2041-05-20,26.4,12.0,0.0
2041-05-21,26.8,10.5,0.0
2041-05-22,25.2,11.7,0.0
2041-05-23,24.2,10.0,0.0
2041-05-24,25.3,8.5,0.0
2041-05-25,25.9,10.3,0.0
2041-05-26,28.3,11.8,0.0
2041-05-27,30.4,12.0,0.0
2041-05-28,30.1,12.5,0.0
2041-05-29,27.4,14.0,0.0
2041-05-30,24.2,11.4,0.0
2041-05-31,24.2,9.0,0.0
2041-06-01,26.6,11.0,0.0
2041-06-02,27.5,10.7,0.0
2041-06-03,27.1,9.8,0.0
2041-06-04,27.3,9.4,0.0
2041-06-05,24.8,12.9,0.0
2041-06-06,24.8,11.0,0.0
2041-06-07,25.4,10.0,0.0
2041-06-08,25.6,10.7,0.0
2041-06-09,28.0,11.4,0.0
2041-06-10,28.5,13.317681262008294,0.0
2041-06-11,27.0,14.1,0.0
2041-06-12,26.686976982972535,12.569612068965519,0.0
2041-06-13,25.0,14.806515572858766,0.0
2041-06-14,25.6,16.8637364887104,0.0
2041-06-15,25.2,17.20058290129987,0.0
2041-06-16,25.3,16.85999933857607,0.0
2041-06-17,26.1,16.06506778082242,0.0
2041-06-18,26.6,13.0,0.0
2041-06-19,26.3,12.6,0.0
2041-06-20,26.9,12.2,0.0
2041-06-21,27.787430478309233,10.9,0.0
2041-06-22,27.5,12.1,0.0
2041-06-23,26.0,12.4,0.0
2041-06-24,25.3,11.5,0.0
2041-06-25,26.3,10.2,0.0
2041-06-26,26.9,8.0,0.0
2041-06-27,26.6,4.9,0.0
2041-06-28,26.5,7.3,0.0
2041-06-29,26.9,7.209882961744933,0.0
2041-06-30,26.9,4.9,0.0
2041-07-01,25.6,11.8,0.0
2041-07-02,24.179378098515734,10.6,0.0
2041-07-03,22.7,10.5,0.0
2041-07-04,26.23046286329385,12.2,0.0
2041-07-05,28.640335229893886,10.4,0.0
2041-07-06,29.2,10.407212055974153,0.0
2041-07-07,28.2,13.8,0.0
2041-07-08,26.0,14.2,0.0
2041-07-09,24.1,12.8,0.0
2041-07-10,23.5,11.2,0.0
2041-07-11,23.8,10.1,0.0
2041-07-12,24.1,9.8,0.0
2041-07-13,25.114249192680294,8.4,0.0
2041-07-14,25.685395326226605,9.0,0.0
2041-07-15,25.2,10.6,0.0
2041-07-16,25.0,10.5,0.0
2041-07-17,24.6,10.5,0.0
2041-07-18,24.7,10.4,0.0
2041-07-19,25.8,10.0,0.0
2041-07-20,28.5,9.105130965195551,0.0
2041-07-21,29.0,9.5,0.0
2041-07-22,27.6,9.8,0.0
2041-07-23,18.9,12.745152915848784,0.0
2041-07-24,21.9,10.7,0.0
2041-07-25,25.7,8.53100107642626,0.0
2041-07-26,25.2,11.7,0.0
2041-07-27,27.0,10.2,0.0
2041-07-28,28.5,11.380599294064636,0.0
2041-07-29,29.2,12.2,0.0
2041-07-30,30.2,13.6,0.0
2041-07-31,31.216006458557576,15.0,0.0
2041-08-01,31.58037454741168,15.2,0.0
2041-08-02,32.38778256189448,15.010003819577063,0.0
2041-08-03,28.9,16.4,0.0
2041-08-04,25.1,14.4,0.0
2041-08-05,25.9,12.2,0.0
2041-08-06,28.0,11.097386803472045,0.0
2041-08-07,30.1,11.0,0.0
2041-08-08,31.9,7.7,0.0
2041-08-09,29.517635342877206,11.0,0.0
2041-08-10,21.34361679224973,16.9,0.0
2041-08-11,20.573604490235276,12.4,0.0
2041-08-12,20.7,10.2,0.0
2041-08-13,23.429702067103317,7.7,0.0
2041-08-14,24.6,8.0,0.0
2041-08-15,25.0,9.2,0.0
2041-08-16,26.0,9.7491114405833,0.0
2041-08-17,27.1,10.7,0.0
2041-08-18,29.1,11.9,0.0
2041-08-19,32.9,13.7,0.0
2041-08-20,40.0048828125,15.4,0.0
2041-08-21,39.680419921875,16.4,0.0
2041-08-22,32.273323624390535,25.752685546875,0.0
2041-08-23,27.1,18.40269325253252,0.0
2041-08-24,30.2,15.2,0.0
2041-08-25,30.9,14.345700626859994,0.0
2041-08-26,32.1,12.8,0.0
2041-08-27,33.203853606027984,14.218935742032096,0.0
2041-08-28,31.9,18.902573138708135,0.0
2041-08-29,29.2,18.281815572299962,0.0
2041-08-30,30.586000640037238,16.0,0.0
2041-08-31,32.9,14.6,0.0
2041-09-01,32.6,16.4,0.0
2041-09-02,30.767161429365963,17.2,0.0
2041-09-03,31.9,15.452373007044866,0.0
2041-09-04,31.3,17.5,0.0
2041-09-05,30.3,17.1,0.0
2041-09-06,31.4,16.4,0.0
2041-09-07,31.3,17.6,0.0
2041-09-08,30.9,16.2,0.0
2041-09-09,33.3,13.9,0.0
2041-09-10,34.7,13.1,0.0
2041-09-11,34.8,13.5,0.0
2041-09-12,34.7,18.0,0.0
2041-09-13,35.3,17.7,0.0
2041-09-14,35.1,19.2,0.0
2041-09-15,31.9,20.5,0.0
2041-09-16,29.0,17.5,0.0
2041-09-17,29.2,16.3,0.0
2041-09-18,31.1,16.4,0.0
2041-09-19,31.4,18.2,0.0
2041-09-20,31.6,17.7,0.0
2041-09-21,32.6,17.5,0.0
2041-09-22,33.7,15.9,0.0
2041-09-23,34.7,16.7,0.0
2041-09-24,35.4,18.6,0.0
2041-09-25,34.9,20.5,0.0
2041-09-26,35.2,20.2,0.0
2041-09-27,34.5,20.5,0.0
2041-09-28,34.9,20.0,0.0
2041-09-29,34.7,20.6,0.0
2041-09-30,33.9,19.4,0.0
2041-10-01,32.0,17.2,0.0
2041-10-02,32.6,18.0,0.0
2041-10-03,33.0,18.7,0.0
2041-10-04,33.4,18.8,0.0
2041-10-05,26.83417911438135,18.7,0.0
2041-10-06,22.887828711055104,15.7,0.0
2041-10-07,25.7,14.9,0.0
2041-10-08,30.1,15.00661534141433,0.0
2041-10-09,32.9,17.8,0.0
2041-10-10,32.5,20.2,0.0
2041-10-11,33.2,19.6,0.0
2041-10-12,33.2,17.9,0.0
2041-10-13,33.3,17.9,0.0
2041-10-14,33.8,18.0,0.0
2041-10-15,35.2,19.6,0.0
2041-10-16,35.6,21.5,0.0
2041-10-17,35.1,21.571382198600638,0.0
2041-10-18,35.5,21.3,0.0
2041-10-19,36.4,21.6,0.0
2041-10-20,37.99255591436426,22.0,0.0
2041-10-21,37.2,22.963928407369057,0.0
2041-10-22,37.522557758488105,22.6,0.0
2041-10-23,38.087817070331404,22.98948907461622,0.0
2041-10-24,35.7,23.00663809150011,0.0
2041-10-25,35.7,21.95631538711869,0.0
2041-10-26,35.4,22.0,0.0
2041-10-27,34.2,20.0,2.5064
2041-10-28,34.2,20.0,0.0
2041-10-29,34.7,20.466442411194826,0.0
2041-10-30,35.8,19.5,0.0
2041-10-31,38.0,20.7,0.0
2041-11-01,36.0,21.9,0.0
2041-11-02,33.3,20.6,0.0
2041-11-03,33.9,20.0,0.0
2041-11-04,36.451193738300006,19.5,0.0
2041-11-05,36.8,20.3,0.0
2041-11-06,36.658230011666085,20.5,0.0
2041-11-07,36.5,21.2,0.0
2041-11-08,34.6,21.3,0.0
2041-11-09,37.56906831345172,21.0,0.0
2041-11-10,32.8,20.5,0.0
2041-11-11,32.8,19.5,2.5
2041-11-12,27.6,18.0,13.026877470355734
2041-11-13,27.3,18.7,10.160813099943534
2041-11-14,30.0,19.0,3.141254940711463
2041-11-15,29.7,19.0,15.916106719367589
2041-11-16,30.0,18.1,2.5
2041-11-17,28.8,17.9,33.90604178430265
2041-11-18,26.9,17.9,1.4
2041-11-19,27.0,17.8,2.5
2041-11-20,28.5,17.5,3.4
2041-11-21,27.0,17.9,23.574816487859962
2041-11-22,23.2,17.5,6.580999435347259
2041-11-23,22.245385480966387,16.82882172370827,2.8525691699604736
2041-11-24,25.111467902858788,16.4,0.0
2041-11-25,29.2,17.4,0.8802371541501977
2041-11-26,29.6,18.0,2.5
2041-11-27,27.0,17.0,0.0
2041-11-28,28.4,18.2,0.0
2041-11-29,29.429420412735208,17.2,0.0
2041-11-30,30.0,16.3,0.0
2041-12-01,30.7,16.6,0.0
2041-12-02,30.7,15.4,0.0
2041-12-03,30.9,15.0,0.0
2041-12-04,31.5,16.1,0.0
2041-12-05,30.53775565123788,19.5,0.0
2041-12-06,30.0,18.5,0.0
2041-12-07,30.7,18.3,0.0
2041-12-08,30.8,18.4,0.0
2041-12-09,30.7,18.5,1.0
2041-12-10,30.8,18.6,0.0
2041-12-11,28.2,18.7,2.0
2041-12-12,28.68698869752421,18.6,0.8
2041-12-13,30.0,19.0,8.0
2041-12-14,28.6,18.8,1.1
2041-12-15,29.2,19.2,0.0
2041-12-16,30.9,18.6,0.0
2041-12-17,30.4,19.2,9.9
2041-12-18,30.5,19.4,3.362500000000001
2041-12-19,30.8,19.2,0.0
2041-12-20,30.4,19.5,2.5
2041-12-21,29.7,19.4,1.0
2041-12-22,30.3,19.2,0.0
2041-12-23,30.7,18.6,0.0
2041-12-24,30.2,18.0,0.0
2041-12-25,30.2,17.963458991540747,0.0
2041-12-26,28.0,19.5,0.0
2041-12-27,31.0,19.410664203262364,0.0
2041-12-28,31.1,19.5,0.0
2041-12-29,31.7,19.0,0.0
2041-12-30,31.0,19.4,10.4
2041-12-31,26.5,19.0,3.4
2042-01-01,28.3,16.4,0.0
2042-01-02,29.5,15.2,0.0
2042-01-03,31.1,15.9,0.0
2042-01-04,30.9,17.3,0.0
2042-01-05,31.1,17.9,0.0
2042-01-06,32.6,18.7,0.0
2042-01-07,36.79207013028056,19.3832134229525,0.0
2042-01-08,37.477734375,20.723786162164917,0.0
2042-01-09,34.99674762581679,20.249855674069025,2.8
2042-01-10,32.6,19.5,6.43981308411215
2042-01-11,30.6,19.4,3.7
2042-01-12,29.6,19.2,0.0
2042-01-13,31.69237162470429,18.1,0.0
2042-01-14,31.9,19.2,0.0
2042-01-15,31.7,19.37426497242522,0.0
2042-01-16,31.9,19.6,0.0
2042-01-17,31.7,19.0,0.0
2042-01-18,30.90235641258246,19.239470379092513,3.5
2042-01-19,31.6,18.7,0.0
2042-01-20,31.7,19.6,0.0
2042-01-21,31.9,19.9,0.0
2042-01-22,29.2,19.6,8.737383177570097
2042-01-23,29.933265792861814,19.0,16.91601246105919
2042-01-24,31.1,19.0,29.049158878504674
2042-01-25,30.0,19.1,9.76311526479751
2042-01-26,29.9,19.2,3.2
2042-01-27,27.048014897110935,18.5,22.0
2042-01-28,23.372634660925726,17.6,3.8
2042-01-29,25.1,17.3,0.0
2042-01-30,28.3,17.9,3.2
2042-01-31,28.4,19.0,16.81526479750779
2042-02-01,24.5,18.9,5.4736111111111105
2042-02-02,25.0,18.9,1.2
2042-02-03,25.5,18.7,3.8
2042-02-04,26.8,18.4,0.0
2042-02-05,28.6,18.1,0.3
2042-02-06,28.7,17.0,0.0
2042-02-07,29.0,16.7,0.0
2042-02-08,30.2,15.6,0.0
2042-02-09,31.4,16.2,0.0
2042-02-10,32.0,17.9,0.0
2042-02-11,31.9,18.6,0.0
2042-02-12,32.0,18.6,10.54537037037037
2042-02-13,31.376868239368513,19.0,9.961111111111112
2042-02-14,30.8,19.0,14.354687500000002
2042-02-15,29.5,19.0,18.643750000000008
2042-02-16,30.7,19.0,5.268055555555556
2042-02-17,28.7,19.0,0.0
2042-02-18,30.5,19.0,0.0
2042-02-19,31.889740089968846,19.0,0.0
2042-02-20,32.1,19.607369959745416,1.0
2042-02-21,31.7,19.1,1.9
2042-02-22,31.612896514229543,19.475188987170814,0.5291666666666666
2042-02-23,31.253893470779396,19.1,6.601388888888888
2042-02-24,29.0,18.8,16.925555555555555
2042-02-25,26.5,18.9,4.5
2042-02-26,27.6,19.0,24.0
2042-02-27,28.8,18.9,17.4
2042-02-28,28.5,18.9,8.1
2042-03-01,26.2,18.5,0.0
2042-03-02,29.4,17.8,0.2
2042-03-03,30.7,17.6,0.0
2042-03-04,32.9,19.3,4.0
2042-03-05,29.9,19.4,38.25000748166993
2042-03-06,30.90392156862745,19.4,38.90797546012273
2042-03-07,28.9,18.8,0.0
2042-03-08,27.4,18.2,0.0
2042-03-09,28.1,17.6,0.0
2042-03-10,29.7,17.385565256681073,0.0
2042-03-11,30.8,17.9,0.0
2042-03-12,29.5,17.6,0.0
2042-03-13,28.0,18.0,0.0
2042-03-14,28.0,18.0,0.0
2042-03-15,29.2,16.4,0.0
2042-03-16,30.6,17.4,0.0
2042-03-17,30.9,19.8,0.0
2042-03-18,30.0,19.632423196110405,0.0
2042-03-19,24.9,18.0,0.1
2042-03-20,27.0,16.5,0.0
2042-03-21,27.3,15.2,0.0
2042-03-22,28.2,14.5,0.0
2042-03-23,29.2,15.0,0.0
2042-03-24,30.1,15.88800042644363,0.0
2042-03-25,30.6,16.5,0.0
2042-03-26,29.6,17.8,0.0
2042-03-27,29.9,19.3,0.0
2042-03-28,28.0,18.0,0.0
2042-03-29,27.5,13.9,0.0
2042-03-30,29.095161290322583,11.838518438762085,0.0
2042-03-31,30.2,13.5,0.0
2042-04-01,30.140000000000004,16.0,0.0
2042-04-02,30.884931506849316,16.3,0.0
2042-04-03,30.1,16.3,0.0
2042-04-04,29.9,15.2,0.0
2042-04-05,30.6,14.7,0.0
2042-04-06,32.464107142857145,14.3,0.0
2042-04-07,31.205102040816325,18.0,0.0
2042-04-08,29.2,18.8,0.0
2042-04-09,31.8,18.2,0.0
2042-04-10,31.228571428571428,17.83349191246432,0.0
2042-04-11,31.4,17.849857278782107,0.0
2042-04-12,32.5,17.2,0.0
2042-04-13,31.4,18.4,0.0
2042-04-14,29.2,17.855185537583253,0.0
2042-04-15,30.0,17.6,0.0
2042-04-16,30.7,16.7,0.0
2042-04-17,29.9,16.7,0.0
2042-04-18,29.97513812154696,15.9,0.0
2042-04-19,29.5,17.8,0.0
2042-04-20,29.9,17.2,0.0
2042-04-21,29.8,16.4,0.0
2042-04-22,29.4,15.9,0.0
2042-04-23,29.9,16.6,0.0
2042-04-24,31.2,17.8,0.0
2042-04-25,32.5,18.2,0.0
2042-04-26,32.84436906377205,18.3,0.0
2042-04-27,28.7,18.8,0.0
2042-04-28,27.6,16.0,0.0
2042-04-29,27.9,13.7,0.0
2042-04-30,28.9,13.2,0.0
2042-05-01,30.6,13.0,0.0
2042-05-02,30.8,14.0,0.0
2042-05-03,30.7,14.70299571460485,0.0
2042-05-04,30.3,15.0,0.0
2042-05-05,27.8,15.2,0.0
2042-05-06,25.9,13.7,0.0
2042-05-07,27.6,13.0,0.0
2042-05-08,29.6,12.8,0.0
2042-05-09,30.6,12.5,0.0
2042-05-10,30.735116252202815,15.6,0.0
2042-05-11,29.5,15.0,0.0
2042-05-12,28.6,14.3,0.0
2042-05-13,28.6,14.0,0.0
2042-05-14,29.0,13.4,0.0
2042-05-15,29.6,12.866355699079044,0.0
2042-05-16,30.7,12.2,0.0
2042-05-17,29.9,15.3,0.0
2042-05-18,28.5,14.7,0.0
2042-05-19,27.9,14.1,0.0
2042-05-20,27.19214756162084,12.9,0.0
2042-05-21,27.6,12.6,0.0
2042-05-22,29.2,13.6,0.0
2042-05-23,29.7,14.1,0.0
2042-05-24,30.0,14.0,0.0
2042-05-25,29.6,13.5,0.0
2042-05-26,29.2,13.0,0.0
2042-05-27,29.6,11.4,0.0
2042-05-28,30.1,15.5,0.0
2042-05-29,30.8,17.5,0.0
2042-05-30,30.57341076576813,19.6337890625,0.0
2042-05-31,29.9,17.5,0.0
2042-06-01,29.823536044615793,16.46600583042256,0.0
2042-06-02,29.5,14.4,0.0
2042-06-03,28.5,13.8,0.0
2042-06-04,26.2,14.7,0.0
2042-06-05,26.0,15.0,0.0
2042-06-06,22.6,14.1,0.0
2042-06-07,26.0,12.7,0.0
2042-06-08,26.5,12.4,0.0
2042-06-09,26.073710471952968,12.171857619577311,0.0
2042-06-10,25.9,12.0,0.0
2042-06-11,26.0,10.9,0.0
2042-06-12,27.0,11.1,0.0
2042-06-13,28.0,12.2,0.0
2042-06-14,28.2,12.769454566376448,0.0
2042-06-15,28.4,12.9,0.0
2042-06-16,27.8,12.7,0.0
2042-06-17,27.7,12.7,0.0
2042-06-18,29.142751205042646,13.0,0.0
2042-06-19,28.0,11.8,0.0
2042-06-20,27.180182281387925,7.9,0.0
2042-06-21,26.1,11.0,0.0
2042-06-22,26.3,7.4,0.0
2042-06-23,26.2,7.9,0.0
2042-06-24,26.9,7.3,0.0
2042-06-25,27.7,6.517375110922249,0.0
2042-06-26,27.9,6.5,0.0
2042-06-27,28.4,6.5,0.0
2042-06-28,27.7,3.2,0.0
2042-06-29,25.2,12.9,0.0
2042-06-30,22.9,10.8,0.0
2042-07-01,22.7,9.1,0.0
2042-07-02,24.2,8.3,0.0
2042-07-03,26.1,5.0,0.0
2042-07-04,27.2,5.8,0.0
2042-07-05,27.0,6.5,0.0
2042-07-06,26.7,8.3,0.0
2042-07-07,26.6,9.3,0.0
2042-07-08,25.9,11.0,0.0
2042-07-09,25.5,10.5,0.0
2042-07-10,25.474533757228325,9.2,0.0
2042-07-11,24.7,8.9,0.0
2042-07-12,25.4,5.1,0.0
2042-07-13,26.4,6.96710620739146,0.0
2042-07-14,27.6,6.6239397201291705,0.0
2042-07-15,27.9,8.9,0.0
2042-07-16,28.3,10.342195909580187,0.0
2042-07-17,29.16172570701633,9.0,0.0
2042-07-18,30.19361573532021,9.2,0.0
2042-07-19,29.0,11.5,0.0
2042-07-20,25.6,14.2,0.0
2042-07-21,26.5,11.7,0.0
2042-07-22,27.9,12.1,0.0
2042-07-23,28.5,12.0,0.0
2042-07-24,28.5,13.5,0.0
2042-07-25,28.6,13.0,0.0
2042-07-26,28.5,13.4,0.0
2042-07-27,27.7,13.0,0.0
2042-07-28,27.9,12.2,0.0
2042-07-29,26.4,13.0,0.0
2042-07-30,26.7,11.7,0.0
2042-07-31,27.5,11.6,0.0
2042-08-01,24.9,13.7,0.0
2042-08-02,23.5,12.0,0.0
2042-08-03,24.7,15.2,0.0
2042-08-04,26.9,13.0,0.0
2042-08-05,27.7,13.6,0.0
2042-08-06,30.2,11.9,0.0
2042-08-07,31.4,10.9,0.0
2042-08-08,30.4,13.6,0.0
2042-08-09,29.1,13.4,0.0
2042-08-10,27.1,14.6,0.0
2042-08-11,28.5,13.686243272335838,0.0
2042-08-12,29.6,14.5,0.0
2042-08-13,30.0,16.4,0.0
2042-08-14,28.3,15.8,0.0
2042-08-15,27.9,14.1,0.0
2042-08-16,28.480516684607096,14.0,0.0
2042-08-17,29.1,13.4,0.0
2042-08-18,29.6,13.0,0.0
2042-08-19,27.9,16.18940639029641,0.0
2042-08-20,26.3,18.539907344351448,0.0
2042-08-21,29.1,15.8,0.0
2042-08-22,31.5,16.4,0.0
2042-08-23,32.52006062741652,16.43284485606794,0.0
2042-08-24,32.5,18.419931137877324,0.0
2042-08-25,29.1,19.175330804169178,0.0
2042-08-26,28.7,16.9,0.0
2042-08-27,28.8,14.6,0.0
2042-08-28,30.9,14.2,0.0
2042-08-29,29.9,16.1,0.0
2042-08-30,28.6,15.0,0.0
2042-08-31,30.7,13.9,0.0
2042-09-01,30.3,13.6,0.0
2042-09-02,28.9,16.2,0.0
2042-09-03,30.0,14.5,0.0
2042-09-04,29.6,17.0,0.0
2042-09-05,27.0,16.3,0.0
2042-09-06,30.1,14.5,0.0
2042-09-07,31.9,14.5,0.0
2042-09-08,32.5,17.2,0.0
2042-09-09,30.0,17.7,0.0
2042-09-10,29.6,15.6,0.0
2042-09-11,30.2,14.5,0.0
2042-09-12,31.1,14.2,0.0
2042-09-13,30.0,16.4,0.0
2042-09-14,30.3,14.5,0.0
2042-09-15,33.0,14.5,0.0
2042-09-16,33.7,15.5,0.0
2042-09-17,32.8,19.5,0.0
2042-09-18,30.7,18.8,0.0
2042-09-19,30.7,16.5,0.0
2042-09-20,32.0,16.5,0.0
2042-09-21,33.2,17.6,0.0
2042-09-22,34.6,18.6,0.0
2042-09-23,31.5,19.7576376852834,0.0
2042-09-24,31.0,17.7,0.0
2042-09-25,33.1,16.9,0.0
2042-09-26,34.0,18.6,0.0
2042-09-27,31.0,19.4,0.0
2042-09-28,30.0,17.7,0.0
2042-09-29,31.9,16.7,0.0
2042-09-30,34.6,16.7,0.0
2042-10-01,34.6,15.5,0.0
2042-10-02,35.6,16.8,0.0
2042-10-03,36.368955528378756,18.5,0.0
2042-10-04,34.1,21.0,0.0
2042-10-05,33.0,18.2,0.0
2042-10-06,33.4,17.1,0.0
2042-10-07,31.6,18.6,0.0
2042-10-08,32.0,16.485522066738426,0.0
2042-10-09,34.0,16.7,0.0
2042-10-10,34.0,17.1,0.0
2042-10-11,35.4,16.9,0.0
2042-10-12,35.4,18.2,0.0
2042-10-13,33.8,19.7,0.0
2042-10-14,33.3,19.6,0.0
2042-10-15,33.5,19.4,0.0
2042-10-16,33.5,18.0,0.0
2042-10-17,36.0,17.4,0.0
2042-10-18,38.151506907907766,18.6,0.0
2042-10-19,37.686999162779514,20.2,0.0
2042-10-20,36.6,22.490677442693507,0.0
2042-10-21,34.7,20.9,0.0
2042-10-22,35.5,19.6,0.0
2042-10-23,36.0,19.4,0.0
2042-10-24,38.155513204142395,20.7,0.0
2042-10-25,35.06687232534327,22.1,0.0
2042-10-26,35.5,20.3,0.0
2042-10-27,38.0,20.6,0.0
2042-10-28,38.68662109375,21.603307319698594,0.0
2042-10-29,38.487890625,23.620611453665344,0.0
2042-10-30,35.86661396663077,22.735106042533378,0.0
2042-10-31,34.2,21.5,0.0
2042-11-01,33.0,19.6,0.0
2042-11-02,33.7,19.7,0.0
2042-11-03,36.58002061911608,20.0,0.0
2042-11-04,34.5,23.0,0.0
2042-11-05,35.11707535736223,25.1320556640625,0.0
2042-11-06,35.2,23.02427129709457,0.0
2042-11-07,35.7,22.276146853106138,0.0
2042-11-08,34.8,21.0,0.0
2042-11-09,34.1,19.5,0.7
2042-11-10,29.28016365215536,19.1,5.9
2042-11-11,30.8,18.5,0.0
2042-11-12,27.7,19.0,0.0
2042-11-13,30.0,18.4,23.007806324110668
2042-11-14,27.138113777212777,17.6,47.65620283866314
2042-11-15,27.2,18.2,15.78092885375494
2042-11-16,29.5,18.2,6.523404856013554
2042-11-17,30.2,18.1,0.0
2042-11-18,29.5,18.7,3.8
2042-11-19,31.0,18.5,1.0
2042-11-20,29.765512230807,17.9,0.0
2042-11-21,30.0,18.4,8.87046866177301
2042-11-22,26.9,17.9,5.964229249011857
2042-11-23,23.10506235410237,17.4,0.0
2042-11-24,22.955814482844517,16.6,0.0
2042-11-25,23.334162598627145,16.0,0.0
2042-11-26,25.848339223609916,15.5,0.0
2042-11-27,28.7,17.9,0.1
2042-11-28,28.823337896808418,17.4,9.429644268774702
2042-11-29,27.080253886846286,17.4,13.448616600790512
2042-11-30,24.5,18.0,4.0
2042-12-01,27.0,18.87869133400623,23.8
2042-12-02,28.1,19.0,20.6
2042-12-03,26.5,18.75647118234125,24.9
2042-12-04,25.3,18.7,4.8
2042-12-05,27.5,18.7,34.06315789473685
2042-12-06,26.5,18.3,43.1
2042-12-07,21.86124865446717,17.2,7.45
2042-12-08,25.9,16.5,0.0
2042-12-09,27.9,15.4,0.0
2042-12-10,29.0,16.1,0.0
2042-12-11,29.1,17.6,0.0
2042-12-12,29.7,17.6,0.0
2042-12-13,29.9,17.6,0.0
2042-12-14,29.8,17.79897045036303,0.0
2042-12-15,29.5,17.5,0.0
2042-12-16,29.7,17.0,0.0
2042-12-17,29.7,16.5,0.0
2042-12-18,29.7,16.4,0.0
2042-12-19,30.5,16.0,0.0
2042-12-20,30.6,17.3,0.0
2042-12-21,29.2,18.7,0.0
2042-12-22,28.07312050308764,18.5,0.0
2042-12-23,30.1,17.0,0.0
2042-12-24,30.7,19.0,0.0
2042-12-25,31.2,19.57470398277718,0.0
2042-12-26,31.4,19.2,0.0
2042-12-27,31.53066434372946,19.2,0.0
2042-12-28,31.4,19.2,1.3
2042-12-29,26.6,19.2,23.8
2042-12-30,28.0,19.0,30.22500000000001
2042-12-31,25.675754750043808,18.5,34.06315789473685
2043-01-01,24.9,18.8,2.300934579439253
2043-01-02,27.3,18.6,33.69813084112149
2043-01-03,26.9,18.0,29.605140186915918
2043-01-04,24.2,18.5,6.468598130841123
2043-01-05,27.2,18.3,23.4
2043-01-06,27.9,18.4,16.0
2043-01-07,27.1,18.6,20.912523364485985
2043-01-08,27.7,18.4,37.52542056074766
2043-01-09,23.262825403659846,16.4,70.6
2043-01-10,20.03307546049918,16.0,2.7
2043-01-11,25.541281738745035,16.2,0.0
2043-01-12,27.2,15.9,0.0
2043-01-13,27.9,15.4,0.0
2043-01-14,28.7,15.481218487323508,0.0
2043-01-15,29.5,15.406174270652203,0.0
2043-01-16,29.2,16.4,0.0
2043-01-17,29.5,16.08483551681588,0.0
2043-01-18,28.5,17.2,0.0
2043-01-19,25.4,16.4,0.0
2043-01-20,28.4,18.9,0.0
2043-01-21,28.4,17.5,0.0
2043-01-22,28.9,17.344501478232758,0.0
2043-01-23,28.7,16.7,0.0
2043-01-24,29.1,15.9,0.0
2043-01-25,27.9,17.9,0.0
2043-01-26,29.0,17.9,0.0
2043-01-27,30.35682259308544,18.6,0.0
2043-01-28,31.1,17.5,0.0
2043-01-29,31.1,18.4,0.0
2043-01-30,31.1,17.0,0.0
2043-01-31,31.1,18.0,0.0
2043-02-01,32.39505921496214,19.0,1.3
2043-02-02,32.19307903736885,18.7,3.0
2043-02-03,30.34230433055224,18.8,4.4
2043-02-04,31.8,18.8,6.4
2043-02-05,29.2,18.6,34.30659722222222
2043-02-06,29.319676201827573,18.8,26.10833333333336
2043-02-07,28.2,17.2,18.578472222222228
2043-02-08,27.0,17.1,25.728703703703708
2043-02-09,28.5,18.5,2.6
2043-02-10,26.7,17.9,4.8
2043-02-11,26.5,16.5,3.276041666666665
2043-02-12,27.9,17.0,1.5
2043-02-13,29.6,15.3,0.0
2043-02-14,29.8,15.36738856626007,0.5291666666666666
2043-02-15,28.1,16.9,4.4
2043-02-16,29.1,15.5,0.0
2043-02-17,27.5,18.5,4.8
2043-02-18,27.0,18.9,0.0
2043-02-19,30.0,18.9,20.476388888888888
2043-02-20,28.7,18.7,34.8227513227512
2043-02-21,28.2,18.9,17.790740740740738
2043-02-22,26.9,18.6,7.668750000000002
2043-02-23,28.4,16.7,2.5
2043-02-24,27.1,18.8,0.0
2043-02-25,26.599067313144403,17.3,0.0
2043-02-26,25.3,16.1,0.0
2043-02-27,27.2,18.0,0.0
2043-02-28,29.9,18.4,0.0
2043-03-01,29.9,17.29345389307491,0.0
2043-03-02,28.2,17.0,0.0
2043-03-03,27.5,17.8,0.0
2043-03-04,28.2,16.585703464497865,0.0
2043-03-05,26.6,16.5,1.4282208588957057
2043-03-06,27.3,16.9,0.0
2043-03-07,29.2,15.4,0.0
2043-03-08,30.5,14.1,0.0
2043-03-09,31.5,16.0,0.0
2043-03-10,32.74324324324325,18.5,0.0
2043-03-11,32.0,19.2,6.0
2043-03-12,26.9,18.5,37.53450546161906
2043-03-13,23.6,18.3,3.4
2043-03-14,26.7,17.5,0.0
2043-03-15,26.3,17.8,0.0
2043-03-16,25.2,17.3,0.0
2043-03-17,28.5,15.4,0.0
2043-03-18,29.2,15.3,0.0
2043-03-19,28.8,17.5,0.0
2043-03-20,27.9,16.994156543133933,0.0
2043-03-21,28.2,16.0,0.0
2043-03-22,28.2,17.0,0.0
2043-03-23,26.9,19.0,0.0
2043-03-24,28.575949367088608,18.0,0.0
2043-03-25,27.7,16.6,0.0
2043-03-26,26.6,16.1,0.0
2043-03-27,25.6,17.4,0.0
2043-03-28,26.3,17.1,0.0
2043-03-29,26.9,16.9,0.0
2043-03-30,28.1,15.5,0.0
2043-03-31,29.0,16.2,0.0
2043-04-01,26.6,18.1,0.0
2043-04-02,25.6,16.1,0.0
2043-04-03,27.7,14.4422492401216,0.0
2043-04-04,29.8,15.0,0.0
2043-04-05,31.354263565891475,16.3,0.0
2043-04-06,32.33473053892215,17.0,0.0
2043-04-07,31.4,17.8,0.0
2043-04-08,28.9,17.78088235294118,0.0
2043-04-09,27.9,15.3,0.0
2043-04-10,27.3,18.133872976338726,0.0
2043-04-11,27.4,17.0,0.0
2043-04-12,29.4,15.9,0.0
2043-04-13,30.6,17.3,0.0
2043-04-14,29.9,18.78235294117647,0.0
2043-04-15,28.552631578947373,18.4,0.0
2043-04-16,27.9,16.0,0.0
2043-04-17,27.9,14.9,0.0
2043-04-18,27.3,14.1,0.0
2043-04-19,24.0,13.3,0.0
2043-04-20,26.8,14.9,0.0
2043-04-21,26.3,15.616,0.0
2043-04-22,25.7,15.4,0.0
2043-04-23,27.0,14.0,0.0
2043-04-24,27.0,13.9,0.0
2043-04-25,28.2,12.318888888888889,0.0
2043-04-26,29.0,13.8,0.0
2043-04-27,25.4,15.9,1.2
2043-04-28,25.0,16.7,0.8
2043-04-29,25.6,15.9,0.0
2043-04-30,28.6,15.6,0.0
2043-05-01,30.778644949873733,16.0,0.0
2043-05-02,31.275695365419942,17.8,0.0
2043-05-03,30.985636708549126,17.9,0.0
2043-05-04,29.92529601722281,17.540071571653613,0.0
2043-05-05,29.6,15.2,0.0
2043-05-06,29.5,14.6,0.0
2043-05-07,29.2,13.6,0.0
2043-05-08,27.5,13.713558665231417,0.0
2043-05-09,26.5,12.5,0.0
2043-05-10,26.7,12.4,0.0
2043-05-11,27.0,13.9,0.0
2043-05-12,26.5,16.2,0.0
2043-05-13,24.8,15.7,0.0
2043-05-14,25.6,15.929987363691652,0.0
2043-05-15,26.2,13.4,0.0
2043-05-16,27.8,14.4,0.0
2043-05-17,29.0,14.7,0.0
2043-05-18,30.0,15.2,0.0
2043-05-19,27.5,15.3,0.0
2043-05-20,25.6,13.2,0.0
2043-05-21,26.3,11.9,0.0
2043-05-22,26.3,13.0,0.0
2043-05-23,25.8,13.6,0.0
2043-05-24,25.6,10.9,0.0
2043-05-25,25.8,9.0,0.0
2043-05-26,25.754469794428832,7.6,0.0
2043-05-27,25.4,8.0,0.0
2043-05-28,24.3,9.8,0.0
2043-05-29,25.1,7.9,0.0
2043-05-30,26.4,9.6,0.0
2043-05-31,26.4,11.8,0.0
2043-06-01,27.1,12.223347337261789,0.0
2043-06-02,27.9,10.2,0.0
2043-06-03,28.0,11.0,0.0
2043-06-04,29.0,10.9,0.0
2043-06-05,29.9,12.3,0.0
2043-06-06,29.910134276179893,14.117998100078765,0.0
2043-06-07,29.0,14.4,0.0
2043-06-08,26.3,14.365608724127542,0.0
2043-06-09,21.0,13.5,0.0
2043-06-10,25.7,9.7,0.0
2043-06-11,27.48310922121626,9.0,0.0
2043-06-12,25.3,12.3,0.0
2043-06-13,22.0,9.7,0.0
2043-06-14,23.97310205784205,9.2,0.0
2043-06-15,23.5,10.0,0.0
2043-06-16,24.2,8.9,0.0
2043-06-17,24.9,7.0,0.0
2043-06-18,26.6,6.0,0.0
2043-06-19,27.5,6.9,0.0
2043-06-20,25.8,10.6,0.0
2043-06-21,20.8,7.134026411112063,0.0
2043-06-22,20.1,4.6,0.0
2043-06-23,21.218820334281958,2.3,0.0
2043-06-24,20.8,5.2,0.0
2043-06-25,22.0,6.1,0.0
2043-06-26,20.1,5.9,0.0
2043-06-27,21.7,3.652624362987299,0.0
2043-06-28,21.2,3.4,0.0
2043-06-29,21.710602566537347,5.2,0.0
2043-06-30,22.1,3.8243047830923245,0.0
2043-07-01,23.8,4.2,0.0
2043-07-02,23.5,10.0,0.0
2043-07-03,22.6,9.2,0.0
2043-07-04,22.7,7.9,0.0
2043-07-05,26.2,7.3,0.0
2043-07-06,28.2,7.4,0.0
2043-07-07,29.5,7.5,0.0
2043-07-08,29.378243008721235,7.9,0.0
2043-07-09,29.2,8.4,0.0
2043-07-10,33.844189453125,10.540785515166565,0.0
2043-07-11,30.634529987307793,9.6,0.0
2043-07-12,28.6,12.0,0.0
2043-07-13,24.5,12.422848144161378,0.0
2043-07-14,23.2,8.7,0.0
2043-07-15,26.7,8.3,0.0
2043-07-16,28.5,8.49749346455482,0.0
2043-07-17,28.6,8.0,0.0
2043-07-18,26.7,12.2,0.0
2043-07-19,25.5,10.2,0.0
2043-07-20,26.8,9.0,0.0
2043-07-21,29.0,11.0,0.0
2043-07-22,28.466753349177747,11.2,0.0
2043-07-23,24.7,13.2,0.0
2043-07-24,25.50446716899891,10.0,0.0
2043-07-25,26.4,10.0,0.0
2043-07-26,26.2,12.829491619252643,0.0
2043-07-27,24.76512378902044,13.0,0.0
2043-07-28,21.6,14.0,0.0
2043-07-29,22.7,10.05522437919899,0.0
2043-07-30,23.7,8.5,0.0
2043-07-31,27.062218571185763,5.6,0.0
2043-08-01,28.5,6.9,0.0
2043-08-02,28.2,12.0,0.0
2043-08-03,26.4,13.5,0.0
2043-08-04,26.7,12.4,0.0
2043-08-05,27.2,12.2,0.0
2043-08-06,27.948694833153922,12.2,0.0
2043-08-07,27.1,13.4,0.0
2043-08-08,25.6,13.6,0.0
2043-08-09,26.0,12.6,0.0
2043-08-10,26.735435952637246,12.0,0.0
2043-08-11,26.6,12.4,0.0
2043-08-12,25.0,12.4,0.0
2043-08-13,24.2,11.6,0.0
2043-08-14,25.0,11.0,0.0
2043-08-15,26.7,10.9,0.0
2043-08-16,28.0,11.3,0.0
2043-08-17,26.4,14.5,0.0
2043-08-18,26.5,11.9,0.0
2043-08-19,28.8,10.2,0.0
2043-08-20,28.1,14.4,0.0
2043-08-21,27.4,14.6,0.0
2043-08-22,28.5,14.4,0.0
2043-08-23,28.5,14.4,0.0
2043-08-24,27.0,13.6,0.0
2043-08-25,26.8,12.5,0.0
2043-08-26,27.9,8.9,0.0
2043-08-27,28.6,8.0,0.0
2043-08-28,30.95831154851607,12.7,0.0
2043-08-29,33.755090162606905,14.75117381721256,0.0
2043-08-30,38.485595703125,16.9,0.0
2043-08-31,38.62548828125,18.099292504946014,0.0
2043-09-01,33.2,18.7,0.0
2043-09-02,33.0,17.8,0.0
2043-09-03,32.0,17.347520500814856,0.0
2043-09-04,31.7,15.2,0.0
2043-09-05,29.1,17.5,0.0
2043-09-06,28.0,14.6,0.0
2043-09-07,30.2,13.605833642318625,0.0
2043-09-08,32.0,13.9,0.0
2043-09-09,33.0,15.7,0.0
2043-09-10,32.2,17.7,0.0
2043-09-11,32.3,16.7,0.0
2043-09-12,33.2,16.4,0.0
2043-09-13,33.2,17.8,0.0
2043-09-14,32.8,18.4,0.0
2043-09-15,34.6,17.7,0.0
2043-09-16,33.7,20.203038767354677,0.0
2043-09-17,31.9,19.0,0.0
2043-09-18,32.0,17.6,0.0
2043-09-19,33.7,17.0,0.0
2043-09-20,33.4,18.4,0.0
2043-09-21,32.0,18.4,0.0
2043-09-22,33.0,18.0,0.0
2043-09-23,35.1,18.0,0.0
2043-09-24,35.3,18.8,0.0
2043-09-25,34.6,20.101513407823393,0.0
2043-09-26,33.7,19.5672829670605,0.0
2043-09-27,33.86009830742867,19.3,0.0
2043-09-28,34.7,18.6,0.0
2043-09-29,31.6,20.5,0.0
2043-09-30,30.6,17.8,0.0
2043-10-01,27.4,14.9,0.0
2043-10-02,28.9,13.185243174478911,0.0
2043-10-03,30.0,13.931400940101433,0.0
2043-10-04,29.7,16.2,0.0
2043-10-05,28.7,15.7,0.0
2043-10-06,30.2,14.59462366481742,0.0
2043-10-07,32.1,14.6,0.0
2043-10-08,34.9,16.0,0.0
2043-10-09,36.642390456345474,18.0,0.0
2043-10-10,35.0,20.5,0.0
2043-10-11,33.6,19.0,0.0
2043-10-12,33.1,18.1,0.0
2043-10-13,33.2,17.1,0.0
2043-10-14,34.4,17.2,0.0
2043-10-15,34.5,19.2,0.0
2043-10-16,33.5,19.7,0.0
2043-10-17,32.1,18.0,0.0
2043-10-18,33.2,18.0,0.0
2043-10-19,34.6,17.0,0.0
2043-10-20,34.6,18.6,0.0
2043-10-21,34.4,19.44711158952278,0.0
2043-10-22,35.5,19.7,0.0
2043-10-23,33.8,21.0,0.0
2043-10-24,32.502386696856085,19.7,0.0
2043-10-25,33.2,19.5,0.0
2043-10-26,35.50053052437336,19.7,0.0
2043-10-27,37.732625284056866,20.6,0.0
2043-10-28,36.65780211532573,21.92125547119162,0.0
2043-10-29,36.0,21.775186893275777,0.0
2043-10-30,36.94920062707247,21.3,0.0
2043-10-31,38.284022860284345,21.51997990110333,0.0
2043-11-01,40.625732421875,23.592728818183723,0.0
2043-11-02,35.2,22.0,0.0
2043-11-03,36.0,20.0,0.0
2043-11-04,36.22631292452607,21.5,0.0
2043-11-05,39.69189453125,20.0,0.0
2043-11-06,40.491943359375,21.2,0.0
2043-11-07,38.68698608209657,24.846044921875,0.0
2043-11-08,36.4,23.0,0.0
2043-11-09,33.6,18.5,3.9
2043-11-10,30.8,18.5,5.752286843591189
2043-11-11,32.0,18.7,1.9
2043-11-12,30.1,18.7,1.8
2043-11-13,31.0,18.8,5.633498023715415
2043-11-14,30.6,18.439540229885058,0.0
2043-11-15,31.5,18.9,1.3
2043-11-16,31.0,18.2,0.0
2043-11-17,30.8,19.2,5.4
2043-11-18,28.5,18.8,1.0
2043-11-19,29.2,18.638357434186137,15.533992094861661
2043-11-20,29.530294728758925,18.1,0.0
2043-11-21,29.9,18.5,0.0
2043-11-22,29.9,17.598615319703885,0.0
2043-11-23,30.6,17.4,0.0
2043-11-24,33.6,19.1,0.0
2043-11-25,32.6,20.880477440211347,0.0
2043-11-26,31.9,21.0,0.0
2043-11-27,33.3,20.5,0.0
2043-11-28,31.9,19.0,0.0
2043-11-29,31.5,17.8,0.0
2043-11-30,31.7,17.4,0.0
2043-12-01,32.847329152188806,18.4,0.0
2043-12-02,33.7,19.4,0.0
2043-12-03,32.1,19.5,3.4
2043-12-04,31.2,19.0,0.0
2043-12-05,32.1,19.2,0.0
2043-12-06,32.0,23.04638671875,0.0
2043-12-07,31.0,19.9,0.0
2043-12-08,31.87665808088574,19.7,0.1
2043-12-09,31.5,19.6,1.1
2043-12-10,30.8,19.4,0.0
2043-12-11,31.5,19.4,0.0
2043-12-12,32.1,18.9,0.0
2043-12-13,32.14620460072558,18.6,0.0
2043-12-14,33.10998819930916,19.6,0.0
2043-12-15,33.03363365134601,25.2724609375,0.0
2043-12-16,30.6,19.7,7.5
2043-12-17,28.1,19.2,0.0
2043-12-18,31.2,19.2,0.0
2043-12-19,32.0,20.536784649331334,0.0
2043-12-20,32.4,23.25497436523438,0.0
2043-12-21,32.9,25.0792236328125,0.0
2043-12-22,33.14575704664253,21.378315605757706,0.0
2043-12-23,32.62558002815267,19.9,0.0
2043-12-24,32.56357704727992,19.5,2.6
2043-12-25,28.4,19.2,25.8
2043-12-26,24.9,18.6,34.3578947368421
2043-12-27,24.205209454610692,18.4,1.6
2043-12-28,25.2,19.0,0.0
2043-12-29,29.9,19.0,0.0
2043-12-30,27.7,18.8,0.0
2043-12-31,28.3,19.6,0.0
2044-01-01,31.1,18.8,1.0
2044-01-02,31.1,18.4,0.0
2044-01-03,30.33551104820185,19.0,5.9
2044-01-04,30.652201098726714,19.39276649851541,21.207336448598127
2044-01-05,29.7,19.0,25.0
2044-01-06,29.2,19.3,12.16018691588785
2044-01-07,24.9,18.9,38.64565420560748
2044-01-08,24.4,18.7,16.0
2044-01-09,24.4,18.5,0.0
2044-01-10,28.0,18.4,5.5
2044-01-11,28.9,18.8,6.0
2044-01-12,30.2,18.3,1.0
2044-01-13,29.9,19.3,11.353457943925237
2044-01-14,27.5,19.3,36.28051921079958
2044-01-15,24.8,18.8,9.9
2044-01-16,27.7,18.7,3.9
2044-01-17,28.7,18.5,41.3910072689512
2044-01-18,26.23145681014357,18.8,40.944042056074764
2044-01-19,26.7,18.6,28.055763239875393
2044-01-20,27.7,18.6,61.31785046728989
2044-01-21,26.4,18.9,34.10704049844237
2044-01-22,25.6,19.0,39.27772585669784
2044-01-23,26.0,18.9,38.129415887850506
2044-01-24,28.0,18.9,5.0
2044-01-25,29.5,18.8,8.97093457943925
2044-01-26,27.4,18.7,31.84112149532708
2044-01-27,27.4,19.3,24.92897196261682
2044-01-28,27.2,19.0,30.811588785046737
2044-01-29,27.1,18.9,6.0
2044-01-30,28.4,19.4,17.89682242990654
2044-01-31,26.4,19.2,11.0
2044-02-01,27.4,19.0,13.5
2044-02-02,28.9,18.6,31.609722222222224
2044-02-03,26.7,18.8,11.0
2044-02-04,26.5,18.7,13.5
2044-02-05,30.0,18.6,0.0
2044-02-06,30.264638789564295,17.5,0.0
2044-02-07,31.18970306265222,16.9,0.0
2044-02-08,28.6,18.6,8.910763888888887
2044-02-09,30.4,17.6,1.0
2044-02-10,28.9,16.9,0.9
2044-02-11,27.2,18.7,1.0
2044-02-12,30.0,17.4,0.0
2044-02-13,31.9,17.5,0.0
2044-02-14,32.3202680310474,17.6,0.0
2044-02-15,32.9,17.7,0.0
2044-02-16,32.9,18.7,0.3
2044-02-17,32.9,18.9,5.6
2044-02-18,28.8,19.7,7.033333333333335
2044-02-19,29.0,17.3,0.0
2044-02-20,30.2,16.5,0.0
2044-02-21,31.7,19.0,24.0
2044-02-22,31.4,18.89663221243089,2.3597222222222216
2044-02-23,27.9,19.0,17.352777777777774
2044-02-24,27.6,19.1,4.5
2044-02-25,26.8,19.0,35.44074074074061
2044-02-26,25.6,18.6,81.18212765957455
2044-02-27,24.9,18.5,54.42318766937661
2044-02-28,26.8,18.7,1.6
2044-03-01,28.2,17.9,19.26175869120655
2044-03-02,28.8,18.1,14.861349693251544
2044-03-03,27.0,18.5,2.4
2044-03-04,27.2,18.0,50.81595092024557
2044-03-05,28.0,18.9,22.514110429447854
2044-03-06,28.1,17.8,0.0
2044-03-07,26.5,17.9,2.2
2044-03-08,27.0,16.9,0.0
2044-03-09,27.4,16.0,0.0
2044-03-10,28.67702702702703,15.4,0.0
2044-03-11,28.9,16.5,0.0
2044-03-12,30.3,17.2,0.0
2044-03-13,30.4,17.9,5.085108756274399
2044-03-14,26.7,18.3,19.297586912065444
2044-03-15,25.3,17.8,2.623312883435584
2044-03-16,27.3,17.0,0.0
2044-03-17,27.9,16.3,0.0
2044-03-18,27.4,18.4,0.0
2044-03-19,27.2,18.6,0.0
2044-03-20,27.3,17.3,0.0
2044-03-21,27.4,16.2,0.0
2044-03-22,28.1,16.9,0.0
2044-03-23,28.4,16.0,0.0
2044-03-24,28.8,18.58552951892025,0.0
2044-03-25,26.3,18.178238118061163,18.22871165644172
2044-03-26,28.9,17.5,4.526993865030675
2044-03-27,22.271506352087112,16.98274027371982,1.6
2044-03-28,23.027226463104327,16.5,0.6705521472392638
2044-03-29,25.0975,14.9,0.0
2044-03-30,27.0,13.7,0.0
2044-03-31,26.5,14.036474903320975,0.0
2044-04-01,25.0,11.5,0.0
2044-04-02,26.5,15.6,0.0
2044-04-03,26.3,14.4,0.0
2044-04-04,26.7,12.5,0.0
2044-04-05,27.0,12.9,0.0
2044-04-06,27.0,16.949282786885252,0.0
2044-04-07,28.6,17.5,0.0
2044-04-08,24.6,18.3,24.965679012345678
2044-04-09,24.3,16.917622950819666,6.0037037037036995
2044-04-10,24.0,15.5,0.0
2044-04-11,26.3,14.4,0.0
2044-04-12,27.0,15.1,0.0
2044-04-13,26.6,15.0,0.0
2044-04-14,27.0,15.0,0.0
2044-04-15,27.5,14.523636363636365,0.0
2044-04-16,26.9,14.9,0.0
2044-04-17,27.27951807228916,14.2,0.0
2044-04-18,27.8,13.165909090909091,0.0
2044-04-19,27.0,18.221238938053094,0.0
2044-04-20,29.0,17.8,0.0
2044-04-21,26.7,17.1,1.2
2044-04-22,27.9,17.8,2.8
2044-04-23,23.0,16.978278688524593,1.6
2044-04-24,26.6,15.5,0.0
2044-04-25,25.5,14.0,0.0
2044-04-26,25.7,12.6,0.0
2044-04-27,26.4,13.9,0.0
2044-04-28,26.3,16.5,0.0
2044-04-29,25.560000000000002,16.98770491803279,0.0
2044-04-30,27.0,17.9,0.0
2044-05-01,28.7,16.159899533548597,0.0
2044-05-02,27.9,16.7,0.0
2044-05-03,27.6,14.4,0.0
2044-05-04,29.7,14.605953465264536,0.0
2044-05-05,30.5,15.3,0.0
2044-05-06,29.6,15.2,0.0
2044-05-07,28.2,15.0,0.0
2044-05-08,26.855995694294943,13.0,0.0
2044-05-09,28.1,11.2,0.0
2044-05-10,30.91921770371716,11.9,0.0
2044-05-11,31.558317462946082,13.9940667384284,0.0
2044-05-12,31.0,15.3,0.0
2044-05-13,30.704048059590356,15.0,0.0
2044-05-14,31.58457398360519,14.4,0.0
2044-05-15,32.37329879858315,15.3,0.0
2044-05-16,35.50751953125,16.3,0.0
2044-05-17,33.31289212671066,14.5,0.0
2044-05-18,30.6,17.2,0.0
2044-05-19,31.0,16.9,0.0
2044-05-20,32.0,16.9,0.0
2044-05-21,31.872383686161935,16.915546149495523,0.0
2044-05-22,31.7,17.2,0.0
2044-05-23,31.1,16.5,0.0
2044-05-24,31.045096991275674,14.9,0.0
2044-05-25,31.0,15.625935331164609,0.0
2044-05-26,28.7,15.811038020438792,0.0
2044-05-27,25.8,14.263140089189598,0.0
2044-05-28,28.1,16.2,0.0
2044-05-29,26.3,13.16990275828553,0.0
2044-05-30,24.7,16.2,0.0
2044-05-31,26.2,15.7,0.0
2044-06-01,25.5,20.627880859375,0.0
2044-06-02,26.3,14.4,0.0
2044-06-03,26.151894697812388,12.5,0.0
2044-06-04,27.4,11.2,0.0
2044-06-05,28.251801799979773,11.9,0.0
2044-06-06,28.66456296469762,13.659296561396728,0.0
2044-06-07,28.918765191776874,11.9,0.0
2044-06-08,28.9,11.75585802406715,0.0
2044-06-09,28.07269064392535,13.113655798109018,0.0
2044-06-10,27.185601205640673,12.5,0.0
2044-06-11,25.620778642936607,13.568417973994098,0.0
2044-06-12,25.6,13.0,0.0
2044-06-13,23.2,14.2,0.0
2044-06-14,26.6,11.5,0.0
2044-06-15,25.2,12.7,0.0
2044-06-16,18.681223581757507,10.7,0.0
2044-06-17,22.4,11.8,0.0
2044-06-18,19.6,9.2,0.0
2044-06-19,22.6,7.9,0.0
2044-06-20,24.5,7.615392581795863,0.0
2044-06-21,25.3,9.9,0.0
2044-06-22,26.3,10.6,0.0
2044-06-23,26.4,10.4,0.0
2044-06-24,26.1,10.0,0.0
2044-06-25,25.3,11.3,0.0
2044-06-26,23.4,9.2,0.0
2044-06-27,23.2,6.097559936572552,0.0
2044-06-28,25.0,3.5,0.0
2044-06-29,23.69937275985663,9.5,0.0
2044-06-30,24.8,12.4,0.0
2044-07-01,25.1,11.7,0.0
2044-07-02,26.4,11.1,0.0
2044-07-03,27.5,11.5,0.0
2044-07-04,28.2,12.1,0.0
2044-07-05,26.2,14.463993541442404,0.0
2044-07-06,24.9,12.1,0.0
2044-07-07,18.57230384313269,15.314041988194122,0.0
2044-07-08,24.0,14.3,0.0
2044-07-09,25.1,12.766405860900019,0.0
2044-07-10,25.2,11.7,0.0
2044-07-11,25.7,9.4,0.0
2044-07-12,25.5,9.1,0.0
2044-07-13,24.0,9.9,0.0
2044-07-14,25.2,8.6,0.0
2044-07-15,25.800422290303874,9.2,0.0
2044-07-16,26.5,9.0,0.0
2044-07-17,26.8,10.5,0.0
2044-07-18,29.0,11.4,0.0
2044-07-19,29.2,9.5,0.0
2044-07-20,28.6,11.0,0.0
2044-07-21,26.7,12.4,0.0
2044-07-22,26.6,10.5,0.0
2044-07-23,26.0,11.8,0.0
2044-07-24,24.2,12.0,0.0
2044-07-25,20.9,12.0,0.0
2044-07-26,23.6,13.981081808396127,0.0
2044-07-27,25.4,15.3,0.0
2044-07-28,26.0,13.0,0.0
2044-07-29,25.9,12.2,0.0
2044-07-30,25.8,12.0,0.0
2044-07-31,24.19252262769295,11.6,0.0
2044-08-01,24.4,9.0,0.0
2044-08-02,25.1,10.0,0.0
2044-08-03,26.7,11.9,0.0
2044-08-04,28.9,12.181135629709368,0.0
2044-08-05,29.8,12.3,0.0
2044-08-06,28.8,14.3,0.0
2044-08-07,28.5,13.9,0.0
2044-08-08,29.695909580193756,12.8,0.0
2044-08-09,30.2,13.746429852888403,0.0
2044-08-10,30.139116829799477,14.8,0.0
2044-08-11,30.9,15.0,0.0
2044-08-12,31.4,16.0,0.0
2044-08-13,30.9,17.537954311685198,0.0
2044-08-14,31.2,16.4,0.0
2044-08-15,31.9,16.4,0.0
2044-08-16,33.8473732341369,15.9,0.0
2044-08-17,34.99194384068482,16.0,0.0
2044-08-18,32.32962704995881,19.0,0.0
2044-08-19,32.181472804407015,17.52291783279512,0.0
2044-08-20,33.1,15.8,0.0
2044-08-21,32.17974419046413,18.2,0.0
2044-08-22,32.19258532261127,17.171391997872078,0.0
2044-08-23,32.90553482207856,16.1,0.0
2044-08-24,32.90743244336318,18.2,0.0
2044-08-25,29.6,18.68541125815234,0.0
2044-08-26,29.2,16.9,0.0
2044-08-27,31.2,16.905514890563325,0.0
2044-08-28,32.40000633191917,15.6,0.0
2044-08-29,32.5,17.216481282143285,0.0
2044-08-30,32.9,18.370835894806667,0.0
2044-08-31,33.1,18.9650376098784,0.0
2044-09-01,33.5,17.0,0.0
2044-09-02,32.6,18.180355250365686,0.0
2044-09-03,31.0,17.327987169206093,0.0
2044-09-04,31.5,16.1,0.0
2044-09-05,32.8,16.1,0.0
2044-09-06,33.1,17.5,0.0
2044-09-07,30.6,17.9,0.0
2044-09-08,31.0,15.4,0.0
2044-09-09,32.0,16.4,0.0
2044-09-10,32.52188065302637,18.0,0.0
2044-09-11,33.0,17.1,0.0
2044-09-12,32.27296466973887,17.9,0.0
2044-09-13,31.2,18.2,0.0
2044-09-14,32.0,17.7,0.0
2044-09-15,31.5,18.6,0.0
2044-09-16,30.9,17.6,0.0
2044-09-17,30.7292477753059,16.7,0.0
2044-09-18,31.7,15.0,0.0
2044-09-19,34.6,17.6,0.0
2044-09-20,35.6,19.0,0.0
2044-09-21,34.4,20.5,0.0
2044-09-22,33.1,19.6,0.0
2044-09-23,33.7,18.2,0.0
2044-09-24,35.1,18.2,0.0
2044-09-25,35.93862911895178,19.80864138448406,0.0
2044-09-26,32.7,21.233353201670617,0.0
2044-09-27,30.6,18.5,0.0
2044-09-28,30.9,17.4,0.0
2044-09-29,32.0,16.7,0.0
2044-09-30,32.5,17.32256124375922,0.0
2044-10-01,29.5,16.5,0.0
2044-10-02,29.7,17.0,0.0
2044-10-03,29.7,15.7,0.0
2044-10-04,30.0,15.4,0.0
2044-10-05,31.6,15.6,0.0
2044-10-06,31.0,17.75456866061817,0.0
2044-10-07,29.7,17.8,0.0
2044-10-08,30.9,15.697736429340303,0.0
2044-10-09,33.4973223896663,14.6,0.0
2044-10-10,34.4,18.8,0.0
2044-10-11,34.0,19.4,0.0
2044-10-12,33.9,19.2,0.0
2044-10-13,33.6,20.0,0.0
2044-10-14,33.9,21.6,0.0
2044-10-15,34.4,21.9,0.0
2044-10-16,33.9,20.9,0.0
2044-10-17,33.4,19.8,0.0
2044-10-18,33.2,20.0,0.0
2044-10-19,33.5,20.0,0.0
2044-10-20,34.0,19.6,0.0
2044-10-21,35.2,20.0,0.0
2044-10-22,37.2,20.2,0.0
2044-10-23,36.66208313170914,21.9,0.0
2044-10-24,36.9,21.9,0.0
2044-10-25,38.27816750424911,21.72785822601808,0.0
2044-10-26,36.6,23.20315786205182,0.0
2044-10-27,35.6,20.4,3.771428571428576
2044-10-28,26.798297708749807,19.4,85.9
2044-10-29,25.419670191332813,18.5,31.422526315789472
2044-10-30,29.7,17.551849146547745,0.0
2044-10-31,30.1,17.9,0.0
2044-11-01,31.2,17.8,0.0
2044-11-02,32.9,17.2,0.0
2044-11-03,34.4,17.9,0.0
2044-11-04,35.3,18.7,0.0
2044-11-05,34.6,21.3,0.0
2044-11-06,32.9,21.9,0.0
2044-11-07,33.4,21.0,0.0
2044-11-08,35.1,21.319484155903936,0.0
2044-11-09,32.2,19.5,0.1
2044-11-10,32.32858446707167,18.7,0.0
2044-11-11,30.5,18.6,8.841671372106156
2044-11-12,30.0,18.5,0.0
2044-11-13,32.095308797214294,17.9,0.0
2044-11-14,31.9,19.5,0.0
2044-11-15,31.5,18.8,1.6
2044-11-16,30.9,18.9,6.877865612648219
2044-11-17,29.2,18.0,11.4
2044-11-18,29.767191774644502,18.3,3.9
2044-11-19,29.0,18.0,1.7009881422924897
2044-11-20,29.9,18.0,16.78531902879729
2044-11-21,21.8,16.6,10.008827404479577
2044-11-22,23.99955786836408,16.5,0.0
2044-11-23,27.19942462524498,15.8,0.0
2044-11-24,28.6,15.6,0.0
2044-11-25,28.996322987983515,15.8,0.0
2044-11-26,28.7,16.0,0.0
2044-11-27,29.0,15.7,0.0
2044-11-28,30.0,15.2,0.0
2044-11-29,30.0,15.3,0.0
2044-11-30,30.0,14.897056193310972,0.0
2044-12-01,31.3,16.0,0.0
2044-12-02,32.0,16.2,0.0
2044-12-03,30.0,19.0,4.4
2044-12-04,29.0,18.4,0.0
2044-12-05,30.0,19.0,0.0
2044-12-06,31.06218267154289,17.9,0.0
2044-12-07,31.76385781813076,17.3,0.0
2044-12-08,31.6,17.4,0.0
2044-12-09,31.67567000634815,20.5,0.0
2044-12-10,32.1,19.2,2.5
2044-12-11,31.0,18.6,1.1
2044-12-12,31.4,17.7,0.0
2044-12-13,31.52172563711852,19.0,0.0
2044-12-14,31.6,18.8,0.6
2044-12-15,30.0,18.6,5.542857142857143
2044-12-16,29.6,18.4,6.9
2044-12-17,30.704351905655507,18.1,0.0
2044-12-18,31.2,19.23809949889168,0.0
2044-12-19,31.2,20.032240763883937,0.0
2044-12-20,31.200274950023054,19.4,0.0
2044-12-21,31.5,20.5,0.0
2044-12-22,31.0,19.009369573017587,0.0
2044-12-23,30.8,19.2,0.0
2044-12-24,31.1,18.9,0.0
2044-12-25,31.6,19.0,0.0
2044-12-26,32.1,20.302561435976695,0.0
2044-12-27,31.6,20.3,0.0
2044-12-28,30.9,19.5,4.8
2044-12-29,28.0,19.0,9.9
2044-12-30,27.9,18.7,53.07142857142859
2044-12-31,27.8,18.6,29.962500000000002
2045-01-01,24.0,18.5,68.58261304210862
2045-01-02,23.1,18.0,70.6
2045-01-03,22.6,16.0,70.6
2045-01-04,23.0,16.0,2.4
2045-01-05,26.3,17.11551933295751,0.0
2045-01-06,28.7,15.9,0.0
2045-01-07,28.7,16.0,0.0
2045-01-08,29.5,18.9,0.0
2045-01-09,30.1,18.6,0.0
2045-01-10,29.7,17.4,0.0
2045-01-11,29.5,17.3,0.0
2045-01-12,29.6,19.1,3.2
2045-01-13,28.9,17.6,1.0
2045-01-14,30.0,16.9,0.0
2045-01-15,30.900951195838164,16.630282290158238,0.0
2045-01-16,30.0,16.6,0.0
2045-01-17,29.5,17.0,0.0
2045-01-18,30.0,18.3,0.0
2045-01-19,30.1,19.0,0.0
2045-01-20,29.2,18.4,1.9
2045-01-21,27.6,18.4,32.9581308411215
2045-01-22,26.9,18.6,36.57156801661469
2045-01-23,28.5,18.7,21.0
2045-01-24,29.1,18.3,5.6
2045-01-25,28.0,18.7,37.431869158878506
2045-01-26,25.9,18.4,11.606074766355137
2045-01-27,27.2,18.6,1.7
2045-01-28,28.1,18.8,7.0
2045-01-29,29.3,18.5,23.351214953271025
2045-01-30,25.424228089060033,18.7,10.8
2045-01-31,25.927719048456332,18.6,0.6
2045-02-01,27.4,18.6,1.0
2045-02-02,28.4,18.4,0.0
2045-02-03,27.3,17.3,0.0
2045-02-04,27.8,16.9,0.9
2045-02-05,28.9136372665872,19.0,0.0
2045-02-06,27.3,18.9,1.3
2045-02-07,28.6,18.7,5.268055555555556
2045-02-08,27.7,18.449023007187485,0.5291666666666666
2045-02-09,26.8,17.0,7.4
2045-02-10,29.0,18.2,9.4
2045-02-11,24.922281748713555,18.2,4.754166666666668
2045-02-12,26.9,16.9,0.0
2045-02-13,28.6,15.0,0.0
2045-02-14,28.0,15.0,0.0
2045-02-15,29.0,14.5,0.0
2045-02-16,31.7,15.6,0.0
2045-02-17,32.0,16.6,0.0
2045-02-18,31.7,18.4,0.0
2045-02-19,28.7,19.09174397955573,2.886111111111111
2045-02-20,26.9,19.0,1.6
2045-02-21,29.0,17.6,0.0
2045-02-22,30.7,17.4,1.0
2045-02-23,29.906387550571594,18.7,1.4
2045-02-24,28.6,18.8,3.276041666666665
2045-02-25,28.4,18.9,1.6
2045-02-26,29.6,18.8,4.275000000000002
2045-02-27,29.0,19.223037213504313,5.781944444444445
2045-02-28,29.0,19.0,3.0
2045-03-01,29.920454545454547,18.5,9.854907975460126
2045-03-02,29.2,19.0,0.0
2045-03-03,29.2,18.3,0.0
2045-03-04,27.4,19.129154189907684,0.0
2045-03-05,27.4,18.3,0.0
2045-03-06,28.1,16.8,0.0
2045-03-07,29.2,17.9,0.0
2045-03-08,29.7,19.4,0.0
2045-03-09,27.4,19.0,1.3742331288343557
2045-03-10,28.6,18.9,9.0
2045-03-11,28.4,17.7,0.0
2045-03-12,28.8,17.5,0.0
2045-03-13,30.0,18.2,0.0
2045-03-14,29.9,18.82172692543109,0.9
2045-03-15,30.6,18.8,0.0
2045-03-16,31.0,17.3,0.0
2045-03-17,31.0,19.1,9.571779141104296
2045-03-18,31.1,18.5,0.0
2045-03-19,28.6,18.3,1.5447852760736192
2045-03-20,29.083870967741934,17.6,0.0
2045-03-21,29.9,16.2,0.0
2045-03-22,29.9,15.9,0.0
2045-03-23,29.6,14.6,0.0
2045-03-24,26.0,18.6,13.91503067484663
2045-03-25,28.8,15.9,0.0
2045-03-26,29.4,14.3,0.0
2045-03-27,28.0,16.2,0.0
2045-03-28,28.1,16.5,0.0
2045-03-29,28.0,15.9,0.0
2045-03-30,27.3,17.6,2.8886941279579315
2045-03-31,25.6,17.7,3.4
2045-04-01,27.0,18.4,0.0
2045-04-02,29.2,19.0,0.0
2045-04-03,32.19139784946237,17.5,0.0
2045-04-04,31.1,17.7,16.94814814814815
2045-04-05,26.5,18.4,51.895281582953025
2045-04-06,22.7,17.5,28.085057471264367
2045-04-07,22.934108527131784,17.5,1.2
2045-04-08,24.2,17.948387096774198,0.0
2045-04-09,22.41182432432432,16.930327868852455,3.898666666666668
2045-04-10,23.027413127413126,16.0,28.31085568326947
2045-04-11,25.4,15.4,0.0
2045-04-12,25.0,15.7,0.8
2045-04-13,26.5,14.8,0.0
2045-04-14,25.5,15.0,0.0
2045-04-15,25.5,16.6,1.6177777777777782
2045-04-16,22.628125,16.6,2.237142857142857
2045-04-17,21.478571428571428,14.6,11.02095238095239
2045-04-18,21.3,15.6,2.0
2045-04-19,24.9,13.0,0.0
2045-04-20,25.7,11.5,0.0
2045-04-21,27.2,17.4,0.0
2045-04-22,28.3,19.0,0.0
2045-04-23,28.5,16.98729508196721,0.0
2045-04-24,21.3,16.3,14.07333333333333
2045-04-25,22.444256756756754,14.971874999999999,0.0
2045-04-26,24.7,12.9,0.0
2045-04-27,24.0,11.4,0.0
2045-04-28,25.5,10.5,0.0
2045-04-29,25.8,13.7,0.0
2045-04-30,24.389215686274508,14.7311320754717,0.0
2045-05-01,24.0,12.7,0.0
2045-05-02,24.3,11.8,0.0
2045-05-03,25.3,10.0,0.0
2045-05-04,25.2,9.3,0.0
2045-05-05,24.2,12.2,0.0
2045-05-06,23.5,10.775681046617532,0.0
2045-05-07,25.0,11.2,0.0
2045-05-08,25.9,10.844068891280944,0.0
2045-05-09,26.7,11.2,0.0
2045-05-10,26.5,12.2,0.0
2045-05-11,26.3,11.0,0.0
2045-05-12,27.2,12.0,0.0
2045-05-13,27.9,15.9,0.0
2045-05-14,27.6,16.2,0.0
2045-05-15,28.0,17.9,0.0
2045-05-16,27.3,16.2,0.0
2045-05-17,21.7,9.9,0.0
2045-05-18,24.4,9.5,0.0
2045-05-19,25.0,11.7,0.0
2045-05-20,24.5,14.7,0.0
2045-05-21,24.9,14.517033164180619,0.0
2045-05-22,25.6,10.157158234660919,0.0
2045-05-23,24.3,14.0,0.0
2045-05-24,25.3,12.668137782561887,0.0
2045-05-25,27.5,11.5,0.0
2045-05-26,28.2,10.5,0.0
2045-05-27,27.6,11.8,0.0
2045-05-28,25.7,11.3,0.0
2045-05-29,23.5,8.673301156290144,0.3
2045-05-30,25.6,8.0,0.0
2045-05-31,24.9,9.5,0.0
2045-06-01,26.6,10.302300910476673,0.0
2045-06-02,26.7,11.5,0.0
2045-06-03,27.1,11.0,0.0
2045-06-04,27.8,10.338963045359046,0.0
2045-06-05,28.0,11.0,0.0
2045-06-06,28.9,11.9,0.0
2045-06-07,28.0,11.9,0.0
2045-06-08,25.5,12.2,0.0
2045-06-09,23.0,12.1,0.0
2045-06-10,24.2,11.4,0.0
2045-06-11,23.6,10.9,0.0
2045-06-12,18.7,13.277034311628313,0.0
2045-06-13,19.6,11.8,0.0
2045-06-14,23.0,9.7,0.0
2045-06-15,23.5,11.617519466073418,0.0
2045-06-16,24.4,10.2,0.0
2045-06-17,25.6,9.4,0.0
2045-06-18,27.07588958491892,10.2,0.0
2045-06-19,28.28505976337345,11.9,0.0
2045-06-20,29.65268726769583,13.460808305524669,0.0
2045-06-21,30.5,14.3,0.0
2045-06-22,29.594588649088692,15.0,0.0
2045-06-23,28.0,13.4,0.0
2045-06-24,28.0,11.6,0.0
2045-06-25,27.8,11.3,0.0
2045-06-26,25.697661422744858,11.5,0.0
2045-06-27,23.5,10.4,0.0
2045-06-28,23.5,10.2,0.0
2045-06-29,21.1,13.5,0.0
2045-06-30,23.0,9.9,0.0
2045-07-01,25.2,8.7,0.0
2045-07-02,26.4,5.6,0.0
2045-07-03,26.0,4.5,0.0
2045-07-04,25.6,6.677933261571582,0.0
2045-07-05,25.9,4.4,0.0
2045-07-06,24.2,4.7,0.0
2045-07-07,20.3,9.9,0.0
2045-07-08,22.3,15.285639447021858,0.0
2045-07-09,25.7,12.4,0.0
2045-07-10,24.5,12.7,0.0
2045-07-11,17.73932077319936,12.1,0.0
2045-07-12,23.8,12.110041519298784,0.0
2045-07-13,24.7,10.0,0.0
2045-07-14,25.6,6.5,0.0
2045-07-15,26.7,5.3,0.0
2045-07-16,26.3,5.8,0.0
2045-07-17,23.77226245229474,10.2,0.0
2045-07-18,22.1,14.426735802987736,0.0
2045-07-19,24.188579268939787,12.1,0.0
2045-07-20,24.5,8.9,0.0
2045-07-21,22.9,8.4,0.0
2045-07-22,21.7,9.0,0.0
2045-07-23,23.0,8.6,0.0
2045-07-24,22.7,8.3,0.0
2045-07-25,22.0,8.0,0.0
2045-07-26,22.0,6.7,0.0
2045-07-27,22.1,4.4,0.0
2045-07-28,23.6,2.076555435952637,0.0
2045-07-29,25.2,2.171453175457481,0.0
2045-07-30,25.0,2.9,0.0
2045-07-31,24.0,4.400071358595082,0.0
2045-08-01,22.372921453014797,9.4,0.0
2045-08-02,24.7,6.690906823492347,0.0
2045-08-03,26.3,7.215379440258342,0.0
2045-08-04,24.2,13.0,0.0
2045-08-05,21.083542711906546,12.1,0.0
2045-08-06,21.8,8.0,0.0
2045-08-07,24.6,7.7,0.0
2045-08-08,27.0,6.5,0.0
2045-08-09,27.6,7.1,0.0
2045-08-10,28.3,10.9,0.0
2045-08-11,28.6,10.5,0.0
2045-08-12,29.4,10.3,0.0
2045-08-13,29.7,13.0,0.0
2045-08-14,29.6,12.2,0.0
2045-08-15,31.9,7.6,0.0
2045-08-16,32.5,10.9,0.0
2045-08-17,31.139563434208558,15.01156290148963,0.0
2045-08-18,31.4,14.4,0.0
2045-08-19,32.1,13.4,0.0
2045-08-20,32.93210152006321,14.4,0.0
2045-08-21,32.33370163996707,16.901970577682086,0.0
2045-08-22,31.386155035703986,16.9,0.0
2045-08-23,30.091643568353064,17.535376629589763,0.0
2045-08-24,29.6,16.4,0.0
2045-08-25,28.539634015069968,16.4982750925464,0.0
2045-08-26,28.042787944025836,15.034949130178125,0.0
2045-08-27,28.3,13.9,0.0
2045-08-28,28.7,13.2,0.0
2045-08-29,28.8,13.423754449097617,0.0
2045-08-30,30.5,13.9,0.0
2045-08-31,30.112171126742933,17.5,0.0
2045-09-01,28.5,17.8,0.0
2045-09-02,30.0,17.3,0.0
2045-09-03,31.2,16.4,0.0
2045-09-04,32.6,17.3,0.0
2045-09-05,32.7,18.2,0.0
2045-09-06,33.2,17.8,0.0
2045-09-07,33.2,18.0,0.0
2045-09-08,30.4,17.8,0.0
2045-09-09,29.8,16.4,0.0
2045-09-10,30.235003607612068,16.0,0.0
2045-09-11,31.6,14.2,0.0
2045-09-12,32.8,14.8,0.0
2045-09-13,33.4,16.3,0.0
2045-09-14,34.07136353053781,17.4,0.0
2045-09-15,34.6,18.7,0.0
2045-09-16,35.4,19.3,0.0
2045-09-17,36.0,20.5,0.0
2045-09-18,34.7,21.424453747129178,0.0
2045-09-19,33.2,19.5,0.0
2045-09-20,34.6,19.06770545050056,0.0
2045-09-21,35.755959520239884,19.4,0.0
2045-09-22,36.0,20.5,0.0
2045-09-23,34.6,21.92566403558621,0.0
2045-09-24,34.0,20.2,0.0
2045-09-25,34.76033459399333,19.4,0.0
2045-09-26,36.02598707592209,20.2,0.0
2045-09-27,40.140380859375,21.572176047747014,0.0
2045-09-28,39.022216796875,22.11703000833637,0.0
2045-09-29,39.473876953125,21.575064277307895,0.0
2045-09-30,40.432861328125,22.159737292498914,0.0
2045-10-01,35.7,21.9,0.0
2045-10-02,33.6,20.4,0.0
2045-10-03,33.1,20.1,0.0
2045-10-04,33.5,19.0,0.0
2045-10-05,34.5,17.9,0.0
2045-10-06,36.6,17.6,0.0
2045-10-07,34.9,20.9,0.0
2045-10-08,32.6,19.5,0.0
2045-10-09,33.0,18.5,0.0
2045-10-10,32.2,19.0,0.0
2045-10-11,32.0,18.3,0.0
2045-10-12,33.0,18.2,0.0
2045-10-13,35.66627421959095,18.4,0.0
2045-10-14,34.76362633020397,21.4,0.0
2045-10-15,33.4,20.7,0.0
2045-10-16,34.5256958326926,20.4,0.0
2045-10-17,34.7,21.069375672766405,0.0
2045-10-18,32.0,20.9,0.0
2045-10-19,32.4,18.7,0.0
2045-10-20,35.6,19.2,0.0
2045-10-21,36.20424782176005,21.424811625403652,0.0
2045-10-22,35.28192900774248,21.9,0.0
2045-10-23,33.93015339074273,21.6,0.0
2045-10-24,32.4,19.6,0.0
2045-10-25,33.1,18.4,0.0
2045-10-26,33.9,18.6,0.0
2045-10-27,34.9,18.7,0.0
2045-10-28,35.2,20.0,0.0
2045-10-29,36.36162624902078,20.7,0.0
2045-10-30,35.8,22.0,0.0
2045-10-31,34.3,21.6,0.0
2045-11-01,36.0,19.6,0.0
2045-11-02,40.111572265625,20.782032728231833,0.0
2045-11-03,39.13249330728981,23.0,0.0
2045-11-04,35.2,22.3,0.0
2045-11-05,33.6,20.5,0.0
2045-11-06,35.28341591667508,20.4,0.0
2045-11-07,35.15046569156442,20.4,0.0
2045-11-08,34.0,19.9,0.0
2045-11-09,32.5,19.078556569265032,0.0
2045-11-10,33.4,18.0,0.0
2045-11-11,35.56303184093437,18.5,0.0
2045-11-12,37.28970071733246,19.5,0.0
2045-11-13,36.437552565180816,21.3,0.0
2045-11-14,33.4,20.4,0.0
2045-11-15,31.7,19.0,0.0
2045-11-16,33.4,19.0,0.0
2045-11-17,35.6,19.37306395564408,0.0
2045-11-18,36.8,19.2,0.0
2045-11-19,37.7079260480994,19.9,0.0
2045-11-20,39.55615234375,20.043120238420045,0.0
2045-11-21,37.41281620100765,20.9,0.0
2045-11-22,39.695068359375,20.0,0.9
2045-11-23,33.7,19.5,4.8
2045-11-24,29.5,19.1,12.094268774703556
2045-11-25,29.0,18.7,44.12272727272725
2045-11-26,29.5,18.2,10.5
2045-11-27,25.355490810380545,18.0,0.0
2045-11-28,28.646465770047527,17.4,0.0
2045-11-29,29.0,16.0,0.0
2045-11-30,30.0,16.0,0.0
2045-12-01,31.0,18.2,0.0
2045-12-02,30.0,18.7,0.9
2045-12-03,30.0,18.1,0.0
2045-12-04,30.7,17.7,0.0
2045-12-05,31.4,18.7,0.0
2045-12-06,31.2,20.304211693156375,0.0
2045-12-07,31.037257051929206,19.5,0.0
2045-12-08,31.6,19.9,0.0
2045-12-09,31.7,19.86878803565899,0.0
2045-12-10,32.1,19.0,0.0
2045-12-11,32.12013664633417,19.4,0.0
2045-12-12,32.1,23.284454345703125,0.0
2045-12-13,31.5,19.7,4.5
2045-12-14,29.5,19.4,4.3
2045-12-15,31.0,19.4,6.4
2045-12-16,31.587229790538025,18.7,0.0
2045-12-17,31.6,19.2,0.0
2045-12-18,31.67904832877921,19.2,0.0
2045-12-19,31.0,19.6,1.8
2045-12-20,30.7,19.0,14.193333333333332
2045-12-21,30.7,19.2,4.0
2045-12-22,29.6,18.9,39.666666666666686
2045-12-23,30.3,19.2,23.8
2045-12-24,28.6,19.0,6.8
2045-12-25,29.5,19.2,0.0
2045-12-26,30.2,18.8,1.35
2045-12-27,29.9,19.2,3.9
2045-12-28,30.8,18.5,0.0
2045-12-29,31.1,19.2,0.0
2045-12-30,29.0,19.5,27.53333333333334
2045-12-31,29.8,19.2,7.6
2046-01-01,30.3,18.4,0.5
2046-01-02,30.6,17.9,0.0
2046-01-03,30.4,18.4,0.0
2046-01-04,30.1,17.4,0.0
2046-01-05,29.066861272483752,19.1,0.0
2046-01-06,30.1,17.2,0.0
2046-01-07,30.7,16.5,0.0
2046-01-08,31.1,16.4,0.0
2046-01-09,31.1,17.2,0.5
2046-01-10,30.9,19.0,0.0
2046-01-11,31.169579888387563,19.9,1.0
2046-01-12,31.1,19.747527333220642,0.0
2046-01-13,31.03068166340809,19.6,0.0
2046-01-14,31.37800773915018,19.5,0.0
2046-01-15,31.9,19.0,0.0
2046-01-16,31.58016929249437,20.680539621190253,0.0
2046-01-17,31.1,19.105329676033953,7.2
2046-01-18,31.1,19.0,8.113831775700932
2046-01-19,31.1,18.6,0.6
2046-01-20,31.9,20.02793136227511,3.2
2046-01-21,31.54575137815181,19.9,2.5084112149532727
2046-01-22,31.1,19.7,1.0
2046-01-23,30.8,19.0,3.8
2046-01-24,29.62608590184811,19.0,9.79669781931464
2046-01-25,30.4,19.0,8.86943925233645
2046-01-26,30.2,18.8,20.7
2046-01-27,27.3,18.7,24.92897196261682
2046-01-28,26.7,19.0,42.646130841121504
2046-01-29,26.6,19.01687244276904,49.37663551401865
2046-01-30,24.9,18.9,20.912523364485985
2046-01-31,24.96111293115552,18.7,1.0530841121495336
2046-02-01,25.7,18.6,6.5
2046-02-02,27.6,18.6,13.0
2046-02-03,29.2,17.9,5.4736111111111105
2046-02-04,30.2,18.4,5.7616666666666685
2046-02-05,31.4,18.4,1.6
2046-02-06,30.9,18.1,5.3
2046-02-07,29.0,19.0,3.613888888888889
2046-02-08,27.1,18.9,0.5291666666666666
2046-02-09,28.7,18.4,0.0
2046-02-10,27.4,18.0,0.0
2046-02-11,30.4,16.8,0.0
2046-02-12,31.915506966421432,19.49617601593519,0.0
2046-02-13,32.7,19.2,0.0
2046-02-14,33.98186021589641,18.8,0.0
2046-02-15,34.112156654764064,18.8,1.6
2046-02-16,32.439642431466,19.444034018456147,8.4
2046-02-17,32.689492915357036,19.0,21.018576388888892
2046-02-18,24.424777065691515,18.7,79.68588652482258
2046-02-19,25.3,18.5,1.6
2046-02-20,23.595641704207996,18.2,3.2
2046-02-21,24.203904293583328,18.5,8.910763888888887
2046-02-22,26.5,18.8,15.875
2046-02-23,30.4,18.9,43.53760683760688
2046-02-24,25.953725990696885,18.9,15.8
2046-02-25,27.0,18.675902678237335,3.6
2046-02-26,27.4,16.0,0.0
2046-02-27,28.3,15.0,0.0
2046-02-28,28.7,15.9,0.0
2046-03-01,29.6,16.2,0.0
2046-03-02,26.6,17.5,0.0
2046-03-03,28.7,17.0,0.0
2046-03-04,29.9,17.2,1.7987730061349712
2046-03-05,27.0,18.1,2.863102541630149
2046-03-06,25.9,17.3,0.0
2046-03-07,26.4,18.1,0.2
2046-03-08,28.0,18.3,0.0
2046-03-09,27.6,16.1,0.0
2046-03-10,28.3,15.6,0.0
2046-03-11,30.0,14.7,0.0
2046-03-12,30.0,15.0,0.0
2046-03-13,28.5,16.5,0.0
2046-03-14,28.8,16.1,0.0
2046-03-15,29.9,16.8,0.0
2046-03-16,28.7,18.0,0.0
2046-03-17,27.9,16.5,0.0
2046-03-18,28.5,16.4,0.0
2046-03-19,29.9,16.1,0.0
2046-03-20,30.3,17.6,0.0
2046-03-21,30.4,17.8,0.0
2046-03-22,30.6,18.14810027788034,0.0
2046-03-23,29.358695652173918,18.3,0.0
2046-03-24,29.5,17.3,0.0
2046-03-25,29.9,17.0,0.0
2046-03-26,30.3,17.3,0.0
2046-03-27,31.2,17.1,0.0
2046-03-28,31.8,17.8,0.0
2046-03-29,31.0,17.2,0.0
2046-03-30,28.621621621621625,18.2,7.0
2046-03-31,30.7,17.0,0.0
2046-04-01,31.4,16.5,0.0
2046-04-02,30.4,16.7,0.0
2046-04-03,31.741414141414143,16.6,0.0
2046-04-04,32.343113772455084,17.0,0.0
2046-04-05,32.19827956989248,17.8,0.0
2046-04-06,31.4,19.0,1.6933333333333334
2046-04-07,30.0,18.4,0.0
2046-04-08,31.0,17.2,0.0
2046-04-09,31.6,17.7,0.0
2046-04-10,30.7,18.7,0.0
2046-04-11,29.2,16.930737704918034,0.0
2046-04-12,30.612328767123287,15.9,0.0
2046-04-13,31.6,16.6,0.0
2046-04-14,32.145806451612906,16.8,0.0
2046-04-15,32.420803571428564,16.989344262295084,0.0
2046-04-16,32.0,17.648314606741575,0.0
2046-04-17,31.5,17.2,0.0
2046-04-18,31.5,17.0,0.0
2046-04-19,31.7,17.4,0.0
2046-04-20,31.2,17.6,0.0
2046-04-21,31.55035971223021,17.0,0.0
2046-04-22,32.468125,17.7,0.0
2046-04-23,31.769696969696973,18.318965517241377,0.0
2046-04-24,30.6,17.8,0.0
2046-04-25,29.9,17.8,0.0
2046-04-26,29.2,16.97418032786885,0.0
2046-04-27,29.0,16.3,0.0
2046-04-28,27.855999999999998,16.0,0.0
2046-04-29,28.3,14.5,0.0
2046-04-30,30.2,15.0,0.0
2046-05-01,31.7,16.5,0.0
2046-05-02,32.20324335623168,17.10404410085785,0.0
2046-05-03,32.55652927629108,17.095158691326578,0.0
2046-05-04,31.796311270970612,16.968492863433635,0.0
2046-05-05,31.0,17.75861424281909,0.0
2046-05-06,30.7,17.0,0.0
2046-05-07,30.6,16.9,0.0
2046-05-08,30.7,17.402232587808463,0.0
2046-05-09,30.7,17.8,0.0
2046-05-10,31.019181464391366,17.781028189418638,0.0
2046-05-11,30.3,17.9,0.0
2046-05-12,30.599667286427238,16.9,0.0
2046-05-13,31.4,16.9,0.0
2046-05-14,31.9,17.806894158123995,0.0
2046-05-15,32.74529732558621,18.23116937321559,0.0
2046-05-16,31.27138490267559,21.18115234375,0.0
2046-05-17,30.1,18.439772882549935,0.0
2046-05-18,27.6,16.2,0.0
2046-05-19,26.4,13.6,0.0
2046-05-20,28.5,13.0,0.0
2046-05-21,30.0,13.493260919202786,0.0
2046-05-22,31.6,15.5,0.0
2046-05-23,31.71630909046088,17.2,0.0
2046-05-24,31.4,17.553880243419652,0.0
2046-05-25,31.0,16.5,0.0
2046-05-26,29.5,16.2,0.0
2046-05-27,28.327642626480074,15.2,0.0
2046-05-28,28.8,14.7,0.0
2046-05-29,28.7,14.0,0.0
2046-05-30,29.5,13.9,0.0
2046-05-31,30.421156601462435,12.5,0.0
2046-06-01,29.973088075389636,14.13617896204431,0.0
2046-06-02,26.6,14.2,0.0
2046-06-03,21.4,15.66925996204937,0.0
2046-06-04,24.9,14.1,0.0
2046-06-05,25.6,11.710045505106686,0.0
2046-06-06,26.6,11.9,0.0
2046-06-07,26.0,12.4,0.0
2046-06-08,25.5,11.6,0.0
2046-06-09,26.0,11.0,0.0
2046-06-10,28.0,11.845929821013248,0.0
2046-06-11,28.938208091294854,11.9,0.0
2046-06-12,28.0,12.7,0.0
2046-06-13,25.5,13.2,0.0
2046-06-14,25.2,10.6,0.0
2046-06-15,26.5,10.9,0.0
2046-06-16,27.5,11.9,0.0
2046-06-17,27.946814516129034,12.1,0.0
2046-06-18,28.5,11.7,0.0
2046-06-19,28.60411150804649,12.7,0.0
2046-06-20,26.3,14.7,0.0
2046-06-21,23.4,13.2,0.0
2046-06-22,23.0,10.5,0.0
2046-06-23,22.4,7.4,0.0
2046-06-24,21.8,6.4340908701976565,0.0
2046-06-25,24.0,7.33953496716782,0.0
2046-06-26,22.5,8.9,0.0
2046-06-27,25.4,8.5,0.0
2046-06-28,27.0,9.5,0.0
2046-06-29,27.9,9.510693874419857,0.0
2046-06-30,26.0,12.0,0.0
2046-07-01,20.1,13.8,0.0
2046-07-02,23.51104233943308,15.0,0.0
2046-07-03,23.783574713768466,10.5,0.0
2046-07-04,24.6,8.0,0.0
2046-07-05,20.4,11.2,0.0
2046-07-06,24.0,10.0,0.0
2046-07-07,25.9,9.017330462863294,0.0
2046-07-08,28.1,9.8,0.0
2046-07-09,28.5,11.5,0.0
2046-07-10,28.5,14.6,0.0
2046-07-11,27.6,15.0,0.0
2046-07-12,27.5,13.2,0.0
2046-07-13,26.9,15.0,0.0
2046-07-14,26.2,12.4,0.0
2046-07-15,26.0,11.4,0.0
2046-07-16,26.4,10.4,0.0
2046-07-17,25.7,12.1,0.0
2046-07-18,25.4,11.2,0.0
2046-07-19,26.159449484853134,9.9,0.0
2046-07-20,25.7,11.268302292991045,0.0
2046-07-21,25.259508432005738,11.4,0.0
2046-07-22,25.509651955507703,9.9,0.0
2046-07-23,25.4,9.8,0.0
2046-07-24,26.7,9.2,0.0
2046-07-25,26.9,11.2,0.0
2046-07-26,26.0,12.4,0.0
2046-07-27,22.9,12.2,0.0
2046-07-28,24.5,10.4,0.0
2046-07-29,25.9,10.9,0.0
2046-07-30,26.82033312560194,11.1,0.0
2046-07-31,27.5,11.5,0.0
2046-08-01,28.0,11.2,0.0
2046-08-02,29.6,8.9,0.0
2046-08-03,28.1,7.7,0.0
2046-08-04,25.6,13.1,0.0
2046-08-05,25.0,12.0,0.0
2046-08-06,24.0,13.2,0.0
2046-08-07,24.3,10.9,0.0
2046-08-08,21.102284430432977,10.8,0.0
2046-08-09,24.6,7.862478046569599,0.0
2046-08-10,26.3,7.9,0.0
2046-08-11,26.9,10.071324940328543,0.0
2046-08-12,28.8,10.7,0.0
2046-08-13,30.9,9.9,0.0
2046-08-14,31.79742443850461,11.0,0.0
2046-08-15,32.1922149053378,11.0,0.0
2046-08-16,30.624498195403024,15.5,0.0
2046-08-17,28.2,14.815846532369674,0.0
2046-08-18,28.1,12.9,0.0
2046-08-19,29.440933225287544,12.0,0.0
2046-08-20,31.2,13.5,0.0
2046-08-21,32.1,13.7,0.0
2046-08-22,32.516380263265866,13.4,0.0
2046-08-23,32.238874817957296,16.0,0.0
2046-08-24,32.9,15.7,0.0
2046-08-25,33.12285672766416,16.1,0.0
2046-08-26,32.31518077629326,18.551634044360473,0.0
2046-08-27,32.54690563651546,18.585389405134137,0.0
2046-08-28,33.115904736275574,18.50345722788578,0.0
2046-08-29,32.5,18.918969329981554,0.0
2046-08-30,32.33888748179572,18.00786901388735,0.0
2046-08-31,33.113297739504844,15.0,0.0
2046-09-01,33.34891784522485,14.4,0.0
2046-09-02,34.36114981558457,16.5,0.0
2046-09-03,32.2,19.4,0.0
2046-09-04,30.7,17.6,0.0
2046-09-05,31.0,17.2,0.0
2046-09-06,30.3,17.5,0.0
2046-09-07,30.6,17.4,0.0
2046-09-08,31.0,16.7,0.0
2046-09-09,31.8,16.3,0.0
2046-09-10,32.6,16.9,0.0
2046-09-11,32.9,16.9,0.0
2046-09-12,33.7,15.4,0.0
2046-09-13,33.2,17.7,0.0
2046-09-14,32.0,19.0,0.0
2046-09-15,32.03175380051909,17.6,0.0
2046-09-16,34.6,17.314964948133586,0.0
2046-09-17,35.6,18.0,0.0
2046-09-18,35.3,20.074404031299153,0.0
2046-09-19,39.404052734375,19.4,0.0
2046-09-20,36.0,17.7,0.0
2046-09-21,33.1,20.877942046346565,0.0
2046-09-22,32.712460873839156,19.9,0.0
2046-09-23,34.4,18.347608453837598,0.0
2046-09-24,35.2,19.4,0.0
2046-09-25,33.78447027309255,20.5,0.0
2046-09-26,33.5,19.945889006526674,0.0
2046-09-27,32.9,19.0,0.0
2046-09-28,33.2,18.3,0.0
2046-09-29,34.6,18.5,0.0
2046-09-30,36.0,19.4,0.0
2046-10-01,33.9,20.0,0.0
2046-10-02,34.0,19.6,0.0
2046-10-03,35.4,19.311767957408417,0.0
2046-10-04,34.4,21.4,0.0
2046-10-05,34.6,20.5,0.0
2046-10-06,34.0,19.1,0.0
2046-10-07,33.1,18.8,0.0
2046-10-08,31.8,18.1,0.0
2046-10-09,31.8,17.4,0.0
2046-10-10,34.7,17.2,0.0
2046-10-11,35.44371946675497,19.0,0.0
2046-10-12,36.0,21.0,0.0
2046-10-13,34.0,21.47147470398277,0.0
2046-10-14,30.7,19.6,0.0
2046-10-15,30.6,18.0,0.0
2046-10-16,32.9,18.2,0.0
2046-10-17,34.3,18.0,0.0
2046-10-18,35.6,19.6,0.0
2046-10-19,35.8,20.578691065661992,0.0
2046-10-20,38.107334923782204,20.0,0.0
2046-10-21,39.409521484375,20.7,0.0
2046-10-22,38.8462890625,23.46447871611703,0.0
2046-10-23,34.2,22.0,0.0
2046-10-24,32.72805506770153,19.5,0.0
2046-10-25,34.5,20.6,0.0
2046-10-26,36.3,21.0,0.0
2046-10-27,38.06521745054625,20.9,0.0
2046-10-28,35.9,21.7,0.0
2046-10-29,35.4,21.7,0.0
2046-10-30,36.4244809075973,21.3,0.0
2046-10-31,38.25751966980904,21.5,0.0
2046-11-01,39.6767578125,21.39029390294772,0.0
2046-11-02,40.240966796875,25.13193359375,0.0
2046-11-03,40.257568359375,22.9,0.0
2046-11-04,35.6348853969199,22.3,0.0
2046-11-05,35.0,20.7,0.0
2046-11-06,34.6,19.5,0.0
2046-11-07,36.4,18.9,0.0
2046-11-08,40.267822265625,19.0,0.0
2046-11-09,37.319059672602094,21.7,0.0
2046-11-10,36.4,21.0,0.0
2046-11-11,36.80254250754806,20.7,0.0
2046-11-12,40.744140625,21.7,0.0
2046-11-13,38.17498738435655,26.19052734375,0.0
2046-11-14,36.8,22.960066740823144,0.0
2046-11-15,36.28368145676265,19.6,3.17905138339921
2046-11-16,31.2,18.777480892748223,1.4090909090909085
2046-11-17,31.9,18.7,0.0
2046-11-18,31.2,18.8,5.900395256916997
2046-11-19,30.0,18.5,1.2717885375494067
2046-11-20,30.5,19.381745436359093,0.6118577075098813
2046-11-21,31.0,18.5,0.0
2046-11-22,30.0,18.2,12.088669301712779
2046-11-23,31.1,16.668478084263416,0.0
2046-11-24,31.0,15.7,0.0
2046-11-25,31.2,18.5,0.0
2046-11-26,30.1,18.4,2.3
2046-11-27,31.4,19.0,0.0
2046-11-28,32.2,18.2,0.0
2046-11-29,32.4,19.3,0.0
2046-11-30,29.6,18.4,16.283581635755546
2046-12-01,27.8,19.0,3.6
2046-12-02,28.7,19.0,11.0
2046-12-03,29.8,19.2,25.5
2046-12-04,29.9,18.9,7.8
2046-12-05,29.6,19.4,4.0
2046-12-06,30.5,19.0,0.0
2046-12-07,31.1,18.5,0.0
2046-12-08,30.9,18.5,6.225
2046-12-09,27.2,18.9,1.6
2046-12-10,29.2,18.9,1.4
2046-12-11,25.0,17.8,3.6
2046-12-12,23.93754036598493,18.4,0.0
2046-12-13,24.5,18.4,15.2
2046-12-14,27.9,18.3,4.2
2046-12-15,29.2,18.7,7.0
2046-12-16,30.8,18.8,1.6
2046-12-17,29.7,19.2,8.8
2046-12-18,30.0,19.0,0.0
2046-12-19,30.797219232149253,19.4,0.0
2046-12-20,27.7,19.2,33.15
2046-12-21,23.745964511224795,17.6,62.727272727272684
2046-12-22,23.9,17.5,4.3
2046-12-23,26.9,17.4,4.0
2046-12-24,28.3,18.793381796759046,25.0
2046-12-25,26.6,17.4,0.0
2046-12-26,29.5,16.7,0.0
2046-12-27,30.1,17.0,0.0
2046-12-28,30.9,17.7,0.0
2046-12-29,30.7,18.8,0.0
2046-12-30,30.8,18.0,0.0
2046-12-31,31.0,17.7,0.0
2047-01-01,31.1,18.6,0.0
2047-01-02,31.1,18.4,0.0
2047-01-03,28.7,18.4,1.9
2047-01-04,28.0,18.2,10.0
2047-01-05,29.9,18.7,1.0
2047-01-06,30.905681432484435,18.7,1.424392523364486
2047-01-07,29.0,19.172188314491333,8.9
2047-01-08,29.5,19.338229320301835,23.06447160316319
2047-01-09,24.103996666550923,17.9,7.7
2047-01-10,22.7,17.0,7.509345794392526
2047-01-11,26.2,16.2,0.0
2047-01-12,25.7,16.6,0.6
2047-01-13,22.7,16.4,28.3
2047-01-14,28.4,16.8,0.0
2047-01-15,29.8,18.7,1.9
2047-01-16,30.7,19.0,1.0
2047-01-17,30.3842231507929,19.1,0.9
2047-01-18,28.9,18.8,0.5112149532710281
2047-01-19,29.043617860459005,18.4,0.0
2047-01-20,30.4,17.4,0.0
2047-01-21,31.51719183220798,18.3,0.0
2047-01-22,31.7,18.9,1.4
2047-01-23,27.4,19.0,4.0
2047-01-24,28.4,16.9,0.0
2047-01-25,29.5,16.0,0.0
2047-01-26,31.0,16.4,0.0
2047-01-27,31.1,17.6,0.0
2047-01-28,31.749813700200622,18.2,10.705210280373835
2047-01-29,31.1,18.5,0.0
2047-01-30,29.0,18.6,22.13780373831777
2047-01-31,28.7,18.9,11.021831775700926
2047-02-01,30.5,17.8,0.0
2047-02-02,30.3,16.8,2.3
2047-02-03,32.0,18.8,15.976388888888883
2047-02-04,26.0,18.9,21.09261695906433
2047-02-05,25.5,19.0,4.0
2047-02-06,25.404293099914213,18.9,7.4
2047-02-07,30.3,19.0,34.53472222222219
2047-02-08,28.2,18.9,17.8
2047-02-09,27.2,18.4,1.6
2047-02-10,29.1,17.4,0.0
2047-02-11,31.69611276979902,18.0,0.0
2047-02-12,32.0,18.5,0.5291666666666666
2047-02-13,32.0,18.8,1.4
2047-02-14,32.69325727907373,18.9,0.0
2047-02-15,28.3,19.047964518564594,5.966666666666666
2047-02-16,27.9,18.9,0.0
2047-02-17,28.1,16.7,0.0
2047-02-18,29.6,16.5,0.0
2047-02-19,31.6,15.6,0.0
2047-02-20,32.0,17.8,0.0
2047-02-21,30.5,17.8,1.0
2047-02-22,30.7,17.3,1.7541666666666675
2047-02-23,30.0,18.4,4.8
2047-02-24,30.0,18.7,0.0
2047-02-25,29.0,18.8,0.0
2047-02-26,28.3,18.2,0.0
2047-02-27,29.4,17.6,0.0
2047-02-28,29.364362336114425,17.4,0.0
2047-03-01,29.2,17.6,0.0
2047-03-02,30.165151515151518,17.6,0.0
2047-03-03,31.5,18.6,0.0
2047-03-04,32.6,19.4,0.0
2047-03-05,32.0,19.64768885058614,0.0
2047-03-06,30.9,19.4,0.0
2047-03-07,30.7,19.3,0.0
2047-03-08,31.0,19.8,0.0
2047-03-09,31.921794871794877,20.10761451715088,0.0
2047-03-10,33.3,19.3,0.0
2047-03-11,32.4890977443609,20.104302886806124,0.0
2047-03-12,29.4,19.4,0.0
2047-03-13,29.2,18.2,0.0
2047-03-14,29.9,17.8,0.0
2047-03-15,31.9,17.7,0.0
2047-03-16,33.2,21.81892522822347,0.0
2047-03-17,33.0,22.181677246093745,0.0
2047-03-18,30.0,19.0,4.2
2047-03-19,31.2,19.6,0.0
2047-03-20,30.7,18.4,0.0
2047-03-21,32.1,18.0,0.0
2047-03-22,33.66251673360107,17.6,0.0
2047-03-23,33.7,19.0,0.0
2047-03-24,33.7,19.6,0.0
2047-03-25,33.0,18.96050440146076,4.9
2047-03-26,27.8,18.6,0.0
2047-03-27,28.7,18.1,0.0
2047-03-28,29.0,16.9,0.0
2047-03-29,30.3,16.6,0.0
2047-03-30,32.496240601503764,17.3,0.0
2047-03-31,33.3,17.54543714866643,0.0
2047-04-01,32.720352781546815,17.6,0.0
2047-04-02,30.1,18.2,0.0
2047-04-03,30.6,16.4,0.0
2047-04-04,31.3,14.6,0.0
2047-04-05,32.7,16.2,0.0
2047-04-06,31.5,17.3,0.0
2047-04-07,31.1,17.6,0.0
2047-04-08,31.5,17.8,2.8
2047-04-09,21.252504638218923,18.3,10.39555555555556
2047-04-10,26.7,18.2,2.0
2047-04-11,29.4,17.5,0.0
2047-04-12,31.358139534883726,15.1,0.0
2047-04-13,32.3,16.9,0.0
2047-04-14,30.4,16.9,0.0
2047-04-15,30.4,16.5,0.0
2047-04-16,32.40848214285714,17.2,0.0
2047-04-17,32.75617367706921,17.9,0.0
2047-04-18,32.40508928571429,17.8,0.0
2047-04-19,31.3,17.8,0.0
2047-04-20,31.1,17.4,0.0
2047-04-21,31.706060606060603,16.6,0.0
2047-04-22,32.82754409769335,16.7,0.0
2047-04-23,31.36511627906977,17.6,0.0
2047-04-24,30.606849315068498,16.8,0.0
2047-04-25,31.0,16.9,0.0
2047-04-26,30.6,17.299706170421143,0.0
2047-04-27,30.0,17.2,0.0
2047-04-28,29.35352112676057,17.3,0.0
2047-04-29,29.5,17.2,0.0
2047-04-30,30.573333333333334,18.165753424657535,0.0
2047-05-01,31.639713200838827,17.9,0.0
2047-05-02,30.6,17.720517987044563,0.0
2047-05-03,29.6,16.114772996205772,0.0
2047-05-04,29.6,14.7,0.0
2047-05-05,30.5,15.0,0.0
2047-05-06,30.7,15.9,0.0
2047-05-07,30.7,16.5,0.0
2047-05-08,31.4,16.9,0.0
2047-05-09,31.7,16.93597757141204,0.0
2047-05-10,34.38837890625,16.930271498624546,0.0
2047-05-11,34.363232421875,16.5,0.0
2047-05-12,30.8,17.9,0.0
2047-05-13,29.5,16.5,0.0
2047-05-14,29.8,15.3,0.0
2047-05-15,30.7,14.9,0.0
2047-05-16,31.645735104507967,14.1,0.0
2047-05-17,32.08987306133073,14.7,0.0
2047-05-18,31.9,15.2,0.0
2047-05-19,30.1,17.2,0.0
2047-05-20,27.8,16.2,0.0
2047-05-21,25.5,12.4,0.0
2047-05-22,27.0,9.327923601335867,0.0
2047-05-23,29.2,10.9,0.0
2047-05-24,30.0,13.8,0.0
2047-05-25,30.51380070082219,14.9,0.0
2047-05-26,29.6,16.9,0.0
2047-05-27,27.5,14.7,0.0
2047-05-28,27.5,13.1,0.0
2047-05-29,28.9,12.3,0.0
2047-05-30,30.0,11.5,0.0
2047-05-31,30.526250601195514,11.824004305705051,0.0
2047-06-01,29.76653054383107,15.69623954932006,0.0
2047-06-02,28.942096671198453,15.340874540735506,0.0
2047-06-03,28.2,14.2,0.0
2047-06-04,28.2,13.0,0.0
2047-06-05,26.7,13.545144988684743,0.0
2047-06-06,26.7,11.9,0.0
2047-06-07,27.755766327665665,11.7,0.0
2047-06-08,28.4,10.9,0.0
2047-06-09,27.4,13.7,0.0
2047-06-10,25.6,12.5,0.0
2047-06-11,23.0,12.5,0.0
2047-06-12,25.9,10.8,0.0
2047-06-13,26.9,11.1,0.0
2047-06-14,26.4,12.3,0.0
2047-06-15,26.3,11.5,0.0
2047-06-16,26.1,10.403893214682986,0.0
2047-06-17,25.6,11.5,0.0
2047-06-18,27.4,11.9,0.0
2047-06-19,29.5,12.9,0.0
2047-06-20,28.9,15.0,0.0
2047-06-21,24.5,14.1,0.0
2047-06-22,25.7,12.1,0.0
2047-06-23,26.3,11.5,0.0
2047-06-24,26.0,11.5,0.0
2047-06-25,24.9,11.7,0.0
2047-06-26,24.3,11.0,0.0
2047-06-27,22.9,11.1,0.0
2047-06-28,25.0,10.6,0.0
2047-06-29,25.7,9.7,0.0
2047-06-30,27.24593077275404,7.0,0.0
2047-07-01,28.21011536039968,8.0,0.0
2047-07-02,27.4,13.0,0.0
2047-07-03,27.6,11.002152852529596,0.0
2047-07-04,29.0,11.0,0.0
2047-07-05,29.1,9.8,0.0
2047-07-06,28.5,11.3,0.0
2047-07-07,27.3,12.1,0.0
2047-07-08,27.0,10.2,0.0
2047-07-09,28.2,10.7,0.0
2047-07-10,28.5,12.4,0.0
2047-07-11,28.9,12.2,0.0
2047-07-12,29.1,9.9,0.0
2047-07-13,28.6,12.2,0.0
2047-07-14,25.8,13.8,0.0
2047-07-15,23.0,12.8,0.0
2047-07-16,23.3,11.459872366600026,0.0
2047-07-17,23.9,8.5,0.0
2047-07-18,24.9,10.0,0.0
2047-07-19,25.525206315034076,10.4,0.0
2047-07-20,26.0,10.0,0.0
2047-07-21,26.6,10.2,0.0
2047-07-22,26.699772198162556,11.7,0.0
2047-07-23,27.156828579117327,15.290309295159703,0.0
2047-07-24,27.1,16.135349426720502,0.0
2047-07-25,28.7,17.90322265625,0.0
2047-07-26,29.5,17.257958984375,0.0
2047-07-27,29.5,16.0,0.0
2047-07-28,28.3,16.0,0.0
2047-07-29,26.7,13.9,0.0
2047-07-30,27.818010568548775,12.2,0.0
2047-07-31,28.40268786835625,13.2,0.0
2047-08-01,28.7,12.4,0.0
2047-08-02,30.02393720380803,12.3,0.0
2047-08-03,29.3,15.095753324768221,0.0
2047-08-04,28.8,13.9,0.0
2047-08-05,29.938656794577135,13.192787944025827,0.0
2047-08-06,31.9,14.0,0.0
2047-08-07,33.2,12.6,0.0
2047-08-08,33.037353407738934,13.0,0.0
2047-08-09,32.50858655094681,15.986239318116906,0.0
2047-08-10,31.6,17.5,0.0
2047-08-11,28.4,17.5,0.0
2047-08-12,26.8,15.0,0.0
2047-08-13,30.480512435556058,13.4,0.0
2047-08-14,31.5,13.9,0.0
2047-08-15,31.9,16.1,0.0
2047-08-16,31.57510788726881,15.2,0.0
2047-08-17,32.538678940178684,14.9,0.0
2047-08-18,31.54965236324493,17.100480859146096,0.0
2047-08-19,31.6,16.7,0.0
2047-08-20,32.524390467593776,16.9,0.0
2047-08-21,30.1,25.720703125,0.0
2047-08-22,29.0,17.0,0.0
2047-08-23,31.5,15.8,0.0
2047-08-24,30.7,19.0,0.0
2047-08-25,26.4,18.605554945336586,0.0
2047-08-26,25.7,16.4,0.0
2047-08-27,26.9,13.9,0.0
2047-08-28,27.7,13.41458204018135,0.0
2047-08-29,29.2,12.9,0.0
2047-08-30,30.9,14.0,0.0
2047-08-31,31.6,16.010877885420403,0.0
2047-09-01,31.7,16.04180789112085,0.0
2047-09-02,32.6,17.0,0.0
2047-09-03,32.2,18.6,0.0
2047-09-04,32.9,18.6,0.0
2047-09-05,33.7,17.8,0.0
2047-09-06,33.5,17.5,0.0
2047-09-07,30.6,18.6,0.0
2047-09-08,29.7,16.2,0.0
2047-09-09,30.6,15.4,0.0
2047-09-10,30.7,17.0,0.0
2047-09-11,30.0,16.5,0.0
2047-09-12,30.0,16.3,0.0
2047-09-13,30.5,16.9,0.0
2047-09-14,31.2,16.3,0.0
2047-09-15,31.2,17.6,0.0
2047-09-16,31.7,17.7,0.0
2047-09-17,33.0,17.9,0.0
2047-09-18,34.4,17.6,0.0
2047-09-19,32.0,20.317757077380925,0.0
2047-09-20,29.2,17.5,0.0
2047-09-21,30.1,16.0,0.0
2047-09-22,32.479325513196486,16.0,0.0
2047-09-23,32.0,17.6,0.0
2047-09-24,32.9,17.2218655649134,0.0
2047-09-25,33.2,18.0,0.0
2047-09-26,33.5493382670087,18.4,0.0
2047-09-27,35.91848683455906,19.6,0.0
2047-09-28,40.5068359375,20.7881544628131,0.0
2047-09-29,40.5830078125,21.779327342006894,0.0
2047-09-30,34.5,22.45542105771154,0.0
2047-10-01,27.4,17.5,0.0
2047-10-02,29.9,16.6,0.0
2047-10-03,32.0,17.9,0.0
2047-10-04,31.6,19.13993110871905,0.0
2047-10-05,32.4,16.5,0.0
2047-10-06,34.6,14.59103419723441,0.0
2047-10-07,33.9,17.9,0.0
2047-10-08,33.5,18.7,0.0
2047-10-09,34.2,17.6,0.0
2047-10-10,34.9,18.14467476549284,0.0
2047-10-11,35.7,19.3,0.0
2047-10-12,36.0,20.5936232508073,0.0
2047-10-13,35.0,20.9,0.0
2047-10-14,35.2,19.7,0.0
2047-10-15,35.8,19.0,0.0
2047-10-16,34.0,20.6,0.0
2047-10-17,34.79670395552587,19.4,0.0
2047-10-18,35.3,20.2,0.0
2047-10-19,36.0,19.6,0.0
2047-10-20,36.6753542824977,20.7,0.0
2047-10-21,36.940431726399886,20.76733046286328,0.0
2047-10-22,38.07528455390511,20.8,0.0
2047-10-23,38.21129317479395,21.97868695251977,0.0
2047-10-24,38.03727610244825,21.4,0.0
2047-10-25,38.36866870893421,21.3,0.0
2047-10-26,39.335791015625,22.55187492279726,0.0
2047-10-27,35.2,22.6,0.0
2047-10-28,35.356243272335824,20.7,0.0
2047-10-29,35.3,22.0,0.0
2047-10-30,35.8,21.5,0.0
2047-10-31,37.2,21.9,0.0
2047-11-01,37.40184976771576,23.038580130236173,0.0
2047-11-02,33.86481879090462,21.9,0.0
2047-11-03,35.2,21.5,0.0
2047-11-04,36.0,24.044775390625,0.0
2047-11-05,34.5,22.3,0.0
2047-11-06,31.9,20.0,0.0
2047-11-07,33.3,20.0,0.0
2047-11-08,33.4,21.9,0.0
2047-11-09,33.6,21.59485640001609,0.0
2047-11-10,32.0,19.7,0.0
2047-11-11,33.9,20.0,0.0
2047-11-12,36.2,22.3,0.0
2047-11-13,35.2,23.693978634541516,0.0
2047-11-14,34.5,18.7,1.0
2047-11-15,27.0,17.5,90.5
2047-11-16,24.0,18.0,11.159683794466403
2047-11-17,23.057142129752933,17.4,63.592429309820595
2047-11-18,22.884553837167854,16.3,20.39407114624506
2047-11-19,25.5,15.888443025999814,0.0
2047-11-20,27.0,15.5,0.0
2047-11-21,27.436516576603854,15.278456431608243,0.0
2047-11-22,28.6,15.5,0.0
2047-11-23,29.2,15.5,0.0
2047-11-24,29.6,15.3,0.0
2047-11-25,29.2,18.7,0.1
2047-11-26,29.4,18.2,5.0996047430830025
2047-11-27,27.7,18.4,5.383399209486168
2047-11-28,27.3,18.5,40.73873517786559
2047-11-29,26.728460386092074,17.8,2.3438735177865615
2047-11-30,27.0,16.0,0.0
2047-12-01,29.7,16.5,0.0
2047-12-02,31.0,17.1,0.0
2047-12-03,30.8,19.0,0.0
2047-12-04,30.3,19.5,0.0
2047-12-05,27.0,19.2,1.2
2047-12-06,27.1,19.0,0.0
2047-12-07,29.8,18.4,0.0
2047-12-08,29.9,18.2,0.0
2047-12-09,30.0,16.4,0.0
2047-12-10,30.0,15.7,0.0
2047-12-11,31.4,16.0,0.0
2047-12-12,31.4,16.8,0.0
2047-12-13,29.5,18.4,0.7
2047-12-14,30.3,18.8,0.0
2047-12-15,30.6,18.5,0.9
2047-12-16,27.5,19.0,0.0
2047-12-17,29.7,18.5,0.0
2047-12-18,29.1,18.0,0.0
2047-12-19,30.7,18.1,0.0
2047-12-20,30.2,17.7,0.0
2047-12-21,30.229148546824536,17.4,0.0
2047-12-22,30.9,16.9,0.0
2047-12-23,31.5,16.9,0.0
2047-12-24,32.12993013196188,19.10068690591304,0.0
2047-12-25,32.0,20.0,0.0
2047-12-26,32.1,20.0,0.0
2047-12-27,31.6,19.6,0.9
2047-12-28,30.7,19.0,4.0
2047-12-29,27.9,19.2,16.5
2047-12-30,28.0,19.0,16.8
2047-12-31,28.973327290238508,17.8,1.3
2048-01-01,28.6,18.6,0.0
2048-01-02,29.7,18.8,0.0
2048-01-03,30.402052386078218,18.2,0.0
2048-01-04,31.1,19.3,0.0
2048-01-05,31.1,19.624322340737834,1.0
2048-01-06,31.1,19.0,1.8
2048-01-07,30.7,19.4,2.7
2048-01-08,29.2,19.315918656487188,25.053621495327103
2048-01-09,28.4,19.0,25.683084112149533
2048-01-10,27.9,18.8,23.219468008626876
2048-01-11,24.760548977395047,18.7,22.21336448598132
2048-01-12,24.8,18.6,8.517570093457941
2048-01-13,28.4,18.3,5.6
2048-01-14,30.1,18.4,39.10981308411216
2048-01-15,29.5,18.14800371856346,0.8
2048-01-16,28.7,17.2,0.0
2048-01-17,27.8,16.7,0.0
2048-01-18,28.5,17.0,0.0
2048-01-19,28.7,16.0,0.0
2048-01-20,26.0,17.0,13.966168224299063
2048-01-21,29.09806593832614,16.3,0.0
2048-01-22,30.6,17.5,0.0
2048-01-23,31.1,18.8,0.0
2048-01-24,31.0,19.160249271909645,0.0
2048-01-25,30.2,19.6,0.0
2048-01-26,29.8,18.5,0.0
2048-01-27,30.2,17.2,0.0
2048-01-28,31.1,16.4,0.0
2048-01-29,31.1,17.8,0.0
2048-01-30,30.9,18.9,1.1
2048-01-31,31.1,18.7,0.0
2048-02-01,32.9,19.0,0.0
2048-02-02,32.9,19.462516628513562,1.8
2048-02-03,30.5,18.9,6.4
2048-02-04,30.4,18.9,31.81250000000001
2048-02-05,31.2,18.8,25.011111111111113
2048-02-06,25.6,18.9,19.920833333333345
2048-02-07,27.6,18.3,2.3
2048-02-08,29.5,16.7,0.0
2048-02-09,28.6,18.2,1.8
2048-02-10,28.2,18.9,0.0
2048-02-11,29.3,18.8,0.0
2048-02-12,31.6,17.2,0.0
2048-02-13,32.0,19.2,0.0
2048-02-14,32.087277623272854,20.181093814846744,0.0
2048-02-15,32.9,20.070441355693216,0.0
2048-02-16,34.06474919548305,19.2,0.0
2048-02-17,32.928682233539206,19.1,12.44513888888889
2048-02-18,29.2,18.7,17.2640625
2048-02-19,26.8,18.8,0.8
2048-02-20,28.0,17.9,0.0
2048-02-21,29.6,19.4,0.0
2048-02-22,32.0,19.1,0.0
2048-02-23,32.665777423941904,19.0,0.0
2048-02-24,31.0,19.5,0.0
2048-02-25,31.570420717805412,18.4,0.0
2048-02-26,32.8,17.5,0.0
2048-02-27,32.9,20.12882519469534,0.0
2048-02-28,33.987193555065524,20.178317836030146,1.4
2048-03-01,30.2,19.1,4.487661895023861
2048-03-02,30.2,18.1,1.4282208588957057
2048-03-03,31.1,17.1,0.0
2048-03-04,31.6,17.3,0.0
2048-03-05,31.8,16.6,0.0
2048-03-06,32.236241610738254,18.3,0.0
2048-03-07,30.9,18.5,8.384049079754606
2048-03-08,28.723684210526315,17.3,9.77331288343558
2048-03-09,30.4,16.2,0.0
2048-03-10,30.7,17.0,0.0
2048-03-11,32.0,18.6,0.0
2048-03-12,33.0,18.1,0.0
2048-03-13,33.0,18.6,0.0
2048-03-14,32.25458612975392,19.6,0.0
2048-03-15,32.0,18.7,0.0
2048-03-16,32.50182555780933,18.7,0.0
2048-03-17,31.94358974358974,19.115835208924548,2.5
2048-03-18,29.5,18.7,6.085889570552154
2048-03-19,28.9,18.5,4.0
2048-03-20,28.1,18.4,9.0
2048-03-21,29.9,18.5,0.0
2048-03-22,29.2,18.3,0.0
2048-03-23,28.9,17.355967521162945,0.0
2048-03-24,29.5,16.9,0.0
2048-03-25,30.7,16.0,0.0
2048-03-26,31.9,17.3,0.0
2048-03-27,31.9,19.97290872585762,0.0
2048-03-28,31.9,19.6,0.0
2048-03-29,32.43796992481203,19.4,0.0
2048-03-30,33.67844712182062,19.917613695514053,0.0
2048-03-31,33.7,19.3,0.0
2048-04-01,34.09751471550033,20.721484375,0.0
2048-04-02,30.0,20.94951171875,0.0
2048-04-03,30.6,17.9,0.0
2048-04-04,30.2,16.0,0.0
2048-04-05,29.9,14.9,0.0
2048-04-06,30.623287671232884,16.0,0.0
2048-04-07,31.2,17.2,0.0
2048-04-08,33.71251241310824,17.4,0.0
2048-04-09,34.041857423152386,17.5,0.0
2048-04-10,33.74359483614697,18.499497487437186,0.0
2048-04-11,30.8,18.9,0.0
2048-04-12,27.9,18.86338546458142,0.0
2048-04-13,26.4,18.158281444582816,0.0
2048-04-14,29.84375,16.6,0.0
2048-04-15,30.4,17.946774193548386,0.0
2048-04-16,26.0,17.9,0.0
2048-04-17,25.4,16.4,0.0
2048-04-18,27.0,17.78235294117647,0.0
2048-04-19,27.6,17.4,0.0
2048-04-20,28.4,19.0,0.0
2048-04-21,31.4,19.4,0.0
2048-04-22,31.1,20.5310546875,0.0
2048-04-23,28.6,17.7,0.0
2048-04-24,28.6,15.6,0.0
2048-04-25,30.0,15.9,0.0
2048-04-26,25.0,17.8,3.9893333333333327
2048-04-27,28.5,17.960483870967746,0.0
2048-04-28,26.0,18.9,0.0
2048-04-29,30.2,17.8,0.0
2048-04-30,30.0,17.1,0.0
2048-05-01,30.2,16.2,0.0
2048-05-02,29.9,15.3,0.0
2048-05-03,29.6,14.7,0.0
2048-05-04,30.0331574582223,13.1,0.0
2048-05-05,30.4,14.4,0.0
2048-05-06,30.2,14.5,0.0
2048-05-07,27.8,14.5,0.0
2048-05-08,28.0,15.261709618185257,0.0
2048-05-09,27.0,14.5,0.0
2048-05-10,28.9,12.5,0.0
2048-05-11,29.576542946121155,12.628793490357761,0.0
2048-05-12,28.0,14.9,0.0
2048-05-13,26.7,14.0,0.0
2048-05-14,27.1,13.2,0.0
2048-05-15,26.9,12.9,0.0
2048-05-16,27.8,13.1,0.0
2048-05-17,30.7,14.7,0.0
2048-05-18,31.66767932974298,15.7,0.0
2048-05-19,31.7,17.0,0.0
2048-05-20,31.0,16.9,0.0
2048-05-21,30.2,16.2,0.0
2048-05-22,29.2,14.0,0.0
2048-05-23,29.85936001565709,15.1,0.0
2048-05-24,30.5,15.6,0.0
2048-05-25,30.1,15.3,0.0
2048-05-26,29.5,16.2,0.0
2048-05-27,28.4,16.2,0.0
2048-05-28,27.9,16.2,0.0
2048-05-29,27.6,13.4,0.0
2048-05-30,27.5,11.9,0.0
2048-05-31,27.9,11.9,0.0
2048-06-01,28.0,13.665165401170386,0.0
2048-06-02,28.0,13.889026454514697,0.0
2048-06-03,28.6,14.1,0.0
2048-06-04,28.9,13.2,0.0
2048-06-05,26.5,14.358880583826274,0.0
2048-06-06,25.6,12.831331108639233,0.0
2048-06-07,26.1,11.8,0.0
2048-06-08,26.7,12.1,0.0
2048-06-09,28.0,12.2,0.0
2048-06-10,28.6,12.9,0.0
2048-06-11,28.6,14.0,0.0
2048-06-12,29.2,14.1,0.0
2048-06-13,30.345059044280408,13.0,0.0
2048-06-14,26.9,16.782062498261148,0.0
2048-06-15,25.5,16.649690941799438,0.0
2048-06-16,26.3,14.595110351065046,0.0
2048-06-17,26.2,12.4,0.0
2048-06-18,26.3,11.2,0.0
2048-06-19,26.9,9.672295518227006,0.0
2048-06-20,27.18620330833543,9.2,0.0
2048-06-21,26.9,10.2,0.0
2048-06-22,27.9,9.1,0.0
2048-06-23,27.6,11.0,0.0
2048-06-24,25.8,13.255575425686674,0.0
2048-06-25,25.6,11.9,0.0
2048-06-26,25.7,10.5,0.0
2048-06-27,26.9,11.4,0.0
2048-06-28,27.8,11.6,0.0
2048-06-29,27.5,13.44632733688774,0.0
2048-06-30,26.199179829440123,13.303072678156106,0.0
2048-07-01,27.4,12.14089497155159,0.0
2048-07-02,28.2,12.2,0.0
2048-07-03,29.19452728209947,13.738428417653388,0.0
2048-07-04,31.138495830943487,15.0,0.0
2048-07-05,32.458203125,15.334039596135764,0.0
2048-07-06,31.565869140625,15.713626723150051,0.0
2048-07-07,28.5,15.626927416461188,0.0
2048-07-08,27.9,15.0,0.0
2048-07-09,28.2,14.4,0.0
2048-07-10,28.50947459497758,13.0,0.0
2048-07-11,27.6,14.44059634015069,0.0
2048-07-12,26.0,14.2,0.0
2048-07-13,21.6,16.121661273785126,0.0
2048-07-14,25.1,12.7,0.0
2048-07-15,25.7,8.638392536777891,0.0
2048-07-16,26.7,6.0,0.0
2048-07-17,27.7,8.2,0.0
2048-07-18,27.6,10.0,0.0
2048-07-19,28.2,10.8,0.0
2048-07-20,26.7,13.4,0.0
2048-07-21,26.3,12.2,0.0
2048-07-22,24.7,14.4,0.0
2048-07-23,27.2,12.1,0.0
2048-07-24,28.0,11.8,0.0
2048-07-25,28.6,12.2,0.0
2048-07-26,29.2,12.2,0.0
2048-07-27,29.0,14.200322927879437,0.0
2048-07-28,28.2,14.279725194706511,0.0
2048-07-29,26.0,13.331902319593071,0.0
2048-07-30,25.9,12.0,0.0
2048-07-31,25.2,12.8,0.0
2048-08-01,24.8,12.4,0.0
2048-08-02,26.0,12.2,0.0
2048-08-03,28.3,13.645099500427808,0.0
2048-08-04,28.3,16.0,0.0
2048-08-05,24.9,16.9,0.0
2048-08-06,26.7,15.935195294479467,0.0
2048-08-07,27.0,15.0,0.0
2048-08-08,26.8,14.784845790237277,0.0
2048-08-09,27.0,13.5,0.0
2048-08-10,26.3,14.5,0.0
2048-08-11,26.0,18.197464130969934,0.0
2048-08-12,27.0,16.9,0.0
2048-08-13,27.7,13.9,0.0
2048-08-14,30.0,13.6,0.0
2048-08-15,28.7,17.5,0.0
2048-08-16,27.7,14.8,0.0
2048-08-17,28.780001133080265,14.4,0.0
2048-08-18,28.3,15.6,0.0
2048-08-19,28.7,14.5,0.0
2048-08-20,28.9,15.0,0.0
2048-08-21,26.7,16.2,0.0
2048-08-22,26.53659849300323,14.0,0.0
2048-08-23,28.0,13.3,0.0
2048-08-24,29.2,14.5,0.0
2048-08-25,30.8,15.7,0.0
2048-08-26,31.6,16.9,0.0
2048-08-27,32.17949724561514,18.558428954646086,0.0
2048-08-28,30.4,18.54944213781673,0.0
2048-08-29,30.0,17.2,0.0
2048-08-30,30.2,17.5,0.0
2048-08-31,30.097074811625397,16.75764262648008,0.0
2048-09-01,30.3,13.8,0.0
2048-09-02,33.0,11.771579017838752,0.0
2048-09-03,30.9,17.4,0.0
2048-09-04,29.6,16.4,0.0
2048-09-05,31.3,16.1,0.0
2048-09-06,30.732164210233595,16.5,0.0
2048-09-07,31.329851882208306,13.5,0.0
2048-09-08,31.5,14.5,0.0
2048-09-09,31.2,14.5,0.0
2048-09-10,32.0,15.9,0.0
2048-09-11,32.8,14.6,0.0
2048-09-12,32.1,17.7,0.0
2048-09-13,30.2,18.1,0.0
2048-09-14,30.2,16.3,0.0
2048-09-15,30.6,16.7,0.0
2048-09-16,30.0,16.469695284322643,0.0
2048-09-17,30.1,15.2,0.0
2048-09-18,31.7,15.2,0.0
2048-09-19,31.5,18.2,0.0
2048-09-20,31.0,18.0,0.0
2048-09-21,32.0,17.6,0.0
2048-09-22,32.0,17.8,0.0
2048-09-23,32.3,16.4,0.0
2048-09-24,32.5,17.0,0.0
2048-09-25,31.894486627653922,17.4,0.0
2048-09-26,32.8,16.0,0.0
2048-09-27,33.4,17.13382018668086,0.0
2048-09-28,33.2,17.8,0.0
2048-09-29,33.4,18.6,0.0
2048-09-30,33.8,18.5,0.0
2048-10-01,30.282900199907733,16.1,0.0
2048-10-02,31.2,13.705729557180504,0.0
2048-10-03,32.5,15.4,0.0
2048-10-04,33.8,16.7,0.0
2048-10-05,33.5,18.9,0.0
2048-10-06,32.0,18.0,0.0
2048-10-07,32.1,17.0,0.0
2048-10-08,32.0,17.191278037994937,0.0
2048-10-09,31.8,18.2,0.0
2048-10-10,30.9,19.251863562970932,0.0
2048-10-11,32.0,17.9,0.0
2048-10-12,34.2,17.4,0.0
2048-10-13,35.7,17.9,0.0
2048-10-14,36.456408277151425,18.9,0.0
2048-10-15,35.5,21.0,0.0
2048-10-16,34.1,19.7,0.0
2048-10-17,34.4,18.0,0.0
2048-10-18,36.32595708947863,17.8,0.0
2048-10-19,33.5,21.0,0.0
2048-10-20,32.0,19.3,0.0
2048-10-21,33.6,17.972816648726226,0.0
2048-10-22,34.0,20.5,0.0
2048-10-23,33.0,20.25440565892664,0.0
2048-10-24,33.5,20.4,0.0
2048-10-25,34.6,20.9,0.0
2048-10-26,36.6,21.6,0.0
2048-10-27,35.0,21.5,0.0
2048-10-28,33.5,19.6,0.0
2048-10-29,35.1,19.4,6.08593103448276
2048-10-30,30.0,18.3,0.0
2048-10-31,31.1,20.31392460941346,2.470947368421053
2048-11-01,31.0,18.8,2.8
2048-11-02,28.0,18.2,0.8399209486166007
2048-11-03,29.3,17.5,1.9561264822134383
2048-11-04,31.308506527720855,16.1,0.0
2048-11-05,31.6,19.0,0.0
2048-11-06,33.7,20.4,0.0
2048-11-07,34.8,23.450098642097053,0.0
2048-11-08,36.44096285846062,24.48935546875,0.0
2048-11-09,37.596711288404734,25.136297607421874,0.0
2048-11-10,35.5,20.3,0.1
2048-11-11,32.4,19.2,0.0
2048-11-12,28.0,17.5,0.0
2048-11-13,24.471985378278603,18.3,0.0
2048-11-14,27.707216351501668,18.3,13.419819311123657
2048-11-15,30.1,17.0,0.0
2048-11-16,31.3,16.5,0.0
2048-11-17,30.0,18.2,0.0
2048-11-18,29.4,18.62464507347346,0.0
2048-11-19,29.9,17.4,0.0
2048-11-20,31.0,18.0,0.0
2048-11-21,31.0,16.3,0.0
2048-11-22,32.1,16.1,0.0
2048-11-23,34.4,17.5,0.0
2048-11-24,36.0,18.7,0.0
2048-11-25,36.4,20.2,0.0
2048-11-26,36.4,23.3,0.0
2048-11-27,35.6,20.5,0.0
2048-11-28,35.3,19.9,0.0
2048-11-29,35.78654479820346,20.3,0.0
2048-11-30,36.0,20.4,1.1140316205533594
2048-12-01,32.801769927120624,19.9,10.2
2048-12-02,29.8,19.4,42.480000000000004
2048-12-03,29.0,19.4,34.98
2048-12-04,29.0,19.2,0.0
2048-12-05,30.8,19.5,8.0
2048-12-06,25.2,18.4,26.0
2048-12-07,23.9,17.8,1.3
2048-12-08,26.504102840109297,16.1,0.0
2048-12-09,28.2,15.2,0.0
2048-12-10,30.1,15.4,0.0
2048-12-11,30.2,16.5,0.0
2048-12-12,31.2,15.7,0.0
2048-12-13,31.8,16.4,0.0
2048-12-14,32.0,17.7,0.0
2048-12-15,31.252893126249415,18.2,0.0
2048-12-16,30.0,18.9,2.0
2048-12-17,29.2,18.9,4.6
2048-12-18,27.6,18.4,1.7
2048-12-19,29.8,18.4,2.0
2048-12-20,29.6,19.0,4.5
2048-12-21,28.1,19.2,12.0
2048-12-22,29.0,19.0,41.25161290322581
2048-12-23,27.1,18.9,1.3
2048-12-24,27.6,19.0,12.785714285714286
2048-12-25,27.2,18.6,1.3
2048-12-26,29.9,18.0,0.5
2048-12-27,27.0,18.387182454251874,1.1
2048-12-28,28.0,18.6,0.0
2048-12-29,28.7,18.3,2.3
2048-12-30,27.3,18.5,49.0
2048-12-31,25.5,18.5,13.533333333333331
2049-01-01,24.0,18.0,1.4
2049-01-02,26.7,18.0,1.3
2049-01-03,29.2,17.0,0.0
2049-01-04,28.6,18.4,0.0
2049-01-05,28.4,18.0,0.0
2049-01-06,28.899327583073546,16.8,0.0
2049-01-07,29.5,16.0,0.0
2049-01-08,30.1,18.4,0.9
2049-01-09,30.910589795196895,18.6,1.3169158878504679
2049-01-10,30.9,18.8,43.02222222222223
2049-01-11,28.4,18.9,49.05999999999996
2049-01-12,26.9,18.9,35.76963655244028
2049-01-13,28.0,18.9,11.0
2049-01-14,26.4,18.9,38.581121495327096
2049-01-15,26.8,18.9,11.2
2049-01-16,26.7,18.5,0.0
2049-01-17,29.0,17.7,0.0
2049-01-18,28.7,18.4,0.0
2049-01-19,28.5,17.2,0.0
2049-01-20,28.9,16.39995386744579,0.0
2049-01-21,28.9,17.2,0.0
2049-01-22,29.086415254028385,18.5,0.0
2049-01-23,28.6,18.2,0.0
2049-01-24,29.5,17.9,0.0
2049-01-25,30.4,17.2,0.0
2049-01-26,31.1,16.8,0.0
2049-01-27,31.1,18.5,0.8
2049-01-28,30.2,18.9,5.983177570093458
2049-01-29,29.2,19.0,16.8
2049-01-30,26.9,18.8,28.070155763239878
2049-01-31,29.0,19.0,37.58874766355141
2049-02-01,29.0,18.8,1.6
2049-02-02,29.9,18.8,2.0
2049-02-03,27.4,18.4,1.1
2049-02-04,27.9,17.8,29.006250000000016
2049-02-05,30.1,18.7,7.033333333333335
2049-02-06,30.5,18.8,1.703472222222224
2049-02-07,27.7,18.9,2.7
2049-02-08,28.0,18.8,0.0
2049-02-09,29.9,17.6,0.0
2049-02-10,30.5,18.5,0.0
2049-02-11,31.096907922677516,16.6,0.0
2049-02-12,32.237953747717704,16.5,0.0
2049-02-13,32.329012846397426,17.6,0.0
2049-02-14,30.30655542312277,19.0,0.0
2049-02-15,29.3,18.7,0.0
2049-02-16,31.0,20.074419153429254,0.0
2049-02-17,31.561399927826585,18.992742887775794,0.0
2049-02-18,32.20581271586101,18.9,0.0
2049-02-19,33.00430707552282,18.9,0.0
2049-02-20,33.953341666172705,19.682259124012482,4.0
2049-02-21,32.676694078720296,19.1,1.7541666666666675
2049-02-22,32.9,19.9,0.6
2049-02-23,34.02704545052364,20.04409711363478,0.0
2049-02-24,32.9,18.9,9.6
2049-02-25,25.0,18.8,18.719791666666662
2049-02-26,25.3007483606251,18.6,13.0
2049-02-27,24.6,18.8,4.5
2049-02-28,27.0,18.87201821059418,0.0
2049-03-01,26.2,18.920845121977685,0.0
2049-03-02,28.9,18.6,0.0
2049-03-03,30.5,18.4,0.0
2049-03-04,31.5,17.502804410438426,0.0
2049-03-05,30.9,19.3,0.0
2049-03-06,29.0,17.7,0.0
2049-03-07,29.5,16.5,0.0
2049-03-08,30.2,16.2,0.0
2049-03-09,30.940196078431367,19.35372150396904,0.0
2049-03-10,31.5,17.6,0.0
2049-03-11,31.2,17.2,0.0
2049-03-12,31.4,18.0,0.0
2049-03-13,32.1,19.2,0.0
2049-03-14,31.9,19.1,1.5
2049-03-15,30.4,18.3,3.4
2049-03-16,32.40526315789473,17.3,0.0
2049-03-17,33.2,18.0,0.0
2049-03-18,32.5,18.5,0.0
2049-03-19,30.6,19.0,0.0
2049-03-20,29.1,19.0,0.6705521472392638
2049-03-21,30.4,18.2,0.0
2049-03-22,32.44624060150376,18.6,0.0
2049-03-23,31.8,19.608772669131007,0.0
2049-03-24,30.7,19.2,0.0
2049-03-25,28.1,18.9,0.0
2049-03-26,31.1,18.2,0.0
2049-03-27,32.27472035794183,18.9,0.0
2049-03-28,31.8,19.8,0.0
2049-03-29,30.91666666666666,20.257502137425575,0.0
2049-03-30,31.6,21.16808017811975,0.0
2049-03-31,30.9,19.0,0.0
2049-04-01,31.4,18.2,0.0
2049-04-02,30.4,16.1,0.0
2049-04-03,30.0,15.2,0.0
2049-04-04,32.454553571428576,14.1,0.0
2049-04-05,33.135000000000005,17.968548387096774,0.0
2049-04-06,31.997272727272723,19.0,0.0
2049-04-07,29.39295774647887,18.5,0.0
2049-04-08,28.9,17.608988764044945,0.0
2049-04-09,29.0,15.452678571428569,0.0
2049-04-10,30.863698630136984,15.6,0.0
2049-04-11,29.0,17.2,0.0
2049-04-12,27.9,16.6,0.0
2049-04-13,27.6,16.0,0.0
2049-04-14,28.16296296296296,15.4,0.0
2049-04-15,30.0,14.0,0.0
2049-04-16,30.4,16.2,0.0
2049-04-17,28.7,18.043010752688147,0.0
2049-04-18,27.962195121951222,16.5,0.0
2049-04-19,27.4,16.071851851851854,0.0
2049-04-20,27.6,14.9,0.0
2049-04-21,28.4,14.4,0.0
2049-04-22,26.8,15.2,0.0
2049-04-23,26.0,14.5,0.0
2049-04-24,26.524561403508773,13.6,0.0
2049-04-25,28.0,11.803370786516854,0.0
2049-04-26,29.0,15.4,0.0
2049-04-27,30.0,17.8,0.0
2049-04-28,28.9,16.6,0.0
2049-04-29,26.7,15.1,0.0
2049-04-30,26.2,14.3,0.0
2049-05-01,28.7,13.315095801937549,0.0
2049-05-02,30.0,12.9,0.0
2049-05-03,30.2,15.7,0.0
2049-05-04,27.9,17.64469160962117,6.4
2049-05-05,27.6,17.744284014665283,0.0
2049-05-06,26.5,17.09397397005575,0.0
2049-05-07,29.1,16.8,0.0
2049-05-08,28.1,15.2,0.0
2049-05-09,28.6,14.0,0.0
2049-05-10,29.3,14.5,0.0
2049-05-11,29.0,14.7,0.0
2049-05-12,28.2,14.0,0.0
2049-05-13,26.7,13.295133420202799,0.0
2049-05-14,26.5,12.0,0.0
2049-05-15,26.0,12.9,0.0
2049-05-16,27.8,14.6,0.0
2049-05-17,29.3,14.5,0.0
2049-05-18,29.5,14.5,0.0
2049-05-19,27.2,14.0,0.0
2049-05-20,26.3,11.0,0.0
2049-05-21,26.7,8.8,0.0
2049-05-22,25.6,11.8,0.0
2049-05-23,24.7,10.9,0.0
2049-05-24,24.0,9.5,0.0
2049-05-25,24.9,12.0,0.0
2049-05-26,24.8,10.3,0.0
2049-05-27,24.0,10.4,0.0
2049-05-28,25.9,10.278823759663366,0.0
2049-05-29,26.9,9.6,0.0
2049-05-30,27.0,9.5,0.0
2049-05-31,28.0,6.4,0.0
2049-06-01,28.9,17.223159615906216,0.0
2049-06-02,26.3,19.813916015625,0.0
2049-06-03,27.5,15.376000188811682,0.0
2049-06-04,27.9,13.300150961385663,0.0
2049-06-05,28.3,12.9,0.0
2049-06-06,27.7,13.971190211345954,0.0
2049-06-07,27.7,13.5,0.0
2049-06-08,26.7,13.0,0.0
2049-06-09,26.0,12.0,0.0
2049-06-10,22.5,12.1,0.0
2049-06-11,25.6,11.8,0.0
2049-06-12,26.4,10.7,0.0
2049-06-13,26.7,12.0,0.0
2049-06-14,28.0,12.29544164718169,0.0
2049-06-15,28.637547567472634,12.5,0.0
2049-06-16,28.0,13.52730236661425,0.0
2049-06-17,25.4,12.1,0.0
2049-06-18,26.402764279999218,9.4,0.0
2049-06-19,26.7,13.6,0.0
2049-06-20,27.7,12.9,0.0
2049-06-21,27.5,13.522647769552375,0.0
2049-06-22,26.0,13.892939014363805,0.0
2049-06-23,24.7,13.2,0.0
2049-06-24,26.6,10.2,0.0
2049-06-25,27.117714126807567,10.5,0.0
2049-06-26,24.4,11.5,0.0
2049-06-27,25.0,8.2,0.0
2049-06-28,26.3,6.5,0.0
2049-06-29,27.638194237728932,8.017289581015941,0.0
2049-06-30,28.6,6.7775305895439395,0.0
2049-07-01,26.2,15.1,0.0
2049-07-02,24.7,12.2,0.0
2049-07-03,24.9,10.7,0.0
2049-07-04,24.5,10.0,0.0
2049-07-05,25.8,9.3,0.0
2049-07-06,27.7,11.0,0.0
2049-07-07,28.8,12.7,0.0
2049-07-08,29.351578392390316,13.0,0.0
2049-07-09,28.418396231442294,12.88039981546978,0.0
2049-07-10,19.5,13.9,0.0
2049-07-11,21.6,12.0,0.0
2049-07-12,26.3,11.4,0.0
2049-07-13,29.1,11.6,0.0
2049-07-14,31.14885838326167,13.0,0.0
2049-07-15,31.847607421875,15.543836151718219,0.0
2049-07-16,31.154481963483114,15.64039677303607,0.0
2049-07-17,29.5,15.35429033835514,0.0
2049-07-18,29.0,15.2,0.0
2049-07-19,28.2,13.5,0.0
2049-07-20,27.7,12.4,0.0
2049-07-21,27.6,11.2,0.0
2049-07-22,28.0,11.5,0.0
2049-07-23,27.2,14.2,0.0
2049-07-24,25.9,13.5,0.0
2049-07-25,25.1,12.0,0.0
2049-07-26,26.7,11.2,0.0
2049-07-27,28.2,11.2,0.0
2049-07-28,30.185608724696532,12.4,0.0
2049-07-29,31.37275390625,13.1,0.0
2049-07-30,31.95966796875,15.3,0.0
2049-07-31,31.42939453125,15.3,0.0
2049-08-01,32.9,14.4,0.0
2049-08-02,27.4,18.114377979394124,0.0
2049-08-03,23.2,15.8,0.0
2049-08-04,25.2,13.0,0.0
2049-08-05,26.4,11.9,0.0
2049-08-06,27.9,8.7,0.0
2049-08-07,27.6,9.5,0.0
2049-08-08,26.4,12.5237244348762,0.0
2049-08-09,28.7,9.4,0.0
2049-08-10,28.0,10.4,0.0
2049-08-11,26.7,14.109021670694801,0.0
2049-08-12,24.7,13.434337997847152,0.0
2049-08-13,29.5,10.3,0.0
2049-08-14,28.3,15.7,0.0
2049-08-15,25.42461595726487,15.0,0.0
2049-08-16,27.2,13.0,0.0
2049-08-17,30.8,13.2,0.0
2049-08-18,32.9,14.0,0.0
2049-08-19,37.921142578125,14.5,0.0
2049-08-20,38.765380859375,14.0,0.0
2049-08-21,39.0146484375,13.7,0.0
2049-08-22,31.6,23.25853326234872,0.0
2049-08-23,27.564124825206484,17.55342040425786,0.0
2049-08-24,27.3,14.2,0.0
2049-08-25,30.639644146140693,13.9,0.0
2049-08-26,31.398847769068638,15.4,0.0
2049-08-27,31.747519381720092,15.2,0.0
2049-08-28,30.8,15.857422751812807,0.0
2049-08-29,31.45154544056589,13.969680660208104,0.0
2049-08-30,33.109242411194835,13.2,0.0
2049-08-31,32.6,18.127606780064024,0.0
2049-09-01,30.3,16.5,0.0
2049-09-02,29.155651578677162,15.7,0.0
2049-09-03,30.2,13.7,0.0
2049-09-04,32.3,14.5,0.0
2049-09-05,33.4,15.177196885428254,0.0
2049-09-06,33.10326288468669,18.2,0.0
2049-09-07,31.5,18.0,0.0
2049-09-08,31.4,16.341087319243606,0.0
2049-09-09,30.0,17.3,0.0
2049-09-10,30.7,14.2,0.0
2049-09-11,32.6,15.4,0.0
2049-09-12,33.8,17.6,0.0
2049-09-13,33.0,19.0,0.0
2049-09-14,31.4,19.445140942510655,0.0
2049-09-15,31.9,17.7,0.0
2049-09-16,32.4,17.1,0.0
2049-09-17,33.0,17.3,0.0
2049-09-18,33.5,18.0,0.0
2049-09-19,33.7,19.0,0.0
2049-09-20,33.2,18.1,0.0
2049-09-21,33.2,18.2,0.0
2049-09-22,33.5,18.0,0.0
2049-09-23,32.8,18.2,0.0
2049-09-24,32.8,16.9,0.0
2049-09-25,33.1,16.7,0.0
2049-09-26,32.9,17.8,0.0
2049-09-27,32.7,18.2,0.0
2049-09-28,32.6,17.6,0.0
2049-09-29,33.4,18.1,0.0
2049-09-30,34.7,19.0,0.0
2049-10-01,34.5,17.9,0.0
2049-10-02,35.89237587459633,18.3,0.0
2049-10-03,36.6205572727901,20.0,0.0
2049-10-04,32.0,20.9,0.0
2049-10-05,31.3,18.0,0.0
2049-10-06,32.8,17.9,0.0
2049-10-07,32.4,18.9,0.0
2049-10-08,32.0,18.2,0.0
2049-10-09,32.1,17.9,0.0
2049-10-10,33.78912312660429,18.2,0.0
2049-10-11,34.8,20.499106566200204,0.0
2049-10-12,35.1,20.61318974276429,0.0
2049-10-13,33.7,20.5,0.0
2049-10-14,33.4,18.1,0.0
2049-10-15,35.5,17.9,0.0
2049-10-16,36.2,20.0,0.0
2049-10-17,36.0,21.0,0.0
2049-10-18,35.8,20.2,0.0
2049-10-19,35.6,20.5,0.0
2049-10-20,34.400580334160146,20.8,0.0
2049-10-21,35.1,20.0,0.0
2049-10-22,33.1,21.0,0.0
2049-10-23,34.0,20.0,0.0
2049-10-24,35.7,20.485107642626467,0.0
2049-10-25,36.3,21.3,0.0
2049-10-26,35.7,20.0,0.0
2049-10-27,36.31227576801041,21.4,0.0
2049-10-28,36.6,21.55096710172227,0.0
2049-10-29,37.15283855003984,21.6,0.0
2049-10-30,38.821142578125,21.6,0.0
2049-10-31,38.08596801053079,23.108801854765247,0.0
2049-11-01,39.58154296875,21.9,0.0
2049-11-02,36.5,22.276635470476222,0.0
2049-11-03,37.2,21.7,0.0
2049-11-04,37.39225413858536,23.2,0.0
2049-11-05,35.4,25.91513671875,0.0
2049-11-06,32.2,19.0,0.41027667984189714
2049-11-07,31.4,18.2,5.9
2049-11-08,30.0,17.5,10.160813099943534
2049-11-09,29.38450482899871,18.0,11.81897233201581
2049-11-10,29.6,17.6,9.384189723320151
2049-11-11,29.6,18.0,8.585770750988141
2049-11-12,29.7,18.0,10.333596837944663
2049-11-13,29.6,18.3,5.0
2049-11-14,30.5,17.8,0.0
2049-11-15,30.1,18.9,1.2
2049-11-16,30.6,19.9,0.0
2049-11-17,31.0,18.0,0.0
2049-11-18,31.6,17.7,0.0
2049-11-19,32.3,17.4,0.0
2049-11-20,30.4,18.5,0.7150197628458497
2049-11-21,27.0,18.0,0.0
2049-11-22,28.113070651239063,16.2,0.0
2049-11-23,29.6,15.2,0.0
2049-11-24,30.6,15.024786462582446,0.0
2049-11-25,30.23523787113887,16.6,0.0
2049-11-26,31.0,16.4,0.0
2049-11-27,32.0,17.2,0.0
2049-11-28,33.6,17.544550650147677,0.0
2049-11-29,33.2,18.3,0.8399209486166007
2049-11-30,29.9,17.9,0.0
2049-12-01,31.0,19.4,0.0
2049-12-02,31.890457019836987,19.9,0.0
2049-12-03,32.1,19.9,0.0
2049-12-04,31.77400196564795,20.5,0.0
2049-12-05,31.624619800723128,19.5,0.0
2049-12-06,32.80992959113447,19.2,0.0
2049-12-07,33.15753459393523,19.3,0.0
2049-12-08,33.26149538269785,20.024768603656252,0.0
2049-12-09,33.7,25.673156738281254,0.0
2049-12-10,32.279132524551265,20.5,0.0
2049-12-11,32.15239754016664,20.3,0.0
2049-12-12,33.117403692049,20.5,0.0
2049-12-13,33.9398721300228,21.342569099852174,0.0
2049-12-14,32.0,19.726200811230584,0.4
2049-12-15,33.1,19.4,0.0
2049-12-16,33.19920136115837,20.3,0.0
2049-12-17,33.7,20.358674189209164,0.0
2049-12-18,32.329005429211584,19.6,0.0
2049-12-19,32.0,19.5,14.17333333333333
2049-12-20,29.7,19.0,16.749999999999996
2049-12-21,31.0,19.4,1.3
2049-12-22,30.5,19.2,1.1
2049-12-23,30.0,18.6,0.0
2049-12-24,30.0,19.4,0.9
2049-12-25,30.1,18.6,0.0
2049-12-26,31.0,20.012718903829622,0.0
2049-12-27,31.4,19.645894719084875,0.9
2049-12-28,31.0,19.4,7.5
2049-12-29,29.9,19.2,1.0
2049-12-30,30.0,18.5,12.3
2049-12-31,27.9,19.0,3.3374999999999986
2050-01-01,29.5,19.0,16.487850467289725
2050-01-02,29.887917282324544,18.9,1.3
2050-01-03,31.0,18.4,0.0
2050-01-04,29.8,18.9,28.107476635514026
2050-01-05,27.2,18.4,27.4
2050-01-06,27.9,18.6,22.288925233644854
2050-01-07,26.0,18.8,16.79009345794393
2050-01-08,28.1,18.9,11.9
2050-01-09,28.2,18.7,10.844485981308413
2050-01-10,27.9,18.6,14.0
2050-01-11,29.4,18.5,17.3
2050-01-12,29.4,18.9,14.026168224299065
2050-01-13,29.2,19.0,10.844485981308413
2050-01-14,27.7,18.9,40.47607476635515
2050-01-15,27.9,18.6,25.33121495327103
2050-01-16,28.9,18.4,0.0
2050-01-17,29.7,18.1,0.0
2050-01-18,30.4,18.4,0.0
2050-01-19,29.1,19.1,0.2
2050-01-20,30.4,18.5,2.2
2050-01-21,26.0,18.7,27.4
2050-01-22,27.7,18.6,19.0
2050-01-23,28.5,18.9,39.926770508826586
2050-01-24,28.5,18.6,38.67084112149533
2050-01-25,28.6,18.6,0.0
2050-01-26,29.093992015474143,17.4,0.0
2050-01-27,30.4,16.7,0.0
2050-01-28,30.73924318953382,16.8,0.0
2050-01-29,30.4,17.294441027218234,0.0
2050-01-30,30.4,18.7,0.0
2050-01-31,30.4,19.71491250700566,0.2
2050-02-01,31.0,18.6,0.0
2050-02-02,30.8,17.4,1.6
2050-02-03,32.7,19.0,1.7541666666666675
2050-02-04,32.32348980512372,19.7,2.0
2050-02-05,31.8,19.0,0.0
2050-02-06,30.4,18.6,6.3
2050-02-07,30.5,18.9,1.9
2050-02-08,30.4,18.90723980929678,9.6
2050-02-09,29.2,18.9,34.23055555555556
2050-02-10,28.4,19.0,43.88076923076924
2050-02-11,25.0,18.9,17.100000000000005
2050-02-12,26.5,18.2,0.5291666666666666
2050-02-13,28.8,17.4,0.0
2050-02-14,28.4,16.5,0.0
2050-02-15,29.2,17.0,0.0
2050-02-16,30.5,16.0,0.0
2050-02-17,31.56462163853331,19.0,0.0
2050-02-18,32.26994136176124,18.5,0.0
2050-02-19,32.30968220193945,18.3,1.8
2050-02-20,28.6,18.7,3.2506944444444428
2050-02-21,31.4,18.7,0.0
2050-02-22,32.9,19.499206362570625,0.0
2050-02-23,32.9,20.08202172723219,3.2
2050-02-24,29.0,19.7,3.0
2050-02-25,30.3,18.4,0.0
2050-02-26,29.2,16.6,0.0
2050-02-27,26.8,18.9,1.6527777777777781
2050-02-28,26.8,18.9,4.8
2050-03-01,24.5,18.8,2.623312883435584
2050-03-02,27.2,18.3,0.0
2050-03-03,28.6,17.9,0.0
2050-03-04,28.0,17.9,0.0
2050-03-05,26.3,17.6,0.0
2050-03-06,28.8,16.8,0.0
2050-03-07,30.2,16.9,0.0
2050-03-08,30.974509803921563,18.1,0.0
2050-03-09,30.9,18.6,0.0
2050-03-10,29.9,18.0,0.0
2050-03-11,29.7,17.4,0.0
2050-03-12,29.7,17.5,0.0
2050-03-13,30.0,18.0,0.0
2050-03-14,29.9,17.9,0.0
2050-03-15,29.6,17.6,0.0
2050-03-16,29.4,17.2,0.0
2050-03-17,29.2,18.5,0.0
2050-03-18,29.0,17.0,9.61656441717791
2050-03-19,25.3,15.6,2.063803680981597
2050-03-20,29.4,15.0,0.0
2050-03-21,28.1,18.4,0.0
2050-03-22,29.8,17.8,0.0
2050-03-23,29.2,16.9,0.0
2050-03-24,29.6,16.2,0.0
2050-03-25,31.2,16.0,0.0
2050-03-26,29.7,19.1,1.2
2050-03-27,29.9,18.1,0.0
2050-03-28,30.6,17.6,0.0
2050-03-29,29.9,18.9,0.0
2050-03-30,30.0,18.4,0.0
2050-03-31,30.9,17.7,0.0
2050-04-01,31.548201438848924,18.7,0.0
2050-04-02,31.3,17.2,0.0
2050-04-03,32.0,15.9,0.0
2050-04-04,33.2,15.6,0.0
2050-04-05,33.847512864494,15.7,0.0
2050-04-06,32.7,18.7,0.0
2050-04-07,30.948275862068968,18.4,0.0
2050-04-08,30.4,17.9,0.0
2050-04-09,30.0,17.8,0.0
2050-04-10,29.7,17.8825880114177,0.0
2050-04-11,30.3,17.6,0.0
2050-04-12,29.974033149171273,17.5,0.0
2050-04-13,30.0,17.5,0.0
2050-04-14,30.0,17.6,0.0
2050-04-15,31.1,16.9,0.0
2050-04-16,32.5134903640257,17.8616555661275,0.0
2050-04-17,33.251664025356575,21.679736328125,0.0
2050-04-18,31.7,19.7,0.0
2050-04-19,28.6,18.482412060301506,0.0
2050-04-20,29.9,16.6,0.0
2050-04-21,30.0,16.6,0.0
2050-04-22,29.8,17.0,0.0
2050-04-23,28.9,17.0,0.0
2050-04-24,28.1,15.9,0.0
2050-04-25,29.7,14.4,0.0
2050-04-26,29.2,16.0,0.0
2050-04-27,27.2,17.0,0.0
2050-04-28,27.0,15.313793103448276,0.0
2050-04-29,27.2,14.4,0.0
2050-04-30,27.4,14.1,0.0
2050-05-01,29.865270574420183,14.1,0.0
2050-05-02,30.887585560436943,14.9,0.0
2050-05-03,31.196359478795582,15.0,0.0
2050-05-04,30.9,15.3,0.0
2050-05-05,28.5,16.0,0.0
2050-05-06,28.4,13.1,0.0
2050-05-07,29.0,10.7343297176451,0.0
2050-05-08,27.5,13.1,0.0
2050-05-09,26.0,13.6,0.0
2050-05-10,26.0,11.0,0.0
2050-05-11,23.2,15.2,0.0
2050-05-12,26.0,12.4,0.0
2050-05-13,26.868998923573734,12.9,0.0
2050-05-14,29.0,13.0,0.0
2050-05-15,29.909220596411114,14.517033164180619,0.0
2050-05-16,29.8,14.7,0.0
2050-05-17,29.2,14.5,0.0
2050-05-18,29.0,14.0,0.0
2050-05-19,27.2,13.038570158254704,0.0
2050-05-20,26.5,12.706159550293021,0.0
2050-05-21,27.7,10.1,0.0
2050-05-22,29.0,12.3,0.0
2050-05-23,29.5,13.428618672753437,0.0
2050-05-24,29.7,14.5,0.0
2050-05-25,29.5,14.9,0.0
2050-05-26,28.0,14.4,0.0
2050-05-27,28.2,13.2,0.0
2050-05-28,29.0,12.9,0.0
2050-05-29,26.6,14.3,0.0
2050-05-30,24.2,12.432930363500862,0.0
2050-05-31,23.5,11.8,0.0
2050-06-01,24.8,12.9,0.0
2050-06-02,22.9,12.0,0.0
2050-06-03,24.1,11.0,0.0
2050-06-04,25.0,11.0,0.0
2050-06-05,26.0,11.0,0.0
2050-06-06,27.4,11.134048943270304,0.0
2050-06-07,27.7,12.340552603029437,0.0
2050-06-08,28.0,12.43281499474095,0.0
2050-06-09,26.9,13.247960982288022,0.0
2050-06-10,25.7,12.3,0.0
2050-06-11,26.4,12.0,0.0
2050-06-12,24.8,13.0,0.0
2050-06-13,22.172043529329404,12.4,0.0
2050-06-14,22.0,14.2,0.0
2050-06-15,22.7,14.2,0.0
2050-06-16,25.0,12.214422820581179,0.0
2050-06-17,26.2,11.0,0.0
2050-06-18,27.1,12.3,0.0
2050-06-19,26.9,12.2,0.0
2050-06-20,26.9,10.1,0.0
2050-06-21,26.93147653236641,9.2,0.0
2050-06-22,27.051837166744424,6.6042433980142565,0.0
2050-06-23,27.7,8.0,0.0
2050-06-24,28.0,7.7,0.0
2050-06-25,24.3,11.5,0.0
2050-06-26,23.0,10.6,0.0
2050-06-27,21.4,11.8,0.0
2050-06-28,25.6,9.0,0.0
2050-06-29,26.9,8.0,0.0
2050-06-30,27.4,8.845606229143497,0.0
2050-07-01,28.50740724339496,11.1,0.0
2050-07-02,29.67399085037674,8.9,0.0
2050-07-03,28.2,11.746262700517212,0.0
2050-07-04,25.0,11.3,0.0
2050-07-05,20.0,9.4,0.0
2050-07-06,20.7,6.4,0.0
2050-07-07,22.6,5.1,0.0
2050-07-08,24.9,4.0,0.0
2050-07-09,23.8,8.7,0.0
2050-07-10,22.11863509149623,9.8,0.0
2050-07-11,21.6,9.8,0.0
2050-07-12,22.1,6.4,0.0
2050-07-13,24.0,4.2,0.0
2050-07-14,25.4,6.2,0.0
2050-07-15,25.8,8.5,0.0
2050-07-16,25.6,8.3,0.0
2050-07-17,26.7,7.7,0.0
2050-07-18,27.191825888051657,6.339913143535873,0.0
2050-07-19,27.2,9.2,0.0
2050-07-20,28.610476942785684,9.4,0.0
2050-07-21,30.12902584962252,8.3,0.0
2050-07-22,30.2,7.3,0.0
2050-07-23,28.88765634712472,11.6,0.0
2050-07-24,28.0,12.2,0.0
2050-07-25,28.5,10.381054897739494,0.0
2050-07-26,27.7059284684282,11.2,0.0
2050-07-27,28.525718071698154,8.7,0.0
2050-07-28,26.2,12.7,0.0
2050-07-29,20.057319698600644,12.2,0.0
2050-07-30,25.2,10.6,0.0
2050-07-31,24.2,10.4,0.0
2050-08-01,24.9,8.6,0.0
2050-08-02,27.0,7.3,0.0
2050-08-03,27.8,11.2,0.0
2050-08-04,29.500868231244716,12.3,0.0
2050-08-05,30.9,13.2,0.0
2050-08-06,30.869779332615707,11.7,0.0
2050-08-07,27.0,14.7,0.0
2050-08-08,25.0,13.0,0.0
2050-08-09,25.6,11.4,0.0
2050-08-10,27.1,10.3,0.0
2050-08-11,28.6,11.9,0.0
2050-08-12,29.7,12.9,0.0
2050-08-13,30.9,14.0,0.0
2050-08-14,30.0,16.0,0.0
2050-08-15,29.0,16.132823124786682,0.0
2050-08-16,30.0,15.0,0.0
2050-08-17,31.4,15.7,0.0
2050-08-18,26.9,18.552510806977974,0.0
2050-08-19,22.37796539369889,15.3,0.0
2050-08-20,26.596743810548976,12.1,0.0
2050-08-21,28.2,10.5,0.0
2050-08-22,29.48637175640702,11.8,0.0
2050-08-23,30.5,12.9,0.0
2050-08-24,30.7,16.0,0.0
2050-08-25,29.2,16.901003946896292,0.0
2050-08-26,27.428204325276447,16.569004174433562,0.0
2050-08-27,27.7,14.8,0.0
2050-08-28,28.7,15.1,0.0
2050-08-29,29.2,15.5,0.0
2050-08-30,30.1,15.2,0.0
2050-08-31,31.6,15.7,0.0
2050-09-01,31.0,15.6,0.0
2050-09-02,30.3,15.9,0.0
2050-09-03,30.7,13.6,0.0
2050-09-04,31.0,16.5,0.0
2050-09-05,29.1,18.7,0.0
2050-09-06,28.7,16.3,0.0
2050-09-07,29.1,16.0,0.0
2050-09-08,29.2,14.9,0.0
2050-09-09,30.0,14.3,0.0
2050-09-10,31.0,14.1,0.0
2050-09-11,32.0,14.7,0.0
2050-09-12,33.0,15.4,0.0
2050-09-13,30.7,18.5,0.0
2050-09-14,27.2,17.6,0.0
2050-09-15,29.2,16.0,0.0
2050-09-16,32.2,16.0,0.0
2050-09-17,33.3,17.362713092066123,0.0
2050-09-18,33.9,19.5,0.0
2050-09-19,35.4,20.0,0.0
2050-09-20,39.345703125,20.6,0.0
2050-09-21,39.640869140625,22.184708218211387,0.0
2050-09-22,35.5959051724138,22.83843447039301,0.0
2050-09-23,33.2,20.5,0.0
2050-09-24,32.5,20.2,0.0
2050-09-25,32.6,18.9,0.0
2050-09-26,34.7,18.0,0.0
2050-09-27,36.12474521848387,18.2,0.0
2050-09-28,35.3,21.997076215661302,0.0
2050-09-29,36.0,20.5,0.0
2050-09-30,35.174554852091305,21.95483567777369,0.0
2050-10-01,25.66131086617525,17.1,0.0
2050-10-02,27.6,14.2,0.0
2050-10-03,32.0,16.0,0.0
2050-10-04,34.1,16.7,0.0
2050-10-05,32.7,19.2,0.0
2050-10-06,31.6,18.2,0.0
2050-10-07,32.8,17.9,0.0
2050-10-08,33.9,18.9,0.0
2050-10-09,34.6,19.318494166933334,0.0
2050-10-10,34.76362633020397,20.3,0.0
2050-10-11,34.6,20.7,0.0
2050-10-12,35.5,20.3,0.0
2050-10-13,36.0,20.5,0.0
2050-10-14,37.10087684283608,20.9,0.0
2050-10-15,37.584661928608185,21.7,0.0
2050-10-16,37.2,21.9,0.0
2050-10-17,38.09963050794636,21.3879504416199,0.0
2050-10-18,36.92665202534297,22.0,0.0
2050-10-19,33.9,21.6,0.0
2050-10-20,33.2,19.9,0.0
2050-10-21,33.76902210813944,19.5,0.0
2050-10-22,34.1,19.0,0.0
2050-10-23,35.6,19.1,0.0
2050-10-24,36.0,21.701517996747146,0.0
2050-10-25,35.4,21.845783997129516,0.0
2050-10-26,35.5,21.4,0.0
2050-10-27,35.3,20.4,0.0
2050-10-28,35.6,20.7,0.0
2050-10-29,36.0,21.3,0.0
2050-10-30,31.8,20.8,0.0
2050-10-31,33.2,20.1,0.0
2050-11-01,32.4,19.7,0.0
2050-11-02,34.8,20.25724826145758,0.0
2050-11-03,36.2,19.5,0.0
2050-11-04,36.0,23.2,0.0
2050-11-05,33.3,21.5,0.0
2050-11-06,34.2,20.0,0.0
2050-11-07,36.851849115920295,21.33143722910514,0.0
2050-11-08,36.4,19.903181003584237,0.0
2050-11-09,36.53364063051085,21.5,0.0
2050-11-10,36.0,21.5,0.0
2050-11-11,35.11195550611791,21.3,0.0
2050-11-12,36.0,21.9,0.0
2050-11-13,34.0,20.6,0.0
2050-11-14,34.2,21.0,0.0
2050-11-15,35.5,21.3,0.0
2050-11-16,35.2,24.0005859375,0.0
2050-11-17,35.2,20.9,0.0
2050-11-18,35.2,20.5,0.0
2050-11-19,35.2,21.15436220425097,0.0
2050-11-20,36.0,21.0,0.0
2050-11-21,32.4,20.3,0.0
2050-11-22,34.0,21.0,0.0
2050-11-23,32.8,21.214768686518727,0.0
2050-11-24,30.6,19.5,9.429644268774702
2050-11-25,28.7,18.4,1.4
2050-11-26,29.4,18.5,0.1
2050-11-27,30.4,18.0,0.0
2050-11-28,31.6,19.4,0.0
2050-11-29,31.3,18.2,2.3438735177865615
2050-11-30,31.0,19.0,8.484980237154149
2050-12-01,29.9,19.4,22.033333333333324
2050-12-02,27.7,19.2,5.6
2050-12-03,28.4,18.803038131584955,60.74999999999992
2050-12-04,25.0,18.8,6.85
2050-12-05,27.5,19.0,0.0
2050-12-06,29.5,18.0,0.0
2050-12-07,29.9,18.6,0.0
2050-12-08,30.0,20.2,0.0
2050-12-09,31.05348768795672,19.7,0.0
2050-12-10,31.5,17.7,0.0
2050-12-11,31.2,16.9,0.0
2050-12-12,31.2,17.6,0.0
2050-12-13,32.0,19.2,0.0
2050-12-14,32.1,19.4,0.2
2050-12-15,31.0,19.37764436265146,0.9
2050-12-16,30.8,19.2,7.0
2050-12-17,29.2,19.0,20.05
2050-12-18,28.9,19.2,42.76666666666666
2050-12-19,29.2,19.0,29.7
2050-12-20,28.7,19.2,10.92
2050-12-21,30.2,18.5,0.0
2050-12-22,30.3,18.5,1.0
2050-12-23,27.2,18.9,1.1
2050-12-24,27.7,19.0,1.7
2050-12-25,28.123068642874884,19.2,27.900000000000002
2050-12-26,25.5,18.9,23.8
2050-12-27,28.099417154559056,19.2,1.0
2050-12-28,29.9,19.4,7.6
2050-12-29,29.9,19.0,2.95
2050-12-30,30.4,18.9,12.7
2050-12-31,30.0,19.0,11.0
2051-01-01,27.4,17.6,5.4
2051-01-02,28.9,18.9,22.288925233644854
2051-01-03,29.9,18.97392875212653,5.301806853582552
2051-01-04,30.927056560425772,18.7,0.0
2051-01-05,31.1,19.0,0.0
2051-01-06,31.53586538147894,19.7256749904367,0.8
2051-01-07,28.5,19.3,1.9919626168224296
2051-01-08,29.9,19.0,1.9919626168224296
2051-01-09,30.08289727690843,19.2,22.791214953271037
2051-01-10,30.788318290966295,18.7,1.0530841121495336
2051-01-11,28.861666643367393,18.9,10.0
2051-01-12,30.059696806602076,18.4,0.8
2051-01-13,31.1,19.3,0.0
2051-01-14,31.7,19.1,0.0
2051-01-15,30.414135270900605,19.3,0.0
2051-01-16,29.7,18.7,0.0
2051-01-17,29.9,18.9,0.6
2051-01-18,31.1,17.5,0.0
2051-01-19,30.9,19.988340717639623,0.0
2051-01-20,30.2,18.4,0.0
2051-01-21,31.0,17.6,0.0
2051-01-22,31.2,19.4,0.0
2051-01-23,30.9,19.9,0.0
2051-01-24,30.994084485661446,18.9,0.0
2051-01-25,30.95442783803924,19.2,0.0
2051-01-26,30.9,18.9,0.0
2051-01-27,30.5,18.5,0.0
2051-01-28,30.9,18.0,0.0
2051-01-29,31.3566609506483,18.1,0.0
2051-01-30,31.7,19.0,0.0
2051-01-31,31.9,18.7,0.0
2051-02-01,32.94345450933651,19.0,0.0
2051-02-02,33.95874907949695,18.8,0.0
2051-02-03,34.07171216606495,18.6,0.0
2051-02-04,35.940234375,20.736444004276056,0.0
2051-02-05,36.246142578125,21.302197265625,0.0
2051-02-06,36.80888671875,20.512164673211846,0.0
2051-02-07,37.224658203125,21.21192626953125,0.0
2051-02-08,31.0,20.031337901879272,1.6
2051-02-09,36.81083984375,19.0,0.0
2051-02-10,36.76280517578125,18.71624803733139,0.0
2051-02-11,34.20430203616012,20.19892481692855,0.0
2051-02-12,36.214404296875,20.06760457442347,0.0
2051-02-13,34.07245290761622,19.651961245205896,0.0
2051-02-14,36.72197265625,20.64825041101952,0.0
2051-02-15,37.34306640625,20.083131223906584,0.0
2051-02-16,37.385791015625,19.1,0.0
2051-02-17,36.2791015625,20.173494177021826,0.0
2051-02-18,36.127978515625,19.7,0.0
2051-02-19,37.006884765625,19.77837277660095,0.0
2051-02-20,37.016650390625,20.9849365234375,0.0
2051-02-21,36.931689453125,20.123610998743246,0.0
2051-02-22,38.291796875,19.402788402050135,0.0
2051-02-23,37.79326171875,21.0867431640625,0.0
2051-02-24,38.14384765625,24.331005859375,0.0
2051-02-25,37.253955078125,20.653493137387436,0.0
2051-02-26,36.01298828125,19.5,0.0
2051-02-27,37.43974609375,19.0,0.0
2051-02-28,38.925830078125,18.9,0.0
2051-03-01,36.367529296875,19.9,0.0
2051-03-02,34.578738444806966,19.9,4.9
2051-03-03,33.7,19.4,0.0
2051-03-04,35.176611328125,20.20346981810904,0.0
2051-03-05,34.63289831430125,24.643347167968745,0.0
2051-03-06,33.2,19.678341178316025,1.4
2051-03-07,30.0,19.62993366695468,0.0
2051-03-08,32.53549695740365,19.2,0.0
2051-03-09,33.57228571428571,18.2,0.0
2051-03-10,33.2,18.5,0.0
2051-03-11,32.28187919463087,18.9,0.0
2051-03-12,31.2,19.47105091411474,0.0
2051-03-13,32.1,18.7,0.0
2051-03-14,33.0,18.6,0.0
2051-03-15,33.7,19.9875807594772,0.0
2051-03-16,34.28227297444265,19.9,0.0
2051-03-17,34.84127243066887,20.3,0.0
2051-03-18,35.292333984375,19.9,0.0
2051-03-19,34.34643828167479,19.9,0.0
2051-03-20,33.7,19.8,0.0
2051-03-21,32.97233201581028,19.4,0.0
2051-03-22,32.86756756756756,19.4,0.0
2051-03-23,32.97628458498024,19.4,0.0
2051-03-24,33.0,19.653515040346413,0.0
2051-03-25,33.0,19.0,0.0
2051-03-26,32.56653144016228,20.063221687811474,0.0
2051-03-27,32.83405405405406,19.6,0.0
2051-03-28,31.9,18.766995508351272,0.0
2051-03-29,32.1,18.5,0.0
2051-03-30,32.7,18.6,0.0
2051-03-31,33.0,19.705743287425936,0.0
2051-04-01,33.25324881141046,19.4,17.38623655913979
2051-04-02,32.56852248394004,18.8,18.96100358422941
2051-04-03,32.54860813704497,18.90228690228689,2.8
2051-04-04,33.63269230769231,19.2,0.0
2051-04-05,33.61410256410256,21.964556884765624,0.0
2051-04-06,33.51121794871795,21.6853515625,0.0
2051-04-07,33.76067527308838,21.55888671875,0.0
2051-04-08,33.85711835334476,20.746875,0.0
2051-04-09,32.586081370449676,20.53056640625,0.0
2051-04-10,32.58565310492505,19.4,0.0
2051-04-11,33.99579759862779,19.4,0.0
2051-04-12,34.03613472858078,19.646473779385172,0.0
2051-04-13,34.057815565729236,19.4,0.0
2051-04-14,33.82229845626071,19.7,0.0
2051-04-15,33.77567030784508,19.4,0.0
2051-04-16,34.00461085676913,19.7,0.0
2051-04-17,33.97795883361921,19.4,0.0
2051-04-18,33.24912836767036,19.0,0.0
2051-04-19,33.795034756703075,18.5,0.0
2051-04-20,32.7,18.8,0.0
2051-04-21,32.51670235546039,19.0,0.0
2051-04-22,33.05543478260871,19.0,0.0
2051-04-23,31.7,18.9072765072765,0.0
2051-04-24,30.85821917808219,18.864857405703766,0.0
2051-04-25,29.6,18.3,0.0
2051-04-26,29.5,18.1,0.0
2051-04-27,29.4,17.4,0.0
2051-04-28,30.9,16.4,0.0
2051-04-29,30.6,16.4,0.0
2051-04-30,30.2,17.2,0.0
2051-05-01,31.003154756976073,16.612646207898308,0.0
2051-05-02,31.0,16.9,0.0
2051-05-03,24.29625715905636,16.91020821043625,0.0
2051-05-04,24.0,16.921988489739466,0.0
2051-05-05,26.7,16.5,0.0
2051-05-06,28.1,14.3,0.0
2051-05-07,30.4,14.9,0.0
2051-05-08,30.791105454932207,15.0,0.0
2051-05-09,28.8,16.2,0.0
2051-05-10,27.2,14.7,0.0
2051-05-11,27.6,14.7,0.0
2051-05-12,28.6,14.1,0.0
2051-05-13,28.7,13.6,0.0
2051-05-14,29.3,13.5,0.0
2051-05-15,30.2,13.5,0.0
2051-05-16,30.0,14.5,0.0
2051-05-17,29.48417086850603,15.2,0.0
2051-05-18,29.0,15.0,0.0
2051-05-19,29.6,14.8,0.0
2051-05-20,30.6,14.4,0.0
2051-05-21,30.58602753543549,14.8,0.0
2051-05-22,29.1,15.629175314750587,0.0
2051-05-23,28.5,13.9,0.0
2051-05-24,29.0,12.8,0.0
2051-05-25,30.0,13.5,0.0
2051-05-26,30.9,14.9,0.0
2051-05-27,30.7,14.9,0.0
2051-05-28,30.1,14.4,0.0
2051-05-29,30.593870392255745,14.0,0.0
2051-05-30,30.7,13.5,0.0
2051-05-31,27.198759373118534,15.275508136516164,0.0
2051-06-01,27.5,14.65944819269594,0.0
2051-06-02,28.9,13.0,0.0
2051-06-03,30.5882526613914,13.5,0.0
2051-06-04,30.732839999048814,14.7,0.0
2051-06-05,27.8,16.46860237673627,0.0
2051-06-06,26.9,13.791382143400332,0.0
2051-06-07,27.5,12.0,0.0
2051-06-08,28.230384250474383,12.2,0.0
2051-06-09,28.6,14.1,0.0
2051-06-10,27.9,15.482734254992327,0.0
2051-06-11,28.251123066032967,20.018505859375,0.0
2051-06-12,28.6,16.73352201413034,0.0
2051-06-13,28.086171054257825,15.461736850468785,0.0
2051-06-14,26.3,14.18280215825528,0.0
2051-06-15,26.0,11.762402669632934,0.0
2051-06-16,26.5,11.9,0.0
2051-06-17,27.33731405265109,12.0,0.0
2051-06-18,28.0,12.4,0.0
2051-06-19,29.2,12.0,0.0
2051-06-20,29.9,12.7,0.0
2051-06-21,27.7,14.90437847608456,0.0
2051-06-22,25.6,13.2,0.0
2051-06-23,25.0,11.9,0.0
2051-06-24,24.1,10.0,0.0
2051-06-25,24.5,7.7,0.0
2051-06-26,25.9,5.827659932224436,0.0
2051-06-27,26.9,9.5,0.0
2051-06-28,27.083257420525733,11.5,0.0
2051-06-29,26.9,11.878306404479558,0.0
2051-06-30,27.7,11.6,0.0
2051-07-01,29.1,13.4,0.0
2051-07-02,29.502409449277035,13.5,0.0
2051-07-03,30.2,13.2,0.0
2051-07-04,29.2,13.4,0.0
2051-07-05,29.0,12.2,0.0
2051-07-06,29.0,11.4,0.0
2051-07-07,29.2,11.3,0.0
2051-07-08,26.7,14.6,0.0
2051-07-09,26.6,12.0,0.0
2051-07-10,27.2,11.2,0.0
2051-07-11,28.2,11.1,0.0
2051-07-12,27.9,12.2,0.0
2051-07-13,28.0,11.7,0.0
2051-07-14,27.4,12.2,0.0
2051-07-15,26.1,13.8,0.0
2051-07-16,19.844945409810855,13.0,0.0
2051-07-17,27.0,10.7,0.0
2051-07-18,28.5,11.590916618365487,0.0
2051-07-19,29.2,13.1,0.0
2051-07-20,28.51863000912918,15.0,0.0
2051-07-21,25.7,15.0,0.0
2051-07-22,18.2,14.4,0.0
2051-07-23,24.9,11.9,0.0
2051-07-24,25.8,9.6,0.0
2051-07-25,26.4,10.3,0.0
2051-07-26,27.2,10.3,0.0
2051-07-27,27.6,10.4,0.0
2051-07-28,29.0,8.2,0.0
2051-07-29,29.2,9.8,0.0
2051-07-30,28.83267063553084,13.6,0.0
2051-07-31,28.5,12.9,0.0
2051-08-01,29.5,13.1,0.0
2051-08-02,30.8,13.9,0.0
2051-08-03,31.4,15.0,0.0
2051-08-04,31.2,15.8,0.0
2051-08-05,28.0,16.533639633489983,0.0
2051-08-06,26.9,14.2,0.0
2051-08-07,26.716124865446716,13.9,0.0
2051-08-08,30.2,13.2,0.0
2051-08-09,31.5,12.7,0.0
2051-08-10,29.6,17.667716823004763,0.0
2051-08-11,26.5,15.459930032292782,0.0
2051-08-12,28.8,14.0,0.0
2051-08-13,30.8,12.5,0.0
2051-08-14,30.462725907880568,14.10537400735219,0.0
2051-08-15,28.9,14.0,0.0
2051-08-16,30.2,12.114679763186219,0.0
2051-08-17,30.0,14.6,0.0
2051-08-18,29.2,14.1,0.0
2051-08-19,30.9,13.3,0.0
2051-08-20,31.6,14.2,0.0
2051-08-21,31.9,15.2,0.0
2051-08-22,31.8,16.4,0.0
2051-08-23,32.9,16.4,0.0
2051-08-24,32.263692775280155,18.548346184544858,0.0
2051-08-25,30.9,18.18423533030005,0.0
2051-08-26,29.5,17.7,0.0
2051-08-27,31.035965301082754,16.9,0.0
2051-08-28,31.57620510813191,18.572347561198857,0.0
2051-08-29,29.5,19.0,0.0
2051-08-30,25.4,18.2,0.0
2051-08-31,28.3,14.7,0.0
2051-09-01,29.662286138036972,13.67193950067977,0.0
2051-09-02,30.3,14.6,0.0
2051-09-03,31.0,13.7,0.0
2051-09-04,31.2,15.499035965888027,0.0
2051-09-05,31.9,15.7,0.0
2051-09-06,33.2,16.0,0.0
2051-09-07,30.4,18.0275329562398,0.0
2051-09-08,31.3,15.6,0.0
2051-09-09,32.5,16.3,0.0
2051-09-10,32.9,17.4,0.0
2051-09-11,33.773042609702394,17.4,0.0
2051-09-12,33.2,18.2,0.0
2051-09-13,33.0,17.9,0.0
2051-09-14,33.3,17.8,0.0
2051-09-15,33.4,18.4,0.0
2051-09-16,32.8,19.29990248905711,0.0
2051-09-17,22.15756172033057,17.1,1.5
2051-09-18,28.1,14.070280109212252,0.0
2051-09-19,31.4,13.5,0.0
2051-09-20,33.755901114617146,13.8,0.0
2051-09-21,34.6,18.2,0.0
2051-09-22,34.4,19.3,0.0
2051-09-23,34.6,19.4,0.0
2051-09-24,35.6588028566362,20.0,0.0
2051-09-25,36.162340071964806,20.4,0.0
2051-09-26,35.1,21.870121228861187,0.0
2051-09-27,34.19726479714303,20.5,0.0
2051-09-28,35.3,20.0,0.0
2051-09-29,34.7,22.203844815486423,0.0
2051-09-30,33.4,20.222395253985912,0.0
2051-10-01,31.0,17.9,0.0
2051-10-02,32.1,15.7,0.0
2051-10-03,32.0,18.0,0.0
2051-10-04,30.6,17.9,0.0
2051-10-05,29.8,17.2,0.0
2051-10-06,28.5,16.9,0.0
2051-10-07,30.6,15.9,0.0
2051-10-08,32.85640473627556,16.3,0.0
2051-10-09,34.6,17.3,0.0
2051-10-10,33.1,19.0,0.0
2051-10-11,32.1,16.5,0.0
2051-10-12,32.1,16.6,0.0
2051-10-13,33.0,15.96062166391087,0.0
2051-10-14,34.5,16.9,0.0
2051-10-15,35.8,17.9,0.0
2051-10-16,36.55759294526785,19.6,0.0
2051-10-17,36.2,21.1,0.0
2051-10-18,35.2,21.5,0.0
2051-10-19,38.104664059625804,20.8,0.0
2051-10-20,38.34134371410308,21.6,0.0
2051-10-21,35.6,23.0,0.0
2051-10-22,34.8,20.9,0.0
2051-10-23,35.6,21.0,0.0
2051-10-24,36.3,21.071597724127326,0.0
2051-10-25,35.6,21.93544638954306,0.0
2051-10-26,35.5,21.9,0.0
2051-10-27,36.0,20.5,0.0
2051-10-28,36.37091000287421,21.7,0.0
2051-10-29,34.9,21.904727225111724,0.0
2051-10-30,37.05888827300741,21.9,0.0
2051-10-31,37.82249491687591,22.1,0.0
2051-11-01,40.029052734375,24.4068359375,0.0
2051-11-02,34.2,21.7,0.0
2051-11-03,33.6,20.0,0.0
2051-11-04,35.6,19.8,0.0
2051-11-05,36.4,19.9,0.0
2051-11-06,35.6,21.5,0.0
2051-11-07,35.1,20.6,0.0
2051-11-08,34.453170189099,19.9,0.0
2051-11-09,38.43144143899723,20.5,0.0
2051-11-10,38.2304614883746,25.286962890625,0.0
2051-11-11,35.9,24.983740234375,0.0
2051-11-12,34.2,24.45908203125,0.0
2051-11-13,35.0,25.282568359375,0.0
2051-11-14,34.1,22.3,0.0
2051-11-15,32.7,23.37101024948355,0.0
2051-11-16,32.3,19.0,2.465612648221344
2051-11-17,28.4,18.9,8.913664596273293
2051-11-18,29.4242056052957,18.8,0.0
2051-11-19,31.296846496106784,19.5,0.0
2051-11-20,31.9,20.072174533548804,0.0
2051-11-21,30.5,20.5,0.0
2051-11-22,30.1,19.4,0.0
2051-11-23,30.5,19.6,0.0
2051-11-24,30.6,18.4,10.120816864295124
2051-11-25,28.5,18.0,33.16442687747033
2051-11-26,26.0,18.0,1.4
2051-11-27,29.2,18.4,5.4
2051-11-28,30.9,16.8,0.0
2051-11-29,30.8,19.5,0.0
2051-11-30,30.5,18.9,0.0
2051-12-01,30.0,19.2,0.0
2051-12-02,29.2,18.5,0.0
2051-12-03,23.0,17.2,1.0
2051-12-04,24.189218540009296,17.2,1.2
2051-12-05,25.678105990437327,18.2,0.0
2051-12-06,29.6,16.5,0.0
2051-12-07,30.9,17.3,0.0
2051-12-08,31.8,18.2,0.0
2051-12-09,31.250048900507448,18.3,0.0
2051-12-10,31.5,17.4,0.0
2051-12-11,31.2,18.4,0.0
2051-12-12,31.817129324926952,17.7,0.0
2051-12-13,32.86981446984611,18.6,0.0
2051-12-14,32.846845596970375,19.5,0.0
2051-12-15,33.7,19.4,0.0
2051-12-16,33.82005228356139,19.851269066542518,0.0
2051-12-17,33.1,19.6,1.0
2051-12-18,30.5,19.5,2.6
2051-12-19,29.5,19.5,0.2
2051-12-20,31.2,19.4,8.15
2051-12-21,31.0268230716258,19.0,1.4
2051-12-22,31.01001277002586,19.8,0.5
2051-12-23,30.8,19.4,0.0
2051-12-24,31.2,19.0,0.0
2051-12-25,30.82554897739504,19.4,3.4
2051-12-26,29.6,18.7,24.9
2051-12-27,27.7,18.3,3.0
2051-12-28,29.688440649770033,19.0,1.3
2051-12-29,30.4,18.8,2.6
2051-12-30,26.5,18.6,44.9499999999999
2051-12-31,25.0,18.5,12.6
2052-01-01,25.5,18.3,11.373607476635518
2052-01-02,24.7,18.1,0.0
2052-01-03,26.72798559473791,17.9,0.0
2052-01-04,28.4,17.0,0.0
2052-01-05,28.9,19.2,0.0
2052-01-06,29.2,19.7,0.0
2052-01-07,30.892943564508677,19.6,0.0
2052-01-08,30.0,19.2,5.063738317757011
2052-01-09,30.90332621005387,18.8,27.57869158878504
2052-01-10,30.5,18.7,31.518728971962595
2052-01-11,28.4,18.8,23.4
2052-01-12,27.2,18.8,23.25046728971962
2052-01-13,26.1,18.8,22.0
2052-01-14,28.9,19.0,19.01009345794393
2052-01-15,26.1,18.9,37.58874766355141
2052-01-16,23.2,17.9,29.857009345794392
2052-01-17,24.0,18.3,8.636635514018694
2052-01-18,25.6,18.4,16.84884735202493
2052-01-19,27.8,18.4,21.0
2052-01-20,29.2,18.6,60.4
2052-01-21,26.7,18.9,27.4
2052-01-22,25.4,18.7,1.8
2052-01-23,27.5,18.9,31.157663551401875
2052-01-24,25.7,18.5,15.65700934579439
2052-01-25,28.21361750986723,18.7,34.99769470404985
2052-01-26,26.0,18.5,67.37001869158884
2052-01-27,28.0,18.6,19.189200415368646
2052-01-28,25.0,18.4,9.3
2052-01-29,26.36833780213326,18.8,0.0
2052-01-30,26.9,17.3,0.0
2052-01-31,27.9,15.9,0.0
2052-02-01,26.7,17.9,0.0
2052-02-02,29.6,16.9,1.2
2052-02-03,30.6,18.4,1.8
2052-02-04,28.5,18.0,21.03125
2052-02-05,26.4,18.9,32.50555555555556
2052-02-06,23.5,18.5,53.47175925925925
2052-02-07,22.719924761404616,18.3,21.113961988304094
2052-02-08,25.7,17.9,0.0
2052-02-09,26.6,15.4,0.0
2052-02-10,27.9,14.6,0.0
2052-02-11,30.0,15.2,0.0
2052-02-12,30.8,17.2,0.0
2052-02-13,31.687838623807885,18.098049927162045,3.8
2052-02-14,31.8243195251879,17.2,1.0
2052-02-15,28.4,19.0,2.2
2052-02-16,26.0,18.7,14.454166666666667
2052-02-17,27.8,18.7,33.665972222222216
2052-02-18,29.6,17.4,2.4
2052-02-19,29.754493444576873,17.8,5.3
2052-02-20,28.1,18.8,32.50555555555556
2052-02-21,24.9,18.720745132361934,8.860069444444447
2052-02-22,26.7,18.301708382997514,0.3
2052-02-23,25.0,17.9,0.5291666666666666
2052-02-24,28.6,18.8,0.0
2052-02-25,29.0,18.4,0.0
2052-02-26,29.2,17.4,0.0
2052-02-27,30.135503575685345,17.6,3.2
2052-02-28,29.830204198228895,16.5,0.0
2052-03-01,29.1,17.4,0.0
2052-03-02,30.0,17.2,0.0
2052-03-03,30.2,16.5,0.0
2052-03-04,30.0,16.9,0.0
2052-03-05,30.206730769230766,17.8,0.0
2052-03-06,30.2,17.4,0.0
2052-03-07,30.0,17.5,0.0
2052-03-08,29.9,18.6,6.882822085889575
2052-03-09,26.3,18.3,28.7448451294329
2052-03-10,25.05125,17.2,0.9
2052-03-11,26.0,17.5,0.0
2052-03-12,27.5,16.8,0.0
2052-03-13,28.9,18.0,0.0
2052-03-14,29.7,18.3,0.0
2052-03-15,30.34074074074074,17.0,0.0
2052-03-16,27.88461538461538,19.0,1.4
2052-03-17,26.9,18.5,0.9
2052-03-18,27.0,18.8,0.0
2052-03-19,28.2,18.2,0.0
2052-03-20,28.9,18.9,0.0
2052-03-21,29.9,18.6,0.0
2052-03-22,28.7,18.6,0.0
2052-03-23,27.2,17.0,0.0
2052-03-24,27.2,15.8,0.0
2052-03-25,26.9,14.6,0.0
2052-03-26,27.4,14.4,0.0
2052-03-27,27.4,14.3,0.0
2052-03-28,28.1,14.0,0.0
2052-03-29,28.6,16.0,0.0
2052-03-30,27.5,14.6,0.0
2052-03-31,26.6,14.0,0.0
2052-04-01,26.8,11.174999999999999,0.0
2052-04-02,27.7,10.5,0.0
2052-04-03,28.5,10.7,0.0
2052-04-04,29.8,10.7,0.0
2052-04-05,31.4,10.84731182795699,0.0
2052-04-06,29.9,16.1,0.0
2052-04-07,29.1,16.0,0.0
2052-04-08,30.1,15.9,0.0
2052-04-09,31.4,14.0,0.0
2052-04-10,31.29183673469388,15.4,0.0
2052-04-11,29.9,16.6,0.0
2052-04-12,29.0,15.3,0.0
2052-04-13,29.9,15.0,0.0
2052-04-14,29.9,16.0,0.0
2052-04-15,30.0,17.9,0.0
2052-04-16,30.8041095890411,18.3,0.0
2052-04-17,31.2,18.639999999999997,0.0
2052-04-18,31.4,18.1,0.0
2052-04-19,26.3,18.76617647058824,0.8
2052-04-20,27.5,18.1,0.0
2052-04-21,27.6,17.6,0.0
2052-04-22,27.8,18.4,0.0
2052-04-23,25.4,17.3,1.2
2052-04-24,27.0,16.9,0.0
2052-04-25,26.98,14.9,0.0
2052-04-26,26.2,13.446153846153848,0.0
2052-04-27,25.7,12.4,0.0
2052-04-28,26.8,12.3,0.0
2052-04-29,27.0,12.6,0.0
2052-04-30,27.3,11.3,0.0
2052-05-01,28.0,12.0,0.0
2052-05-02,29.2,12.7,0.0
2052-05-03,30.1,12.2,0.0
2052-05-04,29.226038184805386,15.119574811625395,0.0
2052-05-05,30.56318095252432,14.6,0.0
2052-05-06,30.7,15.6,0.0
2052-05-07,30.0,15.6,0.0
2052-05-08,26.5,14.6,0.0
2052-05-09,26.0,12.4,0.0
2052-05-10,25.8,12.548136280571745,0.0
2052-05-11,26.7,12.086618763367966,0.0
2052-05-12,28.1,12.5,0.0
2052-05-13,28.0,13.9,0.0
2052-05-14,28.7,11.8,0.0
2052-05-15,29.554209155375133,11.6,0.0
2052-05-16,27.6,13.037356002915024,0.0
2052-05-17,27.1,11.495476384257913,0.0
2052-05-18,26.4,11.4,0.0
2052-05-19,27.5,9.061467015223739,0.0
2052-05-20,29.41231091722848,10.8,0.0
2052-05-21,28.1,12.5,0.0
2052-05-22,25.7,12.4,0.0
2052-05-23,25.405838885171498,10.2,0.0
2052-05-24,25.8,10.0,0.0
2052-05-25,25.6,10.2,0.0
2052-05-26,24.9,10.41866523143164,0.0
2052-05-27,24.8,7.9,0.0
2052-05-28,25.9,6.8,0.0
2052-05-29,28.8,9.6,0.0
2052-05-30,30.026762427429446,10.0,0.0
2052-05-31,30.0,10.0,0.0
2052-06-01,28.6,14.4,0.0
2052-06-02,21.4,14.1,0.0
2052-06-03,25.2,13.0,0.0
2052-06-04,25.7,11.089270129203394,0.0
2052-06-05,26.5,8.9,0.0
2052-06-06,27.9,10.2,0.0
2052-06-07,20.1,16.775564953141263,0.0
2052-06-08,21.5,17.453657619955028,0.0
2052-06-09,24.5,20.126171875,0.0
2052-06-10,23.9,20.126171875,0.0
2052-06-11,21.9,15.4,0.0
2052-06-12,26.6,12.3,0.0
2052-06-13,27.5,12.0,0.0
2052-06-14,28.0,16.881063275696725,0.0
2052-06-15,28.0208429118774,14.22541713014461,0.0
2052-06-16,28.0,13.5,0.0
2052-06-17,28.05091459646521,12.4,0.0
2052-06-18,27.9,11.9,0.0
2052-06-19,25.6,11.1,0.0
2052-06-20,25.557815562264956,10.5,0.0
2052-06-21,25.7,11.4,0.0
2052-06-22,26.02900896283829,12.2,0.0
2052-06-23,25.9,13.655384001547622,0.0
2052-06-24,24.24139784946237,11.7,0.0
2052-06-25,22.0,14.794142102335954,0.0
2052-06-26,24.9,12.9,0.0
2052-06-27,24.291949388209122,10.2,0.0
2052-06-28,24.2,8.4,0.0
2052-06-29,23.1,10.2,0.0
2052-06-30,23.2,8.4,0.0
2052-07-01,24.2,9.4,0.0
2052-07-02,25.4,9.3,0.0
2052-07-03,26.4,9.6,0.0
2052-07-04,27.2,10.6,0.0
2052-07-05,26.8,12.0,0.0
2052-07-06,25.7,12.1,0.0
2052-07-07,24.9,11.9,0.0
2052-07-08,24.8,12.7,0.0
2052-07-09,24.1,11.3,0.0
2052-07-10,24.0,12.4,0.0
2052-07-11,24.6,10.5,0.0
2052-07-12,26.2,10.6,0.0
2052-07-13,28.0,11.8,0.0
2052-07-14,28.2,12.4,0.0
2052-07-15,25.6,15.0,0.0
2052-07-16,16.0940147255113,13.0,0.0
2052-07-17,18.9,14.0,0.0
2052-07-18,23.1,13.8,0.0
2052-07-19,26.0,12.43617988278913,0.0
2052-07-20,28.1,11.3,0.0
2052-07-21,29.5,11.9,0.0
2052-07-22,29.5,12.7,0.0
2052-07-23,29.2,15.2,0.0
2052-07-24,27.0,15.2,0.0
2052-07-25,25.8,14.6,0.0
2052-07-26,26.7,13.0,0.0
2052-07-27,26.0,12.4,0.0
2052-07-28,24.9,10.5,0.0
2052-07-29,21.87479009687836,11.6,0.0
2052-07-30,21.9,12.1,0.0
2052-07-31,25.5,10.804274950023068,0.0
2052-08-01,26.5,13.0,0.0
2052-08-02,27.7,14.2,0.0
2052-08-03,29.0,17.2,0.0
2052-08-04,30.9,16.9,0.0
2052-08-05,31.5,16.902937208467876,0.0
2052-08-06,31.8,16.225671621281165,0.0
2052-08-07,28.9,17.4,0.0
2052-08-08,26.4,15.2,0.0
2052-08-09,24.6,15.7,0.0
2052-08-10,24.4,11.9,0.0
2052-08-11,27.2,11.5,0.0
2052-08-12,30.9,14.0,0.0
2052-08-13,31.5,15.5,0.0
2052-08-14,31.9,16.0,0.0
2052-08-15,31.4,17.515829207032642,0.0
2052-08-16,28.8,18.0,0.0
2052-08-17,26.6,15.1,0.0
2052-08-18,27.7,12.6,0.0
2052-08-19,29.0,13.4,0.0
2052-08-20,26.7,15.4,0.0
2052-08-21,20.661452060652692,16.0,0.0
2052-08-22,24.0,12.0,0.0
2052-08-23,26.0,10.0,0.0
2052-08-24,28.58316578788929,12.6,0.0
2052-08-25,31.0,14.6,0.0
2052-08-26,32.307772430823775,16.1,0.0
2052-08-27,32.9,17.4,0.0
2052-08-28,31.81519555077143,18.790936079477255,0.0
2052-08-29,31.9,16.9,0.0
2052-08-30,31.4,17.15011865625429,0.0
2052-08-31,31.5,15.7,0.0
2052-09-01,30.3,14.863603077493513,0.0
2052-09-02,31.3,13.9,0.0
2052-09-03,31.4,16.0,0.0
2052-09-04,30.5,17.0,0.0
2052-09-05,30.2,16.4,0.0
2052-09-06,30.6,15.5,0.0
2052-09-07,31.5,14.2,0.0
2052-09-08,33.0,16.4,0.0
2052-09-09,32.9,18.2,0.0
2052-09-10,33.1,18.0,0.0
2052-09-11,33.7,17.6,0.0
2052-09-12,31.5,19.7,0.0
2052-09-13,30.4,17.4,0.0
2052-09-14,32.0,17.0,0.0
2052-09-15,34.4,17.4,0.0
2052-09-16,34.20961533486821,17.6,0.0
2052-09-17,34.4,20.2,0.0
2052-09-18,33.45429619655368,20.36597358888795,0.0
2052-09-19,34.2,19.4,0.0
2052-09-20,31.2,19.5,0.0
2052-09-21,31.0,18.0,0.0
2052-09-22,32.5,17.0,0.0
2052-09-23,34.6,15.1,0.0
2052-09-24,35.3,18.2,0.0
2052-09-25,34.0,20.5,0.0
2052-09-26,32.5,19.3,0.0
2052-09-27,32.3,18.4,0.0
2052-09-28,32.0,18.0,0.0
2052-09-29,33.2,17.0,0.0
2052-09-30,34.0,17.794609478941748,0.0
2052-10-01,30.6,16.2,0.0
2052-10-02,30.6,16.7,0.0
2052-10-03,31.5927683726392,16.7,0.0
2052-10-04,32.0,17.0,0.0
2052-10-05,30.1,16.9,0.0
2052-10-06,30.0,15.80118406889128,0.0
2052-10-07,30.5,15.508471474703981,0.0
2052-10-08,32.1,15.6,0.0
2052-10-09,34.6,17.061368257385478,0.0
2052-10-10,34.1,19.9,0.0
2052-10-11,33.4,19.0,0.0
2052-10-12,33.7,18.0,0.0
2052-10-13,33.41732854067353,18.7,0.0
2052-10-14,34.0,19.9,0.0
2052-10-15,35.0,19.7,0.0
2052-10-16,35.85689249192679,20.0,0.0
2052-10-17,37.16253477416016,20.3,0.0
2052-10-18,37.360792631517505,21.0,0.0
2052-10-19,37.2,21.4,0.0
2052-10-20,37.595675574484005,22.0,0.0
2052-10-21,35.89723661194832,22.10392215822666,0.0
2052-10-22,34.8,20.6,0.0
2052-10-23,35.8,20.0,0.0
2052-10-24,35.6,21.1,0.0
2052-10-25,35.4,20.3,0.0
2052-10-26,36.650524387473936,20.0,0.0
2052-10-27,37.0,21.3,0.0
2052-10-28,37.2,21.9,0.0
2052-10-29,37.52163828895946,22.6,0.0
2052-10-30,34.0,22.0,0.0
2052-10-31,34.0,21.0,0.0
2052-11-01,34.30354560622914,19.6,0.0
2052-11-02,39.5,21.3,0.0
2052-11-03,36.8,23.2,0.0
2052-11-04,35.2,21.1,0.0
2052-11-05,33.6,21.200082543213803,0.0
2052-11-06,33.8,21.3,0.0
2052-11-07,35.2,20.5,0.0
2052-11-08,36.0,20.6,0.0
2052-11-09,36.4,21.265256478053942,0.0
2052-11-10,34.50880280922157,20.7,0.0
2052-11-11,32.2,19.6,0.0
2052-11-12,32.7,19.0,0.0
2052-11-13,36.4,19.9,0.0
2052-11-14,37.2,21.3,0.0
2052-11-15,37.61792566453147,21.7,0.0
2052-11-16,36.8,21.9,0.0
2052-11-17,36.5,20.5,0.0
2052-11-18,36.42144840247067,20.6,0.0
2052-11-19,36.5,19.9,0.0
2052-11-20,37.268782461702855,21.9,0.0
2052-11-21,34.984868901954556,22.3,0.0
2052-11-22,36.0,21.4,0.0
2052-11-23,36.49098049323095,21.3,0.0
2052-11-24,38.276841476979826,21.7,0.0
2052-11-25,39.911865234375,23.0,0.0
2052-11-26,39.41436737257241,25.9753173828125,0.0
2052-11-27,33.3,19.3,2.3
2052-11-28,30.1,19.1,7.141106719367588
2052-11-29,29.5,18.9,40.97373143894883
2052-11-30,28.5,18.7,12.455120373697445
2052-12-01,28.9,19.2,30.35
2052-12-02,29.9,19.4,0.5
2052-12-03,24.5,18.2,0.0
2052-12-04,24.8,17.8,0.0
2052-12-05,27.8,17.3,0.0
2052-12-06,28.1,16.5,0.0
2052-12-07,29.0,16.1,0.0
2052-12-08,30.1,16.1,0.0
2052-12-09,31.2,16.6,0.0
2052-12-10,31.2,17.7,0.0
2052-12-11,31.5,19.4,0.0
2052-12-12,31.8,18.8,0.0
2052-12-13,31.2,18.8,0.5
2052-12-14,31.059864009253246,18.5,0.0
2052-12-15,31.1,18.9,0.8
2052-12-16,31.5,17.8,0.0
2052-12-17,31.2,19.4,0.0
2052-12-18,31.4,18.2,0.0
2052-12-19,31.8,18.0,0.0
2052-12-20,31.875791480854982,19.0,0.0
2052-12-21,31.4,19.72007583404412,2.0
2052-12-22,30.9,19.4,20.4
2052-12-23,30.7,18.7341718826828,1.0
2052-12-24,30.0,19.2,2.5
2052-12-25,30.728715813940187,19.4,2.9
2052-12-26,31.1,18.9,16.700000000000003
2052-12-27,28.5,19.4,27.333333333333332
2052-12-28,30.1,18.9,1.0
2052-12-29,30.0,19.2,4.3
2052-12-30,31.0,19.0,2.4
2052-12-31,30.3,19.2,10.2
2053-01-01,26.9,19.0,1.1
2053-01-02,29.0,19.4,14.0
2053-01-03,29.0,18.9,16.88242990654206
2053-01-04,25.1,18.8,49.099579439252295
2053-01-05,24.0,18.3,6.43981308411215
2053-01-06,27.7,17.9,0.0
2053-01-07,28.5,16.8,0.0
2053-01-08,28.7,16.4,0.0
2053-01-09,29.6,15.457438479603168,0.0
2053-01-10,29.1,16.4,0.0
2053-01-11,28.2,17.1,0.0
2053-01-12,29.2,17.0,0.0
2053-01-13,29.9,16.9,0.0
2053-01-14,30.7,16.3,0.0
2053-01-15,31.2,16.5,0.0
2053-01-16,30.957526013634727,17.0,0.0
2053-01-17,30.6,17.9,0.0
2053-01-18,31.162724350899687,16.4,0.0
2053-01-19,31.9,17.3,0.0
2053-01-20,31.9,16.7,0.0
2053-01-21,31.7,19.4,0.0
2053-01-22,31.1,19.2,0.0
2053-01-23,31.7,18.4,0.0
2053-01-24,32.6,17.4,0.0
2053-01-25,32.6,18.7,0.0
2053-01-26,31.7,19.2,1.158317757009346
2053-01-27,31.9,19.0,0.9
2053-01-28,31.739147238391237,18.5,0.7216822429906544
2053-01-29,31.7,18.6,1.9
2053-01-30,31.711469847878043,19.6,1.9
2053-01-31,31.8,19.730831161205952,5.6
2053-02-01,32.9,19.0748857051588,0.0
2053-02-02,34.13376778952223,20.204589486522522,0.0
2053-02-03,32.9,19.752029126376353,2.8
2053-02-04,32.9,19.437422353069753,1.4
2053-02-05,35.899951171875,19.0,0.0
2053-02-06,32.9,19.788387190850983,17.39333333333333
2053-02-07,30.5,19.677533172831108,12.391666666666667
2053-02-08,30.430133193829466,19.2,24.460416666666656
2053-02-09,25.6,19.0,26.821874999999995
2053-02-10,27.6,18.9,0.0
2053-02-11,29.4,20.12732637723543,0.0
2053-02-12,30.4,19.0,0.0
2053-02-13,32.0,17.7,0.0
2053-02-14,32.0,16.3,0.0
2053-02-15,32.587919149781484,16.3,0.0
2053-02-16,32.95896539892368,18.2,0.0
2053-02-17,34.01986025747635,18.2,0.0
2053-02-18,35.805224609375,19.1,0.0
2053-02-19,32.199829421147825,19.2,2.8
2053-02-20,32.0,18.8,0.0
2053-02-21,33.96186019401224,18.4,0.0
2053-02-22,37.7654296875,18.4,0.0
2053-02-23,37.283251953125,19.7,0.0
2053-02-24,36.877978515625,21.21989135742188,0.0
2053-02-25,34.08089736130066,20.14638528376209,0.0
2053-02-26,34.00030468052294,20.11859383043846,0.0
2053-02-27,32.89659316646801,19.452060680411968,0.0
2053-02-28,32.402423269993754,18.9,0.0
2053-03-01,31.032530120481933,18.5,0.0
2053-03-02,33.0,18.4,0.0
2053-03-03,33.7,18.5,0.0
2053-03-04,33.2,21.242414322219688,0.0
2053-03-05,32.4718045112782,19.95060220793494,0.0
2053-03-06,33.615127175368144,19.781034255989734,0.0
2053-03-07,33.7,19.8,0.0
2053-03-08,34.98447265625,19.0,0.0
2053-03-09,33.83333333333335,22.218420410156245,0.0
2053-03-10,33.40229885057472,20.233900460703513,0.0
2053-03-11,33.7,20.26400999205007,0.0
2053-03-12,34.361446438281654,20.90594465736442,1.5447852760736192
2053-03-13,33.7,19.8,2.7024539877300624
2053-03-14,34.863023382273,19.99779148951223,0.0
2053-03-15,35.700537109375,23.447790527343745,0.0
2053-03-16,33.7,20.226059994400153,0.0
2053-03-17,33.0,19.4,0.0
2053-03-18,33.0,19.4,0.0
2053-03-19,33.54333333333333,19.4,0.0
2053-03-20,33.7,19.4,1.6971779141104297
2053-03-21,33.7,18.7,1.5447852760736192
2053-03-22,33.7,19.4,17.46308793456033
2053-03-23,32.1,18.7,0.0
2053-03-24,31.9,19.4,0.0
2053-03-25,32.438345864661656,19.0,0.9932515337423315
2053-03-26,31.9,19.7552399677929,0.0
2053-03-27,31.4,19.0,0.0
2053-03-28,31.8,18.9,0.0
2053-03-29,32.45714285714286,19.9,0.0
2053-03-30,32.24429530201343,19.3,0.0
2053-03-31,32.80810810810811,18.8,0.0
2053-04-01,33.83241852487136,19.4,0.0
2053-04-02,33.940051457975976,22.029833984375,0.0
2053-04-03,33.702581926514405,21.02470703125,0.0
2053-04-04,33.80951972555745,19.7,0.0
2053-04-05,34.03616742969261,19.4,0.0
2053-04-06,34.097220405493786,19.4,0.0
2053-04-07,35.596435546875,19.7,0.0
2053-04-08,34.04149771092217,22.706164550781253,0.0
2053-04-09,33.14802631578947,22.06883544921875,0.0
2053-04-10,32.75590230664858,20.4401123046875,0.0
2053-04-11,33.6022435897436,19.7,0.0
2053-04-12,32.7,19.7,0.0
2053-04-13,31.5,19.17386078457271,0.0
2053-04-14,30.6,18.4,0.0
2053-04-15,32.123010752688174,18.17521793275218,0.0
2053-04-16,29.2,19.4,0.0
2053-04-17,26.2,19.0,0.0
2053-04-18,28.1,16.4,0.0
2053-04-19,28.619999999999997,14.3,0.0
2053-04-20,30.4,14.2,0.0
2053-04-21,31.5,14.9,0.0
2053-04-22,31.4,16.6,0.0
2053-04-23,30.6,16.6,0.0
2053-04-24,28.9,16.5,0.0
2053-04-25,29.2,15.6,0.0
2053-04-26,30.4,15.9,0.0
2053-04-27,31.4,16.6,0.0
2053-04-28,32.0,16.9,0.0
2053-04-29,30.4,17.9,0.0
2053-04-30,29.1,16.9,0.0
2053-05-01,29.2,15.2,0.0
2053-05-02,29.0,15.3,0.0
2053-05-03,28.9,15.3,0.0
2053-05-04,28.1,13.0,0.0
2053-05-05,28.1,11.8,0.0
2053-05-06,30.0,10.2,0.0
2053-05-07,30.9,11.4,0.0
2053-05-08,29.6,16.9,0.0
2053-05-09,29.6,17.2,0.0
2053-05-10,30.4,16.9,0.0
2053-05-11,31.68028450098263,17.4121875373759,0.0
2053-05-12,30.5,17.9,0.0
2053-05-13,28.916055974165765,15.816266882837848,0.0
2053-05-14,29.5,14.4,0.0
2053-05-15,30.4,13.5,0.0
2053-05-16,30.7,14.1,0.0
2053-05-17,31.203764518373568,14.7,0.0
2053-05-18,32.592392107041825,15.0,0.0
2053-05-19,31.9,16.5,0.0
2053-05-20,33.8,16.267382459725223,0.0
2053-05-21,30.6,17.724074718550934,0.0
2053-05-22,21.6,16.7,5.069230769230769
2053-05-23,26.4,15.6,0.0
2053-05-24,28.6,13.2,0.0
2053-05-25,29.1,13.0,0.0
2053-05-26,28.2,14.0,0.0
2053-05-27,29.1,12.8,0.0
2053-05-28,29.5,13.9,0.0
2053-05-29,27.7,14.31919114254958,0.0
2053-05-30,29.0,13.0,0.0
2053-05-31,30.1,13.0,0.0
2053-06-01,28.0,15.763973112299231,0.0
2053-06-02,26.2,15.1,0.0
2053-06-03,27.5,12.9,0.0
2053-06-04,27.5,12.6,0.0
2053-06-05,26.6,12.9,0.0
2053-06-06,25.6,12.4,0.0
2053-06-07,26.2,10.8,0.0
2053-06-08,26.5,9.68938201377058,0.0
2053-06-09,26.0,11.8,0.0
2053-06-10,25.7,11.00979277386397,0.0
2053-06-11,26.3,10.6,0.0
2053-06-12,26.924204382936306,11.5,0.0
2053-06-13,27.4,12.1,0.0
2053-06-14,28.2,12.0,0.0
2053-06-15,27.7,13.8,0.0
2053-06-16,26.3,16.753906469408353,0.0
2053-06-17,25.6,15.9,0.0
2053-06-18,25.7,13.5,0.0
2053-06-19,26.3,11.4,0.0
2053-06-20,28.6,10.6,0.0
2053-06-21,30.369502805124426,11.1,0.0
2053-06-22,31.43369140625,12.9,0.0
2053-06-23,33.198095703125,17.077852501994794,0.0
2053-06-24,31.8853515625,17.547236884597307,0.0
2053-06-25,31.19493789254964,15.0,0.0
2053-06-26,30.057238143391658,16.90671371525492,0.0
2053-06-27,28.0,15.501160548757882,0.0
2053-06-28,27.9,14.1,0.0
2053-06-29,28.6,13.727392629617324,0.0
2053-06-30,30.0039575285671,13.787039516650918,0.0
2053-07-01,31.255836729201903,16.09577822096184,0.0
2053-07-02,29.108699481358244,16.0,0.0
2053-07-03,28.2,15.2,0.0
2053-07-04,28.2,13.4,0.0
2053-07-05,28.134987565420726,12.8,0.0
2053-07-06,28.404535911072255,11.7,0.0
2053-07-07,26.9,13.8,0.0
2053-07-08,20.1,12.881942488082425,0.0
2053-07-09,24.6,10.3,0.0
2053-07-10,24.2,11.1,0.0
2053-07-11,24.7,10.681754574811617,0.0
2053-07-12,25.9,10.4,0.0
2053-07-13,27.0,11.4,0.0
2053-07-14,28.0,11.7,0.0
2053-07-15,29.242380439797003,11.3,0.0
2053-07-16,29.492466627562948,12.2,0.0
2053-07-17,28.7,15.0,0.0
2053-07-18,29.0,13.84527958482187,0.0
2053-07-19,29.2,12.7,0.0
2053-07-20,28.0,15.3,0.0
2053-07-21,26.3,13.8,0.0
2053-07-22,26.6,12.0,0.0
2053-07-23,28.2,12.0,0.0
2053-07-24,28.7,11.6,0.0
2053-07-25,26.47085468245424,15.234302116971653,0.0
2053-07-26,21.5,15.56036320705579,0.0
2053-07-27,21.7,13.064056485012127,0.0
2053-07-28,22.6,9.9,0.0
2053-07-29,20.1,10.3,0.0
2053-07-30,24.0,9.1,0.0
2053-07-31,25.4,9.9,0.0
2053-08-01,25.67125941872981,12.2,0.0
2053-08-02,25.6,12.4,0.0
2053-08-03,26.8,13.3,0.0
2053-08-04,27.3,13.4,0.0
2053-08-05,27.5,14.0,0.0
2053-08-06,27.0,14.6,0.0
2053-08-07,28.7,15.5,0.0
2053-08-08,30.5,15.7,0.0
2053-08-09,31.9,15.6,0.0
2053-08-10,30.5,18.0,0.0
2053-08-11,27.6,16.9,0.0
2053-08-12,24.3,16.9,0.0
2053-08-13,27.8,13.647578040904193,0.0
2053-08-14,29.1,13.5,0.0
2053-08-15,30.5,14.4,0.0
2053-08-16,31.5,14.6,0.0
2053-08-17,30.5,16.0,0.0
2053-08-18,31.4,14.38692458684226,0.0
2053-08-19,37.80419921875,13.8,0.0
2053-08-20,39.27490234375,14.8,0.0
2053-08-21,33.09410090079882,17.087499414985732,0.0
2053-08-22,31.5,20.580023782413836,0.0
2053-08-23,31.38887490713926,18.52565995181711,0.0
2053-08-24,31.9,17.902984009522896,0.0
2053-08-25,32.5,17.7,0.0
2053-08-26,31.597930081221254,18.91918835508407,0.0
2053-08-27,31.9,18.111825052949055,0.0
2053-08-28,32.526122403664665,18.35687102566657,0.0
2053-08-29,29.1,19.0,0.0
2053-08-30,26.7,16.519493817112544,0.0
2053-08-31,29.6,14.327220920661047,0.0
2053-09-01,30.2,12.7,0.0
2053-09-02,28.5,14.683255538344785,0.0
2053-09-03,30.1,11.629694034158911,0.0
2053-09-04,29.119756994951654,15.5,0.0
2053-09-05,28.6,14.1,0.0
2053-09-06,29.668211593128166,12.9,0.0
2053-09-07,30.8,13.215822569294682,0.0
2053-09-08,31.8,14.5,0.0
2053-09-09,32.1,16.7,0.0
2053-09-10,32.7,17.5,0.0
2053-09-11,32.1,18.4,0.0
2053-09-12,32.5,16.4,0.0
2053-09-13,33.26274238643538,16.9,0.0
2053-09-14,33.4,18.3,0.0
2053-09-15,33.0,18.7,0.0
2053-09-16,34.4,18.6,0.0
2053-09-17,34.7,19.4,0.0
2053-09-18,30.3,18.1,0.0
2053-09-19,26.7,16.4,0.0
2053-09-20,26.071143983935976,14.4,0.0
2053-09-21,28.23948946710549,12.2,0.0
2053-09-22,31.5,12.7,0.0
2053-09-23,33.2,13.5,0.0
2053-09-24,33.2,18.2,0.0
2053-09-25,33.0,18.6,0.0
2053-09-26,32.7,18.5,0.0
2053-09-27,34.7,17.4,0.0
2053-09-28,32.5,20.5,0.0
2053-09-29,32.0,18.2,0.0
2053-09-30,32.0,18.6,0.0
2053-10-01,23.788438123136107,16.5,0.0
2053-10-02,24.042908387397084,13.69900300656991,0.0
2053-10-03,28.2,14.6,0.0
2053-10-04,31.103164693218513,16.3,0.0
2053-10-05,33.1,17.3,0.0
2053-10-06,36.4,18.0,0.0
2053-10-07,37.08152273643067,18.6,0.0
2053-10-08,36.0,21.5,0.0
2053-10-09,34.6,20.5,0.0
2053-10-10,32.8,19.0,0.0
2053-10-11,33.5,18.0,0.0
2053-10-12,35.6,18.1,0.0
2053-10-13,34.0,21.4,0.0
2053-10-14,32.82724031216361,19.4,0.0
2053-10-15,34.2,18.0,0.0
2053-10-16,35.9,19.0,0.0
2053-10-17,35.5,20.1,0.0
2053-10-18,35.2,19.1,0.0
2053-10-19,35.7,19.5,0.0
2053-10-20,36.6,20.758846266757992,0.0
2053-10-21,34.6,22.0,0.0
2053-10-22,35.2,20.9,0.0
2053-10-23,36.6,20.2,0.0
2053-10-24,35.6,21.733989141451833,0.0
2053-10-25,35.6,21.5,0.0
2053-10-26,37.2,20.4,0.0
2053-10-27,38.0,21.61030678148546,0.0
2053-10-28,37.2,22.0,0.0
2053-10-29,37.08644327195748,21.953143299487195,0.0
2053-10-30,38.0,22.1,0.0
2053-10-31,37.26726722549521,22.6,0.0
2053-11-01,36.2,23.224174007155103,0.0
2053-11-02,36.53727827667597,21.1,0.0
2053-11-03,39.614990234375,20.67974619764535,0.0
2053-11-04,39.647216796875,21.0,0.0
2053-11-05,38.45690496215302,20.5,0.0
2053-11-06,40.009765625,20.5,0.0
2053-11-07,40.797607421875,22.9,0.0
2053-11-08,40.714111328125,24.21494140625,0.0
2053-11-09,37.33704203270475,24.0455078125,0.0
2053-11-10,34.4,21.3,0.0
2053-11-11,35.5,20.4,0.0
2053-11-12,36.8,20.7,0.0
2053-11-13,37.351952496237644,21.7,0.0
2053-11-14,36.5,23.2,0.0
2053-11-15,36.0,24.55576171875,0.0
2053-11-16,31.02916793995771,18.7,5.9
2053-11-17,28.6,18.2,12.111067193675888
2053-11-18,25.9258927999095,18.2,33.27193675889327
2053-11-19,24.0,18.2,43.53030303030301
2053-11-20,23.2,18.0,16.190544238370325
2053-11-21,26.9,18.02926839728212,5.964229249011857
2053-11-22,27.0,18.07244568932013,3.6254093732354598
2053-11-23,27.3,18.5,48.649218469277606
2053-11-24,26.0,18.5,20.574440052700922
2053-11-25,28.5,17.6,4.992885375494071
2053-11-26,28.7,18.0,0.0
2053-11-27,24.289791812576386,15.7,0.0
2053-11-28,27.1,15.7,0.0
2053-11-29,28.6,15.2,0.0
2053-11-30,29.81254228053847,15.5,0.0
2053-12-01,31.0,17.4,0.0
2053-12-02,31.5,19.2,0.0
2053-12-03,30.4,19.4,0.0
2053-12-04,27.8,18.2,0.0
2053-12-05,29.4,17.7,0.0
2053-12-06,30.1,16.6,0.0
2053-12-07,30.0,16.4,0.0
2053-12-08,30.0,16.4,0.0
2053-12-09,30.7,15.3,0.0
2053-12-10,30.6,16.7,0.0
2053-12-11,31.2,16.7,0.0
2053-12-12,31.6,18.1,0.0
2053-12-13,31.5,20.3,0.0
2053-12-14,31.4,19.7,0.0
2053-12-15,30.9,19.243936550759194,1.0
2053-12-16,30.5,19.2,0.5
2053-12-17,30.7,18.9,0.0
2053-12-18,31.0,20.139748286370445,0.0
2053-12-19,30.2,19.2,11.4
2053-12-20,30.0,19.0,3.0
2053-12-21,27.7,19.046096519555093,0.0
2053-12-22,30.7,19.0,0.0
2053-12-23,31.0,19.23258672768348,0.0
2053-12-24,31.6,18.9,0.0
2053-12-25,32.0,18.1,0.0
2053-12-26,30.3,18.9,0.0
2053-12-27,30.3,18.4,1.7
2053-12-28,29.7,19.5,7.1
2053-12-29,29.4,19.0,27.6
2053-12-30,25.8,19.2,2.0
2053-12-31,25.9,18.8,10.2
2054-01-01,29.5,18.6,1.4747663551401882
2054-01-02,30.0,19.2,1.7
2054-01-03,27.6,18.5,9.224018691588794
2054-01-04,25.4,18.7,1.9
2054-01-05,26.744021865838594,18.7,7.2
2054-01-06,28.4,17.8,0.0
2054-01-07,29.6,17.3,0.0
2054-01-08,29.2,16.2,0.0
2054-01-09,29.0,16.8,0.0
2054-01-10,29.1,16.6,0.0
2054-01-11,30.0,19.179590520891956,0.0
2054-01-12,30.9,18.5,0.0
2054-01-13,30.946056674151393,17.6,0.0
2054-01-14,30.971777621373956,17.6,0.0
2054-01-15,25.155187492738673,18.9,10.675077881619936
2054-01-16,25.2,18.7,10.8
2054-01-17,25.7,18.7,1.9
2054-01-18,27.6,18.8,7.6
2054-01-19,29.0,18.5,21.0
2054-01-20,28.6,18.6,1.8
2054-01-21,27.8,19.0,32.10978193146417
2054-01-22,24.72803819377221,19.0,9.4
2054-01-23,26.337903158647947,18.9,27.4
2054-01-24,26.8,18.9,16.84884735202493
2054-01-25,28.6,18.9,34.24137071651088
2054-01-26,28.4,18.97674817398036,7.0
2054-01-27,27.9,19.2,1.9
2054-01-28,29.7,18.7,7.7
2054-01-29,23.026019287550294,16.7,12.05943925233645
2054-01-30,23.336289343379978,16.6,0.0
2054-01-31,24.05573454750916,16.2,0.0
2054-02-01,27.6,15.5,0.0
2054-02-02,28.5,17.8,0.0
2054-02-03,28.7,16.5,1.073611111111111
2054-02-04,24.5,18.2,15.8
2054-02-05,24.7,18.7,6.5
2054-02-06,24.65124930290538,18.4,2.4
2054-02-07,24.995990836197016,18.4,3.0
2054-02-08,26.418196265395313,18.277613282311915,0.0
2054-02-09,28.4,19.0,0.0
2054-02-10,29.4,17.9,1.8
2054-02-11,30.6,18.4,24.694290123456792
2054-02-12,29.1,18.9,1.8
2054-02-13,29.1,18.4,7.618055555555555
2054-02-14,28.5,18.8,0.0
2054-02-15,29.1,18.9,0.0
2054-02-16,29.1,17.8,0.0
2054-02-17,30.7,16.9,0.0
2054-02-18,30.4,18.9,0.0
2054-02-19,30.7,18.7,0.0
2054-02-20,29.4,19.1,0.0
2054-02-21,29.2,19.0,13.5
2054-02-22,30.4,19.436620939083525,3.613888888888889
2054-02-23,29.1,19.0,4.2
2054-02-24,32.0,19.0,0.0
2054-02-25,32.461579261025,20.183035944513115,1.6
2054-02-26,32.09901337571182,19.489714615671218,0.9
2054-02-27,31.7,19.0,1.8
2054-02-28,30.5,19.2,2.4
2054-03-01,30.9,18.5,4.5
2054-03-02,29.9,18.8,29.512625121085033
2054-03-03,27.5,18.5670878529436,28.941233451727495
2054-03-04,27.4,18.6,57.43034864581779
2054-03-05,30.0,18.9,61.10653897950024
2054-03-06,23.003944020356233,18.0,58.44533592697895
2054-03-07,22.05736434108527,17.9,31.228608330642615
2054-03-08,22.8,17.9,5.10139431121026
2054-03-09,23.7,18.3,1.5
2054-03-10,22.7,18.4,9.90529141104295
2054-03-11,22.166925064599482,18.4,20.99386503067486
2054-03-12,26.5,18.7,0.0
2054-03-13,26.9,16.8,0.0
2054-03-14,27.6,16.0,0.0
2054-03-15,28.0,16.1,1.4
2054-03-16,23.7,18.5,24.575898334794044
2054-03-17,27.6,18.3,0.2
2054-03-18,28.6,18.4,2.7024539877300624
2054-03-19,28.1,18.3,18.510429447852772
2054-03-20,27.3,18.0,2.8
2054-03-21,29.5,17.8,2.3
2054-03-22,27.5,17.9,14.395092024539892
2054-03-23,25.6,18.6,0.0
2054-03-24,23.6,18.2,0.0
2054-03-25,25.5,17.6,0.0
2054-03-26,26.9,17.0,0.0
2054-03-27,27.1,16.2,0.0
2054-03-28,27.5,16.8,0.0
2054-03-29,24.9,16.1,4.332883435582824
2054-03-30,24.0,18.0,2.8
2054-03-31,24.3,18.3,0.9
2054-04-01,26.8,18.235398230088496,0.0
2054-04-02,26.6,19.0,0.0
2054-04-03,27.0,18.4,0.0
2054-04-04,27.9,16.3,0.0
2054-04-05,27.29397590361446,15.7,0.0
2054-04-06,28.4,16.416666666666668,0.0
2054-04-07,29.0,17.427683615819205,0.0
2054-04-08,27.2,18.4,0.0
2054-04-09,20.466020408163264,16.3,17.56172043010753
2054-04-10,27.4,14.9,0.0
2054-04-11,29.5,14.3891891891892,0.0
2054-04-12,30.7,15.6,0.0
2054-04-13,27.0,18.6,0.0
2054-04-14,26.2,17.2,0.0
2054-04-15,26.0,15.0,0.0
2054-04-16,25.0,12.9,0.0
2054-04-17,24.0,11.6,0.0
2054-04-18,24.0,10.7,0.0
2054-04-19,24.0,10.6,0.0
2054-04-20,21.36915422885572,11.9,0.8
2054-04-21,21.831590413943353,14.2,1.6
2054-04-22,21.071063829787235,13.0,1.2
2054-04-23,24.9,12.087349397590378,0.0
2054-04-24,25.0,12.5,0.0
2054-04-25,25.7,11.5,0.0
2054-04-26,24.9,11.947474747474764,0.0
2054-04-27,24.296791443850267,14.4,0.0
2054-04-28,25.7,12.0,0.0
2054-04-29,26.669999999999998,10.7,0.0
2054-04-30,25.5,13.7,0.0
2054-05-01,24.8,12.5,0.0
2054-05-02,24.0,14.0,0.0
2054-05-03,24.2,13.0,0.0
2054-05-04,24.2,10.7,0.0
2054-05-05,24.062841765339073,10.0,0.0
2054-05-06,24.6,9.6,0.0
2054-05-07,24.7,12.4,0.0
2054-05-08,25.6,9.6,0.0
2054-05-09,27.8,8.7,0.0
2054-05-10,28.7,10.9,0.0
2054-05-11,28.6,12.4,0.0
2054-05-12,28.9,11.3,0.0
2054-05-13,28.0,12.2,0.0
2054-05-14,25.3,12.7,0.0
2054-05-15,22.6,11.9,0.0
2054-05-16,26.0,10.2,0.0
2054-05-17,27.0,9.1,0.0
2054-05-18,24.8,12.1,0.0
2054-05-19,22.2,12.0,0.5399999999999999
2054-05-20,24.6,12.1826551847865,0.0
2054-05-21,24.7,9.6,0.0
2054-05-22,26.843642626480086,9.75961248654467,0.0
2054-05-23,28.0,8.9,0.0
2054-05-24,25.8,11.7,0.0
2054-05-25,23.7,10.0,0.0
2054-05-26,23.9,9.9,0.0
2054-05-27,22.8,8.5,0.0
2054-05-28,22.8,6.740566250281622,0.0
2054-05-29,24.0,6.5,0.0
2054-05-30,25.0,7.0,0.0
2054-05-31,25.0,6.570974763784235,0.0
2054-06-01,25.5,8.6,0.0
2054-06-02,24.0,8.4,0.0
2054-06-03,23.8,8.2,0.0
2054-06-04,23.9,6.5,0.0
2054-06-05,25.0,5.688576419735578,0.0
2054-06-06,27.10734458039797,5.6,0.0
2054-06-07,28.5,7.470584887601212,0.0
2054-06-08,28.5,9.7,0.0
2054-06-09,27.6,11.5,0.0
2054-06-10,26.0,11.9,0.0
2054-06-11,25.4,10.8,0.0
2054-06-12,26.7,9.4,0.0
2054-06-13,28.6,9.50759080971194,0.0
2054-06-14,29.0,9.5,0.0
2054-06-15,30.4,9.4,0.0
2054-06-16,29.99720600917374,12.2,0.0
2054-06-17,27.7,14.0,0.0
2054-06-18,24.4,11.9,0.0
2054-06-19,25.0,13.0,0.0
2054-06-20,24.8,13.5,0.0
2054-06-21,25.5,12.7,0.0
2054-06-22,26.3,11.4,0.0
2054-06-23,26.9,10.7,0.0
2054-06-24,24.7,10.9,0.0
2054-06-25,23.006933629959214,8.5,0.0
2054-06-26,24.047976918798668,7.770951851263307,0.0
2054-06-27,24.4,10.0,0.0
2054-06-28,25.2,9.4,0.0
2054-06-29,25.925150961385672,8.3,0.0
2054-06-30,25.0,9.3,0.0
2054-07-01,24.0,11.0,0.0
2054-07-02,22.01846071044133,11.7,0.0
2054-07-03,23.7,8.3,0.0
2054-07-04,23.9,6.5,0.0
2054-07-05,24.187264816022065,6.7,0.0
2054-07-06,23.3,8.3,0.0
2054-07-07,22.1,9.5,0.0
2054-07-08,23.5,7.4,0.0
2054-07-09,25.7,9.0,0.0
2054-07-10,26.8,10.3,0.0
2054-07-11,26.7,11.658269707362246,0.0
2054-07-12,26.2,12.2,0.0
2054-07-13,26.5,11.3,0.0
2054-07-14,27.2,11.2,0.0
2054-07-15,26.9,12.1,0.0
2054-07-16,25.6,12.4,0.0
2054-07-17,22.0,11.6,0.0
2054-07-18,23.7,11.2,0.0
2054-07-19,26.2,11.1,0.0
2054-07-20,26.2,12.0,0.0
2054-07-21,23.7,11.3,0.0
2054-07-22,18.13405762635492,12.9,0.0
2054-07-23,25.0,10.9,0.0
2054-07-24,27.1,11.1,0.0
2054-07-25,28.2,12.2,0.0
2054-07-26,29.0,13.052235865063572,0.0
2054-07-27,27.1,15.1,0.0
2054-07-28,25.4,12.411182872862096,0.0
2054-07-29,26.0,10.7,0.0
2054-07-30,26.3,11.4,0.0
2054-07-31,25.5,11.2,0.0
2054-08-01,24.120182992465015,9.9,0.0
2054-08-02,24.5,10.9,0.0
2054-08-03,20.9,9.4,0.0
2054-08-04,23.6,8.426624389635109,0.0
2054-08-05,25.0,7.4,0.0
2054-08-06,28.8,7.550230833632341,0.0
2054-08-07,31.4,8.9,0.0
2054-08-08,31.4,12.5,0.0
2054-08-09,31.9,13.2,0.0
2054-08-10,30.2,15.6,0.0
2054-08-11,28.4,13.7,0.0
2054-08-12,27.9,12.9,0.0
2054-08-13,27.1,13.4,0.0
2054-08-14,27.5,12.6,0.0
2054-08-15,27.0,13.5,0.0
2054-08-16,26.7,11.387948012598171,0.0
2054-08-17,28.5,9.0,0.0
2054-08-18,28.3,12.8,0.0
2054-08-19,27.9,13.7,0.0
2054-08-20,28.8,13.6,0.0
2054-08-21,30.5,14.0,0.0
2054-08-22,31.2,14.5,0.0
2054-08-23,29.6,17.2,0.0
2054-08-24,28.5,15.44247697643822,0.0
2054-08-25,28.8,14.6,0.0
2054-08-26,30.493217098181404,14.4,0.0
2054-08-27,31.9,14.5,0.0
2054-08-28,31.9,17.7,0.0
2054-08-29,30.5,16.4,0.0
2054-08-30,31.0,14.5,0.0
2054-08-31,31.9,15.2,0.0
2054-09-01,32.2,15.6,0.0
2054-09-02,31.9,17.0,0.0
2054-09-03,30.2,17.0,0.0
2054-09-04,30.9,14.4,0.0
2054-09-05,32.0,14.5,0.0
2054-09-06,32.0,17.0,0.0
2054-09-07,31.7,15.5,0.0
2054-09-08,32.0,16.2,0.0
2054-09-09,31.0,17.7,0.0
2054-09-10,29.2,17.674829175274123,0.0
2054-09-11,29.6,16.3,0.0
2054-09-12,30.9,15.4,0.0
2054-09-13,31.7,16.7,0.0
2054-09-14,32.7,16.9,0.0
2054-09-15,33.4,17.0,0.0
2054-09-16,34.2,17.5,0.0
2054-09-17,34.6,17.8,0.0
2054-09-18,34.4,20.0007891910552,0.0
2054-09-19,33.7,20.217901783875096,0.0
2054-09-20,31.6,20.2,0.0
2054-09-21,30.9,17.8,0.0
2054-09-22,31.9,17.4,0.0
2054-09-23,33.2,16.4,0.0
2054-09-24,34.4,17.5,0.0
2054-09-25,30.8,20.0,0.0
2054-09-26,30.2,17.8,0.0
2054-09-27,30.7,16.3,0.0
2054-09-28,32.3,15.6,0.0
2054-09-29,33.7,15.6,0.0
2054-09-30,32.5,18.8,0.0
2054-10-01,19.71957869918672,16.6,0.0
2054-10-02,19.931321821225918,13.6,0.0
2054-10-03,20.60237792347588,11.247222074198808,0.0
2054-10-04,28.0,8.691921347968698,0.0
2054-10-05,29.9,14.8,0.0
2054-10-06,30.4,14.9,0.0
2054-10-07,32.9,14.22978112665949,0.0
2054-10-08,34.5,11.9,0.0
2054-10-09,33.7,18.0,0.0
2054-10-10,30.7,18.3,0.0
2054-10-11,30.0,17.9,0.0
2054-10-12,31.9,17.0,0.0
2054-10-13,33.5,17.2,0.0
2054-10-14,33.3,20.1,0.0
2054-10-15,33.6,21.2,0.0
2054-10-16,34.2,20.4,0.0
2054-10-17,32.6,20.44311087190526,0.0
2054-10-18,32.2,19.0,0.0
2054-10-19,33.5,17.9,0.0
2054-10-20,34.3,17.7,0.0
2054-10-21,33.4,18.0,0.0
2054-10-22,30.2,18.2,0.0
2054-10-23,32.5,16.5,0.0
2054-10-24,34.9,17.5,0.0
2054-10-25,36.3,19.6,0.0
2054-10-26,37.05003130905919,20.5,0.0
2054-10-27,37.03395755967164,21.6,0.0
2054-10-28,33.3,21.5,0.0
2054-10-29,34.2,20.0,0.0
2054-10-30,36.6,20.0,0.0
2054-10-31,38.856787109375,20.7,0.0
2054-11-01,40.484619140625,21.3,0.0
2054-11-02,40.4140625,21.3,0.0
2054-11-03,40.435302734375,20.7,0.0
2054-11-04,39.54638671875,22.3,0.0
2054-11-05,36.49116995396872,21.3,0.0
2054-11-06,37.85751102295722,21.9,0.0
2054-11-07,35.81820261506496,20.6,1.3
2054-11-08,36.4,18.754450464674015,0.0
2054-11-09,35.291889978764274,19.9,0.0
2054-11-10,35.2,20.3,0.0
2054-11-11,32.2,19.5,0.0
2054-11-12,32.400593251761215,18.1,0.0
2054-11-13,34.59133224950799,18.0,0.0
2054-11-14,35.6,19.2,0.0
2054-11-15,37.42268599097035,21.3,0.0
2054-11-16,36.8,20.4,0.0
2054-11-17,36.0,21.2,0.0
2054-11-18,36.419364334355244,20.4,0.0
2054-11-19,34.0,20.0,2.1726778656126484
2054-11-20,30.0,18.788469266927418,5.907114624505927
2054-11-21,29.0,18.7,8.856070016939583
2054-11-22,28.0,18.137149301693245,15.916106719367589
2054-11-23,24.976683826128944,17.6,5.573913043478259
2054-11-24,27.0,17.2,15.421531100478468
2054-11-25,28.057677254562684,18.5,8.3
2054-11-26,28.7,17.9,39.00400646784039
2054-11-27,25.4,17.995573140338774,70.64734299516898
2054-11-28,23.5,17.6,63.89996959562176
2054-11-29,23.2,18.0,2.772727272727272
2054-11-30,23.36797103286899,17.5,2.1
2054-12-01,26.7,17.9,0.0
2054-12-02,27.274461786867597,18.5,0.2
2054-12-03,27.5,18.9,1.9
2054-12-04,28.2,18.6,7.6
2054-12-05,27.1,18.8,23.8
2054-12-06,26.871399299503313,18.5,0.0
2054-12-07,28.6,17.4,0.0
2054-12-08,29.9,16.5,0.0
2054-12-09,29.4,16.0,0.0
2054-12-10,28.0,19.5,0.0
2054-12-11,29.4,19.0,0.0
2054-12-12,29.8,19.2,0.0
2054-12-13,29.0,19.5,0.0
2054-12-14,29.7,19.4,2.0
2054-12-15,29.2,19.0,0.0
2054-12-16,29.9,18.3,3.6
2054-12-17,29.2,19.0,17.0
2054-12-18,26.527075432640554,18.9,38.3
2054-12-19,26.2,19.0,1.7
2054-12-20,27.6,19.2,8.7
2054-12-21,27.0,18.6,8.9
2054-12-22,27.9,18.7,1.7
2054-12-23,28.6,18.9,1.3
2054-12-24,27.8,19.0,43.1
2054-12-25,29.9,19.2,0.0
2054-12-26,24.0,18.8,69.38039215686268
2054-12-27,24.0,17.7,5.57142857142857
2054-12-28,26.5,16.7,0.0
2054-12-29,28.7,18.9,7.0
2054-12-30,25.0,18.6,10.2
2054-12-31,27.4,18.6,30.366666666666667
2055-01-01,26.0,18.7,29.190205607476635
2055-01-02,28.3,19.0,0.0
2055-01-03,28.5,17.9,0.0
2055-01-04,29.1,17.7,0.0
2055-01-05,30.0,17.3,0.0
2055-01-06,29.6,18.8,1.8
2055-01-07,28.0,18.5,1.3
2055-01-08,27.3,18.8,9.4
2055-01-09,29.2,18.7,35.76963655244028
2055-01-10,30.4,18.7,0.20224299065420565
2055-01-11,30.5,19.772742698830044,0.0
2055-01-12,29.4,19.2,5.063738317757011
2055-01-13,24.78057204367215,18.7,9.9
2055-01-14,28.6,17.8,9.9
2055-01-15,28.7,16.5,9.072897196261692
2055-01-16,26.9,18.9,22.06224299065422
2055-01-17,25.6,18.9,19.0
2055-01-18,27.2,18.9,23.06447160316319
2055-01-19,24.7,18.7,10.7
2055-01-20,26.8,18.8,15.42990654205609
2055-01-21,25.7,18.8,14.0
2055-01-22,27.09034909210909,18.5,32.875817757009365
2055-01-23,28.0,18.5,10.0
2055-01-24,28.0,18.4,20.108785046728975
2055-01-25,30.1,18.7,40.956635514018686
2055-01-26,25.7,17.8,16.98317757009346
2055-01-27,30.0,17.4,64.21434579439281
2055-01-28,24.8,18.6,13.830841121495332
2055-01-29,26.1,18.4,2.2
2055-01-30,26.9,18.0,0.0
2055-01-31,28.4,18.1,0.0
2055-02-01,28.6,17.4,0.0
2055-02-02,29.6,17.4,1.3
2055-02-03,27.9,18.6,2.4
2055-02-04,24.9,18.7,6.3
2055-02-05,29.0,18.2,20.16481481481483
2055-02-06,28.7,18.4,18.643750000000008
2055-02-07,28.2,18.8,17.4
2055-02-08,28.6,18.7,21.13530701754386
2055-02-09,27.6,18.8,4.4
2055-02-10,27.1,18.874735340667062,0.0
2055-02-11,29.33795689312674,17.3,0.8
2055-02-12,30.9,16.5,0.0
2055-02-13,29.610919852650692,17.9,0.6
2055-02-14,30.0,17.3,4.8
2055-02-15,29.1,18.6,21.0
2055-02-16,29.6,18.7,25.47847222222222
2055-02-17,28.5,18.9,0.9
2055-02-18,29.3,18.4,0.0
2055-02-19,28.3,19.20428934056537,0.0
2055-02-20,31.0,19.341644080240346,0.0
2055-02-21,29.9,19.7,8.93611111111111
2055-02-22,28.4,18.71984571335585,6.0
2055-02-23,28.8,18.1,9.2
2055-02-24,27.9,18.8,2.5
2055-02-25,25.350887088815163,16.8,21.24555555555556
2055-02-26,23.5,16.9,83.59250000000002
2055-02-27,22.023148722023574,17.6,4.8
2055-02-28,26.9,16.9,0.0
2055-03-01,25.6,18.0,0.0
2055-03-02,26.3,15.7,0.0
2055-03-03,27.1,14.2,0.0
2055-03-04,27.8,14.4,0.0
2055-03-05,27.7,14.341347994978038,0.0
2055-03-06,26.9,16.9,0.0
2055-03-07,25.56268656716418,17.9,0.0
2055-03-08,26.4,16.2,0.0
2055-03-09,27.7,16.2,0.0
2055-03-10,27.9,14.6,0.0
2055-03-11,27.0,16.8,0.0
2055-03-12,28.2,16.8,0.0
2055-03-13,29.2,15.2,0.0
2055-03-14,29.9,14.3,0.0
2055-03-15,30.7,14.1,0.0
2055-03-16,30.4,17.2,0.0
2055-03-17,29.03870967741936,19.04054743964324,0.0
2055-03-18,27.4,17.9,0.0
2055-03-19,27.5,18.2,0.0
2055-03-20,27.2,18.7,0.0
2055-03-21,29.0,18.8,0.0
2055-03-22,29.8,19.770713083031623,0.0
2055-03-23,30.6,18.1,0.0
2055-03-24,30.8,17.1,0.0
2055-03-25,29.5,18.9,0.0
2055-03-26,29.0,17.4,0.0
2055-03-27,29.6,16.663828148939675,0.0
2055-03-28,30.4,16.4,0.0
2055-03-29,30.3,17.7,0.0
2055-03-30,31.4,16.2,0.0
2055-03-31,29.9,18.193671608798926,1.5
2055-04-01,27.2,17.921774193548387,7.413333333333332
2055-04-02,27.68428571428571,15.5,0.0
2055-04-03,27.7,15.4,0.0
2055-04-04,27.6,15.0,0.0
2055-04-05,28.840000000000003,13.4,0.0
2055-04-06,30.0,14.0,0.0
2055-04-07,29.8,16.0,0.0
2055-04-08,28.3,17.0125,0.0
2055-04-09,30.0,16.9,0.0
2055-04-10,30.0,15.9,0.0
2055-04-11,28.9,16.6,0.0
2055-04-12,29.0,15.853846153846149,0.0
2055-04-13,28.6,16.9,0.0
2055-04-14,28.6,16.1,0.0
2055-04-15,28.9,18.816283348666058,0.0
2055-04-16,30.2,19.4,0.0
2055-04-17,30.6,18.7,0.0
2055-04-18,29.9,18.9,0.0
2055-04-19,29.2,17.8,0.0
2055-04-20,30.0,16.7,0.0
2055-04-21,31.1,16.8,0.0
2055-04-22,31.5,17.6,0.0
2055-04-23,30.7,18.2,0.0
2055-04-24,29.5,17.6,0.0
2055-04-25,28.5,15.7,0.0
2055-04-26,29.2,15.7,0.0
2055-04-27,29.4,16.4,0.0
2055-04-28,28.6,16.0,0.0
2055-04-29,30.2,15.9,0.0
2055-04-30,32.0,16.2,0.0
2055-05-01,31.75309932001364,17.0,0.0
2055-05-02,30.899717760003288,16.9,0.0
2055-05-03,30.272500045611277,15.823506846159622,0.0
2055-05-04,30.5,15.9,0.0
2055-05-05,29.2,16.7,0.0
2055-05-06,29.0,15.2,0.0
2055-05-07,30.7,15.3,0.0
2055-05-08,31.9,16.7,0.0
2055-05-09,33.99384765625,17.9,0.0
2055-05-10,31.7,19.251971110705668,0.0
2055-05-11,23.9,16.9,0.6
2055-05-12,26.8,14.7,0.0
2055-05-13,26.4,12.9,0.0
2055-05-14,27.5,10.9,0.0
2055-05-15,28.6,14.095385719411537,0.0
2055-05-16,31.635273322709885,16.2,0.0
2055-05-17,32.0539331497351,16.31275789379259,0.0
2055-05-18,33.8537109375,17.542660697609747,0.0
2055-05-19,30.769174966029297,17.84158060348157,0.0
2055-05-20,27.2,15.5,0.0
2055-05-21,27.6,12.5,0.0
2055-05-22,29.574309567046548,11.7,0.0
2055-05-23,30.707869281141623,10.6,0.0
2055-05-24,31.6763549536731,12.1,0.0
2055-05-25,28.0,15.8,0.0
2055-05-26,22.5,15.2,1.2285714285714286
2055-05-27,27.2,12.0,0.0
2055-05-28,28.0,12.2,0.0
2055-05-29,27.9,12.2,0.0
2055-05-30,28.8,11.7,0.0
2055-05-31,28.0,12.4,0.0
2055-06-01,25.7,14.1,0.0
2055-06-02,25.3,13.260420980576717,0.0
2055-06-03,25.6,16.46481883782201,0.0
2055-06-04,24.2,14.827887931034505,0.0
2055-06-05,25.5,13.0,0.0
2055-06-06,25.0,13.8,0.0
2055-06-07,24.1,11.4,0.0
2055-06-08,23.5,9.0,0.0
2055-06-09,24.5,7.9,0.0
2055-06-10,25.0,8.9,0.0
2055-06-11,25.7,10.4,0.0
2055-06-12,26.6,11.2,0.0
2055-06-13,27.7,11.7,0.0
2055-06-14,27.7,11.0,0.0
2055-06-15,27.5,9.6,0.0
2055-06-16,27.3,10.9,0.0
2055-06-17,25.5,10.9,0.0
2055-06-18,24.9,10.0,0.0
2055-06-19,25.8,9.5,0.0
2055-06-20,26.9,8.9,0.0
2055-06-21,27.7,7.6,0.0
2055-06-22,27.0,10.2,0.0
2055-06-23,26.2,10.2,0.0
2055-06-24,26.0,8.4,0.0
2055-06-25,25.6,8.4,0.0
2055-06-26,26.0,7.0,0.0
2055-06-27,24.4,10.6,0.0
2055-06-28,23.4,8.2,0.0
2055-06-29,23.0,8.2,0.0
2055-06-30,21.2,9.0,0.0
2055-07-01,24.7,6.4,0.0
2055-07-02,26.9,7.1,0.0
2055-07-03,24.0,12.2,0.0
2055-07-04,23.9,10.0,0.0
2055-07-05,22.3,12.4,0.0
2055-07-06,25.2,9.2,0.0
2055-07-07,26.6,11.09973858219283,0.0
2055-07-08,24.0,12.0,0.0
2055-07-09,21.7,10.5,0.0
2055-07-10,24.0,13.0,0.0
2055-07-11,21.5,13.0,0.0
2055-07-12,22.0,13.1,0.0
2055-07-13,22.7,10.327879440258336,0.0
2055-07-14,22.468269054057597,11.4,0.0
2055-07-15,19.9,10.972766415500535,0.0
2055-07-16,24.5,7.9,0.0
2055-07-17,28.382667405599538,9.9,0.0
2055-07-18,29.0,9.9,0.0
2055-07-19,28.2,11.6,0.0
2055-07-20,25.2,13.5,0.0
2055-07-21,25.0,11.0,0.0
2055-07-22,25.3,10.2,0.0
2055-07-23,28.5,9.500399065346949,0.0
2055-07-24,28.7,11.0,0.0
2055-07-25,29.47793680668801,12.9,0.0
2055-07-26,29.2,14.996454627778613,0.0
2055-07-27,26.7,15.569420188200967,0.0
2055-07-28,28.976537598031666,15.3,0.0
2055-07-29,29.5,16.190724227231858,0.0
2055-07-30,29.454465557582342,16.16434342339275,0.0
2055-07-31,27.6,15.561253423151257,0.0
2055-08-01,26.5,13.8,0.0
2055-08-02,26.5,12.2,0.0
2055-08-03,26.5,12.3,0.0
2055-08-04,27.0,10.9,0.0
2055-08-05,27.8,12.2,0.0
2055-08-06,28.8,13.0,0.0
2055-08-07,31.0,13.0,0.0
2055-08-08,32.19110365351738,13.2,0.0
2055-08-09,30.9,17.2,0.0
2055-08-10,29.0,16.1,0.0
2055-08-11,31.4,14.8,0.0
2055-08-12,32.197647692015444,13.9,0.0
2055-08-13,32.388893813714915,16.9,0.0
2055-08-14,32.23405939340212,16.9,0.0
2055-08-15,33.2,15.5,0.0
2055-08-16,32.31073576901157,17.39032919182889,0.0
2055-08-17,32.37296587095548,16.0,0.0
2055-08-18,33.22100930792122,15.0,0.0
2055-08-19,30.5,18.89898939343036,0.0
2055-08-20,30.9,16.9,0.0
2055-08-21,31.4,14.8,0.0
2055-08-22,31.9,12.867959615455993,0.0
2055-08-23,33.88168360688524,11.9,0.0
2055-08-24,38.90576171875,13.7,0.0
2055-08-25,38.080078125,17.7,0.0
2055-08-26,38.80419921875,18.708919141391725,0.0
2055-08-27,40.452880859375,19.082793588700145,0.0
2055-08-28,33.267258550352324,26.7548828125,0.0
2055-08-29,31.9,18.9534292794448,0.0
2055-08-30,33.09240694578211,19.0,0.0
2055-08-31,31.6,18.996139174436337,0.0
2055-09-01,30.259596248083458,14.9,0.0
2055-09-02,30.6,15.2,0.0
2055-09-03,31.3,16.0,0.0
2055-09-04,32.3,16.9,0.0
2055-09-05,33.5,17.312794577954836,0.0
2055-09-06,34.6,17.8,0.0
2055-09-07,31.5,20.0,0.0
2055-09-08,31.7,17.5,0.0
2055-09-09,33.1,17.6,0.0
2055-09-10,34.2,18.0,0.0
2055-09-11,34.2,18.5,0.0
2055-09-12,35.34729849645674,18.136999115377556,0.0
2055-09-13,35.99592272789112,20.0,0.0
2055-09-14,31.0,19.956008684348074,0.0
2055-09-15,30.2,17.3,0.0
2055-09-16,32.0,16.3,0.0
2055-09-17,30.2,18.6,0.0
2055-09-18,27.5,16.9,0.0
2055-09-19,28.6,14.9,0.0
2055-09-20,30.3,14.808607447428363,0.0
2055-09-21,31.6,15.5,0.0
2055-09-22,33.0,16.4,0.0
2055-09-23,33.7,17.6,0.0
2055-09-24,33.4,19.0,0.0
2055-09-25,33.2,19.3,0.0
2055-09-26,33.0,18.366752231824538,0.0
2055-09-27,33.5,17.4,0.0
2055-09-28,33.5,17.8,0.0
2055-09-29,31.8,18.3,0.0
2055-09-30,32.0,16.4,0.0
2055-10-01,30.5,14.2,0.0
2055-10-02,30.9,15.6,0.0
2055-10-03,32.7,15.6,0.0
2055-10-04,32.2,18.2,0.0
2055-10-05,30.1,17.3,0.0
2055-10-06,32.0,16.5,0.0
2055-10-07,33.0,17.9,0.0
2055-10-08,32.0,17.8,0.0
2055-10-09,33.5,17.1,0.0
2055-10-10,34.0,18.61911543784525,0.0
2055-10-11,34.4,18.4,0.0
2055-10-12,34.6,18.4,0.0
2055-10-13,34.0,18.2,0.0
2055-10-14,34.0,18.6,0.0
2055-10-15,33.3,19.6,0.0
2055-10-16,32.9,19.28297228202367,0.0
2055-10-17,33.7,18.7,0.0
2055-10-18,35.1,20.0,0.0
2055-10-19,36.31227576801041,21.9,0.0
2055-10-20,38.169997505913784,22.6,0.0
2055-10-21,36.4,22.242171068974077,0.0
2055-10-22,32.0,21.0,0.0
2055-10-23,29.9,19.2,0.0
2055-10-24,31.0,17.9,0.0
2055-10-25,33.1,18.2,0.0
2055-10-26,33.5,19.049987579696946,0.0
2055-10-27,35.5,19.0,0.0
2055-10-28,36.4,20.843066836285335,0.0
2055-10-29,36.6,21.5,0.0
2055-10-30,35.8,21.0,0.0
2055-10-31,35.0,20.6,0.0
2055-11-01,34.2,19.3,0.0
2055-11-02,34.7,19.0,0.0
2055-11-03,34.0,19.0,0.0
2055-11-04,34.0,19.0,0.0
2055-11-05,33.87348992420519,18.6,0.0
2055-11-06,36.2,18.277067514629778,0.0
2055-11-07,38.59240728180355,19.5,0.0
2055-11-08,36.5,19.220317438022338,0.0
2055-11-09,36.4,19.4,0.0
2055-11-10,35.6,19.5,0.0
2055-11-11,36.2,18.7,0.0
2055-11-12,36.2,19.7,0.0
2055-11-13,35.6,20.1,0.0
2055-11-14,35.6,20.3,0.0
2055-11-15,36.396686240525646,20.671265979913276,0.0
2055-11-16,36.0,20.3,0.0
2055-11-17,36.0,20.3,0.0
2055-11-18,37.31942665954296,20.5,0.0
2055-11-19,36.43565795780316,21.3,0.0
2055-11-20,35.0,21.5,0.0
2055-11-21,35.7,20.7,0.0
2055-11-22,36.55455709596028,20.5,0.0
2055-11-23,40.48828125,21.3,0.0
2055-11-24,39.869384765625,23.02154263589083,0.0
2055-11-25,39.689697265625,23.045121311100896,0.0
2055-11-26,38.132245041916455,24.795751953125,0.0
2055-11-27,35.2,24.515234375,0.0
2055-11-28,32.6,22.225003588216303,0.0
2055-11-29,32.1,19.9,0.0
2055-11-30,32.9,19.6,0.0
2055-12-01,32.99428609345738,19.7,0.0
2055-12-02,32.54850128343129,20.2,0.0
2055-12-03,32.03910022979028,19.5,1.0
2055-12-04,31.6,19.2,1.0
2055-12-05,31.6,19.47019751880299,5.0
2055-12-06,30.3,19.0,4.0
2055-12-07,32.1,19.0,0.0
2055-12-08,32.143180141928795,18.4,0.0
2055-12-09,32.9,19.2,0.0
2055-12-10,32.2498915655689,20.175790992985593,1.0
2055-12-11,31.7,19.2,5.025
2055-12-12,30.8,19.479658399621034,7.0
2055-12-13,29.0,19.4,34.02105263157895
2055-12-14,28.6,19.7,26.0
2055-12-15,26.5,19.4,30.0
2055-12-16,28.7,19.4,9.3
2055-12-17,30.1,19.0,25.299999999999997
2055-12-18,24.2,19.0,62.454545454545524
2055-12-19,25.9,18.5,2.4
2055-12-20,23.254746457975735,17.6,40.0
2055-12-21,25.478345509928314,19.0,1.1
2055-12-22,26.5,18.4,13.4
2055-12-23,29.5,17.6,0.0
2055-12-24,29.0,18.6,0.0
2055-12-25,30.0,18.3,0.0
2055-12-26,27.0,18.1,7.0
2055-12-27,28.2,19.2,10.418181818181816
2055-12-28,28.2,19.2,42.12
2055-12-29,26.3,19.2,27.705263157894738
2055-12-30,28.75141568660421,19.2,28.3
2055-12-31,25.0,19.0,27.6
2056-01-01,30.4,19.3,41.1767476635514
2056-01-02,28.0,19.329099482263867,26.65177570093458
2056-01-03,25.9,19.0,45.050093457943895
2056-01-04,25.158204285828266,18.9,68.85338653785574
2056-01-05,27.136159975726226,18.7,0.0
2056-01-06,28.7,19.4,34.0
2056-01-07,27.5,19.3,18.953177570093455
2056-01-08,28.6,19.4,49.41357632398752
2056-01-09,25.6,19.0,40.906261682242985
2056-01-10,27.0,19.0,34.0
2056-01-11,27.7,18.94885073668983,39.99565780014378
2056-01-12,26.7,18.9,16.84884735202493
2056-01-13,28.5,19.2,25.531090342679125
2056-01-14,28.1,19.2,16.68934579439252
2056-01-15,30.817095753376975,18.8,1.0
2056-01-16,28.7,19.2,15.8
2056-01-17,29.6,19.2,32.9581308411215
2056-01-18,27.0,18.9,7.7
2056-01-19,28.7,19.3,26.0
2056-01-20,30.0,19.0,40.17731128684399
2056-01-21,27.4,19.2,17.3
2056-01-22,27.8,18.7,0.0
2056-01-23,27.7,18.6,0.0
2056-01-24,27.1,17.0,0.0
2056-01-25,29.3,15.727499380870997,0.0
2056-01-26,30.5,16.0,0.0
2056-01-27,30.6,19.0,7.0
2056-01-28,30.8,19.3,3.5
2056-01-29,29.9,18.7,2.81663551401869
2056-01-30,30.1,18.0,0.0
2056-01-31,30.4,17.877688314794877,0.5
2056-02-01,30.8,18.9,2.8
2056-02-02,30.5,18.8,0.0
2056-02-03,29.942090684752127,18.4,0.0
2056-02-04,31.7,16.5,0.0
2056-02-05,29.6,19.0,0.0
2056-02-06,32.266566169871766,18.9,0.0
2056-02-07,32.9,19.1,1.0
2056-02-08,32.23987147038219,19.1,2.2
2056-02-09,29.7,19.13757268516045,4.5
2056-02-10,29.0,19.1,17.790740740740738
2056-02-11,29.5,19.0,22.4
2056-02-12,28.2,18.9,29.622222222222213
2056-02-13,25.2,18.9,23.408928571428568
2056-02-14,28.1,18.677369534108884,4.0
2056-02-15,31.253893470779396,19.0,12.391666666666667
2056-02-16,29.6,18.9,13.0
2056-02-17,31.514685122579092,19.0,0.0
2056-02-18,31.676184053697998,18.9,1.3
2056-02-19,32.13960270162891,18.8,0.3
2056-02-20,30.6,19.791528655193748,6.121527777777781
2056-02-21,29.228069903874427,19.6753967839409,5.741388888888889
2056-02-22,30.5,19.2,1.8
2056-02-23,31.485477499021524,19.0,1.4125000000000003
2056-02-24,30.8,19.0,4.4
2056-02-25,28.0,18.8,17.302083333333332
2056-02-26,27.9,19.0,2.3
2056-02-27,28.2,18.9,1.4125000000000003
2056-02-28,29.2,18.0,0.0
2056-03-01,30.4,16.9,0.0
2056-03-02,30.811111111111117,19.62191185078623,7.0
2056-03-03,29.5,19.0,2.8886941279579315
2056-03-04,29.2,18.9,0.0
2056-03-05,26.18148148148148,17.9,1.9
2056-03-06,30.1,17.2,2.623312883435584
2056-03-07,30.7,17.720809118216298,0.0
2056-03-08,30.3,17.8,0.0
2056-03-09,29.7,18.6,0.0
2056-03-10,29.2,19.9,0.0
2056-03-11,29.1,18.3,0.0
2056-03-12,25.1,17.0,1.4
2056-03-13,27.0,16.7,9.90529141104295
2056-03-14,27.0,18.8,16.838036809815975
2056-03-15,26.3,18.4,0.0
2056-03-16,26.4,18.5,0.0
2056-03-17,28.7,18.4,0.0
2056-03-18,27.5,18.453951296788944,0.0
2056-03-19,28.7,17.6,4.0
2056-03-20,30.2,16.4,0.0
2056-03-21,28.8,16.9,0.0
2056-03-22,27.5,17.8,9.86610429447853
2056-03-23,28.9,16.6,0.0
2056-03-24,28.9,16.1,0.0
2056-03-25,29.925000000000004,14.5,0.0
2056-03-26,31.3,15.567156458035049,0.0
2056-03-27,32.9,17.2,0.0
2056-03-28,33.413218390804595,17.8,0.0
2056-03-29,31.75,19.3,5.264249860568878
2056-03-30,29.1,18.5,0.0
2056-03-31,28.2,17.3,0.0
2056-04-01,28.33283582089552,15.57571428571429,0.0
2056-04-02,28.6,14.9,0.0
2056-04-03,24.6,16.6,2.8
2056-04-04,28.9,16.0,0.0
2056-04-05,28.6,17.0,0.0
2056-04-06,27.6,18.244247787610618,0.0
2056-04-07,28.5,18.2,0.0
2056-04-08,29.0,18.1747198007472,0.0
2056-04-09,28.9,17.5,0.0
2056-04-10,27.0,15.9,0.0
2056-04-11,28.0,16.254687500000003,0.0
2056-04-12,30.6,15.0,0.0
2056-04-13,27.3,18.8803127874885,0.0
2056-04-14,26.6,18.3,0.0
2056-04-15,24.7,14.135714285714286,0.0
2056-04-16,25.7,12.3,0.0
2056-04-17,27.5,12.8,0.0
2056-04-18,28.6,15.0,0.0
2056-04-19,29.5,15.2,0.0
2056-04-20,30.6,16.838095238095235,0.0
2056-04-21,31.320930232558137,18.0,0.0
2056-04-22,32.4,17.896669838249288,0.0
2056-04-23,30.0,18.4,0.0
2056-04-24,28.5,16.9,0.0
2056-04-25,28.5,15.3,0.0
2056-04-26,29.0969696969697,14.2,0.0
2056-04-27,30.0,12.6,0.0
2056-04-28,29.9,14.4,0.0
2056-04-29,30.2,14.3,0.0
2056-04-30,30.6,16.6,0.0
2056-05-01,31.7,16.021885807205162,0.0
2056-05-02,31.7,15.3,0.0
2056-05-03,31.694879962418007,15.29852522279094,0.0
2056-05-04,31.65267560365206,16.9,0.0
2056-05-05,30.763360063668678,17.9,0.0
2056-05-06,26.2,17.9,1.7470588235294118
2056-05-07,25.5,17.9,1.2714285714285714
2056-05-08,27.3,16.8,0.3
2056-05-09,30.0,16.65552078623134,0.0
2056-05-10,29.9,17.646082919298664,0.0
2056-05-11,31.67120061239697,15.84241119483314,0.0
2056-05-12,31.9,16.5,0.0
2056-05-13,30.7,17.0,0.0
2056-05-14,26.9,15.6,0.0
2056-05-15,26.3,15.6,0.0
2056-05-16,29.6,13.5,0.0
2056-05-17,30.6,14.4,0.0
2056-05-18,31.0,15.2,0.0
2056-05-19,29.2,16.9,0.0
2056-05-20,24.4,16.76382548713779,0.0
2056-05-21,24.8,13.6,0.0
2056-05-22,24.6,11.2,0.0
2056-05-23,24.5,9.6,0.0
2056-05-24,23.5,12.9,0.0
2056-05-25,24.1,11.4,0.0
2056-05-26,24.8,8.0,0.0
2056-05-27,25.3,7.952229614074714,0.0
2056-05-28,26.0,9.0,0.0
2056-05-29,26.5,8.4,0.0
2056-05-30,24.6,11.5,0.0
2056-05-31,16.157634126265222,10.4,1.664705882352941
2056-06-01,23.4,8.9,0.0
2056-06-02,23.2,7.183635663557803,0.0
2056-06-03,23.894610971254608,5.2,0.0
2056-06-04,26.0,5.6,0.0
2056-06-05,28.0,7.9,0.0
2056-06-06,28.0,6.9,0.0
2056-06-07,25.7,11.7,0.0
2056-06-08,23.5,11.5,0.0
2056-06-09,24.70939191694476,8.0,0.0
2056-06-10,26.0,6.7,0.0
2056-06-11,26.0,7.7,0.0
2056-06-12,25.0,10.2,0.0
2056-06-13,25.4,11.2,0.0
2056-06-14,25.956883599737914,9.809956932203878,0.0
2056-06-15,26.3,10.2,0.0
2056-06-16,25.9,9.9,0.0
2056-06-17,26.2,6.1,0.0
2056-06-18,25.4,11.1,0.0
2056-06-19,24.5,8.9,0.0
2056-06-20,25.0,9.5,0.0
2056-06-21,24.9,9.2,0.0
2056-06-22,27.0,8.9,0.0
2056-06-23,28.0,7.530177563547975,0.0
2056-06-24,26.6,8.2,0.0
2056-06-25,24.0,11.5,0.0
2056-06-26,23.5,10.0,0.0
2056-06-27,25.154033467137403,7.927148220244723,0.0
2056-06-28,25.4,6.2,0.0
2056-06-29,25.046094867312885,9.324283391802865,0.0
2056-06-30,26.0,7.9,0.0
2056-07-01,28.2,12.4,0.0
2056-07-02,28.7,13.894959118704627,0.0
2056-07-03,29.0,14.4,0.0
2056-07-04,28.2,14.6,0.0
2056-07-05,21.7,15.0,0.0
2056-07-06,25.5,12.4,0.0
2056-07-07,25.6,12.1,0.0
2056-07-08,25.7,12.1,0.0
2056-07-09,21.423373827464243,12.0,0.0
2056-07-10,23.3,10.716892716182269,0.0
2056-07-11,22.6,11.1,0.0
2056-07-12,22.7,13.4,0.0
2056-07-13,23.0,11.5,0.0
2056-07-14,25.1667451560818,11.835314291436141,0.0
2056-07-15,19.0,11.3,0.0
2056-07-16,25.1,7.591656444789348,0.0
2056-07-17,22.7,13.0,0.0
2056-07-18,17.6,10.6,0.0
2056-07-19,23.7,9.2,0.0
2056-07-20,26.2,9.9,0.0
2056-07-21,27.4,13.1,0.0
2056-07-22,28.1,13.5,0.0
2056-07-23,28.6,11.3,0.0
2056-07-24,26.9,10.4,0.0
2056-07-25,24.9,12.4,0.0
2056-07-26,24.0,11.7,0.0
2056-07-27,27.0,10.0,0.0
2056-07-28,29.0,12.2,0.0
2056-07-29,29.7,15.0,0.0
2056-07-30,31.187717954454836,15.8037706184761,0.0
2056-07-31,31.528759765625,15.3,0.0
2056-08-01,28.1,25.505859375,0.0
2056-08-02,23.7,17.2,0.0
2056-08-03,24.5,15.7,0.0
2056-08-04,25.6,15.0,0.0
2056-08-05,26.4,15.433079177131914,0.0
2056-08-06,26.7,16.9,0.0
2056-08-07,27.2,13.9,0.0
2056-08-08,29.1,13.9,0.0
2056-08-09,30.5,15.5,0.0
2056-08-10,27.5,17.7,0.0
2056-08-11,24.568891280947255,14.6,0.0
2056-08-12,25.70457122353785,16.198836934548034,0.0
2056-08-13,27.7,13.2,0.0
2056-08-14,29.6,14.0,0.0
2056-08-15,28.8,16.9,0.0
2056-08-16,27.2,15.5,0.0
2056-08-17,28.8,13.5,0.0
2056-08-18,30.2,14.5,0.0
2056-08-19,28.2,16.9,0.0
2056-08-20,28.1,14.4,0.0
2056-08-21,29.2,14.4,0.0
2056-08-22,31.1,14.4,0.0
2056-08-23,29.9,15.87240927562353,0.0
2056-08-24,28.8,15.3,0.0
2056-08-25,29.5,15.0,0.0
2056-08-26,30.183853606027984,16.7,0.0
2056-08-27,28.8,16.7,0.0
2056-08-28,29.490480498362455,15.4,0.0
2056-08-29,30.5,14.7,0.0
2056-08-30,31.6,13.6,0.0
2056-08-31,33.320254000416085,13.7,0.0
2056-09-01,28.878101399215502,17.7,0.0
2056-09-02,28.5,14.5,0.0
2056-09-03,31.1,12.0,0.0
2056-09-04,31.7,15.331005210467772,0.0
2056-09-05,29.6,16.469695284322643,0.0
2056-09-06,30.5,14.3,0.0
2056-09-07,32.1,13.928596241813542,0.0
2056-09-08,32.0,16.7,0.0
2056-09-09,31.0,16.4,0.0
2056-09-10,31.6,17.5,0.0
2056-09-11,32.7,17.8,0.0
2056-09-12,33.4,17.8,0.0
2056-09-13,32.1,18.2,0.0
2056-09-14,32.6,17.6,0.0
2056-09-15,33.7,17.2,0.0
2056-09-16,34.6,18.0,0.0
2056-09-17,34.0,19.4,0.0
2056-09-18,33.7,20.0,0.0
2056-09-19,34.9,20.6,0.0
2056-09-20,32.6,22.740911924059606,0.0
2056-09-21,32.0,20.0,0.0
2056-09-22,32.8,18.6,0.0
2056-09-23,33.9,18.2,0.0
2056-09-24,34.66497897392768,18.6,0.0
2056-09-25,33.9,19.28838825245945,0.0
2056-09-26,32.3,19.0,0.0
2056-09-27,32.2,18.7,0.0
2056-09-28,32.7,18.2,0.0
2056-09-29,33.8,18.2,0.0
2056-09-30,34.0,19.4,0.0
2056-10-01,31.1,17.1,0.0
2056-10-02,31.8,14.9,0.0
2056-10-03,26.7836321697678,17.1,0.0
2056-10-04,29.7,14.5,0.0
2056-10-05,32.6,15.5,0.0
2056-10-06,34.59235737351991,16.0,0.0
2056-10-07,36.2,19.0,0.0
2056-10-08,35.3,20.3,0.0
2056-10-09,36.30738958177175,20.1,0.0
2056-10-10,38.37832491011515,19.8,0.0
2056-10-11,37.2,21.9,0.0
2056-10-12,36.0,21.8,0.0
2056-10-13,38.0,21.0,0.0
2056-10-14,35.6,22.0,0.0
2056-10-15,35.6,20.4,0.0
2056-10-16,36.0,20.4,0.0
2056-10-17,34.4,20.3,0.0
2056-10-18,35.2,19.6,0.0
2056-10-19,36.0,20.4,0.0
2056-10-20,36.3,20.864277326548574,0.0
2056-10-21,38.0,20.6,0.0
2056-10-22,36.32107090323998,22.0,0.0
2056-10-23,35.8,20.9,0.0
2056-10-24,35.5,21.0,0.0
2056-10-25,34.7,21.0,0.0
2056-10-26,37.0,20.2,0.0
2056-10-27,38.819677734375,20.5,0.0
2056-10-28,36.6,23.24538030264617,0.0
2056-10-29,35.5,21.5,0.0
2056-10-30,36.3,21.0,0.0
2056-10-31,38.373188632891264,21.392276819766312,0.0
2056-11-01,40.41259765625,21.9,0.0
2056-11-02,39.6162109375,21.7,0.0
2056-11-03,39.639892578125,21.33235669627447,0.0
2056-11-04,39.8916015625,21.3,0.0
2056-11-05,39.574951171875,20.4,0.0
2056-11-06,40.703369140625,20.017587676034168,0.0
2056-11-07,39.90966796875,23.398841371365005,0.0
2056-11-08,35.7,21.3,0.0
2056-11-09,36.3,20.3,0.0
2056-11-10,36.81981781559088,21.2,0.0
2056-11-11,36.0,20.9,0.0
2056-11-12,32.5,20.66720833131822,0.0
2056-11-13,31.7,19.1,1.9
2056-11-14,32.6,19.0,0.0
2056-11-15,33.0,19.9,0.0
2056-11-16,33.6,20.07569626629169,0.0
2056-11-17,35.4,21.202304588873005,0.0
2056-11-18,32.1,24.064794921875,0.0
2056-11-19,31.7,20.3,0.0
2056-11-20,30.3,21.7,0.0
2056-11-21,30.5,24.117041015625,0.0
2056-11-22,32.1,22.295691547909552,0.0
2056-11-23,31.6,23.034016515679383,0.0
2056-11-24,32.69169578784686,22.3,0.0
2056-11-25,31.9,21.9,0.0
2056-11-26,32.1,20.4,7.9932806324110635
2056-11-27,29.16866720598645,18.5,20.39407114624506
2056-11-28,27.5,18.2,33.05691699604741
2056-11-29,28.7,18.7,10.452456239412761
2056-11-30,29.2,18.1,0.0
2056-12-01,28.5,19.2,1.3
2056-12-02,28.0,19.2,2.5
2056-12-03,30.0,19.0,0.9
2056-12-04,28.6,19.0,0.0
2056-12-05,29.8,18.9,0.0
2056-12-06,30.0,19.2,1.1
2056-12-07,29.5,19.2,1.7
2056-12-08,26.193107796401648,19.0,35.5
2056-12-09,28.40328310010764,18.7,0.0
2056-12-10,29.8,18.4,0.0
2056-12-11,30.0,18.5,0.0
2056-12-12,29.9,19.7,0.0
2056-12-13,30.5,18.0,0.0
2056-12-14,30.9,17.2,0.0
2056-12-15,31.071457320701477,16.0,0.0
2056-12-16,31.6,16.1,0.0
2056-12-17,32.9,19.0,0.0
2056-12-18,31.647705004002084,20.5,0.0
2056-12-19,31.5,19.9,0.0
2056-12-20,31.0,19.2,3.0
2056-12-21,31.2,19.0,3.3
2056-12-22,31.1,19.4,23.8
2056-12-23,29.0,19.0,23.8
2056-12-24,30.4,19.0,5.05
2056-12-25,30.1,19.0,7.0
2056-12-26,30.2,19.0,32.74444444444445
2056-12-27,29.6,19.0,1.7
2056-12-28,28.7,18.9,9.9
2056-12-29,27.9,19.2,7.6
2056-12-30,28.7,19.4,16.6
2056-12-31,28.2,19.4,10.472727272727274
2057-01-01,29.0,19.122999459054817,7.5
2057-01-02,30.658362888596304,18.8,11.0
2057-01-03,29.8,18.0,0.0
2057-01-04,29.7,17.7,0.0
2057-01-05,31.0,19.4,0.0
2057-01-06,30.0,20.189126290393872,0.0
2057-01-07,29.5,19.3,9.072897196261692
2057-01-08,29.497952354743326,18.6,1.3
2057-01-09,28.802126491070048,17.6,6.2
2057-01-10,28.6,18.4,1.4
2057-01-11,28.7,16.5,0.0
2057-01-12,29.5,17.0,0.0
2057-01-13,29.2,18.1,0.0
2057-01-14,27.78391692522003,17.2,0.0
2057-01-15,27.7,16.2,0.0
2057-01-16,29.5,15.4,0.0
2057-01-17,31.08983732885325,15.4,0.0
2057-01-18,31.236327038044916,16.0,0.0
2057-01-19,31.7,16.916107691005184,0.0
2057-01-20,31.96514232479111,18.9,0.0
2057-01-21,32.6,18.6,0.0
2057-01-22,32.6,20.02951872302699,0.0
2057-01-23,30.0,19.4,15.17588785046729
2057-01-24,26.4,19.0,39.99565780014378
2057-01-25,29.1,19.0,0.0
2057-01-26,30.6,18.3,0.0
2057-01-27,30.1,18.6,0.0
2057-01-28,29.6,18.3,0.0
2057-01-29,30.7,18.9,1.0
2057-01-30,30.0,18.8,16.739719626168224
2057-01-31,25.4,18.6,4.350280373831776
2057-02-01,23.733767941449916,18.0,0.3
2057-02-02,25.8,17.9,0.8
2057-02-03,28.0,17.2,0.0
2057-02-04,30.6,16.5,0.0
2057-02-05,32.3630716009186,16.5,0.0
2057-02-06,32.2826750402534,19.1,0.0
2057-02-07,32.39367845464373,19.0,0.0
2057-02-08,32.1,20.027467271435654,0.3
2057-02-09,31.7,19.2,0.0
2057-02-10,31.9,18.9,0.0
2057-02-11,31.6,18.5,0.0
2057-02-12,30.191256836688094,18.5,0.0
2057-02-13,31.7,18.3,0.0
2057-02-14,32.8902964839094,19.0,0.0
2057-02-15,34.00571209384718,20.04474011738926,0.0
2057-02-16,32.72016971163253,19.5,15.2
2057-02-17,30.8,18.9,29.2
2057-02-18,28.3,18.9,11.0
2057-02-19,29.0,18.9,0.0
2057-02-20,30.0,18.9,4.927777777777777
2057-02-21,30.5,17.4,1.3
2057-02-22,31.861129624674657,19.0,27.45833333333334
2057-02-23,30.0,19.0,13.0
2057-02-24,28.5,18.7,13.0
2057-02-25,30.1,19.0,20.476388888888888
2057-02-26,28.3,18.8,2.4652777777777795
2057-02-27,29.850348210679766,18.9,15.788333333333338
2057-02-28,29.1,18.7,27.593518518518522
2057-03-01,24.0,18.5,50.09938650306766
2057-03-02,28.1,18.9,0.0
2057-03-03,26.5,18.9,0.0
2057-03-04,29.6,18.7,2.485889570552147
2057-03-05,26.5,18.5,6.2650306748466305
2057-03-06,29.016129032258068,18.3,41.149556918882105
2057-03-07,29.5,18.8,31.895092024539878
2057-03-08,27.0,18.7,38.00532694897503
2057-03-09,24.0,18.7,19.237873210633946
2057-03-10,22.786564625850342,18.3,1.8
2057-03-11,24.2,17.6,0.0
2057-03-12,24.6,14.851669237913532,0.0
2057-03-13,24.8,14.5,0.0
2057-03-14,24.9,14.5,0.0
2057-03-15,24.0,13.9,0.0
2057-03-16,25.1,14.5,0.0
2057-03-17,26.0,13.6,0.0
2057-03-18,27.5,13.0,0.0
2057-03-19,27.7,14.0,0.0
2057-03-20,26.3,13.9,0.0
2057-03-21,25.2,13.7,0.0
2057-03-22,26.2,12.2,0.0
2057-03-23,27.5,13.900266043564635,0.0
2057-03-24,27.6,18.3,0.0
2057-03-25,27.8,18.0,0.0
2057-03-26,27.677777777777777,17.8,0.0
2057-03-27,28.2,18.9,0.0
2057-03-28,29.2,18.6,0.0
2057-03-29,29.2,19.3,0.0
2057-03-30,28.1,18.0,0.0
2057-03-31,27.8,15.9,0.0
2057-04-01,27.4,15.0,0.0
2057-04-02,27.0,15.2,1.6933333333333334
2057-04-03,25.4,15.439062500000002,0.0
2057-04-04,24.0,17.615730337078656,0.0
2057-04-05,24.7,17.2,0.0
2057-04-06,26.5,14.7,0.0
2057-04-07,28.8,18.17970112079701,0.0
2057-04-08,29.8,19.0,0.0
2057-04-09,29.4,18.7,0.0
2057-04-10,29.4,18.2,0.0
2057-04-11,30.0,17.1,0.0
2057-04-12,31.2,19.4,0.0
2057-04-13,31.3,20.64110107421875,0.0
2057-04-14,30.7,18.9,0.0
2057-04-15,29.981767955801107,17.7,0.0
2057-04-16,28.2,16.5,0.0
2057-04-17,24.642857142857142,17.9,0.8
2057-04-18,26.7,15.2,0.0
2057-04-19,26.7,13.3,0.0
2057-04-20,27.0,12.1,0.0
2057-04-21,28.6,13.2,0.0
2057-04-22,31.6,15.3,0.0
2057-04-23,31.5,15.3,0.0
2057-04-24,29.5,16.0,0.0
2057-04-25,26.6,16.3,0.0
2057-04-26,26.3,14.5,0.0
2057-04-27,27.6,14.1,0.0
2057-04-28,27.9,14.3,0.0
2057-04-29,27.4,14.3,0.0
2057-04-30,27.1,16.7,0.0
2057-05-01,29.6,16.938002306917284,0.0
2057-05-02,29.0,17.528420504851027,0.0
2057-05-03,27.7,16.8,0.0
2057-05-04,26.4,14.4,0.0
2057-05-05,27.7,12.9,0.0
2057-05-06,26.7,13.6,0.0
2057-05-07,28.0,16.9,0.0
2057-05-08,28.0,15.2,0.0
2057-05-09,29.2,12.9,0.0
2057-05-10,30.67776581748594,13.5,0.0
2057-05-11,31.7,15.1,0.0
2057-05-12,31.9,16.501878585015543,0.0
2057-05-13,31.295361851691034,19.320596720489682,0.0
2057-05-14,28.7,16.942788045384223,0.0
2057-05-15,27.5,15.0,0.0
2057-05-16,25.3,12.7,0.0
2057-05-17,26.3,10.1,0.0
2057-05-18,27.6,12.0,0.0
2057-05-19,25.3,13.0,0.0
2057-05-20,25.4,10.9,0.0
2057-05-21,26.6,11.7,0.0
2057-05-22,26.843642626480086,11.5,0.0
2057-05-23,26.5,11.5,0.0
2057-05-24,25.6,11.6,0.0
2057-05-25,26.2,8.9,0.0
2057-05-26,25.3,11.0,0.0
2057-05-27,25.0,9.929102651922882,0.0
2057-05-28,25.38184876210979,7.232069891596262,0.0
2057-05-29,25.6,6.4911521982312825,0.0
2057-05-30,25.8,9.0,0.0
2057-05-31,25.6,10.5,0.0
2057-06-01,23.9,12.0,0.0
2057-06-02,24.4,15.4,0.0
2057-06-03,25.7,14.1,0.0
2057-06-04,26.0,11.8,0.0
2057-06-05,23.4,16.495087149136126,0.0
2057-06-06,25.2,15.798807516117094,0.0
2057-06-07,27.5,15.918424760455087,0.0
2057-06-08,28.254177368793606,16.564938325720536,0.0
2057-06-09,28.0,14.3,0.0
2057-06-10,28.0,13.8,0.0
2057-06-11,28.684824512616366,13.479426693772146,0.0
2057-06-12,29.2,13.77184032302798,0.0
2057-06-13,27.8,14.7,0.0
2057-06-14,26.0,12.9,0.0
2057-06-15,25.4,12.835616293235876,0.0
2057-06-16,23.0,11.1,0.0
2057-06-17,25.4,9.652930823277629,0.0
2057-06-18,24.1,13.7,0.0
2057-06-19,25.6,11.5,0.0
2057-06-20,26.3,11.8,0.0
2057-06-21,26.4,11.970129773822768,0.0
2057-06-22,26.6,12.2,0.0
2057-06-23,27.5,12.4,0.0
2057-06-24,28.5,12.1,0.0
2057-06-25,28.0,11.4,0.0
2057-06-26,25.5,13.5,0.0
2057-06-27,22.196190794744744,12.994946336770594,0.0
2057-06-28,25.3,9.0,0.0
2057-06-29,24.5,10.6,0.0
2057-06-30,23.4,9.7,0.0
2057-07-01,24.01642260901354,10.5,0.0
2057-07-02,24.2,11.2,0.0
2057-07-03,24.6,11.0,0.0
2057-07-04,23.7,13.0,0.0
2057-07-05,24.9,12.9,0.0
2057-07-06,26.4,12.7,0.0
2057-07-07,26.2,11.2,0.0
2057-07-08,26.7,10.413347685683522,0.0
2057-07-09,28.0,8.011589522784352,0.0
2057-07-10,26.0,13.1,0.0
2057-07-11,25.4,10.4,0.0
2057-07-12,26.3,9.3,0.0
2057-07-13,26.5,10.5,0.0
2057-07-14,26.7,11.0,0.0
2057-07-15,26.9,11.4,0.0
2057-07-16,27.7,11.2,0.0
2057-07-17,27.3,11.7,0.0
2057-07-18,28.3,9.6,0.0
2057-07-19,28.9,10.5,0.0
2057-07-20,27.0,13.092654759081196,0.0
2057-07-21,27.238498385360586,11.719875612964952,0.0
2057-07-22,27.4,12.7,0.0
2057-07-23,27.920613562970924,11.7,0.0
2057-07-24,26.2,13.5,0.0
2057-07-25,26.0,12.0,0.0
2057-07-26,24.1,12.0,0.0
2057-07-27,23.7,10.0,0.0
2057-07-28,19.0,8.4,0.0
2057-07-29,25.980107642626475,6.0,0.0
2057-07-30,27.92761302475779,8.6,0.0
2057-07-31,28.5,8.9,0.0
2057-08-01,27.6,11.4,0.0
2057-08-02,27.1,12.5,0.0
2057-08-03,27.0,12.5,0.0
2057-08-04,27.0,11.3,0.0
2057-08-05,28.2,11.6,0.0
2057-08-06,30.0,12.2,0.0
2057-08-07,31.2,14.0,0.0
2057-08-08,31.5,15.8,0.0
2057-08-09,32.188016842905085,14.8,0.0
2057-08-10,31.2,14.8,0.0
2057-08-11,30.3,15.5,0.0
2057-08-12,30.618818463876394,14.1,0.0
2057-08-13,21.100149297942625,17.13817572762675,0.0
2057-08-14,23.647471981257517,12.8,0.0
2057-08-15,24.626119337852383,9.4,0.0
2057-08-16,26.9,9.0,0.0
2057-08-17,28.7,11.0,0.0
2057-08-18,30.1,10.0,0.0
2057-08-19,28.766872981700747,14.338593047552704,0.0
2057-08-20,28.9,13.4,0.0
2057-08-21,28.9,13.6,0.0
2057-08-22,27.5,14.5,0.0
2057-08-23,27.2,12.9,0.0
2057-08-24,28.4,13.2,0.0
2057-08-25,30.1,14.1,0.0
2057-08-26,30.9,15.0,0.0
2057-08-27,31.632070939116268,14.5,0.0
2057-08-28,28.5,18.590321194857562,0.0
2057-08-29,24.7,15.5,0.0
2057-08-30,28.3,12.3,0.0
2057-08-31,28.1,12.9,0.0
2057-09-01,29.2,8.000297995977055,0.0
2057-09-02,31.4,9.6,0.0
2057-09-03,32.2,12.662456742059078,0.0
2057-09-04,31.4,17.0,0.0
2057-09-05,30.2,17.4,0.0
2057-09-06,30.3,15.5,0.0
2057-09-07,31.0,14.2,0.0
2057-09-08,31.6,15.0,0.0
2057-09-09,31.9,15.2,0.0
2057-09-10,31.1,15.2,0.0
2057-09-11,29.6,15.2,0.0
2057-09-12,32.01931034482758,12.541953673193833,0.0
2057-09-13,34.9,14.669300260933747,0.0
2057-09-14,34.7,16.4,0.0
2057-09-15,31.8,20.2,0.0
2057-09-16,29.911004290481486,17.8,0.0
2057-09-17,30.0,15.4,0.0
2057-09-18,31.6,14.5,0.0
2057-09-19,33.0,14.0,0.0
2057-09-20,33.9,17.0,0.0
2057-09-21,34.7789997775306,18.6,0.0
2057-09-22,32.5,20.5,0.0
2057-09-23,31.0,18.6,0.0
2057-09-24,29.2,18.2,0.0
2057-09-25,30.0,16.4,0.0
2057-09-26,31.7,16.2,0.0
2057-09-27,32.5,17.0,0.0
2057-09-28,33.2,17.5,0.0
2057-09-29,34.4,18.388767576509508,0.0
2057-09-30,34.9,19.958257501641718,0.0
2057-10-01,33.1,18.6,0.0
2057-10-02,33.3,17.5,0.0
2057-10-03,33.3,18.2,0.0
2057-10-04,34.3,17.40324783786793,0.0
2057-10-05,34.5,18.0,0.0
2057-10-06,29.0,18.2,0.0
2057-10-07,31.4,16.5,0.0
2057-10-08,32.5,17.8,0.0
2057-10-09,30.7,18.0,0.0
2057-10-10,31.0,16.7,0.0
2057-10-11,33.2,16.06743810548977,0.0
2057-10-12,34.53013993541441,16.5,0.0
2057-10-13,34.2,19.4,0.0
2057-10-14,31.8,20.2,0.0
2057-10-15,30.6,18.5,0.0
2057-10-16,33.0,17.0,0.0
2057-10-17,35.4,17.2,0.0
2057-10-18,34.5,20.3,0.0
2057-10-19,34.0,19.5,0.0
2057-10-20,34.0,18.0,0.0
2057-10-21,34.2,17.9,0.0
2057-10-22,35.4,17.2,0.0
2057-10-23,35.9,19.0,0.0
2057-10-24,36.6,19.5,0.0
2057-10-25,37.49457544793646,20.236629248039353,0.0
2057-10-26,36.3,21.61263993541442,0.0
2057-10-27,35.7,20.8,0.0
2057-10-28,37.386997513084104,20.9,0.0
2057-10-29,33.1,21.0,0.0
2057-10-30,34.0,19.970290635091487,0.0
2057-10-31,35.0,19.8,0.0
2057-11-01,36.8187381088382,19.0,0.0
2057-11-02,36.8,20.0,0.0
2057-11-03,34.6,19.7,0.0
2057-11-04,33.4,19.033015316163265,0.0
2057-11-05,34.9,19.0,0.0
2057-11-06,36.4,18.9,0.0
2057-11-07,36.80542172555519,19.2,0.0
2057-11-08,34.4,20.0,0.0
2057-11-09,32.4,19.7,0.0
2057-11-10,32.2,19.5,0.0
2057-11-11,32.8,19.3,0.0
2057-11-12,35.0,19.7,0.0
2057-11-13,34.3,20.6,0.0
2057-11-14,36.0,21.3,0.0
2057-11-15,36.4,20.4,0.0
2057-11-16,36.4,20.003500745062645,0.0
2057-11-17,36.0,20.0,0.0
2057-11-18,35.6,19.5,0.0
2057-11-19,36.8651654992033,19.8,0.0
2057-11-20,39.96435546875,20.09374978045782,0.0
2057-11-21,41.08642578125,21.069907295401805,0.0
2057-11-22,40.718017578125,23.97861328125,0.0
2057-11-23,40.400146484375,23.3,0.0
2057-11-24,38.747916655362246,25.321630859375,0.0
2057-11-25,36.84932980016404,24.865087890625,0.0
2057-11-26,37.70856890798203,21.3,0.1
2057-11-27,34.0,18.4,10.481253529079614
2057-11-28,29.0,18.3,0.0
2057-11-29,27.9,18.3,1.4830039525691692
2057-11-30,25.2,16.4,5.9
2057-12-01,21.79582180549007,17.2,57.37692307692307
2057-12-02,21.9,17.7,35.55714285714286
2057-12-03,25.6,18.2,0.0
2057-12-04,29.0,18.0,0.0
2057-12-05,30.3,16.6,0.0
2057-12-06,30.9,18.5,0.0
2057-12-07,30.9,18.7,0.0
2057-12-08,31.0,19.0,1.4
2057-12-09,30.7,19.4,14.146666666666668
2057-12-10,29.8,19.0,10.49090909090909
2057-12-11,30.5,19.2,2.9
2057-12-12,28.8,19.4,11.4
2057-12-13,27.9,19.2,43.2
2057-12-14,26.6,19.2,1.0
2057-12-15,29.1,18.3,0.0
2057-12-16,30.0,17.2,0.0
2057-12-17,30.1,16.4,0.0
2057-12-18,29.6,16.37014265529235,0.0
2057-12-19,30.4,16.1,0.0
2057-12-20,30.9,17.4,0.0
2057-12-21,31.892056896816847,17.7,0.0
2057-12-22,31.0,19.0,27.6
2057-12-23,29.9,19.2,10.2
2057-12-24,28.7,18.6,2.0
2057-12-25,25.3,19.2,28.3
2057-12-26,26.1,19.0,7.9
2057-12-27,27.0,19.0,9.9
2057-12-28,27.3,19.2,9.8
2057-12-29,26.5,17.5,0.4
2057-12-30,29.0,16.5,0.0
2057-12-31,29.9,16.5,0.0
2058-01-01,30.1,17.2,0.0
2058-01-02,31.1,18.3,0.0
2058-01-03,31.1,18.9,1.3
2058-01-04,30.4,19.0,40.9835015576324
2058-01-05,29.6,18.7,32.10978193146417
2058-01-06,25.0,18.7,29.731074766355142
2058-01-07,25.987411387817943,18.4,2.2
2058-01-08,28.5,17.4,1.9
2058-01-09,28.0,18.0,5.6
2058-01-10,25.6,18.4,0.0
2058-01-11,28.7,18.6,0.0
2058-01-12,28.7,17.0,0.0
2058-01-13,30.0,17.6,0.0
2058-01-14,30.943839994216734,16.9,0.0
2058-01-15,30.6,19.0,0.0
2058-01-16,30.7,19.1,1.6281308411214954
2058-01-17,30.4,19.6,9.934766355140189
2058-01-18,29.2,19.5,1.2
2058-01-19,29.1,19.2,1.6
2058-01-20,28.220061715105846,17.0,19.054870197300115
2058-01-21,28.7,16.8,0.0
2058-01-22,29.2,17.8,0.0
2058-01-23,29.5,17.6,0.0
2058-01-24,30.49341758438905,16.7,0.0
2058-01-25,30.6,16.4,0.0
2058-01-26,30.804304248241692,18.6,0.0
2058-01-27,30.9204065206218,19.3,0.0
2058-01-28,30.4,18.9,1.9
2058-01-29,30.4,18.6,0.0
2058-01-30,29.5,18.992774361360027,0.0
2058-01-31,30.8,18.5,0.5
2058-02-01,32.0,20.017670920117443,0.0
2058-02-02,32.0,19.1,0.0
2058-02-03,33.02978925127318,19.0,0.0
2058-02-04,32.8,18.5,0.0
2058-02-05,31.7,19.64257408190044,2.0
2058-02-06,32.881562375844254,18.9,1.0
2058-02-07,32.9,19.0,4.4
2058-02-08,29.0,18.9,13.392222222222223
2058-02-09,28.6,18.9,5.6
2058-02-10,28.5,18.649010320592293,125.0
2058-02-11,24.2,18.6,55.48035230352301
2058-02-12,24.5,18.8,36.058730158730164
2058-02-13,25.8,18.9,35.74973544973538
2058-02-14,28.0,19.1,9.345833333333333
2058-02-15,27.6,19.0,35.13174603174598
2058-02-16,28.0,19.0,53.07626262626263
2058-02-17,30.2,18.9,15.2
2058-02-18,29.1,18.6,8.630555555555558
2058-02-19,26.5,18.9,1.4
2058-02-20,28.9,17.7,0.0
2058-02-21,30.5,16.7,0.0
2058-02-22,29.4,18.5,0.0
2058-02-23,28.0,16.9,0.0
2058-02-24,28.2,15.6,0.0
2058-02-25,30.0,15.4,0.0
2058-02-26,31.8,16.2,0.0
2058-02-27,32.30323865378679,17.0,0.0
2058-02-28,28.6,18.9,14.75324074074074
2058-03-01,26.5,18.3,1.4
2058-03-02,26.8,17.6,0.0
2058-03-03,27.1,18.2,0.0
2058-03-04,27.6,18.5,0.0
2058-03-05,27.5,17.6,0.0
2058-03-06,27.24102564102564,18.3,0.0
2058-03-07,28.2,18.5,0.0
2058-03-08,30.0,16.9,0.0
2058-03-09,30.2,16.0,0.0
2058-03-10,29.7,16.9,0.0
2058-03-11,29.6,17.1,0.0
2058-03-12,28.2,17.2,0.0
2058-03-13,28.8,16.3,0.0
2058-03-14,29.1,14.6,0.0
2058-03-15,29.7,15.0,0.0
2058-03-16,29.6,16.9,0.0
2058-03-17,29.7,18.4,0.0
2058-03-18,30.2,17.670198745044516,0.0
2058-03-19,31.0,16.4,0.0
2058-03-20,30.4,17.3,0.0
2058-03-21,29.9,16.5,0.0
2058-03-22,30.6,15.830669045576292,0.0
2058-03-23,31.8,16.4,0.0
2058-03-24,32.6,18.8,0.0
2058-03-25,31.0,18.5,0.0
2058-03-26,29.8,16.0,0.0
2058-03-27,29.7,14.9,0.0
2058-03-28,29.9,15.6,0.0
2058-03-29,30.3,15.4,0.0
2058-03-30,31.1,15.4,0.0
2058-03-31,31.5,16.2,0.0
2058-04-01,25.5,17.7,16.50740740740741
2058-04-02,28.337313432835817,17.8,0.0
2058-04-03,29.0,16.3,0.0
2058-04-04,30.3,14.3,0.0
2058-04-05,31.3,14.1,0.0
2058-04-06,32.81723202170963,15.0,0.0
2058-04-07,31.516546762589925,18.2,0.0
2058-04-08,30.7,17.962096774193547,0.0
2058-04-09,31.1,17.8,0.0
2058-04-10,31.7,17.8,0.0
2058-04-11,30.4,17.8,0.0
2058-04-12,29.0,16.9,0.0
2058-04-13,29.8,16.0,0.0
2058-04-14,30.4,16.0,0.0
2058-04-15,30.7,16.6,0.0
2058-04-16,30.689041095890417,16.7,0.0
2058-04-17,31.2,15.633999999999999,0.0
2058-04-18,30.5,15.9,0.0
2058-04-19,28.6,15.6,0.0
2058-04-20,28.5,16.0,0.0
2058-04-21,28.9,16.3,0.0
2058-04-22,30.3,16.0,0.0
2058-04-23,30.5,17.0,0.0
2058-04-24,29.9,16.2,0.0
2058-04-25,31.2,14.74433962264151,0.0
2058-04-26,29.7,17.29892262487756,0.0
2058-04-27,26.2,16.6,1.6
2058-04-28,27.0,17.1,0.0
2058-04-29,27.0,15.7,0.0
2058-04-30,26.1,14.0,0.0
2058-05-01,27.8,12.5,0.0
2058-05-02,29.0,12.9,0.0
2058-05-03,29.2,13.9,0.0
2058-05-04,29.158988159311082,14.053031933979176,0.0
2058-05-05,28.7,14.4,0.0
2058-05-06,29.0,14.7,0.0
2058-05-07,29.7,15.0,0.0
2058-05-08,30.6,15.207090483125423,0.0
2058-05-09,31.187334447424593,15.847841167324471,0.0
2058-05-10,30.7,15.6,0.0
2058-05-11,29.7,15.3,0.0
2058-05-12,29.1,15.696421028132525,0.0
2058-05-13,28.1,17.604368199564192,0.0
2058-05-14,26.0,17.9,0.0
2058-05-15,24.6,16.9,0.0
2058-05-16,26.3,14.9,0.0
2058-05-17,25.7,12.9,0.0
2058-05-18,26.0,11.9,0.0
2058-05-19,26.7,12.6,0.0
2058-05-20,27.5,16.94757378385115,0.0
2058-05-21,28.0,16.9,0.0
2058-05-22,27.71197317214539,14.9,0.0
2058-05-23,27.6,12.2,0.0
2058-05-24,27.4,11.4,0.0
2058-05-25,26.2,11.9,0.0
2058-05-26,25.45540319183788,11.2,0.0
2058-05-27,25.3,9.6,0.0
2058-05-28,25.7,9.0,0.0
2058-05-29,27.4,9.1,0.0
2058-05-30,29.0,12.0,0.0
2058-05-31,26.5,13.2,0.0
2058-06-01,25.6,12.455465256180338,0.0
2058-06-02,26.0,10.0,0.0
2058-06-03,26.9,10.1,0.0
2058-06-04,27.4,11.5,0.0
2058-06-05,27.4,11.5,0.0
2058-06-06,27.7,10.9,0.0
2058-06-07,28.406513008682094,11.7,0.0
2058-06-08,28.32537907616651,12.4,0.0
2058-06-09,28.6,12.1,0.0
2058-06-10,27.5,14.1,0.0
2058-06-11,26.3,13.0,0.0
2058-06-12,27.244832820781255,12.10115207373272,0.0
2058-06-13,27.3,12.2,0.0
2058-06-14,27.4,11.3,0.0
2058-06-15,27.7,8.9,0.0
2058-06-16,28.5,10.6,0.0
2058-06-17,28.6,10.6,0.0
2058-06-18,27.125491286614757,13.797654826482821,0.0
2058-06-19,23.1,17.159001481819256,0.0
2058-06-20,22.2,12.4,0.0
2058-06-21,25.0,10.2,0.0
2058-06-22,26.014839059105814,8.0,0.0
2058-06-23,28.5,10.1,0.0
2058-06-24,29.5,11.5,0.0
2058-06-25,29.2,12.3,0.0
2058-06-26,27.5,13.8,0.0
2058-06-27,26.0,11.8,0.0
2058-06-28,26.0,9.4,0.0
2058-06-29,26.6,8.9,0.0
2058-06-30,27.284359091801345,6.0,0.0
2058-07-01,26.7,12.1,0.0
2058-07-02,26.6,12.2,0.0
2058-07-03,26.7,12.2,0.0
2058-07-04,27.6,12.0,0.0
2058-07-05,26.6,13.4,0.0
2058-07-06,26.7,14.419273280999752,0.0
2058-07-07,26.1,12.309472551130241,0.0
2058-07-08,26.7,11.6,0.0
2058-07-09,27.2,11.443802860218355,0.0
2058-07-10,26.7,12.122897124404128,0.0
2058-07-11,26.7,12.0,0.0
2058-07-12,26.2,14.0,0.0
2058-07-13,27.4,12.4,0.0
2058-07-14,28.6,11.2,0.0
2058-07-15,26.9,14.4,0.0
2058-07-16,26.2,13.4,0.0
2058-07-17,25.7,12.2,0.0
2058-07-18,27.43042630542071,12.411182872862096,0.0
2058-07-19,27.5,11.5,0.0
2058-07-20,27.2,11.9,0.0
2058-07-21,26.7,11.4,0.0
2058-07-22,27.5,11.2,0.0
2058-07-23,28.777375980316773,12.4,0.0
2058-07-24,29.5,12.700158297980108,0.0
2058-07-25,28.2,15.3,0.0
2058-07-26,26.3,14.119777171906046,0.0
2058-07-27,26.2,13.4,0.0
2058-07-28,24.9,12.1,0.0
2058-07-29,24.9,11.5,0.0
2058-07-30,25.7,10.554630012972314,0.0
2058-07-31,26.1950023066277,10.5,0.0
2058-08-01,27.0,11.0,0.0
2058-08-02,29.8,9.451912838565152,0.0
2058-08-03,29.2,10.2,0.0
2058-08-04,26.951937567276637,14.0,0.0
2058-08-05,27.5,11.7,0.0
2058-08-06,25.9,12.6,0.0
2058-08-07,25.6,11.5,0.0
2058-08-08,27.2,10.9,0.0
2058-08-09,28.8,14.0,0.0
2058-08-10,29.9,14.9,0.0
2058-08-11,31.0,16.0,0.0
2058-08-12,31.9,16.046146031131695,0.0
2058-08-13,30.9,18.097667915390048,0.0
2058-08-14,24.7,17.7,0.0
2058-08-15,23.7,14.7,0.0
2058-08-16,25.7,11.5,0.0
2058-08-17,26.7,12.0,0.0
2058-08-18,27.1,11.37183749950165,0.0
2058-08-19,28.7,11.5,0.0
2058-08-20,30.4,11.3,0.0
2058-08-21,27.0,16.179975846044794,0.0
2058-08-22,27.0,13.2,0.0
2058-08-23,30.0,13.4,0.0
2058-08-24,31.8,12.9,0.0
2058-08-25,28.9,18.263556990790573,0.0
2058-08-26,28.3,15.3,0.0
2058-08-27,28.8,13.5,0.0
2058-08-28,30.1,12.5,0.0
2058-08-29,32.9,12.0,0.0
2058-08-30,34.293999638015826,11.384367898576722,0.0
2058-08-31,30.1,19.0,0.0
2058-09-01,29.0,14.2,0.0
2058-09-02,30.9,14.289834383883331,0.0
2058-09-03,31.2,16.9,0.0
2058-09-04,30.0,16.4,0.0
2058-09-05,30.5,14.7,0.0
2058-09-06,32.0,14.9,0.0
2058-09-07,33.7,16.0,0.0
2058-09-08,34.9,17.402043205901293,0.0
2058-09-09,33.702572018796396,18.92306603296592,0.0
2058-09-10,31.6,18.2,0.0
2058-09-11,32.6,17.2,0.0
2058-09-12,32.2,18.19597122593822,0.0
2058-09-13,31.5,16.4,0.0
2058-09-14,32.2,16.7,0.0
2058-09-15,32.4,17.3,0.0
2058-09-16,33.7,15.5,0.0
2058-09-17,34.99449247405698,17.0,0.0
2058-09-18,36.0,18.3,0.0
2058-09-19,34.0,21.289963007993382,0.0
2058-09-20,32.3,18.9,0.0
2058-09-21,32.6,18.0,0.0
2058-09-22,33.2,17.0,0.0
2058-09-23,35.2,17.0,0.0
2058-09-24,35.3,19.4,0.0
2058-09-25,34.949601526309124,21.240833719401643,0.0
2058-09-26,32.0,20.2,0.0
2058-09-27,24.810031891075337,17.8,0.0
2058-09-28,29.4,15.2,0.0
2058-09-29,31.7,16.0,0.0
2058-09-30,32.4,18.2,0.0
2058-10-01,30.1,17.2,0.0
2058-10-02,31.6,16.7,0.0
2058-10-03,32.1,16.993670613562966,0.0
2058-10-04,33.2,17.0,0.0
2058-10-05,34.6,17.0,0.0
2058-10-06,35.5,18.0,0.0
2058-10-07,34.0,20.7,0.0
2058-10-08,31.6,19.2,0.0
2058-10-09,31.4,17.9,0.0
2058-10-10,32.0,17.9,0.0
2058-10-11,32.9,18.1,0.0
2058-10-12,34.7,18.0,0.0
2058-10-13,37.2,17.9,0.0
2058-10-14,34.1,21.7,0.0
2058-10-15,31.2,19.4,0.0
2058-10-16,32.1,18.2,0.0
2058-10-17,34.0,17.6,0.0
2058-10-18,35.6,17.3,0.0
2058-10-19,36.6,19.0,0.0
2058-10-20,37.0,19.6,0.0
2058-10-21,37.0,19.2,0.0
2058-10-22,38.285666468996,19.6,0.0
2058-10-23,38.27241487375835,21.1,0.0
2058-10-24,38.284741939095696,21.3,0.0
2058-10-25,38.4908203125,20.571224973089333,0.0
2058-10-26,39.282080078125,20.5,0.0
2058-10-27,35.9,22.6,0.0
2058-10-28,34.5,20.9,0.0
2058-10-29,35.4,21.0,0.0
2058-10-30,35.6,21.3,0.0
2058-10-31,36.42263894396917,21.3,0.0
2058-11-01,38.22318619604434,20.2,0.0
2058-11-02,37.417751095989,20.989001536098268,0.0
2058-11-03,40.59765625,20.4,0.0
2058-11-04,41.24462890625,21.9,0.0
2058-11-05,37.568425453569105,21.5,0.0
2058-11-06,39.730712890625,20.7,0.0
2058-11-07,37.70985462774728,21.55338820912125,0.0
2058-11-08,35.2,22.3,0.0
2058-11-09,33.42402669632925,20.0,0.0
2058-11-10,35.39382732951142,20.2,0.0
2058-11-11,34.8,21.336494298536422,0.0
2058-11-12,34.9,19.5,8.060474308300396
2058-11-13,30.0,18.076943323907425,5.590711462450592
2058-11-14,28.5,18.630989598579323,40.90835380835381
2058-11-15,25.0,16.9,64.7268335529202
2058-11-16,19.442386464178245,15.9,8.92806324110672
2058-11-17,21.8,15.8,0.0
2058-11-18,27.0,16.6,2.5
2058-11-19,24.006250875723097,16.1,0.0
2058-11-20,22.911726457110216,16.5,0.0
2058-11-21,26.8,17.5,0.0
2058-11-22,29.2,17.2,0.0
2058-11-23,30.2,17.2,0.3
2058-11-24,30.0,18.0,0.0
2058-11-25,30.1,18.3,0.860079051383399
2058-11-26,29.5,18.4,8.827272727272728
2058-11-27,29.2,18.0,4.8
2058-11-28,25.6,18.0,1.0
2058-11-29,27.4,17.0,0.0
2058-11-30,29.0,15.8,0.0
2058-12-01,30.0,16.9,0.0
2058-12-02,29.9,16.7,0.0
2058-12-03,30.0,16.0,0.0
2058-12-04,30.3,15.7,0.0
2058-12-05,30.4,16.7,0.0
2058-12-06,30.9,16.031539289558665,0.0
2058-12-07,31.0,16.9,0.0
2058-12-08,31.6,16.4,0.0
2058-12-09,32.12748176055496,17.5,0.0
2058-12-10,32.75434188004022,19.0,0.0
2058-12-11,32.149373081369845,19.5,0.9
2058-12-12,29.8,18.6,2.566666666666666
2058-12-13,30.842347685683528,19.4,0.0
2058-12-14,31.2,20.008397167914154,0.0
2058-12-15,31.4,21.0,0.0
2058-12-16,31.5,19.88113747290502,0.5
2058-12-17,30.8,19.2,5.6
2058-12-18,27.717632489261863,19.2,9.8
2058-12-19,26.5,19.2,0.0
2058-12-20,28.7,18.7,0.0
2058-12-21,30.3,19.0,0.9
2058-12-22,30.9,19.0,7.4
2058-12-23,30.4,19.5,5.6
2058-12-24,30.9,18.5,0.0
2058-12-25,30.8,18.92481216361679,2.0
2058-12-26,30.7,19.5,1.0
2058-12-27,30.8,20.022224030173312,0.0
2058-12-28,30.0,19.5,0.0
2058-12-29,30.7,19.2,2.4
2058-12-30,30.21234983853606,19.0,2.9
2058-12-31,27.92579209145306,18.9,44.47499999999995
2059-01-01,28.4,19.1,1.0
2059-01-02,27.2,19.124312753738806,21.0
2059-01-03,27.5,19.0,3.5
2059-01-04,28.7,18.9,0.0
2059-01-05,30.400441334768562,18.1,9.072897196261692
2059-01-06,29.0,19.3,11.0
2059-01-07,30.0,18.6,1.1
2059-01-08,30.6,17.9,0.0
2059-01-09,30.3,16.6,0.0
2059-01-10,31.1,16.92192160230282,0.0
2059-01-11,31.3991823761319,18.4,0.0
2059-01-12,27.9,19.4,1.9
2059-01-13,30.931648254576125,19.3,0.0
2059-01-14,31.1,17.9,0.0
2059-01-15,31.316721797967343,16.8,0.0
2059-01-16,31.1,18.6,0.0
2059-01-17,30.9,17.4,0.0
2059-01-18,30.4,18.4,0.6
2059-01-19,31.1,18.3,0.0
2059-01-20,31.1,18.6,0.0
2059-01-21,31.1,19.232194326801903,2.4
2059-01-22,28.1,19.0,32.81285046728972
2059-01-23,29.9,19.1,11.0
2059-01-24,31.1,19.0,0.9
2059-01-25,31.1,19.0,18.0
2059-01-26,30.2,18.9,4.0
2059-01-27,29.6,18.193137782561887,0.0
2059-01-28,31.1,18.3,1.1
2059-01-29,31.7,19.7,0.0
2059-01-30,31.9,19.5,1.0
2059-01-31,31.137358862194528,19.6,6.999252336448604
2059-02-01,30.9,19.2,33.03229166666666
2059-02-02,29.74031205981146,19.0,1.3
2059-02-03,29.1,18.7,7.77013888888889
2059-02-04,32.3989713691977,18.8,5.268055555555556
2059-02-05,30.1,19.2,1.0
2059-02-06,28.6,19.0,6.601388888888888
2059-02-07,31.427041452870736,17.9,31.281111111111127
2059-02-08,28.9,19.2,45.983108108108105
2059-02-09,27.7,19.0,0.5291666666666666
2059-02-10,30.40454574054798,18.9,1.4125000000000003
2059-02-11,30.5,19.0,0.0
2059-02-12,30.9,19.735763676479813,0.0
2059-02-13,30.0,19.0,0.0
2059-02-14,27.6,18.998167760618827,0.0
2059-02-15,29.3,20.14326450656269,0.0
2059-02-16,30.3,19.805418073683832,0.0
2059-02-17,29.0,19.2,11.769444444444451
2059-02-18,29.5,20.036229773580004,0.0
2059-02-19,31.0,20.47906795276658,0.0
2059-02-20,32.0,20.580320115994752,0.0
2059-02-21,32.0,20.6759114213042,0.0
2059-02-22,31.8,19.670865049931376,0.0
2059-02-23,31.906541723178933,19.9,0.0
2059-02-24,32.0,19.9,0.0
2059-02-25,30.3,18.8,5.6
2059-02-26,24.632763629338847,18.7,46.180405405405416
2059-02-27,26.7,18.8,1.0
2059-02-28,30.8,19.4,5.741388888888889
2059-03-01,30.4,19.4,51.37944785276075
2059-03-02,27.9,19.0,9.594171779141103
2059-03-03,30.7,18.6,21.91887682869279
2059-03-04,29.0,19.0,47.591411042944856
2059-03-05,28.2,18.6,27.416389132340058
2059-03-06,29.9,18.2,1.9736196319018415
2059-03-07,21.647397260273973,18.3,4.0
2059-03-08,23.6,18.0,2.8
2059-03-09,25.6,16.9,0.0
2059-03-10,27.0,16.0,0.0
2059-03-11,26.6,17.4,0.0
2059-03-12,25.568656716417912,17.044818388789924,0.0
2059-03-13,26.6,14.9,0.0
2059-03-14,28.2,13.9,0.0
2059-03-15,28.8,14.5,0.0
2059-03-16,28.4,15.7,0.0
2059-03-17,28.1,16.5,0.0
2059-03-18,29.5,16.9,0.0
2059-03-19,28.7,17.6,0.0
2059-03-20,27.8,16.1,0.0
2059-03-21,28.266666666666666,17.6,0.0
2059-03-22,28.8,17.6,0.0
2059-03-23,30.0,16.2,0.0
2059-03-24,31.0,15.054487034376344,0.0
2059-03-25,31.2,15.9,0.0
2059-03-26,30.7,16.9,0.0
2059-03-27,29.7,19.0,0.0
2059-03-28,28.9,18.9,0.0
2059-03-29,30.1,18.0,0.0
2059-03-30,30.6,17.3,0.0
2059-03-31,32.59574036511157,16.9,0.0
2059-04-01,33.213470681458006,17.8,0.0
2059-04-02,34.04300196206671,17.9,0.0
2059-04-03,33.10631578947369,19.0,0.0
2059-04-04,27.917073170731708,18.7,0.0
2059-04-05,30.7,17.8,0.0
2059-04-06,29.0,17.5,0.0
2059-04-07,27.5,16.6,0.0
2059-04-08,28.9,16.6,0.0
2059-04-09,29.4,16.9,0.0
2059-04-10,29.9,17.0,0.0
2059-04-11,29.954696132596684,17.0,0.0
2059-04-12,30.955172413793104,16.48333333333333,0.0
2059-04-13,30.5,16.5,0.0
2059-04-14,28.9,17.0,0.0
2059-04-15,27.9,16.4,0.0
2059-04-16,29.4,17.3,0.0
2059-04-17,28.9,16.5,0.0
2059-04-18,28.9,16.6,0.0
2059-04-19,31.970454545454547,15.6,0.0
2059-04-20,32.82971506105834,15.8,0.0
2059-04-21,33.2,17.6,0.0
2059-04-22,32.596359743040686,17.9,0.0
2059-04-23,31.5,17.9,0.0
2059-04-24,29.1,17.5,0.0
2059-04-25,28.3,17.1,0.0
2059-04-26,28.5,16.0,0.0
2059-04-27,29.0,15.5,0.0
2059-04-28,29.923756906077347,17.0,0.0
2059-04-29,30.0,17.93387096774193,0.0
2059-04-30,29.1,17.3,0.0
2059-05-01,29.6,15.94018626854493,0.0
2059-05-02,29.74157345439228,15.1,0.0
2059-05-03,31.05021189789758,13.5,0.0
2059-05-04,31.695543392483252,15.9,0.0
2059-05-05,24.1,17.541366134631684,1.34
2059-05-06,27.5,16.2,0.0
2059-05-07,26.2,13.8,0.0
2059-05-08,26.0,12.2,0.0
2059-05-09,27.0,10.8,0.0
2059-05-10,27.5,11.4,0.0
2059-05-11,26.3,11.2,0.0
2059-05-12,26.226157158234663,12.0,0.0
2059-05-13,26.0,12.0,0.0
2059-05-14,26.2,11.7,0.0
2059-05-15,27.0,11.9,0.0
2059-05-16,28.1,12.6,0.0
2059-05-17,30.029959942825872,13.0,0.0
2059-05-18,29.7,12.7,0.0
2059-05-19,26.3,15.0,0.0
2059-05-20,24.6,14.9,0.0
2059-05-21,25.8,12.1,0.0
2059-05-22,29.1,11.5,0.0
2059-05-23,29.7,9.0,0.0
2059-05-24,29.5,8.6,0.0
2059-05-25,26.0,13.440394516710537,0.0
2059-05-26,24.9,11.4,0.0
2059-05-27,25.4,9.5,0.0
2059-05-28,26.3,9.3,0.0
2059-05-29,26.872899892357374,10.1,0.0
2059-05-30,28.6,11.0,0.0
2059-05-31,29.1,13.0,0.0
2059-06-01,30.0,13.84724326820158,0.0
2059-06-02,30.0,13.8,0.0
2059-06-03,29.96496138031021,13.8,0.0
2059-06-04,30.32306303674491,14.4,0.0
2059-06-05,30.554418754606704,16.51397183093428,0.0
2059-06-06,30.4,21.44892578125,0.0
2059-06-07,26.0,20.047314453125,0.0
2059-06-08,25.2,17.50598561691829,0.0
2059-06-09,25.6,13.77787174906883,0.0
2059-06-10,26.9,12.9,0.0
2059-06-11,28.697104238627723,12.4,0.0
2059-06-12,30.549722016903942,13.0,0.0
2059-06-13,30.90315873440851,16.45116842291564,0.0
2059-06-14,32.022314453125,16.712373141779384,0.0
2059-06-15,32.919287109375,17.572827948805624,0.0
2059-06-16,28.5,17.57206403644117,0.0
2059-06-17,27.24922462867238,14.634638175335004,0.0
2059-06-18,27.07588958491892,13.524975068083318,0.0
2059-06-19,26.9,12.472605994566909,0.0
2059-06-20,25.2,12.0,0.0
2059-06-21,24.9,9.807649525113378,0.0
2059-06-22,24.0,10.6,0.0
2059-06-23,25.5,9.1,0.0
2059-06-24,26.0,7.0,0.0
2059-06-25,26.482331622950234,3.4,0.0
2059-06-26,25.8,4.9,0.0
2059-06-27,24.8,10.2,0.0
2059-06-28,24.7,9.0,0.0
2059-06-29,23.9,8.4,0.0
2059-06-30,22.1,7.1478708536550615,0.0
2059-07-01,23.6,8.0,0.0
2059-07-02,25.993795479009687,5.1,0.0
2059-07-03,26.7,11.1,0.0
2059-07-04,25.7,13.0,0.0
2059-07-05,25.2,12.8,0.0
2059-07-06,24.6,10.947055205289864,0.0
2059-07-07,25.7,9.690545901891443,0.0
2059-07-08,25.6,12.0,0.0
2059-07-09,24.6,11.7,0.0
2059-07-10,26.0,10.7,0.0
2059-07-11,27.10262542991415,11.2,0.0
2059-07-12,28.5,9.4,0.0
2059-07-13,20.223764179845986,15.3,0.0
2059-07-14,22.0,12.2,0.0
2059-07-15,22.1,8.5,0.0
2059-07-16,23.0,7.1,0.0
2059-07-17,24.1,7.8,0.0
2059-07-18,26.7,7.2,0.0
2059-07-19,28.0,6.5,0.0
2059-07-20,28.0,11.2,0.0
2059-07-21,28.0,12.0,0.0
2059-07-22,28.738445640473625,12.0,0.0
2059-07-23,29.2,11.0,0.0
2059-07-24,29.5,12.8,0.0
2059-07-25,29.7,13.930462863293863,0.0
2059-07-26,30.186320458974183,15.0,0.0
2059-07-27,31.003017328946726,15.3,0.0
2059-07-28,31.5021484375,16.0,0.0
2059-07-29,31.551220703125,16.064668782472275,0.0
2059-07-30,29.02336856401845,15.586721344491117,0.0
2059-07-31,29.2,13.972645317545746,0.0
2059-08-01,31.5,12.1,0.0
2059-08-02,29.0,16.0,0.0
2059-08-03,25.5,15.7,0.0
2059-08-04,26.7,13.9,0.0
2059-08-05,26.0,14.1,0.0
2059-08-06,26.4,12.0,0.0
2059-08-07,28.0,10.2,0.0
2059-08-08,28.9,11.9,0.0
2059-08-09,29.4,12.4,0.0
2059-08-10,28.8,13.0,0.0
2059-08-11,29.875257573427643,11.0,0.0
2059-08-12,27.0,15.2,0.0
2059-08-13,26.6,13.2,0.0
2059-08-14,26.6,13.3,0.0
2059-08-15,26.3,12.9,0.0
2059-08-16,27.5,11.9,0.0
2059-08-17,28.7,12.8,0.0
2059-08-18,28.8,13.9,0.0
2059-08-19,29.2,14.0,0.0
2059-08-20,31.4,14.8,0.0
2059-08-21,33.10499397201293,15.7,0.0
2059-08-22,37.919189453125,18.61936395656217,0.0
2059-08-23,38.359375,19.298811992963856,0.0
2059-08-24,32.5,25.561279296875,0.0
2059-08-25,30.0,18.00786901388735,0.0
2059-08-26,27.6,16.7,0.0
2059-08-27,28.0,14.8,0.0
2059-08-28,30.0,14.0,0.0
2059-08-29,31.1,16.1,0.0
2059-08-30,30.0,18.3,0.0
2059-08-31,30.2,17.0,0.0
2059-09-01,28.85845383759733,15.2,0.0
2059-09-02,28.9,14.4,0.0
2059-09-03,29.6,13.8,0.0
2059-09-04,29.7,15.2,0.0
2059-09-05,30.1,14.7,0.0
2059-09-06,30.1,15.5,0.0
2059-09-07,30.3,14.9,0.0
2059-09-08,31.5,14.7,0.0
2059-09-09,32.7,16.0,0.0
2059-09-10,32.7,17.9,0.0
2059-09-11,32.4,18.2,0.0
2059-09-12,32.9,16.9,0.0
2059-09-13,32.0,17.3,0.0
2059-09-14,31.2,15.766546162402674,0.0
2059-09-15,32.5,14.2,0.0
2059-09-16,33.3,16.0,0.0
2059-09-17,31.1,18.2,0.0
2059-09-18,29.2,17.4,0.0
2059-09-19,29.9,15.9,0.0
2059-09-20,32.5,15.3,0.0
2059-09-21,33.2,18.193845350820084,0.0
2059-09-22,33.3,18.2,0.0
2059-09-23,33.9,18.6,0.0
2059-09-24,34.4,19.2,0.0
2059-09-25,35.0,19.3,0.0
2059-09-26,36.01227484482442,20.5,0.0
2059-09-27,40.15087890625,22.695795389336705,0.0
2059-09-28,41.567626953125,22.890700722942018,0.0
2059-09-29,40.912353515625,23.759521484375,0.0
2059-09-30,30.0,22.74166899960618,0.0
2059-10-01,31.6,19.4,0.0
2059-10-02,34.0,20.0,0.0
2059-10-03,35.9,20.9,0.0
2059-10-04,35.6,21.8,0.0
2059-10-05,35.3,21.6,0.0
2059-10-06,35.6,21.0,0.0
2059-10-07,36.9,21.1,0.0
2059-10-08,33.2,21.6,0.0
2059-10-09,32.4,19.3,0.0
2059-10-10,34.13001812928445,19.7,0.0
2059-10-11,34.9,21.5,0.0
2059-10-12,34.2,21.3,0.0
2059-10-13,34.9,20.7,0.0
2059-10-14,35.7,19.3,0.0
2059-10-15,37.015915596073405,19.6,0.0
2059-10-16,37.2,21.3,0.0
2059-10-17,36.0,21.5,0.0
2059-10-18,36.0,21.4,0.0
2059-10-19,38.09716509487891,21.181480575398766,0.0
2059-10-20,39.310888671875,21.96416213020713,0.0
2059-10-21,38.797216796875,22.6,0.0
2059-10-22,38.247658017539145,21.7,3.1608000000000005
2059-10-23,34.2,20.9,5.784000000000003
2059-10-24,36.0,21.0,0.0
2059-10-25,36.5,23.39749096123791,0.0
2059-10-26,38.0,25.012890625,0.0
2059-10-27,36.9,24.52705078125,0.0
2059-10-28,36.3,25.300732421875,0.0
2059-10-29,35.9,25.32880859375,1.4800000000000004
2059-10-30,33.9,22.919666890292955,0.0
2059-10-31,33.0,20.9,0.0
2059-11-01,34.0,19.5,0.0
2059-11-02,36.87344325097382,20.1,0.0
2059-11-03,36.0,21.3,0.0
2059-11-04,36.45763540338407,20.6,0.0
2059-11-05,40.337646484375,21.9,0.0
2059-11-06,40.68017578125,23.2,0.0
2059-11-07,35.573227196885426,20.6,1.4
2059-11-08,31.5,19.5,0.9221343873517787
2059-11-09,31.1,18.5,0.0
2059-11-10,33.4,19.0,0.0
2059-11-11,33.3,21.0,0.0
2059-11-12,32.1,22.310367934589415,0.0
2059-11-13,36.4816969170804,24.74515380859375,0.0
2059-11-14,36.4,22.4,0.0
2059-11-15,39.7333984375,20.7,0.0
2059-11-16,39.8466796875,21.63263653054934,0.0
2059-11-17,40.3154296875,22.1,0.0
2059-11-18,39.977294921875,21.9,0.0
2059-11-19,32.4,19.9,1.3
2059-11-20,25.044408753490274,18.4,0.1
2059-11-21,26.7,18.2,2.5
2059-11-22,30.8,18.5,5.540316205533596
2059-11-23,29.0,19.1,48.415567732662424
2059-11-24,30.6,18.5,3.1034584980237145
2059-11-25,30.3,18.5,0.0
2059-11-26,30.2,18.9,4.5
2059-11-27,30.0,18.8,40.80411280846061
2059-11-28,27.1,18.7,23.007806324110668
2059-11-29,26.524256081887184,18.5,7.020158102766798
2059-11-30,25.5,18.41741853087793,10.5
2059-12-01,25.4,19.0,0.2
2059-12-02,27.6,18.8,1.1
2059-12-03,30.5,18.8,0.3
2059-12-04,29.1,18.9,0.0
2059-12-05,29.8,19.0,0.0
2059-12-06,29.9,19.4,9.6
2059-12-07,30.4,19.0,0.0
2059-12-08,30.0,18.560376228341266,0.0
2059-12-09,30.0,18.6,13.5
2059-12-10,30.4,18.5,0.0
2059-12-11,30.7,18.6,0.0
2059-12-12,31.2,18.4,0.0
2059-12-13,31.6,18.8,0.0
2059-12-14,31.5,20.5,0.0
2059-12-15,29.0,19.6,0.0
2059-12-16,29.2,19.4,7.2
2059-12-17,29.7,19.3,32.7
2059-12-18,28.6,19.0,5.6
2059-12-19,29.1,19.4,27.726315789473688
2059-12-20,29.7,19.2,22.5
2059-12-21,27.5,19.2,27.726315789473688
2059-12-22,25.6,19.2,5.0
2059-12-23,25.4,19.0,1.1
2059-12-24,29.9,18.5,0.0
2059-12-25,27.70319013602113,19.0,0.0
2059-12-26,25.5,18.9,3.4
2059-12-27,25.8,18.4,0.0
2059-12-28,28.2,18.9,0.0
2059-12-29,27.952405788720338,17.9,0.0
2059-12-30,29.5,17.3,0.0
2059-12-31,30.6,17.2,0.0
2060-01-01,31.0,18.100963890791665,2.764018691588784
2060-01-02,28.4,18.7,2.300934579439253
2060-01-03,27.8,18.9,0.0
2060-01-04,28.4,18.4,0.0
2060-01-05,25.5,17.9,1.9
2060-01-06,26.0,18.5,5.0
2060-01-07,28.704754728586803,19.0,2.2
2060-01-08,27.8,18.9,22.0
2060-01-09,26.7,19.2,37.410280373831775
2060-01-10,26.9,18.4,18.502616822429907
2060-01-11,29.5,17.6,0.0
2060-01-12,30.1,18.7,1.0
2060-01-13,31.1,18.7,0.0
2060-01-14,31.253886493102907,19.140908022927324,0.0
2060-01-15,30.9,19.3,0.5
2060-01-16,28.7,19.6,15.5
2060-01-17,29.1,19.3,17.0
2060-01-18,24.468389175784495,19.0,60.4
2060-01-19,24.0,18.4,11.958691588785046
2060-01-20,25.9,18.8,0.0
2060-01-21,28.0,19.1,18.502616822429907
2060-01-22,27.0,18.9,42.90807476635514
2060-01-23,24.2,18.8,32.875817757009365
2060-01-24,26.7,18.4,0.0
2060-01-25,28.6,17.9,0.0
2060-01-26,29.1,18.1,0.0
2060-01-27,30.0,17.2,0.0
2060-01-28,31.0,18.2,0.0
2060-01-29,28.4,18.9,0.0
2060-01-30,29.5,19.0,13.715700934579445
2060-01-31,28.9,19.018819351528617,6.3
2060-02-01,30.5,19.0,5.6
2060-02-02,31.476774258105447,19.0,17.100000000000005
2060-02-03,29.1,19.2,24.067592592592597
2060-02-04,29.0,19.0,64.00804093567262
2060-02-05,27.1,19.0,3.2506944444444428
2060-02-06,28.2,18.9,31.91388888888888
2060-02-07,25.0,18.9,4.2
2060-02-08,29.7,18.4,4.927777777777777
2060-02-09,31.6,16.8,0.0
2060-02-10,30.9,17.5,0.0
2060-02-11,29.8,19.478507341957542,0.0
2060-02-12,29.5,19.2,0.0
2060-02-13,30.0,18.6,0.0
2060-02-14,31.54883525607036,17.1,0.0
2060-02-15,32.58101311084623,16.9,0.0
2060-02-16,32.214557531211035,18.5,0.0
2060-02-17,31.53047150504204,19.1,0.0
2060-02-18,31.6,19.2,0.0
2060-02-19,30.4,19.1,1.8
2060-02-20,31.7,19.0,0.0
2060-02-21,32.7,19.5,1.0
2060-02-22,31.7,19.739192178173692,5.3
2060-02-23,30.0,19.445135962687207,6.4
2060-02-24,29.4,18.9,21.23034722222222
2060-02-25,24.9,18.9,54.164769647696424
2060-02-26,23.9,18.0,52.95643939393939
2060-02-27,21.428031028351473,17.6,10.562268518518517
2060-02-28,25.5,18.3,0.0
2060-03-01,28.2,18.4,10.011656441717795
2060-03-02,29.9,18.4,0.0
2060-03-03,27.8,18.8,11.88036809815952
2060-03-04,28.3,18.5,0.0
2060-03-05,27.4,18.3,0.0
2060-03-06,28.8,17.6,0.9
2060-03-07,29.7,18.6,2.348466257668712
2060-03-08,30.0,17.6,0.0
2060-03-09,29.0,17.8,0.0
2060-03-10,30.1,17.2,0.0
2060-03-11,30.9,18.0,1.8
2060-03-12,31.0,17.9,0.0
2060-03-13,30.431884057971008,19.051963709057357,0.0
2060-03-14,29.7,18.8,1.2
2060-03-15,29.8,18.1,0.0
2060-03-16,28.8,17.8,0.0
2060-03-17,29.4,17.0,0.0
2060-03-18,30.9,17.0,0.0
2060-03-19,31.8,17.4,0.0
2060-03-20,30.7,18.9,0.0
2060-03-21,29.9,19.673880771912014,0.0
2060-03-22,29.8,18.3,0.0
2060-03-23,30.0,16.9,0.0
2060-03-24,29.9,17.0,0.0
2060-03-25,29.7,17.3,0.0
2060-03-26,29.7,18.2,0.0
2060-03-27,30.0,17.5,0.0
2060-03-28,30.8,16.6,0.0
2060-03-29,30.4,17.9,0.0
2060-03-30,29.6,17.5,0.0
2060-03-31,29.1,16.7,0.0
2060-04-01,30.5,15.7,0.0
2060-04-02,31.0,18.7,0.0
2060-04-03,31.0,17.221351616062684,0.0
2060-04-04,30.7,18.7,17.38623655913979
2060-04-05,29.5,18.76176470588235,10.39555555555556
2060-04-06,28.9,17.9,1.2
2060-04-07,21.45,17.8,2.8
2060-04-08,30.4,16.98319672131148,0.8
2060-04-09,31.1,17.4,0.0
2060-04-10,30.8,17.3,0.0
2060-04-11,28.9,17.6,0.0
2060-04-12,28.293103448275865,16.7,0.0
2060-04-13,29.9,15.9,0.0
2060-04-14,32.3,16.2,0.0
2060-04-15,31.539568345323744,17.8,0.0
2060-04-16,30.814383561643837,17.5,0.0
2060-04-17,30.6,15.9,0.0
2060-04-18,30.4,17.0,0.0
2060-04-19,30.7,16.6,0.0
2060-04-20,31.1,17.2,0.0
2060-04-21,31.2,19.4,0.0
2060-04-22,31.2,19.7,0.0
2060-04-23,31.2,18.1,0.0
2060-04-24,31.5,17.8,0.0
2060-04-25,31.74949494949495,18.2,0.0
2060-04-26,30.6,18.1,0.0
2060-04-27,30.0,17.1,0.0
2060-04-28,31.4,16.1,0.0
2060-04-29,31.73232323232323,15.6,0.0
2060-04-30,32.0,16.6,0.0
2060-05-01,32.135607668932785,16.9,0.0
2060-05-02,31.916016922887223,16.26572585794821,0.0
2060-05-03,29.051147243782214,16.9,0.0
2060-05-04,27.0,15.2,0.0
2060-05-05,26.4,12.977991975731463,0.0
2060-05-06,27.6,12.0,0.0
2060-05-07,30.937793745544003,14.5,0.0
2060-05-08,32.29020352561597,15.216864433609807,0.0
2060-05-09,33.8,15.8,0.0
2060-05-10,33.89912109375,16.9,0.0
2060-05-11,34.446484375,16.9,0.0
2060-05-12,35.440869140625,16.7,0.0
2060-05-13,31.186526235660025,17.776802609322,0.0
2060-05-14,30.0,16.2,0.0
2060-05-15,30.8,14.2,0.0
2060-05-16,33.8,13.948982845307993,0.0
2060-05-17,33.884716796875,15.1,0.0
2060-05-18,32.59168335544596,16.416519205019796,0.0
2060-05-19,30.5,17.330601672520196,0.0
2060-05-20,29.5,17.9,0.0
2060-05-21,31.547064668377896,18.100460024955932,0.0
2060-05-22,31.665076642563946,20.274169921875,0.0
2060-05-23,31.7,21.462646484375,0.0
2060-05-24,34.19697265625,21.5322265625,0.0
2060-05-25,35.922802734375,19.7783203125,0.0
2060-05-26,36.440380859375,21.70849609375,0.0
2060-05-27,35.774853515625,23.1474609375,0.0
2060-05-28,34.69306640625,21.6171875,0.0
2060-05-29,30.756714460970827,17.9,0.0
2060-05-30,29.0,16.9,0.0
2060-05-31,30.7,15.3,0.0
2060-06-01,30.603299617365053,16.875287680034592,0.0
2060-06-02,28.6,16.643448202370536,0.0
2060-06-03,28.9,14.2,0.0
2060-06-04,29.2,14.18565248466119,0.0
2060-06-05,29.5,14.1,0.0
2060-06-06,30.875054444281897,14.2,0.0
2060-06-07,30.837538814839757,14.162239089184062,0.0
2060-06-08,30.392616233336454,16.928273818180394,0.0
2060-06-09,27.8,15.4,0.0
2060-06-10,26.0,15.984416603243371,0.0
2060-06-11,26.4,13.2,0.0
2060-06-12,26.2,12.6,0.0
2060-06-13,26.5,12.235246692835933,0.0
2060-06-14,27.161517097850655,11.9,0.0
2060-06-15,25.9,12.9,0.0
2060-06-16,26.1,11.1,0.0
2060-06-17,25.7,8.4,0.0
2060-06-18,25.9,8.4,0.0
2060-06-19,26.6,9.9,0.0
2060-06-20,28.0,10.4,0.0
2060-06-21,28.4,11.5,0.0
2060-06-22,29.0,12.0,0.0
2060-06-23,30.88119126020917,11.8622914349277,0.0
2060-06-24,30.657952752992898,12.5,0.0
2060-06-25,27.7,16.29657367179279,0.0
2060-06-26,25.2,16.538008431095488,0.0
2060-06-27,27.9,13.2,0.0
2060-06-28,27.9,12.2,0.0
2060-06-29,28.0,12.3,0.0
2060-06-30,28.65903708799251,12.0,0.0
2060-07-01,31.153786914242268,14.6,0.0
2060-07-02,31.690380859375,15.0,0.0
2060-07-03,30.638708770464135,15.57379385858304,0.0
2060-07-04,30.97041889658722,15.0,0.0
2060-07-05,29.0,15.3,0.0
2060-07-06,26.7,15.0,0.0
2060-07-07,25.0,13.843105931784736,0.0
2060-07-08,26.7,13.6,0.0
2060-07-09,27.5,12.4,0.0
2060-07-10,27.6,13.9,0.0
2060-07-11,27.7,13.4,0.0
2060-07-12,27.4,13.2,0.0
2060-07-13,27.26027448869751,13.072826622393311,0.0
2060-07-14,26.7,12.2,0.0
2060-07-15,26.5,12.1,0.0
2060-07-16,26.882088266953705,11.5,0.0
2060-07-17,28.1,10.7,0.0
2060-07-18,28.71338090112255,9.2,0.0
2060-07-19,28.5,13.346018278140106,0.0
2060-07-20,28.2,13.2,0.0
2060-07-21,28.3,12.9,0.0
2060-07-22,25.2,15.26706135629709,0.0
2060-07-23,22.0,15.318851539471222,0.0
2060-07-24,24.2,12.0,0.0
2060-07-25,23.7,10.8,0.0
2060-07-26,24.525668626314477,9.0,0.0
2060-07-27,26.4,9.8,0.0
2060-07-28,28.1,10.0,0.0
2060-07-29,28.294184829302484,12.329924650161463,0.0
2060-07-30,25.9,14.4,0.0
2060-07-31,25.1,12.8,0.0
2060-08-01,25.0,12.486817918357207,0.0
2060-08-02,25.3,11.8,0.0
2060-08-03,26.5,12.0,0.0
2060-08-04,28.1,12.5,0.0
2060-08-05,30.2,13.1,0.0
2060-08-06,30.0,15.435764262647997,0.0
2060-08-07,28.5,16.0,0.0
2060-08-08,28.7,13.7,0.0
2060-08-09,29.4,12.6,0.0
2060-08-10,29.6,13.2,0.0
2060-08-11,28.0,14.9,0.0
2060-08-12,26.4,13.8,0.0
2060-08-13,28.1,12.1,0.0
2060-08-14,30.9,12.4,0.0
2060-08-15,32.17542265560691,13.5,0.0
2060-08-16,33.61252464825617,16.0,0.0
2060-08-17,38.22998046875,16.9,0.0
2060-08-18,37.68310546875,15.8,0.0
2060-08-19,31.0,25.641357421875,0.0
2060-08-20,29.0,18.0,0.0
2060-08-21,29.0,15.5,0.0
2060-08-22,30.9,14.5,0.0
2060-08-23,32.5,14.0,0.0
2060-08-24,33.1,14.2,0.0
2060-08-25,31.5,18.536729079863015,0.0
2060-08-26,29.0,18.0,0.0
2060-08-27,29.3,15.9,0.0
2060-08-28,31.8,15.7,0.0
2060-08-29,33.298226610342724,15.7,0.0
2060-08-30,34.441672048797976,15.95763493772105,0.0
2060-08-31,31.2,26.092041015625,0.0
2060-09-01,30.9,17.12570488949074,0.0
2060-09-02,32.1,17.5,0.0
2060-09-03,32.3,18.2,0.0
2060-09-04,32.8,17.3,0.0
2060-09-05,33.4,16.9,0.0
2060-09-06,31.7,18.9,0.0
2060-09-07,23.955786622817623,17.7,2.466666666666667
2060-09-08,26.507377731529658,14.7,0.0
2060-09-09,29.1,11.6096112417454,0.0
2060-09-10,30.2,14.4,0.0
2060-09-11,29.1,16.4,0.0
2060-09-12,29.5,16.3,0.0
2060-09-13,30.3,18.2,0.0
2060-09-14,33.3,18.6,0.0
2060-09-15,35.107246699231034,18.146552162069852,0.0
2060-09-16,35.96279986022306,17.87797155569681,0.0
2060-09-17,34.7,22.045617828261282,0.0
2060-09-18,33.1,20.006823194353892,0.0
2060-09-19,32.26585412362943,19.59755083225607,0.0
2060-09-20,33.260220064335755,18.4,0.0
2060-09-21,34.0,19.2,0.0
2060-09-22,34.9,18.6,0.0
2060-09-23,39.22216796875,19.3,0.0
2060-09-24,35.4,22.423915684149048,0.0
2060-09-25,35.3,21.26549701688745,0.0
2060-09-26,35.35568734299035,21.631384753745284,0.0
2060-09-27,34.79467853170189,20.4,0.0
2060-09-28,35.1,19.6,0.0
2060-09-29,34.9,19.6,0.0
2060-09-30,35.43603567663897,19.2,0.0
2060-10-01,35.8,17.9,0.0
2060-10-02,35.5,19.9,0.0
2060-10-03,34.6,19.5,0.0
2060-10-04,34.5,19.0,0.0
2060-10-05,34.4,19.6,0.0
2060-10-06,34.157033595830256,19.4,0.0
2060-10-07,34.4,18.643728929843025,0.0
2060-10-08,35.1,19.0,0.0
2060-10-09,38.03532431710316,19.7,0.0
2060-10-10,38.7388671875,20.6,0.0
2060-10-11,38.166299386312595,22.6,0.0
2060-10-12,36.373353095993544,22.0,0.0
2060-10-13,36.37091000287421,21.9,0.0
2060-10-14,37.256691497944466,22.0,0.0
2060-10-15,37.84323406291108,23.22334861720625,0.0
2060-10-16,32.8,21.3,0.0
2060-10-17,30.6,18.5,0.0
2060-10-18,32.9,17.4,0.0
2060-10-19,34.6,17.4,0.0
2060-10-20,35.5,18.2,0.0
2060-10-21,35.7,19.6,0.0
2060-10-22,33.0,21.3,0.0
2060-10-23,30.5,19.1,0.0
2060-10-24,31.7,18.4,0.0
2060-10-25,33.2,19.8,0.0
2060-10-26,34.4,20.4,0.0
2060-10-27,36.0,22.0,0.0
2060-10-28,38.0519658553086,23.787163777719762,0.0
2060-10-29,34.0,21.0,2.6024000000000003
2060-10-30,33.651193854584584,20.0,6.478482758620691
2060-10-31,28.8,19.9,29.4305263157895
2060-11-01,31.920566061055485,18.8,0.0
2060-11-02,35.6,18.9,0.0
2060-11-03,36.5,19.9,0.0
2060-11-04,36.0,21.9,0.0
2060-11-05,32.6,20.3,0.0
2060-11-06,32.6,19.3,0.0
2060-11-07,33.9,19.1,0.0
2060-11-08,37.3464692795917,21.641856681453294,0.0
2060-11-09,36.493064561346394,23.9126953125,0.0
2060-11-10,36.51181475352015,21.7,0.0
2060-11-11,35.61446453221116,21.5,0.0
2060-11-12,36.4,24.434423828125,0.0
2060-11-13,36.2,24.360205078125,0.0
2060-11-14,35.1,23.021922937103895,0.0
2060-11-15,35.7,23.37584319879231,0.0
2060-11-16,36.4,24.843603515625,0.0
2060-11-17,35.49760119940029,23.320180955029393,0.1
2060-11-18,32.5,19.5,5.9
2060-11-19,29.5534945200409,18.4,22.5
2060-11-20,25.8,18.3,5.0
2060-11-21,28.7,17.7,0.0
2060-11-22,28.7,16.0,0.0
2060-11-23,29.6,15.5,0.0
2060-11-24,30.7,15.2,0.0
2060-11-25,31.7,15.2,0.0
2060-11-26,34.8,15.711282205143414,0.0
2060-11-27,33.3,18.8,0.0
2060-11-28,31.6,19.264414409311996,0.0
2060-11-29,32.7,18.0,0.0
2060-11-30,35.2,17.2,0.0
2060-12-01,33.13659673208155,19.9,0.0
2060-12-02,31.1,19.4,2.7
2060-12-03,32.09160998251761,19.5,0.0
2060-12-04,31.2,19.0,0.5
2060-12-05,31.7,18.6,0.0
2060-12-06,31.6,19.4,1.2
2060-12-07,31.4,19.0,4.0
2060-12-08,30.8,19.4,52.4
2060-12-09,28.9,19.0,28.3
2060-12-10,24.91324919741531,19.0,26.4
2060-12-11,26.9,19.0,10.2
2060-12-12,26.397348943101818,19.2,0.0
2060-12-13,27.157715968476886,19.4,15.2
2060-12-14,29.0,19.0,6.6
2060-12-15,30.5,19.5,15.0
2060-12-16,30.0,19.4,1.0
2060-12-17,28.3,19.5,8.666666666666663
2060-12-18,27.1,19.0,23.8
2060-12-19,26.898876036128577,19.0,21.9
2060-12-20,28.7,19.2,4.8
2060-12-21,29.7,19.2,1.1
2060-12-22,25.5,19.0,11.1
2060-12-23,26.4,19.0,0.0
2060-12-24,26.9,18.2,0.0
2060-12-25,29.8,17.5,0.0
2060-12-26,30.3,18.4,0.0
2060-12-27,30.742756032273725,18.6,0.0
2060-12-28,30.4,19.9,0.0
2060-12-29,29.7,19.6,0.0
2060-12-30,28.7,19.4,0.0
2060-12-31,30.0,19.2,0.0
2061-01-01,29.2,19.0,11.0
2061-01-02,28.9,19.0,6.598130841121494
2061-01-03,29.0,19.3,11.925109034267914
2061-01-04,30.0,18.9,16.0
2061-01-05,29.1,19.1,28.150654205607484
2061-01-06,24.669384774513425,18.9,28.117071651090356
2061-01-07,27.7,18.9,2.4
2061-01-08,27.5,19.0,10.0
2061-01-09,25.4,18.7,0.5
2061-01-10,29.2,18.4,1.3
2061-01-11,30.2,18.7,0.0
2061-01-12,30.0,19.438476969333095,1.9919626168224296
2061-01-13,30.0,19.5,1.0
2061-01-14,29.5,19.5,0.0
2061-01-15,29.1,20.11419352548831,11.373607476635518
2061-01-16,29.9,19.723915344856724,0.0
2061-01-17,30.1,19.899542826006236,0.0
2061-01-18,30.98757831691093,19.0,0.0
2061-01-19,29.5,19.0,11.2
2061-01-20,30.4,19.001297172692386,0.8
2061-01-21,27.138754957701508,19.2,13.830841121495332
2061-01-22,25.0,19.0,25.0
2061-01-23,23.7,18.2,3.8
2061-01-24,23.9,17.6,0.9
2061-01-25,25.5,17.6,0.0
2061-01-26,28.0,17.3,0.0
2061-01-27,29.8,16.545678948301276,0.0
2061-01-28,27.9,19.3,0.0
2061-01-29,29.5,19.0,0.0
2061-01-30,30.6,18.9,0.0
2061-01-31,30.5,18.8,0.5
2061-02-01,30.5,18.63717768322847,6.4
2061-02-02,29.1,19.0,17.4
2061-02-03,27.0,18.9,52.91035353535353
2061-02-04,26.9,18.4,24.460416666666656
2061-02-05,28.8,18.3,27.32777777777778
2061-02-06,30.275100499399777,18.0,0.0
2061-02-07,30.4,18.4,0.0
2061-02-08,28.3,19.0,2.3
2061-02-09,29.0,18.5,11.0
2061-02-10,31.612041277209705,18.0,1.8
2061-02-11,27.9,18.6,1.3
2061-02-12,30.7,19.0,9.8
2061-02-13,26.6,18.9,18.681770833333328
2061-02-14,27.9,19.0,15.6
2061-02-15,29.5,19.2,21.24555555555556
2061-02-16,29.6,18.1,1.6
2061-02-17,31.0,16.5,0.0
2061-02-18,32.55013905442988,19.0,1.4
2061-02-19,31.567843349240025,19.0,1.0
2061-02-20,29.6,19.0,4.0
2061-02-21,31.0,18.7,1.6
2061-02-22,31.6,18.6,4.0
2061-02-23,31.2,18.945124559486985,31.0
2061-02-24,30.0,19.0,24.03379629629629
2061-02-25,27.4,19.0,55.45685975609751
2061-02-26,25.0,18.8,6.4
2061-02-27,27.0,18.4,2.2175925925925934
2061-02-28,28.5,17.9,0.6
2061-03-01,28.0,17.0,0.0
2061-03-02,28.8,16.0,0.0
2061-03-03,29.9,16.4,0.0
2061-03-04,30.7,17.0,0.0
2061-03-05,31.4,17.6,0.0
2061-03-06,30.9,16.5,1.4
2061-03-07,26.0,18.3,40.529243353783244
2061-03-08,25.3,18.3,0.0
2061-03-09,27.4,18.396659661352867,0.0
2061-03-10,29.0,18.3,0.0
2061-03-11,29.2,18.2,1.4
2061-03-12,27.9,18.3,0.0
2061-03-13,28.1,17.6,2.623312883435584
2061-03-14,27.2,18.3,0.0
2061-03-15,27.0,18.5,1.2
2061-03-16,28.1,18.6,0.0
2061-03-17,28.6,18.0,0.0
2061-03-18,29.5,17.0,0.0
2061-03-19,29.0,18.0,0.0
2061-03-20,29.5,16.9,0.0
2061-03-21,30.3,16.2,0.0
2061-03-22,30.6,17.3,0.0
2061-03-23,27.9,19.6,0.0
2061-03-24,24.9,18.7,0.0
2061-03-25,25.6,13.966536095285605,0.0
2061-03-26,26.5,13.4,0.0
2061-03-27,27.8,13.4,0.0
2061-03-28,28.0,13.5,0.0
2061-03-29,27.4,14.2,0.0
2061-03-30,27.2,14.4,0.0
2061-03-31,28.0,17.6,0.0
2061-04-01,28.5,16.5,0.0
2061-04-02,29.2,17.8,0.0
2061-04-03,29.9,17.8,0.0
2061-04-04,27.5,18.7,0.0
2061-04-05,24.6,16.968852459016393,0.0
2061-04-06,27.2,16.4,0.0
2061-04-07,28.019642857142863,16.0,0.0
2061-04-08,28.7,16.2,0.0
2061-04-09,27.5,15.9,0.0
2061-04-10,26.64666666666667,14.3,0.0
2061-04-11,24.2,14.8,0.0
2061-04-12,29.970165745856356,14.2,0.0
2061-04-13,31.7,15.423214285714282,0.0
2061-04-14,31.2,17.7,0.0
2061-04-15,29.1,17.4,0.0
2061-04-16,29.3,15.9,0.0
2061-04-17,27.2,16.5,0.0
2061-04-18,27.2,18.0,9.782539682539682
2061-04-19,27.9,17.8,2.814285714285716
2061-04-20,25.7,17.0,0.0
2061-04-21,27.9,16.6,0.0
2061-04-22,28.6,17.2,0.0
2061-04-23,30.0,15.6,0.0
2061-04-24,28.4,17.7,0.0
2061-04-25,23.0,17.3,0.0
2061-04-26,25.8,15.3,0.0
2061-04-27,26.524561403508773,13.9,0.0
2061-04-28,29.0,12.3,0.0
2061-04-29,30.9,13.9,0.0
2061-04-30,31.6,15.3,0.0
2061-05-01,30.5,15.8,0.0
2061-05-02,29.6,15.0,0.0
2061-05-03,30.0,14.7,0.0
2061-05-04,29.4,15.1,0.0
2061-05-05,30.893651660220115,14.0,0.0
2061-05-06,31.91307308034539,14.800824583138688,0.0
2061-05-07,33.8,16.9,0.0
2061-05-08,31.64935845332584,17.8,0.0
2061-05-09,31.273809537969285,16.67187126101935,0.0
2061-05-10,31.7,15.693779419893504,0.0
2061-05-11,32.0,15.682684665289596,0.0
2061-05-12,31.39050231829546,16.972300896089894,0.0
2061-05-13,31.7,16.9,0.0
2061-05-14,33.85712890625,17.5,0.0
2061-05-15,34.505322265625,17.927871682231196,0.0
2061-05-16,33.8654296875,19.291038873578927,0.0
2061-05-17,32.0,17.929742821400502,0.0
2061-05-18,30.931883186780915,17.886452663301398,0.0
2061-05-19,28.0,16.5,0.0
2061-05-20,27.6,14.822954282348622,0.0
2061-05-21,28.4,14.4,0.0
2061-05-22,29.2,13.9,0.0
2061-05-23,30.419811439812907,13.0,0.0
2061-05-24,29.880046971327907,13.7,0.0
2061-05-25,25.5,14.726047484615211,0.0
2061-05-26,24.1,10.3,0.0
2061-05-27,24.1,7.5,0.0
2061-05-28,25.45752328356812,8.1,0.0
2061-05-29,29.2,10.1,0.0
2061-05-30,30.9,10.2,0.0
2061-05-31,31.0,12.385252960172213,0.0
2061-06-01,27.3,15.538013136289003,0.0
2061-06-02,27.152485557429397,13.2,0.0
2061-06-03,26.9,13.0,0.0
2061-06-04,28.0,12.49158324063775,0.0
2061-06-05,30.303895087321127,12.3,0.0
2061-06-06,31.091273899004268,13.310669141759243,0.0
2061-06-07,31.806982421875,15.182479042273465,0.0
2061-06-08,30.5,16.764480905583856,0.0
2061-06-09,29.555266085123826,14.2,0.0
2061-06-10,30.352286303899216,12.2,0.0
2061-06-11,29.0,14.0,0.0
2061-06-12,26.9,14.1,0.0
2061-06-13,27.6,12.3,0.0
2061-06-14,27.7,12.5,0.0
2061-06-15,26.9,12.4,0.0
2061-06-16,27.357223581757506,12.188219233491763,0.0
2061-06-17,27.5,12.3,0.0
2061-06-18,26.6,11.7,0.0
2061-06-19,26.6,11.1,0.0
2061-06-20,27.19764325953568,7.4,0.0
2061-06-21,27.5,11.0,0.0
2061-06-22,27.2,11.7,0.0
2061-06-23,28.2,10.156195773081203,0.0
2061-06-24,28.29999191020326,9.5,0.0
2061-06-25,26.3,13.0,0.0
2061-06-26,24.9,11.1,0.0
2061-06-27,24.8,9.9,0.0
2061-06-28,25.550038402457766,8.5,0.0
2061-06-29,26.2,6.9,0.0
2061-06-30,23.7,11.1,0.0
2061-07-01,24.2,9.8,0.0
2061-07-02,26.0,9.1,0.0
2061-07-03,28.0,8.5,0.0
2061-07-04,28.0,6.9,0.0
2061-07-05,26.2,13.1,0.0
2061-07-06,26.7,13.0,0.0
2061-07-07,28.2,10.7,0.0
2061-07-08,28.2,11.2,0.0
2061-07-09,28.0,12.1,0.0
2061-07-10,29.0,12.2,0.0
2061-07-11,29.21782092475536,11.3,0.0
2061-07-12,26.7,15.245353426623609,0.0
2061-07-13,25.1,12.85983084730124,0.0
2061-07-14,25.0,10.5,0.0
2061-07-15,25.9,9.5,0.0
2061-07-16,29.0,9.1,0.0
2061-07-17,30.2,10.9,0.0
2061-07-18,29.5,11.4,0.0
2061-07-19,26.7,14.6,0.0
2061-07-20,25.0,13.8,0.0
2061-07-21,24.8,13.0,0.0
2061-07-22,26.2,13.6,0.0
2061-07-23,28.225082762962792,12.85880239889282,0.0
2061-07-24,31.12876514157154,13.1,0.0
2061-07-25,33.774609375,13.4,0.0
2061-07-26,28.602492765842488,12.7,0.0
2061-07-27,27.465643723216278,11.1,0.0
2061-07-28,24.0,12.0,0.0
2061-07-29,24.5,10.6,0.0
2061-07-30,25.7,10.5,0.0
2061-07-31,25.7,11.4,0.0
2061-08-01,26.270344456404732,10.2,0.0
2061-08-02,28.3,9.0,0.0
2061-08-03,27.1,11.7,0.0
2061-08-04,19.451406414574578,13.4,0.0
2061-08-05,23.607201513655077,14.5,0.0
2061-08-06,25.2,11.2,0.0
2061-08-07,26.7,13.4,0.0
2061-08-08,28.1,12.9,0.0
2061-08-09,30.8,12.1,0.0
2061-08-10,30.107680176233504,9.0,0.0
2061-08-11,29.0,14.8,0.0
2061-08-12,29.9,12.0,0.0
2061-08-13,30.1,12.6,0.0
2061-08-14,29.0,14.2,0.0
2061-08-15,29.155885518900778,14.5,0.0
2061-08-16,29.4,14.8,0.0
2061-08-17,29.0,13.5,0.0
2061-08-18,28.7,13.5,0.0
2061-08-19,28.8,13.402587351598537,0.0
2061-08-20,27.896874652017374,15.0,0.0
2061-08-21,27.5,14.4,0.0
2061-08-22,29.0,13.9,0.0
2061-08-23,30.937621097954786,15.0,0.0
2061-08-24,31.4,16.4,0.0
2061-08-25,28.7,18.2,0.0
2061-08-26,28.5,15.6,0.0
2061-08-27,29.7,16.1,0.0
2061-08-28,30.645323877667312,15.8,0.0
2061-08-29,29.1,15.8,0.0
2061-08-30,30.4,14.6,0.0
2061-08-31,31.9,14.3,0.0
2061-09-01,30.9,15.66193548387097,0.0
2061-09-02,30.9,16.9,0.0
2061-09-03,31.7,16.0,0.0
2061-09-04,32.0,16.6,0.0
2061-09-05,32.0,16.99517488567545,0.0
2061-09-06,31.9168743047831,15.9,0.0
2061-09-07,32.6,16.9,0.0
2061-09-08,31.1,18.0,0.0
2061-09-09,31.5,17.275194660734147,0.0
2061-09-10,32.4,16.9,0.0
2061-09-11,33.2,16.9,0.0
2061-09-12,34.9,17.4,0.0
2061-09-13,34.7,20.0,0.0
2061-09-14,32.8,19.4,0.0
2061-09-15,33.1,18.6,0.0
2061-09-16,33.0,18.5,0.0
2061-09-17,33.1,17.7,0.0
2061-09-18,33.3,18.588843159065632,0.0
2061-09-19,33.7,19.2,0.0
2061-09-20,33.1,20.191221363312543,0.0
2061-09-21,32.5,18.6,0.0
2061-09-22,32.7,17.8,0.0
2061-09-23,34.2,17.4,0.0
2061-09-24,34.91311315404917,18.5,0.0
2061-09-25,35.888273407969955,18.7,0.0
2061-09-26,34.4,20.6,0.0
2061-09-27,33.3,19.173142998393274,0.0
2061-09-28,34.6,20.18007992651011,0.0
2061-09-29,35.57101826103079,21.2487259745971,0.0
2061-09-30,35.1,22.82590066412186,0.0
2061-10-01,28.6,19.8,0.0
2061-10-02,28.93105951099492,16.7,0.0
2061-10-03,30.0,16.6,0.0
2061-10-04,27.212004464197268,17.4,0.0
2061-10-05,26.668484054625388,15.8,0.0
2061-10-06,27.3,15.4,0.0
2061-10-07,25.9,15.7,0.0
2061-10-08,29.036588707309914,13.6,0.0
2061-10-09,33.238480701214826,14.0,0.0
2061-10-10,34.5,17.3,0.0
2061-10-11,35.7,18.15267415039212,0.0
2061-10-12,35.2,20.7,0.0
2061-10-13,32.1,20.0,0.0
2061-10-14,31.0,16.9,0.0
2061-10-15,31.6,17.9,0.0
2061-10-16,32.2,16.5,0.0
2061-10-17,33.7,16.5,0.0
2061-10-18,33.1,17.3,0.0
2061-10-19,34.1,16.6,0.0
2061-10-20,35.3,17.5,0.0
2061-10-21,36.93855267625576,17.870513609103483,0.0
2061-10-22,36.6,19.5,0.0
2061-10-23,33.2,20.0,0.0
2061-10-24,35.2,18.9,0.0
2061-10-25,35.6,20.4,0.0
2061-10-26,34.9,20.2,0.0
2061-10-27,36.7,20.2,0.0
2061-10-28,38.12952364138948,21.6,0.0
2061-10-29,38.40927734375,22.0,0.0
2061-10-30,39.103369140625,22.1,0.0
2061-10-31,39.078955078125,24.25556640625,0.0
2061-11-01,37.2,22.0,0.0
2061-11-02,36.0,20.7,0.0
2061-11-03,36.4,20.7,0.0
2061-11-04,38.16316503431994,20.4,0.0
2061-11-05,39.915771484375,21.0,0.0
2061-11-06,40.210205078125,21.9,0.0
2061-11-07,37.900750499215924,22.52927558398222,0.0
2061-11-08,36.870204130715784,20.684597297327066,0.0
2061-11-09,38.89343555572106,21.2,0.0
2061-11-10,39.6650390625,22.025350779618687,0.0
2061-11-11,39.80419921875,22.008568487403164,0.0
2061-11-12,39.914794921875,21.5,0.0
2061-11-13,35.7,21.3,0.0
2061-11-14,36.4873807392134,21.0,0.0
2061-11-15,39.978271484375,20.7,0.0
2061-11-16,40.30517578125,20.6,0.0
2061-11-17,37.032007602265935,21.3,0.0
2061-11-18,31.0,19.2,0.0
2061-11-19,35.62963386548434,19.6,0.0
2061-11-20,36.0,20.0,0.0
2061-11-21,35.0,20.5,0.0
2061-11-22,36.4,21.3,0.0
2061-11-23,36.28627075351212,23.0,0.0
2061-11-24,36.21639646888978,21.2,0.0
2061-11-25,36.45555133526864,20.6,0.0
2061-11-26,37.2,21.246897281132043,0.0
2061-11-27,39.537353515625,21.9,0.0
2061-11-28,37.90973504697317,22.10819629002258,0.0
2061-11-29,32.8,20.4,0.8
2061-11-30,30.1,19.9,20.8
2061-12-01,30.3,19.7,27.6
2061-12-02,28.5,19.4,43.2
2061-12-03,29.6,19.2,10.2
2061-12-04,30.1,19.4,4.2
2061-12-05,29.6,19.4,33.93684210526315
2061-12-06,29.966648147505108,19.5,5.6
2061-12-07,30.4,19.4,10.6
2061-12-08,30.877811625403655,19.2,0.0
2061-12-09,28.7,19.0,1.1
2061-12-10,24.5,18.2,1.7
2061-12-11,26.9,18.2,0.0
2061-12-12,28.3,17.2,0.0
2061-12-13,28.5,16.6,0.0
2061-12-14,29.93654293551858,16.0,0.0
2061-12-15,31.0,16.0,0.0
2061-12-16,30.7,17.0,0.0
2061-12-17,30.1,17.5,0.0
2061-12-18,31.2,17.3,0.0
2061-12-19,32.0,18.11863883335896,0.0
2061-12-20,32.87053980267376,19.2,0.0
2061-12-21,32.11682414384244,20.5,0.0
2061-12-22,31.0,19.4,0.5
2061-12-23,29.9,19.4,4.2
2061-12-24,30.5,19.0,0.0
2061-12-25,30.9,19.6,0.0
2061-12-26,31.0,19.0,0.0
2061-12-27,31.8,19.9,0.0
2061-12-28,32.1,20.3,0.0
2061-12-29,31.1,19.9,0.0
2061-12-30,32.0,19.9,11.0
2061-12-31,30.0,19.5,28.3
2062-01-01,29.2,19.3,12.323364485981315
2062-01-02,30.4,19.33695960772702,0.0
2062-01-03,30.5,20.142283585852685,0.0
2062-01-04,30.8,19.6,0.0
2062-01-05,30.390312163616784,19.3,6.0
2062-01-06,30.3,19.206862885493855,1.9
2062-01-07,31.1,18.8,0.0
2062-01-08,31.7,20.110209561248265,0.0
2062-01-09,31.69272711258138,19.7,0.0
2062-01-10,28.4,19.1,0.0
2062-01-11,28.0,19.2,0.0
2062-01-12,31.1,19.3,0.0
2062-01-13,31.349430586800892,18.3,0.0
2062-01-14,31.1,19.7,5.983177570093458
2062-01-15,31.1,19.4,1.9
2062-01-16,31.1,18.8,1.7
2062-01-17,29.5,18.9,16.89922118380063
2062-01-18,30.083396569669684,19.2,65.05588785046733
2062-01-19,25.2,19.0,11.41390654205608
2062-01-20,27.8,19.3,2.300934579439253
2062-01-21,28.3,19.37934382272449,9.76311526479751
2062-01-22,30.947640016961866,19.0,27.392803738317756
2062-01-23,29.5,19.0,1.5
2062-01-24,31.6,18.5,1.0
2062-01-25,30.4,18.9,3.9
2062-01-26,29.6,19.3,9.4
2062-01-27,31.6,19.0,8.996121495327102
2062-01-28,29.6,19.1,3.8
2062-01-29,29.5,18.4,3.8
2062-01-30,29.2,18.8,6.0
2062-01-31,31.1,19.6,59.90566436407964
2062-02-01,29.6,19.2,23.45238095238096
2062-02-02,29.5,19.2,9.858333333333334
2062-02-03,28.9,19.79176785298634,3.6
2062-02-04,29.1,19.2,12.5
2062-02-05,27.7,19.7,80.58803191489355
2062-02-06,25.5,19.0,79.88391843971624
2062-02-07,26.9,18.9,53.20138888888891
2062-02-08,28.4,18.9,2.6
2062-02-09,28.9,18.9,2.7
2062-02-10,28.2,18.6,18.966666666666665
2062-02-11,25.5,18.8,0.0
2062-02-12,27.2,18.8,0.9
2062-02-13,27.0,18.9,0.0
2062-02-14,27.8,16.6,0.0
2062-02-15,29.2,15.2,0.0
2062-02-16,30.4,16.2,0.0
2062-02-17,30.4,16.6,0.0
2062-02-18,28.6,18.4,0.0
2062-02-19,26.1,16.9,0.8
2062-02-20,29.0,15.0,0.0
2062-02-21,29.309878707144364,16.5,0.0
2062-02-22,30.5,18.6,0.0
2062-02-23,32.32003790432764,19.9,0.0
2062-02-24,32.0,19.1,13.311111111111115
2062-02-25,28.7,18.9,3.6
2062-02-26,29.2,19.047576084220932,0.0
2062-02-27,30.4,20.049171800128452,0.3
2062-02-28,31.0,18.9,0.0
2062-03-01,30.407246376811596,17.8,0.0
2062-03-02,29.9,17.8,0.0
2062-03-03,25.3,19.4,0.0
2062-03-04,26.5,18.7,0.0
2062-03-05,26.5,18.2,0.0
2062-03-06,27.0,18.2,18.510429447852772
2062-03-07,28.6,18.1,14.861349693251544
2062-03-08,27.0,18.2,11.014723926380372
2062-03-09,26.7,18.6,5.036252091466814
2062-03-10,28.2,18.5,16.4
2062-03-11,27.0,18.6,31.9
2062-03-12,30.1,18.328479163463008,4.5
2062-03-13,29.9,18.9,0.0
2062-03-14,27.4,19.0,2.9142857142857155
2062-03-15,25.6,18.6,21.821094856064185
2062-03-16,29.8,18.5,10.52065439672802
2062-03-17,29.9,18.9,17.455623721881395
2062-03-18,26.3,18.4,38.232530300763145
2062-03-19,23.588757396449704,18.2,0.0
2062-03-20,25.6,17.8,0.0
2062-03-21,28.1,18.4,0.0
2062-03-22,27.5,17.3,0.0
2062-03-23,25.1,16.0,0.0
2062-03-24,23.7,15.2,0.0
2062-03-25,24.3,16.7,0.9
2062-03-26,27.2,16.2,0.0
2062-03-27,28.2,16.9,0.0
2062-03-28,28.6,18.4,0.0
2062-03-29,28.1,18.3,0.0
2062-03-30,27.8,17.5,0.0
2062-03-31,28.1,16.2,0.0
2062-04-01,28.9,15.6,0.0
2062-04-02,28.5,16.5,0.0
2062-04-03,28.1,16.6,0.0
2062-04-04,28.9,17.8,0.0
2062-04-05,29.4,18.4,0.0
2062-04-06,30.0,18.407537688442208,0.0
2062-04-07,30.0,18.463819095477383,0.0
2062-04-08,30.4,18.6,0.0
2062-04-09,30.7,17.8,0.0
2062-04-10,28.9,17.8,0.0
2062-04-11,27.4,17.6,0.0
2062-04-12,26.3,14.714150943396225,0.0
2062-04-13,27.1,13.2,0.0
2062-04-14,29.9,14.3,0.0
2062-04-15,31.0,14.6,0.0
2062-04-16,29.7,15.3,0.0
2062-04-17,28.7,15.6,0.0
2062-04-18,27.6,18.4,0.0
2062-04-19,27.6,17.8,0.0
2062-04-20,28.5,16.6,0.0
2062-04-21,28.3,15.2,0.0
2062-04-22,28.4,13.9,0.0
2062-04-23,28.4,12.9,0.0
2062-04-24,28.2,16.1,0.0
2062-04-25,28.030357142857145,15.2,0.0
2062-04-26,28.6,12.6,0.0
2062-04-27,30.4,12.2,0.0
2062-04-28,32.19634408602151,12.9,0.0
2062-04-29,31.8,13.2,0.0
2062-04-30,29.94861878453039,16.6,0.0
2062-05-01,29.0,16.596295733110292,0.0
2062-05-02,29.2,14.6,0.0
2062-05-03,28.7,14.73526819261935,0.0
2062-05-04,27.0,12.8,0.0
2062-05-05,28.0,11.4,0.0
2062-05-06,25.8,13.377649085037655,0.0
2062-05-07,25.9,16.5,0.0
2062-05-08,25.8,15.7,0.0
2062-05-09,27.5,14.9,0.0
2062-05-10,29.4,13.3,0.0
2062-05-11,29.5,14.7,0.0
2062-05-12,29.5,16.2,0.0
2062-05-13,28.4,16.2,0.0
2062-05-14,27.6,16.10506836451915,0.0
2062-05-15,27.2,14.0,0.0
2062-05-16,27.8,13.1,0.0
2062-05-17,28.6,12.6,0.0
2062-05-18,30.5,14.7,0.0
2062-05-19,30.7,15.2691838156145,0.0
2062-05-20,30.759871122252306,16.0,0.0
2062-05-21,30.2,16.2,0.0
2062-05-22,28.0,14.5,0.0
2062-05-23,28.0,11.5,0.0
2062-05-24,29.063123902328474,13.0,0.0
2062-05-25,29.7,14.605953465264536,0.0
2062-05-26,30.1,14.7,0.0
2062-05-27,28.6,15.0,0.0
2062-05-28,27.4,12.7,0.0
2062-05-29,28.0,12.0,0.0
2062-05-30,28.92905920344456,12.3,0.0
2062-05-31,29.1,12.56829690644451,0.0
2062-06-01,27.8,14.1,0.0
2062-06-02,25.6,12.7,0.0
2062-06-03,25.5,11.0,0.0
2062-06-04,26.2,11.0,0.0
2062-06-05,28.2,12.1,0.0
2062-06-06,29.885345120309122,12.2,0.0
2062-06-07,29.5,11.7,0.0
2062-06-08,30.5,13.2,0.0
2062-06-09,30.66266338423004,15.0,0.0
2062-06-10,30.67391348000813,16.4,0.0
2062-06-11,29.503691235876126,15.826868563637044,0.0
2062-06-12,28.0,14.2,0.0
2062-06-13,27.2,14.0,0.0
2062-06-14,28.3,11.540615498702264,0.0
2062-06-15,27.4,12.9,0.0
2062-06-16,25.6,12.4,0.0
2062-06-17,25.6,9.9,0.0
2062-06-18,25.457186804783092,9.6,0.0
2062-06-19,26.3,13.346898429712674,0.0
2062-06-20,27.9,11.425892016770774,0.0
2062-06-21,20.1,14.2,0.0
2062-06-22,23.5,16.800714547809143,0.0
2062-06-23,25.9,12.0,0.0
2062-06-24,25.9,9.9,0.0
2062-06-25,25.22452493511309,9.9,0.0
2062-06-26,25.2,9.7,0.0
2062-06-27,27.069900247586936,9.594821406501055,0.0
2062-06-28,28.5,8.7,0.0
2062-06-29,28.6,8.4,0.0
2062-06-30,27.5,12.708800475981075,0.0
2062-07-01,26.7,13.6,0.0
2062-07-02,26.9,11.2,0.0
2062-07-03,28.2,11.2,0.0
2062-07-04,27.6,12.9,0.0
2062-07-05,28.1,12.9,0.0
2062-07-06,27.0,13.8,0.0
2062-07-07,27.2,11.8227576538914,0.0
2062-07-08,28.42856046638032,11.2,0.0
2062-07-09,28.0,10.4,0.0
2062-07-10,25.7,12.0,0.0
2062-07-11,26.7,10.3,0.0
2062-07-12,26.9,10.4,0.0
2062-07-13,28.5,10.0,0.0
2062-07-14,27.7,13.4,0.0
2062-07-15,23.1,14.118463460435423,0.0
2062-07-16,23.6,12.0,0.0
2062-07-17,25.27506279153211,9.1,0.0
2062-07-18,25.1,11.0,0.0
2062-07-19,25.6,11.2,0.0
2062-07-20,26.7,10.0,0.0
2062-07-21,25.688405847425255,11.2,0.0
2062-07-22,24.6,9.4,0.0
2062-07-23,25.5,9.4,0.0
2062-07-24,26.0,9.8,0.0
2062-07-25,26.7,10.4,0.0
2062-07-26,29.0,8.3,0.0
2062-07-27,28.960005535906493,8.0,0.0
2062-07-28,20.181307185145318,13.5,0.0
2062-07-29,22.8,11.0,0.0
2062-07-30,25.2,6.7,0.0
2062-07-31,27.3,6.5,0.0
2062-08-01,28.0,8.4,0.0
2062-08-02,26.4,13.0,0.0
2062-08-03,24.9,12.9,0.0
2062-08-04,25.1,12.3,0.0
2062-08-05,26.4,11.991013937623194,0.0
2062-08-06,26.7,12.5,0.0
2062-08-07,25.7,13.2,0.0
2062-08-08,26.5,11.0,0.0
2062-08-09,30.9,10.2,0.0
2062-08-10,33.1,11.3,0.0
2062-08-11,37.614990234375,14.7,0.0
2062-08-12,38.25537109375,18.533331624720216,0.0
2062-08-13,34.336591824875846,21.103609641981134,0.0
2062-08-14,37.62939453125,18.98555296114783,0.0
2062-08-15,39.590087890625,19.144976239859254,0.0
2062-08-16,40.498046875,24.625914515433408,0.0
2062-08-17,40.443603515625,22.116164114202,0.0
2062-08-18,39.67822265625,26.304931640625,0.0
2062-08-19,40.240478515625,26.442626953125,0.0
2062-08-20,40.66259765625,26.3251953125,0.0
2062-08-21,39.980712890625,26.731201171875,0.0
2062-08-22,38.296630859375,27.6064453125,0.0
2062-08-23,38.2216796875,26.011962890625,0.0
2062-08-24,39.192626953125,18.920429497331686,0.0
2062-08-25,34.57470398277718,26.6201171875,0.0
2062-08-26,32.94892895586652,19.079846543621496,0.0
2062-08-27,38.93994140625,19.0,0.0
2062-08-28,39.33251953125,25.972412109375,0.0
2062-08-29,28.3,21.298331655869905,0.0
2062-08-30,28.1,16.9,0.0
2062-08-31,27.2,14.7500230662771,0.0
2062-09-01,28.5,11.0,0.0
2062-09-02,31.7,10.59912818260552,0.0
2062-09-03,33.2,14.1,0.0
2062-09-04,33.2,16.829555988134967,0.0
2062-09-05,33.8,17.4,0.0
2062-09-06,33.7,17.6,0.0
2062-09-07,34.0,17.6,0.0
2062-09-08,34.6,19.0,0.0
2062-09-09,35.1,19.5,0.0
2062-09-10,35.3,19.0,0.0
2062-09-11,35.918934440878886,18.5,0.0
2062-09-12,36.0,19.104012688996004,0.0
2062-09-13,39.152587890625,20.2,0.0
2062-09-14,40.293701171875,20.5,0.0
2062-09-15,39.759521484375,21.74141932902024,0.0
2062-09-16,35.144577066305565,22.419014848261554,0.0
2062-09-17,35.1,20.132837331752704,0.0
2062-09-18,34.7,20.2,0.0
2062-09-19,33.4,19.2,0.0
2062-09-20,33.3,18.6,0.0
2062-09-21,34.6,18.2,0.0
2062-09-22,34.9,19.093836707452727,0.0
2062-09-23,35.3,20.07400176441257,0.0
2062-09-24,35.82392513420711,21.369596738211897,0.0
2062-09-25,34.9,21.592032625978145,0.0
2062-09-26,33.8,20.6,0.0
2062-09-27,32.4,20.4,0.0
2062-09-28,31.2,19.4,0.0
2062-09-29,32.0,17.4,0.0
2062-09-30,33.0,17.5,0.0
2062-10-01,28.7,16.5,0.0
2062-10-02,29.0,16.7,0.0
2062-10-03,31.8,15.4,0.0
2062-10-04,33.2,16.6,0.0
2062-10-05,33.3,17.9,0.0
2062-10-06,32.5,18.5,0.0
2062-10-07,33.2,19.6,0.0
2062-10-08,34.4,20.0,0.0
2062-10-09,35.5,19.4,0.0
2062-10-10,35.4,20.1,0.0
2062-10-11,33.9,19.802524708875623,0.0
2062-10-12,33.1,19.4,0.0
2062-10-13,33.2,19.2,0.0
2062-10-14,34.2,19.7,0.0
2062-10-15,33.4,20.2,0.0
2062-10-16,33.94959634015069,19.0,0.0
2062-10-17,34.99222075018629,19.0,0.0
2062-10-18,34.9,20.2,0.0
2062-10-19,34.8,20.8,0.0
2062-10-20,35.4,20.4,0.0
2062-10-21,35.6,21.15932739667938,0.0
2062-10-22,33.5,21.9,0.0
2062-10-23,33.6,20.6,0.0
2062-10-24,35.1,20.0,0.0
2062-10-25,35.057767334401,20.328014861627135,0.0
2062-10-26,34.45062479524499,20.5,0.0
2062-10-27,38.09151518993259,19.8,0.0
2062-10-28,37.56611263029102,20.4,0.0
2062-10-29,36.6,21.9,0.0
2062-10-30,35.0,21.3,0.0
2062-10-31,34.7,20.8,0.0
2062-11-01,35.2,19.5,0.0
2062-11-02,36.4,19.28992773989757,0.0
2062-11-03,36.5,19.235523290191182,0.0
2062-11-04,36.5,19.5,0.0
2062-11-05,38.94695594786337,19.9,0.0
2062-11-06,36.615487669225956,20.7,0.0
2062-11-07,37.326766398360384,20.623926746304267,0.0
2062-11-08,39.6142578125,20.4,0.0
2062-11-09,40.3037109375,20.7,0.0
2062-11-10,40.189697265625,21.4,0.0
2062-11-11,40.189208984375,21.985864635920258,0.0
2062-11-12,40.397216796875,22.3,0.0
2062-11-13,40.191162109375,23.34434570157317,0.0
2062-11-14,40.30810546875,23.0,0.0
2062-11-15,40.118896484375,23.15849574981435,0.0
2062-11-16,37.2,23.362844231686,0.0
2062-11-17,38.2959391193467,25.845556640625,0.0
2062-11-18,39.64111328125,25.2125,0.0
2062-11-19,34.208395653289976,26.165380859375,0.0
2062-11-20,31.0,20.017587676034168,13.382044042913602
2062-11-21,31.2,19.0,1.0
2062-11-22,31.0,21.064074898034857,0.0
2062-11-23,31.8,20.604991052860665,0.0
2062-11-24,31.9,22.3,0.0
2062-11-25,32.6,21.426739494961243,0.0
2062-11-26,33.4,21.750131675270726,0.0
2062-11-27,34.541139727902795,20.0,0.0
2062-11-28,34.0,19.1,0.0
2062-11-29,33.7,18.771309340127022,0.0
2062-11-30,32.4,19.9,0.0
2062-12-01,33.07141867083474,20.57841605890801,0.0
2062-12-02,34.1216132625729,19.0,0.0
2062-12-03,23.7,18.6,35.58571428571429
2062-12-04,25.093250654273312,19.0,0.0
2062-12-05,24.6,18.6,0.0
2062-12-06,24.78638320775027,18.0,0.0
2062-12-07,29.5,17.8,1.6
2062-12-08,30.8,18.8,4.4
2062-12-09,29.7,19.2,23.8
2062-12-10,30.0,19.4,0.4
2062-12-11,29.992680301399343,18.9,0.0
2062-12-12,30.0,19.4,0.0
2062-12-13,29.6,19.0,0.0
2062-12-14,30.7,19.2,0.0
2062-12-15,31.0,18.9,0.0
2062-12-16,27.950029565750043,19.0,0.0
2062-12-17,27.1,18.5,0.0
2062-12-18,26.2,19.0,19.8
2062-12-19,28.5,19.0,3.4
2062-12-20,27.6,19.0,52.56842105263158
2062-12-21,26.0,18.7,59.3653846153846
2062-12-22,29.0,19.2,14.193333333333332
2062-12-23,28.0,19.2,35.0
2062-12-24,25.4,19.2,16.14
2062-12-25,25.776873395710854,19.2,0.0
2062-12-26,28.6,19.4,0.0
2062-12-27,28.91684040564274,19.565046323662074,0.0
2062-12-28,30.0,19.4,3.3499999999999996
2062-12-29,28.6,19.0,16.26
2062-12-30,24.996449055996262,18.9,28.3
2062-12-31,26.372572087219105,19.0,1.0
2063-01-01,29.2,18.2,0.0
2063-01-02,30.0,18.6,0.0
2063-01-03,30.6,18.1,0.0
2063-01-04,30.9,18.6,0.0
2063-01-05,31.1,19.2,0.0
2063-01-06,29.5,19.3,0.0
2063-01-07,29.5,18.1,0.0
2063-01-08,29.5,17.6,0.0
2063-01-09,30.0,18.9,1.4
2063-01-10,30.7,19.6,3.2
2063-01-11,30.0,18.9,2.2
2063-01-12,31.6,19.1,22.0
2063-01-13,28.7,19.359935359080854,15.65700934579439
2063-01-14,29.0,19.234769390575536,20.822803738317756
2063-01-15,27.2,19.3,6.468598130841123
2063-01-16,27.4,19.4,6.0
2063-01-17,26.310206001461957,19.4,9.9
2063-01-18,28.5,19.3770462475891,2.7
2063-01-19,27.8,19.2,8.416822429906546
2063-01-20,26.3,19.6,10.7
2063-01-21,25.4,19.2,3.4
2063-01-22,27.3,19.0,2.3
2063-01-23,28.6,18.9,1.4
2063-01-24,29.5,19.0,6.43981308411215
2063-01-25,27.4,19.1,20.912523364485985
2063-01-26,26.7,19.0,40.11531272465853
2063-01-27,26.07546170244201,19.2,5.6
2063-01-28,24.8,18.9,35.040166147455864
2063-01-29,29.2,19.3,52.82448598130845
2063-01-30,30.0,19.1,55.42233644859815
2063-01-31,29.0,19.1,39.747663551401864
2063-02-01,28.5,19.0,46.180405405405416
2063-02-02,28.4,19.1,15.925694444444446
2063-02-03,30.0,19.0,23.45238095238096
2063-02-04,29.6,19.0,27.630555555555553
2063-02-05,27.0,18.9,26.887777777777774
2063-02-06,26.0,17.6,8.910763888888887
2063-02-07,31.7,17.4,16.340277777777782
2063-02-08,30.0,17.5,1.6
2063-02-09,27.2,19.0,13.5
2063-02-10,26.9,17.8,5.966666666666666
2063-02-11,28.8,17.00676822706806,8.4
2063-02-12,28.6,18.7,12.174999999999995
2063-02-13,27.3,19.1,6.7534722222222205
2063-02-14,26.8,18.9,18.719791666666662
2063-02-15,28.1,19.0,10.4
2063-02-16,30.638044523049707,18.5,53.990243902438976
2063-02-17,26.2,18.707973382475185,21.205000000000005
2063-02-18,27.7,18.8,13.5
2063-02-19,28.1,18.8,0.0
2063-02-20,26.964227800314085,19.0,0.0
2063-02-21,28.1,18.6,0.0
2063-02-22,28.7,16.9,0.0
2063-02-23,28.4,16.5,0.0
2063-02-24,30.5,20.05930226124066,0.0
2063-02-25,30.5,18.3,0.0
2063-02-26,30.4,17.6,0.0
2063-02-27,30.7,16.9,0.0
2063-02-28,30.7,17.6,0.0
2063-03-01,29.6,17.6,0.0
2063-03-02,29.9,17.2,0.0
2063-03-03,30.5,16.6,0.0
2063-03-04,31.0,17.5,0.0
2063-03-05,26.9,18.3,5.736809815950918
2063-03-06,28.2,18.0,0.0
2063-03-07,29.5,17.2,0.0
2063-03-08,30.0,16.2,0.0
2063-03-09,30.6,16.4,0.0
2063-03-10,31.8,16.931723819775485,0.0
2063-03-11,33.1672131147541,17.1,0.0
2063-03-12,29.9,18.8,1.4
2063-03-13,26.4,18.1,1.4
2063-03-14,29.9,17.4,0.0
2063-03-15,30.4,17.7,0.0
2063-03-16,29.7,17.0,0.0
2063-03-17,29.9,15.8,0.0
2063-03-18,29.8,16.7,2.2
2063-03-19,30.0,18.6,0.0
2063-03-20,32.58235294117647,18.0,0.0
2063-03-21,32.0,19.9,0.6705521472392638
2063-03-22,30.2,19.3,0.0
2063-03-23,25.0,18.1,1.2
2063-03-24,29.5,18.6,0.0
2063-03-25,29.5,17.5,0.0
2063-03-26,30.1,16.6,0.0
2063-03-27,31.0,16.4,0.0
2063-03-28,31.978205128205122,17.5,0.0
2063-03-29,29.4,19.3,1.4
2063-03-30,28.7,17.6,0.0
2063-03-31,30.0,16.2,0.0
2063-04-01,31.77979797979798,15.7,0.0
2063-04-02,31.7,15.9,0.0
2063-04-03,31.7,15.454464285714284,0.0
2063-04-04,31.4,16.6,0.0
2063-04-05,30.7,17.0,0.0
2063-04-06,28.9,17.8,0.0
2063-04-07,30.6,18.0,0.0
2063-04-08,28.5,17.8,0.0
2063-04-09,27.7,17.8,0.0
2063-04-10,27.9,16.0,0.0
2063-04-11,22.43885135135135,17.0,0.8
2063-04-12,27.6,16.4,0.0
2063-04-13,28.6,15.5,0.0
2063-04-14,30.2,16.0,0.0
2063-04-15,31.7,17.5,0.0
2063-04-16,32.475625,18.0,0.0
2063-04-17,32.40589285714286,17.6,0.0
2063-04-18,31.592086330935256,17.8,0.0
2063-04-19,31.2,17.9,0.0
2063-04-20,31.4,17.8,0.0
2063-04-21,32.2,17.6,0.0
2063-04-22,32.91630434782609,18.14931506849315,0.0
2063-04-23,33.83730703259005,18.7,0.0
2063-04-24,32.4,19.0,0.0
2063-04-25,29.928176795580107,17.8,0.0
2063-04-26,29.2,16.6,0.0
2063-04-27,29.9,16.7,0.0
2063-04-28,29.9,17.0,0.0
2063-04-29,28.2,16.4,0.0
2063-04-30,28.6,16.6,0.0
2063-05-01,31.006564694724005,18.86643397708744,0.0
2063-05-02,32.82261625106303,18.77570423830927,0.0
2063-05-03,34.367138671875,20.3662109375,0.0
2063-05-04,32.314681202924106,18.0,0.0
2063-05-05,31.7,17.532519954281565,0.0
2063-05-06,32.0,15.7,0.0
2063-05-07,31.0,16.9,0.0
2063-05-08,28.9,16.7,0.0
2063-05-09,30.739602034023857,15.5,0.0
2063-05-10,30.7,16.5,0.0
2063-05-11,30.7,16.3,0.0
2063-05-12,30.051543171751742,16.02673812304849,0.0
2063-05-13,29.953281228061954,14.6,0.0
2063-05-14,30.0,14.067692859705756,0.0
2063-05-15,29.7,13.4,0.0
2063-05-16,30.2,14.5,0.0
2063-05-17,30.7,15.0,0.0
2063-05-18,28.1,16.398242712244105,0.0
2063-05-19,23.7,15.9,1.2285714285714286
2063-05-20,23.5,11.4,0.0
2063-05-21,24.2,8.4,0.0
2063-05-22,25.3,9.6,0.0
2063-05-23,27.1,10.9,0.0
2063-05-24,29.0,12.1,0.0
2063-05-25,29.6,11.8,0.0
2063-05-26,27.6,13.9,0.0
2063-05-27,27.2,11.9,0.0
2063-05-28,25.6,14.6,0.0
2063-05-29,27.7,12.6,0.0
2063-05-30,28.3,12.341813180241589,0.0
2063-05-31,29.0,12.2,0.0
2063-06-01,29.0,13.2,0.0
2063-06-02,29.19311757331781,13.2,0.0
2063-06-03,30.588513591263773,13.5,0.0
2063-06-04,30.653519217710894,13.305994394926547,0.0
2063-06-05,27.963146551724133,16.890236280571845,0.0
2063-06-06,26.4,16.489448934283494,0.0
2063-06-07,27.388051239728735,13.2,0.0
2063-06-08,27.4,11.7,0.0
2063-06-09,28.0,9.0,0.0
2063-06-10,26.6,9.8,0.0
2063-06-11,17.08543624709565,12.0,0.0
2063-06-12,23.5,10.9,0.0
2063-06-13,24.8,9.9,0.0
2063-06-14,26.3,10.2,0.0
2063-06-15,25.0,11.5,0.0
2063-06-16,21.258211143695014,10.5,0.0
2063-06-17,20.1,13.705187582161996,0.0
2063-06-18,22.9,13.2,0.0
2063-06-19,20.60224608539403,13.8,0.0
2063-06-20,22.9,13.409750786926379,0.0
2063-06-21,26.6,12.1,0.0
2063-06-22,28.327484172054174,16.289309995660357,0.0
2063-06-23,29.0,14.1,0.0
2063-06-24,28.952034153174317,13.0,0.0
2063-06-25,26.3,13.8,0.0
2063-06-26,24.6,11.5,0.0
2063-06-27,24.7,9.7,0.0
2063-06-28,26.6,9.6,0.0
2063-06-29,27.69074165092998,10.7,0.0
2063-06-30,26.7,12.4,0.0
2063-07-01,27.6,13.5,0.0
2063-07-02,27.6,12.4,0.0
2063-07-03,26.2,13.2,0.0
2063-07-04,23.7,12.2,0.0
2063-07-05,21.1,12.9,0.0
2063-07-06,22.9,9.5,0.0
2063-07-07,23.6,9.0,0.0
2063-07-08,24.0,9.0,0.0
2063-07-09,24.0,6.6,0.0
2063-07-10,23.6,10.4,0.0
2063-07-11,24.2,9.2,0.0
2063-07-12,21.7,12.0,0.0
2063-07-13,24.6,8.9,0.0
2063-07-14,27.1,9.5,0.0
2063-07-15,27.7,7.7,0.0
2063-07-16,27.6,11.1,0.0
2063-07-17,26.7,12.0,0.0
2063-07-18,24.7,12.4,0.0
2063-07-19,24.4,11.2,0.0
2063-07-20,25.6,10.2,0.0
2063-07-21,27.1,7.7,0.0
2063-07-22,29.5,9.4,0.0
2063-07-23,30.2,11.5,0.0
2063-07-24,29.7,14.440146393972007,0.0
2063-07-25,25.8,15.356315412577079,0.0
2063-07-26,21.5,15.563188675532707,0.0
2063-07-27,24.7,12.7,0.0
2063-07-28,24.3,11.2,0.0
2063-07-29,26.4,12.0,0.0
2063-07-30,28.3,12.7,0.0
2063-07-31,29.12990997162148,15.0,0.0
2063-08-01,30.4,16.9,0.0
2063-08-02,31.50483278274748,17.4,0.0
2063-08-03,32.5,18.0,0.0
2063-08-04,31.2,18.551305258378918,0.0
2063-08-05,28.3,17.7,0.0
2063-08-06,25.5,14.6,0.0
2063-08-07,24.1,12.9,0.0
2063-08-08,25.5,11.8,0.0
2063-08-09,29.5,12.3,0.0
2063-08-10,31.1,11.9,0.0
2063-08-11,31.2,10.2,0.0
2063-08-12,31.1,13.5,0.0
2063-08-13,31.1,14.6,0.0
2063-08-14,29.2,13.7,0.0
2063-08-15,27.5,14.369866396504776,0.0
2063-08-16,27.9,13.5,0.0
2063-08-17,28.3,13.749651955507714,0.0
2063-08-18,28.8,13.4,0.0
2063-08-19,27.2,15.2,0.0
2063-08-20,25.8,14.6,0.0
2063-08-21,26.594886975242193,13.8,0.0
2063-08-22,26.987621097954786,13.645099500427808,0.0
2063-08-23,27.7,14.0,0.0
2063-08-24,28.0,14.2,0.0
2063-08-25,27.7,14.4,0.0
2063-08-26,27.4,14.9,0.0
2063-08-27,27.1,15.2,0.0
2063-08-28,28.8,15.7,0.0
2063-08-29,31.0,17.7,0.0
2063-08-30,32.85787215855123,19.0,0.0
2063-08-31,32.54084386026731,18.58692373971476,0.0
2063-09-01,31.4,17.0,0.0
2063-09-02,31.4,17.0,0.0
2063-09-03,31.0,16.9,0.0
2063-09-04,31.5,16.0,0.0
2063-09-05,29.4,17.5,0.0
2063-09-06,28.0,16.0,0.0
2063-09-07,29.0,14.6,0.0
2063-09-08,31.3,13.7,0.0
2063-09-09,32.5,15.2,0.0
2063-09-10,31.7,17.5,0.0
2063-09-11,31.1,16.1,0.0
2063-09-12,32.0,14.8,0.0
2063-09-13,32.1,16.7,0.0
2063-09-14,29.4,17.7,0.0
2063-09-15,28.29970427846659,15.6,0.0
2063-09-16,30.4,14.4,0.0
2063-09-17,32.0,15.2,0.0
2063-09-18,33.0,16.4,0.0
2063-09-19,33.2,18.2,0.0
2063-09-20,33.5,18.9,0.0
2063-09-21,33.9,18.830146703884825,0.0
2063-09-22,32.7,18.7,0.0
2063-09-23,32.0,17.4,0.0
2063-09-24,33.0,18.1,0.0
2063-09-25,33.7,19.0,0.0
2063-09-26,34.41140643600102,19.55298980849593,0.0
2063-09-27,34.7,18.9,0.0
2063-09-28,35.3,19.3,0.0
2063-09-29,35.4,19.459936514826772,0.0
2063-09-30,36.0,19.6,0.0
2063-10-01,35.5,19.47822030857552,0.0
2063-10-02,33.1,20.3,0.0
2063-10-03,33.6,17.9,0.0
2063-10-04,34.3,18.4,0.0
2063-10-05,34.8,19.110066738428408,0.0
2063-10-06,33.5,20.4,0.0
2063-10-07,33.0,19.4,0.0
2063-10-08,34.3,18.3,0.0
2063-10-09,33.9,19.6,0.0
2063-10-10,32.3,19.362588207152243,0.0
2063-10-11,32.4,18.5,0.0
2063-10-12,33.8,18.760914779879947,0.0
2063-10-13,35.31197317214538,19.4,0.0
2063-10-14,34.6,21.0,0.0
2063-10-15,34.0,19.6,0.0
2063-10-16,34.5,19.9,0.0
2063-10-17,34.5,20.6,0.0
2063-10-18,35.6,20.265515915731193,0.0
2063-10-19,36.4,20.7,0.0
2063-10-20,33.2,21.3,0.0
2063-10-21,32.1,19.4,0.0
2063-10-22,32.9,19.0,0.0
2063-10-23,36.344035978561635,18.9,0.0
2063-10-24,37.312520481263256,20.0,0.0
2063-10-25,38.421484375,21.9,0.0
2063-10-26,36.7,23.38462373358985,0.0
2063-10-27,36.6,21.6,0.0
2063-10-28,37.09037970037892,21.70356163522506,0.0
2063-10-29,37.21049226706494,21.7,0.0
2063-10-30,36.33621808057979,21.1,0.0
2063-10-31,34.9,21.8,0.0
2063-11-01,35.59361790878754,19.9,0.0
2063-11-02,36.4,21.114292683878766,0.0
2063-11-03,33.8,21.332816429859125,0.0
2063-11-04,36.0,19.9,0.0
2063-11-05,36.0,20.7,0.0
2063-11-06,35.5,19.9,3.17905138339921
2063-11-07,29.9,19.2,10.373913043478261
2063-11-08,28.025126095426426,18.0,5.8
2063-11-09,29.9,18.9,0.0
2063-11-10,30.9,18.4,0.0
2063-11-11,32.61580418754368,18.6,0.0
2063-11-12,35.6,20.3,0.0
2063-11-13,36.500901815024804,19.9,0.0
2063-11-14,39.77294921875,21.3,0.0
2063-11-15,40.05029296875,24.743505859375,0.0
2063-11-16,38.20590737676003,22.994314784010786,0.0
2063-11-17,36.90331513779788,23.757369823913375,0.0
2063-11-18,35.6,23.15849574981435,0.0
2063-11-19,39.64990234375,24.691259765625,0.0
2063-11-20,39.730224609375,25.3404296875,0.0
2063-11-21,35.1,21.9,0.0
2063-11-22,32.0,19.5,2.2608695652173902
2063-11-23,31.0,18.6,1.2
2063-11-24,31.0,19.2,3.1286561264822126
2063-11-25,30.1,19.3,1.6
2063-11-26,31.3,18.7,1.3
2063-11-27,31.3,17.5,0.0
2063-11-28,32.6,18.8,0.0
2063-11-29,32.2,19.0,5.0
2063-11-30,29.9,19.2,6.609796725014113
2063-12-01,27.9,19.5,12.0
2063-12-02,30.6,19.2,0.9
2063-12-03,30.8,18.6,0.0
2063-12-04,31.0,19.6,0.0
2063-12-05,30.3,19.8,13.5
2063-12-06,26.4,19.0,53.86436781609195
2063-12-07,29.7,19.5,0.0
2063-12-08,29.9,19.4,2.3
2063-12-09,29.4,19.41764625067831,0.9
2063-12-10,28.5,19.5,3.6
2063-12-11,30.297355066892194,19.5,7.6
2063-12-12,28.3,19.4,27.900000000000002
2063-12-13,28.4,19.4,53.54285714285712
2063-12-14,27.1,19.4,12.728571428571426
2063-12-15,28.2,19.2,13.4
2063-12-16,30.1,18.6,0.0
2063-12-17,31.0,17.9,0.0
2063-12-18,31.4,18.8,1.3
2063-12-19,30.0,19.4,1.0
2063-12-20,30.115943069010886,18.9,2.533333333333334
2063-12-21,25.6,19.0,13.5
2063-12-22,25.8,19.2,0.0
2063-12-23,26.8,18.3,0.0
2063-12-24,25.4,17.6,0.0
2063-12-25,28.0,16.4,0.0
2063-12-26,30.1,17.2,0.0
2063-12-27,30.7,18.3,0.4
2063-12-28,28.2,19.0,2.4
2063-12-29,29.0,18.5,0.0
2063-12-30,28.1,17.4,0.0
2063-12-31,29.6,16.0,0.0
2064-01-01,30.4,16.381344704810797,0.0
2064-01-02,30.2,17.0,0.0
2064-01-03,30.926581557582626,16.6,0.0
2064-01-04,31.1,17.5,0.0
2064-01-05,31.5,18.1,0.0
2064-01-06,31.281430736331153,19.20216189697688,0.6
2064-01-07,31.1,19.7,0.0
2064-01-08,30.9,19.8,0.0
2064-01-09,31.674241742972622,19.2,0.0
2064-01-10,31.7,19.7,1.0
2064-01-11,31.101155575254854,19.2,14.0
2064-01-12,29.4,19.5,8.86943925233645
2064-01-13,31.0,19.2,15.5
2064-01-14,30.9,19.6,36.28051921079958
2064-01-15,26.4,19.0,27.367616822429905
2064-01-16,25.9,19.2,0.0
2064-01-17,28.7,19.352438008639073,32.25588785046729
2064-01-18,29.7,19.29356748498206,11.0
2064-01-19,28.5,19.00726350598788,29.40261682242992
2064-01-20,29.8,19.0,11.021831775700926
2064-01-21,29.9,19.0,5.0
2064-01-22,28.9,19.1,18.399252336448605
2064-01-23,26.0,18.6,1.0
2064-01-24,27.6,17.34294644260394,0.0
2064-01-25,28.5,18.7,0.0
2064-01-26,28.7,18.2,0.0
2064-01-27,29.5,19.2,10.819299065420562
2064-01-28,28.4,18.8,10.6
2064-01-29,29.0,18.8,0.0
2064-01-30,28.6,17.6,0.0
2064-01-31,29.2,19.4,0.0
2064-02-01,30.9,19.0,6.4
2064-02-02,30.0,18.675804887845896,0.0
2064-02-03,31.0,16.8,0.0
2064-02-04,28.9,18.7,1.5
2064-02-05,30.0,18.9,24.9
2064-02-06,28.6,18.65800703660446,32.84218749999998
2064-02-07,29.7,18.5,26.619444444444444
2064-02-08,29.2,18.9,27.525925925925925
2064-02-09,27.5,19.0,2.2
2064-02-10,28.7,19.0,17.790740740740738
2064-02-11,29.7828562141077,19.0,21.161988304093565
2064-02-12,27.4,19.0,21.113961988304094
2064-02-13,28.0,18.8,9.8
2064-02-14,24.9,18.7,6.5
2064-02-15,27.6,18.2,0.0
2064-02-16,29.19128486293206,16.9,0.0
2064-02-17,30.5,17.5,0.0
2064-02-18,29.1,18.81508014160425,0.0
2064-02-19,28.2,18.9,0.0
2064-02-20,28.6,17.8,0.0
2064-02-21,29.3,16.9,0.0
2064-02-22,30.2,17.5,0.0
2064-02-23,28.7,17.7,0.0
2064-02-24,30.2,16.8,0.0
2064-02-25,30.9,16.5,0.0
2064-02-26,29.9,16.0,0.0
2064-02-27,29.1,16.5,0.0
2064-02-28,29.2,16.5,0.0
2064-03-01,30.0,16.0,0.0
2064-03-02,30.1,18.9,0.0
2064-03-03,30.1,18.7,0.0
2064-03-04,31.1,18.3,0.0
2064-03-05,32.439849624060145,16.9,0.0
2064-03-06,31.6,18.5,0.0
2064-03-07,30.0,18.7,0.0
2064-03-08,31.8,18.2,0.0
2064-03-09,30.6,19.723152703119105,0.0
2064-03-10,30.3,19.0,0.0
2064-03-11,30.0,18.101570590517507,0.0
2064-03-12,30.7,18.0,0.0
2064-03-13,31.895833333333332,17.6,0.0
2064-03-14,33.0,18.1,0.0
2064-03-15,31.5,19.3,1.6971779141104297
2064-03-16,24.9,18.31488836654144,0.3
2064-03-17,30.2,17.4,0.0
2064-03-18,31.505882352941182,17.6,0.0
2064-03-19,31.0,18.5,0.0
2064-03-20,30.6,18.5,0.0
2064-03-21,29.9,18.0,0.0
2064-03-22,30.6,16.8,0.0
2064-03-23,32.140217391304354,16.5,0.0
2064-03-24,32.946245059288536,17.8,0.0
2064-03-25,32.1,18.3,0.0
2064-03-26,32.9,18.4,0.0
2064-03-27,32.47744360902255,18.9,0.0
2064-03-28,31.53529411764706,18.7,0.0
2064-03-29,31.2,18.5,0.0
2064-03-30,31.5,18.6,0.0
2064-03-31,30.9,18.2,0.0
2064-04-01,31.2,17.1,0.0
2064-04-02,31.26530612244898,16.8,0.0
2064-04-03,31.5,17.2,0.0
2064-04-04,32.54197002141328,17.0,0.0
2064-04-05,32.73419267299865,17.8,0.0
2064-04-06,29.7,18.0,2.0
2064-04-07,27.0,17.6,7.413333333333332
2064-04-08,29.228125000000002,16.6,0.0
2064-04-09,28.9,15.2,0.0
2064-04-10,28.326865671641794,14.7,0.0
2064-04-11,29.2,13.7,0.0
2064-04-12,29.0,12.7,0.0
2064-04-13,27.9,15.4,0.0
2064-04-14,29.4,14.545454545454545,0.0
2064-04-15,31.5,14.9,0.0
2064-04-16,32.006410256410255,16.6,0.0
2064-04-17,31.7,17.0,0.0
2064-04-18,31.8,16.6,0.0
2064-04-19,33.29984152139461,16.9,0.0
2064-04-20,33.86029159519726,17.1,0.0
2064-04-21,30.2,18.7,0.0
2064-04-22,25.1,18.0,0.0
2064-04-23,25.7,15.4,0.0
2064-04-24,25.1,13.8,0.0
2064-04-25,26.3,12.7,0.0
2064-04-26,29.0,14.3,0.0
2064-04-27,29.4,15.2,0.0
2064-04-28,28.563157894736847,14.9,0.0
2064-04-29,29.5,15.0,0.0
2064-04-30,30.2,14.9,0.0
2064-05-01,30.5,11.8,0.0
2064-05-02,28.2,14.870901963970171,0.0
2064-05-03,26.9,13.6,0.0
2064-05-04,28.9,12.2,0.0
2064-05-05,29.6,13.0,0.0
2064-05-06,30.1,14.7,0.0
2064-05-07,30.4,14.815577715945311,0.0
2064-05-08,31.680233467900685,15.2,0.0
2064-05-09,31.695900624056843,15.252510605964654,0.0
2064-05-10,29.1,16.9,0.0
2064-05-11,24.3,14.0,0.42
2064-05-12,26.4,12.8,0.0
2064-05-13,26.129897739504838,12.0,0.0
2064-05-14,28.6,11.3,0.0
2064-05-15,30.6,13.6,0.0
2064-05-16,32.52534420607304,14.9,0.0
2064-05-17,33.8,17.0,0.0
2064-05-18,32.0,17.9,0.0
2064-05-19,31.751910000262537,16.922908824060034,0.0
2064-05-20,30.87069380565612,16.7,0.0
2064-05-21,31.0,15.3,0.0
2064-05-22,30.54135735093753,15.7,0.0
2064-05-23,27.6,14.9,0.0
2064-05-24,27.7,12.0,0.0
2064-05-25,28.6,12.9,0.0
2064-05-26,29.1,15.0,0.0
2064-05-27,29.6,14.7,0.0
2064-05-28,27.548078262521372,13.6,0.0
2064-05-29,24.9,12.680355220667373,0.0
2064-05-30,25.5,9.9,0.0
2064-05-31,24.9,10.5,0.0
2064-06-01,26.3,11.7,0.0
2064-06-02,27.5,12.149360400444941,0.0
2064-06-03,28.0,13.0,0.0
2064-06-04,26.6,14.3,0.0
2064-06-05,20.1,16.474240591588902,0.0
2064-06-06,25.4,16.8278938215132,0.0
2064-06-07,26.3,14.943748609566207,0.0
2064-06-08,26.6,14.1,0.0
2064-06-09,28.90191467886128,14.2,0.0
2064-06-10,29.774201167202538,14.185448889917911,0.0
2064-06-11,29.9,14.56015121229102,0.0
2064-06-12,30.0,14.1,0.0
2064-06-13,28.0,14.187688432093985,0.0
2064-06-14,27.0,12.4,0.0
2064-06-15,27.6,10.5,0.0
2064-06-16,27.7,10.8,0.0
2064-06-17,25.3,13.5,0.0
2064-06-18,18.7,12.458526102320802,0.0
2064-06-19,24.4,10.5,0.0
2064-06-20,24.9,9.2,0.0
2064-06-21,25.6,7.5,0.0
2064-06-22,26.375170243359836,8.7,0.0
2064-06-23,27.2,8.6,0.0
2064-06-24,27.2,10.7,0.0
2064-06-25,25.2,11.7,0.0
2064-06-26,23.2,10.4,0.0
2064-06-27,24.9,8.3,0.0
2064-06-28,25.0,9.2,0.0
2064-06-29,25.6,8.3,0.0
2064-06-30,25.29257508342603,12.1,0.0
2064-07-01,24.7,15.0,0.0
2064-07-02,24.0,14.2,0.0
2064-07-03,27.6,11.5,0.0
2064-07-04,29.0,12.2,0.0
2064-07-05,29.53259510340562,11.7,0.0
2064-07-06,29.4,15.3,0.0
2064-07-07,28.3,15.3,0.0
2064-07-08,28.2,14.3,0.0
2064-07-09,27.7,14.95038870948449,0.0
2064-07-10,27.5,13.8,0.0
2064-07-11,26.3,13.5,0.0
2064-07-12,25.4,13.4,0.0
2064-07-13,25.2,12.7,0.0
2064-07-14,25.7,11.2,0.0
2064-07-15,26.7,11.5,0.0
2064-07-16,26.7,12.2,0.0
2064-07-17,26.9,12.4,0.0
2064-07-18,28.1,12.7,0.0
2064-07-19,28.396219718850237,12.9,0.0
2064-07-20,28.1,12.7,0.0
2064-07-21,27.5,12.4,0.0
2064-07-22,26.4,12.2,0.0
2064-07-23,27.0,10.0,0.0
2064-07-24,27.685923035522055,10.5,0.0
2064-07-25,24.9,13.8,0.0
2064-07-26,23.0,13.4,0.0
2064-07-27,24.0,10.4,0.0
2064-07-28,24.7,9.9,0.0
2064-07-29,26.0,10.0,0.0
2064-07-30,26.819514475100554,11.1,0.0
2064-07-31,28.2,11.2,0.0
2064-08-01,28.9,9.032723358449946,0.0
2064-08-02,27.7,13.2,0.0
2064-08-03,26.7,13.2,0.0
2064-08-04,26.0,13.2,0.0
2064-08-05,25.7,11.71061229658709,0.0
2064-08-06,26.0,12.0,0.0
2064-08-07,24.5,13.78509508432005,0.0
2064-08-08,21.045822037910305,14.4,0.0
2064-08-09,26.0,13.6,0.0
2064-08-10,28.0,13.9,0.0
2064-08-11,26.0,15.98821203400627,0.0
2064-08-12,20.37341793666081,14.5,0.0
2064-08-13,19.363023445089134,14.5,0.0
2064-08-14,24.5,10.9,0.0
2064-08-15,28.7,10.9,0.0
2064-08-16,31.234068891280927,11.9,0.0
2064-08-17,32.518545183354476,11.8,0.0
2064-08-18,35.60166535847534,11.7,0.0
2064-08-19,37.81640625,14.3,0.0
2064-08-20,31.6,19.0,0.0
2064-08-21,29.1,17.2,0.0
2064-08-22,29.9,14.8,0.0
2064-08-23,29.91827931268189,14.4,0.0
2064-08-24,30.8,14.5,0.0
2064-08-25,30.9,15.7,0.0
2064-08-26,31.6,15.7,0.0
2064-08-27,32.5,16.9,0.0
2064-08-28,31.58081343575692,17.7,0.0
2064-08-29,31.9,16.4,0.0
2064-08-30,36.14477864323007,16.9,0.0
2064-08-31,38.223388671875,18.527194286397734,0.0
2064-09-01,31.2,18.3,0.0
2064-09-02,30.0,17.0,0.0
2064-09-03,26.035089110578525,16.0,0.0
2064-09-04,26.4,13.9,0.0
2064-09-05,29.6,13.1,0.0
2064-09-06,31.1,14.4,0.0
2064-09-07,31.5,15.6,0.0
2064-09-08,32.8,15.5,0.0
2064-09-09,32.3,18.4,0.0
2064-09-10,32.26852057842047,16.9,0.0
2064-09-11,32.3,17.5,0.0
2064-09-12,30.5,17.5,0.0
2064-09-13,31.5,16.1,0.0
2064-09-14,33.2,15.4,0.0
2064-09-15,35.23654300141645,16.4,0.0
2064-09-16,34.0,17.9,0.0
2064-09-17,25.6,17.5,0.4
2064-09-18,27.400763224264583,15.0,0.0
2064-09-19,27.9177989432703,12.7,0.0
2064-09-20,29.2,12.7,0.0
2064-09-21,32.0,12.0,0.0
2064-09-22,33.2,14.5,0.0
2064-09-23,32.4,18.2,0.0
2064-09-24,32.6,18.2,0.0
2064-09-25,33.38358175750834,18.6,0.0
2064-09-26,33.4,20.0,0.0
2064-09-27,32.4,19.0,0.0
2064-09-28,32.2,18.1,0.0
2064-09-29,32.3,18.2,0.0
2064-09-30,33.0,18.4,0.0
2064-10-01,31.9,16.7,0.0
2064-10-02,33.2,16.8,0.0
2064-10-03,32.9,18.2,0.0
2064-10-04,30.456100528852904,18.4,0.0
2064-10-05,30.1,17.8,0.0
2064-10-06,31.0,16.5,0.0
2064-10-07,33.5,19.5,0.0
2064-10-08,34.7,19.4,0.0
2064-10-09,36.6,21.5,0.0
2064-10-10,38.454931640625,23.47669595850865,0.0
2064-10-11,36.49351068737504,22.981910039560375,0.0
2064-10-12,35.8,21.1,13.919428571428584
2064-10-13,30.6,21.7,2.4
2064-10-14,31.21516864011481,21.6,0.0
2064-10-15,31.9,19.5,0.0
2064-10-16,33.0,17.1,0.0
2064-10-17,33.7,17.7,0.0
2064-10-18,34.2,17.3,0.0
2064-10-19,34.4,18.0,0.0
2064-10-20,37.07168166537708,19.4,0.0
2064-10-21,32.5,21.0,0.0
2064-10-22,31.0,18.2,0.0
2064-10-23,33.1,18.6,0.0
2064-10-24,35.2,19.6,0.0
2064-10-25,34.77898379910343,21.4,0.0
2064-10-26,32.0,19.5,0.0
2064-10-27,33.0,18.5,0.0
2064-10-28,34.4,18.2,0.0
2064-10-29,36.6,19.5,0.0
2064-10-30,36.6,21.793167162086082,0.0
2064-10-31,37.2,21.7,0.0
2064-11-01,39.967529296875,20.7,0.0
2064-11-02,40.06103515625,21.702336746712042,0.0
2064-11-03,36.5,22.049296245340834,0.0
2064-11-04,31.9,19.4,0.0
2064-11-05,32.7,19.3,0.0
2064-11-06,34.5,20.7,0.0
2064-11-07,36.5,21.118658808682806,0.0
2064-11-08,36.48397044593359,25.28330078125,0.0
2064-11-09,37.2,26.60556640625,0.0
2064-11-10,38.26774736156699,26.954779052734377,0.0
2064-11-11,35.6,24.754797363281252,0.0
2064-11-12,32.6,23.39384176863181,0.0
2064-11-13,32.9,19.5,1.4
2064-11-14,31.0,18.9,0.0
2064-11-15,32.155580274378934,19.7,3.1160573122529636
2064-11-16,32.2,19.2,0.0
2064-11-17,32.5,20.3,0.0
2064-11-18,32.04667504957199,21.2,0.0
2064-11-19,32.9,20.7,0.0
2064-11-20,34.0,22.9,0.0
2064-11-21,32.7,24.146856689453124,0.0
2064-11-22,35.2,22.9,0.0
2064-11-23,34.6,22.3,0.0
2064-11-24,32.1,19.9,2.8
2064-11-25,32.1,19.4,0.0
2064-11-26,32.1,19.9,2.503162055335969
2064-11-27,31.3,18.7,3.1034584980237145
2064-11-28,31.16195773081201,18.1,0.0
2064-11-29,32.2,19.25662141007546,2.1600790513833994
2064-11-30,27.5,18.5,0.0
2064-12-01,31.303864737254127,19.6,0.0
2064-12-02,32.0,19.5,0.0
2064-12-03,32.1,18.4,0.0
2064-12-04,33.1,19.6,0.0
2064-12-05,33.50788742664675,24.626708984375,0.0
2064-12-06,33.7,20.53699022989278,0.0
2064-12-07,33.07184481767108,26.23681640625,0.0
2064-12-08,31.882724281101023,20.299094725511303,0.0
2064-12-09,32.1,21.305071975174002,0.0
2064-12-10,33.240972342789675,23.960205078125,0.0
2064-12-11,34.122228202368134,25.607666015625,0.0
2064-12-12,34.01610558440479,23.337646484375,0.0
2064-12-13,34.12964365284,20.541375948537073,0.0
2064-12-14,34.19609332365384,19.9,0.0
2064-12-15,30.5,19.474494163366643,0.0
2064-12-16,29.9,20.0,4.3
2064-12-17,31.011751766743096,19.5,7.6
2064-12-18,30.8,18.4,7.0
2064-12-19,30.239414424111942,18.9,5.1
2064-12-20,31.08360354392647,18.970871367061346,2.5
2064-12-21,29.2,19.2,2.6
2064-12-22,31.301213425971227,19.0,1.2
2064-12-23,31.0,18.2,0.0
2064-12-24,26.5,19.4,0.5
2064-12-25,30.0,19.2,4.6
2064-12-26,30.639989235737342,19.4,5.528571428571429
2064-12-27,28.3,19.2,16.349999999999984
2064-12-28,30.6,19.0,12.6
2064-12-29,30.4,19.2,0.5
2064-12-30,30.6,19.0,0.0
2064-12-31,31.4,18.6,0.0
2065-01-01,31.566621815572304,19.152727675083185,0.0
2065-01-02,28.6,19.2,0.9
2065-01-03,27.6,18.6,23.4
2065-01-04,30.4,18.9,24.92897196261682
2065-01-05,25.9,19.0,15.757757009345793
2065-01-06,27.2,18.7,59.9188053636733
2065-01-07,25.5,18.7,38.37962616822429
2065-01-08,25.0,19.0,9.934766355140189
2065-01-09,27.0,18.7,0.2
2065-01-10,30.7,17.6,0.0
2065-01-11,30.5,19.0,1.9
2065-01-12,26.3,18.8,6.864922118380063
2065-01-13,29.088628912316455,18.5,1.0
2065-01-14,29.7,18.9,15.42990654205609
2065-01-15,27.6,18.9,35.040166147455864
2065-01-16,26.8,18.6,6.0
2065-01-17,25.6,18.2,0.0
2065-01-18,27.2,18.6,18.0
2065-01-19,29.2,18.9,8.113831775700932
2065-01-20,28.5,18.5,16.81526479750779
2065-01-21,26.1,18.9,13.966168224299063
2065-01-22,27.2,19.0,16.0
2065-01-23,28.5,19.0,30.576635514018687
2065-01-24,28.7,18.9,4.4
2065-01-25,30.5,18.0,0.5
2065-01-26,28.7,18.4,0.8
2065-01-27,30.0,18.6,1.1
2065-01-28,30.1,18.7,20.247663551401875
2065-01-29,28.0,18.926295361859186,47.96364485981311
2065-01-30,28.0,18.7,10.844485981308413
2065-01-31,28.2,17.0,0.0
2065-02-01,29.0,16.1,0.0
2065-02-02,28.2,16.7,0.0
2065-02-03,29.0,15.8,0.0
2065-02-04,30.87597056776922,14.7,0.0
2065-02-05,32.865719110051636,15.8,0.0
2065-02-06,32.8,17.4,1.2
2065-02-07,31.0,18.7,2.8
2065-02-08,31.7,18.4,4.4
2065-02-09,29.0,18.8,19.052083333333332
2065-02-10,28.5,18.9,10.166666666666664
2065-02-11,28.278349575825565,18.9,25.42777777777777
2065-02-12,29.765129483150936,18.9,6.4
2065-02-13,30.4,18.2,0.0
2065-02-14,29.0,16.5,0.0
2065-02-15,28.6,16.0,0.0
2065-02-16,29.4,15.6,0.0
2065-02-17,29.4,16.0,0.0
2065-02-18,30.6,18.2,13.473333333333333
2065-02-19,28.8,18.6,4.0
2065-02-20,28.73838819106995,18.9,4.0
2065-02-21,27.203148589590786,18.9,11.769444444444451
2065-02-22,25.9,19.0,9.345833333333333
2065-02-23,27.4,18.9,1.0
2065-02-24,27.6,18.87713280837843,1.8333333333333333
2065-02-25,30.4,18.4,0.3
2065-02-26,31.6,18.7,0.0
2065-02-27,32.25214489543487,19.1,0.0
2065-02-28,30.9,17.0,0.0
2065-03-01,30.4,16.2,0.0
2065-03-02,31.9,16.8,0.0
2065-03-03,31.8,17.7,0.0
2065-03-04,29.0,18.2,0.0
2065-03-05,28.8,18.2,0.0
2065-03-06,30.206730769230766,18.8,17.19631901840492
2065-03-07,28.5,19.0,18.77914110429449
2065-03-08,29.55882352941176,18.941418920385008,0.0
2065-03-09,28.8,18.5,1.3742331288343557
2065-03-10,28.9,18.4,0.0
2065-03-11,29.782191780821915,18.8,0.0
2065-03-12,30.9,17.5,0.0
2065-03-13,30.8,17.4,0.0
2065-03-14,28.9,17.9,0.0
2065-03-15,28.0,17.3,0.0
2065-03-16,30.1,17.4,0.0
2065-03-17,30.3,18.2,0.0
2065-03-18,29.8,18.5,0.0
2065-03-19,30.0,17.6,0.0
2065-03-20,30.7,17.6,0.0
2065-03-21,30.3,18.1,0.0
2065-03-22,30.0,18.4,0.0
2065-03-23,30.0,18.7,0.0
2065-03-24,30.7,18.4,0.0
2065-03-25,29.5,18.4,7.3
2065-03-26,28.6,18.5,4.8883435582822115
2065-03-27,28.4,18.5,4.0
2065-03-28,29.0,18.3,2.2
2065-03-29,30.2,17.6,0.0
2065-03-30,30.7,19.1,0.0
2065-03-31,29.9,19.159424601232985,0.0
2065-04-01,26.1,19.2,0.0
2065-04-02,28.7,17.1,0.0
2065-04-03,31.7,14.7,0.0
2065-04-04,31.6,14.2,0.0
2065-04-05,31.7,14.6,0.0
2065-04-06,29.9,17.8,0.0
2065-04-07,30.7,18.8,0.0
2065-04-08,29.0,17.9,0.0
2065-04-09,29.9,16.9,0.0
2065-04-10,28.6,17.4,0.0
2065-04-11,27.6,17.7,0.0
2065-04-12,30.6,15.9,0.0
2065-04-13,27.6,19.4,0.0
2065-04-14,29.0,18.566153846153846,0.0
2065-04-15,26.8,18.33965517241379,3.6022222222222253
2065-04-16,20.567448979591838,17.880304471931492,25.377037037037034
2065-04-17,24.7,17.830447193149386,0.0
2065-04-18,28.9,17.0,0.0
2065-04-19,29.4,16.0,0.0
2065-04-20,28.8,17.4,0.0
2065-04-21,29.0,17.5,0.0
2065-04-22,29.0,16.1,0.0
2065-04-23,28.9,16.913524590163938,0.0
2065-04-24,26.6,18.7,0.0
2065-04-25,28.5,17.4,0.0
2065-04-26,30.0,16.5,0.0
2065-04-27,29.7,16.7,0.0
2065-04-28,31.7,18.8,0.0
2065-04-29,32.7,16.9,0.0
2065-04-30,30.9,17.849096098953375,0.0
2065-05-01,30.2,16.7,0.0
2065-05-02,30.2,15.7,0.0
2065-05-03,30.8,14.7186709182119,0.0
2065-05-04,30.3,16.2,0.0
2065-05-05,28.7,15.7,0.0
2065-05-06,26.1,15.0,0.0
2065-05-07,27.8,14.605953465264536,0.0
2065-05-08,27.2,14.645425188374588,0.0
2065-05-09,27.5,13.5,0.0
2065-05-10,26.9,13.0,0.0
2065-05-11,27.8,12.0,0.0
2065-05-12,30.743589395642566,11.9,0.0
2065-05-13,31.6,12.8,0.0
2065-05-14,28.0,16.5,0.0
2065-05-15,26.0,12.2,0.0
2065-05-16,26.3,7.5,0.0
2065-05-17,27.5,5.9,0.0
2065-05-18,29.0,6.9,0.0
2065-05-19,23.4,15.2,6.0
2065-05-20,26.4,17.159726000587092,0.0
2065-05-21,27.1,14.8,0.0
2065-05-22,26.7,13.6,0.0
2065-05-23,25.8,12.2,0.0
2065-05-24,25.74852319567329,10.7,0.0
2065-05-25,28.0,9.6,0.0
2065-05-26,28.1,11.0,0.0
2065-05-27,27.5,11.0,0.0
2065-05-28,26.2,9.6,0.0
2065-05-29,25.3,13.275328310010744,0.0
2065-05-30,22.3,15.0,0.0
2065-05-31,23.2,7.7,0.0
2065-06-01,24.3,8.0,0.0
2065-06-02,26.1,9.5,0.0
2065-06-03,28.0,10.1,0.0
2065-06-04,29.6,11.6,0.0
2065-06-05,30.657952752992898,13.2,0.0
2065-06-06,28.6,11.0,0.0
2065-06-07,25.4,13.7,0.0
2065-06-08,27.3,16.69517375763855,0.0
2065-06-09,27.2,15.393765520525065,0.0
2065-06-10,23.5,11.9,0.0
2065-06-11,24.8,9.6,0.0
2065-06-12,23.5,12.4,0.0
2065-06-13,25.6,9.0,0.0
2065-06-14,27.0,8.4,0.0
2065-06-15,27.258008244454622,6.5,0.0
2065-06-16,19.434560622914347,12.3,0.0
2065-06-17,21.6,10.5,0.0
2065-06-18,23.5,6.5,0.0
2065-06-19,25.7,5.9,0.0
2065-06-20,25.7,8.0,0.0
2065-06-21,24.7,9.529312262667334,0.0
2065-06-22,24.8,6.9,0.0
2065-06-23,25.3,7.4,0.0
2065-06-24,25.9,8.5,0.0
2065-06-25,26.2,9.9,0.0
2065-06-26,25.8,10.2,0.0
2065-06-27,25.7,9.7,0.0
2065-06-28,23.5,11.1,0.0
2065-06-29,24.4,9.0,0.0
2065-06-30,24.0,10.6,0.0
2065-07-01,25.0,10.4,0.0
2065-07-02,25.0,11.276791843532298,0.0
2065-07-03,24.0,11.4,0.0
2065-07-04,25.8,9.2,0.0
2065-07-05,26.0,11.2,0.0
2065-07-06,26.7,12.8,0.0
2065-07-07,28.2,12.4,0.0
2065-07-08,26.3,13.0,0.0
2065-07-09,23.8,12.876286021836071,0.0
2065-07-10,21.5,10.2,0.0
2065-07-11,23.6,13.4,0.0
2065-07-12,22.5,10.5,0.0
2065-07-13,24.1,9.1,0.0
2065-07-14,24.7,10.4,0.0
2065-07-15,24.9,10.5,0.0
2065-07-16,24.1,10.7,0.0
2065-07-17,25.6,9.5,0.0
2065-07-18,26.3,11.7,0.0
2065-07-19,24.2,12.7,0.0
2065-07-20,25.4,15.0,0.0
2065-07-21,20.1,13.675278076785068,0.0
2065-07-22,22.3,10.2,0.0
2065-07-23,21.0,9.4,0.0
2065-07-24,23.167958378184423,8.623394330821668,0.0
2065-07-25,25.6,9.5,0.0
2065-07-26,26.7,11.1,0.0
2065-07-27,26.7,11.5,0.0
2065-07-28,26.7,11.9,0.0
2065-07-29,26.7,11.7,0.0
2065-07-30,27.1,11.0,0.0
2065-07-31,27.7,11.2,0.0
2065-08-01,25.736756368855403,14.2,0.0
2065-08-02,24.7,12.1,0.0
2065-08-03,24.3,13.4,0.0
2065-08-04,25.44627325131032,11.7,0.0
2065-08-05,27.0,11.771141359074969,0.0
2065-08-06,28.756144599928227,12.894625292305406,0.0
2065-08-07,27.4,13.9,0.0
2065-08-08,24.7,13.3,0.0
2065-08-09,24.9,12.0,0.0
2065-08-10,25.5,11.3,0.0
2065-08-11,28.5,9.3,0.0
2065-08-12,29.1,8.6,0.0
2065-08-13,27.0,14.8,0.0
2065-08-14,21.8,14.6,0.0
2065-08-15,24.7,11.9,0.0
2065-08-16,28.1,9.5,0.0
2065-08-17,31.4,9.5,0.0
2065-08-18,31.8,12.1,0.0
2065-08-19,31.0,16.7,0.0
2065-08-20,30.9,16.0,0.0
2065-08-21,32.5,15.7,0.0
2065-08-22,37.8798828125,15.5,0.0
2065-08-23,38.41552734375,15.4,0.0
2065-08-24,33.82962648961192,18.94028777329356,0.0
2065-08-25,34.042587423911826,18.008735947327516,0.0
2065-08-26,32.9,19.7492098564894,0.0
2065-08-27,30.916930647393507,18.583635879899145,0.0
2065-08-28,31.9,17.0,0.0
2065-08-29,31.754571183222254,18.711762173114654,0.0
2065-08-30,32.32629329449755,16.7,0.0
2065-08-31,31.5,17.7,0.0
2065-09-01,29.2,13.8,0.0
2065-09-02,29.5,13.8,0.0
2065-09-03,29.9,12.4,0.0
2065-09-04,31.70258991472006,8.2,0.0
2065-09-05,33.5,8.186150128495262,0.0
2065-09-06,33.2,13.5,0.0
2065-09-07,34.4,15.4,0.0
2065-09-08,34.5,17.8,0.0
2065-09-09,32.0,19.5,0.0
2065-09-10,31.0,17.8,0.0
2065-09-11,32.0,16.3,0.0
2065-09-12,32.0,17.7,0.0
2065-09-13,31.6,17.4,0.0
2065-09-14,31.2,17.8,0.0
2065-09-15,30.9,17.1,0.0
2065-09-16,31.4,15.4,0.0
2065-09-17,30.3,17.6,0.0
2065-09-18,30.9,15.2,0.0
2065-09-19,32.0,15.2,0.0
2065-09-20,33.0,16.3,0.0
2065-09-21,33.7,17.4,0.0
2065-09-22,32.0,20.2,0.0
2065-09-23,31.0,17.7,0.0
2065-09-24,32.6,17.4,0.0
2065-09-25,34.0,18.0,0.0
2065-09-26,33.2,19.6,0.0
2065-09-27,33.4,18.2,0.0
2065-09-28,33.0,19.2,0.0
2065-09-29,31.6,19.0,0.0
2065-09-30,31.4,17.9,0.0
2065-10-01,29.896417830945587,14.9,0.0
2065-10-02,33.2,15.0,0.0
2065-10-03,33.9,14.5,0.0
2065-10-04,35.0,17.2,0.0
2065-10-05,35.5,19.0,0.0
2065-10-06,35.29767076919085,20.0,0.0
2065-10-07,35.3,18.7,0.0
2065-10-08,33.1559895432877,20.0,0.0
2065-10-09,31.2,18.5,0.0
2065-10-10,32.0,17.9,0.0
2065-10-11,32.8,18.0,0.0
2065-10-12,33.2,18.4,0.0
2065-10-13,33.9,17.9,0.0
2065-10-14,33.9,19.2,0.0
2065-10-15,32.7,19.9,0.0
2065-10-16,32.9,19.2,0.0
2065-10-17,35.2,18.4,0.0
2065-10-18,32.9,21.0,0.0
2065-10-19,26.84583423035522,17.9,0.0
2065-10-20,30.1,15.93272002929655,0.0
2065-10-21,33.9,16.9,0.0
2065-10-22,35.6,19.0,0.0
2065-10-23,37.2,20.7,0.0
2065-10-24,38.06069752658923,21.0,0.0
2065-10-25,36.6,21.6,0.0
2065-10-26,35.5,19.7,0.0
2065-10-27,35.6,19.5,0.0
2065-10-28,35.5,21.0,0.0
2065-10-29,34.8,21.38609627955715,0.0
2065-10-30,35.2,20.9,0.0
2065-10-31,37.2394363635196,20.5,0.0
2065-11-01,36.46729790101015,20.5,0.0
2065-11-02,33.4,20.4,0.0
2065-11-03,33.7,19.6,0.0
2065-11-04,34.5,19.4,0.0
2065-11-05,34.98753217861116,19.5,0.0
2065-11-06,36.0,19.5,0.0
2065-11-07,36.8,20.5,0.0
2065-11-08,35.07572466138847,20.9,0.0
2065-11-09,33.3,19.5,0.0
2065-11-10,35.67033323410988,18.7,0.0
2065-11-11,39.91552734375,19.1,0.0
2065-11-12,39.93408203125,21.00652391546163,0.0
2065-11-13,37.00484570788735,21.0,0.0
2065-11-14,36.0,20.9,0.0
2065-11-15,33.7,20.6,0.0
2065-11-16,35.5,19.5,0.0
2065-11-17,38.66879785127105,19.6,0.0
2065-11-18,39.8681640625,19.0,0.0
2065-11-19,40.0166015625,20.0,0.0
2065-11-20,40.908203125,20.7,0.0
2065-11-21,39.75927734375,21.4,0.0
2065-11-22,35.2,21.3,0.0
2065-11-23,35.2,21.0,0.0
2065-11-24,35.6,22.0,0.0
2065-11-25,36.78248306198807,23.2,0.0
2065-11-26,36.0,20.7,0.0
2065-11-27,36.431679282310064,19.9,0.0
2065-11-28,35.2,19.5,0.9725296442687744
2065-11-29,34.5,19.1,3.6182100508187465
2065-11-30,31.7,18.7,4.8
2065-12-01,29.6,19.2,13.4
2065-12-02,29.5,19.0,5.57142857142857
2065-12-03,29.7,18.875749153038544,10.68
2065-12-04,28.9,18.9,0.0
2065-12-05,30.778208348283687,18.4,0.0
2065-12-06,31.27564693218514,17.2,0.0
2065-12-07,31.2,19.4,0.0
2065-12-08,32.0,19.4,0.0
2065-12-09,32.1,18.9,0.0
2065-12-10,32.0,19.9,0.0
2065-12-11,31.0,19.4,0.4
2065-12-12,30.1,19.2,0.0
2065-12-13,30.9,18.9,0.0
2065-12-14,31.5,19.5,0.0
2065-12-15,31.0,19.5,1.2
2065-12-16,29.5,19.5,1.0
2065-12-17,30.8,19.438220567915803,11.2
2065-12-18,29.9,19.0,22.3
2065-12-19,27.6,19.0,27.3
2065-12-20,29.2,19.0,23.8
2065-12-21,27.7,19.0,18.8
2065-12-22,26.7,19.0,1.1
2065-12-23,27.914861465789716,19.2,6.6
2065-12-24,29.7,19.0,3.375
2065-12-25,28.0,19.0,9.9
2065-12-26,30.0,19.0,9.8
2065-12-27,24.2,18.4,13.7
2065-12-28,27.3,18.2,3.4
2065-12-29,29.5,18.5,6.6
2065-12-30,24.301032812442003,18.6,0.0
2065-12-31,26.5,16.4,0.0
2066-01-01,28.486903480444926,15.3,0.0
2066-01-02,29.4,16.0,0.0
2066-01-03,28.7,16.4,0.0
2066-01-04,27.7,17.0,0.0
2066-01-05,27.3,18.4,0.0
2066-01-06,30.4,17.0,0.0
2066-01-07,31.7,19.6,0.0
2066-01-08,31.293309191223333,19.2,0.0
2066-01-09,30.6,19.7,0.0
2066-01-10,30.7,19.3,0.9
2066-01-11,30.0,19.6,3.4
2066-01-12,30.4,19.4,0.0
2066-01-13,30.906789772451763,19.9,1.1
2066-01-14,30.4,19.6,7.311962616822427
2066-01-15,29.9,19.2,38.96514018691589
2066-01-16,26.2,18.8,48.31626168224301
2066-01-17,27.3,18.7,31.679925233644838
2066-01-18,26.20258342303552,18.7,35.08494288681205
2066-01-19,28.7,18.3,5.368971962616824
2066-01-20,29.0,18.8,11.06213084112149
2066-01-21,27.2,18.7,1.9
2066-01-22,27.6,18.9,18.399252336448605
2066-01-23,28.4,18.9,25.61032191069574
2066-01-24,26.7,18.8,23.911401869158894
2066-01-25,27.4,18.6,38.329252336448604
2066-01-26,27.7,18.9,11.383682242990659
2066-01-27,28.9,18.9,29.190205607476635
2066-01-28,27.3,18.8,7.5
2066-01-29,28.0,18.7,0.0
2066-01-30,27.8,18.7,6.43981308411215
2066-01-31,28.4,18.6,11.021831775700926
2066-02-01,28.1,18.6,2.7
2066-02-02,29.4,18.6,0.8
2066-02-03,28.2,18.9,0.0
2066-02-04,29.0,19.093102007215478,0.0
2066-02-05,29.4,19.1,0.0
2066-02-06,30.4,19.9,0.0
2066-02-07,29.81086594627606,19.0,3.0
2066-02-08,29.7,18.9,20.476388888888888
2066-02-09,29.1,18.8,10.013194444444443
2066-02-10,28.0,18.9,45.29256756756754
2066-02-11,24.6,18.8,53.353472222222244
2066-02-12,24.2,18.6,27.37847222222222
2066-02-13,24.4,18.4,4.4
2066-02-14,26.5,18.6,13.5
2066-02-15,27.0,18.3,4.2
2066-02-16,27.0,18.9,59.41617647058823
2066-02-17,26.0,18.9,17.200694444444448
2066-02-18,28.0,19.0,42.89736842105263
2066-02-19,25.521294051437657,18.8,66.41782407407426
2066-02-20,28.32249150222928,18.3,10.5
2066-02-21,27.9,18.0,0.0
2066-02-22,29.0,16.9,0.0
2066-02-23,28.2,17.7,0.0
2066-02-24,26.5,18.3,0.0
2066-02-25,27.5,16.3,0.0
2066-02-26,27.7,14.8,0.0
2066-02-27,28.8,14.441305868560052,0.0
2066-02-28,28.6,18.6,0.0
2066-03-01,28.1,18.3,0.0
2066-03-02,25.6,18.6,0.0
2066-03-03,24.5,16.0,0.0
2066-03-04,25.0,14.7,0.0
2066-03-05,26.8,14.2,0.0
2066-03-06,28.2,13.7,0.0
2066-03-07,28.6,14.5,0.0
2066-03-08,28.3,16.0,0.0
2066-03-09,27.5,18.6,0.0
2066-03-10,29.2,18.1,0.0
2066-03-11,28.4,19.2,0.0
2066-03-12,26.1,17.6,0.0
2066-03-13,26.9,16.5,0.0
2066-03-14,27.2,15.8,0.0
2066-03-15,27.9,14.2,0.0
2066-03-16,29.2,14.6,0.0
2066-03-17,30.0,15.5,0.0
2066-03-18,30.3,16.0,0.0
2066-03-19,29.5,18.0,0.0
2066-03-20,29.2,17.5,0.0
2066-03-21,29.4,16.5,0.0
2066-03-22,29.5,16.0,0.0
2066-03-23,29.75205479452055,16.5,0.0
2066-03-24,28.34571428571429,17.0,0.0
2066-03-25,28.3,16.5,0.0
2066-03-26,28.9,17.53217816309312,0.0
2066-03-27,28.8,18.9,0.0
2066-03-28,30.3,17.3,0.0
2066-03-29,30.9,15.6,0.0
2066-03-30,30.7,16.2,0.0
2066-03-31,29.5,17.6,0.0
2066-04-01,28.9,18.8,0.0
2066-04-02,29.7,19.7,0.0
2066-04-03,31.7,18.8,0.0
2066-04-04,32.459017857142854,18.8,0.0
2066-04-05,29.9,17.3,0.0
2066-04-06,25.0,17.5,0.0
2066-04-07,28.36865671641791,17.068749999999998,0.0
2066-04-08,28.0,16.3,0.0
2066-04-09,26.8,15.3,0.0
2066-04-10,27.2,14.6,0.0
2066-04-11,27.9,14.7,0.0
2066-04-12,29.2,14.3,0.0
2066-04-13,28.6,15.508571428571425,0.0
2066-04-14,27.0,15.0,0.0
2066-04-15,27.6,14.863333333333337,0.0
2066-04-16,28.4,15.1,0.0
2066-04-17,29.7,15.0,0.0
2066-04-18,31.1,16.3,0.0
2066-04-19,31.2,17.3,0.0
2066-04-20,31.6,18.7,0.0
2066-04-21,31.7949494949495,17.844148430066603,0.0
2066-04-22,29.4,17.8,0.0
2066-04-23,27.8,17.4,0.0
2066-04-24,27.9,16.9,0.0
2066-04-25,30.0,17.2,0.0
2066-04-26,31.3,18.4,0.0
2066-04-27,29.0,18.0,0.0
2066-04-28,27.9,15.6,0.0
2066-04-29,28.9,15.4,0.0
2066-04-30,29.4,15.5,0.0
2066-05-01,30.6,15.0,0.0
2066-05-02,30.5,15.2,0.0
2066-05-03,27.9,14.73526819261935,0.0
2066-05-04,27.6,13.1,0.0
2066-05-05,28.9,12.5,0.0
2066-05-06,29.7,13.0,0.0
2066-05-07,29.0,14.5,0.0
2066-05-08,28.0,16.2,0.0
2066-05-09,28.71243272335844,16.9,0.0
2066-05-10,29.2,14.9,0.0
2066-05-11,30.404678371255688,13.946508427463842,0.0
2066-05-12,29.9,15.0,0.0
2066-05-13,28.9,14.7,0.0
2066-05-14,27.8,13.0,0.0
2066-05-15,27.0,12.0,0.0
2066-05-16,28.2,9.9,0.0
2066-05-17,29.1,12.5,0.0
2066-05-18,30.7,13.5,0.0
2066-05-19,31.6,14.0,0.0
2066-05-20,31.651654942013224,14.0,0.0
2066-05-21,27.84195284558491,15.7,0.0
2066-05-22,22.04339876174858,13.0,0.48
2066-05-23,25.618538017418537,10.9,0.0
2066-05-24,25.1,11.8,0.0
2066-05-25,24.7,9.1,0.0
2066-05-26,25.9,9.036333999692445,0.0
2066-05-27,27.51400215285253,11.4,0.0
2066-05-28,28.1,12.0,0.0
2066-05-29,25.9,13.6,0.0
2066-05-30,24.8,11.5,0.0
2066-05-31,24.7,9.6,0.0
2066-06-01,26.3,10.0,0.0
2066-06-02,27.794366864083212,11.2,0.0
2066-06-03,28.2,11.75585802406715,0.0
2066-06-04,27.1,11.8,0.0
2066-06-05,26.5,10.4,0.0
2066-06-06,28.0,11.9,0.0
2066-06-07,28.6,12.3,0.0
2066-06-08,28.0,10.9,0.0
2066-06-09,26.42241184161739,10.36062703415318,0.0
2066-06-10,25.6,10.915823136818688,0.0
2066-06-11,26.0,11.0,0.0
2066-06-12,26.6,11.4,0.0
2066-06-13,27.4,11.8,0.0
2066-06-14,27.9,12.27615072762207,0.0
2066-06-15,27.585019390914837,14.1,0.0
2066-06-16,27.2,15.4,0.0
2066-06-17,28.5,15.372015441511483,0.0
2066-06-18,29.5,16.50440170309232,0.0
2066-06-19,29.94713508142631,15.9,0.0
2066-06-20,28.6,16.46600583042256,0.0
2066-06-21,27.248126676699595,15.0,0.0
2066-06-22,26.7,13.0,0.0
2066-06-23,26.6,11.6,0.0
2066-06-24,26.3,11.2,0.0
2066-06-25,26.6,8.0,0.0
2066-06-26,25.9,10.626893681151104,0.0
2066-06-27,25.5,9.0,0.0
2066-06-28,26.1,8.2,0.0
2066-06-29,26.9,9.0,0.0
2066-06-30,27.2,8.7,0.0
2066-07-01,27.2,12.8,0.0
2066-07-02,26.4,12.5,0.0
2066-07-03,26.7,10.5,0.0
2066-07-04,27.3,10.5,0.0
2066-07-05,26.8,11.5,0.0
2066-07-06,26.3,11.6,0.0
2066-07-07,27.6,11.0,0.0
2066-07-08,27.6,11.329687836383208,0.0
2066-07-09,25.7,12.8,0.0
2066-07-10,24.5,11.2,0.0
2066-07-11,25.6,8.6,0.0
2066-07-12,27.5,7.7,0.0
2066-07-13,26.8,11.5,0.0
2066-07-14,25.1,11.0,0.0
2066-07-15,25.9,10.5,0.0
2066-07-16,26.67517460635341,11.5,0.0
2066-07-17,26.7,12.8,0.0
2066-07-18,26.7,12.4,0.0
2066-07-19,26.496986006458545,11.9,0.0
2066-07-20,27.1,11.2,0.0
2066-07-21,27.6,11.7,0.0
2066-07-22,27.7,11.7,0.0
2066-07-23,28.2,9.5,0.0
2066-07-24,28.6,8.3,0.0
2066-07-25,27.5,12.8,0.0
2066-07-26,26.2,12.0,0.0
2066-07-27,26.9,9.93757478659223,0.0
2066-07-28,30.283466928631878,11.0,0.0
2066-07-29,31.3380859375,11.3,0.0
2066-07-30,29.2,9.8,0.0
2066-07-31,27.4,15.212331060877883,0.0
2066-08-01,25.9,13.5,0.0
2066-08-02,25.0,11.7,0.0
2066-08-03,26.7,8.0,0.0
2066-08-04,29.59932338920498,6.2,0.0
2066-08-05,31.9,7.9,0.0
2066-08-06,32.5,9.8,0.0
2066-08-07,29.0,16.142253669038308,0.0
2066-08-08,28.1,14.4,0.0
2066-08-09,29.9,13.1,0.0
2066-08-10,30.9,13.7,0.0
2066-08-11,30.0,14.9,0.0
2066-08-12,30.0,13.0,0.0
2066-08-13,31.6,13.5,0.0
2066-08-14,32.9,13.592546824542524,0.0
2066-08-15,33.74089276698699,14.1,0.0
2066-08-16,29.6,18.903188827106728,0.0
2066-08-17,24.7,15.5,0.0
2066-08-18,21.3,10.5,0.0
2066-08-19,21.4,7.7,0.0
2066-08-20,24.5,7.3,0.0
2066-08-21,27.2,8.9,0.0
2066-08-22,28.778307178063557,11.8,0.0
2066-08-23,28.6,13.9,0.0
2066-08-24,30.5,13.1,0.0
2066-08-25,31.9,14.5,0.0
2066-08-26,32.29147407079083,16.9,0.0
2066-08-27,32.51984413540765,17.2,0.0
2066-08-28,33.30294434243018,16.4,0.0
2066-08-29,36.86465993104181,14.55128402275873,0.0
2066-08-30,38.034912109375,17.536235856954907,0.0
2066-08-31,38.495849609375,18.18261074074409,0.0
2066-09-01,35.1,16.5,0.0
2066-09-02,30.9,18.4,0.0
2066-09-03,26.039799566991714,16.4,0.0
2066-09-04,28.6,13.097879053649354,0.0
2066-09-05,30.7,11.06097739857473,0.0
2066-09-06,28.671591623543065,14.9,0.0
2066-09-07,30.3,11.6,0.0
2066-09-08,32.0,14.0,0.0
2066-09-09,32.09246928260008,16.0,0.0
2066-09-10,32.8,16.5,0.0
2066-09-11,33.5,18.153900659525465,0.0
2066-09-12,33.4,19.03933437152392,0.0
2066-09-13,34.38079737720274,19.0,0.0
2066-09-14,34.4,20.0,0.0
2066-09-15,30.6,19.7,0.0
2066-09-16,28.9,17.2,0.0
2066-09-17,28.9,15.2,0.0
2066-09-18,30.0,14.6,0.0
2066-09-19,30.3,15.4,0.0
2066-09-20,30.5,14.0,0.0
2066-09-21,31.5,13.9,0.0
2066-09-22,32.5,14.8,0.0
2066-09-23,33.1,18.2,0.0
2066-09-24,34.0,19.2,0.0
2066-09-25,34.7,19.4,0.0
2066-09-26,33.4,20.2,0.0
2066-09-27,33.0,18.1,0.0
2066-09-28,31.9,18.1,0.0
2066-09-29,31.5,17.5,0.0
2066-09-30,33.2,17.9,0.0
2066-10-01,34.5,16.07384284176534,0.0
2066-10-02,34.9,17.2,0.0
2066-10-03,34.5,20.0,0.0
2066-10-04,29.9,19.0,0.0
2066-10-05,25.9,15.3,0.0
2066-10-06,30.0,15.2,0.0
2066-10-07,33.8,15.5,0.0
2066-10-08,37.2,17.0,0.0
2066-10-09,34.6,21.74950079497535,0.0
2066-10-10,33.5,19.59766155673509,0.0
2066-10-11,34.6,18.6,0.0
2066-10-12,36.7,19.2,0.0
2066-10-13,38.040974222049435,20.7,0.0
2066-10-14,38.0,21.6,0.0
2066-10-15,37.77825140533425,21.0,0.0
2066-10-16,36.0,21.915078247909236,0.0
2066-10-17,35.6,21.0,0.0
2066-10-18,36.61951919626837,21.0,0.0
2066-10-19,36.3,20.4,0.0
2066-10-20,35.7,20.3,0.0
2066-10-21,31.4,20.5,0.0
2066-10-22,31.0,18.7,0.0
2066-10-23,33.8,18.9,0.0
2066-10-24,35.7,19.6,0.0
2066-10-25,36.34110426681845,20.4,0.0
2066-10-26,36.0,21.5,0.0
2066-10-27,34.73645542368955,21.4,0.0
2066-10-28,35.7,20.4,0.0
2066-10-29,35.2,21.3,0.0
2066-10-30,35.06231982987214,20.0,0.0
2066-10-31,35.8,20.2,0.0
2066-11-01,36.5,19.5,0.0
2066-11-02,37.34263102793954,20.0,0.0
2066-11-03,37.2,20.3,0.0
2066-11-04,38.622417862665756,20.93922771333226,0.0
2066-11-05,36.861566476694385,21.2,0.0
2066-11-06,40.363525390625,24.118994140625,0.0
2066-11-07,36.0,22.9,0.0
2066-11-08,35.6,20.5,0.0
2066-11-09,36.82701586060872,20.5,0.0
2066-11-10,39.975830078125,21.4,0.0
2066-11-11,40.69775390625,25.7681640625,0.0
2066-11-12,36.8,23.2,0.0
2066-11-13,36.4,21.3,0.0
2066-11-14,36.453656727890966,20.7,0.0
2066-11-15,35.1,20.5,0.0
2066-11-16,35.7,20.024631141519926,0.0
2066-11-17,36.96904139257009,20.1,0.0
2066-11-18,38.603320220298954,21.64995242371042,0.0
2066-11-19,36.2,25.27548828125,0.0
2066-11-20,34.4,23.2,0.0
2066-11-21,32.5,22.0,0.0
2066-11-22,33.7,20.2,0.0
2066-11-23,30.8,19.2,4.583003952569167
2066-11-24,29.617169711312343,17.9,8.652964426877467
2066-11-25,25.598637374860957,17.8,64.33695652173914
2066-11-26,22.26197300675799,16.1,65.5032938076415
2066-11-27,23.200740027779858,16.1,0.0
2066-11-28,25.0,16.0,0.0
2066-11-29,28.26569591759873,15.3,0.0
2066-11-30,29.6,15.2,0.0
2066-12-01,30.4,14.167476861885,0.0
2066-12-02,29.9,16.4,0.0
2066-12-03,30.0,17.4,0.0
2066-12-04,29.5,17.9,0.0
2066-12-05,28.0,18.1,0.0
2066-12-06,28.2,17.0,0.0
2066-12-07,29.9,16.9,0.0
2066-12-08,31.0,17.2,0.0
2066-12-09,31.2,17.9,0.0
2066-12-10,31.6,18.7,0.0
2066-12-11,32.1,18.6,0.0
2066-12-12,32.9,19.2,0.0
2066-12-13,33.1,19.2,0.0
2066-12-14,32.0,19.6,1.75
2066-12-15,27.4,19.139720129171142,15.5
2066-12-16,25.3,18.7,25.5
2066-12-17,27.0,18.1,0.0
2066-12-18,28.0,17.5,2.0
2066-12-19,30.0,18.7,13.4
2066-12-20,30.1,18.8,7.2
2066-12-21,27.9,18.94377771797631,25.0
2066-12-22,24.1,18.9,112.1701492537312
2066-12-23,27.0,18.9,2.4
2066-12-24,23.2,18.032625093779558,1.6
2066-12-25,24.9,18.1,29.962500000000002
2066-12-26,21.888238626706702,16.9,12.7
2066-12-27,27.1,15.7,0.0
2066-12-28,27.2,15.416602617967792,0.0
2066-12-29,27.9,16.0,0.0
2066-12-30,29.0,16.4,0.0
2066-12-31,30.1,16.832728589165807,0.0
2067-01-01,31.1,16.7,0.0
2067-01-02,31.5,16.4,0.0
2067-01-03,30.5,18.5,0.0
2067-01-04,27.7,18.9,0.0
2067-01-05,28.5,17.7,0.0
2067-01-06,29.2,17.6,0.0
2067-01-07,29.7,17.6,0.0
2067-01-08,30.4,18.0,0.0
2067-01-09,29.1,18.9,5.1
2067-01-10,28.7,19.0,8.819065420560749
2067-01-11,28.8,18.9,1.9
2067-01-12,29.0,18.0,0.6
2067-01-13,29.2,18.7,0.9
2067-01-14,30.0,18.8,0.0
2067-01-15,30.82901511043487,19.9,0.0
2067-01-16,31.7,19.93935040737532,0.0
2067-01-17,30.2,19.8,0.0
2067-01-18,29.6,19.0,6.43981308411215
2067-01-19,28.6,18.9,0.5
2067-01-20,28.6,19.44235814324166,3.9435514018691595
2067-01-21,30.6,19.2,0.0
2067-01-22,31.1,19.2,0.0
2067-01-23,31.9,19.386901635669826,0.0
2067-01-24,31.7,19.664722575594475,2.0
2067-01-25,30.638337071520144,19.6,16.84884735202493
2067-01-26,29.5,19.2,16.4
2067-01-27,27.9,19.3,8.593130841121496
2067-01-28,28.0,19.0,31.006542056074775
2067-01-29,26.4,19.0,52.1
2067-01-30,26.1,18.8,69.17479934029689
2067-01-31,25.2,18.351728787896693,70.6
2067-02-01,26.7,18.8,9.4
2067-02-02,26.8,18.8,3.715277777777779
2067-02-03,27.3,17.0,1.6
2067-02-04,29.0,16.5,0.0
2067-02-05,29.1,16.2,0.0
2067-02-06,30.0,15.6,0.0
2067-02-07,30.4,16.5,0.0
2067-02-08,30.9,17.0,0.0
2067-02-09,31.269576637577604,16.0750178784267,0.0
2067-02-10,30.9,17.2,0.0
2067-02-11,30.9,17.2,0.0
2067-02-12,27.3,18.0,1.6
2067-02-13,27.0,18.6,7.4
2067-02-14,25.0,18.7,17.327430555555555
2067-02-15,24.9,18.6,3.0
2067-02-16,24.2,18.7,0.5291666666666666
2067-02-17,27.3,17.5,0.0
2067-02-18,29.9,16.8,0.0
2067-02-19,30.402486979939127,16.4,0.0
2067-02-20,29.7,16.6,0.0
2067-02-21,29.664353822577898,17.3,0.0
2067-02-22,30.28348733985244,17.9,0.0
2067-02-23,31.2,18.2,0.0
2067-02-24,30.9,18.178744237299554,0.0
2067-02-25,30.5,17.6,0.0
2067-02-26,30.9,16.8,0.0
2067-02-27,31.7,18.2,0.0
2067-02-28,32.317736637130274,17.5,0.0
2067-03-01,31.9,18.0,0.0
2067-03-02,28.8,19.3,18.336196319018406
2067-03-03,28.0,18.4,0.9
2067-03-04,27.0,18.2,0.0
2067-03-05,27.5,18.8,0.0
2067-03-06,29.7,18.2,0.0
2067-03-07,31.8,18.2,2.8
2067-03-08,31.9,18.0,0.0
2067-03-09,30.2,18.5,0.0
2067-03-10,30.2,18.7,2.0
2067-03-11,30.1,19.2,0.0
2067-03-12,30.1,19.9,0.0
2067-03-13,28.8,19.571139909987014,0.0
2067-03-14,29.7,19.68494534593747,0.0
2067-03-15,29.9,19.78442278178503,0.0
2067-03-16,30.269230769230766,19.8,0.0
2067-03-17,32.0,18.5,0.0
2067-03-18,33.0,17.4,0.0
2067-03-19,31.35860655737705,18.9,0.0
2067-03-20,31.7,18.2,0.0
2067-03-21,32.4,17.2,0.0
2067-03-22,32.29261744966443,18.897625530298225,0.0
2067-03-23,30.9,18.3,0.0
2067-03-24,29.9,17.9,0.0
2067-03-25,29.7,19.34195985273291,0.0
2067-03-26,30.4,18.1,0.0
2067-03-27,30.7,18.0,0.0
2067-03-28,29.9,18.0,0.0
2067-03-29,29.0,17.2,0.0
2067-03-30,29.7,17.3,0.0
2067-03-31,30.6,19.0,0.0
2067-04-01,31.3,20.6091796875,0.0
2067-04-02,31.4,19.253486884197056,0.0
2067-04-03,31.7,19.4,0.0
2067-04-04,31.7,19.7,0.0
2067-04-05,31.5,19.161761986527534,0.0
2067-04-06,32.7,19.7,0.0
2067-04-07,34.00372792674951,19.4,0.0
2067-04-08,33.84948542024014,19.7,0.0
2067-04-09,32.998913043478254,19.4,0.0
2067-04-10,32.4,18.7,0.0
2067-04-11,31.57122302158274,18.4,0.0
2067-04-12,31.2,18.4,0.0
2067-04-13,31.7,18.320689655172412,0.0
2067-04-14,31.7,18.4,0.0
2067-04-15,30.7,20.2390625,0.0
2067-04-16,28.177777777777777,18.464824120603012,0.0
2067-04-17,27.9,18.4,0.0
2067-04-18,30.4,18.4,0.0
2067-04-19,31.4,17.9,0.0
2067-04-20,32.49919642857143,18.7,0.0
2067-04-21,33.55769230769231,18.7,0.0
2067-04-22,34.01173969914978,19.0,0.0
2067-04-23,33.823584905660375,19.4,0.0
2067-04-24,33.99716981132076,18.82695492180313,0.0
2067-04-25,32.5,19.4,0.0
2067-04-26,28.9,18.17521793275218,0.0
2067-04-27,29.4,17.0,0.0
2067-04-28,31.1,17.2,0.0
2067-04-29,32.463928571428575,17.8,0.0
2067-04-30,32.7,19.179672434288737,0.0
2067-05-01,31.26976847914645,19.199281035777858,0.0
2067-05-02,29.5,17.089919859926905,0.0
2067-05-03,29.0,16.9,0.0
2067-05-04,29.16940336722856,16.2,0.0
2067-05-05,30.1,17.2,0.0
2067-05-06,30.7,16.5,0.0
2067-05-07,31.040323078428568,16.5,0.0
2067-05-08,31.7,16.5,0.0
2067-05-09,31.7,16.9,0.0
2067-05-10,31.6,16.9,0.0
2067-05-11,31.9,16.5,0.0
2067-05-12,31.9,14.0,0.0
2067-05-13,30.15434158593469,16.32090285252958,0.0
2067-05-14,26.3,15.7,0.0
2067-05-15,24.4,12.5,0.0
2067-05-16,25.4,8.9,0.0
2067-05-17,29.1,10.0,0.0
2067-05-18,30.2,13.0,0.0
2067-05-19,30.6,14.0,0.0
2067-05-20,30.947503949226217,15.0,0.0
2067-05-21,28.2,16.2,0.0
2067-05-22,27.6,14.6,0.0
2067-05-23,25.4,15.6,0.0
2067-05-24,26.0,14.5,0.0
2067-05-25,27.6,12.7,0.0
2067-05-26,25.07707212055974,12.9,0.0
2067-05-27,25.3,11.2,0.0
2067-05-28,26.4,11.9,0.0
2067-05-29,28.0,11.2,0.0
2067-05-30,29.5,10.8,0.0
2067-05-31,30.2,9.9,0.0
2067-06-01,27.4,14.653561069932328,0.0
2067-06-02,26.01044150277504,12.9,0.0
2067-06-03,26.6,12.4,0.0
2067-06-04,26.9,13.2,0.0
2067-06-05,25.6,14.1,0.0
2067-06-06,27.2,12.9,0.0
2067-06-07,27.4,14.2,0.0
2067-06-08,28.295580139548996,14.590064245839098,0.0
2067-06-09,28.9,14.2,0.0
2067-06-10,29.9,14.2,0.0
2067-06-11,28.2,15.505445733354527,0.0
2067-06-12,26.1,13.7,0.0
2067-06-13,24.6,12.5,0.0
2067-06-14,26.0,12.1,0.0
2067-06-15,27.14465822239765,12.3,0.0
2067-06-16,27.7,12.5,0.0
2067-06-17,27.7,12.4,0.0
2067-06-18,26.93874868179652,11.8,0.0
2067-06-19,26.9,11.6,0.0
2067-06-20,27.8,11.8,0.0
2067-06-21,29.0,12.7,0.0
2067-06-22,29.9,14.1,0.0
2067-06-23,28.9,14.316187639790929,0.0
2067-06-24,28.0,14.166718173536209,0.0
2067-06-25,28.0,12.9,0.0
2067-06-26,28.27725432298514,13.8,0.0
2067-06-27,27.7,13.7,0.0
2067-06-28,27.6,14.0,0.0
2067-06-29,27.9,13.0,0.0
2067-06-30,28.6,12.462199117689346,0.0
2067-07-01,30.455277895109752,15.0,0.0
2067-07-02,29.4,15.3,0.0
2067-07-03,28.8,15.0,0.0
2067-07-04,29.5,14.298781738745008,0.0
2067-07-05,31.65205078125,15.091321049410077,0.0
2067-07-06,29.58289856400155,15.559898746484242,0.0
2067-07-07,28.6,13.5,0.0
2067-07-08,29.2,13.4,0.0
2067-07-09,30.131338986024915,14.4,0.0
2067-07-10,30.897861095528974,15.3,0.0
2067-07-11,29.2,15.832148966675426,0.0
2067-07-12,17.741222155009037,15.248379380456882,0.0
2067-07-13,22.3,12.4,0.0
2067-07-14,20.7,10.4,0.0
2067-07-15,22.1,7.2,0.0
2067-07-16,25.0,7.8,0.0
2067-07-17,27.2,9.3,0.0
2067-07-18,28.2,11.7,0.0
2067-07-19,28.2,11.179645291916545,0.0
2067-07-20,25.4,12.0,0.0
2067-07-21,22.7,11.2,0.0
2067-07-22,24.0,12.4,0.0
2067-07-23,27.2,9.8,0.0
2067-07-24,28.0,9.9,0.0
2067-07-25,26.7,12.0,0.0
2067-07-26,26.4,13.0,0.0
2067-07-27,26.7,13.0,0.0
2067-07-28,26.9,12.7,0.0
2067-07-29,27.5,11.2,0.0
2067-07-30,28.2,10.2,0.0
2067-07-31,28.234767552856578,10.370828848223889,0.0
2067-08-01,28.1,12.0,0.0
2067-08-02,25.719590958019374,12.5,0.0
2067-08-03,26.6,12.0,0.0
2067-08-04,29.0,12.4,0.0
2067-08-05,30.5,14.2,0.0
2067-08-06,31.2,15.4,0.0
2067-08-07,30.9,15.0,0.0
2067-08-08,22.4,16.24006825000572,0.0
2067-08-09,23.66593110871905,13.9,0.0
2067-08-10,24.6,10.343911015428779,0.0
2067-08-11,27.0,6.5,0.0
2067-08-12,28.9,6.204436651759457,0.0
2067-08-13,26.5,14.2,0.0
2067-08-14,26.6,13.4,0.0
2067-08-15,27.6,13.7,0.0
2067-08-16,28.9,12.8,0.0
2067-08-17,30.2,14.0,0.0
2067-08-18,31.4,14.5,0.0
2067-08-19,28.513885898815936,15.302045209903124,0.0
2067-08-20,28.6,12.9,0.0
2067-08-21,30.476701036768453,13.781872981700747,0.0
2067-08-22,31.9,15.234840330104042,0.0
2067-08-23,32.17727474197429,16.902614998205948,0.0
2067-08-24,30.0,18.68882289621983,0.0
2067-08-25,29.0,16.0,0.0
2067-08-26,30.087419268030132,14.2,0.0
2067-08-27,31.2,15.0,0.0
2067-08-28,32.9,15.8,0.0
2067-08-29,32.65193292750824,18.952042120462167,0.0
2067-08-30,29.0,18.938900614310928,0.0
2067-08-31,24.9,16.7,0.0
2067-09-01,28.0,12.1,0.0
2067-09-02,30.4,13.550683200812975,0.0
2067-09-03,30.7,15.4,0.0
2067-09-04,30.5,15.7,0.0
2067-09-05,31.4,15.2,0.0
2067-09-06,32.5,16.2,0.0
2067-09-07,33.7,17.0,0.0
2067-09-08,33.9,18.4,0.0
2067-09-09,33.2,19.0,0.0
2067-09-10,33.0,18.6,0.0
2067-09-11,32.9,17.9,0.0
2067-09-12,33.2,17.5,0.0
2067-09-13,34.62992484874794,17.4,0.0
2067-09-14,31.9,20.42608240471795,0.0
2067-09-15,29.7,17.6,0.0
2067-09-16,30.2,16.3,0.0
2067-09-17,31.6,16.5,0.0
2067-09-18,34.22046718576197,16.0,0.0
2067-09-19,32.6,20.2,0.0
2067-09-20,31.7,17.918877183799,0.0
2067-09-21,33.0,17.0,0.0
2067-09-22,34.1,17.8,0.0
2067-09-23,31.6,19.0,0.0
2067-09-24,30.0,17.0,0.0
2067-09-25,30.2,16.47393737149021,0.0
2067-09-26,32.0,16.8,0.0
2067-09-27,33.76542416744228,16.3,0.0
2067-09-28,35.1,17.8,0.0
2067-09-29,36.0,19.4,0.0
2067-09-30,38.63265330272409,21.3457908664176,0.0
2067-10-01,35.2,19.4,0.0
2067-10-02,35.5,17.9,0.0
2067-10-03,36.0,18.2,0.0
2067-10-04,34.0,21.0,0.0
2067-10-05,32.0,18.7,0.0
2067-10-06,32.9,17.6,0.0
2067-10-07,34.1,17.3,0.0
2067-10-08,36.0,18.0,0.0
2067-10-09,37.2,19.2,0.0
2067-10-10,28.8,19.0,0.0
2067-10-11,28.0,15.9,0.0
2067-10-12,31.2,16.8,0.0
2067-10-13,33.8,18.0,0.0
2067-10-14,34.6,18.5,0.0
2067-10-15,34.2,19.7,0.0
2067-10-16,35.7,18.5,0.0
2067-10-17,35.6,20.4,0.0
2067-10-18,35.0,19.824411475639998,0.0
2067-10-19,35.9,19.5,0.0
2067-10-20,36.9,20.7,0.0
2067-10-21,35.6,21.4,0.0
2067-10-22,34.8,20.850136999706415,0.0
2067-10-23,35.6,20.0,0.0
2067-10-24,35.5,21.1,0.0
2067-10-25,34.9,21.0,0.0
2067-10-26,35.5,20.2,0.0
2067-10-27,35.8,20.497551130247572,0.0
2067-10-28,36.0,20.0,0.0
2067-10-29,35.6,21.0,0.0
2067-10-30,36.27021759188066,20.7,0.0
2067-10-31,38.06542290163521,20.7,0.0
2067-11-01,39.60888671875,20.0,0.0
2067-11-02,37.24823119301411,20.0,0.0
2067-11-03,39.942626953125,20.0,0.0
2067-11-04,39.37155105885857,21.7,0.0
2067-11-05,36.8,20.69106543023602,0.0
2067-11-06,36.8277356651105,19.9,0.0
2067-11-07,37.37964274029967,20.5,0.0
2067-11-08,40.4365234375,20.7,0.0
2067-11-09,41.5791015625,20.627984394899332,0.0
2067-11-10,40.972900390625,25.679632568359377,0.0
2067-11-11,40.6328125,22.9,0.0
2067-11-12,41.0244140625,21.78203797191562,0.0
2067-11-13,41.285400390625,21.9,0.0
2067-11-14,41.078125,24.12900390625,0.0
2067-11-15,40.0615234375,26.60458984375,0.0
2067-11-16,39.18244567328928,24.345556640625,0.0
2067-11-17,36.48870696437776,25.426123046875,0.0
2067-11-18,36.49192779691979,24.996435546875,0.0
2067-11-19,35.3,24.89072265625,0.0
2067-11-20,36.25011241805315,21.9,0.0
2067-11-21,35.2,20.3,1.4
2067-11-22,31.6,19.0,12.784980237154155
2067-11-23,29.9,18.5,19.666139657443996
2067-11-24,30.0,18.6,4.73418972332016
2067-11-25,23.5,17.5,6.482608695652176
2067-11-26,27.0,17.5,0.41027667984189714
2067-11-27,28.7,18.0,0.7
2067-11-28,30.0,17.923863994820113,0.0
2067-11-29,30.18038031675406,16.5,0.0
2067-11-30,31.0,16.1,0.0
2067-12-01,32.0,18.6,0.0
2067-12-02,31.8,19.8,0.0
2067-12-03,30.7,19.4,6.25
2067-12-04,28.7,19.0,21.700000000000003
2067-12-05,29.9,19.0,27.610526315789475
2067-12-06,25.2,19.0,27.53333333333334
2067-12-07,26.9,19.2,2.6500000000000004
2067-12-08,27.8,19.2,7.0
2067-12-09,30.2,18.9,2.533333333333334
2067-12-10,29.9,19.0,12.3
2067-12-11,28.2,19.0,39.666666666666686
2067-12-12,28.0,18.6,12.7
2067-12-13,24.312296314167995,19.0,8.0
2067-12-14,25.1,18.8,0.5
2067-12-15,27.936722717116403,18.8,14.193333333333332
2067-12-16,27.8,19.0,1.1
2067-12-17,27.9,19.0,5.6
2067-12-18,27.1,19.2,1.7
2067-12-19,25.8,18.6,0.9
2067-12-20,25.2,18.6,0.0
2067-12-21,28.3,17.9,0.0
2067-12-22,29.6,17.9,0.0
2067-12-23,29.069550053821303,17.978116986682743,0.4
2067-12-24,27.7,18.6,0.0
2067-12-25,29.9,17.9,0.0
2067-12-26,30.1,18.2,0.0
2067-12-27,29.6,18.2,1.7
2067-12-28,29.9,18.82903708777769,7.2
2067-12-29,27.5,19.0,51.742105263157875
2067-12-30,24.10402039422665,19.0,43.2
2067-12-31,25.0,19.0,8.0
2068-01-01,26.9,18.7,16.0
2068-01-02,27.5,18.5,23.4
2068-01-03,28.5,19.0,13.773271028037389
2068-01-04,28.7,18.8,2.81663551401869
2068-01-05,28.0,18.8,16.208523364485984
2068-01-06,28.9,18.9,3.4
2068-01-07,29.1,18.6,6.392897196261682
2068-01-08,25.9,18.8,6.0
2068-01-09,25.4,18.7,9.9
2068-01-10,27.5,18.9,14.0
2068-01-11,27.4,18.7,20.008037383177573
2068-01-12,26.0,18.7,1.7
2068-01-13,26.6,18.9,11.0
2068-01-14,28.6,17.8,5.1
2068-01-15,27.5,18.9,22.791214953271037
2068-01-16,29.5,19.114403348396007,11.9
2068-01-17,27.2,18.8,6.43981308411215
2068-01-18,27.366942076629908,18.6,12.323364485981315
2068-01-19,26.0,18.6,10.0
2068-01-20,27.2,18.7,1.9
2068-01-21,29.5,19.1,38.480373831775694
2068-01-22,27.0,18.8,0.0
2068-01-23,27.9,19.1,21.106588785046725
2068-01-24,27.4,18.9,49.48745794392519
2068-01-25,26.1,18.8,6.3
2068-01-26,27.2,18.7,1.4
2068-01-27,27.7,17.8,0.0
2068-01-28,25.5,17.7,0.0
2068-01-29,28.7,17.0,0.0
2068-01-30,29.9,16.4,0.0
2068-01-31,30.9,17.2,0.0
2068-02-01,30.3,19.472534303341426,0.0
2068-02-02,28.4,18.9,49.91435185185185
2068-02-03,29.8,18.9,4.5
2068-02-04,28.2,19.0,41.91597222222222
2068-02-05,27.4,18.5,3.922222222222222
2068-02-06,21.16584440855943,16.9,79.44384751773049
2068-02-07,23.906813862584823,16.6,0.9
2068-02-08,25.1,17.6,0.0
2068-02-09,26.9,17.81437058769579,1.0
2068-02-10,27.0,16.8,0.0
2068-02-11,26.5,17.0,0.0
2068-02-12,27.7,16.5,0.0
2068-02-13,27.7,16.4,0.0
2068-02-14,27.9,18.2,0.0
2068-02-15,28.8,17.3,0.0
2068-02-16,30.4,15.6,0.0
2068-02-17,30.5,15.9,0.0
2068-02-18,29.1,17.0,0.0
2068-02-19,27.9,18.6,0.0
2068-02-20,27.9,18.3,0.0
2068-02-21,27.9,16.5,0.0
2068-02-22,29.0,16.9,0.0
2068-02-23,29.3,16.6,0.0
2068-02-24,30.0,16.1,0.0
2068-02-25,32.27945326617708,18.4,0.0
2068-02-26,32.9,19.0,0.0
2068-02-27,31.095226939569542,19.7,0.0
2068-02-28,30.8,18.9,1.8333333333333333
2068-03-01,31.8,18.8,7.2
2068-03-02,30.0,18.6,0.0
2068-03-03,28.9,17.9,0.0
2068-03-04,29.0,17.5,0.0
2068-03-05,29.9,17.5,0.0
2068-03-06,30.9,16.9,0.0
2068-03-07,30.7,18.5,0.0
2068-03-08,28.0,19.4,0.0
2068-03-09,27.9,18.9,5.736809815950918
2068-03-10,28.7,18.5,0.0
2068-03-11,30.6,18.6,2.485889570552147
2068-03-12,31.6,19.6,1.2
2068-03-13,32.2165548098434,19.605626180892525,0.0
2068-03-14,31.9,19.3,0.0
2068-03-15,31.1,18.5,0.0
2068-03-16,30.6,17.72529306443256,0.0
2068-03-17,29.8,18.5,0.0
2068-03-18,29.5,18.5,0.0
2068-03-19,30.5,18.6,0.0
2068-03-20,30.4,17.8,0.0
2068-03-21,30.7,19.0,0.0
2068-03-22,30.6,19.9,0.0
2068-03-23,31.7,18.6,0.0
2068-03-24,32.6,18.6,0.0
2068-03-25,30.7,18.82172692543109,0.0
2068-03-26,30.2,18.6,0.0
2068-03-27,30.7,17.7,0.0
2068-03-28,31.6,18.1,0.0
2068-03-29,31.9,20.252514209374567,0.0
2068-03-30,30.3,18.9,0.0
2068-03-31,29.9,18.0,0.0
2068-04-01,29.9,18.0,0.0
2068-04-02,31.1,17.9,0.0
2068-04-03,32.0,18.1,0.0
2068-04-04,32.5,18.6,0.0
2068-04-05,32.44785714285714,18.5,0.0
2068-04-06,33.36159420289856,17.8,0.0
2068-04-07,34.013178548070634,17.8,0.0
2068-04-08,34.002223675604974,19.4,0.0
2068-04-09,32.532976445396145,19.4,0.0
2068-04-10,30.7,18.8,0.0
2068-04-11,30.7,17.8,0.0
2068-04-12,32.05384615384615,17.2,0.0
2068-04-13,32.415982142857146,17.9,0.0
2068-04-14,32.11032258064516,18.0,0.0
2068-04-15,32.0,17.9,0.0
2068-04-16,31.2,17.8,0.0
2068-04-17,30.4,17.0,0.0
2068-04-18,30.0,18.0,0.0
2068-04-19,28.98235294117647,17.4,0.0
2068-04-20,28.453846153846147,17.1,5.357777777777779
2068-04-21,26.4,16.7,2.8682539682539696
2068-04-22,26.0,16.936885245901642,0.0
2068-04-23,28.5,16.6,0.0
2068-04-24,27.7,16.7,0.0
2068-04-25,27.0,16.3,0.0
2068-04-26,26.0,17.6,0.0
2068-04-27,27.3,18.0,0.0
2068-04-28,28.6,17.9,0.0
2068-04-29,28.2,17.9,0.0
2068-04-30,27.9,17.5,0.0
2068-05-01,29.161828670561306,15.2,0.0
2068-05-02,29.0,14.6,0.0
2068-05-03,29.1,15.7,0.0
2068-05-04,29.913507375294227,16.5,0.0
2068-05-05,30.6,16.2,0.0
2068-05-06,30.8,16.3,0.0
2068-05-07,30.7,17.0,0.0
2068-05-08,29.966849815135475,18.578309225896724,0.0
2068-05-09,28.7,17.2,0.0
2068-05-10,23.6,15.3,0.0
2068-05-11,22.5,13.0,0.0
2068-05-12,26.3,11.9,0.0
2068-05-13,28.2,15.2,0.0
2068-05-14,30.01796926008928,16.0,0.0
2068-05-15,31.0,16.9,0.0
2068-05-16,31.0,17.8,0.0
2068-05-17,29.638692092710908,16.5,0.0
2068-05-18,29.2,15.16315034086831,0.0
2068-05-19,29.5,13.4,0.0
2068-05-20,29.6,13.0,0.0
2068-05-21,25.9,15.253085544228444,0.0
2068-05-22,22.5,13.2,0.0
2068-05-23,23.5,9.0,0.0
2068-05-24,24.0,7.0,0.0
2068-05-25,24.7,6.5,0.0
2068-05-26,22.444704810797383,8.5,0.0
2068-05-27,24.1,7.3,0.0
2068-05-28,24.9,7.3,0.0
2068-05-29,25.6,7.137126551170866,0.0
2068-05-30,25.6,11.9,0.0
2068-05-31,24.0,12.4,0.0
2068-06-01,26.3,16.167441651660805,0.0
2068-06-02,27.4,13.432880723153449,0.0
2068-06-03,29.97728249865644,13.0,0.0
2068-06-04,30.4,13.0,0.0
2068-06-05,30.55389689486195,13.5,0.0
2068-06-06,30.883275461844832,14.3,0.0
2068-06-07,32.3599609375,16.576511503575947,0.0
2068-06-08,31.6861328125,18.75755459861899,0.0
2068-06-09,32.417333984375,16.80360234564019,0.0
2068-06-10,32.4869140625,17.189018972788794,0.0
2068-06-11,31.629248046875,16.832310453490106,0.0
2068-06-12,30.836033558102876,16.585191386967495,0.0
2068-06-13,30.4,15.511230732559998,0.0
2068-06-14,29.94818368724301,13.0,0.0
2068-06-15,28.9,12.966571465792827,0.0
2068-06-16,27.7,13.3,0.0
2068-06-17,27.7,12.9,0.0
2068-06-18,27.4,12.4,0.0
2068-06-19,27.9,11.5,0.0
2068-06-20,28.0,10.9,0.0
2068-06-21,26.1,12.4,0.0
2068-06-22,25.4,9.9,0.0
2068-06-23,25.7,8.5,0.0
2068-06-24,26.5,7.0,0.0
2068-06-25,26.31343580409209,5.9,0.0
2068-06-26,25.9,9.6,0.0
2068-06-27,21.241848807477282,11.5,0.0
2068-06-28,20.785387182339353,10.0,0.0
2068-06-29,19.6,5.0,0.0
2068-06-30,20.341761908836435,1.8,0.0
2068-07-01,23.8,1.7897201291711518,0.0
2068-07-02,25.5,2.7,0.0
2068-07-03,26.0,5.5,0.0
2068-07-04,23.8,9.9,0.0
2068-07-05,24.0,9.3,0.0
2068-07-06,25.7,5.2,0.0
2068-07-07,24.0,9.4,0.0
2068-07-08,24.0,10.4,0.0
2068-07-09,23.2,12.2,0.0
2068-07-10,26.2,9.135127377107999,0.0
2068-07-11,25.6,9.7,0.0
2068-07-12,23.333118882519333,9.1,0.0
2068-07-13,23.6,9.2,0.0
2068-07-14,24.2,9.2,0.0
2068-07-15,26.7,5.5844766668777295,0.0
2068-07-16,26.4,7.2,0.0
2068-07-17,24.5,11.9,0.0
2068-07-18,23.6,10.5,0.0
2068-07-19,23.6,8.9,0.0
2068-07-20,23.7,8.9,0.0
2068-07-21,24.6,8.9,0.0
2068-07-22,25.7,9.0,0.0
2068-07-23,27.4,10.0,0.0
2068-07-24,27.5,12.1,0.0
2068-07-25,26.3,12.2,0.0
2068-07-26,25.7,10.8,0.0
2068-07-27,26.4,10.99276402344217,0.0
2068-07-28,26.8,11.3,0.0
2068-07-29,29.2,12.0,0.0
2068-07-30,32.224072265625,12.8,0.0
2068-07-31,32.5587890625,11.6,0.0
2068-08-01,32.9,11.8,0.0
2068-08-02,33.08647810322361,11.5,0.0
2068-08-03,32.1,9.72722546052765,0.0
2068-08-04,31.2,15.578842243750744,0.0
2068-08-05,32.22442854429175,13.5,0.0
2068-08-06,31.5,14.1,0.0
2068-08-07,28.3,15.7,0.0
2068-08-08,29.3,13.3,0.0
2068-08-09,30.9,12.834627519394228,0.0
2068-08-10,31.2,13.415287610097987,0.0
2068-08-11,26.7,15.055217195041491,0.0
2068-08-12,26.7,13.2,0.0
2068-08-13,28.2,13.2,0.0
2068-08-14,28.8,13.720653031933972,0.0
2068-08-15,28.8,14.0,0.0
2068-08-16,31.9,13.0,0.0
2068-08-17,32.9,14.130907650750453,0.0
2068-08-18,33.28984224475581,16.9,0.0
2068-08-19,34.322985987406696,17.7,0.0
2068-08-20,37.814697265625,18.598431249069417,0.0
2068-08-21,37.70751953125,24.47446406018679,0.0
2068-08-22,37.89501953125,24.4787912160507,0.0
2068-08-23,37.727783203125,19.223662343458727,0.0
2068-08-24,32.91524617806454,20.480499197537807,0.0
2068-08-25,32.9,18.98328970175512,0.0
2068-08-26,30.9,19.0,0.0
2068-08-27,30.0,17.7,0.0
2068-08-28,30.9,15.3,0.0
2068-08-29,32.71186388775471,15.7,0.0
2068-08-30,33.27577814764226,16.9,0.0
2068-08-31,30.8,23.99414975926103,0.0
2068-09-01,28.2,15.5,0.0
2068-09-02,30.5,12.7,0.0
2068-09-03,30.8,16.1,0.0
2068-09-04,29.1,15.9,0.0
2068-09-05,28.5,14.405806451612907,0.0
2068-09-06,32.0,14.3,0.0
2068-09-07,33.7,13.9,0.0
2068-09-08,31.5,19.4,0.0
2068-09-09,30.0,17.4,0.0
2068-09-10,30.7,16.3,0.0
2068-09-11,32.7,15.5,0.0
2068-09-12,32.5,18.5,0.0
2068-09-13,30.0,17.9,0.0
2068-09-14,29.6,16.3,0.0
2068-09-15,30.6,16.1,0.0
2068-09-16,31.5,15.2,0.0
2068-09-17,32.6,14.9,0.0
2068-09-18,34.0,16.9,0.0
2068-09-19,33.3,19.3,0.0
2068-09-20,32.7,18.83190757025626,0.0
2068-09-21,33.0,19.0,0.0
2068-09-22,33.1,19.4,0.0
2068-09-23,33.4,19.0,0.0
2068-09-24,34.6,19.4,0.0
2068-09-25,35.411116190764616,19.991989761046412,0.0
2068-09-26,36.0,20.0,0.0
2068-09-27,39.4072265625,20.2,0.0
2068-09-28,40.179931640625,21.860319557086207,0.0
2068-09-29,35.4436092458753,22.75613755449636,0.0
2068-09-30,34.9,20.5,0.0
2068-10-01,33.79055891363749,18.1,0.0
2068-10-02,35.553859757035205,17.2,0.0
2068-10-03,34.8,19.4,0.0
2068-10-04,29.9,18.0,0.0
2068-10-05,31.0,16.9,0.0
2068-10-06,33.0,17.2,0.0
2068-10-07,33.9,18.2,0.0
2068-10-08,33.2,19.1,0.0
2068-10-09,33.43732700292173,18.5,0.0
2068-10-10,37.50508783744372,18.8,0.0
2068-10-11,38.09511058398934,20.5,0.0
2068-10-12,38.22649655537669,22.030242841539778,0.0
2068-10-13,36.9,22.0,0.0
2068-10-14,36.0,20.9,0.0
2068-10-15,36.3,20.7,0.0
2068-10-16,35.4,21.3,0.0
2068-10-17,34.5,20.3,0.0
2068-10-18,34.6,19.8,0.0
2068-10-19,35.4,20.1,0.0
2068-10-20,35.6,20.7,0.0
2068-10-21,36.388102753096994,20.9,0.0
2068-10-22,36.3,21.9,0.0
2068-10-23,35.7,20.7,0.0
2068-10-24,36.2,20.7,0.0
2068-10-25,36.0,20.8,0.0
2068-10-26,36.5,21.6,0.0
2068-10-27,35.4,21.9,0.0
2068-10-28,35.7,21.6,0.0
2068-10-29,36.6,21.5,0.0
2068-10-30,38.175544685315586,22.0,0.0
2068-10-31,38.326962137876166,24.802197265625,0.0
2068-11-01,37.87548011847166,22.0,0.0
2068-11-02,39.905517578125,21.4,0.0
2068-11-03,40.251953125,21.7,0.0
2068-11-04,41.015380859375,23.2,0.0
2068-11-05,40.790771484375,23.009449057315344,0.0
2068-11-06,40.5263671875,23.3,0.0
2068-11-07,40.9814453125,21.3,0.0
2068-11-08,40.667724609375,22.0,0.0
2068-11-09,36.4,22.1,0.0
2068-11-10,35.61895680608976,21.3,0.0
2068-11-11,36.8,21.3,0.0
2068-11-12,39.801025390625,21.5,0.0
2068-11-13,39.805908203125,20.0,0.0
2068-11-14,30.6,17.9,0.6118577075098813
2068-11-15,32.6,18.8,2.033300395256917
2068-11-16,30.5,18.75746097814777,11.4
2068-11-17,29.0,18.6,1.0
2068-11-18,30.3,19.9,0.0
2068-11-19,31.9,18.9,2.0
2068-11-20,32.6,18.8,0.0
2068-11-21,33.3,19.4,0.0
2068-11-22,34.0,22.00447524539938,0.0
2068-11-23,34.2,20.814744905565178,0.0
2068-11-24,36.41254374779565,21.20415629358901,0.0
2068-11-25,28.0,19.6,8.913664596273293
2068-11-26,27.6,19.3,10.333596837944663
2068-11-27,25.2,18.7,0.0
2068-11-28,29.2,18.2,0.0
2068-11-29,29.9,17.2,0.0
2068-11-30,30.8,16.1,0.0
2068-12-01,31.8,17.4,0.0
2068-12-02,33.02738349774637,18.5,0.0
2068-12-03,33.1,19.56817853742913,0.0
2068-12-04,32.1,20.3,0.1
2068-12-05,30.5,19.2,1.9
2068-12-06,31.2,18.5,7.0
2068-12-07,31.6,19.0,9.9
2068-12-08,30.3,19.2,8.9
2068-12-09,28.756195515395923,19.2,5.2
2068-12-10,26.3,19.2,0.0
2068-12-11,24.2,19.0,3.3
2068-12-12,25.6,18.9,0.0
2068-12-13,29.310777717976315,17.5,0.0
2068-12-14,29.6,17.6,0.0
2068-12-15,29.9,17.2,0.0
2068-12-16,31.2,17.2,0.0
2068-12-17,31.4,17.7,0.0
2068-12-18,32.1,17.9,0.0
2068-12-19,32.1,19.5,0.0
2068-12-20,31.4,19.5,0.0
2068-12-21,31.1,18.7,0.0
2068-12-22,31.08815020286494,19.4,1.2
2068-12-23,30.7,19.2,2.4
2068-12-24,30.7,19.0,7.0
2068-12-25,31.2,19.0,0.0
2068-12-26,31.0,19.9,3.3499999999999996
2068-12-27,30.4,19.446028893132443,16.6
2068-12-28,29.0,19.2,12.6
2068-12-29,29.2,19.4,28.3
2068-12-30,29.9,19.4,35.50714285714286
2068-12-31,31.0,19.4,6.9
2069-01-01,31.222210613390445,18.9,1.0
2069-01-02,31.1,19.2,0.0
2069-01-03,28.29986245664394,19.381701860363428,9.9
2069-01-04,27.2,19.3,4.0
2069-01-05,29.0,19.1,0.0
2069-01-06,29.9,18.8,1.2
2069-01-07,30.4,18.1,0.0
2069-01-08,30.1,18.0,0.0
2069-01-09,30.525741176656126,16.9,0.0
2069-01-10,30.9,17.7,0.0
2069-01-11,31.1,18.4,0.0
2069-01-12,31.700775680973045,18.9,0.5
2069-01-13,30.0,19.0,25.575867082035305
2069-01-14,30.6,19.228541329355586,0.0
2069-01-15,25.96391956394015,19.211024907174494,0.0
2069-01-16,28.4,18.7,0.0
2069-01-17,30.4,17.5,0.0
2069-01-18,31.29072691842069,18.4,0.0
2069-01-19,31.3676786479396,19.3,0.0
2069-01-20,30.950648368301756,19.79581534877975,0.0
2069-01-21,30.95334005107955,19.7,0.0
2069-01-22,31.1,18.7,0.0
2069-01-23,31.8,17.3,0.0
2069-01-24,32.6,17.4,0.0
2069-01-25,31.6,19.642524953517945,0.0
2069-01-26,29.5,19.2,0.0
2069-01-27,31.7,18.3,0.0
2069-01-28,32.36905218966459,19.6,0.0
2069-01-29,32.6,19.0,0.0
2069-01-30,31.9,19.329220407270988,0.0
2069-01-31,31.74538088490322,19.7,0.0
2069-02-01,33.281586317336604,19.5,4.4
2069-02-02,32.1,19.1,8.4
2069-02-03,31.588784468833733,18.9,5.721111111111113
2069-02-04,32.9,18.0,0.0
2069-02-05,33.93334164428853,20.049052024919284,0.0
2069-02-06,32.02861834489499,18.9,4.106597222222223
2069-02-07,32.0,18.8,3.6
2069-02-08,32.63239901999735,18.8,0.0
2069-02-09,30.9,19.1,4.2
2069-02-10,32.0,18.5,0.9
2069-02-11,32.9,18.7,1.8
2069-02-12,32.9,18.6,0.9
2069-02-13,32.0,19.0,0.0
2069-02-14,32.9,18.2,0.0
2069-02-15,32.9,20.357761557081933,0.5291666666666666
2069-02-16,33.94008239240503,20.9578369140625,1.6527777777777781
2069-02-17,34.08097143545579,20.371382996448897,0.0
2069-02-18,34.1686011609705,20.31001415037542,0.0
2069-02-19,36.857958984375,21.03046875,0.0
2069-02-20,34.300652186037155,21.473828125,0.0
2069-02-21,31.2,19.7,13.392222222222223
2069-02-22,29.7,19.2,6.702777777777781
2069-02-23,29.0,19.2,17.43630952380952
2069-02-24,30.4,19.490716383154005,0.0
2069-02-25,32.8,18.6,0.0
2069-02-26,32.9,20.15277109054553,0.0
2069-02-27,33.95215647969068,20.199171101487696,0.0
2069-02-28,34.18800858961366,20.9260986328125,0.0
2069-03-01,33.7,20.3,0.0
2069-03-02,33.7,19.852872463421395,0.0
2069-03-03,33.68380187416332,18.7,0.0
2069-03-04,33.7,19.75333824413228,0.0
2069-03-05,31.6,19.3,4.9
2069-03-06,28.9,18.8,1.4
2069-03-07,31.5,18.5,0.0
2069-03-08,31.8,19.0,0.0
2069-03-09,32.46842105263158,18.393261962122505,0.0
2069-03-10,33.7,18.5,0.0
2069-03-11,34.6398586188146,18.9,0.0
2069-03-12,33.7,20.655792474700846,0.0
2069-03-13,33.7,20.27385205179879,0.0
2069-03-14,34.43909733550841,21.16396090565074,0.0
2069-03-15,35.811376953125,22.487097167968745,0.0
2069-03-16,34.86498096791734,23.432653808593745,0.0
2069-03-17,33.5107619047619,19.9,1.5447852760736192
2069-03-18,27.6,18.7,38.127667215322475
2069-03-19,29.2,18.5,0.0
2069-03-20,30.8,18.1,0.0
2069-03-21,32.26353467561521,17.9,0.0
2069-03-22,32.79297297297298,18.7,0.0
2069-03-23,32.1,19.007904044287258,0.0
2069-03-24,31.2,19.0,0.0
2069-03-25,31.9,18.7,0.0
2069-03-26,33.0,18.6,0.0
2069-03-27,33.59428571428572,19.0,0.0
2069-03-28,33.7,19.4,0.0
2069-03-29,33.7,19.671840741076075,2.0
2069-03-30,30.9,18.9,1.6
2069-03-31,32.0,19.749292759254228,0.0
2069-04-01,33.15684210526316,19.7,0.0
2069-04-02,32.507066381156314,19.9953795379538,0.0
2069-04-03,32.199354838709674,19.2,0.0
2069-04-04,31.559712230215826,19.245809341010872,0.0
2069-04-05,29.9,19.4,2.0428571428571436
2069-04-06,32.12537634408603,18.7,0.0
2069-04-07,33.690064102564094,19.0,0.0
2069-04-08,34.200178253119425,19.7,0.0
2069-04-09,36.60595703125,23.32158203125,0.0
2069-04-10,37.20654296875,23.843310546875,0.0
2069-04-11,36.6962890625,21.72587890625,0.0
2069-04-12,33.908662092624354,19.7,0.0
2069-04-13,32.595289079229126,19.4,0.0
2069-04-14,32.23461538461538,19.131382908466513,0.0
2069-04-15,32.816417910447754,18.7,0.0
2069-04-16,33.70844091360477,19.0,0.0
2069-04-17,33.80548885077187,19.198903711530843,0.0
2069-04-18,33.911663807890214,19.154206841896713,0.0
2069-04-19,34.03293001962067,19.0,0.0
2069-04-20,32.51927194860814,19.2,0.0
2069-04-21,30.7,18.86228150873965,0.0
2069-04-22,29.9,18.0,0.0
2069-04-23,31.2,17.7,0.0
2069-04-24,32.79226594301222,21.497119140625,0.0
2069-04-25,33.71618669314796,20.697802734375,0.0
2069-04-26,34.044244604316546,20.96904296875,0.0
2069-04-27,34.821476510067136,19.7,0.0
2069-04-28,33.11394736842105,21.00126953125,0.0
2069-04-29,29.9,19.2,0.0
2069-04-30,31.3,17.89400570884871,0.0
2069-05-01,32.53980273862868,17.576535095535785,0.0
2069-05-02,31.309295380581574,17.502818330642253,0.0
2069-05-03,31.0,16.5,0.0
2069-05-04,31.6,16.38555346250446,0.0
2069-05-05,30.914995876029227,16.9,0.0
2069-05-06,31.650532214210504,15.8,0.0
2069-05-07,31.6,15.626475328428935,0.0
2069-05-08,29.692944515118892,17.4,0.0
2069-05-09,30.6,16.8,0.0
2069-05-10,31.9,15.0,0.0
2069-05-11,31.68074379872011,15.1,0.0
2069-05-12,31.164569816055987,15.869561057289786,0.0
2069-05-13,30.98607403688811,15.2,0.0
2069-05-14,30.0,14.9,0.0
2069-05-15,27.6,15.2,0.0
2069-05-16,27.2,14.6,0.0
2069-05-17,22.8,14.0,0.95
2069-05-18,26.8,12.2,0.0
2069-05-19,24.1,16.586122104353304,0.0
2069-05-20,26.664013778256177,14.6,0.0
2069-05-21,26.0,15.1,0.0
2069-05-22,27.3,17.5,0.0
2069-05-23,28.9,16.9,0.0
2069-05-24,29.7,15.2,0.0
2069-05-25,29.5,15.1,0.0
2069-05-26,29.5,14.4,0.0
2069-05-27,29.9,11.9,0.0
2069-05-28,29.6,11.750457481162526,0.0
2069-05-29,28.1,12.0,0.0
2069-05-30,30.0,12.0,0.0
2069-05-31,30.8,15.2,0.0
2069-06-01,30.1,22.3556640625,0.0
2069-06-02,28.6,16.94989658709914,0.0
2069-06-03,28.0,15.00925010789159,0.0
2069-06-04,27.7,14.598053912446852,0.0
2069-06-05,27.1,14.1,0.0
2069-06-06,27.3,13.086002966258807,0.0
2069-06-07,27.141045606229145,12.7,0.0
2069-06-08,27.9,12.9,0.0
2069-06-09,27.7,14.0,0.0
2069-06-10,26.5,13.8,0.0
2069-06-11,26.3,12.2,0.0
2069-06-12,26.3,13.405921473031507,0.0
2069-06-13,25.6,16.720654326736074,0.0
2069-06-14,25.7,13.7,0.0
2069-06-15,26.6,11.9,0.0
2069-06-16,28.0,11.7,0.0
2069-06-17,28.6,12.0,0.0
2069-06-18,29.720506803602202,12.2,0.0
2069-06-19,30.599124739407046,13.2,0.0
2069-06-20,30.5,13.0,0.0
2069-06-21,27.4,15.23695506714572,0.0
2069-06-22,26.117053021876163,13.0,0.0
2069-06-23,26.4,11.5,0.0
2069-06-24,27.7,10.0,0.0
2069-06-25,26.002135007483595,13.2,0.0
2069-06-26,25.5,11.9,0.0
2069-06-27,25.956883599737914,10.0,0.0
2069-06-28,25.4,11.1,0.0
2069-06-29,23.5,10.7,0.0
2069-06-30,24.1,9.2,0.0
2069-07-01,25.9,10.4,0.0
2069-07-02,27.4,11.1,0.0
2069-07-03,27.9,10.4,0.0
2069-07-04,28.2,11.7,0.0
2069-07-05,29.0,10.4,0.0
2069-07-06,29.2,8.9,0.0
2069-07-07,27.691755920344445,13.9,0.0
2069-07-08,26.0,12.1,0.0
2069-07-09,27.4,9.2,0.0
2069-07-10,28.2,8.9,0.0
2069-07-11,28.5,10.6,0.0
2069-07-12,28.562261373871394,9.8,0.0
2069-07-13,27.2,13.1,0.0
2069-07-14,25.8,12.1,0.0
2069-07-15,26.4,10.7,0.0
2069-07-16,26.0,12.4,0.0
2069-07-17,25.8,13.8,0.0
2069-07-18,26.271395388363256,11.5,0.0
2069-07-19,26.7,10.4,0.0
2069-07-20,27.7,10.4,0.0
2069-07-21,27.6,11.0,0.0
2069-07-22,27.6,10.9,0.0
2069-07-23,28.1,11.571303579807342,0.0
2069-07-24,28.5,12.0,0.0
2069-07-25,29.1,12.7,0.0
2069-07-26,29.5,14.3,0.0
2069-07-27,31.156187993437936,14.3,0.0
2069-07-28,31.3927734375,13.823977785057956,0.0
2069-07-29,28.2,15.549525793719674,0.0
2069-07-30,27.6,13.6,0.0
2069-07-31,28.6,12.0,0.0
2069-08-01,30.4,12.3,0.0
2069-08-02,28.3,16.24623823374481,0.0
2069-08-03,27.7,14.2,0.0
2069-08-04,28.462125172997073,13.1,0.0
2069-08-05,26.84018781782413,14.043468049711318,0.0
2069-08-06,25.5,13.419521029597796,0.0
2069-08-07,26.3,12.4,0.0
2069-08-08,28.2,12.3,0.0
2069-08-09,29.1,12.8,0.0
2069-08-10,30.4,11.8,0.0
2069-08-11,32.541709828302764,13.4,0.0
2069-08-12,34.39160673290329,13.8,0.0
2069-08-13,37.77099609375,12.8,0.0
2069-08-14,29.8,19.0,0.0
2069-08-15,26.0,16.9,0.0
2069-08-16,27.1,14.0,0.0
2069-08-17,28.8,13.8,0.0
2069-08-18,30.2,15.0,0.0
2069-08-19,30.8,15.0,0.0
2069-08-20,31.2,15.7,0.0
2069-08-21,30.1,17.0,0.0
2069-08-22,30.0,15.0,0.0
2069-08-23,30.42461192000453,15.0,0.0
2069-08-24,30.4,15.7,0.0
2069-08-25,31.906554869412492,15.88065186371942,0.0
2069-08-26,33.31700843954372,16.43906574726363,0.0
2069-08-27,32.5,22.211361543214124,0.0
2069-08-28,31.612501922189747,19.093402950983208,0.0
2069-08-29,32.1,17.90459954844068,0.0
2069-08-30,31.6,18.542976013512693,0.0
2069-08-31,30.463996374143107,17.2,0.0
2069-09-01,30.2,12.7,0.0
2069-09-02,32.44397478680015,11.90524238401091,0.0
2069-09-03,33.2,15.4,0.0
2069-09-04,31.0,18.0,0.0
2069-09-05,31.4,16.8,0.0
2069-09-06,32.8,16.377845404747415,0.0
2069-09-07,34.0,16.7,0.0
2069-09-08,35.1,17.8,0.0
2069-09-09,35.3,20.179948850783024,0.0
2069-09-10,34.9,20.4,0.0
2069-09-11,34.4,20.0,0.0
2069-09-12,35.87193577729587,19.4,0.0
2069-09-13,35.6,20.582519350203935,0.0
2069-09-14,35.26004233320797,21.243398702340162,0.0
2069-09-15,35.6949835566088,20.5,0.0
2069-09-16,34.5,21.321532028775216,0.0
2069-09-17,31.0,20.2,0.0
2069-09-18,31.48938503098681,18.0,0.0
2069-09-19,33.0,18.4,0.0
2069-09-20,31.6,19.0,0.0
2069-09-21,31.6,17.3,0.0
2069-09-22,34.0,17.3,0.0
2069-09-23,35.89185425852866,18.0,0.0
2069-09-24,33.2,21.904427080073717,0.0
2069-09-25,33.0,19.6,0.0
2069-09-26,35.0,19.0,0.0
2069-09-27,36.0224408092589,20.231036542660572,0.0
2069-09-28,39.489013671875,21.807307065878074,0.0
2069-09-29,34.61717789413712,22.703359404923525,0.0
2069-09-30,32.0,20.119597322669176,0.0
2069-10-01,29.0,15.7,0.0
2069-10-02,33.3,16.8,0.0
2069-10-03,34.3,18.9,0.0
2069-10-04,34.9,19.7,0.0
2069-10-05,35.2,20.0,0.0
2069-10-06,33.2,20.5,0.0
2069-10-07,31.0,17.6,0.0
2069-10-08,29.9,18.4,0.0
2069-10-09,29.0,17.9,0.0
2069-10-10,30.0,17.2,0.0
2069-10-11,31.5,17.3,0.0
2069-10-12,31.73709161260291,18.0,0.0
2069-10-13,31.0,17.8,0.0
2069-10-14,32.4,16.7,0.0
2069-10-15,32.8,18.5,0.0
2069-10-16,33.5,17.9,0.0
2069-10-17,34.7,17.9,0.0
2069-10-18,36.0,19.0,0.0
2069-10-19,38.36794963012286,19.5,0.0
2069-10-20,36.0,22.122365514693286,0.0
2069-10-21,35.2,20.9,0.0
2069-10-22,36.33817255507525,21.6,0.0
2069-10-23,36.98895894202675,21.0,0.0
2069-10-24,36.957969527745064,20.03839906057344,0.0
2069-10-25,36.65566160713403,20.32901836869335,0.0
2069-10-26,36.7,21.0,0.0
2069-10-27,34.8,21.3,0.0
2069-10-28,35.6,20.7,0.0
2069-10-29,36.0,21.0,0.0
2069-10-30,37.2,20.4,0.0
2069-10-31,38.295219944632464,20.9,0.0
2069-11-01,41.09228515625,20.9,0.0
2069-11-02,40.936767578125,22.3,0.0
2069-11-03,40.739990234375,21.9,0.0
2069-11-04,40.693359375,21.9,0.0
2069-11-05,40.38037109375,22.0,0.0
2069-11-06,36.42031163804407,22.31185922502667,0.0
2069-11-07,36.4,21.227008151133326,0.0
2069-11-08,39.546630859375,22.0,0.0
2069-11-09,37.2,21.201934247929806,0.1
2069-11-10,30.0,18.3,11.361264822134387
2069-11-11,29.6,18.4,3.153853754940712
2069-11-12,31.0,18.0,0.3
2069-11-13,31.4,16.8,0.0
2069-11-14,31.3,18.4,0.0
2069-11-15,32.6,17.5,0.0
2069-11-16,33.48395042110281,17.0,0.0
2069-11-17,34.0,18.3,0.0
2069-11-18,35.5,18.3,0.0
2069-11-19,36.0,20.0,0.0
2069-11-20,32.6,19.6,1.0
2069-11-21,32.3,20.4,0.0
2069-11-22,32.7,20.4,0.0
2069-11-23,32.6,19.5,0.1
2069-11-24,30.389061920652573,18.9,11.159683794466403
2069-11-25,31.5,18.5,0.8
2069-11-26,30.0,18.9,5.6
2069-11-27,29.840126217338995,19.0,15.916106719367589
2069-11-28,30.304800060330688,19.5,0.9221343873517787
2069-11-29,31.2,18.2,0.0
2069-11-30,30.1,18.8,5.658695652173914
2069-12-01,29.7,19.2,7.4250000000000025
2069-12-02,31.0,19.0,2.0
2069-12-03,31.2,19.2,1.0
2069-12-04,30.0,19.2,8.95
2069-12-05,25.2,18.9,53.84597701149425
2069-12-06,28.2,18.5,0.0
2069-12-07,30.3,18.9,0.0
2069-12-08,30.8,17.6,0.0
2069-12-09,30.7,17.9,0.0
2069-12-10,30.9,19.511407162901243,0.0
2069-12-11,31.2,20.0,0.0
2069-12-12,31.6,20.3,0.0
2069-12-13,31.6,19.9,0.0
2069-12-14,31.6,19.9,0.0
2069-12-15,32.1,19.5,0.0
2069-12-16,32.1,19.991133283652115,0.0
2069-12-17,32.0,20.064727831684674,0.0
2069-12-18,30.9,19.9,7.6
2069-12-19,30.6,19.305747509816722,18.2
2069-12-20,26.0,19.0,22.533333333333335
2069-12-21,29.7,19.2,4.0
2069-12-22,28.2,19.0,1.3
2069-12-23,29.5,19.3,0.0
2069-12-24,29.2,19.2,1.0
2069-12-25,29.9,18.5,9.4
2069-12-26,24.8,18.9,14.126666666666669
2069-12-27,24.1,18.2,27.46666666666666
2069-12-28,25.05300098459843,17.7,2.0
2069-12-29,26.90153390742734,18.4,11.76
2069-12-30,29.8,18.2,0.0
2069-12-31,30.0,17.9,0.2
2070-01-01,28.5,18.8,0.0
2070-01-02,28.7,18.5,0.0
2070-01-03,30.4,18.9,0.0
2070-01-04,30.9,18.9,3.8
2070-01-05,28.7,19.363804959308865,9.3
2070-01-06,26.3,19.1,0.0
2070-01-07,28.0,18.8,0.0
2070-01-08,30.0,19.2,7.7
2070-01-09,28.7,19.2,16.0
2070-01-10,28.5,19.0,16.68934579439252
2070-01-11,29.03247578040904,19.0,4.0
2070-01-12,27.871657836243408,19.176725150672358,67.91156568308308
2070-01-13,24.2,18.8,9.072897196261692
2070-01-14,24.22889845712235,18.4,1.0
2070-01-15,25.756655902404017,18.1,5.7
2070-01-16,27.3,18.3,4.096074766355138
2070-01-17,28.7,18.7,4.0
2070-01-18,27.9,18.8,8.517570093457941
2070-01-19,27.3,18.9,11.6
2070-01-20,26.1,18.0,7.6
2070-01-21,29.0,16.2,1.4
2070-01-22,27.2,17.4,0.0
2070-01-23,29.5,16.9,0.0
2070-01-24,27.6,17.2,1.3
2070-01-25,27.2,17.6,16.0
2070-01-26,28.8,18.8,16.91601246105919
2070-01-27,29.2,19.0,42.80732710280375
2070-01-28,28.234238966630777,18.9,0.0
2070-01-29,29.7,17.778169772131175,0.0
2070-01-30,28.4,18.9,1.3
2070-01-31,30.722884822389663,19.4,1.158317757009346
2070-02-01,30.6,18.9,6.1722222222222225
2070-02-02,30.4,18.9,34.54920634920632
2070-02-03,29.2,19.0,20.097222222222243
2070-02-04,26.7,18.9,23.3220238095238
2070-02-05,26.8,18.9,31.761805555555576
2070-02-06,27.3,18.9,34.62162698412697
2070-02-07,24.4,18.7,24.942129629629626
2070-02-08,24.0,18.296428496748423,39.62089371980675
2070-02-09,26.8,18.8,15.2
2070-02-10,27.0,19.0,23.3220238095238
2070-02-11,30.0,18.9,7.4
2070-02-12,31.2,19.2,36.36772486772479
2070-02-13,27.0,19.0,52.76262626262624
2070-02-14,23.5,17.9,77.9476063829785
2070-02-15,20.796619843073145,16.8,3.8
2070-02-16,25.0,16.5,0.0
2070-02-17,28.0,18.5,1.6527777777777781
2070-02-18,29.2,18.6,4.0
2070-02-19,29.2,18.9,5.721111111111113
2070-02-20,30.0,18.058780294000794,10.92222222222221
2070-02-21,29.358268772348037,17.5,0.3
2070-02-22,29.7,19.7,0.0
2070-02-23,27.7,19.0,0.0
2070-02-24,30.1,18.9,0.0
2070-02-25,32.39966174935691,18.7,2.5
2070-02-26,28.9,18.9,6.070833333333335
2070-02-27,27.4,18.9,3.0
2070-02-28,28.9,17.4,0.0
2070-03-01,28.7,16.2,0.0
2070-03-02,28.2,16.1,0.0
2070-03-03,28.0,17.2,0.0
2070-03-04,28.2,15.7,0.0
2070-03-05,29.7,16.0,0.0
2070-03-06,31.0,15.7,0.0
2070-03-07,31.5,18.2,0.0
2070-03-08,31.8,17.4,3.8
2070-03-09,28.596202531645574,18.5,16.4
2070-03-10,26.2,17.6,0.0
2070-03-11,27.2,17.5,0.0
2070-03-12,28.7,16.4,0.0
2070-03-13,30.3,16.1,0.0
2070-03-14,31.7,16.2,0.0
2070-03-15,31.392622950819668,17.3,0.0
2070-03-16,31.1,17.6,0.0
2070-03-17,30.7,18.0,0.0
2070-03-18,28.7,17.0,3.3668711656441728
2070-03-19,26.0,16.6,0.0
2070-03-20,27.5,16.5,0.0
2070-03-21,27.5,16.5,0.0
2070-03-22,26.9,16.2,0.0
2070-03-23,28.0,16.1,0.0
2070-03-24,28.9,16.0,0.0
2070-03-25,29.8,18.242568607706275,0.0
2070-03-26,29.2,18.6,0.0
2070-03-27,28.1,19.4,0.0
2070-03-28,29.1,16.558880516684603,0.0
2070-03-29,30.4,14.7,0.0
2070-03-30,30.0,17.2,0.0
2070-03-31,29.6,17.9,0.0
2070-04-01,31.4,16.4,0.0
2070-04-02,32.5,18.356896551724137,0.0
2070-04-03,32.5,17.2,0.0
2070-04-04,31.980909090909087,17.2,0.0
2070-04-05,30.3,17.7,0.0
2070-04-06,30.1,16.3,0.0
2070-04-07,31.6,15.2,0.0
2070-04-08,33.17171052631579,15.7,0.0
2070-04-09,33.2,16.1,0.0
2070-04-10,31.93136363636364,17.85366317792579,0.0
2070-04-11,30.9,18.017204301075264,0.0
2070-04-12,25.5,16.0,0.0
2070-04-13,27.0,12.331111111111111,0.0
2070-04-14,28.6,9.4,0.0
2070-04-15,29.0,14.9,0.0
2070-04-16,27.3,15.7,0.0
2070-04-17,26.8,14.9,0.0
2070-04-18,27.9,13.9,0.0
2070-04-19,29.8,15.3,0.0
2070-04-20,30.4,18.200884955752215,0.0
2070-04-21,29.3,17.9,0.0
2070-04-22,29.0,15.0,0.0
2070-04-23,29.7,12.6,0.0
2070-04-24,29.9,12.7,0.0
2070-04-25,29.364788732394366,14.8,0.0
2070-04-26,29.4,14.18857142857143,0.0
2070-04-27,27.919512195121953,19.0,0.0
2070-04-28,25.4,17.6,0.0
2070-04-29,27.2,15.9,0.0
2070-04-30,28.395522388059703,14.1,0.0
2070-05-01,29.54378671969366,13.4,0.0
2070-05-02,29.5,13.1,0.0
2070-05-03,29.1,14.4,0.0
2070-05-04,28.1,13.7,0.0
2070-05-05,28.4,12.8,0.0
2070-05-06,29.0,12.6,0.0
2070-05-07,29.236303892130753,12.5,0.0
2070-05-08,30.195952433182494,13.0,0.0
2070-05-09,30.3,13.7,0.0
2070-05-10,29.9,14.3,0.0
2070-05-11,31.0229323959141,12.9,0.0
2070-05-12,31.7,12.4,0.0
2070-05-13,32.55624577565274,15.0,0.0
2070-05-14,32.875150015759814,15.3,0.0
2070-05-15,32.53540847873432,15.9,0.0
2070-05-16,30.6,16.9,0.0
2070-05-17,29.5,16.9,0.0
2070-05-18,30.50093580376977,14.7,0.0
2070-05-19,30.2,15.9,0.0
2070-05-20,29.540064421235986,14.7,0.0
2070-05-21,28.913455328310004,14.6,0.0
2070-05-22,25.8,14.4,0.0
2070-05-23,25.7,11.8,0.0
2070-05-24,26.3,10.9,0.0
2070-05-25,27.70822224062267,11.2,0.0
2070-05-26,26.7,12.2,0.0
2070-05-27,26.4,11.505614412781137,0.0
2070-05-28,26.0,11.9,0.0
2070-05-29,25.5,11.7,0.0
2070-05-30,23.5,11.2,0.0
2070-05-31,25.6,9.041919114254954,0.0
2070-06-01,26.9,12.3,0.0
2070-06-02,26.6,12.5,0.0
2070-06-03,27.2,11.9,0.0
2070-06-04,28.389935350054788,11.9,0.0
2070-06-05,28.702323122182545,11.2,0.0
2070-06-06,28.6,12.4,0.0
2070-06-07,27.5,14.0,0.0
2070-06-08,27.963146551724133,12.7,0.0
2070-06-09,29.2,13.0,0.0
2070-06-10,29.2,13.5,0.0
2070-06-11,27.8,12.0,0.0
2070-06-12,26.6,11.1,0.0
2070-06-13,25.9,9.9,0.0
2070-06-14,26.0,8.01578976640712,0.0
2070-06-15,27.6,10.1,0.0
2070-06-16,28.250444332086158,11.7,0.0
2070-06-17,28.9,12.1,0.0
2070-06-18,29.2,12.1,0.0
2070-06-19,29.999041069352973,12.7,0.0
2070-06-20,30.271339647869155,14.0,0.0
2070-06-21,29.9,14.1,0.0
2070-06-22,28.9,13.164274541156848,0.0
2070-06-23,27.4,13.7,0.0
2070-06-24,27.1,12.0,0.0
2070-06-25,28.330290966571052,14.0,0.0
2070-06-26,26.6,14.2,0.0
2070-06-27,27.194030643367174,11.9,0.0
2070-06-28,27.5,11.9,0.0
2070-06-29,28.2,12.0,0.0
2070-06-30,28.0,11.9,0.0
2070-07-01,28.5,13.4,0.0
2070-07-02,28.332256907068523,11.550536833098725,0.0
2070-07-03,27.93344590958018,11.6,0.0
2070-07-04,27.90544806243271,11.662455253210496,0.0
2070-07-05,28.0,11.2,0.0
2070-07-06,28.2,10.2,0.0
2070-07-07,28.7,9.8,0.0
2070-07-08,29.0,9.1,0.0
2070-07-09,27.221388589881574,14.3,0.0
2070-07-10,26.7,12.1,0.0
2070-07-11,27.6,12.0,0.0
2070-07-12,28.6,12.0,0.0
2070-07-13,29.0,12.7,0.0
2070-07-14,27.6,15.1,0.0
2070-07-15,26.7,13.4,0.0
2070-07-16,23.65279870828848,15.3,0.0
2070-07-17,25.9,13.055286347630942,0.0
2070-07-18,26.9,13.4,0.0
2070-07-19,28.11970138450687,11.9,0.0
2070-07-20,29.0,12.2,0.0
2070-07-21,30.2,13.4,0.0
2070-07-22,30.2,15.3,0.0
2070-07-23,30.1711961055739,15.241801219949764,0.0
2070-07-24,30.2,13.894480452557088,0.0
2070-07-25,31.502392578125,12.0,0.0
2070-07-26,28.16636446308599,16.275590775431283,0.0
2070-07-27,26.2,14.4,0.0
2070-07-28,28.284071937770367,10.5,0.0
2070-07-29,29.2,8.5,0.0
2070-07-30,27.7,14.979313820971493,0.0
2070-07-31,25.6,13.4,0.0
2070-08-01,25.5,13.2,0.0
2070-08-02,25.7,13.0,0.0
2070-08-03,26.9,12.5,0.0
2070-08-04,27.6,12.9,0.0
2070-08-05,27.8,13.4,0.0
2070-08-06,29.2,12.7,0.0
2070-08-07,31.6,12.9,0.0
2070-08-08,31.9,13.8,0.0
2070-08-09,31.0,16.010877885420403,0.0
2070-08-10,31.5,15.736229432569576,0.0
2070-08-11,32.84296286329385,17.50079272814256,0.0
2070-08-12,30.447480312730153,18.98321669338761,0.0
2070-08-13,29.576333999692444,16.54660663183596,0.0
2070-08-14,30.0,15.8,0.0
2070-08-15,31.2,15.9,0.0
2070-08-16,32.49534720239009,14.8,0.0
2070-08-17,31.9,16.418488953308675,0.0
2070-08-18,31.9,14.6,0.0
2070-08-19,32.249246501614614,15.6,0.0
2070-08-20,33.914219305181,16.4,0.0
2070-08-21,38.236083984375,16.9,0.0
2070-08-22,37.66943359375,17.7,0.0
2070-08-23,33.1,19.0,0.0
2070-08-24,32.9,18.177504887853967,0.0
2070-08-25,33.32485187831859,17.696197908657542,0.0
2070-08-26,32.9,19.0,0.0
2070-08-27,31.8,19.162658510331067,0.0
2070-08-28,32.5,18.0,0.0
2070-08-29,33.1,18.140371412289355,0.0
2070-08-30,33.1,19.0,0.0
2070-08-31,31.6,18.79863218445968,0.0
2070-09-01,29.2,17.3,0.0
2070-09-02,28.4,16.3,0.0
2070-09-03,29.2,15.6,0.0
2070-09-04,29.6,16.7,0.0
2070-09-05,30.5,17.0,0.0
2070-09-06,31.9,17.2,0.0
2070-09-07,33.3,17.7,0.0
2070-09-08,33.0,19.7,0.0
2070-09-09,31.7,19.3,0.0
2070-09-10,32.2,17.8,0.0
2070-09-11,31.0,18.4,0.0
2070-09-12,30.2,18.0,0.0
2070-09-13,28.4,17.7,0.0
2070-09-14,30.7,16.7,0.0
2070-09-15,32.5,16.4,0.0
2070-09-16,33.9,17.8,0.0
2070-09-17,34.6,19.4,0.0
2070-09-18,32.8,20.361187644391215,0.0
2070-09-19,31.0,18.36962379852258,0.0
2070-09-20,31.3,17.5,0.0
2070-09-21,32.0,17.8,0.0
2070-09-22,32.8,18.6,0.0
2070-09-23,33.2,18.7,0.0
2070-09-24,34.7,18.6,0.0
2070-09-25,34.4,20.21963004161002,0.0
2070-09-26,33.2,20.2,0.0
2070-09-27,33.4,19.839243604004455,0.0
2070-09-28,34.7,20.563373898029326,0.0
2070-09-29,35.6,22.75919389651775,0.0
2070-09-30,36.0,22.80557178370448,0.0
2070-10-01,31.6,20.0,0.0
2070-10-02,31.0,18.7,0.0
2070-10-03,33.2,19.0,0.0
2070-10-04,34.9,20.0,0.0
2070-10-05,36.2,21.0,0.0
2070-10-06,37.06676112985029,21.4,0.0
2070-10-07,34.0,21.89275206315033,0.0
2070-10-08,32.4,19.4,0.0
2070-10-09,33.2,17.9,0.0
2070-10-10,34.9,18.4,0.0
2070-10-11,34.0,20.5,0.0
2070-10-12,34.0,20.4,0.0
2070-10-13,35.6,20.4,0.0
2070-10-14,38.10045231230218,21.0,0.0
2070-10-15,35.42936159642294,22.6,0.0
2070-10-16,35.5,20.5,0.0
2070-10-17,36.63896564323875,20.5,0.0
2070-10-18,38.153766869886255,21.0,0.0
2070-10-19,38.05155495313068,21.751213201528714,0.0
2070-10-20,38.15664318513166,21.84151417294581,0.0
2070-10-21,38.08802252142036,21.938785429155157,0.0
2070-10-22,37.0,20.8,0.0
2070-10-23,39.053564453125,20.2,0.0
2070-10-24,38.963720703125,21.0,0.0
2070-10-25,38.28607737117392,25.33857421875,1.6
2070-10-26,35.5,22.0,2.292
2070-10-27,34.0,21.514876126883742,0.0
2070-10-28,33.2,22.0,0.0
2070-10-29,37.0,23.76335165522889,0.0
2070-10-30,35.7,23.64892786038844,0.0
2070-10-31,32.7,21.666302475780395,0.0
2070-11-01,31.3,19.0,0.0
2070-11-02,33.8,19.5,0.0
2070-11-03,38.49964730459311,19.9,0.0
2070-11-04,36.4,22.413828782504677,0.0
2070-11-05,34.1,20.3,0.0
2070-11-06,36.0,21.78203797191562,0.0
2070-11-07,33.67961624026697,21.02052280311457,0.0
2070-11-08,34.0,19.9,0.0
2070-11-09,35.4,19.0,0.0
2070-11-10,35.2,19.6,0.0
2070-11-11,36.0,20.6,0.0
2070-11-12,36.4,20.7,0.0
2070-11-13,38.38778968501586,20.5,0.0
2070-11-14,38.337772050245505,20.4,0.0
2070-11-15,35.2,19.7,7.9932806324110635
2070-11-16,29.7,19.0,5.683893280632412
2070-11-17,30.3,18.7,3.654206662902315
2070-11-18,29.4,18.7,1.0
2070-11-19,29.0,18.5,2.8
2070-11-20,30.1,18.5,3.17905138339921
2070-11-21,30.5,18.7,0.4
2070-11-22,31.6,19.5,0.0
2070-11-23,31.0,19.0,0.0
2070-11-24,28.7,18.5,16.43975155279503
2070-11-25,30.0,18.7,6.482608695652176
2070-11-26,30.0,18.4,3.6254093732354598
2070-11-27,28.870841533327628,18.9,4.5
2070-11-28,25.1,18.0,10.528386633129713
2070-11-29,24.443647354750045,17.9,0.0
2070-11-30,28.3,18.2,8.953260869565218
2070-12-01,24.5,17.432762581653563,58.92115384615389
2070-12-02,29.9,16.8,0.0
2070-12-03,29.0,18.2,0.0
2070-12-04,29.7,18.1,0.0
2070-12-05,30.6,18.5,0.0
2070-12-06,30.5,19.0,0.0
2070-12-07,29.3,17.6,0.0
2070-12-08,29.6,16.7,0.0
2070-12-09,30.5,16.5,0.0
2070-12-10,31.324544965260777,16.475142611557356,0.0
2070-12-11,31.5,17.2,0.0
2070-12-12,30.9,19.7,0.0
2070-12-13,30.23848116254036,20.0,0.0
2070-12-14,30.0,20.5,0.0
2070-12-15,30.757622145803353,19.6,0.0
2070-12-16,31.6,19.9,0.0
2070-12-17,31.3,19.9,2.4
2070-12-18,30.5,19.8,0.0
2070-12-19,30.28951253267722,19.5,0.0
2070-12-20,31.0,19.9,0.0
2070-12-21,30.7,19.5,0.0
2070-12-22,31.0,20.5298696668098,0.0
2070-12-23,32.0,20.379467280971138,0.0
2070-12-24,33.62197992985867,19.7,0.0
2070-12-25,33.833042737671335,20.5,0.0
2070-12-26,33.7,20.1,2.3
2070-12-27,31.6,19.7,0.5
2070-12-28,33.7,20.290232844456412,0.0
2070-12-29,33.89739676362383,19.9,0.0
2070-12-30,34.04041995410397,23.446807861328125,0.0
2070-12-31,34.16874658923072,23.611877441406254,0.0
