date,tmax_C,tmin_C,precip_mm_day
2041-01-01,34.332224543334036,19.8,8.311473880597013
2041-01-02,27.7,18.8,10.279104477611938
2041-01-03,28.4,19.2,0.0
2041-01-04,31.1,18.9,0.0
2041-01-05,31.8,19.4,0.0
2041-01-06,30.9,19.2,13.932773631840796
2041-01-07,29.8,19.623271669769068,11.0
2041-01-08,30.8,19.6,5.5
2041-01-09,28.8,19.1,5.937126865671642
2041-01-10,29.8,19.0,28.2205223880597
2041-01-11,29.602621563219078,19.14075385570528,6.498041044776119
2041-01-12,27.6,19.0,7.683535447761192
2041-01-13,28.6,18.7,5.3
2041-01-14,28.9,18.8,13.498134328358208
2041-01-15,27.3,19.0,8.576002798507462
2041-01-16,30.0,18.7,7.7
2041-01-17,29.38100356048689,18.6,16.717164179104472
2041-01-18,29.3,18.6,25.431094527363175
2041-01-19,27.3,19.0,22.197434701492543
2041-01-20,26.9,17.0,0.5
2041-01-21,29.3,16.5,0.9
2041-01-22,27.6,18.1,3.9
2041-01-23,30.50117054003658,17.3,0.0
2041-01-24,30.6,17.8,0.0
2041-01-25,31.58001107789977,18.5,0.8
2041-01-26,31.424548648827578,19.2,0.0
2041-01-27,30.6,19.1,0.0
2041-01-28,29.5,19.0,10.782462686567163
2041-01-29,26.4,18.5,1.1
2041-01-30,29.6,17.7,0.0
2041-01-31,30.4,17.4,0.0
2041-02-01,31.29300535365042,18.4,0.0
2041-02-02,31.8,18.9,0.0
2041-02-03,30.6,19.65172427103156,10.2
2041-02-04,27.6,18.5,4.125058548009369
2041-02-05,31.6,17.7,0.0
2041-02-06,31.7,19.5,0.0
2041-02-07,32.0,18.5,0.0
2041-02-08,32.4007610896506,17.7,0.0
2041-02-09,32.430502085816414,19.698415680146343,0.0
2041-02-10,32.24696689020682,19.561581526127238,1.4
2041-02-11,31.651749664779494,19.817922009476195,1.0
2041-02-12,31.84703868241412,19.9,0.0
2041-02-13,31.9,19.842398493292773,0.0
2041-02-14,31.218939937705365,20.19507866197627,0.0
2041-02-15,32.32528899866447,20.042199983921478,0.0
2041-02-16,32.32833578054767,19.4,6.4
2041-02-17,30.03924485909608,18.9,18.27136165941787
2041-02-18,29.2,19.504612559243913,3.6
2041-02-19,29.73736312699809,19.5,2.8
2041-02-20,29.7,19.069398296678905,4.4
2041-02-21,29.74738618515589,18.7,4.8
2041-02-22,31.285464147663287,18.9,2.0
2041-02-23,31.0,19.0,5.6
2041-02-24,31.2,19.838117403556012,4.150702576112413
2041-02-25,30.18330213861332,19.361477874919462,1.9524590163934434
2041-02-26,29.5,18.8,2.393676814988293
2041-02-27,26.3,18.8,5.110538641686183
2041-02-28,27.6,18.8,5.6
2041-03-01,29.6,19.0,27.845783132530137
2041-03-02,24.2,18.7,28.801721170395886
2041-03-03,24.2,18.9,1.1216867469879528
2041-03-04,25.0,18.4,0.0
2041-03-05,26.8,18.1,0.0
2041-03-06,28.547368421052635,18.4,0.0
2041-03-07,29.07083333333333,17.8,0.0
2041-03-08,29.9,17.2,0.0
2041-03-09,29.9,18.8,0.0
2041-03-10,29.9,19.4,0.0
2041-03-11,31.0,19.4,0.0
2041-03-12,32.05841836734694,20.725921412042528,0.0
2041-03-13,32.451060070671375,20.3,0.0
2041-03-14,32.0,19.974032095330656,0.0
2041-03-15,31.9,20.24271179629227,0.0
2041-03-16,32.02015306122449,21.345498564601296,0.0
2041-03-17,31.9,19.4,0.0
2041-03-18,30.7,18.6,0.0
2041-03-19,30.5,19.0,0.0
2041-03-20,31.0,17.6,0.0
2041-03-21,31.6,17.6,0.0
2041-03-22,32.00918367346939,18.1,0.0
2041-03-23,32.95771144278607,19.075468401429,0.0
2041-03-24,33.2,20.048333181267015,0.0
2041-03-25,33.67590361445783,22.180944824218745,0.0
2041-03-26,31.0,19.9,0.0
2041-03-27,30.2,18.4,0.0
2041-03-28,31.3,17.9,0.0
2041-03-29,31.9,19.4,0.0
2041-03-30,32.9,22.178015136718745,0.0
2041-03-31,29.0,20.005856544321254,0.0
2041-04-01,32.75689467969598,21.266650390625,0.0
2041-04-02,32.4,19.7,0.0
2041-04-03,32.3968,18.9,0.0
2041-04-04,32.0,19.66049908703589,0.0
2041-04-05,31.1,18.8,0.0
2041-04-06,29.4,18.0,0.0
2041-04-07,29.7,17.0,0.0
2041-04-08,28.4,18.246648971466485,0.0
2041-04-09,29.0,18.757288135593225,0.0
2041-04-10,30.1,19.2,0.0
2041-04-11,30.829648241206026,18.468205128205128,0.0
2041-04-12,30.9,18.2,0.0
2041-04-13,32.3,18.9,0.0
2041-04-14,33.65320512820514,21.62626953125,0.0
2041-04-15,33.807461406518,19.546561168594046,0.0
2041-04-16,33.2,19.2,0.0
2041-04-17,33.94674099485419,18.7,0.0
2041-04-18,34.270766488413535,18.9,0.0
2041-04-19,32.0,19.626658551430314,0.0
2041-04-20,29.7,19.0,0.0
2041-04-21,27.83125,17.5,0.0
2041-04-22,27.0,16.0,0.0
2041-04-23,27.6,16.4,0.0
2041-04-24,28.2,16.5,0.0
2041-04-25,32.0,16.846545454545456,0.0
2041-04-26,32.72909880564603,17.0,0.0
2041-04-27,33.04210526315789,18.0,0.0
2041-04-28,32.3,19.0,0.0
2041-04-29,31.4,18.703728813559326,0.0
2041-04-30,31.5,18.2,0.0
2041-05-01,31.9,17.761921218546888,0.0
2041-05-02,31.5407395681631,16.9,0.0
2041-05-03,31.0,16.601705861962,0.0
2041-05-04,30.8,15.8,0.0
2041-05-05,30.2,15.3,0.0
2041-05-06,30.7,15.3,0.0
2041-05-07,30.5,16.28403072013679,0.0
2041-05-08,30.7,16.7,0.0
2041-05-09,31.0,16.763655726816737,0.0
2041-05-10,31.9,16.893640404180687,0.0
2041-05-11,32.0,16.85084297203348,0.0
2041-05-12,29.6,17.0,0.0
2041-05-13,28.6,15.78926854820604,0.0
2041-05-14,29.1,15.1,0.0
2041-05-15,30.0,15.8,0.0
2041-05-16,29.0,16.62622356826183,0.0
2041-05-17,29.8,17.587970401842036,0.0
2041-05-18,29.82172592854913,17.832679394645886,0.0
2041-05-19,29.9,16.7,0.0
2041-05-20,29.788112053348733,15.9,0.0
2041-05-21,27.7,15.0,0.0
2041-05-22,25.6,13.2,0.0
2041-05-23,25.7,11.8,0.0
2041-05-24,26.3,11.6,0.0
2041-05-25,26.8,12.9,0.0
2041-05-26,26.8,13.2,0.0
2041-05-27,26.9,12.9,0.0
2041-05-28,27.0,12.4,0.0
2041-05-29,27.6,12.2,0.0
2041-05-30,27.7,12.9,0.0
2041-05-31,28.0,17.5,0.0
2041-06-01,27.9,15.0,0.0
2041-06-02,27.8,12.9,0.0
2041-06-03,28.0,13.0,0.0
2041-06-04,28.6,13.5,0.0
2041-06-05,30.1,14.162409846065527,0.0
2041-06-06,30.5,15.125068336049543,0.0
2041-06-07,30.4,15.737384533539721,0.0
2041-06-08,27.9,16.63962611700592,0.0
2041-06-09,25.685615596276573,14.508485544686208,0.0
2041-06-10,26.6,12.6,0.0
2041-06-11,26.3,12.4,0.0
2041-06-12,27.9,11.6,0.0
2041-06-13,28.863541755797044,12.9,0.0
2041-06-14,29.9,13.502557824845475,0.0
2041-06-15,28.61120136512565,13.781653083925463,0.0
2041-06-16,28.5,13.2,0.0
2041-06-17,28.5,13.0,0.0
2041-06-18,27.9,12.5,0.0
2041-06-19,27.0,13.285925238032075,0.0
2041-06-20,27.9,12.4,0.0
2041-06-21,29.0,11.0,0.0
2041-06-22,27.5,14.2,0.0
2041-06-23,24.7,13.8,0.0
2041-06-24,25.6,11.0,0.0
2041-06-25,26.7,7.0,0.0
2041-06-26,28.0,11.6,0.0
2041-06-27,27.5,13.2,0.0
2041-06-28,27.0,12.6,0.0
2041-06-29,26.9,11.62520144333813,0.0
2041-06-30,25.0,12.4,0.0
2041-07-01,26.2,12.7,0.0
2041-07-02,26.7,12.5,0.0
2041-07-03,28.2,13.0,0.0
2041-07-04,28.2,13.5,0.0
2041-07-05,29.088723309335435,10.5,0.0
2041-07-06,30.515898146778934,11.1,0.0
2041-07-07,30.195285633996015,13.4,0.0
2041-07-08,29.31469811136118,15.0,0.0
2041-07-09,28.866645706551264,15.0,0.0
2041-07-10,28.5,13.8,0.0
2041-07-11,28.8,12.2,0.0
2041-07-12,27.51415500538212,12.9,0.0
2041-07-13,20.5,12.8,0.0
2041-07-14,26.05537799122298,13.4,0.0
2041-07-15,26.6,11.7,0.0
2041-07-16,26.6,11.600074521818328,0.0
2041-07-17,27.0,11.9,0.0
2041-07-18,28.6,11.1,0.0
2041-07-19,26.9,13.6,0.0
2041-07-20,26.3,12.380032292787948,0.0
2041-07-21,27.7,9.8,0.0
2041-07-22,29.103804752835966,10.1,0.0
2041-07-23,30.0,9.0,0.0
2041-07-24,29.2,8.6,0.0
2041-07-25,24.7,12.7,0.0
2041-07-26,24.5,9.6,0.0
2041-07-27,25.3,8.3,0.0
2041-07-28,24.02087369931826,10.2,0.0
2041-07-29,24.3,9.9,0.0
2041-07-30,24.6,10.7,0.0
2041-07-31,22.426787434139698,11.7,0.0
2041-08-01,24.890857975052235,10.9,0.0
2041-08-02,26.9,11.9,0.0
2041-08-03,27.2,12.4,0.0
2041-08-04,26.665352529601716,13.2,0.0
2041-08-05,27.057481162540363,11.7,0.0
2041-08-06,30.0,12.0,0.0
2041-08-07,29.8,14.933845302168223,0.0
2041-08-08,26.874939451022602,15.3,0.0
2041-08-09,27.57504080002778,13.5,0.0
2041-08-10,28.9,13.6,0.0
2041-08-11,29.9,14.4,0.0
2041-08-12,29.2,15.6,0.0
2041-08-13,30.0,13.804275804329622,0.0
2041-08-14,30.6,14.3,0.0
2041-08-15,24.7,17.0,0.0
2041-08-16,28.0,14.5,0.0
2041-08-17,28.7,13.8,0.0
2041-08-18,29.0,14.2,0.0
2041-08-19,29.1,13.666910656620022,0.0
2041-08-20,30.2,13.9,0.0
2041-08-21,31.4,14.241556385740514,0.0
2041-08-22,31.4,13.8,0.0
2041-08-23,29.0,16.4,0.0
2041-08-24,29.2,14.6,0.0
2041-08-25,29.6,15.2,0.0
2041-08-26,29.0,14.5,0.0
2041-08-27,28.8,14.105519913885892,0.0
2041-08-28,32.196829687203184,13.0,0.0
2041-08-29,32.5,16.934814179635467,0.0
2041-08-30,33.1,19.09374760540767,0.0
2041-08-31,33.2,25.559814453125,0.0
2041-09-01,31.7,19.2,0.0
2041-09-02,31.5,18.6,0.0
2041-09-03,31.9,18.2,0.0
2041-09-04,32.76963039741127,18.3,0.0
2041-09-05,33.5,19.0,0.0
2041-09-06,34.885515893079855,19.5,0.0
2041-09-07,36.0,20.0,0.0
2041-09-08,39.8662109375,20.5,0.0
2041-09-09,40.725341796875,21.204978246704098,0.0
2041-09-10,39.556396484375,23.4296875,0.0
2041-09-11,33.73248306198807,21.659018119379677,0.0
2041-09-12,32.7,20.47981208997065,0.0
2041-09-13,32.5,19.6,0.0
2041-09-14,33.0,19.3,0.0
2041-09-15,33.4,19.5,0.0
2041-09-16,34.2,19.6,0.0
2041-09-17,32.7,20.351417461349076,0.0
2041-09-18,32.1,18.4,0.0
2041-09-19,32.5,18.3,0.0
2041-09-20,34.6,18.4,0.0
2041-09-21,36.028562847608455,19.4,0.0
2041-09-22,39.970947265625,20.37750153103949,0.0
2041-09-23,40.058837890625,20.5,0.0
2041-09-24,40.8037109375,21.3196547814931,0.0
2041-09-25,35.4,22.720970009761047,0.0
2041-09-26,33.7,21.270308329809126,0.0
2041-09-27,33.7,20.2,0.0
2041-09-28,34.0,19.5,0.0
2041-09-29,38.49365725510617,20.059184197337704,0.0
2041-09-30,39.141357421875,20.5,0.0
2041-10-01,36.5,20.109245935074487,0.0
2041-10-02,37.2,21.0,0.0
2041-10-03,31.4,20.459615115982864,0.0
2041-10-04,30.7,17.6,0.0
2041-10-05,34.08164693218514,16.50719720871534,0.0
2041-10-06,34.9,18.9,0.0
2041-10-07,34.2,19.5,0.0
2041-10-08,33.4,19.1,0.0
2041-10-09,34.0,18.6,0.0
2041-10-10,34.6,18.1,0.0
2041-10-11,34.0,19.2,0.0
2041-10-12,34.9,20.2,0.0
2041-10-13,34.6,20.9,0.0
2041-10-14,34.6,20.7,0.0
2041-10-15,33.3,20.4,0.0
2041-10-16,33.9,19.1,0.0
2041-10-17,35.5,19.4,0.0
2041-10-18,38.22452447097189,19.7,0.0
2041-10-19,39.348974609375,20.9,0.0
2041-10-20,39.95322265625,21.9,0.0
2041-10-21,38.57626953125,23.32633503871393,0.0
2041-10-22,38.31123769683452,23.0,0.0
2041-10-23,38.180003609573056,25.216015625,0.0
2041-10-24,36.0,23.895458984375,0.0
2041-10-25,35.3,22.0,0.0
2041-10-26,35.0,21.065672253831554,0.0
2041-10-27,36.0,21.0,0.0
2041-10-28,38.08891280947248,21.0,0.0
2041-10-29,38.0,21.9,0.0
2041-10-30,37.77051394339729,21.9,0.0
2041-10-31,38.17208671999376,21.834172689527897,0.0
2041-11-01,38.0466277345198,21.0,0.0
2041-11-02,36.2,21.842763977812588,0.0
2041-11-03,34.0,20.5,0.0
2041-11-04,34.2,20.0,0.0
2041-11-05,35.5,19.390088277755428,0.0
2041-11-06,35.6,20.0,0.0
2041-11-07,36.0,19.5,0.0
2041-11-08,36.0,20.0,0.1
2041-11-09,36.0,20.0,0.0
2041-11-10,36.280485352477996,23.24515465227538,0.0
2041-11-11,36.4,23.32117350709239,0.0
2041-11-12,36.8,22.91340378197998,0.0
2041-11-13,35.7,19.9,0.0
2041-11-14,31.7,19.0,3.4
2041-11-15,29.6,18.3,14.4
2041-11-16,30.2,18.0,6.4
2041-11-17,31.6,18.0,1.875
2041-11-18,31.3,18.7,5.750000000000002
2041-11-19,30.2,18.1,5.9
2041-11-20,32.6,19.110200222469416,2.5
2041-11-21,30.2,18.7,3.1571428571428575
2041-11-22,30.6,19.1,5.4
2041-11-23,30.2,18.7,1.8
2041-11-24,30.2,19.3,0.8
2041-11-25,30.1,18.7,2.0
2041-11-26,31.2,18.9,0.0
2041-11-27,32.1,17.6,0.0
2041-11-28,30.5,17.6,4.366666666666665
2041-11-29,32.2,19.3,0.0
2041-11-30,32.8,21.1,0.0
2041-12-01,33.1,20.314082882907563,0.0
2041-12-02,32.4,19.834651308417136,0.0
2041-12-03,31.4,19.4,2.9
2041-12-04,31.4,19.0,1.7
2041-12-05,32.07991663422118,18.3,0.0
2041-12-06,31.899412428785208,20.200372241657707,0.0
2041-12-07,32.4,19.9,0.0
2041-12-08,31.8,20.5941634738463,7.0
2041-12-09,31.1,19.6,30.35
2041-12-10,29.0,19.383210457938393,4.0
2041-12-11,31.2,19.2,0.2
2041-12-12,31.482187564252957,20.3,0.0
2041-12-13,31.1,19.559198884452787,1.1
2041-12-14,30.7,19.0,0.0
2041-12-15,31.1,19.0,0.0
2041-12-16,30.8,20.1,0.0
2041-12-17,31.4,19.5,0.0
2041-12-18,30.0,20.1,10.0
2041-12-19,30.5,19.813373260602727,0.2
2041-12-20,30.0,19.2,2.7
2041-12-21,28.0,19.6,0.9
2041-12-22,29.0,19.53483372994301,7.9
2041-12-23,28.9,19.4,2.5
2041-12-24,29.9,19.5,10.6
2041-12-25,29.9,19.9,10.471428571428573
2041-12-26,27.0,19.5,34.949999999999996
2041-12-27,28.3,19.4,4.2
2041-12-28,25.0,19.2,32.266666666666666
2041-12-29,28.3,19.4,1.3
2041-12-30,26.9,19.4,15.0
2041-12-31,27.9,19.3,12.6
2042-01-01,24.086197708774336,19.0,5.3
2042-01-02,24.6,18.9,56.61452353616531
2042-01-03,29.1,19.2,37.48850279850746
2042-01-04,29.0,19.3,57.449942594718685
2042-01-05,26.875875979598195,19.48886972692932,35.14738805970149
2042-01-06,27.0,19.268774027371972,0.30335820895522386
2042-01-07,25.5,19.0,0.0
2042-01-08,27.95585163481307,18.2,0.0
2042-01-09,23.490843300276968,17.4,1.4
2042-01-10,25.093654831085342,17.4,2.9
2042-01-11,29.966308539194152,17.5,14.3
2042-01-12,31.1,18.9,1.4
2042-01-13,31.1,18.9,0.0
2042-01-14,28.6,19.9,5.2
2042-01-15,28.8,19.622128160143678,0.0
2042-01-16,28.1,19.5707237089143,1.0
2042-01-17,28.9,19.2,0.0
2042-01-18,30.6,17.4,0.0
2042-01-19,31.1,17.5,0.0
2042-01-20,31.7,17.7,0.0
2042-01-21,31.523469288120666,18.7,0.0
2042-01-22,27.8,18.4,0.0
2042-01-23,30.9,18.0,1.1
2042-01-24,29.5,19.4,1.4
2042-01-25,31.2,18.5,1.0
2042-01-26,31.2,19.0,0.0
2042-01-27,29.8,19.8,0.0
2042-01-28,29.0,19.0,0.0
2042-01-29,30.7,18.7,0.0
2042-01-30,30.9,18.0,0.0
2042-01-31,31.1,17.6,0.0
2042-02-01,32.21662143209307,18.4,0.0
2042-02-02,32.169501787842655,18.5,0.0
2042-02-03,34.00168495800839,18.9,0.0
2042-02-04,36.425341796875,19.5,8.474004683840757
2042-02-05,29.0,18.5,6.4
2042-02-06,30.4,18.1,0.0
2042-02-07,31.2,16.9,0.0
2042-02-08,32.27070486953773,16.5,0.0
2042-02-09,31.0,18.1,0.0
2042-02-10,31.083967791580427,17.8,0.0
2042-02-11,32.9,17.9,0.0
2042-02-12,33.45066609005667,18.7,0.0
2042-02-13,36.4119140625,17.0,0.0
2042-02-14,32.97669288510928,18.605626046680047,0.0
2042-02-15,31.1149415741908,19.4,0.0
2042-02-16,31.97082858271424,17.6,0.0
2042-02-17,32.38079182044026,16.6,0.0
2042-02-18,34.20901594672549,16.0,0.0
2042-02-19,36.672900390625,17.5,0.0
2042-02-20,36.34453125,19.1,0.0
2042-02-21,36.206591796875,19.1,0.0
2042-02-22,37.401416015625,20.356068847005847,0.0
2042-02-23,37.868701171875,20.4537904330803,0.0
2042-02-24,38.401171875,21.191052246093754,1.0
2042-02-25,34.102321455938394,19.958712931345836,1.3
2042-02-26,34.085866262645176,22.5303466796875,0.0
2042-02-27,34.77699390844114,20.535520569474144,1.0
2042-02-28,33.53996645817295,19.98446725953029,9.687646370023417
2042-03-01,30.0,19.8,35.67510040160656
2042-03-02,28.3,19.1,1.4
2042-03-03,29.0,19.4,27.528390485016992
2042-03-04,30.0,19.4,36.42882750514252
2042-03-05,30.6,19.136113607410543,27.456626506024104
2042-03-06,27.5,18.9,10.913975903614459
2042-03-07,28.6,19.1,1.4
2042-03-08,28.9,19.0,0.0
2042-03-09,30.0,18.1,0.0
2042-03-10,30.2,17.5,0.0
2042-03-11,29.891304347826082,19.4,0.0
2042-03-12,31.0,19.9,0.0
2042-03-13,30.0,19.1,1.4
2042-03-14,30.6,19.01176892716182,0.0
2042-03-15,32.492756183745584,18.5,0.0
2042-03-16,33.518095238095235,19.3,4.539649507119387
2042-03-17,32.4,19.8,1.6
2042-03-18,32.1,19.4,3.4
2042-03-19,32.0,18.5,3.4
2042-03-20,30.829411764705885,19.2,0.0
2042-03-21,26.7,19.0,0.5072289156626507
2042-03-22,29.2,17.9,0.0
2042-03-23,29.47014925373134,16.2,0.0
2042-03-24,30.6,15.3,0.0
2042-03-25,29.9,17.5,0.0
2042-03-26,29.4,17.3,0.0
2042-03-27,30.2,16.9,0.0
2042-03-28,30.5,19.4,0.0
2042-03-29,30.2,20.4519395673071,0.0
2042-03-30,31.6,20.501022952120227,0.0
2042-03-31,33.52571428571429,18.6,0.0
2042-04-01,33.8728987993139,16.7,0.0
2042-04-02,32.3,19.0,0.0
2042-04-03,30.2,18.4,0.0
2042-04-04,30.9,17.9,0.0
2042-04-05,31.8,17.3,0.0
2042-04-06,32.79077090119436,16.8,0.0
2042-04-07,33.895197255574615,17.3,0.0
2042-04-08,32.4,19.0,0.0
2042-04-09,27.0,18.4,1.06
2042-04-10,28.5,17.0,0.0
2042-04-11,29.7,16.4,0.0
2042-04-12,31.666292134831465,16.6,0.0
2042-04-13,31.4,18.3,0.0
2042-04-14,29.5,18.0,0.0
2042-04-15,30.4,17.645708154506426,0.0
2042-04-16,29.9,17.6,0.0
2042-04-17,30.0,17.0,0.0
2042-04-18,31.7,16.6,0.0
2042-04-19,30.0,17.6,0.0
2042-04-20,31.0,17.3,0.0
2042-04-21,32.2,17.4,0.0
2042-04-22,33.71320754716981,17.4,0.0
2042-04-23,34.07612818835841,18.42410256410256,0.0
2042-04-24,33.98885077186964,19.311390416339353,0.0
2042-04-25,33.23264659270999,19.2,0.0
2042-04-26,32.3618,19.0,0.0
2042-04-27,30.0,19.2,0.0
2042-04-28,29.5,18.731864406779664,0.0
2042-04-29,29.9,17.8,0.0
2042-04-30,30.2,17.3,0.0
2042-05-01,31.1,17.030414008542454,0.0
2042-05-02,30.8,16.9,0.0
2042-05-03,30.9,16.463948690348023,0.0
2042-05-04,31.946250662725124,16.7,0.0
2042-05-05,33.8,17.718778849947697,0.0
2042-05-06,34.438916015625,17.9,0.0
2042-05-07,33.8,17.815895053155746,0.0
2042-05-08,31.36373750132217,17.836421813465687,0.0
2042-05-09,30.9,16.5,0.0
2042-05-10,31.0,16.2,0.0
2042-05-11,32.38065915278923,15.2,0.0
2042-05-12,36.15400390625,16.5,0.0
2042-05-13,34.2453125,16.5,0.0
2042-05-14,33.8,14.5,0.0
2042-05-15,32.34857881739747,17.406321581691838,0.0
2042-05-16,31.990646016419515,16.95597597272019,0.0
2042-05-17,32.191196466122584,16.9,0.0
2042-05-18,32.50707991881813,16.9,0.0
2042-05-19,30.7,16.730222737434776,0.0
2042-05-20,27.812989656947618,15.6266622505589,0.0
2042-05-21,28.2,13.9,0.0
2042-05-22,29.2,12.2,0.0
2042-05-23,28.513630247578032,12.8,0.0
2042-05-24,26.9,14.0,0.0
2042-05-25,27.7,12.2,0.0
2042-05-26,29.2,13.2,0.0
2042-05-27,28.1,15.0,0.0
2042-05-28,27.0,13.5,0.0
2042-05-29,28.1,12.0,0.0
2042-05-30,29.5,13.3,0.0
2042-05-31,31.790138482569148,15.2,0.0
2042-06-01,32.52646484375,16.464225341521733,0.0
2042-06-02,32.616796875,15.93231777998947,0.0
2042-06-03,30.528125768003278,17.094641946096377,0.0
2042-06-04,28.989623758909083,15.232496917332801,0.0
2042-06-05,28.992216145511478,13.2,0.0
2042-06-06,30.1,11.5,0.0
2042-06-07,30.5,11.3,0.0
2042-06-08,29.090290727070492,14.1,0.0
2042-06-09,29.2,13.7,0.0
2042-06-10,30.57579128324401,14.06479073220305,0.0
2042-06-11,30.5,16.870531307136414,0.0
2042-06-12,30.4,16.798242659638067,0.0
2042-06-13,30.453628330018766,16.307872723554333,0.0
2042-06-14,28.0,16.11628096258717,0.0
2042-06-15,26.4,12.9,0.0
2042-06-16,26.6,10.9,0.0
2042-06-17,26.453071906379996,9.4,0.0
2042-06-18,26.5,11.5,0.0
2042-06-19,27.1,9.4,0.0
2042-06-20,27.7,9.5,0.0
2042-06-21,28.0,10.2,0.0
2042-06-22,28.9,10.2,0.0
2042-06-23,29.2,10.8,0.0
2042-06-24,27.0,14.0,0.0
2042-06-25,20.1,13.2,0.0
2042-06-26,24.34691323692992,11.0,0.0
2042-06-27,25.0,8.5,0.0
2042-06-28,25.7,9.02277530589544,0.0
2042-06-29,24.5,11.9,0.0
2042-06-30,23.6,10.6,0.0
2042-07-01,26.0,10.0,0.0
2042-07-02,26.0,12.440885202304807,0.0
2042-07-03,26.2,11.9,0.0
2042-07-04,26.2,13.4,0.0
2042-07-05,26.0,12.8,0.0
2042-07-06,27.5,12.9,0.0
2042-07-07,28.8,13.0,0.0
2042-07-08,28.930996082696154,12.9,0.0
2042-07-09,29.0,12.9,0.0
2042-07-10,28.1,14.4,0.0
2042-07-11,26.7,13.8,0.0
2042-07-12,25.0,13.5,0.0
2042-07-13,25.9,11.2,0.0
2042-07-14,28.2,8.0,0.0
2042-07-15,27.0,11.1,0.0
2042-07-16,24.2,14.2,0.0
2042-07-17,24.0,11.779694544546887,0.0
2042-07-18,24.4,8.64889128094725,0.0
2042-07-19,26.2,7.5,0.0
2042-07-20,28.0,10.0,0.0
2042-07-21,27.39756650776563,12.1,0.0
2042-07-22,25.3,12.7,0.0
2042-07-23,25.7,10.2,0.0
2042-07-24,27.3,9.9,0.0
2042-07-25,28.772440840671262,10.095016779585892,0.0
2042-07-26,28.1,13.3,0.0
2042-07-27,26.9,14.0,0.0
2042-07-28,26.5,12.8,0.0
2042-07-29,28.5,11.5,0.0
2042-07-30,29.297729719150592,12.1,0.0
2042-07-31,28.0,15.562192306353019,0.0
2042-08-01,25.67528256189451,14.6,0.0
2042-08-02,26.5,13.56584364908504,0.0
2042-08-03,28.9,13.0,0.0
2042-08-04,30.879327592393246,13.514491388589887,0.0
2042-08-05,30.201990096878355,16.3,0.0
2042-08-06,30.9,14.0,0.0
2042-08-07,31.5,13.5,0.0
2042-08-08,30.2,15.0,0.0
2042-08-09,32.5,13.5,0.0
2042-08-10,33.16043879702492,14.0,0.0
2042-08-11,30.0,17.349468438940033,0.0
2042-08-12,27.0,15.892719959209106,0.0
2042-08-13,26.9,14.6,0.0
2042-08-14,28.870420142626475,11.9,0.0
2042-08-15,29.5,11.2,0.0
2042-08-16,28.9,14.4,0.0
2042-08-17,28.8,14.6,0.0
2042-08-18,28.450477215644053,15.2,0.0
2042-08-19,28.4,13.269270182992466,0.0
2042-08-20,30.25603567584191,12.0,0.0
2042-08-21,29.0,15.8,0.0
2042-08-22,28.363860782203087,14.6,0.0
2042-08-23,28.5,14.6,0.0
2042-08-24,30.8,14.6,0.0
2042-08-25,33.2,14.6,0.0
2042-08-26,35.79186662820638,13.7,0.0
2042-08-27,33.2,17.4,0.0
2042-08-28,32.5,18.756505610298742,0.0
2042-08-29,34.48745061194521,18.63233529649715,0.0
2042-08-30,37.69677734375,18.42091869336432,0.0
2042-08-31,36.30184446551478,26.59326171875,0.0
2042-09-01,30.5,19.3,0.0
2042-09-02,24.54909818990798,17.8,0.0
2042-09-03,25.899666295884316,15.5,0.0
2042-09-04,26.96458147942158,13.6,0.0
2042-09-05,29.0,13.3,0.0
2042-09-06,30.64317215206439,12.92767890248424,0.0
2042-09-07,33.5,15.0,0.0
2042-09-08,35.1,16.5,0.0
2042-09-09,33.6,17.9,0.0
2042-09-10,31.5,18.8,0.0
2042-09-11,31.6,17.1,0.0
2042-09-12,32.286968724939854,16.9,0.0
2042-09-13,31.0,17.2,0.0
2042-09-14,32.3,16.5,0.0
2042-09-15,34.5,18.0,0.0
2042-09-16,35.1,18.8,0.0
2042-09-17,34.8,19.9,0.0
2042-09-18,33.1,20.4,0.0
2042-09-19,33.1,17.7,0.0
2042-09-20,33.56763407152729,18.4,0.0
2042-09-21,33.1,19.3,0.0
2042-09-22,32.7,19.3,0.0
2042-09-23,33.1,18.1,0.0
2042-09-24,33.8,17.6,0.0
2042-09-25,34.9,17.7,0.0
2042-09-26,35.61256256952169,19.153597522426995,0.0
2042-09-27,36.0,20.6,0.0
2042-09-28,35.3,21.2,0.0
2042-09-29,36.0,20.5,0.0
2042-09-30,33.2,20.74808868090984,0.0
2042-10-01,30.9,17.77673183096635,0.0
2042-10-02,32.5,17.9,0.0
2042-10-03,35.7851344170266,18.6,0.0
2042-10-04,37.09823754150303,20.2,0.0
2042-10-05,37.498819997132344,23.155764055642944,0.0
2042-10-06,27.2,18.2,0.0
2042-10-07,26.9,15.9,0.0
2042-10-08,31.4,15.622742195909577,0.0
2042-10-09,31.3,17.7,0.0
2042-10-10,27.7,17.4,0.0
2042-10-11,28.0,15.4,0.0
2042-10-12,33.0,15.5,0.0
2042-10-13,34.9,16.7,0.0
2042-10-14,32.9,19.9,0.0
2042-10-15,32.7,18.0,0.0
2042-10-16,34.0,17.9,0.0
2042-10-17,37.2,17.39277878295123,0.0
2042-10-18,34.0,21.558674842380437,0.0
2042-10-19,33.9,19.0,0.0
2042-10-20,34.9,18.6,0.0
2042-10-21,34.5,21.9,0.0
2042-10-22,36.24735221721227,21.9,0.0
2042-10-23,38.17432207705144,21.9,0.0
2042-10-24,38.23812289307281,22.0,0.0
2042-10-25,36.994585749505184,22.0,0.0
2042-10-26,36.0,21.9,0.0
2042-10-27,35.5,21.6,0.0
2042-10-28,37.58921929931542,21.5,0.0
2042-10-29,36.7,22.6,0.0
2042-10-30,36.778990045021324,22.0,0.0
2042-10-31,34.6,21.6,0.0
2042-11-01,33.553318502039296,18.5,0.0
2042-11-02,34.6,18.103448275862075,0.0
2042-11-03,36.73882901531503,18.5,0.0
2042-11-04,38.07614571746383,19.6,0.0
2042-11-05,36.4,21.5,0.0
2042-11-06,34.8,20.5,0.0
2042-11-07,36.4,20.0,0.0
2042-11-08,37.77851206321198,20.6,0.0
2042-11-09,37.867612442944264,21.9,0.0
2042-11-10,36.8,22.29523536986694,0.0
2042-11-11,36.8,19.8,0.0
2042-11-12,31.7,18.7,2.3
2042-11-13,27.5,18.1,0.0
2042-11-14,30.300905398763486,17.5,0.0
2042-11-15,32.5,18.7,0.0
2042-11-16,33.6,21.589234356781976,0.0
2042-11-17,33.6,19.5,0.0
2042-11-18,34.0,19.7,0.0
2042-11-19,34.719201132571534,20.0,0.0
2042-11-20,36.0,20.282070618297062,0.0
2042-11-21,37.2,21.3,0.0
2042-11-22,36.2,23.2,0.0
2042-11-23,30.4,20.5,0.0
2042-11-24,32.02098737158935,19.6,0.0
2042-11-25,33.6,19.5,0.0
2042-11-26,36.4,18.8,0.0
2042-11-27,37.61377130368191,19.9,0.0
2042-11-28,39.37274671041309,20.6,0.0
2042-11-29,37.79458356027769,22.9,0.2
2042-11-30,33.22436694366289,18.7,5.8
2042-12-01,27.8,19.2,1.3
2042-12-02,27.5,18.8,0.0
2042-12-03,30.507017274078628,17.9,0.0
2042-12-04,31.6,18.0,0.0
2042-12-05,32.05652993762833,19.0,0.0
2042-12-06,33.1,18.76016196764007,0.0
2042-12-07,31.821337131455273,20.06174478509127,0.0
2042-12-08,32.0,19.9,0.0
2042-12-09,32.9,19.6,0.0
2042-12-10,33.0591198058682,19.0,1.3
2042-12-11,29.9,18.9,4.4
2042-12-12,31.4,18.0,0.0
2042-12-13,31.881430071674227,19.2,0.0
2042-12-14,32.0,19.495901194989184,0.0
2042-12-15,33.1,21.0,0.0
2042-12-16,33.7,20.320119596986842,0.0
2042-12-17,33.7,20.018661394597288,0.0
2042-12-18,33.8450076296147,19.8,0.0
2042-12-19,33.7,21.0,0.0
2042-12-20,31.6,19.5,15.0
2042-12-21,30.6,19.0,4.2
2042-12-22,31.55656022006936,19.8,0.0
2042-12-23,31.6,19.0,4.0
2042-12-24,30.5,19.0,1.0
2042-12-25,30.0,19.4,15.0
2042-12-26,28.9,18.74231866321663,18.2
2042-12-27,28.0,18.9,30.0
2042-12-28,26.5,18.9,3.6
2042-12-29,29.5,18.3,0.0
2042-12-30,30.65302566462184,18.1,0.0
2042-12-31,31.0,20.0,0.0
2043-01-01,30.7,19.5,5.4
2043-01-02,29.0,19.250924092726418,18.43992537313433
2043-01-03,25.9,18.6,19.43003731343283
2043-01-04,23.0,17.1,55.91834098737073
2043-01-05,22.7,17.2,5.2
2043-01-06,27.5,17.3,9.9
2043-01-07,26.3,18.9,49.67786069651723
2043-01-08,27.8,19.0,35.04054337686567
2043-01-09,25.462254783506513,18.8,4.6
2043-01-10,26.4,17.5,0.0
2043-01-11,25.2,17.5,1.0
2043-01-12,27.3,18.7,1.2671268656716417
2043-01-13,27.2,18.9,16.125932835820883
2043-01-14,28.3,17.3,0.0
2043-01-15,29.4,16.2,0.0
2043-01-16,30.57587105546428,17.2,0.0
2043-01-17,30.8,18.6,0.0
2043-01-18,31.8,18.5,0.0
2043-01-19,31.2,19.317590950357953,0.0
2043-01-20,30.4,19.2,1.9
2043-01-21,31.2,18.7,1.0
2043-01-22,29.7,18.9,5.5
2043-01-23,29.1,18.9,39.51281094527363
2043-01-24,26.9,19.1,27.4
2043-01-25,27.8,19.0,9.0
2043-01-26,29.8,18.6,21.0
2043-01-27,25.2,18.4,34.65012437810944
2043-01-28,24.0,18.2,70.6
2043-01-29,25.4,18.4,15.29668843283581
2043-01-30,24.0,17.8,19.0
2043-01-31,24.0,17.7,1.1
2043-02-01,24.9,18.4,0.0
2043-02-02,27.2547987967535,18.2,1.1
2043-02-03,29.4,17.7,9.2
2043-02-04,27.6,18.5,33.5941451990633
2043-02-05,28.2,18.9,1.1
2043-02-06,28.590570785326445,18.6,17.4
2043-02-07,28.7,18.6,26.0
2043-02-08,28.0,17.5,25.533057106827595
2043-02-09,27.9,16.4,8.7
2043-02-10,25.5328481545971,18.5,2.8
2043-02-11,27.0,18.80869179076443,2.173067915690867
2043-02-12,26.0,16.2,0.0
2043-02-13,26.5,14.7,0.0
2043-02-14,27.6,14.024861529832435,0.0
2043-02-15,28.66372432167146,14.5,0.0
2043-02-16,29.0,14.4,0.0
2043-02-17,29.0,14.781654182194602,0.0
2043-02-18,30.0,15.2,0.0
2043-02-19,31.0,15.566790417307324,0.0
2043-02-20,30.4,16.3,1.3
2043-02-21,28.6,17.5,1.6
2043-02-22,29.2,16.9,2.3
2043-02-23,29.4,16.8,0.0
2043-02-24,29.2,17.0,0.0
2043-02-25,30.3,16.7,0.0
2043-02-26,30.6,17.0,0.0
2043-02-27,30.9,17.4,0.0
2043-02-28,30.4,17.3,0.0
2043-03-01,29.275000000000006,18.6,6.9939759036144595
2043-03-02,23.89147180192572,17.8,1.3
2043-03-03,28.7,18.0,2.5845094664371784
2043-03-04,30.4,18.5,5.674698795180727
2043-03-05,29.8,18.5,20.13984828201696
2043-03-06,25.5,18.5,47.998795180723064
2043-03-07,25.0,18.4,28.0
2043-03-08,25.40655737704918,18.6,25.511111111111116
2043-03-09,24.3,18.5,36.65406993828975
2043-03-10,25.5,18.3,2.5845094664371784
2043-03-11,27.6,17.6,0.9
2043-03-12,28.1,18.403405421274098,0.0
2043-03-13,27.6,16.5,0.0
2043-03-14,28.2,15.9,0.0
2043-03-15,28.8,18.5,1.4
2043-03-16,26.25263157894737,18.7,1.0
2043-03-17,24.6,17.9,0.0
2043-03-18,26.4,14.3,0.0
2043-03-19,26.5,13.5,0.0
2043-03-20,26.2,14.7,0.0
2043-03-21,26.4,16.5,0.0
2043-03-22,26.0,16.1,0.0
2043-03-23,26.2,17.8,0.0
2043-03-24,27.7,18.5,0.0
2043-03-25,27.6,19.0,0.0
2043-03-26,26.5,18.8,0.0
2043-03-27,26.3,18.6,0.0
2043-03-28,26.8,16.4,0.0
2043-03-29,24.0,15.6,1.6
2043-03-30,24.6,15.0369580851834,2.559380378657489
2043-03-31,27.0,13.4,0.0
2043-04-01,26.7,13.2,0.0
2043-04-02,28.6,11.5,0.0
2043-04-03,29.9,11.5,0.0
2043-04-04,29.0,13.3,0.0
2043-04-05,27.9,15.5,0.0
2043-04-06,27.5,14.854838709677418,0.0
2043-04-07,27.9,14.6,0.0
2043-04-08,28.9,14.7,0.0
2043-04-09,28.0,15.9,0.0
2043-04-10,24.0,16.0,0.0
2043-04-11,24.7,17.0,0.0
2043-04-12,26.6,14.1,0.0
2043-04-13,26.2,12.0,0.0
2043-04-14,27.0,10.0,0.0
2043-04-15,27.4,10.5,0.0
2043-04-16,29.5,11.5,0.0
2043-04-17,31.416666666666668,12.6,0.0
2043-04-18,32.2,14.1,0.0
2043-04-19,30.7,16.7,0.0
2043-04-20,29.4,17.0,0.0
2043-04-21,27.7,16.6,0.0
2043-04-22,27.3,15.5,0.0
2043-04-23,28.0,14.5,0.0
2043-04-24,28.9,14.180769230769227,0.0
2043-04-25,28.8,14.355645161290324,0.0
2043-04-26,28.9,15.2,0.0
2043-04-27,29.6,15.3,0.0
2043-04-28,28.1,16.3,0.0
2043-04-29,26.0,15.6,0.0
2043-04-30,26.7,14.0,0.0
2043-05-01,29.1,11.9,0.0
2043-05-02,28.8,14.6,0.0
2043-05-03,26.7,15.2,0.0
2043-05-04,27.2,14.0,0.0
2043-05-05,26.955281508868808,14.1,0.0
2043-05-06,26.5,13.6,0.0
2043-05-07,25.4,14.6,0.0
2043-05-08,27.0,12.3,0.0
2043-05-09,27.4,14.4,0.0
2043-05-10,28.0,13.0,0.0
2043-05-11,25.7,13.6,0.0
2043-05-12,26.2,15.0,0.0
2043-05-13,26.8,12.3,0.0
2043-05-14,26.8,12.3,0.0
2043-05-15,26.1,12.9,0.0
2043-05-16,25.9,11.4,0.0
2043-05-17,27.0,11.9,0.0
2043-05-18,28.819016864011477,12.0,0.0
2043-05-19,29.2,11.9,0.0
2043-05-20,29.1,13.0,0.0
2043-05-21,26.5,12.7,0.0
2043-05-22,24.621897585729663,11.4,0.0
2043-05-23,24.2,9.7,0.0
2043-05-24,25.5,9.0,0.0
2043-05-25,27.0,10.5,0.0
2043-05-26,28.740655641452186,12.6,0.0
2043-05-27,28.957173081919738,13.893519913885893,0.0
2043-05-28,27.0,14.1,0.0
2043-05-29,25.2,12.9,0.0
2043-05-30,25.3,10.9,0.0
2043-05-31,25.7,10.7,0.0
2043-06-01,27.0,12.0,0.0
2043-06-02,28.0,11.8,0.0
2043-06-03,28.92071093160932,12.1,0.0
2043-06-04,29.249821197106073,12.7,0.0
2043-06-05,30.1871263618761,12.9,0.0
2043-06-06,30.691653946899915,14.0,0.0
2043-06-07,33.12314453125,14.2,0.0
2043-06-08,32.537939453125,16.427677431125716,0.0
2043-06-09,30.5,16.818381075716772,0.0
2043-06-10,29.0,15.553057359630984,0.0
2043-06-11,26.6,13.8,0.0
2043-06-12,27.0,14.103432472024174,0.0
2043-06-13,27.182922620575564,14.01561754481221,0.0
2043-06-14,26.6,13.8,0.0
2043-06-15,25.5,12.5,0.0
2043-06-16,25.8,10.6,0.0
2043-06-17,27.0,10.090278086763075,0.0
2043-06-18,27.7,11.0,0.0
2043-06-19,28.0,11.56796095575618,0.0
2043-06-20,26.222334493523274,13.13770710145776,0.0
2043-06-21,25.6,12.3,0.0
2043-06-22,25.2,11.556101956523614,0.0
2043-06-23,25.0,7.4,0.0
2043-06-24,25.6,7.3,0.0
2043-06-25,25.558926585094554,7.9,0.0
2043-06-26,25.988479262672808,5.7,0.0
2043-06-27,24.4,9.6,0.0
2043-06-28,22.0,9.0,0.0
2043-06-29,22.7,10.1,0.0
2043-06-30,24.7,10.4,0.0
2043-07-01,26.1,11.3,0.0
2043-07-02,26.7,12.0,0.0
2043-07-03,27.11069576279479,12.4,0.0
2043-07-04,26.9,12.7,0.0
2043-07-05,26.9,12.8,0.0
2043-07-06,26.7,12.4,0.0
2043-07-07,26.7,12.0,0.0
2043-07-08,26.3,14.945154225901016,0.0
2043-07-09,26.9,12.7,0.0
2043-07-10,27.4,15.0,0.0
2043-07-11,25.909971621489383,14.2,0.0
2043-07-12,25.4,12.752634373878717,0.0
2043-07-13,26.6,11.2,0.0
2043-07-14,26.6,11.6,0.0
2043-07-15,26.7,11.2,0.0
2043-07-16,27.6,10.5,0.0
2043-07-17,28.90333497941472,11.5253618880838,0.0
2043-07-18,29.5,12.9,0.0
2043-07-19,27.09899377544811,15.48149496612421,0.0
2043-07-20,22.2,14.2,0.0
2043-07-21,22.1,10.5,0.0
2043-07-22,23.0,8.0,0.0
2043-07-23,25.6,6.6,0.0
2043-07-24,26.7,10.6,0.0
2043-07-25,28.0,13.4,0.0
2043-07-26,27.7,14.2,0.0
2043-07-27,26.271941155364186,13.9,0.0
2043-07-28,25.7,10.7,0.0
2043-07-29,26.45654467168998,9.219985647649805,0.0
2043-07-30,27.4,9.5,0.0
2043-07-31,26.2,12.7,0.0
2043-08-01,26.2,11.0,0.0
2043-08-02,28.8,11.9,0.0
2043-08-03,30.0,12.927072120559746,0.0
2043-08-04,29.6,15.0,0.0
2043-08-05,30.72531734264881,14.6,0.0
2043-08-06,32.1,13.5,0.0
2043-08-07,29.6,14.9,0.0
2043-08-08,24.9,15.7,0.0
2043-08-09,21.4,12.0,0.0
2043-08-10,21.4,8.985769644779333,0.0
2043-08-11,24.0,8.9,0.0
2043-08-12,24.8,9.0,0.0
2043-08-13,25.9,10.5,0.0
2043-08-14,26.9,10.7,0.0
2043-08-15,28.6,10.8,0.0
2043-08-16,30.0,11.9,0.0
2043-08-17,30.2,14.4,0.0
2043-08-18,28.7,15.1,0.0
2043-08-19,28.9,14.4,0.0
2043-08-20,30.0,13.8,0.0
2043-08-21,31.2,14.5,0.0
2043-08-22,31.2,15.0,0.0
2043-08-23,31.4,15.8,0.0
2043-08-24,31.846052926067625,16.6,0.0
2043-08-25,30.9,18.3,0.0
2043-08-26,28.5,18.0,0.0
2043-08-27,28.5,15.8,0.0
2043-08-28,30.0,15.0,0.0
2043-08-29,31.5,16.0,0.0
2043-08-30,29.8,18.0,0.0
2043-08-31,29.0,15.7,0.0
2043-09-01,28.7,14.2,0.0
2043-09-02,30.0,12.8,0.0
2043-09-03,31.0,13.7,0.0
2043-09-04,31.0,16.2,0.0
2043-09-05,30.3,16.4,0.0
2043-09-06,31.5,14.3,0.0
2043-09-07,32.3,15.7,0.0
2043-09-08,30.0,17.9,0.0
2043-09-09,29.6,16.6,0.0
2043-09-10,30.2,16.4,0.0
2043-09-11,31.2,16.6,0.0
2043-09-12,31.4,17.8,0.0
2043-09-13,32.95305568278479,17.5,0.0
2043-09-14,33.0,18.6,0.0
2043-09-15,32.9,18.1,0.0
2043-09-16,32.5,18.0,0.0
2043-09-17,32.5,18.3,0.0
2043-09-18,32.5,17.8,0.0
2043-09-19,34.7,17.8,0.0
2043-09-20,33.3,20.158622381437766,0.0
2043-09-21,32.3,18.516126714868367,0.0
2043-09-22,32.9,18.3,0.0
2043-09-23,33.1,18.004838055355634,0.0
2043-09-24,33.4,17.818642936596227,0.0
2043-09-25,32.1,19.2,0.0
2043-09-26,31.0,18.7,0.0
2043-09-27,31.9,17.7,0.0
2043-09-28,32.9,17.7,0.0
2043-09-29,32.5,17.8,0.0
2043-09-30,32.8,17.4,0.0
2043-10-01,29.9,15.2,0.0
2043-10-02,32.8,13.95899382471248,0.0
2043-10-03,33.5,17.4,0.0
2043-10-04,33.0,18.0,0.0
2043-10-05,34.3,17.1,0.0
2043-10-06,34.4,18.1,0.0
2043-10-07,33.7,19.0,0.0
2043-10-08,32.8,19.2,0.0
2043-10-09,32.5,18.0,0.0
2043-10-10,33.2,18.0,0.0
2043-10-11,33.5,18.9,0.0
2043-10-12,34.0,19.0,0.0
2043-10-13,33.24844484731742,19.4,0.0
2043-10-14,33.218973429267464,18.7,0.0
2043-10-15,34.5,18.9,0.0
2043-10-16,35.5,18.09161215533658,0.0
2043-10-17,36.85147983922733,19.0,0.0
2043-10-18,37.557957335341236,20.7,0.0
2043-10-19,37.2,21.0,0.0
2043-10-20,35.8,21.2,0.0
2043-10-21,35.65239597639285,20.5,0.0
2043-10-22,34.9,20.7,0.0
2043-10-23,36.5,19.2,0.0
2043-10-24,38.35277808215647,20.5,0.0
2043-10-25,37.2,22.538105489773926,0.0
2043-10-26,36.27149954458887,21.9,0.0
2043-10-27,36.4,21.9,0.0
2043-10-28,36.875025429336056,21.6,0.0
2043-10-29,37.2,21.6,0.0
2043-10-30,37.345193639026945,22.0,0.0
2043-10-31,36.7,22.2,0.0
2043-11-01,35.7,20.5,0.0
2043-11-02,37.20763001625738,20.0,0.0
2043-11-03,35.9,21.5,0.0
2043-11-04,36.0,21.5,0.0
2043-11-05,35.2,19.9,0.0
2043-11-06,34.8,23.0,0.0
2043-11-07,34.8,22.1,0.0
2043-11-08,34.6,21.7,0.0
2043-11-09,34.4,21.7,0.0
2043-11-10,35.7,23.0,0.0
2043-11-11,35.7,22.99793812771035,0.0
2043-11-12,36.4,20.2,1.4
2043-11-13,32.3,20.0,0.0
2043-11-14,32.3,19.0,0.0
2043-11-15,36.2,19.7,0.0
2043-11-16,34.88949337647891,23.39506714938713,0.0
2043-11-17,34.7,24.55625,0.0
2043-11-18,34.4,23.268784488211303,0.0
2043-11-19,31.5,21.5,1.0333333333333332
2043-11-20,32.2,20.5,0.0
2043-11-21,31.4,19.4,5.8
2043-11-22,30.6,18.4,8.866666666666667
2043-11-23,27.1,18.3,22.5
2043-11-24,25.5,17.8,12.720000000000004
2043-11-25,27.365925764076486,17.6,46.3
2043-11-26,27.91213623602945,18.244406027929124,21.8
2043-11-27,27.5,18.4,10.6
2043-11-28,24.927973653622626,17.9,5.9
2043-11-29,27.5,17.3,0.0
2043-11-30,28.8,17.1,0.0
2043-12-01,29.6,18.2,0.0
2043-12-02,30.1,18.3,0.0
2043-12-03,29.5,17.0,0.0
2043-12-04,29.9,16.353054897739504,0.0
2043-12-05,30.1,16.4,0.0
2043-12-06,30.6,16.4,0.0
2043-12-07,30.7,18.0,0.0
2043-12-08,30.8,18.133773564074968,0.0
2043-12-09,30.4,19.4,0.0
2043-12-10,30.0,18.2,0.0
2043-12-11,31.1,19.0,0.0
2043-12-12,31.5,19.0,0.0
2043-12-13,31.64812640900135,20.2,0.0
2043-12-14,31.0,20.2,0.0
2043-12-15,30.1,19.4,0.1
2043-12-16,29.9,19.0,0.0
2043-12-17,30.7,17.6,0.0
2043-12-18,30.7,17.5,0.0
2043-12-19,31.1,18.4,0.0
2043-12-20,31.6,18.8,0.0
2043-12-21,31.2,19.2,3.0
2043-12-22,30.9,19.77503065836895,0.0
2043-12-23,31.7,19.340090364631095,0.0
2043-12-24,30.9,19.6,10.433333333333332
2043-12-25,30.2,19.2,0.9
2043-12-26,30.4,18.9,0.5333333333333335
2043-12-27,31.1,19.2,0.0
2043-12-28,31.7,20.296156637059937,0.0
2043-12-29,32.048146027529015,19.2,4.2
2043-12-30,31.2,18.4,5.6
2043-12-31,30.4,19.6,7.0
2044-01-01,29.2,19.5,32.31007462686567
2044-01-02,30.3,19.684137568466053,0.0
2044-01-03,30.4,18.2,0.9
2044-01-04,31.0,19.0,1.8
2044-01-05,31.188979741105673,19.2,1.4
2044-01-06,31.1,18.7,2.0
2044-01-07,30.7,18.9,9.0
2044-01-08,30.6,19.0,5.2
2044-01-09,29.357705280008826,19.01414408223737,15.5
2044-01-10,29.9,19.399952499339193,32.35317164179104
2044-01-11,27.2,19.0,13.447854477611937
2044-01-12,29.6,18.8,10.6
2044-01-13,28.7,18.9,20.9
2044-01-14,30.7,19.2,15.29668843283581
2044-01-15,27.996495584865702,19.3,1.9
2044-01-16,25.1,19.00234073061937,20.934514925373136
2044-01-17,27.2,18.9,66.58437836590252
2044-01-18,25.9,18.9,16.4
2044-01-19,28.820776443260996,18.9,21.6
2044-01-20,25.5,19.1,27.022263681592037
2044-01-21,24.9,18.7,0.9
2044-01-22,25.2,18.5,1.0
2044-01-23,27.3,19.0,13.498134328358208
2044-01-24,28.8,18.0,4.0
2044-01-25,29.8,18.7,2.9
2044-01-26,29.0,19.3,16.4
2044-01-27,28.2,18.65726035715262,27.4
2044-01-28,28.8,18.6,1.0
2044-01-29,30.3,17.2,0.0
2044-01-30,29.8,18.8,8.060074626865674
2044-01-31,30.4,18.4,1.2
2044-02-01,31.183232768519595,18.8,0.0
2044-02-02,30.9,19.1,0.0
2044-02-03,31.2,19.1,1.0339578454332554
2044-02-04,30.7,19.1,10.4
2044-02-05,30.9,18.8,3.1213114754098346
2044-02-06,30.2,19.0,43.16489248456464
2044-02-07,24.5,17.9,6.694894613583139
2044-02-08,20.51529247173342,16.5,4.4
2044-02-09,22.174160773407497,16.6,1.0
2044-02-10,25.9,17.3,1.0339578454332554
2044-02-11,27.0,18.8,1.6
2044-02-12,24.9220373160621,18.9,6.0
2044-02-13,28.3,18.1,2.0
2044-02-14,27.9,16.8,1.0
2044-02-15,27.0,17.9,0.4
2044-02-16,29.7,18.2,1.4
2044-02-17,32.21525099204923,19.0783057310969,1.0339578454332554
2044-02-18,30.428581826783976,18.6,0.0
2044-02-19,26.9,17.6,21.083606557377053
2044-02-20,26.543408820023835,18.6,1.0
2044-02-21,27.6,18.5,0.0
2044-02-22,30.2,17.0,0.0
2044-02-23,31.8,16.4,0.0
2044-02-24,32.9,19.0,0.0
2044-02-25,31.0,18.7,0.0
2044-02-26,31.7,17.1,0.0
2044-02-27,30.8,17.0,0.0
2044-02-28,30.9,16.9,0.0
2044-03-01,24.3,18.7,0.0
2044-03-02,25.5,17.6,0.8
2044-03-03,28.5,18.0,0.0
2044-03-04,27.0,18.3,0.0
2044-03-05,29.2,18.5,0.0
2044-03-06,30.5,17.5,0.0
2044-03-07,31.5,18.3,5.4
2044-03-08,25.0,18.7,4.243975903614459
2044-03-09,23.1,17.8,1.8642570281124502
2044-03-10,21.607808219178082,17.4,0.2
2044-03-11,20.037335722819595,17.3,62.33120000000001
2044-03-12,23.75309491059147,16.0,21.53614457831328
2044-03-13,27.3,15.9,0.0
2044-03-14,26.0,17.2,0.6
2044-03-15,26.5,16.6,1.1216867469879528
2044-03-16,26.5,16.3,0.0
2044-03-17,26.3,16.8,0.0
2044-03-18,28.2,17.2,0.0
2044-03-19,28.0,17.6,0.0
2044-03-20,27.8,17.6,0.0
2044-03-21,28.1,16.6,0.0
2044-03-22,29.1,16.0,0.0
2044-03-23,28.84423076923077,17.0,0.0
2044-03-24,28.2,17.1,0.0
2044-03-25,29.0,16.6,0.0
2044-03-26,27.9,16.7,0.0
2044-03-27,27.9,15.7,0.0
2044-03-28,28.9,14.5,0.0
2044-03-29,27.9,16.9,0.0
2044-03-30,26.7,16.1,0.0
2044-03-31,29.9,15.5,0.0
2044-04-01,31.7,14.9,0.0
2044-04-02,30.650000000000006,15.9,0.0
2044-04-03,29.9,15.2,0.0
2044-04-04,30.4,13.8,0.0
2044-04-05,32.0,14.977528089887642,0.0
2044-04-06,30.442500000000003,17.5,0.0
2044-04-07,27.8,17.6,0.8
2044-04-08,30.0,16.0,0.0
2044-04-09,31.4,16.4,0.0
2044-04-10,29.9,17.6,0.0
2044-04-11,27.3,16.3,0.0
2044-04-12,27.6,16.8,0.0
2044-04-13,26.2,17.3,0.0
2044-04-14,28.1,17.2,3.4648484848484835
2044-04-15,29.5,16.7,0.0
2044-04-16,30.0,17.5,0.0
2044-04-17,29.0,17.7,0.0
2044-04-18,28.6,17.0,0.0
2044-04-19,28.9,16.8,0.0
2044-04-20,29.5,16.4,0.0
2044-04-21,30.0,16.6,0.0
2044-04-22,31.0,17.6,0.0
2044-04-23,30.2,19.4,0.0
2044-04-24,29.7,18.3,0.0
2044-04-25,27.165432098765432,17.2,0.0
2044-04-26,27.1,15.7,0.0
2044-04-27,26.9,15.6,0.0
2044-04-28,26.2,14.8,0.0
2044-04-29,25.7,13.8,0.0
2044-04-30,26.0,13.7,0.0
2044-05-01,28.6,17.846339223338177,0.0
2044-05-02,30.8,17.4,0.0
2044-05-03,31.9812817505583,17.94251059455579,0.0
2044-05-04,32.0,18.231047122427796,0.0
2044-05-05,31.4,17.0,0.0
2044-05-06,30.8,16.829676455060902,0.0
2044-05-07,27.5,15.3,0.0
2044-05-08,28.9,13.2,0.0
2044-05-09,29.83729168346755,14.5,0.0
2044-05-10,27.846911124631436,16.595079454853938,0.0
2044-05-11,23.9,15.445896588842244,1.2
2044-05-12,25.661361422933005,14.6,0.0
2044-05-13,28.7,13.8,0.0
2044-05-14,29.7,15.1,0.0
2044-05-15,30.3,14.9,0.0
2044-05-16,30.5,14.7,0.0
2044-05-17,29.8,13.4,0.0
2044-05-18,29.1,13.2,0.0
2044-05-19,23.1,12.8,0.33529411764705885
2044-05-20,25.475304698079796,11.5,0.0
2044-05-21,24.0,9.9,0.0
2044-05-22,24.4,8.7,0.0
2044-05-23,24.2,10.0,0.0
2044-05-24,25.4,9.56654505272583,0.0
2044-05-25,25.6,10.8,0.0
2044-05-26,25.3,12.2,0.0
2044-05-27,24.2,9.0,0.0
2044-05-28,23.027896000662416,12.9,0.0
2044-05-29,23.143019440517723,15.079203172051058,0.0
2044-05-30,25.3,13.0,0.0
2044-05-31,26.5,12.5,0.0
2044-06-01,26.1,20.35908203125,0.0
2044-06-02,25.9,14.1,0.0
2044-06-03,26.5,12.0,0.0
2044-06-04,27.1,12.5,0.0
2044-06-05,27.3,12.498249083343637,0.0
2044-06-06,27.8,12.489916779961277,0.0
2044-06-07,28.0,12.4,0.0
2044-06-08,26.6,13.8,0.0
2044-06-09,25.4,11.5,0.0
2044-06-10,26.519523960863552,10.1,0.0
2044-06-11,27.5,10.7,0.0
2044-06-12,26.521428571428576,11.5,0.0
2044-06-13,23.0,13.0,0.0
2044-06-14,23.9,13.4,0.0
2044-06-15,25.4,11.7,0.0
2044-06-16,25.6,13.8,0.0
2044-06-17,25.4,11.6,0.0
2044-06-18,25.6,10.1,0.0
2044-06-19,25.1,10.9,0.0
2044-06-20,24.5,9.5,0.0
2044-06-21,23.5,9.2,0.0
2044-06-22,24.2,8.3,0.0
2044-06-23,25.4,6.5,0.0
2044-06-24,25.7,8.0,0.0
2044-06-25,25.7,11.247443519619505,0.0
2044-06-26,26.1,11.355385613644797,0.0
2044-06-27,27.0,11.3,0.0
2044-06-28,27.274406688435175,11.3,0.0
2044-06-29,26.563330003859168,11.0,0.0
2044-06-30,25.4,10.4,0.0
2044-07-01,26.9,8.962601876057203,0.0
2044-07-02,27.7,10.441980624327227,0.0
2044-07-03,28.900448603420134,12.0,0.0
2044-07-04,29.2,12.4,0.0
2044-07-05,26.1,14.52870638890647,0.0
2044-07-06,25.9,11.2,0.0
2044-07-07,25.7,12.2,0.0
2044-07-08,24.0,12.5,0.0
2044-07-09,23.5,10.7,0.0
2044-07-10,25.2,11.8,0.0
2044-07-11,25.1,8.602096878363826,0.0
2044-07-12,23.4,10.0,0.0
2044-07-13,22.9,9.0,0.0
2044-07-14,23.5,9.5,0.0
2044-07-15,23.994049234801327,10.4,0.0
2044-07-16,25.0,14.90904569243902,0.0
2044-07-17,24.617550640962907,9.5,0.0
2044-07-18,24.5,11.9,0.0
2044-07-19,24.7,10.887836383207754,0.0
2044-07-20,26.0,11.1,0.0
2044-07-21,28.5,12.1,0.0
2044-07-22,29.64404719521848,13.848984904999119,0.0
2044-07-23,31.220601752402924,14.3,0.0
2044-07-24,30.7,14.0,0.0
2044-07-25,25.4,15.561812604936407,0.0
2044-07-26,28.2,13.0,0.0
2044-07-27,29.563960187389128,9.9,0.0
2044-07-28,30.592106152317182,12.0,0.0
2044-07-29,31.22861946349899,12.2,0.0
2044-07-30,31.249236434888882,13.299855568121426,0.0
2044-07-31,29.2,15.2,0.0
2044-08-01,29.225734561256626,13.9,0.0
2044-08-02,27.6,14.955119548553343,0.0
2044-08-03,26.4,13.9,0.0
2044-08-04,25.1,14.1,0.0
2044-08-05,22.558335073823564,12.6,0.0
2044-08-06,23.7,10.6,0.0
2044-08-07,24.4,9.5,0.0
2044-08-08,26.419384033358764,9.0,0.0
2044-08-09,27.1,11.2,0.0
2044-08-10,26.5,12.4,0.0
2044-08-11,27.8,12.0,0.0
2044-08-12,29.492524699186816,13.2,0.0
2044-08-13,30.0,14.4,0.0
2044-08-14,29.8,14.6,0.0
2044-08-15,30.90945909580193,13.5,0.0
2044-08-16,31.5,15.135758880516684,0.0
2044-08-17,31.9,15.4,0.0
2044-08-18,32.1,15.3,0.0
2044-08-19,31.656348957823653,15.533703779128965,0.0
2044-08-20,32.1,13.9,0.0
2044-08-21,31.5,16.0,0.0
2044-08-22,31.9,13.6,0.0
2044-08-23,33.79234348414869,15.0,0.0
2044-08-24,35.31851363256341,15.3,0.0
2044-08-25,30.5,20.774745796302607,0.0
2044-08-26,29.8,16.608646321240503,0.0
2044-08-27,30.888124865446713,15.6,0.0
2044-08-28,29.2,17.2,0.0
2044-08-29,26.9,15.552644517499191,0.0
2044-08-30,27.8,13.8,0.0
2044-08-31,28.2,13.622445640473627,0.0
2044-09-01,26.2,11.8,0.0
2044-09-02,28.854454155410775,10.516466444197258,0.0
2044-09-03,32.4,13.5,0.0
2044-09-04,33.239200713505504,15.4,0.0
2044-09-05,33.4,17.6,0.0
2044-09-06,32.3,18.9,0.0
2044-09-07,32.5,17.6,0.0
2044-09-08,33.2,17.6,0.0
2044-09-09,33.33147478680014,17.9,0.0
2044-09-10,33.1,17.8,0.0
2044-09-11,34.9,15.7,0.0
2044-09-12,36.0,17.2,0.0
2044-09-13,35.3,20.5,0.0
2044-09-14,31.5,19.3,0.0
2044-09-15,30.640427272132438,17.0,0.0
2044-09-16,30.7,17.456687986651833,0.0
2044-09-17,30.7,16.7,0.0
2044-09-18,32.4,17.4,0.0
2044-09-19,33.9,18.8,0.0
2044-09-20,34.2,19.5,0.0
2044-09-21,32.9,20.3584955506118,0.0
2044-09-22,30.9,19.0,0.0
2044-09-23,32.0,17.2,0.0
2044-09-24,32.9,17.6,0.0
2044-09-25,32.0,18.6,0.0
2044-09-26,32.0,17.6,0.0
2044-09-27,32.0,18.0,0.0
2044-09-28,32.2,18.2,0.0
2044-09-29,33.0,18.6,0.0
2044-09-30,33.55858428556983,19.0,0.0
2044-10-01,30.9,16.5,0.0
2044-10-02,31.2,16.15625,0.0
2044-10-03,32.9,16.9,0.0
2044-10-04,34.2,17.779742352165,0.0
2044-10-05,34.0,19.6,0.0
2044-10-06,31.69318346809522,20.0,0.0
2044-10-07,31.7,18.9,0.0
2044-10-08,32.9,18.4,0.0
2044-10-09,34.0,19.5,0.0
2044-10-10,33.6,20.3,0.0
2044-10-11,33.0,20.1,0.0
2044-10-12,34.0,18.9,0.0
2044-10-13,34.5,19.9,0.0
2044-10-14,33.9,20.0,0.0
2044-10-15,34.3,19.4,0.0
2044-10-16,35.0,19.1,0.0
2044-10-17,35.5,19.6,0.0
2044-10-18,34.9,19.9,0.0
2044-10-19,34.4,18.1,0.0
2044-10-20,37.0,18.4,0.0
2044-10-21,38.18484688319806,19.9,0.0
2044-10-22,38.806005859375,21.6,0.0
2044-10-23,38.08770199106627,22.6,0.0
2044-10-24,35.80082100308331,21.852994771643846,0.0
2044-10-25,36.705183434831966,20.4,0.0
2044-10-26,37.47544207307282,21.6,0.0
2044-10-27,38.289722385154334,22.0,0.0
2044-10-28,38.5142578125,22.6,0.0
2044-10-29,38.71005859375,23.0,0.0
2044-10-30,38.13520332854203,23.31852783122965,0.0
2044-10-31,37.14011225588189,21.9,0.0
2044-11-01,38.8050519832921,20.0,0.0
2044-11-02,38.26723581757507,21.598791830279975,0.0
2044-11-03,34.4,21.7,0.0
2044-11-04,32.6,20.0,0.0
2044-11-05,33.2,19.6,0.0
2044-11-06,34.0,19.5,0.0
2044-11-07,35.2,19.6,0.0
2044-11-08,36.336665739710774,20.0,0.0
2044-11-09,37.64468672617815,20.5,0.0
2044-11-10,37.54114489626804,22.1,0.0
2044-11-11,35.5,21.7,0.0
2044-11-12,36.26623856686954,20.3,0.0
2044-11-13,36.8,20.3,0.0
2044-11-14,37.59737676144906,21.7,0.0
2044-11-15,37.34173499009739,23.322265248308245,0.0
2044-11-16,34.8,22.3,0.0
2044-11-17,37.398345858542,20.0,0.0
2044-11-18,37.4824107322827,20.5,0.0
2044-11-19,36.4,22.3,0.0
2044-11-20,36.3,22.3,0.0
2044-11-21,36.54993224198633,21.7,0.0
2044-11-22,37.42233158794324,21.9,0.0
2044-11-23,36.4,23.322437628500225,0.0
2044-11-24,36.0,24.011572265625,0.0
2044-11-25,34.6982501925216,23.075215039611443,0.0
2044-11-26,34.4,24.24130859375,0.0
2044-11-27,33.2,22.538850294876916,0.0
2044-11-28,32.3,21.7,0.0
2044-11-29,33.3,24.43662109375,0.0
2044-11-30,34.0,23.408662584051484,0.0
2044-12-01,32.83790558203905,21.013582807435252,0.0
2044-12-02,33.26714407115743,23.22671508789062,0.0
2044-12-03,32.1,21.169518583917593,0.0
2044-12-04,33.1,21.873437378784253,0.0
2044-12-05,32.4,20.392209647056244,0.0
2044-12-06,33.10863431668834,20.3,0.0
2044-12-07,33.07592068201168,19.9,0.0
2044-12-08,32.4,19.9,2.3
2044-12-09,29.026921073648385,19.6,17.349999999999984
2044-12-10,29.9,19.2,26.0
2044-12-11,29.0,19.2,23.1
2044-12-12,30.1,19.0,5.0
2044-12-13,28.0,19.404062014113148,57.37692307692307
2044-12-14,27.5,19.5,25.700000000000003
2044-12-15,28.1,19.0,25.9
2044-12-16,27.896431232922076,19.4,0.0
2044-12-17,27.6,19.5,7.0
2044-12-18,28.3,19.2,7.0
2044-12-19,28.7,19.0,15.9
2044-12-20,28.0,19.0,34.273684210526305
2044-12-21,29.6,19.0,26.652631578947364
2044-12-22,26.4,19.2,5.6
2044-12-23,26.3,19.0,3.3
2044-12-24,25.8,19.2,4.4
2044-12-25,27.9,19.2,1.6
2044-12-26,27.9,19.2,16.575
2044-12-27,29.5,19.0,0.3
2044-12-28,29.7,18.7,0.7
2044-12-29,30.2,18.9,0.9
2044-12-30,29.9,19.4,3.2
2044-12-31,31.6,19.0,10.771428571428562
2045-01-01,26.3,19.5,7.2
2045-01-02,27.6,18.9,11.59141791044776
2045-01-03,27.1,18.9,40.4619776119403
2045-01-04,26.2,19.175887337028612,20.934514925373136
2045-01-05,27.2,19.2,3.500186567164179
2045-01-06,27.989008541434956,17.8,0.9
2045-01-07,30.3,16.8,0.0
2045-01-08,29.2,18.9,1.9
2045-01-09,30.0,19.4,17.320522388059697
2045-01-10,28.5,19.0,15.5
2045-01-11,29.2,19.4,2.9
2045-01-12,29.8,19.5,8.627425373134324
2045-01-13,28.6,19.4,39.76082089552238
2045-01-14,25.1,19.2,0.0
2045-01-15,28.2,18.9,0.8
2045-01-16,27.2,17.0,2.481156716417909
2045-01-17,31.1,16.0,0.0
2045-01-18,31.8,17.4,0.0
2045-01-19,31.6,18.4,0.6139925373134324
2045-01-20,31.7,18.8,0.0
2045-01-21,31.487375980083247,19.4,0.0
2045-01-22,31.7,19.2,0.6
2045-01-23,31.7,18.942381745435338,0.6
2045-01-24,29.875962707038443,19.2,0.0
2045-01-25,30.1,19.26163405351375,0.8
2045-01-26,25.8,19.0,14.2
2045-01-27,26.5,19.3,0.6
2045-01-28,26.9,18.8,0.0
2045-01-29,28.6,19.194103207307688,10.984141791044776
2045-01-30,25.9,19.0,5.9874067164179126
2045-01-31,23.93014947336867,18.9,34.532649253731336
2045-02-01,27.8,18.6,5.4
2045-02-02,26.5,18.4,0.6
2045-02-03,27.6,17.4,0.0
2045-02-04,28.3,18.0,0.0
2045-02-05,28.2,17.4,0.0
2045-02-06,27.2,18.7,0.0
2045-02-07,28.8,19.1,0.0
2045-02-08,30.6,18.2,0.0
2045-02-09,32.385490472019164,19.0,1.0
2045-02-10,30.7,19.674464007847703,1.4
2045-02-11,30.0,19.0,3.6941451990632346
2045-02-12,30.0,19.0,5.4
2045-02-13,30.9,19.921080650709097,0.0
2045-02-14,29.840661662854746,19.88438321544798,0.0
2045-02-15,31.73776025590089,19.9,0.0
2045-02-16,32.37932349182184,19.84331646575095,0.0
2045-02-17,34.1314211661832,19.9,0.0
2045-02-18,34.58525834352792,19.1,0.0
2045-02-19,29.6,20.349119126080367,0.0
2045-02-20,30.4,19.2,0.0
2045-02-21,30.5,17.8,0.0
2045-02-22,32.67932913332198,16.6,0.0
2045-02-23,32.9,17.2,0.0
2045-02-24,31.967795028538205,19.568965592177946,0.0
2045-02-25,32.0,19.957052269747056,3.6
2045-02-26,32.782859779307145,18.9,1.4
2045-02-27,32.32059034708557,19.88089492010692,2.0
2045-02-28,32.7860048444769,19.84538607638392,1.4
2045-03-01,32.47773851590106,19.60326823806742,0.0
2045-03-02,32.5,20.123986836418915,3.8
2045-03-03,33.60763052208836,19.9,28.37487091222034
2045-03-04,26.41063829787234,19.1,8.917196056955097
2045-03-05,24.9,19.35878554825126,21.682271944922554
2045-03-06,27.2,19.22767903647447,4.555640744797373
2045-03-07,25.0,19.0,10.25742971887551
2045-03-08,26.7,18.9,9.0
2045-03-09,27.9,19.0,36.570408463120785
2045-03-10,29.6,18.9,12.307469879518079
2045-03-11,30.9,18.8,1.8
2045-03-12,30.4,19.2,4.5876232201533425
2045-03-13,23.0,18.4,52.96953528399316
2045-03-14,22.0,18.0,24.82060875079267
2045-03-15,28.1,17.3,0.0
2045-03-16,28.0,17.4,0.0
2045-03-17,27.3,17.2,0.0
2045-03-18,28.7,19.115493625383905,4.243975903614459
2045-03-19,30.2,18.6,0.0
2045-03-20,28.9,19.4,0.0
2045-03-21,29.1,18.6,0.0
2045-03-22,29.8,17.4,0.0
2045-03-23,27.56818181818182,19.4,0.0
2045-03-24,24.2,19.0,19.351539491298574
2045-03-25,25.5,19.0,0.0
2045-03-26,28.1,18.4,2.6
2045-03-27,20.627728613569325,18.0,4.958519793459553
2045-03-28,17.473388671875,17.5,3.8
2045-03-29,20.376941457586618,16.721452542265556,1.4
2045-03-30,26.5,15.6,0.0
2045-03-31,27.5,16.5,0.0
2045-04-01,25.7,15.5,0.0
2045-04-02,22.320170454545455,15.2,9.4
2045-04-03,24.7,15.9,0.0
2045-04-04,25.2,15.5,0.0
2045-04-05,25.2,14.7,0.0
2045-04-06,25.7,14.343548387096776,0.0
2045-04-07,25.7,14.0,0.0
2045-04-08,26.8,12.7,0.0
2045-04-09,27.6,12.0,0.0
2045-04-10,27.9,13.2,0.0
2045-04-11,30.0,14.5,0.0
2045-04-12,32.0,14.7,0.0
2045-04-13,33.462318840579705,15.2,0.0
2045-04-14,28.880555555555553,17.8,0.0
2045-04-15,25.1,16.9,1.0
2045-04-16,24.3172,13.6,0.0
2045-04-17,23.6,11.185633802816906,0.0
2045-04-18,24.6,9.6,0.0
2045-04-19,25.0,11.263896103896103,0.0
2045-04-20,22.0,11.8,0.0
2045-04-21,22.372869318181817,11.9,0.0
2045-04-22,21.9,12.6,0.0
2045-04-23,23.164503816793893,11.5,0.0
2045-04-24,23.27173913043478,13.4,0.0
2045-04-25,25.6,11.4,0.0
2045-04-26,25.5,13.2,0.0
2045-04-27,25.7,13.2,0.0
2045-04-28,26.2,11.9,0.0
2045-04-29,25.061206896551724,12.2,0.0
2045-04-30,25.2,13.0,0.0
2045-05-01,26.1,13.1,0.0
2045-05-02,26.7,12.2,0.0
2045-05-03,27.9,12.6,0.0
2045-05-04,28.6,13.0,0.0
2045-05-05,28.69340987920105,9.8,0.0
2045-05-06,26.2,8.8,0.0
2045-05-07,24.7,13.0,0.0
2045-05-08,25.5,16.946567211159888,0.0
2045-05-09,25.9,16.633843936436104,0.0
2045-05-10,25.0,15.0,0.0
2045-05-11,25.2,12.9,0.0
2045-05-12,24.7,11.6,0.0
2045-05-13,25.0,9.6,0.0
2045-05-14,27.2,8.9,0.0
2045-05-15,28.4,10.439589745144703,0.0
2045-05-16,26.7,12.4,0.0
2045-05-17,26.261811173999096,10.4,0.0
2045-05-18,25.9,11.0,0.0
2045-05-19,25.9,10.0,0.0
2045-05-20,26.0,8.0,0.0
2045-05-21,27.6,6.29801704125436,0.0
2045-05-22,28.8,6.967969860064584,0.0
2045-05-23,29.0,11.4,0.0
2045-05-24,29.3,12.7,0.0
2045-05-25,29.6,14.3,0.0
2045-05-26,28.5,17.0,0.0
2045-05-27,23.9,16.766855055944202,0.0
2045-05-28,25.4,15.3,0.0
2045-05-29,26.1,14.013470705828055,0.0
2045-05-30,25.4,12.758978373617762,0.0
2045-05-31,24.9,10.8,0.0
2045-06-01,26.7,11.6,0.0
2045-06-02,28.805512863262766,12.6,0.0
2045-06-03,30.64128574070445,14.0,0.0
2045-06-04,31.38371884302045,14.445328142380436,0.0
2045-06-05,30.683201351377456,17.12058926879889,0.0
2045-06-06,27.6,16.324014226070833,0.0
2045-06-07,26.47480533926585,13.0,0.0
2045-06-08,26.4,11.0,0.0
2045-06-09,26.6,10.1,0.0
2045-06-10,25.5,12.0,0.0
2045-06-11,25.7,10.8,0.0
2045-06-12,25.6,13.5,0.0
2045-06-13,25.5,11.329555473159479,0.0
2045-06-14,25.4,11.8,0.0
2045-06-15,26.3,11.0,0.0
2045-06-16,27.0,9.4,0.0
2045-06-17,26.2,11.9,0.0
2045-06-18,26.2,10.9,0.0
2045-06-19,26.7,9.4,0.0
2045-06-20,26.2,11.5,0.0
2045-06-21,25.8,10.2,0.0
2045-06-22,23.4,11.3,0.0
2045-06-23,22.3,12.4,0.0
2045-06-24,20.0,8.1,0.0
2045-06-25,25.2,3.3,0.0
2045-06-26,20.8,9.9,0.0
2045-06-27,24.8,6.970333704115687,0.0
2045-06-28,25.6,5.2,0.0
2045-06-29,25.2,9.239727902797984,0.0
2045-06-30,25.0,9.0,0.0
2045-07-01,23.7,11.2,0.0
2045-07-02,23.7,9.5,0.0
2045-07-03,23.4,11.0,0.0
2045-07-04,25.9,9.0,0.0
2045-07-05,27.6,7.204618381259925,0.0
2045-07-06,26.4,8.4,0.0
2045-07-07,16.0,11.7,0.0
2045-07-08,21.5,9.3,0.0
2045-07-09,22.5,6.3,0.0
2045-07-10,22.5,5.0,0.0
2045-07-11,22.1,4.990833816345119,0.0
2045-07-12,23.7,4.392370828848224,0.0
2045-07-13,26.0,6.4,0.0
2045-07-14,27.6,6.202291250192219,0.0
2045-07-15,26.7,11.0,0.0
2045-07-16,25.7,11.2,0.0
2045-07-17,27.6,8.3,0.0
2045-07-18,28.53779174072312,5.006524937208467,0.0
2045-07-19,24.0,13.3,0.0
2045-07-20,21.7,10.2,0.0
2045-07-21,26.1,7.7,0.0
2045-07-22,29.2,9.0,0.0
2045-07-23,30.1424283414462,10.2,0.0
2045-07-24,31.14942334307242,10.7,0.0
2045-07-25,30.541396314045485,11.5,0.0
2045-07-26,27.7,15.037818661555823,0.0
2045-07-27,26.9,12.2,0.0
2045-07-28,29.1,8.4,0.0
2045-07-29,28.6,10.9,0.0
2045-07-30,26.3,13.1,0.0
2045-07-31,26.4,11.1,0.0
2045-08-01,26.9,11.3,0.0
2045-08-02,29.4,11.410469415453738,0.0
2045-08-03,31.86644747359557,11.2,0.0
2045-08-04,30.0,12.3,0.0
2045-08-05,24.1,13.8,0.0
2045-08-06,23.7,9.9,0.0
2045-08-07,28.4,5.4592674482879,0.0
2045-08-08,30.89606386795837,7.7,0.0
2045-08-09,28.5,13.2,0.0
2045-08-10,25.2,13.5,0.0
2045-08-11,27.2,12.0,0.0
2045-08-12,30.5,11.9,0.0
2045-08-13,31.9,12.5,0.0
2045-08-14,30.83705776820954,15.753440663952196,0.0
2045-08-15,30.7,13.8,0.0
2045-08-16,32.1,13.2,0.0
2045-08-17,29.215006179484103,16.9,0.0
2045-08-18,28.2,14.89282571336846,0.0
2045-08-19,30.7,14.4,0.0
2045-08-20,32.5,14.962442509051762,0.0
2045-08-21,33.187849917840545,16.3,0.0
2045-08-22,34.8399285166826,17.517477436449447,0.0
2045-08-23,32.94832942864982,20.095382325624787,0.0
2045-08-24,33.11964982292166,18.312372691893685,0.0
2045-08-25,34.59609873255473,18.145494964099264,0.0
2045-08-26,31.4,25.618408203125,0.0
2045-08-27,31.4,17.621185386964257,0.0
2045-08-28,32.5,17.0,0.0
2045-08-29,33.001971337512394,16.9,0.0
2045-08-30,33.25369931826336,17.0,0.0
2045-08-31,35.39730320791121,17.427464798930316,0.0
2045-09-01,33.2,15.6,0.0
2045-09-02,34.79447312537589,12.6,0.0
2045-09-03,33.2,15.4,0.0
2045-09-04,30.5,17.7,0.0
2045-09-05,32.0,16.5,0.0
2045-09-06,32.8,17.0,0.0
2045-09-07,32.2,17.7,0.0
2045-09-08,30.8,16.9,0.0
2045-09-09,31.5,15.6,0.0
2045-09-10,31.9,17.3,0.0
2045-09-11,31.9,17.3,0.0
2045-09-12,31.7,17.7,0.0
2045-09-13,32.7,17.9,0.0
2045-09-14,34.0,18.4,0.0
2045-09-15,33.88575961594754,19.978597250913722,0.0
2045-09-16,32.7,20.118879024856522,0.0
2045-09-17,32.5,17.6,0.0
2045-09-18,33.53935349041022,16.2,0.0
2045-09-19,36.0,16.922298678117812,0.0
2045-09-20,34.0,20.5,0.0
2045-09-21,33.0,19.5,0.0
2045-09-22,32.0,19.6,0.0
2045-09-23,28.9,17.6,0.0
2045-09-24,30.6,15.7,0.0
2045-09-25,33.1,16.3,0.0
2045-09-26,33.4,17.9,0.0
2045-09-27,33.0,17.4,0.0
2045-09-28,34.0,17.0,0.0
2045-09-29,34.9,17.9,0.0
2045-09-30,34.7,19.49208843159066,0.0
2045-10-01,30.741523143164688,18.9,0.0
2045-10-02,30.6,18.4,0.0
2045-10-03,31.5,18.88538995987865,0.0
2045-10-04,34.3,19.993933261571573,0.0
2045-10-05,34.5,21.9,0.0
2045-10-06,30.2,19.3,0.0
2045-10-07,31.1,17.8,0.0
2045-10-08,33.5,17.3,0.0
2045-10-09,36.0,17.9,0.0
2045-10-10,36.4756412062737,19.7,0.0
2045-10-11,28.8,21.1,0.0
2045-10-12,30.2,18.9,0.0
2045-10-13,31.368063546267763,17.711426678810955,0.0
2045-10-14,33.2,18.9,0.0
2045-10-15,33.5,22.0,0.0
2045-10-16,32.5,21.4,0.0
2045-10-17,34.2,20.7,0.0
2045-10-18,34.9,18.7,0.0
2045-10-19,35.5,19.2,0.0
2045-10-20,35.8,19.5,0.0
2045-10-21,35.1,20.3,0.0
2045-10-22,35.6,20.6,0.0
2045-10-23,36.7,21.3,3.3
2045-10-24,31.3,20.3,85.9
2045-10-25,20.74885723583748,19.4,85.9
2045-10-26,25.9,18.5,29.036421052631603
2045-10-27,26.828057819467936,17.9,2.5
2045-10-28,26.6,18.7,2.7
2045-10-29,30.1,18.448613066158806,20.396
2045-10-30,19.803295610834123,17.5,85.9
2045-10-31,12.8693359375,16.26999910297811,85.9
2045-11-01,24.7,17.6,0.0
2045-11-02,26.665284360838807,17.8,12.174999999999999
2045-11-03,27.5,17.4,23.264999999999993
2045-11-04,27.0,17.9,2.5
2045-11-05,29.4,17.9,0.0
2045-11-06,29.6,17.5,0.0
2045-11-07,29.95862670234194,17.2,0.0
2045-11-08,30.7,16.5,0.0
2045-11-09,31.9,18.0,0.0
2045-11-10,27.9,19.0,0.1
2045-11-11,30.6,19.4,0.0
2045-11-12,30.1,18.1,0.0
2045-11-13,30.4,16.5,0.0
2045-11-14,31.6,17.2,0.0
2045-11-15,30.0,18.5,4.4333333333333345
2045-11-16,29.0,17.8,0.0
2045-11-17,29.26297215696548,16.9,0.0
2045-11-18,29.4,16.0,0.0
2045-11-19,28.014428152492666,18.0,0.0
2045-11-20,30.2,17.4,0.0
2045-11-21,29.3,17.5,0.0
2045-11-22,28.8,16.5,0.0
2045-11-23,30.0,16.1,0.0
2045-11-24,31.5,15.5,0.0
2045-11-25,33.7,15.967126661498186,0.0
2045-11-26,32.9,17.8,0.0
2045-11-27,31.2,19.1,0.0
2045-11-28,31.5,18.4,0.0
2045-11-29,31.9,17.9,0.0
2045-11-30,31.6,18.0,0.0
2045-12-01,31.2,19.0,0.0
2045-12-02,31.8,18.3,0.0
2045-12-03,34.12121536035246,18.0,0.0
2045-12-04,33.7,19.2,0.0
2045-12-05,32.4,20.30124105515779,0.0
2045-12-06,32.0,20.2,0.0
2045-12-07,32.0,19.9,0.0
2045-12-08,33.1,20.1,0.0
2045-12-09,34.14505332064986,19.769353394698655,0.0
2045-12-10,34.18491588855233,20.2474793058554,0.0
2045-12-11,33.1,20.69413063311486,0.0
2045-12-12,30.0,19.4,7.0
2045-12-13,28.6,18.9,0.0
2045-12-14,30.0,18.7,0.0
2045-12-15,31.4,19.4,0.0
2045-12-16,31.6,20.2,0.2
2045-12-17,30.7,19.4,5.6
2045-12-18,30.0,19.0,27.6
2045-12-19,24.042518837459635,18.8,28.35
2045-12-20,26.9,18.9,9.4
2045-12-21,28.3,19.0,27.321428571428573
2045-12-22,28.0,19.0,7.9
2045-12-23,27.7,19.032530543327766,12.2
2045-12-24,25.6,19.0,10.325000000000003
2045-12-25,29.5,18.9,0.0
2045-12-26,24.4,17.5,2.8
2045-12-27,29.7,17.5,9.9
2045-12-28,27.2,19.058592253379796,20.366666666666667
2045-12-29,25.4,19.0,1.2
2045-12-30,28.3,18.9,15.4
2045-12-31,30.0,18.2,7.6
2046-01-01,30.485169482216985,18.9,1.0
2046-01-02,30.8,18.4,0.0
2046-01-03,31.1,17.6,0.0
2046-01-04,31.1,19.64389642519431,3.5
2046-01-05,30.99024439828293,19.5,9.671828358208954
2046-01-06,30.9,19.0,3.9
2046-01-07,25.536386680093056,19.471045280645157,5.5
2046-01-08,26.4,16.9,0.0
2046-01-09,29.2,15.9,0.0
2046-01-10,29.8,17.0,0.0
2046-01-11,28.0,18.2,0.0
2046-01-12,31.2,16.8,0.0
2046-01-13,31.586069126804677,17.9,0.0
2046-01-14,31.2,19.32847204930873,0.6
2046-01-15,30.9,19.0,13.387873134328357
2046-01-16,26.8,19.0,23.187499999999993
2046-01-17,24.9,18.6,0.6642723880597012
2046-01-18,27.0,18.5,0.0
2046-01-19,28.5,17.9,0.0
2046-01-20,29.3,17.3,0.0
2046-01-21,30.5,18.9,0.0
2046-01-22,30.7,18.9,0.0
2046-01-23,29.5,18.9,0.0
2046-01-24,29.801906316191534,18.9,0.0
2046-01-25,29.92960104099955,19.8,0.0
2046-01-26,30.9,19.663793492676128,0.0
2046-01-27,31.48326578084222,19.8,0.0
2046-01-28,31.7,19.3,0.6
2046-01-29,31.1,18.9,1.2
2046-01-30,30.4,18.7,11.423818407960198
2046-01-31,29.9,19.2,35.046828358208955
2046-02-01,24.7,18.8,125.0
2046-02-02,24.5,18.6,19.650175644028103
2046-02-03,21.91869480061066,17.6,22.632435597189705
2046-02-04,25.0,16.9,0.4
2046-02-05,27.0,17.6,0.4
2046-02-06,30.3,16.4,0.0
2046-02-07,30.5,16.9,0.0
2046-02-08,28.8,18.6,0.0
2046-02-09,29.98864861796923,18.2,0.0
2046-02-10,30.6,18.6,0.0
2046-02-11,31.37439934759425,18.6,0.0
2046-02-12,31.0,18.6,0.0
2046-02-13,31.076458995796088,18.4,0.0
2046-02-14,30.0,18.9,0.0
2046-02-15,26.9,18.4,2.4
2046-02-16,28.9,18.6,5.6
2046-02-17,29.572994835121168,18.6,0.0
2046-02-18,30.5,18.0,1.3
2046-02-19,28.6,18.6,0.0
2046-02-20,28.1,18.5,0.0
2046-02-21,29.0,18.71060038117612,1.4
2046-02-22,30.0,19.0,0.2
2046-02-23,28.457217680337084,18.9,11.880093676815
2046-02-24,29.9,18.9,0.0
2046-02-25,30.4,17.9,0.0
2046-02-26,31.758259629391926,17.0,0.0
2046-02-27,31.70042806352699,18.7,1.6
2046-02-28,30.6,18.77701139497792,10.4
2046-03-01,29.5,19.09362516445401,12.917590361445786
2046-03-02,29.8,19.028900225165486,17.843674698795187
2046-03-03,29.0,18.7,9.0
2046-03-04,27.2,19.1,8.96516976998905
2046-03-05,30.0,19.0,8.96516976998905
2046-03-06,29.7,18.6,37.73597246127373
2046-03-07,29.3,18.8,17.843674698795187
2046-03-08,23.04018691588785,18.688910942837406,9.846184738955825
2046-03-09,24.2,18.5,2.053012048192772
2046-03-10,23.517488789237667,18.6,2.6
2046-03-11,25.6,19.0,0.0
2046-03-12,26.7,18.4,0.0
2046-03-13,28.2,17.8,0.0
2046-03-14,27.5,18.0,0.0
2046-03-15,24.9,18.1,0.0
2046-03-16,24.0,18.2,0.5072289156626507
2046-03-17,24.2,16.9,0.0
2046-03-18,25.0,16.2,0.0
2046-03-19,26.474468085106384,15.6,0.0
2046-03-20,27.0,14.4,0.0
2046-03-21,25.6,14.7,0.0
2046-03-22,24.4,16.0,0.0
2046-03-23,26.5,16.1,0.0
2046-03-24,26.4,17.7,0.0
2046-03-25,28.7,16.5,0.0
2046-03-26,30.0,15.6,0.0
2046-03-27,29.8,14.7,0.0
2046-03-28,27.5,17.4,0.0
2046-03-29,28.1,16.393732177591446,0.0
2046-03-30,28.6,16.7,0.0
2046-03-31,27.7,17.0,0.0
2046-04-01,27.3,17.0,0.0
2046-04-02,26.8,15.8,0.0
2046-04-03,26.93606557377049,15.5,0.0
2046-04-04,27.4,15.0,0.0
2046-04-05,27.6,15.0,0.0
2046-04-06,28.2,15.9,0.0
2046-04-07,28.6,15.2,0.0
2046-04-08,28.509090909090904,18.4,0.0
2046-04-09,29.4,18.8,0.0
2046-04-10,29.9,19.0,0.0
2046-04-11,31.0,18.208692767086923,0.0
2046-04-12,29.9,18.4,0.0
2046-04-13,28.2,17.3,0.0
2046-04-14,27.5,15.9,0.0
2046-04-15,27.9,15.2,0.0
2046-04-16,29.0,15.0,0.0
2046-04-17,28.0,15.9,0.0
2046-04-18,27.9,14.7,0.0
2046-04-19,29.1,12.6,0.0
2046-04-20,28.2,18.4,0.0
2046-04-21,29.9,18.5,0.0
2046-04-22,29.0,17.8,0.0
2046-04-23,27.9,19.4,0.0
2046-04-24,29.6,18.72338983050847,0.0
2046-04-25,31.1,16.6,0.0
2046-04-26,31.7,15.4,0.0
2046-04-27,31.6,16.80727272727273,0.0
2046-04-28,31.68202247191011,17.0,0.0
2046-04-29,32.0,17.6,0.0
2046-04-30,32.3642,17.7,0.0
2046-05-01,33.8,17.57955574248461,0.0
2046-05-02,31.448187171531686,17.954507898641356,0.0
2046-05-03,30.7,17.2,0.0
2046-05-04,30.8,16.9,0.0
2046-05-05,30.73722673451413,16.5,0.0
2046-05-06,30.899347774854924,16.824696098126186,0.0
2046-05-07,30.9,15.0,0.0
2046-05-08,30.7,14.5,0.0
2046-05-09,30.2,17.2,0.0
2046-05-10,30.144824104327615,17.8,0.0
2046-05-11,30.738408846266744,18.72686953471764,0.0
2046-05-12,31.9,18.292661519477626,0.0
2046-05-13,30.7,17.2,0.0
2046-05-14,28.7,15.9,0.0
2046-05-15,27.0,16.2,0.0
2046-05-16,26.1,16.8,0.0
2046-05-17,26.0,13.9,0.0
2046-05-18,26.0,11.2,0.0
2046-05-19,26.4,10.2,0.0
2046-05-20,27.529694686368526,9.9,0.0
2046-05-21,28.2,9.6,0.0
2046-05-22,28.6,8.4,0.0
2046-05-23,28.8,10.1,0.0
2046-05-24,27.6,15.3,0.0
2046-05-25,28.1,17.40037635633637,0.0
2046-05-26,25.8,17.4172607963459,0.0
2046-05-27,24.2,16.9,0.0
2046-05-28,23.9,16.2,0.0
2046-05-29,25.5,16.5,0.0
2046-05-30,26.5,13.7,0.0
2046-05-31,26.5,12.9,0.0
2046-06-01,28.0,13.29674759394497,0.0
2046-06-02,28.5,14.005899523588734,0.0
2046-06-03,27.0,14.0,0.0
2046-06-04,26.7,12.9,0.0
2046-06-05,26.8,12.7,0.0
2046-06-06,27.7,12.642857142857142,0.0
2046-06-07,28.9,12.6,0.0
2046-06-08,29.9,12.2,0.0
2046-06-09,28.0,14.209169138549013,0.0
2046-06-10,26.3,13.541985940850658,0.0
2046-06-11,25.7,13.3,0.0
2046-06-12,25.0,14.503439439460259,0.0
2046-06-13,25.5,12.5,0.0
2046-06-14,25.5,11.7,0.0
2046-06-15,25.45378429736745,11.4,0.0
2046-06-16,25.2,11.2,0.0
2046-06-17,25.0,10.0,0.0
2046-06-18,25.4,9.9,0.0
2046-06-19,25.705311457174634,9.7,0.0
2046-06-20,26.5,10.4,0.0
2046-06-21,25.6,12.2,0.0
2046-06-22,25.0,11.0,0.0
2046-06-23,25.4,9.0,0.0
2046-06-24,26.6,9.535828698553956,0.0
2046-06-25,27.226840575549893,7.0,0.0
2046-06-26,25.4,12.4,0.0
2046-06-27,24.9,9.7,0.0
2046-06-28,25.9,7.9,0.0
2046-06-29,25.4,6.9,0.0
2046-06-30,23.5,10.0,0.0
2046-07-01,25.2,10.0,0.0
2046-07-02,25.8,10.0,0.0
2046-07-03,26.0,10.5,0.0
2046-07-04,27.2,8.4,0.0
2046-07-05,28.2,9.0,0.0
2046-07-06,29.0,10.087076552903188,0.0
2046-07-07,29.58433420761381,9.5,0.0
2046-07-08,29.98960084950396,8.4,0.0
2046-07-09,29.2,13.5,0.0
2046-07-10,27.1,14.2,0.0
2046-07-11,25.5,15.931563783974,0.0
2046-07-12,22.5,14.2,0.0
2046-07-13,26.2,11.6,0.0
2046-07-14,27.2,11.9,0.0
2046-07-15,28.6,13.0,0.0
2046-07-16,28.911753576065593,14.2,0.0
2046-07-17,28.586263465758787,14.2,0.0
2046-07-18,28.820444638651146,13.5,0.0
2046-07-19,29.0,12.2,0.0
2046-07-20,26.2,13.5,0.0
2046-07-21,26.703413809011213,11.5,0.0
2046-07-22,27.9,12.1,0.0
2046-07-23,27.6,11.2,0.0
2046-07-24,26.0,12.5,0.0
2046-07-25,26.6,10.7,0.0
2046-07-26,27.4,11.9,0.0
2046-07-27,28.3,12.4,0.0
2046-07-28,29.039576264596203,12.125468245425193,0.0
2046-07-29,29.2,12.0,0.0
2046-07-30,29.2,12.9,0.0
2046-07-31,29.1,13.5,0.0
2046-08-01,28.6,14.5,0.0
2046-08-02,29.80111679224973,13.3,0.0
2046-08-03,31.13598798258439,11.1,0.0
2046-08-04,31.6,11.5,0.0
2046-08-05,28.0,17.684653673209194,0.0
2046-08-06,20.9,15.539581939312827,0.0
2046-08-07,23.4,11.8,0.0
2046-08-08,24.7,10.7,0.0
2046-08-09,27.4,12.0,0.0
2046-08-10,29.0,13.8,0.0
2046-08-11,30.245425188374593,15.17144986337667,0.0
2046-08-12,31.1,15.44247697643822,0.0
2046-08-13,31.9,15.724021466123764,0.0
2046-08-14,32.71170781754574,16.7,0.0
2046-08-15,36.85921915674339,16.0,0.0
2046-08-16,36.95739835414932,18.0,0.0
2046-08-17,32.1,20.66223974383362,0.0
2046-08-18,30.7,18.327863569871102,0.0
2046-08-19,30.7,17.4,0.0
2046-08-20,31.0,16.0,0.0
2046-08-21,32.1,15.8,0.0
2046-08-22,32.96000443234344,16.83116553837017,0.0
2046-08-23,32.5,18.70658676887,0.0
2046-08-24,32.5,18.2,0.0
2046-08-25,32.5,17.137698839851687,0.0
2046-08-26,36.77335083048573,15.7,0.0
2046-08-27,35.625977639486244,14.5,0.0
2046-08-28,31.896401965277246,25.7060546875,0.0
2046-08-29,29.005092190701056,18.687747252370524,0.0
2046-08-30,28.0,15.4,0.0
2046-08-31,29.7,15.0,0.0
2046-09-01,27.8,16.195782448334406,0.0
2046-09-02,26.7,14.9,0.0
2046-09-03,28.536729425012705,13.5,0.0
2046-09-04,30.7,12.7,0.0
2046-09-05,26.3,16.4,0.0
2046-09-06,27.2,12.6,0.0
2046-09-07,29.6,12.577850633257226,0.0
2046-09-08,29.4,16.3,0.0
2046-09-09,30.0,14.6,0.0
2046-09-10,30.6,15.6,0.0
2046-09-11,32.2983631683783,15.8,0.0
2046-09-12,33.4,15.4,0.0
2046-09-13,32.5,18.8,0.0
2046-09-14,30.9,17.7,0.0
2046-09-15,31.3,17.0,0.0
2046-09-16,32.8,17.5,0.0
2046-09-17,33.57555263424006,18.6,0.0
2046-09-18,34.6,18.8,0.0
2046-09-19,32.74205683082213,20.102555860546367,0.0
2046-09-20,22.015693798478548,17.9,3.1362318840579717
2046-09-21,27.0,15.0,0.0
2046-09-22,29.2,13.4,0.0
2046-09-23,31.9,15.2,0.0
2046-09-24,32.7,18.1,0.0
2046-09-25,32.6,18.9,0.0
2046-09-26,33.4,18.7,0.0
2046-09-27,36.00175425372362,18.5,0.0
2046-09-28,41.7783203125,18.3,0.0
2046-09-29,36.00961514482703,20.093647960099045,0.0
2046-09-30,30.64591703199634,19.6,0.0
2046-10-01,19.84139287207656,14.640409041980623,0.0
2046-10-02,20.438083009814694,13.2,0.0
2046-10-03,25.46739106481442,13.392934030447487,0.0
2046-10-04,27.4,13.9,0.0
2046-10-05,32.8,14.507432234073782,0.0
2046-10-06,34.8,15.6,0.0
2046-10-07,35.2,19.5,0.0
2046-10-08,34.9,20.4,0.0
2046-10-09,31.1,19.8,0.0
2046-10-10,28.9,18.0,0.0
2046-10-11,31.85358262741611,16.0,0.0
2046-10-12,30.8,18.0,0.0
2046-10-13,31.6,17.0,0.0
2046-10-14,32.0,18.0,0.0
2046-10-15,33.0,18.0,0.0
2046-10-16,33.0,18.5,0.0
2046-10-17,31.68884271659949,18.9,0.0
2046-10-18,33.2,18.5,0.0
2046-10-19,34.4,18.9,0.0
2046-10-20,37.411987707768404,19.9,0.0
2046-10-21,38.182145826753334,23.41929806994266,0.0
2046-10-22,38.11396743649404,24.647900390625,0.0
2046-10-23,34.7,22.66092716662286,0.0
2046-10-24,33.4,20.7,0.0
2046-10-25,34.6,20.6,0.0
2046-10-26,36.76775003339278,20.7,0.0
2046-10-27,34.5,21.887109795479,0.0
2046-10-28,31.4,20.2,0.0
2046-10-29,33.655435952637234,19.2,0.0
2046-10-30,37.7241406976044,19.6,0.0
2046-10-31,38.34430235331275,22.0,0.0
2046-11-01,35.7,21.9,0.0
2046-11-02,32.6,19.9,0.0
2046-11-03,33.6,18.6,0.0
2046-11-04,35.9,18.0,0.0
2046-11-05,36.4,18.6,0.0
2046-11-06,36.4,20.1,0.0
2046-11-07,36.54525775935897,20.1,0.0
2046-11-08,35.6,20.88101502753384,0.0
2046-11-09,37.351056458395504,20.4,0.0
2046-11-10,37.450035833998996,21.1,0.0
2046-11-11,36.2,20.0,0.0
2046-11-12,36.4,19.7,0.0
2046-11-13,37.805640750258895,20.0,0.0
2046-11-14,36.63077329448322,20.2,0.0
2046-11-15,32.4,19.9,0.0
2046-11-16,33.6,19.9,0.0
2046-11-17,35.2,19.8,0.0
2046-11-18,35.7,19.1,0.0
2046-11-19,37.2,19.5,0.0
2046-11-20,36.5977769465253,20.7,0.0
2046-11-21,36.60355130741794,20.5,0.0
2046-11-22,37.40323394557638,21.0,0.0
2046-11-23,38.67815721171669,20.87154893965409,0.0
2046-11-24,38.25869113830176,21.5,0.0
2046-11-25,40.0703125,23.220974294271176,0.0
2046-11-26,37.75035480035286,20.0,0.8
2046-11-27,33.6,19.4,0.7
2046-11-28,34.0,19.6,0.0
2046-11-29,32.7,19.0,0.0
2046-11-30,34.0,20.4,0.0
2046-12-01,33.7,24.22769165039062,0.0
2046-12-02,33.887397532499755,24.25894165039062,0.0
2046-12-03,32.4,20.3,4.0
2046-12-04,31.8,19.9,3.9
2046-12-05,26.3,19.0,30.050000000000004
2046-12-06,26.2,17.9,0.0
2046-12-07,29.9,19.0,0.0
2046-12-08,30.0,18.4,0.0
2046-12-09,28.2,19.978721583236528,0.6
2046-12-10,26.0,19.882489644584066,0.3
2046-12-11,30.790689203735482,19.2,0.0
2046-12-12,31.0,18.3,0.0
2046-12-13,31.8,17.9,0.0
2046-12-14,32.4,17.8,0.0
2046-12-15,33.1,19.4,0.0
2046-12-16,31.860716217280576,20.263445806848637,1.4
2046-12-17,31.2,20.007897694185218,3.4
2046-12-18,29.9,19.9,4.425000000000001
2046-12-19,29.8,19.4,39.333333333333314
2046-12-20,29.9,19.4,4.5
2046-12-21,27.0,19.2,47.95
2046-12-22,25.0,19.0,70.41426024955432
2046-12-23,27.8,19.363322065001427,0.0
2046-12-24,29.9,18.4,0.0
2046-12-25,29.9,18.9,2.7
2046-12-26,30.2,18.6,2.2
2046-12-27,30.6,17.6,1.1
2046-12-28,31.0,19.127283072740866,2.3
2046-12-29,30.6,18.9,0.0
2046-12-30,31.0,19.4,0.0
2046-12-31,31.0,19.023732738124536,0.0
2047-01-01,31.2,19.4,0.0
2047-01-02,31.0,19.648636792368666,5.6
2047-01-03,29.3,19.0,32.26697761194029
2047-01-04,28.1,19.0,18.43992537313433
2047-01-05,29.5,19.0,36.53681592039794
2047-01-06,26.0,18.8,11.9
2047-01-07,25.5,18.9,52.1
2047-01-08,24.9,18.8,70.6
2047-01-09,25.0,18.5,0.8
2047-01-10,26.1,18.4,0.0
2047-01-11,29.4,17.4,0.0
2047-01-12,29.9,17.7,0.0
2047-01-13,31.1,19.5,1.3
2047-01-14,30.2,18.5,12.885074626865672
2047-01-15,29.2,18.0,0.9
2047-01-16,29.9,17.9,1.0
2047-01-17,29.4,18.0,0.0
2047-01-18,29.4,17.4,0.0
2047-01-19,28.76707539663967,17.4,0.0
2047-01-20,29.6,17.2,0.0
2047-01-21,28.6,16.8,0.0
2047-01-22,29.6,17.9,0.0
2047-01-23,31.2,17.5,0.0
2047-01-24,31.8,18.4,0.0
2047-01-25,30.6,19.4,2.8
2047-01-26,27.0,18.9,1.4
2047-01-27,26.290458949016536,19.0,0.0
2047-01-28,27.2,19.2,0.6
2047-01-29,25.7,19.2,1.0
2047-01-30,29.7,19.4,13.697388059701492
2047-01-31,29.2,19.0,7.4
2047-02-01,30.9,18.1,0.0
2047-02-02,30.9,19.5,0.0
2047-02-03,32.36298833594207,19.7,0.0
2047-02-04,32.897135862237164,19.102448114724627,0.0
2047-02-05,32.0,20.02506471032322,0.0
2047-02-06,30.4,19.0,1.3
2047-02-07,31.9,18.8,0.0
2047-02-08,32.7,19.46820995715191,0.0
2047-02-09,31.9,19.35814103748327,0.0
2047-02-10,31.74980155455721,19.712757865316735,0.0
2047-02-11,31.0,19.0,4.8
2047-02-12,31.0,19.0,13.388992974238878
2047-02-13,27.6,18.8,21.18618266978923
2047-02-14,25.7,18.8,1.3
2047-02-15,28.9,17.9,2.209836065573771
2047-02-16,30.5,18.6,9.9
2047-02-17,28.9,19.0,1.0339578454332554
2047-02-18,31.0,18.9,1.0
2047-02-19,31.0,18.5,0.0
2047-02-20,30.9,19.63357713183326,4.125058548009369
2047-02-21,29.56649503377036,19.0,16.4
2047-02-22,30.4,18.9,10.355035128805621
2047-02-23,29.8,19.0,29.2
2047-02-24,29.0,19.0,23.070762973006307
2047-02-25,28.3,19.0,15.661486054928687
2047-02-26,28.1,18.8,0.0
2047-02-27,27.5,18.4,0.0
2047-02-28,28.364229829339262,18.9,1.0339578454332554
2047-03-01,28.7,19.0,0.0
2047-03-02,29.8695652173913,18.5,0.0
2047-03-03,23.6,18.3,5.118072289156631
2047-03-04,25.0,18.3,2.6
2047-03-05,29.7,18.6,0.0
2047-03-06,31.420833333333327,18.4,0.0
2047-03-07,31.3,18.3,0.0
2047-03-08,31.9,17.4,0.0
2047-03-09,31.876190476190473,17.5,0.0
2047-03-10,31.1,18.138950364788883,0.0
2047-03-11,30.5,17.0,0.0
2047-03-12,30.26238532110092,19.4,0.0
2047-03-13,31.18387096774193,18.7,0.0
2047-03-14,32.47049469964664,17.4,0.0
2047-03-15,33.0,18.9,0.0
2047-03-16,32.6,20.35497976615982,0.0
2047-03-17,33.118489583333336,20.199640491570793,0.0
2047-03-18,33.67550200803213,19.3,0.0
2047-03-19,32.9,19.9,0.0
2047-03-20,30.606382978723403,19.9,0.0
2047-03-21,25.9,18.5,0.6
2047-03-22,28.7,18.87263258953243,0.0
2047-03-23,29.4,17.4,0.0
2047-03-24,30.2,16.7,0.0
2047-03-25,30.4,18.1,0.0
2047-03-26,30.6,19.973241129782334,0.0
2047-03-27,32.083673469387755,19.9,0.0
2047-03-28,32.42579505300353,19.719404810829943,0.0
2047-03-29,32.0,18.9,0.0
2047-03-30,30.8,18.6,0.0
2047-03-31,30.9,18.0,0.0
2047-04-01,32.0,17.4,0.0
2047-04-02,32.82356134636265,16.7,0.0
2047-04-03,32.612459016393444,18.0,0.0
2047-04-04,31.7,17.6,0.0
2047-04-05,31.5,17.5,0.0
2047-04-06,32.3,16.7,0.0
2047-04-07,32.48546511627907,17.6,0.0
2047-04-08,31.0,17.3,0.0
2047-04-09,30.315789473684212,16.8,0.0
2047-04-10,30.6,18.0,0.0
2047-04-11,29.0,18.0,0.0
2047-04-12,30.8,17.6,0.0
2047-04-13,30.7,17.4,0.0
2047-04-14,30.7,16.7,0.0
2047-04-15,31.4,16.7,0.0
2047-04-16,32.0892523364486,16.7,0.0
2047-04-17,32.0,17.5,0.0
2047-04-18,31.1,18.0,0.0
2047-04-19,31.0,18.4,0.0
2047-04-20,29.9,17.5,0.0
2047-04-21,27.2,17.5,10.392121212121216
2047-04-22,23.0,16.7,3.38242424242424
2047-04-23,28.2,15.4,0.0
2047-04-24,27.5,14.9,0.0
2047-04-25,27.1,13.9,0.0
2047-04-26,28.4,14.1,0.0
2047-04-27,28.9,15.2,0.0
2047-04-28,28.5,15.5,0.0
2047-04-29,28.5,16.2,0.0
2047-04-30,28.9,16.0,0.0
2047-05-01,30.8,15.2,0.0
2047-05-02,30.907227713083458,16.5,0.0
2047-05-03,30.9,16.7,0.0
2047-05-04,31.0,16.5,0.0
2047-05-05,31.77936893684745,17.12792449996242,0.0
2047-05-06,31.947754767604387,17.497257106406707,0.0
2047-05-07,31.003759745931347,16.77246911681786,0.0
2047-05-08,31.0,14.9,0.0
2047-05-09,30.8,12.6,0.0
2047-05-10,30.7,12.6,0.0
2047-05-11,30.6,15.9,0.0
2047-05-12,30.6,15.3,0.0
2047-05-13,30.8,14.1,0.0
2047-05-14,30.2,16.988555807668153,0.0
2047-05-15,27.0,17.674952595106646,0.0
2047-05-16,29.0,16.5,0.0
2047-05-17,29.1,16.501147504570522,0.0
2047-05-18,29.3,16.7,0.0
2047-05-19,29.2,16.2,0.0
2047-05-20,29.764325658326552,16.2,0.0
2047-05-21,29.8,16.7,0.0
2047-05-22,27.6,15.2,0.0
2047-05-23,27.0,12.9,0.0
2047-05-24,28.6,12.9,0.0
2047-05-25,29.11843353334256,13.2,0.0
2047-05-26,29.6,13.2,0.0
2047-05-27,29.1,15.0,0.0
2047-05-28,27.9,13.8,0.0
2047-05-29,28.0,13.6,0.0
2047-05-30,28.5,13.7,0.0
2047-05-31,29.0,13.9,0.0
2047-06-01,28.0,16.754798289326768,0.0
2047-06-02,27.9,18.84308858027077,0.0
2047-06-03,28.0,16.46407696744666,0.0
2047-06-04,29.0,14.0,0.0
2047-06-05,28.0,12.9,0.0
2047-06-06,26.3,13.0,0.0
2047-06-07,25.5,11.9,0.0
2047-06-08,25.4,13.7,0.0
2047-06-09,23.7,12.0,0.0
2047-06-10,25.0,10.9,0.0
2047-06-11,23.9,13.0,0.0
2047-06-12,25.0,11.3,0.0
2047-06-13,25.3,9.6,0.0
2047-06-14,27.0,10.5,0.0
2047-06-15,29.0,10.15900062118083,0.0
2047-06-16,30.5,13.0,0.0
2047-06-17,30.4,16.48336559720566,0.0
2047-06-18,27.6,15.542413514019962,0.0
2047-06-19,26.6,14.059348640317898,0.0
2047-06-20,26.6,13.0,0.0
2047-06-21,26.6,12.860256104666567,0.0
2047-06-22,26.7,12.3,0.0
2047-06-23,26.2,12.3,0.0
2047-06-24,25.6,12.0,0.0
2047-06-25,25.9,11.0,0.0
2047-06-26,26.6,10.7,0.0
2047-06-27,27.182922620575564,11.0,0.0
2047-06-28,27.614158588908314,11.6,0.0
2047-06-29,29.0,11.7,0.0
2047-06-30,29.161557791485492,12.092891407119026,0.0
2047-07-01,31.810009765625,15.0,0.0
2047-07-02,29.2,15.732958342524862,0.0
2047-07-03,25.3,15.3,0.0
2047-07-04,26.6,14.4,0.0
2047-07-05,26.7,15.2,0.0
2047-07-06,26.7,14.4,0.0
2047-07-07,28.5,13.8,0.0
2047-07-08,29.2,13.9,0.0
2047-07-09,29.7,15.0,0.0
2047-07-10,27.0,15.848174170048743,0.0
2047-07-11,22.0,13.628376531488493,0.0
2047-07-12,26.0,15.3,0.0
2047-07-13,27.3,13.6,0.0
2047-07-14,28.2,12.7,0.0
2047-07-15,28.5,13.0,0.0
2047-07-16,28.6,12.7,0.0
2047-07-17,29.0,11.6,0.0
2047-07-18,29.0,12.8,0.0
2047-07-19,29.029462973801497,13.3,0.0
2047-07-20,29.0,14.2,0.0
2047-07-21,28.2,12.7,0.0
2047-07-22,28.89728471474703,11.6,0.0
2047-07-23,29.2,12.1,0.0
2047-07-24,30.61453208502031,12.9,0.0
2047-07-25,31.26261455854633,13.8,0.0
2047-07-26,30.602355993909875,11.0,0.0
2047-07-27,28.2,15.444771417716698,0.0
2047-07-28,25.7,15.0,0.0
2047-07-29,22.3,11.1,0.0
2047-07-30,24.2,8.0,0.0
2047-07-31,25.9,10.149085037674924,0.0
2047-08-01,25.0,11.9,0.0
2047-08-02,25.5,11.8,0.0
2047-08-03,25.6,12.0,0.0
2047-08-04,25.7,12.1,0.0
2047-08-05,29.4,11.4,0.0
2047-08-06,30.5,9.8,0.0
2047-08-07,28.6,14.9,0.0
2047-08-08,21.01464388231073,15.1,0.0
2047-08-09,24.4,12.3,0.0
2047-08-10,26.043074046796217,9.9,0.0
2047-08-11,28.6,9.2,0.0
2047-08-12,29.8,11.0,0.0
2047-08-13,30.1,12.8,0.0
2047-08-14,31.2,12.3,0.0
2047-08-15,32.9243628604361,11.9,0.0
2047-08-16,30.87804018658055,18.3916501914838,0.0
2047-08-17,29.2,15.75659272086239,0.0
2047-08-18,30.0,16.0,0.0
2047-08-19,29.0,16.7,0.0
2047-08-20,30.0,14.5,0.0
2047-08-21,31.9,12.1,0.0
2047-08-22,33.18320235756385,13.0,0.0
2047-08-23,30.0,18.733061370009516,0.0
2047-08-24,28.9,16.0,0.0
2047-08-25,30.4,15.7,0.0
2047-08-26,32.70071601568505,17.26040807440645,0.0
2047-08-27,35.31943694789956,18.132416318781065,0.0
2047-08-28,35.15908785119608,18.3,0.0
2047-08-29,31.5,26.449951171875,0.0
2047-08-30,31.2,18.38105961514545,0.0
2047-08-31,33.152471550836296,18.0,0.0
2047-09-01,34.4,17.6,0.0
2047-09-02,35.66070131471382,18.2,0.0
2047-09-03,39.783447265625,18.9,0.0
2047-09-04,30.0,18.2,0.0
2047-09-05,29.4,15.5,0.0
2047-09-06,31.4,15.1,0.0
2047-09-07,32.9,15.1,0.0
2047-09-08,33.4,15.4,0.0
2047-09-09,33.78338810799878,15.3,0.0
2047-09-10,36.0,15.4,0.0
2047-09-11,39.912841796875,18.1,0.0
2047-09-12,39.3271484375,20.5,0.0
2047-09-13,35.1,21.2,0.0
2047-09-14,35.2,20.436363444206954,0.0
2047-09-15,36.16611844919907,20.4,0.0
2047-09-16,40.03564453125,20.5,0.0
2047-09-17,36.0,22.0016075106081,0.0
2047-09-18,35.2,21.11875920834471,0.0
2047-09-19,35.711973142849494,20.5,0.0
2047-09-20,36.1695189887099,20.567088362414857,0.0
2047-09-21,39.769775390625,21.479914322792517,0.0
2047-09-22,39.257080078125,21.567955921127112,0.0
2047-09-23,36.0,21.598527802139635,0.0
2047-09-24,36.0,20.5,0.0
2047-09-25,36.04225064886912,20.5,0.0
2047-09-26,34.6,21.586905819892117,0.0
2047-09-27,33.7,20.45188081769399,0.0
2047-09-28,34.0,20.43702847449925,0.0
2047-09-29,34.9,20.40357840886298,0.0
2047-09-30,39.62939453125,21.258530777896638,0.0
2047-10-01,38.0,20.0,0.0
2047-10-02,38.13846322425115,20.9,0.0
2047-10-03,35.6,21.6,0.0
2047-10-04,35.1,19.1,0.0
2047-10-05,38.12737957884014,17.6,0.0
2047-10-06,36.94442130387981,21.0,0.0
2047-10-07,35.5,21.0,0.0
2047-10-08,36.0,20.2,0.0
2047-10-09,37.35465613209865,21.4,0.0
2047-10-10,35.2,22.1,0.0
2047-10-11,35.51351198232394,21.3,0.0
2047-10-12,35.37442125877026,21.6,0.0
2047-10-13,33.2,20.2,0.0
2047-10-14,34.0,19.4,0.0
2047-10-15,34.0,19.6,0.0
2047-10-16,33.6,19.4,0.0
2047-10-17,35.2,19.13198642046865,0.0
2047-10-18,36.870316311314305,19.6,0.0
2047-10-19,36.7,21.3,0.0
2047-10-20,36.7,22.0,0.0
2047-10-21,35.0,21.9,0.0
2047-10-22,34.6,20.24107335076117,0.0
2047-10-23,35.677068408745036,19.6,0.0
2047-10-24,36.82836235075694,20.3,0.0
2047-10-25,38.17497405619327,21.2,0.0
2047-10-26,38.972509765625,21.9,0.0
2047-10-27,38.30769838149317,22.64063887158846,0.0
2047-10-28,37.54462502717577,22.1,0.0
2047-10-29,38.07205449166249,22.1,0.0
2047-10-30,38.36591080487034,22.14275115477373,0.0
2047-10-31,38.704931640625,23.14230355220665,0.0
2047-11-01,34.61399845982716,21.7,0.0
2047-11-02,35.5,20.9,0.0
2047-11-03,37.2,21.3,0.0
2047-11-04,37.485695142253505,22.1,0.0
2047-11-05,37.46880389097505,22.1,0.0
2047-11-06,39.209229530011235,21.9,0.0
2047-11-07,37.812840780944335,23.332119649283015,0.0
2047-11-08,36.4,22.022383678341793,0.0
2047-11-09,34.664190981432355,21.5,0.0
2047-11-10,35.2,20.87640334369499,0.0
2047-11-11,36.76784285703762,20.5,0.0
2047-11-12,38.33326288468669,20.883442229554294,0.0
2047-11-13,39.620849609375,21.9,0.0
2047-11-14,35.7,23.0,0.0
2047-11-15,32.6,19.7,0.0
2047-11-16,33.5,20.0,0.0
2047-11-17,34.5,20.0,0.0
2047-11-18,37.13629489869193,20.5,0.0
2047-11-19,36.4,23.0,0.0
2047-11-20,36.855690196580255,23.2,0.0
2047-11-21,36.0,23.2,0.0
2047-11-22,36.0,23.2,0.0
2047-11-23,34.4,21.4,0.0
2047-11-24,32.0,20.4,0.0
2047-11-25,37.2,20.2,0.0
2047-11-26,38.36511123470521,20.2,0.0
2047-11-27,37.483349135131505,21.5,0.0
2047-11-28,35.1,18.5,0.1
2047-11-29,31.0,19.6,1.3
2047-11-30,32.71332591768631,18.712935483870965,2.8
2047-12-01,31.6,19.7,2.4
2047-12-02,30.0,19.2,12.4
2047-12-03,29.24861373752654,19.0,4.3
2047-12-04,30.8,19.4,0.0
2047-12-05,31.6,19.74917727303958,0.0
2047-12-06,30.9,20.037472855078406,6.7
2047-12-07,31.0,19.6,0.0
2047-12-08,31.6,19.5,0.0
2047-12-09,31.8,19.4,1.0
2047-12-10,28.0,19.0,0.0
2047-12-11,30.9,19.0,0.0
2047-12-12,31.8,18.9,0.0
2047-12-13,32.4,19.5,0.0
2047-12-14,32.1,20.1,0.0
2047-12-15,33.1,22.264381121817937,0.0
2047-12-16,33.7,20.33943708204056,0.0
2047-12-17,33.7,20.0,0.0
2047-12-18,33.7,19.9,0.0
2047-12-19,32.526268014073835,20.370789048710392,0.0
2047-12-20,32.1,20.3,1.3
2047-12-21,32.450802502126486,20.187123324387315,0.0
2047-12-22,33.15919422717932,19.9,0.0
2047-12-23,34.10274252120321,20.37915281870089,0.0
2047-12-24,33.22516710649675,22.532635073155028,0.0
2047-12-25,31.6,20.0,9.9
2047-12-26,30.9,19.8,2.4
2047-12-27,31.0,19.4,0.0
2047-12-28,30.59937881979336,19.9,4.0
2047-12-29,30.0,19.9,0.2
2047-12-30,31.244940796555426,19.2,0.0
2047-12-31,31.8,19.4,0.0
2048-01-01,32.0,21.866345214843747,0.0
2048-01-02,31.8,19.8,1.0
2048-01-03,30.4,19.5,2.1
2048-01-04,31.1,19.6,3.4
2048-01-05,31.2,19.6,1.0
2048-01-06,31.2,19.8,2.7
2048-01-07,30.9,19.620859904013688,9.792500000000002
2048-01-08,31.2,19.8,5.5
2048-01-09,30.932364163879136,19.5,29.182611940298504
2048-01-10,29.5,19.7,22.197434701492543
2048-01-11,30.7,19.6,4.768936567164179
2048-01-12,29.996898121022987,19.4,16.415485074626865
2048-01-13,31.1,18.9,1.1
2048-01-14,30.9,19.041409290386675,2.4
2048-01-15,28.5,19.1,2.0
2048-01-16,29.1,19.0,2.7
2048-01-17,30.4,19.5,3.9
2048-01-18,30.9,19.2,7.051119402985072
2048-01-19,31.6,19.273814008918954,3.4
2048-01-20,29.0,19.8,8.160634328358206
2048-01-21,28.3,19.5,34.70040422885571
2048-01-22,28.0,19.3,10.647823383084576
2048-01-23,28.6,19.0,8.627425373134324
2048-01-24,29.6,19.2,41.19264925373134
2048-01-25,28.1,19.4,36.53681592039794
2048-01-26,27.0,19.6,35.046828358208955
2048-01-27,27.7,19.697818554897733,0.0
2048-01-28,31.10950201754755,19.5,13.932773631840796
2048-01-29,30.226329386437026,18.9,12.2
2048-01-30,29.5,19.4,20.031156716417915
2048-01-31,27.9,19.4,43.554701492537305
2048-02-01,30.0,19.0,54.04153005464476
2048-02-02,29.731896004366565,18.8,38.82020438577822
2048-02-03,26.9,18.9,9.6
2048-02-04,26.8,18.9,7.8899297423887615
2048-02-05,28.0,19.1,6.694894613583139
2048-02-06,28.0,18.9,1.8447306791569091
2048-02-07,29.5,19.126779381686006,2.7
2048-02-08,29.9,18.817891412326137,0.0
2048-02-09,30.0,19.0,0.0
2048-02-10,30.6,18.9,0.0
2048-02-11,31.0,18.9,0.9030444964871194
2048-02-12,26.8,18.8,2.0
2048-02-13,27.5,16.9,0.6
2048-02-14,28.5,15.3,0.0
2048-02-15,31.2,14.2,0.0
2048-02-16,32.0,16.8,0.0
2048-02-17,31.8,19.95056794913996,0.0
2048-02-18,30.34623444299692,19.0,0.0
2048-02-19,31.0,18.4,0.0
2048-02-20,30.9,18.7,0.0
2048-02-21,31.0,18.2,0.0
2048-02-22,31.9,19.0,7.0
2048-02-23,31.6,19.349051032053627,8.813114754098361
2048-02-24,31.0,19.2,9.2
2048-02-25,31.0,19.153346030064338,30.6754098360656
2048-02-26,27.3,19.0,49.92377049180328
2048-02-27,29.7,19.0,33.93072306791579
2048-02-28,29.0,19.1,20.422014051522247
2048-03-01,27.9,19.164752471336442,19.63819723337798
2048-03-02,28.8,19.0,3.4
2048-03-03,30.1,18.8,0.0
2048-03-04,28.9,19.4,3.4238837703756233
2048-03-05,30.7,18.7,9.445301204819291
2048-03-06,29.9,18.5,12.307469879518079
2048-03-07,30.7,18.541937908999255,1.6
2048-03-08,30.9,18.8,12.63614457831327
2048-03-09,27.9,18.9,2.6
2048-03-10,29.9,18.484549652923544,0.0
2048-03-11,30.2394495412844,18.3,1.5
2048-03-12,29.2,19.2,17.876656626506033
2048-03-13,29.5,18.2,0.0
2048-03-14,30.0,17.2,0.0
2048-03-15,30.8,16.7,0.0
2048-03-16,31.8,18.7,0.0
2048-03-17,30.0,19.0,0.0
2048-03-18,30.7,18.6,4.5876232201533425
2048-03-19,30.146464646464644,18.7,0.0
2048-03-20,30.2,18.3,0.0
2048-03-21,30.3,18.5,0.0
2048-03-22,30.8,18.0,0.0
2048-03-23,29.916842105263154,17.9,4.5876232201533425
2048-03-24,28.6,18.4,6.931153184165235
2048-03-25,25.5,19.3,2.5
2048-03-26,27.0,19.4,5.118072289156631
2048-03-27,28.8,19.0,13.251204819277115
2048-03-28,28.2,18.8,25.311540900443884
2048-03-29,28.1,18.5,2.0
2048-03-30,29.8,18.2,0.0
2048-03-31,28.9,18.8,1.2373493975903618
2048-04-01,29.9,19.4,0.0
2048-04-02,30.2,19.0,0.0
2048-04-03,30.0,19.2,0.0
2048-04-04,28.6,18.2,0.0
2048-04-05,28.6,17.6,0.0
2048-04-06,27.5,17.3,0.0
2048-04-07,28.5,17.7,0.0
2048-04-08,27.6,19.0,0.0
2048-04-09,28.6,15.8,0.0
2048-04-10,29.5,15.1,0.0
2048-04-11,31.1,19.0,0.0
2048-04-12,31.5,19.7,0.0
2048-04-13,28.5,19.636883749239196,0.0
2048-04-14,27.6,18.0,0.0
2048-04-15,26.3,19.0,0.0
2048-04-16,26.7,14.7,0.0
2048-04-17,26.8,13.6,0.0
2048-04-18,28.0,11.3,0.0
2048-04-19,28.9,12.0,0.0
2048-04-20,31.0,15.9,0.0
2048-04-21,32.81617806731814,15.2,0.0
2048-04-22,34.034466971877045,15.9,0.0
2048-04-23,32.0,18.874901960784314,0.0
2048-04-24,30.7,17.0,0.0
2048-04-25,27.6,17.8,0.0
2048-04-26,27.3,16.6,0.0
2048-04-27,29.0,15.5,0.0
2048-04-28,30.606000000000005,15.8,0.0
2048-04-29,32.2,17.0,0.0
2048-04-30,31.7,19.234037108125396,0.0
2048-05-01,29.1,16.99722813783416,0.0
2048-05-02,29.0,15.1,0.0
2048-05-03,30.0,15.0,0.0
2048-05-04,30.8,14.7,0.0
2048-05-05,31.0,14.1,0.0
2048-05-06,30.615858977062132,15.2,0.0
2048-05-07,30.7,14.4,0.0
2048-05-08,30.8,14.7,0.0
2048-05-09,28.7,15.9,0.0
2048-05-10,28.8,13.8,0.0
2048-05-11,31.0,13.6,0.0
2048-05-12,31.989724145687067,13.9,0.0
2048-05-13,32.22629612719827,14.524303121636146,0.0
2048-05-14,31.748256915873643,16.5,0.0
2048-05-15,27.6,16.7,0.0
2048-05-16,26.9,16.9,0.0
2048-05-17,28.7,14.0,0.0
2048-05-18,28.2,14.5,0.0
2048-05-19,26.7,12.8,0.0
2048-05-20,26.7,12.6,0.0
2048-05-21,26.6,12.9,0.0
2048-05-22,28.5,12.9,0.0
2048-05-23,29.6,13.9,0.0
2048-05-24,29.8,14.5,0.0
2048-05-25,28.9,14.6,0.0
2048-05-26,28.8,13.7,0.0
2048-05-27,29.3,12.1,0.0
2048-05-28,30.2,11.2,0.0
2048-05-29,30.7,12.9,0.0
2048-05-30,29.8,14.7,0.0
2048-05-31,27.9,15.2,0.0
2048-06-01,26.9,15.621732630042978,0.0
2048-06-02,27.08707037951774,15.4,0.0
2048-06-03,28.0,14.069261021965858,0.0
2048-06-04,28.6,17.216164014197222,0.0
2048-06-05,29.65723975148541,22.45625,0.0
2048-06-06,30.4,22.55927734375,0.0
2048-06-07,30.1,22.760693359375,0.0
2048-06-08,28.417412320879418,17.04732623999183,0.0
2048-06-09,27.02256828574961,15.346213960361473,0.0
2048-06-10,27.7,14.0,0.0
2048-06-11,28.751268508360425,12.18454835857506,0.0
2048-06-12,29.95567039692185,11.3,0.0
2048-06-13,29.6,12.39885650723026,0.0
2048-06-14,28.6,12.5,0.0
2048-06-15,28.6,12.1,0.0
2048-06-16,28.76920758635963,12.4,0.0
2048-06-17,29.291470780205746,11.8,0.0
2048-06-18,28.0,14.5,0.0
2048-06-19,27.4,13.2,0.0
2048-06-20,27.2,11.7,0.0
2048-06-21,27.5,11.6,0.0
2048-06-22,27.7,11.7,0.0
2048-06-23,28.0,11.6,0.0
2048-06-24,28.567760747235493,12.415229042370317,0.0
2048-06-25,28.5,13.4,0.0
2048-06-26,27.8,13.8,0.0
2048-06-27,28.6,12.9,0.0
2048-06-28,29.9,11.4,0.0
2048-06-29,29.2,11.5,0.0
2048-06-30,26.6,13.7,0.0
2048-07-01,27.6,13.0,0.0
2048-07-02,28.1,12.1,0.0
2048-07-03,27.7,13.8,0.0
2048-07-04,27.7,13.5,0.0
2048-07-05,28.3,12.7,0.0
2048-07-06,28.8524773790619,12.0,0.0
2048-07-07,28.9,14.164477933261555,0.0
2048-07-08,30.0,12.9,0.0
2048-07-09,31.2206475678949,13.4,0.0
2048-07-10,29.1,15.80154506640418,0.0
2048-07-11,26.7,15.3,0.0
2048-07-12,26.6,14.2,0.0
2048-07-13,26.6,13.892256062812638,0.0
2048-07-14,27.387567276641537,13.0,0.0
2048-07-15,28.6,13.0,0.0
2048-07-16,29.2,14.0,0.0
2048-07-17,29.1,14.4,0.0
2048-07-18,28.6,13.6,0.0
2048-07-19,28.2,12.9,0.0
2048-07-20,28.2,12.2,0.0
2048-07-21,28.6,11.2,0.0
2048-07-22,29.5,9.2,0.0
2048-07-23,28.6,12.842066738428413,0.0
2048-07-24,24.2,15.872845653458587,0.0
2048-07-25,25.2,15.0,0.0
2048-07-26,25.8,12.0,0.0
2048-07-27,25.0,12.4,0.0
2048-07-28,25.0,11.664846993695207,0.0
2048-07-29,26.2,11.9,0.0
2048-07-30,26.47209903121635,12.4,0.0
2048-07-31,26.9,12.2,0.0
2048-08-01,27.8,13.25187082884822,0.0
2048-08-02,28.0,14.6,0.0
2048-08-03,28.1,15.0,0.0
2048-08-04,27.2,15.1,0.0
2048-08-05,27.385646185277125,14.2,0.0
2048-08-06,28.9,14.0,0.0
2048-08-07,30.2,14.6,0.0
2048-08-08,31.2,15.4,0.0
2048-08-09,32.5,15.6,0.0
2048-08-10,32.5,14.3,0.0
2048-08-11,28.9,18.772191302563094,0.0
2048-08-12,27.0,15.7,0.0
2048-08-13,26.7,14.6,0.0
2048-08-14,27.0,14.1,0.0
2048-08-15,27.446149982059556,14.3,0.0
2048-08-16,28.7,14.244399417463432,0.0
2048-08-17,28.3,15.658158095040779,0.0
2048-08-18,27.7,14.9,0.0
2048-08-19,28.9,14.5,0.0
2048-08-20,30.242242042134393,15.0,0.0
2048-08-21,31.5,16.9,0.0
2048-08-22,31.9,18.82316980242227,0.0
2048-08-23,29.80111679224973,18.94025628461893,0.0
2048-08-24,28.2,17.225652810198238,0.0
2048-08-25,28.2,15.6,0.0
2048-08-26,30.0,14.6,0.0
2048-08-27,31.9,14.9,0.0
2048-08-28,33.01396188184638,17.2,0.0
2048-08-29,31.9,23.574415640434907,0.0
2048-08-30,31.128782353035685,18.46633809460457,0.0
2048-08-31,31.0,17.588832846378594,0.0
2048-09-01,28.2,16.3,0.0
2048-09-02,30.1,14.1,0.0
2048-09-03,32.8,13.9797588718648,0.0
2048-09-04,34.5,16.4,0.0
2048-09-05,33.4,20.1,0.0
2048-09-06,32.6,18.3,0.0
2048-09-07,33.0,18.3,0.0
2048-09-08,33.42931635751435,19.0,0.0
2048-09-09,33.2,19.0,0.0
2048-09-10,33.1,18.397382276603633,0.0
2048-09-11,33.0,18.8,0.0
2048-09-12,33.2,17.7,0.0
2048-09-13,32.6,18.0,0.0
2048-09-14,32.5,18.0,0.0
2048-09-15,32.9,18.3,0.0
2048-09-16,33.7,18.7,0.0
2048-09-17,33.550100111234705,19.654493596874023,0.0
2048-09-18,33.4,19.6,0.0
2048-09-19,33.70066740823137,19.5,0.0
2048-09-20,34.945370576360574,20.127927735506713,0.0
2048-09-21,35.2,20.41108898942193,0.0
2048-09-22,32.02419884527782,20.4,0.0
2048-09-23,32.1,18.6,0.0
2048-09-24,33.709151582566484,18.9,0.0
2048-09-25,35.2344038595856,19.5,0.0
2048-09-26,36.0,20.5,0.0
2048-09-27,36.0,21.461915752953015,0.0
2048-09-28,33.15060211829569,20.5,0.0
2048-09-29,32.2,19.3,0.0
2048-09-30,33.3,18.9,0.0
2048-10-01,33.5,16.0,0.0
2048-10-02,35.2,17.8,0.0
2048-10-03,35.5,19.5,0.0
2048-10-04,37.2,19.4,0.0
2048-10-05,36.70746269829421,21.9,0.0
2048-10-06,34.4,21.6,0.0
2048-10-07,35.2,21.6,0.0
2048-10-08,35.826129791465206,21.7,0.0
2048-10-09,36.0,21.9,0.0
2048-10-10,38.0,21.2,0.0
2048-10-11,38.6685546875,21.6,0.0
2048-10-12,38.226480408397386,22.81834288540423,0.0
2048-10-13,37.2,21.76835130318163,0.0
2048-10-14,38.398696041716335,21.6,0.0
2048-10-15,38.067490637669714,22.967792229162235,0.0
2048-10-16,34.7,22.0,0.0
2048-10-17,35.5,21.4,0.0
2048-10-18,35.75707750269106,21.7,0.0
2048-10-19,35.8,21.0,0.0
2048-10-20,37.2,20.88516765846821,0.0
2048-10-21,38.06031886710966,21.9,0.0
2048-10-22,37.2,22.12680301399353,0.0
2048-10-23,37.50628607258493,21.9,0.0
2048-10-24,36.76604700132784,22.0,0.0
2048-10-25,35.6,21.9,0.0
2048-10-26,36.0,21.4,0.0
2048-10-27,37.0,22.0,0.0
2048-10-28,36.81252259013834,22.964522841491085,0.0
2048-10-29,37.04368774541761,23.0,0.0
2048-10-30,37.2,22.989934900207736,0.0
2048-10-31,36.81509119996839,23.378474335637556,0.0
2048-11-01,34.2,22.1,0.0
2048-11-02,34.0,19.5,0.8
2048-11-03,33.781362007168454,18.9,0.0
2048-11-04,33.7,19.9,0.1
2048-11-05,35.56380291827521,19.4,0.0
2048-11-06,36.4,20.5,0.0
2048-11-07,36.0,20.0,0.0
2048-11-08,37.35128381128083,19.9,0.0
2048-11-09,37.790983544934974,21.7,0.0
2048-11-10,37.487102746526716,23.329735056627314,0.0
2048-11-11,36.8,26.20029296875,0.0
2048-11-12,36.8,26.037451171875,0.0
2048-11-13,39.687255859375,24.5669921875,0.0
2048-11-14,39.96875,23.2,0.0
2048-11-15,37.2,24.4791015625,0.0
2048-11-16,32.9,20.0,7.979999999999996
2048-11-17,32.0,18.9,5.3
2048-11-18,28.9,18.8,22.2375
2048-11-19,29.0,18.5,34.5
2048-11-20,23.278740915352117,16.5,89.61551724137932
2048-11-21,21.636171803142446,16.4,90.5
2048-11-22,27.095841057965643,17.40422015166831,0.0
2048-11-23,28.2,18.7,0.0
2048-11-24,29.6,19.4,0.0
2048-11-25,27.1,18.3,5.0
2048-11-26,29.0,18.2,8.850000000000001
2048-11-27,26.0,18.6,1.4
2048-11-28,23.2,17.4,4.0
2048-11-29,25.4,18.0,2.5
2048-11-30,27.910360718258378,18.4,6.7
2048-12-01,29.6,19.4,9.374999999999998
2048-12-02,28.0,19.3,13.5
2048-12-03,28.6,19.0,25.166666666666664
2048-12-04,29.0,19.5,50.600000000000044
2048-12-05,31.0,19.2,1.3
2048-12-06,29.9,19.2,43.1
2048-12-07,24.2,18.1,15.0
2048-12-08,22.28366485641529,17.5,2.9
2048-12-09,21.9,15.7,47.9875
2048-12-10,19.12646484375,15.4,4.4
2048-12-11,23.7,16.9,0.0
2048-12-12,26.3,17.2,0.0
2048-12-13,27.8,18.0,0.0
2048-12-14,29.0,17.2,0.0
2048-12-15,30.4,17.7,0.0
2048-12-16,30.8,18.5,0.0
2048-12-17,30.1,18.3,0.0
2048-12-18,29.4,19.109488515079104,0.0
2048-12-19,30.5,18.3,0.0
2048-12-20,31.2,17.6,0.0
2048-12-21,31.2,18.5,0.3
2048-12-22,26.0,19.3873681607722,0.0
2048-12-23,26.792043725177212,19.2,0.0
2048-12-24,28.2,18.1,0.0
2048-12-25,29.4,17.2,0.0
2048-12-26,30.7,17.0,0.0
2048-12-27,30.9,18.0,0.0
2048-12-28,31.0,18.7,0.0
2048-12-29,30.7,19.2,0.0
2048-12-30,30.8,18.5,0.0
2048-12-31,31.2,18.4,0.0
2049-01-01,30.9,19.682713379205335,2.0
2049-01-02,29.380755706439235,18.9,1.9
2049-01-03,31.1,17.8,0.0
2049-01-04,31.2,18.4,0.0
2049-01-05,31.8,17.7,0.0
2049-01-06,31.7,19.680956532599055,1.7
2049-01-07,30.8,19.527817625680743,14.3
2049-01-08,28.0,19.4,40.26423650975889
2049-01-09,24.989909500458477,19.25029409503305,13.498134328358208
2049-01-10,29.4,19.6,5.2
2049-01-11,28.5,19.3,10.056529850746266
2049-01-12,27.2,18.91730862968905,10.782462686567163
2049-01-13,28.9,19.4,0.8
2049-01-14,29.2,19.3,0.0
2049-01-15,29.4,18.8,0.0
2049-01-16,29.4,17.9,0.0
2049-01-17,29.1,19.3,1.7621268656716405
2049-01-18,31.25289549968434,19.3,1.0
2049-01-19,31.0,19.61137916966499,8.898072139303482
2049-01-20,31.9,19.5,3.8
2049-01-21,27.2,19.6,40.98094527363183
2049-01-22,25.0,19.2,19.0
2049-01-23,24.0,18.9,12.885074626865672
2049-01-24,28.6,17.5,29.29134328358208
2049-01-25,28.0,19.3,1.8654850746268645
2049-01-26,29.7,18.2,0.0
2049-01-27,30.1,18.0,0.0
2049-01-28,31.2,17.145421027399102,0.0
2049-01-29,31.8,19.0,0.0
2049-01-30,31.8,19.4,0.0
2049-01-31,31.2,18.99607815260881,0.0
2049-02-01,31.628517952920134,18.6,0.0
2049-02-02,31.947364958283664,17.8,0.0
2049-02-03,32.202917031654614,20.617463452426993,0.0
2049-02-04,31.6,19.375036174157348,18.75807962529274
2049-02-05,29.0,19.395133907681107,6.4
2049-02-06,29.2,19.295652008974056,12.016861826697903
2049-02-07,28.0,19.0,1.3
2049-02-08,29.4,19.1,9.649180327868853
2049-02-09,29.758320430418937,18.9,4.5
2049-02-10,29.7,18.7,9.8
2049-02-11,27.8,18.5,0.0
2049-02-12,28.852036738414075,19.0,8.405620608899305
2049-02-13,25.6,19.0,2.0
2049-02-14,25.0,18.5,2.2440281030444966
2049-02-15,27.3,18.0,1.978103044496488
2049-02-16,27.8,19.2,1.3
2049-02-17,31.0,19.36700091619317,4.5
2049-02-18,31.2,19.103350864912244,4.2
2049-02-19,29.2713688097408,18.8,5.6
2049-02-20,30.4,18.0,0.0
2049-02-21,30.4,16.9,0.0
2049-02-22,30.5,19.4,0.0
2049-02-23,31.9,19.7,0.0
2049-02-24,32.89724879314866,18.9,0.0
2049-02-25,36.30791015625,17.9,0.0
2049-02-26,31.97301556363184,19.0,11.004215456674485
2049-02-27,29.1,18.9,10.355035128805621
2049-02-28,30.0,18.8,0.0
2049-03-01,28.1,18.1,0.0
2049-03-02,28.3,18.0,0.0
2049-03-03,30.6,16.9,0.0
2049-03-04,31.9,16.9,0.0
2049-03-05,32.5,17.8,0.0
2049-03-06,33.0,16.9,0.0
2049-03-07,33.07239057239057,16.8,0.0
2049-03-08,30.5,19.084275336318207,1.6
2049-03-09,30.9,18.5,0.0
2049-03-10,32.014030612244895,19.0,0.0
2049-03-11,32.9,18.6,1.4
2049-03-12,30.5,19.0,1.5879518072289165
2049-03-13,31.0,17.7,0.0
2049-03-14,30.7,17.3,0.0
2049-03-15,30.8,17.7,0.0
2049-03-16,33.2,17.9,0.0
2049-03-17,29.8,19.3,1.4
2049-03-18,29.9,17.2,0.0
2049-03-19,30.6,15.9,0.0
2049-03-20,32.0,15.4,0.0
2049-03-21,33.26149425287357,16.0,0.0
2049-03-22,33.72441314553992,17.2,0.0
2049-03-23,34.29619358346926,18.1,0.0
2049-03-24,34.5922240348015,19.0,0.0
2049-03-25,35.034033203125,19.4,0.0
2049-03-26,33.50838095238095,20.3,0.0
2049-03-27,31.93975409836066,19.4,0.0
2049-03-28,30.227522935779813,19.4,0.0
2049-03-29,31.0,18.5,0.0
2049-03-30,31.8,18.1,0.0
2049-03-31,31.5,17.6,0.0
2049-04-01,31.8,18.83960784313725,0.0
2049-04-02,31.7,19.0,0.0
2049-04-03,33.566025641025654,22.84453125,0.0
2049-04-04,34.07563767168084,19.676810712111994,0.0
2049-04-05,33.80077186963978,19.184737678855324,0.0
2049-04-06,33.60865384615385,19.0,0.0
2049-04-07,33.64326923076923,19.018763937559736,0.0
2049-04-08,34.02773054283846,19.0,0.0
2049-04-09,35.24026845637578,19.077222045237338,0.0
2049-04-10,33.51923076923077,19.7,0.0
2049-04-11,31.4,19.4,0.0
2049-04-12,30.8,19.0,0.0
2049-04-13,30.0,17.3,0.0
2049-04-14,30.7,16.0,0.0
2049-04-15,31.2,14.9,0.0
2049-04-16,31.2,15.2,0.0
2049-04-17,32.2,12.6,0.0
2049-04-18,33.93679245283019,15.0,0.0
2049-04-19,35.972900390625,16.7,0.0
2049-04-20,34.048168737737086,17.425287356321835,0.0
2049-04-21,32.82334419109662,19.4,0.0
2049-04-22,31.2,18.716610169491528,0.0
2049-04-23,30.0,18.4,0.0
2049-04-24,28.7,17.0,0.0
2049-04-25,28.844444444444445,15.0,0.0
2049-04-26,30.9,13.2,0.0
2049-04-27,31.5,15.9,0.0
2049-04-28,26.2,17.6,0.0
2049-04-29,26.6,16.0,0.0
2049-04-30,26.7,13.2,0.0
2049-05-01,27.99076323748012,11.0,0.0
2049-05-02,29.2,9.8,0.0
2049-05-03,30.2,10.0,0.0
2049-05-04,29.0,13.61313240043056,0.0
2049-05-05,30.2,11.0,0.0
2049-05-06,30.7,10.1,0.0
2049-05-07,26.9,15.7,0.0
2049-05-08,27.9,16.825318642743028,0.0
2049-05-09,26.1,16.2,0.6
2049-05-10,25.3,17.5,0.14470588235294118
2049-05-11,24.5,16.922784279351553,6.0705882352941165
2049-05-12,27.6,16.3,0.0
2049-05-13,26.97224224271072,13.9,0.0
2049-05-14,27.4,13.2,0.0
2049-05-15,28.5,12.7,0.0
2049-05-16,28.8,12.9,0.0
2049-05-17,29.0,14.5,0.0
2049-05-18,30.0,14.4,0.0
2049-05-19,30.9,14.6,0.0
2049-05-20,31.228907528890858,15.0,0.0
2049-05-21,27.0,16.5,0.0
2049-05-22,22.8,13.2,0.9352941176470588
2049-05-23,24.9,10.4,0.0
2049-05-24,26.9,7.434956074863708,0.0
2049-05-25,25.9,11.341550053821308,0.0
2049-05-26,24.2,10.2,0.0
2049-05-27,21.7,12.0,0.0
2049-05-28,24.4,9.7,0.0
2049-05-29,25.2,9.3,0.0
2049-05-30,26.5,9.7,0.0
2049-05-31,28.1,10.6,0.0
2049-06-01,28.9191450605072,11.6,0.0
2049-06-02,29.9,11.9,0.0
2049-06-03,30.33112579224407,11.365384377703624,0.0
2049-06-04,29.3,12.2,0.0
2049-06-05,26.738347904733196,14.1,0.0
2049-06-06,25.5,13.451873239769963,0.0
2049-06-07,25.6,13.0,0.0
2049-06-08,25.7,11.0,0.0
2049-06-09,26.4,10.7,0.0
2049-06-10,25.5,13.29218294078768,0.0
2049-06-11,24.6,11.5,0.0
2049-06-12,24.7,10.0,0.0
2049-06-13,25.5,9.4,0.0
2049-06-14,26.465856278665797,6.5,0.0
2049-06-15,25.6,9.7,0.0
2049-06-16,25.9,12.9,0.0
2049-06-17,25.6,12.9,0.0
2049-06-18,24.9,12.3,0.0
2049-06-19,25.6,11.2,0.0
2049-06-20,27.118312369869653,9.4,0.0
2049-06-21,26.6,12.9,0.0
2049-06-22,25.7,11.5,0.0
2049-06-23,26.5,6.9,0.0
2049-06-24,27.4,7.9,0.0
2049-06-25,27.9,10.2,0.0
2049-06-26,28.470251259569462,9.6,0.0
2049-06-27,25.7,12.9,0.0
2049-06-28,25.0,11.4,0.0
2049-06-29,25.5,10.9,0.0
2049-06-30,26.0,11.7,0.0
2049-07-01,28.6,13.9,0.0
2049-07-02,28.8,13.8,0.0
2049-07-03,27.44667175943609,14.2,0.0
2049-07-04,26.9,12.2,0.0
2049-07-05,26.9,12.1,0.0
2049-07-06,28.0,9.6,0.0
2049-07-07,29.0,8.9,0.0
2049-07-08,28.2,13.6,0.0
2049-07-09,28.5,12.5,0.0
2049-07-10,29.2,9.9,0.0
2049-07-11,28.5,12.1,0.0
2049-07-12,25.9,14.523412904451336,0.0
2049-07-13,26.2,11.916818504030037,0.0
2049-07-14,26.7,11.1,0.0
2049-07-15,28.32707212055973,10.0,0.0
2049-07-16,29.0,11.7,0.0
2049-07-17,29.08819103087255,10.7,0.0
2049-07-18,28.5,13.0,0.0
2049-07-19,27.6,12.8,0.0
2049-07-20,28.53875635216661,10.5,0.0
2049-07-21,28.843853179720544,12.128134593150737,0.0
2049-07-22,28.59277459300239,13.9,0.0
2049-07-23,28.8,12.2,0.0
2049-07-24,30.48323757297682,11.522675642240896,0.0
2049-07-25,31.81708984375,11.9,0.0
2049-07-26,31.268112417583634,13.4,0.0
2049-07-27,29.1,15.083210065164295,0.0
2049-07-28,29.2,14.52447160134236,0.0
2049-07-29,31.115439028140845,14.875758138153719,0.0
2049-07-30,32.347119140625,15.3,0.0
2049-07-31,32.399609375,16.0,0.0
2049-08-01,32.97041727347559,16.9,0.0
2049-08-02,31.5,18.360263574335594,0.0
2049-08-03,30.2,17.0,0.0
2049-08-04,31.9,15.1,0.0
2049-08-05,32.6,16.7,0.0
2049-08-06,32.5,18.0,0.0
2049-08-07,32.9,16.9,0.0
2049-08-08,33.27122234182513,14.96976546955018,0.0
2049-08-09,31.6,15.852019715596839,0.0
2049-08-10,30.5,17.0,0.0
2049-08-11,31.5,15.3,0.0
2049-08-12,30.0,16.7,0.0
2049-08-13,29.699024271676098,13.5,0.0
2049-08-14,31.2,14.0,0.0
2049-08-15,30.89477646214567,15.7,0.0
2049-08-16,31.0,15.6,0.0
2049-08-17,31.9,13.9,0.0
2049-08-18,29.1,17.2,0.0
2049-08-19,30.5,15.38825822593314,0.0
2049-08-20,32.12206317999448,16.9,0.0
2049-08-21,27.8,16.9,0.0
2049-08-22,28.9,13.635978471474697,0.0
2049-08-23,31.6,14.9,0.0
2049-08-24,32.1,15.850747832983963,0.0
2049-08-25,32.19434480466029,16.7,0.0
2049-08-26,33.154937603228014,16.0,0.0
2049-08-27,35.17355312479519,17.0,0.0
2049-08-28,35.91836082925291,18.2,0.0
2049-08-29,33.1,25.678955078125,0.0
2049-08-30,32.5,18.812712674246026,0.0
2049-08-31,34.94180097543287,18.0,0.0
2049-09-01,32.8,18.9,0.0
2049-09-02,30.9,18.3,0.0
2049-09-03,30.2,17.1,0.0
2049-09-04,31.9,15.2,0.0
2049-09-05,33.4,14.6,0.0
2049-09-06,33.1,17.5,0.0
2049-09-07,33.5,17.7,0.0
2049-09-08,33.2,19.0,0.0
2049-09-09,33.7,17.7,0.0
2049-09-10,35.4,17.0,0.0
2049-09-11,32.0,20.4,0.0
2049-09-12,30.234478123841306,17.8,0.0
2049-09-13,30.2,17.1,0.0
2049-09-14,31.0,15.7,0.0
2049-09-15,32.5,15.580259547645536,0.0
2049-09-16,33.9,16.2,0.0
2049-09-17,31.3,20.039698566172437,0.0
2049-09-18,29.1,17.4,0.0
2049-09-19,30.032026238915517,16.2,0.0
2049-09-20,32.1,16.4,0.0
2049-09-21,32.9,17.5,0.0
2049-09-22,33.4,18.6,0.0
2049-09-23,33.486769249783706,19.5,0.0
2049-09-24,33.4,19.285144170929286,0.0
2049-09-25,34.0,18.6,0.0
2049-09-26,35.0,19.3,0.0
2049-09-27,35.3,20.147799413797333,0.0
2049-09-28,36.0,20.2664209752474,0.0
2049-09-29,39.70703125,20.2,0.0
2049-09-30,39.095703125,21.552880016444604,0.0
2049-10-01,34.0,19.8,0.0
2049-10-02,34.8,18.6,0.0
2049-10-03,35.8,19.5,0.0
2049-10-04,35.6,20.0,0.0
2049-10-05,35.8,18.9,0.0
2049-10-06,38.17227299974858,19.6,0.0
2049-10-07,36.0,22.6,0.0
2049-10-08,34.9,21.2,0.0
2049-10-09,34.6,19.7,0.0
2049-10-10,35.2,19.9,0.0
2049-10-11,35.0,20.9,0.0
2049-10-12,36.0,21.9,0.0
2049-10-13,35.64703240414238,23.0,0.0
2049-10-14,35.6,22.02124754928356,0.0
2049-10-15,36.13701792806502,22.0,0.0
2049-10-16,37.2,21.89534445640472,0.0
2049-10-17,37.2,22.0,0.0
2049-10-18,36.77217791676159,21.9,0.0
2049-10-19,37.2,21.6,0.0
2049-10-20,37.51222332313973,22.0,0.0
2049-10-21,37.06077563334799,22.0,0.0
2049-10-22,38.202450320027296,21.9,0.0
2049-10-23,38.04122519224194,22.6,0.0
2049-10-24,34.5,22.0203349834025,0.0
2049-10-25,34.1,19.6,0.0
2049-10-26,34.7,20.7,0.0
2049-10-27,34.5,20.0,0.0
2049-10-28,34.3,18.9,0.0
2049-10-29,35.5,19.5,0.0
2049-10-30,36.6,20.0,0.0
2049-10-31,37.0,21.079004561997017,0.0
2049-11-01,32.2,19.7,0.0
2049-11-02,31.7,18.9,0.0
2049-11-03,34.8,18.5,0.0
2049-11-04,36.4,20.0,0.0
2049-11-05,37.38106703925771,20.718523278291958,0.0
2049-11-06,36.0,20.9,0.0
2049-11-07,35.7,21.3,0.0
2049-11-08,37.22598613844442,21.0,0.0
2049-11-09,35.7,21.4,0.0
2049-11-10,35.6,19.9,0.0
2049-11-11,37.41630673648226,19.6,0.0
2049-11-12,39.807861328125,20.5,0.0
2049-11-13,40.38671875,21.840266963292557,0.0
2049-11-14,40.366455078125,22.340208711058956,0.0
2049-11-15,39.71533203125,23.0,0.0
2049-11-16,37.383795273881546,21.67918704852781,0.0
2049-11-17,36.4,23.352920192448412,0.0
2049-11-18,36.62417402489164,23.218846264731837,0.0
2049-11-19,32.9,21.0,0.0
2049-11-20,34.4,19.5,0.0
2049-11-21,36.66679430767061,19.6,0.0
2049-11-22,37.90313605155146,21.1,0.0
2049-11-23,36.4,21.7,0.0
2049-11-24,36.2,20.601117732593895,0.0
2049-11-25,35.2,20.856500287127297,0.0
2049-11-26,36.3,20.0,0.0
2049-11-27,37.480533926585096,19.8,0.0
2049-11-28,39.33582347612876,20.4,0.0
2049-11-29,40.9267578125,21.4,0.0
2049-11-30,31.768456640361563,19.3,3.8666666666666667
2049-12-01,31.4,19.341290526273838,1.0
2049-12-02,31.6,19.0,0.0
2049-12-03,32.424958335528814,19.2,0.0
2049-12-04,33.7,20.3,0.0
2049-12-05,33.7,20.3,0.0
2049-12-06,33.78757614828655,20.0333560612953,1.9
2049-12-07,28.0,19.6,9.9
2049-12-08,24.82947466310583,18.8,0.0
2049-12-09,28.0,18.1,0.0
2049-12-10,30.0,17.2,0.0
2049-12-11,31.2,17.6,0.0
2049-12-12,33.1,19.0,0.0
2049-12-13,31.1,19.9,0.0
2049-12-14,32.0,19.0,0.1
2049-12-15,32.41895413520814,19.0,0.0
2049-12-16,33.1,21.0,0.0
2049-12-17,33.043186071719234,19.9,0.0
2049-12-18,33.1,20.06954953997174,0.0
2049-12-19,33.1,19.8,0.0
2049-12-20,34.19681678223646,19.8,0.0
2049-12-21,35.214892578125,19.5,0.0
2049-12-22,33.7,19.9,0.9
2049-12-23,31.4,19.4,0.3
2049-12-24,33.08047317748281,19.9,0.0
2049-12-25,34.107614338999156,19.9,0.0
2049-12-26,34.069776671122156,20.524012658924754,0.0
2049-12-27,34.1026143259324,20.819854913216872,0.0
2049-12-28,33.1,20.334296138437555,0.0
2049-12-29,32.29132982579467,19.9,0.0
2049-12-30,33.698371905274485,20.17145121724856,0.0
2049-12-31,33.1,21.0,0.0
2050-01-01,32.6,20.734202340597964,0.5
2050-01-02,31.9,19.9,1.7956467661691535
2050-01-03,31.93223325441649,20.530522168825595,0.0
2050-01-04,32.00815371899642,21.526989746093747,0.0
2050-01-05,37.88203125,19.78907773925757,0.0
2050-01-06,35.26001930049937,19.78633390106518,13.910427031509123
2050-01-07,31.8,19.280113985852672,5.0
2050-01-08,31.9,19.786673845619994,21.0
2050-01-09,30.9,19.57410500731651,11.6
2050-01-10,29.0,19.4,41.03175373134326
2050-01-11,24.0,19.0110196656326,70.6
2050-01-12,24.0,19.0,70.6
2050-01-13,26.29924650161464,19.3,65.36446672885567
2050-01-14,25.7,19.340524958915744,70.30279021558871
2050-01-15,27.1,19.2,25.348507462686563
2050-01-16,28.2,19.3,40.96753731343282
2050-01-17,24.2,18.0,1.6
2050-01-18,25.5,17.4,0.0
2050-01-19,27.5,16.7,0.0
2050-01-20,29.6,16.8,0.0
2050-01-21,31.77991194579617,18.0,0.0
2050-01-22,30.849425573761756,18.8,0.8
2050-01-23,31.131314947834717,18.7,1.4
2050-01-24,31.7,19.2,14.3
2050-01-25,28.7,19.3,23.0
2050-01-26,28.0,19.117643832434815,11.943936567164176
2050-01-27,28.9,18.7,0.0
2050-01-28,30.0,18.7,0.0
2050-01-29,30.0,19.2,1.4
2050-01-30,30.7,18.9,0.0
2050-01-31,28.7,19.5,5.2
2050-02-01,29.0,18.5,0.2
2050-02-02,26.7,18.7,0.4
2050-02-03,30.3,17.3,0.0
2050-02-04,29.5,19.33541578259691,1.0339578454332554
2050-02-05,27.6,18.9,1.4
2050-02-06,28.5,18.9,2.173067915690867
2050-02-07,26.7,18.1,0.0
2050-02-08,28.420141348688073,18.5,0.0
2050-02-09,29.4,18.1,0.0
2050-02-10,30.0,17.4,0.9030444964871194
2050-02-11,30.40402150870265,19.0,1.6
2050-02-12,30.1,18.9,0.0
2050-02-13,31.70542791071992,18.7,9.595316159250586
2050-02-14,28.8,19.2,6.4
2050-02-15,30.1,18.6,0.0
2050-02-16,29.0,19.0,3.6428571428571446
2050-02-17,31.0,18.6,5.397189695550352
2050-02-18,28.0,18.8,9.70046838407494
2050-02-19,27.5,18.0,9.6748243559719
2050-02-20,27.6,18.2,0.0
2050-02-21,29.0,18.9,0.0
2050-02-22,27.975493600041457,19.4,0.0
2050-02-23,27.0,19.946863125700308,0.1
2050-02-24,27.6,18.7,0.0
2050-02-25,30.9,18.9,5.6
2050-02-26,31.0,18.4,14.059953161592505
2050-02-27,30.053813379365142,18.6,0.0
2050-02-28,28.4,18.8,0.0
2050-03-01,28.3,18.1,0.0
2050-03-02,30.0,17.9,0.0
2050-03-03,30.4,17.1,0.0
2050-03-04,30.8,16.5,0.0
2050-03-05,30.5,18.7,0.0
2050-03-06,29.9,18.9,12.307469879518079
2050-03-07,28.4,18.8,1.8
2050-03-08,30.440306122448977,18.009478883049482,0.0
2050-03-09,30.7,18.5,4.9
2050-03-10,30.5,19.0,1.2
2050-03-11,30.9,18.6,0.0
2050-03-12,30.9,18.5,0.0
2050-03-13,31.4,18.0,0.0
2050-03-14,31.0,16.9,0.0
2050-03-15,31.76739130434782,15.0,0.0
2050-03-16,32.9,14.6,0.0
2050-03-17,32.9,15.0,0.0
2050-03-18,27.6,17.9,0.0
2050-03-19,30.2,17.6,0.0
2050-03-20,31.2,16.5,0.0
2050-03-21,32.9,15.3,0.0
2050-03-22,31.9,19.9,5.067814113597247
2050-03-23,30.2,19.3,14.891566265060241
2050-03-24,27.5,19.1,25.339315155358275
2050-03-25,28.2,18.2,0.0
2050-03-26,28.48275862068965,17.2,0.0
2050-03-27,27.3,19.0,0.0
2050-03-28,28.6,19.090428126446284,0.0
2050-03-29,28.1,17.6,0.0
2050-03-30,27.5,16.8,0.0
2050-03-31,28.2,16.1,0.0
2050-04-01,29.0,14.874193548387096,0.0
2050-04-02,29.0,15.9,0.0
2050-04-03,26.6,18.4,0.0
2050-04-04,29.22352941176471,16.9,0.0
2050-04-05,30.6,15.9,0.0
2050-04-06,30.6,16.2,0.0
2050-04-07,31.3,16.2,0.0
2050-04-08,29.0,17.0,0.0
2050-04-09,28.4,16.0,0.0
2050-04-10,29.8,15.6,0.0
2050-04-11,31.1,16.18979591836735,0.0
2050-04-12,30.4,17.3,0.0
2050-04-13,29.4,16.7,0.0
2050-04-14,30.4,16.4,0.0
2050-04-15,32.0,15.8,0.0
2050-04-16,33.93156089193826,15.5,0.0
2050-04-17,30.713333333333335,19.0,0.0
2050-04-18,28.8,17.4,0.0
2050-04-19,29.4,16.4,0.0
2050-04-20,29.4,16.6,0.0
2050-04-21,25.0,17.9,0.0
2050-04-22,28.6,16.5,0.0
2050-04-23,28.9,16.0,0.0
2050-04-24,29.2,15.5,0.0
2050-04-25,28.2,15.4,0.0
2050-04-26,27.8,15.2,0.0
2050-04-27,27.2,14.8,0.0
2050-04-28,27.2,14.0,0.0
2050-04-29,28.6,14.1,0.0
2050-04-30,29.5,16.1,0.0
2050-05-01,31.35359047269422,17.99127027996778,0.0
2050-05-02,32.2768698324041,20.751708984375,0.0
2050-05-03,32.18666747759667,21.16357421875,0.0
2050-05-04,28.4,18.32383547036594,0.0
2050-05-05,29.1,17.2,0.0
2050-05-06,29.6,16.90838934694124,0.0
2050-05-07,29.8,16.582489281348614,0.0
2050-05-08,30.1,17.8,0.0
2050-05-09,30.0,16.715025924079338,0.0
2050-05-10,30.1,16.8,0.0
2050-05-11,29.2,16.7,0.0
2050-05-12,28.1,16.0,0.0
2050-05-13,28.4,14.6,0.0
2050-05-14,27.7,14.0,0.0
2050-05-15,28.4,13.2,0.0
2050-05-16,31.4,13.8,0.0
2050-05-17,33.448888188451775,15.2,0.0
2050-05-18,34.07294921875,16.2,0.0
2050-05-19,29.2,17.518587778231424,0.0
2050-05-20,23.4,16.734701798213223,0.2788235294117647
2050-05-21,26.3,13.4,0.0
2050-05-22,27.8,12.2,0.0
2050-05-23,30.7,13.6,0.0
2050-05-24,30.8,14.8,0.0
2050-05-25,30.0,15.3,0.0
2050-05-26,28.0,14.76354503049872,0.0
2050-05-27,27.219141667056675,13.0,0.0
2050-05-28,27.6,12.5,0.0
2050-05-29,29.0,12.9,0.0
2050-05-30,30.6,13.9,0.0
2050-05-31,31.0,15.6,0.0
2050-06-01,30.501184105853653,16.949387816065748,0.0
2050-06-02,30.4,16.761168431601174,0.0
2050-06-03,28.6,16.3939635104297,0.0
2050-06-04,27.0,14.3,0.0
2050-06-05,26.1,12.3,0.0
2050-06-06,26.7,11.0,0.0
2050-06-07,27.0,11.6,0.0
2050-06-08,26.68377845570987,11.4,0.0
2050-06-09,27.5,9.926577149213418,0.0
2050-06-10,28.6,10.4,0.0
2050-06-11,29.031842143444425,11.843673046680223,0.0
2050-06-12,28.0,13.8,0.0
2050-06-13,27.5,13.2,0.0
2050-06-14,27.476153776304738,12.3,0.0
2050-06-15,27.4,12.0,0.0
2050-06-16,26.6,12.4,0.0
2050-06-17,27.150617495222612,10.7,0.0
2050-06-18,28.5,11.0,0.0
2050-06-19,29.0,11.77661143961127,0.0
2050-06-20,27.9,14.1,0.0
2050-06-21,27.9,12.9,0.0
2050-06-22,27.4,11.5,0.0
2050-06-23,28.6,11.5,0.0
2050-06-24,30.5,12.845257958578319,0.0
2050-06-25,30.618454559900613,13.116393946490255,0.0
2050-06-26,29.939064361746354,11.8,0.0
2050-06-27,28.786719543454083,13.8,0.0
2050-06-28,30.5,12.7,0.0
2050-06-29,30.684822397094095,12.4,0.0
2050-06-30,32.446142578125,13.0,0.0
2050-07-01,35.890576171875,15.2,0.0
2050-07-02,31.585400390625,13.8,0.0
2050-07-03,29.2,14.3,0.0
2050-07-04,28.2,14.3,0.0
2050-07-05,28.86171759264192,12.7,0.0
2050-07-06,28.6,11.332465516809775,0.0
2050-07-07,28.1,9.7,0.0
2050-07-08,26.8,8.9,0.0
2050-07-09,24.5,11.9,0.0
2050-07-10,26.2,10.5,0.0
2050-07-11,28.413900887029726,10.2,0.0
2050-07-12,31.613720703125,12.1,0.0
2050-07-13,35.413525390625,15.0,0.0
2050-07-14,33.7716796875,13.9,0.0
2050-07-15,32.33271484375,15.2,0.0
2050-07-16,31.65693359375,13.699154582068429,0.0
2050-07-17,33.094189453125,15.0,0.0
2050-07-18,33.580517578125,17.18740234375,0.0
2050-07-19,34.040966796875,18.345849609375,0.0
2050-07-20,34.13154296875,18.991845703125,0.0
2050-07-21,32.933056640625,19.15029296875,0.0
2050-07-22,32.622265625,18.106591796875,0.0
2050-07-23,32.97578125,17.152978515625,0.0
2050-07-24,32.233837890625,16.522633688732608,0.0
2050-07-25,31.237920008370438,16.0,0.0
2050-07-26,30.0,15.272018113655767,0.0
2050-07-27,30.0,15.3,0.0
2050-07-28,28.8,15.787482320860558,0.0
2050-07-29,28.913918358061533,14.884785271519233,0.0
2050-07-30,27.6,15.217714264503911,0.0
2050-07-31,27.2,14.2,0.0
2050-08-01,24.0,15.7,0.0
2050-08-02,29.0,13.0,0.0
2050-08-03,31.5,13.0,0.0
2050-08-04,30.9,12.515439028140854,0.0
2050-08-05,26.1,16.7,0.0
2050-08-06,26.3,13.5,0.0
2050-08-07,28.0,10.2,0.0
2050-08-08,29.5,9.2,0.0
2050-08-09,31.0,10.5,0.0
2050-08-10,31.2,11.4,0.0
2050-08-11,28.2,16.84860078861785,0.0
2050-08-12,28.2,14.6,0.0
2050-08-13,30.1,15.2,0.0
2050-08-14,32.5,15.2,0.0
2050-08-15,33.63972360151385,15.153604371946683,0.0
2050-08-16,30.3,25.80322265625,0.0
2050-08-17,25.6,18.11624635729672,0.0
2050-08-18,28.9,15.4,0.0
2050-08-19,31.2,15.0,0.0
2050-08-20,31.9,16.965942967652467,0.0
2050-08-21,30.9,17.458240936056413,0.0
2050-08-22,30.9,16.0,0.0
2050-08-23,31.2,15.8,0.0
2050-08-24,32.1,16.9,0.0
2050-08-25,33.2,14.560777717976324,0.0
2050-08-26,31.94300515146855,15.7,0.0
2050-08-27,31.5,17.0,0.0
2050-08-28,35.44962441029043,15.0,0.0
2050-08-29,35.99068719724761,14.136452099031217,0.0
2050-08-30,30.7,19.0,0.0
2050-08-31,30.9,17.7,0.0
2050-09-01,30.0,15.0,0.0
2050-09-02,30.8,14.1,0.0
2050-09-03,33.1,14.9,0.0
2050-09-04,34.4,14.5,0.0
2050-09-05,33.45453957851066,17.7,0.0
2050-09-06,33.1,18.3,0.0
2050-09-07,34.237132528205954,17.4,0.0
2050-09-08,35.10575574928215,16.0,0.0
2050-09-09,30.9,19.6,0.0
2050-09-10,30.2,17.4,0.0
2050-09-11,31.1,16.0,0.0
2050-09-12,32.3,15.4,0.0
2050-09-13,33.6,17.1,0.0
2050-09-14,33.876427024178916,19.3,0.0
2050-09-15,34.62887138142473,19.3,0.0
2050-09-16,36.0,19.144869199190154,0.0
2050-09-17,36.01073812927037,20.2,0.0
2050-09-18,33.1,21.50760262725779,0.0
2050-09-19,32.3,19.418205413422324,0.0
2050-09-20,33.038442714126816,19.0,0.0
2050-09-21,32.0,18.3,0.0
2050-09-22,32.0,17.4,0.0
2050-09-23,32.5,17.6,0.0
2050-09-24,32.1,18.0,0.0
2050-09-25,33.3,17.1,0.0
2050-09-26,35.1,17.4,0.0
2050-09-27,36.0,17.7,0.0
2050-09-28,40.268798828125,18.6,0.0
2050-09-29,40.233642578125,18.3,0.0
2050-09-30,33.4,21.209027892047487,0.0
2050-10-01,27.480290068551355,16.7,0.0
2050-10-02,28.6,16.7,0.0
2050-10-03,30.9,15.9,0.0
2050-10-04,34.8,15.1,0.0
2050-10-05,35.5,17.74160908364873,0.0
2050-10-06,34.9,19.4,0.0
2050-10-07,35.3,19.6,0.0
2050-10-08,36.5,20.0,0.0
2050-10-09,36.2,21.7,0.0
2050-10-10,35.1,21.139149852277665,0.0
2050-10-11,35.0,20.4,0.0
2050-10-12,35.1,20.7,0.0
2050-10-13,38.0,20.6,0.0
2050-10-14,39.48984375,21.4,0.0
2050-10-15,38.29819811399802,23.383435194489824,0.0
2050-10-16,38.108844743236844,22.0,0.0
2050-10-17,38.0,21.8,0.0
2050-10-18,38.09412864260709,21.4,0.0
2050-10-19,37.2,21.9,0.0
2050-10-20,36.0,22.0,0.0
2050-10-21,35.653468690842956,21.7,0.0
2050-10-22,36.5,20.7,0.0
2050-10-23,38.19770018627974,20.7,0.0
2050-10-24,39.055517578125,21.9,0.0
2050-10-25,37.31123998741668,22.6,0.0
2050-10-26,37.0,21.9,0.0
2050-10-27,38.184753743320655,21.8,0.0
2050-10-28,38.161748193601994,22.1,0.0
2050-10-29,38.52353515625,22.2,0.0
2050-10-30,38.16566006845294,22.6,0.0
2050-10-31,38.11117324017194,22.6,0.0
2050-11-01,37.91650753711016,21.9,0.0
2050-11-02,38.87230501716711,22.3,0.0
2050-11-03,39.677490234375,21.7,0.0
2050-11-04,39.248790138172936,21.5,0.0
2050-11-05,37.768097733113414,22.4,0.0
2050-11-06,37.86671243910858,22.1,0.0
2050-11-07,36.4,22.3,0.0
2050-11-08,35.5,21.2,0.0
2050-11-09,37.35594454542988,22.3,0.0
2050-11-10,37.79882643550304,22.54765462673412,0.0
2050-11-11,36.4,23.2,0.0
2050-11-12,37.58285588118569,24.433935546875,0.0
2050-11-13,37.37947556906047,23.324132700388017,0.0
2050-11-14,32.6,19.6,1.5
2050-11-15,30.22150890760457,18.7,0.0
2050-11-16,30.246662076028038,20.0,0.5
2050-11-17,28.7,19.4,10.3275
2050-11-18,29.6,18.7,39.83333333333332
2050-11-19,28.724918542726922,18.6,69.25
2050-11-20,29.4,18.5,29.6
2050-11-21,28.0,18.5,10.057142857142857
2050-11-22,27.5,19.0,8.542857142857143
2050-11-23,25.80935631973833,18.5,22.5
2050-11-24,23.2,17.4,73.4629629629629
2050-11-25,24.4,17.5,0.0
2050-11-26,25.887255275770684,17.9,0.0
2050-11-27,28.517138926292372,17.9,0.0
2050-11-28,29.232693663018278,17.8,0.0
2050-11-29,30.0,19.4,0.0
2050-11-30,29.1,19.0,0.0
2050-12-01,27.975870990551975,19.5,0.0
2050-12-02,25.6,18.9,0.0
2050-12-03,27.3,19.0,7.85
2050-12-04,28.7,19.0,1.4
2050-12-05,29.0,19.2,6.7
2050-12-06,29.8,19.0,10.0
2050-12-07,29.5,18.1,3.9
2050-12-08,29.351330155312922,19.5,1.7
2050-12-09,29.7,19.4,5.4
2050-12-10,30.61837414293126,18.6,0.0
2050-12-11,31.0,19.5,0.0
2050-12-12,31.2,19.4,0.0
2050-12-13,31.6,18.9,0.0
2050-12-14,31.7,19.9,0.0
2050-12-15,31.5,19.8,8.3
2050-12-16,30.0,19.4,56.05833333333334
2050-12-17,24.407450615308527,19.0,100.86756756756745
2050-12-18,24.6,18.7,88.49230769230763
2050-12-19,25.080542425235176,19.2,8.0
2050-12-20,26.6,19.2,0.0
2050-12-21,29.0,19.2,22.6
2050-12-22,25.7,19.3,1.7
2050-12-23,27.91936672940448,19.0,0.0
2050-12-24,28.0,18.2,0.0
2050-12-25,27.6,18.9,0.0
2050-12-26,23.85173078012577,18.9,0.5
2050-12-27,27.0,19.0,0.0
2050-12-28,29.2040596647701,18.702562528799547,7.0
2050-12-29,30.0,18.8,1.3
2050-12-30,31.0,18.4,0.0
2050-12-31,30.5,18.4,6.4
2051-01-01,30.1,19.4,4.768936567164179
2051-01-02,30.4,18.9,51.57935323383073
2051-01-03,29.9,19.5,34.784203980099484
2051-01-04,28.8,19.4,27.356902985074623
2051-01-05,25.706790028533838,19.2,16.0
2051-01-06,28.0,19.258274065815762,32.338805970149245
2051-01-07,28.6,19.0,9.0
2051-01-08,28.9,19.2,23.78283582089552
2051-01-09,30.5,19.4,67.55472765040781
2051-01-10,26.7,19.3,9.0
2051-01-11,28.0,18.9,0.6
2051-01-12,27.3,19.4,31.931343283582073
2051-01-13,26.0,19.4,5.7
2051-01-14,27.035345366949556,19.0,1.9
2051-01-15,28.0,18.7,7.2
2051-01-16,28.6,17.7,1.4
2051-01-17,28.0,19.606888295499818,5.5
2051-01-18,27.7,19.3,4.6
2051-01-19,31.55588516383989,18.4,27.687960199004976
2051-01-20,30.2,19.6133959048225,5.0
2051-01-21,31.505720267644893,19.25507157754113,16.4
2051-01-22,30.4,19.2,0.0
2051-01-23,30.5,19.2,0.5
2051-01-24,30.9,19.1,0.8
2051-01-25,29.6,19.4,1.0
2051-01-26,30.3,19.0,1.7621268656716405
2051-01-27,29.6,19.4,11.0
2051-01-28,29.8,19.667338372514845,13.697388059701492
2051-01-29,29.3,19.6,0.6642723880597012
2051-01-30,27.9,19.5,39.480254975124375
2051-01-31,30.4,19.6,26.92058457711443
2051-02-01,30.9,19.2,17.503981264637
2051-02-02,28.0,19.2,33.20948477751759
2051-02-03,25.464641951318708,19.33213220419431,53.671007025761135
2051-02-04,28.7,18.81713268065094,17.788524590163934
2051-02-05,28.3,19.0,9.8
2051-02-06,28.0,18.941185890145483,2.393676814988293
2051-02-07,30.0,18.9,8.4
2051-02-08,29.9,19.24852724640467,6.0
2051-02-09,28.5,19.248996329033627,1.0339578454332554
2051-02-10,28.6,19.4,6.694894613583139
2051-02-11,26.7,19.0,2.729742388758782
2051-02-12,24.7,18.4,4.4
2051-02-13,23.028461308025214,17.9,2.0
2051-02-14,25.2,17.4,0.0
2051-02-15,28.2,18.4,0.0
2051-02-16,28.840566500736163,18.2,0.0
2051-02-17,28.6,18.6,0.0
2051-02-18,27.6,17.4,0.0
2051-02-19,27.508785061581246,16.8,0.0
2051-02-20,28.3,18.9,0.0
2051-02-21,28.5,19.1,0.0
2051-02-22,28.5,17.7,0.0
2051-02-23,29.5,16.5,0.0
2051-02-24,30.3,18.8,0.0
2051-02-25,25.9,19.1,0.0
2051-02-26,27.4,18.8,0.0
2051-02-27,29.1,18.0,0.0
2051-02-28,30.18775067185723,19.1,0.0
2051-03-01,29.5,18.77249505295112,0.0
2051-03-02,29.5,18.5,0.0
2051-03-03,29.9,19.695657842517935,0.0
2051-03-04,30.4,18.6,0.0
2051-03-05,30.6,17.4,0.0
2051-03-06,30.1,17.0,0.0
2051-03-07,30.4,16.4,0.0
2051-03-08,31.0,16.789708306128563,0.0
2051-03-09,33.0,16.9,0.0
2051-03-10,33.58238095238096,19.1,0.0
2051-03-11,32.1,19.4,0.0
2051-03-12,32.0,19.1,0.0
2051-03-13,33.2,19.0,0.0
2051-03-14,33.0,20.0683147945048,0.0
2051-03-15,30.5,21.267598807351796,0.0
2051-03-16,30.5,17.9,0.0
2051-03-17,32.0,16.9,0.0
2051-03-18,29.401492537313434,18.6,6.943717728055081
2051-03-19,22.737953091684435,18.9,90.1
2051-03-20,26.5,17.3,0.0
2051-03-21,27.6,16.0,0.0
2051-03-22,28.6,14.5,0.0
2051-03-23,30.2,15.7,0.0
2051-03-24,31.1,16.0,0.0
2051-03-25,32.793467336683406,16.8,0.0
2051-03-26,31.448611111111106,18.1,0.0
2051-03-27,28.7,18.0,0.0
2051-03-28,28.3,17.4,0.0
2051-03-29,26.9,16.1,0.0
2051-03-30,28.9,15.6,0.0
2051-03-31,30.7,14.831740076008881,0.0
2051-04-01,32.3942,14.71985294117645,0.0
2051-04-02,31.8,17.7,0.0
2051-04-03,29.5,17.8,0.0
2051-04-04,26.7,17.9,0.0
2051-04-05,27.6,16.0,0.0
2051-04-06,27.3,15.0,0.0
2051-04-07,27.0,14.7,0.0
2051-04-08,27.1,15.0,0.0
2051-04-09,27.5,14.1,0.0
2051-04-10,29.0,13.0,0.0
2051-04-11,29.0,14.5,0.0
2051-04-12,31.1,11.9,0.0
2051-04-13,32.098598130841125,12.9,0.0
2051-04-14,32.2,14.6,0.0
2051-04-15,31.7,15.2,0.0
2051-04-16,29.9,15.4,0.0
2051-04-17,29.9,15.3,0.0
2051-04-18,31.1,14.9,0.0
2051-04-19,29.345882352941175,17.0,0.0
2051-04-20,29.654901960784315,16.7,0.0
2051-04-21,31.1,16.0,0.0
2051-04-22,32.965526315789475,15.2,0.0
2051-04-23,24.6,18.2,2.329090909090909
2051-04-24,22.513851351351352,17.5,0.0
2051-04-25,27.1,15.2,0.0
2051-04-26,28.5,14.9,0.0
2051-04-27,28.4,15.8,0.0
2051-04-28,27.7,15.3,0.0
2051-04-29,28.0,14.5,0.0
2051-04-30,29.6,15.0,0.0
2051-05-01,30.890980312227303,15.6,0.0
2051-05-02,30.7,16.197366343738768,0.0
2051-05-03,31.6,14.7,0.0
2051-05-04,30.325722007191434,16.2,0.0
2051-05-05,28.6,14.8,0.0
2051-05-06,27.7,14.1,0.0
2051-05-07,28.650968783638323,12.4,0.0
2051-05-08,31.7,11.7,0.0
2051-05-09,31.1,12.4,0.0
2051-05-10,31.08806220689966,15.6,0.0
2051-05-11,30.5,15.7,0.0
2051-05-12,29.5,14.7,0.0
2051-05-13,29.6,14.3,0.0
2051-05-14,29.2,13.1,0.0
2051-05-15,29.0,9.8,0.0
2051-05-16,29.0,9.9,0.0
2051-05-17,29.0,10.4,0.0
2051-05-18,26.7,14.51179246501613,0.0
2051-05-19,26.5,15.2,0.0
2051-05-20,27.8,15.9,0.0
2051-05-21,29.0,14.9,0.0
2051-05-22,29.8,14.193245783997119,0.0
2051-05-23,29.4,13.0,0.0
2051-05-24,29.0,12.95824662121754,0.0
2051-05-25,28.1,13.0,0.0
2051-05-26,27.9,12.9,0.0
2051-05-27,27.8,12.6,0.0
2051-05-28,28.0,12.1,0.0
2051-05-29,27.0,11.6,0.0
2051-05-30,26.2,11.2,0.0
2051-05-31,24.9,12.0,0.0
2051-06-01,25.9,11.2,0.0
2051-06-02,26.7,10.7,0.0
2051-06-03,28.0,10.7,0.0
2051-06-04,28.994808532113876,12.5,0.0
2051-06-05,28.0,14.035636668532593,0.0
2051-06-06,25.6,14.0,0.0
2051-06-07,27.7,13.228959802430847,0.0
2051-06-08,28.0,14.0,0.0
2051-06-09,28.5,14.054295269281692,0.0
2051-06-10,26.9,14.5,0.0
2051-06-11,26.0,12.8,0.0
2051-06-12,25.5,12.394057100482021,0.0
2051-06-13,24.7,11.5,0.0
2051-06-14,23.0,10.2,0.0
2051-06-15,23.530509285985836,6.0,0.0
2051-06-16,26.0,8.0,0.0
2051-06-17,27.757566184649612,8.2,0.0
2051-06-18,25.0,13.2,0.0
2051-06-19,22.1,8.4,0.0
2051-06-20,22.3,5.2,0.0
2051-06-21,23.0,5.5,0.0
2051-06-22,23.1,7.6,0.0
2051-06-23,23.9,8.0,0.0
2051-06-24,23.9,8.3,0.0
2051-06-25,23.6,9.2,0.0
2051-06-26,24.5,8.2,0.0
2051-06-27,25.7,7.9,0.0
2051-06-28,25.5,10.7,0.0
2051-06-29,25.1,10.196690767519472,0.0
2051-06-30,25.9,9.4,0.0
2051-07-01,26.0,12.4,0.0
2051-07-02,25.0,13.8,0.0
2051-07-03,22.6,11.5,0.0
2051-07-04,26.066545223703447,7.1,0.0
2051-07-05,27.7,7.2,0.0
2051-07-06,28.0,5.527018299246501,0.0
2051-07-07,25.0,11.5,0.0
2051-07-08,22.0,10.5,0.0
2051-07-09,26.3,8.4,0.0
2051-07-10,27.566712367571238,8.3,0.0
2051-07-11,28.6,7.3,0.0
2051-07-12,29.2,7.0,0.0
2051-07-13,28.239126782010544,12.2,0.0
2051-07-14,25.4,11.7,0.0
2051-07-15,26.0,10.5,0.0
2051-07-16,26.6,10.2,0.0
2051-07-17,27.6,10.417438105489769,0.0
2051-07-18,29.5,11.1,0.0
2051-07-19,30.0,11.7,0.0
2051-07-20,29.96589096092862,12.0,0.0
2051-07-21,29.2,13.0,0.0
2051-07-22,27.0,14.2,0.0
2051-07-23,26.8,12.2,0.0
2051-07-24,27.1,12.2,0.0
2051-07-25,27.0,12.2,0.0
2051-07-26,27.7,11.9,0.0
2051-07-27,28.0,10.5,0.0
2051-07-28,28.930274488697506,9.9,0.0
2051-07-29,29.2,9.3,0.0
2051-07-30,30.0,9.6,0.0
2051-07-31,30.52392004209875,10.9,0.0
2051-08-01,31.2,13.2,0.0
2051-08-02,31.5,14.117119483315388,0.0
2051-08-03,32.6,14.1,0.0
2051-08-04,34.70697110828355,14.7,0.0
2051-08-05,34.7439037217278,12.7,0.0
2051-08-06,32.1,16.863215630737248,0.0
2051-08-07,31.847008920483,14.755426592408847,0.0
2051-08-08,32.5,14.1,0.0
2051-08-09,32.99786930918761,16.0,0.0
2051-08-10,35.03721022683033,14.9,0.0
2051-08-11,35.366833801819766,13.8,0.0
2051-08-12,32.979252411405895,18.611776736528842,0.0
2051-08-13,34.49526434664657,17.4,0.0
2051-08-14,35.972220890525634,18.49783505279327,0.0
2051-08-15,31.462820236813776,26.1689453125,0.0
2051-08-16,30.7,18.492404542760738,0.0
2051-08-17,30.86387872264083,17.410993063567062,0.0
2051-08-18,34.91564037424311,18.634336283792585,0.0
2051-08-19,37.785888671875,26.9853515625,0.0
2051-08-20,38.883056640625,28.814208984375,0.0
2051-08-21,39.05615234375,30.097412109375,0.0
2051-08-22,38.29541015625,29.884521484375,0.0
2051-08-23,37.028801406807865,28.813232421875,0.0
2051-08-24,36.736110445262675,27.9580078125,0.0
2051-08-25,35.47209175013556,28.268798828125,0.0
2051-08-26,34.933798909186564,26.135009765625,0.0
2051-08-27,33.2,26.142333984375,0.0
2051-08-28,32.1,18.333113187722738,0.0
2051-08-29,32.96694632643153,17.446537334614092,0.0
2051-08-30,32.6,19.0,0.0
2051-08-31,33.11865823949724,18.855717613870812,0.0
2051-09-01,32.8,17.8,0.0
2051-09-02,32.7,17.724806350490443,0.0
2051-09-03,33.1,17.6,0.0
2051-09-04,30.0,18.9,0.0
2051-09-05,30.5,16.6,0.0
2051-09-06,32.8,16.8,0.0
2051-09-07,34.6,17.9,0.0
2051-09-08,34.792017180173616,19.0,0.0
2051-09-09,34.9,19.5,0.0
2051-09-10,34.9,19.6,0.0
2051-09-11,34.0,20.5,0.0
2051-09-12,32.6,19.676731051690346,0.0
2051-09-13,32.9,18.6,0.0
2051-09-14,33.4,18.1,0.0
2051-09-15,33.7,18.9,0.0
2051-09-16,34.21711415877922,19.3,0.0
2051-09-17,33.1,20.4,0.0
2051-09-18,31.9,18.5,0.0
2051-09-19,33.0,16.6,0.0
2051-09-20,34.0,16.5,0.0
2051-09-21,33.4,19.6,0.0
2051-09-22,33.5,18.3,0.0
2051-09-23,33.7,18.7,0.0
2051-09-24,33.4,18.9,0.0
2051-09-25,33.70703053898271,19.0,0.0
2051-09-26,34.6,19.0,0.0
2051-09-27,34.9,19.6,0.0
2051-09-28,36.0,20.6,0.0
2051-09-29,36.02510050925629,22.03266260656806,0.0
2051-09-30,39.394775390625,21.632413581704654,0.0
2051-10-01,37.184553283100094,20.2,0.0
2051-10-02,38.1270070193305,20.6,0.0
2051-10-03,38.0,21.9,0.0
2051-10-04,35.5,21.6,0.0
2051-10-05,36.0,20.3,0.0
2051-10-06,37.2,20.5,0.0
2051-10-07,38.683203125,21.083448664718844,0.0
2051-10-08,39.028173828125,21.9,0.0
2051-10-09,39.524267578125,22.6,0.0
2051-10-10,38.13585530768382,23.39842112227271,0.0
2051-10-11,36.0,22.0,0.0
2051-10-12,36.0,21.2,0.0
2051-10-13,37.2,20.6,0.0
2051-10-14,36.9,22.0,0.0
2051-10-15,37.47989501098891,21.7,0.0
2051-10-16,38.824072265625,21.856916038751336,0.0
2051-10-17,39.407568359375,22.671227377948018,0.0
2051-10-18,39.3814453125,22.6,0.0
2051-10-19,40.07529296875,22.0,0.0
2051-10-20,39.689306640625,26.22919921875,0.0
2051-10-21,39.497900390625,26.762646484375,0.0
2051-10-22,38.0508185996145,23.897412109375,0.0
2051-10-23,37.04368774541761,22.6,0.0
2051-10-24,38.33116963059884,23.0,0.0
2051-10-25,38.97861328125,24.997998046875,0.0
2051-10-26,38.787451171875,25.795849609375,0.0
2051-10-27,38.341415017113235,23.68975068008091,0.0
2051-10-28,38.37671503064915,23.280572791767614,0.0
2051-10-29,38.186709680746105,23.75575534011136,0.0
2051-10-30,38.9234375,23.529998952151395,0.0
2051-10-31,38.814794921875,23.274477164385655,0.0
2051-11-01,37.2,23.2,0.0
2051-11-02,35.47673918196903,23.202909687959455,0.0
2051-11-03,36.0,21.7,0.0
2051-11-04,36.29798854622554,20.4,0.0
2051-11-05,36.611800394407425,20.5,0.0
2051-11-06,37.2,21.779993974786812,0.0
2051-11-07,37.77864063518851,23.3,0.0
2051-11-08,37.89461255801465,24.348486328125,0.0
2051-11-09,37.21279267562249,24.07138671875,0.0
2051-11-10,37.2,22.3,0.0
2051-11-11,37.41164600233321,23.243483855795063,0.0
2051-11-12,37.408917767709376,23.209955830211932,0.0
2051-11-13,36.27275138314769,25.3228515625,0.0
2051-11-14,35.7,26.274755859375,0.0
2051-11-15,36.3,24.043798828125,0.0
2051-11-16,32.5,18.9,1.5142857142857142
2051-11-17,29.5,18.2,6.575
2051-11-18,29.133794025601272,18.6,20.9
2051-11-19,29.9,18.795995550611796,3.9249999999999994
2051-11-20,30.6,18.4,0.0
2051-11-21,27.0,18.2,2.2
2051-11-22,26.2,17.7,0.0
2051-11-23,27.706456449194754,16.0,0.0
2051-11-24,28.9,15.281997652200292,0.0
2051-11-25,29.9,15.6,0.0
2051-11-26,30.1,16.4,0.0
2051-11-27,30.0,17.3,0.0
2051-11-28,31.022298544774834,17.2,0.0
2051-11-29,32.5,17.4,0.0
2051-11-30,34.0,17.9,0.0
2051-12-01,33.12089845773076,19.5,0.0
2051-12-02,33.01662984813762,20.17331145685642,0.0
2051-12-03,32.9,20.038387698141314,0.0
2051-12-04,32.895337063367194,19.9,0.0
2051-12-05,33.7,19.8,0.0
2051-12-06,34.119153503391985,20.0,1.0
2051-12-07,30.8,19.818154844381247,13.7
2051-12-08,29.1,19.6,0.0
2051-12-09,30.8,19.2,0.0
2051-12-10,31.6,19.8,0.0
2051-12-11,32.03623205001946,19.0,0.0
2051-12-12,33.127623954431435,18.9,0.0
2051-12-13,34.176559941923045,19.6,0.0
2051-12-14,33.1,21.076879618591494,0.0
2051-12-15,32.4,20.3,0.0
2051-12-16,30.6,20.238197923118715,5.4
2051-12-17,31.0,19.7,9.9
2051-12-18,30.0,19.3,10.452380952380954
2051-12-19,30.185726757244684,19.2,0.0
2051-12-20,31.0,19.2,0.0
2051-12-21,31.4,19.4,0.6
2051-12-22,29.2,19.2,27.06
2051-12-23,30.642579249994533,19.0,6.9
2051-12-24,29.9,19.2,9.2
2051-12-25,30.5,18.8,7.8
2051-12-26,30.1,18.9,1.0
2051-12-27,30.0,19.0,10.066666666666668
2051-12-28,24.784195875941872,19.0,60.886363636363654
2051-12-29,24.2,19.0,6.25
2051-12-30,26.3,19.0,0.5
2051-12-31,25.5,19.0,7.525000000000002
2052-01-01,28.7,18.1,0.0
2052-01-02,25.1,18.7,2.020242537313433
2052-01-03,27.2,19.0,0.8
2052-01-04,30.6,19.3,17.320522388059697
2052-01-05,27.3,19.2,22.0
2052-01-06,26.0,18.9,0.0
2052-01-07,30.0,17.9,0.5
2052-01-08,29.9,18.9,0.6
2052-01-09,29.2,18.4,0.0
2052-01-10,29.5,18.1,0.0
2052-01-11,30.8,18.9,7.6
2052-01-12,30.6,18.9,21.890049751243765
2052-01-13,30.4,18.7,16.4
2052-01-14,29.7,19.5,16.293532338308452
2052-01-15,26.6,19.3,16.4
2052-01-16,26.0,19.4,11.59141791044776
2052-01-17,27.5,19.4,7.683535447761192
2052-01-18,28.2,18.9,40.26423650975889
2052-01-19,27.9,19.0,15.221268656716402
2052-01-20,25.9,18.6,9.671828358208954
2052-01-21,29.1,19.2,31.231156716417907
2052-01-22,28.5,18.8,20.934514925373136
2052-01-23,27.01073433186743,18.9,29.980946828358185
2052-01-24,26.8,19.0,56.89299655568303
2052-01-25,28.421405000970545,19.3,33.44720149253731
2052-01-26,26.3,19.3,0.0
2052-01-27,29.3,19.5,12.454104477611944
2052-01-28,29.7,18.9,1.0
2052-01-29,30.2,19.167767599122772,0.0
2052-01-30,29.2,19.8,27.82442786069651
2052-01-31,29.8,19.3,33.598041044776096
2052-02-01,31.4,18.7,29.234894613583133
2052-02-02,29.9,19.0,31.0
2052-02-03,28.5,19.0,29.970199063231853
2052-02-04,24.79871374652364,18.848240679333834,41.9560126260055
2052-02-05,25.1,18.9,1.8447306791569091
2052-02-06,27.8,18.9,0.0
2052-02-07,28.0,18.8,2.0
2052-02-08,30.0,19.0,16.967915690866512
2052-02-09,27.5,19.0,14.059953161592505
2052-02-10,29.0,18.6,0.0
2052-02-11,30.2,18.6,0.0
2052-02-12,27.8,18.9,15.6
2052-02-13,29.0,18.6,27.978922716627633
2052-02-14,30.1,18.7,15.2
2052-02-15,26.817516928839918,18.8,12.2
2052-02-16,25.5,18.94416289839776,2.173067915690867
2052-02-17,28.4,18.7,0.0
2052-02-18,30.5,18.4,0.0
2052-02-19,29.0,19.144834385438266,0.0
2052-02-20,28.9,18.6,0.0
2052-02-21,27.0,18.4,0.0
2052-02-22,30.0,17.4,0.0
2052-02-23,30.7,18.0,0.0
2052-02-24,31.2,17.7,0.0
2052-02-25,31.704761264427525,18.32005459648583,6.2255269320843105
2052-02-26,29.0,18.9,6.448711943793912
2052-02-27,30.9,19.07991149308382,9.9
2052-02-28,27.0,19.1,33.5941451990633
2052-03-01,22.7,18.5,8.901204819277114
2052-03-02,23.6,18.2,1.2
2052-03-03,26.73370786516854,18.6,0.0
2052-03-04,27.2,17.5,0.0
2052-03-05,27.5,16.8,0.0
2052-03-06,28.0,15.9,0.0
2052-03-07,28.964516129032262,14.750863237946103,0.0
2052-03-08,29.9,14.8,0.0
2052-03-09,29.6,16.0,0.0
2052-03-10,29.5,15.9,0.0
2052-03-11,29.9,15.9,0.0
2052-03-12,29.0,16.5,0.0
2052-03-13,29.006249999999998,16.7,0.0
2052-03-14,28.027272727272724,17.4,0.0
2052-03-15,29.0,19.0,0.0
2052-03-16,29.9,17.8,0.0
2052-03-17,28.89423076923077,17.6,0.0
2052-03-18,28.8,17.2,0.0
2052-03-19,30.1,15.9,0.0
2052-03-20,31.9,17.4,0.0
2052-03-21,31.6,19.4,0.0
2052-03-22,31.2,18.4,0.0
2052-03-23,31.0,17.1,0.0
2052-03-24,31.0,17.9,0.0
2052-03-25,30.7,17.1,0.0
2052-03-26,29.992631578947364,17.2,0.0
2052-03-27,30.130303030303036,15.7,0.0
2052-03-28,29.9,16.8,0.0
2052-03-29,30.5,17.8,0.0
2052-03-30,30.7,16.4,0.0
2052-03-31,31.8,16.7,0.0
2052-04-01,32.49941860465117,18.2,0.0
2052-04-02,31.79058823529412,19.0,19.755555555555556
2052-04-03,29.5,16.9,1.7
2052-04-04,29.9,15.5,0.0
2052-04-05,30.740000000000002,17.0,0.0
2052-04-06,31.4,16.8,0.0
2052-04-07,31.76235294117647,18.4,0.0
2052-04-08,32.502797202797204,17.6,0.0
2052-04-09,32.529370629370625,18.4,0.0
2052-04-10,29.9,18.8,10.620606060606066
2052-04-11,30.4,17.8,0.0
2052-04-12,30.6,18.0,0.0
2052-04-13,29.336470588235294,17.0,0.0
2052-04-14,29.4,16.0,0.0
2052-04-15,29.0,15.7,0.0
2052-04-16,29.3,15.9,0.0
2052-04-17,29.8,18.0,0.0
2052-04-18,30.7,17.4,0.0
2052-04-19,29.5,17.0,0.0
2052-04-20,28.2,16.0,0.0
2052-04-21,30.7,14.7,0.0
2052-04-22,31.6,14.7,0.0
2052-04-23,30.0,17.2,0.0
2052-04-24,28.512121212121215,16.7,0.0
2052-04-25,25.9,17.5,0.0
2052-04-26,29.0,15.2,0.0
2052-04-27,28.5,15.4,0.0
2052-04-28,29.688235294117643,14.7,0.0
2052-04-29,31.4,15.7,0.0
2052-04-30,32.0,16.031550802139037,0.0
2052-05-01,31.973130472502927,16.2,0.0
2052-05-02,30.0,16.9,0.0
2052-05-03,29.435133784407192,14.9,0.0
2052-05-04,29.064787849394943,14.0,0.0
2052-05-05,29.04228226025857,16.122432723358436,0.0
2052-05-06,30.0,13.6,0.0
2052-05-07,30.7,14.5,0.0
2052-05-08,30.7,16.58116399992701,0.0
2052-05-09,30.550779952929147,16.5,0.0
2052-05-10,30.4,16.7,0.0
2052-05-11,30.8,15.3,0.0
2052-05-12,30.0,16.5,0.0
2052-05-13,27.6,15.091575261271801,0.0
2052-05-14,28.2,13.9,0.0
2052-05-15,29.1,13.8,0.0
2052-05-16,29.5,12.9,0.0
2052-05-17,29.9,12.3,0.0
2052-05-18,28.7,13.6,0.0
2052-05-19,28.2,13.0,0.0
2052-05-20,26.4,11.7,0.0
2052-05-21,23.5,16.752458074870624,0.0
2052-05-22,26.602591251590162,16.942499078087405,0.0
2052-05-23,27.2,16.82500737043461,0.0
2052-05-24,29.0,14.9,0.0
2052-05-25,30.0,13.6,0.0
2052-05-26,29.1,15.2,0.0
2052-05-27,26.787949407965552,13.4,0.0
2052-05-28,26.2,11.3,0.0
2052-05-29,27.2,12.9,0.0
2052-05-30,26.4,12.5,0.0
2052-05-31,25.9,12.035844994617861,0.0
2052-06-01,26.9,12.9,0.0
2052-06-02,26.720031603131215,13.0,0.0
2052-06-03,26.2,12.5,0.0
2052-06-04,26.60985693675041,11.0,0.0
2052-06-05,28.9,11.0,0.0
2052-06-06,30.4,12.034380494456212,0.0
2052-06-07,30.321240804077924,14.0,0.0
2052-06-08,28.6,15.94684230041177,0.0
2052-06-09,27.33155256220763,14.3,0.0
2052-06-10,26.4,12.7,0.0
2052-06-11,25.9,12.0,0.0
2052-06-12,26.2,11.0,0.0
2052-06-13,26.5,8.0,0.0
2052-06-14,26.2,10.9,0.0
2052-06-15,25.2,12.810976481805188,0.0
2052-06-16,25.7,11.5,0.0
2052-06-17,23.9,12.7,0.0
2052-06-18,22.9,12.1,0.0
2052-06-19,25.4,12.3,0.0
2052-06-20,25.720865776789022,10.1,0.0
2052-06-21,26.5,10.8,0.0
2052-06-22,26.253966727839906,11.7,0.0
2052-06-23,24.6,12.1,0.0
2052-06-24,22.6,11.0,0.0
2052-06-25,24.7,11.5,0.0
2052-06-26,25.5,12.4,0.0
2052-06-27,26.1,11.2,0.0
2052-06-28,27.0,11.0,0.0
2052-06-29,27.9,11.8,0.0
2052-06-30,28.0,12.114417911154241,0.0
2052-07-01,29.1,15.0,0.0
2052-07-02,29.02467246763557,14.8650384172822,0.0
2052-07-03,28.539238657888358,14.4,0.0
2052-07-04,26.7,15.0,0.0
2052-07-05,25.9,12.4,0.0
2052-07-06,26.9,12.4,0.0
2052-07-07,28.1,12.9,0.0
2052-07-08,27.2,13.8,0.0
2052-07-09,26.8,12.257848632196282,0.0
2052-07-10,27.5,9.9,0.0
2052-07-11,22.9,15.0,0.0
2052-07-12,18.021264136683232,13.426083346147927,0.0
2052-07-13,18.1,9.2,0.0
2052-07-14,22.1,9.1,0.0
2052-07-15,23.0,8.5,0.0
2052-07-16,25.4,9.4,0.0
2052-07-17,26.0,10.0,0.0
2052-07-18,26.7,11.5,0.0
2052-07-19,26.6,11.6,0.0
2052-07-20,26.7,11.2,0.0
2052-07-21,26.8,11.3,0.0
2052-07-22,23.4,13.3,0.0
2052-07-23,20.780767850735558,13.0,0.0
2052-07-24,24.5,10.5,0.0
2052-07-25,25.7,9.1,0.0
2052-07-26,26.6,11.2,0.0
2052-07-27,27.9,11.7,0.0
2052-07-28,28.2,12.2,0.0
2052-07-29,27.016180643898608,12.9,0.0
2052-07-30,26.021876293781556,12.118802376111312,0.0
2052-07-31,26.821151776103328,10.8,0.0
2052-08-01,26.6,12.0,0.0
2052-08-02,26.7,12.3,0.0
2052-08-03,24.3,13.5,0.0
2052-08-04,24.9,11.5,0.0
2052-08-05,25.2,11.3,0.0
2052-08-06,27.4,11.8,0.0
2052-08-07,28.7,13.4,0.0
2052-08-08,30.708921136543644,14.3,0.0
2052-08-09,31.6,16.6,0.0
2052-08-10,32.5,17.639531644735396,0.0
2052-08-11,32.93102774893548,18.3,0.0
2052-08-12,33.1,18.500278782307916,0.0
2052-08-13,31.0,19.27232854718942,0.0
2052-08-14,28.2,16.9,0.0
2052-08-15,28.7,15.5,0.0
2052-08-16,29.0,14.4,0.0
2052-08-17,29.0,13.6,0.0
2052-08-18,29.6,13.2,0.0
2052-08-19,30.2,14.5,0.0
2052-08-20,31.2,15.1,0.0
2052-08-21,31.9,15.9,0.0
2052-08-22,32.29378917875006,16.9,0.0
2052-08-23,32.00243272335845,17.2,0.0
2052-08-24,31.4,18.0,0.0
2052-08-25,30.84950269106566,16.7,0.0
2052-08-26,33.1,16.9,0.0
2052-08-27,34.41787116484254,16.9,0.0
2052-08-28,36.13195444367178,16.84270357162231,0.0
2052-08-29,36.699485603597246,18.912105901712593,0.0
2052-08-30,36.122105746753164,25.63232421875,0.0
2052-08-31,36.96047607193632,18.372779710008185,0.0
2052-09-01,33.7,18.3,0.0
2052-09-02,32.9,18.3,0.0
2052-09-03,33.0,17.8,0.0
2052-09-04,34.68671802461873,17.3,0.0
2052-09-05,35.3,17.0,0.0
2052-09-06,40.3203125,17.9,0.0
2052-09-07,40.17626953125,20.0,0.0
2052-09-08,39.34375,20.4,0.0
2052-09-09,34.8,21.227159258698578,0.0
2052-09-10,34.2,20.409002717044444,0.0
2052-09-11,34.7,20.10415269183758,0.0
2052-09-12,34.99583570222058,18.7,0.0
2052-09-13,34.8,20.2,0.0
2052-09-14,34.6,20.414148855575583,0.0
2052-09-15,34.6,19.5,0.0
2052-09-16,35.3,19.5,0.0
2052-09-17,36.0,20.311953689412693,0.0
2052-09-18,35.1,20.5,0.0
2052-09-19,35.1,20.2,0.0
2052-09-20,35.1,20.2,0.0
2052-09-21,34.94398797017263,19.3,0.0
2052-09-22,35.3,19.5,0.0
2052-09-23,35.33471522665634,20.453432555042692,0.0
2052-09-24,35.4,20.1,0.0
2052-09-25,36.0,20.352466067165775,0.0
2052-09-26,38.05184838946334,20.5,0.0
2052-09-27,39.5322265625,20.5,0.0
2052-09-28,39.53515625,20.6,0.0
2052-09-29,36.0,21.5511997298546,0.0
2052-09-30,35.3,21.38724929188216,0.0
2052-10-01,34.0,18.9,0.0
2052-10-02,33.2,20.0,0.0
2052-10-03,31.4,19.0,0.0
2052-10-04,31.4,17.9,0.0
2052-10-05,33.8,16.9,0.0
2052-10-06,34.5,19.2,0.0
2052-10-07,34.2,20.2,0.0
2052-10-08,36.0,19.0,0.0
2052-10-09,37.019370366439745,20.2,0.0
2052-10-10,38.028651308792455,20.7,0.0
2052-10-11,37.2,21.0,0.0
2052-10-12,37.06406176564228,21.0,0.0
2052-10-13,35.8,20.7,0.0
2052-10-14,34.8,19.0,0.0
2052-10-15,35.5,18.0,0.0
2052-10-16,38.06860831619856,19.1,0.0
2052-10-17,37.53543033188925,21.6,0.0
2052-10-18,32.3748058068833,20.7,0.0
2052-10-19,30.0,17.9,0.0
2052-10-20,32.3,17.9,0.0
2052-10-21,35.5,17.4,0.0
2052-10-22,38.0,17.9,0.0
2052-10-23,38.80283203125,20.0,0.0
2052-10-24,38.2814329360654,22.1,0.0
2052-10-25,35.5,22.0,0.0
2052-10-26,36.61935145317544,21.88024757804089,0.0
2052-10-27,37.2,21.6,0.0
2052-10-28,38.29046750417354,21.4,0.0
2052-10-29,38.83603515625,22.0,0.0
2052-10-30,38.14451731628236,23.364108515211214,0.0
2052-10-31,38.591162109375,23.265919263874036,0.0
2052-11-01,37.4230136465992,23.0,0.0
2052-11-02,37.387319243604,21.7,0.0
2052-11-03,37.8868982394231,22.1,0.0
2052-11-04,37.9643363123777,22.290588436206217,0.0
2052-11-05,37.87905534885503,22.97490823027894,0.0
2052-11-06,34.9,22.3,0.0
2052-11-07,36.759817751880306,22.151241446725322,0.0
2052-11-08,37.46551948100424,23.327723954387565,0.0
2052-11-09,36.74932338359766,24.153662109375,0.0
2052-11-10,36.4,21.3,0.0
2052-11-11,33.5,23.0,0.0
2052-11-12,34.0,19.4,1.6
2052-11-13,30.0,18.7,17.950000000000003
2052-11-14,30.6,19.0,15.659999999999998
2052-11-15,30.2,19.5,2.5
2052-11-16,27.5,18.5,1.0666666666666669
2052-11-17,29.6,18.2,25.76
2052-11-18,28.9,18.5,5.3
2052-11-19,29.0,18.884809297310586,12.034375
2052-11-20,27.0,18.9,60.5
2052-11-21,27.1,18.7,5.3
2052-11-22,29.9,19.0,40.92162162162162
2052-11-23,25.6,18.4,5.4
2052-11-24,24.4,18.0,40.36666666666668
2052-11-25,24.0,17.9,13.2
2052-11-26,23.2637686087593,18.0,6.483333333333333
2052-11-27,25.6,18.4,9.611111111111116
2052-11-28,25.2,17.9,0.0
2052-11-29,26.77888306230909,18.0,0.0
2052-11-30,27.205427841634737,17.9,0.0
2052-12-01,28.0,18.6,0.0
2052-12-02,29.0,17.9,0.0
2052-12-03,30.0,16.6,0.0
2052-12-04,30.1,16.5,0.0
2052-12-05,29.2,18.0,0.0
2052-12-06,27.779547900968783,18.3,0.0
2052-12-07,30.0,19.2,0.0
2052-12-08,31.0,18.4,0.0
2052-12-09,31.5,18.5,0.0
2052-12-10,31.6,18.2,0.0
2052-12-11,30.4,19.938727124007237,0.0
2052-12-12,27.80734742855126,19.2,0.0
2052-12-13,30.4,18.7,0.0
2052-12-14,31.6,18.5,0.0
2052-12-15,30.7,20.3,0.0
2052-12-16,28.7,19.7,0.0
2052-12-17,30.8,18.6,0.0
2052-12-18,32.0,18.56100160893396,0.0
2052-12-19,31.7,19.0,0.0
2052-12-20,31.3,18.7,0.0
2052-12-21,32.21609751543242,18.6,0.0
2052-12-22,33.137593514246554,19.0,0.0
2052-12-23,33.86603165402944,20.064260603514278,0.0
2052-12-24,34.1497558014369,20.276731953823923,0.0
2052-12-25,32.4,19.9,1.0
2052-12-26,31.8,19.748129162823524,0.0
2052-12-27,31.6,19.9,0.0
2052-12-28,32.0,20.193461308891955,1.3
2052-12-29,31.2,20.004767215579317,0.0
2052-12-30,30.5,19.6,1.65
2052-12-31,29.7,19.7,1.1
2053-01-01,29.6,19.5,7.658395522388057
2053-01-02,29.9,19.331317875188187,35.046828358208955
2053-01-03,24.8,19.0,13.431094527363186
2053-01-04,30.4,18.8,0.0
2053-01-05,31.1948662747371,18.5,0.0
2053-01-06,31.0,18.1,0.0
2053-01-07,30.344373274787113,18.7,0.0
2053-01-08,31.2,17.3,0.0
2053-01-09,31.561013249097112,18.1,0.8
2053-01-10,31.2,19.0,0.0
2053-01-11,30.9,19.4,8.261194029850744
2053-01-12,30.9,19.0,1.0
2053-01-13,31.869831983900404,18.7,0.0
2053-01-14,32.6,18.5,0.0
2053-01-15,36.39081872248077,19.9,0.0
2053-01-16,30.2,20.940075683593747,5.0
2053-01-17,30.6,19.769943717172566,0.0
2053-01-18,31.72205204825542,20.31551259874558,0.0
2053-01-19,31.8,19.81416254656421,0.0
2053-01-20,31.9,20.320617052928164,0.0
2053-01-21,32.70873460755946,20.871746826171872,0.0
2053-01-22,32.6,21.297985839843747,0.0
2053-01-23,37.472119140625,22.834606933593747,0.0
2053-01-24,32.0,20.81171875,4.6
2053-01-25,31.8,19.649135778387016,8.060074626865674
2053-01-26,31.7,19.76675066653275,0.0
2053-01-27,30.9,19.8,9.0
2053-01-28,29.5,19.7,7.2
2053-01-29,28.5,19.6,16.293532338308452
2053-01-30,31.525382356195898,18.8,0.0
2053-01-31,31.8,19.6,0.0
2053-02-01,32.9,19.7,2.393676814988293
2053-02-02,31.9,19.4,27.852693208430917
2053-02-03,27.6,19.428485249971953,9.3
2053-02-04,27.465891934843064,19.2,41.97831178087771
2053-02-05,29.9,19.0,28.162997658079625
2053-02-06,29.0,19.4,39.07417500532257
2053-02-07,29.5,18.9,2.4
2053-02-08,30.9,18.8,0.0
2053-02-09,31.209244101436195,19.833594302898472,0.0
2053-02-10,31.991640175317244,19.0,0.6
2053-02-11,32.898302814989336,18.8,0.0
2053-02-12,32.83920230463734,18.64296337146212,1.0339578454332554
2053-02-13,29.0,18.9,0.0
2053-02-14,31.2,18.8,1.4
2053-02-15,31.2,19.4,9.3
2053-02-16,31.600716068235993,19.380866051057374,0.0
2053-02-17,32.62251390544298,19.0,4.4
2053-02-18,33.938808798372264,19.020439036529602,8.390632318501176
2053-02-19,32.3910701207691,19.603356196099334,7.582201405152227
2053-02-20,30.4,19.2,27.066242890598865
2053-02-21,31.23429167846488,18.9,0.0
2053-02-22,31.0,18.9,0.0
2053-02-23,30.4,19.668531902591315,0.0
2053-02-24,29.0,19.83247604554033,0.0
2053-02-25,32.77381771694412,19.0,2.0
2053-02-26,31.8,19.30297691464143,6.4
2053-02-27,30.155128094735264,19.268120466982904,29.769437939110087
2053-02-28,28.0,19.0,38.28401107089637
2053-03-01,30.401020408163266,18.8,25.302282815472417
2053-03-02,28.0,18.9,27.91984781230186
2053-03-03,30.0,19.012854713655017,17.95361445783133
2053-03-04,30.4,19.0,13.031325301204829
2053-03-05,30.2,19.0,17.417349397590364
2053-03-06,29.6,19.4,17.568674698795192
2053-03-07,29.2,18.7,21.782788296041314
2053-03-08,29.0,19.0,28.525645438898476
2053-03-09,29.6,19.4,17.909638554216873
2053-03-10,29.0,19.0,0.6
2053-03-11,30.0,18.4,0.0
2053-03-12,30.4,17.5,0.0
2053-03-13,29.0,19.9,0.0
2053-03-14,28.05909090909091,19.9,0.0
2053-03-15,28.9,19.299606137117852,0.0
2053-03-16,29.8,18.3,0.0
2053-03-17,30.1,17.30106104874673,0.0
2053-03-18,30.5,17.6,0.0
2053-03-19,31.0,16.753770657886403,0.0
2053-03-20,31.0,16.6,0.0
2053-03-21,28.2,18.3,2.5
2053-03-22,28.7,18.3,9.948795180722895
2053-03-23,29.9,17.8,0.0
2053-03-24,29.6,17.7,0.0
2053-03-25,29.8,17.7,0.0
2053-03-26,30.4,19.8,0.0
2053-03-27,30.9,19.782891192610627,0.0
2053-03-28,30.8,19.4,0.0
2053-03-29,30.7,19.9,0.0
2053-03-30,30.2,19.726897492943653,0.0
2053-03-31,30.2,17.1,0.0
2053-04-01,30.30526315789474,15.5,0.0
2053-04-02,31.9,14.8,0.0
2053-04-03,30.4,19.0,35.87610202746894
2053-04-04,29.5,16.6,1.7
2053-04-05,27.7,16.6,5.412727272727272
2053-04-06,24.6,18.0,23.825714285714277
2053-04-07,26.965573770491805,14.9,0.0
2053-04-08,28.5,12.4,0.0
2053-04-09,29.6,16.9,0.0
2053-04-10,29.2,16.81163636363636,0.0
2053-04-11,29.8,15.9,0.0
2053-04-12,29.4,17.4,0.0
2053-04-13,28.2,15.9,0.0
2053-04-14,29.4,15.0,0.0
2053-04-15,28.2,17.3,0.0
2053-04-16,29.320000000000004,18.4,0.0
2053-04-17,28.9,18.8,0.0
2053-04-18,30.0,20.20927734375,0.0
2053-04-19,29.9,18.92889812889812,0.0
2053-04-20,30.0,18.6,0.0
2053-04-21,29.9,17.6,0.0
2053-04-22,29.8,17.3,0.0
2053-04-23,28.9,17.4,0.0
2053-04-24,28.9,18.5,0.0
2053-04-25,28.9,16.9,0.0
2053-04-26,30.5,17.4,0.0
2053-04-27,32.02196261682243,17.699785407725305,0.0
2053-04-28,33.2,17.5,0.0
2053-04-29,32.28070175438596,17.99642857142857,0.0
2053-04-30,29.9,17.4,0.0
2053-05-01,30.7,16.73454183175685,0.0
2053-05-02,30.8,16.9,0.0
2053-05-03,30.9,16.9,0.0
2053-05-04,31.0,16.9,0.0
2053-05-05,27.5,17.5,0.0
2053-05-06,27.5,16.9,0.0
2053-05-07,29.2,14.956964477933248,0.0
2053-05-08,30.8,16.245905381367887,0.0
2053-05-09,31.0,20.127197265625,0.0
2053-05-10,31.7,21.601318359375,0.0
2053-05-11,32.50073933488187,19.5498046875,0.0
2053-05-12,33.8,18.84355877382614,0.0
2053-05-13,34.546826171875,17.783967723398902,0.0
2053-05-14,30.7,18.274446152095834,0.0
2053-05-15,29.2,17.0,0.0
2053-05-16,27.9,16.2,0.0
2053-05-17,26.0,14.233145955427965,0.0
2053-05-18,26.8,12.6,0.0
2053-05-19,30.8,13.0,0.0
2053-05-20,31.358100263195535,15.2,0.0
2053-05-21,30.7,16.7,0.0
2053-05-22,30.7,16.0,0.0
2053-05-23,29.754811100317674,14.6,0.0
2053-05-24,29.8,16.5,0.0
2053-05-25,29.4,16.368744096131437,0.0
2053-05-26,27.191137423753133,14.6,0.0
2053-05-27,28.3,13.6,0.0
2053-05-28,27.9,14.6,0.0
2053-05-29,26.6,14.198458557588792,0.0
2053-05-30,27.2,13.2,0.0
2053-05-31,28.1,12.9,0.0
2053-06-01,28.6,13.2,0.0
2053-06-02,27.3,14.611545235446792,0.0
2053-06-03,27.0,12.96864153266305,0.0
2053-06-04,28.0,10.9,0.0
2053-06-05,29.2,13.5,0.0
2053-06-06,30.5,14.550115912800312,0.0
2053-06-07,30.5,16.45161354514084,0.0
2053-06-08,30.515409303468655,20.712841796875,0.0
2053-06-09,30.4,20.177685546875,0.0
2053-06-10,30.268634931855775,17.02010698970589,0.0
2053-06-11,30.320804701658826,15.354588837556742,0.0
2053-06-12,30.4,13.0,0.0
2053-06-13,29.110228536758036,14.043022364662448,0.0
2053-06-14,27.8,13.53363645746133,0.0
2053-06-15,20.1,13.2,0.0
2053-06-16,24.6,12.0,0.0
2053-06-17,24.9,9.0,0.0
2053-06-18,26.4,6.5,0.0
2053-06-19,28.5,5.9,0.0
2053-06-20,28.7290582213138,5.5,0.0
2053-06-21,28.5,10.5,0.0
2053-06-22,25.4,12.292922335358385,0.0
2053-06-23,25.3,11.0,0.0
2053-06-24,26.2,11.5,0.0
2053-06-25,27.8,11.6,0.0
2053-06-26,28.0,12.5,0.0
2053-06-27,28.5,12.4,0.0
2053-06-28,29.0,12.9,0.0
2053-06-29,29.9,13.909893440376614,0.0
2053-06-30,29.9,13.5,0.0
2053-07-01,31.08374435679509,15.0,0.0
2053-07-02,30.54383153226757,15.0,0.0
2053-07-03,30.0,15.025884113523585,0.0
2053-07-04,27.2,16.0,0.0
2053-07-05,26.7,13.801897514206315,0.0
2053-07-06,28.1,13.4,0.0
2053-07-07,29.2,12.7,0.0
2053-07-08,28.5,15.062728644127297,0.0
2053-07-09,26.2,14.2,0.0
2053-07-10,22.0,10.0,0.0
2053-07-11,26.0,8.8,0.0
2053-07-12,27.0,9.9,0.0
2053-07-13,28.2,10.0,0.0
2053-07-14,29.1,11.2,0.0
2053-07-15,28.1,15.020396965003016,0.0
2053-07-16,28.3,13.763865942598656,0.0
2053-07-17,27.332420001957136,13.9,0.0
2053-07-18,26.7,13.910465255352229,0.0
2053-07-19,27.0,12.9,0.0
2053-07-20,28.1,13.0,0.0
2053-07-21,29.08073913239224,12.9,0.0
2053-07-22,29.990609780932683,11.8,0.0
2053-07-23,30.551710179456673,9.8,0.0
2053-07-24,27.9,15.3,0.0
2053-07-25,29.00292631688599,12.4,0.0
2053-07-26,30.616967303242397,12.2,0.0
2053-07-27,29.2,15.3,0.0
2053-07-28,28.400906105653263,13.9,0.0
2053-07-29,29.2,13.0,0.0
2053-07-30,29.2,15.3,0.0
2053-07-31,29.2,14.399405625497257,0.0
2053-08-01,30.71681560614984,13.2,0.0
2053-08-02,29.5,16.3,0.0
2053-08-03,29.1,13.9,0.0
2053-08-04,29.2,14.5,0.0
2053-08-05,27.0,15.7,0.0
2053-08-06,28.1,14.0,0.0
2053-08-07,30.5,12.0,0.0
2053-08-08,31.4,14.5,0.0
2053-08-09,29.6,17.4,0.0
2053-08-10,28.2,16.0,0.0
2053-08-11,28.9,13.9,0.0
2053-08-12,30.834912091855035,12.2,0.0
2053-08-13,30.5,15.0,0.0
2053-08-14,30.0,14.7,0.0
2053-08-15,30.0,15.8,0.0
2053-08-16,28.6,16.0,0.0
2053-08-17,28.9,15.6,0.0
2053-08-18,29.9,15.9,0.0
2053-08-19,31.2,16.4,0.0
2053-08-20,32.1,16.9,0.0
2053-08-21,32.9,17.401456795725174,0.0
2053-08-22,35.5121020813668,17.4,0.0
2053-08-23,36.59422765528145,18.13717218980586,0.0
2053-08-24,32.51084454717226,27.2861328125,0.0
2053-08-25,29.5,18.906681266471168,0.0
2053-08-26,31.2,16.0,0.0
2053-08-27,34.77868193272091,16.9,0.0
2053-08-28,36.431108612569496,18.781864146126125,0.0
2053-08-29,31.65327673940698,26.55078125,0.0
2053-08-30,31.5,19.0,0.0
2053-08-31,33.05965908253092,18.424384700165962,0.0
2053-09-01,33.4,17.5,0.0
2053-09-02,32.8,18.6,0.0
2053-09-03,33.52464758822935,18.3,0.0
2053-09-04,33.5,20.0,0.0
2053-09-05,33.0,20.1,0.0
2053-09-06,32.9,19.3,0.0
2053-09-07,30.9,18.654483961158046,0.0
2053-09-08,29.7,17.450021849674243,0.0
2053-09-09,31.7,15.4,0.0
2053-09-10,34.0,15.2,0.0
2053-09-11,35.3,14.9,0.0
2053-09-12,32.5,20.5,0.0
2053-09-13,30.8,19.000564118862233,0.0
2053-09-14,30.9,17.882104560622917,0.0
2053-09-15,32.0,17.0,0.0
2053-09-16,32.9,17.701899079785626,0.0
2053-09-17,33.9,18.7,0.0
2053-09-18,34.7,19.5,0.0
2053-09-19,35.3,20.112491699691677,0.0
2053-09-20,36.14382602351691,20.5,0.0
2053-09-21,36.11255617352614,21.696544519889713,0.0
2053-09-22,36.0,21.692157104904698,0.0
2053-09-23,36.0,21.2147342104859,0.0
2053-09-24,36.0,21.248691304146963,0.0
2053-09-25,35.3,20.5,0.0
2053-09-26,36.0,19.7,0.0
2053-09-27,35.3,20.6,0.0
2053-09-28,36.0,20.5,0.0
2053-09-29,39.368896484375,20.0,0.0
2053-09-30,35.3,21.232589464954486,0.0
2053-10-01,32.5,19.2,0.0
2053-10-02,30.2,19.1,0.0
2053-10-03,28.8,18.0,0.0
2053-10-04,29.9,17.2,0.0
2053-10-05,34.5,17.9,0.0
2053-10-06,35.5,19.4,0.0
2053-10-07,36.0,21.7,0.0
2053-10-08,35.2,21.2,0.0
2053-10-09,37.023970951651776,20.2,0.0
2053-10-10,38.0,21.6,0.0
2053-10-11,36.7,21.9,0.0
2053-10-12,35.46597416576964,21.842211287098248,0.0
2053-10-13,35.4,21.203371367061354,0.0
2053-10-14,38.15597352120297,20.3,0.0
2053-10-15,38.30965431891866,21.885933415346752,0.0
2053-10-16,38.24641234216171,21.7,0.0
2053-10-17,38.15243420586166,21.9,0.0
2053-10-18,39.8912109375,22.0,0.0
2053-10-19,38.920751953125,23.411908457277306,0.0
2053-10-20,37.2,23.35749403674152,0.0
2053-10-21,36.222552259366026,21.9,0.0
2053-10-22,37.44315827318112,23.250184738021105,0.0
2053-10-23,34.8,23.35899262951981,0.0
2053-10-24,33.4,21.6,0.0
2053-10-25,33.9,21.1,30.430947368421077
2053-10-26,32.5,20.2,31.62884210526318
2053-10-27,29.7,20.0,2.7288
2053-10-28,33.9,20.7,30.679789473684217
2053-10-29,29.0,19.4,85.9
2053-10-30,15.73212890625,18.0,20.540000000000006
2053-10-31,16.814892578125,16.7,0.0
2053-11-01,28.7,16.6,0.0
2053-11-02,30.0,16.7,0.0
2053-11-03,30.9,18.9,0.0
2053-11-04,30.2,18.2,0.0
2053-11-05,30.9,17.4,0.0
2053-11-06,32.4,16.5,0.0
2053-11-07,31.9,18.0,0.0
2053-11-08,33.4,17.6,0.0
2053-11-09,35.45534564817009,18.5,0.0
2053-11-10,35.6,19.7,0.0
2053-11-11,35.398368557656646,19.6,0.0
2053-11-12,37.2,18.5,0.0
2053-11-13,37.689654613445406,20.0,0.0
2053-11-14,37.39914159364063,21.0,0.0
2053-11-15,34.81469509576096,21.3,0.0
2053-11-16,35.7,21.421500321075342,0.0
2053-11-17,30.2,19.5,0.0
2053-11-18,30.21411091689178,18.4,5.8
2053-11-19,24.4,17.9,2.8
2053-11-20,27.9,17.5,0.0
2053-11-21,30.0,16.5,0.0
2053-11-22,30.7,15.6,0.0
2053-11-23,31.0,17.5,0.0
2053-11-24,32.1,18.2,0.0
2053-11-25,34.6480576709164,19.2,0.0
2053-11-26,33.2,21.3,0.0
2053-11-27,31.5,18.7,1.2
2053-11-28,30.2,18.4,0.0
2053-11-29,31.748639345554555,18.5,0.0
2053-11-30,31.73249192015625,18.7,0.0
2053-12-01,32.41190572613606,19.0,0.0
2053-12-02,33.1,19.6,0.0
2053-12-03,33.97850163829706,22.10218105821894,0.0
2053-12-04,32.8317522090396,19.9,1.05
2053-12-05,30.1,19.8,6.4
2053-12-06,31.581115009855584,19.4,0.0
2053-12-07,33.0488224946835,19.5,0.0
2053-12-08,33.1,20.412799301813713,0.0
2053-12-09,31.1,20.3,0.0
2053-12-10,31.8,20.304499297551462,0.0
2053-12-11,33.1,21.0,0.0
2053-12-12,32.59870025545039,23.24917602539062,0.0
2053-12-13,33.1,22.37500988314453,0.0
2053-12-14,33.7,23.32742309570312,0.0
2053-12-15,33.106181488479855,22.704192832731007,0.0
2053-12-16,33.1,21.95744869377654,0.0
2053-12-17,33.1,20.3,0.0
2053-12-18,33.81612096192286,20.0,0.5333333333333335
2053-12-19,31.71623907468901,19.75022538325563,11.4
2053-12-20,30.5,19.5,32.7
2053-12-21,29.9,19.5,34.18947368421055
2053-12-22,28.9,19.2,14.8
2053-12-23,29.8,19.4,29.849999999999998
2053-12-24,27.6,19.4,57.71538461538461
2053-12-25,25.0,18.4,32.949999999999996
2053-12-26,24.3,18.0,2.4
2053-12-27,24.533529854352935,18.31552774032094,13.913333333333325
2053-12-28,25.729999171979795,19.2,1.7
2053-12-29,25.0,19.0,0.0
2053-12-30,26.770686955670808,19.2,0.0
2053-12-31,28.2,19.0,0.0
2054-01-01,29.7,18.8,7.658395522388057
2054-01-02,29.9,19.3,3.4990671641791042
2054-01-03,29.7,19.0,4.819216417910448
2054-01-04,28.6,18.9,7.051119402985072
2054-01-05,27.9,18.9,39.76082089552238
2054-01-06,25.4,18.8,29.66669776119405
2054-01-07,26.1,18.7,1.4
2054-01-08,28.5,18.1,0.0
2054-01-09,29.9,19.4,0.0
2054-01-10,29.0,18.9,0.0
2054-01-11,30.3,18.7,0.0
2054-01-12,28.9,19.8,0.0
2054-01-13,29.481313821895082,18.5,0.0
2054-01-14,30.2,17.3,0.0
2054-01-15,30.9,16.493804424731575,0.0
2054-01-16,31.2,18.8,0.0
2054-01-17,30.7,18.8,0.0
2054-01-18,29.8,19.0,0.0
2054-01-19,30.3,19.4,0.0
2054-01-20,31.1,19.4,0.0
2054-01-21,31.0,18.9,0.0
2054-01-22,29.9,19.3,0.0
2054-01-23,29.9,19.5,0.0
2054-01-24,30.0,18.4,0.0
2054-01-25,30.9,18.8,0.0
2054-01-26,31.1,19.62697248273852,0.0
2054-01-27,31.9,19.6,0.0
2054-01-28,32.0,19.4,0.0
2054-01-29,36.903271484375,19.0,0.0
2054-01-30,35.4931574702487,19.648283343938996,0.0
2054-01-31,31.6,20.401603575995363,0.0
2054-02-01,31.9,19.56199175201894,0.0
2054-02-02,31.9,19.31556997906464,0.0
2054-02-03,32.7,19.886077291893518,0.0
2054-02-04,32.97881960947765,19.97467920747986,0.0
2054-02-05,32.8,21.3438232421875,0.0
2054-02-06,34.202895769570816,20.043987098345838,0.0
2054-02-07,37.245166015625,20.154287194001864,0.0
2054-02-08,36.95146484375,19.7,1.8447306791569091
2054-02-09,34.37408227582837,21.6345947265625,0.0
2054-02-10,33.87102492431992,21.7456787109375,0.0
2054-02-11,36.281787109375,23.20631103515625,2.173067915690867
2054-02-12,33.76464100752053,21.8885009765625,1.0
2054-02-13,31.0,19.98536092064489,19.650175644028103
2054-02-14,32.0,19.5,1.9
2054-02-15,33.708731211830354,18.8,1.8
2054-02-16,34.84610789114231,19.1,0.9
2054-02-17,36.268115234375,19.9,1.0339578454332554
2054-02-18,36.385302734375,19.5,3.5
2054-02-19,32.9,19.93889757938752,4.766276346604218
2054-02-20,32.92405645699225,19.684669780331806,28.128805620608897
2054-02-21,28.3,19.1,30.6754098360656
2054-02-22,30.0,19.1,0.0
2054-02-23,30.6,19.2,0.0
2054-02-24,30.9,20.411241121291678,0.0
2054-02-25,31.4,20.059533825789114,3.6
2054-02-26,31.8,19.111475616600753,4.4
2054-02-27,31.900273897497016,19.0,13.552224824355973
2054-02-28,31.4,18.905383352036946,4.4000212901852285
2054-03-01,26.1,18.6,19.566532797858113
2054-03-02,26.707865168539325,18.5,0.0
2054-03-03,30.0,19.4,0.0
2054-03-04,30.7,19.0,0.0
2054-03-05,30.43928571428571,17.6,0.0
2054-03-06,30.2,17.2,0.0
2054-03-07,31.2,15.9,0.0
2054-03-08,33.0,16.0,0.0
2054-03-09,31.85523809523809,17.2,0.0
2054-03-10,31.0,19.4,0.0
2054-03-11,30.7,18.0,0.0
2054-03-12,29.9,19.4,0.0
2054-03-13,32.039795918367346,20.3,0.0
2054-03-14,33.166666666666664,20.3,0.0
2054-03-15,33.58085714285715,19.4,0.0
2054-03-16,33.60267737617136,19.0,0.0
2054-03-17,33.69598393574298,20.287070660192242,0.0
2054-03-18,33.0,20.246923510782008,0.0
2054-03-19,32.5,19.192474891616705,0.0
2054-03-20,32.938308457711436,18.6,0.0
2054-03-21,32.9,18.6,0.0
2054-03-22,32.40194346289752,18.4,0.0
2054-03-23,32.0,18.0,0.0
2054-03-24,32.9,17.6,0.0
2054-03-25,33.2,17.9,0.0
2054-03-26,32.44063604240282,18.6,0.0
2054-03-27,31.8,18.1,0.0
2054-03-28,32.4,17.2,0.0
2054-03-29,33.7,16.5,0.0
2054-03-30,34.57156063077761,18.0,0.0
2054-03-31,34.26878738444804,20.29393167895778,0.0
2054-04-01,33.70575968222444,21.0212890625,0.0
2054-04-02,32.2,19.0,0.0
2054-04-03,32.83984799131379,19.4,0.0
2054-04-04,33.872641509433954,19.62251978088862,0.0
2054-04-05,33.24405705229794,19.475958612294573,0.0
2054-04-06,32.0,19.4,0.0
2054-04-07,30.0,18.7,0.0
2054-04-08,24.0,16.9,11.49636363636364
2054-04-09,28.9,17.7,0.0
2054-04-10,29.7,16.4,0.0
2054-04-11,30.4,17.5,0.0
2054-04-12,30.4,17.0,0.0
2054-04-13,29.4,17.0,0.0
2054-04-14,29.5,17.50613718411552,0.0
2054-04-15,29.9,16.7,0.0
2054-04-16,29.2,15.9,0.0
2054-04-17,28.8,15.0,0.0
2054-04-18,30.0,13.6,0.0
2054-04-19,30.859798994974877,15.9,0.0
2054-04-20,33.09289473684211,17.5,0.0
2054-04-21,32.890879478827365,17.6,0.0
2054-04-22,33.76941410129096,19.4,0.0
2054-04-23,32.788599348534206,18.5,0.0
2054-04-24,31.1,17.6,0.0
2054-04-25,30.9,17.3,0.0
2054-04-26,30.1,16.6,0.0
2054-04-27,29.9,17.698927038626596,0.0
2054-04-28,30.0,17.6,0.0
2054-04-29,30.5,17.9,0.0
2054-04-30,31.0,18.3,0.0
2054-05-01,30.560697670175685,18.3429065932623,0.0
2054-05-02,26.51334768568353,16.9,0.0
2054-05-03,26.8,15.6,0.0
2054-05-04,25.9,14.2,0.0
2054-05-05,26.3,12.7,0.0
2054-05-06,26.8,12.9,0.0
2054-05-07,27.6,12.9,0.0
2054-05-08,31.0,13.8,0.0
2054-05-09,31.49140378648767,15.3,0.0
2054-05-10,31.9846781164147,16.5,0.0
2054-05-11,31.826635276403803,16.531865634664328,0.0
2054-05-12,31.99748726764456,15.9,0.0
2054-05-13,32.7,15.6,0.0
2054-05-14,32.7,16.208473230576598,0.0
2054-05-15,32.177986916255364,16.27987159227109,0.0
2054-05-16,31.0,16.75981653186379,0.0
2054-05-17,30.5,16.089620175303697,0.0
2054-05-18,30.6,15.2,0.0
2054-05-19,30.4,15.7,0.0
2054-05-20,30.6,15.107572975368827,0.0
2054-05-21,30.779191701732056,15.1,0.0
2054-05-22,30.8,15.2,0.0
2054-05-23,28.1,16.293042163845808,0.0
2054-05-24,27.5,14.0,0.0
2054-05-25,29.2,12.6,0.0
2054-05-26,29.8,11.8,0.0
2054-05-27,27.2,12.9,0.0
2054-05-28,27.7,12.3,0.0
2054-05-29,29.1,14.057686196114595,0.0
2054-05-30,28.9,15.0,0.0
2054-05-31,25.5,17.5,0.0
2054-06-01,28.5,16.715940421453045,0.0
2054-06-02,28.6,15.283390303906229,0.0
2054-06-03,28.0,16.540456603334135,0.0
2054-06-04,29.0,17.15365938596874,0.0
2054-06-05,28.5,20.011669921875,0.0
2054-06-06,28.6,15.181572979451776,0.0
2054-06-07,28.2,14.1,0.0
2054-06-08,28.0,13.3,0.0
2054-06-09,27.5,13.2,0.0
2054-06-10,27.0,11.823503126078789,0.0
2054-06-11,27.7,11.7,0.0
2054-06-12,28.802736577381943,12.3,0.0
2054-06-13,29.2,12.9,0.0
2054-06-14,28.141556631551403,15.27353750720592,0.0
2054-06-15,26.6,13.6,0.0
2054-06-16,25.6,13.84724326820158,0.0
2054-06-17,26.484393618480205,11.5,0.0
2054-06-18,26.9,10.4,0.0
2054-06-19,26.61540105067237,11.7,0.0
2054-06-20,25.6,11.6,0.0
2054-06-21,25.5,11.9,0.0
2054-06-22,25.5,13.2,0.0
2054-06-23,25.5,11.9,0.0
2054-06-24,25.2,11.4,0.0
2054-06-25,24.91849409396684,10.2,0.0
2054-06-26,24.8,9.5,0.0
2054-06-27,24.8,9.0,0.0
2054-06-28,26.2,7.6,0.0
2054-06-29,27.4,8.4,0.0
2054-06-30,28.0,11.4,0.0
2054-07-01,31.115177610333685,12.2,0.0
2054-07-02,31.49580078125,12.0,0.0
2054-07-03,31.102204263933285,15.18900982072851,0.0
2054-07-04,30.0,16.0,0.0
2054-07-05,29.2,15.817581530620577,0.0
2054-07-06,28.91223463873136,15.822762542136623,0.0
2054-07-07,29.7,15.896283562697933,0.0
2054-07-08,31.71162109375,16.0,0.0
2054-07-09,30.908235464228838,17.9291015625,0.0
2054-07-10,27.6,17.1048828125,0.0
2054-07-11,27.4,16.583305164410742,0.0
2054-07-12,27.7,15.0,0.0
2054-07-13,27.5,13.8,0.0
2054-07-14,28.3,13.0,0.0
2054-07-15,28.1,12.743035522066728,0.0
2054-07-16,27.0,14.0,0.0
2054-07-17,26.738158612109082,13.1,0.0
2054-07-18,25.5,15.55637021796495,0.0
2054-07-19,27.7,15.508943835876645,0.0
2054-07-20,29.2,14.2,0.0
2054-07-21,30.0,14.874065550647694,0.0
2054-07-22,31.223304866429597,15.503154087253836,0.0
2054-07-23,32.231884765625,15.65887067593813,0.0
2054-07-24,33.046337890625,15.942665951508404,0.0
2054-07-25,33.268505859375,15.3,0.0
2054-07-26,33.949658203125,15.3,0.0
2054-07-27,30.61961739366055,18.49306640625,0.0
2054-07-28,29.577104716566346,16.0,0.0
2054-07-29,31.201184068891262,15.3,0.0
2054-07-30,31.503857421875,16.2103181058794,0.0
2054-07-31,30.0,15.3,0.0
2054-08-01,29.6,15.0,0.0
2054-08-02,28.7,14.5,0.0
2054-08-03,31.5,14.1,0.0
2054-08-04,33.2,14.5,0.0
2054-08-05,35.735852164482814,14.5,0.0
2054-08-06,31.9,17.402323729165346,0.0
2054-08-07,26.7,18.2,0.0
2054-08-08,26.1,15.888904311370455,0.0
2054-08-09,23.6,13.9,0.0
2054-08-10,23.7,11.4,0.0
2054-08-11,28.3,11.6,0.0
2054-08-12,29.628665615869593,12.0,0.0
2054-08-13,30.381092718121774,12.4,0.0
2054-08-14,29.6,15.723671237578193,0.0
2054-08-15,27.8,15.1,0.0
2054-08-16,26.1,15.3,0.0
2054-08-17,26.8,14.0,0.0
2054-08-18,28.9,13.52858808754934,0.0
2054-08-19,30.0,13.9,0.0
2054-08-20,31.4,14.5,0.0
2054-08-21,33.2,14.3,0.0
2054-08-22,35.67460558052113,15.6,0.0
2054-08-23,38.26123046875,18.0,0.0
2054-08-24,40.395263671875,25.76611328125,0.0
2054-08-25,37.57568359375,29.0302734375,0.0
2054-08-26,36.08578867686655,27.00732421875,0.0
2054-08-27,35.66752682961098,26.072509765625,0.0
2054-08-28,35.4145384275185,19.136344894273048,0.0
2054-08-29,33.14175370774922,26.3037109375,0.0
2054-08-30,32.5,20.082400858031832,0.0
2054-08-31,34.56633212416856,18.68759333027088,0.0
2054-09-01,32.7,19.4,0.0
2054-09-02,31.4,18.6,0.0
2054-09-03,30.2,17.7,0.0
2054-09-04,28.2,16.9,0.0
2054-09-05,27.9,15.6,0.0
2054-09-06,28.0,15.7,0.0
2054-09-07,29.4,13.5,0.0
2054-09-08,31.7,12.0,0.0
2054-09-09,33.0,16.2,0.0
2054-09-10,34.9,17.53951708795213,0.0
2054-09-11,36.177453580901854,18.8,0.0
2054-09-12,36.0,20.29677611802427,0.0
2054-09-13,36.0,20.4,0.0
2054-09-14,40.482666015625,20.4,0.0
2054-09-15,39.476806640625,20.4,0.0
2054-09-16,30.6,19.6,0.0
2054-09-17,29.2,16.909276457045305,0.0
2054-09-18,30.7,15.3,0.0
2054-09-19,32.7,15.8,0.0
2054-09-20,33.2,17.7,0.0
2054-09-21,34.54705228031146,18.1,0.0
2054-09-22,35.3,19.3,0.0
2054-09-23,35.3,20.4,0.0
2054-09-24,35.2,20.5,0.0
2054-09-25,34.6,20.4,0.0
2054-09-26,34.7,20.16359030101042,0.0
2054-09-27,34.0,20.285473671245647,0.0
2054-09-28,32.9,19.3,0.0
2054-09-29,33.5,18.1,0.0
2054-09-30,34.0,18.8,0.0
2054-10-01,33.5,17.7,0.0
2054-10-02,34.9,19.0,0.0
2054-10-03,36.7,19.5,0.0
2054-10-04,37.561635213455844,20.4,0.0
2054-10-05,32.0,21.0,0.0
2054-10-06,33.1,18.684292209565733,0.0
2054-10-07,36.0,18.7,0.0
2054-10-08,36.99533837980484,20.2,0.0
2054-10-09,38.57041015625,20.88868940024777,0.0
2054-10-10,36.70486382470471,22.0,0.0
2054-10-11,30.6,20.0,0.0
2054-10-12,29.8,17.9,0.0
2054-10-13,32.1,17.1,0.0
2054-10-14,33.8,17.9,0.0
2054-10-15,34.0,19.4,0.0
2054-10-16,34.9,20.7,0.0
2054-10-17,35.4,21.6,0.0
2054-10-18,36.5,22.0,0.0
2054-10-19,38.12654131994349,23.237092651624394,0.0
2054-10-20,37.0,23.362919976111186,0.0
2054-10-21,35.5,22.6,0.0
2054-10-22,34.2,21.4,0.0
2054-10-23,35.6,20.0,0.0
2054-10-24,37.556118396283935,20.8,0.0
2054-10-25,38.08062336038358,21.5,0.0
2054-10-26,38.36497940609631,21.9,0.0
2054-10-27,38.89853515625,22.6,0.0
2054-10-28,35.5,22.1,0.0
2054-10-29,35.6,21.6,0.0
2054-10-30,35.6,21.9,0.0
2054-10-31,37.20382545334102,21.7,0.0
2054-11-01,39.5673828125,21.1,0.0
2054-11-02,40.009765625,21.9,0.0
2054-11-03,39.74365234375,22.3,0.0
2054-11-04,40.580322265625,23.0,0.0
2054-11-05,38.306075268817146,23.298699701382706,0.0
2054-11-06,36.0,21.59991623892679,0.0
2054-11-07,36.92580743599081,21.7,0.0
2054-11-08,39.741455078125,21.9,0.0
2054-11-09,40.315673828125,22.3,0.0
2054-11-10,38.4373526140155,23.0,0.0
2054-11-11,39.58935546875,21.5,0.0
2054-11-12,40.08837890625,21.9,0.0
2054-11-13,40.181396484375,23.32298349910816,0.0
2054-11-14,40.2041015625,23.20484855931752,0.0
2054-11-15,40.149658203125,21.9,0.0
2054-11-16,39.609375,21.5,0.0
2054-11-17,36.79013067021965,22.9,0.0
2054-11-18,36.0,20.2,0.0
2054-11-19,31.0,19.4,0.0
2054-11-20,32.5,18.8,0.2
2054-11-21,35.1,18.5,0.0
2054-11-22,35.1,19.0,2.2
2054-11-23,29.7,18.5,6.46111111111111
2054-11-24,30.0,18.7,27.08888888888888
2054-11-25,29.0,18.5,72.4097222222223
2054-11-26,30.227427300174792,18.5,6.455555555555557
2054-11-27,25.26652328531428,18.7,1.0
2054-11-28,25.855831629100006,18.7,5.4
2054-11-29,26.0,18.2,3.0
2054-11-30,28.5,18.5,5.9
2054-12-01,29.81978422546237,18.5,0.0
2054-12-02,29.7,19.2,0.0
2054-12-03,29.7,17.9,0.0
2054-12-04,30.6,17.2,0.0
2054-12-05,30.6,18.4,0.0
2054-12-06,27.7,19.5,0.0
2054-12-07,30.4,19.4,4.0
2054-12-08,29.7,19.042854498413185,0.8
2054-12-09,30.1,18.7,0.0
2054-12-10,31.0,17.6,0.0
2054-12-11,31.0,20.0,0.0
2054-12-12,31.1,19.8,0.0
2054-12-13,31.6,19.9,0.0
2054-12-14,32.1,20.35992296336768,0.0
2054-12-15,33.1262788550913,21.0,0.0
2054-12-16,32.4,20.35162734982647,0.0
2054-12-17,31.1,19.6,4.0
2054-12-18,31.0,19.4,0.0
2054-12-19,31.6,19.2,0.0
2054-12-20,32.1,19.0,0.0
2054-12-21,33.1,17.7,0.0
2054-12-22,33.149778531798376,18.6,0.0
2054-12-23,33.271319188714514,20.007140089773745,0.0
2054-12-24,32.0,19.4,1.35
2054-12-25,32.84303339287192,19.4,0.0
2054-12-26,32.071973982548144,19.6,6.25
2054-12-27,30.8,19.4,15.5
2054-12-28,30.5,19.4,11.5
2054-12-29,29.2,19.4,1.5
2054-12-30,30.9,18.9,0.0
2054-12-31,31.4,19.9,0.0
2055-01-01,30.9,19.9,1.0
2055-01-02,31.5,20.530522168825595,0.0
2055-01-03,31.5,20.585550674891227,0.0
2055-01-04,30.451549366740714,19.475501392216206,3.0
2055-01-05,31.9,18.8,0.0
2055-01-06,32.6,19.8,0.0
2055-01-07,32.2,19.8,3.8
2055-01-08,29.8,19.6,1.7621268656716405
2055-01-09,31.7,19.8,5.3
2055-01-10,30.36734271920195,19.777616751409706,39.76082089552238
2055-01-11,27.60628859554688,19.7,65.38541666666667
2055-01-12,30.7,19.6,41.03175373134326
2055-01-13,30.4,19.682214393186985,0.0
2055-01-14,30.2,18.9,0.0
2055-01-15,31.184022660152902,19.3,0.0
2055-01-16,32.6,19.3,0.0
2055-01-17,32.6,18.9,0.0
2055-01-18,32.6,19.5,1.0
2055-01-19,29.5,19.9,1.8
2055-01-20,25.9,19.3,30.169496268656708
2055-01-21,24.8,18.9,3.5
2055-01-22,23.41878000889301,18.5,1.4
2055-01-23,27.2,18.7,0.5
2055-01-24,29.2,19.4,0.0
2055-01-25,30.4,18.9,10.279104477611938
2055-01-26,30.4,19.6,15.963432835820893
2055-01-27,28.7,19.4,5.5
2055-01-28,28.5,19.5,23.0
2055-01-29,28.8,19.5,37.86119402985074
2055-01-30,28.4,19.4,17.0
2055-01-31,30.8,19.5,9.0
2055-02-01,26.8,18.9,46.21170960187356
2055-02-02,26.099228932578836,19.0,9.6
2055-02-03,25.7,19.0,29.2
2055-02-04,25.899633993270538,18.9,34.14768735363
2055-02-05,28.1,18.9,6.4
2055-02-06,29.593794199443778,18.9,38.93676814988295
2055-02-07,27.9,19.1,9.8
2055-02-08,30.0,18.5,0.0
2055-02-09,30.5,17.8,1.3
2055-02-10,30.41071977727028,18.6,0.4
2055-02-11,31.664698487783067,19.0,3.5786885245901634
2055-02-12,30.033641582069517,19.437199948715257,25.0
2055-02-13,26.6,18.8,22.908800690250228
2055-02-14,27.8,19.2,32.52740046838408
2055-02-15,30.9,19.490091758512225,26.341978922716635
2055-02-16,29.7,19.0,26.418911007025773
2055-02-17,26.0,19.0,5.292037470725996
2055-02-18,27.6,18.9,0.0
2055-02-19,27.0,18.6,0.0
2055-02-20,28.0,18.4,0.0
2055-02-21,30.0,17.9,0.0
2055-02-22,29.0,16.8,0.0
2055-02-23,30.0,16.0,0.0
2055-02-24,30.7,17.2,0.0
2055-02-25,31.0,16.5,0.0
2055-02-26,30.5,18.2,1.3
2055-02-27,29.1,18.9,0.0
2055-02-28,27.6,18.2,0.0
2055-03-01,24.0,19.0,1.9
2055-03-02,26.8,19.0,25.550200803212856
2055-03-03,25.9,18.9,59.96171613282403
2055-03-04,22.166629752676265,18.2,90.1
2055-03-05,23.990178571428572,18.2,4.254969879518071
2055-03-06,25.3,18.436507580755638,0.0
2055-03-07,25.3,18.3,0.0
2055-03-08,28.0,16.9,0.0
2055-03-09,28.7,16.3,2.6
2055-03-10,27.6,19.0,1.5
2055-03-11,30.0,19.1,28.0
2055-03-12,32.6,18.5,36.390214516602995
2055-03-13,30.26422018348624,18.6,27.57123880135929
2055-03-14,28.8,19.0,15.517469879518083
2055-03-15,26.740449438202248,19.0,0.2
2055-03-16,26.0,17.8,0.0
2055-03-17,26.9,16.0,0.0
2055-03-18,28.3,14.5,0.0
2055-03-19,30.2,15.3,0.0
2055-03-20,28.9,16.5,0.0
2055-03-21,28.3,17.7,0.0
2055-03-22,29.7,17.0,0.0
2055-03-23,29.2,17.393581310050564,0.0
2055-03-24,30.8,16.5,0.0
2055-03-25,31.1,17.2,0.0
2055-03-26,30.4,17.2,0.0
2055-03-27,30.4,16.7,0.0
2055-03-28,30.34444444444444,17.2,0.0
2055-03-29,30.490306122448985,18.1,0.0
2055-03-30,30.5,17.9,0.0
2055-03-31,30.7,18.8,0.0
2055-04-01,33.055263157894736,18.780677966101695,0.0
2055-04-02,31.9875,19.4,16.87030303030303
2055-04-03,29.00576923076923,18.416923076923073,0.0
2055-04-04,27.0,18.3,0.0
2055-04-05,28.2,16.6,0.0
2055-04-06,28.6,15.968292682926828,0.0
2055-04-07,28.9,15.5,0.0
2055-04-08,29.3,15.811111111111115,0.0
2055-04-09,30.0,15.4,0.0
2055-04-10,31.3,15.4,0.0
2055-04-11,33.00526315789474,16.7,0.0
2055-04-12,33.98250428816467,16.7,0.0
2055-04-13,30.0,19.05836253583944,0.0
2055-04-14,26.0,18.3,0.0
2055-04-15,27.4,16.778378378378378,0.0
2055-04-16,28.2,15.9,0.0
2055-04-17,29.1,15.0,0.0
2055-04-18,28.2,15.4,0.0
2055-04-19,27.9,14.9,0.0
2055-04-20,27.7,15.0,0.0
2055-04-21,28.2,14.5,0.0
2055-04-22,29.7,14.0,0.0
2055-04-23,28.8,16.6,0.0
2055-04-24,28.4,16.3,0.0
2055-04-25,28.6,15.4,0.0
2055-04-26,29.9,14.3,0.0
2055-04-27,31.0,13.0,0.0
2055-04-28,31.0,15.3,0.0
2055-04-29,31.4,16.0,0.0
2055-04-30,32.000934579439246,16.6,0.0
2055-05-01,33.8,17.0,0.0
2055-05-02,33.818798828125,17.2,0.0
2055-05-03,33.83857421875,17.5,0.0
2055-05-04,32.99426907088348,17.2,0.0
2055-05-05,32.7,16.5,0.0
2055-05-06,33.8,16.2,0.0
2055-05-07,34.476513671875,15.9,0.0
2055-05-08,30.1,17.404181300563863,0.0
2055-05-09,30.2,15.9,0.0
2055-05-10,32.0,14.6,0.0
2055-05-11,31.521999620084834,17.2,0.0
2055-05-12,30.5,16.9,0.0
2055-05-13,29.5,15.988785595459417,0.0
2055-05-14,30.1,13.9,0.0
2055-05-15,30.6,14.3,0.0
2055-05-16,30.89184591180947,16.5,0.0
2055-05-17,29.764325658326552,16.65040995420626,0.0
2055-05-18,28.9,15.3,0.0
2055-05-19,28.7,14.5,0.0
2055-05-20,28.1,17.048452561225506,0.0
2055-05-21,28.9,16.900670325213976,0.0
2055-05-22,29.548500136174393,15.1,0.0
2055-05-23,30.60329142299113,15.2,0.0
2055-05-24,30.9,15.9,0.0
2055-05-25,31.26644515303529,15.7,0.0
2055-05-26,30.1,16.5,0.0
2055-05-27,30.2,14.5,0.0
2055-05-28,34.15400390625,15.3,0.0
2055-05-29,36.501904296875,16.9,0.0
2055-05-30,34.762646484375,15.3,0.0
2055-05-31,30.99317419109731,17.652691640266756,0.0
2055-06-01,27.9,17.188764587272114,0.0
2055-06-02,24.6,13.7,0.0
2055-06-03,24.4,11.3,0.0
2055-06-04,25.3,9.8,0.0
2055-06-05,27.8,9.0,0.0
2055-06-06,29.9,10.8,0.0
2055-06-07,30.0,12.1,0.0
2055-06-08,30.1,13.8,0.0
2055-06-09,30.646496244793642,14.1,0.0
2055-06-10,32.761328125,15.900426985149197,0.0
2055-06-11,33.828466796875,17.61102356702696,0.0
2055-06-12,33.441015625,17.64578157960835,0.0
2055-06-13,29.2,19.894970703125,0.0
2055-06-14,27.9,16.672113842605263,0.0
2055-06-15,28.0,14.804265850945526,0.0
2055-06-16,28.6,14.2,0.0
2055-06-17,28.5,14.2,0.0
2055-06-18,28.604589719730985,13.8,0.0
2055-06-19,30.367381504493938,13.2,0.0
2055-06-20,31.678076171875,14.1,0.0
2055-06-21,25.4,15.258307680368375,0.0
2055-06-22,24.7,12.6,0.0
2055-06-23,25.7,10.0,0.0
2055-06-24,28.9,11.2,0.0
2055-06-25,29.571222462828526,9.283568637517469,0.0
2055-06-26,28.74486169478929,8.6,0.0
2055-06-27,27.484724523847362,13.2,0.0
2055-06-28,26.6,12.9,0.0
2055-06-29,25.7,12.4,0.0
2055-06-30,25.6,11.5,0.0
2055-07-01,28.17161310164538,12.2,0.0
2055-07-02,30.61295635558249,11.9,0.0
2055-07-03,30.614675333151023,11.9,0.0
2055-07-04,27.7,16.0,0.0
2055-07-05,24.9,15.0,0.0
2055-07-06,24.2,12.143466092572657,0.0
2055-07-07,24.4,10.4,0.0
2055-07-08,26.5,9.1,0.0
2055-07-09,28.2,10.0,0.0
2055-07-10,29.06086740311139,12.5,0.0
2055-07-11,29.2,14.172371725870088,0.0
2055-07-12,28.94542796266908,15.0,0.0
2055-07-13,28.3,14.2,0.0
2055-07-14,29.2,12.6,0.0
2055-07-15,29.0,14.590110808586076,0.0
2055-07-16,26.7,14.2,0.0
2055-07-17,27.0,12.2,0.0
2055-07-18,28.1,12.2,0.0
2055-07-19,27.4,13.736565837374965,0.0
2055-07-20,29.2,13.0,0.0
2055-07-21,31.21139283851544,13.407970374178621,0.0
2055-07-22,31.305126953125,14.2,0.0
2055-07-23,28.8,16.212354061439086,0.0
2055-07-24,26.2,14.338853862319953,0.0
2055-07-25,26.7,13.1,0.0
2055-07-26,28.34142999089177,12.2,0.0
2055-07-27,30.0,11.2,0.0
2055-07-28,31.293631646615125,11.2,0.0
2055-07-29,30.60364522708627,15.3,0.0
2055-07-30,31.089316067670225,14.2,0.0
2055-07-31,29.95252261949785,15.2,0.0
2055-08-01,29.593487621097953,13.5,0.0
2055-08-02,28.9,14.9,0.0
2055-08-03,28.6,14.3,0.0
2055-08-04,29.0,12.2,0.0
2055-08-05,30.174847954790092,12.9,0.0
2055-08-06,29.8,14.5,0.0
2055-08-07,31.4,12.6,0.0
2055-08-08,31.0,11.0,0.0
2055-08-09,23.6,16.4,0.0
2055-08-10,27.0,14.5,0.0
2055-08-11,26.4,13.5,0.0
2055-08-12,27.8,10.7,0.0
2055-08-13,30.21975629709364,9.2,0.0
2055-08-14,30.17846878363832,14.5,0.0
2055-08-15,28.9,15.2,0.0
2055-08-16,28.0,14.4,0.0
2055-08-17,27.06307857911732,13.9,0.0
2055-08-18,29.7,14.6,0.0
2055-08-19,30.0,18.0,0.0
2055-08-20,29.5,16.001540199968932,0.0
2055-08-21,30.2,14.5,0.0
2055-08-22,29.2,15.6,0.0
2055-08-23,31.0,13.4,0.0
2055-08-24,30.896278435593825,15.2,0.0
2055-08-25,30.0,16.9,0.0
2055-08-26,30.0,16.486408324363108,0.0
2055-08-27,32.52712824302176,15.4,0.0
2055-08-28,30.5,19.0,0.0
2055-08-29,27.590047949897244,17.4,0.0
2055-08-30,29.5,14.6,0.0
2055-08-31,31.4,14.944867403855557,0.0
2055-09-01,31.9,16.192835314091678,0.0
2055-09-02,32.8,16.4,0.0
2055-09-03,32.9,17.8,0.0
2055-09-04,33.2,17.8,0.0
2055-09-05,32.3,18.024601190865678,0.0
2055-09-06,30.5,17.6,0.0
2055-09-07,30.6,16.3,0.0
2055-09-08,32.0,15.339677766963296,0.0
2055-09-09,32.6,16.2,0.0
2055-09-10,33.0,16.6,0.0
2055-09-11,35.4,16.3,0.0
2055-09-12,36.0,15.9,0.0
2055-09-13,35.112266859818405,16.9,0.0
2055-09-14,30.0,19.4,0.0
2055-09-15,28.9,16.9,0.0
2055-09-16,30.0,15.348427071746388,0.0
2055-09-17,32.0,14.9,0.0
2055-09-18,32.43799235617923,17.3,0.0
2055-09-19,31.17692891091111,17.5,0.0
2055-09-20,31.8,17.1,0.0
2055-09-21,34.775495366994704,17.0,0.0
2055-09-22,35.3,17.8,0.0
2055-09-23,35.1,20.5,0.0
2055-09-24,34.853346732059194,20.429170016693504,0.0
2055-09-25,34.8957676037348,20.380647348489592,0.0
2055-09-26,32.485731349523334,20.5,0.0
2055-09-27,31.80271216384218,19.2,0.0
2055-09-28,33.66740823136819,17.9,0.0
2055-09-29,34.26046400762753,19.6,0.0
2055-09-30,34.758527018324465,19.007230255839822,0.0
2055-10-01,35.0,17.1,0.0
2055-10-02,36.7,17.1,0.0
2055-10-03,34.3,20.7,0.0
2055-10-04,33.5,18.7,0.0
2055-10-05,35.0,18.462970936490848,0.0
2055-10-06,33.5,20.9,0.0
2055-10-07,28.7,19.4,0.0
2055-10-08,30.225828564953826,17.4,0.0
2055-10-09,33.5,16.3,0.0
2055-10-10,37.2,17.5,0.0
2055-10-11,38.0,18.4,0.0
2055-10-12,38.098506216845045,21.3,0.0
2055-10-13,35.8,21.4,0.0
2055-10-14,35.66848669314428,20.4,0.0
2055-10-15,36.74629182937464,20.52642841765338,0.0
2055-10-16,37.2,21.6,0.0
2055-10-17,35.5,22.0,0.0
2055-10-18,34.734430262955556,20.7,0.0
2055-10-19,35.62986897294087,20.3,0.0
2055-10-20,36.4,21.0,0.0
2055-10-21,38.1049328683859,20.5,0.0
2055-10-22,36.7,21.6,0.0
2055-10-23,36.0,21.6,0.0
2055-10-24,36.969748949616296,21.0,0.0
2055-10-25,37.2,21.0,0.0
2055-10-26,34.88772874058126,21.3,0.0
2055-10-27,34.9,20.0,0.0
2055-10-28,38.6216796875,20.0,0.0
2055-10-29,39.050390625,20.5,0.0
2055-10-30,38.13725240584489,22.999743063221185,0.0
2055-10-31,38.09403550272968,22.62503249079277,0.0
2055-11-01,38.97779997226506,22.99238170801261,0.0
2055-11-02,39.822021484375,24.868505859375,0.0
2055-11-03,38.79252445737425,23.2,0.0
2055-11-04,37.56974024739939,22.263094078713564,0.0
2055-11-05,37.2,22.551176359476994,0.0
2055-11-06,36.78859416445623,22.711211368084665,0.0
2055-11-07,39.00351436757015,23.21733299928164,0.0
2055-11-08,40.05517578125,22.3,0.0
2055-11-09,39.979248046875,24.0796875,0.0
2055-11-10,37.79239783667675,25.199072265625,0.0
2055-11-11,37.6512445430713,23.308314752936216,0.0
2055-11-12,36.49886679644048,22.9,0.0
2055-11-13,35.2,20.5,0.0
2055-11-14,37.7313435922661,21.5,0.0
2055-11-15,35.44464888127062,19.5,1.8
2055-11-16,29.95862670234194,18.9,12.0625
2055-11-17,29.294643555043994,18.282044101289014,29.6
2055-11-18,28.0,18.2,10.057142857142857
2055-11-19,28.948651758659043,19.1,10.472727272727273
2055-11-20,29.27556873574671,18.7,24.80000000000001
2055-11-21,28.0,18.5,22.95
2055-11-22,28.6,18.7,8.75
2055-11-23,28.1,19.0,0.0
2055-11-24,30.0,19.0,2.8
2055-11-25,30.2,18.7,0.9333333333333332
2055-11-26,30.2,19.8,0.0
2055-11-27,27.467597330367074,18.5,1.5
2055-11-28,26.7,17.5,0.0
2055-11-29,28.0,16.5,0.0
2055-11-30,28.706770551350072,15.8,0.0
2055-12-01,28.9,17.2,0.0
2055-12-02,29.0,17.6,0.0
2055-12-03,29.5,18.1,0.0
2055-12-04,30.1,18.0,0.0
2055-12-05,30.6,18.5,0.0
2055-12-06,31.5,18.9,0.0
2055-12-07,32.638262813612634,19.0,0.0
2055-12-08,32.547161929855534,19.2,0.0
2055-12-09,32.9,19.9,0.0
2055-12-10,31.0,19.2,10.0
2055-12-11,29.7,19.2,8.8
2055-12-12,30.5,19.4,0.0
2055-12-13,29.9,19.0,2.9
2055-12-14,30.0,19.4,8.9
2055-12-15,30.4,19.0,7.7428571428571455
2055-12-16,25.6,19.0,0.0
2055-12-17,25.5,19.0,0.0
2055-12-18,23.9,18.6,4.8
2055-12-19,26.1,19.0,0.0
2055-12-20,29.0,19.2,0.0
2055-12-21,31.0,19.0,7.2571428571428545
2055-12-22,30.7,19.5,4.3
2055-12-23,30.61924771070498,19.4,6.4
2055-12-24,30.0,19.4,8.574999999999998
2055-12-25,29.9,19.4,15.5
2055-12-26,29.3,19.425058501427454,2.9
2055-12-27,30.6,19.0,12.4
2055-12-28,29.9,19.4,25.46666666666666
2055-12-29,28.3,19.4,26.342857142857145
2055-12-30,26.5,19.5,0.0
2055-12-31,29.2,19.6,25.133333333333336
2056-01-01,28.5,19.5,33.94798922056385
2056-01-02,24.9,19.151996569728748,42.94626865671641
2056-01-03,29.6,19.2,31.529104477611924
2056-01-04,29.1,18.7,0.6139925373134324
2056-01-05,26.4,18.9,0.0
2056-01-06,27.8,17.6,0.0
2056-01-07,29.3,18.5,0.0
2056-01-08,28.5,19.2,6.155410447761193
2056-01-09,29.337133394054813,18.967676747161686,6.548320895522388
2056-01-10,29.2,19.155900289875785,3.4
2056-01-11,30.6,19.0,0.8
2056-01-12,30.0,19.8,2.1
2056-01-13,31.55110249365181,19.6,0.0
2056-01-14,31.7,20.778866314695396,0.0
2056-01-15,31.8,22.820202636718747,0.0
2056-01-16,31.76902311974015,19.7,0.0
2056-01-17,31.1,19.0,5.326492537313432
2056-01-18,31.1,19.6,1.2
2056-01-19,30.5,19.465976453733102,3.4
2056-01-20,31.20449252284069,18.8,0.0
2056-01-21,31.1,19.0,1.0
2056-01-22,31.1,19.4,21.0
2056-01-23,29.1,19.6,15.8
2056-01-24,28.0,19.3,9.976305970149252
2056-01-25,31.23472014300697,18.0,0.0
2056-01-26,31.7,19.0,0.0
2056-01-27,32.0,19.0,0.0
2056-01-28,32.02595959151108,19.3,1.8
2056-01-29,31.517411239215765,19.2,11.0
2056-01-30,31.559392455311155,19.1,9.671828358208954
2056-01-31,29.0,19.4,17.320522388059697
2056-02-01,29.1,19.2,10.4
2056-02-02,30.9,18.9,0.0
2056-02-03,31.4,19.0,2.0
2056-02-04,31.0,19.128412929644547,6.653864168618269
2056-02-05,30.1,19.2,24.9
2056-02-06,28.0,19.5,14.679976580796257
2056-02-07,28.0,19.37710731463498,23.178737828177002
2056-02-08,28.4,18.9,0.0
2056-02-09,30.0,19.0,1.0339578454332554
2056-02-10,29.7,19.0,3.6
2056-02-11,30.6,18.9,51.688290398126476
2056-02-12,31.2,19.0,4.4
2056-02-13,29.0,19.1,11.811709601873547
2056-02-14,26.7,19.272161794247666,8.4
2056-02-15,25.8236482825875,18.8,80.04433305097417
2056-02-16,22.985592856277844,17.9,125.0
2056-02-17,24.6,17.8,0.4
2056-02-18,28.326647179070587,17.3,0.0
2056-02-19,28.5,17.3,0.6
2056-02-20,29.0,18.2,0.0
2056-02-21,29.0,18.9,0.0
2056-02-22,28.1,19.0,2.4
2056-02-23,28.807111640842265,18.8,2.173067915690867
2056-02-24,27.2,18.8,6.674379391100704
2056-02-25,28.7,18.748280389006926,1.3
2056-02-26,30.4,17.7,0.0
2056-02-27,30.685220500595943,17.7,0.0
2056-02-28,30.4,18.1,0.0
2056-03-01,30.5,18.0,0.0
2056-03-02,29.6,19.1,0.0
2056-03-03,29.0,19.0,0.0
2056-03-04,30.9,18.3,0.0
2056-03-05,32.406360424028264,17.6,0.0
2056-03-06,31.6,17.6,0.0
2056-03-07,30.8,18.1,0.0
2056-03-08,30.7,19.0,0.0
2056-03-09,30.0,18.2,0.0
2056-03-10,29.9,18.0,0.0
2056-03-11,30.7,17.9,0.0
2056-03-12,31.4,18.9,0.0
2056-03-13,30.29908256880734,18.6,0.0
2056-03-14,30.9,17.9,0.0
2056-03-15,32.42526501766784,17.5,0.0
2056-03-16,33.69357429718876,18.6,0.0
2056-03-17,33.2,18.5,1.4
2056-03-18,31.468055555555555,19.4,2.6
2056-03-19,27.2,19.2,2.0
2056-03-20,30.4,17.9,0.0
2056-03-21,28.8,17.1,1.2
2056-03-22,26.5,18.6,5.652710843373497
2056-03-23,29.0,19.0,1.2
2056-03-24,26.8,18.4,0.5072289156626507
2056-03-25,28.3,18.2,0.0
2056-03-26,29.6,19.671870590968766,1.1216867469879528
2056-03-27,29.3,18.8,0.0
2056-03-28,29.0,19.249890125153144,0.0
2056-03-29,23.674744525547446,18.2,0.0
2056-03-30,28.0,17.5,0.0
2056-03-31,28.9,19.4,0.0
2056-04-01,29.4,19.54363968350579,0.0
2056-04-02,30.0,17.3,0.0
2056-04-03,30.615000000000002,15.0,0.0
2056-04-04,31.3,14.2,0.0
2056-04-05,30.0,20.29619140625,0.0
2056-04-06,29.9,19.0,0.0
2056-04-07,27.9,19.2,13.175959595959593
2056-04-08,29.0,15.2,0.0
2056-04-09,30.6,14.0,0.0
2056-04-10,31.0,16.8,0.0
2056-04-11,29.7,17.3,0.0
2056-04-12,28.6,15.5,0.0
2056-04-13,29.9,14.1,0.0
2056-04-14,28.6,15.1,0.0
2056-04-15,23.3,15.5,0.0
2056-04-16,28.4,13.0,0.0
2056-04-17,29.7,10.2,0.0
2056-04-18,29.4,13.7,0.0
2056-04-19,28.6,15.0,0.0
2056-04-20,29.0,12.9,0.0
2056-04-21,29.3,14.1,0.0
2056-04-22,29.9,14.5,0.0
2056-04-23,30.0,14.9,0.0
2056-04-24,30.249999999999996,16.4,0.0
2056-04-25,28.6,16.3,0.0
2056-04-26,28.2,15.7,0.0
2056-04-27,29.086538461538463,15.6,0.0
2056-04-28,29.0,16.1,0.0
2056-04-29,28.19642857142857,15.9,0.0
2056-04-30,27.7,16.3,0.0
2056-05-01,30.0,14.535249946178666,0.0
2056-05-02,30.0,14.0,0.0
2056-05-03,32.0,14.4,0.0
2056-05-04,31.996371318863165,15.1,0.0
2056-05-05,32.61913382634587,16.602368502672803,0.0
2056-05-06,32.50179609887125,17.5,0.0
2056-05-07,31.349644406005563,17.8,0.0
2056-05-08,30.7,16.89521684780721,0.0
2056-05-09,30.766188472453262,16.5,0.0
2056-05-10,31.0,16.3,0.0
2056-05-11,31.97177192616037,15.104698284049885,0.0
2056-05-12,31.4,16.7,0.0
2056-05-13,31.9702678212811,16.5,0.0
2056-05-14,32.78891176818956,16.2,0.0
2056-05-15,32.24856365411726,16.9,0.0
2056-05-16,30.75791369018494,16.9,0.0
2056-05-17,30.8,16.36076536104214,0.0
2056-05-18,31.963475089568302,15.9,0.0
2056-05-19,31.0,16.5,0.0
2056-05-20,30.772099031216346,15.9,0.0
2056-05-21,30.1,15.9,0.0
2056-05-22,28.8,15.2,0.0
2056-05-23,28.0,14.1,0.0
2056-05-24,28.7,13.4,0.0
2056-05-25,29.6,13.6,0.0
2056-05-26,30.366403371791552,14.1,0.0
2056-05-27,31.50134743240675,13.6,0.0
2056-05-28,31.6,15.0,0.0
2056-05-29,30.8,16.2,0.0
2056-05-30,29.9,15.8,0.0
2056-05-31,29.5,14.6,0.0
2056-06-01,30.542824205827547,14.563151684634022,0.0
2056-06-02,30.506213216121584,14.4,0.0
2056-06-03,30.5,16.6324915576586,0.0
2056-06-04,29.982406113554408,16.608337742678287,0.0
2056-06-05,30.4,14.2,0.0
2056-06-06,30.682853984438182,13.8,0.0
2056-06-07,30.63873838314974,14.2,0.0
2056-06-08,30.679785576474547,14.1,0.0
2056-06-09,30.26427390766482,16.535337697744247,0.0
2056-06-10,29.5,14.4,0.0
2056-06-11,30.5,13.7,0.0
2056-06-12,30.642559419481806,14.0,0.0
2056-06-13,30.633527879060548,14.3,0.0
2056-06-14,26.6,18.78962984173836,0.0
2056-06-15,25.848593675512472,14.5,0.0
2056-06-16,23.739422888176406,12.2,0.0
2056-06-17,24.5,11.0,0.0
2056-06-18,25.5,9.9,0.0
2056-06-19,25.7,10.0,0.0
2056-06-20,26.5,10.5,0.0
2056-06-21,27.5,11.7,0.0
2056-06-22,28.2,11.6,0.0
2056-06-23,27.474249165739703,11.9,0.0
2056-06-24,26.2,11.9,0.0
2056-06-25,27.0,9.8,0.0
2056-06-26,28.25295912837626,11.0,0.0
2056-06-27,29.0,12.4,0.0
2056-06-28,28.78757378526357,13.147179614776661,0.0
2056-06-29,28.2,12.3,0.0
2056-06-30,28.0,12.1,0.0
2056-07-01,28.91896951605206,14.075965600657419,0.0
2056-07-02,29.0,13.5,0.0
2056-07-03,29.4,14.2,0.0
2056-07-04,29.5,15.3,0.0
2056-07-05,28.26188925936621,15.532599094535543,0.0
2056-07-06,27.21951178286435,13.9,0.0
2056-07-07,27.6,14.319570454661946,0.0
2056-07-08,27.3,15.2,0.0
2056-07-09,26.7,14.2,0.0
2056-07-10,28.2,14.408650161463937,0.0
2056-07-11,28.8,13.2,0.0
2056-07-12,30.7,12.2,0.0
2056-07-13,31.953564453125,12.2,0.0
2056-07-14,34.0353515625,13.8,0.0
2056-07-15,31.7541015625,17.66103515625,0.0
2056-07-16,29.0,17.239892578125,0.0
2056-07-17,29.5,16.61708984375,0.0
2056-07-18,30.267020736438027,15.56497678340819,0.0
2056-07-19,28.891685145317535,15.955248408047437,0.0
2056-07-20,28.2,15.076114139765656,0.0
2056-07-21,28.574446975575967,14.2,0.0
2056-07-22,27.688488778004682,14.3,0.0
2056-07-23,28.8,13.5,0.0
2056-07-24,29.1,12.99192680301399,0.0
2056-07-25,28.7,14.2,0.0
2056-07-26,28.5,13.9,0.0
2056-07-27,28.9,13.711287962167843,0.0
2056-07-28,29.2,14.567878173874497,0.0
2056-07-29,31.270815531610307,12.86170075349838,0.0
2056-07-30,31.219135656659645,13.9,0.0
2056-07-31,28.8,16.0,0.0
2056-08-01,29.7,13.8,0.0
2056-08-02,31.6,12.3,0.0
2056-08-03,30.2,16.4,0.0
2056-08-04,31.0,14.2,0.0
2056-08-05,29.2,18.078932987017513,0.0
2056-08-06,28.8101266030282,15.1,0.0
2056-08-07,28.3,16.0,0.0
2056-08-08,26.7,15.0,0.0
2056-08-09,27.0,13.8,0.0
2056-08-10,29.2,12.5,0.0
2056-08-11,30.2,13.2,0.0
2056-08-12,27.8,15.3,0.0
2056-08-13,28.3,13.5,0.0
2056-08-14,28.4,13.0,0.0
2056-08-15,28.8,13.5,0.0
2056-08-16,26.665352529601716,15.2,0.0
2056-08-17,27.0,13.7,0.0
2056-08-18,29.1,13.1,0.0
2056-08-19,32.1,15.3,0.0
2056-08-20,33.10539581119566,15.7,0.0
2056-08-21,33.15749850378864,17.0,0.0
2056-08-22,33.102297112994364,18.846306198512192,0.0
2056-08-23,34.816845633280124,18.944760299033007,0.0
2056-08-24,32.732398268107026,25.85791015625,0.0
2056-08-25,32.9,18.409557893292273,0.0
2056-08-26,31.6,18.693288447957862,0.0
2056-08-27,28.6,18.120764434770287,0.0
2056-08-28,28.0,16.4,0.0
2056-08-29,28.5,16.4,0.0
2056-08-30,28.5,16.9,0.0
2056-08-31,28.6,16.0,0.0
2056-09-01,29.0,14.2,0.0
2056-09-02,30.6870902309756,14.9,0.0
2056-09-03,30.5,16.9,0.0
2056-09-04,30.7,15.3,0.0
2056-09-05,31.7,15.1,0.0
2056-09-06,34.7,16.3,0.0
2056-09-07,36.0,17.0,0.0
2056-09-08,39.5634765625,17.8,0.0
2056-09-09,36.0,20.5,0.0
2056-09-10,34.811102614015574,20.6,0.0
2056-09-11,34.0,20.396769662921358,0.0
2056-09-12,33.1,20.359413080701415,0.0
2056-09-13,33.4,19.7,0.0
2056-09-14,35.1,18.7,0.0
2056-09-15,34.62964267000065,20.6,0.0
2056-09-16,32.9,20.148154265195387,0.0
2056-09-17,32.5,19.13949792335209,0.0
2056-09-18,32.9,18.8,0.0
2056-09-19,33.1,19.28098093296559,0.0
2056-09-20,32.6,19.5,0.0
2056-09-21,33.4,18.3,0.0
2056-09-22,35.1,18.3,0.0
2056-09-23,36.0,20.0,0.0
2056-09-24,32.0,20.351417461349076,0.0
2056-09-25,32.1,17.9,0.0
2056-09-26,33.1,18.7,0.0
2056-09-27,33.7,17.5,0.0
2056-09-28,34.7,17.9,0.0
2056-09-29,36.0,19.6,0.0
2056-09-30,39.4619140625,20.5,0.0
2056-10-01,33.5,20.5,0.0
2056-10-02,32.7,18.2,0.0
2056-10-03,34.0,17.6,0.0
2056-10-04,37.04960278354735,18.3,0.0
2056-10-05,34.9,21.9,0.0
2056-10-06,33.9,19.7,0.0
2056-10-07,35.6,19.2,0.0
2056-10-08,36.3,20.0,0.0
2056-10-09,35.0,20.5,0.0
2056-10-10,34.3,20.2,0.0
2056-10-11,33.5,18.5,0.0
2056-10-12,34.8,19.0,0.0
2056-10-13,36.26105745707467,20.3,0.0
2056-10-14,38.0566864118909,21.4,0.0
2056-10-15,38.810888671875,21.9,0.0
2056-10-16,38.89169921875,22.6,0.0
2056-10-17,38.193415751919154,22.1,0.0
2056-10-18,37.2,21.0,0.0
2056-10-19,38.060505146864436,21.4,0.0
2056-10-20,35.83720238638229,22.02320304760013,0.0
2056-10-21,34.6,21.2,0.0
2056-10-22,35.83957508529309,20.1,0.0
2056-10-23,38.24585350289729,21.0,0.0
2056-10-24,38.967626953125,22.0,0.0
2056-10-25,38.65830078125,22.34380349044448,0.0
2056-10-26,39.221533203125,22.0,0.0
2056-10-27,37.43647886630697,23.0,0.0
2056-10-28,37.0,21.9,0.0
2056-10-29,37.519644886333225,21.9,0.0
2056-10-30,38.25451551149583,21.8,0.0
2056-10-31,38.09617771990995,22.6,0.0
2056-11-01,36.2,21.3,0.0
2056-11-02,37.2,19.5,0.0
2056-11-03,40.166015625,19.2,0.0
2056-11-04,40.6328125,22.349529353286268,0.0
2056-11-05,40.360595703125,22.4,0.0
2056-11-06,39.958251953125,22.0,0.0
2056-11-07,38.44512050426393,21.7,0.0
2056-11-08,39.30021892878319,22.025115168615542,0.0
2056-11-09,39.898193359375,22.151807058347664,0.0
2056-11-10,38.83340375247471,23.216812814283134,0.0
2056-11-11,37.2,22.406785317018915,0.0
2056-11-12,37.29993047830922,21.7,0.0
2056-11-13,38.643978494623596,22.3,0.0
2056-11-14,38.613683722654756,24.0181640625,0.0
2056-11-15,37.8953839898738,21.7,0.0
2056-11-16,38.2649054505005,23.9479736328125,0.0
2056-11-17,32.7,20.1,0.4
2056-11-18,34.0,20.0,0.0
2056-11-19,36.3040406006674,23.235686805553584,0.0
2056-11-20,35.62219090551741,22.031033397541993,0.0
2056-11-21,34.0,21.12382409025902,0.0
2056-11-22,34.0,21.4,0.0
2056-11-23,35.2,21.2,0.0
2056-11-24,36.48575848164627,21.47048280245703,0.0
2056-11-25,37.13110319482969,23.95908203125,0.0
2056-11-26,34.8,24.874365234375,0.0
2056-11-27,35.9,23.320311606132492,0.0
2056-11-28,35.5,23.2,0.0
2056-11-29,36.2,21.7,0.0
2056-11-30,35.0,22.302051585094556,0.0
2056-12-01,33.267880856608684,20.32233954990632,0.0
2056-12-02,34.31083984375,21.095680903165846,0.0
2056-12-03,34.06362329812269,21.1056457267335,0.0
2056-12-04,31.0,20.3,0.0
2056-12-05,33.1,20.0,0.0
2056-12-06,33.7,21.0,0.0
2056-12-07,33.1,23.63565063476562,0.0
2056-12-08,33.00318914722285,21.07858589955458,0.0
2056-12-09,33.1,21.0,0.0
2056-12-10,32.43513937085516,20.326156311066132,0.0
2056-12-11,33.03202161854002,19.983266408148946,4.4
2056-12-12,30.5,19.8,3.4
2056-12-13,31.9,19.0,0.0
2056-12-14,32.1,19.7,0.0
2056-12-15,32.57502048423112,19.9,0.0
2056-12-16,33.01858091762525,20.2,0.7
2056-12-17,33.0582526638737,19.9,0.0
2056-12-18,33.7,21.0,0.0
2056-12-19,34.02516471687617,23.26766967773437,0.0
2056-12-20,34.836474609375,21.001146976030483,0.0
2056-12-21,34.978076171875,21.00267368368805,0.0
2056-12-22,35.05498046875,21.0,0.0
2056-12-23,35.68583984375,20.5,0.0
2056-12-24,35.00810546875,20.1,1.6
2056-12-25,32.4,20.0,0.5
2056-12-26,31.6,20.193197912133318,0.9
2056-12-27,31.0,19.9,1.4
2056-12-28,30.8,19.4,8.833333333333332
2056-12-29,28.2,19.347891415308947,7.525000000000002
2056-12-30,30.5,19.5,23.266666666666687
2056-12-31,25.6,19.4,2.4
2057-01-01,27.3,19.0,8.563432835820898
2057-01-02,26.84497529739725,18.6,0.8
2057-01-03,30.4,17.5,0.0
2057-01-04,31.1,17.3,0.0
2057-01-05,31.924470862502186,18.1,0.0
2057-01-06,31.8,19.63146335690369,4.768936567164179
2057-01-07,31.1,19.6,0.8
2057-01-08,30.9,19.4,0.0
2057-01-09,31.2,19.649551600068975,4.4
2057-01-10,31.7,19.7,11.0
2057-01-11,29.5,19.5,40.42175373134328
2057-01-12,30.3,19.1,1.0
2057-01-13,31.0,19.3,2.4
2057-01-14,31.135071485744245,19.5,1.7
2057-01-15,31.37728309694517,19.4,0.2
2057-01-16,31.8,19.172764360910985,0.0
2057-01-17,31.1,19.6387818185062,1.0
2057-01-18,28.7,19.8,16.4
2057-01-19,30.774190610250884,19.0,0.0
2057-01-20,31.2,18.6,0.0
2057-01-21,31.53260950225789,18.45646486098582,0.0
2057-01-22,31.9,21.900524902343747,0.0
2057-01-23,30.958038975492403,19.5,1.4
2057-01-24,31.8,19.5,27.4
2057-01-25,31.2,19.4,69.47373134328355
2057-01-26,29.9,19.0,1.2
2057-01-27,28.5,19.5,8.677705223880594
2057-01-28,29.8,19.5,3.8
2057-01-29,30.2,18.998740784369478,0.0
2057-01-30,30.6,18.9,0.0
2057-01-31,30.6,19.4,0.0
2057-02-01,31.0,19.7,1.0
2057-02-02,31.937517759237185,19.836581885989617,0.0
2057-02-03,32.38314114622971,20.038380464857656,0.2
2057-02-04,32.26517416507506,19.93916497405173,2.0
2057-02-05,32.7,19.7,0.0
2057-02-06,32.9,19.331987871077704,0.0
2057-02-07,29.0,19.418351533423905,6.330679156908665
2057-02-08,30.6,19.345062168911507,1.9524590163934434
2057-02-09,31.211398731718234,18.9,23.01677554542095
2057-02-10,30.33187441675675,19.1,27.43981264637003
2057-02-11,30.5,19.0,9.4
2057-02-12,29.0,19.0,2.6
2057-02-13,30.6,19.2,2.8400468384074946
2057-02-14,28.5,19.1,15.542857142857157
2057-02-15,30.1,19.243078671253087,76.97045194080413
2057-02-16,24.4,18.5,26.457377049180316
2057-02-17,28.2,17.4,0.0
2057-02-18,28.3,19.0,33.20948477751759
2057-02-19,25.6,19.0,31.0
2057-02-20,28.5,19.10554325822501,16.306323185011713
2057-02-21,29.4,18.9,2.0
2057-02-22,29.4,18.3,0.0
2057-02-23,27.8,19.0,0.0
2057-02-24,28.5,18.9,6.330679156908665
2057-02-25,26.7,19.14234107539629,0.0
2057-02-26,30.3,18.8,2.3
2057-02-27,30.7,18.0,2.729742388758782
2057-02-28,30.9,18.4,2.173067915690867
2057-03-01,29.0,18.7,16.788353413654622
2057-03-02,28.7,18.6,0.0
2057-03-03,28.2,18.0,0.0
2057-03-04,24.2,18.4,1.5
2057-03-05,27.2,19.098149274842307,4.515662650602412
2057-03-06,29.7,19.0,21.707401032702247
2057-03-07,28.6,19.154900702145934,6.057831325301209
2057-03-08,27.4,19.0,3.0
2057-03-09,28.890384615384612,18.6,10.949156626506026
2057-03-10,29.4,18.4,1.3
2057-03-11,29.2,18.4,4.12409638554217
2057-03-12,28.5,18.3,1.0
2057-03-13,29.7,17.7,0.0
2057-03-14,30.0,17.9,1.1216867469879528
2057-03-15,28.2,18.0,1.8
2057-03-16,27.7,19.0,1.8349397590361463
2057-03-17,28.3,17.6,0.0
2057-03-18,28.3,17.6,0.0
2057-03-19,28.6,17.4,0.0
2057-03-20,29.9,16.69770370248237,0.0
2057-03-21,29.9,17.4,0.0
2057-03-22,29.5,18.3,0.0
2057-03-23,29.0,17.5,0.0
2057-03-24,29.9,16.9,0.0
2057-03-25,30.0,18.5,0.0
2057-03-26,29.4,18.3,0.0
2057-03-27,27.9,18.3,0.0
2057-03-28,28.2,17.686343679233893,0.0
2057-03-29,28.9,17.7,0.0
2057-03-30,29.4,17.9,0.0
2057-03-31,28.7,17.5,0.0
2057-04-01,28.4,16.6,0.0
2057-04-02,26.0,18.8,0.0
2057-04-03,23.3,17.3,1.7
2057-04-04,24.3172,13.8,0.0
2057-04-05,24.025714285714287,12.2,0.0
2057-04-06,26.1,11.5,0.0
2057-04-07,27.0,11.4,0.0
2057-04-08,27.6,11.5,0.0
2057-04-09,28.4,12.0,0.0
2057-04-10,29.4,11.4,0.0
2057-04-11,27.9,15.2,0.0
2057-04-12,28.4,14.4,0.0
2057-04-13,28.6,11.5,0.0
2057-04-14,28.794999999999998,11.6,0.0
2057-04-15,30.1,13.2,0.0
2057-04-16,29.2,17.6,0.0
2057-04-17,29.4,16.6,0.0
2057-04-18,30.2,16.0,0.0
2057-04-19,29.4,17.0,0.0
2057-04-20,29.8,17.41609195402299,0.0
2057-04-21,29.9,16.9,0.0
2057-04-22,30.3,17.5,0.0
2057-04-23,28.2,17.8,0.0
2057-04-24,27.6,16.4,0.0
2057-04-25,28.5,15.9,0.0
2057-04-26,29.5,15.9,0.0
2057-04-27,29.0,15.305555555555554,0.0
2057-04-28,28.4,14.9,0.0
2057-04-29,28.2,15.5,0.0
2057-04-30,27.0,15.7,0.0
2057-05-01,29.2,14.6,0.0
2057-05-02,28.4,15.6,0.0
2057-05-03,28.5,14.7,0.0
2057-05-04,28.1,15.193271320348506,0.0
2057-05-05,29.08941925920697,16.5,0.0
2057-05-06,30.7,17.2,0.0
2057-05-07,31.05361083584633,15.009279536765508,0.0
2057-05-08,30.7,16.7,0.0
2057-05-09,30.1,15.9,0.0
2057-05-10,30.6,15.1,0.0
2057-05-11,30.6,16.2,0.0
2057-05-12,30.0,14.9,0.0
2057-05-13,31.0,15.2,0.0
2057-05-14,31.766804466838796,16.57654655116441,0.0
2057-05-15,32.24252500274936,16.945315477906814,0.0
2057-05-16,32.838440392407456,17.8,0.0
2057-05-17,32.830893173479026,21.820068359375,0.0
2057-05-18,33.08761752969083,20.10986328125,0.0
2057-05-19,33.83515625,17.991600480997658,0.0
2057-05-20,34.09345703125,17.880208113657414,0.0
2057-05-21,31.75005184016059,18.251218502414353,0.0
2057-05-22,29.6,17.421303549587613,0.0
2057-05-23,27.6,15.3,0.0
2057-05-24,25.63040135322159,14.6,0.0
2057-05-25,26.5,16.894428625993946,0.0
2057-05-26,29.1,14.4,0.0
2057-05-27,30.2,14.8,0.0
2057-05-28,30.2,15.2,0.0
2057-05-29,28.0,15.9,0.0
2057-05-30,22.0,14.3,1.4196078431372547
2057-05-31,25.7,12.7,0.0
2057-06-01,26.3,12.942169076751956,0.0
2057-06-02,26.7,12.4,0.0
2057-06-03,27.7,12.883824619948095,0.0
2057-06-04,27.274406688435175,13.5,0.0
2057-06-05,27.1,11.9,0.0
2057-06-06,28.0,12.9,0.0
2057-06-07,29.0,12.9,0.0
2057-06-08,29.9,13.4,0.0
2057-06-09,28.304172184261184,14.203544833765918,0.0
2057-06-10,25.9,14.013090859294108,0.0
2057-06-11,20.1,12.4,0.0
2057-06-12,25.5,10.8,0.0
2057-06-13,25.6,10.9,0.0
2057-06-14,26.1,9.9,0.0
2057-06-15,26.0,10.5,0.0
2057-06-16,25.8,10.9,0.0
2057-06-17,26.1,10.9,0.0
2057-06-18,27.0,11.5,0.0
2057-06-19,27.0,11.5,0.0
2057-06-20,26.6,9.4,0.0
2057-06-21,26.5,9.9,0.0
2057-06-22,26.5,9.0,0.0
2057-06-23,25.7,9.0,0.0
2057-06-24,26.0,9.0,0.0
2057-06-25,26.5,9.4,0.0
2057-06-26,27.5,7.641768631813128,0.0
2057-06-27,27.142242092353328,10.6,0.0
2057-06-28,25.0,12.1,0.0
2057-06-29,25.0,10.8,0.0
2057-06-30,25.5,10.2,0.0
2057-07-01,26.8,12.2,0.0
2057-07-02,26.7,11.9,0.0
2057-07-03,26.7,11.204772156440617,0.0
2057-07-04,27.4,10.3,0.0
2057-07-05,29.0,8.641692142088266,0.0
2057-07-06,29.752330649526762,10.6,0.0
2057-07-07,31.062386131773806,8.7,0.0
2057-07-08,28.90790507473948,15.0,0.0
2057-07-09,27.0,13.9,0.0
2057-07-10,27.3,12.2,0.0
2057-07-11,28.9,11.7,0.0
2057-07-12,28.8,13.651632176679048,0.0
2057-07-13,22.6,15.436169505477094,0.0
2057-07-14,26.7,12.8,0.0
2057-07-15,27.7,11.3,0.0
2057-07-16,27.6,13.137915833717768,0.0
2057-07-17,26.9,9.9,0.0
2057-07-18,28.604649631763834,11.0,0.0
2057-07-19,28.6,12.7,0.0
2057-07-20,28.2,14.2,0.0
2057-07-21,28.893085037674904,12.9,0.0
2057-07-22,31.29463958743863,13.5,0.0
2057-07-23,33.96796875,15.0,0.0
2057-07-24,31.58076171875,15.3,0.0
2057-07-25,31.22412954528519,12.9,0.0
2057-07-26,29.5,15.0,0.0
2057-07-27,29.402428417653375,13.2,0.0
2057-07-28,30.497562386047907,11.5,0.0
2057-07-29,31.633740234375,12.9,0.0
2057-07-30,32.60908203125,15.3,0.0
2057-07-31,34.3078125,16.982568359375,0.0
2057-08-01,35.561037794180216,18.915888411763255,0.0
2057-08-02,32.6,16.9,0.0
2057-08-03,32.5,13.0,0.0
2057-08-04,30.0,17.683282565711618,0.0
2057-08-05,27.2,15.6,0.0
2057-08-06,28.99224204213439,12.9,0.0
2057-08-07,30.6,14.4,0.0
2057-08-08,31.0,14.7,0.0
2057-08-09,31.4,15.711063009937433,0.0
2057-08-10,30.898424111948323,18.0,0.0
2057-08-11,31.0,16.7,0.0
2057-08-12,33.1509539801337,16.0,0.0
2057-08-13,34.816845633280124,18.83336550239411,0.0
2057-08-14,32.5,18.881991148413615,0.0
2057-08-15,33.2,18.0,0.0
2057-08-16,35.59150720027165,18.3,0.0
2057-08-17,36.2864558765798,19.0,0.0
2057-08-18,37.39443427990539,25.6103515625,0.0
2057-08-19,38.137939453125,26.100341796875,0.0
2057-08-20,39.671875,27.73388671875,0.0
2057-08-21,36.41264230584751,29.59033203125,0.0
2057-08-22,34.777758617384755,27.210693359375,0.0
2057-08-23,35.564423283746024,26.57275390625,0.0
2057-08-24,34.58270375878095,27.01611328125,0.0
2057-08-25,33.90758706899536,26.64501953125,0.0
2057-08-26,31.6,26.96728515625,0.0
2057-08-27,28.9,18.2,0.0
2057-08-28,30.817532113383553,15.6,0.0
2057-08-29,32.1,17.52119524716403,0.0
2057-08-30,32.6,18.634490205892227,0.0
2057-08-31,33.15825728913993,18.6331049069954,0.0
2057-09-01,33.0,17.8,0.0
2057-09-02,33.0,17.7,0.0
2057-09-03,34.0,17.556412297188455,0.0
2057-09-04,31.618477673605604,19.9,0.0
2057-09-05,30.0,17.7,0.0
2057-09-06,31.3,16.6,0.0
2057-09-07,31.9,17.758743047830926,0.0
2057-09-08,31.7,17.6,0.0
2057-09-09,31.1,18.1,0.0
2057-09-10,31.4,17.0,0.0
2057-09-11,33.0,16.566177473178083,0.0
2057-09-12,33.4,17.7,0.0
2057-09-13,33.9,17.9,0.0
2057-09-14,34.9,18.6,0.0
2057-09-15,33.4,20.39926010173602,0.0
2057-09-16,32.37513904338154,19.3,0.0
2057-09-17,32.0,17.8,0.0
2057-09-18,32.5,17.7,0.0
2057-09-19,34.0,18.1,0.0
2057-09-20,35.1,19.3,0.0
2057-09-21,35.74064556334349,20.00277842291192,0.0
2057-09-22,35.0,21.2,0.0
2057-09-23,32.8,20.5,0.0
2057-09-24,32.5,18.9,0.0
2057-09-25,33.5,18.8,0.0
2057-09-26,34.8,19.6,0.0
2057-09-27,34.2,20.5,0.0
2057-09-28,33.9,20.116572490769222,0.0
2057-09-29,34.2,19.9,0.0
2057-09-30,34.9,19.573708882885747,0.0
2057-10-01,33.2,18.0,0.0
2057-10-02,32.5,18.9,0.0
2057-10-03,31.4,18.4,0.0
2057-10-04,32.0,16.9,0.0
2057-10-05,32.1,17.6,0.0
2057-10-06,32.0,17.5,0.0
2057-10-07,32.9,16.7,0.0
2057-10-08,33.5,16.5,0.0
2057-10-09,34.3,17.2,0.0
2057-10-10,34.4,17.9,0.0
2057-10-11,34.2,17.4,0.0
2057-10-12,37.089036371079,17.4,0.0
2057-10-13,38.425634765625,19.3,0.0
2057-10-14,39.471044921875,21.5,0.0
2057-10-15,39.220556640625,23.022136298104005,0.0
2057-10-16,36.79533915284466,22.6,0.0
2057-10-17,36.99383311920552,21.4,0.0
2057-10-18,37.2,21.0,0.0
2057-10-19,38.06860831619856,21.0,0.0
2057-10-20,37.2,22.0,0.0
2057-10-21,34.9,22.068667025475406,0.0
2057-10-22,35.0,21.6,0.0
2057-10-23,37.44427150766013,21.4,0.0
2057-10-24,38.883154296875,22.1,0.0
2057-10-25,39.573828125,23.34529859206304,0.0
2057-10-26,39.546240234375,23.282614676801963,0.0
2057-10-27,40.603857421875,22.6,0.0
2057-10-28,39.112890625,24.282421875,0.0
2057-10-29,38.287859587606256,23.39092815838127,0.0
2057-10-30,38.187920499152355,22.6,0.0
2057-10-31,37.32070248048841,23.193752587563115,0.0
2057-11-01,37.41028188502129,21.5,0.0
2057-11-02,39.79443359375,21.5,0.0
2057-11-03,39.43736237041058,23.0,0.0
2057-11-04,37.49570477264074,22.3,0.0
2057-11-05,39.14988861776864,22.3,0.0
2057-11-06,39.548095703125,23.21047601521044,0.0
2057-11-07,36.66101994677798,23.3386126365142,0.0
2057-11-08,35.2,22.9,0.0
2057-11-09,37.2,23.006452558575543,0.0
2057-11-10,37.847683786582785,24.6822265625,0.0
2057-11-11,38.97582194185699,25.575048828125,0.0
2057-11-12,36.4,23.2,0.0
2057-11-13,36.81444476163287,21.9,0.0
2057-11-14,37.88471251582217,22.3,0.0
2057-11-15,38.86571158247346,23.0,0.0
2057-11-16,39.514892578125,23.349099098192887,0.0
2057-11-17,36.4,24.2466796875,0.0
2057-11-18,31.6,21.5,5.4
2057-11-19,34.1,20.4,0.0
2057-11-20,36.4,23.2,0.0
2057-11-21,35.2,20.0,0.8
2057-11-22,32.2,19.3,0.0
2057-11-23,34.2,20.1,0.5
2057-11-24,30.2,18.8,1.825
2057-11-25,30.2,18.7,10.382499999999999
2057-11-26,28.7,19.0,10.3625
2057-11-27,30.30957653206405,18.9,1.4
2057-11-28,30.2,19.5,3.3
2057-11-29,30.8,19.3,2.28
2057-11-30,28.1,19.9,0.0
2057-12-01,29.522289447310786,19.5,12.8
2057-12-02,29.9,19.4,34.9
2057-12-03,30.2,19.2,22.3
2057-12-04,30.0,19.2,3.3
2057-12-05,29.9,19.461379697664626,1.5
2057-12-06,30.9,19.3,0.0
2057-12-07,30.5,19.9,3.2
2057-12-08,30.1,19.625782336527006,13.5
2057-12-09,26.0,19.4,26.114285714285707
2057-12-10,26.1,19.2,0.0
2057-12-11,30.0,17.3,0.0
2057-12-12,30.8,16.7,0.0
2057-12-13,31.827710625114854,17.7,0.0
2057-12-14,32.077930971302926,19.0,0.0
2057-12-15,31.85092835201764,19.9,1.9
2057-12-16,31.6,19.5,7.9
2057-12-17,31.8,19.556983870406434,1.4
2057-12-18,29.2,19.9,22.566666666666666
2057-12-19,27.7,19.5,0.0
2057-12-20,25.4,19.2,0.0
2057-12-21,27.7,19.4,3.3
2057-12-22,27.6,19.2,0.0
2057-12-23,29.9,18.9,0.0
2057-12-24,31.0,18.5,0.0
2057-12-25,31.2,19.2,0.0
2057-12-26,28.4,19.2,5.0
2057-12-27,28.3,19.4,10.433333333333332
2057-12-28,29.9,19.737866416957974,1.4
2057-12-29,28.0,19.4,0.3
2057-12-30,30.0,19.71528837605378,17.04
2057-12-31,27.5,19.4,4.8
2058-01-01,28.0,19.4,0.0
2058-01-02,29.5,19.1,0.0
2058-01-03,28.5,17.4,0.0
2058-01-04,30.2,16.3,0.0
2058-01-05,31.9,16.9,0.0
2058-01-06,32.63094349051694,18.4,0.0
2058-01-07,31.9,19.8,3.4487873134328373
2058-01-08,31.215976806433407,19.666631475655514,0.0
2058-01-09,31.8,19.498561769596336,0.0
2058-01-10,31.9,18.4,0.0
2058-01-11,31.778724073862783,19.5,6.0
2058-01-12,29.9,19.2,26.309701492537304
2058-01-13,29.0,19.64235788497106,8.210914179104474
2058-01-14,31.2,19.0,1.1
2058-01-15,29.9,19.8,7.2
2058-01-16,31.7,19.8,1.0
2058-01-17,31.55684169787751,19.8,2.4
2058-01-18,30.2,19.7,5.4
2058-01-19,31.369899358294997,19.8,1.0
2058-01-20,26.330953852564313,18.9,5.2
2058-01-21,24.6,18.5,1.8
2058-01-22,29.0,17.1,1.1
2058-01-23,29.6,17.5,0.0
2058-01-24,29.2,18.6,0.3
2058-01-25,26.9,18.9,0.0
2058-01-26,30.7,17.5,0.0
2058-01-27,31.508802432877214,18.8,0.0
2058-01-28,31.8,19.3,0.0
2058-01-29,31.55386581420492,22.326428222656247,0.0
2058-01-30,31.7,21.629162597656247,0.0
2058-01-31,31.9,19.9,0.0
2058-02-01,34.20532074542455,18.9,0.0
2058-02-02,31.79933631164198,19.81662850283059,0.0
2058-02-03,32.0,19.086183054051585,0.0
2058-02-04,35.298693003670046,18.8,0.0
2058-02-05,38.329638671875,19.39047384160642,0.0
2058-02-06,38.192919921875,20.186233745827593,4.125058548009369
2058-02-07,32.9,19.857803740181765,2.7810304449648715
2058-02-08,30.6,19.2,0.0
2058-02-09,31.0,19.892695038796536,0.0
2058-02-10,33.59613509550983,20.559312726315923,0.0
2058-02-11,36.9802734375,20.05274746317113,0.0
2058-02-12,36.707568359375,22.88697509765625,0.0
2058-02-13,36.38994140625,23.1809814453125,0.0
2058-02-14,38.022021484375,23.0542724609375,0.0
2058-02-15,37.412890625,19.92997504164493,5.042154566744732
2058-02-16,34.19516338862424,19.7,0.0
2058-02-17,32.319415684190844,19.47423068947887,4.455971896955506
2058-02-18,31.905831227651962,18.9,0.0
2058-02-19,34.00203138313036,18.9,0.0
2058-02-20,37.327685546875,19.5,0.0
2058-02-21,36.716357421875,20.185168297037215,2.3
2058-02-22,35.715869140625,19.85068528102883,1.3
2058-02-23,36.277880859375,21.9563720703125,0.0
2058-02-24,36.62578125,21.6243408203125,0.0
2058-02-25,37.090380859375,22.881298828125,0.0
2058-02-26,36.919970703125,20.044173986128783,0.0
2058-02-27,38.209033203125,19.89563255066269,0.0
2058-02-28,35.9666015625,22.4038818359375,0.0
2058-03-01,30.9,20.28700272931337,0.0
2058-03-02,32.5,21.23164120474793,0.0
2058-03-03,33.7,23.854772949218745,0.0
2058-03-04,33.685140562249,22.73908081054687,0.0
2058-03-05,33.50009523809524,22.00986328125,0.0
2058-03-06,36.32822265625,21.73544996402821,0.0
2058-03-07,35.8287109375,24.429724121093745,0.0
2058-03-08,35.212744140625,22.500524902343745,0.0
2058-03-09,34.7333877107123,22.454626464843745,0.0
2058-03-10,33.47126436781609,20.247534888691806,0.0
2058-03-11,33.0,19.4,0.0
2058-03-12,34.71990212071777,19.651567839434843,0.0
2058-03-13,35.545263671875,20.581085194561258,0.0
2058-03-14,35.683935546875,24.133093261718745,0.0
2058-03-15,33.7,21.853229971438317,0.0
2058-03-16,32.9,19.799810152222236,0.0
2058-03-17,33.7,19.0,0.0
2058-03-18,33.7,19.9,0.0
2058-03-19,34.8012506797172,24.716284179687495,0.0
2058-03-20,35.048681640625,22.111242675781245,0.0
2058-03-21,29.8,19.9,7.0
2058-03-22,32.9,19.9,0.0
2058-03-23,33.0,19.3,0.0
2058-03-24,33.7,18.900246731413503,0.0
2058-03-25,34.35231103860797,19.0,0.0
2058-03-26,34.29488852637301,19.3,0.0
2058-03-27,33.61151271753681,20.005071103549337,0.0
2058-03-28,33.0,20.68005660983999,0.0
2058-03-29,33.7,19.8,0.0
2058-03-30,33.31415094339622,19.9,0.0
2058-03-31,30.7,19.3,0.0
2058-04-01,31.55483870967742,18.4,0.0
2058-04-02,32.64295081967213,18.71220338983051,0.0
2058-04-03,32.34499999999999,19.2,0.0
2058-04-04,32.87567861020629,19.4,0.0
2058-04-05,32.85917480998915,19.7,0.0
2058-04-06,32.413372093023256,20.6765625,0.0
2058-04-07,32.770575461454946,19.155484896661356,0.0
2058-04-08,33.2,19.041605606881177,0.0
2058-04-09,32.95763157894737,19.4,0.0
2058-04-10,32.3,19.4,0.0
2058-04-11,32.07943925233645,18.857647058823527,0.0
2058-04-12,32.7,19.0,0.0
2058-04-13,32.72214983713356,19.083593501115,0.0
2058-04-14,32.3506,18.77864406779661,0.0
2058-04-15,33.28557844690966,18.8,0.0
2058-04-16,34.0017331589274,19.0,0.0
2058-04-17,33.880703259005145,19.0,0.0
2058-04-18,32.4,19.2,0.0
2058-04-19,31.1,18.7,0.0
2058-04-20,31.1,18.0,0.0
2058-04-21,31.6,17.6,0.0
2058-04-22,31.5,17.4,0.0
2058-04-23,31.6,17.0,0.0
2058-04-24,31.972499999999997,17.4,0.0
2058-04-25,32.2,17.5,0.0
2058-04-26,32.54335664335664,16.6,0.0
2058-04-27,32.712377850162866,16.8,0.0
2058-04-28,32.7827361563518,18.0,0.0
2058-04-29,31.4,18.0,0.0
2058-04-30,29.5,18.0,0.0
2058-05-01,29.8,16.913604902162366,0.0
2058-05-02,29.1,17.2,0.0
2058-05-03,30.2,17.0,0.0
2058-05-04,32.79362878001984,17.164292687811304,0.0
2058-05-05,32.614067633120364,16.924766190335575,0.0
2058-05-06,30.8,17.915654244125708,0.0
2058-05-07,24.7,16.540553590650454,0.9352941176470588
2058-05-08,26.4,15.6,0.0
2058-05-09,30.1,13.6,0.0
2058-05-10,34.510205078125,15.9,0.0
2058-05-11,34.6408203125,17.523980302636613,0.0
2058-05-12,32.7,17.91133240132386,0.0
2058-05-13,29.6,17.8,0.0
2058-05-14,28.7,16.9,0.0
2058-05-15,29.2,15.6,0.0
2058-05-16,31.0,15.0,0.0
2058-05-17,33.8,15.3,0.0
2058-05-18,35.7931640625,16.720144850683276,0.0
2058-05-19,37.4650390625,17.5,0.0
2058-05-20,37.9396484375,18.0,0.0
2058-05-21,31.45162920281136,18.464704283857255,0.0
2058-05-22,26.8,16.9,0.0
2058-05-23,25.4,14.0,0.0
2058-05-24,26.3,12.2,0.0
2058-05-25,29.3,12.9,0.0
2058-05-26,30.530393534144594,14.4,0.0
2058-05-27,27.2,16.2,0.0
2058-05-28,26.0,13.6,0.0
2058-05-29,27.2,12.3,0.0
2058-05-30,29.6,12.6,0.0
2058-05-31,30.273453672269603,12.0,0.0
2058-06-01,30.952382174331674,15.0,0.0
2058-06-02,32.18955078125,15.0,0.0
2058-06-03,31.41025390625,14.2,0.0
2058-06-04,30.4,15.372820352698579,0.0
2058-06-05,29.967128561192943,14.7,0.0
2058-06-06,30.4,14.502598421922595,0.0
2058-06-07,30.45527803058393,15.34867715953655,0.0
2058-06-08,30.732749788157214,15.32897156613594,0.0
2058-06-09,31.97958984375,14.2,0.0
2058-06-10,31.993505859375,14.2,0.0
2058-06-11,31.49814453125,16.54913648672568,0.0
2058-06-12,31.566259765625,22.724560546875,0.0
2058-06-13,30.0,22.295361328125,0.0
2058-06-14,28.6,19.843212890625,0.0
2058-06-15,28.7739059163118,16.735050848276188,0.0
2058-06-16,28.5,16.892784337481586,0.0
2058-06-17,27.9,15.320268262384001,0.0
2058-06-18,28.2,14.0,0.0
2058-06-19,22.82917771883289,14.4,0.0
2058-06-20,25.0,13.233087732546872,0.0
2058-06-21,26.3,11.8,0.0
2058-06-22,26.5,11.9,0.0
2058-06-23,26.1,11.5,0.0
2058-06-24,27.085488584302716,10.5,0.0
2058-06-25,29.0,10.7,0.0
2058-06-26,29.9,10.0,0.0
2058-06-27,28.9,11.2,0.0
2058-06-28,22.078477060281404,12.970388889488863,0.0
2058-06-29,23.6,10.7,0.0
2058-06-30,25.0,7.6736396922506485,0.0
2058-07-01,28.293756727664146,9.5,0.0
2058-07-02,29.04649588461364,12.1,0.0
2058-07-03,26.7,15.53673462926612,0.0
2058-07-04,22.9,14.30028704700395,0.0
2058-07-05,26.7,11.1,0.0
2058-07-06,30.54726948740464,12.8,0.0
2058-07-07,33.5744140625,13.0,0.0
2058-07-08,32.300732421875,13.6,0.0
2058-07-09,29.2,17.4115234375,0.0
2058-07-10,23.0,15.3,0.0
2058-07-11,27.6,14.2,0.0
2058-07-12,26.462766415500525,14.2,0.0
2058-07-13,27.1,14.2,0.0
2058-07-14,27.7,14.119508779240007,0.0
2058-07-15,29.0,13.781054897739503,0.0
2058-07-16,29.5,14.043066310172785,0.0
2058-07-17,29.4,14.957002338443242,0.0
2058-07-18,31.06702922416973,11.7,0.0
2058-07-19,32.95771484375,12.0,0.0
2058-07-20,32.6916015625,12.2,0.0
2058-07-21,28.6,17.331201171875,0.0
2058-07-22,28.3,15.389623459822104,0.0
2058-07-23,29.177747785045945,13.4,0.0
2058-07-24,29.2,12.9,0.0
2058-07-25,29.2,14.2,0.0
2058-07-26,28.58168156140218,13.5,0.0
2058-07-27,28.6,13.4,0.0
2058-07-28,29.2,13.714321307192705,0.0
2058-07-29,29.233663161381124,15.1,0.0
2058-07-30,29.985817356646187,15.3,0.0
2058-07-31,30.91659303054152,15.541308728439295,0.0
2058-08-01,31.0,17.7,0.0
2058-08-02,30.5,17.405357996205943,0.0
2058-08-03,30.5,17.2517192583544,0.0
2058-08-04,30.5,17.574234748797252,0.0
2058-08-05,30.7,17.5,0.0
2058-08-06,30.7,16.9,0.0
2058-08-07,30.940303193397913,15.733827865399912,0.0
2058-08-08,31.5,16.0,0.0
2058-08-09,31.83394366347291,16.0,0.0
2058-08-10,32.5,15.560482064411019,0.0
2058-08-11,31.898951283718247,18.15762243521252,0.0
2058-08-12,32.1,15.6,0.0
2058-08-13,32.9,15.2,0.0
2058-08-14,33.2,14.5,0.0
2058-08-15,29.3,19.0,0.0
2058-08-16,25.1,16.9,0.0
2058-08-17,28.9,13.8,0.0
2058-08-18,31.5,13.8,0.0
2058-08-19,29.6,16.9,0.0
2058-08-20,30.2,13.8,0.0
2058-08-21,31.2,13.8,0.0
2058-08-22,31.2,15.4,0.0
2058-08-23,32.5,14.6,0.0
2058-08-24,33.133027676209295,17.2,0.0
2058-08-25,33.51346773457875,18.000271939266888,0.0
2058-08-26,35.349906353991,17.63854528679071,0.0
2058-08-27,28.9,18.99234116925356,0.0
2058-08-28,26.0,16.0,0.0
2058-08-29,27.9,13.7,0.0
2058-08-30,31.9,15.0,0.0
2058-08-31,32.5,17.5,0.0
2058-09-01,31.9,17.5,0.0
2058-09-02,30.9,18.0,0.0
2058-09-03,32.0,16.5,0.0
2058-09-04,33.2,16.4,0.0
2058-09-05,32.5,17.7,0.0
2058-09-06,30.0,18.3,0.0
2058-09-07,29.0,16.4,0.0
2058-09-08,30.2,16.3,0.0
2058-09-09,31.1,15.2,0.0
2058-09-10,32.0,16.5,0.0
2058-09-11,31.2,18.0,0.0
2058-09-12,30.6,17.4,0.0
2058-09-13,32.0,16.64003151649982,0.0
2058-09-14,33.7,17.7,0.0
2058-09-15,32.5,20.1,0.0
2058-09-16,32.0,18.6,0.0
2058-09-17,33.1,18.2,0.0
2058-09-18,32.0,19.6,0.0
2058-09-19,32.5,17.9,0.0
2058-09-20,34.4209027574498,18.3,0.0
2058-09-21,35.2,20.404969257114637,0.0
2058-09-22,35.369319218607444,20.833310749317437,0.0
2058-09-23,36.0,21.2,0.0
2058-09-24,34.9,21.599461294689622,0.0
2058-09-25,34.9,20.6,0.0
2058-09-26,35.0,20.5,0.0
2058-09-27,34.9,20.2,0.0
2058-09-28,35.3,20.4,0.0
2058-09-29,39.856201171875,21.347802254509592,0.0
2058-09-30,40.07470703125,21.59801438123712,0.0
2058-10-01,35.5,21.0,0.0
2058-10-02,35.4,20.5,0.0
2058-10-03,35.1,20.2,0.0
2058-10-04,33.9,19.5,0.0
2058-10-05,33.5,18.5,0.0
2058-10-06,34.2,18.7,0.0
2058-10-07,36.0,18.9,0.0
2058-10-08,37.55749760057691,21.2,0.0
2058-10-09,38.14433103652754,21.9,0.0
2058-10-10,36.0,22.0,0.0
2058-10-11,35.5,21.6,0.0
2058-10-12,35.5,21.0,0.0
2058-10-13,35.5,20.9835278203797,0.0
2058-10-14,35.6,20.3,0.0
2058-10-15,35.6,21.0,0.0
2058-10-16,35.8,20.7,0.0
2058-10-17,36.0,20.7,0.0
2058-10-18,37.52669537136705,21.0,0.0
2058-10-19,38.221730274649794,21.6,0.0
2058-10-20,36.0,22.100732705604603,0.0
2058-10-21,34.5,20.4,0.0
2058-10-22,35.62772354404068,20.0,0.0
2058-10-23,34.6,21.3,0.0
2058-10-24,34.9,20.7,0.0
2058-10-25,35.6,20.670248966978015,0.0
2058-10-26,37.0,20.9,0.0
2058-10-27,39.723974609375,21.87083653698292,0.0
2058-10-28,39.56796875,23.20106400596173,0.0
2058-10-29,38.1862439813591,23.864208984375,0.0
2058-10-30,37.31569292533279,22.471298240660637,0.0
2058-10-31,38.5689453125,22.000780000236816,0.0
2058-11-01,39.455164644083325,22.3,0.0
2058-11-02,37.94633623566414,21.5,0.0
2058-11-03,39.84765625,22.3,0.0
2058-11-04,37.886383951517004,23.384896718060403,0.0
2058-11-05,39.7275390625,23.342433730769724,0.0
2058-11-06,38.38763811642562,19.7,1.0
2058-11-07,30.6,19.2,3.35
2058-11-08,31.5,19.1,0.0
2058-11-09,32.7,20.0,0.0
2058-11-10,34.8,18.7,0.0
2058-11-11,35.7,19.292508989316307,0.0
2058-11-12,36.9150836229045,20.0,0.0
2058-11-13,37.38709189071868,21.1,0.0
2058-11-14,36.8,22.3,0.0
2058-11-15,37.46739628670185,23.429060906768907,0.0
2058-11-16,37.55303133235288,24.854345703125,0.0
2058-11-17,36.85486528788131,23.2,0.0
2058-11-18,36.4,21.3,0.0
2058-11-19,37.88458394384565,23.351541150912578,0.0
2058-11-20,35.89609089464485,21.9,0.0
2058-11-21,36.2,21.6891910105079,0.0
2058-11-22,34.8,21.900477308708684,0.0
2058-11-23,36.2,21.1,2.0
2058-11-24,32.8,20.4,3.2
2058-11-25,30.1,18.5,40.43333333333332
2058-11-26,30.0,18.747466073414905,20.866666666666667
2058-11-27,28.6,18.7,22.2375
2058-11-28,30.0,19.1,12.2
2058-11-29,27.5,18.6,51.806976744186024
2058-11-30,28.9,17.5,0.0
2058-12-01,29.1,18.1,0.0
2058-12-02,28.958591581213526,18.9,0.0
2058-12-03,30.1,19.4,5.4
2058-12-04,30.4,18.8,0.0
2058-12-05,30.7,19.0,0.0
2058-12-06,29.0,18.3,0.0
2058-12-07,30.7,19.787262626637556,7.6
2058-12-08,26.0,19.5,7.2
2058-12-09,25.1,19.2,5.6
2058-12-10,28.0,19.352349158553448,0.0
2058-12-11,30.4,19.0,8.15
2058-12-12,27.3,19.5,17.5
2058-12-13,27.6,19.4,24.533333333333353
2058-12-14,26.18934337997846,19.0,48.181818181818194
2058-12-15,23.2,16.850671629345502,8.9
2058-12-16,24.46109821416992,16.6,0.0
2058-12-17,28.5,16.3,0.0
2058-12-18,30.0,16.6,0.0
2058-12-19,30.8,17.9,0.0
2058-12-20,31.2,19.0,0.0
2058-12-21,30.0,19.2,0.3
2058-12-22,30.7,18.511173902643222,1.0
2058-12-23,30.3,19.5,3.9
2058-12-24,30.5,19.2,32.7
2058-12-25,25.7,19.47741337888647,13.833333333333325
2058-12-26,26.3,19.3,2.4
2058-12-27,29.0,19.4,7.2
2058-12-28,28.0,19.005957580673115,15.0
2058-12-29,26.5,18.5,0.0
2058-12-30,27.2,19.0,0.0
2058-12-31,30.1,17.9,0.0
2059-01-01,29.4,18.4,0.0
2059-01-02,29.4,19.4,0.0
2059-01-03,30.9,18.1,0.0
2059-01-04,31.52697657959193,18.0,0.0
2059-01-05,31.7,18.9,0.0
2059-01-06,31.7,19.2,1.0
2059-01-07,31.0,19.3,0.8
2059-01-08,31.8,18.8,0.0
2059-01-09,31.235856102799307,20.33238219732452,5.4
2059-01-10,29.3,19.6,27.4
2059-01-11,25.9,19.5,22.884701492537317
2059-01-12,27.3,19.0,6.0
2059-01-13,28.097812767315933,19.0,11.0
2059-01-14,29.8,19.296493925880355,55.64477611940274
2059-01-15,27.2,19.0,5.123694029850745
2059-01-16,25.9,19.520811263042326,23.4
2059-01-17,29.1,19.4,18.09776119402984
2059-01-18,29.0,18.4,1.1
2059-01-19,29.8,19.4,4.819216417910448
2059-01-20,29.5,19.4,2.481156716417909
2059-01-21,30.0,19.3,7.2
2059-01-22,30.6,19.4,10.70704291044776
2059-01-23,28.5,19.33299189041136,34.991989272388054
2059-01-24,24.15605279048654,18.801689663045963,70.6
2059-01-25,23.157777247776636,18.15864543508654,19.4803171641791
2059-01-26,25.0,18.0,0.0
2059-01-27,27.5,18.5,6.3
2059-01-28,27.422517091903526,19.196866192786203,25.0
2059-01-29,26.4,19.139660814064108,7.5
2059-01-30,26.0,19.2,1.6
2059-01-31,25.5,18.6,1.7621268656716405
2059-02-01,26.9,18.6,26.61469555035129
2059-02-02,27.237156478801293,18.9,0.8
2059-02-03,26.0,19.0,7.0
2059-02-04,27.9,19.0,53.62273591403777
2059-02-05,27.2,19.0,19.7
2059-02-06,27.4,18.7,2.4
2059-02-07,27.6,18.6,1.6
2059-02-08,27.6,18.0,0.9030444964871194
2059-02-09,29.5,18.9,0.0
2059-02-10,29.0,18.8,6.4
2059-02-11,30.28119771975903,18.9,2.7
2059-02-12,29.1,18.9,17.4
2059-02-13,30.2,18.751106389594238,0.2
2059-02-14,30.2,18.9,0.0
2059-02-15,30.1,19.689071019715577,0.0
2059-02-16,30.3,18.6,0.0
2059-02-17,28.2,19.1,17.580913348946144
2059-02-18,28.6,18.9,0.0
2059-02-19,30.4,18.9,0.0
2059-02-20,31.014746965914792,19.5,0.0
2059-02-21,31.2,19.33999938107728,0.0
2059-02-22,31.827539278361677,18.8,0.0
2059-02-23,31.911193563766385,19.88822200936397,0.0
2059-02-24,32.0,18.4,0.0
2059-02-25,30.5,18.5,6.330679156908665
2059-02-26,30.7,18.4,0.0
2059-02-27,30.0,17.7,0.0
2059-02-28,28.7,18.6,0.0
2059-03-01,27.7,17.4,0.0
2059-03-02,30.1030303030303,16.0,0.0
2059-03-03,30.9,15.1,0.0
2059-03-04,32.0,15.0,0.0
2059-03-05,31.3,18.7,0.0
2059-03-06,29.5,18.8,0.0
2059-03-07,30.0,18.5,0.0
2059-03-08,31.0,18.3,0.0
2059-03-09,31.0,19.04482509373229,0.0
2059-03-10,30.4,19.2,0.0
2059-03-11,30.9,18.9,0.0
2059-03-12,31.0,18.5,0.0
2059-03-13,30.8,18.2,0.0
2059-03-14,30.9,17.4,0.0
2059-03-15,33.67684069611781,16.9,0.0
2059-03-16,32.9,18.93300442530797,2.3
2059-03-17,28.0,18.8,1.6
2059-03-18,28.2,18.4,0.0
2059-03-19,29.2,18.125853366822167,0.0
2059-03-20,29.5,16.8,0.0
2059-03-21,30.3,16.4,0.0
2059-03-22,31.9,16.18039675400956,0.0
2059-03-23,31.963114754098363,17.6,0.0
2059-03-24,31.9,18.2,0.0
2059-03-25,32.0,17.9,0.0
2059-03-26,31.0,18.4,0.0
2059-03-27,28.0,18.6,0.0
2059-03-28,30.1,18.3,0.0
2059-03-29,30.2,17.4,0.0
2059-03-30,30.0,16.97631862217438,0.0
2059-03-31,31.2,17.2,0.0
2059-04-01,31.632584269662917,17.6,0.0
2059-04-02,32.01028037383178,16.0,0.0
2059-04-03,34.09434270765206,16.8,0.0
2059-04-04,35.811279296875,18.2,0.0
2059-04-05,29.8,17.5,16.78787878787879
2059-04-06,17.08538238141336,17.3,38.29145846958796
2059-04-07,16.934753146176185,17.5,8.407272727272726
2059-04-08,27.11111111111111,17.0,0.0
2059-04-09,28.4,15.9,0.0
2059-04-10,28.9,15.9,0.0
2059-04-11,29.2,15.2,0.0
2059-04-12,29.4,15.9,0.0
2059-04-13,29.8,16.0,0.0
2059-04-14,31.5,15.2,0.0
2059-04-15,32.887622149837135,15.9,0.0
2059-04-16,30.44,17.6,0.0
2059-04-17,28.5,16.8,0.0
2059-04-18,29.2,16.9,0.0
2059-04-19,28.2,16.2,0.0
2059-04-20,27.5,15.4,0.0
2059-04-21,27.5,14.5,0.0
2059-04-22,29.2,14.9,0.0
2059-04-23,29.3,15.2,0.0
2059-04-24,28.5,15.5,0.0
2059-04-25,28.6,15.2,0.0
2059-04-26,27.5,15.1,0.0
2059-04-27,26.6,14.2,0.0
2059-04-28,26.62857142857143,13.9,0.0
2059-04-29,27.2,13.9,0.0
2059-04-30,27.8,14.9,0.0
2059-05-01,28.6,15.6,0.0
2059-05-02,28.6,14.1,0.0
2059-05-03,30.1,14.3,0.0
2059-05-04,31.0,15.3,0.0
2059-05-05,30.8,16.548310694209494,0.0
2059-05-06,30.6,16.5,0.0
2059-05-07,30.1,15.7,0.0
2059-05-08,29.3,14.620990312163602,0.0
2059-05-09,28.7,14.133298887692847,0.0
2059-05-10,29.6,14.4,0.0
2059-05-11,30.7,14.6,0.0
2059-05-12,30.0,15.6,0.0
2059-05-13,27.9,15.2,0.0
2059-05-14,26.7,13.0,0.0
2059-05-15,28.2,12.8,0.0
2059-05-16,30.7,13.1,0.0
2059-05-17,31.0,15.2,0.0
2059-05-18,30.2,16.8,0.0
2059-05-19,29.1,16.49628417653389,0.0
2059-05-20,29.0,15.6,0.0
2059-05-21,29.8,16.9,0.0
2059-05-22,30.2,17.9,0.0
2059-05-23,30.1,16.7,0.0
2059-05-24,30.0,15.6,0.0
2059-05-25,30.220698635369274,14.9,0.0
2059-05-26,29.8,14.8,0.0
2059-05-27,28.9638988901674,13.1,0.0
2059-05-28,29.2,11.5,0.0
2059-05-29,30.3,10.5,0.0
2059-05-30,25.4,14.9,0.6
2059-05-31,24.0,12.8,0.0
2059-06-01,24.8,11.5,0.0
2059-06-02,25.7,9.0,0.0
2059-06-03,28.461330399790626,8.0,0.0
2059-06-04,29.0,8.0,0.0
2059-06-05,29.24056573419503,9.4,0.0
2059-06-06,28.6,13.7,0.0
2059-06-07,28.2,13.984884170817825,0.0
2059-06-08,28.526148817447442,12.9,0.0
2059-06-09,28.72670905633771,11.9,0.0
2059-06-10,27.3,13.2,0.0
2059-06-11,26.3,12.9,0.0
2059-06-12,25.6,12.41011603802205,0.0
2059-06-13,25.5,12.9,0.0
2059-06-14,26.279579834586624,11.6,0.0
2059-06-15,27.2,12.3,0.0
2059-06-16,29.4871528696323,13.3,0.0
2059-06-17,29.96081826782626,13.6,0.0
2059-06-18,30.29770842646209,12.4,0.0
2059-06-19,28.0,15.17668986212071,0.0
2059-06-20,27.5,12.9,0.0
2059-06-21,27.200950159675628,14.0,0.0
2059-06-22,27.4,12.6,0.0
2059-06-23,27.8,11.3,0.0
2059-06-24,28.748065101574856,12.123991195891419,0.0
2059-06-25,29.2,11.75224263518605,0.0
2059-06-26,29.5,11.2,0.0
2059-06-27,28.5,13.6,0.0
2059-06-28,29.2,11.7,0.0
2059-06-29,30.49746323075022,12.0,0.0
2059-06-30,30.5,12.044540528903084,0.0
2059-07-01,31.73896484375,15.1,0.0
2059-07-02,31.207452706205366,15.1,0.0
2059-07-03,29.232067842455344,15.0,0.0
2059-07-04,29.59747873679103,14.0314547958841,0.0
2059-07-05,29.5,12.9,0.0
2059-07-06,29.2,12.7,0.0
2059-07-07,27.63780596246548,13.6,0.0
2059-07-08,27.2,11.9,0.0
2059-07-09,28.835536987498525,12.0,0.0
2059-07-10,29.2,11.1,0.0
2059-07-11,29.2,12.5,0.0
2059-07-12,27.4,15.3,0.0
2059-07-13,27.6,13.6,0.0
2059-07-14,27.6,14.2,0.0
2059-07-15,28.2,12.250090939460302,0.0
2059-07-16,28.506844891398902,13.745665872449536,0.0
2059-07-17,28.0,13.4,0.0
2059-07-18,27.7,12.654015069967707,0.0
2059-07-19,27.323935805851836,13.0,0.0
2059-07-20,28.1,13.8,0.0
2059-07-21,28.9,14.023713786358316,0.0
2059-07-22,29.2,15.0,0.0
2059-07-23,29.4,15.066115335794834,0.0
2059-07-24,30.48524304680677,15.3,0.0
2059-07-25,31.157788712901727,15.25153780483278,0.0
2059-07-26,31.71650390625,15.1,0.0
2059-07-27,33.34833984375,13.9,0.0
2059-07-28,33.94453125,12.2,0.0
2059-07-29,29.2,15.936498080655952,0.0
2059-07-30,27.988630931747267,15.0,0.0
2059-07-31,28.8,13.3,0.0
2059-08-01,29.8,13.0,0.0
2059-08-02,28.9,14.3,0.0
2059-08-03,30.1,13.5,0.0
2059-08-04,28.5,14.446447793326156,0.0
2059-08-05,21.927802262526146,15.4,0.0
2059-08-06,24.9,13.3,0.0
2059-08-07,25.3,12.0,0.0
2059-08-08,27.0,12.2,0.0
2059-08-09,28.0,13.4,0.0
2059-08-10,28.7,13.8,0.0
2059-08-11,30.5,14.2,0.0
2059-08-12,29.9,16.891419712020276,0.0
2059-08-13,28.7,15.0,0.0
2059-08-14,30.7,13.5,0.0
2059-08-15,31.5,14.6,0.0
2059-08-16,32.5,15.620139980453173,0.0
2059-08-17,29.825255651237885,18.53075033242576,0.0
2059-08-18,29.0,15.585300962965118,0.0
2059-08-19,28.7,14.0,0.0
2059-08-20,28.6,13.5,0.0
2059-08-21,30.2,12.0,0.0
2059-08-22,29.5,15.489465972969732,0.0
2059-08-23,30.2,14.9,0.0
2059-08-24,31.2,15.2,0.0
2059-08-25,31.2,17.0,0.0
2059-08-26,30.9,16.768796058623824,0.0
2059-08-27,32.1,16.576379343655983,0.0
2059-08-28,33.192687174455074,18.408980225492,0.0
2059-08-29,31.450226049515603,25.9296875,0.0
2059-08-30,29.5,18.151439802880265,0.0
2059-08-31,29.2,16.7,0.0
2059-09-01,30.0,14.5,0.0
2059-09-02,31.6,15.0,0.0
2059-09-03,30.5,17.6,0.0
2059-09-04,31.1,16.5,0.0
2059-09-05,32.8,15.814312198739344,0.0
2059-09-06,32.0,18.6,0.0
2059-09-07,30.9,18.0,0.0
2059-09-08,30.9,17.8,0.0
2059-09-09,32.7,16.4,0.0
2059-09-10,34.9,16.9,0.0
2059-09-11,34.6,20.1,0.0
2059-09-12,34.2,18.9,0.0
2059-09-13,34.6,19.28098093296559,0.0
2059-09-14,33.5,20.4,0.0
2059-09-15,32.9,20.5,0.0
2059-09-16,33.1,19.3,0.0
2059-09-17,33.5,18.9,0.0
2059-09-18,34.9,19.3,0.0
2059-09-19,39.95703125,20.4,0.0
2059-09-20,41.7275390625,20.5,0.0
2059-09-21,42.009521484375,20.5,0.0
2059-09-22,41.85498046875,21.669846632959686,0.0
2059-09-23,40.61376953125,22.755218711666252,0.0
2059-09-24,34.95850533514606,21.66872644189969,0.0
2059-09-25,35.3,20.409002717044444,0.0
2059-09-26,39.527587890625,20.5,0.0
2059-09-27,40.772705078125,21.478136686265167,0.0
2059-09-28,41.400390625,21.65108343270467,0.0
2059-09-29,40.619384765625,21.64599589830717,0.0
2059-09-30,39.5380859375,22.292347460715266,0.0
2059-10-01,34.0,20.7,0.0
2059-10-02,33.9,20.0,0.0
2059-10-03,34.3,20.6,0.0
2059-10-04,35.5,20.6,0.0
2059-10-05,37.2,20.7,0.0
2059-10-06,38.3186888870268,21.7,0.0
2059-10-07,35.5,22.798164256829473,0.0
2059-10-08,34.0,21.0,0.0
2059-10-09,35.0,20.4,0.0
2059-10-10,38.319806565555645,20.3,0.0
2059-10-11,38.9634765625,21.0,0.0
2059-10-12,40.15,22.145113842296723,0.0
2059-10-13,37.2,23.303754192451702,0.0
2059-10-14,33.0,21.1,0.0
2059-10-15,32.9,19.7,0.0
2059-10-16,35.0,19.5,0.0
2059-10-17,34.9,20.3,0.0
2059-10-18,32.3,20.7,0.0
2059-10-19,32.8,19.9,0.0
2059-10-20,34.2,19.2,0.0
2059-10-21,36.0,19.8,0.0
2059-10-22,37.05486059521824,21.140473627556506,0.0
2059-10-23,38.0,22.0,0.0
2059-10-24,38.030420966463126,22.0,0.0
2059-10-25,38.089657928491725,23.14230355220665,0.0
2059-10-26,38.324090999916194,23.760375139917528,0.0
2059-10-27,38.20654847463306,24.08662109375,0.0
2059-10-28,38.541845703125,23.39671582704224,0.0
2059-10-29,38.8443359375,23.292944212858092,0.0
2059-10-30,37.32404218392548,23.162045623913198,0.0
2059-10-31,38.11499197514547,21.9,0.0
2059-11-01,39.631103515625,20.9,0.0
2059-11-02,40.16064453125,22.286715991488943,0.0
2059-11-03,39.343076254291795,22.608309896822593,0.0
2059-11-04,38.764832031661015,21.7,0.0
2059-11-05,34.5,20.0,1.9
2059-11-06,34.8,20.0,0.0
2059-11-07,33.7,23.373893115805778,0.0
2059-11-08,36.819394213826556,23.3634066541271,0.0
2059-11-09,37.77491204786927,23.2,0.0
2059-11-10,38.92175577736922,25.451025390625,0.0
2059-11-11,36.65194595108954,23.38348894649258,0.0
2059-11-12,37.42176320572994,22.99537925021797,0.0
2059-11-13,36.47920432424916,20.7,0.8
2059-11-14,36.560106115940016,20.573664477733274,0.0
2059-11-15,36.56423065943477,23.2,0.0
2059-11-16,36.2,24.541357421875,0.0
2059-11-17,32.1,22.9,2.5
2059-11-18,35.2,21.468184134533722,0.0
2059-11-19,35.3,21.779993974786812,0.0
2059-11-20,36.2,21.419892069072638,0.0
2059-11-21,37.388228655145284,24.103125,0.0
2059-11-22,35.62429349235157,22.97432334399497,0.0
2059-11-23,34.2029967938232,20.9,5.1
2059-11-24,27.3,19.4,26.39130434782609
2059-11-25,29.72814238042269,20.0,1.0666666666666669
2059-11-26,28.8,18.5,90.00862068965515
2059-11-27,23.047623729025993,17.5,64.17435897435898
2059-11-28,25.186938674104898,17.6,0.0
2059-11-29,29.7,16.2,0.0
2059-11-30,30.1,17.5,0.0
2059-12-01,29.8,19.2,0.0
2059-12-02,30.0,18.671201873929487,0.0
2059-12-03,30.2,18.9,0.0
2059-12-04,30.0,17.9,0.0
2059-12-05,29.9,16.9,0.0
2059-12-06,30.6,19.0,0.0
2059-12-07,30.9,19.2,0.0
2059-12-08,31.6,18.4,0.0
2059-12-09,32.03468764552747,18.8,0.0
2059-12-10,32.0,19.4,0.0
2059-12-11,31.6,19.2,0.0
2059-12-12,31.9,19.5,0.0
2059-12-13,32.4,19.6,2.1
2059-12-14,32.159072573791846,19.4,0.3
2059-12-15,32.0,19.365379484960425,3.3
2059-12-16,28.3,19.51187812982637,15.2
2059-12-17,29.9,19.5,41.3
2059-12-18,28.1,19.4,43.13333333333333
2059-12-19,29.8,19.4,13.6
2059-12-20,27.13219089721362,19.4,11.0
2059-12-21,24.8,19.0,41.13
2059-12-22,23.2,18.0,42.12
2059-12-23,23.9,18.0,5.0
2059-12-24,26.5,18.0,3.4
2059-12-25,26.322192480257577,19.2,15.5
2059-12-26,25.2,19.0,27.385714285714286
2059-12-27,24.2,18.6,4.4
2059-12-28,29.4,17.7,0.0
2059-12-29,30.0,17.4,0.0
2059-12-30,29.9,17.5,0.0
2059-12-31,30.2,17.4,0.0
2060-01-01,31.5,17.4,0.0
2060-01-02,31.9,18.0,0.0
2060-01-03,31.706240303590075,19.3,0.0
2060-01-04,29.8,19.532733826866057,5.4
2060-01-05,26.0,19.0,1.0
2060-01-06,25.7,19.3,2.0
2060-01-07,27.2,19.6,67.06955300815517
2060-01-08,28.7,18.8,29.182611940298504
2060-01-09,29.8,18.3,0.0
2060-01-10,27.9,19.2,0.0
2060-01-11,30.1,18.4,0.0
2060-01-12,31.188360105986575,18.9,0.0
2060-01-13,29.3,19.687214648912555,1.8
2060-01-14,28.6,19.0,0.0
2060-01-15,29.5,19.5,2.1
2060-01-16,30.6,19.62984165234404,5.6
2060-01-17,30.9,19.5,23.983955223880606
2060-01-18,30.0,19.6,3.0
2060-01-19,28.0,19.5,1.0
2060-01-20,27.7,19.0,0.0
2060-01-21,29.7,18.9,0.0
2060-01-22,27.4,19.660362963799958,0.0
2060-01-23,28.6,19.770914987329167,5.836007462686568
2060-01-24,31.100321725168524,19.66751509672968,2.4
2060-01-25,31.581711582855526,19.0,0.0
2060-01-26,31.2,19.7,0.0
2060-01-27,31.8,19.8,0.0
2060-01-28,31.7,19.8,1.4
2060-01-29,29.6,19.619612438967817,5.7
2060-01-30,30.1,19.8,23.0
2060-01-31,29.4,19.5,37.39548507462686
2060-02-01,27.3,19.745110440494017,2.393676814988293
2060-02-02,25.6,19.4,10.4
2060-02-03,25.295693994215135,19.2,6.4
2060-02-04,26.0,19.0,3.8
2060-02-05,26.8,19.0,4.8
2060-02-06,26.2,19.0,16.4
2060-02-07,28.1,19.071246437833665,3.8
2060-02-08,29.1,19.0,32.4704137392662
2060-02-09,30.1,19.5,28.391334894613596
2060-02-10,30.4,19.0,27.852693208430917
2060-02-11,26.2,19.2,49.57459016393445
2060-02-12,29.0,19.38192079852283,12.290515222482439
2060-02-13,30.4,19.1,21.083606557377053
2060-02-14,29.0,19.1,1.9524590163934434
2060-02-15,29.1,18.4,0.0
2060-02-16,30.5,17.057687723481468,0.0
2060-02-17,30.9,17.7,0.0
2060-02-18,30.3,17.0,0.0
2060-02-19,31.0,16.4,0.0
2060-02-20,31.948144934445764,18.5,0.0
2060-02-21,31.93605530393325,19.7,2.742564402810306
2060-02-22,31.244256843519313,19.9,2.509133489461357
2060-02-23,31.2,20.09012501975901,0.0
2060-02-24,31.8,18.9,0.0
2060-02-25,31.472388360651323,18.8,0.0
2060-02-26,31.30081588842281,18.2,0.0
2060-02-27,31.476420192316304,17.1,0.0
2060-02-28,31.939467699642424,17.6,0.0
2060-03-01,32.0,19.0,0.0
2060-03-02,32.42544169611307,19.9,0.0
2060-03-03,32.4,19.0,7.0
2060-03-04,31.438888888888883,19.0,19.31570727353862
2060-03-05,31.8,19.4,19.05197934595526
2060-03-06,26.9,19.2,27.647327772628998
2060-03-07,25.3,19.3,5.2939759036144665
2060-03-08,26.7,18.957977514651358,0.0
2060-03-09,29.5,18.1,0.0
2060-03-10,30.6,17.1,0.0
2060-03-11,29.9,17.4,0.0
2060-03-12,27.8,19.0,0.8
2060-03-13,29.3,18.8,0.0
2060-03-14,30.7,17.9,0.0
2060-03-15,30.9,19.73845878201158,0.0
2060-03-16,29.9,19.9,0.0
2060-03-17,30.0,19.4,0.0
2060-03-18,31.0,19.794976163761774,0.0
2060-03-19,31.6,18.8,0.0
2060-03-20,32.0,18.1,0.0
2060-03-21,31.4,17.5,0.0
2060-03-22,30.0,19.9,0.0
2060-03-23,31.5,19.4,0.0
2060-03-24,31.9,18.5,0.0
2060-03-25,32.6,18.658885494378314,0.0
2060-03-26,33.443678160919546,18.3,0.0
2060-03-27,33.58104761904762,18.5,0.0
2060-03-28,31.707246376811597,19.9,0.0
2060-03-29,27.4,18.3,0.0
2060-03-30,29.6,17.9,0.0
2060-03-31,33.0,18.7,0.0
2060-04-01,34.09676258992806,19.0,0.0
2060-04-02,36.149169921875,21.991748046875,0.0
2060-04-03,35.94482421875,22.698046875,0.0
2060-04-04,33.77189672293942,20.322802734375,0.0
2060-04-05,33.29239302694136,19.071105447594775,0.0
2060-04-06,33.50769230769231,19.0,0.0
2060-04-07,32.325399999999995,19.32898664571878,0.0
2060-04-08,31.9,18.29442601194426,0.0
2060-04-09,32.84549402823018,17.6,0.0
2060-04-10,33.873499142367066,17.3,0.0
2060-04-11,34.022204054937866,17.8,0.0
2060-04-12,33.90488850771869,19.2,0.0
2060-04-13,32.3,19.2,0.0
2060-04-14,31.4,18.780677966101695,0.0
2060-04-15,31.0,18.8,0.0
2060-04-16,29.7,18.0,0.0
2060-04-17,29.2,17.3,0.0
2060-04-18,29.9,16.8,0.0
2060-04-19,33.17826086956522,16.8,0.0
2060-04-20,34.085513407455856,17.4,0.0
2060-04-21,34.07439502943101,17.623390557939917,0.0
2060-04-22,34.267201426024954,18.8,0.0
2060-04-23,31.6,19.026505256451102,0.0
2060-04-24,30.4,17.6019313304721,0.0
2060-04-25,32.0,17.357894736842105,0.0
2060-04-26,32.89044516829533,18.280092899800927,0.0
2060-04-27,31.5,18.6,0.0
2060-04-28,25.6,17.6,1.6
2060-04-29,24.3552,16.8,0.0
2060-04-30,26.9,15.0,0.0
2060-05-01,30.2,15.0,0.0
2060-05-02,32.0,16.964413915584412,0.0
2060-05-03,33.8,17.9,0.0
2060-05-04,33.00033065911767,19.75146484375,0.0
2060-05-05,30.7,17.955168300701118,0.0
2060-05-06,29.004772945031277,16.5,0.0
2060-05-07,28.4,15.2,0.0
2060-05-08,29.6,15.2,0.0
2060-05-09,30.2,15.9,0.0
2060-05-10,31.0,17.5,0.0
2060-05-11,32.0,16.98199296321821,0.0
2060-05-12,32.7,17.5,0.0
2060-05-13,31.899030555977465,17.520947007658695,0.0
2060-05-14,29.5,16.9,0.0
2060-05-15,29.1,15.3,0.0
2060-05-16,30.1,15.2,0.0
2060-05-17,29.5,16.552654672202557,0.0
2060-05-18,28.5,17.014584258228755,0.0
2060-05-19,29.2,17.87234903413582,0.0
2060-05-20,30.0,18.690372019401792,0.0
2060-05-21,27.9,16.542105011362263,0.0
2060-05-22,29.068002933557285,14.5,0.0
2060-05-23,31.0,15.9,0.0
2060-05-24,32.0,16.2,0.0
2060-05-25,30.2,16.2,0.0
2060-05-26,29.2,14.7,0.0
2060-05-27,31.0,12.9,0.0
2060-05-28,29.2,15.8,0.0
2060-05-29,23.9,14.520393541442399,0.0
2060-05-30,24.7,13.5,0.0
2060-05-31,25.65671741247629,11.7,0.0
2060-06-01,26.0,11.8,0.0
2060-06-02,27.2,11.8,0.0
2060-06-03,27.9,12.873111658456493,0.0
2060-06-04,28.3,13.5,0.0
2060-06-05,28.5,14.0,0.0
2060-06-06,28.0,14.0,0.0
2060-06-07,27.6,14.1,0.0
2060-06-08,27.5,16.636568448714193,0.0
2060-06-09,27.7,14.2,0.0
2060-06-10,28.0,13.964017184955928,0.0
2060-06-11,29.0,13.7,0.0
2060-06-12,29.125075841844478,12.9,0.0
2060-06-13,26.6,14.7,0.0
2060-06-14,19.6,13.3,0.0
2060-06-15,24.7,14.2,0.0
2060-06-16,26.5,11.713053930890956,0.0
2060-06-17,28.5,11.5,0.0
2060-06-18,28.6,12.2,0.0
2060-06-19,28.0,13.3,0.0
2060-06-20,27.0,12.764799969314572,0.0
2060-06-21,26.7,11.9,0.0
2060-06-22,23.9,13.3,0.0
2060-06-23,21.2,11.711602497398541,0.0
2060-06-24,23.9,7.9,0.0
2060-06-25,24.5,7.0,0.0
2060-06-26,23.5,9.9,0.0
2060-06-27,23.79706536674737,9.9,0.0
2060-06-28,25.0,8.5,0.0
2060-06-29,27.5,9.6,0.0
2060-06-30,30.46093414680734,10.501095744857471,0.0
2060-07-01,33.03828125,13.806083060054565,0.0
2060-07-02,31.208414831536896,15.48182580890266,0.0
2060-07-03,29.2,15.586240062738536,0.0
2060-07-04,29.106676326902367,14.2,0.0
2060-07-05,29.0,13.5,0.0
2060-07-06,26.6,13.3,0.0
2060-07-07,26.7,10.7,0.0
2060-07-08,27.6,8.3,0.0
2060-07-09,26.6,10.7,0.0
2060-07-10,25.4,10.7,0.0
2060-07-11,25.5,10.5,0.0
2060-07-12,26.6,11.9,0.0
2060-07-13,27.0,12.2,0.0
2060-07-14,27.1765492849454,15.06756677508092,0.0
2060-07-15,26.301506996770716,13.5,0.0
2060-07-16,26.9,12.7,0.0
2060-07-17,25.0,13.6,0.0
2060-07-18,25.6,11.9,0.0
2060-07-19,29.4,12.2,0.0
2060-07-20,30.0,12.50838870123603,0.0
2060-07-21,29.5,14.030487169693387,0.0
2060-07-22,27.4,15.797844343892688,0.0
2060-07-23,23.7,13.9,0.0
2060-07-24,25.8,11.2,0.0
2060-07-25,23.7,10.9,0.0
2060-07-26,25.2,10.4,0.0
2060-07-27,26.6,12.1,0.0
2060-07-28,28.2,11.7,0.0
2060-07-29,29.808164506554984,13.5,0.0
2060-07-30,31.128509918499148,14.4,0.0
2060-07-31,28.9,15.459659342746777,0.0
2060-08-01,26.6,13.8,0.0
2060-08-02,27.837372240991588,12.1,0.0
2060-08-03,30.2,11.2,0.0
2060-08-04,30.847786149982053,10.2,0.0
2060-08-05,28.581934491773023,14.5,0.0
2060-08-06,29.261495833831674,11.8,0.0
2060-08-07,30.5,12.0,0.0
2060-08-08,27.1,15.9,0.0
2060-08-09,25.741718245425186,13.8,0.0
2060-08-10,27.9,13.0,0.0
2060-08-11,31.806255232627677,13.2,0.0
2060-08-12,32.927438962820425,12.6,0.0
2060-08-13,31.0,18.48968928774447,0.0
2060-08-14,27.2,15.740131979220292,0.0
2060-08-15,27.9,12.9,0.0
2060-08-16,30.4,11.3,0.0
2060-08-17,31.5,14.0,0.0
2060-08-18,31.5,15.649664686462692,0.0
2060-08-19,31.9,15.745385407403937,0.0
2060-08-20,33.1,14.763832077502688,0.0
2060-08-21,33.199326546278925,15.6,0.0
2060-08-22,30.2,18.910929474792766,0.0
2060-08-23,30.0,16.9,0.0
2060-08-24,30.89520559741657,16.0,0.0
2060-08-25,32.5,15.2,0.0
2060-08-26,31.9,18.740819918034372,0.0
2060-08-27,32.07967707212055,17.0,0.0
2060-08-28,31.4,20.168943975316143,0.0
2060-08-29,30.2,18.2,0.0
2060-08-30,31.2,16.4,0.0
2060-08-31,31.9,17.62059357219744,0.0
2060-09-01,30.7,14.9,0.0
2060-09-02,30.930247497219128,16.6,0.0
2060-09-03,30.7,16.3,0.0
2060-09-04,32.5,14.5,0.0
2060-09-05,33.7,13.5,0.0
2060-09-06,33.7,18.0,0.0
2060-09-07,32.7,18.3,0.0
2060-09-08,32.0,17.7,0.0
2060-09-09,33.0,17.4,0.0
2060-09-10,34.0,18.010327815219526,0.0
2060-09-11,34.838322673340755,19.3,0.0
2060-09-12,35.6,19.3,0.0
2060-09-13,35.3,20.151702779175853,0.0
2060-09-14,35.3,20.4,0.0
2060-09-15,35.0,20.6,0.0
2060-09-16,35.6,20.5,0.0
2060-09-17,34.0,21.599928040964624,0.0
2060-09-18,32.9,19.87890711902115,0.0
2060-09-19,33.4,19.0,0.0
2060-09-20,34.2,18.9,0.0
2060-09-21,34.7,19.4,0.0
2060-09-22,35.1,20.0,0.0
2060-09-23,34.9,20.324547844394587,0.0
2060-09-24,33.4,18.9,0.0
2060-09-25,34.50869916345407,18.7,0.0
2060-09-26,35.631227753058965,18.8,0.0
2060-09-27,33.0,21.314735044618267,0.0
2060-09-28,32.0,19.5,0.0
2060-09-29,33.1,18.9,0.0
2060-09-30,35.1,19.6,0.0
2060-10-01,34.9,18.5,0.0
2060-10-02,35.5,19.3,0.0
2060-10-03,34.5,20.588776839839092,0.0
2060-10-04,33.2,18.0,0.0
2060-10-05,32.5,18.4,0.0
2060-10-06,32.8,17.8,0.0
2060-10-07,35.6,17.9,0.0
2060-10-08,38.81748046875,19.2,0.0
2060-10-09,40.8453125,19.5,0.0
2060-10-10,39.750830078125,17.9,0.0
2060-10-11,38.341973856377656,22.1,0.0
2060-10-12,34.0,21.6,0.0
2060-10-13,33.5,20.0,0.0
2060-10-14,35.5,19.3,0.0
2060-10-15,38.13818380461891,20.3,0.0
2060-10-16,38.13920834327035,22.0,0.0
2060-10-17,37.2,22.2,0.0
2060-10-18,36.88401556374121,21.9,0.0
2060-10-19,36.887440376847934,20.7,0.0
2060-10-20,38.089937348123954,20.0,0.0
2060-10-21,38.05510303397505,22.110439735323883,0.0
2060-10-22,37.2,22.6,0.0
2060-10-23,37.2,22.541675342779985,0.0
2060-10-24,38.37634247113951,22.0289391759954,0.0
2060-10-25,38.732275390625,21.6,0.0
2060-10-26,38.13427192976797,21.858876672305076,0.0
2060-10-27,38.07130937264325,22.1,0.0
2060-10-28,38.33936593981037,25.52119140625,0.0
2060-10-29,38.2269461077844,23.413407050055596,0.0
2060-10-30,38.11163893955895,22.0,11.220000000000006
2060-10-31,36.0,20.82353717732598,19.0704
2060-11-01,34.8,20.2,0.0
2060-11-02,36.50896177660526,22.6,0.0
2060-11-03,37.904164627363684,21.9,0.0
2060-11-04,40.096923828125,22.3,0.0
2060-11-05,39.337801506536906,22.954073333265306,0.0
2060-11-06,40.091796875,21.691546810371833,0.0
2060-11-07,38.23849462365591,23.040172868897912,0.0
2060-11-08,38.78263430533384,22.96657360073234,0.0
2060-11-09,39.60498046875,23.21771131564419,0.0
2060-11-10,40.522216796875,22.3,0.0
2060-11-11,40.42236328125,23.3,0.0
2060-11-12,40.072265625,23.28278735395111,0.0
2060-11-13,40.111572265625,23.3,0.0
2060-11-14,37.61377130368191,22.387289903848213,0.0
2060-11-15,36.4,21.9,0.0
2060-11-16,35.9,21.5,0.0
2060-11-17,33.4,21.7,0.0
2060-11-18,33.0,19.5,0.2
2060-11-19,33.62135706340378,18.96218907170203,0.0
2060-11-20,35.0,19.4,0.0
2060-11-21,35.55283648498331,20.4,0.0
2060-11-22,37.2,23.2,0.0
2060-11-23,34.8,21.3,7.166666666666667
2060-11-24,31.6,20.0,1.4
2060-11-25,27.5,18.5,0.0
2060-11-26,24.89415330392071,18.1,20.855555555555554
2060-11-27,25.2,18.8,2.8
2060-11-28,27.034197263582023,18.5,13.45
2060-11-29,25.0,18.7,0.0
2060-11-30,28.1,18.1,0.0
2060-12-01,29.5,19.0,3.3
2060-12-02,30.2,19.6,2.0
2060-12-03,30.4,19.2,4.4
2060-12-04,29.8,19.6,1.7
2060-12-05,28.0,19.254204697937098,0.9
2060-12-06,26.4,19.4,13.5
2060-12-07,26.3,19.7,32.7
2060-12-08,26.5,19.5,7.0
2060-12-09,26.9,19.5,12.0
2060-12-10,25.292274699543906,18.6,26.0
2060-12-11,24.8,18.4,1.5
2060-12-12,24.5,19.2,0.0
2060-12-13,24.8,19.0,2.4
2060-12-14,24.548052547176027,18.9,1.2
2060-12-15,28.7,19.0,12.7
2060-12-16,30.1,19.5,13.913333333333325
2060-12-17,27.3,19.4,10.350000000000001
2060-12-18,26.8,19.2,3.2
2060-12-19,26.7,19.4,6.4
2060-12-20,27.6,19.2,2.4
2060-12-21,30.5,19.4,22.4
2060-12-22,30.0,19.0,0.0
2060-12-23,29.2,18.9,0.0
2060-12-24,30.0,18.8,0.0
2060-12-25,26.9,19.5,8.9
2060-12-26,28.9,19.33594230990748,28.3
2060-12-27,29.0,18.8,5.0
2060-12-28,29.0,19.0,0.0
2060-12-29,30.0,19.0,0.0
2060-12-30,31.1,18.6,0.0
2060-12-31,30.0,19.4,2.5
2061-01-01,27.9,18.4,0.0
2061-01-02,28.4,18.4,0.0
2061-01-03,30.0,18.1,0.0
2061-01-04,31.1,16.8,0.0
2061-01-05,31.9,18.0,0.0
2061-01-06,37.245556640625,19.2,0.0
2061-01-07,32.6,20.608333970389033,0.0
2061-01-08,31.6,19.8,4.0
2061-01-09,31.5,19.8,0.0
2061-01-10,31.32730086608238,19.5,1.0
2061-01-11,31.347180162448257,19.6,0.0
2061-01-12,31.78169375369625,18.5,0.0
2061-01-13,31.8,17.9,0.0
2061-01-14,32.132389256595445,21.345104980468747,0.0
2061-01-15,29.0,19.651526753058285,7.2
2061-01-16,28.5,19.666018138674612,0.0
2061-01-17,30.6,19.4,5.6
2061-01-18,31.0,19.640070865720276,37.551352611940295
2061-01-19,30.108418018281004,19.653273204122527,7.6
2061-01-20,26.8,19.3,3.8
2061-01-21,30.93513586505704,18.7,1.2671268656716417
2061-01-22,31.146844553007085,18.8,0.0
2061-01-23,31.1,18.9,0.0
2061-01-24,31.2,18.1,0.0
2061-01-25,30.9,19.7,1.7
2061-01-26,30.9,19.26163405351375,1.0
2061-01-27,26.9,19.3,23.32157960199005
2061-01-28,24.33465683803191,19.5,37.43570895522388
2061-01-29,30.8,19.4,25.348507462686563
2061-01-30,31.669018494960355,19.118736874075992,1.6
2061-01-31,30.7,19.76762480967368,7.506996268656714
2061-02-01,31.9,19.5,22.800825835079532
2061-02-02,29.7,19.4,3.6
2061-02-03,32.22934694678594,19.0,0.0
2061-02-04,32.786791110769336,19.2,0.0
2061-02-05,32.848161490283054,19.5,2.7
2061-02-06,30.5,19.4,1.0
2061-02-07,31.91158355184743,19.0,10.4
2061-02-08,29.3,19.0,12.016861826697903
2061-02-09,31.601096915971386,19.255058319930754,15.661486054928687
2061-02-10,30.9,19.1,18.955269320843094
2061-02-11,31.0,19.342703370034197,41.991691273801045
2061-02-12,31.0,19.28616210655771,2.0
2061-02-13,31.0,19.478891901602957,10.355035128805621
2061-02-14,28.2,19.49598301272462,27.63274004683841
2061-02-15,26.2,18.8,11.606557377049187
2061-02-16,25.730913619721207,18.7,2.0
2061-02-17,26.191287814291385,18.687588873273683,2.3
2061-02-18,29.5,18.2,1.978103044496488
2061-02-19,30.686812288681853,18.7,0.6
2061-02-20,28.9,19.381192063910326,10.172365339578455
2061-02-21,29.1,18.9,0.8
2061-02-22,29.0,19.15205638693918,11.004215456674485
2061-02-23,29.0,19.0,0.0
2061-02-24,30.1,18.2,0.0
2061-02-25,31.0,18.8,0.0
2061-02-26,31.9,19.91331213204362,1.4
2061-02-27,31.0,19.0,27.38144028103045
2061-02-28,30.4,19.2959767584864,5.715222482435601
2061-03-01,26.2,19.4,37.00094664371776
2061-03-02,25.0,19.0,36.41595650896269
2061-03-03,25.0,18.9,3.6409638554216883
2061-03-04,28.9,19.0,3.7816867469879534
2061-03-05,23.6,18.9,4.3
2061-03-06,26.9,18.837535274779572,11.534136546184742
2061-03-07,30.7,19.0,38.86265060240968
2061-03-08,28.4,19.3,57.73406993828984
2061-03-09,29.9,18.9,0.0
2061-03-10,29.0,19.0,0.0
2061-03-11,28.5,18.1,0.0
2061-03-12,29.2,17.8,0.0
2061-03-13,29.5,17.5,0.0
2061-03-14,28.4,17.7,0.0
2061-03-15,27.5,17.0,0.0
2061-03-16,28.0,16.772022446134567,0.0
2061-03-17,28.9,16.6,0.0
2061-03-18,29.7,17.3,0.0
2061-03-19,28.7,18.8014472260578,0.0
2061-03-20,28.9,19.0,0.0
2061-03-21,30.0,18.7,0.0
2061-03-22,29.6,18.8,0.0
2061-03-23,27.0,18.8,0.0
2061-03-24,26.5,17.7,0.0
2061-03-25,26.7,16.5,0.0
2061-03-26,26.7,15.808001435235015,0.0
2061-03-27,27.4,15.4,0.0
2061-03-28,28.1,15.7,0.0
2061-03-29,29.0,16.5,0.0
2061-03-30,28.9,17.2,0.0
2061-03-31,28.2,16.9,0.0
2061-04-01,28.1,16.0,0.0
2061-04-02,28.7,16.7,0.0
2061-04-03,29.1,19.0,0.0
2061-04-04,29.2,19.381146897093476,0.0
2061-04-05,28.0,19.292898272552787,0.0
2061-04-06,29.9,18.706440677966103,0.0
2061-04-07,31.0,17.6,0.0
2061-04-08,30.7,18.4,0.0
2061-04-09,29.9,18.5,0.0
2061-04-10,29.2,17.5,0.0
2061-04-11,29.9,17.02313167259787,0.0
2061-04-12,30.0,17.8,0.0
2061-04-13,30.2,18.3,0.0
2061-04-14,30.2,17.6,0.0
2061-04-15,31.0,19.4,0.0
2061-04-16,31.6,18.3,0.0
2061-04-17,31.966250000000002,18.2,0.0
2061-04-18,32.0,18.3,0.0
2061-04-19,31.7,18.4,0.0
2061-04-20,31.5,17.6,0.0
2061-04-21,30.809547738693468,17.5,0.0
2061-04-22,30.0,17.0,0.0
2061-04-23,31.1,16.6,0.0
2061-04-24,31.5,16.9,0.0
2061-04-25,32.0,17.4,0.0
2061-04-26,31.728235294117646,17.7,0.0
2061-04-27,31.625842696629213,17.2,0.0
2061-04-28,32.4,16.8,0.0
2061-04-29,32.65180327868853,17.6,0.0
2061-04-30,31.54193548387097,17.4,0.0
2061-05-01,32.0,16.704628104415093,0.0
2061-05-02,33.51071638844107,16.734861764669596,0.0
2061-05-03,31.95726459200231,17.722972393308336,0.0
2061-05-04,30.8,17.668343874138554,0.0
2061-05-05,30.2,17.2,0.0
2061-05-06,28.3,16.945941344533352,0.0
2061-05-07,29.80965452677566,15.0,0.0
2061-05-08,29.5,16.5,0.0
2061-05-09,28.6,15.765748346505635,0.0
2061-05-10,28.6,14.9,0.0
2061-05-11,27.9,14.6,0.0
2061-05-12,28.7,15.2,0.0
2061-05-13,29.5,16.2,0.0
2061-05-14,30.583288026126127,15.3,0.0
2061-05-15,31.59213683740712,16.171302475780394,0.0
2061-05-16,31.996031682277525,16.72558371019996,0.0
2061-05-17,31.99113121154186,17.0,0.0
2061-05-18,31.1,17.2,0.0
2061-05-19,30.0,16.9,0.0
2061-05-20,29.9,15.9,0.0
2061-05-21,29.6,16.223030178106548,0.0
2061-05-22,29.0,14.6,0.0
2061-05-23,28.1,12.6,0.0
2061-05-24,26.5,15.3,0.0
2061-05-25,19.411509209349298,16.2,10.57505882352942
2061-05-26,24.7,13.4,0.0
2061-05-27,27.78154233604808,10.2,0.0
2061-05-28,28.1,12.7,0.0
2061-05-29,26.9,14.171091496232497,0.0
2061-05-30,27.0,12.6,0.0
2061-05-31,29.1,12.599589000880707,0.0
2061-06-01,30.5,13.2,0.0
2061-06-02,30.508655926823145,12.9,0.0
2061-06-03,30.1,12.0,0.0
2061-06-04,27.5,14.107858154476444,0.0
2061-06-05,26.268098097079474,12.7,0.0
2061-06-06,27.6,11.7,0.0
2061-06-07,28.6,12.5,0.0
2061-06-08,29.0,14.055072710979564,0.0
2061-06-09,29.217427076917428,16.651601984481744,0.0
2061-06-10,26.6,15.958525066838403,0.0
2061-06-11,25.403232758620693,19.802685546875,0.0
2061-06-12,26.0,17.324556430366904,0.0
2061-06-13,27.5,14.1,0.0
2061-06-14,29.6,14.2,0.0
2061-06-15,30.5,16.575398698012936,0.0
2061-06-16,29.9,16.991615811836493,0.0
2061-06-17,27.5,15.31698399681723,0.0
2061-06-18,26.6,12.9,0.0
2061-06-19,26.7,11.5,0.0
2061-06-20,26.2,12.0,0.0
2061-06-21,26.6,11.957216115834925,0.0
2061-06-22,26.7,11.7,0.0
2061-06-23,28.5,11.388714827174235,0.0
2061-06-24,29.285300471598394,11.36788406871834,0.0
2061-06-25,29.0,10.4,0.0
2061-06-26,29.0,10.7,0.0
2061-06-27,29.267560834352228,6.1,0.0
2061-06-28,27.4985329504438,8.6,0.0
2061-06-29,22.6,11.9,0.0
2061-06-30,22.1,8.2,0.0
2061-07-01,24.9,9.2,0.0
2061-07-02,26.5,8.0,0.0
2061-07-03,24.4,12.878062432723354,0.0
2061-07-04,17.895709427045162,12.717838536060274,0.0
2061-07-05,19.0,12.4,0.0
2061-07-06,24.002726946537493,11.0,0.0
2061-07-07,25.2,11.6,0.0
2061-07-08,25.0,11.9,0.0
2061-07-09,24.3,11.7,0.0
2061-07-10,25.2,10.2,0.0
2061-07-11,28.2,10.5,0.0
2061-07-12,29.161954127680705,10.4,0.0
2061-07-13,27.6,14.32492695678917,0.0
2061-07-14,26.3,13.6,0.0
2061-07-15,25.4,12.0,0.0
2061-07-16,25.9,11.1,0.0
2061-07-17,25.7,11.7,0.0
2061-07-18,25.9,11.5,0.0
2061-07-19,25.9,13.4,0.0
2061-07-20,27.6,12.505285624141639,0.0
2061-07-21,28.828760830873176,14.55305641740011,0.0
2061-07-22,29.2,15.2,0.0
2061-07-23,29.2,15.066921690953775,0.0
2061-07-24,27.6,15.3,0.0
2061-07-25,26.7,14.2,0.0
2061-07-26,28.3,11.7,0.0
2061-07-27,29.593535378037867,12.0,0.0
2061-07-28,31.708203125,12.9,0.0
2061-07-29,32.23017578125,12.9,0.0
2061-07-30,31.297342701465304,14.89550499239077,0.0
2061-07-31,29.420654467168983,15.708484994375581,0.0
2061-08-01,30.836414065303188,14.7,0.0
2061-08-02,31.6,15.7,0.0
2061-08-03,31.2,16.9,0.0
2061-08-04,28.7,16.86065162334788,0.0
2061-08-05,27.1,14.6,0.0
2061-08-06,28.8,13.7,0.0
2061-08-07,30.5,13.9,0.0
2061-08-08,31.6,14.5,0.0
2061-08-09,32.06036598493003,15.4,0.0
2061-08-10,30.2,18.303078165107227,0.0
2061-08-11,27.4,16.0,0.0
2061-08-12,28.30976715200271,14.1,0.0
2061-08-13,29.6,15.1,0.0
2061-08-14,31.6,15.665842607563802,0.0
2061-08-15,31.607568244215717,15.755892263771237,0.0
2061-08-16,31.718232214502383,16.9,0.0
2061-08-17,32.17588567719875,16.4,0.0
2061-08-18,31.9,18.18663324846381,0.0
2061-08-19,30.4,17.592186463390526,0.0
2061-08-20,31.881743384241535,15.7,0.0
2061-08-21,35.69553406147276,15.6,0.0
2061-08-22,35.641058456642696,18.04997319829341,0.0
2061-08-23,30.2,19.116684607104414,0.0
2061-08-24,30.0,17.2,0.0
2061-08-25,32.62506655582038,16.0,0.0
2061-08-26,33.11357637444711,17.7,0.0
2061-08-27,31.5,18.355064564133137,0.0
2061-08-28,33.2,15.550685130771237,0.0
2061-08-29,36.3273895231472,16.1,0.0
2061-08-30,31.9,26.8935546875,0.0
2061-08-31,30.848858988159304,19.0,0.0
2061-09-01,30.4,17.0,0.0
2061-09-02,31.3,14.9,0.0
2061-09-03,32.0,17.3,0.0
2061-09-04,32.3,17.6,0.0
2061-09-05,32.5,18.06434705228032,0.0
2061-09-06,32.0,18.3,0.0
2061-09-07,31.9,17.3,0.0
2061-09-08,32.0,15.2,0.0
2061-09-09,31.7,15.2,0.0
2061-09-10,32.5,11.499813775605855,0.0
2061-09-11,33.5,13.6,0.0
2061-09-12,33.9,17.7,0.0
2061-09-13,35.3,17.4,0.0
2061-09-14,35.4,17.837308120133486,0.0
2061-09-15,34.4,20.0,0.0
2061-09-16,34.9,18.8,0.0
2061-09-17,36.0,19.2,0.0
2061-09-18,36.0,21.2,0.0
2061-09-19,35.3,20.151525353476828,0.0
2061-09-20,36.0,19.6,0.0
2061-09-21,36.0,20.20646462018731,0.0
2061-09-22,36.0,20.2,0.0
2061-09-23,34.7,21.302212078027765,0.0
2061-09-24,33.7,19.875725553645466,0.0
2061-09-25,34.8,19.785581201334836,0.0
2061-09-26,35.52962256042068,20.47449184763224,0.0
2061-09-27,37.41147374150938,21.372817448940975,0.0
2061-09-28,39.3623046875,22.241481355263716,0.0
2061-09-29,39.36083984375,22.302252965461065,0.0
2061-09-30,39.38330078125,21.6997650691872,0.0
2061-10-01,37.0,20.3,0.0
2061-10-02,38.13417878989056,20.7,0.0
2061-10-03,36.0,22.0,0.0
2061-10-04,33.1,22.0,0.0
2061-10-05,35.6,23.73315242696572,0.0
2061-10-06,36.70746269829421,22.0,0.0
2061-10-07,38.13632100707087,21.0,0.0
2061-10-08,38.09533946101334,22.0,0.0
2061-10-09,34.8,22.0,0.0
2061-10-10,34.3,21.0,0.0
2061-10-11,38.21176430776763,21.600099233046283,0.0
2061-10-12,38.600927734375,22.0,0.0
2061-10-13,38.13557588805163,23.417024342968702,0.0
2061-10-14,35.7,22.010166392156343,0.0
2061-10-15,36.3,21.8,0.0
2061-10-16,38.38435250059622,21.6,0.0
2061-10-17,39.35458984375,22.1,0.0
2061-10-18,39.839453125,23.40519062758153,0.0
2061-10-19,39.953955078125,23.763599698171504,0.0
2061-10-20,39.36826171875,27.674755859375,0.0
2061-10-21,35.6,23.805126953125,0.0
2061-10-22,35.1,22.0,0.0
2061-10-23,36.0,22.0,0.0
2061-10-24,36.73437060492012,21.866131016453927,0.0
2061-10-25,37.39807227678062,21.0,0.0
2061-10-26,38.16621890771736,22.1,0.0
2061-10-27,38.30909547965424,23.312642397895345,0.0
2061-10-28,39.585791015625,22.914617178382585,0.0
2061-10-29,38.48984375,25.5607421875,0.0
2061-10-30,38.66123046875,23.29270399108934,0.0
2061-10-31,37.65066308918423,23.53401044310385,0.0
2061-11-01,36.65194595108954,21.470023068872365,0.0
2061-11-02,38.377539859102704,22.4,0.0
2061-11-03,37.87391246979401,23.246507201807066,0.0
2061-11-04,39.73388671875,23.2,0.0
2061-11-05,39.940673828125,22.296784347753857,0.0
2061-11-06,40.148681640625,22.979660431336214,0.0
2061-11-07,37.76385485788806,19.8,3.1714285714285717
2061-11-08,31.5,19.0,26.521739130434778
2061-11-09,27.850984965373712,18.9,33.43636363636362
2061-11-10,29.2,19.0,62.599999999999994
2061-11-11,28.1,19.1,17.271428571428572
2061-11-12,27.6,19.5,15.68
2061-11-13,28.7,19.5,1.0
2061-11-14,30.0,19.3,16.946153846153855
2061-11-15,28.8,19.2,57.38181818181823
2061-11-16,29.0,19.0,11.239999999999998
2061-11-17,27.1,18.6,10.5
2061-11-18,29.7,19.4,7.116666666666666
2061-11-19,30.3,19.0,7.183333333333334
2061-11-20,30.5,18.4,0.8
2061-11-21,29.0,19.3,10.382499999999999
2061-11-22,28.9,18.9,5.6
2061-11-23,29.5,19.0,10.367500000000001
2061-11-24,28.6,19.2,10.6
2061-11-25,28.585367869060864,19.0,6.433333333333334
2061-11-26,29.9,19.0,48.72325581395342
2061-11-27,29.6,18.848165992206752,28.880000000000013
2061-11-28,29.0,18.5,46.3
2061-11-29,29.3,19.3,8.542857142857143
2061-11-30,29.9,18.8,22.5
2061-12-01,30.8,19.7,4.2
2061-12-02,30.7,19.9,11.4
2061-12-03,29.9,19.73555184023086,26.4
2061-12-04,28.6,19.7,13.5
2061-12-05,27.7,19.4,0.0
2061-12-06,26.5,19.0,0.0
2061-12-07,29.9,18.52622592991269,0.0
2061-12-08,30.0,19.4,0.0
2061-12-09,30.8,19.4,0.0
2061-12-10,30.0,19.0,7.0
2061-12-11,30.4,19.4,0.0
2061-12-12,30.7,19.2,0.0
2061-12-13,30.7,19.8,0.0
2061-12-14,31.4,19.0,0.0
2061-12-15,31.6,18.4,0.0
2061-12-16,31.6,19.2,0.0
2061-12-17,31.6,19.8,0.0
2061-12-18,30.2,19.9,5.2
2061-12-19,27.6,19.6,0.0
2061-12-20,28.0,19.38972562114188,0.0
2061-12-21,31.2,19.5,0.0
2061-12-22,31.4,19.5,0.0
2061-12-23,30.9,19.7,0.0
2061-12-24,30.9,19.720878297206077,4.462500000000001
2061-12-25,30.3,19.6,10.0
2061-12-26,30.62448911734724,19.4,55.93333333333332
2061-12-27,27.6,19.6,51.9921052631579
2061-12-28,26.7,19.4,12.0
2061-12-29,25.4,19.50895833858346,22.154545454545453
2061-12-30,25.007049613465114,19.4,15.51
2061-12-31,28.9,19.03989197217128,0.0
2062-01-01,31.544300473828752,18.9,0.0
2062-01-02,31.6,18.9,0.6642723880597012
2062-01-03,30.0,19.3,0.5
2062-01-04,31.2,19.0,0.5
2062-01-05,31.0,19.5,1.2
2062-01-06,30.7,19.606191794182536,6.2
2062-01-07,29.5,19.2,7.2
2062-01-08,30.9,19.2,3.8
2062-01-09,30.9,19.0,0.0
2062-01-10,29.864269592694193,18.6,0.0
2062-01-11,30.1,17.9,0.0
2062-01-12,31.47093518311915,18.1,0.0
2062-01-13,35.79607849352849,17.9,0.0
2062-01-14,31.9,19.4,0.0
2062-01-15,29.2,19.5,1.0
2062-01-16,31.7,18.6,1.0
2062-01-17,31.7,18.4,0.0
2062-01-18,31.952280621311893,19.4,0.0
2062-01-19,31.23358418321462,19.492713123159344,0.0
2062-01-20,31.58521887432679,19.61776203248309,0.6
2062-01-21,30.9,19.60376963288511,3.8
2062-01-22,31.7,19.0,0.0
2062-01-23,31.5,19.778272358765403,0.0
2062-01-24,30.1,19.739641366273712,0.0
2062-01-25,31.2,19.9,0.0
2062-01-26,31.7,19.3,0.0
2062-01-27,31.795948216896853,18.0,0.0
2062-01-28,32.6,18.3,0.0
2062-01-29,37.4005859375,19.471045280645157,0.0
2062-01-30,30.3,19.9,5.1
2062-01-31,30.9,19.632274209183514,0.0
2062-02-01,31.8,18.84596448430825,0.0
2062-02-02,32.82858679895628,18.0,0.0
2062-02-03,32.90910896810777,18.0,0.0
2062-02-04,32.0,19.2,0.0
2062-02-05,32.9,18.4,0.0
2062-02-06,36.807666015625,18.4,0.0
2062-02-07,36.280810546875,19.522099269706956,4.627400468384081
2062-02-08,34.38894312733375,19.9,1.9
2062-02-09,36.166552734375,19.91880779606331,7.4
2062-02-10,36.03935546875,19.954005377915397,14.799565071930413
2062-02-11,29.2,19.535463811021927,33.5941451990633
2062-02-12,28.5,19.899237678862058,27.67377049180328
2062-02-13,29.0,19.83019780480323,31.0
2062-02-14,27.435714285714283,19.360519013587226,27.542388758782206
2062-02-15,31.2,18.9,21.0
2062-02-16,30.6029573897497,19.33892545638517,22.989781831628267
2062-02-17,28.43936611324682,19.531498294068772,33.49798009367687
2062-02-18,28.4,19.4,59.51648987463846
2062-02-19,25.0,19.2,77.95178035776581
2062-02-20,25.458172954713632,18.9,24.720608899297435
2062-02-21,28.5,18.3,2.3
2062-02-22,30.3,18.4,1.8447306791569091
2062-02-23,32.0,19.4,14.679976580796257
2062-02-24,30.9,19.68473356640983,4.019906323185011
2062-02-25,29.0,19.2,4.504309133489467
2062-02-26,29.739185501208595,18.9,5.835597189695554
2062-02-27,31.2,18.5,0.0
2062-02-28,32.0,18.8,0.0
2062-03-01,30.1,19.8,0.8144578313253016
2062-03-02,26.5,19.4,0.0
2062-03-03,27.7,16.8,0.0
2062-03-04,28.2,16.0,0.0
2062-03-05,29.1,14.7,0.0
2062-03-06,30.1,16.9,0.0
2062-03-07,30.7,18.0,0.0
2062-03-08,30.5,19.42098404724882,0.0
2062-03-09,30.7,19.4,0.0
2062-03-10,31.1,19.4,0.0
2062-03-11,30.8,19.4,0.0
2062-03-12,30.454081632653065,18.8,0.0
2062-03-13,29.2,18.6,0.0
2062-03-14,27.6,19.4,0.0
2062-03-15,30.1,18.0,0.0
2062-03-16,31.4,16.7,0.0
2062-03-17,29.7,17.5,1.5
2062-03-18,25.9975,16.20017692533516,0.0
2062-03-19,28.406896551724135,14.9,0.0
2062-03-20,30.0,14.2,0.0
2062-03-21,31.2,12.830639206163177,0.0
2062-03-22,31.3,15.0,0.0
2062-03-23,31.5,17.4,0.0
2062-03-24,31.9,17.2,0.0
2062-03-25,31.2,18.3,0.0
2062-03-26,31.9,18.6,0.0
2062-03-27,32.5,18.7,0.0
2062-03-28,33.2,19.0,0.0
2062-03-29,32.9,19.0,0.0
2062-03-30,31.5,18.5,0.0
2062-03-31,30.8,18.6,0.0
2062-04-01,30.846733668341706,18.2936297279363,0.0
2062-04-02,31.0,18.8,0.0
2062-04-03,30.2,17.5,0.0
2062-04-04,31.0,16.7,0.0
2062-04-05,32.2,17.0,0.0
2062-04-06,32.59020979020979,18.0,0.0
2062-04-07,30.4,18.2,0.0
2062-04-08,28.9,17.0,0.0
2062-04-09,28.9,16.8,0.0
2062-04-10,29.893333333333327,17.5,0.0
2062-04-11,30.0,17.0,0.0
2062-04-12,29.5,16.9,0.0
2062-04-13,31.6,18.9,0.0
2062-04-14,32.3,19.0,28.874323725055426
2062-04-15,23.5,19.0,47.16865561404889
2062-04-16,29.349411764705877,19.4,2.0
2062-04-17,27.0,19.015036635871297,1.7
2062-04-18,26.9,17.424137931034487,0.0
2062-04-19,26.5,16.8,0.0
2062-04-20,24.72222222222222,15.9,0.0
2062-04-21,29.0,14.1,0.0
2062-04-22,29.2,11.3,0.0
2062-04-23,28.7,15.5,0.0
2062-04-24,29.3,15.0,0.0
2062-04-25,31.1,14.9,0.0
2062-04-26,31.7,14.7,0.0
2062-04-27,28.2,16.6,0.0
2062-04-28,25.0,16.5,1.1218181818181818
2062-04-29,27.2,15.5,0.0
2062-04-30,27.9,14.0,0.0
2062-05-01,29.5,12.9,0.0
2062-05-02,30.7,13.2,0.0
2062-05-03,30.0,14.9,0.0
2062-05-04,27.0,14.5,0.0
2062-05-05,27.0,13.0,0.0
2062-05-06,26.9,14.5,0.0
2062-05-07,29.0,12.7,0.0
2062-05-08,31.963523609080536,14.163272335844983,0.0
2062-05-09,32.64509806662658,15.9,0.0
2062-05-10,34.019970703125,16.5,0.0
2062-05-11,32.628421847259304,16.9,0.0
2062-05-12,31.3778305966388,16.7,0.0
2062-05-13,31.927619170027153,16.2,0.0
2062-05-14,30.6,16.9,0.0
2062-05-15,25.5,15.6,0.0
2062-05-16,27.2,14.6,0.0
2062-05-17,29.0,12.1,0.0
2062-05-18,29.6,10.6,0.0
2062-05-19,28.9,13.277771797631848,0.0
2062-05-20,29.5,13.0,0.0
2062-05-21,28.6,13.992528542942333,0.0
2062-05-22,28.1,13.2,0.0
2062-05-23,28.7,12.6,0.0
2062-05-24,28.8,12.5,0.0
2062-05-25,26.4,12.8,0.0
2062-05-26,26.9,10.3,0.0
2062-05-27,28.4,11.7,0.0
2062-05-28,27.9,14.8,0.0
2062-05-29,26.5,14.6,0.0
2062-05-30,27.5,14.6,0.0
2062-05-31,28.7,13.8,0.0
2062-06-01,29.2,14.897629310344845,0.0
2062-06-02,29.2,15.251331798466866,0.0
2062-06-03,30.338830268314748,14.2,0.0
2062-06-04,30.1,13.884461801357407,0.0
2062-06-05,30.1,14.0,0.0
2062-06-06,28.5,15.417813708353213,0.0
2062-06-07,22.8,13.164940577249583,0.0
2062-06-08,25.5,11.9,0.0
2062-06-09,25.6,9.9,0.0
2062-06-10,25.5,9.2,0.0
2062-06-11,24.7,10.0,0.0
2062-06-12,24.9,7.6,0.0
2062-06-13,25.4,5.5,0.0
2062-06-14,25.7,9.9,0.0
2062-06-15,25.665968034658402,11.8,0.0
2062-06-16,26.9,9.6,0.0
2062-06-17,28.0,10.0,0.0
2062-06-18,27.867674227402432,11.990008672536339,0.0
2062-06-19,24.8,13.2,0.0
2062-06-20,21.6,12.6,0.0
2062-06-21,23.510426493572325,9.7,0.0
2062-06-22,25.0,6.0,0.0
2062-06-23,25.0,3.5,0.0
2062-06-24,25.3,5.7,0.0
2062-06-25,26.44348362716565,3.2,0.0
2062-06-26,26.4,5.750750834260289,0.0
2062-06-27,25.7,7.6,0.0
2062-06-28,24.4,11.7,0.0
2062-06-29,22.1,10.7,0.0
2062-06-30,25.74030867630701,7.0,0.0
2062-07-01,29.5,10.4,0.0
2062-07-02,30.983453561042964,10.7,0.0
2062-07-03,29.74666634519059,13.738588067391534,0.0
2062-07-04,28.2,14.2,0.0
2062-07-05,26.4,12.680193756727663,0.0
2062-07-06,26.7,12.0,0.0
2062-07-07,27.7,8.3,0.0
2062-07-08,27.7,9.6,0.0
2062-07-09,27.6,12.1,0.0
2062-07-10,27.6,13.6,0.0
2062-07-11,29.04152795229343,12.2,0.0
2062-07-12,29.41758019375672,15.2,0.0
2062-07-13,29.67890832785346,17.55068359375,0.0
2062-07-14,29.2,16.0,0.0
2062-07-15,29.7,14.791128762852148,0.0
2062-07-16,29.5,15.0,0.0
2062-07-17,26.2,15.507124200595188,0.0
2062-07-18,25.6,13.0,0.0
2062-07-19,26.313786754291534,10.37152213971647,0.0
2062-07-20,28.2,9.3,0.0
2062-07-21,28.6,12.0,0.0
2062-07-22,28.384367292992312,12.0,0.0
2062-07-23,27.987840032110338,12.2,0.0
2062-07-24,27.6,12.2,0.0
2062-07-25,26.4,13.4,0.0
2062-07-26,26.6,11.788823887302854,0.0
2062-07-27,27.5,11.9,0.0
2062-07-28,28.8,11.8,0.0
2062-07-29,29.953783783783752,12.2,0.0
2062-07-30,29.7,14.6,0.0
2062-07-31,27.7,15.895296703361527,0.0
2062-08-01,27.7,13.9,0.0
2062-08-02,28.0,13.7,0.0
2062-08-03,27.6,14.0,0.0
2062-08-04,27.0,13.4,0.0
2062-08-05,26.9,12.5,0.0
2062-08-06,29.6,11.6,0.0
2062-08-07,32.6,12.6,0.0
2062-08-08,33.08523084182433,14.5,0.0
2062-08-09,32.096894562479754,18.2,0.0
2062-08-10,29.5,18.42696689686869,0.0
2062-08-11,28.8,15.7,0.0
2062-08-12,30.2,14.5,0.0
2062-08-13,31.5,14.3,0.0
2062-08-14,33.1,14.4,0.0
2062-08-15,32.5,18.300289807071287,0.0
2062-08-16,30.5,18.448417411497203,0.0
2062-08-17,30.9,16.9,0.0
2062-08-18,32.5,16.868600046254915,0.0
2062-08-19,34.864242487200045,17.0,0.0
2062-08-20,35.34744417976135,18.338697309792046,0.0
2062-08-21,35.24341731856023,19.0,0.0
2062-08-22,35.71492368353118,19.0,0.0
2062-08-23,35.58966056959963,25.637939453125,0.0
2062-08-24,32.9,18.941873110306034,0.0
2062-08-25,34.89686629574232,17.0,0.0
2062-08-26,38.354736328125,16.7,0.0
2062-08-27,35.38745451099258,25.28364220679046,0.0
2062-08-28,30.2,25.763427734375,0.0
2062-08-29,31.844140937236876,17.61684541200764,0.0
2062-08-30,33.00165579687202,18.3,0.0
2062-08-31,33.2,18.651883403152485,0.0
2062-09-01,34.05251231527094,16.7,0.0
2062-09-02,35.297344594769385,17.6,0.0
2062-09-03,33.4,19.83860729092932,0.0
2062-09-04,34.2,17.883348906192072,0.0
2062-09-05,35.207871870516364,18.8,0.0
2062-09-06,36.0,19.0,0.0
2062-09-07,35.3,20.5,0.0
2062-09-08,34.6,20.4,0.0
2062-09-09,31.351347481800467,19.5,0.0
2062-09-10,33.533697374186815,17.8,0.0
2062-09-11,39.00341796875,18.9,0.0
2062-09-12,40.128662109375,19.6,0.0
2062-09-13,39.788818359375,21.2,0.0
2062-09-14,39.050048828125,21.639041378809658,0.0
2062-09-15,39.265869140625,21.633487098137156,0.0
2062-09-16,39.5361328125,21.695330979574713,0.0
2062-09-17,40.10400390625,21.498246199480903,0.0
2062-09-18,41.325439453125,21.260319773123843,0.0
2062-09-19,43.324462890625,21.699204973657213,0.0
2062-09-20,42.7392578125,22.20159161993598,0.0
2062-09-21,35.68094067035663,22.905568359023658,0.0
2062-09-22,35.0,21.561654846414594,0.0
2062-09-23,36.0,21.669799958332195,0.0
2062-09-24,41.314697265625,22.676520415046497,0.0
2062-09-25,42.322509765625,25.42626953125,0.0
2062-09-26,39.281494140625,24.118896484375,0.0
2062-09-27,36.0,22.36356000834733,0.0
2062-09-28,38.89078881972878,22.249780561942668,0.0
2062-09-29,39.364013671875,22.72290861552928,0.0
2062-09-30,40.720703125,22.72239165399108,0.0
2062-10-01,39.81455078125,22.0,0.0
2062-10-02,39.914892578125,25.535107421875,0.0
2062-10-03,34.5,21.0,0.0
2062-10-04,28.4,18.0,0.0
2062-10-05,28.9,17.0,0.0
2062-10-06,30.965548426468217,17.3,0.0
2062-10-07,33.27300436235906,16.9,0.0
2062-10-08,34.6,17.6,0.0
2062-10-09,35.0,19.6,0.0
2062-10-10,35.26490850376748,20.997980986311287,0.0
2062-10-11,36.24996273909082,20.960815702487206,0.0
2062-10-12,37.35799583553572,21.2,0.0
2062-10-13,38.050446040104866,21.8,0.0
2062-10-14,36.48834529049419,22.033632371955164,0.0
2062-10-15,29.0,17.9,0.0
2062-10-16,28.8,15.420317545748116,0.0
2062-10-17,34.4,17.7,0.0
2062-10-18,36.83649628188541,17.9,0.0
2062-10-19,38.07270647080432,21.5030389438191,0.0
2062-10-20,36.6,22.0,0.0
2062-10-21,37.2,21.4,0.0
2062-10-22,36.0,21.0,0.0
2062-10-23,37.0,20.7,0.0
2062-10-24,39.8052734375,21.0,0.0
2062-10-25,41.237158203125,20.9,0.0
2062-10-26,41.17099609375,22.0,0.0
2062-10-27,38.93369140625,24.297802734375,0.0
2062-10-28,36.74697304220061,23.0,0.0
2062-10-29,36.511395168042085,21.9,0.0
2062-10-30,37.50201867374867,21.9,0.0
2062-10-31,38.0,22.0,0.0
2062-11-01,36.70179006843512,21.46312706510244,0.0
2062-11-02,39.28043862470238,21.9,0.0
2062-11-03,40.081298828125,23.198285480107373,0.0
2062-11-04,39.79345703125,23.2,0.0
2062-11-05,40.497314453125,23.384609417740435,0.0
2062-11-06,40.70849609375,23.392883666955402,0.0
2062-11-07,37.80731218595372,23.2,0.0
2062-11-08,37.432448791339965,22.041504110258014,0.0
2062-11-09,39.25472422939721,22.1,0.0
2062-11-10,40.518310546875,23.2,0.0
2062-11-11,40.08056640625,23.208395275216418,0.0
2062-11-12,40.50244140625,23.0,0.0
2062-11-13,40.84130859375,23.326603483139706,0.0
2062-11-14,40.615966796875,23.93662109375,0.0
2062-11-15,40.54248046875,26.50888671875,0.0
2062-11-16,39.651611328125,25.6783203125,0.0
2062-11-17,39.716796875,24.754736328125,0.0
2062-11-18,37.538642488671236,21.7,0.8
2062-11-19,32.1,20.9,1.4
2062-11-20,31.0,19.8,50.976744186046574
2062-11-21,29.1,19.4,23.22000000000001
2062-11-22,29.7,19.1,0.0
2062-11-23,30.1,19.7,0.0
2062-11-24,30.1,19.9,0.0
2062-11-25,30.0,19.4,5.8
2062-11-26,30.5,19.7,0.8
2062-11-27,29.0,19.2,23.22000000000001
2062-11-28,29.9,19.0,40.943243243243245
2062-11-29,26.9,18.7,5.7666666666666675
2062-11-30,27.5,19.0,5.8
2062-12-01,27.5,19.5,9.4
2062-12-02,29.5,19.4,1.0
2062-12-03,30.0,19.4,10.2
2062-12-04,30.2,19.7,29.737499999999997
2062-12-05,30.0,19.7,5.0
2062-12-06,30.8,19.6,0.9
2062-12-07,28.4,19.5,27.449999999999996
2062-12-08,25.0,19.0,1.05
2062-12-09,25.5,19.0,0.0
2062-12-10,25.081894978237468,19.0,1.3
2062-12-11,25.6,19.0,0.0
2062-12-12,24.3,19.0,3.9
2062-12-13,27.5,19.0,1.05
2062-12-14,29.9,18.9,12.0
2062-12-15,30.586976672662693,19.4,10.0
2062-12-16,30.2,19.4,10.3
2062-12-17,30.0,19.9,26.652631578947364
2062-12-18,27.9,19.735202470158836,26.4
2062-12-19,25.4,18.0,33.85263157894735
2062-12-20,23.4,18.0,31.0
2062-12-21,25.8,18.9,0.1
2062-12-22,27.70635091496232,19.0,7.0
2062-12-23,27.96161365273022,18.5,2.4
2062-12-24,29.2,17.5,0.0
2062-12-25,30.2,16.6,0.0
2062-12-26,31.1,17.2,0.0
2062-12-27,31.0,19.7,0.0
2062-12-28,31.7,19.2,0.9
2062-12-29,31.2,19.483303302600582,16.5
2062-12-30,30.0,19.6,4.45
2062-12-31,31.4,19.4,2.4
2063-01-01,27.0,19.2,0.5
2063-01-02,26.5,19.0,0.0
2063-01-03,29.5,18.4,11.692537313432835
2063-01-04,30.0,19.62387461120791,1.4
2063-01-05,31.0,18.6,0.0
2063-01-06,30.4,18.941272315535052,0.0
2063-01-07,31.8,18.4,0.0
2063-01-08,31.77496247940707,19.4,0.0
2063-01-09,31.8,18.9,0.0
2063-01-10,31.7,20.353671506232278,1.0
2063-01-11,28.5,19.4,2.0
2063-01-12,28.9,18.9,2.4
2063-01-13,29.2,19.019351443245313,0.9
2063-01-14,29.5,19.0,2.4
2063-01-15,29.8,19.5,2.4
2063-01-16,29.5,19.6,2.4
2063-01-17,30.6,19.5,2.2
2063-01-18,29.5,19.7,1.6
2063-01-19,27.7,19.7,34.717164179104465
2063-01-20,24.7,19.2783814921959,69.42680348258706
2063-01-21,26.1,19.0,0.0
2063-01-22,30.0,18.3,0.0
2063-01-23,27.0780908489343,19.0,0.0
2063-01-24,26.4,18.4,0.0
2063-01-25,27.6,19.0,0.0
2063-01-26,30.371170959937757,17.6,0.0
2063-01-27,31.6,17.2,0.0
2063-01-28,30.7,18.9,0.0
2063-01-29,30.1,18.4,0.0
2063-01-30,30.3,18.8,0.0
2063-01-31,29.8,19.0,0.0
2063-02-01,30.0,19.0,0.0
2063-02-02,31.4,18.7774823950758,0.0
2063-02-03,32.0,19.0,0.0
2063-02-04,30.5,19.0,9.3
2063-02-05,27.5,19.0,13.388992974238878
2063-02-06,30.3,18.9,4.8
2063-02-07,26.7,19.1,4.8
2063-02-08,27.3,19.5,25.22084309133489
2063-02-09,28.2,19.348283942987837,9.927868852459017
2063-02-10,30.1,19.2,7.941217798594851
2063-02-11,29.2,19.2,4.8
2063-02-12,30.0,19.267110135166718,0.4
2063-02-13,27.0,19.1,41.991691273801045
2063-02-14,26.2,19.0,125.0
2063-02-15,25.2231492757028,19.0,49.906674473067916
2063-02-16,27.3,19.0,11.004215456674485
2063-02-17,29.0,19.0,59.40787987326079
2063-02-18,29.8,19.1,28.73325526932086
2063-02-19,27.9,19.276130954954123,17.737236533957844
2063-02-20,27.4,19.291646764988446,2.393676814988293
2063-02-21,30.0,19.2,1.4
2063-02-22,28.9,18.2,29.4
2063-02-23,23.81050087749758,17.9,79.15388509641735
2063-02-24,23.26837786919912,16.9,2.7810304449648715
2063-02-25,29.55207608669212,15.9,0.0
2063-02-26,30.9,16.6,0.0
2063-02-27,28.1,17.3,0.0
2063-02-28,29.0,16.0,0.0
2063-03-01,29.7,15.9,0.0
2063-03-02,30.2,17.0,0.0
2063-03-03,30.1,18.1,0.0
2063-03-04,29.9,18.4,0.0
2063-03-05,30.7,18.2,0.0
2063-03-06,30.9,17.726176547279138,0.0
2063-03-07,30.0,18.5,0.0
2063-03-08,29.8,18.4,0.0
2063-03-09,29.410447761194025,19.0,0.0
2063-03-10,29.4,17.6,0.0
2063-03-11,29.9,17.0,0.0
2063-03-12,31.924180327868854,16.2,0.0
2063-03-13,33.26954022988505,18.1,0.0
2063-03-14,33.2,18.6,0.0
2063-03-15,31.8,19.1,0.0
2063-03-16,28.8,18.5,0.0
2063-03-17,27.7,17.6,0.0
2063-03-18,28.4,17.5,0.0
2063-03-19,29.7,17.0,0.0
2063-03-20,31.0,16.4,0.0
2063-03-21,30.473979591836734,18.5,0.0
2063-03-22,31.0,17.0,0.0
2063-03-23,32.47155477031802,16.1,3.0
2063-03-24,26.8,19.75759331966756,1.4
2063-03-25,26.7,18.1,0.0
2063-03-26,30.2,15.9,0.0
2063-03-27,29.9,15.8,0.0
2063-03-28,31.3,14.2,0.0
2063-03-29,33.2,15.5,0.0
2063-03-30,33.654350736278445,16.9,0.0
2063-03-31,33.62784471218206,18.4,0.0
2063-04-01,32.3448,18.60932203389831,0.0
2063-04-02,30.1,18.6,0.0
2063-04-03,27.5,17.6,0.0
2063-04-04,29.3,16.4,0.0
2063-04-05,30.7,14.5,0.0
2063-04-06,29.9,16.8,0.0
2063-04-07,28.4,16.0,0.0
2063-04-08,28.2,15.9,0.0
2063-04-09,28.9,18.0,0.0
2063-04-10,31.3,16.6,0.0
2063-04-11,32.3,16.6,0.0
2063-04-12,32.0,17.7,0.0
2063-04-13,32.0,18.3,0.0
2063-04-14,31.336363636363632,18.4,0.0
2063-04-15,30.669999999999998,17.4,0.0
2063-04-16,30.6,17.4,0.0
2063-04-17,31.0,17.6,0.0
2063-04-18,31.9,17.4,0.0
2063-04-19,31.9,17.4,0.0
2063-04-20,29.9,17.7,0.0
2063-04-21,27.1,16.8,0.0
2063-04-22,28.2,15.9,0.0
2063-04-23,29.0,16.4,0.0
2063-04-24,30.685,16.9,0.0
2063-04-25,32.2,16.6,0.0
2063-04-26,30.4,18.0,0.0
2063-04-27,26.2,17.5,1.0
2063-04-28,28.0,16.5,0.0
2063-04-29,28.0,15.8,0.0
2063-04-30,29.2,15.6,0.0
2063-05-01,32.0,16.30192218975856,0.0
2063-05-02,32.887261464850816,16.912561791118144,0.0
2063-05-03,32.0,17.5,0.0
2063-05-04,30.15863284338474,16.7,0.0
2063-05-05,28.9,15.786655192461547,0.0
2063-05-06,29.2,15.2,0.0
2063-05-07,30.1,15.7,0.0
2063-05-08,30.4,16.463948690348023,0.0
2063-05-09,30.0,16.0,0.0
2063-05-10,30.0,16.0,0.0
2063-05-11,30.520381362448084,16.2,0.0
2063-05-12,31.0,15.9,0.0
2063-05-13,31.4,15.9,0.0
2063-05-14,30.5,16.5,0.0
2063-05-15,29.3,15.2,0.0
2063-05-16,30.6,15.2,0.0
2063-05-17,31.1,14.511010548977376,0.0
2063-05-18,31.03546116718796,15.3,0.0
2063-05-19,30.9,15.9,0.0
2063-05-20,30.7,15.1,0.0
2063-05-21,30.6,14.7,0.0
2063-05-22,28.8,15.3,0.0
2063-05-23,27.0,14.0,0.0
2063-05-24,27.5,14.0,0.0
2063-05-25,29.0,12.9,0.0
2063-05-26,30.6,12.6,0.0
2063-05-27,31.987637806660985,14.0,0.0
2063-05-28,30.6,16.832166633528264,0.0
2063-05-29,29.5,16.37871751499306,0.0
2063-05-30,31.87091007548191,15.6,0.0
2063-05-31,33.8654296875,16.565996890324104,0.0
2063-06-01,32.9107421875,20.446484375,0.0
2063-06-02,32.10068359375,20.399853515625,0.0
2063-06-03,32.83212890625,17.447546321039628,0.0
2063-06-04,33.21982421875,17.055975347559336,0.0
2063-06-05,31.74033203125,20.01044921875,0.0
2063-06-06,30.518857836223805,16.495012962098592,0.0
2063-06-07,30.67596454014248,14.1,0.0
2063-06-08,30.737265558367856,14.1,0.0
2063-06-09,31.53720703125,15.0,0.0
2063-06-10,32.36630859375,14.1,0.0
2063-06-11,30.998811116330074,14.1,0.0
2063-06-12,27.9,16.681796458862323,0.0
2063-06-13,26.6,14.1,0.0
2063-06-14,26.9,12.9,0.0
2063-06-15,28.850081286899986,12.7,0.0
2063-06-16,30.379981571183848,14.0,0.0
2063-06-17,30.5,14.3,0.0
2063-06-18,30.652633060720902,15.0,0.0
2063-06-19,30.920930310397264,14.5,0.0
2063-06-20,28.9,16.189232680058065,0.0
2063-06-21,25.895256634355636,14.5,0.0
2063-06-22,23.4,16.928782589213785,0.0
2063-06-23,26.3,13.5,0.0
2063-06-24,29.015611549064186,12.9,0.0
2063-06-25,30.383291758195607,13.0,0.0
2063-06-26,28.0,16.67134942553235,0.0
2063-06-27,27.9,14.1,0.0
2063-06-28,27.832453837597335,13.804795684932976,0.0
2063-06-29,26.1,13.754272423905356,0.0
2063-06-30,25.0,12.19204743161918,0.0
2063-07-01,27.6,13.5,0.0
2063-07-02,26.0,14.130152667337963,0.0
2063-07-03,26.3,12.632744886975242,0.0
2063-07-04,28.3,12.1,0.0
2063-07-05,29.2,13.821778856985503,0.0
2063-07-06,29.7,14.2,0.0
2063-07-07,30.2,12.7,0.0
2063-07-08,29.648041699999567,12.2,0.0
2063-07-09,29.2,15.1,0.0
2063-07-10,28.8,15.0,0.0
2063-07-11,29.0,13.4,0.0
2063-07-12,29.2,11.7,0.0
2063-07-13,29.0,12.7,0.0
2063-07-14,28.6,13.8,0.0
2063-07-15,28.977395048439178,13.0,0.0
2063-07-16,30.0,13.8,0.0
2063-07-17,31.275671973759927,15.3,0.0
2063-07-18,31.426708984375,16.0,0.0
2063-07-19,30.0,16.582490782186856,0.0
2063-07-20,30.0,15.986827906812008,0.0
2063-07-21,31.93720703125,15.2,0.0
2063-07-22,30.625347318888995,15.210577187186818,0.0
2063-07-23,28.282375488986307,16.071873127821952,0.0
2063-07-24,25.8,15.2,0.0
2063-07-25,25.0,12.4,0.0
2063-07-26,25.7,12.0,0.0
2063-07-27,27.7,11.6,0.0
2063-07-28,29.30197181720323,10.7,0.0
2063-07-29,30.610664385491116,11.7,0.0
2063-07-30,29.972196782358232,15.3,0.0
2063-07-31,30.0,15.3,0.0
2063-08-01,32.1,15.4,0.0
2063-08-02,31.6,16.4,0.0
2063-08-03,31.2,15.507578622756226,0.0
2063-08-04,31.9,14.9,0.0
2063-08-05,33.1,14.6,0.0
2063-08-06,35.25449710259354,13.9,0.0
2063-08-07,36.72780060723784,14.7,0.0
2063-08-08,35.30250950007108,14.6,0.0
2063-08-09,31.1,25.06728441358092,0.0
2063-08-10,30.824183710082522,17.0,0.0
2063-08-11,32.96347537938749,17.639531644735396,0.0
2063-08-12,34.587540832643704,18.48561640522007,0.0
2063-08-13,32.5,25.687255859375,0.0
2063-08-14,32.5,18.86708974076248,0.0
2063-08-15,31.9,25.53271484375,0.0
2063-08-16,31.0,18.694673746854704,0.0
2063-08-17,29.6,18.394153418618313,0.0
2063-08-18,28.5,16.7,0.0
2063-08-19,28.9,16.4,0.0
2063-08-20,29.8,15.7,0.0
2063-08-21,30.9,15.9,0.0
2063-08-22,31.885886026708146,16.1,0.0
2063-08-23,32.91376739666784,17.0,0.0
2063-08-24,34.888556457717485,18.27243762382043,0.0
2063-08-25,35.17447644013106,18.760165605160413,0.0
2063-08-26,34.465125655655584,25.590087890625,0.0
2063-08-27,33.116303228864254,25.653564453125,0.0
2063-08-28,33.1874705251649,25.69580078125,0.0
2063-08-29,33.32326515966987,25.501708984375,0.0
2063-08-30,33.14621157168809,19.0,0.0
2063-08-31,34.90117510064429,19.0,0.0
2063-09-01,34.286573044123095,17.6,0.0
2063-09-02,34.6,18.7,0.0
2063-09-03,34.8,18.7,0.0
2063-09-04,34.9,19.970264579691722,0.0
2063-09-05,33.4,20.0,0.0
2063-09-06,32.5,19.2,0.0
2063-09-07,33.0,18.1,0.0
2063-09-08,34.2,18.7,0.0
2063-09-09,34.4,18.8,0.0
2063-09-10,33.98391466709042,18.2,0.0
2063-09-11,33.2,18.6,0.0
2063-09-12,33.9,18.0,0.0
2063-09-13,34.7,18.6,0.0
2063-09-14,35.519017342501776,18.3,0.0
2063-09-15,38.40926679762387,19.5,0.0
2063-09-16,35.3,21.32025111323551,0.0
2063-09-17,31.7,20.234688184003733,0.0
2063-09-18,31.6,18.3,0.0
2063-09-19,33.1,18.003740103382846,0.0
2063-09-20,35.268044597356244,17.56445763492003,0.0
2063-09-21,36.06091583240638,18.7,0.0
2063-09-22,35.3,21.220440528924314,0.0
2063-09-23,35.1,20.245224981161872,0.0
2063-09-24,35.3,19.6,0.0
2063-09-25,39.16552734375,18.9,0.0
2063-09-26,39.738037109375,20.5,0.0
2063-09-27,34.6,21.62961310405466,0.0
2063-09-28,34.6,20.42193760578488,0.0
2063-09-29,35.3,20.4,0.0
2063-09-30,39.010498046875,20.40733369914246,0.0
2063-10-01,35.5,19.4,0.0
2063-10-02,35.5,18.6,0.0
2063-10-03,38.12309514447956,18.2,0.0
2063-10-04,39.056005859375,16.8,0.0
2063-10-05,38.37084721837271,17.0,0.0
2063-10-06,32.1,20.9,0.0
2063-10-07,31.4,18.6,0.0
2063-10-08,35.3,18.0,0.0
2063-10-09,37.96064425114827,18.5,0.0
2063-10-10,38.14358591750834,19.9,0.0
2063-10-11,36.7496978935045,21.9,0.0
2063-10-12,35.5,21.0,0.0
2063-10-13,36.51744408563567,20.7,0.0
2063-10-14,35.6,21.7,0.0
2063-10-15,35.5,20.9,0.0
2063-10-16,36.23821539063734,21.6,0.0
2063-10-17,38.057990370174565,21.8,0.0
2063-10-18,35.5,22.973587961851997,0.0
2063-10-19,34.8,20.9,0.0
2063-10-20,36.0,20.4,0.0
2063-10-21,37.025285404569495,21.0,0.0
2063-10-22,38.348307368041105,21.2,0.0
2063-10-23,38.904150390625,22.0,0.0
2063-10-24,38.26848649310635,23.227835451685003,0.0
2063-10-25,37.386939931990376,22.6,0.0
2063-10-26,38.64365234375,22.6,0.0
2063-10-27,39.700537109375,22.95950350647473,0.0
2063-10-28,39.14169921875,23.335686928036775,0.0
2063-10-29,40.24033203125,24.26533203125,0.0
2063-10-30,40.443701171875,24.485791015625,0.0
2063-10-31,37.2,22.1,3.3
2063-11-01,28.9,20.5,13.2
2063-11-02,32.0,20.0,2.5
2063-11-03,32.3,20.4,5.6
2063-11-04,30.4,19.6,12.05625
2063-11-05,29.7,19.6,12.05625
2063-11-06,28.4,19.3,40.99189189189189
2063-11-07,28.0,19.0,22.5
2063-11-08,23.2,17.2,19.84444444444445
2063-11-09,24.0,17.0,0.0
2063-11-10,26.0,17.5,0.0
2063-11-11,27.341789819376025,18.0,5.0
2063-11-12,27.5,19.0,24.19999999999999
2063-11-13,28.0,18.8,10.3275
2063-11-14,29.9,18.0,3.142857142857143
2063-11-15,30.2,18.9,20.81111111111111
2063-11-16,25.4,18.4,23.039999999999996
2063-11-17,25.1,18.6,34.4
2063-11-18,27.5,18.3,0.0
2063-11-19,27.7094960584224,15.5,0.0
2063-11-20,28.6,15.1,0.0
2063-11-21,29.9,14.717717465304196,0.0
2063-11-22,30.1,15.8,0.0
2063-11-23,30.0,17.9,0.0
2063-11-24,30.2,17.2,0.0
2063-11-25,32.2,18.6,5.1
2063-11-26,27.9,18.5,10.387500000000001
2063-11-27,27.7,18.90951432061528,5.9
2063-11-28,28.1,19.0,0.0
2063-11-29,28.1,19.0,0.0
2063-11-30,28.3,17.9,0.0
2063-12-01,29.5,17.8,0.0
2063-12-02,30.0,17.5,0.0
2063-12-03,30.0,18.1,0.0
2063-12-04,31.4,18.7,0.0
2063-12-05,31.2,18.3,0.0
2063-12-06,29.9,19.0,9.374999999999998
2063-12-07,31.1,19.4,0.0
2063-12-08,31.0,19.2,0.0
2063-12-09,30.7,20.1,0.5
2063-12-10,29.6,19.8,7.0
2063-12-11,27.7,19.4,4.85
2063-12-12,29.9,19.4,5.0
2063-12-13,30.5,19.4,7.9
2063-12-14,30.1,19.4,11.2
2063-12-15,27.9,19.408243132799107,25.46666666666666
2063-12-16,27.6,19.6,52.4
2063-12-17,25.285299290890325,19.5,25.8
2063-12-18,27.6,19.4,13.7
2063-12-19,26.8,19.046535212834936,7.0
2063-12-20,25.029956942949408,18.8,0.0
2063-12-21,26.0,17.4,0.0
2063-12-22,27.6,16.0,0.0
2063-12-23,29.6,16.0,0.0
2063-12-24,30.5,16.1,0.0
2063-12-25,30.1,17.2,0.0
2063-12-26,29.9,17.3,0.0
2063-12-27,29.7,17.6,0.0
2063-12-28,30.0,17.6,0.0
2063-12-29,31.2,17.5,0.0
2063-12-30,31.6,18.4,0.0
2063-12-31,31.6,19.2,0.0
2064-01-01,31.7,19.7,23.288059701492536
2064-01-02,25.9,19.5,1.7
2064-01-03,29.2,19.0,0.0
2064-01-04,30.9,19.0,0.0
2064-01-05,31.6,19.8,0.0
2064-01-06,31.53909267740174,20.236206810592154,1.0
2064-01-07,30.6,19.64847046369588,12.885074626865672
2064-01-08,30.473333186880772,19.687141880118215,3.4
2064-01-09,30.6,19.602127137241364,32.28852611940298
2064-01-10,26.3,19.61861446693111,27.4
2064-01-11,26.3,19.4,7.5572761194029825
2064-01-12,30.2,19.3,41.17253731343283
2064-01-13,28.4,19.6,40.5
2064-01-14,28.4,19.395265256714247,3.500186567164179
2064-01-15,30.1,18.8,0.0
2064-01-16,30.4,18.1,0.2
2064-01-17,29.89856939477065,19.6,25.649626865671642
2064-01-18,29.8,19.5,0.0
2064-01-19,30.6,19.5,0.0
2064-01-20,31.183712842593348,19.9,0.0
2064-01-21,31.7,19.510443466305716,0.0
2064-01-22,31.2,22.013439941406247,0.0
2064-01-23,31.1,22.158642578125,0.0
2064-01-24,31.2,22.369152832031247,0.0
2064-01-25,31.925476660234988,20.937390136718747,0.0
2064-01-26,31.9,22.213391113281247,0.0
2064-01-27,31.9,20.750636193088187,0.0
2064-01-28,28.9,19.9,57.449942594718685
2064-01-29,30.6,19.8,37.47593283582089
2064-01-30,30.0,19.7,38.37636815920398
2064-01-31,28.5,19.617367001885228,33.91446932006633
2064-02-01,28.6,19.66492798918287,19.23508196721311
2064-02-02,28.8233611442193,19.298610837864327,38.89014264424106
2064-02-03,30.3,19.10012675709933,30.863466042154595
2064-02-04,28.3,19.5,38.315094741324266
2064-02-05,29.0,19.35369192090167,47.32480634119977
2064-02-06,26.7,19.1,2.7
2064-02-07,26.0,19.0,3.2
2064-02-08,29.5,18.8,0.0
2064-02-09,31.7,18.5,0.0
2064-02-10,31.0,19.2,12.821311475409834
2064-02-11,30.4,18.9,22.962788117835586
2064-02-12,31.0,19.0,0.0
2064-02-13,30.6,19.0,0.0
2064-02-14,27.9,18.9,2.8
2064-02-15,29.5,17.0,0.0
2064-02-16,30.9,16.17679652379567,0.0
2064-02-17,31.2,16.5,0.0
2064-02-18,30.1,17.0,0.0
2064-02-19,30.0,16.9,0.0
2064-02-20,31.4,16.7,0.0
2064-02-21,32.1,17.2,0.0
2064-02-22,32.8,18.7,0.0
2064-02-23,31.992910035204886,19.0,0.0
2064-02-24,30.9,17.9,0.0
2064-02-25,31.73676028646231,17.5,0.0
2064-02-26,31.73592697859682,19.5,0.0
2064-02-27,31.0,19.943450325380784,0.0
2064-02-28,31.6,19.68715743737481,0.0
2064-03-01,32.0,19.676865712377907,0.0
2064-03-02,32.5,18.9,0.0
2064-03-03,31.0,18.5,7.0
2064-03-04,24.9,19.3,42.75963855421689
2064-03-05,27.3,19.377081450174135,2.0
2064-03-06,28.8,18.9,0.0
2064-03-07,31.147311827956994,17.8,0.0
2064-03-08,32.5,17.6,0.0
2064-03-09,33.0,18.5,0.0
2064-03-10,33.513333333333335,18.9,0.0
2064-03-11,33.52152380952381,19.716625267465172,0.0
2064-03-12,33.0,19.0,0.0
2064-03-13,33.7,18.8,0.0
2064-03-14,33.0,21.030882114405866,0.0
2064-03-15,33.580571428571425,20.3,0.0
2064-03-16,32.9,19.9,0.0
2064-03-17,33.650200803212854,19.3,0.0
2064-03-18,33.7,20.239247321470064,2.534251290877799
2064-03-19,33.7,19.3,0.0
2064-03-20,33.7,19.9,3.8
2064-03-21,33.66519410977242,19.3,2.7
2064-03-22,29.9,19.8,5.454819277108436
2064-03-23,33.58380952380953,19.4,0.0
2064-03-24,33.0,19.9,0.0
2064-03-25,32.5734693877551,19.3,0.0
2064-03-26,33.7,18.5,0.0
2064-03-27,33.7,19.0,0.0
2064-03-28,33.6698795180723,19.794815030813094,0.0
2064-03-29,33.7,19.4,0.0
2064-03-30,35.37021484375,19.4,0.0
2064-03-31,34.87020119630235,20.09885273171728,0.0
2064-04-01,30.2,20.947802734375,0.0
2064-04-02,31.1,19.7,0.0
2064-04-03,30.7,18.4,0.0
2064-04-04,30.3,16.6,0.0
2064-04-05,29.9,15.8,0.0
2064-04-06,31.0,14.4,0.0
2064-04-07,31.2,14.9,0.0
2064-04-08,29.7,17.4,0.0
2064-04-09,30.4,16.9,0.0
2064-04-10,31.09466666666667,16.8,0.0
2064-04-11,32.0,17.2,0.0
2064-04-12,32.0,17.64999999999999,0.0
2064-04-13,30.0,18.3,0.0
2064-04-14,27.025,18.4,2.8
2064-04-15,29.8,17.0,0.0
2064-04-16,30.7,16.5,0.0
2064-04-17,31.9,17.7,0.0
2064-04-18,32.2,18.5,0.0
2064-04-19,32.3,18.785423728813562,0.0
2064-04-20,32.2,18.4,0.0
2064-04-21,32.2,20.9451171875,0.0
2064-04-22,30.8,18.455897435897434,0.0
2064-04-23,31.0,17.6,0.0
2064-04-24,31.6,17.3,0.0
2064-04-25,32.36039999999999,17.0,0.0
2064-04-26,33.74796425024826,16.5,0.0
2064-04-27,32.2,17.214285714285715,0.0
2064-04-28,28.176785714285714,17.8,1.7
2064-04-29,28.9,16.0,0.0
2064-04-30,29.893333333333327,14.9,0.0
2064-05-01,31.474576078009232,14.1,0.0
2064-05-02,31.0,16.595410775209338,0.0
2064-05-03,30.9497837361777,16.356775993497482,0.0
2064-05-04,31.0,16.3,0.0
2064-05-05,31.575486360891585,16.5,0.0
2064-05-06,31.0,16.701268808831266,0.0
2064-05-07,30.0,16.9,0.0
2064-05-08,29.9,16.2,0.0
2064-05-09,30.4,15.3,0.0
2064-05-10,30.0,15.959167563688537,0.0
2064-05-11,29.825537950161806,16.2,0.0
2064-05-12,29.2,15.6,0.0
2064-05-13,30.1,15.2,0.0
2064-05-14,30.7,15.7,0.0
2064-05-15,30.7,16.55048268320603,0.0
2064-05-16,29.9,15.9,0.0
2064-05-17,30.0,15.3,0.0
2064-05-18,30.5,15.6,0.0
2064-05-19,30.546923062888826,16.2,0.0
2064-05-20,30.9,16.229962057882705,0.0
2064-05-21,32.51138245791773,16.50797375570248,0.0
2064-05-22,35.40302734375,16.9,0.0
2064-05-23,35.250439453125,16.935614545195524,0.0
2064-05-24,32.7,17.917745517314938,0.0
2064-05-25,30.2,17.2,0.0
2064-05-26,28.8,16.5,0.0
2064-05-27,29.0,14.9,0.0
2064-05-28,30.0,13.6,0.0
2064-05-29,30.2,15.0,0.0
2064-05-30,31.9,16.5,0.0
2064-05-31,32.0,16.7,0.0
2064-06-01,31.947119140625,17.067931466843827,0.0
2064-06-02,30.511960770713504,16.635167017413846,0.0
2064-06-03,30.4,15.973049587260704,0.0
2064-06-04,29.945872836168313,15.4,0.0
2064-06-05,28.6,14.4,0.0
2064-06-06,29.2,13.8,0.0
2064-06-07,30.455749373602547,14.0,0.0
2064-06-08,30.63665418151406,14.2,0.0
2064-06-09,30.707739368529133,14.604046162402673,0.0
2064-06-10,30.662069862571318,14.1,0.0
2064-06-11,30.435806387315388,16.750084384043742,0.0
2064-06-12,29.8470973257706,16.499241623238067,0.0
2064-06-13,27.9,15.0,0.0
2064-06-14,28.0,13.0,0.0
2064-06-15,28.46476149970556,12.0,0.0
2064-06-16,27.9,12.6,0.0
2064-06-17,26.5,13.2,0.0
2064-06-18,26.6,12.7,0.0
2064-06-19,26.6,13.2,0.0
2064-06-20,26.7,12.7,0.0
2064-06-21,27.5,11.6,0.0
2064-06-22,29.0,10.7,0.0
2064-06-23,29.5,11.0,0.0
2064-06-24,29.0,12.5,0.0
2064-06-25,28.1360668716875,12.5,0.0
2064-06-26,27.4,12.5,0.0
2064-06-27,27.2,12.0,0.0
2064-06-28,26.8,12.8,0.0
2064-06-29,26.7,12.5,0.0
2064-06-30,27.8,12.1,0.0
2064-07-01,29.613180567364587,14.2,0.0
2064-07-02,30.0,15.2,0.0
2064-07-03,29.141853109215855,15.726790471672373,0.0
2064-07-04,29.2,14.919765413310557,0.0
2064-07-05,28.9,14.930485134182076,0.0
2064-07-06,28.0,15.20778441780186,0.0
2064-07-07,27.6,15.0,0.0
2064-07-08,26.3,15.0,0.0
2064-07-09,27.2,12.2,0.0
2064-07-10,28.65514890563329,13.150771438823105,0.0
2064-07-11,29.18923408131157,14.2,0.0
2064-07-12,28.542373645079724,15.3,0.0
2064-07-13,27.7,15.3,0.0
2064-07-14,25.0,15.879753668813352,0.0
2064-07-15,25.2,13.0,0.0
2064-07-16,26.1,11.2,0.0
2064-07-17,28.88468568353067,10.5,0.0
2064-07-18,29.62806917609411,9.0,0.0
2064-07-19,29.2,13.4,0.0
2064-07-20,29.2,14.0,0.0
2064-07-21,29.0,12.7,0.0
2064-07-22,28.827220795276496,12.2,0.0
2064-07-23,29.11672683613479,11.0,0.0
2064-07-24,29.11313736855178,14.015005150641802,0.0
2064-07-25,29.2,14.2,0.0
2064-07-26,29.2,14.6,0.0
2064-07-27,29.740192854520654,15.130127975122594,0.0
2064-07-28,30.544691021051843,15.518372855062355,0.0
2064-07-29,31.24978622079262,15.794390336215324,0.0
2064-07-30,32.301220703125,15.501830716140056,0.0
2064-07-31,32.633251953125,16.82021484375,0.0
2064-08-01,30.7,24.669186074074943,0.0
2064-08-02,27.6,17.588832846378594,0.0
2064-08-03,27.2,15.3,0.0
2064-08-04,28.6,16.4,0.0
2064-08-05,29.9,15.6,0.0
2064-08-06,30.853364908503767,13.8,0.0
2064-08-07,32.9,13.2,0.0
2064-08-08,35.520411919391634,13.7,0.0
2064-08-09,33.195248075015705,18.0,0.0
2064-08-10,28.6,18.326004664513814,0.0
2064-08-11,24.6,14.3,0.0
2064-08-12,26.9,11.8,0.0
2064-08-13,31.60160133525235,12.3,0.0
2064-08-14,32.9,13.9,0.0
2064-08-15,35.87588832379201,14.6,0.0
2064-08-16,34.038404111253755,18.54269106566201,0.0
2064-08-17,31.849239574118872,19.0,0.0
2064-08-18,29.5,18.53245615145951,0.0
2064-08-19,28.2,16.9,0.0
2064-08-20,28.6,14.9,0.0
2064-08-21,30.4,14.5,0.0
2064-08-22,31.676537821704656,15.7,0.0
2064-08-23,32.1,17.0,0.0
2064-08-24,31.997604951560817,18.164994035300964,0.0
2064-08-25,32.5,17.730398039833712,0.0
2064-08-26,30.2,18.8593776087325,0.0
2064-08-27,28.0,17.0,0.0
2064-08-28,28.9,15.549378872952609,0.0
2064-08-29,30.89971151776103,15.897807489660634,0.0
2064-08-30,32.51084454717226,15.750638835587582,0.0
2064-08-31,35.28958308536547,16.9,0.0
2064-09-01,32.1,20.168025943486008,0.0
2064-09-02,29.4,17.66711049035269,0.0
2064-09-03,29.5,16.4,0.0
2064-09-04,31.0,16.7,0.0
2064-09-05,31.6,18.0,0.0
2064-09-06,32.1,18.8,0.0
2064-09-07,33.40535429756787,18.9,0.0
2064-09-08,34.6,19.5,0.0
2064-09-09,35.25203811728795,20.14496060261296,0.0
2064-09-10,34.6,20.6,0.0
2064-09-11,33.4,20.4,0.0
2064-09-12,33.4,18.9,0.0
2064-09-13,34.9,17.9,0.0
2064-09-14,35.0,19.6,0.0
2064-09-15,32.3,20.460747888258005,0.0
2064-09-16,29.2,17.9,0.42000000000000004
2064-09-17,31.4,17.4,0.0
2064-09-18,33.7,17.5,0.0
2064-09-19,33.455800739560466,20.074567590362925,0.0
2064-09-20,32.2,19.4,0.0
2064-09-21,31.2,18.6,0.0
2064-09-22,31.0,18.181090100111245,0.0
2064-09-23,34.160308010465464,17.2,0.0
2064-09-24,40.003662109375,17.2,0.0
2064-09-25,40.48291015625,18.6,0.0
2064-09-26,35.1,22.024095683544648,0.0
2064-09-27,34.27046321309392,20.5,0.0
2064-09-28,35.219774306395195,19.678793502909933,0.0
2064-09-29,36.0,19.7,0.0
2064-09-30,40.048828125,20.0,0.0
2064-10-01,37.4331391628699,19.7,0.0
2064-10-02,37.2,21.0,0.0
2064-10-03,35.66634126424409,21.9,0.0
2064-10-04,35.2,20.7,0.0
2064-10-05,36.35094227463328,19.4,0.0
2064-10-06,35.3,21.0,0.0
2064-10-07,34.3,20.0,0.0
2064-10-08,34.5,20.2,0.0
2064-10-09,33.8,20.9,0.0
2064-10-10,35.2,20.0,0.0
2064-10-11,36.43573735199138,20.0,0.0
2064-10-12,38.147404652481875,21.4,0.0
2064-10-13,38.785498046875,22.0,0.0
2064-10-14,38.054078495323616,22.6,0.0
2064-10-15,34.9,21.9,0.0
2064-10-16,34.1,20.0,0.0
2064-10-17,38.09217270518164,19.1,0.0
2064-10-18,39.866796875,19.5,0.0
2064-10-19,38.631201171875,23.384003626233316,0.0
2064-10-20,37.0,22.034414571281786,0.0
2064-10-21,37.0,21.7,0.0
2064-10-22,38.15532154206114,21.9,0.0
2064-10-23,36.5,22.6,0.0
2064-10-24,38.043460549299624,22.0,0.0
2064-10-25,38.297546134856226,22.1,0.0
2064-10-26,39.53671875,22.86564539196798,0.0
2064-10-27,40.14462890625,24.1759765625,0.0
2064-10-28,38.202822879536896,23.863720703125,0.0
2064-10-29,38.08304499719608,22.6,0.0
2064-10-30,36.9,22.145704514177478,0.0
2064-10-31,37.52991351471733,22.995879241428007,0.0
2064-11-01,40.000244140625,23.349644968800817,0.0
2064-11-02,38.57329069336292,24.5611328125,0.0
2064-11-03,37.737901409159235,22.381315133189673,0.0
2064-11-04,40.16748046875,21.2,0.0
2064-11-05,41.01513671875,21.9,0.0
2064-11-06,40.919189453125,23.26767062389109,0.0
2064-11-07,41.022705078125,23.38817194170799,0.0
2064-11-08,37.81849794791146,19.6,0.8
2064-11-09,32.0,19.3,3.8
2064-11-10,33.55720244716351,19.4,0.0
2064-11-11,35.2,19.5,0.0
2064-11-12,37.361628367562865,19.8,0.0
2064-11-13,37.56646133895283,21.2,0.0
2064-11-14,37.5711454938765,21.5,0.0
2064-11-15,37.756654827202624,21.9,0.0
2064-11-16,38.69913051538742,22.1,0.0
2064-11-17,36.243750918211006,23.358608738783698,0.0
2064-11-18,36.84414147479499,22.9,0.0
2064-11-19,37.43358555576656,21.9,0.0
2064-11-20,37.8803410686203,22.1,0.0
2064-11-21,37.85642668098652,22.9,0.0
2064-11-22,39.517333984375,23.0,0.0
2064-11-23,37.8829125081508,23.2,0.0
2064-11-24,37.2,23.38075959345292,0.0
2064-11-25,36.719074910312415,24.7046875,0.0
2064-11-26,36.4,23.334963922450655,0.0
2064-11-27,35.42631156658582,23.397394281978833,0.0
2064-11-28,35.73316102859387,23.348093547073013,0.0
2064-11-29,36.4,24.28134765625,0.0
2064-11-30,36.4,24.681005859375,0.0
2064-12-01,33.7,21.037796126342748,0.0
2064-12-02,34.142014794602844,20.521145606111517,0.0
2064-12-03,34.893359375,21.0,0.0
2064-12-04,36.176806640625,23.84732055664062,0.0
2064-12-05,35.92509765625,24.37002563476562,0.0
2064-12-06,35.096484375,23.04067993164062,0.0
2064-12-07,35.112109375,23.43423461914062,0.0
2064-12-08,35.362109375,25.12710571289062,0.0
2064-12-09,32.87824436059096,21.00134635949323,0.0
2064-12-10,32.9,20.3,3.9
2064-12-11,30.0,19.6,33.34285714285714
2064-12-12,25.0,19.4,56.99615384615387
2064-12-13,28.6,19.0,0.0
2064-12-14,30.0,19.2,0.3
2064-12-15,30.9,18.7,0.0
2064-12-16,31.66045250522979,19.0,0.0
2064-12-17,30.9,19.9,1.4
2064-12-18,30.2,19.4,0.0
2064-12-19,31.0,19.2,0.0
2064-12-20,30.5,19.5,0.0
2064-12-21,31.2,19.6,0.0
2064-12-22,31.3,19.4,0.0
2064-12-23,32.09867011733809,19.2,0.0
2064-12-24,33.133874710188536,20.3,0.0
2064-12-25,34.14993666608255,21.019689638065536,0.0
2064-12-26,33.31416038751343,21.0,0.0
2064-12-27,32.4,21.0,0.0
2064-12-28,32.4,20.199305424474165,6.4
2064-12-29,31.2,19.6,12.2
2064-12-30,30.2,19.6,40.1
2064-12-31,29.9,19.700614833029,10.452380952380954
2065-01-01,29.2,19.7,40.866977611940285
2065-01-02,28.0,19.616140327923443,35.02168843283581
2065-01-03,24.9,19.2,67.04259886136326
2065-01-04,26.0,19.3,7.7
2065-01-05,27.0,19.5,8.864552238805969
2065-01-06,27.8,19.5,0.0
2065-01-07,30.9,19.4,2.1
2065-01-08,31.1,19.5,0.0
2065-01-09,29.5,19.69785723896662,1.4
2065-01-10,28.5,19.65992635103389,3.4990671641791042
2065-01-11,28.7,19.512954417077864,60.4
2065-01-12,25.6,19.5,14.203731343283582
2065-01-13,27.1,19.6,18.92723880597015
2065-01-14,27.8,19.6,8.009794776119406
2065-01-15,29.0,19.611399960749097,6.548320895522388
2065-01-16,31.0,19.6,16.4
2065-01-17,29.8,19.0,0.0
2065-01-18,30.0,19.0,0.0
2065-01-19,31.2,19.1,0.0
2065-01-20,31.55641657163856,19.3,0.3
2065-01-21,30.9,19.637326442619337,1.0
2065-01-22,31.86878129826368,19.8,0.6
2065-01-23,31.9,20.958172607421872,1.4182602611940291
2065-01-24,31.7,20.303062710495404,16.7842039800995
2065-01-25,28.6,19.620818321845494,13.41433457711443
2065-01-26,26.6,19.7,9.4
2065-01-27,26.3,19.8,34.99827425373134
2065-01-28,27.1,19.615464617690257,42.74514925373134
2065-01-29,24.477445114777076,19.0,69.55194444444447
2065-01-30,25.9,18.9,2.83759328358209
2065-01-31,27.3,19.0,21.0
2065-02-01,28.172886308585483,19.0,9.726112412177983
2065-02-02,27.9,19.0,32.92098946135838
2065-02-03,28.5,19.09830201244341,38.59484777517569
2065-02-04,26.0,19.1,29.641217798594855
2065-02-05,25.55476071391635,18.8,9.3
2065-02-06,30.2,18.0,1.4
2065-02-07,31.8,18.85544863024816,0.0
2065-02-08,32.19391128279506,19.359176607722084,1.4
2065-02-09,31.304519159220064,19.0,0.6
2065-02-10,29.0,18.6,3.8
2065-02-11,26.0,19.0,1.0
2065-02-12,30.4,18.829082704535224,43.45387649451498
2065-02-13,29.1,19.0,23.23583138173303
2065-02-14,25.5,19.0,1.3
2065-02-15,24.5,18.7,4.4
2065-02-16,24.6,18.2,1.0
2065-02-17,25.6,18.9,0.8
2065-02-18,26.4,18.72473038411267,0.0
2065-02-19,26.8,18.3,0.0
2065-02-20,29.0,17.7,0.0
2065-02-21,30.4,18.6,1.4
2065-02-22,31.0,18.8,0.8
2065-02-23,30.4,18.5,0.0
2065-02-24,30.283550589026298,18.6,0.2
2065-02-25,28.0,19.5,21.032318501170963
2065-02-26,28.16345111307624,19.2,16.4
2065-02-27,29.9,19.0,21.46604215456676
2065-02-28,26.0,19.0,22.800825835079532
2065-03-01,22.7,18.89153114363013,19.298170459616248
2065-03-02,23.0396261682243,18.8,51.21716867469881
2065-03-03,23.1,18.4,2.3
2065-03-04,27.19313725490196,17.8,1.5
2065-03-05,29.0,17.0,1.4
2065-03-06,29.9,17.2,0.0
2065-03-07,30.4,19.3,0.0
2065-03-08,29.01458333333333,19.1,0.0
2065-03-09,26.7,19.025763508629613,0.0
2065-03-10,27.9,19.0,0.0
2065-03-11,28.9,18.3,0.0
2065-03-12,29.5,18.3,0.0
2065-03-13,29.0,19.73277884557054,0.0
2065-03-14,28.9,17.8,0.0
2065-03-15,28.0,17.6,0.0
2065-03-16,24.0,16.9,1.2
2065-03-17,26.6,19.0,0.0
2065-03-18,26.47021276595745,16.121455547244167,0.0
2065-03-19,27.0,15.4,0.0
2065-03-20,28.0,14.8,0.0
2065-03-21,29.0,15.6,0.0
2065-03-22,29.3,16.0,0.0
2065-03-23,28.3,16.9,0.0
2065-03-24,28.4,16.1,0.0
2065-03-25,29.58409090909091,14.6,0.0
2065-03-26,29.5,15.9,0.0
2065-03-27,28.9,16.9,0.0
2065-03-28,29.817391304347822,15.792213850017937,0.0
2065-03-29,30.0,16.0,0.0
2065-03-30,29.0,17.8,0.0
2065-03-31,28.9,17.9,0.0
2065-04-01,28.5,18.743008474576275,0.0
2065-04-02,30.0,17.2,0.0
2065-04-03,31.6,15.5,0.0
2065-04-04,31.4,15.9,0.0
2065-04-05,30.6,16.6,0.0
2065-04-06,30.3,16.4,0.0
2065-04-07,31.0,16.54705882352942,0.0
2065-04-08,30.0,18.5,0.0
2065-04-09,29.7,17.7,0.0
2065-04-10,29.4,18.3,0.0
2065-04-11,29.5,17.0,0.0
2065-04-12,30.2,15.5,0.0
2065-04-13,31.6,15.5,0.0
2065-04-14,32.40581395348838,19.4,0.0
2065-04-15,32.4,19.123688394276616,0.0
2065-04-16,31.0,18.152884615384615,0.0
2065-04-17,29.7,17.6,0.0
2065-04-18,29.4,17.3,0.0
2065-04-19,29.0,17.3,0.0
2065-04-20,29.915999999999997,16.4,0.0
2065-04-21,30.4,16.7,0.0
2065-04-22,29.5,16.4,0.0
2065-04-23,30.0,15.6,0.0
2065-04-24,30.4,15.6,0.0
2065-04-25,30.0,17.0,0.0
2065-04-26,28.2,16.7,0.0
2065-04-27,27.9,16.3,0.0
2065-04-28,28.2,15.9,0.0
2065-04-29,28.9,16.0,0.0
2065-04-30,29.4,16.3,0.0
2065-05-01,30.7,16.2,0.0
2065-05-02,30.7,16.5,0.0
2065-05-03,31.0,15.6,0.0
2065-05-04,30.7,16.681972906553998,0.0
2065-05-05,26.9,16.2,0.0
2065-05-06,25.4,16.73214233491125,0.0
2065-05-07,28.54410656620021,13.5,0.0
2065-05-08,30.1,14.5,0.0
2065-05-09,30.2,15.7,0.0
2065-05-10,28.7,15.2,0.0
2065-05-11,29.5,14.3,0.0
2065-05-12,30.1,13.995733116871643,0.0
2065-05-13,30.5860429475835,14.6,0.0
2065-05-14,30.7,14.7,0.0
2065-05-15,27.3,16.7,0.1
2065-05-16,24.457839136856332,17.823260973949377,19.30118726389638
2065-05-17,28.9,17.021578799065036,0.0
2065-05-18,30.0,16.7,0.0
2065-05-19,29.3,16.2,0.0
2065-05-20,28.6,14.8,0.0
2065-05-21,26.4,15.7,0.0
2065-05-22,29.4,16.91923770180119,0.0
2065-05-23,27.5,15.3,0.0
2065-05-24,26.4,15.3,0.0
2065-05-25,25.7,12.5,0.0
2065-05-26,26.1,11.6,0.0
2065-05-27,27.944323132913006,12.1,0.0
2065-05-28,28.945402917486348,13.0,0.0
2065-05-29,27.5,13.5,0.0
2065-05-30,28.1,11.7,0.0
2065-05-31,28.9,11.8,0.0
2065-06-01,28.2,14.890880144605129,0.0
2065-06-02,26.3,14.1,0.0
2065-06-03,25.4,12.9,0.0
2065-06-04,25.7,16.452058667366053,0.0
2065-06-05,26.7,16.289309995660357,0.0
2065-06-06,26.7,13.939889732553091,0.0
2065-06-07,27.1,13.28097172189284,0.0
2065-06-08,28.0,14.56273117586519,0.0
2065-06-09,27.6,16.27720386877299,0.0
2065-06-10,27.6,15.064305856409662,0.0
2065-06-11,27.5,14.0,0.0
2065-06-12,28.2,12.9,0.0
2065-06-13,30.0,12.5,0.0
2065-06-14,30.0,12.9,0.0
2065-06-15,28.2,15.523393094723987,0.0
2065-06-16,26.3,13.4,0.0
2065-06-17,26.7,12.2,0.0
2065-06-18,26.9,12.7,0.0
2065-06-19,26.7,12.747733113421054,0.0
2065-06-20,20.1,13.103369240676779,0.0
2065-06-21,25.6,14.036414110230476,0.0
2065-06-22,26.3,13.2,0.0
2065-06-23,26.9,14.1,0.0
2065-06-24,27.232861602497398,11.9,0.0
2065-06-25,28.0,11.5,0.0
2065-06-26,28.5,12.17243447134993,0.0
2065-06-27,29.0,12.981746708856662,0.0
2065-06-28,30.0,13.7,0.0
2065-06-29,29.932588008027903,14.3,0.0
2065-06-30,27.4423469387755,15.318790342878959,0.0
2065-07-01,28.0,15.3,0.0
2065-07-02,28.574205822715093,14.4,0.0
2065-07-03,27.6,15.0,0.0
2065-07-04,27.0,14.0,0.0
2065-07-05,28.2,11.9,0.0
2065-07-06,28.9,13.8,0.0
2065-07-07,29.2,15.0,0.0
2065-07-08,29.2,13.1,0.0
2065-07-09,29.0,13.0,0.0
2065-07-10,26.8,14.2,0.0
2065-07-11,26.2,12.0,0.0
2065-07-12,26.7,12.2,0.0
2065-07-13,22.5,12.0,0.0
2065-07-14,26.2,10.4,0.0
2065-07-15,26.0,11.9,0.0
2065-07-16,25.2,12.0,0.0
2065-07-17,25.6,11.5,0.0
2065-07-18,26.7,10.7,0.0
2065-07-19,27.6,10.0,0.0
2065-07-20,27.0,13.0,0.0
2065-07-21,26.1,12.8,0.0
2065-07-22,26.4,12.1,0.0
2065-07-23,27.7,12.7,0.0
2065-07-24,28.8,13.9,0.0
2065-07-25,29.051818669242444,14.2,0.0
2065-07-26,29.0,14.488475907047418,0.0
2065-07-27,27.7,15.3,0.0
2065-07-28,27.6,13.6,0.0
2065-07-29,28.7,13.5,0.0
2065-07-30,26.7,15.0,0.0
2065-07-31,26.5,12.9,0.0
2065-08-01,26.2,12.0,0.0
2065-08-02,28.9,11.9,0.0
2065-08-03,28.0,13.8,0.0
2065-08-04,26.8,14.6,0.0
2065-08-05,19.452494238757808,13.639844994617862,0.0
2065-08-06,24.9,11.6,0.0
2065-08-07,25.6,11.4,0.0
2065-08-08,27.1,12.0,0.0
2065-08-09,28.1,12.9,0.0
2065-08-10,28.864385427879437,13.2,0.0
2065-08-11,28.9,14.9,0.0
2065-08-12,28.8,15.3,0.0
2065-08-13,30.0,14.8,0.0
2065-08-14,30.223618514531747,15.7,0.0
2065-08-15,28.9,15.718067580848967,0.0
2065-08-16,29.0,14.9,0.0
2065-08-17,29.6,14.9,0.0
2065-08-18,31.2,15.4,0.0
2065-08-19,32.5,15.6,0.0
2065-08-20,32.912400240052584,17.2,0.0
2065-08-21,33.338030322380526,18.0,0.0
2065-08-22,33.2,18.762779887204474,0.0
2065-08-23,32.61795421343995,18.72721233022287,0.0
2065-08-24,32.9,18.2,0.0
2065-08-25,33.097575829069406,18.655115767245096,0.0
2065-08-26,35.555497902163566,17.581139254410054,0.0
2065-08-27,33.2,18.59699297156968,0.0
2065-08-28,33.20832054600004,17.4,0.0
2065-08-29,36.84321502425078,15.721219637759152,0.0
2065-08-30,31.883655373072283,18.667121691017666,0.0
2065-08-31,30.0,17.63381076865622,0.0
2065-09-01,30.68434535104365,15.9,0.0
2065-09-02,32.6,15.0,0.0
2065-09-03,31.0,18.0,0.0
2065-09-04,30.2,17.458354520896233,0.0
2065-09-05,31.9,15.8,0.0
2065-09-06,33.545575218255976,12.2705256552865,0.0
2065-09-07,27.7,18.3,0.0
2065-09-08,25.6,15.4,0.0
2065-09-09,28.2,12.4,0.0
2065-09-10,31.5,8.003247794707297,0.0
2065-09-11,33.47294318790426,10.1,0.0
2065-09-12,34.5,15.3,0.0
2065-09-13,34.7,17.87837152391547,0.0
2065-09-14,35.68094067035663,18.5,0.0
2065-09-15,39.242919921875,19.5,0.0
2065-09-16,39.2333984375,20.0,0.0
2065-09-17,39.202392578125,20.4,0.0
2065-09-18,36.0,20.5,0.0
2065-09-19,34.98546615581099,20.5,0.0
2065-09-20,35.3,19.6,0.0
2065-09-21,36.00896499593877,19.7,0.0
2065-09-22,40.7734375,20.244472352793434,0.0
2065-09-23,40.993408203125,21.463471184914457,0.0
2065-09-24,40.379638671875,22.331434047009537,0.0
2065-09-25,39.419189453125,22.045512991103177,0.0
2065-09-26,35.720406207700684,22.138142846293768,0.0
2065-09-27,36.12247819214331,21.54811920443959,0.0
2065-09-28,40.243408203125,21.286260203918445,0.0
2065-09-29,40.4873046875,22.23425301396269,0.0
2065-09-30,39.188232421875,22.889801032108817,0.0
2065-10-01,34.2,22.0,0.0
2065-10-02,35.4,22.0,0.0
2065-10-03,36.6,21.9,0.0
2065-10-04,35.0,21.2,0.0
2065-10-05,35.2,20.476000624491565,0.0
2065-10-06,35.5,19.7,0.0
2065-10-07,36.5,19.5,0.0
2065-10-08,38.03396028180447,20.3,0.0
2065-10-09,38.560888671875,20.7,0.0
2065-10-10,39.97666015625,21.2,0.0
2065-10-11,38.527197265625,23.29498609789244,0.0
2065-10-12,37.2,21.9,0.0
2065-10-13,38.993505859375,21.4,0.0
2065-10-14,40.55380859375,22.0,0.0
2065-10-15,39.7369140625,23.483822683237094,0.0
2065-10-16,38.044391948073645,24.43671875,0.0
2065-10-17,36.66679224973088,22.557484691806792,0.0
2065-10-18,37.798337890873036,22.0,0.0
2065-10-19,38.290281224418756,23.275888467277046,0.0
2065-10-20,38.076338926023034,25.158154296875,0.0
2065-10-21,36.7,23.29486598700806,0.0
2065-10-22,36.9,22.0,0.0
2065-10-23,34.653278207260975,21.9,0.0
2065-10-24,34.9,20.089919034024415,0.0
2065-10-25,37.14455635860371,21.4,0.0
2065-10-26,38.3190614465364,24.93916015625,0.0
2065-10-27,37.2,24.47919921875,0.0
2065-10-28,36.8257937409269,22.524846035751445,0.0
2065-10-29,38.08341755670568,22.583493620850874,0.0
2065-10-30,35.4,22.578393830842224,0.0
2065-10-31,36.117709067963304,21.9,0.0
2065-11-01,38.95538229430672,20.5,0.0
2065-11-02,40.48486328125,22.3,0.0
2065-11-03,40.361328125,23.234175132547577,0.0
2065-11-04,40.9814453125,23.2,0.0
2065-11-05,40.117431640625,25.20908203125,0.0
2065-11-06,37.84601235088794,23.2,0.0
2065-11-07,39.6025390625,23.0,0.0
2065-11-08,38.15382461994806,23.21425917883593,0.0
2065-11-09,36.21473125275463,22.0,0.0
2065-11-10,37.48491313987951,22.3,0.0
2065-11-11,40.01318359375,22.9,0.0
2065-11-12,40.14111328125,23.252951702516867,0.0
2065-11-13,34.18495935655001,20.68595022661995,2.1
2065-11-14,37.84562663495837,21.9,0.0
2065-11-15,38.77604087064019,22.4,0.0
2065-11-16,35.1,21.1,1.0
2065-11-17,35.49354838709677,23.27849102014457,0.0
2065-11-18,35.5,19.9,2.2
2065-11-19,31.9,19.7,5.642857142857142
2065-11-20,31.5,19.9,0.5
2065-11-21,31.2,19.6,4.5
2065-11-22,30.2,19.9,2.8
2065-11-23,24.62589201677077,18.5,10.387500000000001
2065-11-24,27.3,18.7,0.0
2065-11-25,30.0,18.4,0.0
2065-11-26,30.2,18.8,0.0
2065-11-27,31.2,17.7,0.0
2065-11-28,33.0,18.2,0.0
2065-11-29,32.8,19.2,0.0
2065-11-30,32.5,19.6,1.6
2065-12-01,31.6,19.6,1.0
2065-12-02,32.335612135058525,20.18951035751244,0.0
2065-12-03,32.4,19.9,0.0
2065-12-04,33.11725877716332,19.9,0.0
2065-12-05,34.08772400903721,20.287663593740298,0.0
2065-12-06,34.18683305379628,21.93166304264034,0.0
2065-12-07,33.1,20.3,0.0
2065-12-08,33.765868415760714,20.825017843315365,0.0
2065-12-09,34.142448869752414,20.334257191895105,0.0
2065-12-10,30.5,20.324286877028676,0.0
2065-12-11,30.7,20.0,0.0
2065-12-12,31.86640683661949,19.9,0.0
2065-12-13,32.62581575438201,20.0554409446109,0.95
2065-12-14,32.42182570927456,20.406954610924707,0.0
2065-12-15,33.14969940830778,23.03823852539062,0.0
2065-12-16,33.13703964981239,23.62124633789062,0.0
2065-12-17,33.1,20.2,0.0
2065-12-18,33.07256050678298,20.3,0.5
2065-12-19,31.4,20.1,16.6
2065-12-20,28.9,20.174628440649595,25.9
2065-12-21,31.2,19.9,0.1
2065-12-22,32.0,19.8,0.0
2065-12-23,32.046601623037034,20.334510344421016,0.0
2065-12-24,32.4,21.0,0.0
2065-12-25,33.7,20.3,0.0
2065-12-26,34.440478515625,21.0,0.0
2065-12-27,34.06396515217822,22.262717531422158,0.0
2065-12-28,33.994739705934485,20.39072967844326,0.0
2065-12-29,34.295458984375,21.015724755492144,0.0
2065-12-30,34.13908478734322,21.0,0.0
2065-12-31,33.876287275695184,20.394244603899104,0.0
2066-01-01,37.362744140625,23.898114013671872,0.0
2066-01-02,38.5568359375,24.879956054687497,0.0
2066-01-03,38.381298828125,24.3048828125,0.0
2066-01-04,36.861279296875,21.783337402343747,3.8
2066-01-05,27.9,19.6,4.515858208955223
2066-01-06,30.6,19.344040390884448,11.59141791044776
2066-01-07,30.4,19.680280822365862,11.59141791044776
2066-01-08,30.1,19.793788399517084,19.43003731343283
2066-01-09,30.6,19.515343870232,43.31960390355912
2066-01-10,30.0,19.6,14.35513059701492
2066-01-11,30.9,19.5,7.2
2066-01-12,26.9,19.5,14.3
2066-01-13,29.3,19.9,17.0
2066-01-14,30.6,19.8,8.160634328358206
2066-01-15,29.0,19.5,6.3
2066-01-16,29.8,19.5,16.4
2066-01-17,27.1,19.3,8.110354477611937
2066-01-18,25.9,19.590812599421504,2.9
2066-01-19,29.5,19.4,1.4056902985074615
2066-01-20,29.2,19.5,0.0
2066-01-21,30.1,19.4,0.0
2066-01-22,30.96215827375631,18.8,0.0
2066-01-23,30.4,18.3,0.0
2066-01-24,29.4,19.6,1.0
2066-01-25,29.1,18.0,0.0
2066-01-26,30.5,16.9,0.0
2066-01-27,31.2,17.3,0.0
2066-01-28,31.2,17.4,0.0
2066-01-29,30.4,19.8,3.8
2066-01-30,30.9,19.5,22.391511194029846
2066-01-31,30.1,18.7,0.0
2066-02-01,30.32960704419251,18.2,0.0
2066-02-02,30.5,17.3,0.0
2066-02-03,30.9,19.714056863366114,0.0
2066-02-04,31.0,19.2,0.0
2066-02-05,31.6,19.931516079314985,0.0
2066-02-06,32.673061467733696,19.1,1.0
2066-02-07,32.9,19.0,0.0
2066-02-08,32.50545292014302,19.71030420233455,0.4
2066-02-09,32.0,19.951225880747952,2.8571428571428577
2066-02-10,31.958967103694867,19.14440450439655,0.0
2066-02-11,32.07331054489846,18.9,0.0
2066-02-12,32.827608064389935,18.9,0.0
2066-02-13,33.54151950805319,19.914212829859906,0.0
2066-02-14,33.73668610967544,20.186876397478933,0.0
2066-02-15,34.305023024715204,19.710592868567755,0.0
2066-02-16,33.989040441056765,19.923121294199124,17.737236533957844
2066-02-17,31.632326430274134,19.5,7.582201405152227
2066-02-18,32.22210319226846,19.0,0.0
2066-02-19,32.9,20.158244575223257,0.6
2066-02-20,32.0,19.930903886267977,4.4
2066-02-21,32.0,19.9,5.292037470725996
2066-02-22,31.911973539928486,19.592929621351804,21.0
2066-02-23,29.6,19.08933398323346,22.401639344262296
2066-02-24,28.0,19.1,18.1248243559719
2066-02-25,30.5,19.532728971743886,0.4
2066-02-26,31.6,19.63255655458485,0.0
2066-02-27,32.0,19.995282670027425,0.0
2066-02-28,32.89514074946732,19.144576456813244,0.0
2066-03-01,30.7,19.0,0.0
2066-03-02,29.9,19.0,1.3
2066-03-03,28.5,19.8,0.0
2066-03-04,31.76739130434782,19.3,18.4
2066-03-05,31.0,18.6,0.0
2066-03-06,31.0,18.8,0.0
2066-03-07,30.1,19.9,1.5
2066-03-08,29.0,20.04588260605861,0.0
2066-03-09,30.0,19.4,0.0
2066-03-10,31.656521739130437,19.647176966583245,0.0
2066-03-11,32.6,19.3,0.0
2066-03-12,32.40883392226148,18.8,0.0
2066-03-13,31.3,19.2,0.0
2066-03-14,31.0,19.96348588801969,1.4
2066-03-15,32.116176470588236,20.124740859559957,1.4
2066-03-16,33.61619812583668,21.94263305664062,0.0
2066-03-17,34.906591796875,21.199455378640888,0.0
2066-03-18,28.2,19.283379383212704,0.0
2066-03-19,26.5,18.5,0.0
2066-03-20,29.0,18.0,0.0
2066-03-21,29.5,17.7,0.0
2066-03-22,29.7,16.5,0.0
2066-03-23,30.0,15.4,0.0
2066-03-24,30.2,16.5,0.0
2066-03-25,30.0,16.5,0.0
2066-03-26,30.6,16.3,0.0
2066-03-27,29.9,17.84936002388034,1.4
2066-03-28,28.6,19.0,2.818795180722893
2066-03-29,29.2,18.2,1.5
2066-03-30,31.2,19.683633296222535,0.0
2066-03-31,32.793467336683406,18.1,0.0
2066-04-01,33.6198717948718,18.0,0.0
2066-04-02,33.2337559429477,19.4,0.0
2066-04-03,32.0,20.423388671875,0.0
2066-04-04,31.6,18.832549019607843,0.0
2066-04-05,32.2,18.4,0.0
2066-04-06,33.035789473684204,19.48107121119903,0.0
2066-04-07,31.719999999999995,22.207629394531253,0.0
2066-04-08,30.29642857142857,19.7,0.0
2066-04-09,31.0,19.472793670115642,0.0
2066-04-10,32.0,19.4,0.0
2066-04-11,33.81277873070326,17.5,0.0
2066-04-12,31.516129032258064,18.8,0.0
2066-04-13,30.5,19.0,0.0
2066-04-14,31.4,17.7,0.0
2066-04-15,32.2,17.756187290969905,0.0
2066-04-16,32.0,18.5,0.0
2066-04-17,32.0,18.0,0.0
2066-04-18,31.2,17.6,0.0
2066-04-19,31.0,17.2,0.0
2066-04-20,31.2,17.4,0.0
2066-04-21,30.0,17.6,0.0
2066-04-22,30.4,17.7,0.0
2066-04-23,31.5,17.0,0.0
2066-04-24,32.303799999999995,17.6,0.0
2066-04-25,29.354117647058825,19.7,0.0
2066-04-26,29.2,18.0,0.0
2066-04-27,29.7,16.6,0.0
2066-04-28,32.0,14.986516853932583,0.0
2066-04-29,33.565705128205124,15.9,0.0
2066-04-30,32.95263157894737,18.0,0.0
2066-05-01,33.971142578125,17.8,0.0
2066-05-02,34.21845703125,17.853200324507814,0.0
2066-05-03,34.60224609375,17.9,0.0
2066-05-04,34.76875,17.8,0.0
2066-05-05,31.95246116029112,19.295408294426608,0.0
2066-05-06,30.1,18.74537531713137,0.0
2066-05-07,29.6,17.2,0.0
2066-05-08,28.7,16.749898611568664,0.0
2066-05-09,27.5,15.6,0.0
2066-05-10,27.0,14.1,0.0
2066-05-11,27.7,13.2,0.0
2066-05-12,31.0,13.6,0.0
2066-05-13,32.0,15.9,0.0
2066-05-14,33.8,17.2,0.0
2066-05-15,34.699658203125,17.833926867585827,0.0
2066-05-16,34.579541015625,17.83355262570384,0.0
2066-05-17,31.933295952958563,17.857067490621613,0.0
2066-05-18,30.7,17.2,0.0
2066-05-19,31.0,16.3,0.0
2066-05-20,30.0,16.7,0.0
2066-05-21,29.2,16.5,0.0
2066-05-22,30.03400528427439,15.2,0.0
2066-05-23,31.4,15.0,0.0
2066-05-24,33.8,14.9,0.0
2066-05-25,35.67353515625,16.55544722948381,0.0
2066-05-26,32.24063792419695,16.94750601109969,0.0
2066-05-27,27.837370711845356,17.0,0.0
2066-05-28,26.3,14.6,0.0
2066-05-29,25.5,11.6,0.0
2066-05-30,25.2,8.4,0.0
2066-05-31,26.4,7.0,0.0
2066-06-01,27.8,12.7,0.0
2066-06-02,29.0,13.3,0.0
2066-06-03,28.6,15.30860911962197,0.0
2066-06-04,28.6,14.7,0.0
2066-06-05,29.0,14.1,0.0
2066-06-06,30.0,14.340378197997783,0.0
2066-06-07,29.0,15.554992604287529,0.0
2066-06-08,28.5,15.051675838651137,0.0
2066-06-09,24.9,15.134834570711655,0.0
2066-06-10,26.6,16.490190804658845,0.0
2066-06-11,27.59036977112617,14.4,0.0
2066-06-12,28.0,13.168492769744166,0.0
2066-06-13,28.6,13.4,0.0
2066-06-14,28.911628879217027,13.8,0.0
2066-06-15,28.106971144408824,14.3,0.0
2066-06-16,27.892020118972773,13.7,0.0
2066-06-17,28.5,12.7,0.0
2066-06-18,28.2,12.9,0.0
2066-06-19,28.0,12.7,0.0
2066-06-20,28.0,12.9,0.0
2066-06-21,28.2,14.2,0.0
2066-06-22,28.482603219263236,15.558540552824535,0.0
2066-06-23,26.7,15.526922070274164,0.0
2066-06-24,21.7,13.5,0.0
2066-06-25,24.7,12.3,0.0
2066-06-26,24.8,11.0,0.0
2066-06-27,25.0,8.1,0.0
2066-06-28,25.4,5.7,0.0
2066-06-29,26.678234341787906,7.9,0.0
2066-06-30,27.7,11.5,0.0
2066-07-01,28.551055148071192,15.3,0.0
2066-07-02,28.3,15.086596756831833,0.0
2066-07-03,24.4,15.041602138963153,0.0
2066-07-04,26.4,15.577253795878685,0.0
2066-07-05,28.2,15.05224602706112,0.0
2066-07-06,29.2,13.0,0.0
2066-07-07,29.222097099169204,15.1,0.0
2066-07-08,29.2,15.118603929868089,0.0
2066-07-09,28.94542796266908,15.013538029352297,0.0
2066-07-10,28.538032893583992,15.0,0.0
2066-07-11,30.0,15.0,0.0
2066-07-12,29.5,15.710003800042067,0.0
2066-07-13,28.187484897080456,17.65224609375,0.0
2066-07-14,23.0,16.34469117281752,0.0
2066-07-15,25.7,14.0,0.0
2066-07-16,26.2,11.0,0.0
2066-07-17,26.7,10.857839971295299,0.0
2066-07-18,25.9,12.2,0.0
2066-07-19,26.7,11.7,0.0
2066-07-20,29.2,11.5,0.0
2066-07-21,29.94747796235414,11.2,0.0
2066-07-22,30.54784247992749,11.7,0.0
2066-07-23,28.8,15.0,0.0
2066-07-24,27.1,15.0,0.0
2066-07-25,28.6,13.0,0.0
2066-07-26,29.2,13.639498796579632,0.0
2066-07-27,26.7,15.19123177716647,0.0
2066-07-28,26.7,13.5,0.0
2066-07-29,27.0,13.8,0.0
2066-07-30,26.6,14.2,0.0
2066-07-31,26.4,13.4,0.0
2066-08-01,27.6,13.5,0.0
2066-08-02,29.1,13.9,0.0
2066-08-03,31.5,14.4,0.0
2066-08-04,31.9,15.4,0.0
2066-08-05,32.5834301172738,17.410126130126887,0.0
2066-08-06,36.17965906937051,18.123617957385164,0.0
2066-08-07,36.738880391271145,19.0,0.0
2066-08-08,31.553795985563216,26.09033203125,0.0
2066-08-09,28.8,18.2,0.0
2066-08-10,27.2,14.6,0.0
2066-08-11,27.6,12.5,0.0
2066-08-12,29.4,10.8,0.0
2066-08-13,31.4,11.4,0.0
2066-08-14,35.286813139357285,12.9,0.0
2066-08-15,35.38037576008244,13.5,0.0
2066-08-16,31.9,19.0,0.0
2066-08-17,32.1,18.0,0.0
2066-08-18,32.6,16.9,0.0
2066-08-19,32.1,18.855456185666398,0.0
2066-08-20,31.0,17.2,0.0
2066-08-21,32.1,15.8,0.0
2066-08-22,31.4,18.39261297115092,0.0
2066-08-23,31.662054506311758,16.4,0.0
2066-08-24,32.5,16.0,0.0
2066-08-25,30.0,18.651421636853534,0.0
2066-08-26,28.5,16.847062384184238,0.0
2066-08-27,30.236936798400734,16.0,0.0
2066-08-28,31.9,17.0,0.0
2066-08-29,31.6,19.0,0.0
2066-08-30,32.1,18.0,0.0
2066-08-31,35.25295824370004,17.7,0.0
2066-09-01,33.2,18.669617893755827,0.0
2066-09-02,30.1,18.6,0.0
2066-09-03,26.2,17.9,0.0
2066-09-04,28.5,14.9,0.0
2066-09-05,31.623810583187673,14.9,0.0
2066-09-06,33.4,14.9,0.0
2066-09-07,34.66820709879665,17.563653101146873,0.0
2066-09-08,33.5,20.111781996895584,0.0
2066-09-09,32.5,19.3,0.0
2066-09-10,32.9,18.1,0.0
2066-09-11,34.7,17.8,0.0
2066-09-12,33.2,20.6,0.0
2066-09-13,34.012515493405374,18.9,0.0
2066-09-14,35.16283648498332,19.0,0.0
2066-09-15,36.0,19.3,0.0
2066-09-16,40.04345703125,19.5,0.0
2066-09-17,35.3,21.675914334534685,0.0
2066-09-18,35.63589404894327,20.920473927259252,0.0
2066-09-19,36.145526293272326,21.43614002330632,0.0
2066-09-20,37.39658130783603,22.260489215721933,0.0
2066-09-21,35.3,21.214550135697568,0.0
2066-09-22,35.1,19.2,0.0
2066-09-23,35.51371473354233,19.6,0.0
2066-09-24,36.124556299622164,21.289689111437273,0.0
2066-09-25,41.8251953125,21.576264004822118,0.0
2066-09-26,42.038330078125,21.6819820361097,0.0
2066-09-27,35.21544614789381,22.78429779818952,0.0
2066-09-28,33.4,20.6,0.0
2066-09-29,34.69211704465017,20.4,0.0
2066-09-30,35.450877013764355,20.5,0.0
2066-10-01,34.4,20.0,0.0
2066-10-02,34.7,19.9,0.0
2066-10-03,35.8,20.0,0.0
2066-10-04,34.5,20.7,0.0
2066-10-05,33.5,20.0,0.0
2066-10-06,34.1,19.9,0.0
2066-10-07,36.0,20.226074504075026,0.0
2066-10-08,38.04942150145343,21.0,0.0
2066-10-09,38.066279819263464,21.8778948177764,0.0
2066-10-10,37.2,21.6,0.0
2066-10-11,36.9,21.413405095084304,0.0
2066-10-12,36.5,21.9,0.0
2066-10-13,36.5,21.0,0.0
2066-10-14,38.0,20.9,0.0
2066-10-15,38.41318359375,21.5,0.0
2066-10-16,38.948583984375,22.6,0.0
2066-10-17,38.40048828125,23.53872984422436,0.0
2066-10-18,38.493017578125,23.082179970191262,0.0
2066-10-19,39.506201171875,22.6,0.0
2066-10-20,37.2,23.34812783187722,0.0
2066-10-21,37.35409951485912,21.86794460249115,0.0
2066-10-22,38.078108583693705,21.7,0.0
2066-10-23,38.15671864022221,21.4,0.0
2066-10-24,36.5,22.6,0.0
2066-10-25,36.6,22.0,0.0
2066-10-26,37.236764097043924,22.0,0.0
2066-10-27,38.16789542551062,22.0,0.0
2066-10-28,38.939306640625,22.0,0.0
2066-10-29,38.20356799855614,23.50701203640275,0.0
2066-10-30,37.2,22.110578407177016,0.0
2066-10-31,38.311703396221525,22.1,0.0
2066-11-01,40.289794921875,21.5,0.0
2066-11-02,41.456787109375,22.3,0.0
2066-11-03,41.0625,22.4,0.0
2066-11-04,39.918212890625,22.3,0.0
2066-11-05,37.85745525679873,21.2,1.0
2066-11-06,34.2,19.9,0.0
2066-11-07,29.7,18.4,0.0
2066-11-08,31.769190614243303,18.5,0.0
2066-11-09,35.5,19.7,0.0
2066-11-10,37.82814084615087,21.1,0.0
2066-11-11,39.34505428469986,21.5,0.0
2066-11-12,39.12285553552479,23.2,0.0
2066-11-13,37.373678070484814,23.324994601347903,0.0
2066-11-14,35.2,22.961455845747576,0.0
2066-11-15,33.4,21.67918704852781,2.5
2066-11-16,32.03584977460336,20.0,2.0
2066-11-17,32.9,19.0,0.0
2066-11-18,31.2,19.3,1.5142857142857142
2066-11-19,30.6,18.7,0.0
2066-11-20,32.1,19.6,0.0
2066-11-21,34.808234672188014,20.0,0.0
2066-11-22,35.2,20.4,0.0
2066-11-23,35.2,21.5,0.0
2066-11-24,34.9,21.3,0.0
2066-11-25,36.4,21.0,0.0
2066-11-26,37.45863786011302,23.0,0.0
2066-11-27,37.3590138093817,23.206125377041122,0.0
2066-11-28,36.0,23.02489955186954,0.0
2066-11-29,36.8342425704076,21.1,0.0
2066-11-30,37.456448253465815,21.5,0.0
2066-12-01,33.7,21.0,0.0
2066-12-02,33.19318031876106,20.5,0.0
2066-12-03,34.1195152326833,21.02807513684144,0.0
2066-12-04,34.12830525446215,23.62222290039062,0.2
2066-12-05,32.0,20.0,1.5
2066-12-06,31.2,21.006564509546717,0.0
2066-12-07,31.7,20.2,2.3
2066-12-08,31.863447714563254,19.9,0.0
2066-12-09,32.06447258930138,20.2,0.0
2066-12-10,33.1,19.9,0.0
2066-12-11,33.022266271101884,20.046535519170373,0.6
2066-12-12,31.4,19.9,1.05
2066-12-13,29.2,19.8,27.371428571428574
2066-12-14,30.4,19.467760448354944,4.8
2066-12-15,31.1,19.5,0.0
2066-12-16,28.8,19.5,0.0
2066-12-17,29.6,19.9,4.4
2066-12-18,30.8,19.0,0.0
2066-12-19,31.1,17.8,0.0
2066-12-20,32.0,17.9,0.0
2066-12-21,32.9,18.7,0.0
2066-12-22,33.07125979379122,19.5,0.0
2066-12-23,33.1,19.9,0.0
2066-12-24,32.4,20.230903155712976,0.0
2066-12-25,31.1,19.9,0.0
2066-12-26,30.61837414293126,19.9,0.0
2066-12-27,31.8,20.16343407840763,0.0
2066-12-28,34.138506020477124,22.65449306965394,0.0
2066-12-29,34.14870678649209,20.68503683578228,0.0
2066-12-30,32.0,20.368452256163575,9.3
2066-12-31,30.2,19.9,56.91153846153853
2067-01-01,28.7,19.7,52.1
2067-01-02,30.78906185310921,19.7,27.0
2067-01-03,28.7,19.8,10.6
2067-01-04,29.5,19.6,15.93470149253731
2067-01-05,30.6,19.7,8.23605410447761
2067-01-06,30.2,19.7,14.3
2067-01-07,28.6,19.6,1.4
2067-01-08,31.582136709094474,19.68015607586128,10.614303482587063
2067-01-09,25.5,19.501371644161168,57.03223306544194
2067-01-10,25.1,18.7,0.0
2067-01-11,29.3,17.6,1.4
2067-01-12,30.6,18.514971850976856,0.0
2067-01-13,31.1,18.4,0.0
2067-01-14,31.9,18.5,0.0
2067-01-15,30.1,18.6,4.515858208955223
2067-01-16,29.5,19.0,0.0
2067-01-17,31.1,18.6,0.0
2067-01-18,31.9,17.9,0.0
2067-01-19,31.8,19.6,1.4
2067-01-20,31.7,19.6,7.6
2067-01-21,31.1,19.6,20.031156716417915
2067-01-22,24.6,19.0,34.97941930970149
2067-01-23,23.53953260694855,16.9,19.43003731343283
2067-01-24,22.627351586956735,16.7,1.7
2067-01-25,28.7,15.5,0.0
2067-01-26,30.4,16.7,0.0
2067-01-27,30.7,17.4,0.0
2067-01-28,30.7,17.0,0.0
2067-01-29,31.435704903910356,17.2,0.0
2067-01-30,31.7,18.9,0.0
2067-01-31,30.6,18.8,0.0
2067-02-01,30.6,17.9,0.0
2067-02-02,30.988550795765256,19.0,0.0
2067-02-03,30.9,18.4,0.0
2067-02-04,30.7,17.6,0.0
2067-02-05,31.227289130048263,16.6,0.0
2067-02-06,31.918603337306315,17.6,0.0
2067-02-07,33.6686107565897,18.9,0.0
2067-02-08,35.787158203125,19.683186754017715,1.5
2067-02-09,30.6,19.2,1.8447306791569091
2067-02-10,31.236984966317433,18.9,4.455971896955506
2067-02-11,32.41867469879515,18.0,0.0
2067-02-12,32.61499851013111,18.0,0.0
2067-02-13,32.32411433576975,18.7,0.0
2067-02-14,32.8790292727599,19.0,13.0
2067-02-15,26.26785186036159,19.2,6.694894613583139
2067-02-16,31.0,19.2,15.16112412177986
2067-02-17,31.9,19.0,38.93676814988295
2067-02-18,30.1,19.3864849784643,39.07417500532257
2067-02-19,30.933806479575246,19.27519278969623,22.401639344262296
2067-02-20,29.0,19.516283120931508,2.509133489461357
2067-02-21,31.740093517924265,19.294244761087224,2.0
2067-02-22,32.35612389965101,19.0,0.4
2067-02-23,32.8,19.9,0.0
2067-02-24,35.7849609375,19.96110540992035,1.4
2067-02-25,32.75180226075588,19.989139629452275,1.4
2067-02-26,30.4,19.6042450188647,4.8
2067-02-27,31.9,19.0,0.0
2067-02-28,32.617232816845444,18.4,0.0
2067-03-01,33.0,16.7,0.0
2067-03-02,32.96567164179105,17.2,0.0
2067-03-03,32.6,18.3,0.0
2067-03-04,33.61151271753681,19.4,2.6
2067-03-05,29.7,19.4,2.4578313253012056
2067-03-06,30.8,19.719384669211355,10.9
2067-03-07,30.6,19.4,8.63975903614458
2067-03-08,29.7,19.4,1.5879518072289165
2067-03-09,28.3,19.3,13.031325301204829
2067-03-10,31.2,19.0,16.4
2067-03-11,29.9,18.8,4.9
2067-03-12,30.2,19.3,9.0
2067-03-13,30.6,19.2,31.9
2067-03-14,28.1,19.4,51.41506024096388
2067-03-15,25.2,19.2,60.27062004114024
2067-03-16,25.348275862068967,19.188350895211375,88.35855421686779
2067-03-17,26.2,19.19614066619922,8.143855421686748
2067-03-18,27.2,18.8,1.2
2067-03-19,25.7,18.2,0.0
2067-03-20,27.9,17.097416576964473,0.0
2067-03-21,28.8,17.3,0.0
2067-03-22,29.2,16.8,0.0
2067-03-23,29.1,18.2,0.0
2067-03-24,29.2,17.9,0.0
2067-03-25,30.4,16.9,0.0
2067-03-26,30.6,18.0,0.0
2067-03-27,30.6,19.4,1.3
2067-03-28,31.4,19.4,0.0
2067-03-29,32.225517241379315,19.78160212902116,2.818795180722893
2067-03-30,31.6,18.1,1.4
2067-03-31,30.7,17.5,0.0
2067-04-01,30.2,17.4,0.0
2067-04-02,30.4,15.9,0.0
2067-04-03,27.2,17.9,0.0
2067-04-04,25.4,14.5,0.0
2067-04-05,25.0,13.8,0.0
2067-04-06,25.4,14.0,0.0
2067-04-07,27.0,12.6,0.0
2067-04-08,28.5,13.9,0.0
2067-04-09,28.6,16.2,0.0
2067-04-10,28.0,16.0,0.0
2067-04-11,27.8,15.6,0.0
2067-04-12,28.3,13.8,0.0
2067-04-13,29.8,12.6,0.0
2067-04-14,30.4,18.3,0.0
2067-04-15,28.8,18.0,0.0
2067-04-16,26.5,17.8,0.0
2067-04-17,29.2,18.7,0.0
2067-04-18,28.8,17.6,8.407272727272726
2067-04-19,26.9,17.0,0.0
2067-04-20,28.1,19.2,0.0
2067-04-21,28.5,15.1,0.0
2067-04-22,28.5,14.2,0.0
2067-04-23,27.5,15.0,0.0
2067-04-24,29.2,16.9,0.0
2067-04-25,30.4,15.5,0.0
2067-04-26,30.4,18.797627118644073,0.0
2067-04-27,28.6,18.6,0.0
2067-04-28,28.0,16.6,0.0
2067-04-29,28.6,16.9,0.0
2067-04-30,29.032692307692308,17.3,0.0
2067-05-01,30.886940847510512,18.531787745106865,0.0
2067-05-02,31.94135019198946,17.9,0.0
2067-05-03,31.98841411885674,16.91224885780488,0.0
2067-05-04,31.0,17.036672281922296,0.0
2067-05-05,30.7,16.5,0.0
2067-05-06,30.9,15.7,0.0
2067-05-07,30.8,16.5,0.0
2067-05-08,29.2,16.7,0.0
2067-05-09,27.538560524513155,16.9,0.0
2067-05-10,29.1,15.6,0.0
2067-05-11,29.1,15.0,0.0
2067-05-12,29.9,14.7,0.0
2067-05-13,30.6,15.0,0.0
2067-05-14,30.6,16.7,0.0
2067-05-15,29.5,16.5,0.0
2067-05-16,30.0,14.968796102203829,0.0
2067-05-17,30.7,14.9,0.0
2067-05-18,31.0,16.58348324241483,0.0
2067-05-19,24.9,17.2,0.0
2067-05-20,30.1910363049222,16.9,0.0
2067-05-21,31.1,18.63177037509179,0.0
2067-05-22,31.073058480808754,17.883513916948242,0.0
2067-05-23,31.0,16.9,0.0
2067-05-24,31.0,15.2,0.0
2067-05-25,30.1,14.8,0.0
2067-05-26,30.6,15.596653799042338,0.0
2067-05-27,31.0,16.7,0.0
2067-05-28,24.5,17.8,1.238655462184874
2067-05-29,24.1,17.4,0.0
2067-05-30,26.5,14.7,0.0
2067-05-31,26.5,13.4,0.0
2067-06-01,28.5173517022557,16.880213923393477,0.0
2067-06-02,28.6,16.46667351376037,0.0
2067-06-03,30.260494353366003,16.74830074420691,0.0
2067-06-04,30.688585538936287,16.4,0.0
2067-06-05,30.662475124000473,15.4,0.0
2067-06-06,30.4,15.878236688107584,0.0
2067-06-07,30.329962852459822,14.645291064145345,0.0
2067-06-08,29.308903950125465,14.2,0.0
2067-06-09,29.0,14.01328521971858,0.0
2067-06-10,29.5,13.539202779720886,0.0
2067-06-11,30.1,12.6,0.0
2067-06-12,30.4,12.8,0.0
2067-06-13,30.5,12.2,0.0
2067-06-14,28.6,14.596547089358552,0.0
2067-06-15,28.0,13.0,0.0
2067-06-16,28.733756551265973,11.8,0.0
2067-06-17,28.6,14.103432472024174,0.0
2067-06-18,27.617794663623368,14.3,0.0
2067-06-19,25.3,16.482846287942916,0.0
2067-06-20,25.7,16.537785869982894,0.0
2067-06-21,26.5,13.3,0.0
2067-06-22,27.1,12.1,0.0
2067-06-23,28.111362952299952,11.9,0.0
2067-06-24,28.16022181508867,11.969417997398244,0.0
2067-06-25,26.0,13.4,0.0
2067-06-26,24.8,12.7,0.0
2067-06-27,26.458185655294315,10.2,0.0
2067-06-28,27.218411137823388,10.2,0.0
2067-06-29,26.0,11.9,0.0
2067-06-30,25.6,10.9,0.0
2067-07-01,24.5,14.067256964940904,0.0
2067-07-02,26.0,12.2,0.0
2067-07-03,27.0,12.0,0.0
2067-07-04,29.4,12.2,0.0
2067-07-05,31.9015625,13.807129446516628,0.0
2067-07-06,32.685009765625,15.3,0.0
2067-07-07,30.2212380933038,17.851220703125,0.0
2067-07-08,28.1,16.308451163855427,0.0
2067-07-09,28.87348654467168,16.07472346560547,0.0
2067-07-10,30.027851622500926,15.249365650866704,0.0
2067-07-11,32.53486328125,15.681146492379428,0.0
2067-07-12,34.220166015625,16.975732421875,0.0
2067-07-13,33.153515625,18.346826171875,0.0
2067-07-14,31.225733087504405,17.52822265625,0.0
2067-07-15,29.5,16.0,0.0
2067-07-16,30.0,14.6,0.0
2067-07-17,31.23466710844003,13.618265381405648,0.0
2067-07-18,29.141853109215855,15.919228042269058,0.0
2067-07-19,27.9870491324734,15.442786361046018,0.0
2067-07-20,27.6,15.3,0.0
2067-07-21,26.3162427057957,17.77138671875,0.0
2067-07-22,25.9,17.638818359375,0.0
2067-07-23,29.5,15.043376120312816,0.0
2067-07-24,31.6623046875,14.3,0.0
2067-07-25,31.5197265625,13.0,0.0
2067-07-26,31.22820712407119,15.0,0.0
2067-07-27,30.0,16.0,0.0
2067-07-28,29.5,15.969557868425113,0.0
2067-07-29,28.5,16.0,0.0
2067-07-30,28.2,15.3,0.0
2067-07-31,29.04046339536767,14.933870309194143,0.0
2067-08-01,30.4,13.0,0.0
2067-08-02,31.9,14.8,0.0
2067-08-03,33.06186354453898,16.0,0.0
2067-08-04,33.19638625304265,17.45390626885555,0.0
2067-08-05,33.19164384459704,18.919468525784705,0.0
2067-08-06,33.1,18.945799686974723,0.0
2067-08-07,36.1778124386982,18.69390413635646,0.0
2067-08-08,30.9,25.9599609375,0.0
2067-08-09,28.5,18.33080251652164,0.0
2067-08-10,31.0,16.0,0.0
2067-08-11,31.5,16.703097032138995,0.0
2067-08-12,31.695848908895186,17.286474522562628,0.0
2067-08-13,31.2,18.2,0.0
2067-08-14,30.0,18.111490486271926,0.0
2067-08-15,30.2,16.4,0.0
2067-08-16,31.07482187708236,16.9,0.0
2067-08-17,30.9,17.61506996770721,0.0
2067-08-18,30.8,17.0,0.0
2067-08-19,31.9,16.914115426016384,0.0
2067-08-20,33.1,15.3,0.0
2067-08-21,31.0,19.0,0.0
2067-08-22,29.8,17.2,0.0
2067-08-23,31.2,15.3,0.0
2067-08-24,32.5,16.4,0.0
2067-08-25,32.55802079202311,17.2,0.0
2067-08-26,32.6,17.736806641728432,0.0
2067-08-27,31.641865642430755,19.0,0.0
2067-08-28,31.9,18.6899021617656,0.0
2067-08-29,32.5,18.308654881179102,0.0
2067-08-30,33.1,16.9,0.0
2067-08-31,33.22652075110632,17.5,0.0
2067-09-01,32.8,17.0,0.0
2067-09-02,33.4,18.2,0.0
2067-09-03,34.40027281775072,19.0,0.0
2067-09-04,34.99998352078442,19.6,0.0
2067-09-05,36.0,20.1,0.0
2067-09-06,36.0,20.5,0.0
2067-09-07,35.22329093517758,21.61000976050464,0.0
2067-09-08,34.81013046903968,20.5,0.0
2067-09-09,34.90658956145499,19.5,0.0
2067-09-10,35.0,19.5,0.0
2067-09-11,35.3,18.9,0.0
2067-09-12,34.681319004587294,20.492669342288483,0.0
2067-09-13,33.99058080406802,19.6,0.0
2067-09-14,32.8,20.138395851749102,0.0
2067-09-15,31.0,19.5,0.0
2067-09-16,30.9,18.164859505731016,0.0
2067-09-17,31.9,18.3,0.0
2067-09-18,33.4,17.6,0.0
2067-09-19,35.1,18.1,0.0
2067-09-20,34.0,21.2,0.0
2067-09-21,32.2,20.121717836040894,0.0
2067-09-22,31.7,18.6,0.0
2067-09-23,33.1,18.9,0.0
2067-09-24,34.9,20.026366292217247,0.0
2067-09-25,35.1,21.2,0.0
2067-09-26,36.0,21.513602150537626,0.0
2067-09-27,39.472412109375,21.64482903261966,0.0
2067-09-28,39.214111328125,22.37373322943768,0.0
2067-09-29,39.115234375,22.050599601648255,0.0
2067-09-30,41.427734375,21.698458179617216,0.0
2067-10-01,39.756689453125,22.0,0.0
2067-10-02,36.735733030572064,23.257271280199145,0.0
2067-10-03,35.5,21.6,0.0
2067-10-04,33.9,20.7,0.0
2067-10-05,34.5,18.4,0.0
2067-10-06,37.0,18.0,0.0
2067-10-07,37.65066308918423,20.4,0.0
2067-10-08,38.38500447973805,21.0,0.0
2067-10-09,38.07578008675861,22.1,0.0
2067-10-10,33.9,20.9,0.0
2067-10-11,33.6,19.4,0.0
2067-10-12,34.2,20.4,0.0
2067-10-13,35.6,20.8,0.0
2067-10-14,37.0,21.9,0.0
2067-10-15,35.8,22.6,0.0
2067-10-16,34.9,21.9,0.0
2067-10-17,35.6,21.6,0.0
2067-10-18,36.5,21.8,0.0
2067-10-19,37.51667626105583,21.7,0.0
2067-10-20,38.49326171875,21.9,0.0
2067-10-21,39.398046875,23.0,0.0
2067-10-22,38.48251953125,23.396870853881378,0.0
2067-10-23,38.065069000857214,23.34819242639353,0.0
2067-10-24,38.05724525115532,23.229630185476513,0.0
2067-10-25,38.98056640625,23.631702046298543,0.0
2067-10-26,39.826025390625,24.97919921875,0.0
2067-10-27,38.703466796875,24.512158203125,0.0
2067-10-28,38.696875,23.6840873987363,0.0
2067-10-29,38.768408203125,23.59371086727838,0.0
2067-10-30,38.321110523839266,23.656478902181256,0.0
2067-10-31,39.3873046875,23.331656230219316,0.0
2067-11-01,40.200439453125,23.0,0.0
2067-11-02,40.082275390625,23.370474241998213,0.0
2067-11-03,39.625,23.02430448756973,0.0
2067-11-04,39.5869140625,21.7,0.0
2067-11-05,38.51580830552461,24.06943359375,0.0
2067-11-06,36.0,22.1,0.0
2067-11-07,36.33550055617352,23.329562676435337,0.0
2067-11-08,39.701416015625,23.2,0.0
2067-11-09,37.79329784051242,24.644384765625,0.0
2067-11-10,38.838678500229605,24.09189453125,0.0
2067-11-11,36.43332522246941,23.376593738813447,0.0
2067-11-12,36.4,21.9,0.0
2067-11-13,34.8,22.1,2.5
2067-11-14,34.9,20.5,0.0
2067-11-15,39.78662109375,23.2,0.0
2067-11-16,39.728271484375,22.3,0.0
2067-11-17,39.9033203125,21.7,0.0
2067-11-18,39.2745045334781,23.22932186658094,0.0
2067-11-19,39.858154296875,25.65,0.0
2067-11-20,39.94482421875,23.3410259592019,0.0
2067-11-21,39.6845703125,25.447119140625,0.0
2067-11-22,36.4,23.0,3.9
2067-11-23,32.8,19.5,8.8
2067-11-24,28.6,19.0,68.23888888888898
2067-11-25,27.0,18.4,8.9
2067-11-26,30.1,17.6,0.0
2067-11-27,29.0,19.0,0.0
2067-11-28,28.7,18.7,0.0
2067-11-29,28.8,17.5,0.0
2067-11-30,30.0,17.4,0.0
2067-12-01,30.9,19.6,0.0
2067-12-02,31.2,19.0,0.0
2067-12-03,31.8,19.2,0.0
2067-12-04,32.0,19.2,0.0
2067-12-05,32.1,19.4,0.0
2067-12-06,33.80432699700724,19.2,0.0
2067-12-07,33.97491217071406,19.9,0.0
2067-12-08,32.32942213483885,20.3,0.0
2067-12-09,31.6,20.288504489118473,0.0
2067-12-10,33.01359485115687,19.9,0.0
2067-12-11,31.85297697497965,20.04936581489625,0.2
2067-12-12,30.7,19.85299995850511,9.4
2067-12-13,31.1,19.4,1.3
2067-12-14,31.2,19.9,2.4
2067-12-15,31.6,19.2,0.0
2067-12-16,30.7,19.717690295298905,1.7
2067-12-17,31.1,20.2,0.0
2067-12-18,32.0,19.5,0.0
2067-12-19,32.4,19.5,0.0
2067-12-20,32.4,19.7,0.8
2067-12-21,32.4,19.9,0.0
2067-12-22,31.7,19.9,4.3
2067-12-23,31.5,19.8,1.3
2067-12-24,31.2,19.2,3.25
2067-12-25,30.6,19.732320167064678,17.0
2067-12-26,28.4,19.5,20.4
2067-12-27,30.9,19.7,12.8
2067-12-28,31.1,19.9,0.0
2067-12-29,31.0,19.9,12.0
2067-12-30,29.5,19.4,31.0
2067-12-31,29.5,19.659618298653417,1.3
2068-01-01,29.1,19.606472473817856,7.658395522388057
2068-01-02,30.0,19.5,1.7
2068-01-03,31.243807821345655,19.0,1.0
2068-01-04,31.7,19.8,16.4
2068-01-05,30.9,19.9,16.4
2068-01-06,29.842442445918262,19.8,15.5
2068-01-07,30.0,19.862038777855037,23.0
2068-01-08,30.9,19.7,11.457338308457711
2068-01-09,29.4,19.64447857554906,13.41433457711443
2068-01-10,31.1,19.606888295499818,6.2762437810945295
2068-01-11,30.120705697761395,19.8,8.588572761194033
2068-01-12,29.0,19.8,20.131716417910443
2068-01-13,29.5,19.68606074374512,1.0
2068-01-14,30.7,18.97566464244369,2.9
2068-01-15,30.119886519129373,19.7583606815616,7.5
2068-01-16,27.7,19.8,37.7606343283582
2068-01-17,27.9,19.4,2.1
2068-01-18,29.97487362210623,19.0,22.0
2068-01-19,26.5,19.6,9.0
2068-01-20,28.6,19.61221081302891,5.0
2068-01-21,29.0,19.4,8.677705223880594
2068-01-22,30.6,19.5,7.532136194029848
2068-01-23,29.8,19.655830507466582,15.221268656716402
2068-01-24,31.5,19.659261036342755,29.5527985074627
2068-01-25,31.7,19.8,16.516044776119404
2068-01-26,31.53271578381763,19.7,4.8527363184079615
2068-01-27,28.0,19.613624606747578,8.060074626865674
2068-01-28,30.7,19.7,18.92723880597015
2068-01-29,29.6,19.7,27.89146766169154
2068-01-30,30.724619800723133,19.4,6.447761194029849
2068-01-31,30.996610586508957,19.508135011563578,11.0
2068-02-01,30.054934034770458,19.2,39.04309133489463
2068-02-02,28.5,19.31957522305024,33.73839285714294
2068-02-03,26.0,19.823730271575183,0.9
2068-02-04,30.3,19.910863359855593,0.0
2068-02-05,31.0,19.9,11.914285714285725
2068-02-06,31.9,19.5,12.423887587822014
2068-02-07,31.7369269480354,19.4,19.59666276346604
2068-02-08,28.4,19.126822369790176,18.27136165941787
2068-02-09,30.0,19.255563485838845,125.0
2068-02-10,26.0,19.0,13.610538641686185
2068-02-11,24.7,18.9,5.6
2068-02-12,25.7,18.8,8.7
2068-02-13,24.9,19.0,81.20191539189814
2068-02-14,24.9,18.6,56.52093676814985
2068-02-15,23.672399056970974,18.3,2.8400468384074946
2068-02-16,26.0,18.6,0.0
2068-02-17,27.0,18.8,0.0
2068-02-18,29.7,17.7,0.7721311475409839
2068-02-19,30.1,18.1,1.9524590163934434
2068-02-20,30.6,18.8,3.2170960187353628
2068-02-21,31.4,18.6,12.2
2068-02-22,30.6,19.2,4.8
2068-02-23,31.999400430186167,18.9,0.0
2068-02-24,31.8,19.0,6.715409836065578
2068-02-25,28.6,19.816920584976366,19.35817330210773
2068-02-26,29.0,19.5,22.962788117835586
2068-02-27,31.7,19.1,11.811709601873547
2068-02-28,29.0,19.79759287906068,4.5
2068-03-01,25.6,19.316476275054622,38.22030981067128
2068-03-02,24.9,19.4,40.42168674698798
2068-03-03,23.7,18.8,28.22409638554219
2068-03-04,26.5,18.6,0.0
2068-03-05,25.2,18.1,0.0
2068-03-06,28.0,17.5,0.0
2068-03-07,28.7,16.814725511302477,0.0
2068-03-08,28.9,16.9,0.0
2068-03-09,29.7,17.3,0.0
2068-03-10,29.989473684210523,18.0,0.0
2068-03-11,31.1,18.1,0.0
2068-03-12,31.0,17.721212951881704,0.0
2068-03-13,29.947368421052634,17.0,0.0
2068-03-14,26.9,17.2,5.674698795180727
2068-03-15,24.2,19.0,22.33072289156628
2068-03-16,26.7,18.1,1.7
2068-03-17,27.9,17.6,0.0
2068-03-18,29.9,16.2,0.0
2068-03-19,29.6,16.5,0.0
2068-03-20,28.7,18.4,0.0
2068-03-21,27.7,17.9,0.0
2068-03-22,27.139215686274508,16.8,0.0
2068-03-23,25.7,17.5,0.0
2068-03-24,26.9,17.8,0.0
2068-03-25,26.8,16.5,0.0
2068-03-26,28.2,15.5,0.0
2068-03-27,29.891304347826082,16.0,1.1216867469879528
2068-03-28,23.983035714285712,19.1,22.4
2068-03-29,25.3,19.168647356830366,28.22409638554219
2068-03-30,27.7,18.6,1.6
2068-03-31,26.4,17.2,0.0
2068-04-01,25.7,16.8,0.0
2068-04-02,26.5,15.0,0.0
2068-04-03,27.9,14.1,0.0
2068-04-04,28.5,14.86774193548387,0.0
2068-04-05,28.0,15.2,0.0
2068-04-06,28.9,13.4,0.0
2068-04-07,28.2,15.0,0.0
2068-04-08,27.9,16.4,0.0
2068-04-09,28.8,16.6,0.0
2068-04-10,30.863819095477382,15.9,0.0
2068-04-11,28.9,16.0,0.0
2068-04-12,28.5,15.2,0.0
2068-04-13,29.0,15.2,0.0
2068-04-14,28.0,14.6,0.0
2068-04-15,25.72063492063492,18.832549019607843,12.32909090909091
2068-04-16,28.4,19.4,17.215272727272726
2068-04-17,29.7,19.0,0.0
2068-04-18,31.2,19.0,0.0
2068-04-19,32.2,17.74013377926421,0.0
2068-04-20,32.7,18.0,0.0
2068-04-21,32.401162790697676,19.0,0.0
2068-04-22,30.7,20.855029296875,0.0
2068-04-23,30.0,20.3787109375,0.0
2068-04-24,30.4,20.337451171875,0.0
2068-04-25,28.9,19.34029850746268,0.0
2068-04-26,29.9,17.8,0.0
2068-04-27,31.0,18.2,0.0
2068-04-28,31.1,17.4,0.0
2068-04-29,30.4,17.4,0.0
2068-04-30,30.0,17.396491228070172,0.0
2068-05-01,31.0,16.9,0.0
2068-05-02,31.0,15.6,0.0
2068-05-03,30.708856052451306,13.5,0.0
2068-05-04,29.6,15.0,0.0
2068-05-05,29.4,15.2,0.0
2068-05-06,30.6,15.0,0.0
2068-05-07,31.9,15.9,0.0
2068-05-08,32.0,17.5,0.0
2068-05-09,32.107032762683,17.883950532477215,0.0
2068-05-10,31.944989155407036,17.8,0.0
2068-05-11,31.98773484568546,17.545465584062224,0.0
2068-05-12,31.9,17.8,0.0
2068-05-13,32.0,17.78029330592357,0.0
2068-05-14,32.671062306907295,17.0,0.0
2068-05-15,32.87216702699393,16.821272102733566,0.0
2068-05-16,32.7,16.743020053944615,0.0
2068-05-17,31.51090863040587,17.0,0.0
2068-05-18,30.5,17.2,0.0
2068-05-19,30.9,19.037612464413904,0.0
2068-05-20,30.487405812701816,16.7,0.0
2068-05-21,29.90579117330461,14.634788830494509,0.0
2068-05-22,30.7,13.0,0.0
2068-05-23,31.675921172476603,13.6,0.0
2068-05-24,30.5,16.59276021236611,0.0
2068-05-25,29.5,16.2,0.0
2068-05-26,30.0,15.2,0.0
2068-05-27,31.840994670699406,15.2,0.0
2068-05-28,31.93693491637614,16.5,0.0
2068-05-29,31.976526838359327,16.5,0.0
2068-05-30,31.466162223770013,14.8,0.0
2068-05-31,31.798514795908247,14.7,0.0
2068-06-01,31.274402503300642,15.316655570260561,0.0
2068-06-02,30.92327047884476,14.7,0.0
2068-06-03,30.7548777523223,14.4,0.0
2068-06-04,30.0,16.771742867776652,0.0
2068-06-05,30.1,15.3074596266736,0.0
2068-06-06,30.205980082620822,14.5,0.0
2068-06-07,30.1,14.003955919344031,0.0
2068-06-08,30.288986378080192,14.014062661416455,0.0
2068-06-09,29.0,15.040624573112433,0.0
2068-06-10,27.7,14.4,0.0
2068-06-11,27.9,13.3,0.0
2068-06-12,28.6,12.4,0.0
2068-06-13,27.9,15.1,0.0
2068-06-14,22.1,16.996449136653617,0.0
2068-06-15,25.4,16.87223001174291,0.0
2068-06-16,26.5,13.8,0.0
2068-06-17,24.4,12.6,0.0
2068-06-18,26.4,13.7,0.0
2068-06-19,26.48311518125162,12.5,0.0
2068-06-20,25.7,12.3,0.0
2068-06-21,26.6,11.734825433277118,0.0
2068-06-22,27.5,11.9,0.0
2068-06-23,28.51505680264046,12.5,0.0
2068-06-24,28.2,13.7,0.0
2068-06-25,28.5,13.0,0.0
2068-06-26,27.6,13.8,0.0
2068-06-27,26.3,13.0,0.0
2068-06-28,27.0,11.9,0.0
2068-06-29,27.7,13.0,0.0
2068-06-30,29.0,12.858113512368245,0.0
2068-07-01,32.23896484375,15.792169902708457,0.0
2068-07-02,33.14912109375,17.9505859375,0.0
2068-07-03,32.884228515625,19.214501953125,0.0
2068-07-04,30.522487560791628,18.282373046875,0.0
2068-07-05,31.74140625,15.815361097113675,0.0
2068-07-06,32.465283203125,15.607737551834195,0.0
2068-07-07,32.887646484375,15.63203844249745,0.0
2068-07-08,33.462109375,15.3,0.0
2068-07-09,30.0,17.332177734375,0.0
2068-07-10,31.6388671875,15.3,0.0
2068-07-11,33.065625,15.3,0.0
2068-07-12,31.39716796875,17.231103515625,0.0
2068-07-13,29.2,16.78505859375,0.0
2068-07-14,28.8,15.111486137210896,0.0
2068-07-15,29.0,14.6,0.0
2068-07-16,30.2,14.86729520062356,0.0
2068-07-17,31.56708984375,15.2,0.0
2068-07-18,31.253909615070597,16.526298408740015,0.0
2068-07-19,31.258216271316485,15.856069044739915,0.0
2068-07-20,31.71748046875,15.853848611233012,0.0
2068-07-21,32.081494140625,16.885400390625,0.0
2068-07-22,30.606152069373714,17.10341796875,0.0
2068-07-23,28.825680759679827,16.0,0.0
2068-07-24,29.2,15.3,0.0
2068-07-25,29.4,16.0,0.0
2068-07-26,29.4,16.976220703125,0.0
2068-07-27,29.893533664764753,15.861003341421869,0.0
2068-07-28,29.943694469496393,16.081645714508312,0.0
2068-07-29,29.82070689472796,15.723089749160918,0.0
2068-07-30,31.150991849915407,15.818321675122855,0.0
2068-07-31,31.332470703125,16.982080078125,0.0
2068-08-01,31.5,18.815065528085675,0.0
2068-08-02,29.5,18.23708225655803,0.0
2068-08-03,29.62694141165615,16.1,0.0
2068-08-04,31.238160223312832,15.572238384778743,0.0
2068-08-05,32.5,15.536969423675558,0.0
2068-08-06,29.8,25.741455078125,0.0
2068-08-07,28.0,18.746440624429113,0.0
2068-08-08,30.5,15.566360224594881,0.0
2068-08-09,30.0,16.1,0.0
2068-08-10,29.2,15.5,0.0
2068-08-11,29.9,15.6,0.0
2068-08-12,30.82268173663437,16.7,0.0
2068-08-13,30.0,18.164756241749714,0.0
2068-08-14,30.2,16.9,0.0
2068-08-15,32.5,17.0,0.0
2068-08-16,34.72697627389903,16.87654846916195,0.0
2068-08-17,34.41787116484254,18.429410626383333,0.0
2068-08-18,34.440940286341814,18.521729296936417,0.0
2068-08-19,31.9,25.995361328125,0.0
2068-08-20,30.7,18.515755735900637,0.0
2068-08-21,32.1,15.152117247660842,0.0
2068-08-22,32.1,17.412726930447402,0.0
2068-08-23,31.2,18.386258625347907,0.0
2068-08-24,29.640735045363673,18.016317227614046,0.0
2068-08-25,30.9,17.46387600341752,0.0
2068-08-26,31.5,18.153579944841432,0.0
2068-08-27,32.6,18.451675717516725,0.0
2068-08-28,33.56354563864907,19.0,0.0
2068-08-29,33.118286395713085,26.109375,0.0
2068-08-30,31.64142675408552,18.783563429454766,0.0
2068-08-31,31.9,18.87924615226735,0.0
2068-09-01,31.8,17.8,0.0
2068-09-02,31.891514828682894,18.5,0.0
2068-09-03,32.9,17.6,0.0
2068-09-04,33.0,18.0,0.0
2068-09-05,32.9,18.4,0.0
2068-09-06,34.892939545623086,18.0419488320356,0.0
2068-09-07,35.857400735116315,19.2,0.0
2068-09-08,36.0,20.0,0.0
2068-09-09,38.00220694388551,19.128755371675968,0.0
2068-09-10,40.6435546875,19.5,0.0
2068-09-11,41.63134765625,20.407472783967616,0.0
2068-09-12,40.4189453125,21.58181828549462,0.0
2068-09-13,39.924072265625,21.541118010314587,0.0
2068-09-14,39.00537109375,21.446472535621588,0.0
2068-09-15,35.66126351903723,21.54583214769209,0.0
2068-09-16,36.0,20.4,0.0
2068-09-17,39.28466796875,20.5,0.0
2068-09-18,38.90071710884435,21.33128325046999,0.0
2068-09-19,35.3,21.607302632109647,0.0
2068-09-20,34.96334445680386,20.5,0.0
2068-09-21,35.6,20.143896048418824,0.0
2068-09-22,39.38818359375,20.4,0.0
2068-09-23,33.65620912124583,21.59694086480462,0.0
2068-09-24,32.0,19.5,0.0
2068-09-25,33.1,19.124726914797424,0.0
2068-09-26,34.9,19.5,0.0
2068-09-27,36.0,20.0,0.0
2068-09-28,39.4384765625,20.6,0.0
2068-09-29,39.896484375,22.159560153852297,0.0
2068-09-30,35.1,21.5654821658696,0.0
2068-10-01,35.6,18.4,0.0
2068-10-02,38.11974210889303,19.6,0.0
2068-10-03,38.20924953107775,21.1,0.0
2068-10-04,38.151130247578,21.0,0.0
2068-10-05,37.064718992101135,21.2,0.0
2068-10-06,35.0,21.78671054721275,0.0
2068-10-07,34.3,21.6,0.0
2068-10-08,37.2,21.2,0.0
2068-10-09,38.782080078125,20.7,0.0
2068-10-10,38.39599498527164,23.134825494742053,0.0
2068-10-11,38.36861186131503,22.0,0.0
2068-10-12,39.888037109375,21.9,0.0
2068-10-13,40.54111328125,22.0,0.0
2068-10-14,36.0,23.295946984967422,0.0
2068-10-15,36.0,21.6,0.0
2068-10-16,37.2,21.6,0.0
2068-10-17,38.2510693360319,21.9,0.0
2068-10-18,39.3150390625,22.1,0.0
2068-10-19,39.70712890625,23.0,0.0
2068-10-20,40.39609375,22.6,0.0
2068-10-21,41.097265625,23.293664878164325,0.0
2068-10-22,40.29990234375,23.723540762939457,0.0
2068-10-23,40.307958984375,23.304354746873575,0.0
2068-10-24,38.883642578125,23.354135121893638,0.0
2068-10-25,37.35576936657766,22.6,0.0
2068-10-26,36.70326577406844,22.104892861198582,0.0
2068-10-27,38.135296468419405,22.2,0.0
2068-10-28,38.909033203125,23.0,0.0
2068-10-29,38.5640625,23.78536546638582,0.0
2068-10-30,38.417578125,23.801708984375,0.0
2068-10-31,37.56577282633478,23.77110299718555,0.0
2068-11-01,36.82351875732129,23.2,0.0
2068-11-02,37.67888105712096,22.1,0.0
2068-11-03,39.742431640625,21.7,0.0
2068-11-04,39.69970703125,24.094091796875,0.0
2068-11-05,37.98079352537299,23.34369785217756,0.0
2068-11-06,38.52124582869855,23.372226773949993,0.0
2068-11-07,39.736572265625,22.656330583411563,0.0
2068-11-08,40.731201171875,22.362673848735046,0.0
2068-11-09,38.84527193492326,24.29013671875,0.0
2068-11-10,37.892169690460655,22.584632820534353,0.0
2068-11-11,39.10373457491328,22.4,0.0
2068-11-12,40.05859375,23.032238678233817,0.0
2068-11-13,40.73193359375,23.2,0.0
2068-11-14,40.650146484375,24.15390625,0.0
2068-11-15,39.68701171875,23.2,1.0
2068-11-16,32.7,21.0,8.333333333333334
2068-11-17,30.0,19.9,12.839999999999998
2068-11-18,30.3,19.9,23.264999999999993
2068-11-19,30.1,19.0,89.00948275862066
2068-11-20,31.0,19.0,5.9
2068-11-21,32.0,19.5,5.8
2068-11-22,29.6,19.5,0.0
2068-11-23,29.9,18.7,0.0
2068-11-24,29.9,19.5,0.0
2068-11-25,29.9,20.0,0.2
2068-11-26,32.2,19.5,0.9
2068-11-27,32.38678712082493,19.0,5.3
2068-11-28,31.253901160019065,19.8,2.62
2068-11-29,30.2,19.5,40.91621621621621
2068-11-30,24.696991260130304,18.8,47.01428571428572
2068-12-01,27.2,19.2,0.0
2068-12-02,30.5,19.5,0.0
2068-12-03,31.11449078936472,18.8,0.0
2068-12-04,30.9,19.4,0.0
2068-12-05,31.6,19.6,0.0
2068-12-06,27.2,19.5,26.4
2068-12-07,25.5,19.4,7.714285714285719
2068-12-08,25.73168833319533,19.4,2.9
2068-12-09,27.9687423216411,19.843170063145458,9.3
2068-12-10,30.1,19.827718011938288,1.5
2068-12-11,29.9,19.72402262785424,15.5
2068-12-12,28.7,19.4,18.700000000000006
2068-12-13,28.0,18.4,0.0
2068-12-14,28.2,17.5,0.0
2068-12-15,26.75287014384969,19.2,22.533333333333335
2068-12-16,27.6,19.4,22.6
2068-12-17,25.8,19.6,9.3
2068-12-18,26.5,19.4,0.0
2068-12-19,25.896445696391872,19.4,0.5333333333333335
2068-12-20,27.984425393245026,19.2,0.0
2068-12-21,29.9,17.9649073706872,0.0
2068-12-22,29.9,19.832021437338952,0.0
2068-12-23,30.6,19.75057475332765,0.3
2068-12-24,30.7,19.801897459534274,10.414285714285715
2068-12-25,30.5,19.706204754181297,54.859090909090924
2068-12-26,30.4,19.9,15.0
2068-12-27,30.7,19.4,15.56
2068-12-28,29.1,19.8,5.6
2068-12-29,28.4,19.759309005128113,28.52
2068-12-30,27.1,19.4,52.4
2068-12-31,30.0,19.8,1.9
2069-01-01,28.7,19.5,47.68097014925373
2069-01-02,27.2,19.5,0.6
2069-01-03,27.5,19.2,0.0
2069-01-04,29.8,19.3,7.658395522388057
2069-01-05,29.48262007971372,19.8,14.911940298507464
2069-01-06,28.0,19.7,14.3
2069-01-07,30.9,19.5,1.2
2069-01-08,29.7,19.7,4.4
2069-01-09,31.2,19.68269258812124,7.6
2069-01-10,28.9,19.649385271396188,15.5
2069-01-11,27.95050374664825,19.665789436749545,21.0
2069-01-12,30.1,19.5,5.6
2069-01-13,31.8,19.2,0.0
2069-01-14,31.9,19.5,0.0
2069-01-15,31.2,19.6,2.1
2069-01-16,31.6,19.7,2.0
2069-01-17,29.9,19.6207767396773,2.1
2069-01-18,31.0,19.4,6.0
2069-01-19,31.1,19.2,1.7621268656716405
2069-01-20,29.0,19.8,9.369589552238804
2069-01-21,28.1,19.5,8.677705223880594
2069-01-22,31.1,19.73505211478379,1.4
2069-01-23,31.2,19.6,1.3
2069-01-24,31.102751802562967,19.5,14.3
2069-01-25,31.559605018430616,19.61853130259471,1.1
2069-01-26,28.0,19.687994314566236,4.6
2069-01-27,24.681675344294703,18.7,0.0
2069-01-28,29.6,17.7,2.9
2069-01-29,29.0,19.7,14.2
2069-01-30,27.79085585010308,19.0,0.5
2069-01-31,30.4,17.9,0.0
2069-02-01,30.2,18.6,9.2
2069-02-02,30.3,18.8,1.3
2069-02-03,30.0,19.0,4.5
2069-02-04,31.2,18.72885163496918,0.0
2069-02-05,31.91821334922526,19.06933770188695,0.0
2069-02-06,32.9,19.640769012130654,38.408345752608106
2069-02-07,29.366683693739713,19.54930893486702,12.616159250585484
2069-02-08,30.4,19.0,0.0
2069-02-09,31.275498982608866,18.6,0.0
2069-02-10,31.77725904872507,19.959676959477328,0.0
2069-02-11,32.0,19.83965292112242,1.0
2069-02-12,32.22171163797021,19.91494464683564,2.0
2069-02-13,34.086212687767144,19.4,1.0
2069-02-14,31.9,19.973053729389527,28.094613583138173
2069-02-15,29.0,19.345062168911507,2.0
2069-02-16,31.76509275388894,19.0,2.2
2069-02-17,32.0,18.5,0.4
2069-02-18,30.3,19.915810161143483,1.0
2069-02-19,33.620725051947666,19.277754702515857,0.0
2069-02-20,33.939674861177174,20.00315673921824,2.173067915690867
2069-02-21,32.91687876224901,19.5,2.393676814988293
2069-02-22,32.7,19.0,0.0
2069-02-23,33.90220774837301,19.1,1.3
2069-02-24,31.925428128724672,19.393177830563335,0.0
2069-02-25,31.6,18.823392216971293,0.0
2069-02-26,31.73676028646231,18.327917259410192,0.0
2069-02-27,31.9,18.9,0.0
2069-02-28,31.9,19.0,0.0
2069-03-01,32.44982332155477,18.7,0.0
2069-03-02,32.9,19.90680002372326,0.0
2069-03-03,31.45,19.9,1.8642570281124502
2069-03-04,32.9,19.4,0.0
2069-03-05,33.188541666666666,20.3,0.8
2069-03-06,33.0,22.117956542968745,0.0
2069-03-07,31.9,20.578268934776826,2.8891566265060256
2069-03-08,32.13823529411765,20.279326540001442,6.730120481927711
2069-03-09,33.11119791666667,19.4,19.17762478485371
2069-03-10,26.2,19.25783087706418,40.33373493975906
2069-03-11,30.4,19.2,16.243889845094664
2069-03-12,29.6,19.4,1.4
2069-03-13,29.8,19.0,0.0
2069-03-14,29.1,19.01852493200834,1.7
2069-03-15,29.0,19.683955562119895,13.031325301204829
2069-03-16,29.7,19.4,0.8144578313253016
2069-03-17,31.9,18.2,0.0
2069-03-18,32.9,17.9,0.0
2069-03-19,34.30706905927137,18.5,0.0
2069-03-20,29.2,17.9,2.5
2069-03-21,22.7,17.8,36.64763444019984
2069-03-22,23.6,18.4,2.6
2069-03-23,27.1,16.2,0.0
2069-03-24,28.321739130434782,15.4,0.0
2069-03-25,30.0,15.5,0.0
2069-03-26,30.2,17.0,0.0
2069-03-27,30.0,17.8,0.0
2069-03-28,27.9,17.2,0.0
2069-03-29,28.2,16.0,0.0
2069-03-30,29.8,15.9,0.0
2069-03-31,25.7,17.9,0.8144578313253016
2069-04-01,27.4,17.0,0.0
2069-04-02,23.0,17.6,0.0
2069-04-03,26.25357142857143,16.9,0.0
2069-04-04,28.4,19.2,0.0
2069-04-05,29.8,18.0,0.0
2069-04-06,29.5,18.4,0.0
2069-04-07,28.7,19.0,0.0
2069-04-08,29.0,17.6,0.0
2069-04-09,30.2,17.54801444043321,0.0
2069-04-10,30.3,17.6,0.0
2069-04-11,30.2,18.9,0.0
2069-04-12,30.0,18.4,0.0
2069-04-13,26.7,18.240278699402783,3.9563636363636356
2069-04-14,28.2,17.0,0.0
2069-04-15,29.5,14.5,0.0
2069-04-16,28.7,14.4,0.0
2069-04-17,29.4,17.5,0.0
2069-04-18,31.0,15.0,0.0
2069-04-19,31.6,16.0,0.0
2069-04-20,31.5,16.2,0.0
2069-04-21,32.0,16.5,0.0
2069-04-22,32.75928338762214,18.4,0.0
2069-04-23,33.323188405797104,16.7,0.0
2069-04-24,33.717974180734856,18.4,0.0
2069-04-25,32.90368421052632,18.66525423728813,0.0
2069-04-26,30.0,18.0,0.0
2069-04-27,29.8,17.4,0.0
2069-04-28,30.7,17.6,0.0
2069-04-29,30.6,18.1,0.0
2069-04-30,30.7,16.8,0.0
2069-05-01,31.9,17.402041019435895,0.0
2069-05-02,29.4,17.8,0.1
2069-05-03,29.5,16.89915795687349,0.0
2069-05-04,30.7,16.950531033127945,0.0
2069-05-05,30.797584917562606,16.919967879532145,0.0
2069-05-06,31.301774681641838,17.53489331974136,0.0
2069-05-07,34.429638671875,17.52184576172623,0.0
2069-05-08,33.8,17.8,0.0
2069-05-09,30.1,17.5,0.0
2069-05-10,30.0,16.8,0.0
2069-05-11,30.680853501857705,16.5,0.0
2069-05-12,31.0,15.7,0.0
2069-05-13,31.39643348245672,16.0,0.0
2069-05-14,31.976235721285928,14.6,0.0
2069-05-15,33.8,15.2,0.0
2069-05-16,31.998554696913708,16.933319700898227,0.0
2069-05-17,31.95212152370548,16.7,0.0
2069-05-18,32.451613306361594,15.6,0.0
2069-05-19,32.839619645365026,14.9,0.0
2069-05-20,33.8,15.893360511187947,0.0
2069-05-21,33.8,16.7,0.0
2069-05-22,29.1,17.5,0.0
2069-05-23,22.5,17.5,1.3599999999999999
2069-05-24,24.5,16.8016619473031,0.0
2069-05-25,28.1,16.5,0.0
2069-05-26,27.5,15.0,0.0
2069-05-27,28.541058934337986,14.2,0.0
2069-05-28,29.1,12.8,0.0
2069-05-29,25.4,16.913500591057947,0.0
2069-05-30,26.448802939757243,15.2,0.0
2069-05-31,26.9,13.2,0.0
2069-06-01,26.722648217645784,13.480593093981508,0.0
2069-06-02,28.236208322637687,11.8,0.0
2069-06-03,29.0,10.6,0.0
2069-06-04,30.0,12.807762593357705,0.0
2069-06-05,30.5,13.736742123282733,0.0
2069-06-06,27.13027723111149,16.838595660534143,0.0
2069-06-07,24.3,16.72498602348267,0.0
2069-06-08,26.7,13.5,0.0
2069-06-09,27.2,14.0,0.0
2069-06-10,27.6,12.7,0.0
2069-06-11,28.2,13.2,0.0
2069-06-12,29.0,13.2,0.0
2069-06-13,30.0,13.0,0.0
2069-06-14,28.962676277146127,14.056044513101911,0.0
2069-06-15,28.35803995781749,13.888374361206514,0.0
2069-06-16,29.2,13.2,0.0
2069-06-17,29.15689149560119,13.110473625665948,0.0
2069-06-18,27.8,14.2,0.0
2069-06-19,22.7,13.7,0.0
2069-06-20,26.20969033693351,13.0,0.0
2069-06-21,26.2,11.9,0.0
2069-06-22,26.6,10.1,0.0
2069-06-23,26.6,9.6,0.0
2069-06-24,27.0,9.7,0.0
2069-06-25,26.2,11.6,0.0
2069-06-26,26.1,11.9,0.0
2069-06-27,26.3,12.2,0.0
2069-06-28,26.5,11.955690880639509,0.0
2069-06-29,26.9,11.7,0.0
2069-06-30,27.9,11.7,0.0
2069-07-01,29.646226016008168,15.0,0.0
2069-07-02,30.407048251977347,15.0,0.0
2069-07-03,28.6,15.0,0.0
2069-07-04,26.0,15.0,0.0
2069-07-05,28.6,15.0,0.0
2069-07-06,28.803196239968436,15.0,0.0
2069-07-07,23.5,15.3,0.0
2069-07-08,26.5,15.0,0.0
2069-07-09,26.7,13.6,0.0
2069-07-10,26.0,12.9,0.0
2069-07-11,25.6,11.6,0.0
2069-07-12,26.360449832870653,9.6,0.0
2069-07-13,26.8,11.173753139576602,0.0
2069-07-14,25.938252275173692,12.9,0.0
2069-07-15,26.6,12.7,0.0
2069-07-16,27.6,12.9,0.0
2069-07-17,28.6,13.4,0.0
2069-07-18,29.2,12.4,0.0
2069-07-19,29.2,15.0,0.0
2069-07-20,28.5,15.2,0.0
2069-07-21,29.0,13.3,0.0
2069-07-22,29.7,12.4,0.0
2069-07-23,30.27054247821758,11.1,0.0
2069-07-24,28.2,15.228264726624849,0.0
2069-07-25,30.546123502358945,12.9,0.0
2069-07-26,32.319287109375,13.0,0.0
2069-07-27,31.28236103558865,11.5,0.0
2069-07-28,19.2,14.2,0.0
2069-07-29,26.3,12.8,0.0
2069-07-30,25.3,12.0,0.0
2069-07-31,26.3,10.5,0.0
2069-08-01,28.2,11.2,0.0
2069-08-02,31.8,12.0,0.0
2069-08-03,32.1,13.6,0.0
2069-08-04,30.731693645023046,16.546017222820236,0.0
2069-08-05,29.0,15.4,0.0
2069-08-06,31.1,14.4,0.0
2069-08-07,34.15364769610051,13.9,0.0
2069-08-08,33.2,15.9,0.0
2069-08-09,32.10370966737538,18.2,0.0
2069-08-10,32.9,16.0,0.0
2069-08-11,33.14317643028289,14.9,0.0
2069-08-12,32.1,16.7,0.0
2069-08-13,28.9,17.7,0.0
2069-08-14,29.236462943029135,14.6,0.0
2069-08-15,31.64493786084744,14.700790939298916,0.0
2069-08-16,32.3981542455518,17.4,0.0
2069-08-17,31.66688227810939,18.18806000977125,0.0
2069-08-18,32.5,15.6,0.0
2069-08-19,33.17314845165915,17.654918828672475,0.0
2069-08-20,33.16233576040316,18.876631870223285,0.0
2069-08-21,32.9,22.6094598827201,0.0
2069-08-22,32.5,23.96818682407636,0.0
2069-08-23,30.16881324004305,18.76591702565734,0.0
2069-08-24,30.8,17.7,0.0
2069-08-25,31.9,17.632824410711535,0.0
2069-08-26,31.2,23.371039314817704,0.0
2069-08-27,28.9,17.92366099578981,0.0
2069-08-28,26.2,18.643725531871127,0.0
2069-08-29,29.2,16.621708899426878,0.0
2069-08-30,33.1,17.987149763377303,0.0
2069-08-31,35.569347632205336,18.77206058846089,0.0
2069-09-01,34.9,17.4,0.0
2069-09-02,30.5,20.6,0.0
2069-09-03,28.385372636262513,18.0,0.0
2069-09-04,30.0,16.0,0.0
2069-09-05,32.5,14.9,0.0
2069-09-06,33.4,17.7,0.0
2069-09-07,30.3,18.8,0.0
2069-09-08,29.6,16.5,0.0
2069-09-09,31.6,16.7,0.0
2069-09-10,32.0,17.7,0.0
2069-09-11,32.0,16.9,0.0
2069-09-12,33.4,16.3,0.0
2069-09-13,33.486769249783706,17.7,0.0
2069-09-14,30.2,19.3,0.0
2069-09-15,27.6,17.8,0.0
2069-09-16,28.9,15.1,0.0
2069-09-17,30.704749721913238,14.4,0.0
2069-09-18,32.4,15.9,0.0
2069-09-19,33.0,17.931229143492775,0.0
2069-09-20,33.4,18.6,0.0
2069-09-21,34.912468359419485,18.6,0.0
2069-09-22,35.1,19.6,0.0
2069-09-23,34.773709225029414,20.5,0.0
2069-09-24,36.0,20.317766376327413,0.0
2069-09-25,39.654052734375,20.4,0.0
2069-09-26,35.3,22.392741089895896,0.0
2069-09-27,32.5,20.4,0.0
2069-09-28,31.9,18.9,0.0
2069-09-29,32.7,18.899040600667412,0.0
2069-09-30,35.62772803114572,18.8,0.0
2069-10-01,37.2,16.7,0.0
2069-10-02,37.08312133294925,19.7,0.0
2069-10-03,33.9,21.6,0.0
2069-10-04,31.2,18.6,0.0
2069-10-05,32.5,18.2,0.0
2069-10-06,33.4,18.4,0.0
2069-10-07,33.0,18.5,0.0
2069-10-08,33.6,17.7,0.0
2069-10-09,36.7,17.0,0.0
2069-10-10,37.52261351161062,19.5,0.0
2069-10-11,34.6,21.583672920190676,0.0
2069-10-12,35.0,20.2,0.0
2069-10-13,36.6,20.2,0.0
2069-10-14,37.2,21.0,0.0
2069-10-15,36.0,21.6,0.0
2069-10-16,36.9,20.7,0.0
2069-10-17,38.46982421875,19.8,0.0
2069-10-18,38.497412109375,21.809693003229263,0.0
2069-10-19,37.52242797253079,22.1,0.0
2069-10-20,35.2,22.0,0.0
2069-10-21,35.76874327233583,21.4,0.0
2069-10-22,37.0,21.668635629709357,0.0
2069-10-23,35.1,21.6,0.0
2069-10-24,36.81851601307511,20.7,0.0
2069-10-25,38.1569980598544,21.6,0.0
2069-10-26,38.208597551935924,22.0,0.0
2069-10-27,38.17348381815483,21.9,0.0
2069-10-28,38.318782026904216,22.6,0.0
2069-10-29,38.895849609375,23.0,0.0
2069-10-30,39.2271484375,23.187770141591432,0.0
2069-10-31,39.93271484375,23.33672044029767,0.0
2069-11-01,41.073974609375,23.37104884263814,0.0
2069-11-02,40.296142578125,24.85751953125,0.0
2069-11-03,38.819557539618096,21.87647367383306,0.0
2069-11-04,33.4,19.7,1.633333333333333
2069-11-05,28.449846908936617,18.5,0.0
2069-11-06,30.647225806451612,17.470983963663333,0.0
2069-11-07,32.9,18.5,0.0
2069-11-08,38.73097886540594,19.8,0.0
2069-11-09,38.39229885057468,20.9,0.0
2069-11-10,39.662353515625,21.7,0.0
2069-11-11,37.622202782544534,24.92197265625,0.0
2069-11-12,33.5,20.5,1.0
2069-11-13,32.0,19.5,0.1
2069-11-14,32.5,21.0,0.0
2069-11-15,32.1,18.9,5.8
2069-11-16,29.6,18.4,28.219999999999988
2069-11-17,30.2,18.5,0.7
2069-11-18,31.3,18.0,0.0
2069-11-19,31.8,19.4,0.0
2069-11-20,32.1,22.0,0.0
2069-11-21,32.1,19.8,1.15
2069-11-22,30.4,19.0,0.0
2069-11-23,31.9,19.7,0.0
2069-11-24,30.7,18.9,1.5
2069-11-25,28.0,18.3,15.505263157894737
2069-11-26,27.5,18.2,10.557142857142857
2069-11-27,25.8,18.5,34.1
2069-11-28,24.7,18.2,22.175
2069-11-29,23.254712778158805,17.2,90.35258620689655
2069-11-30,22.910466799232093,16.6,3.1
2069-12-01,26.6,17.1,0.0
2069-12-02,29.9,16.0,0.0
2069-12-03,30.1,17.5,0.0
2069-12-04,29.989371396552475,17.8,0.0
2069-12-05,30.0,17.5,0.0
2069-12-06,30.0,17.6,0.0
2069-12-07,30.0,18.6,0.0
2069-12-08,32.0,19.5,2.8
2069-12-09,30.8,19.5,5.8
2069-12-10,30.565272915184043,19.6,7.9
2069-12-11,30.5,19.0,0.0
2069-12-12,31.0,20.0,0.0
2069-12-13,27.5,19.5,0.0
2069-12-14,30.4,19.0,0.0
2069-12-15,31.0,19.5,0.0
2069-12-16,30.9,19.5,0.0
2069-12-17,30.7,19.82395251471271,0.0
2069-12-18,30.7,19.0,2.3
2069-12-19,30.4,19.6,43.0
2069-12-20,26.5,19.4,6.4
2069-12-21,25.6,18.9,48.59090909090907
2069-12-22,24.59685831813888,18.6,0.0
2069-12-23,27.0,18.6,0.0
2069-12-24,29.6,19.0,0.0
2069-12-25,30.9,18.714771105510295,0.0
2069-12-26,30.0,18.7,0.0
2069-12-27,29.5,19.2,0.0
2069-12-28,30.1,18.9,0.0
2069-12-29,30.5,19.2,0.0
2069-12-30,30.5,19.4,0.0
2069-12-31,30.9,18.9,0.0
2070-01-01,30.9,17.3,0.0
2070-01-02,28.8,17.6,0.0
2070-01-03,30.7,18.5,0.0
2070-01-04,31.2,18.9,0.0
2070-01-05,31.5,19.624747836740028,0.0
2070-01-06,31.0,18.9,0.0
2070-01-07,31.7,18.0,0.0
2070-01-08,31.9,18.2,0.0
2070-01-09,31.8,20.233587904078306,0.0
2070-01-10,32.45465132654949,20.69828441299628,0.0
2070-01-11,31.794562366307908,19.9,12.597761194029863
2070-01-12,30.7,19.666849782038533,13.498134328358208
2070-01-13,30.1,19.3,0.0
2070-01-14,31.5,19.4,6.4
2070-01-15,30.8,19.2,4.515858208955223
2070-01-16,30.6,19.2,1.1
2070-01-17,30.9,19.4,14.911940298507464
2070-01-18,27.3,19.0,15.905970149253738
2070-01-19,28.4,19.4,52.1
2070-01-20,26.6,19.4,3.4
2070-01-21,25.3,18.9,3.8
2070-01-22,29.2,19.0,5.5
2070-01-23,29.0,19.2,0.8
2070-01-24,27.9,19.5,29.29134328358208
2070-01-25,26.2,19.2,19.0
2070-01-26,25.2,19.2,8.060074626865674
2070-01-27,24.9,19.0,5.4
2070-01-28,25.7,18.9,6.0
2070-01-29,28.0,19.0,35.794029850746256
2070-01-30,26.7,19.0,13.464614427860694
2070-01-31,29.1,18.7,2.275000000000001
2070-02-01,30.9,18.9,9.8
2070-02-02,29.5,19.0,1.4
2070-02-03,30.3,18.7,6.4
2070-02-04,31.965396404306,18.9,2.0
2070-02-05,32.207566738946234,19.1,6.4
2070-02-06,31.769925939508767,19.2,1.6
2070-02-07,31.6,19.9,1.1
2070-02-08,32.0,19.99206689735521,1.0
2070-02-09,32.9,19.5,0.0
2070-02-10,31.971040226028844,19.033295786454296,0.0
2070-02-11,30.5,19.9,0.0
2070-02-12,30.7,19.841522246855426,1.0
2070-02-13,31.724094006906878,19.845260898321445,0.0
2070-02-14,31.406412933406212,19.466300154962187,0.0
2070-02-15,30.7,19.45144254131665,9.649180327868853
2070-02-16,28.1,19.2,1.0
2070-02-17,28.3,19.320224722074936,10.439110070257616
2070-02-18,29.5,19.2,27.11020408163266
2070-02-19,28.6,19.1,27.978922716627633
2070-02-20,29.9,19.0,1.9524590163934434
2070-02-21,26.442802656223392,19.0,4.2
2070-02-22,26.7,18.9,2.0
2070-02-23,30.0,18.8,16.388384074941456
2070-02-24,31.0,18.6,2.0
2070-02-25,30.9,19.7,1.0
2070-02-26,30.5,19.9,2.0
2070-02-27,31.0,19.5,1.1
2070-02-28,30.4,19.0,0.0
2070-03-01,30.7,18.9,0.0
2070-03-02,32.5,19.4,0.0
2070-03-03,33.2,19.74534721556773,2.3
2070-03-04,30.72535211267606,19.4,19.026850258175568
2070-03-05,25.7,19.0,6.7
2070-03-06,23.6,18.4,0.0
2070-03-07,24.6,18.5,0.0
2070-03-08,28.1,18.5,0.0
2070-03-09,29.7,17.6,0.0
2070-03-10,29.6,16.5,0.0
2070-03-11,28.9,15.4,0.0
2070-03-12,29.7,19.8,0.0
2070-03-13,28.3,19.1,0.0
2070-03-14,27.9,19.0,0.0
2070-03-15,29.5,18.5,0.0
2070-03-16,30.6,17.1,0.0
2070-03-17,30.9,16.8,0.0
2070-03-18,30.5,17.4,0.0
2070-03-19,29.5,17.3,0.0
2070-03-20,28.9,18.0,0.0
2070-03-21,30.5,18.3,0.0
2070-03-22,31.4,17.7,0.0
2070-03-23,31.930737704918034,18.0,0.0
2070-03-24,32.939800995024875,18.7,0.0
2070-03-25,33.1859375,19.9,0.0
2070-03-26,33.0,20.29739615377998,0.0
2070-03-27,32.79145728643216,19.4,0.0
2070-03-28,32.47773851590106,18.5,0.0
2070-03-29,32.1,18.020129171151765,0.0
2070-03-30,30.0,19.11686829085235,0.0
2070-03-31,30.0,18.6,0.0
2070-04-01,31.1,17.8,0.0
2070-04-02,31.0,18.27345719973457,0.0
2070-04-03,30.0,18.0,0.0
2070-04-04,30.4,17.4,0.0
2070-04-05,30.7,17.575451263537904,0.0
2070-04-06,31.3,17.6,0.0
2070-04-07,30.2,17.8,0.0
2070-04-08,27.7,16.7,0.0
2070-04-09,30.0,16.6,0.0
2070-04-10,29.8,17.06014234875445,0.0
2070-04-11,30.2,16.6,0.0
2070-04-12,30.4,17.683476394849773,0.0
2070-04-13,31.1,19.723102310231,0.0
2070-04-14,31.0,18.4,0.0
2070-04-15,31.7,18.20179163901791,0.0
2070-04-16,31.4,18.0,0.0
2070-04-17,31.4,17.5,0.0
2070-04-18,31.7,17.607081545064375,0.0
2070-04-19,32.2,18.5,0.0
2070-04-20,31.7,18.6,0.0
2070-04-21,31.7,18.3,0.0
2070-04-22,31.4,18.0,0.0
2070-04-23,31.7,21.623095703125,0.0
2070-04-24,31.7,19.7,0.0
2070-04-25,29.0,19.2,0.0
2070-04-26,28.9,18.6,0.0
2070-04-27,30.4,17.5,0.0
2070-04-28,28.2,18.0,0.0
2070-04-29,29.7,17.7,0.0
2070-04-30,29.5,17.5,0.0
2070-05-01,30.8,17.2,0.0
2070-05-02,30.7,17.8,0.0
2070-05-03,30.6,16.9,0.0
2070-05-04,30.3,16.5,0.0
2070-05-05,30.8,16.95550719811662,0.0
2070-05-06,32.747637914674655,17.840226605932497,0.0
2070-05-07,33.8,17.9,0.0
2070-05-08,33.8,18.355376173617636,0.0
2070-05-09,33.8,17.9,0.0
2070-05-10,34.19501953125,17.796828184562578,0.0
2070-05-11,32.632432583562824,17.869043230844994,0.0
2070-05-12,30.0,17.523867958378172,0.0
2070-05-13,27.3,16.7081473664553,0.0
2070-05-14,29.0,15.2,0.0
2070-05-15,30.7,16.741420389380888,0.0
2070-05-16,33.87080078125,17.0,0.0
2070-05-17,33.8,17.5,0.0
2070-05-18,31.390232520517408,17.820578907128517,0.0
2070-05-19,29.9,16.833722995070364,0.0
2070-05-20,29.1,16.9,0.0
2070-05-21,26.2,16.7,0.0
2070-05-22,24.2,16.40489773950482,0.0
2070-05-23,26.2995624848085,12.9,0.0
2070-05-24,27.5,10.1,0.0
2070-05-25,24.8,16.2,0.0
2070-05-26,26.1,14.9,0.0
2070-05-27,25.886147507516423,13.5,0.0
2070-05-28,26.5,14.5,0.0
2070-05-29,27.0,15.9,0.0
2070-05-30,27.6,15.2,0.0
2070-05-31,28.6,14.3,0.0
2070-06-01,28.687550611790883,14.2,0.0
2070-06-02,28.0,14.7,0.0
2070-06-03,27.9,14.1,0.0
2070-06-04,28.2,13.8,0.0
2070-06-05,28.6,13.50766028691674,0.0
2070-06-06,30.397279967825938,13.715705762535574,0.0
2070-06-07,31.111590933505198,14.3,0.0
2070-06-08,31.60556640625,16.46110948594528,0.0
2070-06-09,31.56357421875,16.903825917423838,0.0
2070-06-10,30.67312771013837,19.881298828125,0.0
2070-06-11,30.71260250567904,16.80445169794344,0.0
2070-06-12,31.9771484375,16.69746700885731,0.0
2070-06-13,30.5,19.87568359375,0.0
2070-06-14,30.386495164981184,16.505959630880525,0.0
2070-06-15,30.490628756980264,14.936999443826492,0.0
2070-06-16,30.5,14.109333381960536,0.0
2070-06-17,28.72884466086143,15.952210057959144,0.0
2070-06-18,28.6,14.1,0.0
2070-06-19,29.5,12.7,0.0
2070-06-20,27.7,15.411385931458245,0.0
2070-06-21,24.7,14.0,0.0
2070-06-22,26.9,12.73842391929731,0.0
2070-06-23,28.6,12.2,0.0
2070-06-24,29.2,12.4,0.0
2070-06-25,28.71432255010017,12.9,0.0
2070-06-26,28.6,12.8,0.0
2070-06-27,28.5,13.4,0.0
2070-06-28,28.3,13.2,0.0
2070-06-29,28.505494720910303,13.282622893939251,0.0
2070-06-30,28.6,13.2,0.0
2070-07-01,29.037269724590388,15.0,0.0
2070-07-02,27.1,15.0,0.0
2070-07-03,26.9,13.9,0.0
2070-07-04,27.5,14.002426010162386,0.0
2070-07-05,27.7,13.626354301471924,0.0
2070-07-06,28.2,14.2,0.0
2070-07-07,28.094246562088014,14.265115177610333,0.0
2070-07-08,27.0,15.3,0.0
2070-07-09,26.7,15.567634693324484,0.0
2070-07-10,26.0,15.565356484824802,0.0
2070-07-11,25.7,13.9,0.0
2070-07-12,26.836706135629697,11.5,0.0
2070-07-13,27.6,14.0,0.0
2070-07-14,28.1,14.2,0.0
2070-07-15,28.9,15.0,0.0
2070-07-16,29.098836600130145,15.3,0.0
2070-07-17,29.4,15.3,0.0
2070-07-18,30.0,15.3,0.0
2070-07-19,30.0,15.55016842816027,0.0
2070-07-20,30.0,15.3,0.0
2070-07-21,30.533804163117804,15.3,0.0
2070-07-22,29.7,15.831150846495978,0.0
2070-07-23,29.995402205219182,15.0,0.0
2070-07-24,29.907289832438362,15.0,0.0
2070-07-25,28.5,15.962403138236294,0.0
2070-07-26,28.9,15.437492876590875,0.0
2070-07-27,29.056431749254067,15.3,0.0
2070-07-28,29.96891775521482,15.3,0.0
2070-07-29,31.249098988412953,15.557762456492531,0.0
2070-07-30,32.298779296875,15.436169505477094,0.0
2070-07-31,32.34150390625,15.3,0.0
2070-08-01,31.2,18.237834498414678,0.0
2070-08-02,31.96886821467015,16.0,0.0
2070-08-03,34.49898517269485,16.3,0.0
2070-08-04,34.51833346814587,15.2,0.0
2070-08-05,31.2,23.40565656173143,0.0
2070-08-06,29.1,17.8425485729918,0.0
2070-08-07,30.870744886975235,16.92989910784331,0.0
2070-08-08,33.1,16.9,0.0
2070-08-09,33.14459915281658,16.4,0.0
2070-08-10,35.58966056959963,16.84834438787892,0.0
2070-08-11,32.1,18.683283511480727,0.0
2070-08-12,30.174847954790092,18.046059713330685,0.0
2070-08-13,30.837701471115885,16.9,0.0
2070-08-14,31.9,16.9,0.0
2070-08-15,32.9,17.423997065169637,0.0
2070-08-16,33.2,18.3,0.0
2070-08-17,34.78237519406554,18.909034120310817,0.0
2070-08-18,32.99282065894172,19.0,0.0
2070-08-19,36.272913918316846,18.612345342873418,0.0
2070-08-20,37.739990234375,18.749708476984186,0.0
2070-08-21,34.80976688236998,27.03466796875,0.0
2070-08-22,31.8,24.907179646605872,0.0
2070-08-23,33.1,17.5,0.0
2070-08-24,33.45520607177389,18.303387982666774,0.0
2070-08-25,32.478511087190505,22.496953830251115,0.0
2070-08-26,33.3805801755122,18.869704022806545,0.0
2070-08-27,35.63459524928989,22.592151259263236,0.0
2070-08-28,36.3304672409342,25.72314453125,0.0
2070-08-29,37.5634765625,20.60598671759913,0.0
2070-08-30,32.98556322421326,27.314697265625,0.0
2070-08-31,33.0671542533583,24.392248098767006,0.0
2070-09-01,33.9,17.8,0.0
2070-09-02,34.90805926094612,17.6,0.0
2070-09-03,34.7,19.3,0.0
2070-09-04,33.2,18.9,0.0
2070-09-05,33.1,19.2,0.0
2070-09-06,33.2,18.9,0.0
2070-09-07,33.9,18.9,0.0
2070-09-08,35.1,20.399784404644365,0.0
2070-09-09,36.0,20.5,0.0
2070-09-10,35.33890964992314,21.5577341777046,0.0
2070-09-11,35.1,21.2,0.0
2070-09-12,35.25095293219857,20.4,0.0
2070-09-13,37.6050753792629,20.0,0.0
2070-09-14,41.02490234375,20.5,0.0
2070-09-15,40.464111328125,21.94056818406629,0.0
2070-09-16,40.100830078125,21.607769378384628,0.0
2070-09-17,39.6943359375,21.657571205927177,0.0
2070-09-18,36.0,21.615844088942136,0.0
2070-09-19,40.363037109375,21.655050776042174,0.0
2070-09-20,41.071533203125,21.70979388339859,0.0
2070-09-21,41.78515625,22.46074104139418,0.0
2070-09-22,42.33642578125,22.815660131506476,0.0
2070-09-23,42.84033203125,22.92874546798591,0.0
2070-09-24,41.804931640625,23.354248046875,0.0
2070-09-25,40.27099609375,22.842714452005175,0.0
2070-09-26,41.473876953125,22.23960734085232,0.0
2070-09-27,34.18265365272839,22.780549827037646,0.0
2070-09-28,32.5,20.652027348394807,0.0
2070-09-29,34.0,20.396900738648444,0.0
2070-09-30,36.08518057100482,20.4,0.0
2070-10-01,36.7,20.9,0.0
2070-10-02,36.0,21.9,0.0
2070-10-03,38.197327626770104,21.2,0.0
2070-10-04,37.2,22.0,0.0
2070-10-05,36.0,21.8,0.0
2070-10-06,34.5,21.5,0.0
2070-10-07,36.727217870247415,20.7,0.0
2070-10-08,38.13743868559971,21.0,0.0
2070-10-09,38.0,21.6,0.0
2070-10-10,37.2,21.2,0.0
2070-10-11,36.0,21.0,0.0
2070-10-12,35.6,20.0,0.0
2070-10-13,36.77388094882653,20.8,0.0
2070-10-14,36.7,21.867111333230802,0.0
2070-10-15,34.3,21.3,0.0
2070-10-16,35.745411733046275,20.0,0.0
2070-10-17,38.04336740942222,21.0,0.0
2070-10-18,38.21325454580611,21.9,0.0
2070-10-19,38.523291015625,22.6,0.0
2070-10-20,39.4302734375,23.280933124420734,0.0
2070-10-21,38.2810603765558,23.758390796376624,0.0
2070-10-22,38.142840798489104,22.0,0.0
2070-10-23,38.21372024519312,22.559524607810236,0.0
2070-10-24,37.50981131510184,22.0,0.0
2070-10-25,37.0,21.9,0.0
2070-10-26,34.9,22.6,0.0
2070-10-27,34.8,20.7,0.0
2070-10-28,37.2,20.2,0.0
2070-10-29,38.40732421875,21.9,0.0
2070-10-30,38.39804406257455,22.66092716662286,0.0
2070-10-31,39.671240234375,22.6,0.0
2070-11-01,39.847412109375,23.2,0.0
2070-11-02,37.39300306573699,21.7,0.0
2070-11-03,39.35626312367903,21.5,0.0
2070-11-04,40.170654296875,22.1,0.0
2070-11-05,39.515625,23.20853714385238,0.0
2070-11-06,37.460045464386226,22.98916483345076,0.0
2070-11-07,38.81296410492444,22.4,0.0
2070-11-08,39.51611328125,23.387051470460136,0.0
2070-11-09,36.5,23.2,0.0
2070-11-10,39.25868029021342,22.994501920792004,0.0
2070-11-11,39.21252624735806,23.901220703125,0.0
2070-11-12,40.172119140625,26.309423828125,0.0
2070-11-13,38.93296461634839,24.30673828125,0.0
2070-11-14,36.8,23.3,0.0
2070-11-15,33.7,21.073925967123973,0.0
2070-11-16,35.7,20.9,0.0
2070-11-17,39.884033203125,21.3,0.0
2070-11-18,42.298095703125,23.322495088564214,0.0
2070-11-19,40.873046875,27.630224609375,0.0
2070-11-20,39.81494140625,25.519140625,0.0
2070-11-21,39.797119140625,23.947607421875,0.0
2070-11-22,34.9,22.36315183038773,1.7
2070-11-23,36.2,22.3,0.0
2070-11-24,34.9,19.4,10.5
2070-11-25,27.0,18.5,40.983783783783785
2070-11-26,23.2,18.1,8.428571428571429
2070-11-27,25.2,18.0,0.0
2070-11-28,27.6,17.5,0.0
2070-11-29,27.28396984303547,19.9,0.0
2070-11-30,29.5,19.6,3.6
2070-12-01,28.7,19.4,14.371428571428577
2070-12-02,28.2,19.4,32.55
2070-12-03,28.7,19.2,31.0
2070-12-04,29.4,19.3136142104155,53.8
2070-12-05,24.891395317545747,19.2,53.8
2070-12-06,25.5,18.8,0.0
2070-12-07,28.1,18.1,0.0
2070-12-08,28.3,16.6,0.0
2070-12-09,29.9,15.7,0.0
2070-12-10,30.5,19.0,0.0
2070-12-11,30.9,18.9,0.0
2070-12-12,30.0,19.4,0.0
2070-12-13,29.85159996085722,18.4,0.0
2070-12-14,30.0,18.9,0.0
2070-12-15,29.8,18.7,0.0
2070-12-16,30.6,18.5,0.0
2070-12-17,31.2,19.0,0.0
2070-12-18,31.5,20.078870346541358,0.0
2070-12-19,31.5,20.18042316933955,0.0
2070-12-20,32.0,20.1,0.0
2070-12-21,32.4,20.0,0.0
2070-12-22,30.1,19.9,0.0
2070-12-23,29.6,19.9,12.0
2070-12-24,27.3,19.4,0.4
2070-12-25,29.9,19.69444943613648,1.7
2070-12-26,28.9,19.5,2.4
2070-12-27,29.6,19.2,7.0
2070-12-28,30.8,18.7,0.0
2070-12-29,31.0,18.8,0.0
2070-12-30,31.2,18.5,0.0
2070-12-31,30.7,19.5,0.1
