date,tmax_C,tmin_C,precip_mm_day
2041-01-01,31.7,16.4,0.0
2041-01-02,34.40812741816028,16.3,0.0
2041-01-03,32.0,19.4,0.3
2041-01-04,32.12529236708289,21.236706542968747,0.0
2041-01-05,30.9,19.8,5.0
2041-01-06,28.591280947255118,19.8,10.0
2041-01-07,30.6,18.3,1.0
2041-01-08,31.2,17.3,0.0
2041-01-09,31.2,19.3,1.3
2041-01-10,30.0,18.4,5.5
2041-01-11,29.2,18.9,26.050000000000004
2041-01-12,28.5,19.1,27.3
2041-01-13,24.9,18.6,15.8
2041-01-14,28.4,18.8,19.099999999999994
2041-01-15,26.9,18.9,34.0
2041-01-16,26.6,18.9,33.4
2041-01-17,27.0,18.6,23.0
2041-01-18,28.049489978984056,18.5,19.75
2041-01-19,26.9,18.8,9.916666666666664
2041-01-20,25.2,18.0,8.733333333333334
2041-01-21,29.5,17.4,1.7
2041-01-22,30.1,19.4,0.0
2041-01-23,29.6,18.0,0.0
2041-01-24,29.5,17.2,0.0
2041-01-25,30.9,18.0,0.0
2041-01-26,31.579529593095543,17.9,1.0
2041-01-27,27.5,19.5,21.679999999999996
2041-01-28,26.4,19.0,0.3
2041-01-29,28.0,18.5,1.7
2041-01-30,29.0,18.9,7.6
2041-01-31,27.6,18.8,17.0
2041-02-01,27.0,18.8,22.51108545034642
2041-02-02,26.9,18.6,29.4
2041-02-03,27.1,18.6,42.11316397228638
2041-02-04,26.0,18.5,23.287000989772356
2041-02-05,25.110370831006158,18.0,2.0
2041-02-06,29.6,18.9,59.35809363846321
2041-02-07,24.525837413411214,18.5,11.41570438799078
2041-02-08,25.0,18.1,0.3
2041-02-09,27.9,18.4,1.4
2041-02-10,28.1,18.3,0.3
2041-02-11,28.9,17.0,0.0
2041-02-12,28.5,17.2,0.0
2041-02-13,29.0,16.5,9.252655889145498
2041-02-14,29.7,18.5,17.049422632794464
2041-02-15,28.1,17.70237232181987,5.3
2041-02-16,25.0,18.7,43.43897228637414
2041-02-17,24.510893366965103,18.9,5.6
2041-02-18,28.5,18.9,6.4
2041-02-19,25.5,18.6,34.40242494226328
2041-02-20,24.0,18.1,0.9473441108545035
2041-02-21,24.9,18.1,1.0
2041-02-22,26.2,18.1,0.3
2041-02-23,26.7,17.9,6.4
2041-02-24,26.5,17.6,17.39782909930716
2041-02-25,27.9,17.2,0.0
2041-02-26,28.5,18.2,7.0
2041-02-27,27.203049507253116,18.1,1.4
2041-02-28,30.0,17.0,0.0
2041-03-01,27.9,19.168152629820707,0.0
2041-03-02,28.9,18.6,3.558064516129032
2041-03-03,29.1,18.6,2.4
2041-03-04,28.9,18.8,1.9
2041-03-05,29.4,18.8,19.002052785923755
2041-03-06,26.9,19.2,58.175597526324644
2041-03-07,28.6,18.8,28.400000000000006
2041-03-08,28.6,18.6,2.4
2041-03-09,26.5,18.2,2.691935483870968
2041-03-10,26.2,15.7,0.0
2041-03-11,26.8,15.3,0.0
2041-03-12,28.2,13.7,0.0
2041-03-13,29.0,15.5,0.0
2041-03-14,27.9,16.928474555385208,6.9920506912442395
2041-03-15,28.9,15.6,0.0
2041-03-16,28.0,16.4,0.0
2041-03-17,28.2,16.6,0.0
2041-03-18,28.2,16.2,0.0
2041-03-19,28.0,16.4,0.0
2041-03-20,26.2,18.9,1.4
2041-03-21,27.1,18.72530316233223,1.4
2041-03-22,28.0,17.9,0.0
2041-03-23,27.9,16.5,0.0
2041-03-24,27.495454545454546,14.928975264307374,1.0
2041-03-25,28.9,17.5,0.0
2041-03-26,28.0,17.4,0.0
2041-03-27,27.5,17.2,0.0
2041-03-28,28.9,16.6,0.0
2041-03-29,27.2,18.5,0.0
2041-03-30,24.8,18.6,2.5
2041-03-31,26.9,18.6,17.787419354838704
2041-04-01,27.954166666666662,17.7,0.0
2041-04-02,27.9,17.6,1.3666666666666667
2041-04-03,27.1,18.4,0.0
2041-04-04,27.9,18.9,0.0
2041-04-05,29.410204081632646,18.2,0.0
2041-04-06,25.651181102362205,17.0,34.50181818181818
2041-04-07,30.4,15.8,0.0
2041-04-08,27.9,18.4,0.0
2041-04-09,27.5,16.4,0.0
2041-04-10,26.4,17.4,0.78
2041-04-11,24.0,15.074257425742577,0.0
2041-04-12,27.2,12.6,0.0
2041-04-13,28.6,11.307462686567165,0.0
2041-04-14,29.7,14.3,0.0
2041-04-15,28.4,16.9,0.0
2041-04-16,25.2,16.4,0.0
2041-04-17,25.674015748031497,15.5,0.0
2041-04-18,26.0,13.6,0.0
2041-04-19,23.3,12.6,0.0
2041-04-20,23.930864197530862,14.5,0.0
2041-04-21,25.0,14.5,0.0
2041-04-22,25.0,13.9,0.0
2041-04-23,23.7,12.9,0.0
2041-04-24,24.0,12.2,0.0
2041-04-25,25.8,11.2,0.0
2041-04-26,26.7,8.040311481347338,0.0
2041-04-27,27.0,8.03161897863093,0.0
2041-04-28,25.5,16.95206349206349,0.0
2041-04-29,25.4,13.9,0.0
2041-04-30,25.5,10.6,0.0
2041-05-01,27.15556699583469,6.9,0.0
2041-05-02,25.8,11.0,0.0
2041-05-03,26.9,15.2,0.0
2041-05-04,26.5,16.5,0.0
2041-05-05,24.0,15.6,0.0
2041-05-06,24.215426016394797,15.7,0.0
2041-05-07,27.7,15.0,0.0
2041-05-08,25.3,12.5,0.0
2041-05-09,25.4,15.099445415365459,0.0
2041-05-10,26.4,12.5,0.0
2041-05-11,26.9,10.39115103374039,0.0
2041-05-12,26.8,10.6,0.0
2041-05-13,25.7,10.1,0.0
2041-05-14,24.4,14.9,1.4393939393939392
2041-05-15,22.0,13.6,0.0
2041-05-16,22.4,13.0,0.0
2041-05-17,25.0,10.9,0.0
2041-05-18,24.2,9.5,0.0
2041-05-19,24.5,8.5,0.0
2041-05-20,24.5,10.2,0.0
2041-05-21,25.3,15.0,0.0
2041-05-22,21.59308011686914,14.0,0.0
2041-05-23,24.0,12.9,0.0
2041-05-24,24.0,14.0,0.0
2041-05-25,24.9,13.1,0.0
2041-05-26,24.6,10.9,0.0
2041-05-27,24.0,8.1,0.0
2041-05-28,24.0,6.7,0.0
2041-05-29,24.4,7.019120642543676,0.0
2041-05-30,24.4,8.1,0.0
2041-05-31,24.361638218258236,6.9,0.0
2041-06-01,23.0,6.9,0.0
2041-06-02,23.0,8.2,0.0
2041-06-03,25.6,8.0,0.0
2041-06-04,25.8,7.7,0.0
2041-06-05,24.9,9.3,0.0
2041-06-06,23.0,8.9,0.0
2041-06-07,25.6,7.0,0.0
2041-06-08,26.1,7.9,0.0
2041-06-09,25.0,8.14222469410456,0.0
2041-06-10,23.34449388209121,8.9,0.0
2041-06-11,20.7,12.0,0.0
2041-06-12,21.4,8.0,0.0
2041-06-13,22.7,5.7282536151279215,0.0
2041-06-14,24.3,6.0,0.0
2041-06-15,25.4,5.1,0.0
2041-06-16,26.2,5.0,0.0
2041-06-17,25.9,5.4,0.0
2041-06-18,22.7,10.043033926585096,0.0
2041-06-19,22.0,9.4,0.0
2041-06-20,24.2,7.4,0.0
2041-06-21,24.8,9.1,0.0
2041-06-22,22.6,9.3,0.0
2041-06-23,21.7,7.6,0.0
2041-06-24,22.3,7.8,0.0
2041-06-25,22.7,7.0,0.0
2041-06-26,23.9,2.353965577044984,0.0
2041-06-27,24.948893569687357,2.0,0.0
2041-06-28,24.6,5.6,0.0
2041-06-29,24.929952120713832,5.4,0.0
2041-06-30,25.6,2.3839618692214763,0.0
2041-07-01,26.0,3.2295180399743946,0.0
2041-07-02,25.8,5.0,0.0
2041-07-03,26.2,5.0,0.0
2041-07-04,26.0,4.9,0.0
2041-07-05,23.4,9.3,0.0
2041-07-06,22.9,8.0,0.0
2041-07-07,25.0,8.4,0.0
2041-07-08,25.4,9.436667939859014,0.0
2041-07-09,24.6,8.9,0.0
2041-07-10,24.9,8.3,0.0
2041-07-11,25.7,9.4,0.0
2041-07-12,26.90602200693695,10.9,0.0
2041-07-13,28.1,12.9,0.0
2041-07-14,28.460793181562572,15.115303661409339,0.0
2041-07-15,28.7,15.3,0.0
2041-07-16,28.2,14.4,0.0
2041-07-17,28.418773195379387,12.4,0.0
2041-07-18,29.41184233231167,12.846728696344572,0.0
2041-07-19,26.0,11.9,0.0
2041-07-20,24.2,9.7,0.0
2041-07-21,22.1,9.5,0.0
2041-07-22,22.0,7.9,0.0
2041-07-23,22.8,7.1,0.0
2041-07-24,23.3,6.8535482685289715,0.0
2041-07-25,24.5,5.3,0.0
2041-07-26,25.9,5.3,0.0
2041-07-27,26.7,8.3,0.0
2041-07-28,27.5,9.9,0.0
2041-07-29,28.0,11.2,0.0
2041-07-30,29.0,12.2,0.0
2041-07-31,29.2,12.9,0.0
2041-08-01,28.2,11.2,0.0
2041-08-02,26.6,12.0,0.0
2041-08-03,25.5,11.2,0.0
2041-08-04,27.0,11.3,0.0
2041-08-05,30.0,13.2,0.0
2041-08-06,32.9,14.2,0.0
2041-08-07,31.2,12.0,0.0
2041-08-08,29.5,13.6,0.0
2041-08-09,25.0,15.045988146938369,0.0
2041-08-10,24.3,12.5,0.0
2041-08-11,24.4,10.0,0.0
2041-08-12,26.0,7.4,0.0
2041-08-13,25.9,10.5,0.0
2041-08-14,25.7,11.7,0.0
2041-08-15,27.111477623104854,11.7,0.0
2041-08-16,28.5,12.1,0.0
2041-08-17,30.127493193186854,12.5,0.0
2041-08-18,31.50835813335021,13.0,0.0
2041-08-19,34.439197002769475,13.5,0.0
2041-08-20,32.5,14.203764866496885,0.0
2041-08-21,31.2,16.2,0.0
2041-08-22,32.9,16.4,0.0
2041-08-23,31.2,15.2,0.0
2041-08-24,29.5,16.3,0.0
2041-08-25,30.5,15.726085120476933,0.0
2041-08-26,31.2,15.706752504761115,0.0
2041-08-27,32.9,16.7,0.0
2041-08-28,34.50614496911409,17.0,0.0
2041-08-29,33.1,17.596510656620016,0.0
2041-08-30,32.95366298452245,16.88665617295202,0.0
2041-08-31,31.9,16.0,0.0
2041-09-01,31.5,14.9,0.0
2041-09-02,32.0,13.6,0.0
2041-09-03,32.1,14.3,0.0
2041-09-04,28.7,16.9,0.0
2041-09-05,28.797393500285605,13.6,0.0
2041-09-06,28.9,13.8,0.0
2041-09-07,27.9,13.5,0.0
2041-09-08,29.0,13.5,0.0
2041-09-09,30.308937579222388,14.6,0.0
2041-09-10,30.7,16.3,0.0
2041-09-11,30.1,16.9,0.0
2041-09-12,30.2,16.0,0.0
2041-09-13,32.1,15.2,0.0
2041-09-14,31.6,17.0,0.0
2041-09-15,30.2,15.7,0.0
2041-09-16,30.9,12.8,0.0
2041-09-17,30.7,13.5,0.0
2041-09-18,33.1,12.2,0.0
2041-09-19,32.5,14.8,0.0
2041-09-20,31.4,16.5,0.0
2041-09-21,32.29255907236997,14.2,0.0
2041-09-22,31.6,16.7,0.0
2041-09-23,31.10925130486865,16.0,0.0
2041-09-24,30.9,16.9,0.0
2041-09-25,30.9,16.9,0.0
2041-09-26,32.0,16.5,0.0
2041-09-27,33.0,18.0,0.0
2041-09-28,32.5,18.747307264481908,0.0
2041-09-29,32.9,17.2,0.0
2041-09-30,33.9,18.0,0.0
2041-10-01,34.0,18.3,0.0
2041-10-02,35.6,18.2,0.0
2041-10-03,35.1,19.3,0.0
2041-10-04,29.82905217834683,19.1,0.0
2041-10-05,29.6,16.7,0.0
2041-10-06,31.6,16.1,0.0
2041-10-07,31.7,16.8,0.0
2041-10-08,32.7,15.5,0.0
2041-10-09,32.7,16.124752421959094,0.0
2041-10-10,32.0,17.2,0.0
2041-10-11,32.0,17.4,0.0
2041-10-12,33.3,18.0,0.0
2041-10-13,34.4,19.4,0.0
2041-10-14,33.0,19.9,0.0
2041-10-15,32.16245963401507,18.3,0.0
2041-10-16,33.7,17.978297708749803,0.0
2041-10-17,36.0,18.27732654858596,0.0
2041-10-18,38.0,19.0,0.0
2041-10-19,38.09579969713412,20.0,0.0
2041-10-20,38.0,20.830913798621005,0.0
2041-10-21,37.2,22.139488122733486,0.0
2041-10-22,36.450460562535426,23.75025987133258,0.0
2041-10-23,36.0,23.0,0.0
2041-10-24,36.69747129034367,21.7,0.0
2041-10-25,37.55168200840941,21.900884702273412,0.0
2041-10-26,35.4,21.9,0.0
2041-10-27,35.6,20.9,0.0
2041-10-28,36.77383620428434,20.9,0.0
2041-10-29,36.3,22.192191729284005,0.0
2041-10-30,36.0,21.9,0.0
2041-10-31,38.0,21.81276558748032,0.0
2041-11-01,34.51763688048448,21.686066555431964,0.0
2041-11-02,34.1,20.5,0.0
2041-11-03,33.7,19.9,0.0
2041-11-04,34.9,22.3,0.0
2041-11-05,34.4,19.97677597879675,1.4
2041-11-06,32.5,19.8,0.0
2041-11-07,32.4,19.4,0.0
2041-11-08,34.8,17.2,0.0
2041-11-09,37.38497211129872,19.5,0.0
2041-11-10,39.09493420153064,23.287471485363913,0.0
2041-11-11,35.2,19.4,0.1
2041-11-12,30.254060066740823,19.4,10.065748031496062
2041-11-13,28.4,19.32110441935072,88.16075105996354
2041-11-14,25.1,18.9,35.34997187851519
2041-11-15,25.342133343833364,18.8,0.0
2041-11-16,25.4,18.8,0.0
2041-11-17,30.2,18.7,2.8
2041-11-18,31.0,18.3,0.9110236220472441
2041-11-19,31.0,18.0,1.9
2041-11-20,30.6,18.8,5.3
2041-11-21,31.7,18.7,0.0
2041-11-22,27.6,18.700486570523452,11.4
2041-11-23,27.0,18.0,0.0
2041-11-24,29.89218350720019,18.4,0.0
2041-11-25,31.1,17.8,0.0
2041-11-26,31.6,16.8,0.0
2041-11-27,28.6,18.5,0.0
2041-11-28,29.3,19.1,1.6
2041-11-29,30.90208212567955,19.1,5.0496062992125985
2041-11-30,31.6,19.0,15.305511811023624
2041-12-01,31.4,19.0,0.0
2041-12-02,29.6,18.9,0.5
2041-12-03,29.7,19.5,0.0
2041-12-04,30.9,18.3,0.0
2041-12-05,31.4,17.9,0.0
2041-12-06,31.812896700196724,19.0,0.0
2041-12-07,32.1,18.3,0.0
2041-12-08,32.4,18.4,0.0
2041-12-09,31.2,20.0,0.5
2041-12-10,29.0,19.5,2.0
2041-12-11,29.6,19.9,8.859574468085107
2041-12-12,29.3,19.6,7.0
2041-12-13,29.5,19.5,36.63695408734602
2041-12-14,26.7,19.453078526863614,0.9
2041-12-15,27.0,19.4,6.098723404255319
2041-12-16,28.5,18.8,0.0
2041-12-17,26.707587191993966,18.5,4.4
2041-12-18,27.5,19.0,71.83828134682919
2041-12-19,27.9,19.4,8.17425531914894
2041-12-20,28.7,19.2,1.723617021276596
2041-12-21,27.6,19.5,55.46714153561516
2041-12-22,26.4,19.3,6.63585106382979
2041-12-23,24.8,18.7,6.9
2041-12-24,27.1,18.1,2.4
2041-12-25,26.6,18.4,0.0
2041-12-26,25.9,18.5,8.9
2041-12-27,26.3,19.0,27.016723404255313
2041-12-28,25.0,18.5,1.2
2041-12-29,27.4,17.5,0.0
2041-12-30,30.0,17.2,0.0
2041-12-31,28.7,17.6,0.0
2042-01-01,27.2,16.8,0.0
2042-01-02,28.2,15.9,0.0
2042-01-03,30.0,16.5,0.0
2042-01-04,31.7,17.3,0.0
2042-01-05,31.9,19.1,0.0
2042-01-06,31.5,19.4,0.0
2042-01-07,28.6,19.2,16.0
2042-01-08,28.0,18.8,0.0
2042-01-09,29.6,17.2,0.0
2042-01-10,29.9,16.6,0.0
2042-01-11,30.9,16.0,0.0
2042-01-12,30.4,16.9,0.0
2042-01-13,29.8,18.4,8.849999999999998
2042-01-14,30.2,18.2,16.5
2042-01-15,28.0,18.1,1.1
2042-01-16,24.6,18.2,2.7
2042-01-17,26.6,17.9,0.0
2042-01-18,29.9,17.2,1.1
2042-01-19,30.9,18.4,0.0
2042-01-20,31.1,19.6,1.2
2042-01-21,29.6,19.3,9.3
2042-01-22,30.1,18.4,1.0
2042-01-23,30.6,19.3,0.0
2042-01-24,31.317011622678542,20.943188476562497,0.0
2042-01-25,28.8,19.4,9.6
2042-01-26,27.788333541943057,19.3,1.1
2042-01-27,29.4,18.7,0.0
2042-01-28,26.6,18.0,0.0
2042-01-29,30.0,19.2,0.0
2042-01-30,28.9,19.8,0.9
2042-01-31,30.440806766594203,17.9,0.6
2042-02-01,28.7,18.6,0.0
2042-02-02,30.5,17.4,0.0
2042-02-03,32.7,18.4,1.1
2042-02-04,32.0,18.6,0.8
2042-02-05,30.0,18.9,28.323424612339174
2042-02-06,29.2,18.8,25.333487297921476
2042-02-07,29.9,19.1,3.0
2042-02-08,28.1,18.5,1.4
2042-02-09,29.0,18.7,0.0
2042-02-10,29.6,18.5,0.0
2042-02-11,28.9,19.5,4.091685912240185
2042-02-12,29.3,19.0,6.6180138568129365
2042-02-13,29.5,18.62292447555716,17.832794457274826
2042-02-14,29.0,19.0,28.246882217090068
2042-02-15,27.6,19.0,26.82240184757505
2042-02-16,27.3,18.7,3.884757505773673
2042-02-17,26.8,18.3,0.0
2042-02-18,28.1,18.3,2.3
2042-02-19,26.4,18.8,4.4
2042-02-20,27.0,18.6,1.4
2042-02-21,28.6,17.5,0.0
2042-02-22,27.3,17.8,0.0
2042-02-23,28.2,16.3,0.0
2042-02-24,27.9,14.9,0.0
2042-02-25,30.1,16.5,0.0
2042-02-26,32.0,15.203677791890417,0.0
2042-02-27,30.5,18.9,2.5
2042-02-28,29.5,18.3,0.0
2042-03-01,30.100469483568077,16.9,0.0
2042-03-02,24.6,18.2,5.367741935483871
2042-03-03,27.0,18.4,5.654838709677417
2042-03-04,28.9,18.4,10.522580645161293
2042-03-05,29.0,18.5,27.552688172043013
2042-03-06,26.5,18.7,37.34650537634406
2042-03-07,25.9,18.5,0.0
2042-03-08,29.0,18.7,0.0
2042-03-09,28.4,18.7,0.0
2042-03-10,29.5,17.7,0.0
2042-03-11,30.6,18.2,0.0
2042-03-12,29.8,19.8,0.0
2042-03-13,25.98888888888889,19.0,4.3
2042-03-14,25.3,17.8,0.0
2042-03-15,26.5,17.0,0.0
2042-03-16,27.7,16.4,0.0
2042-03-17,28.4,18.7,0.0
2042-03-18,28.7,17.9,0.0
2042-03-19,29.5,16.7,0.0
2042-03-20,29.31538461538462,16.0,0.0
2042-03-21,27.7,17.0,0.0
2042-03-22,27.0,16.076222430891143,0.0
2042-03-23,27.2,18.3,15.72741935483872
2042-03-24,29.0,18.8,0.8
2042-03-25,29.9,17.839215213491194,0.0
2042-03-26,26.71282051282051,17.7,9.967473118279573
2042-03-27,28.3,17.0,0.0
2042-03-28,24.0,16.8,19.0
2042-03-29,24.2,16.9,19.002052785923755
2042-03-30,22.379341014756417,17.3,1.4
2042-03-31,26.5,17.3,0.4
2042-04-01,25.7,18.2,0.0
2042-04-02,26.8,15.2,0.0
2042-04-03,27.6,13.8,0.0
2042-04-04,26.8,16.0,0.0
2042-04-05,26.2,17.6,0.0
2042-04-06,25.5,17.544675324675325,0.0
2042-04-07,24.0,14.8,0.0
2042-04-08,26.2,14.3,0.0
2042-04-09,27.0,13.0,0.0
2042-04-10,26.9,13.2,0.0
2042-04-11,27.0,13.0,0.0
2042-04-12,27.032692307692308,13.2,0.0
2042-04-13,27.1,13.0,0.0
2042-04-14,28.4,13.9,0.0
2042-04-15,27.6,13.6,0.0
2042-04-16,26.6,14.050000000000002,0.0
2042-04-17,27.3,12.9,0.0
2042-04-18,28.2,12.5,0.0
2042-04-19,29.3,11.5,0.0
2042-04-20,29.2,12.3,0.0
2042-04-21,27.0,14.0,0.0
2042-04-22,27.4,12.5,0.0
2042-04-23,28.1,14.7,0.0
2042-04-24,29.0,14.7,0.0
2042-04-25,28.9,14.3,0.0
2042-04-26,28.9,14.3,0.0
2042-04-27,29.0,13.2,0.0
2042-04-28,29.0,14.3,0.0
2042-04-29,28.9,15.0,0.0
2042-04-30,28.4,16.9,0.0
2042-05-01,27.8,13.2,0.0
2042-05-02,28.1,12.8,0.0
2042-05-03,28.8,13.8,0.0
2042-05-04,26.5,19.85595703125,0.0
2042-05-05,26.5,16.737407008730997,0.0
2042-05-06,26.0,12.3,0.0
2042-05-07,25.2,10.0,0.0
2042-05-08,25.4,9.9,0.0
2042-05-09,26.5,10.0,0.0
2042-05-10,26.8,12.5,0.0
2042-05-11,27.6,15.0,0.0
2042-05-12,29.1,19.666015625,0.0
2042-05-13,29.9,19.72705078125,0.0
2042-05-14,30.244093588980018,15.7,0.0
2042-05-15,31.0,15.194799323389189,0.0
2042-05-16,30.1,15.5,0.0
2042-05-17,28.2,12.9,0.0
2042-05-18,28.191763284825676,11.8,0.0
2042-05-19,27.5,10.9,0.0
2042-05-20,27.8,10.0,0.0
2042-05-21,27.0,10.9,0.0
2042-05-22,25.1,11.0,0.0
2042-05-23,26.0,12.0,0.0
2042-05-24,26.0,13.8,0.0
2042-05-25,26.2,13.1,0.0
2042-05-26,24.4,10.5,0.0
2042-05-27,24.9,12.9,0.0
2042-05-28,22.15131291385328,13.2,0.0
2042-05-29,24.1,13.2,0.0
2042-05-30,24.0,10.9,0.0
2042-05-31,24.390276282741297,10.2,0.0
2042-06-01,23.9,10.2,0.0
2042-06-02,24.9,10.9,0.0
2042-06-03,25.9,11.2,0.0
2042-06-04,27.5,11.0,0.0
2042-06-05,30.0,11.5,0.0
2042-06-06,27.2,10.6,0.0
2042-06-07,24.8,12.9,0.0
2042-06-08,23.5,11.162504885308001,0.0
2042-06-09,23.0,7.6,0.0
2042-06-10,23.9,5.7,0.0
2042-06-11,23.4,6.9,0.0
2042-06-12,22.4,9.0,0.0
2042-06-13,22.0,10.234897360703819,0.0
2042-06-14,23.6,8.9,0.0
2042-06-15,24.9,9.0,0.0
2042-06-16,25.6,8.9,0.0
2042-06-17,25.0,9.874564330737865,0.0
2042-06-18,24.2,10.2,0.0
2042-06-19,26.3,7.9,0.0
2042-06-20,27.5,3.9,0.0
2042-06-21,27.7,4.513223401376906,0.0
2042-06-22,25.0,7.0,0.0
2042-06-23,23.003192717646893,8.5,0.0
2042-06-24,21.4,7.6,0.0
2042-06-25,21.0,5.6,0.0
2042-06-26,22.0,5.0,0.0
2042-06-27,23.2,4.9,0.0
2042-06-28,25.0,5.0,0.0
2042-06-29,25.5,6.5,0.0
2042-06-30,24.6,8.8,0.0
2042-07-01,23.3,7.4712894585325555,0.0
2042-07-02,24.237993233892055,6.6,0.0
2042-07-03,24.6,6.9,0.0
2042-07-04,25.322405043825928,7.8,0.0
2042-07-05,26.0,8.4,0.0
2042-07-06,23.906279153211333,11.7,0.0
2042-07-07,22.1,10.9,0.0
2042-07-08,21.9,10.5,0.0
2042-07-09,16.0,12.018683684453329,0.0
2042-07-10,19.466083283701156,7.9,0.0
2042-07-11,20.901806683628532,5.823681377825618,0.0
2042-07-12,23.4,6.2,0.0
2042-07-13,24.9,8.1,0.0
2042-07-14,21.0,11.2,0.0
2042-07-15,19.0,8.8,0.0
2042-07-16,19.0,6.5,0.0
2042-07-17,20.7,4.9,0.0
2042-07-18,23.0,6.926664616330923,0.0
2042-07-19,25.2,9.2,0.0
2042-07-20,26.0,10.7,0.0
2042-07-21,26.72432723358449,11.2,0.0
2042-07-22,29.2,12.2,0.0
2042-07-23,30.7,15.2,0.0
2042-07-24,26.8,15.537905545512874,0.0
2042-07-25,25.1,14.2,0.0
2042-07-26,25.7,13.4,0.0
2042-07-27,26.0,13.6,0.0
2042-07-28,23.2,12.9,0.0
2042-07-29,20.7,11.77186939361321,0.0
2042-07-30,22.3,8.610126687091162,0.0
2042-07-31,24.0,8.5,0.0
2042-08-01,24.3,8.0,0.0
2042-08-02,25.4,9.0,0.0
2042-08-03,24.0,10.6,0.0
2042-08-04,23.0,9.4,0.0
2042-08-05,24.2,7.0,0.0
2042-08-06,27.0,7.768928232893658,0.0
2042-08-07,28.2,9.06634529882529,0.0
2042-08-08,24.1,13.5,0.0
2042-08-09,23.0,11.056335844994615,0.0
2042-08-10,24.5,10.2,0.0
2042-08-11,26.3,10.2,0.0
2042-08-12,27.6,11.7,0.0
2042-08-13,28.9,11.8,0.0
2042-08-14,27.6,14.009538332735325,0.0
2042-08-15,25.17051858418286,13.5,0.0
2042-08-16,24.7,12.556482478172462,0.0
2042-08-17,25.6,11.8,0.0
2042-08-18,25.6,10.3,0.0
2042-08-19,26.5,10.3,0.0
2042-08-20,26.7,11.6,0.0
2042-08-21,26.7,11.9,0.0
2042-08-22,27.0,11.9,0.0
2042-08-23,28.2,12.0,0.0
2042-08-24,29.678543494590762,13.0,0.0
2042-08-25,29.5,13.3,0.0
2042-08-26,28.7,13.9,0.0
2042-08-27,27.0,13.9,0.0
2042-08-28,25.6,13.5,0.0
2042-08-29,25.6,13.2,0.0
2042-08-30,26.6,12.4,0.0
2042-08-31,28.7,13.4,0.0
2042-09-01,31.0,14.0,0.0
2042-09-02,33.0,16.5,0.0
2042-09-03,32.7,17.4,0.0
2042-09-04,32.0,17.4,0.0
2042-09-05,31.2,17.6,0.0
2042-09-06,29.096748980348536,17.5,0.0
2042-09-07,29.6,14.5,0.0
2042-09-08,30.3,15.1,0.0
2042-09-09,30.7,15.0,0.0
2042-09-10,31.5,14.070280109212252,0.0
2042-09-11,32.0,15.6,0.0
2042-09-12,32.9,16.7,0.0
2042-09-13,34.4,18.183211143695026,0.0
2042-09-14,34.786869190543776,19.0,0.0
2042-09-15,36.133987074040085,19.24913862874321,0.0
2042-09-16,35.7029117319898,19.68339218997014,0.0
2042-09-17,35.31103235273236,20.0,0.0
2042-09-18,35.70702905188774,19.7,0.0
2042-09-19,35.4,20.0,0.0
2042-09-20,35.612840325229094,20.433647411669178,0.0
2042-09-21,36.18734860848361,22.170515666149075,0.0
2042-09-22,36.466328606458596,22.176931288354776,0.0
2042-09-23,36.04685611780521,21.586033619384548,0.0
2042-09-24,35.3,20.2,0.0
2042-09-25,35.0,19.674802128903853,0.0
2042-09-26,35.4,19.0,0.0
2042-09-27,32.3,19.9,0.0
2042-09-28,32.3,19.743022256184943,0.0
2042-09-29,35.0,20.2,0.0
2042-09-30,33.0,21.42927494122056,0.0
2042-10-01,33.1,20.3,0.0
2042-10-02,34.1,18.4,0.0
2042-10-03,36.0,17.2,0.0
2042-10-04,37.2,18.8,0.0
2042-10-05,37.2,19.5,0.0
2042-10-06,36.9,20.7,0.0
2042-10-07,36.69540883383189,20.9,0.0
2042-10-08,36.9,20.9,0.0
2042-10-09,37.986477648922495,20.9,0.0
2042-10-10,38.0,20.0,0.0
2042-10-11,33.2,18.8,0.0
2042-10-12,31.5,16.3,0.0
2042-10-13,31.8,13.6,0.0
2042-10-14,33.5,18.73808314885147,0.0
2042-10-15,35.5,20.3,0.0
2042-10-16,32.9,17.5,1.1
2042-10-17,32.1,18.5,0.40400000000000014
2042-10-18,34.9,21.0,0.0
2042-10-19,34.9,19.9,0.0
2042-10-20,36.0,19.2,0.0
2042-10-21,38.0,19.2,0.0
2042-10-22,36.643847421037286,21.4,0.0
2042-10-23,35.6,20.8,0.0
2042-10-24,38.0,20.8,0.0
2042-10-25,38.653662109375,21.2,0.0
2042-10-26,38.583837890625,21.7,0.0
2042-10-27,38.0,22.874349626393645,0.0
2042-10-28,37.19041141850612,21.4,0.0
2042-10-29,38.3951732924081,20.7,0.0
2042-10-30,38.22482583178622,22.400598871680845,0.0
2042-10-31,31.487696846469717,19.6,0.0
2042-11-01,32.0,18.0,0.0
2042-11-02,32.9,19.1,0.0
2042-11-03,36.2,18.4,0.0
2042-11-04,39.45045066685393,20.2,0.0
2042-11-05,40.16015625,21.69119948090471,0.0
2042-11-06,39.56103515625,22.312486137860148,0.0
2042-11-07,39.509033203125,22.0,0.0
2042-11-08,40.931640625,21.9,0.0
2042-11-09,36.8,23.2,0.0
2042-11-10,36.4,21.7,0.0
2042-11-11,36.0,23.02011435531687,0.0
2042-11-12,36.2,23.17622943825698,0.0
2042-11-13,32.0,19.5,0.2
2042-11-14,29.4,19.6,1.0
2042-11-15,30.6,19.5,1.4
2042-11-16,32.3,19.5,0.10196850393700788
2042-11-17,34.436632100183,18.6,0.0
2042-11-18,34.8,23.18859479694624,0.0
2042-11-19,36.0,23.0,0.0
2042-11-20,35.4,21.6731828065557,0.0
2042-11-21,34.9,21.4,0.0
2042-11-22,34.38902903995355,20.5,0.0
2042-11-23,33.442939451505374,19.9,0.0
2042-11-24,32.7,19.7,11.468806783767409
2042-11-25,31.2,19.5,11.407026044821315
2042-11-26,27.5,19.0,22.49876265466817
2042-11-27,26.5,18.2,12.192519685039372
2042-11-28,26.5,19.5,0.0
2042-11-29,30.0,17.5,0.0
2042-11-30,31.1,16.7,0.0
2042-12-01,31.2,17.5,0.0
2042-12-02,31.6,17.9,1.5
2042-12-03,27.0,19.9,1.2
2042-12-04,29.8,19.9,1.7
2042-12-05,30.5,18.2,0.0
2042-12-06,30.7,17.048411471932987,0.0
2042-12-07,31.462679489002163,16.8,0.0
2042-12-08,30.3,19.0,8.6
2042-12-09,30.1,19.0,1.1
2042-12-10,31.4,19.0,0.0
2042-12-11,30.2,19.5,27.65823708206687
2042-12-12,27.864403996912063,19.4,25.0
2042-12-13,27.9,19.4,8.6
2042-12-14,29.2,17.9,0.0
2042-12-15,29.5,17.2,0.0
2042-12-16,30.6,16.7,0.0
2042-12-17,30.8,18.4,0.0
2042-12-18,31.0,20.0,0.5
2042-12-19,30.5,19.6,0.0
2042-12-20,32.47343534061076,19.5,0.0
2042-12-21,30.9,19.7,7.6
2042-12-22,26.861737939132986,19.4,18.43170212765959
2042-12-23,24.368945102260493,18.7,38.24936170212765
2042-12-24,22.899644002530156,18.8,0.0
2042-12-25,27.1,16.42625134553283,0.0
2042-12-26,27.5,16.0,0.0
2042-12-27,29.7,14.123614243820057,0.0
2042-12-28,32.482502858832156,16.1,0.0
2042-12-29,32.60493650717358,17.5,0.0
2042-12-30,28.9,18.6,0.0
2042-12-31,29.4,19.2,0.0
2043-01-01,29.2,17.7,0.0
2043-01-02,30.0,16.6,0.0
2043-01-03,30.6,16.9,0.0
2043-01-04,30.584013331895743,18.4,0.0
2043-01-05,30.2,19.8,0.0
2043-01-06,29.9,18.9,0.0
2043-01-07,29.9,19.0,0.0
2043-01-08,30.0,19.5,1.5499999999999994
2043-01-09,28.7,17.6,0.0
2043-01-10,30.0,16.8,0.0
2043-01-11,29.9,19.467370740674394,5.9
2043-01-12,30.4,19.2,14.3
2043-01-13,29.6,18.5,11.0
2043-01-14,28.8,18.9,20.133333333333333
2043-01-15,29.0,18.4,0.0
2043-01-16,30.2,19.8,2.3
2043-01-17,29.2,19.0,1.1
2043-01-18,29.6,17.9,0.0
2043-01-19,25.0,18.5,4.0
2043-01-20,22.3271696546147,17.3,59.97931034482759
2043-01-21,29.2,18.1,3.5
2043-01-22,27.2,19.486359295004277,11.7
2043-01-23,27.6,17.8,0.0
2043-01-24,27.1,17.4,0.0
2043-01-25,26.0,16.9,0.0
2043-01-26,29.2,16.2,0.0
2043-01-27,29.7,18.9,4.5
2043-01-28,27.6,19.1,4.0
2043-01-29,28.9,18.0,0.0
2043-01-30,29.288620461884754,17.2,0.0
2043-01-31,30.0,17.9,2.0
2043-02-01,27.9,18.3,0.0
2043-02-02,28.2,19.0,13.0
2043-02-03,29.0,18.3,0.0
2043-02-04,30.0,16.9,0.0
2043-02-05,30.9,16.84244878416507,0.0
2043-02-06,30.2,17.7,0.0
2043-02-07,30.2,18.0,0.0
2043-02-08,31.6,18.2,1.3
2043-02-09,30.9,19.0,1.6
2043-02-10,31.0,19.2,1.2
2043-02-11,29.5,18.8,0.0
2043-02-12,29.17568533969011,17.7,0.0
2043-02-13,30.1,16.9,0.0
2043-02-14,29.6,18.5,0.6300230946882218
2043-02-15,31.0,18.7,0.0
2043-02-16,32.7380105081365,16.9,0.0
2043-02-17,30.347425386161976,19.625020368265613,13.111547344110862
2043-02-18,31.7,19.2,17.4
2043-02-19,30.2,18.6,1.4
2043-02-20,31.6,17.8,0.0
2043-02-21,32.7,18.8,0.0
2043-02-22,32.7,19.1,0.0
2043-02-23,32.9,18.4,0.0
2043-02-24,33.949611029253035,19.0,0.0
2043-02-25,32.0,19.5,2.7
2043-02-26,30.4,18.9,3.6
2043-02-27,29.9,17.9,0.0
2043-02-28,31.633798235490715,18.9,0.3
2043-03-01,32.1,19.6,0.0
2043-03-02,31.9,19.880896954820265,0.0
2043-03-03,32.0,19.0,0.0
2043-03-04,32.1,19.0,0.0
2043-03-05,32.361085972850674,19.85266178621252,0.0
2043-03-06,30.7,18.846090952763987,11.822580645161295
2043-03-07,26.2,18.9,19.023460410557185
2043-03-08,25.5,18.6,2.4
2043-03-09,29.0,18.6,2.998387096774195
2043-03-10,28.2,18.7,4.5
2043-03-11,26.2,17.9,1.4
2043-03-12,25.5,17.3,0.0
2043-03-13,23.6,18.2,2.2
2043-03-14,27.8,18.0,0.4
2043-03-15,29.8,17.4,0.0
2043-03-16,30.4,16.9,0.0
2043-03-17,30.5,16.0,0.0
2043-03-18,30.6,17.1,0.0
2043-03-19,31.3,18.0,0.0
2043-03-20,32.0,18.5,0.0
2043-03-21,30.7,19.8,0.0
2043-03-22,28.0,17.9,0.0
2043-03-23,28.7,18.8,0.0
2043-03-24,30.5,17.6,0.0
2043-03-25,30.666165413533832,18.6,0.0
2043-03-26,31.1,18.9,0.0
2043-03-27,30.0,17.6,0.0
2043-03-28,30.7,16.8,0.0
2043-03-29,32.5677567941041,16.5,0.0
2043-03-30,32.99305555555556,16.5,0.0
2043-03-31,32.5,18.8,0.0
2043-04-01,32.2,19.7,0.0
2043-04-02,30.7,19.33603238866397,0.0
2043-04-03,29.8,17.2,0.0
2043-04-04,30.0,15.7,0.0
2043-04-05,30.7,15.9,0.0
2043-04-06,31.1,16.3,0.0
2043-04-07,31.732124352331606,16.2,0.0
2043-04-08,31.7,16.3,0.0
2043-04-09,30.9,16.4,0.0
2043-04-10,31.4,15.6,0.0
2043-04-11,33.80408163265305,15.0,0.0
2043-04-12,31.95773195876288,17.6,0.0
2043-04-13,31.0,17.1,0.0
2043-04-14,31.1,17.0,0.0
2043-04-15,31.7,17.3,0.0
2043-04-16,31.459016393442617,18.1,0.0
2043-04-17,31.1,19.094477317554244,0.0
2043-04-18,31.8,17.8,0.0
2043-04-19,31.056115107913673,17.0,0.0
2043-04-20,31.4,16.985079365079365,0.0
2043-04-21,31.91305841924398,16.6,0.0
2043-04-22,32.05719424460432,18.0,0.0
2043-04-23,26.3,19.2,0.0
2043-04-24,26.4,18.89272727272727,1.0
2043-04-25,28.9,17.7,0.0
2043-04-26,31.8,18.43632075471698,0.0
2043-04-27,30.80942028985507,17.0,0.0
2043-04-28,31.1,16.5,0.0
2043-04-29,32.668333333333344,15.9,0.0
2043-04-30,35.8349609375,16.4,0.0
2043-05-01,31.0,18.891843080971128,0.0
2043-05-02,29.9,17.8897746988688,0.0
2043-05-03,30.2,15.06042394004755,0.0
2043-05-04,30.4,13.4,0.0
2043-05-05,29.9,13.656252770214639,0.0
2043-05-06,30.2,14.8,0.0
2043-05-07,29.9,15.6,0.0
2043-05-08,24.1,17.860781288393667,0.0
2043-05-09,30.4,15.3,0.0
2043-05-10,30.433860498675717,15.666580105799701,0.0
2043-05-11,30.4,15.9,0.0
2043-05-12,30.119823604986284,15.6,0.0
2043-05-13,29.6,15.2,0.0
2043-05-14,30.0,14.8,0.0
2043-05-15,30.8,18.92876689391217,0.0
2043-05-16,31.0,20.1708984375,0.0
2043-05-17,30.932083168092447,16.5,0.0
2043-05-18,31.1,17.76147541746415,0.0
2043-05-19,32.22728024188362,17.831901133428204,0.0
2043-05-20,33.31045185677194,17.921292808753666,0.0
2043-05-21,31.1,17.73725179378525,0.0
2043-05-22,32.29842632358181,13.8,0.0
2043-05-23,24.2,16.5,0.0
2043-05-24,22.0,12.6,0.0
2043-05-25,27.5,12.0,0.0
2043-05-26,26.9,12.2,0.0
2043-05-27,26.5,13.2,0.0
2043-05-28,27.5,13.6,0.0
2043-05-29,28.9,11.9,0.0
2043-05-30,29.8,13.1,0.0
2043-05-31,31.0,14.5,0.0
2043-06-01,30.453392658509458,15.9,0.0
2043-06-02,28.0,20.490673828125,0.0
2043-06-03,24.6,17.255298026327328,0.0
2043-06-04,25.0,15.9,0.0
2043-06-05,28.6,14.76377085650726,0.0
2043-06-06,26.2,16.38106711360433,0.0
2043-06-07,24.2,14.131846961347005,0.0
2043-06-08,26.0,12.7,0.0
2043-06-09,25.1,12.7,0.0
2043-06-10,24.2,11.8,0.0
2043-06-11,25.0,11.5,0.0
2043-06-12,25.7,12.0,0.0
2043-06-13,25.2,12.0,0.0
2043-06-14,25.2,11.2,0.0
2043-06-15,25.5,10.7,0.0
2043-06-16,26.3,11.7,0.0
2043-06-17,26.9,12.0,0.0
2043-06-18,27.3,11.8,0.0
2043-06-19,27.648002053563793,11.8,0.0
2043-06-20,27.6,11.8,0.0
2043-06-21,27.9,12.0,0.0
2043-06-22,27.8,12.59188431590657,0.0
2043-06-23,26.36280898529231,13.0,0.0
2043-06-24,25.6,11.5,0.0
2043-06-25,26.0,10.6,0.0
2043-06-26,25.7,11.2,0.0
2043-06-27,27.0,9.7,0.0
2043-06-28,26.0,9.712370295353049,0.0
2043-06-29,21.2,11.6,0.0
2043-06-30,22.6,10.8,0.0
2043-07-01,22.0,8.5,0.0
2043-07-02,23.7,7.9,0.0
2043-07-03,25.3,8.0,0.0
2043-07-04,26.0,9.1,0.0
2043-07-05,26.4,10.2,0.0
2043-07-06,24.7,11.174654930441061,0.0
2043-07-07,22.9,10.4,0.0
2043-07-08,22.9,9.9,0.0
2043-07-09,22.709574427187448,9.8,0.0
2043-07-10,23.6,8.2,0.0
2043-07-11,24.7,9.5,0.0
2043-07-12,25.7,10.4,0.0
2043-07-13,26.380596960464135,11.5,0.0
2043-07-14,26.4,12.102109337425281,0.0
2043-07-15,27.68320102260494,12.4,0.0
2043-07-16,29.0,11.49168998923573,0.0
2043-07-17,29.7,11.0,0.0
2043-07-18,27.4,9.5,0.0
2043-07-19,24.6,13.6,0.0
2043-07-20,23.997349138210534,11.2,0.0
2043-07-21,24.4,9.774509922830843,0.0
2043-07-22,25.9,10.4,0.0
2043-07-23,27.68320102260494,10.7,0.0
2043-07-24,28.6,11.0,0.0
2043-07-25,29.5,12.71322658772873,0.0
2043-07-26,28.0,14.394388694051875,0.0
2043-07-27,26.0,12.9,0.0
2043-07-28,25.8,10.2,0.0
2043-07-29,26.3,10.0,0.0
2043-07-30,26.7,11.9,0.0
2043-07-31,29.0,13.0,0.0
2043-08-01,30.5,13.263273795406034,0.0
2043-08-02,29.9,10.9,0.0
2043-08-03,28.9,11.4,0.0
2043-08-04,25.5,15.044877077069648,0.0
2043-08-05,24.2,12.4,0.0
2043-08-06,24.7,11.0,0.0
2043-08-07,25.07577724308238,10.2,0.0
2043-08-08,25.0,9.2,0.0
2043-08-09,26.2,8.9,0.0
2043-08-10,27.7,11.4,0.0
2043-08-11,28.0,13.5,0.0
2043-08-12,28.7,14.5,0.0
2043-08-13,29.2,14.7,0.0
2043-08-14,28.7,14.6,0.0
2043-08-15,28.6,14.2,0.0
2043-08-16,28.7,14.5,0.0
2043-08-17,29.1,13.7,0.0
2043-08-18,29.7,13.9,0.0
2043-08-19,29.5,14.5,0.0
2043-08-20,30.8,14.297641647910755,0.0
2043-08-21,33.09203265904087,14.2,0.0
2043-08-22,30.5,15.4,0.0
2043-08-23,29.2,13.9,0.0
2043-08-24,28.9,15.6,0.0
2043-08-25,28.3,16.0,0.0
2043-08-26,28.7,15.8,0.0
2043-08-27,31.2,15.922369989698716,0.0
2043-08-28,29.1,16.7,0.0
2043-08-29,24.7,14.1,0.0
2043-08-30,24.2,10.8,0.0
2043-08-31,24.6,9.5,0.0
2043-09-01,25.26831533244824,10.125465795328141,0.0
2043-09-02,27.5,10.026479748740432,0.0
2043-09-03,30.7,10.082475299352222,0.0
2043-09-04,31.6,10.6,0.0
2043-09-05,31.6,14.4,0.0
2043-09-06,30.2,16.91481090100112,0.0
2043-09-07,29.1,14.8,0.0
2043-09-08,30.0,12.2,0.0
2043-09-09,31.4,12.0,0.0
2043-09-10,32.71943236592848,13.9,0.0
2043-09-11,32.6,17.2,0.0
2043-09-12,31.3,17.6,0.0
2043-09-13,31.9,15.5,0.0
2043-09-14,32.5,15.7,0.0
2043-09-15,30.0,17.3,0.0
2043-09-16,29.79264750822037,14.2,0.0
2043-09-17,32.6,13.5,0.0
2043-09-18,34.7,13.9,0.0
2043-09-19,35.6,17.6,0.0
2043-09-20,36.40209689252835,19.0,0.0
2043-09-21,36.6693837021091,19.6,0.0
2043-09-22,36.09464871997233,19.6,0.0
2043-09-23,39.395751953125,19.7,0.0
2043-09-24,34.0,20.302707904272083,0.0
2043-09-25,32.6,19.0,0.0
2043-09-26,32.8,18.25484298793531,0.0
2043-09-27,34.7,17.810591288795834,0.0
2043-09-28,35.66299973827128,19.0,0.0
2043-09-29,36.828926991548784,19.3,0.0
2043-09-30,36.192911832287294,20.33620359255059,0.0
2043-10-01,36.31825161702086,20.7,0.0
2043-10-02,37.0,20.0,0.0
2043-10-03,38.0,20.1,0.0
2043-10-04,38.044236333103484,20.7,0.0
2043-10-05,35.42696861803426,21.9,0.0
2043-10-06,34.52561503082492,19.9,0.0
2043-10-07,34.9,18.4,0.0
2043-10-08,38.004718566616845,19.4,0.0
2043-10-09,38.0,20.3,0.0
2043-10-10,36.6,21.901552271351804,0.0
2043-10-11,36.5,21.0,0.0
2043-10-12,36.0,21.2,0.0
2043-10-13,33.1,21.0,0.0
2043-10-14,32.0,20.2,0.0
2043-10-15,33.2,19.6,0.0
2043-10-16,34.6,19.9,0.0
2043-10-17,33.6,20.3,0.0
2043-10-18,34.4,19.6,0.0
2043-10-19,35.17681685375979,20.1,0.0
2043-10-20,34.7,20.7,0.0
2043-10-21,34.5,20.0,0.0
2043-10-22,36.355416900844936,20.4,0.0
2043-10-23,36.5,21.7,0.0
2043-10-24,37.08395062298747,21.40065889321984,0.0
2043-10-25,38.0,21.7,0.0
2043-10-26,38.0,21.940538305529493,0.0
2043-10-27,36.0,22.183130937326894,0.0
2043-10-28,36.0,21.6,0.0
2043-10-29,36.3,21.626753604263346,0.0
2043-10-30,37.31610641242498,23.0,0.0
2043-10-31,37.2,23.05712570215981,0.0
2043-11-01,40.41650390625,25.027685546875,0.0
2043-11-02,40.76513671875,25.87998046875,0.0
2043-11-03,36.0,19.8,5.1
2043-11-04,33.5,19.5,0.0
2043-11-05,32.3,20.5,0.0
2043-11-06,31.6,19.1,0.0
2043-11-07,32.1,19.2,0.0
2043-11-08,35.5,19.5,0.0
2043-11-09,34.1,22.52981336630931,0.0
2043-11-10,32.8,20.5,0.0
2043-11-11,33.9,20.0,0.0
2043-11-12,34.973594364108266,19.9,0.0
2043-11-13,36.0,22.30667982128179,0.0
2043-11-14,40.021728515625,21.55463609983448,0.0
2043-11-15,39.914794921875,24.716650390625,0.0
2043-11-16,38.09340717896794,22.989858076110632,0.0
2043-11-17,36.0,22.1,0.0
2043-11-18,35.4,21.42044469568495,0.0
2043-11-19,36.77563806528326,20.2,0.0
2043-11-20,37.88954206821771,21.5,0.0
2043-11-21,37.302766101961865,23.205607727170403,0.0
2043-11-22,36.0,19.9,0.7
2043-11-23,33.0,19.4,1.6
2043-11-24,27.047462092383352,18.5,33.590551181102356
2043-11-25,27.5,18.9,0.0
2043-11-26,30.1,18.5,0.0
2043-11-27,31.2,18.4,0.0
2043-11-28,31.9,16.6,0.0
2043-11-29,32.3,16.2,0.0
2043-11-30,32.3,17.5,0.0
2043-12-01,32.73200300515484,19.8,0.0
2043-12-02,33.7,20.0,0.0
2043-12-03,31.6,20.3,0.9
2043-12-04,32.4,19.9,0.0
2043-12-05,33.283566605804836,20.3,0.0
2043-12-06,33.7,20.0,0.0
2043-12-07,33.93969778824862,20.115662231570216,0.0
2043-12-08,34.08899201819765,20.5,0.0
2043-12-09,33.7,22.563886785848595,0.3
2043-12-10,32.527161036815194,21.858526662527012,0.0
2043-12-11,34.20732421875,23.655487060546875,0.0
2043-12-12,34.199748069761725,23.89590454101563,0.0
2043-12-13,34.448046875,21.634684245479157,0.0
2043-12-14,34.13623365746656,23.3924560546875,0.0
2043-12-15,33.98762109795472,21.0,0.0
2043-12-16,34.14079639400429,21.0,0.0
2043-12-17,34.74638671875,21.386652618487098,0.0
2043-12-18,36.172412109375,21.0,0.0
2043-12-19,37.713427734375,21.376217806489947,0.0
2043-12-20,33.820510997826794,19.9,4.0
2043-12-21,28.01215472070741,19.8,0.0
2043-12-22,32.485333306732485,19.8,0.0
2043-12-23,34.225634765625,19.2,0.0
2043-12-24,35.311328125,21.0,0.0
2043-12-25,34.00723236590365,21.0,2.2272340425531922
2043-12-26,31.6,20.3313641934875,0.0
2043-12-27,28.7,20.089006506495604,36.299395296752486
2043-12-28,27.7,19.9,32.7
2043-12-29,30.0,18.7,0.0
2043-12-30,31.0,17.6,0.0
2043-12-31,32.1,18.0,0.0
2044-01-01,31.936460184744778,19.2,0.0
2044-01-02,31.8,21.941967773437497,0.0
2044-01-03,30.9,19.9,0.3
2044-01-04,30.6,19.9,32.3
2044-01-05,29.9,19.4,5.8
2044-01-06,30.9,19.9,1.4
2044-01-07,31.827619637759156,19.9,9.53333333333333
2044-01-08,28.6,19.5,43.0
2044-01-09,29.5,19.599602795806877,12.4
2044-01-10,28.1,19.6,42.74545454545456
2044-01-11,30.0,19.3,9.8
2044-01-12,29.4,18.8,8.5
2044-01-13,28.5,19.5,26.366666666666667
2044-01-14,28.0,19.6,42.71636363636363
2044-01-15,26.4,19.3,14.3
2044-01-16,25.9,19.0,1.1
2044-01-17,28.6,19.5,18.966666666666665
2044-01-18,29.8,18.852656883534646,16.7
2044-01-19,27.3,19.8,5.6
2044-01-20,30.4,19.5,0.9
2044-01-21,30.9,18.6,2.7
2044-01-22,30.0,19.5,5.5
2044-01-23,27.5,19.6,8.733333333333334
2044-01-24,28.6,19.6,10.7
2044-01-25,30.3,19.6,2.1
2044-01-26,29.2,19.3,9.46666666666667
2044-01-27,29.2,18.7,11.0
2044-01-28,29.9,18.9,7.2
2044-01-29,29.2,18.8,11.5
2044-01-30,30.0,18.9,4.5
2044-01-31,26.046156606221192,19.4,11.0
2044-02-01,26.5,19.0,17.049422632794464
2044-02-02,26.9,18.9,22.578521939953813
2044-02-03,27.2,18.8,10.2
2044-02-04,28.1,19.0,19.90889145496537
2044-02-05,26.9,19.0,26.8
2044-02-06,29.1,19.0,5.222863741339491
2044-02-07,28.0,18.874496486095516,16.4
2044-02-08,29.9,18.6,19.7
2044-02-09,28.5,18.7,22.51108545034642
2044-02-10,27.0,18.5,12.275057736720557
2044-02-11,26.5,18.7,9.2
2044-02-12,25.0,18.9,4.4
2044-02-13,28.6,18.9,17.377598152424945
2044-02-14,27.9,18.9,8.549653579676681
2044-02-15,27.4,18.9,3.0
2044-02-16,27.8,19.0,21.0
2044-02-17,25.0,18.9,23.373705047839
2044-02-18,26.0,18.8,9.2
2044-02-19,25.6,18.6,2.2
2044-02-20,26.7,18.6,6.4
2044-02-21,25.9,18.9,0.0
2044-02-22,30.5,18.3,0.0
2044-02-23,30.815053193837453,18.9,3.6
2044-02-24,29.0,19.0,0.0
2044-02-25,27.9,18.9,8.549653579676681
2044-02-26,26.9,18.9,17.720369515011548
2044-02-27,28.1,18.5,15.0
2044-02-28,25.118534832702835,18.9,6.908083140877592
2044-03-01,25.759,18.9,9.0
2044-03-02,28.5,18.995263724434867,0.9
2044-03-03,25.268336192109775,18.8,25.725806451612904
2044-03-04,25.2,18.7,25.31491935483871
2044-03-05,28.5,18.6,26.77880184331798
2044-03-06,30.20297872340426,18.9,16.13225806451613
2044-03-07,28.8,18.8,9.0
2044-03-08,28.2,19.0,26.81244239631337
2044-03-09,26.2,18.8,19.087683284457476
2044-03-10,26.7,18.8,1.0
2044-03-11,28.0,18.3,0.0
2044-03-12,27.7,18.3,0.0
2044-03-13,26.4,18.4,0.0
2044-03-14,26.5,18.7,0.0
2044-03-15,29.2,17.7,0.0
2044-03-16,29.9,17.5,0.0
2044-03-17,29.9,17.4,0.0
2044-03-18,28.7,18.3,14.806451612903226
2044-03-19,27.2,18.5,17.885806451612904
2044-03-20,25.6,18.8,1.7
2044-03-21,25.22607204116638,18.7,1.0209677419354835
2044-03-22,24.4,18.3,9.048387096774192
2044-03-23,23.711627906976744,18.5,10.6
2044-03-24,26.7,18.7,1.4
2044-03-25,29.0,18.7,0.0
2044-03-26,29.9,17.9,0.0
2044-03-27,29.0,18.2,0.8
2044-03-28,27.7,16.3,0.0
2044-03-29,28.0,14.9,0.0
2044-03-30,28.0,15.7,0.0
2044-03-31,26.6,17.7,0.0
2044-04-01,27.1,19.0,0.0
2044-04-02,26.8,18.4,0.0
2044-04-03,27.2,16.2,0.0
2044-04-04,27.2,15.1,0.0
2044-04-05,28.5,13.0,0.0
2044-04-06,27.448214285714286,15.2,0.0
2044-04-07,26.7,12.6,0.0
2044-04-08,27.4,10.9,0.0
2044-04-09,28.277272727272727,11.5,0.0
2044-04-10,27.0,12.8,0.0
2044-04-11,26.918085106382975,12.0,0.0
2044-04-12,27.407142857142855,12.0,0.0
2044-04-13,28.4,12.0,0.0
2044-04-14,28.3,13.2,0.0
2044-04-15,28.6,13.0,0.0
2044-04-16,27.1,12.7,0.0
2044-04-17,26.1,12.5,0.0
2044-04-18,26.0,12.9,0.0
2044-04-19,27.2,14.3,0.0
2044-04-20,27.0,13.2,0.0
2044-04-21,27.2,12.5,0.0
2044-04-22,28.5,14.3,0.0
2044-04-23,25.4,15.686249999999998,0.0
2044-04-24,27.4,13.7,0.0
2044-04-25,23.7,13.7,0.0
2044-04-26,23.7,17.0,0.9666666666666666
2044-04-27,26.0,17.6,0.0
2044-04-28,28.6,17.3,0.0
2044-04-29,28.522935779816514,17.8,0.0
2044-04-30,29.5,17.5,0.0
2044-05-01,28.5,17.786544051271377,0.0
2044-05-02,25.2,16.2,0.0
2044-05-03,25.6,12.1,0.0
2044-05-04,25.4,10.2,0.0
2044-05-05,25.9,9.9,0.0
2044-05-06,27.5,8.5,0.0
2044-05-07,24.7,15.9,0.0
2044-05-08,26.3,17.203846602772725,0.0
2044-05-09,27.51037982469629,12.5,0.0
2044-05-10,27.2,11.8,0.0
2044-05-11,26.0,12.8,0.0
2044-05-12,26.1,11.5,0.0
2044-05-13,27.6,8.9,0.0
2044-05-14,28.7,8.894822253409815,0.0
2044-05-15,29.024627499858358,9.0,0.0
2044-05-16,30.0,11.0,0.0
2044-05-17,30.0,10.861444803253256,0.0
2044-05-18,24.5,13.6,0.0
2044-05-19,23.5,10.1,0.0
2044-05-20,24.6,7.9,0.0
2044-05-21,24.6,8.7,0.0
2044-05-22,24.5,9.1,0.0
2044-05-23,25.2,6.9,0.0
2044-05-24,26.0,8.0,0.0
2044-05-25,25.7,10.0,0.0
2044-05-26,26.0,10.1,0.0
2044-05-27,25.6,9.0,0.0
2044-05-28,25.3,9.0,0.0
2044-05-29,25.9,9.5,0.0
2044-05-30,27.5,8.7,0.0
2044-05-31,25.3,7.2,0.0
2044-06-01,20.9,8.4,0.0
2044-06-02,22.5,8.2,0.0
2044-06-03,22.7,6.2,0.0
2044-06-04,24.0,3.3793386591161907,0.0
2044-06-05,25.4,5.451451503849593,0.0
2044-06-06,23.9,11.0,0.0
2044-06-07,22.5,9.6,0.0
2044-06-08,24.9,7.3,0.0
2044-06-09,25.8,9.0,0.0
2044-06-10,25.0,12.3,0.0
2044-06-11,23.94151365875504,11.8,0.0
2044-06-12,23.254252588346027,9.0,0.0
2044-06-13,24.3,8.9,0.0
2044-06-14,23.11396472270777,10.9,0.0
2044-06-15,22.9,11.2,0.0
2044-06-16,24.3,8.930766210822483,0.0
2044-06-17,24.7,6.8,0.0
2044-06-18,22.9,10.6,0.0
2044-06-19,22.9,8.2,0.0
2044-06-20,18.92532516158113,10.9,0.0
2044-06-21,23.0,10.5,0.0
2044-06-22,23.4,8.6,0.0
2044-06-23,23.6,10.0,0.0
2044-06-24,24.02613756887498,11.1,0.0
2044-06-25,25.5,9.9,0.0
2044-06-26,26.6,8.9,0.0
2044-06-27,27.8,10.5,0.0
2044-06-28,28.65907627860744,12.7,0.0
2044-06-29,28.0,12.6,0.0
2044-06-30,27.0,11.9,0.0
2044-07-01,26.2,10.5,0.0
2044-07-02,23.9,12.1,0.0
2044-07-03,22.6,9.2,0.0
2044-07-04,25.2,6.7,0.0
2044-07-05,26.1,7.9,0.0
2044-07-06,25.4,11.9,0.0
2044-07-07,23.6,11.9,0.0
2044-07-08,22.5,11.7,0.0
2044-07-09,25.4,10.2,0.0
2044-07-10,27.4,11.0,0.0
2044-07-11,25.0,12.7,0.0
2044-07-12,22.1,12.2,0.0
2044-07-13,20.9,13.4,0.0
2044-07-14,24.3,10.3,0.0
2044-07-15,27.180108499957125,11.213249403285433,0.0
2044-07-16,28.0,12.1,0.0
2044-07-17,28.2,11.7,0.0
2044-07-18,25.2,14.0,0.0
2044-07-19,24.0,11.1,0.0
2044-07-20,24.5,9.9,0.0
2044-07-21,24.7,10.9,0.0
2044-07-22,22.3,12.2,0.0
2044-07-23,22.6,11.0,0.0
2044-07-24,22.0,9.8,0.0
2044-07-25,24.0,9.4,0.0
2044-07-26,27.1,10.757824528893185,0.0
2044-07-27,28.209122712594166,12.2,0.0
2044-07-28,24.6,14.2,0.0
2044-07-29,21.6,11.5,0.0
2044-07-30,23.4,9.2,0.0
2044-07-31,25.3,9.4,0.0
2044-08-01,24.683530678148543,8.7,0.0
2044-08-02,27.04180839612486,8.009876958497788,0.0
2044-08-03,27.0,10.3,0.0
2044-08-04,25.9,11.4,0.0
2044-08-05,26.3,10.855543595263725,0.0
2044-08-06,25.8,12.0,0.0
2044-08-07,25.6,11.7,0.0
2044-08-08,26.7,11.0,0.0
2044-08-09,28.0,12.0,0.0
2044-08-10,24.1,13.0,0.0
2044-08-11,24.37934686253403,10.3,0.0
2044-08-12,25.6,10.0,0.0
2044-08-13,28.2,11.2,0.0
2044-08-14,25.338633917213034,14.5,0.0
2044-08-15,20.206897566181972,12.0,0.0
2044-08-16,21.933902534494568,8.7,0.0
2044-08-17,24.0,6.7,0.0
2044-08-18,26.7,8.6,0.0
2044-08-19,28.4,11.7,0.0
2044-08-20,27.5,14.2,0.0
2044-08-21,25.9,14.5,0.0
2044-08-22,24.0,13.0,0.0
2044-08-23,24.4,11.5,0.0
2044-08-24,26.6,12.3,0.0
2044-08-25,28.7,13.0,0.0
2044-08-26,31.0,13.9,0.0
2044-08-27,32.9,15.6,0.0
2044-08-28,32.78371293668655,16.7,0.0
2044-08-29,28.2,16.51819612667456,0.0
2044-08-30,30.2,14.7,0.0
2044-08-31,31.4,16.0,0.0
2044-09-01,28.0,16.9,0.0
2044-09-02,27.6,14.2,0.0
2044-09-03,29.76803407938002,13.5,0.0
2044-09-04,33.5,16.0,0.0
2044-09-05,33.1,19.0,0.0
2044-09-06,31.2,18.8,0.5816326530612245
2044-09-07,33.5,16.9,0.0
2044-09-08,33.2,17.3,1.1326530612244898
2044-09-09,29.0,16.9,3.9
2044-09-10,26.0,15.6,0.0
2044-09-11,22.34894327030033,15.6,0.0
2044-09-12,26.7,12.9,0.0
2044-09-13,28.9,12.7,0.0
2044-09-14,31.9,14.6,0.0
2044-09-15,34.0,17.9,0.0
2044-09-16,34.8,19.4,0.0
2044-09-17,34.8,20.0,0.0
2044-09-18,35.1,19.9,0.0
2044-09-19,36.0,19.7,0.0
2044-09-20,35.2,20.26081904352839,0.0
2044-09-21,34.4,20.0,0.0
2044-09-22,35.02319117772891,21.2,0.0
2044-09-23,34.62522061549871,20.5,0.0
2044-09-24,35.4,22.676066695962216,0.0
2044-09-25,33.5,21.35724341174693,0.0
2044-09-26,34.86693151120293,19.6,0.0
2044-09-27,30.0,18.4,0.0
2044-09-28,32.31999191020326,20.199008748885685,0.0
2044-09-29,35.4,22.471622201672286,0.0
2044-09-30,35.6,20.5,0.0
2044-10-01,36.0,20.4,0.0
2044-10-02,34.9,18.1,2.2493333333333334
2044-10-03,28.4,18.3,0.0
2044-10-04,26.8,17.1,0.0
2044-10-05,27.0,14.9,0.0
2044-10-06,28.7,13.519467658283588,0.0
2044-10-07,31.8,12.82525069401167,0.0
2044-10-08,33.4,14.2,0.0
2044-10-09,34.69494374566848,16.7,0.0
2044-10-10,34.7,18.0,0.0
2044-10-11,35.1,17.6,0.0
2044-10-12,38.0,17.8,0.0
2044-10-13,38.0,18.0,0.0
2044-10-14,38.319829564144094,17.4,0.0
2044-10-15,38.202104988731605,22.0,0.0
2044-10-16,38.20104546755288,23.760340243306416,0.0
2044-10-17,38.0,23.244843741728268,0.0
2044-10-18,36.30668908427559,21.939737222635433,0.0
2044-10-19,36.5,21.7,0.0
2044-10-20,35.20980077290935,21.928922603565596,0.0
2044-10-21,35.5,21.0,0.0
2044-10-22,35.2,20.9,0.0
2044-10-23,34.9,20.5,0.0
2044-10-24,35.0,20.1,0.0
2044-10-25,34.2,20.2,0.0
2044-10-26,32.6,20.4,0.0
2044-10-27,30.9,18.7,0.0
2044-10-28,32.94737813316931,19.4,0.0
2044-10-29,35.1,19.5,0.0
2044-10-30,36.3,20.1,0.0
2044-10-31,36.5,20.4,0.0
2044-11-01,40.857666015625,20.433757732412516,0.0
2044-11-02,39.7392578125,23.2,0.0
2044-11-03,36.2,21.9,0.0
2044-11-04,40.4189453125,21.9,0.0
2044-11-05,40.77001953125,22.4,0.0
2044-11-06,37.06216352311236,23.208253350283382,0.0
2044-11-07,33.2,21.036841607246874,1.0
2044-11-08,28.4,19.1,1.0
2044-11-09,29.5,18.8,0.0
2044-11-10,32.2,18.1,0.0
2044-11-11,33.4,18.2,0.0
2044-11-12,33.76366063302659,17.4,0.0
2044-11-13,35.4,17.3,0.0
2044-11-14,36.8,18.5,0.0
2044-11-15,39.67626953125,19.5,0.0
2044-11-16,40.177001953125,19.9,0.0
2044-11-17,41.920654296875,20.5,0.0
2044-11-18,40.291015625,24.369970703125,0.0
2044-11-19,37.207734312406174,22.3,0.0
2044-11-20,36.5,22.3,0.0
2044-11-21,34.18209121245828,21.58953997262678,0.0
2044-11-22,35.4,20.9,0.0
2044-11-23,33.511393176588896,19.9,0.0
2044-11-24,34.633061124827044,20.9,0.0
2044-11-25,32.9,19.8,0.8
2044-11-26,32.0,19.5,18.956397637795273
2044-11-27,28.2,19.4,22.479640044994376
2044-11-28,25.4,18.5,14.25
2044-11-29,27.0,18.5,0.0
2044-11-30,30.3,18.3,0.0
2044-12-01,31.0,18.4,0.0
2044-12-02,32.57307719164283,18.2,0.0
2044-12-03,33.7,19.8,0.0
2044-12-04,33.7,19.8,1.4
2044-12-05,29.3,19.9,8.17425531914894
2044-12-06,27.9,19.4,2.2272340425531922
2044-12-07,28.3,18.5,0.0
2044-12-08,28.9,17.9,0.0
2044-12-09,28.7,17.0,0.0
2044-12-10,30.2,16.9,0.0
2044-12-11,30.2,17.4,0.0
2044-12-12,30.6,17.0,0.0
2044-12-13,31.6,17.0,0.0
2044-12-14,31.546393972012904,19.680869120115624,0.0
2044-12-15,31.6,20.30266667143368,0.0
2044-12-16,32.804529197667826,19.2,0.0
2044-12-17,33.9043422629323,19.557578599336434,0.0
2044-12-18,34.1052237138737,20.0,0.9
2044-12-19,33.7,19.4,3.6
2044-12-20,33.29001547976752,20.0,3.3862765957446817
2044-12-21,32.4,20.0,21.400000000000055
2044-12-22,28.2,19.9,27.715501519756838
2044-12-23,30.7,19.647144158317474,4.4
2044-12-24,30.7,19.5,1.3
2044-12-25,31.4,19.8,0.0
2044-12-26,31.6,19.969792411891905,1.723617021276596
2044-12-27,31.8,21.0,0.0
2044-12-28,29.7,21.0,0.9
2044-12-29,28.856617188827823,20.5,0.0
2044-12-30,31.0,20.0,18.87829787234043
2044-12-31,27.1,19.5,6.4
2045-01-01,27.6,19.3,21.679999999999996
2045-01-02,25.14775561195226,18.7,8.1
2045-01-03,23.981768056266784,18.8,47.41562499999998
2045-01-04,24.798872470670105,19.0,3.7
2045-01-05,25.9,18.7,18.4
2045-01-06,27.1,18.4,0.8
2045-01-07,26.2,17.9,17.9
2045-01-08,27.2,18.4,3.0
2045-01-09,27.9,19.3,19.0
2045-01-10,28.329143668552323,18.9,14.0
2045-01-11,29.5,18.9,0.0
2045-01-12,30.0,18.8,6.4
2045-01-13,26.4,19.3,28.066666666666666
2045-01-14,24.4,18.7,3.2
2045-01-15,26.7,19.2,0.0
2045-01-16,27.7,18.5,0.0
2045-01-17,29.9,17.3,0.0
2045-01-18,30.327989915585515,16.85739348216986,0.0
2045-01-19,31.57057771404636,19.1,0.0
2045-01-20,30.9,19.3,0.0
2045-01-21,30.9,18.8,0.0
2045-01-22,30.4,19.6,11.2
2045-01-23,26.5,19.0,60.37500000000001
2045-01-24,26.7,17.2,0.7
2045-01-25,27.9,16.6,0.0
2045-01-26,29.1,16.0,0.0
2045-01-27,29.9,17.1,0.0
2045-01-28,30.5,19.9,0.0
2045-01-29,30.1,19.2,0.0
2045-01-30,29.7,18.7,0.0
2045-01-31,30.1,20.720842554867275,0.0
2045-02-01,30.6,19.474256336570075,1.5
2045-02-02,29.9,19.1,1.8
2045-02-03,29.9,19.0,5.734411085450348
2045-02-04,29.0,18.4,7.867898383371826
2045-02-05,25.2,17.4,0.6
2045-02-06,26.4,16.4,0.0
2045-02-07,29.9,18.6,0.0
2045-02-08,27.7,19.2,0.0
2045-02-09,24.7,17.5,3.0
2045-02-10,29.9,18.7,0.31385681293302536
2045-02-11,30.158659117997615,19.450759320756408,0.0
2045-02-12,28.9,19.0,0.6300230946882218
2045-02-13,25.7,17.0,3.0
2045-02-14,28.4753539347074,16.9,0.0
2045-02-15,28.442062269252013,18.516354797231045,0.0
2045-02-16,29.0,18.6,0.0
2045-02-17,30.0,17.6,0.0
2045-02-18,30.5,17.7,0.0
2045-02-19,31.6,16.5,0.0
2045-02-20,31.74178328109595,17.0,0.0
2045-02-21,31.142650152873497,17.3,0.0
2045-02-22,31.0,18.0,0.0
2045-02-23,27.3,18.8,3.0
2045-02-24,29.9,19.0,0.0
2045-02-25,31.0,19.0,1.4
2045-02-26,31.50547836175798,19.0,1.3
2045-02-27,29.3,19.1,37.928574427881586
2045-02-28,28.5,19.0,9.593302540415705
2045-03-01,27.5,18.0,0.0
2045-03-02,29.9,17.2,0.9
2045-03-03,30.91666666666666,18.0,0.0
2045-03-04,32.5,19.0,4.527956989247312
2045-03-05,32.0,18.7,1.9
2045-03-06,30.7,18.5,0.0
2045-03-07,27.3,19.702499879892112,0.0
2045-03-08,27.6,18.8,0.9
2045-03-09,29.404444444444444,18.2,1.4
2045-03-10,31.56986899563319,19.0,0.0
2045-03-11,32.0,18.0,3.181048387096775
2045-03-12,29.2,18.8,15.980875576036874
2045-03-13,30.7,18.5,0.0
2045-03-14,31.8,19.2,4.527956989247312
2045-03-15,32.0,18.7,3.387096774193549
2045-03-16,29.9,19.41037866318516,6.6967741935483875
2045-03-17,25.3,19.2,6.950000000000002
2045-03-18,25.645384615384618,19.0,15.9
2045-03-19,27.6,19.0,38.82729528535979
2045-03-20,24.6,18.8,19.130498533724346
2045-03-21,27.9,18.8,9.048387096774192
2045-03-22,29.4,19.2,27.552688172043013
2045-03-23,28.2,18.9,15.9
2045-03-24,28.4,18.4,0.0
2045-03-25,28.0,18.0,0.0
2045-03-26,28.3,17.4,0.0
2045-03-27,25.3,17.3,1.6
2045-03-28,27.3,17.9,0.0
2045-03-29,29.5,16.9,0.0
2045-03-30,29.5,17.4,0.0
2045-03-31,28.0,17.9,6.983640552995392
2045-04-01,28.2,17.6,0.0
2045-04-02,27.6,18.4,1.0
2045-04-03,28.2,17.5,0.0
2045-04-04,26.2,17.335338345864663,0.0
2045-04-05,26.563636363636366,15.9,0.0
2045-04-06,27.0,15.2,0.0
2045-04-07,27.5,16.6,0.0
2045-04-08,28.9,14.6,0.0
2045-04-09,25.16894736842105,18.5,0.0
2045-04-10,29.0,16.2,0.0
2045-04-11,29.2,15.9,0.0
2045-04-12,29.0,17.0,0.0
2045-04-13,28.2,16.6,0.0
2045-04-14,27.4,16.2,0.0
2045-04-15,26.8,13.2,0.0
2045-04-16,26.8,9.834597156398104,0.0
2045-04-17,28.0,8.456187290969902,0.0
2045-04-18,28.0,13.7,0.0
2045-04-19,28.339999999999996,13.0,0.0
2045-04-20,28.263636363636362,12.5,0.0
2045-04-21,28.8,11.3,0.0
2045-04-22,28.8,11.77537313432838,0.0
2045-04-23,28.4,13.9,0.0
2045-04-24,28.7,13.5,0.0
2045-04-25,28.1,15.9,0.0
2045-04-26,25.5,17.1,0.0
2045-04-27,28.4,16.3,0.0
2045-04-28,28.9,16.7,0.0
2045-04-29,27.3,16.2,0.0
2045-04-30,29.405102040816324,13.8,0.0
2045-05-01,29.9,10.5,0.0
2045-05-02,28.9,11.7,0.0
2045-05-03,29.7,11.5,0.0
2045-05-04,28.923544040681477,13.8,0.0
2045-05-05,29.2,12.6,0.0
2045-05-06,29.0,11.2,0.0
2045-05-07,27.0297591418456,12.2,0.0
2045-05-08,27.5,10.9,0.0
2045-05-09,29.1,10.3,0.0
2045-05-10,31.0,11.0,0.0
2045-05-11,33.362342472771935,11.3,0.0
2045-05-12,30.9,13.4,0.0
2045-05-13,29.7,14.800489284665803,0.0
2045-05-14,30.4,13.2,0.0
2045-05-15,33.06750942731727,14.4,0.0
2045-05-16,31.1,15.670383199373392,0.0
2045-05-17,24.3,15.3,0.0
2045-05-18,27.0,12.4,0.0
2045-05-19,28.3,10.1,0.0
2045-05-20,28.2,9.6,0.0
2045-05-21,27.2,10.5,0.0
2045-05-22,29.0,9.0,0.0
2045-05-23,29.9,9.5,0.0
2045-05-24,31.063306738571463,11.0,0.0
2045-05-25,33.136205526908235,11.9,0.0
2045-05-26,34.1759765625,11.9,0.0
2045-05-27,34.006298828125,12.2,0.0
2045-05-28,32.3059153848132,14.6,0.0
2045-05-29,32.7,14.0,0.0
2045-05-30,34.50263671875,14.4,0.0
2045-05-31,31.0,14.4,0.0
2045-06-01,27.2,14.7,0.0
2045-06-02,26.9,14.1,0.0
2045-06-03,27.0,13.0,0.0
2045-06-04,29.0,12.9,0.0
2045-06-05,29.533544360968236,14.1,0.0
2045-06-06,30.1,13.2,0.0
2045-06-07,30.4,12.9,0.0
2045-06-08,29.296113875975532,13.7,0.0
2045-06-09,29.3,12.9,0.0
2045-06-10,30.389104061779193,13.8,0.0
2045-06-11,30.756541983956122,16.418683348470783,0.0
2045-06-12,31.738623046875,17.009496291293996,0.0
2045-06-13,30.919961812337416,20.366650390625,0.0
2045-06-14,29.2,17.048378339739575,0.0
2045-06-15,27.8,16.4,0.0
2045-06-16,27.1,14.7,0.0
2045-06-17,27.7,12.9,0.0
2045-06-18,28.5,11.9,0.0
2045-06-19,25.3,15.51569066759231,0.0
2045-06-20,30.396849988012864,20.71943359375,0.0
2045-06-21,30.4,20.8302734375,0.0
2045-06-22,29.3,20.032666015625,0.0
2045-06-23,26.9,15.9,0.0
2045-06-24,25.786569368263585,13.7,0.0
2045-06-25,26.3,11.50998770563785,0.0
2045-06-26,27.0,9.1,0.0
2045-06-27,27.9,7.6,0.0
2045-06-28,28.6,8.5,0.0
2045-06-29,28.0,11.0,0.0
2045-06-30,27.7,11.0,0.0
2045-07-01,26.7,11.5,0.0
2045-07-02,26.0,12.248507327764843,0.0
2045-07-03,24.5,11.7,0.0
2045-07-04,23.9,11.9,0.0
2045-07-05,24.3,12.14327462611364,0.0
2045-07-06,23.2,12.1,0.0
2045-07-07,22.1,9.8,0.0
2045-07-08,22.0,7.1,0.0
2045-07-09,22.7,6.3,0.0
2045-07-10,24.26865754267261,6.5,0.0
2045-07-11,25.4,8.2,0.0
2045-07-12,26.2,9.6,0.0
2045-07-13,26.5,11.0,0.0
2045-07-14,26.7,15.2,0.0
2045-07-15,26.146960023755604,14.22912663951704,0.0
2045-07-16,25.7732293597287,11.4,0.0
2045-07-17,26.4,7.9,0.0
2045-07-18,26.2,9.5,0.0
2045-07-19,25.9,10.0,0.0
2045-07-20,27.6,10.9,0.0
2045-07-21,31.105769192994575,13.4,0.0
2045-07-22,29.0,12.8,0.0
2045-07-23,28.1,13.8,0.0
2045-07-24,25.4,15.0,0.0
2045-07-25,23.2,13.4,0.0
2045-07-26,18.9,11.2,0.0
2045-07-27,16.2,9.9,0.0
2045-07-28,20.446071044133475,5.8,0.0
2045-07-29,25.2,6.0,0.0
2045-07-30,28.1,10.0,0.0
2045-07-31,28.7,13.0,0.0
2045-08-01,25.0,14.2,0.0
2045-08-02,24.92145963401507,11.9,0.0
2045-08-03,25.2,13.2,0.0
2045-08-04,24.7,12.6,0.0
2045-08-05,25.5,11.9,0.0
2045-08-06,26.6,11.2,0.0
2045-08-07,27.6,11.2,0.0
2045-08-08,28.6,12.6,0.0
2045-08-09,25.9,15.2,0.0
2045-08-10,24.2,12.5,0.0
2045-08-11,24.7,11.7,0.0
2045-08-12,26.0,11.9,0.0
2045-08-13,27.0,11.7,0.0
2045-08-14,29.0,13.0,0.0
2045-08-15,29.0,15.2,0.0
2045-08-16,30.0,15.2,0.0
2045-08-17,31.4,16.0,0.0
2045-08-18,31.4,16.4,0.0
2045-08-19,30.0,16.460457335699527,0.0
2045-08-20,29.4,15.4,0.0
2045-08-21,30.0,14.4,0.0
2045-08-22,31.0,14.6,0.0
2045-08-23,31.2,15.420450299990094,0.0
2045-08-24,31.0,16.0,0.0
2045-08-25,32.9,15.96224529450403,0.0
2045-08-26,29.5,17.5,0.0
2045-08-27,31.405988485201597,16.2,0.0
2045-08-28,31.9,17.0,0.0
2045-08-29,26.9,16.9,0.0
2045-08-30,28.0,15.2,0.0
2045-08-31,29.8,15.740956363335261,0.0
2045-09-01,31.4,16.4,0.0
2045-09-02,32.6,17.8,0.0
2045-09-03,33.0,19.84565825364389,0.0
2045-09-04,34.1,20.469784267895854,0.0
2045-09-05,35.1,22.464778871319503,0.0
2045-09-06,36.125131330026065,21.597994161181887,0.0
2045-09-07,36.157205018282006,22.739997644742715,0.0
2045-09-08,35.2,20.2,0.0
2045-09-09,32.24943118616645,20.253657896379192,0.0
2045-09-10,31.0,18.9,0.0
2045-09-11,29.5,17.9,0.0
2045-09-12,29.2,14.5,0.0
2045-09-13,29.9,15.078355580274382,0.0
2045-09-14,30.3,15.448938936480655,0.0
2045-09-15,32.0,15.7,0.0
2045-09-16,33.4,18.5,0.0
2045-09-17,33.2,19.3,0.0
2045-09-18,34.6,19.5,0.0
2045-09-19,35.67260681803312,19.6,0.0
2045-09-20,36.719111480635796,19.6,0.0
2045-09-21,35.3,20.0,0.0
2045-09-22,32.7,20.19801591997413,0.0
2045-09-23,32.5,19.2,0.0
2045-09-24,34.64181188975406,19.0,0.0
2045-09-25,36.522272357301084,20.0,0.0
2045-09-26,39.071044921875,24.450439453125,0.0
2045-09-27,39.447509765625,22.938248098193736,0.0
2045-09-28,39.614990234375,23.86669921875,0.0
2045-09-29,39.51416015625,25.09619140625,0.0
2045-09-30,35.4,22.817214370653474,0.0
2045-10-01,35.0,21.2,0.0
2045-10-02,36.5,20.8,0.0
2045-10-03,36.78459498379588,21.3,0.0
2045-10-04,36.0,23.40197372205193,0.0
2045-10-05,34.4,23.080845892856868,0.0
2045-10-06,34.7,23.0,0.0
2045-10-07,35.0,22.0,0.0
2045-10-08,35.0,20.5,0.0
2045-10-09,34.5,22.849825964658628,0.0
2045-10-10,31.8,20.7,2.2
2045-10-11,26.28652532020658,18.4,0.40400000000000014
2045-10-12,30.1,17.5,0.0
2045-10-13,33.37737517595429,19.0,0.0
2045-10-14,33.0,17.9,0.0
2045-10-15,28.7,19.4,2.532
2045-10-16,23.623242091317554,17.0,14.798000000000012
2045-10-17,14.2150390625,14.389775296017223,0.0
2045-10-18,24.021607939961008,13.6,0.0
2045-10-19,25.65940111556904,14.2,0.0
2045-10-20,26.986457490058626,13.2,0.0
2045-10-21,30.1,14.26526691822709,0.0
2045-10-22,32.8,14.8002691065662,0.0
2045-10-23,31.683976874197015,18.1,0.0
2045-10-24,28.9,16.7,0.0
2045-10-25,29.8,15.3,0.0
2045-10-26,32.5,15.4,0.0
2045-10-27,35.0,16.5,0.0
2045-10-28,38.0,18.2,0.0
2045-10-29,38.0,19.9,0.0
2045-10-30,36.6,20.733999692449625,0.0
2045-10-31,36.0,20.7,0.0
2045-11-01,39.95751953125,20.5,0.0
2045-11-02,35.7,22.0,0.0
2045-11-03,34.8,20.4,0.0
2045-11-04,36.5,20.7,0.0
2045-11-05,38.916556602204686,21.3,0.0
2045-11-06,39.42567600028082,20.7,0.0
2045-11-07,40.768310546875,20.7,0.0
2045-11-08,41.028564453125,22.9,0.0
2045-11-09,40.6240234375,22.9,0.0
2045-11-10,40.063232421875,22.9,0.0
2045-11-11,37.2,20.5,0.0
2045-11-12,37.2,23.337370833366894,0.0
2045-11-13,35.7,19.5,0.1
2045-11-14,30.4,19.4,0.0
2045-11-15,32.3,19.9,0.0
2045-11-16,32.5,19.7,0.0
2045-11-17,33.8,19.5,0.0
2045-11-18,35.4,23.2,0.0
2045-11-19,34.3327484766442,21.4,0.0
2045-11-20,32.8,20.5,0.0
2045-11-21,34.1,20.2,0.0
2045-11-22,34.2,20.4,0.0
2045-11-23,34.8,19.6,0.0
2045-11-24,36.4,19.4,0.0
2045-11-25,39.99267578125,22.9,0.0
2045-11-26,39.059010934999755,23.0,0.0
2045-11-27,39.301802667415586,20.5,0.0
2045-11-28,35.7,20.8912523465177,0.0
2045-11-29,34.0,19.9,10.5
2045-11-30,31.5,19.6,1.4
2045-12-01,27.0,20.2,8.17425531914894
2045-12-02,30.2,19.9,3.6
2045-12-03,30.579752421959085,19.8,7.0
2045-12-04,29.6,19.670764262648003,8.6
2045-12-05,29.4,19.5,3.6
2045-12-06,26.3,19.5,52.93171849427169
2045-12-07,29.0,19.4,11.0
2045-12-08,27.9,19.516623083277654,25.813049645390066
2045-12-09,27.0,19.55782093966814,28.90851063829787
2045-12-10,25.0,19.5,6.9
2045-12-11,24.8,18.9,52.4
2045-12-12,23.4,17.1,114.9
2045-12-13,22.056760438924858,16.7,2.1
2045-12-14,23.9,17.7,0.0
2045-12-15,25.4,18.2,1.6
2045-12-16,29.2,17.0,0.0
2045-12-17,29.7,17.3,1.7
2045-12-18,28.2,19.7,0.0
2045-12-19,31.0,19.0,0.0
2045-12-20,31.6,17.2,0.0
2045-12-21,30.252000843685444,17.4,0.0
2045-12-22,29.7,19.4,2.2272340425531922
2045-12-23,30.1,18.2,0.5
2045-12-24,30.3,19.5,0.0
2045-12-25,29.2,18.9,0.0
2045-12-26,27.66921420882669,19.8,0.9
2045-12-27,28.5,19.5,0.0
2045-12-28,29.6,18.1,0.0
2045-12-29,30.1,16.9,0.0
2045-12-30,31.039901776103328,16.7,0.0
2045-12-31,32.28206592088946,17.1,0.0
2046-01-01,30.0,18.5,0.0
2046-01-02,29.6,17.7,0.0
2046-01-03,30.55248011085953,16.8,0.0
2046-01-04,32.0,17.7,0.0
2046-01-05,33.84853006236246,18.5,0.0
2046-01-06,32.1803598380944,19.6,2.1
2046-01-07,26.1,19.2,39.0
2046-01-08,23.1,17.0,47.331250000000004
2046-01-09,23.6,16.0,3.8
2046-01-10,28.6,15.2,0.7
2046-01-11,30.2,17.4,5.5
2046-01-12,28.6,18.6,5.5
2046-01-13,26.9,18.3,1.0
2046-01-14,27.6,17.2,0.0
2046-01-15,27.5,16.845851612873503,0.0
2046-01-16,28.2,15.9,0.0
2046-01-17,30.4,15.7,0.0
2046-01-18,31.6,16.7,0.0
2046-01-19,31.6,17.7,0.0
2046-01-20,30.6,17.5,0.0
2046-01-21,30.1,19.48216701677561,13.649999999999997
2046-01-22,29.2,18.6,19.0
2046-01-23,25.69722015217171,18.6,33.649999999999984
2046-01-24,24.6,19.2,43.92727272727274
2046-01-25,25.9,18.4,16.8
2046-01-26,28.0,18.4,9.0
2046-01-27,28.4,19.6,1.0
2046-01-28,29.9,18.4,2.1
2046-01-29,29.2,18.9,9.333333333333336
2046-01-30,30.1,18.9,1.4
2046-01-31,29.5,18.7,6.0
2046-02-01,30.6,19.0,23.287000989772356
2046-02-02,28.9,18.8,3.0
2046-02-03,28.0,19.2,17.0
2046-02-04,27.7,19.0,6.4
2046-02-05,27.7,19.089978417034434,5.6
2046-02-06,30.0,19.2,3.0
2046-02-07,29.4,18.9,19.7
2046-02-08,30.9,18.8,0.6
2046-02-09,30.1,19.2,4.4
2046-02-10,28.0,19.0,29.375255691191033
2046-02-11,26.0,19.0,49.15665896843726
2046-02-12,26.4,18.9,0.0
2046-02-13,27.2,18.1,0.0
2046-02-14,29.0,18.4,0.9473441108545035
2046-02-15,29.0,16.4,0.0
2046-02-16,29.1,17.5,3.0
2046-02-17,28.1,18.9,1.8
2046-02-18,26.4,18.6,6.4
2046-02-19,27.95462976758045,18.7,5.6
2046-02-20,29.0,17.9,19.692609699769054
2046-02-21,28.1,18.8,1.3
2046-02-22,26.6,18.6,0.0
2046-02-23,27.9,15.8,0.0
2046-02-24,27.5,14.8,0.0
2046-02-25,28.1,15.815194586489293,0.0
2046-02-26,27.5,18.1,0.0
2046-02-27,27.4,16.0,0.0
2046-02-28,29.820026675747762,14.5,0.0
2046-03-01,31.0,17.3,0.0
2046-03-02,30.4,17.2,0.0
2046-03-03,29.4,17.8,0.0
2046-03-04,28.72763157894737,18.1,0.0
2046-03-05,29.7,18.0,0.0
2046-03-06,30.5,18.7,0.0
2046-03-07,30.2,18.82555019231613,2.8
2046-03-08,27.9,18.4,1.6
2046-03-09,27.6,17.6,0.7
2046-03-10,28.8,16.5,0.0
2046-03-11,29.1,15.4,0.0
2046-03-12,29.4,16.0,0.0
2046-03-13,29.4,15.2,0.0
2046-03-14,30.2,15.6,0.0
2046-03-15,28.5,17.4,2.8
2046-03-16,29.5,18.8,0.0
2046-03-17,29.6,18.7,0.8
2046-03-18,30.2,18.7,1.5
2046-03-19,30.8,18.4,0.0
2046-03-20,29.6,17.2,0.0
2046-03-21,29.0,16.5,0.0
2046-03-22,29.9,16.0,0.0
2046-03-23,29.1,16.9,0.0
2046-03-24,28.8,16.6,0.0
2046-03-25,29.9,17.4,0.0
2046-03-26,30.8,16.2,0.0
2046-03-27,29.9,17.9,0.0
2046-03-28,30.0,17.5,0.0
2046-03-29,30.9,16.9,0.0
2046-03-30,29.94262295081967,19.8,0.0
2046-03-31,31.3,19.6,0.9
2046-04-01,31.5,18.817090909090904,0.0
2046-04-02,31.3,17.0,0.0
2046-04-03,30.811594202898554,17.530129870129862,0.0
2046-04-04,29.4,18.4,0.0
2046-04-05,30.4,17.5,0.0
2046-04-06,30.4,16.0,0.0
2046-04-07,29.9,16.7,0.0
2046-04-08,29.1,14.5,0.0
2046-04-09,29.5,11.730597014925394,0.0
2046-04-10,30.7,12.4,0.0
2046-04-11,31.7,17.7,0.0
2046-04-12,24.1,17.0,0.0
2046-04-13,27.997916666666665,16.0,0.0
2046-04-14,26.2,15.0,0.0
2046-04-15,30.0,12.7,0.0
2046-04-16,31.406557377049182,16.0,0.0
2046-04-17,32.2,17.5,0.0
2046-04-18,31.2,16.9,0.0
2046-04-19,30.7,16.0,0.0
2046-04-20,26.7,18.0,44.49411764705883
2046-04-21,26.9,18.398076923076925,2.5818181818181825
2046-04-22,24.0,18.0,0.0
2046-04-23,25.38,16.9,0.0
2046-04-24,24.2,14.855555555555556,0.0
2046-04-25,24.2,15.4,0.0
2046-04-26,25.1,12.6,0.0
2046-04-27,25.4,11.2,0.0
2046-04-28,27.0,9.3,0.0
2046-04-29,28.4,10.5,0.0
2046-04-30,29.0,11.5,0.0
2046-05-01,29.6,12.6,0.0
2046-05-02,29.6,12.4,0.0
2046-05-03,30.0,13.6,0.0
2046-05-04,32.122433384644225,12.1,0.0
2046-05-05,33.813427734375,12.5,0.0
2046-05-06,33.8,14.9,0.0
2046-05-07,31.078642773102928,18.173534734247493,0.0
2046-05-08,30.7,15.2,0.0
2046-05-09,31.0,13.2,0.0
2046-05-10,30.4,19.753173828125,0.0
2046-05-11,30.25201433777928,16.07519196268388,0.0
2046-05-12,27.5,16.2,0.0
2046-05-13,29.169321851453166,14.5,0.0
2046-05-14,30.0,14.4,0.0
2046-05-15,30.1,14.9,0.0
2046-05-16,27.6,17.8,0.0
2046-05-17,30.2,17.31549803489621,0.0
2046-05-18,30.7,15.9,0.0
2046-05-19,30.1,15.6,0.0
2046-05-20,30.7,17.5,0.0
2046-05-21,30.8,16.0,0.0
2046-05-22,31.115831375934125,16.5,0.0
2046-05-23,31.521537495514877,17.39846296342651,0.0
2046-05-24,30.7,16.566720886656288,0.0
2046-05-25,30.4,15.654526331358493,0.0
2046-05-26,30.2,15.2,0.0
2046-05-27,29.9,15.0,0.0
2046-05-28,29.1,14.9,0.0
2046-05-29,30.0,13.6,0.0
2046-05-30,31.064926742219154,13.988905070460177,0.0
2046-05-31,31.0,16.407128749941474,0.0
2046-06-01,27.915722783769407,15.4,0.0
2046-06-02,27.0,14.2,0.0
2046-06-03,27.915317018909906,12.931979159850822,0.0
2046-06-04,26.2,13.7,0.0
2046-06-05,25.6,12.5,0.0
2046-06-06,26.9,13.0,0.0
2046-06-07,24.5,16.719550301952683,0.0
2046-06-08,23.850754806928332,15.1,0.0
2046-06-09,25.6,15.089203423304811,0.0
2046-06-10,24.6,13.0,0.0
2046-06-11,25.0,12.1,0.0
2046-06-12,25.3,11.6,0.0
2046-06-13,25.5,11.5,0.0
2046-06-14,25.3,11.6,0.0
2046-06-15,25.3,11.2,0.0
2046-06-16,25.5,11.0,0.0
2046-06-17,25.4,11.2,0.0
2046-06-18,22.8,11.6,0.0
2046-06-19,23.2,11.6,0.0
2046-06-20,24.4,9.4,0.0
2046-06-21,24.0,10.189015245697838,0.0
2046-06-22,23.5,9.7,0.0
2046-06-23,25.0,7.0,0.0
2046-06-24,26.9,8.0,0.0
2046-06-25,25.230073967019315,11.7,0.0
2046-06-26,22.7,11.2,0.0
2046-06-27,23.9,8.3,0.0
2046-06-28,25.988479262672808,7.0,0.0
2046-06-29,26.9,8.0,0.0
2046-06-30,25.1,10.6,0.0
2046-07-01,24.0,9.7,0.0
2046-07-02,24.7,8.0,0.0
2046-07-03,26.2,7.0,0.0
2046-07-04,26.4,7.9,0.0
2046-07-05,26.1,7.8,0.0
2046-07-06,23.6,10.2,0.0
2046-07-07,22.0,9.9,0.0
2046-07-08,22.5,8.7,0.0
2046-07-09,22.0,10.0,0.0
2046-07-10,22.1,9.4,0.0
2046-07-11,23.4,8.7,0.0
2046-07-12,25.3,8.7,0.0
2046-07-13,26.4,9.4,0.0
2046-07-14,26.174051536653405,10.7,0.0
2046-07-15,25.0,11.0,0.0
2046-07-16,25.4,8.5,0.0
2046-07-17,26.2,6.7,0.0
2046-07-18,22.4,11.9,0.0
2046-07-19,18.2,9.9,0.0
2046-07-20,23.0,8.6,0.0
2046-07-21,24.7,8.5,0.0
2046-07-22,24.6,9.9,0.0
2046-07-23,25.7,9.830396621677565,0.0
2046-07-24,26.7,9.6,0.0
2046-07-25,26.7,12.2,0.0
2046-07-26,24.7,12.604861858629345,0.0
2046-07-27,22.7,11.5,0.0
2046-07-28,22.7,9.7,0.0
2046-07-29,24.4,7.3,0.0
2046-07-30,26.7,8.4,0.0
2046-07-31,29.5,11.287588337155421,0.0
2046-08-01,27.9,9.5,0.0
2046-08-02,25.7,6.218610776926487,0.0
2046-08-03,26.9,6.5,0.0
2046-08-04,28.2,11.6,0.0
2046-08-05,29.4,13.4,0.0
2046-08-06,30.7,14.505475283596917,0.0
2046-08-07,28.2,16.0,0.0
2046-08-08,25.7,13.5,0.0
2046-08-09,26.9,11.8,0.0
2046-08-10,28.0,12.8,0.0
2046-08-11,24.7,14.5,0.0
2046-08-12,24.4,11.8,0.0
2046-08-13,25.7,10.9,0.0
2046-08-14,27.7,11.4,0.0
2046-08-15,28.264370290635085,13.0,0.0
2046-08-16,28.7,12.444298731029875,0.0
2046-08-17,30.0,13.1,0.0
2046-08-18,30.7,13.230506650124973,0.0
2046-08-19,31.0,14.6,0.0
2046-08-20,32.81333789999019,15.4,0.0
2046-08-21,29.2,16.895856490690697,0.0
2046-08-22,26.3,14.2,0.0
2046-08-23,26.142195909580188,12.9,0.0
2046-08-24,26.3,10.6,0.0
2046-08-25,26.3,11.691819160387512,0.0
2046-08-26,27.9,12.6,0.0
2046-08-27,31.9,14.473985530828353,0.0
2046-08-28,34.47800534261845,16.9,0.0
2046-08-29,34.45602349698443,17.563393685214223,0.0
2046-08-30,34.68224243897358,17.655668460710437,0.0
2046-08-31,37.81494140625,18.0,0.0
2046-09-01,35.6,20.2,0.0
2046-09-02,35.2,22.406182855173647,0.0
2046-09-03,33.0,19.238100079339453,0.0
2046-09-04,30.6,18.3,0.0
2046-09-05,27.7,14.5,0.0
2046-09-06,27.7,14.034380655122607,0.0
2046-09-07,28.6,11.8,0.0
2046-09-08,30.0,10.6,0.0
2046-09-09,31.1,12.3,0.0
2046-09-10,31.4,13.5,0.0
2046-09-11,31.75922593731598,14.3,0.0
2046-09-12,29.2,16.480572430906136,0.0
2046-09-13,28.2,14.1,0.0
2046-09-14,29.694606802170764,13.1,0.0
2046-09-15,31.25291991101223,14.1,0.0
2046-09-16,32.7,15.7,0.0
2046-09-17,34.0,17.1,0.0
2046-09-18,36.11376576083917,18.3,0.0
2046-09-19,39.348876953125,18.9,0.0
2046-09-20,34.6,21.2,0.0
2046-09-21,33.9,19.6,0.0
2046-09-22,34.782578343753606,18.7,0.0
2046-09-23,34.7,19.0,0.0
2046-09-24,34.6,19.785936667087782,0.0
2046-09-25,35.60210043787631,19.3,0.0
2046-09-26,35.6,19.3,0.0
2046-09-27,36.1643009670112,19.1472191323693,0.0
2046-09-28,39.0673828125,19.6,0.0
2046-09-29,39.179443359375,20.0,0.0
2046-09-30,35.4,22.716557810949926,0.0
2046-10-01,31.8,20.3,0.0
2046-10-02,30.8,17.5,0.0
2046-10-03,32.1,18.0,0.0
2046-10-04,33.542648008611394,18.2,0.0
2046-10-05,35.2,19.0,0.0
2046-10-06,37.0,19.6,0.0
2046-10-07,37.0,20.7,0.0
2046-10-08,37.2,20.7,0.0
2046-10-09,36.0,21.0,0.0
2046-10-10,36.0,20.3,0.0
2046-10-11,35.0,21.0,0.0
2046-10-12,34.9,20.7,0.0
2046-10-13,35.5,21.0,0.0
2046-10-14,35.8,23.539123794233152,0.0
2046-10-15,36.5,23.717151253536663,0.0
2046-10-16,35.464059783058694,23.48879429520922,0.0
2046-10-17,35.5,22.6,0.0
2046-10-18,36.0,21.6,0.0
2046-10-19,38.0,23.197851821234345,0.0
2046-10-20,34.5,21.5,0.0
2046-10-21,30.2,19.6,0.0
2046-10-22,31.21058209820319,17.7,0.0
2046-10-23,32.8,15.9,0.0
2046-10-24,34.4,17.0,0.0
2046-10-25,34.7,19.003859102672745,0.0
2046-10-26,34.1,20.2,0.0
2046-10-27,32.4,19.5,0.0
2046-10-28,32.0,18.2,0.0
2046-10-29,33.5,16.984404946309954,0.0
2046-10-30,35.6,17.9,0.0
2046-10-31,36.79435294660867,18.5,0.0
2046-11-01,40.4755859375,19.9,0.0
2046-11-02,41.56787109375,20.0,0.0
2046-11-03,40.89599609375,22.992796677210425,0.0
2046-11-04,41.103271484375,21.9,0.0
2046-11-05,40.4599609375,21.7,0.0
2046-11-06,39.781005859375,22.3,0.0
2046-11-07,36.398037393146105,22.570353880197864,0.0
2046-11-08,35.4,20.4,0.1
2046-11-09,34.8,20.0,0.4
2046-11-10,34.2,20.5,0.0
2046-11-11,33.46493221122566,21.4,0.0
2046-11-12,32.722845715097144,19.5,0.0
2046-11-13,34.6,20.392365448789253,0.0
2046-11-14,34.4,21.7,0.0
2046-11-15,33.4,20.0,3.2
2046-11-16,26.7,18.4,5.97716535433071
2046-11-17,25.1,18.4,1.6
2046-11-18,25.6,18.0,5.100196850393701
2046-11-19,25.0,17.9,1.9
2046-11-20,25.4,17.1,0.0
2046-11-21,27.0,17.0,0.0
2046-11-22,29.0,19.358388756379536,5.5535433070866125
2046-11-23,31.0,18.5,10.434251968503936
2046-11-24,28.2,19.17734051859132,14.777952755905513
2046-11-25,27.5,19.0,4.5
2046-11-26,27.933734623092697,19.3,62.241732283464565
2046-11-27,30.2,19.2,27.51743532058493
2046-11-28,26.563461155670044,18.5,18.956397637795273
2046-11-29,28.6,18.0,0.0
2046-11-30,29.0,17.1,0.0
2046-12-01,27.9,17.2,0.0
2046-12-02,28.51179414075,16.7,0.0
2046-12-03,30.1,16.0,0.0
2046-12-04,29.5,18.0,0.0
2046-12-05,30.2,19.8,0.0
2046-12-06,32.0,18.4,0.0
2046-12-07,25.4,19.5,0.9
2046-12-08,29.2,18.9,0.0
2046-12-09,29.6,19.3,4.0
2046-12-10,30.7,18.5,1.2
2046-12-11,30.6,18.8,0.9
2046-12-12,30.1,19.0,5.0
2046-12-13,30.7,18.6,0.7085106382978724
2046-12-14,29.1,19.9,28.749787234042547
2046-12-15,24.5,19.3,13.6
2046-12-16,24.40832126679525,18.4,27.257234042553183
2046-12-17,24.30126453959263,17.9,22.48127659574469
2046-12-18,24.96869752421959,18.8,38.10906382978724
2046-12-19,22.50073615015624,17.0,30.55617021276597
2046-12-20,22.9,17.0,0.0
2046-12-21,24.4,17.4,0.0
2046-12-22,26.4,16.2,0.0
2046-12-23,28.76774151575012,17.4,0.0
2046-12-24,29.7,16.1,0.0
2046-12-25,28.0,17.3,0.0
2046-12-26,28.4,19.0,0.0
2046-12-27,29.2,17.4,0.0
2046-12-28,29.4,16.5,0.0
2046-12-29,29.7,16.0,0.0
2046-12-30,30.1,16.4,0.0
2046-12-31,30.00170221305941,17.7,0.0
2047-01-01,30.897119744267208,17.9,0.0
2047-01-02,32.155120580547454,17.2,0.0
2047-01-03,31.7,19.9,2.0
2047-01-04,30.4684772708454,19.0,1.2
2047-01-05,30.2,17.8,0.0
2047-01-06,31.0,17.0,0.0
2047-01-07,31.2,17.4,0.0
2047-01-08,28.8,18.0,11.0
2047-01-09,31.0,18.0,0.3
2047-01-10,31.6,17.7,0.0
2047-01-11,31.1,19.6,0.6
2047-01-12,28.5,19.1,7.6
2047-01-13,29.5,19.495730269868385,21.679999999999996
2047-01-14,30.0,19.6,11.2
2047-01-15,29.6,19.5,5.650000000000001
2047-01-16,30.4,18.9,25.766666666666666
2047-01-17,26.7,19.6,19.0
2047-01-18,27.4,19.6,5.9
2047-01-19,28.2,19.6,22.4
2047-01-20,26.3,19.4,26.9
2047-01-21,27.0,19.4,23.2
2047-01-22,26.0,19.2,23.100000000000005
2047-01-23,28.4,19.4,20.0
2047-01-24,25.1,19.0,5.0
2047-01-25,26.7,19.599222419841052,1.4
2047-01-26,28.1,19.5,0.0
2047-01-27,28.0,18.4,0.0
2047-01-28,27.2,17.1,0.0
2047-01-29,25.4,18.5,0.0
2047-01-30,24.0,18.2,5.4
2047-01-31,25.6,18.9,5.4
2047-02-01,28.6,17.6,13.111547344110862
2047-02-02,28.6,19.0,18.4
2047-02-03,29.0,18.9,21.204157043879913
2047-02-04,25.9,17.7,21.0
2047-02-05,27.9,17.51337443244939,2.0
2047-02-06,29.4,17.7,4.0
2047-02-07,26.665109513373576,18.7,0.6
2047-02-08,25.5,18.9,9.796766743648961
2047-02-09,29.0,18.6,6.4
2047-02-10,28.5,18.7,5.6
2047-02-11,29.5,18.8,36.75450346420327
2047-02-12,24.807179181565356,18.2,15.6
2047-02-13,27.0,19.0,17.0
2047-02-14,28.25696577558318,18.7,0.0
2047-02-15,27.523984597047765,17.2,0.0
2047-02-16,28.5,16.2,0.0
2047-02-17,29.9,15.5,0.0
2047-02-18,31.0,16.8,0.0
2047-02-19,29.4,19.5,1.3
2047-02-20,29.4,19.0,9.6
2047-02-21,27.0,18.8,2.0
2047-02-22,27.9,19.0,28.323424612339174
2047-02-23,25.1,18.9,2.5
2047-02-24,27.4,17.9,0.0
2047-02-25,28.0,19.0,0.0
2047-02-26,29.9,18.1,0.0
2047-02-27,31.0,17.7,0.0
2047-02-28,30.5,17.2,0.0
2047-03-01,30.4,18.9,0.3
2047-03-02,27.7,18.4,1.4
2047-03-03,26.3,18.7,1.0
2047-03-04,27.7,16.0,0.0
2047-03-05,28.6,14.4,0.0
2047-03-06,30.1,15.4,0.0
2047-03-07,29.7,17.9,0.0
2047-03-08,29.1,18.8,0.0
2047-03-09,25.5,17.8,0.0
2047-03-10,28.2,17.5,0.0
2047-03-11,28.9,17.0,0.0
2047-03-12,29.9,16.0,0.0
2047-03-13,28.2,19.2,0.0
2047-03-14,28.5,18.8,0.0
2047-03-15,31.7,18.8,0.0
2047-03-16,32.0,17.7,0.0
2047-03-17,32.26363636363636,17.3,0.0
2047-03-18,25.612307692307695,18.82555019231613,2.2435483870967743
2047-03-19,29.5,19.09819540302664,26.398861480075915
2047-03-20,27.5,17.7,6.6967741935483875
2047-03-21,29.0,16.8,0.0
2047-03-22,28.1,18.4,3.1
2047-03-23,25.6,17.8,1.5588709677419352
2047-03-24,25.9,17.5,0.6
2047-03-25,27.7,17.5,0.0
2047-03-26,28.9,18.0,0.0
2047-03-27,27.9,18.3,1.2
2047-03-28,28.2,19.2,14.878908188585608
2047-03-29,28.9,17.5,0.8
2047-03-30,29.9,17.2,0.0
2047-03-31,32.0,17.4,0.0
2047-04-01,32.2,17.9,0.0
2047-04-02,29.4,19.052071005917163,0.0
2047-04-03,28.9,18.1,0.0
2047-04-04,28.652298850574716,15.8,0.0
2047-04-05,29.0,14.3,0.0
2047-04-06,30.8,14.6,0.0
2047-04-07,30.7,12.777358490566037,0.0
2047-04-08,29.7,14.7,0.0
2047-04-09,29.0,13.9,0.0
2047-04-10,30.7,12.0,0.0
2047-04-11,32.48657407407408,11.2,0.0
2047-04-12,33.14912280701755,12.57399103139013,0.0
2047-04-13,33.688800000000015,16.0,0.0
2047-04-14,31.975945017182127,17.3,0.0
2047-04-15,30.3,16.8,0.0
2047-04-16,28.5,18.2,0.0
2047-04-17,26.5,18.5,0.0
2047-04-18,27.1,18.4,0.0
2047-04-19,27.2,18.0,0.0
2047-04-20,29.7,17.7,0.0
2047-04-21,29.6,16.6,0.0
2047-04-22,27.9,17.8,0.3
2047-04-23,24.040697674418606,17.7,34.58545454545455
2047-04-24,24.789411764705882,18.864727272727276,8.999999999999996
2047-04-25,24.9,18.2,0.9666666666666666
2047-04-26,26.5,16.9,0.0
2047-04-27,25.5,17.8,0.0
2047-04-28,27.9,16.4,0.0
2047-04-29,26.8,16.4,0.0
2047-04-30,27.2,16.9,0.0
2047-05-01,28.1,17.04005404099203,0.0
2047-05-02,30.1,15.0,0.0
2047-05-03,25.2,17.2,0.0
2047-05-04,26.0,11.5,0.0
2047-05-05,25.5,9.6,0.0
2047-05-06,26.8,7.9758459306407055,0.0
2047-05-07,29.5,8.8,0.0
2047-05-08,28.3,10.4,0.0
2047-05-09,26.0,10.608090652547052,0.0
2047-05-10,27.5,12.9,0.0
2047-05-11,28.4,12.9,0.0
2047-05-12,29.1,10.5,0.0
2047-05-13,28.7,11.8,0.0
2047-05-14,27.8,13.2,0.0
2047-05-15,26.4,12.3,0.0
2047-05-16,26.6,14.9,0.0
2047-05-17,26.6,13.0,0.0
2047-05-18,27.6,11.5,0.0
2047-05-19,29.9,11.8,0.0
2047-05-20,29.7,13.4,0.0
2047-05-21,26.7,13.1,0.0
2047-05-22,24.185977880869142,12.5,0.0
2047-05-23,25.5,10.4,0.0
2047-05-24,26.0,9.9,0.0
2047-05-25,26.5,10.0,0.0
2047-05-26,27.4,9.5,0.0
2047-05-27,25.2,10.1,0.0
2047-05-28,25.0,9.6,0.0
2047-05-29,25.55006786165582,9.41785329847762,0.0
2047-05-30,26.9,10.9,0.0
2047-05-31,28.7,12.4,0.0
2047-06-01,25.7,14.5,0.0
2047-06-02,24.9,11.8,0.0
2047-06-03,25.0,10.2,0.0
2047-06-04,24.8,8.5,0.0
2047-06-05,25.26209088768542,6.301710371259596,0.0
2047-06-06,22.474262407966524,9.4,0.0
2047-06-07,22.9,10.2,0.0
2047-06-08,22.1,11.2,0.0
2047-06-09,25.0,8.9,0.0
2047-06-10,25.8,6.5,0.0
2047-06-11,26.1,7.7,0.0
2047-06-12,27.5,8.0,0.0
2047-06-13,27.9,8.4,0.0
2047-06-14,25.1,11.9,0.0
2047-06-15,23.5,8.9,0.0
2047-06-16,24.1,8.0,0.0
2047-06-17,23.4,9.4,0.0
2047-06-18,23.4,7.0,0.0
2047-06-19,24.2,6.5,0.0
2047-06-20,23.4,9.0,0.0
2047-06-21,23.4,8.414604816162107,0.0
2047-06-22,25.0,9.0,0.0
2047-06-23,26.5,10.0,0.0
2047-06-24,27.2,10.9,0.0
2047-06-25,27.9,11.5,0.0
2047-06-26,28.6,11.7,0.0
2047-06-27,28.5,12.0,0.0
2047-06-28,27.3,12.0,0.0
2047-06-29,26.0,11.5,0.0
2047-06-30,25.798637374860956,9.2,0.0
2047-07-01,26.7,7.7,0.0
2047-07-02,26.98774411809933,8.3,0.0
2047-07-03,26.7,8.9,0.0
2047-07-04,22.1,11.29736977582253,0.0
2047-07-05,23.3,9.4,0.0
2047-07-06,25.7,6.7,0.0
2047-07-07,27.1,7.717079296734838,0.0
2047-07-08,27.2,10.0,0.0
2047-07-09,25.0,11.1,0.0
2047-07-10,26.9,11.2,0.0
2047-07-11,24.0,13.8,0.0
2047-07-12,19.8,12.4,0.0
2047-07-13,20.9,9.452633772005965,0.0
2047-07-14,22.3,7.9,0.0
2047-07-15,24.7,7.0,0.0
2047-07-16,26.4,7.2,0.0
2047-07-17,27.2,7.9,0.0
2047-07-18,28.380931992352544,6.822820236813778,0.0
2047-07-19,25.0,13.9,0.0
2047-07-20,24.9,11.0,0.0
2047-07-21,26.3,9.5,0.0
2047-07-22,27.6,9.771975014781903,0.0
2047-07-23,28.2,9.3,0.0
2047-07-24,27.67236852222051,12.9,0.0
2047-07-25,26.4,13.6,0.0
2047-07-26,26.4,11.876303774915545,0.0
2047-07-27,28.1,12.2,0.0
2047-07-28,29.068096381551705,12.392878389309626,0.0
2047-07-29,29.5,13.9,0.0
2047-07-30,32.06171875,14.2,0.0
2047-07-31,29.1,13.8,0.0
2047-08-01,25.8,13.0,0.0
2047-08-02,23.40976612192974,11.0,0.0
2047-08-03,24.2,9.0,0.0
2047-08-04,27.6,10.2,0.0
2047-08-05,32.5,13.8,0.0
2047-08-06,33.244437286740826,14.7,0.0
2047-08-07,30.5,16.923914792363032,0.0
2047-08-08,29.2,15.7,0.0
2047-08-09,28.6,13.3,0.0
2047-08-10,27.134389082483448,15.4,0.0
2047-08-11,27.8,14.5,0.0
2047-08-12,29.9,13.9,0.0
2047-08-13,31.74890563329744,14.6,0.0
2047-08-14,32.91276443379528,15.2,0.0
2047-08-15,37.29519802736777,16.3,0.0
2047-08-16,32.1,17.0,0.0
2047-08-17,30.5,16.94646951069815,0.0
2047-08-18,30.8,16.0,0.0
2047-08-19,31.6,15.4,0.0
2047-08-20,36.188578965161945,15.7,0.0
2047-08-21,37.876953125,15.332476179085438,0.0
2047-08-22,30.86055554096983,16.87578307016995,0.0
2047-08-23,29.5,16.0,0.0
2047-08-24,26.7,15.7,0.0
2047-08-25,26.5,14.6,0.0
2047-08-26,28.3,13.5,0.0
2047-08-27,31.84925310234173,14.7,0.0
2047-08-28,34.98730352905058,17.0,0.0
2047-08-29,36.67562903453097,18.995648678944033,0.0
2047-08-30,38.197265625,19.10152357291661,0.0
2047-08-31,37.923583984375,25.641357421875,0.0
2047-09-01,33.10596798375006,20.5,0.0
2047-09-02,31.4,19.2,0.0
2047-09-03,30.6,17.8,0.0
2047-09-04,32.23246283749621,16.30070591255241,0.0
2047-09-05,31.9,18.4,0.0
2047-09-06,32.0,17.0,0.0
2047-09-07,33.06235748053393,17.3,0.0
2047-09-08,29.1,17.0,0.0
2047-09-09,30.0,15.0,0.0
2047-09-10,32.4,15.2,0.0
2047-09-11,34.6,18.23869042525883,0.0
2047-09-12,36.10889960498215,20.2,0.0
2047-09-13,36.898684014204264,23.830322265625,0.0
2047-09-14,36.12751556879907,21.729879770141686,0.0
2047-09-15,33.9,19.851928211938052,0.0
2047-09-16,31.3,15.9,0.0
2047-09-17,30.7,14.1,0.0
2047-09-18,27.0,15.2,0.0
2047-09-19,28.6,14.4,0.0
2047-09-20,30.0,15.720481446621605,0.0
2047-09-21,30.773667322666213,16.9,0.0
2047-09-22,31.6,18.2,0.0
2047-09-23,32.8,18.7,0.0
2047-09-24,33.5,18.9,0.0
2047-09-25,33.8,18.956688501627323,0.0
2047-09-26,34.79947355298992,18.9,0.0
2047-09-27,35.6,19.6,0.0
2047-09-28,36.10107899735481,19.99101071321325,0.0
2047-09-29,36.19972394306732,19.257835667667383,0.0
2047-09-30,35.60432248353551,20.2,0.0
2047-10-01,38.0,23.648041972805213,0.0
2047-10-02,35.48200712097374,22.0,0.0
2047-10-03,33.6,20.2,0.0
2047-10-04,34.1,18.59856429899487,0.0
2047-10-05,35.4,18.9,0.0
2047-10-06,35.5,20.4,0.0
2047-10-07,36.0,20.1,0.0
2047-10-08,36.5,20.7,0.0
2047-10-09,32.8,20.6,0.0
2047-10-10,32.0,17.9,0.0
2047-10-11,33.2,18.26601428711223,0.0
2047-10-12,35.0,18.9,0.0
2047-10-13,34.1,20.1,0.0
2047-10-14,32.6,19.2,0.0
2047-10-15,32.0,19.1,0.0
2047-10-16,33.3,19.5,0.0
2047-10-17,36.0,20.2,0.0
2047-10-18,36.6,21.4,0.0
2047-10-19,33.2,20.9,0.0
2047-10-20,33.26460429634483,19.6,0.0
2047-10-21,34.5,19.6,0.0
2047-10-22,34.9,20.3,0.0
2047-10-23,34.3,20.2,0.0
2047-10-24,34.9,19.7,0.0
2047-10-25,36.0,20.1,0.0
2047-10-26,36.5,22.0,0.0
2047-10-27,36.0,23.457491631523975,0.0
2047-10-28,35.6,21.78332082440425,0.0
2047-10-29,34.7,22.177996488551194,0.0
2047-10-30,34.9,20.866226398626818,0.0
2047-10-31,35.8,20.2,0.0
2047-11-01,38.791444536010815,21.3,0.0
2047-11-02,37.10151178812621,22.11887122844828,0.0
2047-11-03,37.07166138018467,21.671281833057318,0.0
2047-11-04,37.085501114775745,21.5,0.0
2047-11-05,39.27083433419927,22.1,0.0
2047-11-06,40.06884765625,22.476890331015518,0.0
2047-11-07,37.84724296837755,20.7,0.0
2047-11-08,33.7,19.9,1.3
2047-11-09,36.939234115862185,23.0,0.0
2047-11-10,39.619873046875,23.2,0.0
2047-11-11,34.59013718946978,19.5,3.8
2047-11-12,32.0,19.2,3.0
2047-11-13,31.7,19.5,0.0
2047-11-14,32.6,20.19036694210498,0.0
2047-11-15,31.5,20.0,0.9444881889763778
2047-11-16,32.3,20.0,0.0
2047-11-17,32.6,19.9,0.0
2047-11-18,33.5,21.7,0.0
2047-11-19,33.5,22.4,0.0
2047-11-20,33.0,20.705523044929155,0.0
2047-11-21,34.0,21.3,0.0
2047-11-22,34.37437264325841,19.9,0.8
2047-11-23,32.0,19.5,1.4
2047-11-24,31.9,19.7,0.0
2047-11-25,30.0,19.4,14.52696850393701
2047-11-26,24.562592845096702,17.9,2.7
2047-11-27,26.8,17.4,0.0
2047-11-28,30.6,16.0,0.0
2047-11-29,29.7,16.3,0.0
2047-11-30,31.0,15.6,0.0
2047-12-01,32.1,16.1,0.0
2047-12-02,31.4,18.1,0.0
2047-12-03,31.6,21.0,0.0
2047-12-04,33.26580178319062,19.9,0.0
2047-12-05,34.158235564942984,19.3,0.0
2047-12-06,34.12372112229867,21.055057964138,0.0
2047-12-07,34.360400390625,22.18558140203918,0.0
2047-12-08,33.7,22.149215167781023,0.0
2047-12-09,33.7,21.023760638265195,0.0
2047-12-10,34.05612242825511,21.0,0.0
2047-12-11,34.454150390625,20.684561209753912,0.0
2047-12-12,33.898541747060094,20.661055457268006,2.6319148936170227
2047-12-13,31.423940329427047,19.9,0.0
2047-12-14,31.83435098919861,21.78716195060897,0.0
2047-12-15,32.1,20.958507560822458,0.0
2047-12-16,33.7,21.87373289764823,0.0
2047-12-17,33.82617340617822,21.683534274227167,0.0
2047-12-18,33.988587850600084,25.424896240234375,0.0
2047-12-19,33.759881796210124,24.459075927734375,0.0
2047-12-20,33.12560569677899,20.0,0.5
2047-12-21,33.7,20.0,0.0
2047-12-22,33.7,20.696666169307992,0.0
2047-12-23,34.03747791295159,21.0,0.0
2047-12-24,32.1,20.76732270939686,0.9
2047-12-25,33.7,22.806703810165317,0.0
2047-12-26,31.6,21.07689330632824,0.0
2047-12-27,29.5,21.0,3.6
2047-12-28,27.5,20.0,6.6
2047-12-29,31.4,19.50684868989873,0.9
2047-12-30,32.4,21.0,0.0
2047-12-31,31.4,20.2,2.1
2048-01-01,27.4,19.6,3.9
2048-01-02,30.7,19.7,2.1
2048-01-03,32.6,19.527865814609406,0.0
2048-01-04,32.22325828137372,20.813549804687497,6.0
2048-01-05,30.389040281003897,19.6,5.5
2048-01-06,30.4,19.3,0.9
2048-01-07,28.072504997693372,17.9,8.150000000000002
2048-01-08,23.6,17.8,59.93103448275862
2048-01-09,26.9,19.236411565216375,11.0
2048-01-10,27.0,19.0,0.0
2048-01-11,29.5,19.6,0.0
2048-01-12,30.7,19.0,2.7
2048-01-13,30.5,19.9,22.4
2048-01-14,25.9,19.6,12.150000000000002
2048-01-15,26.9,19.8,26.366666666666667
2048-01-16,29.2,19.6,26.366666666666667
2048-01-17,29.1,19.2,31.04
2048-01-18,27.9,19.3,8.1
2048-01-19,28.2,19.5,23.0
2048-01-20,28.4,19.3,2.0
2048-01-21,24.0,19.4,11.0
2048-01-22,25.4,18.9,6.8
2048-01-23,26.4,17.9,5.2
2048-01-24,28.8,17.5,0.3
2048-01-25,27.8132604715847,17.9,25.733333333333334
2048-01-26,30.3,17.6,16.0
2048-01-27,28.9,18.7,3.9
2048-01-28,29.053996994130433,19.0,16.0
2048-01-29,29.2,18.6,1.0
2048-01-30,29.536693368201618,18.9,6.0
2048-01-31,24.6,19.2,47.13437500000003
2048-02-01,26.4,18.8,3.0
2048-02-02,27.6,19.0,5.871131639722867
2048-02-03,28.6,18.8,6.4
2048-02-04,26.8,18.719285810133478,9.4
2048-02-05,27.5,18.6,17.4
2048-02-06,25.0,18.9,10.4
2048-02-07,26.8,18.9,0.0
2048-02-08,27.5,19.0,1.3
2048-02-09,29.659605591071617,19.0,2.0
2048-02-10,27.0,19.0,22.626690861101956
2048-02-11,24.4,18.9,105.42080761893014
2048-02-12,24.533979342164614,18.8,3.6
2048-02-13,26.4,18.7,5.4
2048-02-14,23.5,18.6,37.04877178249013
2048-02-15,29.1,17.6,0.0
2048-02-16,29.6,16.5,0.0
2048-02-17,29.3,19.0,0.0
2048-02-18,29.3,19.0,0.9473441108545035
2048-02-19,30.0,18.7,4.193995381062355
2048-02-20,30.2,18.4,2.0
2048-02-21,30.0,18.6,6.0
2048-02-22,28.0,18.9,11.26397228637413
2048-02-23,28.0,19.0,13.111547344110862
2048-02-24,29.0,19.0,26.0
2048-02-25,27.9,19.0,19.7
2048-02-26,28.6,18.9,0.0
2048-02-27,29.0,18.0,2.0
2048-02-28,29.0,16.9,0.0
2048-03-01,27.5,17.0,0.0
2048-03-02,27.5,16.5,0.0
2048-03-03,27.6,16.40883387154646,0.0
2048-03-04,28.2,15.8,0.0
2048-03-05,29.4,17.0,0.0
2048-03-06,26.4,18.6,1.6
2048-03-07,26.6,18.6,19.0
2048-03-08,27.2,18.6,10.9
2048-03-09,29.0,18.0,18.007096774193542
2048-03-10,29.6,18.4,1.5
2048-03-11,29.4,18.5,1.6
2048-03-12,28.3,17.2,0.8
2048-03-13,28.4,16.5,0.0
2048-03-14,30.0,18.8,0.0
2048-03-15,29.0,17.9,0.0
2048-03-16,27.0,18.6,0.0
2048-03-17,27.2,18.5,0.0
2048-03-18,28.4,16.6,0.0
2048-03-19,29.8,15.4,0.0
2048-03-20,30.7,15.6,0.0
2048-03-21,31.1,18.5,0.0
2048-03-22,30.7,17.8,0.0
2048-03-23,31.8,16.6,0.0
2048-03-24,32.541593735605716,18.8,0.0
2048-03-25,32.245898004434586,18.6,0.0
2048-03-26,31.9,19.67280931673551,0.0
2048-03-27,30.0,19.0,0.0
2048-03-28,28.6,18.0,0.0
2048-03-29,28.0,18.3,3.4
2048-03-30,26.7,18.0,0.8
2048-03-31,27.3,17.0,0.0
2048-04-01,27.6,12.5,0.0
2048-04-02,28.6,11.0,0.0
2048-04-03,28.6,18.4316037735849,0.0
2048-04-04,28.3,16.6,0.0
2048-04-05,31.0,17.488100208768255,0.0
2048-04-06,28.9,17.7,0.0
2048-04-07,29.5,17.7,0.0
2048-04-08,28.6,15.2,0.0
2048-04-09,29.5,14.8,0.0
2048-04-10,30.6,15.7,0.0
2048-04-11,30.6,18.930256410256405,0.0
2048-04-12,28.8,14.7,0.0
2048-04-13,29.3,13.9,0.0
2048-04-14,30.3,14.3,0.0
2048-04-15,31.318750000000005,14.0,0.0
2048-04-16,31.090647482014386,15.0,0.0
2048-04-17,31.3,14.3,0.0
2048-04-18,31.962542955326462,14.5,0.0
2048-04-19,31.4,16.3,0.0
2048-04-20,27.93958333333333,16.3,0.0
2048-04-21,26.3,15.9,0.0
2048-04-22,28.4,18.1,0.0
2048-04-23,29.9,16.0,0.0
2048-04-24,31.6,16.6,0.0
2048-04-25,30.7,17.7,0.0
2048-04-26,29.1,15.7,0.0
2048-04-27,31.5,13.4,0.0
2048-04-28,32.625,14.8,0.0
2048-04-29,31.8,16.9,0.0
2048-04-30,29.23333333333333,16.9,0.0
2048-05-01,27.6,18.37532080629236,0.0
2048-05-02,30.4,16.9,0.0
2048-05-03,31.1,20.0888671875,0.0
2048-05-04,33.903271484375,22.983154296875,0.0
2048-05-05,33.09168573704459,20.646728515625,0.0
2048-05-06,31.1,17.937869016517173,0.0
2048-05-07,30.33290122781669,20.36083984375,0.0
2048-05-08,28.5,20.562744140625,1.3666666666666667
2048-05-09,31.072486759241706,20.482666015625,0.0
2048-05-10,32.50661671509973,21.123779296875,0.0
2048-05-11,34.206982421875,20.825439453125,0.0
2048-05-12,34.273388671875,19.956787109375,0.0
2048-05-13,30.0,20.72314453125,0.0
2048-05-14,24.6,17.75358865626637,0.0
2048-05-15,29.2,14.9,0.0
2048-05-16,30.0,12.5,0.0
2048-05-17,31.0,12.2,0.0
2048-05-18,29.3,15.7,0.0
2048-05-19,29.5,13.8,0.0
2048-05-20,27.7,13.5,0.0
2048-05-21,27.5,12.9,0.0
2048-05-22,27.4,12.9,0.0
2048-05-23,27.4,14.1,0.0
2048-05-24,26.4,12.2,0.0
2048-05-25,27.5,13.8,0.0
2048-05-26,29.2,16.5,0.0
2048-05-27,30.0,14.0,0.0
2048-05-28,29.5,13.9,0.0
2048-05-29,27.0,12.9,0.0
2048-05-30,29.557518982922627,11.4,0.0
2048-05-31,33.5592909471357,12.742540365984926,0.0
2048-06-01,31.242070757721358,16.149211589141267,0.0
2048-06-02,33.023046875,16.953875191483768,0.0
2048-06-03,32.047216796875,15.9,0.0
2048-06-04,30.0,14.5,0.0
2048-06-05,28.2,15.040076842750453,0.0
2048-06-06,26.9,14.2,0.0
2048-06-07,26.6,12.7,0.0
2048-06-08,27.6,10.6,0.0
2048-06-09,27.4,11.4,0.0
2048-06-10,23.0,12.7,0.0
2048-06-11,25.492350149955648,11.4,0.0
2048-06-12,26.7,10.5,0.0
2048-06-13,27.8,9.2,0.0
2048-06-14,25.5,12.71503761982728,0.0
2048-06-15,25.0,11.8,0.0
2048-06-16,24.2,11.7,0.0
2048-06-17,24.5,11.2,0.0
2048-06-18,24.1,10.5,0.0
2048-06-19,23.9,9.5,0.0
2048-06-20,24.4,9.9,0.0
2048-06-21,23.9,10.5,0.0
2048-06-22,23.2,9.9,0.0
2048-06-23,24.1,8.9,0.0
2048-06-24,25.373093353025308,8.9,0.0
2048-06-25,27.5,9.9,0.0
2048-06-26,28.6,11.2,0.0
2048-06-27,28.6,11.5,0.0
2048-06-28,28.22137189469781,11.9,0.0
2048-06-29,27.6,12.7,0.0
2048-06-30,25.9,11.5,0.0
2048-07-01,25.7,9.682241875890968,0.0
2048-07-02,23.4,12.0,0.0
2048-07-03,20.964377629905076,10.648008611410118,0.0
2048-07-04,21.0,12.7,0.0
2048-07-05,23.8,11.7,0.0
2048-07-06,23.9,11.9,0.0
2048-07-07,23.0,10.9,0.0
2048-07-08,22.9,9.5,0.0
2048-07-09,23.4,8.9,0.0
2048-07-10,24.181933979189086,8.7,0.0
2048-07-11,23.4,9.9,0.0
2048-07-12,22.6,8.7,0.0
2048-07-13,22.3,7.6,0.0
2048-07-14,23.7,8.0,0.0
2048-07-15,25.3,8.8,0.0
2048-07-16,28.1,9.2,0.0
2048-07-17,27.6,10.4,0.0
2048-07-18,25.8,12.0,0.0
2048-07-19,23.7,13.0,0.0
2048-07-20,24.7,12.1,0.0
2048-07-21,26.2,11.9,0.0
2048-07-22,29.49132822057474,13.0,0.0
2048-07-23,28.2,14.2,0.0
2048-07-24,26.7,14.3,0.0
2048-07-25,23.8,14.573855400071754,0.0
2048-07-26,21.52652540932525,12.1,0.0
2048-07-27,21.0,9.6,0.0
2048-07-28,22.3,8.7,0.0
2048-07-29,24.5,8.7,0.0
2048-07-30,27.2,9.9,0.0
2048-07-31,28.1,12.1,0.0
2048-08-01,28.2,12.0,0.0
2048-08-02,25.7,14.0,0.0
2048-08-03,23.7,12.6,0.0
2048-08-04,24.0,10.1332835394653,0.0
2048-08-05,26.6,10.2,0.0
2048-08-06,28.3,11.0,0.0
2048-08-07,28.3,9.9,0.0
2048-08-08,22.5,15.2,0.0
2048-08-09,23.6,12.5,0.0
2048-08-10,24.1,9.643401946354427,0.0
2048-08-11,24.2,9.0,0.0
2048-08-12,24.0,9.5,0.0
2048-08-13,24.0,10.172737857252697,0.0
2048-08-14,24.8,9.0,0.0
2048-08-15,26.0,9.5,0.0
2048-08-16,26.3,10.9,0.0
2048-08-17,27.0,11.2,0.0
2048-08-18,30.0,12.4,0.0
2048-08-19,30.5,12.9,0.0
2048-08-20,30.5,14.7,0.0
2048-08-21,30.8,15.4,0.0
2048-08-22,32.74585881690966,15.8,0.0
2048-08-23,31.4,16.96190168640114,0.0
2048-08-24,33.03233655963446,16.4,0.0
2048-08-25,35.46402744853884,16.629157807648856,0.0
2048-08-26,30.1,18.0,0.0
2048-08-27,27.9,15.8,0.0
2048-08-28,27.8,13.7,0.0
2048-08-29,28.3,12.0,0.0
2048-08-30,26.6,12.9,0.0
2048-08-31,25.5,12.3,0.0
2048-09-01,26.495071243180252,10.059967283910227,0.0
2048-09-02,27.7,10.6,0.0
2048-09-03,29.2,11.9,0.0
2048-09-04,31.2,12.4,0.0
2048-09-05,30.7,14.1,0.0
2048-09-06,27.6,15.6,0.0
2048-09-07,26.2,13.8,0.0
2048-09-08,26.2,12.0,0.0
2048-09-09,28.0,12.4,0.0
2048-09-10,30.0,13.6,0.0
2048-09-11,29.8,15.939723382374556,0.0
2048-09-12,27.7,15.3,0.0
2048-09-13,29.0,13.5,0.0
2048-09-14,31.0,13.5,0.0
2048-09-15,27.463877738550078,14.7,0.0
2048-09-16,25.59879096431933,12.4,0.0
2048-09-17,27.8,12.635110609221325,0.0
2048-09-18,30.7,13.9,0.0
2048-09-19,31.4,16.7,0.0
2048-09-20,31.9,16.9,0.0
2048-09-21,32.9,16.6,0.0
2048-09-22,32.5,17.2,0.0
2048-09-23,32.1,15.5,0.0
2048-09-24,33.7,14.9,0.0
2048-09-25,32.3,18.3,0.0
2048-09-26,30.3,17.5,0.0
2048-09-27,30.3,16.2,0.0
2048-09-28,31.18247625566869,14.7,0.0
2048-09-29,33.0,14.9,0.0
2048-09-30,35.4,17.1,0.0
2048-10-01,36.3,19.6,0.0
2048-10-02,36.397970167614936,20.2,0.0
2048-10-03,36.67581549696994,20.0,0.0
2048-10-04,35.5,20.7,0.0
2048-10-05,35.0,19.9,0.0
2048-10-06,35.5,19.6,0.0
2048-10-07,37.0,20.1,0.0
2048-10-08,38.0,21.2,0.0
2048-10-09,35.6,21.89059545739107,0.0
2048-10-10,33.9,20.258719052744873,0.0
2048-10-11,33.90951395214042,19.5,0.0
2048-10-12,35.0,19.6,0.0
2048-10-13,35.8,20.2,0.0
2048-10-14,38.0,19.9,0.0
2048-10-15,35.6,22.152173231473434,0.0
2048-10-16,31.8,20.2,0.0
2048-10-17,31.8,18.4,0.0
2048-10-18,33.3,18.53190275816756,0.0
2048-10-19,35.1,19.35394689630426,0.0
2048-10-20,34.5,21.2,0.0
2048-10-21,33.0,20.5,0.0
2048-10-22,33.2,19.0,0.0
2048-10-23,34.031590175163906,18.4,0.0
2048-10-24,35.9,18.0,0.0
2048-10-25,37.2,19.6,0.0
2048-10-26,38.05695058724803,20.7,0.0
2048-10-27,38.0,21.6,0.0
2048-10-28,35.7,21.7,0.0
2048-10-29,35.1576544854135,21.058893386998633,0.0
2048-10-30,35.9,21.54499664886162,0.0
2048-10-31,37.02787482040311,23.190254033677363,0.0
2048-11-01,35.5,21.893315379661612,0.0
2048-11-02,33.45312128470921,22.3,0.0
2048-11-03,33.3,20.5,2.0
2048-11-04,33.4,20.3,0.0
2048-11-05,34.5,22.964423976936626,0.0
2048-11-06,35.0,22.558439933259187,0.0
2048-11-07,35.1,22.0,0.0
2048-11-08,36.8,21.0,0.0
2048-11-09,38.79887693598272,21.0,0.0
2048-11-10,39.51953125,22.1,0.0
2048-11-11,40.21435546875,24.520849609375,0.0
2048-11-12,39.517578125,23.99130859375,0.0
2048-11-13,39.515625,22.9,0.0
2048-11-14,39.6689453125,22.3,0.0
2048-11-15,39.30428013407291,21.43888888888889,0.0
2048-11-16,40.618896484375,21.498225737788218,0.0
2048-11-17,32.4,19.7,2.1801181102362217
2048-11-18,30.8,19.5,2.5
2048-11-19,30.5,19.5,37.786876640419884
2048-11-20,31.1,19.3,3.0
2048-11-21,31.0,19.5,1.7
2048-11-22,30.0,19.4,25.5748031496063
2048-11-23,27.48040095636275,17.960180046387237,20.8
2048-11-24,22.72593155297515,16.5,10.568897637795276
2048-11-25,19.68218905989,16.0,0.0
2048-11-26,19.601012243338516,16.0,1.8
2048-11-27,26.5,16.3,0.0
2048-11-28,30.5,15.898399596633746,0.0
2048-11-29,30.0,17.9,0.0
2048-11-30,31.6,19.1,0.9
2048-12-01,28.9,19.2,13.6
2048-12-02,28.0,19.2,19.215106382978743
2048-12-03,25.7,18.9,0.0
2048-12-04,29.8,17.9,0.0
2048-12-05,30.8,18.5,0.0
2048-12-06,31.6,18.8,0.0
2048-12-07,31.6,17.6,0.0
2048-12-08,31.9,17.0,0.0
2048-12-09,31.6,18.2,0.0
2048-12-10,28.3,20.0,0.5
2048-12-11,28.27595055383867,19.4,0.0
2048-12-12,30.258937247258014,18.6,14.645106382978726
2048-12-13,30.0,19.9,4.9
2048-12-14,29.1,16.4,0.0
2048-12-15,30.2,14.8996843643524,0.0
2048-12-16,31.6,15.4,0.0
2048-12-17,31.6,18.1,0.0
2048-12-18,31.0,18.1,0.9
2048-12-19,30.1,18.0,0.0
2048-12-20,32.0,18.1,0.0
2048-12-21,28.7,19.3,1.2
2048-12-22,30.9,18.2,0.0
2048-12-23,31.0,19.2,10.16404255319149
2048-12-24,30.2,19.5,0.5
2048-12-25,29.0,19.5,5.012553191489361
2048-12-26,28.7,18.0,4.3
2048-12-27,30.3,17.6,0.0
2048-12-28,31.241182915577415,16.9,0.0
2048-12-29,31.6,16.1,0.0
2048-12-30,31.6,17.7,0.0
2048-12-31,32.4,20.3,0.0
2049-01-01,31.6,19.9,1.2500000000000007
2049-01-02,28.4,19.8,8.733333333333334
2049-01-03,27.2,19.6,14.3
2049-01-04,28.6,19.1,0.0
2049-01-05,29.6,18.0,0.0
2049-01-06,30.9,18.1,0.0
2049-01-07,31.6,17.2,0.0
2049-01-08,31.6,19.236538016366293,0.0
2049-01-09,32.55156771334112,19.5,0.0
2049-01-10,33.66395816172616,22.937084960937497,0.3
2049-01-11,30.5,19.9,7.2
2049-01-12,29.9,19.6,18.983333333333338
2049-01-13,29.2,19.509288059843836,19.0
2049-01-14,26.2,18.8,34.73333333333334
2049-01-15,27.4,19.1,5.4
2049-01-16,28.1,19.1,42.66545454545454
2049-01-17,28.9,18.2,4.6
2049-01-18,28.6,18.8,5.2
2049-01-19,30.0,18.4,7.2
2049-01-20,28.8,19.2,5.2
2049-01-21,26.315879143313165,18.5,14.2
2049-01-22,27.7,18.7,4.9
2049-01-23,29.55744924397015,17.4,0.0
2049-01-24,29.6,16.7,0.0
2049-01-25,27.6,18.8,0.0
2049-01-26,28.6,18.7,0.0
2049-01-27,29.9,19.0,0.0
2049-01-28,30.382680867939484,19.9,0.0
2049-01-29,31.0,21.413616943359372,0.0
2049-01-30,30.8,21.685375976562497,0.0
2049-01-31,31.699436946261482,21.194104003906247,0.0
2049-02-01,31.0,20.46811692402642,0.0
2049-02-02,30.6,19.683950125317406,0.0
2049-02-03,29.9,18.9,0.0
2049-02-04,30.0,17.5,0.0
2049-02-05,31.2,16.456856453042384,0.0
2049-02-06,32.111944551111016,17.63260079394001,0.0
2049-02-07,32.9,19.0,0.0
2049-02-08,30.9,19.2,3.9859122401847564
2049-02-09,30.6,19.0,4.8
2049-02-10,31.0,18.8,15.2
2049-02-11,27.0,18.9,15.0
2049-02-12,27.9,19.0,44.83251732101619
2049-02-13,26.9,19.0,17.4
2049-02-14,27.7,19.0,5.6
2049-02-15,27.4,18.0,7.969053117782909
2049-02-16,28.2,17.7,0.0
2049-02-17,29.6,17.6,0.0
2049-02-18,29.8,17.6,0.0
2049-02-19,29.6,17.5,0.0
2049-02-20,30.0,15.5,0.0
2049-02-21,29.9,16.6,0.0
2049-02-22,28.51354243773916,17.2,0.9473441108545035
2049-02-23,29.2,17.7,0.0
2049-02-24,30.2,17.6,0.0
2049-02-25,30.4,16.5,0.0
2049-02-26,31.501591437362144,15.1,0.0
2049-02-27,32.00589047672074,17.9,0.0
2049-02-28,32.709161453876675,18.8,0.0
2049-03-01,32.9,19.6,0.3
2049-03-02,31.6,20.019001399614734,0.0
2049-03-03,28.8,18.7,0.0
2049-03-04,30.1849765258216,18.0,0.0
2049-03-05,30.9,18.0,0.0
2049-03-06,32.0,17.4,0.0
2049-03-07,33.0,17.4,0.0
2049-03-08,34.3286777705406,17.9,0.0
2049-03-09,34.21028938308361,18.5,0.0
2049-03-10,33.0,21.386930912075176,0.0
2049-03-11,32.0,20.205655608334776,0.0
2049-03-12,32.23348115299335,19.91483871974521,0.0
2049-03-13,32.64903225806452,18.9,0.0
2049-03-14,33.202777777777776,18.0,0.0
2049-03-15,33.2,18.854926922342113,0.0
2049-03-16,33.34714673913043,19.919484875902118,0.0
2049-03-17,33.2,19.9,0.0
2049-03-18,32.33031674208145,19.6,3.016129032258066
2049-03-19,29.4,19.6,9.60645161290322
2049-03-20,31.2047619047619,19.0,2.2
2049-03-21,32.477760127084984,18.5,0.0
2049-03-22,32.85813953488371,19.6,1.6
2049-03-23,30.7,18.7,1.0209677419354835
2049-03-24,31.3,18.8,0.0
2049-03-25,32.5,19.648517037789183,0.0
2049-03-26,33.2,22.40341796875,0.0
2049-03-27,32.7,19.88210191587965,16.54516129032258
2049-03-28,25.0,18.876041447048284,23.980645161290337
2049-03-29,25.9,18.7,1.7
2049-03-30,24.9,18.9,1.0
2049-03-31,26.2,18.7,0.7
2049-04-01,28.4,18.43915094339622,0.0
2049-04-02,28.7,18.249999999999996,15.142424242424235
2049-04-03,30.4,19.0,0.55
2049-04-04,29.0,18.0,0.0
2049-04-05,28.5,18.1,0.0
2049-04-06,24.009883720930233,16.3,0.0
2049-04-07,25.1,16.6,0.0
2049-04-08,28.4,18.6,11.97619047619048
2049-04-09,26.5,18.4,1.6
2049-04-10,26.7,17.17861271676298,0.0
2049-04-11,27.4,15.7,0.0
2049-04-12,27.5,14.9,0.0
2049-04-13,25.0,17.81968503937007,24.499999999999996
2049-04-14,25.5,18.4,0.0
2049-04-15,25.4,17.0,0.0
2049-04-16,26.1,17.4,0.0
2049-04-17,25.9,15.1,0.0
2049-04-18,25.5,15.1,0.0
2049-04-19,27.2,13.5,0.0
2049-04-20,26.2,14.0,0.0
2049-04-21,23.0,16.0,0.0
2049-04-22,25.0,14.1,0.0
2049-04-23,24.3,13.0,0.0
2049-04-24,25.6,17.0,0.0
2049-04-25,22.9,17.2,1.2
2049-04-26,21.566463414634146,14.732653061224491,0.0
2049-04-27,25.5,13.8,0.0
2049-04-28,26.6,11.5,0.0
2049-04-29,27.0,11.5,0.0
2049-04-30,27.5,11.6,0.0
2049-05-01,27.0,11.9,0.0
2049-05-02,26.0,12.5,0.0
2049-05-03,22.760212594187298,13.800938882908733,0.0
2049-05-04,24.4,12.2,0.0
2049-05-05,25.93818237736429,8.7,0.0
2049-05-06,27.4,6.708090343599073,0.0
2049-05-07,26.9,10.9,0.0
2049-05-08,27.1,10.9,0.0
2049-05-09,26.2,10.9,0.0
2049-05-10,25.7,10.0,0.0
2049-05-11,26.2,9.1,0.0
2049-05-12,26.8,9.2,0.0
2049-05-13,26.0,10.3,0.0
2049-05-14,26.5,9.0,0.0
2049-05-15,28.4,7.7,0.0
2049-05-16,27.5,8.9,0.0
2049-05-17,26.0,10.20388042845294,0.0
2049-05-18,26.2,10.498495581495781,0.0
2049-05-19,27.6,10.375984558850817,0.0
2049-05-20,25.7,11.9,0.0
2049-05-21,25.0,9.9,0.0
2049-05-22,25.2,9.5,0.0
2049-05-23,26.5,8.4,0.0
2049-05-24,26.7,7.0,0.0
2049-05-25,25.4,5.6,0.0
2049-05-26,25.430933799784714,4.4322085107477305,0.0
2049-05-27,25.9,8.0,0.0
2049-05-28,26.9,8.4,0.0
2049-05-29,27.5,7.712608818334778,0.0
2049-05-30,27.8,8.305274488697522,0.0
2049-05-31,27.533019375672765,10.1,0.0
2049-06-01,25.6,11.5,0.0
2049-06-02,25.0,11.887288345074776,0.0
2049-06-03,24.651774302602025,11.0,0.0
2049-06-04,23.9,11.2,0.0
2049-06-05,23.6,13.067255283648503,0.0
2049-06-06,24.4,10.878711219286563,0.0
2049-06-07,25.2253054894733,9.0,0.0
2049-06-08,26.6,7.3,0.0
2049-06-09,25.5,10.665163144234336,0.0
2049-06-10,25.2,10.6,0.0
2049-06-11,27.2,10.5,0.0
2049-06-12,27.9,12.6,0.0
2049-06-13,25.7,13.2,0.0
2049-06-14,24.3,11.9,0.0
2049-06-15,24.8,10.6,0.0
2049-06-16,25.0,10.677161661104932,0.0
2049-06-17,24.2,10.0,0.0
2049-06-18,25.0,8.5,0.0
2049-06-19,26.2,9.9,0.0
2049-06-20,27.1,10.9,0.0
2049-06-21,27.3,11.2,0.0
2049-06-22,27.7,11.0,0.0
2049-06-23,21.7,14.0,0.0
2049-06-24,21.7,12.1,0.0
2049-06-25,23.399080739605854,10.2,0.0
2049-06-26,24.1,9.0,0.0
2049-06-27,25.6,9.496283749620796,0.0
2049-06-28,26.6,10.4,0.0
2049-06-29,24.6,11.5,0.0
2049-06-30,23.5,8.6,0.0
2049-07-01,22.7,8.6,0.0
2049-07-02,23.4,8.0,0.0
2049-07-03,25.0,7.0,0.0
2049-07-04,26.0,7.3,0.0
2049-07-05,26.4,7.229911523011888,0.0
2049-07-06,27.5,7.8,0.0
2049-07-07,27.6,8.8,0.0
2049-07-08,26.7,12.056799425905986,0.0
2049-07-09,25.9,11.9,0.0
2049-07-10,26.7,10.2,0.0
2049-07-11,29.2,10.5,0.0
2049-07-12,26.03125418206149,12.2,0.0
2049-07-13,23.1,12.053641908862573,0.0
2049-07-14,23.86295261434166,8.9,0.0
2049-07-15,24.5,9.0,0.0
2049-07-16,23.4,9.3,0.0
2049-07-17,23.4,9.5,0.0
2049-07-18,21.706937381685904,10.0,0.0
2049-07-19,21.8,9.1,0.0
2049-07-20,23.26415500538213,8.4,0.0
2049-07-21,26.186114101184064,8.9,0.0
2049-07-22,29.21803243020404,11.9,0.0
2049-07-23,31.19480098852872,14.2,0.0
2049-07-24,29.2,17.573876953125,0.0
2049-07-25,28.498671828882937,15.3,0.0
2049-07-26,27.591182575285455,12.9,0.0
2049-07-27,27.6,15.2,0.0
2049-07-28,26.6,15.2,0.0
2049-07-29,25.3,14.25005852934064,0.0
2049-07-30,23.2,11.9,0.0
2049-07-31,22.3,10.0,0.0
2049-08-01,22.1,7.9,0.0
2049-08-02,24.1,6.537532875389788,0.0
2049-08-03,27.8,6.5,0.0
2049-08-04,31.2,7.7,0.0
2049-08-05,29.0,11.5,0.0
2049-08-06,27.1,13.2,0.0
2049-08-07,27.0,12.1,0.0
2049-08-08,26.5,13.0,0.0
2049-08-09,25.4,12.2,0.0
2049-08-10,25.5,12.9,0.0
2049-08-11,26.3,12.5,0.0
2049-08-12,26.7,12.2,0.0
2049-08-13,27.6,11.9,0.0
2049-08-14,28.6,12.5,0.0
2049-08-15,30.5,12.1,0.0
2049-08-16,30.78595773610559,13.5,0.0
2049-08-17,31.8,14.3,0.0
2049-08-18,30.8,15.96656888268329,0.0
2049-08-19,28.6,15.2,0.0
2049-08-20,27.0,14.5,0.0
2049-08-21,27.661261318305574,13.3,0.0
2049-08-22,30.75343379978471,13.9,0.0
2049-08-23,31.9,15.9,0.0
2049-08-24,30.5,16.97733386210412,0.0
2049-08-25,32.593947172311,16.4,0.0
2049-08-26,37.570556640625,16.991239778671645,0.0
2049-08-27,38.380859375,17.5,0.0
2049-08-28,32.9,18.2,0.0
2049-08-29,31.2,17.7,0.0
2049-08-30,31.0,17.0,0.0
2049-08-31,31.4,16.8359946830663,0.0
2049-09-01,32.55574193548387,17.0,0.0
2049-09-02,32.1,17.7,0.0
2049-09-03,32.0,17.6,0.0
2049-09-04,33.9,16.7,0.0
2049-09-05,35.361666627221744,17.6,0.0
2049-09-06,36.647973130799045,20.5,0.0
2049-09-07,31.6,18.9,0.0
2049-09-08,29.6,14.975626665287015,0.0
2049-09-09,30.0,16.3,0.0
2049-09-10,30.3,15.1,0.0
2049-09-11,31.0,14.4,0.0
2049-09-12,31.6,14.9,0.0
2049-09-13,31.9,15.7,0.0
2049-09-14,32.5,14.2,0.0
2049-09-15,33.4,14.1,0.0
2049-09-16,35.3,13.957043179290123,0.0
2049-09-17,30.6,17.9,0.0
2049-09-18,27.3732486579291,13.6,0.0
2049-09-19,28.2,13.2,0.0
2049-09-20,31.3,12.7,0.0
2049-09-21,33.3,13.5,0.0
2049-09-22,36.12206588017505,16.4,0.0
2049-09-23,39.232177734375,18.9,0.0
2049-09-24,39.552978515625,19.709931626091187,0.0
2049-09-25,39.256103515625,20.5,0.0
2049-09-26,35.4,20.5,0.0
2049-09-27,33.34469595847237,20.2,0.0
2049-09-28,33.1,19.035864344220855,0.0
2049-09-29,33.0,18.6,0.0
2049-09-30,33.9,18.9,0.0
2049-10-01,38.0,19.6,0.0
2049-10-02,39.107275390625,20.7,0.0
2049-10-03,39.552099609375,18.0,0.0
2049-10-04,39.36142578125,21.6,0.0
2049-10-05,35.8,19.0,4.912000000000001
2049-10-06,25.50249286654023,18.9,0.0
2049-10-07,29.6,17.7,0.0
2049-10-08,33.9,18.2,0.0
2049-10-09,35.8,20.2,0.0
2049-10-10,38.0,20.763330770413646,0.0
2049-10-11,37.08755549601074,21.0,0.0
2049-10-12,37.05270839011904,20.7,0.0
2049-10-13,36.343028472903576,21.0,0.0
2049-10-14,36.196017222820224,20.7,0.0
2049-10-15,38.0,20.7,0.0
2049-10-16,38.0,21.7,0.0
2049-10-17,38.32253722937857,24.688977050781254,0.0
2049-10-18,38.68125,24.0291259765625,0.0
2049-10-19,38.0,23.01023994717177,0.0
2049-10-20,37.0,21.924566715329135,0.0
2049-10-21,36.77733906272996,21.0,0.0
2049-10-22,34.4,21.7,0.0
2049-10-23,38.0,20.8950206214245,0.0
2049-10-24,34.5,21.9,0.0
2049-10-25,32.2,19.6,0.0
2049-10-26,34.51713083471963,19.6,0.0
2049-10-27,36.77984110447683,21.011602337382733,0.0
2049-10-28,38.0,22.609417192065195,0.0
2049-10-29,36.9,23.72987855031764,0.0
2049-10-30,37.078343042729024,22.6,0.0
2049-10-31,37.2,23.745230714199028,0.0
2049-11-01,40.56884765625,25.765966796875,0.0
2049-11-02,40.388427734375,23.5243485074261,0.0
2049-11-03,40.5546875,22.96898387519491,0.0
2049-11-04,35.7,23.10136888835443,0.0
2049-11-05,32.6,21.2,0.0
2049-11-06,33.7,20.17647915673499,0.0
2049-11-07,35.0,19.9,0.0
2049-11-08,35.2,21.1,0.0
2049-11-09,40.639404296875,21.502876996388306,0.0
2049-11-10,40.960205078125,23.01293543857177,0.0
2049-11-11,38.748328704104544,26.69345703125,0.0
2049-11-12,38.39705261334945,24.6255859375,0.0
2049-11-13,38.932660135477185,23.0,0.0
2049-11-14,39.609130859375,22.57506981752776,0.0
2049-11-15,40.47998046875,25.840673828125,0.0
2049-11-16,36.938148646482496,25.751806640625,0.0
2049-11-17,39.791015625,23.2,0.0
2049-11-18,36.979125115565886,23.91220703125,0.0
2049-11-19,41.11962890625,22.3,0.0
2049-11-20,37.2,23.0,0.0
2049-11-21,35.7,21.7,0.0
2049-11-22,34.0,20.0,0.0
2049-11-23,30.8,19.2,2.1801181102362217
2049-11-24,30.6,19.9,46.3
2049-11-25,31.1539679008422,19.9,22.5
2049-11-26,27.5,19.7,8.803543307086617
2049-11-27,28.5,19.9,3.8
2049-11-28,29.4,19.5,10.34183070866142
2049-11-29,28.9,19.45300204361435,0.0
2049-11-30,28.4,19.9,0.0
2049-12-01,29.0,19.8,4.3
2049-12-02,29.6,19.7,6.4
2049-12-03,30.5,19.5,34.99170212765958
2049-12-04,29.8,19.4,32.557260638297876
2049-12-05,30.2,19.2,0.0
2049-12-06,30.2,19.3,0.0
2049-12-07,30.9,19.8,0.0
2049-12-08,30.2721794722602,19.8,23.8
2049-12-09,31.0,19.7,37.68817021276596
2049-12-10,30.0,20.0,1.2
2049-12-11,29.0,19.5,0.5
2049-12-12,30.2,20.1,2.4308510638297878
2049-12-13,30.7,20.0,1.7
2049-12-14,30.2,19.81066665637296,22.49797872340426
2049-12-15,30.2,19.5,8.9
2049-12-16,29.9,19.8,3.6
2049-12-17,26.9,19.5,14.772765957446813
2049-12-18,29.9,19.8,82.79747159677797
2049-12-19,26.6,19.75408642165154,22.456223404255326
2049-12-20,26.5,17.3,0.0
2049-12-21,29.1,17.0,0.0
2049-12-22,28.3,18.6,1.1
2049-12-23,30.5,19.5,0.0
2049-12-24,30.0,19.7,1.6
2049-12-25,29.4,18.6,0.0
2049-12-26,28.3,19.8,1.2
2049-12-27,28.0,18.0,0.0
2049-12-28,30.6,17.540357704727974,0.0
2049-12-29,31.2,18.0,0.0
2049-12-30,31.0,19.5,1.7
2049-12-31,27.8,19.534152367271247,87.61117021276621
2050-01-01,23.9,19.0,66.12307692307692
2050-01-02,25.2,19.0,49.80588235294114
2050-01-03,28.2,19.3,6.5
2050-01-04,26.4,19.3,7.2
2050-01-05,28.9,18.9,39.19999999999999
2050-01-06,24.4,19.0,16.7
2050-01-07,26.0,19.2,1.0
2050-01-08,26.383955496758396,19.3,7.5
2050-01-09,26.9,19.228065789321395,3.0
2050-01-10,27.6,19.3,18.4
2050-01-11,25.9,19.4,26.1
2050-01-12,24.9,19.3,4.9
2050-01-13,24.176920250147155,18.8,20.2
2050-01-14,24.6,17.2,5.3
2050-01-15,26.3,17.0,0.0
2050-01-16,27.2,17.6,0.0
2050-01-17,28.9,17.4,0.0
2050-01-18,29.9,16.9,0.0
2050-01-19,29.9,16.7,0.0
2050-01-20,30.2,17.0,0.0
2050-01-21,31.5,17.2,0.0
2050-01-22,30.9,18.5,0.0
2050-01-23,27.7,18.7,0.0
2050-01-24,29.2,18.2,0.0
2050-01-25,29.6,19.6,0.0
2050-01-26,29.3,18.3,0.0
2050-01-27,29.8,17.4,0.0
2050-01-28,31.7,17.0,0.0
2050-01-29,30.8,19.4,1.9
2050-01-30,29.9,18.5,1.3
2050-01-31,29.2,18.8,7.2
2050-02-01,26.9,19.0,15.265404157043896
2050-02-02,29.0,17.9,0.0
2050-02-03,29.5,16.9,0.0
2050-02-04,30.4,19.2,0.6
2050-02-05,30.0,18.2,2.43741339491917
2050-02-06,29.8,18.88662530201329,0.9473441108545035
2050-02-07,31.2,19.10783295521711,0.0
2050-02-08,32.0,18.6,0.0
2050-02-09,27.9,19.0,4.0
2050-02-10,27.0,19.1,14.952193995381062
2050-02-11,28.0,19.1,21.0
2050-02-12,28.5,19.2,10.2
2050-02-13,29.2,19.2,28.323424612339174
2050-02-14,28.6,18.9,27.64226327944573
2050-02-15,28.7,19.2,7.0
2050-02-16,28.3,19.0,0.31385681293302536
2050-02-17,29.2,19.2,8.4
2050-02-18,28.1,18.9,52.54577367205544
2050-02-19,24.2,18.0,110.50586288397953
2050-02-20,24.7,17.9,0.3
2050-02-21,26.5,18.5,0.0
2050-02-22,27.4,16.9,0.0
2050-02-23,27.9,15.9,0.0
2050-02-24,28.4,15.779153335478803,0.0
2050-02-25,28.7,16.8,0.0
2050-02-26,29.0,16.2,0.0
2050-02-27,27.1,15.4,0.0
2050-02-28,27.9,14.7,0.0
2050-03-01,29.284615384615382,18.6,0.0
2050-03-02,25.2,18.8,60.845863825302956
2050-03-03,30.5,18.8,6.0
2050-03-04,27.9,18.7,12.9
2050-03-05,27.0,18.8,7.0
2050-03-06,26.3,17.9,0.7
2050-03-07,29.6,17.0,0.0
2050-03-08,30.9,16.6,0.0
2050-03-09,29.4,18.7,0.0
2050-03-10,27.0,18.8,0.3
2050-03-11,25.9,16.4,0.7
2050-03-12,26.2,15.37122711183406,0.0
2050-03-13,27.0025,14.1,0.0
2050-03-14,28.34102564102564,14.4,0.0
2050-03-15,27.0,17.2,0.0
2050-03-16,27.8,16.2,0.0
2050-03-17,28.7,15.0,0.0
2050-03-18,29.0,15.8,0.0
2050-03-19,29.9,16.5,0.0
2050-03-20,30.6,16.4,0.0
2050-03-21,31.1,17.4,0.0
2050-03-22,32.1,17.8,0.0
2050-03-23,32.0,18.7,0.0
2050-03-24,31.7,18.4,0.0
2050-03-25,30.7,19.0,0.0
2050-03-26,27.312500000000004,18.6,0.9
2050-03-27,29.1,17.8,0.0
2050-03-28,29.2,17.3,0.0
2050-03-29,29.4,17.3,0.0
2050-03-30,31.9,16.4,0.0
2050-03-31,32.1,17.5,0.0
2050-04-01,31.58736059479554,18.6,0.0
2050-04-02,31.97199312714777,18.6,0.0
2050-04-03,31.8,18.6,0.0
2050-04-04,25.6,17.8,9.4375
2050-04-05,29.5,18.0,0.0
2050-04-06,30.812318840579714,16.878125000000182,0.0
2050-04-07,30.6,17.0,0.0
2050-04-08,25.8,17.6,0.0
2050-04-09,22.6,15.4,59.0703703703704
2050-04-10,28.2,15.781578947368422,0.0
2050-04-11,29.0,14.5,0.0
2050-04-12,29.5,15.9,0.0
2050-04-13,30.3,16.4,0.0
2050-04-14,30.3,17.5,0.0
2050-04-15,29.7,17.0,0.0
2050-04-16,31.05323741007194,15.6,0.0
2050-04-17,30.4,15.7,0.0
2050-04-18,30.4,15.4,0.0
2050-04-19,31.1,17.4,54.02592592592599
2050-04-20,25.03529411764706,18.2,48.98148148148141
2050-04-21,27.4,18.50477611940298,0.0
2050-04-22,27.5,16.8,0.0
2050-04-23,28.9,15.6,0.0
2050-04-24,29.9,15.2,0.0
2050-04-25,29.1,16.6,0.0
2050-04-26,29.0,15.9,0.0
2050-04-27,28.4,13.4,0.0
2050-04-28,28.5,11.5,0.0
2050-04-29,27.7,11.262068965517242,0.0
2050-04-30,25.5,14.4,0.0
2050-05-01,24.931613811376995,15.9,0.0
2050-05-02,26.4,12.0,0.0
2050-05-03,26.3,15.2,0.0
2050-05-04,27.5,18.219586491520317,0.0
2050-05-05,26.7,17.8,0.0
2050-05-06,28.4,15.687497120455014,0.0
2050-05-07,26.8,18.105794217742528,0.0
2050-05-08,24.6,18.272579418074695,4.0062500000000005
2050-05-09,25.4,18.04310271716082,5.25483870967742
2050-05-10,22.661509198551716,16.2,0.0
2050-05-11,22.5,15.092756019596678,0.0
2050-05-12,24.3,14.5,0.0
2050-05-13,24.5,12.0,0.0
2050-05-14,24.4726520452099,11.0,0.0
2050-05-15,25.5,12.4,0.0
2050-05-16,26.0,12.2,0.0
2050-05-17,23.7,16.5,0.0
2050-05-18,21.7,15.1,0.0
2050-05-19,22.05648111340888,15.1,0.0
2050-05-20,22.04312717462671,15.2,0.0
2050-05-21,24.1,13.1,0.0
2050-05-22,24.5,11.4,0.0
2050-05-23,24.8,10.0,0.0
2050-05-24,27.0,8.3,0.0
2050-05-25,29.4,7.5,0.0
2050-05-26,28.4,10.6,0.0
2050-05-27,24.1,11.9,0.0
2050-05-28,24.2,10.0,0.0
2050-05-29,23.2,7.5,0.0
2050-05-30,24.5,6.2,0.0
2050-05-31,25.7,8.7,0.0
2050-06-01,25.0,10.5,0.0
2050-06-02,24.7,10.0,0.0
2050-06-03,25.0,7.386948461253245,0.0
2050-06-04,25.1,7.0,0.0
2050-06-05,25.5,8.0,0.0
2050-06-06,25.4,8.2,0.0
2050-06-07,23.0,10.5,0.0
2050-06-08,22.7,8.4,0.0
2050-06-09,23.9,7.3,0.0
2050-06-10,24.7,7.0,0.0
2050-06-11,25.7,8.0,0.0
2050-06-12,25.7,8.0,0.0
2050-06-13,21.97166132303867,11.0,0.0
2050-06-14,19.6,10.0,0.0
2050-06-15,22.8,7.7,0.0
2050-06-16,23.2,5.0,0.0
2050-06-17,22.3,4.474397066699625,0.0
2050-06-18,21.6,6.9,0.0
2050-06-19,23.5,5.7,0.0
2050-06-20,25.9,10.2,0.0
2050-06-21,26.2,11.6,0.0
2050-06-22,24.9,12.0,0.0
2050-06-23,23.0,11.8,0.0
2050-06-24,22.5,10.5,0.0
2050-06-25,23.9,6.627573847484862,0.0
2050-06-26,24.2,3.2,0.0
2050-06-27,24.9,2.207702139713554,0.0
2050-06-28,25.5,3.4,0.0
2050-06-29,24.9,8.075847560090923,0.0
2050-06-30,22.612354467927325,8.4,0.0
2050-07-01,21.5,7.9,0.0
2050-07-02,21.8,7.0,0.0
2050-07-03,22.9,6.0,0.0
2050-07-04,20.7,9.8,0.0
2050-07-05,16.0,8.3,0.0
2050-07-06,22.3,6.0,0.0
2050-07-07,26.0,6.8,0.0
2050-07-08,28.293299246501604,10.0,0.0
2050-07-09,28.0,13.4,0.0
2050-07-10,29.1,13.0,0.0
2050-07-11,29.942610903291335,14.4,0.0
2050-07-12,28.6,15.276586532711399,0.0
2050-07-13,28.390450331764203,15.2,0.0
2050-07-14,29.276822235891114,15.11673827241384,0.0
2050-07-15,30.5514379683274,15.3,0.0
2050-07-16,30.91769110494756,15.3,0.0
2050-07-17,30.815168574638697,15.297946197519801,0.0
2050-07-18,30.96651135747561,15.3,0.0
2050-07-19,31.10366878678116,15.450980417223825,0.0
2050-07-20,30.7227065599713,15.393549722613225,0.0
2050-07-21,28.3,15.293124467010092,0.0
2050-07-22,28.1,15.1,0.0
2050-07-23,31.477001953125,15.2,0.0
2050-07-24,27.7,12.2,0.0
2050-07-25,26.0,8.6,0.0
2050-07-26,25.4,6.0,0.0
2050-07-27,23.2,11.1,0.0
2050-07-28,22.1,10.2,0.0
2050-07-29,21.5,8.8,0.0
2050-07-30,23.4,6.196770721205597,0.0
2050-07-31,26.4,6.0,0.0
2050-08-01,24.2,7.7530581752164895,0.0
2050-08-02,21.3,10.420898047055204,0.0
2050-08-03,20.4069879475551,7.7,0.0
2050-08-04,21.35123329422721,6.0,0.0
2050-08-05,22.9,6.332562202060587,0.0
2050-08-06,24.0,8.0,0.0
2050-08-07,24.0,9.2,0.0
2050-08-08,23.64179224973089,9.3,0.0
2050-08-09,24.0,8.196670023264694,0.0
2050-08-10,24.0,8.7,0.0
2050-08-11,24.2,8.9,0.0
2050-08-12,25.5,8.9,0.0
2050-08-13,27.0,10.7,0.0
2050-08-14,26.4,12.7,0.0
2050-08-15,25.3,13.0,0.0
2050-08-16,25.4,11.7,0.0
2050-08-17,27.6,10.751399354144237,0.0
2050-08-18,28.22298938951253,12.502780767850727,0.0
2050-08-19,27.7,13.0,0.0
2050-08-20,28.9,13.7,0.0
2050-08-21,30.4,14.7,0.0
2050-08-22,30.9,15.4,0.0
2050-08-23,31.2,15.6,0.0
2050-08-24,30.2,16.4,0.0
2050-08-25,28.6,15.948039219057895,0.0
2050-08-26,27.7,15.229643390395486,0.0
2050-08-27,26.9,14.5,0.0
2050-08-28,26.4,13.7,0.0
2050-08-29,26.9,13.3,0.0
2050-08-30,27.3,12.9,0.0
2050-08-31,28.2,10.6,0.0
2050-09-01,29.6,10.039106196427403,0.0
2050-09-02,27.7,14.2,0.0
2050-09-03,25.6,13.1,0.0
2050-09-04,25.6,11.0,0.0
2050-09-05,26.9,11.7,0.0
2050-09-06,28.0,12.6,0.0
2050-09-07,30.0,14.2,0.0
2050-09-08,31.7,15.7,0.0
2050-09-09,34.2,16.9,0.0
2050-09-10,34.6,18.9,0.0
2050-09-11,30.0,18.2,0.0
2050-09-12,29.5,15.4,0.0
2050-09-13,29.7,14.8,0.0
2050-09-14,30.0,14.4,0.0
2050-09-15,30.6,14.5,0.0
2050-09-16,31.6,14.4,0.0
2050-09-17,32.5,14.5,0.0
2050-09-18,35.52007786429367,16.9,0.0
2050-09-19,34.8,19.879901872019747,0.0
2050-09-20,33.4,19.7,0.0
2050-09-21,32.7,19.5,0.0
2050-09-22,33.4,21.45377175489592,0.0
2050-09-23,31.583432981090105,20.297317793514623,0.0
2050-09-24,30.1,17.9,0.0
2050-09-25,32.0,18.2,0.0
2050-09-26,34.794914528275356,19.041166953180305,0.0
2050-09-27,35.3,19.9,0.0
2050-09-28,36.11376576083917,20.485366215076162,0.0
2050-09-29,36.31645460728796,20.465640133007472,0.0
2050-09-30,39.914794921875,20.254042904290433,0.0
2050-10-01,35.988215779350256,22.0,0.0
2050-10-02,34.9,20.2,0.0
2050-10-03,28.5,18.5,0.0
2050-10-04,28.002668043828592,16.5,0.0
2050-10-05,30.6,16.4,0.0
2050-10-06,32.1,15.7,0.0
2050-10-07,33.2,16.1,0.0
2050-10-08,32.1,16.0,0.0
2050-10-09,33.5,16.04165416718135,0.0
2050-10-10,36.347983844080126,17.4,0.0
2050-10-11,38.01811538595086,18.6,0.0
2050-10-12,36.0,20.7,0.0
2050-10-13,36.0,20.0,0.0
2050-10-14,38.0,19.5,0.0
2050-10-15,35.7,21.2,0.0
2050-10-16,33.3,20.9,0.0
2050-10-17,33.0,19.084321617447465,0.0
2050-10-18,35.2,19.2,0.0
2050-10-19,37.2,20.9,0.0
2050-10-20,38.0,21.7,0.0
2050-10-21,38.0,21.46204781942133,0.0
2050-10-22,38.0,23.574375320907926,0.0
2050-10-23,35.2,23.0,0.0
2050-10-24,35.8,21.3,0.0
2050-10-25,36.16231611051308,22.162895168622686,0.0
2050-10-26,36.6,20.9,0.0
2050-10-27,37.55467186241448,20.0,0.0
2050-10-28,38.21281792509416,20.7,0.0
2050-10-29,35.5,21.8,0.0
2050-10-30,32.6,18.9,0.0
2050-10-31,32.5,18.9,0.0
2050-11-01,34.9,19.2,0.0
2050-11-02,36.2,18.9,0.0
2050-11-03,38.42086794153628,19.8,0.0
2050-11-04,37.75481160206015,21.4,0.0
2050-11-05,39.536865234375,21.495921394141643,0.0
2050-11-06,38.3657949951043,21.541696323972936,0.0
2050-11-07,38.30774513264899,21.3,0.0
2050-11-08,37.2,21.3,0.0
2050-11-09,37.08197333929176,20.4,0.0
2050-11-10,40.480224609375,20.18981143069018,0.0
2050-11-11,37.100154951401606,22.3,0.0
2050-11-12,33.0,20.4,0.0
2050-11-13,32.5,19.2,0.0
2050-11-14,34.2,19.87216023892606,0.0
2050-11-15,39.781005859375,20.0,0.0
2050-11-16,39.30056393408696,22.1,0.0
2050-11-17,34.0,20.7,0.0
2050-11-18,35.2,20.74797564797206,0.0
2050-11-19,35.7,21.873176629002995,0.0
2050-11-20,36.2,20.7,0.0
2050-11-21,37.2,20.9,0.0
2050-11-22,37.161882068626724,21.7,0.0
2050-11-23,32.0,20.7,0.0
2050-11-24,32.9,19.956612971889214,0.0
2050-11-25,32.6,19.5,0.0
2050-11-26,35.4,20.146111199392628,0.0
2050-11-27,36.0,21.0,0.0
2050-11-28,34.0,22.303989089208894,0.0
2050-11-29,32.8,20.0,3.2
2050-11-30,28.9,19.3,2.8
2050-12-01,29.2,19.924482423874203,26.0
2050-12-02,28.0,19.8,36.76353863381863
2050-12-03,24.322104361093984,19.5,9.698776595744683
2050-12-04,23.79521200005592,18.5,32.53847074468084
2050-12-05,28.9,17.8,0.0
2050-12-06,30.1,17.3,1.0
2050-12-07,27.6,19.70544687067507,0.0
2050-12-08,28.8,19.53201169434116,0.0
2050-12-09,31.0,18.4,0.0
2050-12-10,31.6,20.0,0.0
2050-12-11,33.1,19.7,0.0
2050-12-12,33.206727664155004,19.4,5.547446808510639
2050-12-13,28.9,19.4,15.441276595744682
2050-12-14,30.1,19.4,0.0
2050-12-15,31.2,19.4,0.9
2050-12-16,31.6,19.4,0.0
2050-12-17,31.4,18.4,0.0
2050-12-18,32.1,17.5,0.0
2050-12-19,33.7,19.2,0.0
2050-12-20,32.1,20.29688671329816,4.744468085106384
2050-12-21,29.6,20.1,6.9
2050-12-22,27.1,19.6,3.6
2050-12-23,30.5,19.9,5.0
2050-12-24,30.9,19.9,5.0
2050-12-25,28.2,19.9,7.0
2050-12-26,28.6,19.8,60.89481382978727
2050-12-27,28.0,20.0,36.97451287793956
2050-12-28,28.0,19.5,1.723617021276596
2050-12-29,29.417659209263075,19.5,0.1
2050-12-30,30.5,19.9,4.3
2050-12-31,25.6,19.8,10.863829787234062
2051-01-01,25.9,19.2,7.2
2051-01-02,29.2,18.2,1.9
2051-01-03,29.7,18.4,14.3
2051-01-04,28.6,19.6,0.0
2051-01-05,29.5,19.685492502918468,1.5
2051-01-06,30.2,19.009295561811687,0.0
2051-01-07,29.5,19.234767700267355,0.8
2051-01-08,29.5,17.6,0.0
2051-01-09,31.0,16.9,0.0
2051-01-10,31.98653390742734,18.6,0.0
2051-01-11,31.7,20.747116801983196,2.5
2051-01-12,30.9,19.8,11.0
2051-01-13,27.2,19.6,8.9
2051-01-14,28.8,19.562452743146114,9.46666666666667
2051-01-15,29.673840116635553,18.4,3.5
2051-01-16,26.9,19.4,12.9
2051-01-17,28.5,19.4,0.0
2051-01-18,29.8,18.6,0.0
2051-01-19,30.7,18.4,0.0
2051-01-20,31.5,17.2,0.0
2051-01-21,32.14961383344631,16.8,0.0
2051-01-22,32.2,19.5,0.0
2051-01-23,31.665456462322858,19.3,11.0
2051-01-24,27.2,19.251035268789956,34.0
2051-01-25,28.1,19.48118059836886,12.0
2051-01-26,27.6,19.3,2.0
2051-01-27,26.7,18.6,1.4
2051-01-28,24.8,18.4,3.5
2051-01-29,29.5,17.9,9.8
2051-01-30,29.9,17.6,0.0
2051-01-31,28.5,19.0,0.0
2051-02-01,31.0,18.6,5.6
2051-02-02,30.3,18.7,13.376674364896079
2051-02-03,28.1,19.0,15.0
2051-02-04,25.3360245584856,19.14660836589423,17.0
2051-02-05,26.9,18.8,7.867898383371826
2051-02-06,28.0,18.3,17.70013856812933
2051-02-07,23.32514736526315,18.8,26.19122401847578
2051-02-08,25.3,18.8,3.0
2051-02-09,25.9,18.8,3.6
2051-02-10,26.0,18.6,3.6
2051-02-11,28.4,18.6,2.3
2051-02-12,29.7,18.8,19.7
2051-02-13,28.7,17.6,2.9221709006928407
2051-02-14,26.0,18.9,52.141154734411124
2051-02-15,23.92062776366146,18.8,42.01200923787528
2051-02-16,25.227867238722173,18.8,10.0
2051-02-17,29.5,18.8,10.5
2051-02-18,28.0,18.6,15.041570438799079
2051-02-19,27.0,18.6,3.6284064665127045
2051-02-20,26.7,18.5,32.24872979214782
2051-02-21,21.546279872576694,18.2,19.7
2051-02-22,25.3,17.5,0.0
2051-02-23,26.1,15.76362090068759,0.0
2051-02-24,27.2,14.857461263408537,0.0
2051-02-25,28.5,14.6,0.0
2051-02-26,27.8,16.9,0.0
2051-02-27,26.0,17.9,0.0
2051-02-28,26.2,16.0,0.0
2051-03-01,23.90052356020942,17.8,56.10072694229897
2051-03-02,24.8,18.3,60.62020958960248
2051-03-03,23.0,18.2,46.25585072738779
2051-03-04,24.8,17.2,0.0
2051-03-05,25.642307692307693,17.2,0.0
2051-03-06,28.2,16.4,0.0
2051-03-07,27.5,16.51258004447133,0.0
2051-03-08,26.9,17.0,0.0
2051-03-09,26.9,17.0,0.0
2051-03-10,27.0,16.9,0.0
2051-03-11,28.4,17.7,0.0
2051-03-12,28.7,17.6,0.0
2051-03-13,27.9,15.4,0.0
2051-03-14,28.2,13.6,0.0
2051-03-15,29.1,14.923565594160165,0.0
2051-03-16,28.5,17.1,0.0
2051-03-17,28.0,17.0,0.0
2051-03-18,27.7,15.9,0.0
2051-03-19,28.3,14.0,0.0
2051-03-20,28.4,15.5,0.0
2051-03-21,28.9,16.5,0.0
2051-03-22,30.1924882629108,15.9,0.0
2051-03-23,31.1,15.1,0.0
2051-03-24,29.9,16.497668667424616,0.0
2051-03-25,31.316666666666663,15.1,0.0
2051-03-26,31.8,18.1,0.0
2051-03-27,31.9,18.7,0.0
2051-03-28,30.161502347417837,18.5,0.0
2051-03-29,30.5,16.9,0.0
2051-03-30,30.9,17.9,0.9
2051-03-31,29.2,19.0,0.0
2051-04-01,22.899623352165722,17.0,0.0
2051-04-02,25.5,17.39154135338348,0.0
2051-04-03,26.1,18.6,16.857142857142858
2051-04-04,24.2,18.587462686567168,31.759999999999998
2051-04-05,27.5,15.760526315789473,0.0
2051-04-06,29.9,14.0,0.0
2051-04-07,30.1,14.5,0.0
2051-04-08,27.625,15.1,0.0
2051-04-09,27.6,14.4,0.0
2051-04-10,26.9,16.8,0.0
2051-04-11,27.8,16.5,0.0
2051-04-12,27.6,16.9,0.0
2051-04-13,25.129473684210527,17.5,0.0
2051-04-14,27.0,13.7,0.0
2051-04-15,28.2,11.0,0.0
2051-04-16,27.0,12.6,0.0
2051-04-17,25.5,12.2,0.0
2051-04-18,26.9,11.0,0.0
2051-04-19,23.270756302521008,16.6,52.70476190476186
2051-04-20,25.090196078431376,18.4,5.157894736842103
2051-04-21,24.2,18.1,0.0
2051-04-22,25.6,17.8,0.0
2051-04-23,24.0,17.3,0.0
2051-04-24,26.1,15.1,0.0
2051-04-25,27.2,14.835714285714289,0.0
2051-04-26,23.4,17.6,0.0
2051-04-27,26.7,16.1,0.0
2051-04-28,26.7,15.0,0.0
2051-04-29,26.7,13.2,0.0
2051-04-30,27.3,12.4,0.0
2051-05-01,28.4,9.6,0.0
2051-05-02,29.2,8.4,0.0
2051-05-03,30.0,16.5,0.0
2051-05-04,29.9,13.9,0.0
2051-05-05,29.2,13.6,0.0
2051-05-06,26.5,17.138390115369088,0.0
2051-05-07,27.9,15.7,0.0
2051-05-08,25.6,16.5,0.0
2051-05-09,29.2,14.0,0.0
2051-05-10,30.0,10.2,0.0
2051-05-11,26.7,14.7,0.0
2051-05-12,25.2,18.383431968520075,0.0
2051-05-13,27.7,14.2,0.0
2051-05-14,27.2,13.2,0.0
2051-05-15,26.6,12.2,0.0
2051-05-16,27.2,11.234526372443476,0.0
2051-05-17,27.0,13.9,0.0
2051-05-18,28.9,14.2,0.0
2051-05-19,29.6,14.9,0.0
2051-05-20,29.2,13.697935794339262,0.0
2051-05-21,30.32898982863523,12.2,0.0
2051-05-22,27.5,13.8,0.0
2051-05-23,24.5,12.614452397601992,0.0
2051-05-24,25.9,11.0,0.0
2051-05-25,27.8,9.3,0.0
2051-05-26,27.644607104413343,11.3,0.0
2051-05-27,26.8,11.0,0.0
2051-05-28,23.8,9.9,0.0
2051-05-29,25.4,9.9,0.0
2051-05-30,26.8,9.3,0.0
2051-05-31,27.2,10.9,0.0
2051-06-01,25.2,11.8,0.0
2051-06-02,25.0,11.3,0.0
2051-06-03,25.2,10.1,0.0
2051-06-04,25.26617815415344,9.717742765593611,0.0
2051-06-05,25.6,10.6,0.0
2051-06-06,25.0,12.1,0.0
2051-06-07,24.6,11.14304783092325,0.0
2051-06-08,21.5,14.0,0.0
2051-06-09,25.6,11.1,0.0
2051-06-10,24.960807516626037,11.7,0.0
2051-06-11,17.34307334924198,11.6,1.9
2051-06-12,21.0,12.7,0.0
2051-06-13,22.7,9.9,0.0
2051-06-14,23.0,8.0,0.0
2051-06-15,23.2,7.0,0.0
2051-06-16,23.5,6.8,0.0
2051-06-17,24.6,6.5,0.0
2051-06-18,25.5,8.6,0.0
2051-06-19,24.7,16.971932278388984,0.0
2051-06-20,23.7,15.4,0.0
2051-06-21,22.0,13.7,0.0
2051-06-22,22.0,11.9,0.0
2051-06-23,22.5,9.0,0.0
2051-06-24,22.5,7.0,0.0
2051-06-25,22.9,6.4,0.0
2051-06-26,23.6,4.9,0.0
2051-06-27,24.0,3.7307551956210343,0.0
2051-06-28,23.0,7.897660235510727,0.0
2051-06-29,23.0,5.5,0.0
2051-06-30,22.6,5.4,0.0
2051-07-01,20.882503180350326,7.0,0.0
2051-07-02,21.4,7.8,0.0
2051-07-03,21.5,7.0,0.0
2051-07-04,22.9,7.1,0.0
2051-07-05,24.0,8.9,0.0
2051-07-06,24.6,9.8,0.0
2051-07-07,26.3,10.15791173304629,0.0
2051-07-08,27.2,11.0,0.0
2051-07-09,26.4,11.2,0.0
2051-07-10,25.7,10.7,0.0
2051-07-11,25.5,10.89631363005258,0.0
2051-07-12,26.6,10.950269106566191,0.0
2051-07-13,26.0,12.2,0.0
2051-07-14,24.4,11.7,0.0
2051-07-15,25.1,9.9,0.0
2051-07-16,24.7,11.0,0.0
2051-07-17,22.7,11.2,0.0
2051-07-18,24.8,9.9,0.0
2051-07-19,28.94680099569428,11.2,0.0
2051-07-20,29.2,13.5,0.0
2051-07-21,29.346348831556643,15.0,0.0
2051-07-22,29.902697559184695,14.4,0.0
2051-07-23,29.29715400584345,11.7,0.0
2051-07-24,28.8,14.205153363992576,0.0
2051-07-25,27.4,15.0,0.0
2051-07-26,25.0,13.8,0.0
2051-07-27,25.2,10.4,0.0
2051-07-28,27.221879780182416,10.4,0.0
2051-07-29,26.0,14.00629651492527,0.0
2051-07-30,25.0,12.4,0.0
2051-07-31,24.7,12.0,0.0
2051-08-01,24.1,9.3,0.0
2051-08-02,24.6,8.0,0.0
2051-08-03,25.6,6.869611911355064,0.0
2051-08-04,26.6,6.761677291273212,0.0
2051-08-05,28.2,8.5,0.0
2051-08-06,28.0,11.9,0.0
2051-08-07,26.6,13.0,0.0
2051-08-08,27.0,11.7,0.0
2051-08-09,28.6,11.0,0.0
2051-08-10,25.9,14.320208109077859,0.0
2051-08-11,25.7,12.7,0.0
2051-08-12,25.3,12.9,0.0
2051-08-13,25.4,12.0,0.0
2051-08-14,26.7,11.6,0.0
2051-08-15,27.6,11.8,0.0
2051-08-16,27.0,11.5,0.0
2051-08-17,27.0,11.8,0.0
2051-08-18,26.681681757740765,12.5,0.0
2051-08-19,26.7,12.144886975242196,0.0
2051-08-20,27.6,12.1,0.0
2051-08-21,30.7,13.1,0.0
2051-08-22,31.9,14.6,0.0
2051-08-23,29.8,15.6,0.0
2051-08-24,27.9,15.2,0.0
2051-08-25,27.0,13.9,0.0
2051-08-26,27.8,11.8,0.0
2051-08-27,28.8,11.6,0.0
2051-08-28,32.4099194037141,12.0,0.0
2051-08-29,34.45852957059092,13.2,0.0
2051-08-30,37.813720703125,15.4,0.0
2051-08-31,31.0,15.733892522977559,0.0
2051-09-01,25.99413033451803,7.0,0.0
2051-09-02,22.319911012235817,2.5910644531249982,0.0
2051-09-03,20.81050607479456,7.0,0.0
2051-09-04,21.761947417660537,6.908537079462833,0.0
2051-09-05,25.4,7.0,0.0
2051-09-06,28.0,9.5,0.0
2051-09-07,30.7,12.0,0.0
2051-09-08,31.6,14.026023110255176,0.0
2051-09-09,33.0,14.6,0.0
2051-09-10,35.1,16.0,0.0
2051-09-11,34.6,16.3,0.0
2051-09-12,32.0,18.0,0.0
2051-09-13,31.0,16.405356962281324,0.0
2051-09-14,31.5,14.2,0.0
2051-09-15,32.906392723941636,13.8,0.0
2051-09-16,34.54529141394002,14.4,0.0
2051-09-17,34.0,18.761665097972113,0.0
2051-09-18,31.7,18.2,0.0
2051-09-19,33.5,16.7,0.0
2051-09-20,35.66299973827128,17.4,0.0
2051-09-21,36.14800866872898,18.1,0.0
2051-09-22,39.132080078125,19.0,0.0
2051-09-23,34.2,19.7,0.0
2051-09-24,30.0,17.5,0.0
2051-09-25,30.0,16.4,0.0
2051-09-26,32.8,16.4,0.0
2051-09-27,35.6076555520243,17.8,0.0
2051-09-28,34.1,20.320726274518453,0.0
2051-09-29,33.7,19.6,0.0
2051-09-30,31.7,19.3,0.0
2051-10-01,31.462349001315626,18.2,0.0
2051-10-02,33.51568711876569,17.1,0.0
2051-10-03,36.3,18.7,0.0
2051-10-04,34.75609526372443,20.9,0.0
2051-10-05,35.0,20.5,0.0
2051-10-06,35.0,20.7,0.0
2051-10-07,32.7,19.5,0.0
2051-10-08,32.9,17.245252960172223,0.0
2051-10-09,38.0,17.6,0.0
2051-10-10,38.0,19.9,0.0
2051-10-11,38.0,21.7,0.0
2051-10-12,38.0,21.5,0.0
2051-10-13,38.11863826476415,21.6,0.0
2051-10-14,36.7132867940101,23.785596317507842,0.0
2051-10-15,35.6,21.8,0.0
2051-10-16,35.939257795267245,21.4,0.0
2051-10-17,31.0,18.4,0.0
2051-10-18,30.85732684968422,18.2,0.0
2051-10-19,30.889958373166117,16.5,0.0
2051-10-20,33.0,16.0,0.0
2051-10-21,34.0,18.104825977753848,0.0
2051-10-22,33.8,19.637769106566193,0.0
2051-10-23,34.7,20.0,0.0
2051-10-24,35.7145317545748,20.7,0.0
2051-10-25,36.4098529979704,23.40173625091412,0.0
2051-10-26,38.1425363535729,22.0,0.0
2051-10-27,36.714287610708844,21.894890803536434,0.0
2051-10-28,35.2,19.4,0.4
2051-10-29,33.9,19.2,0.0
2051-10-30,28.06864370290635,18.4,11.243172413793111
2051-10-31,33.9,18.3,7.135692307692308
2051-11-01,34.4,19.4,0.0
2051-11-02,36.4,18.5,0.0
2051-11-03,28.6,18.427096774193547,4.5
2051-11-04,28.9,17.8,0.0
2051-11-05,30.8,18.1,1.6
2051-11-06,31.0,19.1,14.589714566929135
2051-11-07,31.039341921131008,18.7,2.943307086614173
2051-11-08,31.979394883203554,18.4,0.0
2051-11-09,32.3,19.0,0.0
2051-11-10,29.5,19.0826792975802,3.2
2051-11-11,31.1,18.8,0.0
2051-11-12,31.0,19.7,0.0
2051-11-13,31.086616183223526,18.7,0.0
2051-11-14,31.5,19.2,0.0
2051-11-15,30.5,19.5,22.26505905511811
2051-11-16,30.6,19.4,11.4
2051-11-17,31.2,19.4,26.45163104611925
2051-11-18,29.4,19.2,10.778740157480318
2051-11-19,30.2,18.6,2.3
2051-11-20,31.4,18.1,0.2031496062992126
2051-11-21,31.5,18.0,3.0
2051-11-22,29.2,19.4,22.419881889763783
2051-11-23,27.0,18.5,0.0
2051-11-24,25.5,18.0,0.0
2051-11-25,26.645281930903618,16.7,0.0
2051-11-26,28.6,16.3,0.0
2051-11-27,30.0,17.4,0.0
2051-11-28,30.3,16.9,0.0
2051-11-29,25.385277736261322,17.9,0.9
2051-11-30,26.462649220783685,17.6,11.654149000605692
2051-12-01,27.4,19.4,0.0
2051-12-02,29.4,18.6,0.0
2051-12-03,28.0,19.2,0.0
2051-12-04,28.7,18.4,0.0
2051-12-05,31.0,17.3,0.0
2051-12-06,31.6,19.5,0.0
2051-12-07,32.73501352635349,21.0,0.0
2051-12-08,29.40504756640386,20.3,0.0
2051-12-09,27.0,19.9,14.17212765957447
2051-12-10,29.9,19.5,0.0
2051-12-11,29.7,18.1,0.0
2051-12-12,29.7,18.1,0.0
2051-12-13,30.2,19.7,0.0
2051-12-14,31.0,17.9,0.0
2051-12-15,31.0,17.1,0.0
2051-12-16,30.3,18.612431219969796,0.0
2051-12-17,31.0,19.2,0.0
2051-12-18,32.00009542987465,17.3,0.0
2051-12-19,32.28147524900873,16.8,0.0
2051-12-20,33.7,16.8,0.0
2051-12-21,34.09962629729667,18.3,0.0
2051-12-22,33.794822998964136,21.0,0.0
2051-12-23,31.8,21.873089247484394,0.0
2051-12-24,32.1,20.678268419145464,0.0
2051-12-25,32.61594380456378,19.8,0.5
2051-12-26,33.7,19.4,0.0
2051-12-27,32.1,21.0,0.5
2051-12-28,30.7,20.0,4.744468085106384
2051-12-29,32.1,20.0,0.0
2051-12-30,31.7,19.7,8.859574468085107
2051-12-31,31.4,19.8,0.3
2052-01-01,30.9,20.54897216131268,0.0
2052-01-02,29.5,19.907084508789442,3.5
2052-01-03,31.260726792113473,18.4,0.0
2052-01-04,32.6,16.7,0.0
2052-01-05,35.998974755964795,17.000441260532266,0.0
2052-01-06,33.4536190154778,18.4,0.0
2052-01-07,37.059521484375,21.607250976562497,0.7
2052-01-08,28.6,19.91846170111912,1.4
2052-01-09,31.457316403418197,19.6,1.2
2052-01-10,31.9,18.9,0.0
2052-01-11,33.545484847660916,18.6,0.0
2052-01-12,35.91159018388819,21.102062988281247,0.0
2052-01-13,37.21943359375,24.64130859375,0.0
2052-01-14,38.9279296875,23.438305664062497,0.0
2052-01-15,37.209423828125,22.266003417968747,4.4
2052-01-16,30.0,19.9,26.0
2052-01-17,27.3,19.788239417227814,42.78909090909091
2052-01-18,29.5,19.6,3.9
2052-01-19,30.0,19.5,0.6
2052-01-20,24.0,19.0,64.77741935483866
2052-01-21,24.8,18.9,65.58904109589038
2052-01-22,24.8,18.0,35.07272727272728
2052-01-23,27.2,19.5651153749068,0.0
2052-01-24,28.6,19.6,8.4
2052-01-25,28.6,19.4,52.1
2052-01-26,24.2,18.9,25.0
2052-01-27,27.3,18.4,25.733333333333334
2052-01-28,26.7,19.5,3.4
2052-01-29,27.2,19.4,0.7
2052-01-30,29.6,18.7,5.4
2052-01-31,28.0,17.8,16.0
2052-02-01,26.5,18.1,0.0
2052-02-02,29.34608164481526,19.0,15.041570438799079
2052-02-03,27.0,18.8,0.9473441108545035
2052-02-04,28.1,18.5,0.0
2052-02-05,30.153784266984502,18.3,6.0
2052-02-06,30.416640959125008,18.9,29.4
2052-02-07,28.0,18.6,48.63964588144723
2052-02-08,29.2,16.9,0.0
2052-02-09,29.9,16.0,0.0
2052-02-10,29.0,16.6,0.0
2052-02-11,29.9,15.6,0.0
2052-02-12,29.6,18.4,3.6
2052-02-13,24.0,18.1,81.82994345783239
2052-02-14,24.550469324449978,18.3,29.4
2052-02-15,24.8,18.8,17.0
2052-02-16,27.2,18.8,7.867898383371826
2052-02-17,26.1,18.6,21.2
2052-02-18,26.0,18.9,0.0
2052-02-19,26.5,17.6,0.0
2052-02-20,28.1,17.3,0.0
2052-02-21,29.0,17.0,0.0
2052-02-22,30.4,17.5,0.0
2052-02-23,30.2,19.2,1.4
2052-02-24,29.0,19.0,2.2
2052-02-25,29.5,17.7,0.0
2052-02-26,28.7,18.5,0.0
2052-02-27,28.1,17.5,0.0
2052-02-28,27.120137526359223,19.2,0.0
2052-03-01,28.2,19.2,5.5894265232974885
2052-03-02,29.2,18.0,0.8
2052-03-03,29.4,17.50843997926897,0.0
2052-03-04,29.0,17.3,0.0
2052-03-05,28.91333333333333,17.0,0.0
2052-03-06,29.2,16.8,0.0
2052-03-07,30.0,16.7,0.0
2052-03-08,30.7,16.6,0.0
2052-03-09,30.1,17.3,0.0
2052-03-10,30.8,16.8,0.0
2052-03-11,32.529433440810685,17.7,0.0
2052-03-12,32.9,19.9,0.0
2052-03-13,33.0,18.6,0.0
2052-03-14,30.9,18.9,0.0
2052-03-15,30.5,17.8,9.763440860215047
2052-03-16,29.9,18.7,0.3
2052-03-17,27.7,18.8,9.98709677419355
2052-03-18,28.1,18.7,0.0
2052-03-19,29.6,18.0,0.0
2052-03-20,30.5,19.0,14.869851116625311
2052-03-21,25.6,18.6,9.83010752688172
2052-03-22,24.0,18.3,10.079608294930877
2052-03-23,25.2,18.5,2.2
2052-03-24,25.270806174957116,18.7,6.0
2052-03-25,28.750657894736843,18.4,1.4
2052-03-26,31.9,17.6,0.0
2052-03-27,29.9,18.7,0.0
2052-03-28,29.1,17.9,0.0
2052-03-29,28.3,17.2,0.0
2052-03-30,25.0,17.1,14.098064516129044
2052-03-31,26.5,17.131325961444364,0.0
2052-04-01,28.5,18.060000000000002,0.0
2052-04-02,30.3,16.0,0.0
2052-04-03,29.5,15.1,0.0
2052-04-04,29.2,15.8,0.0
2052-04-05,27.051923076923078,18.1,0.0
2052-04-06,26.6,14.7,0.0
2052-04-07,26.7,13.534367541766116,0.0
2052-04-08,26.6,12.4,0.0
2052-04-09,27.3,11.3,0.0
2052-04-10,28.88064516129032,11.5,0.0
2052-04-11,29.0,12.2,0.0
2052-04-12,28.4,14.6,0.0
2052-04-13,26.6,15.7,0.0
2052-04-14,28.5,17.4,0.0
2052-04-15,29.8,15.2,0.0
2052-04-16,30.0,13.5,0.0
2052-04-17,26.1,13.58782816229118,0.0
2052-04-18,29.4,16.9,0.0
2052-04-19,30.4,16.9,0.0
2052-04-20,31.30357142857143,16.0,0.0
2052-04-21,29.0,14.8,0.0
2052-04-22,28.2,13.9,0.0
2052-04-23,29.1,13.540095465393803,0.0
2052-04-24,26.8,15.9,0.0
2052-04-25,25.0,16.0,0.0
2052-04-26,27.1,14.0,0.0
2052-04-27,27.9,13.5,0.0
2052-04-28,28.3,13.0,0.0
2052-04-29,28.5,12.2,0.0
2052-04-30,30.0,11.4,0.0
2052-05-01,30.4,11.2,0.0
2052-05-02,27.0,13.5,0.0
2052-05-03,26.0,11.8,0.0
2052-05-04,26.7,10.0,0.0
2052-05-05,27.6,8.3,0.0
2052-05-06,29.2,8.9,0.0
2052-05-07,25.2,15.1,0.0
2052-05-08,29.9,16.9,0.0
2052-05-09,29.0,15.2,0.0
2052-05-10,27.8,12.9,0.0
2052-05-11,27.5,12.1,0.0
2052-05-12,26.5,16.367183039266138,0.0
2052-05-13,28.2,18.391543130747802,0.0
2052-05-14,28.7,16.571426862815436,0.0
2052-05-15,28.5,14.6,0.0
2052-05-16,27.9,13.7,0.0
2052-05-17,26.7,12.5,0.0
2052-05-18,26.4,11.4,0.0
2052-05-19,27.2,9.9,0.0
2052-05-20,29.9,9.813774457037924,0.0
2052-05-21,30.7,12.2,0.0
2052-05-22,31.213865460342525,13.2,0.0
2052-05-23,30.2,13.9,0.0
2052-05-24,30.0,12.9,0.0
2052-05-25,29.1,13.1,0.0
2052-05-26,28.1,12.8,0.0
2052-05-27,26.9,11.7,0.0
2052-05-28,27.4,11.0,0.0
2052-05-29,27.2,11.4,0.0
2052-05-30,27.7,12.9,0.0
2052-05-31,28.5,12.4,0.0
2052-06-01,25.5,13.8,0.0
2052-06-02,25.239610922111346,13.0,0.0
2052-06-03,25.2,12.4,0.0
2052-06-04,25.27571510924547,12.3,0.0
2052-06-05,24.9,11.1,0.0
2052-06-06,25.1,9.0,0.0
2052-06-07,25.6,6.5,0.0
2052-06-08,24.7,11.9,0.0
2052-06-09,22.9,12.5,0.0
2052-06-10,22.9,10.8,0.0
2052-06-11,23.1,8.9,0.0
2052-06-12,23.9,7.9,0.0
2052-06-13,23.7,6.9,0.0
2052-06-14,23.25245785915975,7.2,0.0
2052-06-15,23.5,7.6,0.0
2052-06-16,24.290888866417234,7.4,0.0
2052-06-17,25.6,8.0,0.0
2052-06-18,26.3,8.6,0.0
2052-06-19,25.6,10.2,0.0
2052-06-20,24.0,11.0,0.0
2052-06-21,23.4,8.9,0.0
2052-06-22,24.6,5.5,0.0
2052-06-23,25.6,5.6,0.0
2052-06-24,26.9,8.0,0.0
2052-06-25,25.986574652107784,8.0,0.0
2052-06-26,23.351537347576972,9.6,0.0
2052-06-27,24.4,6.9,0.0
2052-06-28,25.7,8.0,0.0
2052-06-29,26.8,9.8,0.0
2052-06-30,27.18037581439695,11.6,0.0
2052-07-01,28.0,12.4,0.0
2052-07-02,28.1,12.9,0.0
2052-07-03,27.1,11.9,0.0
2052-07-04,27.4,10.6,0.0
2052-07-05,27.1,12.1,0.0
2052-07-06,25.1,12.0,0.0
2052-07-07,26.2,9.0,0.0
2052-07-08,26.3,11.2,0.0
2052-07-09,29.5,12.05048439181916,0.0
2052-07-10,31.092422194809537,13.0,0.0
2052-07-11,29.0,14.0,0.0
2052-07-12,27.72731047208979,13.6,0.0
2052-07-13,26.7,15.0,0.0
2052-07-14,27.0,14.983159179815674,0.0
2052-07-15,29.0,15.2,0.0
2052-07-16,31.559033203125,15.449911661454976,0.0
2052-07-17,27.7,15.2,0.0
2052-07-18,26.7,12.0,0.0
2052-07-19,26.7,14.962033658011483,0.0
2052-07-20,26.7,15.0,0.0
2052-07-21,28.2,15.2,0.0
2052-07-22,26.7,15.929757275210436,0.0
2052-07-23,23.6,13.8,0.0
2052-07-24,22.7,11.9,0.0
2052-07-25,24.1,9.4,0.0
2052-07-26,27.5,9.393369214208832,0.0
2052-07-27,29.2,13.3,0.0
2052-07-28,29.385308517656846,15.2,0.0
2052-07-29,30.6443165640221,15.3,0.0
2052-07-30,30.276837430789445,16.0,0.0
2052-07-31,30.913376757049758,15.3,0.0
2052-08-01,31.4,14.5,0.0
2052-08-02,30.081029570062686,12.1,0.0
2052-08-03,28.0,14.6,0.0
2052-08-04,28.0,13.8,0.0
2052-08-05,29.0,13.7,0.0
2052-08-06,27.6,14.7,0.0
2052-08-07,27.4,13.27146558172629,0.0
2052-08-08,28.4,13.0,0.0
2052-08-09,28.8,13.6,0.0
2052-08-10,26.7,14.6,0.0
2052-08-11,25.3,13.2,0.0
2052-08-12,26.2,11.7,0.0
2052-08-13,26.3,11.5,0.0
2052-08-14,25.4,11.9,0.0
2052-08-15,25.0,12.6,0.0
2052-08-16,24.9,12.6,0.0
2052-08-17,25.731592198646254,12.0,0.0
2052-08-18,28.2,13.0,0.0
2052-08-19,29.0,14.2,0.0
2052-08-20,29.605605935058197,14.8,0.0
2052-08-21,29.4,15.4,0.0
2052-08-22,29.0,15.2,0.0
2052-08-23,29.0,14.9,0.0
2052-08-24,29.6,15.72050840440506,0.0
2052-08-25,30.72218889466745,16.2,0.0
2052-08-26,30.5,16.4,0.0
2052-08-27,29.8,16.0,0.0
2052-08-28,30.0,14.5,0.0
2052-08-29,31.4,14.5,0.0
2052-08-30,27.196038017418537,16.7,0.0
2052-08-31,26.7,14.2,0.0
2052-09-01,28.6,10.5,0.0
2052-09-02,30.5,9.701664011063343,0.0
2052-09-03,31.55864328420467,12.0,0.0
2052-09-04,30.0,13.679975899147204,0.0
2052-09-05,27.51103476436547,14.777530589543938,0.0
2052-09-06,26.185381640976747,13.5,0.0
2052-09-07,26.841498098023866,12.3,0.0
2052-09-08,28.7,12.7,0.0
2052-09-09,29.7,13.4,0.0
2052-09-10,31.39838444832883,14.2,0.0
2052-09-11,31.7,16.9,0.0
2052-09-12,29.2,17.656895116437628,0.0
2052-09-13,27.2,14.9,0.0
2052-09-14,28.6,13.9,0.0
2052-09-15,30.3,14.951752593320746,0.0
2052-09-16,31.6,16.0,0.0
2052-09-17,32.6,16.5,0.0
2052-09-18,33.9,17.7,0.0
2052-09-19,34.4,19.2,0.0
2052-09-20,37.11276173855413,19.0,0.0
2052-09-21,35.2,20.469784267895854,0.0
2052-09-22,31.2,19.5,0.0
2052-09-23,30.3,18.1,0.0
2052-09-24,30.2,16.7,0.0
2052-09-25,31.6,15.6,0.0
2052-09-26,31.6,17.3,0.0
2052-09-27,31.031323360948317,17.4,0.0
2052-09-28,32.1,17.0,0.0
2052-09-29,33.7,17.7,0.0
2052-09-30,36.121952344995385,18.7,0.0
2052-10-01,34.1,20.7,0.0
2052-10-02,32.0,19.2,0.0
2052-10-03,33.2,19.0,0.0
2052-10-04,34.4,19.9,0.0
2052-10-05,33.2,19.6,0.0
2052-10-06,33.8,18.4,0.0
2052-10-07,34.9,18.9,0.0
2052-10-08,37.11526568157353,19.6,0.0
2052-10-09,38.22506128093705,20.5,0.0
2052-10-10,38.0,21.788886145702676,0.0
2052-10-11,36.78259335039838,21.3,0.0
2052-10-12,38.0,20.2,0.0
2052-10-13,37.0,21.7,0.0
2052-10-14,35.2,20.9,0.0
2052-10-15,36.0,20.7,0.0
2052-10-16,33.5,21.4,0.0
2052-10-17,32.9,19.9,0.0
2052-10-18,34.9,19.9,0.0
2052-10-19,38.0,21.2,0.0
2052-10-20,36.0,20.7,0.0
2052-10-21,29.9,18.6,0.0
2052-10-22,31.0,17.0,0.0
2052-10-23,33.3,18.4,0.0
2052-10-24,34.1,19.0,0.0
2052-10-25,34.7,19.5,0.0
2052-10-26,36.0,20.7,0.0
2052-10-27,37.05270839011904,21.574931453987848,0.0
2052-10-28,37.2,23.66408593686875,0.0
2052-10-29,34.35920344456404,20.4,2.790666666666667
2052-10-30,32.8,20.6,0.0
2052-10-31,34.0,20.5,0.0
2052-11-01,35.0,23.72097858557026,0.0
2052-11-02,33.5,19.8,3.8
2052-11-03,33.2,19.5,0.0
2052-11-04,31.680175822598585,19.7,0.0
2052-11-05,31.2,19.7,0.0
2052-11-06,31.8,19.2,1.0
2052-11-07,28.9,19.2,5.9
2052-11-08,26.765408554033744,18.7,1.8
2052-11-09,31.1,19.4,0.0
2052-11-10,30.6,19.6,1.6
2052-11-11,32.0,19.160596218020018,0.0
2052-11-12,33.23533337695478,19.9,0.0
2052-11-13,34.4,19.9,0.0
2052-11-14,35.73718205413422,20.4,0.0
2052-11-15,36.5,20.9,0.0
2052-11-16,37.191691840341484,20.197958931440574,0.0
2052-11-17,39.868408203125,21.8264409014131,0.0
2052-11-18,33.4,21.4,0.0
2052-11-19,31.0,20.541740466615362,0.0
2052-11-20,32.1,19.890314047571888,1.6
2052-11-21,31.0,19.418276120754324,2.4
2052-11-22,32.0,19.5,0.0
2052-11-23,32.3,20.0,0.0
2052-11-24,33.15719688542825,19.9,0.0
2052-11-25,33.89712908522698,19.7,0.0
2052-11-26,31.1,19.8,0.0
2052-11-27,28.7,19.5,64.69645669291339
2052-11-28,28.0,19.2,2.129921259842521
2052-11-29,25.4,18.7,33.322834645669275
2052-11-30,25.2,17.9,18.349212598425193
2052-12-01,25.1,16.7,0.9
2052-12-02,28.7,15.4,0.0
2052-12-03,30.4,16.6,0.0
2052-12-04,32.0,18.4,0.2
2052-12-05,29.6,18.7,0.9114893617021276
2052-12-06,27.9,18.6,2.0
2052-12-07,29.6,19.3,0.0
2052-12-08,28.260897947845407,18.9,0.0
2052-12-09,28.230980893433795,17.7,0.0
2052-12-10,30.1,20.091931596815176,1.7
2052-12-11,32.1,19.8,0.0
2052-12-12,32.781266079314605,20.55039696076485,0.0
2052-12-13,25.4,18.6,0.3
2052-12-14,26.0,18.5,0.0
2052-12-15,28.843109455554927,20.0,1.1
2052-12-16,30.0,19.8,0.5667234042553191
2052-12-17,32.0,18.4,2.0
2052-12-18,31.4,19.8,12.669574468085111
2052-12-19,30.0,19.5,8.926808510638299
2052-12-20,29.9,19.8,8.9
2052-12-21,29.5,20.0,36.552564389697615
2052-12-22,30.6,19.9,2.4
2052-12-23,30.7,19.8,4.0
2052-12-24,24.4,17.5,56.15893617021276
2052-12-25,19.25335693359375,16.3,1.7
2052-12-26,21.62282684273421,16.0,0.0
2052-12-27,26.56265701834669,15.704998791766409,0.0
2052-12-28,29.7,11.954200189548592,0.0
2052-12-29,29.9,16.0,0.0
2052-12-30,30.0,17.0,0.0
2052-12-31,31.0,17.0,0.0
2053-01-01,29.2,17.4,0.0
2053-01-02,29.7,18.5,0.0
2053-01-03,30.0,18.3,0.0
2053-01-04,29.9,18.5,0.0
2053-01-05,29.2,19.0,0.0
2053-01-06,30.0,19.3,1.0
2053-01-07,29.0,18.3,8.4
2053-01-08,29.5,18.0,0.0
2053-01-09,30.1,18.2,1.1
2053-01-10,31.5,19.0,1.0
2053-01-11,32.0,19.5,5.2
2053-01-12,26.5,19.6,16.0
2053-01-13,29.0,19.4,35.0
2053-01-14,26.3,19.0,4.6
2053-01-15,28.5,19.2,10.499999999999995
2053-01-16,26.5,19.21972001342638,1.4
2053-01-17,29.089561711720865,19.4,8.9
2053-01-18,24.6,18.825600425940706,27.0
2053-01-19,23.99490672714162,18.1,3.5
2053-01-20,28.0,18.0,2.9
2053-01-21,27.7,19.2,27.4
2053-01-22,28.0,19.2,19.75
2053-01-23,28.00643536387371,18.9,5.2
2053-01-24,29.0514892255824,18.8,1.0
2053-01-25,29.6,19.6,0.0
2053-01-26,30.2,19.2,0.0
2053-01-27,30.160725213294253,19.935359380480094,0.0
2053-01-28,28.4,19.9,19.0
2053-01-29,28.6,19.2,6.250000000000002
2053-01-30,25.9,18.8,23.4
2053-01-31,26.15731108719053,18.9,17.0
2053-02-01,24.9,18.6,4.4
2053-02-02,27.0,17.4,1.5993071593533494
2053-02-03,29.0,17.0,0.6300230946882218
2053-02-04,27.7,17.6,0.0
2053-02-05,25.0,16.9,1.4
2053-02-06,28.3,17.0,0.6300230946882218
2053-02-07,24.9,18.9,13.59237875288684
2053-02-08,28.0,17.6,0.0
2053-02-09,28.0,16.5,0.0
2053-02-10,29.4,18.0,0.0
2053-02-11,28.415904532108488,18.7,2.0
2053-02-12,27.2,18.1,4.2
2053-02-13,26.1,16.5,7.969053117782909
2053-02-14,30.0,15.5,0.0
2053-02-15,30.9,17.4,0.0
2053-02-16,29.9,18.9,0.0
2053-02-17,30.0,17.6,0.0
2053-02-18,30.4,16.7,0.0
2053-02-19,29.9,16.2,0.0
2053-02-20,29.1,18.6,2.0
2053-02-21,30.6,17.3,0.0
2053-02-22,31.0,18.3,0.0
2053-02-23,31.0,19.0,26.0
2053-02-24,28.7,18.9,24.69618937644342
2053-02-25,29.2,18.2,40.86720554272521
2053-02-26,30.1,18.6,1.3
2053-02-27,28.2,19.2,22.44364896073903
2053-02-28,30.2,18.9,11.842032332563512
2053-03-01,26.9,19.0,10.003917050691244
2053-03-02,26.7,19.2,4.1430107526881725
2053-03-03,29.2,19.2,41.98225806451614
2053-03-04,30.2,19.2,19.208064516129035
2053-03-05,27.3,19.3,40.73306451612903
2053-03-06,29.1,18.857394108652894,2.998387096774195
2053-03-07,29.5,19.481137253879808,0.0
2053-03-08,30.585148514851486,18.2,10.071198156682028
2053-03-09,30.1,17.6,9.869354838709677
2053-03-10,28.5,19.2,1.8
2053-03-11,29.1,17.8,0.0
2053-03-12,29.9,17.0,0.0
2053-03-13,30.3,16.5,0.0
2053-03-14,31.0,16.3,0.0
2053-03-15,31.8,18.9,0.0
2053-03-16,32.21263858093127,18.7,0.0
2053-03-17,32.7,19.2,0.0
2053-03-18,29.0,18.9,2.4
2053-03-19,26.8,18.7,0.0
2053-03-20,27.6,16.1,0.0
2053-03-21,27.9,14.7,0.0
2053-03-22,28.5,12.2,0.0
2053-03-23,28.7,13.9,0.0
2053-03-24,29.4,14.9,0.0
2053-03-25,28.2,17.0,0.0
2053-03-26,28.5,18.2,0.0
2053-03-27,28.7,17.0,0.0
2053-03-28,28.9,16.9,0.0
2053-03-29,29.5,16.9,0.0
2053-03-30,27.0,18.7,0.0
2053-03-31,28.8,18.3,0.0
2053-04-01,30.6,18.8,10.3
2053-04-02,30.2,18.405188679245285,9.5875
2053-04-03,23.6,18.4,70.0
2053-04-04,25.5,18.80463636363637,0.0
2053-04-05,26.0,18.51373134328358,0.0
2053-04-06,26.0,16.3,0.0
2053-04-07,26.6,15.698749999999999,0.0
2053-04-08,26.8,17.7,0.0
2053-04-09,26.495833333333334,18.4,0.0
2053-04-10,27.5,16.2,0.0
2053-04-11,28.6,14.0,0.0
2053-04-12,28.7,13.2,0.0
2053-04-13,28.7,14.7,0.0
2053-04-14,28.9,15.4,0.0
2053-04-15,28.7,15.5,0.0
2053-04-16,28.7,13.0,0.0
2053-04-17,28.6,11.4,0.0
2053-04-18,24.2,18.0,10.1
2053-04-19,29.0,17.6,0.0
2053-04-20,26.4,17.4,0.0
2053-04-21,27.2,15.5,0.0
2053-04-22,27.3,15.0,0.0
2053-04-23,21.23452434122376,16.2,1.3166666666666667
2053-04-24,23.0,16.1,1.4
2053-04-25,24.194117647058825,17.4,15.736363636363636
2053-04-26,25.4,17.0,0.0
2053-04-27,26.0,15.8,0.0
2053-04-28,27.2,14.2,0.0
2053-04-29,26.3,15.376,0.0
2053-04-30,26.3,15.6,0.0
2053-05-01,26.2,15.2,0.0
2053-05-02,25.7,12.4,0.0
2053-05-03,24.5,10.4,0.0
2053-05-04,24.3,11.0,0.0
2053-05-05,24.7,10.9,0.0
2053-05-06,25.3,12.9,0.0
2053-05-07,26.410391101542878,12.6,0.0
2053-05-08,27.94122712594186,14.0,0.0
2053-05-09,29.5,13.2,0.0
2053-05-10,29.9,12.4,0.0
2053-05-11,28.0,12.2,0.0
2053-05-12,26.8,10.6,0.0
2053-05-13,28.9,9.0,0.0
2053-05-14,24.0,16.5,0.0
2053-05-15,23.489591936588706,16.5,0.0
2053-05-16,23.5,17.2,0.0
2053-05-17,22.9,15.7,0.0
2053-05-18,22.8,15.2,0.0
2053-05-19,24.6,13.9,0.0
2053-05-20,29.3,13.6,0.0
2053-05-21,31.064278740760074,13.6,0.0
2053-05-22,29.1,17.8,0.0
2053-05-23,27.2,15.2,0.0
2053-05-24,26.7,13.1,0.0
2053-05-25,27.8,12.2,0.0
2053-05-26,29.0,12.9,0.0
2053-05-27,28.5,15.3,0.0
2053-05-28,28.8,14.9,0.0
2053-05-29,28.9,16.9,0.0
2053-05-30,28.4,17.917685551105645,0.0
2053-05-31,29.9,15.0,0.0
2053-06-01,25.7,13.8,0.0
2053-06-02,25.0,11.5,0.0
2053-06-03,23.9,13.0,0.0
2053-06-04,25.2,11.5,0.0
2053-06-05,23.4,11.2,0.0
2053-06-06,23.7,10.2,0.0
2053-06-07,25.2,8.8,0.0
2053-06-08,26.7,11.5,0.0
2053-06-09,27.0,11.671986417657047,0.0
2053-06-10,25.0,13.0,0.0
2053-06-11,21.5,14.096118592352775,0.0
2053-06-12,23.1,10.787667249324649,0.0
2053-06-13,23.0,8.4,0.0
2053-06-14,23.0,8.5,0.0
2053-06-15,23.0,6.9,0.0
2053-06-16,23.9,6.9,0.0
2053-06-17,23.1,7.7,0.0
2053-06-18,22.3,8.0,0.0
2053-06-19,23.2,6.5,0.0
2053-06-20,23.9,8.516946934502391,0.0
2053-06-21,26.1,7.0,0.0
2053-06-22,27.6,7.4,0.0
2053-06-23,28.0,8.091497799487355,0.0
2053-06-24,29.308418229887163,9.7,0.0
2053-06-25,28.828394975899148,11.0,0.0
2053-06-26,24.2,12.5,0.0
2053-06-27,23.9,12.0,0.0
2053-06-28,23.986000094001163,9.1,0.0
2053-06-29,25.1,4.1,0.0
2053-06-30,26.2,3.727518185673931,0.0
2053-07-01,25.5,6.2,0.0
2053-07-02,24.0,8.0,0.0
2053-07-03,25.2,5.3,0.0
2053-07-04,26.0,9.5,0.0
2053-07-05,26.2,12.0,0.0
2053-07-06,26.790204520990304,11.7,0.0
2053-07-07,26.0,12.9,0.0
2053-07-08,23.7,12.2,0.0
2053-07-09,23.4,10.5,0.0
2053-07-10,24.0,10.6,0.0
2053-07-11,25.1,9.9,0.0
2053-07-12,26.6,10.6,0.0
2053-07-13,28.0,12.0,0.0
2053-07-14,28.1,12.4,0.0
2053-07-15,24.3,12.9,0.0
2053-07-16,24.2,11.09973858219283,0.0
2053-07-17,23.7,12.53294438464298,0.0
2053-07-18,25.0,10.35660130107174,0.0
2053-07-19,25.2,9.9,0.0
2053-07-20,26.0,9.40473627556512,0.0
2053-07-21,26.2,9.4,0.0
2053-07-22,26.7,10.0,0.0
2053-07-23,27.387567276641537,11.0,0.0
2053-07-24,26.0,11.1,0.0
2053-07-25,25.7,11.6,0.0
2053-07-26,25.7,11.5,0.0
2053-07-27,25.1,12.0,0.0
2053-07-28,23.1,11.151872845444258,0.0
2053-07-29,23.2,10.3,0.0
2053-07-30,23.7,10.8,0.0
2053-07-31,23.8,11.2,0.0
2053-08-01,24.0,11.481916038751345,0.0
2053-08-02,21.4,11.9,0.0
2053-08-03,24.417495290635088,11.2,0.0
2053-08-04,26.3,13.0,0.0
2053-08-05,29.1,13.2,0.0
2053-08-06,30.2,15.4,0.0
2053-08-07,26.0,15.3,0.0
2053-08-08,27.883140473627556,13.3,0.0
2053-08-09,30.5,14.7,0.0
2053-08-10,29.0,16.3,0.0
2053-08-11,30.8,15.6,0.0
2053-08-12,30.5,16.4,0.0
2053-08-13,30.8,15.9,0.0
2053-08-14,28.8,16.0,0.0
2053-08-15,25.2,14.7,0.0
2053-08-16,25.6,13.0,0.0
2053-08-17,25.3,13.0,0.0
2053-08-18,26.0,11.8,0.0
2053-08-19,27.7,12.472889219060319,0.0
2053-08-20,29.9,14.2,0.0
2053-08-21,31.2,15.516023731444161,0.0
2053-08-22,31.6,16.84854057089178,0.0
2053-08-23,32.665676354503056,16.990222272581338,0.0
2053-08-24,37.80517578125,17.650448654467166,0.0
2053-08-25,38.341796875,21.066036670149185,0.0
2053-08-26,31.480996712536,19.105934055589433,0.0
2053-08-27,30.7,17.2,0.0
2053-08-28,32.6,16.615976478751694,0.0
2053-08-29,36.9165725317453,16.9,0.0
2053-08-30,30.5,18.34147171037127,0.0
2053-08-31,29.0,16.84591190868073,0.0
2053-09-01,29.6,15.2,0.0
2053-09-02,30.0,15.7,0.0
2053-09-03,30.2,16.4,0.0
2053-09-04,29.9,16.9,0.0
2053-09-05,31.3,16.9,0.0
2053-09-06,34.0,18.0,0.0
2053-09-07,34.7,20.5,0.0
2053-09-08,33.0,17.9,0.0
2053-09-09,31.7,19.3,0.0
2053-09-10,31.7,17.7,0.0
2053-09-11,31.0,16.9,0.0
2053-09-12,30.0,14.9,0.0
2053-09-13,31.5,13.8,0.0
2053-09-14,32.1,15.955571179717518,0.0
2053-09-15,32.0,16.5,0.0
2053-09-16,33.02736026140157,16.7,0.0
2053-09-17,34.6,18.0,0.0
2053-09-18,40.265380859375,18.9,0.0
2053-09-19,36.18961931207695,18.8,0.0
2053-09-20,31.1,19.6,0.0
2053-09-21,27.7,16.5,0.0
2053-09-22,27.2,13.2,0.0
2053-09-23,29.8,12.139484643175608,0.0
2053-09-24,31.7,14.4,0.0
2053-09-25,32.9,16.7,0.0
2053-09-26,34.6,17.8,0.0
2053-09-27,36.15181209724782,18.393186227591375,0.0
2053-09-28,40.507080078125,19.6,0.0
2053-09-29,39.452392578125,20.5,0.0
2053-09-30,34.8,20.345520784002773,0.0
2053-10-01,36.77333579593496,21.0,0.0
2053-10-02,38.0,21.939203167372728,0.0
2053-10-03,38.0,21.4,0.0
2053-10-04,36.5,18.5,0.0
2053-10-05,35.483203610168076,19.9,0.0
2053-10-06,38.0,23.716533637748324,0.0
2053-10-07,38.0,23.0,0.0
2053-10-08,38.0,22.6,0.0
2053-10-09,38.318534593814576,22.841992017159935,0.0
2053-10-10,36.5,21.805586652314304,0.0
2053-10-11,36.6,20.8536147557676,0.0
2053-10-12,36.739057824002856,20.9,0.0
2053-10-13,36.45758469666965,21.5,0.0
2053-10-14,37.2,21.4,0.0
2053-10-15,38.367743466336975,21.8,0.0
2053-10-16,38.6177734375,23.212601928219737,0.0
2053-10-17,32.7,20.545532831001065,0.0
2053-10-18,30.1,19.1,0.0
2053-10-19,33.0,18.5,0.0
2053-10-20,33.971731390245914,19.6,0.0
2053-10-21,33.5,20.7,0.0
2053-10-22,34.3,20.0,0.0
2053-10-23,36.0,20.7,0.0
2053-10-24,38.0,21.1,0.0
2053-10-25,38.12169910372487,21.9,0.0
2053-10-26,38.14748078574021,23.822705078125,0.0
2053-10-27,35.6,23.22919043105247,0.0
2053-10-28,34.5,21.3,0.0
2053-10-29,34.9,21.0,0.0
2053-10-30,34.8,19.5,0.0
2053-10-31,38.01811538595086,19.4,0.0
2053-11-01,41.64697265625,20.0,0.0
2053-11-02,40.224365234375,22.3,0.0
2053-11-03,40.4072265625,21.7,0.0
2053-11-04,40.54638671875,22.3,0.0
2053-11-05,41.218017578125,21.5,0.0
2053-11-06,41.1103515625,23.324099998462195,0.0
2053-11-07,40.213134765625,22.9,0.0
2053-11-08,40.951904296875,22.329748879226088,0.0
2053-11-09,40.588134765625,22.9,0.0
2053-11-10,40.558349609375,22.559350026428117,0.0
2053-11-11,40.8583984375,22.569940201484712,0.0
2053-11-12,41.78271484375,22.9,0.0
2053-11-13,39.806884765625,19.934145621335098,0.1
2053-11-14,30.734407420374122,19.8,0.0
2053-11-15,32.2,19.5,0.0
2053-11-16,35.4,20.0,0.0
2053-11-17,39.137051134704805,19.9,0.0
2053-11-18,37.25079685392816,21.7,0.0
2053-11-19,37.1036827268856,21.9,0.0
2053-11-20,33.7,22.0,0.0
2053-11-21,34.5,20.0,0.0
2053-11-22,35.1,19.950276026861133,0.0
2053-11-23,35.4,20.5,0.0
2053-11-24,35.87170878440835,20.4,0.0
2053-11-25,38.77286353608098,20.2,0.0
2053-11-26,39.736083984375,21.7,0.0
2053-11-27,40.241943359375,20.0,0.0
2053-11-28,35.1,19.9,0.0
2053-11-29,34.0,19.9,0.1
2053-11-30,33.544592926691756,19.5,0.0
2053-12-01,33.7,23.105987548828125,0.0
2053-12-02,33.7,21.0,0.0
2053-12-03,33.7,23.54214477539063,0.0
2053-12-04,30.7,21.0,9.983446808510639
2053-12-05,24.581292196212516,20.0,25.453556231003038
2053-12-06,27.5,20.0,14.772765957446813
2053-12-07,27.0,19.9,0.10063829787234044
2053-12-08,31.0,19.9,0.3
2053-12-09,25.0,19.0,0.0
2053-12-10,25.1,19.7,3.4
2053-12-11,28.4,19.9,7.4812234042553225
2053-12-12,30.0,19.9,6.4
2053-12-13,30.2,20.0,30.55617021276597
2053-12-14,28.9,20.2,0.8
2053-12-15,29.7,20.0,4.9
2053-12-16,28.260897947845407,19.9,56.15893617021276
2053-12-17,27.7,19.9,1.1
2053-12-18,29.6,20.0,0.0
2053-12-19,27.3,20.1,9.862553191489365
2053-12-20,27.8,20.0,0.5266382978723402
2053-12-21,30.2,19.5,2.4
2053-12-22,29.9,19.9,36.468174692049296
2053-12-23,29.4,19.50652556945645,53.8
2053-12-24,24.0,19.57405774189262,114.9
2053-12-25,24.0,19.5,2.9
2053-12-26,25.5,19.3,1.2
2053-12-27,25.2,19.4,3.4
2053-12-28,29.2,18.4,0.0
2053-12-29,29.6,19.3,8.9
2053-12-30,28.6,19.5,12.769787234042555
2053-12-31,27.6,19.0,0.0
2054-01-01,28.5,18.4,1.7
2054-01-02,28.2,19.6,0.0
2054-01-03,29.5,18.9,5.2
2054-01-04,28.89860886285014,19.6,0.0
2054-01-05,29.9,19.6,0.0
2054-01-06,30.6,18.6,0.0
2054-01-07,29.2,19.6,0.6
2054-01-08,30.0,19.9,25.7
2054-01-09,27.1,19.6,10.0
2054-01-10,29.1,19.5,11.5
2054-01-11,28.0,19.6,10.499999999999995
2054-01-12,28.8,19.6,34.0
2054-01-13,24.2,19.3,43.94545454545455
2054-01-14,24.2,18.4,60.16666666666667
2054-01-15,23.488141469767886,17.4,16.0
2054-01-16,28.1,17.5,18.0
2054-01-17,24.871439855650465,18.8,4.0
2054-01-18,29.2,17.6,0.0
2054-01-19,30.7,17.4,0.0
2054-01-20,29.5,19.82714148024374,8.1
2054-01-21,31.665058671876025,19.2,5.0
2054-01-22,28.3,19.6,0.0
2054-01-23,27.0,18.0,0.0
2054-01-24,27.4,16.6,0.0
2054-01-25,27.5,15.642969521120673,0.0
2054-01-26,28.0,15.2,0.0
2054-01-27,28.2,16.0,0.0
2054-01-28,28.5,16.1,0.0
2054-01-29,29.2,19.6,2.8
2054-01-30,29.5,18.9,3.8
2054-01-31,28.275911493840443,19.4,18.0
2054-02-01,28.4,19.0,17.4
2054-02-02,29.2,18.6,5.6
2054-02-03,29.0,18.2,1.8
2054-02-04,30.0,18.2,10.0
2054-02-05,27.802622169249105,18.9,13.728868360277142
2054-02-06,29.0,18.9,26.0
2054-02-07,26.786895596430757,18.9,31.0
2054-02-08,27.5,17.9,0.0
2054-02-09,28.2,16.9,0.0
2054-02-10,28.3,18.9,0.0
2054-02-11,29.0,18.877295443614994,8.960369515011546
2054-02-12,31.739225488897713,18.8,45.03482678983835
2054-02-13,26.8,19.0,10.4
2054-02-14,29.5,18.6,23.417057076872315
2054-02-15,27.0,19.0,6.0
2054-02-16,28.2,18.9,2.2
2054-02-17,27.5,19.0,28.39567799406139
2054-02-18,25.14428283805389,19.0,6.2896073903002305
2054-02-19,27.0,18.2,0.0
2054-02-20,29.1,16.9,0.0
2054-02-21,29.5,17.6,0.0
2054-02-22,30.2,17.6,0.0
2054-02-23,29.4,19.0,0.0
2054-02-24,29.0,19.0,0.0
2054-02-25,28.0,19.2,0.0
2054-02-26,28.2,18.5,0.0
2054-02-27,28.8,16.9,0.0
2054-02-28,28.9,15.845450113422276,0.0
2054-03-01,29.4,17.5,0.0
2054-03-02,29.9,17.3,0.0
2054-03-03,30.037894736842105,16.5,0.0
2054-03-04,29.9,17.4,3.4
2054-03-05,30.2,18.3,0.0
2054-03-06,29.4,19.879713704770964,0.0
2054-03-07,29.7,19.3,0.0
2054-03-08,30.0,18.9,0.0
2054-03-09,30.9,18.8,0.0
2054-03-10,31.6,18.0,0.0
2054-03-11,30.7,18.3,0.0
2054-03-12,30.9,18.7,0.0
2054-03-13,32.3789592760181,17.6,0.0
2054-03-14,32.69096774193548,18.8,0.0
2054-03-15,33.0,19.84475897854376,0.0
2054-03-16,33.2,19.63000863478245,0.0
2054-03-17,33.0,20.3,0.0
2054-03-18,32.0,20.3,0.0
2054-03-19,30.578217821782182,19.8,0.0
2054-03-20,29.9,18.8,0.0
2054-03-21,31.9,18.8,0.0
2054-03-22,32.50621833256564,19.834077161584894,0.0
2054-03-23,32.5,19.755325946807144,0.0
2054-03-24,30.9,19.47189531550335,0.0
2054-03-25,30.9,18.2,0.0
2054-03-26,32.4,17.4,0.0
2054-03-27,32.4,19.9,0.0
2054-03-28,32.1,20.09059495356769,0.0
2054-03-29,31.9,19.2,0.0
2054-03-30,32.18166666666667,19.3,0.0
2054-03-31,32.0,19.0,0.0
2054-04-01,32.835344827586205,19.2,0.0
2054-04-02,35.521728515625,18.930769230769233,0.0
2054-04-03,28.4,19.7,2.6181818181818173
2054-04-04,31.911683848797253,19.4205901856764,0.0
2054-04-05,31.99089347079038,18.3,0.0
2054-04-06,33.2,15.7,0.0
2054-04-07,33.54959999999999,17.4,4.826315789473684
2054-04-08,26.0,18.932820512820506,9.4
2054-04-09,28.5,19.009204470742933,0.0
2054-04-10,28.2,17.6,0.0
2054-04-11,27.0,17.0,0.0
2054-04-12,28.9,16.6,0.0
2054-04-13,30.2,15.8,0.0
2054-04-14,29.5,16.3,0.0
2054-04-15,29.0,15.2,0.0
2054-04-16,29.0,15.0,0.0
2054-04-17,27.0,17.990476190476194,0.0
2054-04-18,28.6,16.4,0.0
2054-04-19,27.2,16.1,0.0
2054-04-20,28.6,18.4,0.0
2054-04-21,29.0,18.8,0.0
2054-04-22,29.0,16.9,0.0
2054-04-23,29.8,15.763157894736842,0.0
2054-04-24,28.4,15.9,0.0
2054-04-25,28.1,14.6,0.0
2054-04-26,28.7,14.1,0.0
2054-04-27,29.341025641025645,13.0,0.0
2054-04-28,29.6,13.035135135135135,0.0
2054-04-29,29.7,16.4,0.0
2054-04-30,27.6,18.4627358490566,4.921052631578949
2054-05-01,27.0,19.458732209065875,1.6931034482758616
2054-05-02,28.0,16.5,0.0
2054-05-03,30.7,15.064883537226732,0.0
2054-05-04,31.699840429272292,14.993537970068394,0.0
2054-05-05,32.093725316590536,15.0,0.0
2054-05-06,29.5,17.0,0.0
2054-05-07,26.2,17.88954818784947,0.0
2054-05-08,28.2,14.5,0.0
2054-05-09,28.1,12.5,0.0
2054-05-10,29.6,13.2,0.0
2054-05-11,30.2,15.0,0.0
2054-05-12,31.0,17.0,0.0
2054-05-13,26.8,15.2,0.0
2054-05-14,25.6,16.5,0.0
2054-05-15,27.0,13.6,0.0
2054-05-16,29.183530678148536,12.2,0.0
2054-05-17,29.98638877547232,12.9,0.0
2054-05-18,29.7,12.6,0.0
2054-05-19,29.2,12.5,0.0
2054-05-20,28.9,11.9,0.0
2054-05-21,28.32450791942179,11.4,0.0
2054-05-22,28.5,11.9,0.0
2054-05-23,28.8,13.483449946178675,0.0
2054-05-24,26.6,17.0,0.0
2054-05-25,22.914103630492217,17.9,2.343478260869565
2054-05-26,24.1,17.88388541236604,0.0
2054-05-27,28.0,17.940617403296613,0.0
2054-05-28,28.4,14.9,0.0
2054-05-29,27.4,12.8,0.0
2054-05-30,27.9,12.1,0.0
2054-05-31,28.6,11.470275257573418,0.0
2054-06-01,25.2,12.7,0.0
2054-06-02,25.0,11.7,0.0
2054-06-03,25.5,9.2,0.0
2054-06-04,26.6,9.2,0.0
2054-06-05,24.1,11.9,0.0
2054-06-06,24.9,9.0,0.0
2054-06-07,25.5,10.5,0.0
2054-06-08,26.1,11.5,0.0
2054-06-09,25.8,11.8,0.0
2054-06-10,25.7,10.9,0.0
2054-06-11,26.5,15.9,0.0
2054-06-12,28.0,20.591259765625,0.0
2054-06-13,27.8,15.9,0.0
2054-06-14,27.2,13.4,0.0
2054-06-15,26.6,12.7,0.0
2054-06-16,27.0,12.0,0.0
2054-06-17,27.3,12.6,0.0
2054-06-18,26.2,12.67010070055765,0.0
2054-06-19,26.233117605420173,11.2,0.0
2054-06-20,27.7,11.2,0.0
2054-06-21,27.6,12.9,0.0
2054-06-22,28.0,12.9,0.0
2054-06-23,29.3,12.6,0.0
2054-06-24,30.895235999346085,13.7,0.0
2054-06-25,31.013527821814264,14.4,0.0
2054-06-26,30.772080317630518,12.5,0.0
2054-06-27,30.5,12.6,0.0
2054-06-28,30.03500960663364,14.0,0.0
2054-06-29,27.9,14.179407622326455,0.0
2054-06-30,23.0,14.1,0.0
2054-07-01,22.1,14.2,0.0
2054-07-02,24.1,11.43595903185582,0.0
2054-07-03,25.5,9.9,0.0
2054-07-04,25.0,10.5,0.0
2054-07-05,22.6,11.2,0.0
2054-07-06,22.0,11.0,0.0
2054-07-07,23.588367172710736,10.4,0.0
2054-07-08,26.4,10.8,0.0
2054-07-09,27.48919537136706,10.0,0.0
2054-07-10,27.4,10.5,0.0
2054-07-11,27.23415953770324,12.6,0.0
2054-07-12,27.2,13.0,0.0
2054-07-13,24.69873968424829,13.775800051857031,0.0
2054-07-14,25.0,11.2,0.0
2054-07-15,27.5,11.290522768755558,0.0
2054-07-16,27.6,12.92218686135942,0.0
2054-07-17,25.0,14.3,0.0
2054-07-18,20.8,13.8,0.0
2054-07-19,22.3,11.5,0.0
2054-07-20,22.099980546513287,10.7,0.0
2054-07-21,24.7,9.8,0.0
2054-07-22,26.0,9.6,0.0
2054-07-23,24.6,12.7,0.0
2054-07-24,23.990602669018372,11.279763186221736,0.0
2054-07-25,24.1567507304321,10.5,0.0
2054-07-26,25.1,11.2,0.0
2054-07-27,24.1,11.2,0.0
2054-07-28,25.2,9.8,0.0
2054-07-29,25.6,10.7,0.0
2054-07-30,25.4,11.5,0.0
2054-07-31,24.0,11.7,0.0
2054-08-01,24.0,10.3,0.0
2054-08-02,24.5,10.2,0.0
2054-08-03,25.7,10.5,0.0
2054-08-04,27.0,10.9,0.0
2054-08-05,30.2,12.0,0.0
2054-08-06,30.5,12.478335026304213,0.0
2054-08-07,26.3,15.79639726719536,0.0
2054-08-08,23.5,13.8,0.0
2054-08-09,24.0,12.3,0.0
2054-08-10,22.51746886052591,11.2,0.0
2054-08-11,25.0,8.9,0.0
2054-08-12,27.0,10.41169203957148,0.0
2054-08-13,27.4,11.9,0.0
2054-08-14,28.1,11.7,0.0
2054-08-15,25.0,14.1,0.0
2054-08-16,24.0,11.9,0.0
2054-08-17,25.5,10.9,0.0
2054-08-18,26.7,12.0,0.0
2054-08-19,27.8,13.0,0.0
2054-08-20,30.7,13.8,0.0
2054-08-21,31.1,13.833287825881488,0.0
2054-08-22,30.9,15.3,0.0
2054-08-23,31.2,15.3,0.0
2054-08-24,34.418217586578066,14.5,0.0
2054-08-25,34.48638278867441,15.4,0.0
2054-08-26,30.7,16.9,0.0
2054-08-27,30.2,15.721251966547975,0.0
2054-08-28,30.9,15.6,0.0
2054-08-29,31.2,14.9,0.0
2054-08-30,32.139800861141005,14.6,0.0
2054-08-31,31.0,15.7,0.0
2054-09-01,29.3,15.2,0.0
2054-09-02,31.5,14.9,0.0
2054-09-03,36.12206588017505,16.7,0.0
2054-09-04,36.929073212192804,19.3,0.0
2054-09-05,34.255866671780915,20.0,0.0
2054-09-06,35.4,19.6,0.0
2054-09-07,36.0,20.0,0.0
2054-09-08,34.2,19.7,0.0
2054-09-09,34.6,18.4,0.0
2054-09-10,35.2,17.7,0.0
2054-09-11,32.5,20.0,0.0
2054-09-12,30.3,18.276379738170615,0.0
2054-09-13,30.9,16.664826931885102,0.0
2054-09-14,32.5,15.9,0.0
2054-09-15,33.1,16.9,0.0
2054-09-16,35.4,18.3,0.0
2054-09-17,32.1,19.6,0.0
2054-09-18,26.149828910429576,15.5,0.0
2054-09-19,26.9,12.4,0.0
2054-09-20,28.77469260138893,12.0,0.0
2054-09-21,31.6,15.0,0.0
2054-09-22,34.5,17.5,0.0
2054-09-23,34.6,19.86929117336806,0.0
2054-09-24,32.7,19.9,0.0
2054-09-25,33.8346759557403,19.0,0.0
2054-09-26,35.4,19.5,0.0
2054-09-27,34.7,20.0,0.0
2054-09-28,33.2,19.6,0.0
2054-09-29,33.2,18.1,0.0
2054-09-30,31.9,18.607460670586363,0.0
2054-10-01,30.8,17.9,0.0
2054-10-02,32.0,16.9,0.0
2054-10-03,36.7,17.3,0.0
2054-10-04,36.3,19.6,0.0
2054-10-05,33.0,19.8,0.0
2054-10-06,34.4,18.6,0.0
2054-10-07,36.0,18.7,0.0
2054-10-08,38.110868442786945,18.8,0.0
2054-10-09,33.1,20.7,0.0
2054-10-10,33.1,19.0,0.0
2054-10-11,34.7,18.5,0.0
2054-10-12,36.3,19.4,0.0
2054-10-13,38.0,20.4,0.0
2054-10-14,35.6,21.358498275521175,0.0
2054-10-15,35.4,19.4,0.0
2054-10-16,37.071133296682476,19.3,0.0
2054-10-17,38.0,20.9,0.0
2054-10-18,41.086279296875,21.0,0.0
2054-10-19,39.62216796875,23.2146280049016,0.0
2054-10-20,39.199072265625,21.9,0.0
2054-10-21,33.2,21.42877267348179,0.0
2054-10-22,33.72738428417653,20.1,0.0
2054-10-23,35.2,20.9,0.0
2054-10-24,35.58719052744886,20.4,0.0
2054-10-25,37.0,20.65776533907421,0.0
2054-10-26,38.16984845506858,20.9,0.0
2054-10-27,38.211522954764604,22.134957726754926,0.0
2054-10-28,38.0,23.763825360969147,0.0
2054-10-29,36.712035773136655,23.0,0.0
2054-10-30,37.2,22.6,0.0
2054-10-31,35.8,23.72780512588538,0.0
2054-11-01,33.9,21.7,0.0
2054-11-02,34.2,20.6,0.0
2054-11-03,36.2,21.3,0.0
2054-11-04,39.568603515625,21.694932517612166,0.0
2054-11-05,38.31667588071902,22.9,0.0
2054-11-06,38.72749029194106,24.744970703125,0.0
2054-11-07,40.938232421875,25.56943359375,0.0
2054-11-08,40.49072265625,20.5,0.0
2054-11-09,39.58251953125,20.85554353882626,0.0
2054-11-10,34.1,19.6,0.0
2054-11-11,27.6,19.1,2.6354330708661418
2054-11-12,31.5,19.5,3.0138779527559048
2054-11-13,30.2,19.322945621179308,8.843700787401575
2054-11-14,31.0,19.5,0.0
2054-11-15,32.6,19.2,0.0
2054-11-16,32.6,20.5,0.0
2054-11-17,32.82488793929448,19.9,0.0
2054-11-18,33.8,19.29719598526301,0.0
2054-11-19,33.59296152813471,19.8,0.0
2054-11-20,33.8,19.3,0.0
2054-11-21,37.22859354216417,19.9,0.0
2054-11-22,37.12213570634037,20.2,0.0
2054-11-23,35.1,20.0,0.0
2054-11-24,32.9,19.9,0.0
2054-11-25,32.6,21.7,0.0
2054-11-26,33.8,21.46942144220602,0.0
2054-11-27,34.67853170189099,21.46308449717794,0.0
2054-11-28,35.06680777994967,21.0,0.0
2054-11-29,35.5,19.962373831005653,0.0
2054-11-30,36.0,20.0,0.0
2054-12-01,35.359423828125,20.687836143409815,0.0
2054-12-02,36.33818359375,22.465569223318816,0.0
2054-12-03,35.71611328125,24.510101318359375,0.0
2054-12-04,34.92216796875,21.05906853719335,1.4
2054-12-05,33.78971302069576,20.2,0.0
2054-12-06,34.114427695731024,21.028686527807118,0.0
2054-12-07,27.9,20.2,0.9
2054-12-08,29.78743936365034,20.0,53.8
2054-12-09,30.0,19.8,5.4
2054-12-10,30.0,20.2,0.0
2054-12-11,29.6,20.20078959989652,4.744468085106384
2054-12-12,28.8,19.9,14.17212765957447
2054-12-13,28.7,20.0,8.9
2054-12-14,30.8,19.8,5.4
2054-12-15,24.985496232508073,19.0,22.31425531914894
2054-12-16,23.9,18.4,0.0
2054-12-17,25.692449002317232,17.0,0.0
2054-12-18,29.7,15.657026996051606,0.0
2054-12-19,29.7,14.9,0.0
2054-12-20,29.7,16.5,0.0
2054-12-21,30.1,16.4,0.0
2054-12-22,30.4,17.0,0.0
2054-12-23,30.8,17.0,0.0
2054-12-24,31.6,16.6,0.0
2054-12-25,32.1,17.6,0.0
2054-12-26,32.0,19.2,0.0
2054-12-27,31.8,20.0,1.7
2054-12-28,32.4,19.4,6.4
2054-12-29,28.5,19.74428110103029,25.813049645390066
2054-12-30,26.9,19.9,36.552564389697615
2054-12-31,26.5,19.65668061755252,0.0
2055-01-01,28.9,19.4,0.0
2055-01-02,30.6,19.0,0.0
2055-01-03,29.580972569841133,19.8,0.6
2055-01-04,29.4,19.6,1.4
2055-01-05,29.5,19.568792342576277,5.3
2055-01-06,29.5,19.6,37.675000000000004
2055-01-07,24.2,19.0,66.38461538461539
2055-01-08,24.0,18.3,1.4
2055-01-09,27.6,17.2,0.0
2055-01-10,29.0,16.4,0.0
2055-01-11,30.2,16.9,1.0
2055-01-12,29.5,18.3,0.0
2055-01-13,28.0,19.3,7.2
2055-01-14,29.5,18.8,1.0
2055-01-15,30.4,17.9,0.0
2055-01-16,30.6,19.2,0.0
2055-01-17,30.4,19.9,0.0
2055-01-18,30.42074822262026,20.469145308610102,0.0
2055-01-19,30.0,20.65189357517444,1.3
2055-01-20,30.6,19.6,29.76666666666667
2055-01-21,30.4,19.0,23.100000000000005
2055-01-22,25.85424580910564,19.6,28.066666666666666
2055-01-23,25.0,19.3,19.0
2055-01-24,27.5,19.6,0.0
2055-01-25,29.0,18.4,0.0
2055-01-26,28.4,17.8,0.0
2055-01-27,27.5,18.7,0.8
2055-01-28,28.6,17.8,22.0
2055-01-29,31.7,18.9,24.9
2055-01-30,29.2,18.6,32.9
2055-01-31,27.6,19.4,60.4
2055-02-01,24.4,18.9,29.9
2055-02-02,24.467879900773678,18.8,4.731547344110855
2055-02-03,25.5,18.8,9.4
2055-02-04,28.2,18.9,13.944110854503464
2055-02-05,28.0,18.7,15.265404157043896
2055-02-06,29.4,18.6,27.662494226327944
2055-02-07,29.0,18.4,0.0
2055-02-08,29.0,19.169432913796843,0.0
2055-02-09,29.0,19.7,0.0
2055-02-10,27.9,19.565569815774968,0.0
2055-02-11,28.3,19.2,0.0
2055-02-12,29.0,19.2,0.0
2055-02-13,28.5,17.6,0.0
2055-02-14,28.2,16.6,0.0
2055-02-15,28.1,18.6,0.0
2055-02-16,29.0,17.4,0.0
2055-02-17,30.419508518544482,16.9,0.0
2055-02-18,30.4,19.0,0.0
2055-02-19,29.0,19.1,25.853117782909933
2055-02-20,28.7466155515628,19.2,1.3
2055-02-21,29.0,19.0,0.0
2055-02-22,29.081675515584937,19.2,0.0
2055-02-23,28.9,19.1,0.0
2055-02-24,27.9,18.4,4.8
2055-02-25,30.72220103297576,18.3,3.8
2055-02-26,30.0,18.8,19.5743648960739
2055-02-27,28.1,18.8,1.6
2055-02-28,28.8,18.9,19.7
2055-03-01,30.5,18.77978990271778,5.5894265232974885
2055-03-02,30.4,18.8,9.0
2055-03-03,29.203846153846158,18.8,17.646129032258063
2055-03-04,25.3,18.6,4.0
2055-03-05,26.9,18.5,0.0
2055-03-06,28.3,19.0,3.387096774193549
2055-03-07,30.2,18.5,10.037557603686635
2055-03-08,30.3,18.7,10.03335253456221
2055-03-09,28.9,19.672134531209213,0.8846774193548388
2055-03-10,28.0,17.9,0.0
2055-03-11,26.7,17.2,0.3
2055-03-12,27.736363636363638,17.2,0.0
2055-03-13,26.2,16.1,0.0
2055-03-14,27.5,18.6,0.0
2055-03-15,29.1,17.05784383538958,0.0
2055-03-16,29.2,16.8,0.0
2055-03-17,29.1,16.0,0.0
2055-03-18,29.9,15.9,0.0
2055-03-19,30.2,15.9,0.0
2055-03-20,29.3,18.5,0.0
2055-03-21,28.7,17.1,0.3
2055-03-22,27.0,18.0,0.0
2055-03-23,28.61818181818182,18.2,0.0
2055-03-24,29.6,17.9,0.0
2055-03-25,29.9,16.5,0.0
2055-03-26,29.4,18.84574669420899,0.0
2055-03-27,29.1,17.4,0.0
2055-03-28,29.1,16.6,0.0
2055-03-29,28.4,18.9,0.0
2055-03-30,27.6,18.333418895421033,0.0
2055-03-31,26.9,18.3,0.0
2055-04-01,28.4,16.6,0.0
2055-04-02,30.3,16.0,0.0
2055-04-03,31.4,15.8,0.0
2055-04-04,31.4,16.7,0.0
2055-04-05,29.4,17.2,0.0
2055-04-06,27.0,16.0,0.0
2055-04-07,27.5,16.5,0.0
2055-04-08,29.5,15.1,0.0
2055-04-09,29.0,15.4,0.0
2055-04-10,28.4,15.67625,0.0
2055-04-11,29.4,15.1,0.0
2055-04-12,30.4,15.2,0.0
2055-04-13,29.5,15.1,0.0
2055-04-14,31.07841726618705,12.9,0.0
2055-04-15,31.8,14.3,0.0
2055-04-16,31.7,14.439111111111115,0.0
2055-04-17,31.7,16.4,0.0
2055-04-18,32.2,15.7,0.0
2055-04-19,31.8,17.3,0.0
2055-04-20,30.88297101449275,16.9,0.0
2055-04-21,30.7,16.2,0.0
2055-04-22,30.1,16.6,0.0
2055-04-23,29.9,17.545064935064946,0.0
2055-04-24,30.1,16.0,0.0
2055-04-25,31.128368794326242,14.423111111111117,0.0
2055-04-26,30.4,16.3,0.0
2055-04-27,29.0,16.3,0.0
2055-04-28,28.6183908045977,16.0,0.0
2055-04-29,28.645402298850577,16.3,0.0
2055-04-30,29.8,14.9,0.0
2055-05-01,30.2,14.2,0.0
2055-05-02,29.1,14.516406628893156,0.0
2055-05-03,29.5,13.9,0.0
2055-05-04,30.1,13.9,0.0
2055-05-05,31.0,11.6,0.0
2055-05-06,32.5076984683887,11.9,0.0
2055-05-07,35.05146484375,13.5,0.0
2055-05-08,33.8,15.50826695371365,0.0
2055-05-09,26.8,16.3,0.0
2055-05-10,24.7,12.0,0.0
2055-05-11,26.9,10.3,0.0
2055-05-12,28.9,11.2,0.0
2055-05-13,26.7,15.2,1.4575757575757575
2055-05-14,27.2,16.5,0.0
2055-05-15,28.4,14.6,0.0
2055-05-16,26.7,12.4,0.0
2055-05-17,26.7,11.5,0.0
2055-05-18,26.8,9.3,0.0
2055-05-19,25.384332017701222,9.6,0.0
2055-05-20,25.7,8.476295221603404,0.0
2055-05-21,26.8,7.1,0.0
2055-05-22,28.2,7.9,0.0
2055-05-23,26.6,11.0,0.0
2055-05-24,25.8,9.4,0.0
2055-05-25,27.0,7.7,0.0
2055-05-26,26.6,7.1,0.0
2055-05-27,27.6,6.9,0.0
2055-05-28,27.9,6.4391543381757685,0.0
2055-05-29,24.1,11.8,0.0
2055-05-30,23.480726098444073,8.7,0.0
2055-05-31,23.26285954977301,7.0,0.0
2055-06-01,21.61748185814927,5.6,0.0
2055-06-02,21.7,3.8405027808676317,0.0
2055-06-03,22.8,4.4365684093437165,0.0
2055-06-04,24.4,6.4,0.0
2055-06-05,24.655434142511293,9.5,0.0
2055-06-06,25.7,5.9,0.0
2055-06-07,24.6,11.3,0.0
2055-06-08,23.0,7.4,0.0
2055-06-09,22.9,6.5,0.0
2055-06-10,23.2,6.2,0.0
2055-06-11,25.0,2.425900904292971,0.0
2055-06-12,24.4,9.2,0.0
2055-06-13,23.8,10.0,0.0
2055-06-14,24.8,8.4,0.0
2055-06-15,26.0,4.4,0.0
2055-06-16,27.419015459353922,7.9,0.0
2055-06-17,26.0,8.0,0.0
2055-06-18,22.478706499284918,8.2,0.0
2055-06-19,21.6,5.2,0.0
2055-06-20,22.0,4.5,0.0
2055-06-21,22.8,6.4,0.0
2055-06-22,24.0,7.0,0.0
2055-06-23,24.6,8.7,0.0
2055-06-24,25.6,9.5,0.0
2055-06-25,20.077549128661477,14.0,1.9
2055-06-26,14.7048828125,13.232584073149066,1.9
2055-06-27,22.0,11.4,0.0
2055-06-28,22.6,8.0,0.0
2055-06-29,23.2,4.1,0.0
2055-06-30,24.6,5.4,0.0
2055-07-01,24.9,6.9,0.0
2055-07-02,26.7,8.9,0.0
2055-07-03,27.163590596035313,9.0,0.0
2055-07-04,25.1,12.9,0.0
2055-07-05,24.4,11.0,0.0
2055-07-06,24.7,9.628734762749838,0.0
2055-07-07,26.198811537532126,8.7,0.0
2055-07-08,27.2,6.2,0.0
2055-07-09,23.0,13.6,0.0
2055-07-10,22.6,11.6,0.0
2055-07-11,22.9,9.4,0.0
2055-07-12,21.8,9.3,0.0
2055-07-13,21.0,8.063401506996767,0.0
2055-07-14,22.1,6.5,0.0
2055-07-15,24.5,4.0,0.0
2055-07-16,24.4,9.0,0.0
2055-07-17,22.3,11.2,0.0
2055-07-18,22.5,10.4,0.0
2055-07-19,23.594803459411306,11.7,0.0
2055-07-20,23.7,11.0,0.0
2055-07-21,23.7,9.9,0.0
2055-07-22,23.6,9.2,0.0
2055-07-23,24.8,5.2,0.0
2055-07-24,22.0,11.2,0.0
2055-07-25,16.981047652562722,10.4,0.0
2055-07-26,22.6,7.5,0.0
2055-07-27,25.7,8.4,0.0
2055-07-28,26.2,9.4,0.0
2055-07-29,20.8,12.9,0.0
2055-07-30,19.0,9.0,0.0
2055-07-31,20.5,6.098385360602798,0.0
2055-08-01,21.3,6.517602343723991,0.0
2055-08-02,23.1,7.939956942949408,0.0
2055-08-03,24.9407707212056,9.9,0.0
2055-08-04,25.8,10.2,0.0
2055-08-05,25.9,10.0,0.0
2055-08-06,27.6,9.7,0.0
2055-08-07,27.7,11.2,0.0
2055-08-08,25.8,13.4,0.0
2055-08-09,26.0,12.456551797328643,0.0
2055-08-10,24.1,13.3,0.0
2055-08-11,23.686258568919605,12.0,0.0
2055-08-12,24.0,10.2,0.0
2055-08-13,24.4,8.742865251003034,0.0
2055-08-14,25.5,8.02387280141261,0.0
2055-08-15,27.2,9.9,0.0
2055-08-16,25.738138329897282,12.2,0.0
2055-08-17,24.1,11.0,0.0
2055-08-18,24.2,10.6,0.0
2055-08-19,25.0,11.0,0.0
2055-08-20,27.6,11.3,0.0
2055-08-21,31.2,12.9,0.0
2055-08-22,31.8,14.7,0.0
2055-08-23,30.0,16.4,0.0
2055-08-24,29.5,15.5,0.0
2055-08-25,29.3,14.4,0.0
2055-08-26,30.4,13.2,0.0
2055-08-27,30.680245620902237,14.320208109077859,0.0
2055-08-28,28.9,14.0,0.0
2055-08-29,28.9,13.6,0.0
2055-08-30,29.7,14.4,0.0
2055-08-31,29.5,15.4,0.0
2055-09-01,31.2,14.8,0.0
2055-09-02,33.29427141268075,17.2,0.0
2055-09-03,33.7,18.0,0.0
2055-09-04,33.0,17.9,0.0
2055-09-05,32.2,17.9,0.0
2055-09-06,31.4,15.9,0.0
2055-09-07,30.0,15.680600667408237,0.0
2055-09-08,29.2,13.5,0.0
2055-09-09,30.890036548546004,11.9,0.0
2055-09-10,30.7,16.9,0.0
2055-09-11,28.0,15.491359808156252,0.0
2055-09-12,28.3135834688115,13.5,0.0
2055-09-13,29.8,14.0,0.0
2055-09-14,30.9,14.6,0.0
2055-09-15,32.260036404085355,15.6,0.0
2055-09-16,32.0,17.7,0.0
2055-09-17,32.0,17.2,0.0
2055-09-18,33.9,17.4,0.0
2055-09-19,32.0,19.0,0.0
2055-09-20,32.5,17.6,0.0
2055-09-21,31.4,18.342258560467048,0.0
2055-09-22,30.7,15.9,0.0
2055-09-23,32.5,14.9,0.0
2055-09-24,31.6,18.7,0.0
2055-09-25,31.0,17.9,0.0
2055-09-26,32.1,18.0,0.0
2055-09-27,32.5,18.9,0.0
2055-09-28,31.0,18.9,0.0
2055-09-29,31.9,18.0,0.0
2055-09-30,33.4,18.034482758620697,0.0
2055-10-01,35.1,18.740095572725494,0.0
2055-10-02,36.3,19.9,0.0
2055-10-03,36.6,20.2,0.0
2055-10-04,34.0,20.2,0.0
2055-10-05,33.7,19.0,0.0
2055-10-06,34.6,19.0,0.0
2055-10-07,36.0,20.0,0.0
2055-10-08,33.6,20.4,0.0
2055-10-09,31.2,18.9,0.0
2055-10-10,33.0,18.0,0.0
2055-10-11,35.9,19.3,0.0
2055-10-12,33.6,20.3,0.0
2055-10-13,33.1,18.2,0.0
2055-10-14,33.1,19.6,0.0
2055-10-15,32.388159311087186,19.4,0.0
2055-10-16,32.9,18.9,0.0
2055-10-17,34.0,18.5,0.0
2055-10-18,36.3496356344723,18.5,0.0
2055-10-19,38.0,20.0,0.0
2055-10-20,36.5,20.9,0.0
2055-10-21,36.5,20.8,0.0
2055-10-22,34.3,20.7,0.0
2055-10-23,34.9,20.0,0.0
2055-10-24,35.6,20.7,0.0
2055-10-25,38.0,21.0,0.0
2055-10-26,38.5953125,22.43981409732714,0.0
2055-10-27,38.92587890625,23.156063989670965,0.0
2055-10-28,35.66807711126333,23.113263119766653,0.0
2055-10-29,34.00104706918484,21.0,0.0
2055-10-30,34.3,20.9,0.0
2055-10-31,35.8,21.0,0.0
2055-11-01,37.03068491110128,23.328359772629135,0.0
2055-11-02,36.2,23.132337398577665,0.0
2055-11-03,35.15851246129332,21.405315357480788,0.0
2055-11-04,33.9,19.3,1.5
2055-11-05,29.9,19.2,0.0
2055-11-06,32.3,18.5,0.0
2055-11-07,33.8,20.1,0.0
2055-11-08,30.0,19.4,14.652460629921261
2055-11-09,30.7,19.2,0.0
2055-11-10,31.6,17.9,0.0
2055-11-11,31.6,17.95993183915935,0.0
2055-11-12,32.7,17.94206091875133,0.0
2055-11-13,33.442124904849074,21.7,0.0
2055-11-14,32.6,20.9,0.0
2055-11-15,34.4,21.9,0.0
2055-11-16,33.448234004771365,19.5,1.6
2055-11-17,30.7,19.4,0.4
2055-11-18,31.8,19.2,0.0
2055-11-19,31.9,18.2,0.0
2055-11-20,32.1,17.3,0.0
2055-11-21,32.9,19.4,0.0
2055-11-22,33.7,20.85054085562312,0.0
2055-11-23,34.0,21.427754375940893,0.0
2055-11-24,33.9,21.51847563030359,0.0
2055-11-25,32.0,19.729647320552253,1.5
2055-11-26,31.1,19.17552836484984,6.229921259842522
2055-11-27,31.0,19.8,18.931299212598425
2055-11-28,30.2,19.4,15.9
2055-11-29,28.53075696937032,19.1,9.338582677165352
2055-11-30,24.534027055150883,18.5,90.5
2055-12-01,22.672520086715245,17.7,36.130615901455755
2055-12-02,25.0,16.788306528208704,4.0
2055-12-03,28.0,15.333324502728757,0.0
2055-12-04,29.1,17.0,0.0
2055-12-05,30.0,17.1,0.0
2055-12-06,31.3,17.3,0.0
2055-12-07,32.0,17.968836742016492,0.0
2055-12-08,32.1,19.8,0.0
2055-12-09,29.4,20.0,0.5
2055-12-10,27.0,19.6,22.456223404255326
2055-12-11,26.2,18.4,34.85744680851063
2055-12-12,29.6,18.3,0.0
2055-12-13,30.8,17.8,0.0
2055-12-14,30.353970962745137,19.53447548771353,0.0
2055-12-15,30.55319036184482,17.9,2.4
2055-12-16,32.9,19.5,5.2
2055-12-17,29.9,18.2,0.9
2055-12-18,30.0,19.77085868060896,0.5
2055-12-19,31.4,19.2,0.0
2055-12-20,30.9,18.9,0.0
2055-12-21,31.0,17.6,0.0
2055-12-22,31.8,17.7,0.0
2055-12-23,31.0,18.0,0.0
2055-12-24,30.928141551481428,16.8,0.0
2055-12-25,30.9,20.327108432265867,0.0
2055-12-26,27.9,20.0,24.922851063829782
2055-12-27,26.6,19.8,4.0
2055-12-28,25.6,19.8,0.0
2055-12-29,30.0,19.6,0.0
2055-12-30,30.0,19.5,37.68817021276596
2055-12-31,30.9,19.8,30.055723404255318
2056-01-01,28.769449946178682,19.0,0.6
2056-01-02,29.521670067645356,19.6,0.7
2056-01-03,30.9,19.8,1.1
2056-01-04,29.7,19.8,11.0
2056-01-05,29.2,19.6,7.4
2056-01-06,26.7,19.4,46.6
2056-01-07,24.6,18.9,23.6
2056-01-08,27.5,19.1,16.0
2056-01-09,28.9,17.9,6.4
2056-01-10,30.1,17.9,1.0
2056-01-11,29.2,19.8,8.4
2056-01-12,29.2,19.2,4.6
2056-01-13,29.2,18.3,16.0
2056-01-14,29.5,19.2,16.0
2056-01-15,27.2,19.3,40.15384615384616
2056-01-16,26.388751756382547,17.8,0.0
2056-01-17,26.4,17.6,0.0
2056-01-18,27.0021528525296,17.6,0.0
2056-01-19,29.5,18.0,0.0
2056-01-20,30.0,20.626288735628364,0.0
2056-01-21,30.6,21.333447265625,0.0
2056-01-22,30.9,21.281201171875,0.0
2056-01-23,30.5,19.5,4.4
2056-01-24,27.0,19.0,9.4
2056-01-25,29.0,18.2,2.25
2056-01-26,29.0,18.8,0.0
2056-01-27,28.6,17.7,0.0
2056-01-28,28.5,18.0,1.9
2056-01-29,28.6,18.7,0.9
2056-01-30,29.0,19.4,4.5
2056-01-31,30.205172939049895,19.8,1.4
2056-02-01,31.0,19.4,2.0
2056-02-02,32.1,19.0,0.3
2056-02-03,31.2,19.0,2.7
2056-02-04,30.0,19.0,43.40103926096998
2056-02-05,25.0,18.9,29.31745298581327
2056-02-06,26.8,18.5,27.015242494226335
2056-02-07,26.2,18.7,28.323424612339174
2056-02-08,26.0,18.9,33.52840646651273
2056-02-09,26.8,18.9,48.81947652040031
2056-02-10,26.3,18.6,2.4
2056-02-11,27.0,18.7,5.75969976905312
2056-02-12,29.1,17.4,0.0
2056-02-13,30.4,18.0,0.0
2056-02-14,29.2,18.8,1.0
2056-02-15,29.6,18.8,3.6
2056-02-16,28.8,18.7,17.0
2056-02-17,27.0,18.5,52.303002309468816
2056-02-18,24.0,18.5,2.6
2056-02-19,22.933904729982277,17.9,4.4
2056-02-20,26.9,17.7,6.4
2056-02-21,29.7,17.714433808862623,1.0
2056-02-22,29.56718563766388,17.6,5.222863741339491
2056-02-23,29.9,18.0,6.550577367205545
2056-02-24,26.3,18.6,15.427251732101633
2056-02-25,28.5,18.6,37.99907621247113
2056-02-26,29.0,18.8,3.0
2056-02-27,29.7,18.0,1.4
2056-02-28,30.0,18.6,2.0
2056-03-01,28.9,18.9,3.8
2056-03-02,26.7,19.0,2.9689516129032265
2056-03-03,27.0,18.6,1.9548387096774191
2056-03-04,26.8,18.4,4.5
2056-03-05,24.9,17.4,3.1
2056-03-06,25.4,17.4,16.4
2056-03-07,29.6,17.4,0.0
2056-03-08,29.0,17.8,0.7
2056-03-09,26.0,17.2,0.0
2056-03-10,25.3,15.0,0.0
2056-03-11,23.98586387434555,16.7,1.9
2056-03-12,25.6,16.7,0.0
2056-03-13,29.6,16.0,0.3
2056-03-14,29.0,17.6,1.4
2056-03-15,24.4,16.0,22.11029776674939
2056-03-16,28.4,14.283149315700447,0.0
2056-03-17,28.1,15.7,0.8258064516129033
2056-03-18,29.4,16.910984984397253,0.8
2056-03-19,28.7,18.8,1.4
2056-03-20,28.9,16.9,2.4
2056-03-21,30.274468085106378,15.5,0.0
2056-03-22,30.4,17.1,0.0
2056-03-23,28.9,18.3,0.0
2056-03-24,27.0,18.3,0.0
2056-03-25,26.9,18.2,0.0
2056-03-26,28.0,17.1,0.0
2056-03-27,29.1,17.4,0.0
2056-03-28,29.9,17.6,0.0
2056-03-29,29.7,17.0,0.0
2056-03-30,28.9,17.0,0.0
2056-03-31,29.4,17.2,0.0
2056-04-01,26.7,17.50727272727273,0.0
2056-04-02,28.6,18.4,0.0
2056-04-03,29.7,17.7,0.0
2056-04-04,29.868571428571425,18.3,0.0
2056-04-05,29.9,15.9,0.0
2056-04-06,31.1,13.3,0.0
2056-04-07,29.5,15.1,0.0
2056-04-08,26.208823529411767,18.6,0.0
2056-04-09,29.9,18.8,11.490476190476198
2056-04-10,24.2,18.32371794871795,70.0
2056-04-11,26.0,18.4,44.182352941176454
2056-04-12,23.6,16.6,0.0
2056-04-13,26.4,15.7,0.0
2056-04-14,24.6,13.0,0.0
2056-04-15,24.6,17.3,0.0
2056-04-16,25.0,16.5,0.0
2056-04-17,27.0,14.5,0.0
2056-04-18,26.7,16.6,0.0
2056-04-19,27.0,14.6,0.0
2056-04-20,25.8,13.6,0.0
2056-04-21,24.093023255813954,15.6,0.0
2056-04-22,22.6,15.1,0.0
2056-04-23,25.6,16.5,0.0
2056-04-24,25.6,14.0,0.0
2056-04-25,26.5,12.0,0.0
2056-04-26,27.6,11.4,0.0
2056-04-27,25.5,14.5,0.0
2056-04-28,21.289012952210808,16.117529880478088,0.0
2056-04-29,26.0,16.0,0.0
2056-04-30,25.9,15.2,0.0
2056-05-01,26.3,12.1,0.0
2056-05-02,22.0,15.2,0.0
2056-05-03,22.1,16.55477494717536,0.0
2056-05-04,25.3,17.0,0.0
2056-05-05,27.6,13.7,0.0
2056-05-06,27.0,11.4,0.0
2056-05-07,26.0,9.3,0.0
2056-05-08,27.5,7.9,0.0
2056-05-09,28.6,10.4,0.0
2056-05-10,29.335101563528504,12.3,0.0
2056-05-11,29.9,11.9,0.0
2056-05-12,29.917960124598704,10.1,0.0
2056-05-13,29.660964170382897,11.0,0.0
2056-05-14,24.2,17.78513570105749,0.0
2056-05-15,25.2,15.6,0.0
2056-05-16,24.9,12.3,0.0
2056-05-17,25.2,8.886161790955292,0.0
2056-05-18,26.4,6.9,0.0
2056-05-19,24.7,9.9,0.0
2056-05-20,24.4,9.9,0.0
2056-05-21,24.1,8.9,0.0
2056-05-22,23.7,10.6,0.0
2056-05-23,24.0,12.5,0.0
2056-05-24,24.2,12.4,0.0
2056-05-25,24.7,9.8,0.0
2056-05-26,25.5,8.4,0.0
2056-05-27,25.0,8.4,0.0
2056-05-28,24.9,10.2,0.0
2056-05-29,22.02896390622139,10.4,0.0
2056-05-30,24.654531172722777,9.0,0.0
2056-05-31,24.8,8.1,0.0
2056-06-01,24.4,7.9,0.0
2056-06-02,24.4,9.673700407860593,0.0
2056-06-03,24.0,10.0,0.0
2056-06-04,23.4,9.2,0.0
2056-06-05,24.5,8.9,0.0
2056-06-06,25.5,15.519307241826358,0.0
2056-06-07,25.0,14.7,0.0
2056-06-08,26.9,14.0,0.0
2056-06-09,26.4,13.7,0.0
2056-06-10,27.2,13.0,0.0
2056-06-11,25.8,12.0,0.0
2056-06-12,25.9,10.7,0.0
2056-06-13,25.6,9.3,0.0
2056-06-14,26.0,6.1,0.0
2056-06-15,25.2,11.5,0.0
2056-06-16,25.5,10.9,0.0
2056-06-17,25.0,10.6,0.0
2056-06-18,24.0,10.4,0.0
2056-06-19,26.2,7.6,0.0
2056-06-20,27.7,9.9,0.0
2056-06-21,25.9,12.6,0.0
2056-06-22,24.0,11.9,0.0
2056-06-23,24.9,11.3,0.0
2056-06-24,25.4,9.704311589992196,0.0
2056-06-25,25.9,9.2,0.0
2056-06-26,25.4,10.2,0.0
2056-06-27,22.1,8.2,0.0
2056-06-28,23.6,6.329330719501318,0.0
2056-06-29,23.5,7.0,0.0
2056-06-30,24.2,5.6,0.0
2056-07-01,23.5,5.3,0.0
2056-07-02,24.9,7.1,0.0
2056-07-03,25.4,4.6,0.0
2056-07-04,25.1,7.6,0.0
2056-07-05,21.9,10.4,0.0
2056-07-06,21.0,7.9,0.0
2056-07-07,20.3,10.2,0.0
2056-07-08,20.814843627265585,7.5,0.0
2056-07-09,20.990890742734123,6.2,0.0
2056-07-10,20.3,6.3,0.0
2056-07-11,20.7,5.6,0.0
2056-07-12,21.4,6.839281682375488,0.0
2056-07-13,21.6,7.6,0.0
2056-07-14,22.7,6.2,0.0
2056-07-15,25.2,7.7,0.0
2056-07-16,26.0,8.0,0.0
2056-07-17,25.7,9.6,0.0
2056-07-18,24.5,10.6,0.0
2056-07-19,24.056867033029285,9.3,0.0
2056-07-20,23.2,9.5,0.0
2056-07-21,23.4,8.7,0.0
2056-07-22,24.7,9.5,0.0
2056-07-23,25.4,10.5,0.0
2056-07-24,26.3,11.693297923026686,0.0
2056-07-25,28.2,12.9,0.0
2056-07-26,29.4,15.0,0.0
2056-07-27,28.127956327848675,15.3,0.0
2056-07-28,28.2,14.6,0.0
2056-07-29,29.366714122018106,14.3,0.0
2056-07-30,29.2,12.2,0.0
2056-07-31,27.4,14.344245425188376,0.0
2056-08-01,27.0,11.8,0.0
2056-08-02,27.2,11.2,0.0
2056-08-03,26.5,11.6,0.0
2056-08-04,26.900110971779874,10.7,0.0
2056-08-05,28.6,11.0,0.0
2056-08-06,24.3,14.6,0.0
2056-08-07,24.6,12.0,0.0
2056-08-08,25.4,9.253540649950141,0.0
2056-08-09,26.6,10.9,0.0
2056-08-10,30.0,12.8,0.0
2056-08-11,37.25217240286517,12.4,0.0
2056-08-12,31.1,13.5,0.0
2056-08-13,30.5,11.9,0.0
2056-08-14,27.9,15.035988518119842,0.0
2056-08-15,27.6,13.337441693577318,0.0
2056-08-16,27.5,13.9,0.0
2056-08-17,24.5,14.0,0.0
2056-08-18,24.0,12.7,0.0
2056-08-19,25.4,10.8,0.0
2056-08-20,26.0,8.9,0.0
2056-08-21,27.0,7.9,0.0
2056-08-22,27.9,9.306356580363719,0.0
2056-08-23,25.5,13.5,0.0
2056-08-24,24.7,12.569907905752896,0.0
2056-08-25,28.7,12.0,0.0
2056-08-26,30.068912809472543,13.3,0.0
2056-08-27,27.0,16.0,0.0
2056-08-28,26.7,13.5,0.0
2056-08-29,29.3,13.3,0.0
2056-08-30,30.9,14.5,0.0
2056-08-31,31.2,15.7,0.0
2056-09-01,31.7,15.5,0.0
2056-09-02,33.8,15.2,0.0
2056-09-03,36.1827504337071,17.8,0.0
2056-09-04,31.5,19.5,0.0
2056-09-05,30.3,16.7,0.0
2056-09-06,31.0,16.2,0.0
2056-09-07,31.601540052327316,15.689933259176867,0.0
2056-09-08,34.0,15.799759209579271,0.0
2056-09-09,34.1,16.5,0.0
2056-09-10,30.6,19.0,0.0
2056-09-11,30.0,15.5,0.0
2056-09-12,32.1,15.6,0.0
2056-09-13,35.58852770984409,17.9,0.0
2056-09-14,33.0,20.0,0.0
2056-09-15,29.5,17.2,0.0
2056-09-16,30.0,15.2,0.0
2056-09-17,32.6,15.6,0.0
2056-09-18,30.7,18.3,0.0
2056-09-19,30.0,16.0,0.0
2056-09-20,30.3,14.4,0.0
2056-09-21,31.6,14.9,0.0
2056-09-22,33.0,16.0,0.0
2056-09-23,34.0,17.8,0.0
2056-09-24,34.11239503587865,17.687301302522524,0.0
2056-09-25,36.0,16.7,0.0
2056-09-26,35.0,19.2,0.0
2056-09-27,26.8,16.5,0.0
2056-09-28,27.5,12.8,0.0
2056-09-29,31.5,12.6,0.0
2056-09-30,36.03138869383114,14.4,0.0
2056-10-01,38.444677734375,18.3,0.0
2056-10-02,35.6,20.3,0.0
2056-10-03,33.3,19.5,0.0
2056-10-04,32.1,18.2,0.0
2056-10-05,34.0,18.59856429899487,0.0
2056-10-06,34.439128094725504,18.4,0.0
2056-10-07,36.0,18.0,0.0
2056-10-08,38.071901608325405,18.7,0.0
2056-10-09,34.1,21.2,0.0
2056-10-10,30.9,18.6,0.0
2056-10-11,30.4,16.1,0.0
2056-10-12,32.0,14.9,0.0
2056-10-13,34.3,15.7,0.0
2056-10-14,35.0,18.5,0.0
2056-10-15,33.6,19.2,0.0
2056-10-16,35.1,18.764244659213883,0.0
2056-10-17,38.0,19.969094145897156,0.0
2056-10-18,38.09591742170953,21.0,0.0
2056-10-19,36.71954189837727,21.602274612221848,0.0
2056-10-20,38.0,20.3,0.0
2056-10-21,38.180679116006544,20.7,0.0
2056-10-22,38.7388671875,21.7,0.0
2056-10-23,35.2,21.6,0.0
2056-10-24,32.6,19.0,0.0
2056-10-25,34.5,19.9,0.0
2056-10-26,37.0,20.4,0.0
2056-10-27,36.0,21.2,0.0
2056-10-28,34.5,20.5,0.0
2056-10-29,34.4,19.0,0.0
2056-10-30,35.1,19.2,0.0
2056-10-31,36.0,19.3,0.0
2056-11-01,36.0,20.5,0.0
2056-11-02,35.7,20.4,0.0
2056-11-03,38.70069804773097,20.5,0.0
2056-11-04,36.0,20.7,0.0
2056-11-05,31.9,18.8,0.0
2056-11-06,32.9,19.4,0.0
2056-11-07,33.6,19.5,0.0
2056-11-08,32.6,18.8,0.0
2056-11-09,32.6,18.5,0.0
2056-11-10,34.36909634044815,17.7,0.0
2056-11-11,35.2,18.4,0.0
2056-11-12,35.2,19.6,0.0
2056-11-13,35.0,19.9,0.0
2056-11-14,34.8,19.9,0.0
2056-11-15,34.4,19.9,0.0
2056-11-16,34.0,20.2,0.0
2056-11-17,35.534986864838,20.5,0.0
2056-11-18,39.547607421875,20.7,0.0
2056-11-19,40.4951171875,21.3,0.0
2056-11-20,39.6650390625,21.7,0.0
2056-11-21,40.003662109375,21.7,0.0
2056-11-22,39.42691473360953,24.1119140625,0.0
2056-11-23,36.37122221037073,23.455625805985203,0.0
2056-11-24,35.7,24.367041015625,0.0
2056-11-25,34.0,20.5,0.0
2056-11-26,31.1,20.4,15.677559055118108
2056-11-27,31.9,19.5,22.5
2056-11-28,30.9,19.5,0.0
2056-11-29,32.3,19.3,0.0
2056-11-30,33.7,21.4,0.0
2056-12-01,31.1,19.8,6.5
2056-12-02,28.0,19.2,0.0
2056-12-03,30.0,17.5,0.0
2056-12-04,31.1,16.9,0.0
2056-12-05,33.1,17.0,0.0
2056-12-06,34.052669740235935,18.0,0.0
2056-12-07,34.15596819279847,20.268316477507604,0.0
2056-12-08,32.43253751244387,20.2,0.0
2056-12-09,33.7,20.0,0.0
2056-12-10,33.7,19.9,0.0
2056-12-11,33.86622458720065,19.9,0.0
2056-12-12,35.186083984375,19.5,0.0
2056-12-13,36.252001953125,20.003628886108274,0.0
2056-12-14,36.581103515625,21.0,0.0
2056-12-15,36.1892578125,24.442230224609375,0.0
2056-12-16,34.21025390625,20.871055128637845,0.5
2056-12-17,31.8,20.0,8.558723404255318
2056-12-18,29.9,20.0,71.3401363354676
2056-12-19,30.0,20.147691097780438,1.3
2056-12-20,29.9,19.8,0.0
2056-12-21,29.117026756881437,18.8,5.1461702127659565
2056-12-22,26.707078602581657,19.76543995079194,0.0
2056-12-23,26.0,19.5,3.6
2056-12-24,30.0,19.9,8.6
2056-12-25,30.5,19.4,1.3
2056-12-26,28.7,19.5,11.2
2056-12-27,28.7,19.6,14.417021276595758
2056-12-28,26.3,18.4,55.78085106382977
2056-12-29,21.9,17.3,15.4
2056-12-30,25.3,17.6,5.4
2056-12-31,28.0,19.4,0.5266382978723402
2057-01-01,29.0,19.6,1.0
2057-01-02,29.8,18.7,0.0
2057-01-03,28.8,17.395964627815395,0.0
2057-01-04,29.2,17.5,0.0
2057-01-05,27.774396074799114,16.8,2.1
2057-01-06,22.7,17.4,14.3
2057-01-07,27.0,17.7,0.8
2057-01-08,27.6,19.2,1.5
2057-01-09,29.241942812186483,19.4,10.7
2057-01-10,29.9,18.9,7.7
2057-01-11,28.7,19.2,10.6
2057-01-12,28.8,19.3,11.5
2057-01-13,27.8,19.4,46.796874999999986
2057-01-14,24.382523128740218,18.7,60.125
2057-01-15,23.1,17.7,60.23333333333333
2057-01-16,24.2,17.7,38.9
2057-01-17,26.1,18.7,5.2
2057-01-18,28.315040848577254,19.2,2.1
2057-01-19,27.5,19.2,4.3
2057-01-20,28.5,19.2,1.0
2057-01-21,28.7,18.9,9.4
2057-01-22,26.4,16.8,19.0
2057-01-23,26.9,15.5,0.0
2057-01-24,29.0,15.2,0.0
2057-01-25,30.0,15.9,0.0
2057-01-26,29.5,16.2,0.0
2057-01-27,28.6,17.2,0.0
2057-01-28,29.2,16.8,0.0
2057-01-29,27.1,18.0,0.0
2057-01-30,29.5,18.2,3.4
2057-01-31,30.1,18.6,10.7
2057-02-01,27.922638557806913,19.0,44.71113163972286
2057-02-02,25.1,18.8,15.6
2057-02-03,26.9,19.0,11.0
2057-02-04,27.93177890345649,18.5,17.720369515011548
2057-02-05,23.430887921318707,18.2,2.225866050808315
2057-02-06,26.5,18.1,10.2
2057-02-07,28.6,17.7,7.0
2057-02-08,27.9,18.1,5.871131639722867
2057-02-09,28.7,18.1,19.7
2057-02-10,28.9,17.0,3.5
2057-02-11,28.7,18.4,1.3
2057-02-12,28.1,19.0,2.0
2057-02-13,27.2,18.8,0.9473441108545035
2057-02-14,26.9,18.0,0.3
2057-02-15,26.8,18.9,1.3
2057-02-16,28.5,19.0,0.0
2057-02-17,27.6,17.8,0.0
2057-02-18,28.6,16.9,0.0
2057-02-19,30.2,18.1,0.0
2057-02-20,31.0,18.1,1.4
2057-02-21,30.7,17.6,2.225866050808315
2057-02-22,28.6,18.1,9.252655889145498
2057-02-23,29.1,19.0,12.275057736720557
2057-02-24,28.1,17.3,0.0
2057-02-25,25.7,16.9,1.5
2057-02-26,27.3,17.4,0.0
2057-02-27,28.517647575434413,18.8,0.0
2057-02-28,29.9,17.9,0.0
2057-03-01,30.7,18.2,0.0
2057-03-02,29.9,19.9,0.0
2057-03-03,29.6,19.6,0.0
2057-03-04,28.8,17.7,0.0
2057-03-05,27.9,18.5,0.4
2057-03-06,29.4,18.7,1.0209677419354835
2057-03-07,30.0,19.0,6.7
2057-03-08,28.1,17.9,39.708504398826975
2057-03-09,30.535643564356434,17.3,0.8258064516129033
2057-03-10,30.6,18.4,0.0
2057-03-11,30.0,18.9,0.0
2057-03-12,28.5,19.0,0.0
2057-03-13,29.0,18.2,0.0
2057-03-14,29.5,18.4,0.0
2057-03-15,29.9,17.4,0.0
2057-03-16,30.1,18.1,0.7
2057-03-17,30.884523809523806,17.6,0.0
2057-03-18,31.3,16.1,0.0
2057-03-19,31.5,16.551589103737633,0.0
2057-03-20,30.9,18.8,0.0
2057-03-21,31.0,18.3,0.0
2057-03-22,32.0,18.7,0.0
2057-03-23,28.5,19.0,0.0
2057-03-24,25.3,18.5,1.2
2057-03-25,29.1,17.6,0.0
2057-03-26,29.4,17.4,0.0
2057-03-27,30.2,17.0,0.0
2057-03-28,32.392307692307696,17.5,0.0
2057-03-29,33.00428571428571,19.8,0.0
2057-03-30,32.5,19.9,0.0
2057-03-31,28.4,19.0,0.0
2057-04-01,28.4,17.8,0.0
2057-04-02,28.6,18.1,0.0
2057-04-03,28.9,17.6,0.0
2057-04-04,31.5,18.2,0.0
2057-04-05,31.4,19.2,0.0
2057-04-06,27.1,19.35465587044534,0.0
2057-04-07,29.9,19.19847801578354,0.0
2057-04-08,28.9,18.4,0.0
2057-04-09,30.4,18.0,0.0
2057-04-10,29.2,17.7,0.0
2057-04-11,30.9,16.6,0.0
2057-04-12,31.962886597938144,16.7,0.0
2057-04-13,32.5,17.2,0.0
2057-04-14,32.2,17.262305295950142,0.0
2057-04-15,30.4,17.7,0.0
2057-04-16,30.9,16.3,0.0
2057-04-17,31.8,16.0,0.0
2057-04-18,31.5,17.8,0.0
2057-04-19,23.6,17.8,0.0
2057-04-20,29.0,15.9,0.0
2057-04-21,28.9,14.9,0.0
2057-04-22,28.2,14.9,0.0
2057-04-23,28.252272727272732,14.4,0.0
2057-04-24,25.0,15.2,0.0
2057-04-25,28.5,14.3,0.0
2057-04-26,30.5,16.4,0.0
2057-04-27,30.866304347826084,18.0,0.0
2057-04-28,31.2,16.8,0.0
2057-04-29,31.4,16.2,0.0
2057-04-30,26.8,17.9,0.0
2057-05-01,31.07821077213021,14.9,0.0
2057-05-02,33.67457066790846,18.119707180855187,0.0
2057-05-03,30.7,17.83065532282185,0.0
2057-05-04,28.9,15.2,0.0
2057-05-05,27.0,17.72457664186025,0.0
2057-05-06,25.8,17.889434932339796,0.0
2057-05-07,29.3,17.96646941644074,0.0
2057-05-08,30.0,17.8,0.0
2057-05-09,31.078318772373397,16.52436710122392,0.0
2057-05-10,32.1981561148727,17.0,0.0
2057-05-11,30.641261479971604,17.8,0.0
2057-05-12,29.9,14.4,0.0
2057-05-13,26.2,16.0,0.0
2057-05-14,28.0,18.018914657881275,0.0
2057-05-15,29.9,17.924127082619954,0.0
2057-05-16,31.0,15.2,0.0
2057-05-17,30.1,14.966738428417642,0.0
2057-05-18,28.940358561300613,12.9,0.0
2057-05-19,29.1,13.4,0.0
2057-05-20,29.9,15.0,0.0
2057-05-21,28.9,15.2,0.0
2057-05-22,24.0,15.6,0.0
2057-05-23,26.9,12.8,0.0
2057-05-24,28.0,12.1,0.0
2057-05-25,29.2,12.2,0.0
2057-05-26,30.7,13.0,0.0
2057-05-27,32.29093726235041,13.9,0.0
2057-05-28,31.1,12.0,0.0
2057-05-29,29.8,14.6,0.0
2057-05-30,28.8,12.7,0.0
2057-05-31,26.86574811625404,12.4,0.0
2057-06-01,24.808050611790883,10.8840570931398,0.0
2057-06-02,25.5,11.8,0.0
2057-06-03,25.5,15.0,0.0
2057-06-04,25.0,13.382393542682763,0.0
2057-06-05,25.0,12.0,0.0
2057-06-06,24.5,14.1,0.0
2057-06-07,23.8,11.771055446222302,0.0
2057-06-08,23.0,10.9,0.0
2057-06-09,23.5,11.2,0.0
2057-06-10,23.7,9.4,0.0
2057-06-11,24.6,9.6,0.0
2057-06-12,26.9,9.7,0.0
2057-06-13,27.2,10.5,0.0
2057-06-14,26.6,12.6,0.0
2057-06-15,25.2,12.0,0.0
2057-06-16,25.6,11.3,0.0
2057-06-17,26.1,16.4,0.0
2057-06-18,26.0,13.6,0.0
2057-06-19,25.5,12.0,0.0
2057-06-20,25.3,11.2,0.0
2057-06-21,27.3,12.0,0.0
2057-06-22,28.6,11.6,0.0
2057-06-23,29.0,13.0,0.0
2057-06-24,25.6,14.4,0.0
2057-06-25,25.0,12.7,0.0
2057-06-26,23.9,14.7,0.0
2057-06-27,25.3,13.7,0.0
2057-06-28,25.6,11.797013775990422,0.0
2057-06-29,25.9,11.5,0.0
2057-06-30,26.3332004349402,11.0,0.0
2057-07-01,26.0,12.0,0.0
2057-07-02,25.4,12.312473805899332,0.0
2057-07-03,24.0,12.2,0.0
2057-07-04,22.6,11.3,0.0
2057-07-05,23.0,10.0,0.0
2057-07-06,22.8,10.9,0.0
2057-07-07,25.4,11.2,0.0
2057-07-08,26.6,12.896037866611612,0.0
2057-07-09,26.7,13.034752502289408,0.0
2057-07-10,26.2,13.6,0.0
2057-07-11,26.7,12.9,0.0
2057-07-12,27.5,11.832860695594066,0.0
2057-07-13,27.5,8.4,0.0
2057-07-14,24.3,13.4,0.0
2057-07-15,20.3,12.0,0.0
2057-07-16,22.0,10.7,0.0
2057-07-17,20.7,8.8,0.0
2057-07-18,22.7,8.9,0.0
2057-07-19,26.4,9.3,0.0
2057-07-20,27.5,9.0,0.0
2057-07-21,27.3,9.6,0.0
2057-07-22,27.2,12.2,0.0
2057-07-23,28.0,11.6,0.0
2057-07-24,29.2,10.5,0.0
2057-07-25,27.5,10.2,0.0
2057-07-26,17.6,12.9,0.0
2057-07-27,20.450000566540137,11.2,0.0
2057-07-28,21.5,8.6,0.0
2057-07-29,22.9,5.9,0.0
2057-07-30,25.3,8.4,0.0
2057-07-31,27.1,11.2,0.0
2057-08-01,26.3,12.6,0.0
2057-08-02,24.67939258803629,12.9,0.0
2057-08-03,24.1,12.0,0.0
2057-08-04,23.04513301553129,11.3,0.0
2057-08-05,23.6,10.2,0.0
2057-08-06,24.2,9.3,0.0
2057-08-07,26.6,10.9,0.0
2057-08-08,27.6,13.0,0.0
2057-08-09,26.7,13.291125868894927,0.0
2057-08-10,27.0,12.8,0.0
2057-08-11,29.4,13.0,0.0
2057-08-12,30.8,14.4,0.0
2057-08-13,27.6,15.7,0.0
2057-08-14,26.1,13.2,0.0
2057-08-15,28.6,12.0,0.0
2057-08-16,31.1,13.4,0.0
2057-08-17,30.8,11.4,0.0
2057-08-18,29.0,15.9,0.0
2057-08-19,30.0,15.4,0.0
2057-08-20,30.775794006005313,16.2,0.0
2057-08-21,28.7,16.2,0.0
2057-08-22,30.7,15.7,0.0
2057-08-23,31.5,16.2,0.0
2057-08-24,30.0,16.7,0.0
2057-08-25,29.9,16.0,0.0
2057-08-26,32.5,16.3,0.0
2057-08-27,32.015421728433026,17.694157941090122,0.0
2057-08-28,30.5,18.2,0.0
2057-08-29,28.9,16.7,0.0
2057-08-30,28.1,15.4,0.0
2057-08-31,27.7,14.20140723043398,0.0
2057-09-01,27.91714747988385,11.656361348675214,0.0
2057-09-02,29.0,12.6,0.0
2057-09-03,30.9,13.8,0.0
2057-09-04,33.1208460285986,16.3,0.0
2057-09-05,33.7,18.9,0.0
2057-09-06,31.3,19.208998449093183,0.0
2057-09-07,30.6,17.2,0.0
2057-09-08,31.9,16.4,0.0
2057-09-09,32.0,17.4,0.0
2057-09-10,32.5,17.670141375722135,0.0
2057-09-11,32.6,17.499462365591402,0.0
2057-09-12,32.6,17.3,0.0
2057-09-13,33.7,16.4,0.0
2057-09-14,34.9,16.134418087280437,0.0
2057-09-15,35.07766648714762,16.356342517326947,0.0
2057-09-16,36.0,16.6,0.0
2057-09-17,36.89592135984165,16.7,0.0
2057-09-18,35.6,18.9,0.0
2057-09-19,35.2,18.5,0.0
2057-09-20,36.18842719269045,17.6,0.0
2057-09-21,32.3,20.0,0.0
2057-09-22,31.2,17.8,0.0
2057-09-23,32.1,15.7,0.0
2057-09-24,34.2,15.9,0.0
2057-09-25,36.1749732738999,18.2,0.0
2057-09-26,39.48291015625,20.0,0.0
2057-09-27,31.9,20.0,0.0
2057-09-28,30.7,17.9,0.0
2057-09-29,33.0,18.095253123625742,0.0
2057-09-30,35.6,19.3,0.0
2057-10-01,37.5471972274018,20.5,0.0
2057-10-02,38.0,21.2,0.0
2057-10-03,38.0,21.9,0.0
2057-10-04,37.2,21.4,0.0
2057-10-05,37.0,21.0,0.0
2057-10-06,36.635597594990145,20.57304705520528,0.0
2057-10-07,38.365153525677904,20.2,0.0
2057-10-08,38.682958984375,21.0,0.0
2057-10-09,38.0,22.0,0.0
2057-10-10,37.55360405741268,21.0,0.0
2057-10-11,38.47666015625,22.0,0.0
2057-10-12,39.448583984375,22.99414892123367,0.0
2057-10-13,38.623388671875,22.6,0.0
2057-10-14,38.193157921000264,20.9,0.0
2057-10-15,38.219528225892674,20.3,0.0
2057-10-16,38.469091796875,20.6,0.0
2057-10-17,38.519140625,21.4,0.0
2057-10-18,32.5,21.422106519399065,0.0
2057-10-19,33.0,20.1,0.0
2057-10-20,36.66808128505075,20.3,0.0
2057-10-21,35.4,19.847066738428413,0.0
2057-10-22,22.9,18.0,85.9
2057-10-23,27.0,18.0,2.7
2057-10-24,28.7,17.7,0.0
2057-10-25,31.1,18.1,0.0
2057-10-26,31.2,17.2,0.0
2057-10-27,32.8,19.5,0.0
2057-10-28,33.8,21.0,0.0
2057-10-29,34.2,21.4,0.0
2057-10-30,35.2,22.193248821679003,0.0
2057-10-31,33.9,21.0,0.0
2057-11-01,34.3,20.5,0.0
2057-11-02,33.8,22.413862163857686,0.0
2057-11-03,35.6,20.0,0.0
2057-11-04,34.2,18.5,0.0
2057-11-05,35.2,20.2,0.0
2057-11-06,35.7,21.7,0.0
2057-11-07,37.2,22.961586706909245,0.0
2057-11-08,40.08349609375,21.9,0.0
2057-11-09,40.116943359375,22.1,0.0
2057-11-10,40.2998046875,21.7,0.0
2057-11-11,40.628662109375,21.419828472640113,0.0
2057-11-12,37.01196056430158,22.543971520266815,0.0
2057-11-13,35.2,20.5,0.0
2057-11-14,40.904052734375,21.2,0.0
2057-11-15,38.01005353031424,22.4,0.0
2057-11-16,35.19630219763701,21.04460406542872,0.0
2057-11-17,35.1,21.3,0.0
2057-11-18,35.7,20.7,0.0
2057-11-19,35.5,20.5,0.0
2057-11-20,37.2,22.3,0.0
2057-11-21,35.6,20.4,0.0
2057-11-22,32.3,19.8,2.5
2057-11-23,28.610015694759777,19.4,8.964173228346457
2057-11-24,27.5,19.2,15.9
2057-11-25,28.47661187327483,19.4,0.0
2057-11-26,30.5,18.5,0.0
2057-11-27,31.0,17.9,0.0
2057-11-28,32.1,17.7,0.0
2057-11-29,32.9,19.5,0.0
2057-11-30,35.2,19.8,0.0
2057-12-01,32.44865782427607,21.0,0.8
2057-12-02,32.54445821842836,20.2,29.586382978723403
2057-12-03,27.9,20.2,50.23914893617027
2057-12-04,28.0,19.933716796432158,22.31425531914894
2057-12-05,27.0,19.8,48.96361702127659
2057-12-06,27.1,19.5,0.0
2057-12-07,29.2,19.9,1.0
2057-12-08,30.7,19.9,6.6
2057-12-09,26.3,19.7,15.503313069908819
2057-12-10,26.7,19.4,25.857588652482267
2057-12-11,26.6,19.5,21.610106382978735
2057-12-12,26.5,19.634386775764604,6.9
2057-12-13,29.2,19.2,2.9
2057-12-14,29.221423035522058,19.9,25.0
2057-12-15,27.5,19.9,32.7
2057-12-16,24.82980691603875,19.5,10.063829787234045
2057-12-17,27.7,19.9,1.7
2057-12-18,29.7,19.9,1.4
2057-12-19,30.2,19.65207027633293,2.0
2057-12-20,30.7,19.6,10.063829787234045
2057-12-21,24.493626093408718,19.5,49.43744680851063
2057-12-22,25.4,18.9,0.0
2057-12-23,24.0,17.0,0.7085106382978724
2057-12-24,28.7,16.2,0.0
2057-12-25,30.2,18.6,0.0
2057-12-26,30.0,19.9,0.0
2057-12-27,29.9,19.0,0.0
2057-12-28,31.0,17.5,0.0
2057-12-29,32.02570471838245,17.0,0.0
2057-12-30,31.0,16.9,0.0
2057-12-31,31.82147841579748,18.6,0.0
2058-01-01,27.6,19.9,0.7
2058-01-02,29.2,19.6,1.0
2058-01-03,29.337939498807877,18.6,0.0
2058-01-04,29.8,18.0,0.0
2058-01-05,31.2,17.4,0.0
2058-01-06,31.9,19.5,0.0
2058-01-07,31.8,20.914685058593747,0.0
2058-01-08,31.842009828239803,19.2,0.35
2058-01-09,31.9,19.906097545489146,5.6
2058-01-10,29.8,19.6,31.120000000000005
2058-01-11,27.4,19.6,26.5
2058-01-12,27.4,19.6,19.149999999999995
2058-01-13,28.067901993951512,19.295999810042414,20.7
2058-01-14,28.2,19.6,11.2
2058-01-15,30.4,19.3,8.4
2058-01-16,28.0,19.6,16.5
2058-01-17,30.2,19.4,2.3
2058-01-18,30.0,19.6922005228356,1.0
2058-01-19,29.9,19.8,0.0
2058-01-20,31.5,18.9,1.2
2058-01-21,29.0,19.8,16.299999999999997
2058-01-22,29.0,19.6,17.0
2058-01-23,28.8,19.6,14.9
2058-01-24,27.4,19.6,8.5
2058-01-25,27.6,18.8,0.0
2058-01-26,27.6,17.6,0.0
2058-01-27,28.3,17.9,0.0
2058-01-28,29.9,18.2,0.0
2058-01-29,29.5,18.8,0.0
2058-01-30,29.6,19.4,0.0
2058-01-31,30.4,20.690049806654912,0.0
2058-02-01,29.0,19.2,3.0
2058-02-02,27.9,19.0,9.388683602771364
2058-02-03,29.0,18.9,9.132332563510392
2058-02-04,28.3,18.9,19.5743648960739
2058-02-05,28.3,18.9,43.40103926096998
2058-02-06,28.8,18.9,8.549653579676681
2058-02-07,23.7,18.0,7.0
2058-02-08,21.595612162873856,17.9,32.42032332563511
2058-02-09,27.8,18.6,3.8
2058-02-10,30.2,18.5,3.6
2058-02-11,30.405170721447096,18.5,3.1279445727482673
2058-02-12,29.5,18.6,29.346354338502145
2058-02-13,30.422376077963957,18.1,12.4
2058-02-14,30.2,18.939511323003575,29.4
2058-02-15,29.02997255029436,18.8,2.8
2058-02-16,29.5,18.6,0.0
2058-02-17,27.6,18.8,1.8
2058-02-18,26.7,18.6,0.0
2058-02-19,28.2,17.1,0.0
2058-02-20,28.7,17.1,0.0
2058-02-21,29.7,16.4,0.0
2058-02-22,31.918605249012597,16.0,0.0
2058-02-23,32.8,17.9,0.0
2058-02-24,27.7,19.2,0.0
2058-02-25,27.2,18.4,2.5
2058-02-26,29.0,17.9,0.0
2058-02-27,29.4,17.0,0.0
2058-02-28,28.8,17.5,0.0
2058-03-01,30.4,17.0,0.0
2058-03-02,30.7,17.5,0.0
2058-03-03,31.2,18.014046732529486,0.0
2058-03-04,26.5,18.6,46.37590132827328
2058-03-05,28.9,18.3,10.593225806451615
2058-03-06,29.4,18.8,2.2
2058-03-07,28.6,18.6,14.930397022332498
2058-03-08,29.5,18.846779469873976,39.708504398826975
2058-03-09,28.1,18.9,26.64423963133642
2058-03-10,28.2,18.6,16.33440860215054
2058-03-11,27.3,19.0,0.0
2058-03-12,29.1,16.2,0.0
2058-03-13,29.7,15.2,0.0
2058-03-14,30.0,15.6,0.0
2058-03-15,31.3,17.0,0.0
2058-03-16,32.31719457013575,18.5,0.0
2058-03-17,30.0,19.0,2.4
2058-03-18,26.6,18.9,0.0
2058-03-19,28.0,17.4,0.0
2058-03-20,28.8,16.5,0.0
2058-03-21,29.7,16.9,0.0
2058-03-22,29.4,17.4,0.0
2058-03-23,29.5,17.5,0.0
2058-03-24,30.7,17.7,0.0
2058-03-25,31.0,18.8,0.0
2058-03-26,28.8,17.9,0.0
2058-03-27,28.2,16.8,0.0
2058-03-28,27.8,16.4,0.0
2058-03-29,29.7,18.6,0.0
2058-03-30,29.0,17.9,0.0
2058-03-31,29.0,17.2,0.3
2058-04-01,25.1,18.8,8.6
2058-04-02,31.1,18.869090909090907,0.0
2058-04-03,30.8,18.966153846153844,0.0
2058-04-04,30.68333333333333,17.784000000000002,0.0
2058-04-05,30.9,16.2,0.0
2058-04-06,30.7,19.2,0.0
2058-04-07,29.2,17.7,0.0
2058-04-08,25.4,18.4,0.0
2058-04-09,29.9,18.5,0.0
2058-04-10,29.5,16.6,0.0
2058-04-11,29.5,15.761842105263158,0.0
2058-04-12,27.5,17.2,0.0
2058-04-13,30.7,16.4,0.0
2058-04-14,30.2,16.3,0.0
2058-04-15,26.8,15.1,0.0
2058-04-16,22.495714285714286,17.6,0.0
2058-04-17,31.3,17.3,0.0
2058-04-18,25.4,18.805636363636367,28.16923076923077
2058-04-19,25.5,18.4,0.0
2058-04-20,26.1,18.36923076923077,0.0
2058-04-21,27.4,16.4,0.0
2058-04-22,28.7,14.6,0.0
2058-04-23,26.0,16.9,54.02592592592599
2058-04-24,26.8,18.7,0.7
2058-04-25,27.9,18.3,0.0
2058-04-26,26.0,17.0,0.0
2058-04-27,26.0,16.3,0.0
2058-04-28,26.4,18.3,0.0
2058-04-29,26.2,18.2,0.0
2058-04-30,23.7,17.8,9.4
2058-05-01,25.4,16.2,0.0
2058-05-02,25.9,13.7,0.0
2058-05-03,26.4,13.2,0.0
2058-05-04,28.5,12.5,0.0
2058-05-05,29.2,12.4,0.0
2058-05-06,29.0,12.701223211664544,0.0
2058-05-07,27.2,12.5,0.0
2058-05-08,23.002597164647412,14.9,0.0
2058-05-09,24.9,15.3,0.0
2058-05-10,28.4,12.3,0.0
2058-05-11,26.0,13.6,0.0
2058-05-12,23.7,13.6,0.0
2058-05-13,25.8,12.3,0.0
2058-05-14,25.530987036083676,10.8,0.0
2058-05-15,26.527434517402227,8.9,0.0
2058-05-16,27.4,8.9,0.0
2058-05-17,28.6,10.7,0.0
2058-05-18,29.914795621898115,11.3,0.0
2058-05-19,30.4,12.1,0.0
2058-05-20,31.40506737883391,12.4,0.0
2058-05-21,32.7,13.4,0.0
2058-05-22,30.7,14.441222119308067,0.0
2058-05-23,29.944912957945125,16.00290392288578,0.0
2058-05-24,30.2,18.87012319100571,0.0
2058-05-25,30.69936101504706,16.5,0.0
2058-05-26,30.6,14.0,0.0
2058-05-27,28.9,14.6,0.0
2058-05-28,28.0,13.9,0.0
2058-05-29,28.2,11.7,0.0
2058-05-30,28.7,9.6,0.0
2058-05-31,28.0,9.0,0.0
2058-06-01,25.4,10.5,0.0
2058-06-02,25.2,10.6,0.0
2058-06-03,25.0,10.6,0.0
2058-06-04,25.050891234162616,10.5,0.0
2058-06-05,26.5,10.6,0.0
2058-06-06,29.0,11.6,0.0
2058-06-07,28.0,10.9,0.0
2058-06-08,24.9,13.638452767137826,0.0
2058-06-09,26.6,11.5,0.0
2058-06-10,27.0,11.872290198986537,0.0
2058-06-11,24.7,12.70189317718814,0.0
2058-06-12,25.2,10.5,0.0
2058-06-13,24.4,9.4,0.0
2058-06-14,25.4,5.4,0.0
2058-06-15,26.6,3.5,0.0
2058-06-16,27.8,3.5,0.0
2058-06-17,28.0,5.6,0.0
2058-06-18,28.83033926585095,8.4,0.0
2058-06-19,29.01663095831714,9.6,0.0
2058-06-20,29.0,10.305467185761964,0.0
2058-06-21,22.63356636908021,14.3,1.9
2058-06-22,26.853604828410173,14.745344562741696,0.0
2058-06-23,29.296857508785784,13.0,0.0
2058-06-24,30.0,13.7,0.0
2058-06-25,30.5,14.1,0.0
2058-06-26,30.36692822457796,13.7,0.0
2058-06-27,26.536266102120635,12.916760452790696,0.0
2058-06-28,26.7,10.675661846496107,0.0
2058-06-29,28.6,11.5,0.0
2058-06-30,30.4,12.713015397882796,0.0
2058-07-01,30.65471654634471,15.2,0.0
2058-07-02,27.3,16.121936188225142,0.0
2058-07-03,25.7,15.2,0.0
2058-07-04,26.0,15.1,0.0
2058-07-05,25.7,12.286642301048893,0.0
2058-07-06,24.3,11.5,0.0
2058-07-07,23.4,9.2,0.0
2058-07-08,26.0,7.5,0.0
2058-07-09,27.6,7.0,0.0
2058-07-10,28.3,7.0,0.0
2058-07-11,26.235906889128085,12.053641908862573,0.0
2058-07-12,25.1,11.2,0.0
2058-07-13,25.9,10.0,0.0
2058-07-14,25.7,12.2,0.0
2058-07-15,25.7,12.2,0.0
2058-07-16,26.2,12.2,0.0
2058-07-17,27.2,13.0,0.0
2058-07-18,26.9,13.2,0.0
2058-07-19,25.7,13.9,0.0
2058-07-20,23.4,13.6,0.0
2058-07-21,23.1,11.6,0.0
2058-07-22,24.3,11.5,0.0
2058-07-23,24.5,11.568582570018476,0.0
2058-07-24,25.1,11.5,0.0
2058-07-25,25.2,11.7,0.0
2058-07-26,26.0,12.0,0.0
2058-07-27,26.99180177710621,11.4,0.0
2058-07-28,26.3,12.48708288482238,0.0
2058-07-29,25.4,12.526345174022241,0.0
2058-07-30,25.3,10.5,0.0
2058-07-31,25.4,11.0,0.0
2058-08-01,24.6,11.067935414424111,0.0
2058-08-02,25.8,10.6,0.0
2058-08-03,26.2,10.4,0.0
2058-08-04,27.4,10.7,0.0
2058-08-05,30.3,12.6,0.0
2058-08-06,31.5,15.2,0.0
2058-08-07,31.363656450059462,15.98880447903375,0.0
2058-08-08,31.0,15.7,0.0
2058-08-09,29.5,15.4,0.0
2058-08-10,29.0,14.2,0.0
2058-08-11,31.0,13.6,0.0
2058-08-12,33.1,14.533148188015792,0.0
2058-08-13,30.9,15.3,0.0
2058-08-14,27.5,16.0,0.0
2058-08-15,27.0,14.7,0.0
2058-08-16,26.7,14.6,0.0
2058-08-17,27.46055666615408,12.804628632938638,0.0
2058-08-18,28.7,13.0,0.0
2058-08-19,29.0,14.0,0.0
2058-08-20,29.9,14.6,0.0
2058-08-21,30.6,14.6,0.0
2058-08-22,31.4,15.2,0.0
2058-08-23,29.5,16.70019940355396,0.0
2058-08-24,28.6,15.764833812965437,0.0
2058-08-25,28.1,15.009322841270428,0.0
2058-08-26,30.2,15.344239410870196,0.0
2058-08-27,31.4,16.2,0.0
2058-08-28,31.1,16.3,0.0
2058-08-29,30.250011197722877,16.65232499177112,0.0
2058-08-30,30.1,16.4,0.0
2058-08-31,30.0,15.7,0.0
2058-09-01,30.2,14.0,0.0
2058-09-02,31.9,13.6,0.0
2058-09-03,34.6,16.2,0.0
2058-09-04,34.3,15.0,0.0
2058-09-05,33.2,18.5,0.0
2058-09-06,30.0,19.0,0.0
2058-09-07,27.6,15.481663608916117,0.0
2058-09-08,27.5,12.8,0.0
2058-09-09,29.6,12.0,0.0
2058-09-10,31.6,14.055432804125795,0.0
2058-09-11,33.2,16.9,0.0
2058-09-12,35.2,18.6,0.0
2058-09-13,39.55712890625,19.3,0.0
2058-09-14,39.26416015625,17.6,0.0
2058-09-15,37.12657501036702,22.990549274158358,0.0
2058-09-16,35.66162729830531,21.493740240366257,0.0
2058-09-17,35.62876498578668,22.27444874588221,0.0
2058-09-18,34.06560218424512,20.5,0.0
2058-09-19,34.4,19.917868743047837,0.0
2058-09-20,34.6,19.5,0.0
2058-09-21,35.2,19.0,0.0
2058-09-22,35.11372563321724,19.6,0.0
2058-09-23,36.08700190362559,19.0,0.0
2058-09-24,37.05060201539586,19.09949565173425,0.0
2058-09-25,32.0,20.0,0.0
2058-09-26,30.2,17.5,0.0
2058-09-27,31.4,17.275194660734147,0.0
2058-09-28,32.1,18.215358945837252,0.0
2058-09-29,31.5,18.6,0.0
2058-09-30,32.9,17.0,0.0
2058-10-01,33.5,18.3,0.0
2058-10-02,33.8,19.4,0.0
2058-10-03,36.4,19.7,0.0
2058-10-04,34.9,21.0,0.0
2058-10-05,33.3,19.8,0.0
2058-10-06,34.6,18.3,0.0
2058-10-07,35.7,19.6,0.0
2058-10-08,28.2,19.0,0.0
2058-10-09,29.9,16.4,0.0
2058-10-10,31.9,17.0,0.0
2058-10-11,33.2,18.0,0.0
2058-10-12,32.1,18.9,0.0
2058-10-13,32.7,17.8,0.0
2058-10-14,34.1,18.5,0.0
2058-10-15,34.3,19.4,0.0
2058-10-16,35.2,19.0,0.0
2058-10-17,39.085302734375,20.1,0.0
2058-10-18,38.784033203125,23.776354138389596,0.0
2058-10-19,36.0,22.6,0.0
2058-10-20,35.4,20.6,0.0
2058-10-21,36.0,20.0,0.0
2058-10-22,35.4,20.6,0.0
2058-10-23,36.0,19.2,0.0
2058-10-24,38.592626953125,20.1,0.0
2058-10-25,38.0,22.847782326180702,0.0
2058-10-26,36.666534442666915,21.4,0.0
2058-10-27,37.2,20.4,0.0
2058-10-28,38.766455078125,20.4,0.0
2058-10-29,38.07531562101237,22.0,0.0
2058-10-30,35.8,21.7,0.0
2058-10-31,36.7,20.7,0.0
2058-11-01,40.997314453125,21.1,0.0
2058-11-02,35.7,22.56456237821379,0.0
2058-11-03,33.5,20.369033969367674,0.0
2058-11-04,34.1,20.2,0.0
2058-11-05,36.2,20.1,0.0
2058-11-06,40.244140625,21.1,0.0
2058-11-07,39.869873046875,26.322119140625,0.0
2058-11-08,37.12159297165053,21.9,0.0
2058-11-09,32.6,19.8,0.2
2058-11-10,30.2,18.3,0.0
2058-11-11,29.5,18.9,0.0
2058-11-12,24.80727263096562,17.2,5.578641732283463
2058-11-13,30.0,16.5,0.2
2058-11-14,26.7,19.2,3.4
2058-11-15,27.1,18.7,26.88188976377953
2058-11-16,27.0,18.5,38.19960629921255
2058-11-17,25.41988962094635,18.5,90.5
2058-11-18,27.7,18.9,22.352952755905513
2058-11-19,27.6,19.2,1.4
2058-11-20,28.6,19.5,13.29783464566929
2058-11-21,31.5,19.3,14.023622047244093
2058-11-22,29.0,19.5,8.3
2058-11-23,28.7,19.313739612036386,8.76692913385827
2058-11-24,26.0,18.730996198727283,1.2
2058-11-25,28.4,19.3,15.543700787401573
2058-11-26,29.9,19.8,5.175492125984253
2058-11-27,29.98599276974416,19.5,2.4326771653543298
2058-11-28,28.0,19.44866130325685,33.590551181102356
2058-11-29,26.5,17.5,0.0
2058-11-30,31.1,16.6,0.0
2058-12-01,30.0,18.4,0.0
2058-12-02,24.5,17.2,0.0
2058-12-03,25.7,18.5,0.0
2058-12-04,29.0,17.2,0.0
2058-12-05,29.9,16.6,0.0
2058-12-06,29.9,16.1,0.0
2058-12-07,28.9,17.5,0.0
2058-12-08,28.7,19.6,0.0
2058-12-09,29.0,19.0,0.0
2058-12-10,30.9,17.4,0.0
2058-12-11,31.6,17.0,0.0
2058-12-12,31.6,17.8,0.0
2058-12-13,31.1,18.9,0.0
2058-12-14,31.6,18.6,0.0
2058-12-15,31.2,18.6,0.0
2058-12-16,31.2,18.6,0.0
2058-12-17,29.4,18.4,15.441276595744682
2058-12-18,29.3,19.6,4.082978723404253
2058-12-19,30.5,18.4,0.0
2058-12-20,30.2,19.4,6.5
2058-12-21,31.2,18.5,0.0
2058-12-22,28.9,20.666800562725804,1.4
2058-12-23,30.1,20.290774331121813,15.34851063829788
2058-12-24,27.7,20.0,4.9
2058-12-25,28.3,19.8,30.878510638297875
2058-12-26,25.2,19.56234462586003,19.157446808510645
2058-12-27,25.8,19.4,1.5
2058-12-28,29.0,19.4,1.1
2058-12-29,28.1,17.7,0.5
2058-12-30,26.0,19.6,0.0
2058-12-31,30.85587997847147,18.4,6.6
2059-01-01,29.9,19.2,0.0
2059-01-02,30.2,19.194905037931647,0.0
2059-01-03,30.8,17.7,0.0
2059-01-04,30.90746834794197,18.4,0.9
2059-01-05,32.2,19.4,1.3
2059-01-06,26.4,19.8,5.2
2059-01-07,27.7,19.3,19.0
2059-01-08,28.7,19.4,18.933333333333334
2059-01-09,28.8,18.4,0.8
2059-01-10,30.580203949488684,18.9,0.0
2059-01-11,30.0,18.4,0.0
2059-01-12,29.70158023814544,19.7,0.0
2059-01-13,30.9,20.472073966728082,0.0
2059-01-14,31.873185235932525,20.845654296875,0.0
2059-01-15,32.17865536875356,19.9,0.0
2059-01-16,32.13492917450991,19.902258149793507,5.4
2059-01-17,32.6,19.8,13.600000000000005
2059-01-18,28.7,19.8,5.8
2059-01-19,28.0,19.5,11.799999999999994
2059-01-20,29.9,18.4,0.0
2059-01-21,30.0,17.0,0.0
2059-01-22,30.716024861974372,17.2,0.0
2059-01-23,31.1,18.0,0.0
2059-01-24,31.1,17.90974269939923,0.0
2059-01-25,31.82022281087658,19.5,0.0
2059-01-26,32.6,19.9,0.0
2059-01-27,31.097112870982617,19.78186597241344,0.0
2059-01-28,31.6,19.5,8.55
2059-01-29,27.6,19.8,7.4
2059-01-30,29.5,19.6,5.4
2059-01-31,31.168898723587233,19.2,3.8
2059-02-01,29.4,19.18196740033147,3.0
2059-02-02,29.9,19.2,1.0
2059-02-03,30.0,19.2,1.0
2059-02-04,30.9,19.2,1.4
2059-02-05,31.0,19.2,6.391916859122404
2059-02-06,31.118911747940086,18.8,0.8
2059-02-07,32.492295994663344,16.6,0.0
2059-02-08,32.7,17.3,0.0
2059-02-09,32.814548912431775,16.9,0.0
2059-02-10,29.6,19.0,2.0
2059-02-11,31.0,19.2,5.3
2059-02-12,31.678368301896302,19.2,13.111547344110862
2059-02-13,26.7,19.1,5.4
2059-02-14,26.567351126265446,19.0,6.391916859122404
2059-02-15,27.7,19.0,0.0
2059-02-16,28.9,16.6,0.0
2059-02-17,30.3,15.5,0.0
2059-02-18,31.2,16.6,0.0
2059-02-19,30.265315852205006,19.1,0.0
2059-02-20,29.4,19.2,2.43741339491917
2059-02-21,29.2,18.881649377534195,1.1
2059-02-22,31.0,18.2,0.0
2059-02-23,32.0,19.4,0.0
2059-02-24,32.07507728855144,19.826193512646974,0.0
2059-02-25,30.9,19.2,0.0
2059-02-26,32.0,18.8,0.0
2059-02-27,34.30989793684715,17.6,0.0
2059-02-28,34.198712077557644,17.5,0.0
2059-03-01,33.2,18.8,18.4
2059-03-02,23.6,18.5,31.84894540942928
2059-03-03,24.42037914691943,18.6,4.6
2059-03-04,29.0,19.0,0.0
2059-03-05,31.8,19.8,3.1
2059-03-06,31.0,19.16435173156155,27.02039170506913
2059-03-07,27.2,19.0,10.56967741935484
2059-03-08,28.2,18.6,0.0
2059-03-09,28.4,17.5,0.0
2059-03-10,28.9,18.2,0.9
2059-03-11,28.2,18.7,0.0
2059-03-12,26.3,17.4,0.0
2059-03-13,26.2,17.3,0.6
2059-03-14,28.1,16.0,0.0
2059-03-15,29.5,15.7,0.0
2059-03-16,29.9,17.1,0.0
2059-03-17,29.9,19.1,0.0
2059-03-18,28.7,19.0,0.0
2059-03-19,28.0,17.7,0.0
2059-03-20,28.1,17.1,0.0
2059-03-21,27.9,16.4,0.0
2059-03-22,28.9,15.7,0.0
2059-03-23,25.544827586206896,17.0,0.0
2059-03-24,30.2,16.3,0.0
2059-03-25,32.23170731707317,18.7,0.0
2059-03-26,30.7,18.5,0.0
2059-03-27,32.0,18.8,0.0
2059-03-28,33.3,18.8,0.0
2059-03-29,32.55596499309074,19.9,0.0
2059-03-30,31.3,19.0,0.0
2059-03-31,32.0,18.9,0.0
2059-04-01,29.9,18.8,0.0
2059-04-02,28.6,16.9,0.0
2059-04-03,29.2,16.0,0.0
2059-04-04,31.0,15.5,0.0
2059-04-05,31.8,16.7,0.0
2059-04-06,31.7,18.1,0.0
2059-04-07,29.9,17.608396946564852,0.0
2059-04-08,29.4,16.5,0.0
2059-04-09,29.9,15.1,0.0
2059-04-10,30.4,13.8,0.0
2059-04-11,31.5,13.2,0.0
2059-04-12,32.2,14.5,0.0
2059-04-13,29.9,17.7,0.0
2059-04-14,28.5,19.2,0.0
2059-04-15,26.7,16.3,2.333333333333333
2059-04-16,21.306515580736544,16.1,16.62857142857143
2059-04-17,24.2,18.2,1.7
2059-04-18,27.3,18.4,0.0
2059-04-19,27.1,16.9,0.0
2059-04-20,27.0,15.2,0.0
2059-04-21,28.5,14.0,0.0
2059-04-22,28.2,15.5,0.0
2059-04-23,27.9,16.6,0.0
2059-04-24,28.670689655172414,15.5,0.0
2059-04-25,28.9,15.0,0.0
2059-04-26,30.3,13.9,0.0
2059-04-27,28.6,19.504244031830225,0.0
2059-04-28,24.771176470588234,18.1,10.68095238095238
2059-04-29,27.9,18.552835820895528,0.0
2059-04-30,28.679885057471267,17.43382045929018,0.0
2059-05-01,29.1,14.9,0.0
2059-05-02,28.88206282415108,12.9,0.0
2059-05-03,29.8,11.9,0.0
2059-05-04,27.6,13.1,0.0
2059-05-05,28.0,12.6,0.0
2059-05-06,28.8,12.7,0.0
2059-05-07,29.0,12.5,0.0
2059-05-08,29.2,12.2,0.0
2059-05-09,30.1,10.800629111350336,0.0
2059-05-10,29.9,12.1,0.0
2059-05-11,30.2,10.9,0.0
2059-05-12,30.4,12.6,0.0
2059-05-13,28.0,18.0,0.0
2059-05-14,29.9,17.331409117080085,0.0
2059-05-15,29.2,14.5,0.0
2059-05-16,26.7,19.614990234375,0.0
2059-05-17,26.0,17.9796960278168,0.0
2059-05-18,31.0,16.399479571301516,0.0
2059-05-19,30.700805463791234,18.362342946728035,0.0
2059-05-20,27.0,14.789608898457097,0.0
2059-05-21,26.812109795479014,11.9,0.0
2059-05-22,28.5,11.0,0.0
2059-05-23,28.5,10.9,0.0
2059-05-24,28.1,12.2,0.0
2059-05-25,28.9,11.3,0.0
2059-05-26,29.1,10.3,0.0
2059-05-27,27.9,12.2,0.0
2059-05-28,28.5,10.9,0.0
2059-05-29,30.273899327500025,9.9,0.0
2059-05-30,29.461456516090706,10.7,0.0
2059-05-31,26.5,10.8,0.0
2059-06-01,25.0,9.2,0.0
2059-06-02,25.5,6.9,0.0
2059-06-03,27.0,3.9,0.0
2059-06-04,25.0,13.2,0.0
2059-06-05,26.9,15.9,0.0
2059-06-06,28.2,14.235243501719664,0.0
2059-06-07,28.0,21.58369140625,0.0
2059-06-08,28.782410257736856,19.889111328125,0.0
2059-06-09,29.5,20.146435546875,0.0
2059-06-10,29.3,17.075529871874426,0.0
2059-06-11,27.8,15.9,0.0
2059-06-12,26.6,14.0,0.0
2059-06-13,26.5,11.8,0.0
2059-06-14,28.23381535038932,11.0,0.0
2059-06-15,30.392727156307842,11.8,0.0
2059-06-16,29.46095776521451,16.4,0.0
2059-06-17,25.6,14.610035681782067,0.0
2059-06-18,22.3,15.1,0.0
2059-06-19,25.4,13.7,0.0
2059-06-20,26.3,11.6,0.0
2059-06-21,26.6,12.0,0.0
2059-06-22,26.2,11.9,0.0
2059-06-23,25.7,11.4,0.0
2059-06-24,25.0,11.4,0.0
2059-06-25,24.4,10.8,0.0
2059-06-26,24.7,10.2,0.0
2059-06-27,25.9,10.4,0.0
2059-06-28,26.0,10.641166110493144,0.0
2059-06-29,23.9,11.5,0.0
2059-06-30,23.4,11.2,0.0
2059-07-01,22.0,10.7,0.0
2059-07-02,23.0,10.4,0.0
2059-07-03,24.0,10.9,0.0
2059-07-04,26.0,11.2,0.0
2059-07-05,27.7,11.7,0.0
2059-07-06,28.936836484122704,12.9,0.0
2059-07-07,26.0,14.2,0.0
2059-07-08,21.6,11.5,0.0
2059-07-09,21.3,8.581739688065404,0.0
2059-07-10,23.0,6.7,0.0
2059-07-11,25.22013208041194,6.7,0.0
2059-07-12,23.0,11.5,0.0
2059-07-13,22.0,10.2,0.0
2059-07-14,22.5,9.4,0.0
2059-07-15,23.0,8.0,0.0
2059-07-16,24.4,8.0,0.0
2059-07-17,25.0,8.9,0.0
2059-07-18,26.9,9.2,0.0
2059-07-19,28.2,11.4,0.0
2059-07-20,29.2,14.2,0.0
2059-07-21,29.009514234019637,14.136926050673036,0.0
2059-07-22,28.2,12.443451740222457,0.0
2059-07-23,26.374665213187125,13.753466956856515,0.0
2059-07-24,24.8,13.4,0.0
2059-07-25,23.2,11.0,0.0
2059-07-26,22.5,9.6,0.0
2059-07-27,23.1,8.5,0.0
2059-07-28,23.9,8.6,0.0
2059-07-29,25.9,10.4,0.0
2059-07-30,26.9,12.0,0.0
2059-07-31,27.4,13.0,0.0
2059-08-01,26.0,13.2,0.0
2059-08-02,26.1,12.6,0.0
2059-08-03,27.0,9.9,0.0
2059-08-04,27.0,10.9,0.0
2059-08-05,24.6,12.693347685683529,0.0
2059-08-06,24.2,10.9,0.0
2059-08-07,24.6,9.7,0.0
2059-08-08,27.7,10.6,0.0
2059-08-09,29.3,10.7,0.0
2059-08-10,30.2,10.3,0.0
2059-08-11,27.7,14.5,0.0
2059-08-12,28.0,11.9,0.0
2059-08-13,29.2,11.1,0.0
2059-08-14,28.5,14.1,0.0
2059-08-15,28.6,13.7,0.0
2059-08-16,29.0,14.2,0.0
2059-08-17,26.0,15.3,0.0
2059-08-18,24.6,13.0,0.0
2059-08-19,25.7,12.453828893706696,0.0
2059-08-20,26.7,11.5,0.0
2059-08-21,25.9,12.0,0.0
2059-08-22,25.5,11.6,0.0
2059-08-23,26.7,11.0,0.0
2059-08-24,26.7,12.0,0.0
2059-08-25,26.7,12.8,0.0
2059-08-26,27.0,12.5,0.0
2059-08-27,27.7,13.4,0.0
2059-08-28,29.0,13.9,0.0
2059-08-29,32.5,15.4,0.0
2059-08-30,38.828369140625,17.0,0.0
2059-08-31,37.611572265625,26.651611328125,0.0
2059-09-01,34.1,22.81603302992329,0.0
2059-09-02,31.7,20.272061274536803,0.0
2059-09-03,31.2,18.7,0.0
2059-09-04,28.2,18.2,0.0
2059-09-05,27.545293645541463,15.004771683637095,0.0
2059-09-06,30.0,15.2,0.0
2059-09-07,32.3,16.9,0.0
2059-09-08,34.6,18.1,0.0
2059-09-09,34.2,19.7,0.0
2059-09-10,33.4,19.6,0.0
2059-09-11,33.5,19.3,0.0
2059-09-12,33.1,19.7,0.0
2059-09-13,32.8,19.0,0.0
2059-09-14,36.042511335790024,18.3,0.0
2059-09-15,36.137847270148775,21.36931817245499,0.0
2059-09-16,33.4,19.5,0.0
2059-09-17,32.0,19.232413553889035,0.0
2059-09-18,33.2,18.7,0.0
2059-09-19,34.77051033715623,18.9,0.0
2059-09-20,35.37755188980665,19.5,0.0
2059-09-21,35.1,18.8,0.0
2059-09-22,35.634690440877876,19.3,0.0
2059-09-23,35.7029117319898,20.0,0.0
2059-09-24,34.4,23.34033203125,0.0
2059-09-25,31.2,20.5,0.0
2059-09-26,29.7,18.8,0.0
2059-09-27,29.9,17.7,0.0
2059-09-28,30.3,16.3,0.0
2059-09-29,30.6,14.711299293121389,0.0
2059-09-30,30.3,14.5,0.0
2059-10-01,30.1,15.6,0.0
2059-10-02,31.5,15.8,0.0
2059-10-03,34.1,18.2,0.0
2059-10-04,36.0,20.4,0.0
2059-10-05,36.9,21.6,0.0
2059-10-06,37.59546201348364,21.5,0.0
2059-10-07,38.0,22.133749621160643,0.0
2059-10-08,38.0,23.631094123442338,0.0
2059-10-09,34.8,21.56788797042874,0.0
2059-10-10,33.1,20.0,0.0
2059-10-11,33.1,19.0,0.0
2059-10-12,33.9,18.72671689989234,0.0
2059-10-13,35.0,18.74814526822163,0.0
2059-10-14,36.73930802817754,19.5,0.0
2059-10-15,38.0,20.6,0.0
2059-10-16,38.558935546875,21.926252327252048,0.0
2059-10-17,38.24919481889659,22.145528650704893,0.0
2059-10-18,38.0,22.124795999861092,0.0
2059-10-19,36.90063240043057,21.6,0.0
2059-10-20,36.3,20.7,0.0
2059-10-21,36.7,19.6,0.0
2059-10-22,37.76812965859005,19.0,0.0
2059-10-23,38.10439359113926,20.4,0.0
2059-10-24,38.2463694290867,21.0,0.0
2059-10-25,38.11322293429519,21.4,0.0
2059-10-26,38.0,22.0,0.0
2059-10-27,38.0,23.0,0.0
2059-10-28,37.2,24.141796875,0.0
2059-10-29,35.7,19.0,5.072000000000001
2059-10-30,29.9,18.134897739504837,85.9
2059-10-31,26.6,17.9,26.05200000000002
2059-11-01,28.0,18.3,0.0
2059-11-02,31.0,18.8,0.0
2059-11-03,31.58898366965339,19.5,0.0
2059-11-04,32.3,18.9,0.0
2059-11-05,34.0,19.2,0.0
2059-11-06,36.0,20.5,0.0
2059-11-07,35.6,21.9,0.0
2059-11-08,36.5,22.848891698631412,0.0
2059-11-09,37.09011435963945,22.999991183351273,0.0
2059-11-10,38.508686964225035,24.4615234375,0.0
2059-11-11,40.012451171875,23.3,0.0
2059-11-12,34.4,20.18462665748539,1.9948818897637801
2059-11-13,31.5,19.9,11.654149000605692
2059-11-14,30.1,19.9,1.4
2059-11-15,32.3,19.5,0.0
2059-11-16,32.7,19.0,0.0
2059-11-17,32.4,19.3,1.7
2059-11-18,30.7,19.2,26.88188976377953
2059-11-19,31.0,19.5,1.4
2059-11-20,28.005801114460773,19.6,22.5
2059-11-21,28.9,19.7,17.07952755905512
2059-11-22,32.1,19.2,0.0
2059-11-23,31.233926585094544,19.7,0.0
2059-11-24,31.1,18.5,0.0
2059-11-25,31.0,17.592196289528047,0.0
2059-11-26,31.0,17.5,0.0
2059-11-27,32.5,16.287331746017156,0.0
2059-11-28,33.7,17.1,0.0
2059-11-29,36.0,18.9,0.0
2059-11-30,31.9,20.0,0.0
2059-12-01,32.631196773804476,20.7828814385744,0.0
2059-12-02,31.0,19.98505990785439,3.9393617021276617
2059-12-03,25.3,19.4,0.0
2059-12-04,29.8,18.5,0.0
2059-12-05,31.02240312163616,17.8,0.0
2059-12-06,32.1,17.9,0.0
2059-12-07,33.7,18.1,0.0
2059-12-08,33.7,17.2,0.0
2059-12-09,30.7,20.090956566708645,27.197106382978717
2059-12-10,31.6,20.0,7.155531914893616
2059-12-11,29.9,19.9,13.571063829787237
2059-12-12,25.0,19.8,6.5
2059-12-13,26.4,19.53754513191517,0.0
2059-12-14,30.4,19.4,2.833617021276596
2059-12-15,31.82147841579748,19.8,9.8
2059-12-16,32.0,19.2,0.0
2059-12-17,32.1,18.4,0.0
2059-12-18,32.4,22.334988696325418,0.0
2059-12-19,32.57496415690972,21.011873159931895,0.5
2059-12-20,32.0,19.9,30.388936170212766
2059-12-21,28.4,19.9,30.025659574468087
2059-12-22,26.7,19.7,10.314574468085109
2059-12-23,29.4,19.542230378328206,8.9
2059-12-24,30.3,19.8,6.2
2059-12-25,26.4,19.9,9.8
2059-12-26,27.0,20.0,42.65478723404254
2059-12-27,26.5,20.0,30.978723404255323
2059-12-28,27.9,20.0,16.952765957446818
2059-12-29,27.5,20.110657721224865,27.319148936170212
2059-12-30,26.7,20.0,7.0
2059-12-31,27.5,19.5,1.1
2060-01-01,29.5,18.5,0.0
2060-01-02,30.0,17.4,0.0
2060-01-03,30.4,18.4,0.3
2060-01-04,31.122361825321228,19.1,0.3
2060-01-05,28.4,19.6,3.6
2060-01-06,30.0,19.6,43.75
2060-01-07,29.2,19.2,2.1
2060-01-08,30.2,18.4,0.0
2060-01-09,30.97464343379978,17.9,0.0
2060-01-10,32.17865536875356,19.9,43.47727272727273
2060-01-11,28.6,19.6,39.91428571428572
2060-01-12,29.9,19.6,6.466666666666666
2060-01-13,28.6,19.3,14.9
2060-01-14,27.7,19.6,28.083333333333332
2060-01-15,27.2,19.4,40.96923076923077
2060-01-16,31.1,18.9,1.2
2060-01-17,29.52325146770391,19.3,1.7
2060-01-18,30.1,18.8,0.0
2060-01-19,31.112981160611277,18.4,2.7
2060-01-20,28.7,19.5,1.1
2060-01-21,29.5,18.9,0.7
2060-01-22,29.9,19.3,1.8
2060-01-23,30.6,19.9,2.5
2060-01-24,29.6,19.1,3.7
2060-01-25,30.3,19.6,26.0
2060-01-26,27.4,19.2,23.6
2060-01-27,25.63989177135349,19.1,7.0
2060-01-28,30.57702946414947,18.9,1.4
2060-01-29,29.3,17.2,1.0
2060-01-30,30.17727790037791,16.5,0.0
2060-01-31,31.825333345813636,17.7,0.0
2060-02-01,32.750943786334545,17.9,1.4
2060-02-02,32.8,17.9,2.3
2060-02-03,30.6,19.381705906076164,17.387713625866052
2060-02-04,30.9,19.35428721533247,3.0
2060-02-05,30.4,19.0,27.26812933025405
2060-02-06,27.74842858039019,19.0,10.104849884526557
2060-02-07,29.0,18.8,0.0
2060-02-08,30.1,18.0,0.0
2060-02-09,30.5,18.5,0.0
2060-02-10,29.9,19.0,0.0
2060-02-11,29.0,18.1,0.0
2060-02-12,30.141597139451733,16.7,0.0
2060-02-13,31.798933885523134,16.7,0.0
2060-02-14,32.8,17.8,0.0
2060-02-15,32.7,19.546843598923832,0.0
2060-02-16,31.6,19.2,0.0
2060-02-17,30.6,19.0,0.0
2060-02-18,30.484028605482713,19.2,0.0
2060-02-19,32.9,18.8,0.0
2060-02-20,32.9,19.644186232357185,3.6
2060-02-21,31.4,19.54959689968946,2.0
2060-02-22,31.0,19.446886471911018,12.4
2060-02-23,29.6,19.0,15.6
2060-02-24,27.6,19.0,29.4
2060-02-25,26.7,19.2,42.22147806004619
2060-02-26,25.2,18.9,0.0
2060-02-27,27.0,19.0,18.4
2060-02-28,27.1,18.9,43.40103926096998
2060-03-01,28.5,18.7,27.079262672811062
2060-03-02,27.0,19.0,26.09981024667932
2060-03-03,30.1,19.2,14.878908188585608
2060-03-04,29.8,19.2,25.44569892473118
2060-03-05,30.245957446808507,19.0,26.232637571157504
2060-03-06,28.3,18.7,19.194721407624638
2060-03-07,29.784,17.7,1.0209677419354835
2060-03-08,30.161971830985916,18.6,0.0
2060-03-09,29.6,18.7,1.9548387096774191
2060-03-10,27.736363636363638,18.2,4.335483870967742
2060-03-11,28.2,18.7,0.0
2060-03-12,26.8,18.5,1.6
2060-03-13,28.0,18.8,31.812717121588094
2060-03-14,29.9,17.7,0.0
2060-03-15,31.1,18.3,0.0
2060-03-16,31.1,19.3,4.9
2060-03-17,26.6,19.0,15.9
2060-03-18,28.8,18.2,0.0
2060-03-19,24.2,17.6,62.12124582869858
2060-03-20,24.4,18.3,90.1
2060-03-21,24.0,18.6,36.613709677419344
2060-03-22,26.276470588235295,18.7,0.0
2060-03-23,26.7,18.3,0.0
2060-03-24,29.9,17.9,4.9
2060-03-25,26.5,19.2,5.845161290322583
2060-03-26,26.5,19.0,0.0
2060-03-27,26.9,17.1,0.0
2060-03-28,25.6,17.2,0.0
2060-03-29,25.4,17.1,0.0
2060-03-30,25.289468267581473,15.0,0.0
2060-03-31,26.5,12.254521296308265,0.0
2060-04-01,26.8,11.3,0.0
2060-04-02,27.2,13.625641025641023,0.0
2060-04-03,28.1,13.7,0.0
2060-04-04,28.9,13.4,0.0
2060-04-05,28.628735632183908,13.2,0.0
2060-04-06,27.1,16.5,0.0
2060-04-07,26.173809523809524,18.2,0.0
2060-04-08,28.143181818181823,16.7,0.0
2060-04-09,27.0,17.0,0.8
2060-04-10,22.537037037037038,17.0,9.4
2060-04-11,26.8,18.3,9.833333333333334
2060-04-12,25.5,18.4,0.0
2060-04-13,26.3,17.3,0.0
2060-04-14,27.5,17.5,0.0
2060-04-15,29.2,15.7,0.0
2060-04-16,29.9,15.0,0.0
2060-04-17,30.4,15.2,0.0
2060-04-18,28.6,15.001980198019806,0.0
2060-04-19,25.0,16.7,6.35
2060-04-20,25.117894736842107,18.4,0.0
2060-04-21,26.8,16.0,0.0
2060-04-22,26.7,15.0,0.0
2060-04-23,21.9,14.9,0.0
2060-04-24,26.2,13.52482100238664,0.0
2060-04-25,28.4,11.9,0.0
2060-04-26,30.0,12.4,0.0
2060-04-27,30.3,14.3,0.0
2060-04-28,26.9,16.2,0.0
2060-04-29,26.5,14.9,0.0
2060-04-30,26.7,13.5,0.0
2060-05-01,26.5,12.0,0.0
2060-05-02,25.22218940095626,14.9,0.0
2060-05-03,24.6,10.2,0.0
2060-05-04,25.2,7.4,0.0
2060-05-05,26.2,6.5,0.0
2060-05-06,24.8,9.2,0.0
2060-05-07,24.88301473590438,10.2,0.0
2060-05-08,26.008151648391742,12.2,0.0
2060-05-09,26.6,10.5,0.0
2060-05-10,27.2,10.9,0.0
2060-05-11,29.3,10.9,0.0
2060-05-12,30.275830500165196,10.2,0.0
2060-05-13,28.9,9.6,0.0
2060-05-14,24.9,10.835380935294864,0.0
2060-05-15,25.1,10.2,0.0
2060-05-16,26.2,11.9,0.0
2060-05-17,27.0,10.9,0.0
2060-05-18,26.7,12.5,0.0
2060-05-19,25.6,13.674938263787741,0.0
2060-05-20,25.2,12.9,0.0
2060-05-21,27.2,14.1,0.0
2060-05-22,27.8,15.2,0.0
2060-05-23,29.1,13.0,0.0
2060-05-24,29.5,13.1,0.0
2060-05-25,28.5,13.640441967960477,0.0
2060-05-26,26.0,12.5,0.0
2060-05-27,26.4,12.9,0.0
2060-05-28,26.7,12.0,0.0
2060-05-29,22.9,15.0,0.0
2060-05-30,23.5,9.6,0.0
2060-05-31,23.9,7.0,0.0
2060-06-01,23.6,3.9,0.0
2060-06-02,22.6,8.3,0.0
2060-06-03,23.0,7.2,0.0
2060-06-04,24.0,6.5,0.0
2060-06-05,23.5,13.2,0.0
2060-06-06,25.4,13.225792459826087,0.0
2060-06-07,26.6,14.0,0.0
2060-06-08,27.6,14.1,0.0
2060-06-09,26.9,14.0,0.0
2060-06-10,23.9,13.0,0.0
2060-06-11,24.3,11.329359418962252,0.0
2060-06-12,25.235523655643338,11.0,0.0
2060-06-13,25.6,12.1,0.0
2060-06-14,27.4,13.0,0.0
2060-06-15,29.0,13.2,0.0
2060-06-16,28.6,13.0,0.0
2060-06-17,25.7,14.1,0.0
2060-06-18,25.7,11.9,0.0
2060-06-19,25.0,13.190989988876535,0.0
2060-06-20,22.5,12.0,0.0
2060-06-21,23.5,9.6,0.0
2060-06-22,25.9,5.4,0.0
2060-06-23,28.0,9.0,0.0
2060-06-24,28.0,10.5,0.0
2060-06-25,25.4,11.63300935465636,0.0
2060-06-26,25.2,10.6,0.0
2060-06-27,23.2,11.4,0.0
2060-06-28,22.7,10.5,0.0
2060-06-29,22.1,8.0,0.0
2060-06-30,22.9,6.9,0.0
2060-07-01,22.5,7.49640273362205,0.0
2060-07-02,24.4,6.8535482685289715,0.0
2060-07-03,23.7,9.6,0.0
2060-07-04,22.3,10.0,0.0
2060-07-05,22.72457327387359,10.0,0.0
2060-07-06,24.0,8.7,0.0
2060-07-07,25.2,8.0,0.0
2060-07-08,26.394437704110487,8.9,0.0
2060-07-09,27.2,8.0,0.0
2060-07-10,25.3,7.7,0.0
2060-07-11,16.0,12.4,0.0
2060-07-12,20.3,10.635153006304774,0.0
2060-07-13,25.2,8.3,0.0
2060-07-14,26.7,9.8,0.0
2060-07-15,27.7,8.171080014352347,0.0
2060-07-16,27.5,7.7,0.0
2060-07-17,25.3,9.3,0.0
2060-07-18,21.2,10.5,0.0
2060-07-19,18.7686329386437,7.0,0.0
2060-07-20,19.0,6.5,0.0
2060-07-21,22.0,4.4,0.0
2060-07-22,24.0,3.3901824404515466,0.0
2060-07-23,24.0,6.0,0.0
2060-07-24,22.3,9.4,0.0
2060-07-25,21.9,9.0,0.0
2060-07-26,22.0,8.9,0.0
2060-07-27,22.6,7.8,0.0
2060-07-28,24.4,7.9,0.0
2060-07-29,26.0,8.0,0.0
2060-07-30,26.831728740581262,9.2,0.0
2060-07-31,27.2,10.5,0.0
2060-08-01,26.9,11.3,0.0
2060-08-02,27.8,13.5,0.0
2060-08-03,28.5,14.4,0.0
2060-08-04,28.7,14.9,0.0
2060-08-05,26.9,15.9,0.0
2060-08-06,25.4,13.6,0.0
2060-08-07,25.5,11.8,0.0
2060-08-08,25.2,10.382115946486236,0.0
2060-08-09,25.7,10.395061894510222,0.0
2060-08-10,30.0,11.9,0.0
2060-08-11,34.5512542940308,13.9,0.0
2060-08-12,26.9,11.0,0.0
2060-08-13,26.4,9.6,0.0
2060-08-14,24.2,14.0,0.0
2060-08-15,22.454184607104413,13.1,0.0
2060-08-16,24.5,12.5,0.0
2060-08-17,25.8,11.8,0.0
2060-08-18,28.35550393745396,12.5,0.0
2060-08-19,28.7,14.6,0.0
2060-08-20,25.9,15.2,0.0
2060-08-21,25.5,13.2,0.0
2060-08-22,25.5,12.9,0.0
2060-08-23,25.7,12.0,0.0
2060-08-24,26.7,11.7,0.0
2060-08-25,29.46658892476976,13.0,0.0
2060-08-26,31.6,14.6,0.0
2060-08-27,38.3037109375,17.0,0.0
2060-08-28,38.72314453125,22.616383755710505,0.0
2060-08-29,39.193603515625,27.576904296875,0.0
2060-08-30,38.83740234375,28.467041015625,0.0
2060-08-31,38.460693359375,28.306640625,0.0
2060-09-01,34.4,20.5,0.0
2060-09-02,33.7,20.0,0.0
2060-09-03,32.1,19.7,0.0
2060-09-04,27.6,17.468353726362622,0.0
2060-09-05,28.9,14.5,0.0
2060-09-06,30.0,14.9,0.0
2060-09-07,31.3,16.4,0.0
2060-09-08,31.7,16.4,0.0
2060-09-09,33.2,16.7,0.0
2060-09-10,36.157432088641336,18.747307264481908,0.0
2060-09-11,32.0,18.9,0.0
2060-09-12,30.0,15.7,0.0
2060-09-13,32.0,16.68129621147681,0.0
2060-09-14,34.0,18.2,0.0
2060-09-15,35.4,19.6,0.0
2060-09-16,36.14233190974562,20.2,0.0
2060-09-17,33.8,20.6,0.0
2060-09-18,31.5,19.6,0.0
2060-09-19,29.9,18.3,0.0
2060-09-20,29.9,16.8,0.0
2060-09-21,31.1,16.3,0.0
2060-09-22,35.6,17.8,0.0
2060-09-23,36.132908489833255,20.6,0.0
2060-09-24,32.9,19.3,0.0
2060-09-25,27.67081876688384,18.6,0.0
2060-09-26,31.0,16.4,0.0
2060-09-27,33.2,19.0,0.0
2060-09-28,28.8,17.5,0.0
2060-09-29,27.7,14.2,0.0
2060-09-30,28.977372020921592,14.1,0.0
2060-10-01,31.7,13.9,0.0
2060-10-02,33.8,14.1,0.0
2060-10-03,35.6,16.7,0.0
2060-10-04,37.2,18.6,0.0
2060-10-05,36.45473504301596,20.176408690494483,0.0
2060-10-06,32.8,19.9,0.0
2060-10-07,33.1,18.3,0.0
2060-10-08,35.1741503921267,18.0,0.0
2060-10-09,38.0,18.6,0.0
2060-10-10,36.0,21.6,0.0
2060-10-11,35.1,20.3,0.0
2060-10-12,35.6,19.7,0.0
2060-10-13,38.0,19.4,0.0
2060-10-14,38.750830078125,19.6,0.0
2060-10-15,38.3150028565522,21.5,0.0
2060-10-16,38.11016209533446,20.9,0.0
2060-10-17,38.70126953125,21.0,0.0
2060-10-18,39.31015625,19.6,0.0
2060-10-19,35.8,21.2,0.0
2060-10-20,36.64539426342112,19.2,5.168000000000001
2060-10-21,26.3,19.1,0.0
2060-10-22,27.7,17.5,0.0
2060-10-23,17.25751953125,16.9,0.0
2060-10-24,28.6,17.0,0.0
2060-10-25,31.6,17.9,0.0
2060-10-26,33.5,18.2,0.0
2060-10-27,33.0,19.7,2.7480000000000007
2060-10-28,34.6,18.3744406018826,0.0
2060-10-29,31.2,20.1,6.716000000000004
2060-10-30,33.1,18.951797631862213,0.0
2060-10-31,33.1,17.6,0.0
2060-11-01,32.9,21.5,0.0
2060-11-02,35.6,20.1,0.0
2060-11-03,40.054443359375,21.2,0.0
2060-11-04,41.38330078125,21.64086625708316,0.0
2060-11-05,41.228759765625,21.9,0.0
2060-11-06,40.493896484375,22.9,0.0
2060-11-07,40.819580078125,23.12869404443376,0.0
2060-11-08,41.54345703125,25.2828125,0.0
2060-11-09,40.9228515625,25.138037109375,0.0
2060-11-10,38.132107087271486,23.066196507965138,0.0
2060-11-11,39.644287109375,23.132897914599805,0.0
2060-11-12,40.31396484375,23.46565296171145,0.0
2060-11-13,39.865966796875,24.8580078125,0.0
2060-11-14,40.3251953125,23.622174416950582,0.0
2060-11-15,36.5,20.72743434734246,4.641732283464568
2060-11-16,28.0,19.0,40.73937007874015
2060-11-17,27.1,18.440162402669625,1.0
2060-11-18,28.0,18.9,0.0
2060-11-19,31.0,18.5,0.0
2060-11-20,32.2,19.5,0.0
2060-11-21,33.64395456230829,19.4,0.0
2060-11-22,33.4,22.3,0.0
2060-11-23,32.2,19.9,0.0
2060-11-24,32.4,18.757299438400388,0.0
2060-11-25,32.5,19.5,0.0
2060-11-26,29.732564974870698,19.8,0.0
2060-11-27,32.0,18.79119015105613,0.0
2060-11-28,34.56010134717587,17.2,0.0
2060-11-29,35.4,17.0,0.0
2060-11-30,36.76406658739595,18.0,0.0
2060-12-01,35.35625,20.3,0.0
2060-12-02,36.186572265625,23.105316162109375,0.0
2060-12-03,37.096240234375,25.809661865234375,0.0
2060-12-04,36.265185546875,22.623907163628708,0.0
2060-12-05,34.1172549128495,21.481019613939768,9.523404255319152
2060-12-06,26.0,19.9,98.65532202415166
2060-12-07,25.6,19.9,73.58178888659373
2060-12-08,23.9,18.49756867377298,114.9
2060-12-09,23.2,17.6,102.49049166187447
2060-12-10,23.0,17.4,108.24324611845915
2060-12-11,26.5,17.0,0.0
2060-12-12,24.8,16.7,0.0
2060-12-13,25.2,17.6,0.0
2060-12-14,27.0,17.4,0.0
2060-12-15,28.0,17.4,0.0
2060-12-16,29.0,17.2,0.0
2060-12-17,30.0,18.1,0.0
2060-12-18,30.1,17.8,0.0
2060-12-19,24.0,18.0,1.5
2060-12-20,25.0,19.5,9.862553191489365
2060-12-21,25.030487091537765,19.8,30.338829787234044
2060-12-22,27.1,19.768794402583435,48.02710638297874
2060-12-23,27.5,19.8,24.922851063829782
2060-12-24,29.2,19.6,30.338829787234044
2060-12-25,30.9,19.4,0.0
2060-12-26,31.827914702498045,19.8,0.0
2060-12-27,29.7,20.09467386898977,6.9
2060-12-28,30.0,20.0,32.83349544072949
2060-12-29,27.1,19.8,18.928404255319155
2060-12-30,28.0,18.8,0.1
2060-12-31,26.4,17.4,0.0
2061-01-01,27.6,17.2,0.0
2061-01-02,28.6,16.4,0.0
2061-01-03,28.394956828435976,18.7,0.0
2061-01-04,30.2,18.7,0.0
2061-01-05,31.2,19.4,0.0
2061-01-06,30.9,19.6,0.0
2061-01-07,30.3,19.4,0.0
2061-01-08,30.0,18.4,0.0
2061-01-09,30.5,19.5,0.0
2061-01-10,29.5,18.7,0.0
2061-01-11,29.0,17.9,0.0
2061-01-12,27.8,18.0,0.0
2061-01-13,29.4,16.9,0.0
2061-01-14,30.4,16.9,0.0
2061-01-15,30.4,19.3,1.4
2061-01-16,31.8,18.8,0.0
2061-01-17,33.08279474166545,18.0,0.0
2061-01-18,34.13813149674407,17.98994110285555,0.0
2061-01-19,32.2,19.9,0.0
2061-01-20,30.9,18.9,0.0
2061-01-21,31.7,17.0,0.0
2061-01-22,31.268068291752392,18.6,0.0
2061-01-23,32.18160541184346,19.6,0.0
2061-01-24,36.904736328125,17.2,0.0
2061-01-25,32.6,19.0,1.7
2061-01-26,32.0,19.6,3.4
2061-01-27,27.6,19.3,5.6
2061-01-28,27.7,19.3,0.0
2061-01-29,29.5,18.0,0.0
2061-01-30,31.2,17.396202804158545,0.0
2061-01-31,31.856016585528085,18.5,0.0
2061-02-01,32.090012288212954,18.5,0.0
2061-02-02,32.996814755746335,18.6,0.0
2061-02-03,36.35081787109375,19.1,0.0
2061-02-04,34.30712683249863,19.2,1.6
2061-02-05,31.668567014145072,19.02037951453927,4.8
2061-02-06,31.8,18.9,2.8
2061-02-07,32.00083475282695,19.2,0.0
2061-02-08,32.71875301546101,19.0,0.0
2061-02-09,32.8,19.162219671545795,0.0
2061-02-10,36.04710693359375,19.0,0.0
2061-02-11,34.401784130056534,19.2,0.0
2061-02-12,31.0,19.7,5.222863741339491
2061-02-13,31.16681245789501,19.0,2.7
2061-02-14,32.9,19.178538154015403,6.4
2061-02-15,30.537056238437522,19.0,21.204157043879913
2061-02-16,26.9,19.0,10.2
2061-02-17,25.5,19.0,13.111547344110862
2061-02-18,25.8,19.0,11.11224018475751
2061-02-19,28.5,19.2,3.7295612009237886
2061-02-20,29.8,19.0,9.4
2061-02-21,30.1,18.7,3.52147806004619
2061-02-22,29.2,19.0,15.386789838337188
2061-02-23,29.9,18.9,29.4
2061-02-24,28.8,18.9,2.0
2061-02-25,25.2,18.954200443606013,5.222863741339491
2061-02-26,25.8,19.1,13.944110854503464
2061-02-27,27.2,19.082805212840967,47.05658198614321
2061-02-28,29.0,19.0,15.6
2061-03-01,28.7,19.437851769062004,9.928225806451612
2061-03-02,30.52673267326733,19.3,5.132258064516125
2061-03-03,29.9,19.197193868082095,27.59193548387097
2061-03-04,25.4,19.0,14.569032258064514
2061-03-05,27.0,19.0,13.212903225806459
2061-03-06,28.2,19.0,6.950000000000002
2061-03-07,28.2,19.0,22.291439205955353
2061-03-08,29.1,18.6,40.54039589442816
2061-03-09,27.9,19.0,21.758064516129036
2061-03-10,26.2,19.0,17.68145161290323
2061-03-11,28.5,19.2,5.132258064516125
2061-03-12,28.0,17.8,0.0
2061-03-13,29.9,17.1,0.0
2061-03-14,29.7,17.6,0.0
2061-03-15,25.51896551724138,18.8,0.8
2061-03-16,28.0,18.7,0.0
2061-03-17,29.0,17.6,0.0
2061-03-18,27.9,16.3,0.0
2061-03-19,26.3,16.0,0.0
2061-03-20,27.0,18.5,0.8
2061-03-21,27.0,18.5,1.8
2061-03-22,26.7,17.8,2.2
2061-03-23,28.9,17.7,0.0
2061-03-24,28.9,17.6,0.0
2061-03-25,27.5,19.0,0.0
2061-03-26,27.0,18.7,0.0
2061-03-27,27.0,18.3,0.0
2061-03-28,27.3,16.0,0.0
2061-03-29,28.8,14.6,0.0
2061-03-30,28.9,17.2,0.0
2061-03-31,28.366666666666664,18.8,0.0
2061-04-01,27.7,19.07863247863247,0.0
2061-04-02,28.0,19.0,0.0
2061-04-03,27.6,18.7,0.0
2061-04-04,28.5,16.6,0.0
2061-04-05,27.6,14.8,0.0
2061-04-06,26.8,13.7,0.0
2061-04-07,26.8,16.2,0.0
2061-04-08,28.4,14.3,0.0
2061-04-09,28.163636363636368,13.128648648648657,0.0
2061-04-10,28.6,12.087272727272728,0.0
2061-04-11,29.6,9.3,0.0
2061-04-12,31.198581560283692,11.0,0.0
2061-04-13,31.1,13.9,0.0
2061-04-14,28.9,15.9,0.0
2061-04-15,28.7,15.1,0.0
2061-04-16,25.8,15.8,0.0
2061-04-17,29.9,16.7,0.0
2061-04-18,28.6,17.26355140186915,0.0
2061-04-19,29.7,16.9,0.0
2061-04-20,29.4,16.2,0.0
2061-04-21,28.6,15.2,0.0
2061-04-22,29.4,14.107843137254902,0.0
2061-04-23,30.4,13.9,0.0
2061-04-24,26.9,18.4,0.0
2061-04-25,29.9,17.3,0.0
2061-04-26,31.0,16.2,0.0
2061-04-27,28.6,15.8,0.0
2061-04-28,28.674137931034487,14.7,0.0
2061-04-29,29.0,12.5,0.0
2061-04-30,29.2,12.2,0.0
2061-05-01,30.0,13.0,0.0
2061-05-02,28.5,14.0,0.0
2061-05-03,28.5,12.4,0.0
2061-05-04,29.9,12.0,0.0
2061-05-05,30.0,12.5,0.0
2061-05-06,28.628269180802494,14.0,0.0
2061-05-07,29.2,15.0,0.0
2061-05-08,29.6,13.1,0.0
2061-05-09,29.1,12.6,0.0
2061-05-10,29.2,11.2,0.0
2061-05-11,30.0,12.6,0.0
2061-05-12,30.4,15.9,0.0
2061-05-13,31.0,17.764573787934708,0.0
2061-05-14,33.55221495404474,20.809814453125,0.0
2061-05-15,35.21162109375,17.072467652292318,0.0
2061-05-16,35.585888671875,14.9,0.0
2061-05-17,34.23408203125,13.6,0.0
2061-05-18,30.404629806155263,18.0,0.0
2061-05-19,29.5,15.6,0.0
2061-05-20,27.9,13.2,0.0
2061-05-21,29.1,12.035844994617861,0.0
2061-05-22,30.1,13.7,0.0
2061-05-23,30.425091290919582,17.9,0.0
2061-05-24,30.4,20.466796875,0.0
2061-05-25,31.544564047362744,19.6650390625,0.0
2061-05-26,31.0641707405169,21.012451171875,0.0
2061-05-27,27.2,15.2,0.0
2061-05-28,25.7,12.5,0.0
2061-05-29,27.0,9.975638101840872,0.0
2061-05-30,28.6,11.0,0.0
2061-05-31,29.7,12.4,0.0
2061-06-01,27.9,13.0,0.0
2061-06-02,25.7,13.020011123470526,0.0
2061-06-03,26.6,11.4,0.0
2061-06-04,28.2,11.8,0.0
2061-06-05,27.29415516329619,12.5,0.0
2061-06-06,27.8,12.3,0.0
2061-06-07,29.241456864422187,13.0,0.0
2061-06-08,26.0,13.7,0.0
2061-06-09,25.8,11.646286402013168,0.0
2061-06-10,26.7,10.257621824473887,0.0
2061-06-11,26.3,10.4,0.0
2061-06-12,25.2,11.2,0.0
2061-06-13,25.0,11.4,0.0
2061-06-14,25.6,11.5,0.0
2061-06-15,26.2,10.654664441972566,0.0
2061-06-16,27.0,10.4,0.0
2061-06-17,27.5,11.397380422691892,0.0
2061-06-18,27.3,12.0,0.0
2061-06-19,27.6,12.6,0.0
2061-06-20,27.8,13.0,0.0
2061-06-21,29.0,13.2,0.0
2061-06-22,29.2,14.170853546610731,0.0
2061-06-23,27.5,14.2,0.0
2061-06-24,25.7,16.652482055204267,0.0
2061-06-25,29.260791317488675,14.7,0.0
2061-06-26,29.5,13.283521173071417,0.0
2061-06-27,26.2,15.224404894327035,0.0
2061-06-28,25.2,13.3,0.0
2061-06-29,25.3,11.6,0.0
2061-06-30,26.1,11.2,0.0
2061-07-01,25.2,12.1538052813595,0.0
2061-07-02,25.3,11.2,0.0
2061-07-03,25.7,9.0,0.0
2061-07-04,26.376642462279467,8.9,0.0
2061-07-05,26.7,9.0,0.0
2061-07-06,27.5,9.0,0.0
2061-07-07,26.0,12.0,0.0
2061-07-08,24.7,11.1,0.0
2061-07-09,24.2,11.295413488089109,0.0
2061-07-10,23.1,11.0,0.0
2061-07-11,23.9,9.1,0.0
2061-07-12,27.306240196832224,9.982831001076427,0.0
2061-07-13,29.609814925396577,11.9,0.0
2061-07-14,29.63553070957704,12.8,0.0
2061-07-15,27.5,14.2,0.0
2061-07-16,27.6,12.9,0.0
2061-07-17,28.6,12.612360961607466,0.0
2061-07-18,29.637063438435483,12.9,0.0
2061-07-19,27.83180694149477,12.9,0.0
2061-07-20,25.3,14.3,0.0
2061-07-21,25.6,13.0,0.0
2061-07-22,26.0,12.4,0.0
2061-07-23,26.2,11.5,0.0
2061-07-24,27.2,11.2,0.0
2061-07-25,28.59859136631898,12.9,0.0
2061-07-26,29.2,13.0,0.0
2061-07-27,27.780639704751646,14.0,0.0
2061-07-28,26.7,13.6,0.0
2061-07-29,27.4,12.2,0.0
2061-07-30,27.9,12.61611051309652,0.0
2061-07-31,28.42341628777532,13.0,0.0
2061-08-01,27.7,12.0,0.0
2061-08-02,26.7,12.0,0.0
2061-08-03,26.7,11.0,0.0
2061-08-04,27.0,10.5,0.0
2061-08-05,27.2,11.2,0.0
2061-08-06,26.3,13.5,0.0
2061-08-07,26.9,12.5,0.0
2061-08-08,30.5,12.5,0.0
2061-08-09,31.0,13.0,0.0
2061-08-10,28.5,15.968113021318734,0.0
2061-08-11,28.9,14.2,0.0
2061-08-12,31.0,14.2,0.0
2061-08-13,31.5,13.5,0.0
2061-08-14,30.4,16.7,0.0
2061-08-15,27.0,16.4,0.0
2061-08-16,26.3,14.0,0.0
2061-08-17,27.6,12.0,0.0
2061-08-18,29.9,13.5,0.0
2061-08-19,30.8,15.4,0.0
2061-08-20,30.8,15.726456901548389,0.0
2061-08-21,31.8,15.63158897077088,0.0
2061-08-22,32.9,15.7,0.0
2061-08-23,30.9,17.0,0.0
2061-08-24,30.4,16.0,0.0
2061-08-25,30.73615545861423,16.0,0.0
2061-08-26,31.9,15.4,0.0
2061-08-27,30.8,17.0,0.0
2061-08-28,29.751944219349053,16.4,0.0
2061-08-29,30.8,15.3,0.0
2061-08-30,31.6,16.0,0.0
2061-08-31,31.5,16.982590976904035,0.0
2061-09-01,30.7,16.4,0.0
2061-09-02,32.0,16.3,0.0
2061-09-03,33.0,16.5,0.0
2061-09-04,34.0,17.3,0.0
2061-09-05,36.66662104774657,18.9,0.0
2061-09-06,40.019287109375,20.0,0.0
2061-09-07,35.34677419354839,24.605224609375,0.0
2061-09-08,35.3854945210991,22.81023372088407,0.0
2061-09-09,30.6,19.3,0.0
2061-09-10,23.837147245456595,15.6,0.0
2061-09-11,25.73015595559692,14.6,0.0
2061-09-12,24.805571179717507,12.14179850890337,0.0
2061-09-13,27.1,11.8,0.0
2061-09-14,29.0,11.0,0.0
2061-09-15,29.9,11.950950580009534,0.0
2061-09-16,30.0,12.6,0.0
2061-09-17,30.61467768419938,12.3,0.0
2061-09-18,31.4,14.162928506421274,0.0
2061-09-19,31.9,15.7,0.0
2061-09-20,33.0,17.0,0.0
2061-09-21,32.6,18.8,0.0
2061-09-22,31.039680905815743,18.4,0.0
2061-09-23,33.8,17.3,0.0
2061-09-24,38.469645666011665,18.5,0.0
2061-09-25,36.88348941520999,19.7,0.0
2061-09-26,35.4,20.0,0.0
2061-09-27,36.42281680024777,19.7,0.0
2061-09-28,39.860595703125,20.1,0.0
2061-09-29,39.533935546875,20.6,0.0
2061-09-30,34.4,20.5,0.0
2061-10-01,35.1,19.5,0.0
2061-10-02,37.012654245415945,19.4,0.0
2061-10-03,38.10992664618363,20.7,0.0
2061-10-04,33.1,21.3,0.0
2061-10-05,33.0,19.4,0.0
2061-10-06,33.2,20.164980997781235,0.0
2061-10-07,35.1,19.2,0.0
2061-10-08,38.0,18.9,0.0
2061-10-09,38.3547937630416,20.87379338434235,0.0
2061-10-10,33.6,21.0,0.0
2061-10-11,31.8,18.5,0.0
2061-10-12,32.64101184068892,18.2,0.0
2061-10-13,33.8,19.4,0.0
2061-10-14,34.710728381772505,20.2,0.0
2061-10-15,36.0,21.0,0.0
2061-10-16,37.527763176368865,21.3,0.0
2061-10-17,38.0,21.6,0.0
2061-10-18,38.0,21.7,0.0
2061-10-19,38.0,21.7,0.0
2061-10-20,38.379986822179866,22.6,0.0
2061-10-21,34.1,21.907560393057274,0.0
2061-10-22,33.3,20.1,0.0
2061-10-23,35.4,20.7,0.0
2061-10-24,38.24495673418177,21.4,0.0
2061-10-25,38.0,25.02802734375,0.0
2061-10-26,35.4,20.7,9.041142857142864
2061-10-27,35.0,19.8,0.0
2061-10-28,32.9,21.9,0.0
2061-10-29,35.6,21.9,0.0
2061-10-30,35.1,22.6,0.0
2061-10-31,34.4,20.7,0.0
2061-11-01,35.2,20.4,0.0
2061-11-02,36.0,20.1,0.0
2061-11-03,36.0,20.5,0.0
2061-11-04,38.95743480205022,20.7,0.0
2061-11-05,41.3154296875,21.2,0.0
2061-11-06,42.795654296875,21.9,0.0
2061-11-07,35.6,22.51012225956343,0.0
2061-11-08,33.2,20.1,0.0
2061-11-09,33.6,20.0,0.0
2061-11-10,35.5,18.9,0.0
2061-11-11,36.5,19.5,0.0
2061-11-12,37.41984379126287,20.863996348376403,0.0
2061-11-13,40.156982421875,22.3,0.0
2061-11-14,41.17138671875,23.037005924128874,0.0
2061-11-15,42.496826171875,22.580364905056058,0.0
2061-11-16,42.741455078125,23.105292500509414,0.0
2061-11-17,42.5224609375,23.07908837647436,0.0
2061-11-18,42.517333984375,23.3,0.0
2061-11-19,41.964111328125,22.9,0.0
2061-11-20,41.042724609375,21.4,0.0
2061-11-21,33.9,20.2,1.5220472440944883
2061-11-22,32.5,20.0,1.5722440944881892
2061-11-23,29.7,19.5,0.0
2061-11-24,32.5,20.0,1.6
2061-11-25,32.0,19.7,5.4
2061-11-26,32.2,19.3,3.4
2061-11-27,31.0,19.5,0.0
2061-11-28,32.5,19.7,0.2
2061-11-29,32.3,21.4,0.0
2061-11-30,31.5,20.2,1.9
2061-12-01,29.9,20.0,2.1
2061-12-02,31.2,19.8,1.7
2061-12-03,32.0,19.507091030230438,0.0
2061-12-04,32.1,20.5,2.6319148936170227
2061-12-05,29.0,19.9,53.8
2061-12-06,23.5,19.4,114.9
2061-12-07,23.9,18.7,3.4
2061-12-08,26.5,17.2,0.0
2061-12-09,28.1,16.5,0.0
2061-12-10,30.7,17.08622250507382,0.0
2061-12-11,31.6540763503343,17.2,0.0
2061-12-12,32.02767466365228,19.0,0.0
2061-12-13,32.0,19.9,0.0
2061-12-14,31.0,18.5,0.0
2061-12-15,31.2,17.6,0.0
2061-12-16,32.75772927721605,17.5,0.0
2061-12-17,34.08899201819765,18.7,0.0
2061-12-18,34.157367805233356,19.5,0.0
2061-12-19,33.994526473993076,20.389308019351283,1.5
2061-12-20,28.6,19.9,52.5936170212766
2061-12-21,27.3,19.4,4.082978723404253
2061-12-22,31.4,19.3,0.8102127659574471
2061-12-23,32.4,19.9,0.0
2061-12-24,32.4,19.9,0.0
2061-12-25,32.60823869639065,21.0,0.0
2061-12-26,33.272007303418874,22.913469281095832,0.0
2061-12-27,34.065237524625715,23.716522216796875,0.0
2061-12-28,34.0804293519101,23.122833251953125,0.0
2061-12-29,34.13486203728037,21.0,1.0
2061-12-30,31.4,20.2,15.5319452887538
2061-12-31,31.6,20.92031630879246,30.363882978723403
2062-01-01,30.1,19.8,11.6
2062-01-02,25.9,19.3,47.24687499999998
2062-01-03,25.9,19.3,3.7
2062-01-04,29.4,18.9,5.3
2062-01-05,29.2,19.0,16.5
2062-01-06,28.0,19.6,7.6
2062-01-07,24.6,19.5,21.920000000000005
2062-01-08,25.0,19.293924523523103,7.6
2062-01-09,25.7,19.0,9.46666666666667
2062-01-10,27.2,19.8,5.4
2062-01-11,28.3,19.6,7.7749999999999915
2062-01-12,29.1,18.60966158208413,25.733333333333334
2062-01-13,27.8,19.8,19.0
2062-01-14,27.9,19.8,5.9
2062-01-15,28.9,19.6,17.9
2062-01-16,24.17549253096035,18.803345023554055,69.0
2062-01-17,24.8,18.1,17.9
2062-01-18,24.9,19.3,69.05
2062-01-19,24.13863141741021,19.3,38.800000000000004
2062-01-20,27.2,19.51095529424588,9.3
2062-01-21,27.0,19.9,8.3
2062-01-22,31.1,19.5,40.5
2062-01-23,29.6,19.6,47.07812499999999
2062-01-24,29.9,19.6,14.3
2062-01-25,29.1,19.7,32.95
2062-01-26,29.5,19.6,43.75714285714286
2062-01-27,26.0,19.6,25.0
2062-01-28,26.6,19.6,0.8
2062-01-29,28.6,19.9,0.6
2062-01-30,29.6,20.101639858526806,0.0
2062-01-31,29.2,19.425126634436513,1.2
2062-02-01,30.2,18.7,1.4
2062-02-02,27.2,18.7,4.4
2062-02-03,24.99362097735399,18.5,1.6
2062-02-04,25.2,18.0,0.7
2062-02-05,26.0,17.2,0.0
2062-02-06,27.9,17.7,0.0
2062-02-07,26.7,19.0,0.0
2062-02-08,27.4,16.4,0.0
2062-02-09,29.0,15.6,0.0
2062-02-10,29.7,17.4,0.3
2062-02-11,25.0,19.0,37.04877178249013
2062-02-12,27.6,19.2,15.8
2062-02-13,28.1,18.5,0.0
2062-02-14,26.5,19.2,0.0
2062-02-15,27.2,18.9,0.0
2062-02-16,24.0,17.7,0.0
2062-02-17,30.7,18.6,5.871131639722867
2062-02-18,30.26009996223213,19.2,12.5
2062-02-19,32.61465746451978,19.0,9.252655889145498
2062-02-20,28.4,19.2,5.6
2062-02-21,29.0,18.5,17.024133949191686
2062-02-22,28.5,19.0,9.4
2062-02-23,30.7,18.8,12.5
2062-02-24,29.975010641920655,19.0,4.4
2062-02-25,29.2,18.8,16.921247113163975
2062-02-26,25.7,18.898754117931077,28.46793137578358
2062-02-27,26.5,18.9,23.373705047839
2062-02-28,29.1,18.8,15.427251732101633
2062-03-01,30.0,18.3,1.9548387096774191
2062-03-02,30.0,18.81516505924054,4.2
2062-03-03,30.2,19.0,2.4
2062-03-04,29.568749999999998,18.6,1.4
2062-03-05,28.8,18.3,0.0
2062-03-06,29.0,17.7,0.0
2062-03-07,30.6,17.2,0.0
2062-03-08,30.8,17.4,0.0
2062-03-09,29.5,18.0,0.0
2062-03-10,27.2,17.4,0.2
2062-03-11,28.0,16.5,0.0
2062-03-12,29.0,18.2,0.0
2062-03-13,29.9,17.0,0.0
2062-03-14,26.3,18.4,0.0
2062-03-15,29.9,17.5,0.0
2062-03-16,30.8047619047619,17.1,0.0
2062-03-17,29.1,18.7,18.007096774193542
2062-03-18,29.5,18.845000800673184,19.0
2062-03-19,29.2,19.0,31.835359801488835
2062-03-20,29.6,19.764098158648864,0.0
2062-03-21,30.11924882629108,18.5,0.0
2062-03-22,28.9,19.3,0.8
2062-03-23,30.7,19.4,14.897022332506202
2062-03-24,30.2,18.9,7.3
2062-03-25,31.1,19.0,4.9
2062-03-26,31.1,18.6,25.93358633776092
2062-03-27,24.7,18.9,25.406451612903226
2062-03-28,26.3,17.8,0.0
2062-03-29,27.7,16.9,0.0
2062-03-30,27.4,17.0,0.0
2062-03-31,29.0,15.6,0.0
2062-04-01,29.9,14.8,0.0
2062-04-02,30.3,16.1,0.0
2062-04-03,30.606060606060606,15.2,0.0
2062-04-04,31.0,15.5,0.0
2062-04-05,30.6,15.4,0.0
2062-04-06,28.7,15.9,0.0
2062-04-07,26.0,15.2,0.0
2062-04-08,26.8,17.401983298538624,0.0
2062-04-09,27.6,15.9,0.0
2062-04-10,27.8,14.9,0.0
2062-04-11,27.401785714285715,15.1,0.0
2062-04-12,27.6,15.0,0.0
2062-04-13,26.8,15.06831683168317,0.0
2062-04-14,27.9,14.5,0.0
2062-04-15,25.5,18.4,0.0
2062-04-16,26.6,17.5,0.0
2062-04-17,29.0,16.7,0.0
2062-04-18,29.0,15.5,0.0
2062-04-19,27.4,18.2,0.0
2062-04-20,26.4,17.1,0.0
2062-04-21,27.6,16.6,0.0
2062-04-22,27.9,15.5,0.0
2062-04-23,27.5,16.9,0.0
2062-04-24,30.6,15.0,0.0
2062-04-25,30.80905797101449,12.9,0.0
2062-04-26,30.7,13.2,0.0
2062-04-27,28.9,16.3,0.0
2062-04-28,28.4,15.5,0.0
2062-04-29,30.7,14.0,0.0
2062-04-30,30.828985507246372,14.9,0.0
2062-05-01,28.4,14.9,0.0
2062-05-02,27.5,19.735595703125,0.0
2062-05-03,28.6,13.6,0.0
2062-05-04,28.1,12.5,0.0
2062-05-05,27.9,11.9,0.0
2062-05-06,26.8,11.0,0.0
2062-05-07,26.0,10.4,0.0
2062-05-08,25.7,11.0,0.0
2062-05-09,24.6,11.155023704280502,0.0
2062-05-10,25.836544671689985,9.3,0.0
2062-05-11,26.5,7.6,0.0
2062-05-12,26.6,8.0,0.0
2062-05-13,26.5,8.9,0.0
2062-05-14,28.7,7.9,0.0
2062-05-15,26.0,15.638858166459858,0.0
2062-05-16,27.8,15.9759882303534,0.0
2062-05-17,26.7,12.4,0.0
2062-05-18,27.0,11.9,0.0
2062-05-19,29.952759734234057,10.9,0.0
2062-05-20,30.7,11.2,0.0
2062-05-21,30.8,11.7,0.0
2062-05-22,29.7,13.6,0.0
2062-05-23,27.5,12.0,0.0
2062-05-24,27.2,10.9,0.0
2062-05-25,28.3,12.9,0.0
2062-05-26,27.4,15.3,0.0
2062-05-27,28.9,15.0,0.0
2062-05-28,29.9712557069151,13.1,0.0
2062-05-29,30.8,13.1,0.0
2062-05-30,30.7,12.0,0.0
2062-05-31,28.5,13.6,0.0
2062-06-01,25.2,12.4,0.0
2062-06-02,25.0,11.4,0.0
2062-06-03,25.2,11.3,0.0
2062-06-04,25.6,11.2,0.0
2062-06-05,25.5,11.4,0.0
2062-06-06,25.0,10.463885799035973,0.0
2062-06-07,25.4,9.4,0.0
2062-06-08,25.4,9.9,0.0
2062-06-09,25.6,10.7,0.0
2062-06-10,26.2,10.4,0.0
2062-06-11,25.0,11.4,0.0
2062-06-12,24.1,10.0,0.0
2062-06-13,24.7,8.051785317018911,0.0
2062-06-14,25.151820204267374,8.5,0.0
2062-06-15,26.564113351752848,8.2,0.0
2062-06-16,26.1,10.061781609195402,0.0
2062-06-17,25.6,10.243078167661041,0.0
2062-06-18,22.1,13.5,0.0
2062-06-19,25.0,13.8,0.0
2062-06-20,24.3,11.7,0.0
2062-06-21,25.0,10.9,0.0
2062-06-22,25.5,11.2,0.0
2062-06-23,25.4,11.0,0.0
2062-06-24,24.5,12.0,0.0
2062-06-25,24.453507865882727,10.2,0.0
2062-06-26,25.149934832192905,8.4,0.0
2062-06-27,25.4,6.9,0.0
2062-06-28,24.0,10.9,0.0
2062-06-29,23.9,8.34107650475838,0.0
2062-06-30,25.228711544863312,8.569881567755026,0.0
2062-07-01,24.6,10.9,0.0
2062-07-02,22.7,11.7,0.0
2062-07-03,22.3,9.3,0.0
2062-07-04,23.9,8.5,0.0
2062-07-05,25.2,9.4,0.0
2062-07-06,25.76270385328228,10.2,0.0
2062-07-07,24.7,11.7,0.0
2062-07-08,23.4,10.7,0.0
2062-07-09,22.9,9.9,0.0
2062-07-10,24.7,9.5,0.0
2062-07-11,25.2,15.3,0.0
2062-07-12,22.88022937946736,12.9,0.0
2062-07-13,23.6,10.6,0.0
2062-07-14,25.1,11.0,0.0
2062-07-15,23.2,12.0,0.0
2062-07-16,24.4,9.0,0.0
2062-07-17,26.8,7.8,0.0
2062-07-18,28.6,9.9,0.0
2062-07-19,29.023826281361256,10.7,0.0
2062-07-20,27.4,13.8,0.0
2062-07-21,24.9,13.0,0.0
2062-07-22,26.6,11.276828754621608,0.0
2062-07-23,27.7,11.656417088708098,0.0
2062-07-24,26.4,14.21696109671358,0.0
2062-07-25,26.7,11.7,0.0
2062-07-26,27.3,11.2,0.0
2062-07-27,24.6,13.8,0.0
2062-07-28,23.9,11.2,0.0
2062-07-29,25.7,11.7,0.0
2062-07-30,26.6,13.0,0.0
2062-07-31,27.2,13.9,0.0
2062-08-01,26.5,13.9,0.0
2062-08-02,27.0,12.4,0.0
2062-08-03,28.7,12.4,0.0
2062-08-04,27.7,13.9,0.0
2062-08-05,26.9,13.0,0.0
2062-08-06,27.2,12.5,0.0
2062-08-07,28.0,13.5,0.0
2062-08-08,29.0,13.9,0.0
2062-08-09,31.1,14.7,0.0
2062-08-10,32.91491908787512,16.0,0.0
2062-08-11,32.1,16.884385964678845,0.0
2062-08-12,28.9,16.837428498817783,0.0
2062-08-13,28.0,15.6,0.0
2062-08-14,28.094366702547543,15.4,0.0
2062-08-15,30.0,15.2,0.0
2062-08-16,31.2,15.4,0.0
2062-08-17,31.0,16.2,0.0
2062-08-18,31.4,15.7,0.0
2062-08-19,32.92771234647414,15.7,0.0
2062-08-20,35.322903400170446,16.7,0.0
2062-08-21,32.9,16.889762773746902,0.0
2062-08-22,31.2,16.93442902196286,0.0
2062-08-23,28.7,16.7,0.0
2062-08-24,27.0,14.7,0.0
2062-08-25,28.1,14.5,0.0
2062-08-26,30.588726228919988,14.2,0.0
2062-08-27,33.261958929558496,16.2,0.0
2062-08-28,34.496836695718585,18.0,0.0
2062-08-29,30.8,17.5,0.0
2062-08-30,31.4,17.2,0.0
2062-08-31,28.9,17.0,0.0
2062-09-01,19.815326578324758,13.6,0.0
2062-09-02,20.534771839511603,9.700402850013528,0.0
2062-09-03,22.683290173095273,7.0,0.0
2062-09-04,27.2,7.0,0.0
2062-09-05,29.0,10.549441601779757,0.0
2062-09-06,29.4,12.4,0.0
2062-09-07,31.272362810530222,12.8,0.0
2062-09-08,32.0,13.9,0.0
2062-09-09,31.3,16.1,0.0
2062-09-10,27.9,15.2,0.0
2062-09-11,27.9,12.8,0.0
2062-09-12,30.0,12.0,0.0
2062-09-13,31.6,13.8,0.0
2062-09-14,33.7,16.5,0.0
2062-09-15,34.8,18.3,0.0
2062-09-16,35.4,19.0,0.0
2062-09-17,33.5,19.7,0.0
2062-09-18,31.6,18.9,0.0
2062-09-19,32.50634682658671,17.5,0.0
2062-09-20,35.2,17.9,0.0
2062-09-21,37.95984770155766,19.0,0.0
2062-09-22,36.11984845566043,20.5,0.0
2062-09-23,39.00634765625,19.98391368525231,0.0
2062-09-24,40.010009765625,20.0,0.0
2062-09-25,40.559814453125,20.0,0.0
2062-09-26,39.0849609375,21.34429300045318,0.0
2062-09-27,34.563228772710424,20.946209256075782,0.0
2062-09-28,32.8,21.49314517606645,0.0
2062-09-29,34.6,20.153089807815668,0.0
2062-09-30,34.0,20.2,0.0
2062-10-01,33.1,19.4,0.0
2062-10-02,32.0,18.516146393972015,0.0
2062-10-03,32.0,18.29288090811233,0.0
2062-10-04,33.2,18.247187451945248,0.0
2062-10-05,33.8,18.3,0.0
2062-10-06,34.1,19.0,0.0
2062-10-07,36.0,18.8,0.0
2062-10-08,38.073078854079505,19.808180839612483,0.0
2062-10-09,38.00878277023501,21.3,0.0
2062-10-10,38.33572238182477,20.7,0.0
2062-10-11,38.25990775525914,20.0,0.0
2062-10-12,38.576025390625,21.2,0.0
2062-10-13,36.870102260495145,23.72385679638141,0.0
2062-10-14,35.0,21.9,0.0
2062-10-15,34.4,20.7,0.0
2062-10-16,35.563858988159296,19.9,0.0
2062-10-17,38.60751953125,20.0,0.0
2062-10-18,38.02834351542276,20.1,0.0
2062-10-19,38.29746189481572,22.6,0.0
2062-10-20,33.5,21.0,0.0
2062-10-21,28.7,18.1,9.403200000000007
2062-10-22,18.189783386907504,16.7,0.0
2062-10-23,29.5,17.2,0.0
2062-10-24,30.9,17.2,0.0
2062-10-25,34.4,20.0,0.0
2062-10-26,33.6,21.752069404805397,0.0
2062-10-27,32.0,21.4,0.0
2062-10-28,32.0,19.4,0.0
2062-10-29,34.6,18.5,0.0
2062-10-30,35.0,20.2,0.0
2062-10-31,33.4,18.0,11.42855172413794
2062-11-01,29.2,18.1,0.8
2062-11-02,29.7,17.6,0.0
2062-11-03,32.3,18.7,0.0
2062-11-04,33.5,19.8,0.0
2062-11-05,35.7,18.6,0.0
2062-11-06,39.840087890625,18.777532699687402,0.0
2062-11-07,40.340576171875,20.7,0.0
2062-11-08,40.740234375,20.5,0.0
2062-11-09,41.395263671875,20.881591992746106,0.0
2062-11-10,36.0,20.9,0.0
2062-11-11,36.2,21.7,0.0
2062-11-12,39.533203125,21.5,0.0
2062-11-13,40.5537109375,21.1,0.0
2062-11-14,40.2451171875,22.3,0.0
2062-11-15,40.199462890625,22.582185091393917,0.0
2062-11-16,40.34619140625,22.3,0.0
2062-11-17,40.042724609375,24.510107421875,0.0
2062-11-18,36.5,20.1,0.10196850393700788
2062-11-19,32.9,19.4,5.0
2062-11-20,32.0,19.5,1.6
2062-11-21,33.843863552094916,20.169813019757402,0.0
2062-11-22,32.5,19.500697943248493,0.0
2062-11-23,32.6,18.9,0.0
2062-11-24,32.4,20.0,0.0
2062-11-25,33.4461976381306,20.1,1.7
2062-11-26,32.4,19.343198841293727,46.86778500513522
2062-11-27,24.7,18.4,90.5
2062-11-28,25.2,17.2,0.0
2062-11-29,26.668756952169076,16.2,0.0
2062-11-30,28.53460087382315,15.202007521584834,0.0
2062-12-01,29.2,16.1,0.0
2062-12-02,30.5,16.107841197039495,0.0
2062-12-03,31.7,16.8,0.0
2062-12-04,32.76183453339603,17.7,0.0
2062-12-05,33.394886905070976,18.8,0.0
2062-12-06,32.4,20.0,1.7
2062-12-07,31.0,19.9,9.9
2062-12-08,31.0,19.97865740954754,25.857588652482267
2062-12-09,27.6,19.9,5.4
2062-12-10,30.5,19.8,9.060425531914893
2062-12-11,30.0,19.5,15.4
2062-12-12,26.5,19.8,21.400000000000055
2062-12-13,27.7,19.6,15.61659574468086
2062-12-14,28.3,18.9,25.813049645390066
2062-12-15,23.9,19.3,55.46714153561516
2062-12-16,23.293891932107005,19.0,0.9
2062-12-17,23.9,18.3,4.0
2062-12-18,24.0,18.3,6.9
2062-12-19,25.0,19.4,0.0
2062-12-20,28.2,18.0,6.652553191489363
2062-12-21,30.1,17.5,0.0
2062-12-22,30.0,17.5,0.0
2062-12-23,30.5,17.021586076799284,0.0
2062-12-24,31.0,17.6,0.0
2062-12-25,30.9,18.5,0.0
2062-12-26,29.9,19.9,2.1
2062-12-27,31.4,19.5,27.076851063829775
2062-12-28,29.9,20.2,53.8
2062-12-29,29.5,19.509312483271106,0.0
2062-12-30,28.0,19.0,0.0
2062-12-31,29.4,19.8,6.098723404255319
2063-01-01,29.0,19.8,1.3
2063-01-02,29.2,19.8,0.0
2063-01-03,30.0,19.6,0.0
2063-01-04,30.6,19.9,0.0
2063-01-05,31.8,19.9,0.0
2063-01-06,30.3,19.6,3.5
2063-01-07,27.8,19.6,0.6
2063-01-08,27.5,19.5,0.9
2063-01-09,27.1,18.9,0.0
2063-01-10,26.4,17.6,0.0
2063-01-11,29.0,16.7,0.0
2063-01-12,30.6,16.992785252960164,0.0
2063-01-13,31.954050617067615,17.6,0.0
2063-01-14,31.1,19.5,6.250000000000002
2063-01-15,28.2,19.6,3.7
2063-01-16,28.692078300043853,19.6,5.8
2063-01-17,29.5,19.21112133523153,9.966666666666667
2063-01-18,25.521451039358666,19.3,60.14999999999999
2063-01-19,23.40008437664135,18.3,66.13538461538462
2063-01-20,21.580104600133637,16.4,20.7
2063-01-21,18.797314453125,16.4,5.675000000000001
2063-01-22,23.21481914330138,16.7,1.9
2063-01-23,27.6,18.2,0.0
2063-01-24,28.9,18.7,0.0
2063-01-25,29.9,18.3,0.0
2063-01-26,29.5,17.0,0.0
2063-01-27,29.0,18.7,0.0
2063-01-28,24.9,18.5,60.99354838709684
2063-01-29,25.6,18.5,13.649999999999997
2063-01-30,29.4,18.5,1.3
2063-01-31,29.1,19.3,14.3
2063-02-01,30.7,18.9,0.0
2063-02-02,31.998640464354583,19.2,2.6
2063-02-03,29.0,19.2,5.4
2063-02-04,28.5,19.2,11.11224018475751
2063-02-05,29.0,18.9,2.2
2063-02-06,30.3,19.0,1.6
2063-02-07,30.0,18.9,0.3
2063-02-08,30.9,19.2,4.4
2063-02-09,26.0,18.9,2.8
2063-02-10,29.0,19.2,3.6
2063-02-11,29.98864861796923,19.1,1.4
2063-02-12,28.9,19.1,0.0
2063-02-13,29.5,18.8,2.7
2063-02-14,28.3,19.0,13.944110854503464
2063-02-15,27.8,18.5,0.0
2063-02-16,29.0,17.9,0.0
2063-02-17,28.7,17.6,0.0
2063-02-18,29.0,18.0,0.0
2063-02-19,29.4,19.0,0.0
2063-02-20,30.6,16.5,0.0
2063-02-21,30.2,15.4,0.0
2063-02-22,31.6,18.2,15.6
2063-02-23,29.2,19.0,2.3
2063-02-24,30.81866419458791,18.8,9.2
2063-02-25,28.0,19.1,25.853117782909933
2063-02-26,28.2,18.9,1.4
2063-02-27,27.7,19.109269081538486,3.90498845265589
2063-02-28,29.8,19.0,1.4
2063-03-01,32.0,19.9,0.0
2063-03-02,31.9,19.87079047962849,0.0
2063-03-03,25.975555555555555,19.0,1.5
2063-03-04,25.0,18.4,3.1
2063-03-05,29.0,18.3,0.0
2063-03-06,28.0,18.4,0.0
2063-03-07,27.0,18.8,0.0
2063-03-08,28.5,18.6,0.0
2063-03-09,29.9,17.8,0.0
2063-03-10,29.7,18.6,0.0
2063-03-11,29.9,17.7,0.0
2063-03-12,30.4,17.6,0.0
2063-03-13,30.4,18.7,0.0
2063-03-14,29.5,19.5082854478606,0.0
2063-03-15,29.4,18.5,0.0
2063-03-16,30.12253521126761,17.4,0.0
2063-03-17,31.3,17.0,0.0
2063-03-18,31.4,18.7,0.0
2063-03-19,25.0,17.9,27.104493087557607
2063-03-20,29.2,18.0,0.0
2063-03-21,29.5,18.7,0.2
2063-03-22,28.5,18.8,0.0
2063-03-23,27.0,17.6,0.0
2063-03-24,26.8,17.5,0.0
2063-03-25,27.3,18.0,0.0
2063-03-26,27.2,18.3,0.0
2063-03-27,29.0,17.2,0.0
2063-03-28,29.0,16.6,0.0
2063-03-29,28.7,16.2,0.0
2063-03-30,30.1,15.005002576899242,0.0
2063-03-31,31.0,14.6,0.0
2063-04-01,31.9,14.0,0.0
2063-04-02,30.5,15.8,0.0
2063-04-03,29.9,16.4,0.0
2063-04-04,30.7,16.5,0.0
2063-04-05,29.9,16.5,0.0
2063-04-06,31.10283687943263,19.4,0.0
2063-04-07,32.488425925925924,19.27412398921833,0.0
2063-04-08,33.635999999999996,19.47758620689654,0.0
2063-04-09,29.0,18.0,0.0
2063-04-10,28.5,18.0,0.0
2063-04-11,29.0,15.7,0.0
2063-04-12,29.5,14.895238095238097,0.0
2063-04-13,31.3,14.0,0.0
2063-04-14,31.917697594501714,15.5,0.0
2063-04-15,30.5,16.9,0.0
2063-04-16,27.7,16.6,0.0
2063-04-17,31.0,16.0,0.0
2063-04-18,29.2,18.4,0.0
2063-04-19,29.0,15.5,0.0
2063-04-20,29.0,14.4,0.0
2063-04-21,28.4,13.9,0.0
2063-04-22,28.69942528735632,13.509546539379476,0.0
2063-04-23,29.4,12.9,0.0
2063-04-24,29.2,12.356084656084656,0.0
2063-04-25,28.9,12.5,0.0
2063-04-26,29.5,12.0,0.0
2063-04-27,29.5,14.3,0.0
2063-04-28,28.598165137614682,15.2,0.0
2063-04-29,29.0,14.4,0.0
2063-04-30,29.7,15.0,0.0
2063-05-01,29.7,14.5,0.0
2063-05-02,29.454730707843055,12.5,0.0
2063-05-03,30.2,12.6,0.0
2063-05-04,30.2,14.9,0.0
2063-05-05,28.9,13.2,0.0
2063-05-06,28.2,13.5,0.0
2063-05-07,27.5,12.5,0.0
2063-05-08,27.2,12.5,0.0
2063-05-09,27.0,12.1,0.0
2063-05-10,27.9,11.5,0.0
2063-05-11,29.6,9.9,0.0
2063-05-12,29.6,9.5,0.0
2063-05-13,28.6,10.9,0.0
2063-05-14,29.5,10.915414424111944,0.0
2063-05-15,29.9,12.2,0.0
2063-05-16,28.4,12.9,0.0
2063-05-17,27.2,12.0,0.0
2063-05-18,27.2,11.8,0.0
2063-05-19,27.2,11.4,0.0
2063-05-20,27.8,10.9,0.0
2063-05-21,27.6,10.9,0.0
2063-05-22,26.5,11.5,0.0
2063-05-23,26.9,10.2,0.0
2063-05-24,27.2,9.6,0.0
2063-05-25,26.0,11.5,0.0
2063-05-26,24.3,11.0,0.0
2063-05-27,27.0,9.164966922881364,0.0
2063-05-28,29.1,9.9,0.0
2063-05-29,29.6,10.1,0.0
2063-05-30,27.0,10.9,0.0
2063-05-31,26.7,8.9,0.0
2063-06-01,26.9,6.1,0.0
2063-06-02,25.7,11.6,0.0
2063-06-03,25.11646947787104,16.89822903742206,0.0
2063-06-04,27.7,17.066699033752904,0.0
2063-06-05,29.313970196661707,16.723784408439325,0.0
2063-06-06,30.4,16.79491739741496,0.0
2063-06-07,26.6,16.85758161515025,0.0
2063-06-08,24.2,14.4,1.9
2063-06-09,24.6,13.0,0.0
2063-06-10,25.2,11.2,0.0
2063-06-11,25.2,10.4,0.0
2063-06-12,26.1,9.3,0.0
2063-06-13,27.0,8.5,0.0
2063-06-14,27.1,10.5,0.0
2063-06-15,26.5573396964369,11.5,0.0
2063-06-16,26.5,12.3,0.0
2063-06-17,20.9,15.9,1.9
2063-06-18,21.1,15.099304215568324,0.0
2063-06-19,26.6,15.4,0.0
2063-06-20,27.5,14.5,0.0
2063-06-21,27.6,14.824150489791542,0.0
2063-06-22,27.1,14.1,0.0
2063-06-23,25.6,13.2,0.0
2063-06-24,25.0,11.0,0.0
2063-06-25,26.0,11.2,0.0
2063-06-26,26.6,11.6,0.0
2063-06-27,25.373093353025308,15.1,0.0
2063-06-28,26.9,15.379332353833439,0.0
2063-06-29,27.1,14.517031056218284,0.0
2063-06-30,26.2,12.3,0.0
2063-07-01,24.9,11.1,0.0
2063-07-02,23.6,10.5,0.0
2063-07-03,25.3,10.0,0.0
2063-07-04,26.5,10.013850017940443,0.0
2063-07-05,26.2,10.6,0.0
2063-07-06,25.2,12.0,0.0
2063-07-07,25.4,11.0,0.0
2063-07-08,26.1,11.6,0.0
2063-07-09,27.160287015250955,12.9,0.0
2063-07-10,27.6,14.0,0.0
2063-07-11,27.6,14.2,0.0
2063-07-12,27.3,13.8,0.0
2063-07-13,26.4,13.4,0.0
2063-07-14,26.7,11.429722154131444,0.0
2063-07-15,29.012691294688857,11.0,0.0
2063-07-16,29.1,10.0,0.0
2063-07-17,26.3,13.985840854516843,0.0
2063-07-18,26.7,12.0,0.0
2063-07-19,27.6,11.7,0.0
2063-07-20,28.0,12.4,0.0
2063-07-21,28.2,12.0,0.0
2063-07-22,29.0,11.5,0.0
2063-07-23,29.28048862063662,12.2,0.0
2063-07-24,29.4,13.3,0.0
2063-07-25,29.5,13.8,0.0
2063-07-26,29.2,15.1,0.0
2063-07-27,26.7,15.2,0.0
2063-07-28,25.7,14.2,0.0
2063-07-29,27.5,13.4,0.0
2063-07-30,29.2,14.0,0.0
2063-07-31,30.2,15.1,0.0
2063-08-01,28.7,15.5,0.0
2063-08-02,27.366092572658776,15.302300932333226,0.0
2063-08-03,26.3,14.5,0.0
2063-08-04,27.0,13.1,0.0
2063-08-05,29.5,12.5,0.0
2063-08-06,26.7,14.7,0.0
2063-08-07,26.2,12.5,0.0
2063-08-08,30.0,12.1,0.0
2063-08-09,31.2,13.9,0.0
2063-08-10,32.97053675002874,16.0,0.0
2063-08-11,34.45043853294713,16.7,0.0
2063-08-12,26.7,16.4,0.0
2063-08-13,27.8,14.2,0.0
2063-08-14,31.9,14.6,0.0
2063-08-15,32.9,16.886417203660105,0.0
2063-08-16,28.6,16.857262950046632,0.0
2063-08-17,25.0,15.7,0.0
2063-08-18,26.7,13.4,0.0
2063-08-19,29.2,13.2,0.0
2063-08-20,25.4,15.2,0.0
2063-08-21,25.787349158687896,13.0,0.0
2063-08-22,27.6,12.0,0.0
2063-08-23,29.9,12.8,0.0
2063-08-24,32.5,15.2,0.0
2063-08-25,32.5,16.408207022954056,0.0
2063-08-26,32.9564752787735,16.531192843122177,0.0
2063-08-27,34.571589291294835,16.949352444620697,0.0
2063-08-28,37.2538934278453,17.2,0.0
2063-08-29,38.47119140625,17.644455543595264,0.0
2063-08-30,34.58462087404855,18.3,0.0
2063-08-31,32.6,16.7,0.0
2063-09-01,31.9,18.7,0.0
2063-09-02,30.0,17.1,0.0
2063-09-03,26.7,13.85497775305896,0.0
2063-09-04,27.0,12.9,0.0
2063-09-05,28.9,13.1,0.0
2063-09-06,30.7,14.2,0.0
2063-09-07,31.6,16.5,0.0
2063-09-08,30.0,16.9,0.0
2063-09-09,31.5,16.4,0.0
2063-09-10,31.702367710154142,17.0,0.0
2063-09-11,32.8,16.8,0.0
2063-09-12,34.8,15.7,0.0
2063-09-13,36.07414134886062,16.0,0.0
2063-09-14,36.66523972056522,18.8,0.0
2063-09-15,39.532470703125,19.3,0.0
2063-09-16,41.68896484375,19.0,0.0
2063-09-17,36.46425661568669,20.74377984853433,0.0
2063-09-18,35.2,19.4,0.0
2063-09-19,36.1549910822785,17.588640973630834,0.0
2063-09-20,39.2890625,20.0,0.0
2063-09-21,34.6,19.4,0.0
2063-09-22,32.29114504331412,18.9,0.0
2063-09-23,32.5,20.585435785131633,0.0
2063-09-24,33.0,19.0,0.0
2063-09-25,29.0,20.45370502452894,0.0
2063-09-26,27.5,18.8,0.0
2063-09-27,32.0,17.1,0.0
2063-09-28,33.2,18.9,0.0
2063-09-29,34.0,20.0,0.0
2063-09-30,34.6,19.3,0.0
2063-10-01,38.0,20.0,0.0
2063-10-02,38.003965936317186,23.775515945533993,0.0
2063-10-03,37.3801014916192,23.48285958945477,0.0
2063-10-04,35.4,21.7,0.0
2063-10-05,36.6,21.0,0.0
2063-10-06,38.0,21.0,0.0
2063-10-07,36.6,21.7,0.0
2063-10-08,37.04710080986061,20.7,0.0
2063-10-09,36.0,21.4,0.0
2063-10-10,35.5,21.0,0.0
2063-10-11,36.0,20.261463939720116,0.0
2063-10-12,37.01185316252188,18.577959822739153,0.0
2063-10-13,38.3605622672368,19.8,0.0
2063-10-14,38.13488425617108,23.0,0.0
2063-10-15,38.17349791690637,21.93613234961215,0.0
2063-10-16,38.256729191723004,26.491650390625,0.0
2063-10-17,38.0,23.435731043757652,0.0
2063-10-18,35.6,22.45440580919552,0.0
2063-10-19,35.1,21.6,0.0
2063-10-20,36.5,21.76983562279653,0.0
2063-10-21,38.025039584707734,21.9,0.0
2063-10-22,38.13394245956776,22.6,0.0
2063-10-23,38.26520536115269,22.92838818916816,0.0
2063-10-24,38.04046914669028,22.2,0.0
2063-10-25,38.291693390620516,20.5,0.0
2063-10-26,38.63681640625,20.5,0.0
2063-10-27,38.605078125,20.7,0.0
2063-10-28,39.620703125,21.0,0.0
2063-10-29,38.569677734375,23.797353075192863,0.0
2063-10-30,36.0,22.0,0.0
2063-10-31,38.0,22.212451821243786,0.0
2063-11-01,33.467783124522725,19.9,0.9
2063-11-02,32.1,20.2,10.5
2063-11-03,33.1039313522962,20.0,1.7
2063-11-04,33.4,19.5,0.0
2063-11-05,32.1,19.7,0.0
2063-11-06,33.396344597445434,20.9,0.0
2063-11-07,34.8,20.0,0.0
2063-11-08,35.7,19.3,0.0
2063-11-09,37.11969340023606,20.0,0.0
2063-11-10,36.35206850838831,20.7,0.0
2063-11-11,32.86641923369199,19.8,0.0
2063-11-12,32.6,19.9,0.0
2063-11-13,34.0,20.190552112576583,0.0
2063-11-14,34.5087296996663,20.0,0.0
2063-11-15,35.6,20.1,0.0
2063-11-16,33.5,20.4,2.3
2063-11-17,28.5,19.2,10.568897637795276
2063-11-18,26.0,18.2,0.10196850393700788
2063-11-19,27.5,19.0,1.4
2063-11-20,28.5,19.48593347046066,46.21023622047245
2063-11-21,26.51268368362508,19.4,1.6
2063-11-22,27.244429758555256,19.4,23.272440944881907
2063-11-23,29.323101506082594,19.2,2.0
2063-11-24,31.0,18.4,2.5
2063-11-25,28.5,18.2,4.5
2063-11-26,25.453259374321238,19.4,7.1606299212598445
2063-11-27,29.9,19.2,1.0
2063-11-28,31.5,19.2,0.0
2063-11-29,31.0,19.4,0.0
2063-11-30,27.0,19.1,0.0
2063-12-01,27.0,19.5,0.0
2063-12-02,31.38798455630971,17.9,0.0
2063-12-03,31.6,17.5,0.0
2063-12-04,32.4,17.9,0.0
2063-12-05,33.37517525258122,20.1,0.0
2063-12-06,32.41671572490484,20.367210797623567,6.4
2063-12-07,28.3,19.8,13.5
2063-12-08,24.4,19.5,5.547446808510639
2063-12-09,25.6,17.6,2.0
2063-12-10,28.0,17.2,0.0
2063-12-11,30.1,17.9,0.0
2063-12-12,30.7,16.8,0.0
2063-12-13,32.0,17.3,0.0
2063-12-14,32.461792893176394,19.0,0.0
2063-12-15,30.8,19.4,6.501170212765957
2063-12-16,30.1,19.8,15.474680851063834
2063-12-17,29.02006733389826,19.5,0.0
2063-12-18,30.0,18.4,0.2
2063-12-19,28.7,19.7,11.400425531914895
2063-12-20,30.2,20.0,26.34042553191489
2063-12-21,27.0,19.7,3.6
2063-12-22,29.5,20.0,4.9
2063-12-23,29.3,20.0,8.9
2063-12-24,30.3,19.8,27.319148936170212
2063-12-25,28.4,19.991708656096115,0.0
2063-12-26,25.0,18.1,0.0
2063-12-27,24.76533056299597,17.6,0.5
2063-12-28,30.7,20.0,2.3
2063-12-29,30.3,19.539483854568843,13.787234042553202
2063-12-30,31.3,19.945659918273783,12.769787234042555
2063-12-31,24.0,19.0,114.9
2064-01-01,23.0,17.6,60.11666666666667
2064-01-02,21.784544910895825,17.7,10.0
2064-01-03,24.0,18.2,2.0
2064-01-04,27.7,17.4,0.0
2064-01-05,25.42254592173339,17.2,0.0
2064-01-06,28.9,16.2,0.0
2064-01-07,30.2,16.7,0.0
2064-01-08,30.2,17.2,0.0
2064-01-09,29.3,17.5,0.0
2064-01-10,27.8,18.0,9.966666666666667
2064-01-11,24.6,18.37099474450704,28.3
2064-01-12,27.1,19.3,18.4
2064-01-13,28.0,19.5,29.711111111111112
2064-01-14,27.6,19.0,2.9
2064-01-15,29.8,17.9,0.0
2064-01-16,30.6,17.6,0.0
2064-01-17,29.3,17.8,0.0
2064-01-18,30.0,17.8,0.0
2064-01-19,31.5,18.8,1.3
2064-01-20,30.0,19.4,0.0
2064-01-21,29.5,18.3,0.0
2064-01-22,26.9,17.6,0.0
2064-01-23,29.6,17.0,0.0
2064-01-24,29.8,18.4,0.0
2064-01-25,29.842887897893284,18.1,0.0
2064-01-26,30.6,17.7,0.0
2064-01-27,30.7,17.9,0.0
2064-01-28,31.1,18.6,0.0
2064-01-29,28.6,19.5,0.0
2064-01-30,30.808105091097545,19.9,7.2
2064-01-31,29.5,19.4,0.0
2064-02-01,29.9,19.2,3.52147806004619
2064-02-02,28.78153985732837,19.0,2.0
2064-02-03,30.0,19.0,5.222863741339491
2064-02-04,28.6,18.9,15.6
2064-02-05,27.8,19.0,1.4
2064-02-06,29.5,18.5,0.0
2064-02-07,30.6,16.8,0.0
2064-02-08,30.340531657456566,17.2,0.0
2064-02-09,30.7,17.2,0.0
2064-02-10,31.2,16.6,0.3
2064-02-11,30.9,17.6,0.0
2064-02-12,30.7,18.3,0.0
2064-02-13,31.0,18.3,0.0
2064-02-14,31.0,19.0,0.0
2064-02-15,32.622415848095024,18.3,0.0
2064-02-16,32.9,18.8,0.0
2064-02-17,29.2,19.1,0.0
2064-02-18,27.2,18.6,0.6
2064-02-19,30.9,16.5,0.0
2064-02-20,30.833108197589716,17.2,0.0
2064-02-21,31.0,17.00312196870351,0.0
2064-02-22,32.8,17.6,0.0
2064-02-23,36.30980224609375,18.1,0.0
2064-02-24,36.06907958984375,19.5,1.6
2064-02-25,32.9,19.0,0.0
2064-02-26,32.9,19.5,0.0
2064-02-27,28.4,19.124906901482348,4.2
2064-02-28,27.1,19.1,12.4
2064-03-01,26.1,18.9,2.7
2064-03-02,27.4,19.2,27.533064516129034
2064-03-03,26.3,18.9,12.9
2064-03-04,29.7,18.6,0.0
2064-03-05,29.5,18.5,0.0
2064-03-06,30.32790697674418,17.6,0.0
2064-03-07,30.4,16.5,0.0
2064-03-08,31.2,16.0,0.0
2064-03-09,31.2,18.2,0.0
2064-03-10,32.7,18.6,0.8
2064-03-11,32.9,17.4,0.0
2064-03-12,33.0,19.0,0.0
2064-03-13,33.2,19.12182918228721,0.0
2064-03-14,33.035714285714285,18.7,0.0
2064-03-15,32.5,19.3,0.0
2064-03-16,32.39366515837104,19.9,0.0
2064-03-17,31.6,19.82595724381534,0.0
2064-03-18,31.2,19.2,0.0
2064-03-19,30.1,18.3,0.0
2064-03-20,27.84222222222222,17.4,0.0
2064-03-21,29.5,19.469007209760726,0.0
2064-03-22,31.2,18.2,0.0
2064-03-23,32.9,17.0,0.0
2064-03-24,34.28258490741606,16.107555817910345,0.0
2064-03-25,34.89215408951338,18.9,0.0
2064-03-26,34.51364473806643,22.791845703125,0.0
2064-03-27,27.7,18.9,0.6
2064-03-28,25.4,18.8,18.007096774193542
2064-03-29,28.1,18.9,9.60645161290322
2064-03-30,29.6,18.35839198476442,0.0
2064-03-31,28.8,17.4,0.0
2064-04-01,28.923076923076923,16.3,0.0
2064-04-02,29.9,15.4,0.0
2064-04-03,30.6,15.92647058823529,0.0
2064-04-04,30.5,15.5,0.0
2064-04-05,29.5,15.8,0.0
2064-04-06,29.4,15.7,0.0
2064-04-07,29.8,15.8,0.0
2064-04-08,30.9,16.0,0.0
2064-04-09,31.1,16.059550561797753,0.0
2064-04-10,30.0,16.3,0.0
2064-04-11,29.9,15.7,0.0
2064-04-12,30.4,16.0,0.0
2064-04-13,30.2,16.2,0.0
2064-04-14,31.4,16.5,0.0
2064-04-15,31.4,18.9,0.0
2064-04-16,32.2,18.82781818181818,0.0
2064-04-17,31.54423791821561,19.185935738444194,0.0
2064-04-18,31.165248226950354,17.81758530183727,0.0
2064-04-19,32.0,15.9,0.0
2064-04-20,31.584386617100378,16.4,0.0
2064-04-21,28.9,16.9,0.0
2064-04-22,29.6,16.5,0.0
2064-04-23,28.60172413793104,15.030693069306933,0.0
2064-04-24,28.6,14.180392156862743,0.0
2064-04-25,29.0,14.0,0.0
2064-04-26,29.9,14.0,0.0
2064-04-27,30.9,15.4,0.0
2064-04-28,30.940178571428568,17.0,0.0
2064-04-29,31.7,18.3,0.0
2064-04-30,32.5,19.134667418263806,0.0
2064-05-01,33.8,19.775390625,0.0
2064-05-02,28.6,18.0,0.0
2064-05-03,30.1,15.2,0.0
2064-05-04,31.068274749757716,12.9,0.0
2064-05-05,30.3,14.9,0.0
2064-05-06,24.422874058127018,14.5,0.0
2064-05-07,28.85842058909873,13.4,0.0
2064-05-08,27.9,12.1,0.0
2064-05-09,27.6,11.7,0.0
2064-05-10,28.9,11.8,0.0
2064-05-11,29.6,11.9,0.0
2064-05-12,29.1,12.8,0.0
2064-05-13,29.0,12.5,0.0
2064-05-14,27.932048375862713,12.8,0.0
2064-05-15,28.1,12.5,0.0
2064-05-16,28.7,12.4,0.0
2064-05-17,30.0,11.8,0.0
2064-05-18,29.9,11.7,0.0
2064-05-19,27.5,13.802296376031558,0.0
2064-05-20,26.6,12.5,0.0
2064-05-21,27.6,10.9,0.0
2064-05-22,27.5,7.1,0.0
2064-05-23,29.11643213621684,6.5,0.0
2064-05-24,30.2,11.2,0.0
2064-05-25,29.2,18.040140913983734,0.0
2064-05-26,26.6,20.6611328125,0.0
2064-05-27,29.0,17.887736099694774,0.0
2064-05-28,25.0,17.03057929307349,0.0
2064-05-29,27.0,11.9,0.0
2064-05-30,26.7,10.6,0.0
2064-05-31,25.4,10.9,0.0
2064-06-01,23.2,11.2,0.0
2064-06-02,24.7,10.250349996067468,0.0
2064-06-03,26.0,9.0,0.0
2064-06-04,27.299509929065078,10.4,0.0
2064-06-05,27.9,12.0,0.0
2064-06-06,26.9,13.2,0.0
2064-06-07,25.6,11.63005889968818,0.0
2064-06-08,27.39606933997071,8.9,0.0
2064-06-09,29.0,10.5,0.0
2064-06-10,25.6,13.5,0.0
2064-06-11,22.9,11.6,0.0
2064-06-12,25.4,9.2,0.0
2064-06-13,26.7,10.0,0.0
2064-06-14,27.3,11.9,0.0
2064-06-15,27.3,13.0,0.0
2064-06-16,26.891626498578667,14.483985335819154,0.0
2064-06-17,27.7,14.642758909610972,0.0
2064-06-18,27.6,14.1,0.0
2064-06-19,26.2,13.67343512994237,0.0
2064-06-20,25.2,11.7,0.0
2064-06-21,25.155590948416314,10.5,0.0
2064-06-22,26.9,11.2,0.0
2064-06-23,27.2,11.9,0.0
2064-06-24,30.1,13.0,0.0
2064-06-25,30.93642244663799,16.68347571468648,0.0
2064-06-26,30.004749384838384,14.2,0.0
2064-06-27,29.2,15.100056628577205,0.0
2064-06-28,30.0,14.686665260250857,0.0
2064-06-29,30.537806531422554,15.288545114141472,0.0
2064-06-30,28.5,15.46293123170742,0.0
2064-07-01,26.4,14.105962012569861,0.0
2064-07-02,26.2,13.0,0.0
2064-07-03,28.2,13.4,0.0
2064-07-04,29.259823542980143,14.581729458198776,0.0
2064-07-05,29.4,13.8,0.0
2064-07-06,29.2,12.7,0.0
2064-07-07,28.7,12.9,0.0
2064-07-08,28.6,12.0,0.0
2064-07-09,28.2,12.7,0.0
2064-07-10,28.393468341821553,11.120048025171815,0.0
2064-07-11,27.695700061510063,12.1,0.0
2064-07-12,26.6,12.2,0.0
2064-07-13,27.5,12.6,0.0
2064-07-14,28.7,13.6,0.0
2064-07-15,29.694043774668092,14.263655312473913,0.0
2064-07-16,28.940968110871893,14.0,0.0
2064-07-17,27.0,15.2,0.0
2064-07-18,25.9,14.3,0.0
2064-07-19,24.47651852990926,13.6,0.0
2064-07-20,24.7,12.0,0.0
2064-07-21,26.0,12.2,0.0
2064-07-22,27.1,12.8,0.0
2064-07-23,26.8,13.4,0.0
2064-07-24,27.9,13.0,0.0
2064-07-25,28.0,14.0,0.0
2064-07-26,27.0,14.3,0.0
2064-07-27,28.1,13.763976648621462,0.0
2064-07-28,29.935354441827624,14.0,0.0
2064-07-29,31.105485354317086,15.2,0.0
2064-07-30,30.7,15.1,0.0
2064-07-31,28.271797631862206,16.462422150630733,0.0
2064-08-01,29.6,15.3,0.0
2064-08-02,29.1,16.2,0.0
2064-08-03,26.74723717258701,15.6,0.0
2064-08-04,26.7,14.6,0.0
2064-08-05,24.7,14.711297795666207,0.0
2064-08-06,24.1,11.3,0.0
2064-08-07,25.0,9.2,0.0
2064-08-08,25.5,10.0,0.0
2064-08-09,25.0,11.8,0.0
2064-08-10,24.8,9.4,0.0
2064-08-11,27.0,7.1,0.0
2064-08-12,28.8,6.5,0.0
2064-08-13,29.2,6.562126034668349,0.0
2064-08-14,27.8,13.5,0.0
2064-08-15,27.2,14.0,0.0
2064-08-16,27.8,13.9,0.0
2064-08-17,27.4,12.445660182840854,0.0
2064-08-18,27.6,12.0,0.0
2064-08-19,27.0,11.9,0.0
2064-08-20,27.0,12.5,0.0
2064-08-21,26.3,12.8,0.0
2064-08-22,26.6,11.9,0.0
2064-08-23,26.7,13.0,0.0
2064-08-24,26.9,13.0,0.0
2064-08-25,28.82647220982435,12.9,0.0
2064-08-26,30.9,14.1,0.0
2064-08-27,32.56480914134304,15.2,0.0
2064-08-28,37.67919921875,16.4,0.0
2064-08-29,37.689208984375,16.93171567238871,0.0
2064-08-30,31.8,17.428933245971187,0.0
2064-08-31,29.5,16.7,0.0
2064-09-01,29.2,14.4,0.0
2064-09-02,33.0,13.5,0.0
2064-09-03,35.3,15.2,0.0
2064-09-04,39.622314453125,16.5,0.0
2064-09-05,39.355712890625,13.2,0.0
2064-09-06,35.2,22.828061226449012,0.0
2064-09-07,33.6,20.6,0.0
2064-09-08,32.90090296407774,20.5,0.0
2064-09-09,32.4,19.7,0.0
2064-09-10,33.0,19.3,0.0
2064-09-11,34.7,19.0,0.0
2064-09-12,36.20959920322391,19.684411349757667,0.0
2064-09-13,36.61896525999185,21.34074431123745,0.0
2064-09-14,36.97672899994752,20.5,0.0
2064-09-15,39.554443359375,20.5,0.0
2064-09-16,39.247314453125,22.261617501470713,0.0
2064-09-17,36.43386741769815,21.422087641961575,0.0
2064-09-18,30.3,18.9,0.0
2064-09-19,30.0,17.6,0.0
2064-09-20,32.0,17.8,0.0
2064-09-21,34.8,18.272790279798063,0.0
2064-09-22,34.7,19.69139987401499,0.0
2064-09-23,36.5858134076407,19.6,0.0
2064-09-24,39.456787109375,20.0,0.0
2064-09-25,36.47599789672771,22.765772351583593,0.0
2064-09-26,35.82917620885953,20.5,0.0
2064-09-27,36.46425661568669,20.5,0.0
2064-09-28,36.83997760899916,20.49431754643506,0.0
2064-09-29,36.164698340140035,20.5,0.0
2064-09-30,35.6,20.2,0.0
2064-10-01,38.0,20.6,0.0
2064-10-02,38.04953393899703,21.0,0.0
2064-10-03,37.0,21.7,0.0
2064-10-04,37.0,21.7,0.0
2064-10-05,36.89892357373519,23.38843786719692,0.0
2064-10-06,34.9,20.9,0.0
2064-10-07,35.2,21.4,0.0
2064-10-08,33.3,21.0,0.0
2064-10-09,36.5,22.95189003166421,0.0
2064-10-10,37.0,22.0,0.0
2064-10-11,38.0,21.6,0.0
2064-10-12,38.0,20.7,0.0
2064-10-13,35.6,20.46327393055056,2.532
2064-10-14,33.0,18.9,0.8560000000000001
2064-10-15,32.5,18.5,0.4
2064-10-16,31.5,18.2,22.468000000000057
2064-10-17,34.7,19.7,0.0
2064-10-18,34.0,18.0,0.0
2064-10-19,29.3,17.9,3.968000000000002
2064-10-20,31.9,15.4,0.0
2064-10-21,32.05037674919268,13.2,0.0
2064-10-22,33.2,13.1,0.0
2064-10-23,32.0,19.5,0.0
2064-10-24,31.5,19.4,0.0
2064-10-25,31.5,18.3,0.0
2064-10-26,31.8,17.3,0.0
2064-10-27,33.1,16.6,0.0
2064-10-28,34.5,16.0,0.0
2064-10-29,35.727341227125926,16.9,0.0
2064-10-30,36.0,19.6,0.0
2064-10-31,38.25731781460008,20.7,0.0
2064-11-01,40.80517578125,23.2,0.0
2064-11-02,41.515380859375,23.2,0.0
2064-11-03,41.7431640625,20.7,0.0
2064-11-04,40.675048828125,20.4,0.0
2064-11-05,35.2,19.9,0.0
2064-11-06,33.2,19.9,0.0
2064-11-07,36.0,20.0,0.0
2064-11-08,38.210995361890205,21.4,0.0
2064-11-09,36.55989988876528,22.978002340639083,0.0
2064-11-10,36.74285221126922,22.490822873229348,0.0
2064-11-11,37.71546625880606,22.55132465939303,0.0
2064-11-12,40.344482421875,21.411095104659907,0.0
2064-11-13,40.336669921875,20.5,0.0
2064-11-14,40.81982421875,19.9,0.0
2064-11-15,41.08642578125,22.1,0.0
2064-11-16,40.662841796875,24.30185546875,0.0
2064-11-17,40.422607421875,22.57250500950624,0.0
2064-11-18,39.553955078125,20.9,0.0
2064-11-19,29.784666177549525,19.6,1.4
2064-11-20,28.0,19.5,0.0
2064-11-21,31.1,18.9,0.0
2064-11-22,32.6,19.5,0.0
2064-11-23,33.2,19.350103348150913,0.0
2064-11-24,34.8,18.4,0.0
2064-11-25,37.82687673512118,19.5,0.0
2064-11-26,36.04838055355623,22.3,0.0
2064-11-27,36.2,20.7,0.0
2064-11-28,38.70814033778937,20.7,0.0
2064-11-29,37.39637246821008,20.7,0.0
2064-11-30,37.1153515227173,20.5,0.0
2064-12-01,35.040576171875,21.805184155197054,0.0
2064-12-02,35.176806640625,21.0,0.0
2064-12-03,34.549365234375,23.149017333984375,0.0
2064-12-04,33.7,20.0,2.0
2064-12-05,24.0,18.738230355220665,24.922851063829782
2064-12-06,24.1,18.7,12.26829787234043
2064-12-07,27.6,19.8,0.9
2064-12-08,30.2,19.838796674548682,49.170212765957494
2064-12-09,28.3,19.9,23.8
2064-12-10,27.65823466092572,20.0,0.0
2064-12-11,30.3,19.71073658311548,0.0
2064-12-12,30.0,20.5,0.0
2064-12-13,30.5,19.664196105294064,24.922851063829782
2064-12-14,26.6,19.7,9.4
2064-12-15,29.7,19.2,25.813049645390066
2064-12-16,30.0,19.6,26.4
2064-12-17,27.7,19.7,11.0
2064-12-18,30.1,19.4,14.946382978723415
2064-12-19,23.7,19.2,29.586382978723403
2064-12-20,24.0,19.2,6.6
2064-12-21,27.2,19.2,0.3
2064-12-22,25.3,19.3,0.0
2064-12-23,29.1,18.6,2.3
2064-12-24,29.0,18.0,1.9
2064-12-25,26.4,20.0,13.520957446808513
2064-12-26,25.0,20.0,2.0
2064-12-27,26.0,19.8,0.5266382978723402
2064-12-28,27.3,20.004851385784978,30.17597872340426
2064-12-29,25.8,19.8,9.210957446808512
2064-12-30,23.859449484853144,18.5,0.2
2064-12-31,25.6,17.3,0.0
2065-01-01,28.2,16.6,0.0
2065-01-02,29.3,17.3,0.0
2065-01-03,29.2,17.4,0.0
2065-01-04,29.5,17.0,0.0
2065-01-05,29.9,17.0,0.0
2065-01-06,29.6,16.9,0.0
2065-01-07,30.2,17.0,7.85
2065-01-08,24.0,19.2,69.0
2065-01-09,28.2,19.3,15.8
2065-01-10,31.0,19.4,33.77499999999999
2065-01-11,28.0,19.4,13.9
2065-01-12,29.2,19.6,42.96363636363636
2065-01-13,27.9,19.6,3.2
2065-01-14,29.5,18.8,0.0
2065-01-15,27.3,18.2,0.3
2065-01-16,28.2,18.8,6.3
2065-01-17,28.8,19.2,27.0
2065-01-18,28.4,19.3,14.2
2065-01-19,27.070334845455946,19.2,5.8
2065-01-20,29.5,18.6,2.7
2065-01-21,30.2,18.9,9.4
2065-01-22,29.5,19.425595859651214,29.933333333333334
2065-01-23,27.5,19.3,29.711111111111112
2065-01-24,25.0,19.6,5.4
2065-01-25,27.0,19.597827707966413,28.0
2065-01-26,26.2,19.5,42.978181818181824
2065-01-27,24.5,19.303956704571274,69.28601694915257
2065-01-28,27.7,19.6,8.4
2065-01-29,28.1,19.6,23.0
2065-01-30,24.6,19.5,62.40322580645158
2065-01-31,27.2,18.4,5.2
2065-02-01,29.2,18.6,3.90498845265589
2065-02-02,28.6,17.8,3.2
2065-02-03,27.1,18.8,0.8
2065-02-04,25.9,18.9,1.6
2065-02-05,27.0,18.9,22.030484988452656
2065-02-06,24.5,18.9,22.655592213790836
2065-02-07,26.7,19.0,4.0
2065-02-08,27.0,18.1,0.0
2065-02-09,27.0,19.2,1.4
2065-02-10,28.9,19.0,5.6
2065-02-11,29.0,19.0,51.051039260970015
2065-02-12,27.2,18.9,21.10184757505774
2065-02-13,27.0,19.0,25.333487297921476
2065-02-14,28.0,18.7,1.3
2065-02-15,28.2,18.9,2.2
2065-02-16,29.5,19.0,14.192840646651273
2065-02-17,28.5,19.2,22.030484988452656
2065-02-18,25.3,19.0,15.0
2065-02-19,24.9,19.0,8.72771362586605
2065-02-20,28.521752713129665,19.0,52.46484988452659
2065-02-21,26.5,18.9,41.90484988452656
2065-02-22,25.6,18.5,3.0
2065-02-23,25.3,18.2,0.0
2065-02-24,25.5,16.1,0.0
2065-02-25,26.0,15.6,0.0
2065-02-26,27.0,14.26943588693119,0.0
2065-02-27,28.5,16.4,0.0
2065-02-28,28.5,19.2,0.0
2065-03-01,27.2,19.0,0.0
2065-03-02,27.0,17.7,0.0
2065-03-03,28.1,16.3,0.0
2065-03-04,29.4,15.6,0.0
2065-03-05,29.6,16.0,0.0
2065-03-06,29.9,16.515132039002772,0.0
2065-03-07,30.2,16.9,0.0
2065-03-08,28.4,17.9,0.0
2065-03-09,28.5,17.9,0.0
2065-03-10,29.5,17.9,0.0
2065-03-11,31.5,17.293263621918037,0.0
2065-03-12,30.5,19.9,0.0
2065-03-13,28.9,18.8,0.0
2065-03-14,27.0,18.8,0.0
2065-03-15,28.7,18.86777924172848,0.0
2065-03-16,29.5,17.8,0.0
2065-03-17,30.3,17.7,0.0
2065-03-18,29.9,18.5,0.0
2065-03-19,29.6,18.6,0.0
2065-03-20,30.245957446808507,18.8,0.0
2065-03-21,28.1,19.6,0.0
2065-03-22,30.513861386138615,18.7,0.0
2065-03-23,33.0,18.9,0.0
2065-03-24,33.0,19.2,0.0
2065-03-25,31.28214285714286,19.9,0.0
2065-03-26,30.2,19.713103652448055,0.0
2065-03-27,29.9,17.3,0.0
2065-03-28,29.313461538461535,16.6,0.0
2065-03-29,30.1,15.7,0.0
2065-03-30,31.1,16.2,0.0
2065-03-31,31.0,17.7,0.0
2065-04-01,30.4,18.0,0.0
2065-04-02,29.9,16.9,0.0
2065-04-03,31.388392857142858,17.0,0.0
2065-04-04,32.83017241379311,18.6,0.0
2065-04-05,33.1140350877193,19.7,0.0
2065-04-06,31.96082474226804,19.442345585449033,0.0
2065-04-07,29.6,19.48997726411518,0.0
2065-04-08,24.72529411764706,19.0,14.378787878787872
2065-04-09,29.4234693877551,18.80654545454545,0.0
2065-04-10,31.7,17.6,0.0
2065-04-11,33.81255886970172,17.6,0.0
2065-04-12,35.72802734375,18.4,0.0
2065-04-13,31.31629464285714,18.4,0.0
2065-04-14,30.27368421052632,15.0,0.0
2065-04-15,30.7,12.5,0.0
2065-04-16,31.8,15.785526315789474,0.0
2065-04-17,34.18489208633094,17.0,0.0
2065-04-18,27.2,19.0,10.842857142857142
2065-04-19,29.0,19.0,0.0
2065-04-20,28.4,18.4,0.0
2065-04-21,28.4,18.7,0.0
2065-04-22,30.9,17.5,0.0
2065-04-23,30.7,18.6,0.0
2065-04-24,29.4,18.2,0.0
2065-04-25,30.9,18.3,0.0
2065-04-26,32.15,18.8,0.0
2065-04-27,32.5,18.6,0.0
2065-04-28,33.19649122807017,17.6,0.0
2065-04-29,37.04443359375,18.6,0.0
2065-04-30,32.0,19.6366805608185,0.0
2065-05-01,30.3,20.662109375,0.0
2065-05-02,31.0,17.8,0.0
2065-05-03,31.6,15.9,0.0
2065-05-04,31.6,15.6,0.0
2065-05-05,29.2,15.6,0.0
2065-05-06,30.392876015265664,13.6,0.0
2065-05-07,31.060714732735164,13.9,0.0
2065-05-08,31.8117769157341,14.9,0.0
2065-05-09,27.6,17.872673116908864,0.0
2065-05-10,29.2,15.9,0.0
2065-05-11,29.909041980624316,15.0,0.0
2065-05-12,30.0,13.5,0.0
2065-05-13,29.7,13.9,0.0
2065-05-14,28.5,14.5,0.0
2065-05-15,27.6,14.0,0.0
2065-05-16,28.4,12.2,0.0
2065-05-17,29.57201582637534,12.2,0.0
2065-05-18,30.4,12.9,0.0
2065-05-19,32.512607964084836,14.0,0.0
2065-05-20,33.59260708127206,15.0,0.0
2065-05-21,32.37498117172489,16.0,0.0
2065-05-22,30.2,15.2,0.0
2065-05-23,29.1,15.2,0.0
2065-05-24,24.5,18.13741361289213,0.0
2065-05-25,22.7283296762441,17.08244107115394,0.0
2065-05-26,27.9,16.298997973785845,0.0
2065-05-27,27.0,15.2,0.0
2065-05-28,27.5,14.6,0.0
2065-05-29,29.38912577150335,16.3,0.0
2065-05-30,29.3,14.2,0.0
2065-05-31,29.5,11.9,0.0
2065-06-01,27.3,12.5,0.0
2065-06-02,28.73514441828849,12.1,0.0
2065-06-03,30.4,12.7,0.0
2065-06-04,27.4,14.6621855275551,0.0
2065-06-05,27.9,12.921392233200294,0.0
2065-06-06,30.4,13.7,0.0
2065-06-07,26.506913595751563,15.9,0.0
2065-06-08,23.2,15.010692719802059,0.0
2065-06-09,25.3,12.9,0.0
2065-06-10,26.6,13.6,0.0
2065-06-11,26.9,16.955588637686464,0.0
2065-06-12,26.2,14.7,0.0
2065-06-13,27.2,13.0,0.0
2065-06-14,27.8,14.1,0.0
2065-06-15,26.6,14.5,0.0
2065-06-16,25.6,12.2,0.0
2065-06-17,26.6,12.4,0.0
2065-06-18,28.6,13.338133279401358,0.0
2065-06-19,29.9,14.5,0.0
2065-06-20,29.5,14.5,0.0
2065-06-21,29.2,14.137663732833696,0.0
2065-06-22,27.8,14.4,0.0
2065-06-23,26.5,13.28182326974067,0.0
2065-06-24,25.7,11.603504804974564,0.0
2065-06-25,25.944673219677192,11.5,0.0
2065-06-26,26.4,11.8,0.0
2065-06-27,26.9,12.6,0.0
2065-06-28,26.7,12.946536183995294,0.0
2065-06-29,26.6,12.717312619514823,0.0
2065-06-30,26.6,12.6,0.0
2065-07-01,26.0,12.9,0.0
2065-07-02,24.7,12.4,0.0
2065-07-03,23.5,11.6,0.0
2065-07-04,23.3,10.3,0.0
2065-07-05,23.7,14.2,0.0
2065-07-06,25.2,12.1,0.0
2065-07-07,26.7,14.3,0.0
2065-07-08,27.7,14.2,0.0
2065-07-09,27.6,15.0,0.0
2065-07-10,26.0,14.2,0.0
2065-07-11,24.9,11.7,0.0
2065-07-12,25.1,10.6,0.0
2065-07-13,25.9,10.7,0.0
2065-07-14,25.9,11.30234294482743,0.0
2065-07-15,26.4,11.0,0.0
2065-07-16,27.3,12.0,0.0
2065-07-17,26.7,13.6,0.0
2065-07-18,26.3,13.0,0.0
2065-07-19,27.5,13.6,0.0
2065-07-20,27.7,13.8,0.0
2065-07-21,27.3,13.6,0.0
2065-07-22,28.2,12.237345872169513,0.0
2065-07-23,25.556315034086825,15.2,0.0
2065-07-24,23.1,13.0707929673484,0.0
2065-07-25,19.0,12.904254223803061,0.0
2065-07-26,22.3,10.0,0.0
2065-07-27,22.7,9.8,0.0
2065-07-28,23.7,10.7,0.0
2065-07-29,25.2,11.74562253318981,0.0
2065-07-30,26.7,12.4,0.0
2065-07-31,26.7,14.6,0.0
2065-08-01,25.3,13.0,0.0
2065-08-02,26.7,13.0,0.0
2065-08-03,28.7,14.2,0.0
2065-08-04,31.1,15.347308080031432,0.0
2065-08-05,30.80621367061356,15.4,0.0
2065-08-06,28.7,15.6,0.0
2065-08-07,28.3,13.4,0.0
2065-08-08,29.5,13.0,0.0
2065-08-09,29.0,14.5,0.0
2065-08-10,27.7,14.6,0.0
2065-08-11,25.3,14.4,0.0
2065-08-12,24.9,12.6,0.0
2065-08-13,26.7,12.4,0.0
2065-08-14,28.7,13.9,0.0
2065-08-15,28.7,14.7,0.0
2065-08-16,28.7,14.0,0.0
2065-08-17,30.2,13.5,0.0
2065-08-18,30.0,14.1,0.0
2065-08-19,30.4,13.1,0.0
2065-08-20,32.23240305600039,13.0,0.0
2065-08-21,32.9098017844355,14.0,0.0
2065-08-22,31.2,15.2,0.0
2065-08-23,31.0,15.5,0.0
2065-08-24,30.4,16.532817432678122,0.0
2065-08-25,29.5,15.974907231314713,0.0
2065-08-26,30.5,15.4,0.0
2065-08-27,30.7,15.7,0.0
2065-08-28,30.7,15.708983191189859,0.0
2065-08-29,30.8,16.7,0.0
2065-08-30,29.5,16.86777759889084,0.0
2065-08-31,30.9,16.7,0.0
2065-09-01,32.95854544264869,16.961748347837467,0.0
2065-09-02,30.3,18.7,0.0
2065-09-03,27.9,16.2,0.0
2065-09-04,29.1,13.8,0.0
2065-09-05,30.7,14.2,0.0
2065-09-06,28.9,16.9,0.0
2065-09-07,28.7,14.9,0.0
2065-09-08,30.0,14.7,0.0
2065-09-09,31.0,14.9,0.0
2065-09-10,32.3,16.0,0.0
2065-09-11,33.9,16.6,0.0
2065-09-12,29.785981371242777,18.71930948917601,0.0
2065-09-13,27.0,15.5,0.0
2065-09-14,29.1,14.1,0.0
2065-09-15,30.2,14.5,0.0
2065-09-16,34.8,15.5,0.0
2065-09-17,36.25001772718538,17.9,0.0
2065-09-18,30.5,19.2,0.0
2065-09-19,29.4,16.0,0.0
2065-09-20,29.8,15.4,0.0
2065-09-21,29.0,15.2,0.0
2065-09-22,29.0,14.2,0.0
2065-09-23,30.7,14.859714497589914,0.0
2065-09-24,33.0,16.9,0.0
2065-09-25,39.907470703125,19.0,0.0
2065-09-26,39.580078125,22.885732133005458,0.0
2065-09-27,34.6,21.2,0.0
2065-09-28,32.2,19.9,0.0
2065-09-29,33.8690591885721,19.7,0.0
2065-09-30,36.67698100160624,19.7,0.0
2065-10-01,36.0,18.9,0.0
2065-10-02,36.5,23.44527311967657,0.0
2065-10-03,35.6,22.898532681715658,0.0
2065-10-04,35.2,22.930431827646075,0.0
2065-10-05,33.3,21.2,0.0
2065-10-06,33.1,19.781562355835757,0.0
2065-10-07,34.7,19.0,0.0
2065-10-08,35.747470398277706,19.6,0.0
2065-10-09,36.0,20.1,0.0
2065-10-10,38.22776894617153,20.4,0.0
2065-10-11,37.57218386444418,21.7,0.0
2065-10-12,33.8,20.9,0.0
2065-10-13,33.9,20.0,0.0
2065-10-14,35.1,20.3,0.0
2065-10-15,36.3,20.5,0.0
2065-10-16,37.0,21.7,0.0
2065-10-17,36.77333579593496,22.145528650704893,0.0
2065-10-18,34.6,21.92238042659742,0.0
2065-10-19,35.0,23.0,0.0
2065-10-20,33.9,23.41954658624967,0.0
2065-10-21,34.9,22.1,0.0
2065-10-22,34.3,23.457607998303477,0.0
2065-10-23,35.5,23.341656053048904,0.0
2065-10-24,38.0,23.771324981256033,0.0
2065-10-25,36.3,23.392237405401833,0.0
2065-10-26,36.3,21.915037166735182,0.0
2065-10-27,37.859694944858504,23.728731549567883,0.0
2065-10-28,34.3,21.2,0.0
2065-10-29,31.4,18.9,0.0
2065-10-30,32.1,18.7,0.0
2065-10-31,34.7,19.9,0.0
2065-11-01,37.07166138018467,21.402255491327136,0.0
2065-11-02,39.63916015625,22.3,0.0
2065-11-03,41.1767578125,22.4,0.0
2065-11-04,42.09130859375,23.38701358615856,0.0
2065-11-05,38.51464079627172,23.21080870279146,0.0
2065-11-06,37.09554170653791,21.5,0.0
2065-11-07,37.2,21.553927071020148,0.0
2065-11-08,35.3,21.7,1.4212598425196852
2065-11-09,29.0,20.0,5.1
2065-11-10,28.6,19.5,0.0
2065-11-11,29.0,19.9,10.097121062992123
2065-11-12,28.6,19.9,5.6
2065-11-13,29.289078399868163,20.0,2.3318897637795275
2065-11-14,30.2,19.6,2.8
2065-11-15,30.7,19.329792590479354,10.078297244094486
2065-11-16,28.9,19.3,0.0
2065-11-17,30.5,19.5,0.0
2065-11-18,31.5,19.8,3.8440944881889765
2065-11-19,31.2,19.2,12.491338582677173
2065-11-20,30.5,19.5,0.9779527559055118
2065-11-21,31.2,20.0,0.0
2065-11-22,31.0,19.5,0.7
2065-11-23,29.4,19.4,12.357480314960632
2065-11-24,30.3,18.9,0.0
2065-11-25,29.9,19.5,64.4669853768279
2065-11-26,28.7,19.4,37.37414698162733
2065-11-27,29.0,19.2,0.9
2065-11-28,30.8,19.4,15.769586614173226
2065-11-29,30.4,19.7,2.0
2065-11-30,28.9,19.60849046833648,10.738582677165356
2065-12-01,29.1,19.5,30.08578723404255
2065-12-02,30.9,20.2,43.14478723404255
2065-12-03,26.5,19.9,29.96553191489362
2065-12-04,27.9,19.9,18.8
2065-12-05,28.7,20.0,43.07234042553192
2065-12-06,26.8,20.148230045048393,1.0
2065-12-07,27.3,20.0,2.4
2065-12-08,28.4,20.1,36.80573348264283
2065-12-09,25.799973816658422,19.8,37.39646136618141
2065-12-10,24.5,19.9,75.69890518487894
2065-12-11,25.6,19.8,0.0
2065-12-12,29.6,17.8,0.0
2065-12-13,30.7,17.1,0.0
2065-12-14,31.116663361849174,19.0,0.0
2065-12-15,31.6,17.9,0.0
2065-12-16,30.7,18.0,0.0
2065-12-17,30.0,19.3,0.0
2065-12-18,30.9,20.2,0.0
2065-12-19,30.1,19.9,0.0
2065-12-20,29.4,17.6,0.0
2065-12-21,30.0,17.0,0.0
2065-12-22,29.7,17.207705048106263,0.0
2065-12-23,29.4,17.1,0.0
2065-12-24,29.4,19.2,0.0
2065-12-25,29.9,19.9,0.0
2065-12-26,30.8,20.0,0.0
2065-12-27,31.1,18.7,0.0
2065-12-28,31.4,17.9,0.0
2065-12-29,31.9,16.7,0.0
2065-12-30,33.7,16.9,0.0
2065-12-31,33.81873286349692,17.2,0.0
2066-01-01,32.2,17.7,0.0
2066-01-02,31.2,19.9,1.0
2066-01-03,30.2,19.2,0.0
2066-01-04,30.0,18.9,0.0
2066-01-05,30.684678866164333,19.2,0.0
2066-01-06,32.6,17.9,0.0
2066-01-07,35.93847774452726,18.3,0.0
2066-01-08,37.562451171875,19.3,0.0
2066-01-09,34.89434413971454,19.9,0.0
2066-01-10,32.6,19.9,0.0
2066-01-11,31.6,20.09993219419088,7.2
2066-01-12,29.9,19.5,20.7
2066-01-13,27.6,19.6,3.666666666666667
2066-01-14,30.0,19.4,49.5
2066-01-15,27.8,19.6,20.9
2066-01-16,29.1,19.4,1.5
2066-01-17,29.2,18.2,1.4
2066-01-18,28.4,19.2,1.0
2066-01-19,30.4,19.8,0.8
2066-01-20,31.7,19.6,2.5500000000000016
2066-01-21,37.6095703125,19.8,9.6
2066-01-22,32.6,19.2,3.2
2066-01-23,31.8,19.6,18.2
2066-01-24,29.2,19.6,1.0
2066-01-25,28.4,19.6,17.3
2066-01-26,28.1,19.4,37.471428571428575
2066-01-27,29.0,19.8,6.0
2066-01-28,29.1,19.81828460890595,16.5
2066-01-29,25.6,19.6,22.360000000000003
2066-01-30,27.2,19.6,41.10000000000001
2066-01-31,25.1,19.6,58.66799999999999
2066-02-01,24.7,18.9,4.4
2066-02-02,30.2,18.5,2.4
2066-02-03,29.0,18.7,2.8
2066-02-04,24.5,18.3,3.90498845265589
2066-02-05,27.1,18.9,34.174826789838356
2066-02-06,27.9,19.0,4.4
2066-02-07,29.9,18.65346959983773,7.867898383371826
2066-02-08,27.5,18.8,3.6
2066-02-09,24.0,18.552375863830445,4.091685912240185
2066-02-10,24.9,18.2,3.0
2066-02-11,25.5,19.0,3.26743648960739
2066-02-12,25.0,18.7,7.867898383371826
2066-02-13,26.6,18.8,23.33035301880567
2066-02-14,26.9,19.0,7.5644341801385675
2066-02-15,28.8,18.9,4.4
2066-02-16,29.7,18.9,0.0
2066-02-17,29.9,19.0,8.285450346420324
2066-02-18,29.9,19.0,9.6
2066-02-19,28.7,19.0,16.753348729792155
2066-02-20,25.3,18.9,3.6
2066-02-21,26.2,18.8,4.397228637413398
2066-02-22,29.0,18.983417265903114,4.4
2066-02-23,29.5,19.0,3.0
2066-02-24,28.9,19.0,3.8
2066-02-25,29.0,19.2,9.2
2066-02-26,28.5,19.0,9.6
2066-02-27,29.0,19.0,27.015242494226335
2066-02-28,24.4,18.5,80.16961057577448
2066-03-01,22.986666666666668,17.9,5.5894265232974885
2066-03-02,25.5,17.9,22.200868486352373
2066-03-03,28.1,18.8,1.0
2066-03-04,27.7,18.8,1.2
2066-03-05,29.2,18.2,0.0
2066-03-06,29.593750000000004,18.5,0.0
2066-03-07,28.9,18.3,0.0
2066-03-08,26.5,17.8,0.0
2066-03-09,27.0,18.3,1.4
2066-03-10,27.6,18.8,1.2
2066-03-11,28.018518518518515,18.882926618148126,0.0
2066-03-12,29.0,19.2,10.9
2066-03-13,28.4,19.3,18.054193548387087
2066-03-14,28.1,18.9,2.0
2066-03-15,27.7,19.0,1.6
2066-03-16,28.7,17.3,0.0
2066-03-17,29.6,16.7,0.0
2066-03-18,30.231914893617024,15.7,0.0
2066-03-19,29.0,17.3,0.0
2066-03-20,26.695774647887323,17.36167023503944,0.0
2066-03-21,27.0,16.4,0.0
2066-03-22,29.0,15.5,0.0
2066-03-23,28.6,16.4,0.0
2066-03-24,28.9,15.0,0.0
2066-03-25,30.153521126760563,16.7,2.4
2066-03-26,27.6,18.8,19.208064516129035
2066-03-27,30.0,18.8,8.788709677419355
2066-03-28,29.5,18.8,4.527956989247312
2066-03-29,29.0,18.8,1.7
2066-03-30,29.9,18.516179898630572,0.9
2066-03-31,29.5,18.5,3.4
2066-04-01,31.146099290780143,19.055555555555554,0.0
2066-04-02,30.4,18.8,5.5
2066-04-03,25.6,18.9,16.771428571428572
2066-04-04,27.2,15.0,0.0
2066-04-05,28.2,13.7,0.0
2066-04-06,28.367499999999996,14.7,0.0
2066-04-07,27.4,16.0,0.0
2066-04-08,26.9,16.5,0.0
2066-04-09,26.8,14.9,0.0
2066-04-10,25.8,14.4,0.0
2066-04-11,25.6,14.1,0.0
2066-04-12,24.6,17.2,0.0
2066-04-13,25.9,17.3,0.0
2066-04-14,26.6,16.7,0.0
2066-04-15,25.5,19.0,0.0
2066-04-16,23.3,18.50059701492537,0.0
2066-04-17,26.6,17.8,0.0
2066-04-18,28.6,14.9,0.0
2066-04-19,27.2,13.2,0.0
2066-04-20,26.0,12.5,0.0
2066-04-21,25.2,16.5,0.0
2066-04-22,28.1,15.0,0.0
2066-04-23,25.5,15.516510903426788,0.0
2066-04-24,26.0,15.9,0.0
2066-04-25,25.8,14.0,0.0
2066-04-26,27.2,12.8,0.0
2066-04-27,27.4,16.5,0.0
2066-04-28,27.9,16.7,0.0
2066-04-29,25.0,15.591277258566976,0.0
2066-04-30,26.6,16.4,0.0
2066-05-01,28.6,16.886565175047405,0.0
2066-05-02,29.3,15.0,0.0
2066-05-03,30.9,13.5,0.0
2066-05-04,30.883255948460057,14.4,0.0
2066-05-05,30.0,14.9,0.0
2066-05-06,28.9,13.818586293505552,0.0
2066-05-07,29.2,12.4,0.0
2066-05-08,29.922563037617746,12.2,0.0
2066-05-09,30.0,13.664876844171463,0.0
2066-05-10,29.919542375949,17.4,0.0
2066-05-11,30.34541770519734,19.646728515625,0.0
2066-05-12,30.7,17.955132320975537,0.0
2066-05-13,29.9,16.3,0.0
2066-05-14,28.6,12.5,0.0
2066-05-15,29.1,12.030338543640738,0.0
2066-05-16,26.5,12.9,0.0
2066-05-17,27.878985083807464,13.1,0.0
2066-05-18,28.1,12.4,0.0
2066-05-19,28.0,12.6,0.0
2066-05-20,27.27619140816126,12.4,0.0
2066-05-21,27.0,11.0,0.0
2066-05-22,27.0,9.5,0.0
2066-05-23,27.6,8.8,0.0
2066-05-24,28.9,9.6,0.0
2066-05-25,29.474908132586016,11.8,0.0
2066-05-26,29.7,12.222745213165007,0.0
2066-05-27,29.7,11.7,0.0
2066-05-28,28.0,11.9,0.0
2066-05-29,26.6,10.7,0.0
2066-05-30,25.0,9.0,0.0
2066-05-31,26.4,6.5,0.0
2066-06-01,26.2,7.9,0.0
2066-06-02,26.3,8.9,0.0
2066-06-03,24.5,10.7,0.0
2066-06-04,25.0,8.0,0.0
2066-06-05,25.0,9.0,0.0
2066-06-06,24.8,10.0,0.0
2066-06-07,25.7,11.2,0.0
2066-06-08,25.6,16.97272309971332,0.0
2066-06-09,23.4,14.380234863035058,0.0
2066-06-10,24.8,12.6,0.0
2066-06-11,24.808050611790883,11.5,0.0
2066-06-12,22.3,17.094509583658,0.0
2066-06-13,23.5,16.731405800115297,0.0
2066-06-14,25.7,14.3,0.0
2066-06-15,25.7,13.0,0.0
2066-06-16,23.7,11.9,0.0
2066-06-17,23.0,10.0,0.0
2066-06-18,24.4,12.3,0.0
2066-06-19,26.2,11.4,0.0
2066-06-20,28.5,11.9,0.0
2066-06-21,29.5,13.8,0.0
2066-06-22,30.93692214446498,15.9,0.0
2066-06-23,30.370988589135926,14.5,0.0
2066-06-24,28.985722745496602,14.4,0.0
2066-06-25,26.9,14.7,0.0
2066-06-26,25.7,13.8,0.0
2066-06-27,24.3,12.6,0.0
2066-06-28,23.0,10.5,0.0
2066-06-29,24.0,9.0,0.0
2066-06-30,24.5,10.0,0.0
2066-07-01,22.6,10.5,0.0
2066-07-02,22.5,9.8,0.0
2066-07-03,23.2,10.0,0.0
2066-07-04,26.4,10.5,0.0
2066-07-05,28.2,11.7,0.0
2066-07-06,29.5,12.9,0.0
2066-07-07,30.9143985762887,15.3,0.0
2066-07-08,29.7,16.380759321047016,0.0
2066-07-09,28.537982999888634,15.3,0.0
2066-07-10,27.7,13.850540594606437,0.0
2066-07-11,27.6,12.5,0.0
2066-07-12,26.30704329422925,12.2,0.0
2066-07-13,26.2,13.0,0.0
2066-07-14,26.6,14.2,0.0
2066-07-15,26.7,14.2,0.0
2066-07-16,26.0,14.2,0.0
2066-07-17,25.3,13.4,0.0
2066-07-18,25.9,12.9,0.0
2066-07-19,26.7,13.0,0.0
2066-07-20,26.7,14.128217414956522,0.0
2066-07-21,27.126539743473348,13.8,0.0
2066-07-22,26.0,13.6,0.0
2066-07-23,25.2,12.9,0.0
2066-07-24,25.4,11.7,0.0
2066-07-25,26.4,10.5,0.0
2066-07-26,25.9,13.0,0.0
2066-07-27,24.7,12.2,0.0
2066-07-28,23.7,12.9,0.0
2066-07-29,24.08437368987592,10.6,0.0
2066-07-30,24.5,10.5,0.0
2066-07-31,26.950065855892586,11.4,0.0
2066-08-01,29.60074343108936,11.9,0.0
2066-08-02,30.262971658924585,13.5,0.0
2066-08-03,29.0,15.3,0.0
2066-08-04,28.4,14.5,0.0
2066-08-05,28.8,13.1,0.0
2066-08-06,29.0,13.2,0.0
2066-08-07,29.3,14.2,0.0
2066-08-08,29.872919669409423,15.2,0.0
2066-08-09,27.6,16.0,0.0
2066-08-10,26.7,14.2,0.0
2066-08-11,29.1,13.9,0.0
2066-08-12,31.9,14.6,0.0
2066-08-13,34.85994768052291,16.4,0.0
2066-08-14,28.8,17.7,0.0
2066-08-15,27.7,15.9,0.0
2066-08-16,29.1,14.5,0.0
2066-08-17,31.0,15.9,0.0
2066-08-18,31.2,16.7,0.0
2066-08-19,29.2,17.2,0.0
2066-08-20,28.2,15.4,0.0
2066-08-21,31.1,14.1,0.0
2066-08-22,31.0,15.4,0.0
2066-08-23,24.7,16.2,0.0
2066-08-24,24.3,13.7,0.0
2066-08-25,25.3,12.0,0.0
2066-08-26,27.8,12.3,0.0
2066-08-27,27.6,14.2,0.0
2066-08-28,26.4,14.2,0.0
2066-08-29,28.7,13.5,0.0
2066-08-30,31.0,15.4,0.0
2066-08-31,31.0,16.992596453458717,0.0
2066-09-01,30.829528535980153,16.5,0.0
2066-09-02,32.848053392658514,15.7,0.0
2066-09-03,36.14749776042048,18.1,0.0
2066-09-04,32.9,20.0,0.0
2066-09-05,28.2,17.4,0.0
2066-09-06,27.7,14.2,0.0
2066-09-07,28.2,14.2,0.0
2066-09-08,30.3,14.6,0.0
2066-09-09,32.0,16.127906976744185,0.0
2066-09-10,33.6,17.9,0.0
2066-09-11,35.2,18.9,0.0
2066-09-12,34.6,19.0,0.0
2066-09-13,34.776142073568344,18.2,0.0
2066-09-14,33.9,19.2,0.0
2066-09-15,32.0,18.8,0.0
2066-09-16,33.985389959700214,18.4,0.0
2066-09-17,37.39660317631434,19.5,0.0
2066-09-18,40.10107421875,22.83257180014618,0.0
2066-09-19,39.71337890625,21.2,0.0
2066-09-20,39.25146484375,20.6,0.0
2066-09-21,36.175938322927074,20.5,0.0
2066-09-22,34.3,20.1,0.0
2066-09-23,33.2,19.2,0.0
2066-09-24,34.4,18.8,0.0
2066-09-25,35.20099401225949,19.543834713467646,0.0
2066-09-26,34.6,20.297625799843622,0.0
2066-09-27,34.5,19.7,0.0
2066-09-28,39.047119140625,19.3,0.0
2066-09-29,40.5478515625,19.9,0.0
2066-09-30,40.2998046875,21.339592139414165,0.0
2066-10-01,38.0,21.6,0.0
2066-10-02,36.5,20.7,0.0
2066-10-03,36.0,20.0,0.0
2066-10-04,36.68509655127297,20.5,0.0
2066-10-05,35.5,21.4,0.0
2066-10-06,34.0,20.7,0.0
2066-10-07,33.2,19.7,0.0
2066-10-08,34.4,19.629991926803008,0.0
2066-10-09,36.5,20.1,0.0
2066-10-10,38.07861190912392,21.0,0.0
2066-10-11,38.0,22.143414465914894,0.0
2066-10-12,35.0,21.409064044019804,0.0
2066-10-13,36.0,20.5,0.0
2066-10-14,38.0,21.0,0.0
2066-10-15,38.160077315309344,21.41920819153701,0.0
2066-10-16,38.0915616124193,21.6,0.0
2066-10-17,38.256376017996764,21.409353876806005,0.0
2066-10-18,36.6,22.321712429392353,0.0
2066-10-19,34.0,21.2,0.0
2066-10-20,32.8,19.9,0.0
2066-10-21,34.9,18.9,0.0
2066-10-22,38.09144388784388,20.1,0.0
2066-10-23,38.88193359375,21.5,0.0
2066-10-24,38.0,23.0,0.0
2066-10-25,37.58435684146481,21.9,0.0
2066-10-26,38.0,20.5,0.0
2066-10-27,38.64462890625,21.0,0.0
2066-10-28,38.219175052166435,22.970005850142737,0.0
2066-10-29,38.25084296295239,22.0,0.0
2066-10-30,38.18585899732468,23.196079004137715,0.0
2066-10-31,38.10192137505557,21.81420137451352,0.0
2066-11-01,40.615478515625,22.9,0.0
2066-11-02,35.4,23.0,0.0
2066-11-03,37.05239429869513,22.480428754434897,0.0
2066-11-04,37.403749169740955,21.9,0.0
2066-11-05,35.4,21.3,0.0
2066-11-06,35.6,22.3,0.0
2066-11-07,33.0,19.5,1.6
2066-11-08,27.1,18.5,0.0
2066-11-09,27.604140790359192,17.4,0.0
2066-11-10,28.4,19.7,0.0
2066-11-11,32.1,19.7,2.943307086614173
2066-11-12,31.4,19.5,5.150393700787402
2066-11-13,31.1,19.5,34.49212598425197
2066-11-14,30.0,19.5,14.52696850393701
2066-11-15,30.4,19.3,5.305941302791698
2066-11-16,31.0,19.4,3.4
2066-11-17,30.0,19.4,14.350393700787402
2066-11-18,27.6,19.0,0.8
2066-11-19,30.5,19.0,1.6
2066-11-20,29.9,19.2,8.726771653543308
2066-11-21,31.0,19.4,10.078297244094486
2066-11-22,30.6,19.3,2.3
2066-11-23,29.9,19.6,0.0
2066-11-24,31.5,19.5226569827041,40.41811023622046
2066-11-25,27.5,19.569940807246144,10.237851518560179
2066-11-26,26.7,19.5,64.56737907761531
2066-11-27,26.0,19.0,63.233858267716585
2066-11-28,26.679209333900413,19.0,7.6838582677165475
2066-11-29,27.9,19.4,1.9279527559055116
2066-11-30,26.031877747762064,19.2,0.0
2066-12-01,24.0,18.4,1.7
2066-12-02,23.2,18.5,30.55617021276597
2066-12-03,23.9,17.6,7.0
2066-12-04,28.1,17.0,0.0
2066-12-05,30.1,16.6,0.0
2066-12-06,31.0,17.1,0.0
2066-12-07,31.6,17.5,0.0
2066-12-08,28.3,20.0,1.2
2066-12-09,29.9,19.2,0.0
2066-12-10,29.2,18.1,0.0
2066-12-11,28.2,17.3,0.0
2066-12-12,29.0,16.9,0.0
2066-12-13,30.0,17.1,0.0
2066-12-14,30.2,17.6,0.0
2066-12-15,32.0,17.5,0.0
2066-12-16,32.22477074845688,19.0,0.2
2066-12-17,27.5,19.9,4.3
2066-12-18,29.7,17.6,0.0
2066-12-19,30.9,17.2,0.0
2066-12-20,31.6,22.110274332867384,0.0
2066-12-21,32.33345437451458,22.415847248160485,0.0
2066-12-22,31.888523068928393,21.98540620107818,0.0
2066-12-23,33.1,21.729394348402348,0.0
2066-12-24,32.0,20.5,1.723617021276596
2066-12-25,30.86921228663693,20.2,14.17212765957447
2066-12-26,30.0,19.61277223918144,26.4
2066-12-27,29.8,19.81584850182638,0.0
2066-12-28,30.0,18.9,0.0
2066-12-29,31.4,20.1,0.0
2066-12-30,33.7,21.0,0.0
2066-12-31,32.0,23.074188232421875,0.0
2067-01-01,29.9,19.9,6.225
2067-01-02,29.8,19.6,6.8
2067-01-03,28.1,19.9,27.86666666666667
2067-01-04,25.7,19.6,59.91034482758621
2067-01-05,24.9,18.9,60.32083333333332
2067-01-06,23.76003665942279,18.3,1.0
2067-01-07,24.6,17.4,0.0
2067-01-08,26.663288066289706,17.9,0.0
2067-01-09,27.7,18.314169720572615,19.300000000000004
2067-01-10,27.9,19.0,11.0
2067-01-11,26.7,19.2,3.9
2067-01-12,29.0,19.3,8.849999999999998
2067-01-13,29.2,19.2,4.0
2067-01-14,27.5,19.2,5.233333333333334
2067-01-15,29.1,19.4,27.83333333333333
2067-01-16,27.1,18.8,17.5
2067-01-17,29.5,19.4,17.9
2067-01-18,28.5,19.536333593493843,7.2
2067-01-19,26.9,19.6,11.0
2067-01-20,27.5,19.6,16.0
2067-01-21,28.34089601853154,19.5,9.8
2067-01-22,29.9,19.6,10.7
2067-01-23,27.6,19.6,15.8
2067-01-24,24.6,19.5,3.5
2067-01-25,25.1,19.446710994311843,7.2
2067-01-26,26.2,18.5,1.8
2067-01-27,23.1,16.4,7.266666666666667
2067-01-28,29.0,15.5,0.0
2067-01-29,30.550787052011945,16.9,1.0
2067-01-30,28.2,19.5,7.4
2067-01-31,25.7,18.7,2.3
2067-02-01,28.0,18.0,1.3
2067-02-02,29.8,17.4,4.4
2067-02-03,29.659605591071617,17.5,0.0
2067-02-04,30.4,17.4,0.0
2067-02-05,30.6,16.5,0.0
2067-02-06,30.9,16.0,0.0
2067-02-07,31.8,16.7,0.0
2067-02-08,29.9,19.2,1.3
2067-02-09,30.5,18.0,0.6300230946882218
2067-02-10,29.7,19.1427786957039,12.5
2067-02-11,27.8,18.9,29.303002309468827
2067-02-12,28.4,17.8,15.041570438799079
2067-02-13,30.3,18.3,1.3
2067-02-14,29.6,19.0,3.0
2067-02-15,30.2,18.5,2.4
2067-02-16,29.5,19.0,13.944110854503464
2067-02-17,28.1,19.2,41.9891454965358
2067-02-18,29.1,19.0,64.78752886836054
2067-02-19,26.9,19.0,24.62032332563511
2067-02-20,26.0,18.8,1.5
2067-02-21,23.5,18.5,94.14374628283826
2067-02-22,24.4,18.5,48.68460354118555
2067-02-23,23.9,18.1,0.6300230946882218
2067-02-24,21.531938120952205,17.9,1.6
2067-02-25,26.0,17.9,0.0
2067-02-26,28.2,16.9,5.6
2067-02-27,27.4,17.7,1.4
2067-02-28,28.9,19.0,1.6
2067-03-01,30.4,19.8,3.4
2067-03-02,26.8,19.2,1.4
2067-03-03,25.2,18.4,10.029147465437786
2067-03-04,26.625352112676055,18.5,1.9
2067-03-05,28.5,16.8,0.0
2067-03-06,29.2,15.7,0.0
2067-03-07,30.1,15.8,0.0
2067-03-08,30.7,16.477549831981708,0.0
2067-03-09,30.9,16.5,0.0
2067-03-10,27.4,18.7,1.2
2067-03-11,25.51551724137931,18.5,1.4
2067-03-12,26.7,17.0,0.0
2067-03-13,26.4,15.135306781485468,0.0
2067-03-14,26.4,14.198755740063515,0.0
2067-03-15,28.2,14.0,0.0
2067-03-16,30.2,15.8,0.0
2067-03-17,30.68496240601504,17.3,0.0
2067-03-18,29.1,18.0,0.0
2067-03-19,28.2,17.0,0.0
2067-03-20,26.5,17.4,1.8
2067-03-21,28.0,17.8,0.0
2067-03-22,28.1,17.0,0.0
2067-03-23,28.9,17.2,0.0
2067-03-24,29.4,15.8,0.0
2067-03-25,30.0,16.4,0.0
2067-03-26,30.16572769953052,15.0,0.0
2067-03-27,30.2,17.6,0.0
2067-03-28,30.7,16.160724330705925,0.0
2067-03-29,31.9,15.8,0.0
2067-03-30,32.38981900452489,16.6,0.0
2067-03-31,31.6,16.0,0.0
2067-04-01,27.7,18.8,43.01323529411766
2067-04-02,27.6,18.88656818181818,34.96181818181818
2067-04-03,26.1,18.6,0.9333333333333335
2067-04-04,26.9,15.0,0.0
2067-04-05,27.5,13.8,0.0
2067-04-06,28.6,15.5,0.0
2067-04-07,29.2,16.9,0.0
2067-04-08,25.8,16.9,4.0
2067-04-09,21.692682926829267,16.6,0.0
2067-04-10,26.0,17.20996884735202,0.0
2067-04-11,25.8,17.2,0.0
2067-04-12,28.190909090909095,14.3,0.0
2067-04-13,28.3,13.0,0.0
2067-04-14,29.6,10.542553191489361,0.0
2067-04-15,31.0,12.5,0.0
2067-04-16,30.7,15.1,0.0
2067-04-17,30.5,14.4,0.0
2067-04-18,29.9,14.1,0.0
2067-04-19,30.1,12.4,0.0
2067-04-20,28.5,15.0,0.0
2067-04-21,27.2,14.9,0.0
2067-04-22,27.5,14.3,0.0
2067-04-23,28.1,14.0,0.0
2067-04-24,27.2,13.0,0.0
2067-04-25,27.9,11.4,0.0
2067-04-26,29.2,9.894312796208531,0.0
2067-04-27,28.213636363636365,14.0,0.0
2067-04-28,25.191052631578945,14.8,0.0
2067-04-29,28.0,15.046534653465347,0.0
2067-04-30,27.2,18.9,0.0
2067-05-01,29.5,18.0,0.0
2067-05-02,30.0,17.965352884311592,0.0
2067-05-03,29.6,20.5458984375,0.0
2067-05-04,31.0,21.3505859375,0.0
2067-05-05,30.1,19.606201171875,0.0
2067-05-06,29.04259248767774,17.5,0.0
2067-05-07,26.7,14.0,0.0
2067-05-08,25.7,12.9,0.0
2067-05-09,27.4,10.9,0.0
2067-05-10,29.5,9.3,0.0
2067-05-11,26.9,12.3,0.0
2067-05-12,26.0,12.8,0.0
2067-05-13,27.00100922739971,12.0,0.0
2067-05-14,26.7,11.103034605959268,0.0
2067-05-15,27.5,10.4,0.0
2067-05-16,28.9,11.8,0.0
2067-05-17,29.2,12.5,0.0
2067-05-18,29.1,13.5,0.0
2067-05-19,28.9,12.6,0.0
2067-05-20,28.7,12.2,0.0
2067-05-21,29.1,11.9,0.0
2067-05-22,29.932021825470457,12.2,0.0
2067-05-23,27.9,13.1,0.0
2067-05-24,26.5,11.5,0.0
2067-05-25,27.0,10.2,0.0
2067-05-26,30.0,10.8,0.0
2067-05-27,30.8555998264865,12.0330917691293,0.0
2067-05-28,29.5,14.7,0.0
2067-05-29,24.6,14.5,0.0
2067-05-30,27.2,14.6,0.0
2067-05-31,25.58610942106987,12.1,0.0
2067-06-01,23.5,11.177097676096563,0.0
2067-06-02,24.4,10.2,0.0
2067-06-03,25.299557496975552,8.94399986913564,0.0
2067-06-04,25.2,10.5,0.0
2067-06-05,25.1,8.0,0.0
2067-06-06,25.5,7.9,0.0
2067-06-07,26.2,7.0,0.0
2067-06-08,25.4,5.7,0.0
2067-06-09,24.9,5.9,0.0
2067-06-10,25.6,3.9,0.0
2067-06-11,26.3,3.7985079718205412,0.0
2067-06-12,26.6,8.63666947014298,0.0
2067-06-13,25.2,11.8,0.0
2067-06-14,24.7,10.7,0.0
2067-06-15,25.240292133189353,11.1,0.0
2067-06-16,26.0,11.0,0.0
2067-06-17,27.15837756237089,11.5,0.0
2067-06-18,28.12920467185763,11.5,0.0
2067-06-19,26.4,12.92337728194727,0.0
2067-06-20,21.877842046718577,14.671149936711288,0.0
2067-06-21,19.2,13.7,0.0
2067-06-22,25.2,11.0,0.0
2067-06-23,24.8,8.9,0.0
2067-06-24,25.5,5.550106521370263,0.0
2067-06-25,26.6,7.6,0.0
2067-06-26,25.6,10.8,0.0
2067-06-27,24.0,11.5,0.0
2067-06-28,24.3,11.5,0.0
2067-06-29,24.6,9.0,0.0
2067-06-30,24.2,10.2,0.0
2067-07-01,24.4,9.994079655543596,0.0
2067-07-02,25.3,10.6,0.0
2067-07-03,25.2,10.754407216143665,0.0
2067-07-04,26.3,10.0,0.0
2067-07-05,25.7,7.1,0.0
2067-07-06,17.280953272402705,10.6,0.0
2067-07-07,20.7,8.6,0.0
2067-07-08,21.4,6.205044607834194,0.0
2067-07-09,22.6,5.759385261101211,0.0
2067-07-10,24.6,6.984514839304936,0.0
2067-07-11,24.5,9.9,0.0
2067-07-12,25.0,9.8,0.0
2067-07-13,23.0,11.1,0.0
2067-07-14,20.566842598701342,9.6,0.0
2067-07-15,22.0,8.0,0.0
2067-07-16,22.3,8.5,0.0
2067-07-17,22.6,9.4,0.0
2067-07-18,23.7,10.0,0.0
2067-07-19,25.9,10.9,0.0
2067-07-20,27.1,12.0,0.0
2067-07-21,27.6,12.9,0.0
2067-07-22,27.2,12.9,0.0
2067-07-23,27.6,12.110725328080987,0.0
2067-07-24,27.2,12.716038751345527,0.0
2067-07-25,26.1,14.2,0.0
2067-07-26,23.7,14.2,0.0
2067-07-27,24.0,11.896555435952628,0.0
2067-07-28,24.9,11.2,0.0
2067-07-29,26.7,12.4,0.0
2067-07-30,27.9,13.1,0.0
2067-07-31,28.8,13.4,0.0
2067-08-01,28.710548977395046,13.4,0.0
2067-08-02,25.4,14.0,0.0
2067-08-03,25.6,11.4,0.0
2067-08-04,28.8,11.8,0.0
2067-08-05,31.9,12.9,0.0
2067-08-06,34.48452113399531,14.7,0.0
2067-08-07,32.1,13.2,0.0
2067-08-08,31.9,14.6,0.0
2067-08-09,31.8,16.943756161124004,0.0
2067-08-10,32.75244214208825,17.0,0.0
2067-08-11,32.1,16.9,0.0
2067-08-12,30.75546654580476,15.73946923904943,0.0
2067-08-13,30.5,16.325647649802647,0.0
2067-08-14,32.6,16.92815440107264,0.0
2067-08-15,33.049297196378554,19.25993340891508,0.0
2067-08-16,31.9,18.3,0.0
2067-08-17,31.6,17.2,0.0
2067-08-18,30.2,16.7,0.0
2067-08-19,28.2,16.3,0.0
2067-08-20,28.1,14.5,0.0
2067-08-21,30.7,14.4,0.0
2067-08-22,31.9,15.3,0.0
2067-08-23,34.50213525134373,16.490984251612367,0.0
2067-08-24,38.05029296875,16.7,0.0
2067-08-25,35.902888818464895,17.426481646152155,0.0
2067-08-26,34.52297146332906,17.657408396124865,0.0
2067-08-27,37.595703125,18.0,0.0
2067-08-28,31.9,18.3,0.0
2067-08-29,30.0,16.7,0.0
2067-08-30,28.62189304237205,15.9,0.0
2067-08-31,27.0,15.344239410870196,0.0
2067-09-01,26.1,12.8,0.0
2067-09-02,26.7,11.586234217356518,0.0
2067-09-03,29.0,12.0,0.0
2067-09-04,31.3,13.5,0.0
2067-09-05,32.0,15.54755930361901,0.0
2067-09-06,29.8,17.9,0.0
2067-09-07,28.0,14.8,0.0
2067-09-08,27.9,12.919901742677048,0.0
2067-09-09,30.2,12.316278623758198,0.0
2067-09-10,34.2,14.5,0.0
2067-09-11,35.0,17.8,0.0
2067-09-12,34.7,19.3,0.0
2067-09-13,35.6,19.306425267841465,0.0
2067-09-14,36.15130118893932,19.2,0.0
2067-09-15,39.115234375,19.2,0.0
2067-09-16,36.56578416351191,20.0,0.0
2067-09-17,33.2,20.5,0.0
2067-09-18,32.8,18.9,0.0
2067-09-19,34.4,18.4,0.0
2067-09-20,36.12989980757208,19.0,0.0
2067-09-21,39.252685546875,19.67669485422354,0.0
2067-09-22,32.0,20.0,0.0
2067-09-23,29.1,17.659905629911382,0.0
2067-09-24,30.0,16.7,0.0
2067-09-25,34.6,17.2,0.0
2067-09-26,36.7211834714077,18.1,0.0
2067-09-27,35.6,20.78345733449676,0.0
2067-09-28,32.0,19.405455971115448,0.0
2067-09-29,33.9,18.6,0.0
2067-09-30,36.842049599771144,19.5,0.0
2067-10-01,38.099566883547325,20.9,0.0
2067-10-02,31.8,19.7,0.0
2067-10-03,30.615719963567113,17.5,0.0
2067-10-04,32.0,17.2,0.0
2067-10-05,33.7,16.5,0.0
2067-10-06,36.5,17.6,0.0
2067-10-07,31.6,19.7,0.0
2067-10-08,30.6,16.816346659323603,0.0
2067-10-09,32.9,16.9,0.0
2067-10-10,34.4,18.0,0.0
2067-10-11,36.0,18.8,0.0
2067-10-12,38.0,20.0,0.0
2067-10-13,38.364918076527076,20.7,0.0
2067-10-14,38.36939161039277,21.4,0.0
2067-10-15,38.0,21.2,0.0
2067-10-16,38.933447265625,20.7,0.0
2067-10-17,38.48642578125,21.94587885815658,0.0
2067-10-18,38.0,21.780752214574207,0.0
2067-10-19,38.0,21.2,0.0
2067-10-20,38.388345267034175,20.9,0.0
2067-10-21,38.25873050950501,21.6,0.0
2067-10-22,38.0,21.3,0.0
2067-10-23,38.31311926334558,21.042711056435483,0.0
2067-10-24,38.09144388784388,21.0,0.0
2067-10-25,38.7486328125,21.9,0.0
2067-10-26,33.8,21.97912379826015,0.0
2067-10-27,34.4,20.2,0.0
2067-10-28,36.48057050592034,20.7,0.0
2067-10-29,38.07237250662706,20.9,0.0
2067-10-30,38.35208609780712,21.7,0.0
2067-10-31,38.203517683636576,22.957169431065495,0.0
2067-11-01,40.719970703125,22.0,0.0
2067-11-02,40.861083984375,22.893537387444347,0.0
2067-11-03,40.790771484375,22.9,0.0
2067-11-04,40.989013671875,23.12196785216808,0.0
2067-11-05,41.30615234375,23.2170859817787,0.0
2067-11-06,40.798095703125,23.2,0.0
2067-11-07,39.875244140625,22.503751607380952,0.0
2067-11-08,39.916259765625,22.506150943917206,0.0
2067-11-09,40.1494140625,22.504496229064618,0.0
2067-11-10,38.383656491244366,22.9,0.0
2067-11-11,38.765431136109086,22.224067391953124,0.0
2067-11-12,39.599609375,22.551821073848807,0.0
2067-11-13,39.87353515625,22.509543109365026,0.0
2067-11-14,40.857666015625,22.3,0.0
2067-11-15,41.26953125,23.33540478375138,0.0
2067-11-16,40.709228515625,23.2,0.0
2067-11-17,40.72802734375,22.54346476384321,0.0
2067-11-18,41.529052734375,22.53684590443283,0.0
2067-11-19,40.83251953125,23.2,0.0
2067-11-20,40.8564453125,23.307214410938105,0.0
2067-11-21,40.924072265625,23.0,0.0
2067-11-22,41.123046875,23.2,0.0
2067-11-23,38.65306739135739,23.0,0.0
2067-11-24,41.171875,23.493044216378284,0.0
2067-11-25,32.9,20.5,0.8
2067-11-26,26.62797552836485,19.3,3.139370078740157
2067-11-27,25.2,19.3,18.931299212598425
2067-11-28,31.0,19.4,3.8
2067-11-29,31.5,19.5,4.223059617547807
2067-11-30,31.9,19.5,11.4
2067-12-01,25.3,19.8,47.63021276595741
2067-12-02,26.0,19.5,0.0
2067-12-03,27.0,19.8,0.6076595744680852
2067-12-04,29.9,19.5,0.0
2067-12-05,29.9,20.2,0.0
2067-12-06,30.0,19.943689918794753,0.0
2067-12-07,31.1,18.9,0.0
2067-12-08,31.1,19.7,0.0
2067-12-09,31.0,19.0,0.1
2067-12-10,29.215823466092562,20.5,6.6
2067-12-11,29.5,20.0,40.97994680851064
2067-12-12,27.0,19.8,26.4
2067-12-13,25.051611349585876,19.8,22.48127659574469
2067-12-14,23.5,19.0,78.56323900020686
2067-12-15,24.0,19.0,86.75051939924897
2067-12-16,24.1,19.0,8.9
2067-12-17,24.117694031326202,18.0,0.0
2067-12-18,24.56868528567707,18.4,0.0
2067-12-19,25.4,19.7,0.0
2067-12-20,26.9,19.7,7.2
2067-12-21,30.7,19.5,7.0
2067-12-22,30.0,18.0,0.0
2067-12-23,28.4,18.6,0.0
2067-12-24,29.4,17.5,0.0
2067-12-25,30.2,16.8,0.0
2067-12-26,31.0,17.2,0.0
2067-12-27,31.40985336230882,17.3,0.0
2067-12-28,31.6,19.5,0.0
2067-12-29,32.06297231065203,21.0,0.0
2067-12-30,30.9,20.085228264832825,4.2
2067-12-31,26.6,19.4,22.290212765957467
2068-01-01,25.7,18.7,1.0
2068-01-02,27.8,17.4,0.0
2068-01-03,28.5,16.7,0.0
2068-01-04,29.7,16.4,0.0
2068-01-05,30.4,18.0,0.0
2068-01-06,31.5,18.6,0.0
2068-01-07,30.9,17.9,0.0
2068-01-08,31.8,18.2,0.0
2068-01-09,32.2,19.9,0.0
2068-01-10,32.0,22.953503417968747,0.0
2068-01-11,33.46482216574408,19.99178011958279,0.0
2068-01-12,36.591621405048336,20.993817138671872,0.0
2068-01-13,32.66217112674293,21.572094726562497,0.3
2068-01-14,29.45465079465585,19.9,5.5
2068-01-15,30.0,19.6,6.4333333333333345
2068-01-16,31.2,19.2,1.4
2068-01-17,31.0,19.7,3.8
2068-01-18,31.119391385006384,19.9,12.074999999999998
2068-01-19,30.7,18.9,5.6
2068-01-20,28.6,19.3,19.250000000000004
2068-01-21,30.7,18.9,2.1
2068-01-22,28.3,19.9,14.266666666666667
2068-01-23,29.2,19.8,27.4
2068-01-24,30.0,19.0,1.0
2068-01-25,27.8,19.9,49.65294117647057
2068-01-26,26.0,19.8,13.550000000000002
2068-01-27,25.9,19.6,42.75999999999999
2068-01-28,26.7,19.3,12.0
2068-01-29,27.9,19.2,42.905454545454546
2068-01-30,29.2,18.0,1.2
2068-01-31,29.9,17.0,0.0
2068-02-01,31.2,18.5,0.0
2068-02-02,31.2,19.0,5.734411085450348
2068-02-03,28.4,19.0,5.6
2068-02-04,29.5,18.9,19.7
2068-02-05,30.2,19.1,59.68914549653584
2068-02-06,29.2,18.7,2.0
2068-02-07,29.4,19.0,0.8
2068-02-08,30.4,19.0,2.8
2068-02-09,30.526887837551275,19.08544026744265,2.8884526558891475
2068-02-10,29.4,19.0,4.0
2068-02-11,26.5,19.2,3.0
2068-02-12,24.9,18.5,3.6
2068-02-13,24.4,18.0,0.5
2068-02-14,27.7,17.8,0.0
2068-02-15,29.0,16.8,1.1
2068-02-16,28.6,17.7,0.0
2068-02-17,28.0,18.2,0.0
2068-02-18,28.1,17.2,0.0
2068-02-19,29.0,16.4,0.0
2068-02-20,30.139159713945173,16.0,0.0
2068-02-21,28.9,18.6,1.8
2068-02-22,28.7,19.0,0.0
2068-02-23,29.0,18.0,0.0
2068-02-24,29.7,17.9,0.0
2068-02-25,30.4,18.1,0.0
2068-02-26,30.6,19.0,0.0
2068-02-27,30.9,18.9,0.0
2068-02-28,31.6,18.9,0.0
2068-03-01,31.819444444444446,18.87868076263656,0.0
2068-03-02,30.5,18.2,0.0
2068-03-03,30.1,18.3,0.3
2068-03-04,29.2,19.0,5.4
2068-03-05,29.5,18.8,0.0
2068-03-06,30.262127659574467,18.0,0.0
2068-03-07,32.39886877828054,17.3,0.0
2068-03-08,32.53956701980654,17.5,0.0
2068-03-09,32.9,19.629333849256174,0.0
2068-03-10,32.5,19.2,0.0
2068-03-11,32.0,19.1,0.0
2068-03-12,32.1,19.158650384172816,0.0
2068-03-13,32.57881160755412,18.8,0.0
2068-03-14,32.562413634269916,18.871451332981735,0.0
2068-03-15,31.8,19.806113380603122,3.1
2068-03-16,31.6,19.0,0.0
2068-03-17,31.9,18.4,0.0
2068-03-18,30.4,19.8,17.575483870967744
2068-03-19,32.0,18.9,0.0
2068-03-20,32.9,18.5,0.0
2068-03-21,32.542330723169044,18.3,0.0
2068-03-22,33.12777777777778,18.2,0.0
2068-03-23,33.48499999999999,19.6,0.0
2068-03-24,33.12357357357358,19.900373121289253,0.0
2068-03-25,31.7,19.820442647255266,0.0
2068-03-26,29.4,19.2,0.0
2068-03-27,30.6,19.6,0.0
2068-03-28,30.7,18.5,0.0
2068-03-29,31.5,17.9,0.0
2068-03-30,32.100833333333334,17.9,0.0
2068-03-31,31.9,18.6,0.0
2068-04-01,28.9,18.3,0.0
2068-04-02,31.8,18.6,0.0
2068-04-03,29.5,18.4,0.0
2068-04-04,31.31584821428571,18.4,0.0
2068-04-05,31.992955326460482,17.8,0.0
2068-04-06,32.0,18.2,0.0
2068-04-07,34.09254658385093,17.8,0.0
2068-04-08,35.7314453125,18.3,0.0
2068-04-09,33.2,18.9,0.0
2068-04-10,32.77931034482759,19.4,0.0
2068-04-11,36.000732421875,17.5,0.0
2068-04-12,36.35986328125,19.0,0.0
2068-04-13,24.2,18.9,18.22857142857143
2068-04-14,28.5,19.0,0.0
2068-04-15,27.5,18.6,0.0
2068-04-16,30.402222222222218,16.9,0.0
2068-04-17,31.960137457044667,16.5,0.0
2068-04-18,32.472685185185185,18.7,0.0
2068-04-19,32.4,19.7,0.0
2068-04-20,32.017625899280574,19.7,0.0
2068-04-21,30.7,18.839818181818185,0.0
2068-04-22,29.0,16.3,0.0
2068-04-23,29.0,15.0,0.0
2068-04-24,30.779591836734692,13.9,0.0
2068-04-25,30.933928571428574,15.3,0.0
2068-04-26,29.4,16.3,0.0
2068-04-27,28.97307692307692,16.3,0.0
2068-04-28,27.2,16.7,0.0
2068-04-29,28.3,16.6,0.0
2068-04-30,29.0,15.1,0.0
2068-05-01,31.0,13.8,0.0
2068-05-02,31.6,15.9,0.0
2068-05-03,31.1,16.7,0.0
2068-05-04,34.6193359375,15.668481652586541,0.0
2068-05-05,33.95478515625,17.89849537311328,0.0
2068-05-06,30.6,17.469421471026738,0.0
2068-05-07,29.9,16.620296615237393,0.0
2068-05-08,29.6,15.6,0.0
2068-05-09,28.9,14.9,0.0
2068-05-10,28.6,13.4,0.0
2068-05-11,29.7,12.5,0.0
2068-05-12,30.8,12.2,0.0
2068-05-13,26.5,17.02908328024425,0.0
2068-05-14,27.13012589507183,16.5,0.0
2068-05-15,28.9,15.0,0.0
2068-05-16,29.6,13.4,0.0
2068-05-17,30.2,14.1,0.0
2068-05-18,24.3,14.9,0.0
2068-05-19,26.9,14.4,0.0
2068-05-20,29.6,14.9,0.0
2068-05-21,30.2,13.9,0.0
2068-05-22,31.0,13.9,0.0
2068-05-23,29.1,15.2,0.0
2068-05-24,28.9,12.6,0.0
2068-05-25,30.2,12.2,0.0
2068-05-26,31.6,15.7,0.0
2068-05-27,32.432813366789496,17.791614112041383,0.0
2068-05-28,28.6,14.9,0.0
2068-05-29,28.5,12.63942234409496,0.0
2068-05-30,30.0,11.0,0.0
2068-05-31,29.7,17.8,0.0
2068-06-01,25.6,15.010233592880986,0.0
2068-06-02,25.2,15.1,0.0
2068-06-03,26.0,13.5,0.0
2068-06-04,26.7,12.21942463303453,0.0
2068-06-05,27.0,12.7,0.0
2068-06-06,26.6,13.36949303940406,0.0
2068-06-07,24.7,12.0,0.0
2068-06-08,25.0,12.0,0.0
2068-06-09,24.9,13.0,0.0
2068-06-10,24.7,11.0,0.0
2068-06-11,24.2,8.5,0.0
2068-06-12,24.3,6.3426954041344095,0.0
2068-06-13,23.9,8.9,0.0
2068-06-14,23.0,9.3,0.0
2068-06-15,23.4,9.0,0.0
2068-06-16,24.0,7.3,0.0
2068-06-17,25.0,8.2,0.0
2068-06-18,25.105628588442826,10.0,0.0
2068-06-19,25.3,9.7,0.0
2068-06-20,25.5,10.5,0.0
2068-06-21,25.4,11.0,0.0
2068-06-22,24.9,11.5,0.0
2068-06-23,24.6,10.738173367233436,0.0
2068-06-24,25.3,10.4,0.0
2068-06-25,25.4,11.0,0.0
2068-06-26,26.3,11.7,0.0
2068-06-27,27.0,11.9,0.0
2068-06-28,26.3,12.9,0.0
2068-06-29,19.6,12.338226501668528,0.0
2068-06-30,19.673264005656588,14.0,0.0
2068-07-01,22.7,11.5,0.0
2068-07-02,22.964706135629704,8.6,0.0
2068-07-03,24.9,7.5,0.0
2068-07-04,26.0,8.4,0.0
2068-07-05,26.0,10.0,0.0
2068-07-06,26.3,9.4,0.0
2068-07-07,27.1,10.9,0.0
2068-07-08,28.0,8.3,0.0
2068-07-09,23.7,12.2,0.0
2068-07-10,16.0,9.4381193791451,0.0
2068-07-11,18.59623410751787,7.908221846327334,0.0
2068-07-12,20.7,7.3,0.0
2068-07-13,21.3,8.3,0.0
2068-07-14,22.7,8.6,0.0
2068-07-15,26.8,9.6,0.0
2068-07-16,26.6,8.4,0.0
2068-07-17,26.0,4.2,0.0
2068-07-18,25.3,11.5,0.0
2068-07-19,24.4,12.029932338920494,0.0
2068-07-20,24.2,10.9,0.0
2068-07-21,23.903839253677784,11.5,0.0
2068-07-22,22.7,11.2,0.0
2068-07-23,22.7,10.2,0.0
2068-07-24,24.6,10.4,0.0
2068-07-25,26.6,12.2,0.0
2068-07-26,27.7,14.2,0.0
2068-07-27,28.2,15.2,0.0
2068-07-28,28.942669368945094,15.2,0.0
2068-07-29,30.910765441216874,15.3,0.0
2068-07-30,30.2,16.928369140625,0.0
2068-07-31,27.2,15.3,0.0
2068-08-01,29.328202368137777,14.6,0.0
2068-08-02,30.5,16.883071633573312,0.0
2068-08-03,28.7,16.0,0.0
2068-08-04,26.7,15.030433168776213,0.0
2068-08-05,26.6,13.9,0.0
2068-08-06,27.0,13.380738697524222,0.0
2068-08-07,26.2,13.5,0.0
2068-08-08,26.2,12.0,0.0
2068-08-09,27.8,11.8,0.0
2068-08-10,26.9,14.0,0.0
2068-08-11,26.973207750269108,12.4,0.0
2068-08-12,28.2,12.1,0.0
2068-08-13,27.2,13.7,0.0
2068-08-14,26.7,13.4,0.0
2068-08-15,30.7,13.386024959634016,0.0
2068-08-16,36.34175018839095,15.2,0.0
2068-08-17,30.2,15.8,0.0
2068-08-18,26.6,15.5,0.0
2068-08-19,24.0,12.9,0.0
2068-08-20,24.0,9.2,0.0
2068-08-21,26.437335844994617,9.4,0.0
2068-08-22,29.04402583423035,11.9,0.0
2068-08-23,31.0,14.0,0.0
2068-08-24,32.1,15.31610994355881,0.0
2068-08-25,32.98787923124353,16.0,0.0
2068-08-26,31.4,16.7,0.0
2068-08-27,30.7,16.0,0.0
2068-08-28,30.8,15.3,0.0
2068-08-29,31.6,15.7,0.0
2068-08-30,28.1,16.97733386210412,0.0
2068-08-31,27.118023754355878,15.419104017558633,0.0
2068-09-01,27.6,13.5,0.0
2068-09-02,28.0,13.5,0.0
2068-09-03,28.9,14.4,0.0
2068-09-04,29.763931841239966,15.6,0.0
2068-09-05,29.08679421579533,16.261919139179586,0.0
2068-09-06,29.2,16.156276815509287,0.0
2068-09-07,31.6,17.6,0.0
2068-09-08,33.0,18.183211143695026,0.0
2068-09-09,35.01939057474621,19.0,0.0
2068-09-10,34.7,19.5,0.0
2068-09-11,33.7,19.3,0.0
2068-09-12,34.7,18.9,0.0
2068-09-13,32.5,19.6,0.0
2068-09-14,32.0,18.46166594122294,0.0
2068-09-15,32.1,18.0,0.0
2068-09-16,32.6,17.4,0.0
2068-09-17,33.2,17.7,0.0
2068-09-18,32.9,18.7,0.0
2068-09-19,31.5,18.7,0.0
2068-09-20,32.5,17.2,0.0
2068-09-21,34.0,17.9,0.0
2068-09-22,33.2,19.2,0.0
2068-09-23,32.0,19.0,0.0
2068-09-24,32.1,17.8,0.0
2068-09-25,34.632824949532406,17.3,0.0
2068-09-26,33.4,19.7,0.0
2068-09-27,30.6,18.5,0.0
2068-09-28,31.0,16.9,0.0
2068-09-29,32.5,16.9,0.0
2068-09-30,33.446109712546104,17.3,0.0
2068-10-01,35.0,17.9,0.0
2068-10-02,36.0,18.2,0.0
2068-10-03,37.61260083798669,19.740539869172796,0.0
2068-10-04,35.6,21.0,0.0
2068-10-05,35.0,19.5,0.0
2068-10-06,36.0,19.0,0.0
2068-10-07,33.26325174334253,20.7,0.0
2068-10-08,28.9,17.6,0.0
2068-10-09,30.1,16.3,0.0
2068-10-10,33.1978910832363,16.848008611410116,0.0
2068-10-11,35.06948331539289,18.2,0.0
2068-10-12,35.4,19.339239032534422,0.0
2068-10-13,35.8,20.2,0.0
2068-10-14,35.5,20.9,0.0
2068-10-15,35.1,20.358320775026904,0.0
2068-10-16,38.0,19.7,0.0
2068-10-17,38.550634765625,21.102143241580794,0.0
2068-10-18,38.129351201126696,22.13344759476208,0.0
2068-10-19,38.0,22.0,0.0
2068-10-20,37.0,21.5,0.0
2068-10-21,38.05859873130379,21.078167267281316,0.0
2068-10-22,38.0,23.597650367366278,0.0
2068-10-23,34.3,21.0,0.0
2068-10-24,34.6,20.4,0.0
2068-10-25,38.0,20.2,0.0
2068-10-26,36.9,21.2,0.0
2068-10-27,35.2,23.0,0.0
2068-10-28,34.3,20.9,0.0
2068-10-29,34.7,20.7,0.0
2068-10-30,35.6,20.7,0.0
2068-10-31,37.0,20.7,0.0
2068-11-01,40.07080078125,22.166023223636028,0.0
2068-11-02,41.09326171875,22.9,0.0
2068-11-03,40.902587890625,22.1,0.0
2068-11-04,35.7,22.3,0.0
2068-11-05,36.95605889124742,23.07992915050757,0.0
2068-11-06,36.0,22.0,0.0
2068-11-07,35.5,20.3,0.0
2068-11-08,33.6,19.9,0.0
2068-11-09,30.7,20.26372468918267,1.0
2068-11-10,29.6,20.18981143069018,0.0
2068-11-11,30.2,19.4,0.0
2068-11-12,31.2,19.4,15.426574803149608
2068-11-13,31.2,19.4,50.58086614173221
2068-11-14,27.0,19.2,0.0
2068-11-15,27.7,18.5,0.0
2068-11-16,30.5,18.7,0.0
2068-11-17,31.4,20.1,0.0
2068-11-18,31.9,20.5,0.0
2068-11-19,32.249287086661944,19.7,0.0
2068-11-20,32.5,20.2,0.0
2068-11-21,27.1,19.1,0.0
2068-11-22,24.40354733158497,18.2,7.000000000000003
2068-11-23,23.855213018349836,17.8,0.0
2068-11-24,26.5,18.2,0.0
2068-11-25,29.0,18.9,0.0
2068-11-26,25.4,18.3,0.9110236220472441
2068-11-27,29.9,17.9,0.0
2068-11-28,30.9,17.1,0.0
2068-11-29,31.7,16.3,0.0
2068-11-30,32.13538375973304,16.0,0.0
2068-12-01,33.1,17.1,0.0
2068-12-02,33.1,19.4,0.0
2068-12-03,33.7,20.34445884340022,0.0
2068-12-04,27.9,21.0,0.0
2068-12-05,28.1,20.218560479132414,8.333244680851067
2068-12-06,31.4,20.0,9.623617021276601
2068-12-07,30.427174381054883,20.85666422207584,28.3
2068-12-08,30.0,20.2,64.95568389057742
2068-12-09,27.0,20.0,61.270611702127624
2068-12-10,25.4,20.0,60.70691489361708
2068-12-11,24.0,19.8,95.77894479585979
2068-12-12,26.47444811812021,19.7,0.0
2068-12-13,27.2,20.0,1.7
2068-12-14,25.2,19.501840323043414,32.7
2068-12-15,27.6,19.4,0.0
2068-12-16,28.7,18.4,0.0
2068-12-17,28.4,17.6,0.0
2068-12-18,29.7,17.1,0.0
2068-12-19,30.2,17.0,0.0
2068-12-20,30.8,17.0,0.0
2068-12-21,32.07885761399812,17.7,0.0
2068-12-22,31.0,18.4,0.0
2068-12-23,31.2,18.4,0.0
2068-12-24,32.0,17.3,0.0
2068-12-25,28.3,17.2,0.0
2068-12-26,26.1,18.2,0.0
2068-12-27,31.1,17.2,0.0
2068-12-28,31.6,17.5,0.0
2068-12-29,31.6,19.2,0.0
2068-12-30,32.47403238919715,19.3,0.0
2068-12-31,33.7,19.5,0.0
2069-01-01,31.96079455278243,19.6,0.0
2069-01-02,31.664263090982377,19.3,0.0
2069-01-03,29.9,19.4,1.0
2069-01-04,27.2,19.6,0.0
2069-01-05,30.4,19.1,0.0
2069-01-06,28.2,19.0,0.0
2069-01-07,30.9,19.9,0.6
2069-01-08,30.6,19.2,3.5
2069-01-09,29.8,18.9,6.4
2069-01-10,30.0,18.9,4.0
2069-01-11,30.6,18.9,0.6
2069-01-12,31.1,19.04940796555431,0.0
2069-01-13,31.7,18.0,0.0
2069-01-14,32.144828207989356,19.9,0.0
2069-01-15,36.52440250345065,19.2,0.0
2069-01-16,33.1287276577572,20.816784667968747,9.8
2069-01-17,30.19065846972776,19.827928757695982,1.4
2069-01-18,31.634031017023474,18.4,0.6
2069-01-19,29.9,19.2,1.4
2069-01-20,31.7,19.8,0.0
2069-01-21,29.3,19.7,0.0
2069-01-22,32.76838811425137,19.9,7.5
2069-01-23,28.3,19.5,6.3
2069-01-24,30.2,19.5,0.7
2069-01-25,30.0,18.8,0.0
2069-01-26,30.0,19.4,3.5
2069-01-27,31.152066228469742,19.229077398520786,0.0
2069-01-28,32.6,18.0,0.0
2069-01-29,33.46706279579734,19.6,0.0
2069-01-30,31.611754752001126,19.9,2.1
2069-01-31,34.39356332281411,19.5,0.0
2069-02-01,33.013604146607356,19.509471939759546,6.4
2069-02-02,32.8,19.78060716539297,2.3
2069-02-03,32.00205509997372,19.573339404236865,1.5
2069-02-04,32.112488467542036,20.26452529859954,0.0
2069-02-05,30.2,19.82420333121049,2.0
2069-02-06,30.9,19.4,15.8
2069-02-07,27.6,19.224945266118695,10.214318706697464
2069-02-08,28.1,19.2,54.37360607060378
2069-02-09,26.5,19.0,24.62032332563511
2069-02-10,26.1,19.0,5.6
2069-02-11,24.7,18.9,55.471857472781245
2069-02-12,24.6,18.6,17.0
2069-02-13,29.066903239787628,18.6,2.8
2069-02-14,28.5,19.0,13.728868360277142
2069-02-15,30.0,19.0,39.13579676674366
2069-02-16,26.52415624387079,19.1,71.28670405806729
2069-02-17,29.5,19.0,36.75450346420327
2069-02-18,28.7,19.2,24.974364896073908
2069-02-19,26.9,19.2,19.692609699769054
2069-02-20,30.0,19.346388950638502,24.21801385681293
2069-02-21,29.1,19.0,2.9221709006928407
2069-02-22,29.0,18.8,0.0
2069-02-23,28.0,18.5,2.3
2069-02-24,29.9,17.9,0.0
2069-02-25,30.0,19.0,0.3
2069-02-26,30.0,19.592970815860266,9.634919168591226
2069-02-27,24.880033913716623,19.157607926500035,113.7921230892812
2069-02-28,24.06816465766776,19.0,87.70959472298107
2069-03-01,25.4,18.7,7.0
2069-03-02,27.839999999999996,18.7,0.0
2069-03-03,29.5,19.6,22.4
2069-03-04,29.0,19.0,26.09981024667932
2069-03-05,28.356410256410257,19.0,6.4
2069-03-06,28.792105263157893,19.0,2.998387096774195
2069-03-07,29.6,18.8,0.8
2069-03-08,25.2,18.843336884324046,4.0
2069-03-09,26.6,19.0,16.54516129032258
2069-03-10,27.0,19.0,18.4
2069-03-11,26.7,18.9,7.2
2069-03-12,27.7,18.8,7.522580645161293
2069-03-13,26.229411764705883,18.5,18.747177419354827
2069-03-14,25.3,17.8,4.9
2069-03-15,25.6,17.6,0.3
2069-03-16,28.2,18.1,0.0
2069-03-17,29.0,17.9,0.0
2069-03-18,26.9,17.2,0.0
2069-03-19,27.0,16.5,0.0
2069-03-20,28.4,15.2,0.0
2069-03-21,29.257692307692302,16.3,0.0
2069-03-22,29.0,18.2,0.0
2069-03-23,28.1,17.8,0.0
2069-03-24,27.5,16.4,0.0
2069-03-25,26.7,15.3,0.0
2069-03-26,26.3,16.6,0.3
2069-03-27,27.0,17.4,0.0
2069-03-28,27.0,17.4,0.0
2069-03-29,24.6,18.4,14.897022332506202
2069-03-30,25.3,18.5,14.842679900744416
2069-03-31,28.1,18.8,6.6967741935483875
2069-04-01,29.0,18.839295454545454,0.0
2069-04-02,27.1,19.2,0.0
2069-04-03,26.7,19.0,0.0
2069-04-04,28.4,18.0,0.0
2069-04-05,27.4,17.8,0.0
2069-04-06,27.2,17.1,0.0
2069-04-07,27.0,16.6,0.0
2069-04-08,27.5,17.0,0.0
2069-04-09,28.1,15.1,0.0
2069-04-10,28.5,13.3,0.0
2069-04-11,28.4,15.2,0.0
2069-04-12,24.714117647058824,18.4,26.912499999999998
2069-04-13,27.0,18.3,1.0
2069-04-14,25.6,17.5,0.0
2069-04-15,25.2,16.5,0.0
2069-04-16,24.8,16.0,0.0
2069-04-17,25.4,13.9,0.0
2069-04-18,27.0,11.5,0.0
2069-04-19,28.607471264367817,12.2,0.0
2069-04-20,27.997916666666665,15.2,0.0
2069-04-21,27.9,15.9,0.0
2069-04-22,27.9,14.6,0.0
2069-04-23,27.7,16.0,0.0
2069-04-24,26.8,13.9,0.0
2069-04-25,27.5,12.6,0.0
2069-04-26,27.6,15.9,0.0
2069-04-27,26.5,19.0,0.4
2069-04-28,27.6,18.9,0.0
2069-04-29,23.0,18.564179104477613,16.771428571428572
2069-04-30,26.0,18.4,1.6
2069-05-01,27.8,14.620990312163602,0.0
2069-05-02,30.2,13.9,0.0
2069-05-03,29.6,15.2,0.0
2069-05-04,26.6,14.0,0.0
2069-05-05,28.9,13.9,0.0
2069-05-06,29.6,14.9,0.0
2069-05-07,27.5,14.2,0.0
2069-05-08,27.8,14.1,0.0
2069-05-09,28.149252069336697,15.1,0.0
2069-05-10,27.2,12.3,0.0
2069-05-11,28.236514770960405,10.7,0.0
2069-05-12,28.9,10.5,0.0
2069-05-13,28.5,11.2,0.0
2069-05-14,27.0,11.2,0.0
2069-05-15,27.5,9.6,0.0
2069-05-16,27.5,12.2,0.0
2069-05-17,26.9,11.6,0.0
2069-05-18,26.5,10.7,0.0
2069-05-19,26.7,9.0,0.0
2069-05-20,26.854370290635096,8.4,0.0
2069-05-21,22.767263977711643,11.1,0.0
2069-05-22,23.7,15.7,0.0
2069-05-23,26.6,16.5,0.0
2069-05-24,29.7,15.06785660201286,0.0
2069-05-25,30.2,15.19759188067044,0.0
2069-05-26,30.2,15.6,0.0
2069-05-27,28.0,14.9,0.0
2069-05-28,25.2,12.6,0.0
2069-05-29,26.4,13.0,0.0
2069-05-30,25.5,10.8,0.0
2069-05-31,24.8,8.1,0.0
2069-06-01,24.9,7.7,0.0
2069-06-02,26.5,6.9,0.0
2069-06-03,25.1,16.632497072587295,0.0
2069-06-04,22.1,14.7,0.0
2069-06-05,24.295130953584795,11.5,0.0
2069-06-06,23.0,9.3,0.0
2069-06-07,23.0,7.7,0.0
2069-06-08,23.5,7.0,0.0
2069-06-09,23.5,8.4,0.0
2069-06-10,23.4,11.6,0.0
2069-06-11,20.7,10.7,0.0
2069-06-12,22.9,11.0,0.0
2069-06-13,24.0,8.4,0.0
2069-06-14,25.4,9.2,0.0
2069-06-15,25.7,10.1,0.0
2069-06-16,25.5,10.8,0.0
2069-06-17,25.2,10.0,0.0
2069-06-18,21.2,11.0,0.0
2069-06-19,23.9,11.9,0.0
2069-06-20,24.8,10.6,0.0
2069-06-21,25.2,9.5,0.0
2069-06-22,25.8,9.9,0.0
2069-06-23,25.6,11.3,0.0
2069-06-24,25.4,11.0,0.0
2069-06-25,25.4,9.4,0.0
2069-06-26,25.6,9.4,0.0
2069-06-27,24.8,10.9,0.0
2069-06-28,26.108342602892105,9.211431805319755,0.0
2069-06-29,27.2,10.9,0.0
2069-06-30,27.7,11.2,0.0
2069-07-01,27.867119541500582,11.195158806938174,0.0
2069-07-02,26.7,10.386923760939759,0.0
2069-07-03,21.7,11.7,0.0
2069-07-04,22.7,9.6,0.0
2069-07-05,24.3,7.0,0.0
2069-07-06,26.35133367389757,9.2,0.0
2069-07-07,26.7,12.2,0.0
2069-07-08,27.5,12.6,0.0
2069-07-09,26.8,10.6,0.0
2069-07-10,22.6,11.351166891876419,0.0
2069-07-11,23.7,9.3,0.0
2069-07-12,24.6,10.2,0.0
2069-07-13,25.0,10.0,0.0
2069-07-14,25.8,9.4,0.0
2069-07-15,26.3,7.0,0.0
2069-07-16,25.2,10.4,0.0
2069-07-17,25.6,9.6,0.0
2069-07-18,25.7,9.774509922830843,0.0
2069-07-19,26.0,9.6,0.0
2069-07-20,25.7,11.5,0.0
2069-07-21,25.1,11.5,0.0
2069-07-22,26.22890742734122,11.2,0.0
2069-07-23,26.2,12.2,0.0
2069-07-24,26.7,11.671169422435534,0.0
2069-07-25,27.6,9.6,0.0
2069-07-26,28.0,9.5,0.0
2069-07-27,28.2,8.844561544045861,0.0
2069-07-28,26.167067946661973,9.6,0.0
2069-07-29,23.9,11.2,0.0
2069-07-30,24.9,10.2,0.0
2069-07-31,26.7,11.2,0.0
2069-08-01,28.0,11.7,0.0
2069-08-02,29.6,12.5,0.0
2069-08-03,31.2,13.2,0.0
2069-08-04,28.5,16.0,0.0
2069-08-05,26.1,14.5,0.0
2069-08-06,26.7,12.8,0.0
2069-08-07,28.9,10.2,0.0
2069-08-08,29.2,13.0,0.0
2069-08-09,26.6,14.7,0.0
2069-08-10,26.92493003229279,13.4,0.0
2069-08-11,28.0,11.7,0.0
2069-08-12,29.5,11.9,0.0
2069-08-13,29.1,13.9,0.0
2069-08-14,28.8,14.5,0.0
2069-08-15,30.4,14.6,0.0
2069-08-16,29.0,15.52164367787318,0.0
2069-08-17,24.6,14.5,0.0
2069-08-18,25.5,13.3,0.0
2069-08-19,25.7,12.9,0.0
2069-08-20,27.6,12.0,0.0
2069-08-21,31.2,13.6,0.0
2069-08-22,34.52304306543209,16.83611416771226,0.0
2069-08-23,38.822021484375,19.0,0.0
2069-08-24,37.775390625,27.90087890625,0.0
2069-08-25,29.0,17.021019669243568,0.0
2069-08-26,27.0,15.7,0.0
2069-08-27,28.9,15.305881046354676,0.0
2069-08-28,29.4,15.5,0.0
2069-08-29,26.394052119057747,16.999379827394097,0.0
2069-08-30,24.7,14.6,0.0
2069-08-31,23.7,12.8,0.0
2069-09-01,24.8,9.08171496234936,0.0
2069-09-02,28.2,8.428915168901119,0.0
2069-09-03,31.0,10.6,0.0
2069-09-04,32.1,12.9,0.0
2069-09-05,32.6,13.7,0.0
2069-09-06,32.1,13.9,0.0
2069-09-07,32.9,13.6,0.0
2069-09-08,35.05781889379351,13.766975851304318,0.0
2069-09-09,33.00694521690769,18.1,0.0
2069-09-10,32.1,17.8,0.0
2069-09-11,32.5,17.4,0.0
2069-09-12,29.2,18.2,0.0
2069-09-13,29.6,14.7,0.0
2069-09-14,31.4,14.2,0.0
2069-09-15,31.8,16.039514224328403,0.0
2069-09-16,32.1,15.0,0.0
2069-09-17,33.2,15.4,0.0
2069-09-18,32.7,17.9,0.0
2069-09-19,30.0,18.2,0.0
2069-09-20,30.9,16.5,0.0
2069-09-21,34.1,16.971355427599303,0.0
2069-09-22,39.064208984375,19.0,0.0
2069-09-23,40.38623046875,21.531316884151583,0.0
2069-09-24,36.566474827102546,20.5,0.0
2069-09-25,32.6,19.2,3.9
2069-09-26,31.6,17.2,0.0
2069-09-27,32.5,19.4,0.0
2069-09-28,34.549540971449765,19.6,0.0
2069-09-29,38.88488433060709,20.5,0.0
2069-09-30,36.30816664420019,24.07080078125,0.0
2069-10-01,34.5,23.45050962475403,0.0
2069-10-02,36.0,23.0,0.0
2069-10-03,32.1,20.42986086193836,0.0
2069-10-04,32.8,18.2,0.0
2069-10-05,35.7,19.6,0.0
2069-10-06,37.015057494098116,23.759590281277738,0.0
2069-10-07,36.5,23.0,0.0
2069-10-08,37.59695694048617,21.4,0.0
2069-10-09,38.318416869239165,21.934129642376995,0.0
2069-10-10,35.87956297093648,22.6,0.0
2069-10-11,35.5,20.9,0.0
2069-10-12,36.7,20.7,0.0
2069-10-13,37.425431339381795,20.9,0.0
2069-10-14,34.4,21.756350421188802,0.0
2069-10-15,34.52391819160387,20.2,0.0
2069-10-16,36.0,20.7,0.0
2069-10-17,36.0,21.5,0.0
2069-10-18,34.6,20.545532831001065,0.0
2069-10-19,38.0,20.1,0.0
2069-10-20,39.316748046875,20.1,0.0
2069-10-21,39.74228515625,20.436773910616747,0.0
2069-10-22,39.115576171875,23.496125402317663,0.0
2069-10-23,38.31794597093751,22.987048017971635,0.0
2069-10-24,38.02609326712726,22.6,0.0
2069-10-25,37.06953113089434,21.786317535872634,0.0
2069-10-26,38.0,21.935598294349447,0.0
2069-10-27,38.2291816410765,22.905567559498078,0.0
2069-10-28,38.32995387762957,23.737664920791964,0.0
2069-10-29,38.4302734375,23.68781292597677,0.0
2069-10-30,38.27933231020221,23.72941533847639,0.0
2069-10-31,38.011793291433676,23.34331835101355,0.0
2069-11-01,40.223876953125,24.773291015625,0.0
2069-11-02,38.838516402499636,21.7,0.0
2069-11-03,32.6,20.295108626103737,0.0
2069-11-04,34.9,20.0,0.0
2069-11-05,37.08767205353514,21.3,0.0
2069-11-06,35.5,21.3,0.0
2069-11-07,35.1,20.7,0.0
2069-11-08,36.4,21.342910375445634,0.0
2069-11-09,37.40039612359056,20.7,0.0
2069-11-10,40.73779296875,21.85451144546573,0.0
2069-11-11,40.23583984375,23.13822281681014,0.0
2069-11-12,30.6,19.7,0.0
2069-11-13,25.4,19.5,0.0
2069-11-14,28.6,19.1,0.0
2069-11-15,33.0,18.1,0.0
2069-11-16,32.6,19.0,2.129921259842521
2069-11-17,31.6,19.6,3.8
2069-11-18,31.1,19.9,14.401476377952758
2069-11-19,30.1,19.6,64.3741117726138
2069-11-20,28.6,19.6,24.86614173228346
2069-11-21,30.8,19.488475167939544,8.913976377952757
2069-11-22,29.254049214574454,19.455172413793104,1.9
2069-11-23,30.7,19.2,3.481889763779528
2069-11-24,31.597561707964537,19.2,27.51743532058493
2069-11-25,26.57180141677888,18.8,38.40597112860893
2069-11-26,26.07881981801273,19.2,1.8
2069-11-27,28.4,19.470813629047797,3.0138779527559048
2069-11-28,29.9,19.5,5.856299212598425
2069-11-29,30.3,19.7,12.250393700787413
2069-11-30,31.1,19.707688281096644,8.913976377952757
2069-12-01,29.9,19.8,37.75831914893617
2069-12-02,28.9,20.2,39.59787234042555
2069-12-03,30.0,20.121821628918337,8.558723404255318
2069-12-04,28.3,20.219300932433914,0.0
2069-12-05,27.1,20.80031794541129,0.1
2069-12-06,25.5,19.3,62.6798537234042
2069-12-07,23.9,17.9,0.0
2069-12-08,25.5,17.0,0.0
2069-12-09,28.542062083612137,15.908345626556772,0.0
2069-12-10,30.1,16.3,0.0
2069-12-11,31.0,17.1,0.0
2069-12-12,31.0,17.5,0.0
2069-12-13,28.9,19.419759476208874,0.0
2069-12-14,27.5,17.6,0.0
2069-12-15,28.6,17.1,0.0
2069-12-16,27.9,17.1,0.0
2069-12-17,30.7,17.0,0.0
2069-12-18,31.6,17.2,0.0
2069-12-19,29.9,19.9,0.0
2069-12-20,29.4,19.2,0.0
2069-12-21,31.2,17.7,0.0
2069-12-22,32.1,20.175577165002988,2.3
2069-12-23,30.6,19.9,25.790780141843975
2069-12-24,28.3,20.2,19.758297872340435
2069-12-25,30.2,20.0,1.2
2069-12-26,30.1,19.535283288819222,5.4
2069-12-27,25.7,19.6,6.4
2069-12-28,28.0,19.7,12.8
2069-12-29,27.5,19.66129095877213,28.3
2069-12-30,27.9,19.8,11.334042553191495
2069-12-31,25.8,19.54328051976561,4.744468085106384
2070-01-01,26.8,18.6,0.0
2070-01-02,28.3,17.9,8.4
2070-01-03,29.2,19.1,11.0
2070-01-04,29.5,19.9,1.4
2070-01-05,28.4,19.7,2.8
2070-01-06,28.1,19.6,17.9
2070-01-07,30.1,19.7,13.649999999999997
2070-01-08,29.0,19.5,29.4
2070-01-09,24.8,19.4,37.41428571428571
2070-01-10,24.4,19.4,19.2
2070-01-11,24.42828200617851,19.3,1.0
2070-01-12,27.0,18.1,0.0
2070-01-13,27.9,18.3,0.0
2070-01-14,29.5,18.0,0.0
2070-01-15,29.5,17.5,0.0
2070-01-16,28.6,17.6,0.0
2070-01-17,28.1,17.0,0.0
2070-01-18,27.5,16.2,0.0
2070-01-19,29.4,17.7,0.0
2070-01-20,29.2,19.9,0.0
2070-01-21,27.7,19.0,0.0
2070-01-22,28.5,19.3,0.0
2070-01-23,29.2,19.239193490514722,0.7
2070-01-24,31.7,18.9,1.4
2070-01-25,30.7,19.9,0.0
2070-01-26,27.6,19.5,3.5
2070-01-27,28.6,19.6,8.6
2070-01-28,29.1,19.5,14.3
2070-01-29,28.1,19.6,19.0
2070-01-30,29.5,19.3,20.7
2070-01-31,29.1,19.5,37.90000000000002
2070-02-01,24.0,18.8,80.40680098749712
2070-02-02,24.9,18.688143492321032,33.52840646651273
2070-02-03,27.2,18.6,1.4
2070-02-04,28.6,18.5,48.59468822170898
2070-02-05,28.790998523473217,19.0,27.0
2070-02-06,30.7,18.9,27.705912240184755
2070-02-07,28.7,19.0,48.68460354118555
2070-02-08,29.4,19.0,27.682725173210162
2070-02-09,26.7,19.0,3.5
2070-02-10,29.0,18.9,0.0
2070-02-11,28.2,19.2,0.0
2070-02-12,28.8,18.5,0.0
2070-02-13,29.5,18.5,0.0
2070-02-14,30.9,18.0,0.0
2070-02-15,30.4,19.7,0.0
2070-02-16,30.4,18.7,0.0
2070-02-17,29.9,19.215477285548243,0.0
2070-02-18,31.4,18.8,0.0
2070-02-19,32.04420066036423,19.0,1.0
2070-02-20,29.9,19.0,0.31385681293302536
2070-02-21,29.9,19.0,1.0
2070-02-22,31.2,18.4,0.0
2070-02-23,29.8,18.9,0.0
2070-02-24,28.3,19.53886656999329,0.0
2070-02-25,30.6,19.2,7.5
2070-02-26,29.1,19.0,6.6180138568129365
2070-02-27,25.7,19.0,9.634919168591226
2070-02-28,26.8,18.9,15.041570438799079
2070-03-01,29.0,19.0,17.885806451612904
2070-03-02,27.5,18.87454965997666,31.39528535980151
2070-03-03,27.6,17.3,19.24731182795699
2070-03-04,26.7,16.7,0.2
2070-03-05,25.5,17.7,1.6
2070-03-06,26.3,18.7,10.546129032258069
2070-03-07,27.0,18.5,44.93086181993261
2070-03-08,23.987958115183247,17.7,2.314516129032259
2070-03-09,26.5,17.0,0.0
2070-03-10,26.5,15.1,0.0
2070-03-11,28.1,13.6,0.0
2070-03-12,29.6,13.7,0.0
2070-03-13,29.8,15.8,0.0
2070-03-14,29.1,16.6,0.0
2070-03-15,29.0,17.4,0.0
2070-03-16,29.6,16.6,0.0
2070-03-17,30.4,16.4,0.0
2070-03-18,28.2,18.6,1.6
2070-03-19,32.34773755656108,17.3,0.0
2070-03-20,32.22616407982262,18.6,0.0
2070-03-21,32.1,18.126029944221667,0.0
2070-03-22,31.8,16.9,0.0
2070-03-23,29.5,18.4,0.0
2070-03-24,27.7,18.1,0.0
2070-03-25,29.2,17.0,0.0
2070-03-26,29.5,15.5,0.0
2070-03-27,29.0,16.9,0.0
2070-03-28,29.5,16.2,0.0
2070-03-29,29.0,16.0,0.0
2070-03-30,28.9,15.0,0.0
2070-03-31,30.0,15.0,0.0
2070-04-01,31.8,15.2,0.0
2070-04-02,31.7,16.6,0.0
2070-04-03,30.2,18.7,0.0
2070-04-04,29.4,18.3,0.0
2070-04-05,29.4,17.0,0.0
2070-04-06,29.9,16.5,0.0
2070-04-07,29.8,15.2,0.0
2070-04-08,30.125,16.7,0.0
2070-04-09,30.4,16.2,0.0
2070-04-10,30.4,18.2,0.0
2070-04-11,29.0,18.51432835820895,0.0
2070-04-12,30.0,18.344230769230773,0.0
2070-04-13,29.0,18.9,0.0
2070-04-14,31.5,16.9,0.0
2070-04-15,30.3,17.2,0.0
2070-04-16,28.9,16.457881136950892,0.0
2070-04-17,23.7,16.6,34.96181818181818
2070-04-18,24.0,17.0,0.0
2070-04-19,29.9,16.9,0.0
2070-04-20,25.5,17.4,0.0
2070-04-21,27.4,15.8,0.0
2070-04-22,26.1,17.7,0.0
2070-04-23,27.1,16.0,0.0
2070-04-24,26.7,17.4,0.0
2070-04-25,28.5,15.908823529411766,0.0
2070-04-26,29.3,15.5,0.0
2070-04-27,29.4,15.8,0.0
2070-04-28,27.2,16.0,0.0
2070-04-29,28.3,16.4,0.0
2070-04-30,30.4,15.2,0.0
2070-05-01,29.1,17.822614181635387,0.0
2070-05-02,27.01453859890366,15.9,0.0
2070-05-03,30.4,14.5,0.0
2070-05-04,30.7,14.0,0.0
2070-05-05,30.3,12.6,0.0
2070-05-06,29.9,13.2,0.0
2070-05-07,31.655733998301507,12.1,0.0
2070-05-08,25.9,15.365757684487466,0.0
2070-05-09,26.0,10.8,0.0
2070-05-10,25.4,9.6,0.0
2070-05-11,26.5,8.7,0.0
2070-05-12,27.0,6.9,0.0
2070-05-13,26.0,9.9,0.0
2070-05-14,27.9,7.9,0.0
2070-05-15,29.8,9.2,0.0
2070-05-16,29.777078605055305,9.3,0.0
2070-05-17,26.7,11.0,0.0
2070-05-18,25.2,10.1,0.0
2070-05-19,26.0,9.6,0.0
2070-05-20,27.0,11.656929149071228,0.0
2070-05-21,27.0,10.9,0.0
2070-05-22,27.0,10.2,0.0
2070-05-23,28.6,10.8,0.0
2070-05-24,29.354045116974227,13.1,0.0
2070-05-25,29.7,13.5,0.0
2070-05-26,30.2,14.7,0.0
2070-05-27,31.0,18.262305279252917,0.0
2070-05-28,31.638091425913192,20.958251953125,0.0
2070-05-29,33.564008275863,19.728515625,0.0
2070-05-30,33.51182282681752,18.017927390155567,0.0
2070-05-31,31.0,17.782600670672494,0.0
2070-06-01,28.5,14.4,0.0
2070-06-02,30.0,12.605141842665514,0.0
2070-06-03,31.510595703125,13.644802305592076,0.0
2070-06-04,26.0,16.4,0.0
2070-06-05,23.972855598552385,12.6,0.0
2070-06-06,22.3,9.9,0.0
2070-06-07,22.7,6.857508342602893,0.0
2070-06-08,24.0,3.5,0.0
2070-06-09,24.7,5.4,0.0
2070-06-10,24.2,9.0,0.0
2070-06-11,25.0,7.9,0.0
2070-06-12,24.0,9.0,0.0
2070-06-13,22.7,9.0,0.0
2070-06-14,22.9,8.5,0.0
2070-06-15,22.5,8.2,0.0
2070-06-16,23.5,10.9,0.0
2070-06-17,23.0,9.7,0.0
2070-06-18,23.0,7.956135021819119,0.0
2070-06-19,23.0,8.0,0.0
2070-06-20,22.9,7.9,0.0
2070-06-21,23.0,7.9,0.0
2070-06-22,22.9,8.0,0.0
2070-06-23,22.1,7.8,0.0
2070-06-24,23.0,6.9,0.0
2070-06-25,25.4,6.36784081077741,0.0
2070-06-26,26.3,5.5,0.0
2070-06-27,26.4,6.2,0.0
2070-06-28,24.7,11.2,0.0
2070-06-29,19.473224217384395,13.2,0.0
2070-06-30,22.0,10.0,0.0
2070-07-01,22.0,6.3,0.0
2070-07-02,24.0,4.6,0.0
2070-07-03,25.6,4.878686759956942,0.0
2070-07-04,24.9,8.455300709337306,0.0
2070-07-05,21.17860199138859,10.129278794402587,0.0
2070-07-06,16.729205514614556,9.8,0.0
2070-07-07,22.6,8.6,0.0
2070-07-08,22.6,10.4,0.0
2070-07-09,21.86048618586293,9.0,0.0
2070-07-10,22.5,9.0,0.0
2070-07-11,23.2,9.0,0.0
2070-07-12,24.04900798821596,8.0,0.0
2070-07-13,25.0,9.2,0.0
2070-07-14,26.319302238601733,8.9,0.0
2070-07-15,26.7,7.9,0.0
2070-07-16,25.0,10.771493779891259,0.0
2070-07-17,24.0,10.3,0.0
2070-07-18,23.8,10.64586601055922,0.0
2070-07-19,22.070745846680587,10.5,0.0
2070-07-20,23.9,8.7,0.0
2070-07-21,26.2,8.4,0.0
2070-07-22,26.6,11.0,0.0
2070-07-23,26.0,12.0,0.0
2070-07-24,26.3,10.0,0.0
2070-07-25,26.9,8.6,0.0
2070-07-26,25.3,10.7,0.0
2070-07-27,23.0,11.0,0.0
2070-07-28,24.3,8.7,0.0
2070-07-29,26.3,9.68953830041021,0.0
2070-07-30,26.5,11.786867599569433,0.0
2070-07-31,24.9,13.032737817907227,0.0
2070-08-01,24.1,10.9,0.0
2070-08-02,24.7,10.0,0.0
2070-08-03,27.4,10.2,0.0
2070-08-04,30.5,12.1,0.0
2070-08-05,32.6,14.674531754574803,0.0
2070-08-06,30.5,16.4,0.0
2070-08-07,28.4,15.2,0.0
2070-08-08,28.9,13.4,0.0
2070-08-09,29.1,13.7,0.0
2070-08-10,29.1,13.0,0.0
2070-08-11,30.0,13.7,0.0
2070-08-12,31.2,13.9,0.0
2070-08-13,31.0,14.4,0.0
2070-08-14,27.6,16.083489453312872,0.0
2070-08-15,28.1,14.7,0.0
2070-08-16,30.86997558350179,14.6,0.0
2070-08-17,32.9,15.2,0.0
2070-08-18,31.5,14.6,0.0
2070-08-19,28.093541442411198,12.9,0.0
2070-08-20,24.5,14.327941155364188,0.0
2070-08-21,23.2,11.2,0.0
2070-08-22,24.4,8.6,0.0
2070-08-23,27.1,8.9,0.0
2070-08-24,29.5,10.2,0.0
2070-08-25,30.4,10.2,0.0
2070-08-26,29.9,12.9,0.0
2070-08-27,29.1,13.0,0.0
2070-08-28,31.2,13.5,0.0
2070-08-29,34.534714208228,15.4,0.0
2070-08-30,38.87841796875,16.7,0.0
2070-08-31,37.493115900079495,17.177214607042192,0.0
2070-09-01,31.418279569892476,19.5,0.0
2070-09-02,33.9,18.6,0.0
2070-09-03,34.7903555035608,19.9,0.0
2070-09-04,33.4,19.6,0.0
2070-09-05,33.5,18.946318955217738,0.0
2070-09-06,30.3,19.0,0.0
2070-09-07,30.9,17.3,0.0
2070-09-08,32.0,17.8,0.0
2070-09-09,31.4,17.9,0.0
2070-09-10,33.2,17.6,0.0
2070-09-11,31.9,19.4,0.0
2070-09-12,29.9,16.2,0.0
2070-09-13,31.0,16.2,0.0
2070-09-14,31.0,17.7,0.0
2070-09-15,32.1,16.3,0.0
2070-09-16,35.1,17.9,0.0
2070-09-17,37.27326495910774,20.0,0.0
2070-09-18,31.1,20.0,0.0
2070-09-19,32.0,18.0,0.0
2070-09-20,35.3,17.6,0.0
2070-09-21,35.6694044581125,19.24913862874321,0.0
2070-09-22,36.171907824048894,22.734520519539025,0.0
2070-09-23,36.26909163736948,23.623046875,0.0
2070-09-24,34.0,22.851151067993964,0.0
2070-09-25,35.2,21.307239154616244,0.0
2070-09-26,35.23363628964433,22.345020590145506,0.0
2070-09-27,33.0,23.642333984375,0.0
2070-09-28,31.0,20.5,0.0
2070-09-29,29.287924435813803,19.0,0.0
2070-09-30,30.7,16.0,0.0
2070-10-01,33.2,18.9,0.0
2070-10-02,34.5,20.3,0.0
2070-10-03,33.3,21.0,0.0
2070-10-04,33.37881096298749,19.6,0.0
2070-10-05,34.2,19.0,0.0
2070-10-06,35.96526672431135,18.5,0.0
2070-10-07,35.2,18.9,0.0
2070-10-08,33.0,21.2,0.0
2070-10-09,30.2,19.2,0.0
2070-10-10,30.5,17.5,0.0
2070-10-11,32.0,16.6,0.0
2070-10-12,32.94737813316931,17.3,0.0
2070-10-13,32.9,18.5,0.0
2070-10-14,33.1,19.1,0.0
2070-10-15,32.8,18.5,0.0
2070-10-16,32.9,18.3,0.0
2070-10-17,34.0,19.0,0.0
2070-10-18,35.5,20.2,0.0
2070-10-19,38.177736001621234,21.0,0.0
2070-10-20,38.37621963576666,21.8,0.0
2070-10-21,38.340431364841294,23.755553720946853,0.0
2070-10-22,34.0,20.4,2.2
2070-10-23,33.3,19.0,0.0
2070-10-24,34.0,19.2,0.0
2070-10-25,35.03654467168999,23.0,0.0
2070-10-26,34.9,20.6,0.0
2070-10-27,34.16723524053986,19.5,0.9480000000000001
2070-10-28,31.2,19.6,0.9
2070-10-29,31.9,19.4,1.6720000000000008
2070-10-30,27.4,19.31828826256013,0.0
2070-10-31,30.6,18.9,0.0
2070-11-01,32.6,21.5,0.0
2070-11-02,34.6,20.0,0.0
2070-11-03,34.4,19.4,0.0
2070-11-04,35.7,17.6,0.0
2070-11-05,40.05908203125,19.6,0.0
2070-11-06,41.03125,20.5,0.0
2070-11-07,36.0,22.9,0.0
2070-11-08,35.7,21.9,0.0
2070-11-09,37.14532108434075,22.529399687596158,0.0
2070-11-10,39.2064202011094,20.9,0.0
2070-11-11,37.35043573594961,22.1,0.0
2070-11-12,36.4,21.9,0.0
2070-11-13,36.77563806528326,20.7,0.0
2070-11-14,39.356306933876304,20.5,0.0
2070-11-15,39.84814453125,23.2,0.0
2070-11-16,39.927978515625,24.978857421875,0.0
2070-11-17,36.4,20.0,1.0
2070-11-18,33.9,19.5,0.0
2070-11-19,34.0,20.4,0.0
2070-11-20,33.7,20.4,5.3
2070-11-21,31.1,19.9,1.6
2070-11-22,32.6,21.0,4.223059617547807
2070-11-23,31.9,20.1,18.84330708661417
2070-11-24,28.4,19.18368305668651,40.41811023622046
2070-11-25,29.2,19.5,35.02727784026997
2070-11-26,28.9,19.5,3.481889763779528
2070-11-27,25.2,18.8,41.438976377952756
2070-11-28,27.9518269244308,18.9,0.0
2070-11-29,29.515276232851313,19.4,0.0
2070-11-30,29.2,19.6,0.0
2070-12-01,30.3,20.0,14.645106382978726
2070-12-02,29.7,20.192523425744795,5.0
2070-12-03,30.2,20.0,66.72610942249246
2070-12-04,24.321802334695413,19.8,77.81602148316483
2070-12-05,30.0,20.0,8.9
2070-12-06,29.6,20.0,15.441276595744682
2070-12-07,30.303266719707953,20.0,1.7
2070-12-08,31.26062586498538,20.0,0.0
2070-12-09,32.406864423229614,21.0,0.0
2070-12-10,25.6,19.671269505521387,8.859574468085107
2070-12-11,29.7,20.0,4.0
2070-12-12,29.4,19.52429719378176,8.960212765957449
2070-12-13,28.3,19.9,36.468174692049296
2070-12-14,24.0,18.7,64.4498480243161
2070-12-15,22.5,17.4,6.098723404255319
2070-12-16,23.694676238269228,17.4,0.0
2070-12-17,27.9,17.1,0.0
2070-12-18,29.8,16.9,0.0
2070-12-19,28.2,16.7,0.0
2070-12-20,29.2,15.8,0.0
2070-12-21,30.928141551481428,16.5,0.0
2070-12-22,31.4,17.4,0.0
2070-12-23,31.0,18.1,0.0
2070-12-24,29.8,17.6,0.0
2070-12-25,28.7,17.3,0.0
2070-12-26,28.7,16.7,0.0
2070-12-27,30.2,16.1,0.0
2070-12-28,31.6,16.5,0.0
2070-12-29,33.28259319086707,18.2,0.0
2070-12-30,32.1,19.5,0.0
2070-12-31,31.401681617031446,19.2,0.0
