date,tmax_C,tmin_C,precip_mm_day
2041-01-01,27.9,19.7,0.0
2041-01-02,27.8,19.755531353553256,0.5
2041-01-03,27.100474764837276,19.6,0.0
2041-01-04,29.5,19.2,0.5
2041-01-05,24.6,18.8,22.666666666666657
2041-01-06,22.7,18.3,1.0
2041-01-07,24.0,18.2,0.0
2041-01-08,26.9,18.162970936490847,0.0
2041-01-09,27.6,19.2,7.7
2041-01-10,28.0,19.2,11.9
2041-01-11,29.3,19.0,0.6
2041-01-12,29.4,18.0,0.0
2041-01-13,28.6,18.4,0.0
2041-01-14,29.2,19.8,0.0
2041-01-15,30.0,20.274839328928387,0.0
2041-01-16,30.6,19.8,0.0
2041-01-17,31.1,19.6,3.9
2041-01-18,30.9,19.7,7.2
2041-01-19,28.6,19.8,1.0
2041-01-20,27.2,19.5,58.03333333333331
2041-01-21,22.6,18.2,19.0
2041-01-22,24.6,18.2,0.0
2041-01-23,29.2,18.2,0.0
2041-01-24,30.301704341585936,17.3,0.0
2041-01-25,30.0,18.3,0.4
2041-01-26,29.5,17.2,5.0
2041-01-27,27.9,18.86632320497924,23.4
2041-01-28,28.9,18.907559931071752,6.2
2041-01-29,28.3,17.8,1.8
2041-01-30,28.926049515608177,18.4,8.566666666666665
2041-01-31,29.0,17.7,0.0
2041-02-01,28.2,19.0,26.1
2041-02-02,26.9,18.5,15.8
2041-02-03,28.5,18.4,1.4
2041-02-04,28.0,19.0,9.475
2041-02-05,26.040839343164336,18.7,1.6
2041-02-06,26.9,18.7,8.8
2041-02-07,27.7,19.0,24.9
2041-02-08,28.6,17.9,0.0
2041-02-09,26.1,18.653258168151783,0.8
2041-02-10,27.7,18.2,13.149999999999993
2041-02-11,28.6,18.4,0.0
2041-02-12,29.7,18.2,2.6
2041-02-13,30.2,18.6,13.149999999999993
2041-02-14,24.6,18.9,28.0
2041-02-15,23.602382251318424,18.7,2.1199999999999997
2041-02-16,26.4,18.2,15.8
2041-02-17,28.3,17.9,1.9
2041-02-18,28.2,17.7,2.0
2041-02-19,29.0,16.2,0.0
2041-02-20,30.1,15.8,0.0
2041-02-21,30.6,14.2,0.0
2041-02-22,30.734492302369834,16.0,0.0
2041-02-23,29.1,15.0,0.0
2041-02-24,29.5,14.2,0.0
2041-02-25,31.659045428407126,15.0,0.0
2041-02-26,33.333721058586505,16.5,0.0
2041-02-27,32.0,18.6,2.3
2041-02-28,32.8058836198261,17.6,0.6
2041-03-01,30.1,17.2,1.4
2041-03-02,26.8,18.2,0.0
2041-03-03,28.9,14.9,0.0
2041-03-04,30.2,13.901483244286736,0.0
2041-03-05,31.2,14.6,0.0
2041-03-06,27.6,19.713089343380005,0.0
2041-03-07,29.8,16.9,0.0
2041-03-08,31.2,15.9,0.0
2041-03-09,33.3,17.2,1.2
2041-03-10,29.5,18.9,4.757142857142859
2041-03-11,30.0,19.0,27.5
2041-03-12,30.9,17.1,7.3
2041-03-13,31.7,16.1,0.0
2041-03-14,28.1,17.9,0.0
2041-03-15,25.5,16.5,0.0
2041-03-16,26.090517241379313,18.2,0.0
2041-03-17,27.0,13.9,0.0
2041-03-18,28.8,11.621755521155213,0.0
2041-03-19,30.0,12.2,0.0
2041-03-20,30.1,13.7,0.0
2041-03-21,31.181941309255073,12.935433353392721,0.0
2041-03-22,27.6,16.9,0.0
2041-03-23,25.3,17.5,0.0
2041-03-24,27.70769230769231,16.3,0.0
2041-03-25,27.2,16.7,0.0
2041-03-26,27.2,16.0,0.0
2041-03-27,27.6,15.2,0.0
2041-03-28,28.9,14.4,0.0
2041-03-29,30.5,13.6,0.0
2041-03-30,31.2,13.6,0.0
2041-03-31,32.86115326251896,13.968312143949131,0.0
2041-04-01,31.7,12.9,0.0
2041-04-02,30.1,15.9,0.0
2041-04-03,30.4,14.9,0.0
2041-04-04,31.2,13.7,0.0
2041-04-05,31.304046242774564,15.0,0.0
2041-04-06,27.6,17.7,19.974999999999998
2041-04-07,27.9,16.9,0.0
2041-04-08,30.3,15.3,0.0
2041-04-09,31.4,16.9,1.4
2041-04-10,26.91827956989247,16.736036036036037,1.4799999999999998
2041-04-11,24.0,13.9,0.0
2041-04-12,25.4,11.5,0.0
2041-04-13,26.6,10.0,0.0
2041-04-14,28.6,11.0,0.0
2041-04-15,29.6,11.4,0.0
2041-04-16,28.9,13.0,0.0
2041-04-17,28.6,13.0,0.0
2041-04-18,30.5,12.0,0.0
2041-04-19,31.7,14.9,0.0
2041-04-20,31.3897880539499,16.6,0.0
2041-04-21,31.4,14.1,0.0
2041-04-22,29.5,17.0,0.0
2041-04-23,28.4,16.6,1.05
2041-04-24,27.7,14.9,0.0
2041-04-25,25.9,14.4,0.0
2041-04-26,26.5,11.5,0.0
2041-04-27,27.9,14.4,0.0
2041-04-28,28.0,15.0,0.0
2041-04-29,27.6,13.9,0.0
2041-04-30,27.6,16.9,0.0
2041-05-01,27.2,16.7,0.0
2041-05-02,26.4,13.4,0.0
2041-05-03,25.2,13.0,0.0
2041-05-04,26.2,12.3,0.0
2041-05-05,26.1,11.53390742734122,0.0
2041-05-06,27.5,8.4,0.0
2041-05-07,29.7,9.7,0.0
2041-05-08,29.3,12.3,0.0
2041-05-09,26.2,14.0,1.215151515151515
2041-05-10,24.1,14.9,0.0
2041-05-11,24.7,11.6,0.0
2041-05-12,24.6,11.5,0.0
2041-05-13,25.8,11.9,0.0
2041-05-14,26.8,15.2,0.0
2041-05-15,28.61864971086689,15.3,0.0
2041-05-16,29.037459634015065,14.0,0.0
2041-05-17,28.5,13.0,0.0
2041-05-18,27.5,11.0,0.0
2041-05-19,27.452720966391578,11.5,0.0
2041-05-20,27.6,11.6,0.0
2041-05-21,25.7,10.7,0.0
2041-05-22,25.2,8.4,0.0
2041-05-23,24.6,7.5,0.0
2041-05-24,24.7,6.1,0.0
2041-05-25,27.9,7.302122459317417,0.0
2041-05-26,28.7,7.5,0.0
2041-05-27,29.2,7.2,0.0
2041-05-28,28.9,10.5,0.0
2041-05-29,28.1,9.4712404229722,0.0
2041-05-30,27.5,10.4,0.0
2041-05-31,26.4,12.5,0.0
2041-06-01,27.3,12.8,0.0
2041-06-02,27.0,13.6,0.0
2041-06-03,26.5,13.694414941332674,0.0
2041-06-04,25.96625880608083,14.3,0.0
2041-06-05,26.0,13.0,0.0
2041-06-06,23.9,12.2,0.0
2041-06-07,25.6,11.3,0.0
2041-06-08,27.1,10.6,0.0
2041-06-09,28.9,11.5,0.0
2041-06-10,29.5,11.3,0.0
2041-06-11,27.0,12.6,0.0
2041-06-12,23.0,16.4,0.0
2041-06-13,25.5,13.4,0.0
2041-06-14,26.6,10.9,0.0
2041-06-15,27.4,8.5,0.0
2041-06-16,26.2,9.4,0.0
2041-06-17,24.1,8.4,0.0
2041-06-18,23.7,6.9,0.0
2041-06-19,24.3,6.6,0.0
2041-06-20,25.4,5.742651835372637,0.0
2041-06-21,26.150489791524635,10.0,0.0
2041-06-22,22.4,13.60194746299308,0.0
2041-06-23,23.1,13.2,0.0
2041-06-24,24.0,10.2,0.0
2041-06-25,24.7,9.9,0.0
2041-06-26,24.7,7.7,0.0
2041-06-27,24.1,6.5,0.0
2041-06-28,24.1,5.0,0.0
2041-06-29,23.1,8.5,0.0
2041-06-30,23.0,6.908645677161419,0.0
2041-07-01,22.9,4.9,0.0
2041-07-02,24.7,6.1,0.0
2041-07-03,25.9,5.4,0.0
2041-07-04,24.0,8.7,0.0
2041-07-05,22.9,9.6,0.0
2041-07-06,24.4,9.5,0.0
2041-07-07,26.1,10.8,0.0
2041-07-08,26.3,12.0,0.0
2041-07-09,26.7,13.93597240833901,0.0
2041-07-10,27.6,15.3,0.0
2041-07-11,27.6,15.793748683574046,0.0
2041-07-12,27.2,13.8,0.0
2041-07-13,27.2,12.0,0.0
2041-07-14,27.6,10.985264920464058,0.0
2041-07-15,28.5,10.4,0.0
2041-07-16,29.2,10.5,0.0
2041-07-17,28.2,14.2,0.0
2041-07-18,26.273237351991376,13.6,0.0
2041-07-19,26.2,12.8,0.0
2041-07-20,26.2,13.0,0.0
2041-07-21,27.0,11.7,0.0
2041-07-22,27.4,12.8,0.0
2041-07-23,26.9,12.4,0.0
2041-07-24,27.1,13.0,0.0
2041-07-25,28.2,13.0,0.0
2041-07-26,28.2,14.2,0.0
2041-07-27,27.1,13.5,0.0
2041-07-28,26.7,12.0,0.0
2041-07-29,27.0,11.4,0.0
2041-07-30,28.2,11.030879823812526,0.0
2041-07-31,29.2,9.8,0.0
2041-08-01,29.0,8.1,0.0
2041-08-02,28.7,8.6,0.0
2041-08-03,27.1,12.0,0.0
2041-08-04,26.7,10.9,0.0
2041-08-05,26.4,10.6,0.0
2041-08-06,26.2,8.7,0.0
2041-08-07,26.7,8.0,0.0
2041-08-08,25.5,11.3,0.0
2041-08-09,25.2,10.4,0.0
2041-08-10,25.9,10.5,0.0
2041-08-11,26.4,10.5,0.0
2041-08-12,24.93006137365881,12.5,0.0
2041-08-13,24.7,11.7,0.0
2041-08-14,24.6,11.5,0.0
2041-08-15,24.7,10.7,0.0
2041-08-16,25.2,12.888683483877008,0.0
2041-08-17,25.5,12.0,0.0
2041-08-18,25.0,12.62568353067815,0.0
2041-08-19,25.0,11.2,0.0
2041-08-20,25.9,11.8,0.0
2041-08-21,25.6,12.3,0.0
2041-08-22,25.4,12.0,0.0
2041-08-23,26.2,11.7,0.0
2041-08-24,27.0,11.5,0.0
2041-08-25,27.2,10.0,0.0
2041-08-26,28.7,10.8,0.0
2041-08-27,29.9,13.2,0.0
2041-08-28,31.4,13.1,0.0
2041-08-29,32.57906007374664,13.0,0.0
2041-08-30,32.9,12.6,0.0
2041-08-31,32.6,13.0,0.0
2041-09-01,32.1,11.03146742567995,0.0
2041-09-02,31.5,16.3,0.0
2041-09-03,31.7,16.641495452463527,0.0
2041-09-04,31.7,17.9,0.0
2041-09-05,31.6,17.3,0.0
2041-09-06,32.5,15.3,0.0
2041-09-07,32.1,16.0,0.0
2041-09-08,32.1,15.4,0.0
2041-09-09,33.425138076123226,14.1,0.0
2041-09-10,31.7,18.01115127919912,0.0
2041-09-11,31.0,17.0,0.0
2041-09-12,31.7,16.3,0.0
2041-09-13,33.0,15.7,0.0
2041-09-14,33.0,18.0,0.0
2041-09-15,32.0,18.5,0.0
2041-09-16,31.6,17.2,0.0
2041-09-17,33.0,16.4,0.0
2041-09-18,34.037676614678254,17.1,0.0
2041-09-19,35.1,17.9,0.0
2041-09-20,36.0,18.9,0.0
2041-09-21,30.3,18.2,0.0
2041-09-22,29.2,16.7,0.0
2041-09-23,29.6,15.4,0.0
2041-09-24,30.38264877641824,14.2,0.0
2041-09-25,32.0,15.2,0.0
2041-09-26,31.7,19.3,0.0
2041-09-27,32.0,18.2,0.0
2041-09-28,33.5,19.3,0.0
2041-09-29,33.0,20.0,0.0
2041-09-30,30.9,18.9,0.0
2041-10-01,29.9,17.0,0.0
2041-10-02,30.1,16.0,0.0
2041-10-03,29.8,17.0,0.0
2041-10-04,30.6,16.7,0.0
2041-10-05,31.1,17.8,0.0
2041-10-06,31.1,16.9,0.0
2041-10-07,31.4,16.9,0.0
2041-10-08,33.0,17.5,0.0
2041-10-09,35.2,19.5,0.0
2041-10-10,35.971953115656014,19.785185648028484,0.0
2041-10-11,36.9,17.1,0.0
2041-10-12,36.6,21.3,0.0
2041-10-13,35.5,20.741741032674735,0.0
2041-10-14,34.9,19.5,0.0
2041-10-15,36.0,18.1,0.0
2041-10-16,36.9,17.9,0.0
2041-10-17,36.0,22.6,0.0
2041-10-18,33.2,20.7,0.0
2041-10-19,30.7,17.7,0.0
2041-10-20,32.1,19.222143626018752,0.0
2041-10-21,32.9,19.6,0.0
2041-10-22,35.5,18.4,0.0
2041-10-23,35.3,20.5,0.0
2041-10-24,35.0,21.0,0.0
2041-10-25,34.9,20.9,0.0
2041-10-26,34.9,20.4,0.0
2041-10-27,35.6,19.6,0.0
2041-10-28,35.743078579117324,20.1,0.0
2041-10-29,34.9,21.0,0.0
2041-10-30,33.9,21.852858379744454,0.0
2041-10-31,33.2,19.0,0.0
2041-11-01,34.6,21.0,0.0
2041-11-02,35.50869949728202,19.5,0.0
2041-11-03,35.3,19.0,0.0
2041-11-04,34.54747544302605,20.9,0.0
2041-11-05,35.0,21.5,0.0
2041-11-06,35.768909030867626,20.147512005618864,0.0
2041-11-07,35.9,19.2,0.0
2041-11-08,36.29659754970311,22.3,0.0
2041-11-09,36.313389420691735,22.6,0.0
2041-11-10,37.09254879331225,23.285389975437166,0.0
2041-11-11,37.6928738271507,23.454512715828677,0.0
2041-11-12,38.82269923211102,25.22763671875,0.0
2041-11-13,37.635403925014266,24.2115234375,0.0
2041-11-14,36.4,23.354839120643074,0.0
2041-11-15,34.72211997618004,21.7,1.3
2041-11-16,34.437521008744504,21.1,0.0
2041-11-17,35.7,20.5,0.0
2041-11-18,35.7,21.0,0.0
2041-11-19,31.6,20.3,0.0
2041-11-20,34.0,21.0,0.0
2041-11-21,34.4,20.1,0.0
2041-11-22,33.5,20.3,3.8
2041-11-23,32.8,20.5,1.6777777777777776
2041-11-24,31.5,20.0,2.5
2041-11-25,33.7,19.5,1.9
2041-11-26,34.0,20.5,8.200000000000001
2041-11-27,32.98294401186503,20.9,4.5
2041-11-28,30.2,19.9,1.2
2041-11-29,30.1,20.1,33.4
2041-11-30,27.0,19.7,1.0
2041-12-01,24.6,19.0,1.2
2041-12-02,25.5,18.8,0.0
2041-12-03,25.3,18.4,0.0
2041-12-04,28.9,18.8,7.45617021276596
2041-12-05,29.0,18.6,0.8
2041-12-06,27.7,19.4,22.33095744680852
2041-12-07,28.68310010764262,19.0,19.51574468085107
2041-12-08,29.5,18.6,2.7
2041-12-09,29.4,18.5,2.9
2041-12-10,25.4,18.0,7.45617021276596
2041-12-11,28.4,19.9,0.0
2041-12-12,28.5,18.1,0.0
2041-12-13,27.1,17.2,0.0
2041-12-14,28.3,16.7,0.0
2041-12-15,28.9,16.6,0.0
2041-12-16,29.0,17.9,0.0
2041-12-17,30.1,18.0,0.0
2041-12-18,31.1,21.96449015770793,0.0
2041-12-19,32.11337041604397,18.1,0.0
2041-12-20,31.4,20.0,0.0
2041-12-21,28.9,18.5,1.0
2041-12-22,30.0,17.5,4.183191489361702
2041-12-23,29.9,19.9,0.0
2041-12-24,30.9,20.0,0.0
2041-12-25,30.4,20.0,1.2
2041-12-26,30.7,19.0,1.7
2041-12-27,27.4,19.9,48.73813829787233
2041-12-28,28.9,19.9,2.9
2041-12-29,25.076308934337998,19.2,52.4
2041-12-30,28.1,18.4,0.0
2041-12-31,29.9,16.9,0.0
2042-01-01,28.8,18.7,7.4
2042-01-02,26.45572694259454,18.2,0.0
2042-01-03,28.472806781485463,15.7,0.0
2042-01-04,30.2,15.0,0.0
2042-01-05,31.7,17.4,0.0
2042-01-06,31.8,17.3,0.6
2042-01-07,31.183885907763774,19.0,4.0
2042-01-08,31.0,19.6,3.4
2042-01-09,31.6,18.6,22.0
2042-01-10,27.5,19.0,21.0
2042-01-11,28.1,18.3,11.0
2042-01-12,27.073352255677396,18.4,6.5
2042-01-13,27.0,19.5,0.2
2042-01-14,27.4,19.0,8.3
2042-01-15,28.1,18.0,41.38823529411765
2042-01-16,26.4,19.0,14.0
2042-01-17,25.9,18.840614309008913,11.6
2042-01-18,26.4,18.4,0.0
2042-01-19,27.6,18.7,11.0
2042-01-20,28.6,18.8,15.8
2042-01-21,28.5,17.6,11.0
2042-01-22,28.9,18.6,0.5
2042-01-23,29.5,17.182561894510222,0.0
2042-01-24,28.136326553736325,18.4,0.0
2042-01-25,23.2,18.4,35.0
2042-01-26,25.72140842308658,18.3,0.8
2042-01-27,26.2,17.2,0.0
2042-01-28,28.8,17.0,1.0
2042-01-29,28.1,18.7,0.5
2042-01-30,28.3,18.8,0.8
2042-01-31,29.5,18.2,0.0
2042-02-01,28.9,18.7,5.6
2042-02-02,30.5,19.366583838070095,15.93333333333333
2042-02-03,27.2,19.0,0.0
2042-02-04,27.0,19.4,0.0
2042-02-05,27.6,19.5,4.0
2042-02-06,26.2,19.2,0.0
2042-02-07,26.3,18.1,0.0
2042-02-08,29.4,18.0,10.069999999999999
2042-02-09,27.9,19.0,2.6
2042-02-10,28.3,18.7,6.971428571428569
2042-02-11,29.4,18.7,18.4
2042-02-12,29.9,18.5,4.0
2042-02-13,31.2,18.7,0.0
2042-02-14,30.6,17.9,7.4
2042-02-15,28.0,19.45110408525111,10.2
2042-02-16,23.56726374492332,18.3,0.0
2042-02-17,25.6,16.2,0.0
2042-02-18,29.7,14.8,0.0
2042-02-19,28.5,15.2,0.0
2042-02-20,28.3,18.2,0.0
2042-02-21,27.3,18.1,0.0
2042-02-22,29.8,15.0,0.0
2042-02-23,30.6,12.6,0.0
2042-02-24,30.5,13.884558673038075,0.0
2042-02-25,31.066529723807875,15.7,0.0
2042-02-26,31.042607585932764,20.06480379540668,0.0
2042-02-27,30.714606095457153,17.9,0.0
2042-02-28,30.5,19.69620292561469,0.0
2042-03-01,31.0,17.0,0.0
2042-03-02,32.486702127659576,15.7,0.0
2042-03-03,30.9,14.9,0.0
2042-03-04,28.2,17.1,0.0
2042-03-05,26.2,18.1,0.0
2042-03-06,28.9,17.9,0.0
2042-03-07,30.0,17.5,0.0
2042-03-08,31.051515151515158,16.1,0.0
2042-03-09,31.725781249999997,17.1,0.0
2042-03-10,30.7,19.9,0.0
2042-03-11,30.3,18.5,0.0
2042-03-12,31.6,17.6,1.0
2042-03-13,29.0,18.7,7.3
2042-03-14,25.6,18.5,0.0
2042-03-15,24.2,19.2,0.2
2042-03-16,25.5,18.8,5.7
2042-03-17,26.5,18.0,0.6
2042-03-18,27.3,19.3,0.0
2042-03-19,26.9,17.2,0.0
2042-03-20,30.0,15.4,0.0
2042-03-21,31.0,16.5,0.0
2042-03-22,30.2,19.9,0.0
2042-03-23,30.5,18.4,0.0
2042-03-24,30.4,17.0,0.0
2042-03-25,29.9,16.5,0.0
2042-03-26,31.3,16.7,0.0
2042-03-27,32.53942161339422,16.7,0.0
2042-03-28,32.82352048558422,19.9,0.0
2042-03-29,33.0,18.2,0.0
2042-03-30,31.16659142212189,18.7,0.0
2042-03-31,28.5,18.7,0.0
2042-04-01,29.6,18.1,0.0
2042-04-02,29.8,16.85908496732026,0.0
2042-04-03,29.4,15.3,0.0
2042-04-04,28.6,15.6,0.0
2042-04-05,27.4,15.5,0.0
2042-04-06,27.2,15.3,0.0
2042-04-07,28.9,13.0,0.0
2042-04-08,28.9,14.5,0.0
2042-04-09,29.9,15.0,0.0
2042-04-10,31.0,15.9,0.0
2042-04-11,31.3,16.0,0.0
2042-04-12,31.5,15.3,0.0
2042-04-13,31.8,15.2,0.0
2042-04-14,32.7,16.3,0.0
2042-04-15,32.81201629327902,16.2,0.0
2042-04-16,32.911361410381986,15.7,0.0
2042-04-17,33.244612068965516,14.4,0.0
2042-04-18,31.591935483870973,18.3,0.0
2042-04-19,29.9,17.9,1.025
2042-04-20,30.6,17.5,0.0
2042-04-21,31.5,18.4,0.0
2042-04-22,31.7,17.1,0.0
2042-04-23,30.4,16.7,0.0
2042-04-24,31.3,18.9,0.0
2042-04-25,30.65384615384615,17.3,0.0
2042-04-26,30.9,16.7,0.0
2042-04-27,30.8,17.3,0.0
2042-04-28,30.4,18.3171875,0.0
2042-04-29,29.8,18.8,0.0
2042-04-30,28.5,19.0,0.0
2042-05-01,30.1,18.303075337623312,0.0
2042-05-02,31.459774949230397,17.296457711616895,1.319047619047619
2042-05-03,30.2,17.86479133524485,4.658536585365853
2042-05-04,31.1,16.2,0.0
2042-05-05,30.0,18.147350011811955,0.0
2042-05-06,29.6,17.9,0.0
2042-05-07,30.5,16.99160160897397,0.0
2042-05-08,30.1,16.0,0.0
2042-05-09,30.1,14.9,0.0
2042-05-10,30.0,14.9,0.0
2042-05-11,30.1,12.5,0.0
2042-05-12,30.225380178412415,12.9,0.0
2042-05-13,30.755692429653394,14.2,0.0
2042-05-14,31.6,15.2,0.0
2042-05-15,33.8,14.9,0.0
2042-05-16,33.8,17.304404012823728,0.0
2042-05-17,33.723436214198706,18.244804954718848,0.0
2042-05-18,31.716516876299437,18.135275501152716,0.0
2042-05-19,30.4,17.685012834313138,0.0
2042-05-20,29.6,16.3,0.0
2042-05-21,29.1,17.9,0.0
2042-05-22,30.20536980938188,14.9,0.0
2042-05-23,29.88447989040022,15.2,0.0
2042-05-24,29.0,15.2,0.0
2042-05-25,28.7,14.9,0.0
2042-05-26,29.0,15.3,0.0
2042-05-27,29.5,15.2,0.0
2042-05-28,30.0,15.7,0.0
2042-05-29,31.1,14.9,0.0
2042-05-30,31.456423601478132,15.2,0.0
2042-05-31,30.0,15.817336662176842,0.0
2042-06-01,29.2,15.51357185864009,0.0
2042-06-02,29.0,14.4,0.0
2042-06-03,30.0,13.900271825206836,0.0
2042-06-04,30.0,14.031128268882645,0.0
2042-06-05,29.5,14.009450276217281,0.0
2042-06-06,29.5,12.1,0.0
2042-06-07,30.0,12.4,0.0
2042-06-08,27.9,15.079487705233166,0.0
2042-06-09,27.0,13.2,0.0
2042-06-10,26.0,14.0,0.0
2042-06-11,25.6,14.3,0.0
2042-06-12,21.7,15.94876550766136,0.0
2042-06-13,24.7,12.183224635559979,0.0
2042-06-14,25.4,10.6,0.0
2042-06-15,26.2,11.3,0.0
2042-06-16,26.5,9.2,0.0
2042-06-17,26.6,10.6,0.0
2042-06-18,26.7,10.7,0.0
2042-06-19,26.3,10.5,0.0
2042-06-20,26.9,8.2,0.0
2042-06-21,26.9,10.1,0.0
2042-06-22,26.6,11.269345150525693,0.0
2042-06-23,27.1,12.0,0.0
2042-06-24,26.6,11.5,0.0
2042-06-25,25.0,11.9,0.0
2042-06-26,25.5,8.9,0.0
2042-06-27,25.8,9.7,0.0
2042-06-28,23.9,9.9,0.0
2042-06-29,24.5,10.0,0.0
2042-06-30,24.5,16.930378520681934,0.0
2042-07-01,23.0,13.024660554545108,0.0
2042-07-02,20.2,12.220442007534986,0.0
2042-07-03,22.5,11.6,0.0
2042-07-04,22.6,10.0,0.0
2042-07-05,22.6,9.5,0.0
2042-07-06,22.6,13.362150802193856,0.0
2042-07-07,22.9,9.6,0.0
2042-07-08,22.9,10.3,0.0
2042-07-09,22.6,10.2,0.0
2042-07-10,19.6,10.5,0.0
2042-07-11,23.4,8.7,0.0
2042-07-12,24.0,10.5,0.0
2042-07-13,25.3,7.7,0.0
2042-07-14,23.7,8.9,0.0
2042-07-15,21.5,11.0,0.0
2042-07-16,21.7,14.180119582816957,0.0
2042-07-17,24.5,13.22595048439181,0.0
2042-07-18,25.7,9.584535342662353,0.0
2042-07-19,26.6,7.361279905552277,0.0
2042-07-20,25.3,10.3,0.0
2042-07-21,23.6,9.7,0.0
2042-07-22,23.6,8.3,0.0
2042-07-23,26.3,9.2,0.0
2042-07-24,25.7,11.3,0.0
2042-07-25,25.7,11.2,0.0
2042-07-26,27.6,10.8,0.0
2042-07-27,28.960994348762103,13.0,0.0
2042-07-28,29.468891280947243,15.182046898414908,0.0
2042-07-29,29.559695381427115,15.3,0.0
2042-07-30,30.688568221796302,15.739241929184459,0.0
2042-07-31,29.627387596257336,15.956207126852117,0.0
2042-08-01,27.46196238678669,14.224924650161464,0.0
2042-08-02,28.0,12.3,0.0
2042-08-03,25.6,13.903423338740723,0.0
2042-08-04,24.7,12.3,0.0
2042-08-05,25.0,11.231992130952822,0.0
2042-08-06,26.3,10.7,0.0
2042-08-07,28.1,10.9,0.0
2042-08-08,28.7,11.7,0.0
2042-08-09,28.3,13.4,0.0
2042-08-10,28.335281257976092,12.7,0.0
2042-08-11,27.2,12.484360930406698,0.0
2042-08-12,26.7,13.1,0.0
2042-08-13,26.3,12.8,0.0
2042-08-14,26.82979978471474,12.3,0.0
2042-08-15,23.516743360251137,13.5,0.0
2042-08-16,24.2,10.4,0.0
2042-08-17,26.4,6.549211794412644,0.0
2042-08-18,28.2,8.0,0.0
2042-08-19,29.7,12.4,0.0
2042-08-20,28.77693083961248,14.5,0.0
2042-08-21,28.8,14.0,0.0
2042-08-22,30.055234122712594,14.113117292693522,0.0
2042-08-23,31.2,15.0,0.0
2042-08-24,32.5,15.608802388971837,0.0
2042-08-25,30.99649636377956,17.4,0.0
2042-08-26,28.7,16.3,0.0
2042-08-27,27.1,15.5,0.0
2042-08-28,24.1,12.0,0.0
2042-08-29,21.444693432374052,10.2,0.0
2042-08-30,24.21420440302579,9.380927860045192,0.0
2042-08-31,25.0,11.5,0.0
2042-09-01,25.6,9.850100856347565,0.0
2042-09-02,27.0,9.6,0.0
2042-09-03,27.9,11.0,0.0
2042-09-04,29.9,11.6,0.0
2042-09-05,32.29526002674632,13.5,0.0
2042-09-06,33.2,13.5,0.0
2042-09-07,30.6,17.8,0.0
2042-09-08,29.6,15.377129059388484,0.0
2042-09-09,32.34714126807564,14.6,0.0
2042-09-10,32.5,16.5,0.0
2042-09-11,32.0,16.0,0.0
2042-09-12,33.2,16.3,0.0
2042-09-13,29.7,17.065492883414663,0.0
2042-09-14,21.59789080859895,14.904004449388209,0.0
2042-09-15,27.6,12.7,0.0
2042-09-16,29.26142936596218,14.0,0.0
2042-09-17,29.7,15.366567296996667,0.0
2042-09-18,31.289273611506328,15.7,0.0
2042-09-19,33.1,18.1,0.0
2042-09-20,33.7,20.941345673502834,0.0
2042-09-21,34.24689865195984,20.5,0.0
2042-09-22,35.4,19.6,0.0
2042-09-23,33.2,21.239573150863478,0.0
2042-09-24,32.7,19.3,0.0
2042-09-25,32.4,18.6,0.0
2042-09-26,32.9,17.6,0.0
2042-09-27,33.7,18.09047830923249,0.0
2042-09-28,34.6,18.2,0.0
2042-09-29,33.7,19.3,0.0
2042-09-30,32.3,18.83745634684533,0.0
2042-10-01,32.0,18.4,0.0
2042-10-02,31.9,18.4,0.0
2042-10-03,32.0,19.0,0.0
2042-10-04,34.6,19.0,0.0
2042-10-05,35.863697524219575,20.1,0.0
2042-10-06,30.8,19.5,0.0
2042-10-07,30.1,18.0,0.4
2042-10-08,33.9,17.5,0.0
2042-10-09,34.1,20.7,0.0
2042-10-10,34.9,20.5,0.0
2042-10-11,35.5,23.187984794137922,0.0
2042-10-12,34.9,23.437143152414578,0.0
2042-10-13,34.9,23.0,0.0
2042-10-14,35.4,22.99389022332319,0.0
2042-10-15,35.6,24.870068359375,0.0
2042-10-16,35.5,22.156437952502156,0.0
2042-10-17,34.0,20.3,0.0
2042-10-18,33.3,21.9,0.0
2042-10-19,31.7,19.0,0.9
2042-10-20,26.6,18.4,0.0
2042-10-21,28.39584333857746,19.0,0.2
2042-10-22,29.752152852529598,19.0,0.4
2042-10-23,28.5,18.0,0.0
2042-10-24,31.2,18.1,0.54
2042-10-25,29.6,17.9,4.704000000000002
2042-10-26,28.6,17.6,8.819294117647066
2042-10-27,29.5,17.4,7.004000000000004
2042-10-28,27.840114818801577,17.1,14.580800000000002
2042-10-29,25.9,17.0,7.106588235294118
2042-10-30,24.9,16.4,0.2
2042-10-31,25.115068545117435,17.5,2.980000000000001
2042-11-01,28.9,20.0,22.5
2042-11-02,30.9,19.1,10.5
2042-11-03,33.6,17.0,0.0
2042-11-04,34.4,16.7,0.0
2042-11-05,33.7,21.178873479493348,0.0
2042-11-06,30.28513162773452,21.06757954220114,0.0
2042-11-07,29.5,19.3,2.4
2042-11-08,26.0,18.8,0.0
2042-11-09,28.762304027535837,17.5,0.0
2042-11-10,31.1,17.2,0.0
2042-11-11,31.713618306054347,16.9,0.0
2042-11-12,32.7,16.3,0.0
2042-11-13,34.0,16.5,0.0
2042-11-14,34.5,16.661628708769374,0.0
2042-11-15,34.0,19.1,0.0
2042-11-16,34.0,17.6,0.0
2042-11-17,33.7,17.8,0.0
2042-11-18,32.5,20.0,0.0
2042-11-19,29.9,20.4,0.0
2042-11-20,28.891930008587547,17.9,0.0
2042-11-21,29.0,19.4,15.825000000000001
2042-11-22,31.8,17.0,0.0
2042-11-23,32.9,17.0,0.0
2042-11-24,34.5,19.0,0.0
2042-11-25,33.2,20.4,0.0
2042-11-26,31.5,19.0,1.0
2042-11-27,33.4,17.7,0.0
2042-11-28,32.8,16.7,0.0
2042-11-29,32.5,16.2,0.0
2042-11-30,25.1,16.5,0.0
2042-12-01,25.6,18.0,0.0
2042-12-02,29.8,20.440372258580048,1.0
2042-12-03,28.7,19.0,2.6319148936170227
2042-12-04,25.74264942031799,18.7,17.420340425531933
2042-12-05,29.4,19.6,28.3
2042-12-06,29.7,16.6,0.0
2042-12-07,29.9,15.7,0.0
2042-12-08,31.1,14.7,0.0
2042-12-09,31.4,16.4,0.0
2042-12-10,30.1,16.8,0.6076595744680852
2042-12-11,25.6,18.5,0.5
2042-12-12,23.592163165144868,17.7,10.364680851063834
2042-12-13,28.0,17.3,0.0
2042-12-14,29.0,16.5,0.0
2042-12-15,29.9,16.4,0.0
2042-12-16,30.376592456288357,15.4,0.0
2042-12-17,28.9,18.0,1.0
2042-12-18,29.8,17.5,0.0
2042-12-19,32.0,16.9,0.0
2042-12-20,33.19152521321519,17.4,0.0
2042-12-21,32.4,19.2,0.3
2042-12-22,30.6,19.9,8.960212765957449
2042-12-23,32.4,19.6,1.7
2042-12-24,32.0,20.519109996642833,1.4
2042-12-25,25.3,19.833305434767155,4.443404255319149
2042-12-26,25.279532220743665,19.7,0.0
2042-12-27,27.5,19.0,0.0
2042-12-28,27.5,20.593828358289013,0.0
2042-12-29,28.7,19.9,3.6
2042-12-30,30.5,17.5,0.0
2042-12-31,29.9,19.9,0.0
2043-01-01,30.2,18.9,0.0
2043-01-02,31.1,19.6,0.0
2043-01-03,31.9,19.5,1.0
2043-01-04,31.0,17.0,0.6
2043-01-05,29.9,19.8,23.4
2043-01-06,30.364149791921584,19.51631838857819,44.2
2043-01-07,24.038295755389395,17.5,59.971428571428575
2043-01-08,24.0,17.9,32.25
2043-01-09,24.8,18.8,2.4
2043-01-10,24.851497624900254,18.6,0.0
2043-01-11,26.4,18.9,0.0
2043-01-12,27.3,19.5,0.0
2043-01-13,30.0,18.1,1.9
2043-01-14,29.3,19.4,12.9
2043-01-15,26.950627080882107,19.0,8.5
2043-01-16,25.4,19.6,5.0
2043-01-17,26.0,18.9,5.0
2043-01-18,26.0,19.0,26.5
2043-01-19,23.401617714900812,18.4,58.01666666666673
2043-01-20,24.9,17.7,0.0
2043-01-21,26.8,16.0,0.0
2043-01-22,29.049856672300887,15.5,0.0
2043-01-23,28.5,16.0,0.0
2043-01-24,28.2,15.9,0.0
2043-01-25,29.1,15.9,0.0
2043-01-26,30.7,15.6,0.0
2043-01-27,29.5,16.2,0.0
2043-01-28,30.682968015216044,18.9,5.9
2043-01-29,30.2,19.0,18.0
2043-01-30,30.0,19.0,26.0
2043-01-31,31.2,18.0,52.1
2043-02-01,24.048700821341107,19.0,6.942857142857147
2043-02-02,26.6,18.9,0.0
2043-02-03,26.768308287457224,18.8,0.0
2043-02-04,28.2,18.8,5.6
2043-02-05,27.3,18.9,6.0
2043-02-06,28.3,19.6454202011774,22.575
2043-02-07,29.6,18.9,2.0499999999999994
2043-02-08,28.9,19.361643457403677,49.94878048780488
2043-02-09,24.0,19.0,34.7
2043-02-10,24.192522546186847,17.7,0.0
2043-02-11,25.225218167828768,17.7,0.0
2043-02-12,23.97739924575031,16.1,3.7
2043-02-13,19.141181721938104,16.0,7.4
2043-02-14,27.7,15.5,0.0
2043-02-15,29.6,16.4,0.0
2043-02-16,32.0,14.5,0.0
2043-02-17,31.819113414825512,16.8,0.0
2043-02-18,29.6,19.9,1.9
2043-02-19,28.8,19.2,0.0
2043-02-20,29.6,16.9,0.0
2043-02-21,32.9,15.2,0.0
2043-02-22,30.2,19.9,25.279999999999994
2043-02-23,26.1,18.6,4.2
2043-02-24,28.1,17.9,12.4
2043-02-25,28.9,18.9,3.6
2043-02-26,31.9,19.9,3.7
2043-02-27,28.6,19.482738095238087,9.475
2043-02-28,27.0,19.5,12.2
2043-03-01,25.3,19.4,51.93333333333333
2043-03-02,28.4,19.3,6.7200000000000015
2043-03-03,26.7,19.2,0.0
2043-03-04,28.8,17.2,0.0
2043-03-05,30.2,16.0,0.0
2043-03-06,31.0,20.3,0.0
2043-03-07,31.9,18.2,0.0
2043-03-08,31.1,17.5,0.0
2043-03-09,29.81951219512195,17.9,0.3
2043-03-10,28.9,15.9,0.0
2043-03-11,30.0,14.5,0.0
2043-03-12,31.2,13.9,0.0
2043-03-13,29.2,16.0,6.4
2043-03-14,23.532258064516128,17.99435113160156,0.0
2043-03-15,24.8,17.3,0.0
2043-03-16,25.7,18.0,0.0
2043-03-17,25.2971119133574,16.5,0.0
2043-03-18,27.5,16.2,0.0
2043-03-19,30.3,14.335367875949146,0.0
2043-03-20,30.3,14.8,0.0
2043-03-21,28.6,15.5,0.0
2043-03-22,29.1,17.9,0.0
2043-03-23,29.0,17.5,0.0
2043-03-24,28.7,17.6,0.0
2043-03-25,28.3,18.2,0.0
2043-03-26,30.71412429378531,17.0,0.0
2043-03-27,30.1,19.960421175326836,0.0
2043-03-28,30.4,20.53159345229383,0.0
2043-03-29,32.5,19.2,0.0
2043-03-30,33.75663716814159,17.3,0.0
2043-03-31,33.593650793650795,16.439170005685508,0.0
2043-04-01,29.2,18.1,0.0
2043-04-02,27.7,16.9,0.0
2043-04-03,29.9,16.5,0.0
2043-04-04,30.7,17.5,0.0
2043-04-05,31.321387283236998,17.608465608465607,0.0
2043-04-06,32.0,16.5,0.0
2043-04-07,31.6,18.354947916666664,0.0
2043-04-08,31.2,18.99425837320574,0.0
2043-04-09,30.2,17.6031746031746,0.0
2043-04-10,31.1,18.2,0.0
2043-04-11,30.0,17.6,0.0
2043-04-12,27.2,17.0,0.0
2043-04-13,28.0,18.1,0.0
2043-04-14,28.0,17.4,0.0
2043-04-15,28.5,18.7,0.0
2043-04-16,28.8,16.9,0.0
2043-04-17,30.1,16.5,0.0
2043-04-18,30.2,18.1,0.0
2043-04-19,30.0,17.9,0.0
2043-04-20,30.4,17.1,0.0
2043-04-21,31.37649325626204,16.6,0.0
2043-04-22,32.27067901234568,16.3,0.0
2043-04-23,32.7,16.2,0.0
2043-04-24,32.60362903225807,17.0,0.0
2043-04-25,29.4,18.4,0.0
2043-04-26,28.929166666666667,16.5,0.0
2043-04-27,29.6,14.5,0.0
2043-04-28,29.6,14.0,0.0
2043-04-29,29.6,13.7,0.0
2043-04-30,29.887826086956526,14.0,0.0
2043-05-01,29.8,13.986806089497136,0.0
2043-05-02,28.7,18.0,0.0
2043-05-03,29.7,16.341401476674886,0.0
2043-05-04,29.5,15.2,0.0
2043-05-05,27.3,18.111446637313836,0.0
2043-05-06,28.8,19.190904796875348,0.0
2043-05-07,28.2,19.40478336622011,0.0
2043-05-08,28.9,18.838268319007177,0.0
2043-05-09,28.9,17.8,0.0
2043-05-10,30.0,14.5,0.0
2043-05-11,31.1,14.0,0.0
2043-05-12,33.26899157973086,14.0,0.0
2043-05-13,31.0,15.9,0.0
2043-05-14,30.0,15.7,0.0
2043-05-15,28.9,15.2,0.0
2043-05-16,27.0,13.0,0.0
2043-05-17,27.2,11.9,0.0
2043-05-18,28.9,12.0,0.0
2043-05-19,30.7,12.8,0.0
2043-05-20,32.418019137788484,13.3,0.0
2043-05-21,32.44316350379723,14.0,0.0
2043-05-22,31.813672524378816,14.6,0.0
2043-05-23,30.752171699704263,16.0,0.0
2043-05-24,25.5,16.0,0.0
2043-05-25,26.2,14.2,0.0
2043-05-26,26.6,12.0,0.0
2043-05-27,27.7,12.4,0.0
2043-05-28,28.5,15.013128233619202,0.0
2043-05-29,28.7,13.0,0.0
2043-05-30,30.9,12.7,0.0
2043-05-31,31.79347520079489,14.4,0.0
2043-06-01,32.367529296875,17.497374662196496,0.0
2043-06-02,33.594091796875,20.196728515625,0.0
2043-06-03,31.489111328125,25.179638671875,0.0
2043-06-04,30.0,24.274365234375,0.0
2043-06-05,31.699560546875,23.386181640625,0.0
2043-06-06,31.562353515625,21.061962890625,0.0
2043-06-07,30.5,20.462353515625,0.0
2043-06-08,28.68106983802739,17.460333931270156,0.0
2043-06-09,27.5,15.4,0.0
2043-06-10,27.1,13.5,0.0
2043-06-11,26.3,12.9,0.0
2043-06-12,26.3,12.3,0.0
2043-06-13,26.839379937822663,11.9,0.0
2043-06-14,27.1,11.8,0.0
2043-06-15,27.9,11.714761499705562,0.0
2043-06-16,28.0,12.7,0.0
2043-06-17,28.0,13.0,0.0
2043-06-18,27.718526296092232,13.0,0.0
2043-06-19,26.6,12.0,0.0
2043-06-20,26.3,10.8,0.0
2043-06-21,26.0,10.2,0.0
2043-06-22,26.6,7.9,0.0
2043-06-23,27.7,7.3,0.0
2043-06-24,28.479335505058536,9.4,0.0
2043-06-25,28.0,14.4,0.0
2043-06-26,28.3,14.02860757206109,0.0
2043-06-27,27.4,13.943180428585134,0.0
2043-06-28,26.2,12.0,0.0
2043-06-29,27.8,11.7,0.0
2043-06-30,28.2,12.0,0.0
2043-07-01,26.7,13.9,0.0
2043-07-02,26.0,13.0,0.0
2043-07-03,26.9,11.1,0.0
2043-07-04,27.6,10.5,0.0
2043-07-05,28.185834230355216,11.1,0.0
2043-07-06,28.2,12.2,0.0
2043-07-07,25.7,12.4,0.0
2043-07-08,24.838428417653382,11.0,0.0
2043-07-09,25.2,11.2,0.0
2043-07-10,25.109051572541528,10.5,0.0
2043-07-11,25.6,8.3,0.0
2043-07-12,25.9,8.0,0.0
2043-07-13,27.0,6.7,0.0
2043-07-14,27.2,8.7,0.0
2043-07-15,26.0,10.7,0.0
2043-07-16,25.7,11.7,0.0
2043-07-17,18.400153610185857,12.9,0.0
2043-07-18,19.0,12.9,0.0
2043-07-19,25.4,13.5,0.0
2043-07-20,27.1,13.0,0.0
2043-07-21,28.1,13.4,0.0
2043-07-22,27.7,14.2,0.0
2043-07-23,27.0,13.422655184786507,0.0
2043-07-24,26.7,12.2,0.0
2043-07-25,28.1,11.2,0.0
2043-07-26,28.9,12.0,0.0
2043-07-27,29.343607224016253,13.582324338369025,0.0
2043-07-28,30.7,14.4,0.0
2043-07-29,30.908858033665453,15.231630371781067,0.0
2043-07-30,30.192086254942,15.3,0.0
2043-07-31,29.4,14.3,0.0
2043-08-01,29.0,13.618723390582064,0.0
2043-08-02,29.705812701829917,15.5,0.0
2043-08-03,30.8,16.6,0.0
2043-08-04,31.1,17.4,0.0
2043-08-05,30.035118406889126,15.730303518303481,0.0
2043-08-06,27.427522231287668,15.0,0.0
2043-08-07,24.7,7.9,0.0
2043-08-08,24.2,7.1,0.0
2043-08-09,25.0,6.082808644530926,0.0
2043-08-10,25.6,7.9,0.0
2043-08-11,25.2,10.1,0.0
2043-08-12,26.0,9.0,0.0
2043-08-13,26.7,9.5,0.0
2043-08-14,24.2,13.4,0.0
2043-08-15,24.7,12.53500179404377,0.0
2043-08-16,24.3,13.4,0.0
2043-08-17,25.071044133476857,11.9,0.0
2043-08-18,24.9,11.2,0.0
2043-08-19,25.2,10.0,0.0
2043-08-20,26.3,10.1,0.0
2043-08-21,27.2,11.296404154423529,0.0
2043-08-22,28.2,11.5,0.0
2043-08-23,28.78246266146393,12.3,0.0
2043-08-24,27.0,14.6,0.0
2043-08-25,27.7,13.1,0.0
2043-08-26,30.7,13.5,0.0
2043-08-27,30.8,12.4,0.0
2043-08-28,24.118390185961914,15.5,0.0
2043-08-29,24.6,12.6,0.0
2043-08-30,26.0,10.5,0.0
2043-08-31,29.0,12.3,0.0
2043-09-01,32.0,15.4,0.0
2043-09-02,32.9,18.2,0.0
2043-09-03,33.5,18.7,0.0
2043-09-04,34.7,18.76429736744531,0.0
2043-09-05,34.2,19.6,0.0
2043-09-06,33.3,17.0,0.0
2043-09-07,34.8,14.2,0.0
2043-09-08,36.8634108842898,20.104759674492133,0.0
2043-09-09,32.9,18.3,0.0
2043-09-10,31.3,17.822284923627887,0.0
2043-09-11,30.3,17.0,0.0
2043-09-12,31.9,17.6,0.0
2043-09-13,32.9,18.2,0.0
2043-09-14,33.30536575030457,18.1,0.0
2043-09-15,35.4,18.7,0.0
2043-09-16,35.3,19.763205930086258,0.0
2043-09-17,32.8,19.6,0.0
2043-09-18,31.4,17.812421208750468,0.0
2043-09-19,31.1,16.7,0.0
2043-09-20,30.4,16.5,0.0
2043-09-21,26.562660265792402,15.5,0.0
2043-09-22,29.1,14.3,0.0
2043-09-23,29.9,12.7,0.0
2043-09-24,30.318487208008897,13.7,0.0
2043-09-25,30.2,14.5,0.0
2043-09-26,31.0,13.6,0.0
2043-09-27,32.9,12.4,0.0
2043-09-28,33.9,14.9,0.0
2043-09-29,36.0,15.9,0.0
2043-09-30,39.837646484375,17.5,0.0
2043-10-01,37.59376576964476,20.7,0.0
2043-10-02,37.2,20.5,0.0
2043-10-03,38.56357421875,19.9,0.0
2043-10-04,39.648046875,20.0,0.0
2043-10-05,39.248876953125,21.7,0.0
2043-10-06,38.0,21.1,0.0
2043-10-07,36.91838056490224,20.0,0.0
2043-10-08,36.0,19.7,0.0
2043-10-09,34.9,20.6,0.0
2043-10-10,34.9,20.3,0.0
2043-10-11,35.5,20.2,0.0
2043-10-12,37.54585834230354,20.6,0.0
2043-10-13,38.679296875,21.853061262694794,0.0
2043-10-14,36.77101897026546,22.6,0.0
2043-10-15,37.56365252960171,22.0,0.0
2043-10-16,34.2,21.96309023468834,0.0
2043-10-17,34.0,20.4,0.0
2043-10-18,34.0,21.0,0.0
2043-10-19,34.9,20.1,0.0
2043-10-20,36.0,19.4,0.0
2043-10-21,36.0,20.5,0.0
2043-10-22,34.7,21.2,0.0
2043-10-23,34.9,20.5,0.0
2043-10-24,35.2,22.6,0.0
2043-10-25,31.6,19.147415773661287,9.276480000000003
2043-10-26,31.1,19.0,14.556800000000003
2043-10-27,32.6,18.0,0.0
2043-10-28,31.9,19.1,0.0
2043-10-29,33.1,18.29118406889127,0.0
2043-10-30,32.5,19.0,0.0
2043-10-31,32.3,17.7,0.4
2043-11-01,35.7,20.0,0.0
2043-11-02,36.2983207084554,20.9,0.0
2043-11-03,36.4,19.8,0.0
2043-11-04,36.28519187986651,21.1,0.0
2043-11-05,36.0,21.2,0.0
2043-11-06,36.2,23.2,0.0
2043-11-07,36.9190494210826,22.565060336585727,0.0
2043-11-08,36.5,21.770959623653546,0.0
2043-11-09,37.2,22.1,0.0
2043-11-10,37.632407356560215,20.4,0.0
2043-11-11,36.929299832956794,21.490779470302176,0.0
2043-11-12,37.71342172512128,23.719659300227434,0.0
2043-11-13,36.4,22.0,0.0
2043-11-14,35.275263654412065,21.44083853501136,0.0
2043-11-15,34.4,21.4,0.0
2043-11-16,34.70517185200166,20.6,3.8
2043-11-17,33.6,20.99538389375076,1.2
2043-11-18,31.1,20.6,0.0
2043-11-19,32.5,20.6,2.5
2043-11-20,28.0,19.5,62.179999999999986
2043-11-21,23.3302207581073,18.0,0.0
2043-11-22,26.0,17.6,0.0
2043-11-23,29.4,17.3,0.0
2043-11-24,32.3,18.7,0.0
2043-11-25,32.6,21.4,0.0
2043-11-26,33.7,20.905175911739803,0.0
2043-11-27,34.0,22.128000414207314,0.0
2043-11-28,34.45528870462129,21.2,0.0
2043-11-29,32.8,20.9,0.0
2043-11-30,31.4,20.4,2.5
2043-12-01,26.0,20.0,40.35567375886524
2043-12-02,24.6,19.9,0.0
2043-12-03,25.08688589881593,17.4,0.0
2043-12-04,27.4,17.4,0.0
2043-12-05,25.4,19.2,27.472127659574447
2043-12-06,24.563698622156455,19.2,110.75673355899437
2043-12-07,27.621152123337616,19.9,8.35829787234043
2043-12-08,27.6,18.2,2.9
2043-12-09,31.000132106859756,17.5,0.0
2043-12-10,32.0,17.2,0.0
2043-12-11,32.69054680905436,19.2,0.0
2043-12-12,29.7,20.239639217796917,0.0
2043-12-13,28.0,20.0,3.4
2043-12-14,29.6,20.3,10.297872340425537
2043-12-15,28.8,20.0,0.0
2043-12-16,29.5,19.9,0.8
2043-12-17,27.893172709158776,20.273111163437385,10.6
2043-12-18,26.4,20.0,0.0
2043-12-19,26.9,19.0,0.0
2043-12-20,31.0,17.8,0.0
2043-12-21,29.9,19.4,0.0
2043-12-22,30.0,17.7,0.0
2043-12-23,29.9,17.4,0.0
2043-12-24,31.1,17.4,0.0
2043-12-25,32.1095195794622,19.720126181078964,0.0
2043-12-26,32.83101107485203,19.6,0.0
2043-12-27,32.9,19.9,0.0
2043-12-28,31.6,19.9,25.76851063829787
2043-12-29,28.2,19.436355840980774,0.0
2043-12-30,31.4,17.6,0.0
2043-12-31,30.7,18.6,0.0
2044-01-01,31.7,17.6,0.0
2044-01-02,30.9,18.9,1.0
2044-01-03,30.7,18.9,0.0
2044-01-04,31.7,17.0,0.0
2044-01-05,31.794561446332743,17.0,0.0
2044-01-06,29.7,17.9,0.0
2044-01-07,31.6,17.9,0.0
2044-01-08,32.6,16.8,0.0
2044-01-09,33.330925644614084,19.8,0.0
2044-01-10,31.1,19.7,5.9
2044-01-11,28.3,19.5,8.9
2044-01-12,28.9,18.621871195491224,0.0
2044-01-13,30.8,16.7,0.0
2044-01-14,31.2,18.0,0.0
2044-01-15,33.068230702081465,16.8,0.0
2044-01-16,37.930126953125,17.2,0.0
2044-01-17,37.504833984375,19.4,0.0
2044-01-18,32.6,19.8,0.0
2044-01-19,31.6,19.6,5.0
2044-01-20,29.0,19.8,22.942857142857147
2044-01-21,26.4,19.65886209190446,14.3
2044-01-22,29.1,19.670490302773292,52.1
2044-01-23,25.6,19.6,32.225
2044-01-24,24.0,19.33118139496616,69.0972972972973
2044-01-25,26.0,19.2,3.7
2044-01-26,27.8,19.0,0.5
2044-01-27,27.8,19.6,4.4
2044-01-28,29.5,19.1,20.97894736842105
2044-01-29,26.9,19.3,41.4
2044-01-30,26.0,18.6,0.9
2044-01-31,28.1,19.51743799245936,0.0
2044-02-01,30.7,17.2,0.0
2044-02-02,30.9,18.8,0.15000000000000002
2044-02-03,29.2,19.0,11.0
2044-02-04,26.5,19.0,48.26760563380281
2044-02-05,29.4,16.4,0.0
2044-02-06,31.112516577293437,18.4,0.0
2044-02-07,31.9,17.7,0.0
2044-02-08,30.5,17.9,10.2
2044-02-09,30.8,19.592445657362017,2.0
2044-02-10,26.1,19.5,0.2
2044-02-11,27.2,19.35905563895935,0.0
2044-02-12,29.3,19.298993941947405,29.4
2044-02-13,29.6,19.4,0.4
2044-02-14,29.9,18.8,0.0
2044-02-15,29.1,18.9,0.0
2044-02-16,28.5,19.90164275499185,7.0
2044-02-17,25.5,19.5,2.3
2044-02-18,27.9,19.806024397448695,0.0
2044-02-19,28.2,18.981135040073795,3.6
2044-02-20,30.4,19.5,1.2
2044-02-21,32.9,19.0,7.4
2044-02-22,28.3,19.76943246347478,8.4
2044-02-23,30.9,18.6,1.6
2044-02-24,30.0,19.9,26.725
2044-02-25,29.3,19.92434860851149,3.0
2044-02-26,29.2,19.755653455918505,6.828571428571431
2044-02-27,29.2,19.780692923954525,6.885714285714284
2044-02-28,24.7,18.9,83.01056034482757
2044-02-29,29.2,18.6,1.4
2044-03-01,28.8,18.9,1.6
2044-03-02,26.8,18.3,1.5
2044-03-03,29.4,16.0,0.0
2044-03-04,31.5,14.9,0.0
2044-03-05,31.1,17.0,0.0
2044-03-06,30.0,16.1,0.0
2044-03-07,29.6,16.1,0.0
2044-03-08,30.0,16.2,0.0
2044-03-09,29.7,18.9,0.4
2044-03-10,29.0,16.5,0.0
2044-03-11,30.2,14.6,0.0
2044-03-12,30.0,19.3,0.0
2044-03-13,29.9,16.5,0.0
2044-03-14,29.9,16.0,0.0
2044-03-15,29.5,19.3,0.0
2044-03-16,29.9,18.6,0.0
2044-03-17,30.0,17.6,0.0
2044-03-18,31.6,17.4,0.0
2044-03-19,30.2,18.514303288592064,6.7
2044-03-20,30.6,18.8,6.550000000000002
2044-03-21,31.0,18.6,4.9
2044-03-22,29.9,19.048011923490932,0.2
2044-03-23,30.0,18.3,0.0
2044-03-24,28.2,18.6,0.0
2044-03-25,29.6,18.0,0.0
2044-03-26,30.8,16.44918009577722,0.0
2044-03-27,30.7,16.0,0.0
2044-03-28,30.1,14.0,0.0
2044-03-29,28.8,17.8,0.0
2044-03-30,30.7,18.2,0.0
2044-03-31,30.0,16.6,0.0
2044-04-01,29.8,13.9,0.0
2044-04-02,30.4,13.008988764044943,0.0
2044-04-03,29.4,15.535652173913043,0.0
2044-04-04,29.0,14.5,0.0
2044-04-05,30.0,13.2,0.0
2044-04-06,31.046701388888884,14.5,0.0
2044-04-07,31.787577639751557,17.5,0.0
2044-04-08,31.8,16.1,0.0
2044-04-09,31.823267326732672,19.4,0.0
2044-04-10,32.0,18.7,0.0
2044-04-11,33.706843065693434,17.0,0.0
2044-04-12,33.947779273216696,17.6,0.0
2044-04-13,29.5,17.1,0.0
2044-04-14,28.7,16.266666666666662,0.0
2044-04-15,27.2,13.8,0.0
2044-04-16,27.2,12.25,0.0
2044-04-17,27.3,11.9,0.0
2044-04-18,28.6,10.7,0.0
2044-04-19,29.4,11.5,0.0
2044-04-20,29.5,12.0,0.0
2044-04-21,31.4,10.35168918918919,0.0
2044-04-22,32.91390793339863,12.0,0.0
2044-04-23,31.4,12.9,0.0
2044-04-24,27.4,14.3,0.0
2044-04-25,28.6,13.5,0.0
2044-04-26,30.4,14.3,0.0
2044-04-27,30.0,11.9,0.0
2044-04-28,30.4,12.2,0.0
2044-04-29,27.2,16.761261261261264,0.0
2044-04-30,29.9,16.862745098039213,0.0
2044-05-01,30.7,15.690113187852678,0.0
2044-05-02,33.30221361528312,18.002370703478952,0.0
2044-05-03,35.287060546875,21.816650390625,0.0
2044-05-04,35.556103515625,20.423095703125,0.0
2044-05-05,36.7248046875,19.948486328125,0.0
2044-05-06,35.169873046875,20.2001953125,0.0
2044-05-07,32.85769466723858,18.272939215731228,0.0
2044-05-08,31.72286263031392,16.9,0.0
2044-05-09,32.38658868027761,16.25633844787845,0.0
2044-05-10,31.06339030437049,18.050147379857727,0.0
2044-05-11,28.7,18.001735343750823,0.0
2044-05-12,27.6,15.0,0.0
2044-05-13,28.6,13.1,0.0
2044-05-14,29.0,13.289989235737334,0.0
2044-05-15,28.5,14.1,0.0
2044-05-16,28.9,13.4,0.0
2044-05-17,29.6,12.6,0.0
2044-05-18,29.6,12.121004112500337,0.0
2044-05-19,30.7,13.4,0.0
2044-05-20,31.86587525641286,14.9,0.0
2044-05-21,32.51431587461121,15.2,0.0
2044-05-22,31.053621835645515,15.895935209390522,0.0
2044-05-23,29.0,15.6,0.0
2044-05-24,29.5,14.0,0.0
2044-05-25,30.1,11.4,0.0
2044-05-26,31.945875140516858,11.0,0.0
2044-05-27,34.558544921875,11.9,0.0
2044-05-28,34.17158203125,14.0,0.0
2044-05-29,32.7,15.7,0.0
2044-05-30,33.0081370783577,15.409197464418092,0.0
2044-05-31,33.13774403187015,15.2,0.0
2044-06-01,30.5,17.79566575071361,0.0
2044-06-02,30.0,15.291596588802383,0.0
2044-06-03,29.9,15.251401557285883,0.0
2044-06-04,28.22648882974853,14.7,0.0
2044-06-05,28.0,12.5,0.0
2044-06-06,28.6,11.7,0.0
2044-06-07,28.0,14.2,0.0
2044-06-08,28.481779755283654,12.8,0.0
2044-06-09,28.9,14.7,0.0
2044-06-10,30.0,14.1,0.0
2044-06-11,31.444921875,14.2,0.0
2044-06-12,31.614599609375,14.464825732295154,0.0
2044-06-13,27.9,17.764913329921306,0.0
2044-06-14,26.9,15.910444885598569,0.0
2044-06-15,27.6,14.2,0.0
2044-06-16,27.9,12.2,0.0
2044-06-17,25.8,12.1,0.0
2044-06-18,25.5,10.8,0.0
2044-06-19,25.7,7.9,0.0
2044-06-20,26.369996966326223,6.5,0.0
2044-06-21,27.1,3.8992144424736206,0.0
2044-06-22,25.0,11.429521962071684,0.0
2044-06-23,23.9,10.2,0.0
2044-06-24,25.8,12.2,0.0
2044-06-25,27.6,11.9,0.0
2044-06-26,28.0,12.6,0.0
2044-06-27,28.0,15.488474043534614,0.0
2044-06-28,27.2,14.3,0.0
2044-06-29,24.4,12.0,0.0
2044-06-30,18.507747170058234,12.3,0.0
2044-07-01,23.5,12.9,0.0
2044-07-02,26.2,11.0,0.0
2044-07-03,26.7,12.2,0.0
2044-07-04,27.6,11.4,0.0
2044-07-05,27.550448510943653,11.9,0.0
2044-07-06,27.6,10.4,0.0
2044-07-07,29.1,10.8,0.0
2044-07-08,29.2,10.2,0.0
2044-07-09,26.4,15.0,0.0
2044-07-10,25.5,12.4,0.0
2044-07-11,26.771852990927247,13.481448152134904,0.0
2044-07-12,25.4,14.3,0.0
2044-07-13,23.0,12.7,0.0
2044-07-14,23.6,10.595586652314317,0.0
2044-07-15,22.7,8.9,0.0
2044-07-16,24.7,7.0,0.0
2044-07-17,26.7,8.0,0.0
2044-07-18,28.017166846071028,9.4,0.0
2044-07-19,28.3,11.5,0.0
2044-07-20,28.9,11.9,0.0
2044-07-21,29.23797893230893,10.4,0.0
2044-07-22,29.4,10.5,0.0
2044-07-23,28.9,11.7,0.0
2044-07-24,29.2,9.5,0.0
2044-07-25,29.245830653731197,9.4,0.0
2044-07-26,29.2,11.4,0.0
2044-07-27,28.3,13.6,0.0
2044-07-28,28.3,13.8,0.0
2044-07-29,29.7,14.2,0.0
2044-07-30,30.707629600992774,14.0,0.0
2044-07-31,30.63450733807659,15.220336176202698,0.0
2044-08-01,27.0,14.7,0.0
2044-08-02,25.2,13.5,0.0
2044-08-03,25.6,11.5,0.0
2044-08-04,26.7,10.060818083961248,0.0
2044-08-05,28.4,11.0,0.0
2044-08-06,28.4,13.5,0.0
2044-08-07,28.2,14.2,0.0
2044-08-08,28.4,16.3,0.0
2044-08-09,27.6,15.0,0.0
2044-08-10,27.0,15.0,0.0
2044-08-11,24.4,13.8,0.0
2044-08-12,25.5,12.0,0.0
2044-08-13,26.4,10.9,0.0
2044-08-14,27.7,11.2,0.0
2044-08-15,27.471187428438224,13.2,0.0
2044-08-16,27.9,13.8,0.0
2044-08-17,29.6,14.3,0.0
2044-08-18,31.5,14.2,0.0
2044-08-19,33.1,15.8,0.0
2044-08-20,32.5,17.7,0.0
2044-08-21,28.064341796998672,17.2,0.0
2044-08-22,26.1,14.6,0.0
2044-08-23,26.3,13.0,0.0
2044-08-24,27.5,11.6,0.0
2044-08-25,27.8,11.0,0.0
2044-08-26,29.0,13.2,0.0
2044-08-27,30.1,14.4,0.0
2044-08-28,31.9,15.7,0.0
2044-08-29,31.520370439107676,17.7,0.0
2044-08-30,30.9,15.8,0.0
2044-08-31,31.85761008336044,15.4,0.0
2044-09-01,34.4,16.5,0.0
2044-09-02,34.0,17.44125910509886,0.0
2044-09-03,32.7,19.2,0.0
2044-09-04,32.0,18.2,0.0
2044-09-05,30.6,17.8,0.0
2044-09-06,30.7,17.0,0.0
2044-09-07,31.3,16.9,0.0
2044-09-08,31.5,16.9,0.0
2044-09-09,32.0,17.0,0.0
2044-09-10,33.4,17.2,0.0
2044-09-11,32.2,19.4,0.0
2044-09-12,31.8,17.2,0.0
2044-09-13,30.1,17.6,0.0
2044-09-14,30.0,16.8,0.0
2044-09-15,30.0,16.171147428767004,0.0
2044-09-16,31.0,14.4,0.0
2044-09-17,32.1,14.5,0.0
2044-09-18,31.5,17.0,0.0
2044-09-19,31.0,16.9,0.0
2044-09-20,31.9,15.5,0.0
2044-09-21,32.7,16.0,0.0
2044-09-22,33.0,16.9,0.0
2044-09-23,32.27061779005387,17.8,0.0
2044-09-24,31.7,17.8,0.0
2044-09-25,31.7,17.07162378311668,0.0
2044-09-26,33.0,16.9,0.0
2044-09-27,33.5,16.9,0.0
2044-09-28,35.31695407783797,17.8,0.0
2044-09-29,34.0,20.2,0.0
2044-09-30,35.2,19.3,0.0
2044-10-01,36.4,19.2,0.0
2044-10-02,35.6,20.0,0.0
2044-10-03,35.5,20.5,0.0
2044-10-04,32.3,20.7,0.0
2044-10-05,32.1,19.4,0.0
2044-10-06,33.1,19.5,0.0
2044-10-07,34.59370992652221,20.7,0.0
2044-10-08,36.39157499540549,21.0,0.0
2044-10-09,35.5,21.3,0.0
2044-10-10,35.5,20.0,0.0
2044-10-11,35.6,20.5,0.0
2044-10-12,34.9,20.698365834731014,0.0
2044-10-13,35.6,20.7,0.0
2044-10-14,37.03399882202407,21.976365930080274,0.0
2044-10-15,37.138417470945605,22.04238160383224,0.0
2044-10-16,37.58804176533906,21.9,0.0
2044-10-17,37.78663813385066,21.9,0.0
2044-10-18,37.065694498040074,22.6,0.0
2044-10-19,36.95656971879992,25.94599609375,0.0
2044-10-20,35.5,23.52912629052291,0.0
2044-10-21,35.5,20.5,0.0
2044-10-22,34.21615715823465,20.0,0.0
2044-10-23,33.2,18.8,0.0
2044-10-24,34.1,20.3,0.0
2044-10-25,30.9,18.919133476856825,2.2
2044-10-26,28.7,18.2,16.074971428571434
2044-10-27,26.7,18.2,3.3402285714285713
2044-10-28,27.7,18.274074273412257,2.4
2044-10-29,27.946858180839612,18.1,0.0
2044-10-30,29.64743744645328,18.0,0.9
2044-10-31,29.0,18.0,8.112000000000005
2044-11-01,32.5,20.185105527345474,6.542857142857142
2044-11-02,28.3,20.3,1.9
2044-11-03,29.9,20.3,5.7
2044-11-04,31.1,19.8,1.7
2044-11-05,30.9,20.1,17.25
2044-11-06,29.9,19.7,0.0
2044-11-07,30.6,20.4,0.0
2044-11-08,31.5,18.7,0.0
2044-11-09,31.8,17.4,0.0
2044-11-10,31.6,20.5,1.0400000000000003
2044-11-11,32.1,20.0,0.0
2044-11-12,32.00371523915461,20.0,0.8
2044-11-13,31.1,20.4,23.700000000000006
2044-11-14,30.0,20.17890259626058,25.299999999999997
2044-11-15,26.5,19.3,2.4
2044-11-16,23.2,17.0,0.0
2044-11-17,21.116574635662726,16.5,34.30909090909091
2044-11-18,23.2,16.9,0.0
2044-11-19,22.357474543920347,16.4,0.0
2044-11-20,28.9,16.3,0.0
2044-11-21,31.5,19.6,0.0
2044-11-22,32.4,18.0,0.0
2044-11-23,34.0,19.3,0.0
2044-11-24,32.1,20.2,6.980000000000001
2044-11-25,31.5,19.8,2.4
2044-11-26,30.039228772710416,20.0,13.5
2044-11-27,28.0,20.2,15.45
2044-11-28,27.39076130137696,19.4,0.0
2044-11-29,28.6,18.401477894828673,0.0
2044-11-30,31.2,16.6,0.0
2044-12-01,29.7,17.3,0.0
2044-12-02,30.2,16.8,0.0
2044-12-03,30.4,16.8,0.2
2044-12-04,27.1,19.6,0.0
2044-12-05,30.0,19.58063689863522,0.0
2044-12-06,30.2,17.6,0.0
2044-12-07,31.4,16.9,0.0
2044-12-08,25.3,19.5,64.9361402321083
2044-12-09,26.7,19.2,52.4
2044-12-10,28.9,19.0,0.9
2044-12-11,31.1,20.263223863024763,5.547446808510639
2044-12-12,30.1,20.299169985647648,1.3
2044-12-13,28.161054270695075,20.1,1.3
2044-12-14,25.4,20.26178451291712,0.7
2044-12-15,26.0,20.0,27.385957446808508
2044-12-16,26.2,18.4,8.960212765957449
2044-12-17,29.6,16.5,0.0
2044-12-18,31.8,16.7,0.0
2044-12-19,32.0,19.2,1.7
2044-12-20,30.2,20.257475870111232,6.9
2044-12-21,30.8,20.22775752377108,27.305787234042548
2044-12-22,29.4,20.1,10.465106382978728
2044-12-23,26.5,20.0,30.86419452887538
2044-12-24,29.0,18.0,0.0
2044-12-25,30.2,18.7,0.9
2044-12-26,28.29685162458091,18.7,0.0
2044-12-27,26.1,18.0,0.0
2044-12-28,25.4,18.2,0.0
2044-12-29,23.7,17.8,1.4
2044-12-30,25.8011157118949,19.9,28.3
2044-12-31,27.7,19.7,10.364680851063834
2045-01-01,27.8,19.0,0.0
2045-01-02,28.1,19.5,0.0
2045-01-03,31.7,18.5,25.642857142857142
2045-01-04,28.9,19.329383694541768,43.67777777777778
2045-01-05,28.6,19.2,19.0
2045-01-06,31.2,18.5,36.65
2045-01-07,29.4,19.8,11.0
2045-01-08,27.0,19.7,52.1
2045-01-09,25.6,19.4,5.9
2045-01-10,26.9,19.36264115239315,15.2
2045-01-11,28.0,18.4,25.075000000000006
2045-01-12,28.8,17.0,0.0
2045-01-13,26.6,18.9,0.0
2045-01-14,26.8,19.8,0.0
2045-01-15,27.9,18.6,0.0
2045-01-16,30.9,17.2,0.0
2045-01-17,31.2,19.0,0.6
2045-01-18,30.384528902505217,19.627070252381912,1.0
2045-01-19,28.3,19.7,36.78
2045-01-20,28.7,19.8,42.952941176470596
2045-01-21,27.6,19.8,40.54285714285714
2045-01-22,27.1,19.6,6.4
2045-01-23,27.468660113995302,19.7,34.949999999999996
2045-01-24,25.3,19.685677817414764,37.53
2045-01-25,26.0,19.6,1.1
2045-01-26,28.9,19.540196684813477,14.2
2045-01-27,24.8,18.2,31.099999999999994
2045-01-28,26.0,19.0,26.96842105263158
2045-01-29,27.2,18.6,1.0
2045-01-30,26.8,18.907156155726092,5.6
2045-01-31,29.5,17.2,1.5499999999999994
2045-02-01,31.0,19.462635391035835,8.0
2045-02-02,28.5,19.1,15.2
2045-02-03,29.0,19.314311218355893,41.53720930232556
2045-02-04,27.4,19.0,5.6
2045-02-05,26.9,18.9,1.6
2045-02-06,27.229276004728128,18.9,0.0
2045-02-07,26.759349220519432,18.9,0.0
2045-02-08,28.7,19.450980755777472,0.0
2045-02-09,27.9,19.2,0.0
2045-02-10,29.6,19.0,0.2
2045-02-11,29.1,19.0,2.8
2045-02-12,28.0,19.0,6.4333333333333345
2045-02-13,28.1,19.0,2.3
2045-02-14,27.0,17.7,0.0
2045-02-15,27.1,16.5,0.0
2045-02-16,27.3,16.0,0.8
2045-02-17,25.9,18.0,50.21428571428571
2045-02-18,27.9,19.0,15.8
2045-02-19,29.3,18.7,3.0
2045-02-20,30.0,18.2,5.4
2045-02-21,28.5,19.7,25.160000000000004
2045-02-22,28.0,19.72068363365799,3.0
2045-02-23,25.67182378409966,18.849256014461858,0.0
2045-02-24,25.9,18.2,0.0
2045-02-25,27.3,17.6,0.0
2045-02-26,29.4,16.5,0.0
2045-02-27,30.5,14.9,0.0
2045-02-28,31.0,15.2,0.0
2045-03-01,32.0,17.1,0.0
2045-03-02,31.5,18.0,0.0
2045-03-03,32.6,17.990738672136796,0.0
2045-03-04,28.2,19.2,2.4
2045-03-05,28.9,18.9,1.7
2045-03-06,30.1,18.0,0.4
2045-03-07,31.2,16.7,0.0
2045-03-08,30.6,18.1,0.0
2045-03-09,31.2,18.5,0.0
2045-03-10,28.4,19.8,4.757142857142859
2045-03-11,28.1,19.820093423839765,4.6
2045-03-12,28.0,18.8,0.0
2045-03-13,28.8,18.0,2.0
2045-03-14,30.7,17.1,1.3
2045-03-15,28.272222222222226,19.0,8.792857142857143
2045-03-16,28.2,19.85855237982935,4.5
2045-03-17,31.126862302483058,19.0,0.4
2045-03-18,29.8,18.7,0.4
2045-03-19,33.0,18.2,2.9
2045-03-20,29.2,19.0,4.3
2045-03-21,28.2,19.837596498423423,5.4
2045-03-22,23.974867724867725,19.0,44.04615384615383
2045-03-23,24.3,18.8,1.8
2045-03-24,31.0,17.9,0.0
2045-03-25,28.2,19.2,0.0
2045-03-26,30.8,18.8,0.0
2045-03-27,31.0,18.1,0.4
2045-03-28,30.6,18.3,1.3
2045-03-29,31.9,18.5,0.0
2045-03-30,30.4,18.2,0.0
2045-03-31,28.3,18.7,4.0
2045-04-01,28.1,18.5,48.66982758620698
2045-04-02,28.9,17.5,9.428571428571429
2045-04-03,29.8,17.3,16.5
2045-04-04,27.9,18.63202614379085,59.23706896551722
2045-04-05,25.0,17.6,0.9
2045-04-06,27.2,16.4,13.06
2045-04-07,28.6,15.1,0.0
2045-04-08,29.8,13.7,0.0
2045-04-09,30.0,13.04494382022472,0.0
2045-04-10,30.9,14.0,0.0
2045-04-11,30.4,16.6,0.0
2045-04-12,29.5,17.7,1.5600000000000003
2045-04-13,30.1,17.65925925925926,1.4
2045-04-14,30.8,16.6,0.0
2045-04-15,31.6,15.5,0.0
2045-04-16,32.242283950617285,16.5,0.0
2045-04-17,31.0,18.78181818181818,0.0
2045-04-18,29.5,17.0,0.0
2045-04-19,29.6,14.8,0.0
2045-04-20,30.669230769230765,13.8,0.0
2045-04-21,31.2,14.6,0.0
2045-04-22,29.0,18.2,0.0
2045-04-23,27.2,17.5,0.0
2045-04-24,26.0,13.3,0.0
2045-04-25,25.5,12.6,0.0
2045-04-26,26.1,13.6,0.0
2045-04-27,27.0,12.0,0.0
2045-04-28,28.3,11.4,0.0
2045-04-29,29.041095890410954,12.95979381443299,0.0
2045-04-30,27.6,17.0,0.0
2045-05-01,24.8,15.2,0.0
2045-05-02,26.1,14.4,0.0
2045-05-03,24.6,14.8,0.0
2045-05-04,27.5,12.1,0.0
2045-05-05,29.0,11.4,0.0
2045-05-06,27.9,11.1,0.0
2045-05-07,27.1,10.8,0.0
2045-05-08,26.1,12.9,0.0
2045-05-09,25.5,15.3,0.0
2045-05-10,24.0,14.973775672766404,0.0
2045-05-11,25.7,15.2,0.0
2045-05-12,24.6,15.0,0.0
2045-05-13,25.2,14.0,0.0
2045-05-14,25.9,12.186163782396282,0.0
2045-05-15,23.7,17.46345657996844,0.0
2045-05-16,23.5,16.2,0.0
2045-05-17,23.9,17.5,0.0
2045-05-18,25.0,14.0,0.0
2045-05-19,26.1,12.6,0.0
2045-05-20,26.2,11.4,0.0
2045-05-21,25.7,9.7,0.0
2045-05-22,25.28936237573608,11.9,0.0
2045-05-23,23.9,11.0,0.0
2045-05-24,21.224834382066305,15.9,4.068292682926828
2045-05-25,23.303923679267186,17.777260291800978,1.42
2045-05-26,23.04067695251764,17.0,0.0
2045-05-27,22.692340150699675,12.3,0.0
2045-05-28,24.2,10.9,0.0
2045-05-29,24.4,13.3,0.0
2045-05-30,26.3,10.2,0.0
2045-05-31,26.9,9.731833890431131,0.0
2045-06-01,25.9,12.3,0.0
2045-06-02,24.7,12.3,0.0
2045-06-03,24.9,13.0,0.0
2045-06-04,23.9,14.2,0.0
2045-06-05,24.9,12.2,0.0
2045-06-06,27.0,12.4,0.0
2045-06-07,27.2,12.0,0.0
2045-06-08,28.2,13.0,0.0
2045-06-09,28.2,12.6,0.0
2045-06-10,25.6,11.9,0.0
2045-06-11,24.9,11.5,0.0
2045-06-12,23.9,13.2,0.0
2045-06-13,26.0,12.0,0.0
2045-06-14,18.570629873953827,10.2,0.0
2045-06-15,23.0,10.2,0.0
2045-06-16,25.5,5.7,0.0
2045-06-17,26.3,7.0,0.0
2045-06-18,23.5,11.9,0.0
2045-06-19,21.4,14.2,0.0
2045-06-20,21.4,10.3,0.0
2045-06-21,21.9,7.0,0.0
2045-06-22,22.7,8.0,0.0
2045-06-23,23.2,8.0,0.0
2045-06-24,24.8,9.0,0.0
2045-06-25,25.6,11.47260523786823,0.0
2045-06-26,24.5,12.1,0.0
2045-06-27,24.8,9.9,0.0
2045-06-28,22.0,13.6,0.0
2045-06-29,22.9,15.4,0.0
2045-06-30,22.9,14.189601435841224,0.0
2045-07-01,21.6,14.2,0.0
2045-07-02,22.7,11.2,0.0
2045-07-03,24.44590360004783,10.2,0.0
2045-07-04,21.3,10.4,0.0
2045-07-05,24.0,9.6,0.0
2045-07-06,24.0,10.9,0.0
2045-07-07,24.0,8.9,0.0
2045-07-08,20.2,14.3,0.0
2045-07-09,22.4,14.7911417031236,0.0
2045-07-10,16.2,11.3,0.0
2045-07-11,21.6,8.717330462863293,0.0
2045-07-12,23.0,8.3,0.0
2045-07-13,24.8,10.4,0.0
2045-07-14,23.5,11.9,0.0
2045-07-15,24.0,12.0,0.0
2045-07-16,22.6,10.5,0.0
2045-07-17,22.6,8.9,0.0
2045-07-18,24.8,5.6,0.0
2045-07-19,27.5,6.5,0.0
2045-07-20,28.247750875543883,9.4,0.0
2045-07-21,27.2,10.4,0.0
2045-07-22,24.451088386556624,10.7,0.0
2045-07-23,24.4,9.6,0.0
2045-07-24,23.4,8.9,0.0
2045-07-25,20.9,9.6,0.0
2045-07-26,26.580505438362543,9.0,0.0
2045-07-27,28.0,12.782207307034755,0.0
2045-07-28,28.0,15.3,0.0
2045-07-29,28.0,15.3,0.0
2045-07-30,27.3,15.818524481023841,0.0
2045-07-31,27.91786867599568,13.526243272335837,0.0
2045-08-01,27.4,12.3,0.0
2045-08-02,28.0,13.1,0.0
2045-08-03,26.4,13.4,0.0
2045-08-04,25.2,16.7,0.0
2045-08-05,26.2,13.7,0.0
2045-08-06,25.6,12.0,0.0
2045-08-07,25.6,12.0,0.0
2045-08-08,24.7,12.6,0.0
2045-08-09,23.77283466314516,11.9,0.0
2045-08-10,23.5,10.8,0.0
2045-08-11,23.4,9.2,0.0
2045-08-12,24.9,16.6,0.0
2045-08-13,27.0,15.5,0.0
2045-08-14,29.0,13.9,0.0
2045-08-15,31.2,15.0,0.0
2045-08-16,31.9492388128556,16.866561202521908,0.0
2045-08-17,30.8,16.97383931249889,0.0
2045-08-18,29.2,15.4,0.0
2045-08-19,28.6,13.4,0.0
2045-08-20,28.7,13.1,0.0
2045-08-21,29.2,12.7,0.0
2045-08-22,30.83465042400692,12.2,0.0
2045-08-23,30.9,13.4,0.0
2045-08-24,29.0,16.2,0.0
2045-08-25,29.6,15.0,0.0
2045-08-26,28.392249730893433,16.0,0.0
2045-08-27,28.0,14.678993127432301,0.0
2045-08-28,28.0,14.7,0.0
2045-08-29,28.6,12.9,0.0
2045-08-30,28.7,11.6,0.0
2045-08-31,28.8,12.5,0.0
2045-09-01,22.355284714645666,14.6,0.0
2045-09-02,24.63636269880441,14.2,0.0
2045-09-03,26.102482245229744,10.812840610243907,0.0
2045-09-04,27.6,16.251761216166106,0.0
2045-09-05,24.428133671655733,14.0,0.0
2045-09-06,26.0,14.2,0.0
2045-09-07,27.6,16.4,0.0
2045-09-08,29.6,16.2,0.0
2045-09-09,31.3,17.0,0.0
2045-09-10,31.0,17.6,0.0
2045-09-11,28.154041905972623,16.9,0.0
2045-09-12,28.690444083169332,14.4,0.0
2045-09-13,30.2,14.557222840192807,0.0
2045-09-14,32.0,14.2,0.0
2045-09-15,33.1,14.9,0.0
2045-09-16,31.0,18.425773895113814,0.0
2045-09-17,30.6,15.9,0.0
2045-09-18,33.4,14.3,0.0
2045-09-19,31.9,18.7,0.0
2045-09-20,30.3,17.3,0.0
2045-09-21,28.5,16.0,0.0
2045-09-22,27.4,14.341433382770983,0.0
2045-09-23,28.4,13.6,0.0
2045-09-24,30.2,14.0,0.0
2045-09-25,31.23501435703754,16.0,0.0
2045-09-26,31.0,16.3,0.4276923076923077
2045-09-27,28.6,15.6,0.0
2045-09-28,29.2,15.6,0.0
2045-09-29,30.0,16.5,0.0
2045-09-30,30.9,16.4,0.0
2045-10-01,31.4,16.8,0.0
2045-10-02,31.9,19.5,0.0
2045-10-03,31.14910987828103,19.0,0.0
2045-10-04,30.010339259864146,17.4,0.0
2045-10-05,30.8,16.5,0.0
2045-10-06,31.7,18.9,0.0
2045-10-07,33.4,19.6,0.0
2045-10-08,32.1,19.9,0.0
2045-10-09,32.1,19.1,0.0
2045-10-10,32.0,18.2,0.0
2045-10-11,32.2,17.2,0.0
2045-10-12,33.1,17.7,0.0
2045-10-13,34.0,19.0,0.0
2045-10-14,34.6,19.6,0.0
2045-10-15,34.0,19.5,0.0
2045-10-16,34.0,19.0,0.0
2045-10-17,34.1,19.4,0.0
2045-10-18,34.0,19.40148546824542,0.0
2045-10-19,34.0,19.5,0.0
2045-10-20,33.56286867599569,19.6,0.0
2045-10-21,33.0,19.44711158952278,0.0
2045-10-22,33.6,19.00763186221744,0.0
2045-10-23,34.2,20.3,0.0
2045-10-24,34.0,20.7,0.0
2045-10-25,33.843306166384735,20.3,0.0
2045-10-26,34.9,20.661469447017286,0.0
2045-10-27,34.9,21.2,0.0
2045-10-28,32.5,21.0,0.0
2045-10-29,31.5,19.5,0.0
2045-10-30,32.0,19.46370290635091,0.0
2045-10-31,32.0,18.5,0.0
2045-11-01,33.6,19.5,0.0
2045-11-02,35.0,20.0,0.0
2045-11-03,35.5,21.5,0.0
2045-11-04,35.7,22.44381941133889,0.0
2045-11-05,30.5,19.9,0.9
2045-11-06,28.898112122277485,19.7,1.4
2045-11-07,24.68407436834578,19.0,0.0
2045-11-08,25.1,17.8,0.0
2045-11-09,26.913290927351856,17.981054633973336,0.0
2045-11-10,30.0,18.3,0.0
2045-11-11,32.4,18.8,0.0
2045-11-12,33.7,18.2,0.0
2045-11-13,33.72348360923902,19.0,0.0
2045-11-14,32.87926524967682,18.8,0.0
2045-11-15,27.4,19.6,7.2
2045-11-16,29.66385255648038,19.9,14.9
2045-11-17,30.2,19.5,11.4
2045-11-18,30.6,19.8,1.4
2045-11-19,27.5,19.7,22.5
2045-11-20,24.7,19.5,45.07857142857143
2045-11-21,25.0,19.0,22.5
2045-11-22,26.2,18.8,6.542857142857142
2045-11-23,25.0,19.6,56.09550561797754
2045-11-24,29.9,19.1,6.475
2045-11-25,24.7,18.0,0.0
2045-11-26,27.0,17.723951113773143,0.0
2045-11-27,31.8,18.5,0.0
2045-11-28,30.2,20.3,0.0
2045-11-29,32.0,18.7,3.2
2045-11-30,32.04881099119141,19.627811831901468,1.688888888888889
2045-12-01,27.3,19.9,1.0
2045-12-02,27.0,19.4,56.0227495908347
2045-12-03,27.5,19.0,24.999680851063825
2045-12-04,27.4,19.0,28.358601823708206
2045-12-05,28.6,19.0,10.038776595744682
2045-12-06,26.5,19.0,25.0
2045-12-07,23.9,19.0,8.960212765957449
2045-12-08,24.8,17.5,0.0
2045-12-09,27.2,17.6,1.0
2045-12-10,29.4,17.8,0.0
2045-12-11,30.2,19.6,9.9
2045-12-12,29.2,18.5,4.183191489361702
2045-12-13,27.5,19.9,20.37957446808511
2045-12-14,28.5,19.9,12.368510638297874
2045-12-15,29.5,18.4,0.0
2045-12-16,30.1,18.0,3.0
2045-12-17,30.0,19.0,0.0
2045-12-18,30.4,19.2,4.392872340425533
2045-12-19,29.6,19.4,10.364680851063834
2045-12-20,27.87106566200215,19.9,1.823829787234043
2045-12-21,27.6,19.0,3.4
2045-12-22,27.0,18.7,1.0
2045-12-23,29.0,19.6,0.6
2045-12-24,31.282828882127077,18.6,0.6076595744680852
2045-12-25,27.5,19.31972982522452,2.4
2045-12-26,29.9,19.616576964477936,0.5
2045-12-27,28.9,20.0,6.752765957446808
2045-12-28,29.9,19.9,4.0
2045-12-29,28.7,20.0,8.9
2045-12-30,27.2,19.0,4.5
2045-12-31,28.5,19.5,13.58776595744681
2046-01-01,29.0,19.2,0.5
2046-01-02,23.12658772874058,17.2,69.0
2046-01-03,20.136890847828994,16.9,0.0
2046-01-04,24.8,16.1,0.0
2046-01-05,28.0,15.9,0.0
2046-01-06,29.4,17.6,0.0
2046-01-07,29.7,16.9,0.0
2046-01-08,30.0,19.8,0.0
2046-01-09,30.8,17.6,0.0
2046-01-10,30.0,16.144297543606037,0.0
2046-01-11,26.8,17.4,0.0
2046-01-12,28.0,16.5,0.0
2046-01-13,30.0,15.317493552633193,0.0
2046-01-14,30.9,15.7,0.0
2046-01-15,31.5,16.4,0.0
2046-01-16,31.9,16.9,0.0
2046-01-17,32.6,18.4,0.0
2046-01-18,32.44059485911025,19.221901017970055,0.0
2046-01-19,30.3,19.59639645508129,10.950000000000003
2046-01-20,26.3,18.7,0.0
2046-01-21,28.6,19.39559899350714,2.8
2046-01-22,28.7,18.6,59.7666666666667
2046-01-23,27.8,19.0,13.671428571428573
2046-01-24,28.9,18.3,11.0
2046-01-25,28.2,18.5,23.0
2046-01-26,26.2,18.7,27.4
2046-01-27,28.3,18.8,0.4
2046-01-28,27.6,17.0,0.0
2046-01-29,26.8,18.2,0.0
2046-01-30,29.0,16.4,0.0
2046-01-31,29.6,19.2,1.5
2046-02-01,30.0,18.7,2.8
2046-02-02,29.2,18.7,7.5
2046-02-03,28.3,16.5,0.0
2046-02-04,30.4,15.9,3.3
2046-02-05,27.998763220107005,19.32127361672339,12.4
2046-02-06,28.1393749585736,19.4,0.0
2046-02-07,27.9,19.1,4.150000000000001
2046-02-08,27.0,19.0,28.450000000000006
2046-02-09,28.5,18.0,4.0
2046-02-10,29.9,18.2,0.0
2046-02-11,30.6,18.0,0.1
2046-02-12,30.0,18.7,25.0
2046-02-13,27.0,19.662144645092074,10.2
2046-02-14,24.9,19.44453679078013,0.0
2046-02-15,26.3,19.0,0.0
2046-02-16,28.2,18.590586045134124,22.4
2046-02-17,19.872872075395687,17.1,0.4
2046-02-18,26.9,16.0,0.0
2046-02-19,24.948102000491662,16.0,0.0
2046-02-20,21.904781750383854,16.5,23.2
2046-02-21,23.9,17.7,61.19310344827579
2046-02-22,24.4,18.2,0.0
2046-02-23,27.2,18.2,0.0
2046-02-24,26.1,18.4,0.0
2046-02-25,25.5,19.34015912229522,0.0
2046-02-26,26.8,19.2,2.4
2046-02-27,29.1,19.1,17.3
2046-02-28,29.0,19.0,10.020000000000001
2046-03-01,27.2,18.6,13.4
2046-03-02,29.6,18.6,28.0
2046-03-03,25.3,19.26853362963991,13.0
2046-03-04,27.9,19.2,8.950000000000001
2046-03-05,30.1,18.7,10.933333333333332
2046-03-06,30.0,18.7,31.87391304347826
2046-03-07,27.6,19.3,17.8
2046-03-08,26.2,18.7,0.0
2046-03-09,28.9,19.4,0.0
2046-03-10,29.0,19.4,0.0
2046-03-11,28.9,16.5,0.0
2046-03-12,30.7,14.6,0.0
2046-03-13,32.828679817905915,15.3,0.0
2046-03-14,30.9,16.5,0.0
2046-03-15,31.3,18.5,0.0
2046-03-16,30.3,16.0,0.0
2046-03-17,29.7,17.2,0.0
2046-03-18,27.4,18.4,0.0
2046-03-19,29.9,16.450848444125835,0.0
2046-03-20,29.6,16.0,0.0
2046-03-21,29.8,16.5,0.0
2046-03-22,29.7,16.0,0.0
2046-03-23,29.8,14.5,0.0
2046-03-24,30.743502824858762,14.2,0.0
2046-03-25,31.380459770114943,16.1,0.0
2046-03-26,29.4,15.2,0.0
2046-03-27,29.0,13.93321293194157,0.0
2046-03-28,30.3,12.2,0.0
2046-03-29,30.2,13.8,0.0
2046-03-30,29.9,15.2,0.0
2046-03-31,30.0,15.3,0.0
2046-04-01,29.4,15.0,0.0
2046-04-02,31.0,15.5,0.0
2046-04-03,31.4,19.138482384823853,0.0
2046-04-04,29.424999999999997,17.7,12.48
2046-04-05,27.3,18.3,2.0
2046-04-06,28.3,16.0,0.0
2046-04-07,26.6,15.0,0.0
2046-04-08,27.5,15.3,0.0
2046-04-09,28.6,14.5,0.0
2046-04-10,29.0,13.8,0.0
2046-04-11,29.6,14.0,0.0
2046-04-12,31.7,13.9,0.0
2046-04-13,32.97365328109696,14.5,0.0
2046-04-14,33.67266666666668,18.9,0.0
2046-04-15,32.94681684622919,19.7,0.0
2046-04-16,31.9,19.7,0.0
2046-04-17,29.5,17.5,0.0
2046-04-18,27.0,13.3,0.0
2046-04-19,26.0,12.5,0.0
2046-04-20,25.7,11.0,0.0
2046-04-21,26.46734693877551,8.444444444444445,0.0
2046-04-22,28.2,9.00375,0.0
2046-04-23,29.5,10.322635135135135,0.0
2046-04-24,28.2,13.4,0.0
2046-04-25,28.9,11.255263157894737,0.0
2046-04-26,29.9,12.2,0.0
2046-04-27,28.6,14.9,0.0
2046-04-28,25.5,14.4,0.0
2046-04-29,27.0,14.4,0.0
2046-04-30,22.575547445255474,16.4,0.0
2046-05-01,27.5,12.7,0.0
2046-05-02,27.8,12.5,0.0
2046-05-03,28.1,13.2,0.0
2046-05-04,26.8,15.9,0.0
2046-05-05,29.5,15.2,0.0
2046-05-06,29.6,16.99160160897397,0.0
2046-05-07,25.9,14.8,0.0
2046-05-08,26.7,17.690651651900286,0.0
2046-05-09,27.0,14.9,0.0
2046-05-10,27.5,13.1,0.0
2046-05-11,26.365565123789008,17.951485898815918,0.0
2046-05-12,26.2,17.5,0.0
2046-05-13,26.1,16.5,0.0
2046-05-14,29.0,14.0,0.0
2046-05-15,30.7,17.5,0.0
2046-05-16,31.1,16.9,0.0
2046-05-17,31.5264667695005,16.33899240437239,0.0
2046-05-18,32.7,16.0,0.0
2046-05-19,33.05325342293479,15.3,0.0
2046-05-20,30.1,16.676923471218394,0.0
2046-05-21,30.1,16.0,0.0
2046-05-22,29.574089890416264,15.3,0.0
2046-05-23,30.7,15.2,0.0
2046-05-24,33.8,16.2,0.0
2046-05-25,33.1820400792732,18.87558941164459,0.0
2046-05-26,29.8,13.9,0.0
2046-05-27,26.8,9.2,0.0
2046-05-28,24.4,7.5,0.0
2046-05-29,24.4,6.5,0.0
2046-05-30,26.3,7.0,0.0
2046-05-31,28.196519555077145,8.4,0.0
2046-06-01,28.6,10.1,0.0
2046-06-02,28.2,12.5,0.0
2046-06-03,28.655396537251228,11.4,0.0
2046-06-04,30.0,9.0,0.0
2046-06-05,29.5,12.0,0.0
2046-06-06,28.9,13.5,0.0
2046-06-07,24.6,13.5,0.0
2046-06-08,25.5,12.4,0.0
2046-06-09,24.7,11.7,0.0
2046-06-10,23.6,10.0,0.0
2046-06-11,23.6,7.547136251608539,0.0
2046-06-12,24.7,5.5,0.0
2046-06-13,24.0,7.7,0.0
2046-06-14,23.12729699666296,7.0,0.0
2046-06-15,23.9,4.586882250119181,0.0
2046-06-16,23.9,6.9,0.0
2046-06-17,22.8,6.9,0.0
2046-06-18,22.7,9.0,0.0
2046-06-19,23.9,8.5,0.0
2046-06-20,23.9,12.2,0.0
2046-06-21,26.5,17.02475109179879,0.0
2046-06-22,27.1,17.272774712278405,0.0
2046-06-23,27.9,15.049353181295494,0.0
2046-06-24,29.0,14.2,0.0
2046-06-25,30.062059150690317,14.34749466527435,0.0
2046-06-26,28.2,15.523148656509278,0.0
2046-06-27,26.0,14.7,0.0
2046-06-28,25.5,12.6,0.0
2046-06-29,26.0,11.9,0.0
2046-06-30,26.3,11.718878637847432,0.0
2046-07-01,26.0,10.2,0.0
2046-07-02,26.0,9.2,0.0
2046-07-03,25.7,9.068389823833648,0.0
2046-07-04,27.5,9.1,0.0
2046-07-05,28.0,9.5,0.0
2046-07-06,28.0,8.9,0.0
2046-07-07,27.6,9.8,0.0
2046-07-08,27.4,10.4,0.0
2046-07-09,27.2,11.1,0.0
2046-07-10,26.9,12.104470757086476,0.0
2046-07-11,26.0,14.2,0.0
2046-07-12,26.0,11.9,0.0
2046-07-13,26.0,11.1,0.0
2046-07-14,26.6,10.0,0.0
2046-07-15,26.4,10.2,0.0
2046-07-16,26.9,10.0,0.0
2046-07-17,26.9,10.2,0.0
2046-07-18,22.7,15.3,0.0
2046-07-19,21.5,5.053057414600915,0.0
2046-07-20,22.6,-0.168896484375,0.0
2046-07-21,24.3,-1.003857421875,0.0
2046-07-22,26.0,-0.6720703124999996,0.0
2046-07-23,26.173264847662274,2.991888787960032,0.0
2046-07-24,23.3,8.6,0.0
2046-07-25,23.7,8.2,0.0
2046-07-26,23.8,6.0,0.0
2046-07-27,23.4,8.6,0.0
2046-07-28,24.6,6.77658772874058,0.0
2046-07-29,26.5,3.4818764091276666,0.0
2046-07-30,28.0,3.442925844405529,0.0
2046-07-31,24.6,11.8,0.0
2046-08-01,19.59084638998525,8.0,0.0
2046-08-02,22.5,6.7,0.0
2046-08-03,22.9,7.4,0.0
2046-08-04,23.616543558145576,7.9,0.0
2046-08-05,24.2,7.5,0.0
2046-08-06,24.9,8.0,0.0
2046-08-07,25.2,8.9,0.0
2046-08-08,25.6,9.04247445848205,0.0
2046-08-09,25.5,10.383932921647496,0.0
2046-08-10,26.087168998923573,10.8,0.0
2046-08-11,27.05468245425188,11.8,0.0
2046-08-12,29.6,12.8,0.0
2046-08-13,31.2,15.0,0.0
2046-08-14,31.52148027170483,16.4,0.0
2046-08-15,30.8,15.945400638301889,0.0
2046-08-16,29.6,13.0,0.0
2046-08-17,29.2,13.1,0.0
2046-08-18,28.1,14.7,0.0
2046-08-19,28.1,13.902061886929754,0.0
2046-08-20,28.6,13.2,0.0
2046-08-21,29.2,14.0,0.0
2046-08-22,30.7,14.5,0.0
2046-08-23,30.8,15.9,0.0
2046-08-24,30.1,15.8,0.0
2046-08-25,30.7,15.2,0.0
2046-08-26,32.5,15.5,0.0
2046-08-27,31.0,17.41662813092818,0.0
2046-08-28,27.6,17.2,0.0
2046-08-29,26.805339074273405,15.2,0.0
2046-08-30,27.7,13.5,0.0
2046-08-31,28.6,14.6,0.0
2046-09-01,27.7,15.0,0.0
2046-09-02,25.6,16.1,0.0
2046-09-03,26.8,14.113304090498875,0.0
2046-09-04,27.7,13.9,0.0
2046-09-05,29.0,13.216925238569171,0.0
2046-09-06,30.6,13.4,0.0
2046-09-07,31.729032258064517,14.9,0.0
2046-09-08,30.3,17.4,0.0
2046-09-09,29.7,16.0,0.0
2046-09-10,29.99514174909058,15.4,0.0
2046-09-11,31.0,15.4,0.0
2046-09-12,31.8,16.9,0.0
2046-09-13,32.9,17.8,0.0
2046-09-14,34.20896483176141,17.8,0.0
2046-09-15,35.3,18.8,0.0
2046-09-16,33.7,19.7,0.0
2046-09-17,33.0,19.087223899570958,0.0
2046-09-18,33.2,18.6,0.0
2046-09-19,34.88836570548474,18.8,0.0
2046-09-20,36.0,19.4,0.0
2046-09-21,35.414534200285644,20.5,0.0
2046-09-22,27.2,17.1,0.0
2046-09-23,27.8,15.6,0.0
2046-09-24,29.843194458489233,14.2,0.0
2046-09-25,31.8,15.0,0.0
2046-09-26,32.9,16.5,0.0
2046-09-27,33.1,17.5,0.0
2046-09-28,33.0,18.7,0.0
2046-09-29,33.0,18.271564611085484,0.0
2046-09-30,31.7,18.2,0.0
2046-10-01,31.2,16.8,0.0
2046-10-02,31.1,16.9,0.0
2046-10-03,31.4,16.9,0.0
2046-10-04,31.7,17.6,0.0
2046-10-05,32.0,18.0,0.0
2046-10-06,33.0,19.0,0.0
2046-10-07,34.0,19.9,0.0
2046-10-08,35.4,22.076960618237475,0.0
2046-10-09,35.5,21.0,0.0
2046-10-10,34.8,20.1,0.0
2046-10-11,35.5,18.6,0.0
2046-10-12,28.089267631463542,18.5,0.0
2046-10-13,30.8,17.2,0.0
2046-10-14,28.312000829377613,16.8,3.3
2046-10-15,28.7,18.2,0.0
2046-10-16,30.9,19.0,0.0
2046-10-17,33.5,18.0,0.0
2046-10-18,34.2,18.6,0.0
2046-10-19,33.6,18.0,0.0
2046-10-20,34.09753223553122,19.6,0.0
2046-10-21,33.0,19.7,0.0
2046-10-22,34.0,18.0,0.0
2046-10-23,34.0,19.0,0.4
2046-10-24,30.1,18.0,0.0
2046-10-25,31.7,17.3,0.0
2046-10-26,31.3,18.9,0.4
2046-10-27,31.1,19.0,0.0
2046-10-28,30.8,19.2,0.0
2046-10-29,28.5,18.9,0.2
2046-10-30,31.2,18.4,0.0
2046-10-31,31.6,18.5,0.0
2046-11-01,34.5,21.1,0.0
2046-11-02,35.0,22.3,0.0
2046-11-03,35.2,21.5,0.0
2046-11-04,35.0,21.1,0.0
2046-11-05,29.3,20.4,3.8
2046-11-06,31.5,18.0,0.0
2046-11-07,32.1,16.7,0.0
2046-11-08,32.79721913236929,16.1038084644314,0.0
2046-11-09,33.3,17.0,0.0
2046-11-10,34.0,16.832330161084332,0.0
2046-11-11,34.0,17.2,0.0
2046-11-12,34.8,21.4,0.0
2046-11-13,35.71574753197998,20.0,0.0
2046-11-14,35.9,21.0,0.0
2046-11-15,35.6924940125293,21.5,0.0
2046-11-16,35.9,21.233466971510417,0.0
2046-11-17,36.0,20.9,0.0
2046-11-18,36.3,23.2,0.0
2046-11-19,36.2,22.1,0.0
2046-11-20,32.1,21.2,0.0
2046-11-21,34.9,20.5,0.0
2046-11-22,27.5,20.4,0.0
2046-11-23,28.2,19.0,1.5
2046-11-24,31.5,19.0,0.0
2046-11-25,31.7,19.8,8.4
2046-11-26,32.3,20.186233332997276,0.0
2046-11-27,33.34122881633186,19.5,0.0
2046-11-28,34.0,19.5,0.0
2046-11-29,34.8,20.676476472740042,0.0
2046-11-30,35.2,19.2,0.0
2046-12-01,34.065522350687736,22.6665440597176,1.5210638297872336
2046-12-02,27.6,19.6,9.963404255319151
2046-12-03,31.4,18.0,0.8
2046-12-04,29.327109795479004,19.9,10.465106382978728
2046-12-05,29.4,18.4,6.802872340425533
2046-12-06,29.9,19.0,53.88215425531914
2046-12-07,28.0,19.8,28.380075987841945
2046-12-08,30.0,20.1,8.910106382978725
2046-12-09,29.2,19.0,41.15531914893617
2046-12-10,29.0,19.864751261107237,17.540595744680893
2046-12-11,28.9,19.9,30.921458966565353
2046-12-12,27.6,19.5,12.719680851063835
2046-12-13,26.1,19.4,18.945106382978725
2046-12-14,25.6,18.9,0.0
2046-12-15,26.7,17.9,0.0
2046-12-16,28.7,17.3,0.0
2046-12-17,29.5,16.9,0.0
2046-12-18,30.2,16.737909541519755,0.0
2046-12-19,31.0,16.1,0.0
2046-12-20,32.4,16.4,0.0
2046-12-21,31.1,18.3,0.0
2046-12-22,33.15900646588021,19.16097005002219,0.8
2046-12-23,28.7,19.7,11.670212765957444
2046-12-24,31.29679106311925,19.9,16.6
2046-12-25,27.0,18.7,37.08000000000002
2046-12-26,27.1,18.6,21.8804255319149
2046-12-27,29.672078271566964,18.0,0.0
2046-12-28,31.357013331125266,17.9,0.0
2046-12-29,32.88652722762797,20.5,0.0
2046-12-30,30.7,20.262894599928238,0.0
2046-12-31,31.7,19.9,9.4
2047-01-01,30.578083025225812,19.6,0.0
2047-01-02,28.7,19.7,26.29999999999999
2047-01-03,27.9,19.6,26.366666666666667
2047-01-04,24.388610246414334,18.4,70.6
2047-01-05,23.093387539084524,17.6,60.4
2047-01-06,25.2,17.2,0.0
2047-01-07,28.4,15.5,9.0
2047-01-08,29.7,17.9,1.3
2047-01-09,30.2,16.9,0.0
2047-01-10,27.4,19.6,0.0
2047-01-11,29.471839699095543,19.778097479594113,10.0
2047-01-12,27.8,19.2,0.7
2047-01-13,29.0,17.6,0.0
2047-01-14,28.0,19.609221898997802,1.2
2047-01-15,28.7,19.2,6.4
2047-01-16,29.0,19.1,3.0
2047-01-17,28.4,19.5,7.1
2047-01-18,26.0,19.2,0.0
2047-01-19,28.7,19.355150733958148,0.0
2047-01-20,29.3,18.9,11.0
2047-01-21,28.2,18.3,18.600000000000005
2047-01-22,27.146253108816822,18.741841194616416,25.3
2047-01-23,23.2,18.4,37.5
2047-01-24,26.322572228202365,18.4,6.8
2047-01-25,27.1,19.0,29.2
2047-01-26,25.744152676869902,19.532333226486134,0.5
2047-01-27,27.8,19.222066360071185,7.2
2047-01-28,29.6,18.6,5.9
2047-01-29,27.5,19.0,3.6
2047-01-30,25.0,19.6,46.6
2047-01-31,24.7,18.786039690509384,0.0
2047-02-01,24.0,19.0,6.4
2047-02-02,25.9,18.7,0.0
2047-02-03,25.0,19.0,0.0
2047-02-04,28.4,19.0,3.7
2047-02-05,30.3,18.0,0.0
2047-02-06,26.01409868481376,18.6,0.0
2047-02-07,25.3,18.4,0.0
2047-02-08,30.5,19.0,0.0
2047-02-09,31.123128928097795,17.6,0.0
2047-02-10,27.4,17.6,0.0
2047-02-11,28.5,16.9,2.0
2047-02-12,31.0,16.6,0.0
2047-02-13,31.9,19.0,0.0
2047-02-14,31.0,18.6,1.0
2047-02-15,30.5,17.3,10.2
2047-02-16,26.8,19.7,22.16
2047-02-17,27.3,19.0,26.15
2047-02-18,28.11630906424873,19.288463314416557,0.2
2047-02-19,28.2,18.9,0.0
2047-02-20,29.301752669764387,17.97341188133912,1.2
2047-02-21,31.852119296539424,17.9,2.7
2047-02-22,29.2,17.5,0.2
2047-02-23,28.9,15.6,15.0
2047-02-24,27.7,18.8,5.6
2047-02-25,24.9,18.9,15.899999999999995
2047-02-26,26.0,18.6,49.92926829268293
2047-02-27,28.7,18.7,9.6
2047-02-28,29.5,19.0,0.0
2047-03-01,27.9,18.8,0.0
2047-03-02,28.7,17.9,0.0
2047-03-03,26.7,17.6,15.9
2047-03-04,26.7,18.6,11.449999999999998
2047-03-05,26.9,18.9,39.62666666666667
2047-03-06,23.6,18.1,6.760000000000001
2047-03-07,25.2,18.2,0.0
2047-03-08,25.8,17.0,6.7200000000000015
2047-03-09,28.20555555555556,16.6,0.0
2047-03-10,27.2,15.7,0.0
2047-03-11,28.8,16.0,0.0
2047-03-12,30.0,14.5,0.0
2047-03-13,30.0,14.4,0.0
2047-03-14,28.0,17.9,3.1
2047-03-15,26.93669724770642,17.8,1.4
2047-03-16,27.7,18.8,0.0
2047-03-17,26.4,18.3,0.0
2047-03-18,25.5,17.7,0.0
2047-03-19,26.6,17.836849913605974,0.0
2047-03-20,29.5,16.40663721288745,0.0
2047-03-21,29.5,14.9,0.0
2047-03-22,29.0,14.8,0.0
2047-03-23,30.0,13.7,0.0
2047-03-24,31.53260869565218,14.2,0.0
2047-03-25,32.58325722983257,15.2,0.0
2047-03-26,30.2,17.4,0.0
2047-03-27,26.979816513761467,19.1,0.0
2047-03-28,26.6,19.1,0.0
2047-03-29,25.6,16.8,0.0
2047-03-30,25.9,17.0,0.0
2047-03-31,27.0,16.2,0.0
2047-04-01,28.3,13.1,0.0
2047-04-02,29.2,14.3,0.0
2047-04-03,29.9,13.4,0.0
2047-04-04,29.9,18.9,0.0
2047-04-05,29.8,18.2,0.0
2047-04-06,30.0,15.729670329670334,0.0
2047-04-07,28.9,15.567826086956522,0.0
2047-04-08,28.6,18.1,3.14
2047-04-09,29.1,15.2,0.0
2047-04-10,28.5,17.5,9.557142857142859
2047-04-11,28.6,16.4,0.0
2047-04-12,28.6,16.0,0.0
2047-04-13,29.848695652173916,14.5,0.0
2047-04-14,28.0,18.302083333333336,4.209090909090909
2047-04-15,30.7,17.5,0.0
2047-04-16,29.2,17.3,0.0
2047-04-17,29.4,17.14651162790697,9.614285714285714
2047-04-18,28.4,17.983870967741932,0.0
2047-04-19,28.7,16.9,0.0
2047-04-20,28.5,16.9,0.0
2047-04-21,31.042881944444442,15.7,0.0
2047-04-22,30.7,16.819346405228757,0.0
2047-04-23,29.0,17.8,0.0
2047-04-24,28.6,16.5,0.0
2047-04-25,29.8,18.309375,0.0
2047-04-26,29.7,18.1,0.0
2047-04-27,30.0,15.2,0.0
2047-04-28,30.7,12.8,0.0
2047-04-29,31.4,12.5,0.0
2047-04-30,31.7,12.4,0.0
2047-05-01,30.79359416533028,15.2,0.0
2047-05-02,31.50535327866123,13.1,0.0
2047-05-03,30.7,15.0,0.0
2047-05-04,30.9,14.143587736268023,0.0
2047-05-05,30.0,15.0,0.0
2047-05-06,28.8,15.0,0.0
2047-05-07,29.60401909035496,13.9,0.0
2047-05-08,30.7,12.8,0.0
2047-05-09,31.118505113024746,14.0,0.0
2047-05-10,30.1,15.614273518323092,0.0
2047-05-11,28.670813828322526,15.1,0.0
2047-05-12,27.5,14.0,0.0
2047-05-13,28.6,14.6,0.0
2047-05-14,28.1,14.0,0.0
2047-05-15,28.7,14.6,0.0
2047-05-16,28.7,13.8,0.0
2047-05-17,29.1,13.0,0.0
2047-05-18,29.7,13.0,0.0
2047-05-19,29.841923867305987,13.9,0.0
2047-05-20,27.9,14.0,0.0
2047-05-21,28.0,12.3,0.0
2047-05-22,28.9,13.0,0.0
2047-05-23,29.2,14.8,0.0
2047-05-24,29.6,15.6,0.0
2047-05-25,29.6,15.3,0.0
2047-05-26,30.1,15.3,0.0
2047-05-27,30.1,15.3,0.0
2047-05-28,28.5,15.2,0.0
2047-05-29,27.5,12.9,0.0
2047-05-30,29.4,12.0,0.0
2047-05-31,30.2,13.4,0.0
2047-06-01,29.5,15.915826995438849,0.0
2047-06-02,28.0,15.98299572624554,0.0
2047-06-03,25.4,15.517699788756115,0.0
2047-06-04,26.2,14.4,0.0
2047-06-05,23.9,15.993751211237097,0.0
2047-06-06,21.603585064486065,15.950487782810248,0.0
2047-06-07,26.6,14.341985142221525,0.0
2047-06-08,25.5,15.11191879866519,0.0
2047-06-09,24.7,13.4,0.0
2047-06-10,26.5,12.0,0.0
2047-06-11,27.7,10.7,0.0
2047-06-12,27.687486095661846,11.780400444938826,0.0
2047-06-13,28.0,11.6,0.0
2047-06-14,25.6,12.4,0.0
2047-06-15,25.6,10.4,0.0
2047-06-16,25.7,13.0,0.0
2047-06-17,24.2,11.781459137603884,0.0
2047-06-18,22.1,10.8,0.0
2047-06-19,25.5,10.2,0.0
2047-06-20,26.5,11.605248255637576,0.0
2047-06-21,27.7,10.6,0.0
2047-06-22,26.7,12.0,0.0
2047-06-23,26.7,11.7,0.0
2047-06-24,27.49209088529739,11.7,0.0
2047-06-25,28.2,12.2,0.0
2047-06-26,29.4,13.0,0.0
2047-06-27,30.5,14.7,0.0
2047-06-28,29.5,14.1,0.0
2047-06-29,27.6,14.2,0.0
2047-06-30,26.1,13.2,0.0
2047-07-01,25.0,12.0,0.0
2047-07-02,26.7,8.9,0.0
2047-07-03,28.2,8.2,0.0
2047-07-04,26.7,12.0,0.0
2047-07-05,25.1,12.0,0.0
2047-07-06,23.2,12.252781889128096,0.0
2047-07-07,22.1,13.6,0.0
2047-07-08,24.7,12.284067209364908,0.0
2047-07-09,25.2,14.2,0.0
2047-07-10,20.9,10.9,0.0
2047-07-11,24.1,9.9,0.0
2047-07-12,23.8,12.1,0.0
2047-07-13,25.570065989610146,10.2,0.0
2047-07-14,26.0,10.4,0.0
2047-07-15,27.4,10.2,0.0
2047-07-16,27.6,10.0,0.0
2047-07-17,27.2,10.8,0.0
2047-07-18,27.6,11.2,0.0
2047-07-19,28.2,10.9,0.0
2047-07-20,27.6,12.0,0.0
2047-07-21,25.7,11.9,0.0
2047-07-22,25.7,10.9,0.0
2047-07-23,26.3,10.5,0.0
2047-07-24,26.7,10.3,0.0
2047-07-25,26.9,10.3,0.0
2047-07-26,26.9,9.5,0.0
2047-07-27,27.2,10.5,0.0
2047-07-28,28.2,12.0,0.0
2047-07-29,29.2,13.6,0.0
2047-07-30,30.765630949391227,15.0,0.0
2047-07-31,31.143260783191813,15.877042555000543,0.0
2047-08-01,31.5,15.5,0.0
2047-08-02,31.6,15.6,0.0
2047-08-03,31.5,15.4,0.0
2047-08-04,31.2,14.69386437029063,0.0
2047-08-05,30.9,13.0,0.0
2047-08-06,27.6,15.6,0.0
2047-08-07,27.0,13.6,0.0
2047-08-08,26.7,12.3,0.0
2047-08-09,26.5,10.6,0.0
2047-08-10,26.3,11.2,0.0
2047-08-11,26.8,11.9,0.0
2047-08-12,26.232055231802825,12.5,0.0
2047-08-13,26.1,12.2,0.0
2047-08-14,25.6,12.4,0.0
2047-08-15,25.6,12.3,0.0
2047-08-16,25.0,12.4,0.0
2047-08-17,25.6,11.97775073711799,0.0
2047-08-18,26.2,11.3,0.0
2047-08-19,25.980301399354143,12.9,0.0
2047-08-20,25.5,12.0,0.0
2047-08-21,26.7,11.5,0.0
2047-08-22,28.6,15.4,0.0
2047-08-23,30.0,16.572024193961756,0.0
2047-08-24,30.7,16.4,0.0
2047-08-25,29.4,16.9,0.0
2047-08-26,30.1,14.7,0.0
2047-08-27,29.5,14.7,0.0
2047-08-28,27.2,15.0,0.0
2047-08-29,27.0,13.7,0.0
2047-08-30,27.47180243121499,13.299675114981893,0.0
2047-08-31,28.6,11.9,0.0
2047-09-01,31.27625139043382,9.0,0.0
2047-09-02,31.9,14.0,0.0
2047-09-03,28.5,16.2,0.0
2047-09-04,27.7,13.9,0.0
2047-09-05,29.0,13.9,0.0
2047-09-06,29.5,14.5,0.0
2047-09-07,29.4,15.453287967022183,0.0
2047-09-08,29.6,16.2,0.0
2047-09-09,31.0,16.90035676496921,0.0
2047-09-10,31.9,16.5,0.0
2047-09-11,32.5,17.6,0.0
2047-09-12,32.9,21.25246912437589,0.0
2047-09-13,33.4,21.262069975211993,0.0
2047-09-14,32.9,19.6,0.0
2047-09-15,32.3,18.1,0.0
2047-09-16,32.5,17.6,0.0
2047-09-17,33.4,17.9,0.0
2047-09-18,33.0,19.6,0.0
2047-09-19,31.5,19.3,0.0
2047-09-20,31.0,17.4,0.0
2047-09-21,31.7,16.9,0.0
2047-09-22,33.0,17.8,0.0
2047-09-23,35.18168957305285,19.5,0.0
2047-09-24,35.2,18.4,0.0
2047-09-25,33.460033854040724,21.001613075415772,0.0
2047-09-26,32.5,18.5,1.8380952380952382
2047-09-27,28.9,17.6,0.0
2047-09-28,30.0,16.3,0.0
2047-09-29,31.0,17.9,0.0
2047-09-30,30.5,17.3,0.0
2047-10-01,30.2,15.0,0.0
2047-10-02,30.1,15.2,0.0
2047-10-03,30.5,15.7,0.0
2047-10-04,31.6,20.7,0.0
2047-10-05,31.6,19.4,0.0
2047-10-06,31.9,18.4,0.0
2047-10-07,32.9,18.4,0.0
2047-10-08,34.8,19.0,0.0
2047-10-09,32.7,19.1,0.0
2047-10-10,31.9,15.9,0.0
2047-10-11,33.0,16.9,0.0
2047-10-12,33.4,18.9,0.0
2047-10-13,30.1,18.4,0.4
2047-10-14,26.9,17.9,0.0
2047-10-15,30.1,17.1,0.0
2047-10-16,32.4,16.5,0.0
2047-10-17,33.4,17.2,0.0
2047-10-18,34.6,17.7,0.0
2047-10-19,35.0,20.0,0.0
2047-10-20,34.9,23.13186507837167,0.0
2047-10-21,35.2,22.0,0.0
2047-10-22,36.0,21.9,0.0
2047-10-23,33.2,21.6,0.0
2047-10-24,32.9,21.3,0.0
2047-10-25,34.5,20.7,0.0
2047-10-26,36.19947374715942,20.9,0.0
2047-10-27,36.9,20.4,0.0
2047-10-28,35.0,21.0,0.0
2047-10-29,30.410836643034777,17.9,0.0
2047-10-30,25.715431853724194,18.0,2.5
2047-10-31,24.38226030814283,17.5,4.624000000000002
2047-11-01,28.0,19.9,0.0
2047-11-02,24.0,18.3,15.649999999999999
2047-11-03,24.242153149124718,18.0,16.685714285714283
2047-11-04,28.437081942899518,18.2,0.0
2047-11-05,30.0,16.5,0.0
2047-11-06,30.9,16.2,0.0
2047-11-07,32.2,15.1,0.0
2047-11-08,34.4,15.8,0.0
2047-11-09,35.3,16.1,0.0
2047-11-10,34.8,17.8,0.0
2047-11-11,35.0,20.4,0.0
2047-11-12,35.761262513904335,19.9,0.0
2047-11-13,34.8,21.491936403166058,0.0
2047-11-14,32.6,20.4,0.0
2047-11-15,32.9,19.0,0.0
2047-11-16,32.9,18.5,0.0
2047-11-17,33.5,17.0,0.0
2047-11-18,34.8,16.16920353299742,0.0
2047-11-19,35.714291052558394,16.5,0.0
2047-11-20,36.0,17.5,0.0
2047-11-21,36.3,20.5,0.0
2047-11-22,34.64260843536007,20.9,0.0
2047-11-23,31.0,20.375993682548035,0.0
2047-11-24,32.3,19.9,0.0
2047-11-25,33.5,19.5,0.0
2047-11-26,31.5,19.6,3.9166666666666665
2047-11-27,32.3,19.5,0.0
2047-11-28,31.9,19.7,0.0
2047-11-29,32.8,20.19675951908073,0.0
2047-11-30,34.25759055955892,21.133023359288103,0.0
2047-12-01,32.71261945233909,23.75527954101562,0.0
2047-12-02,32.0,20.507122398192465,0.0
2047-12-03,30.0,20.931426225542495,0.0
2047-12-04,33.22298584085451,21.0,0.0
2047-12-05,30.7,21.0,0.0
2047-12-06,30.3,19.6,0.0
2047-12-07,30.7,17.4,0.0
2047-12-08,31.2,17.2,0.0
2047-12-09,33.7,17.5,0.0
2047-12-10,34.257861328125,21.729381539750673,0.0
2047-12-11,34.05657020132005,24.38247680664062,0.0
2047-12-12,34.59794921875,24.18569946289062,0.0
2047-12-13,34.8337890625,24.68911743164062,0.0
2047-12-14,34.760302734375,22.324121712889376,0.0
2047-12-15,32.25371367061354,20.640664666397257,3.69885106382979
2047-12-16,32.629967530126635,20.246111589522787,2.7663829787234064
2047-12-17,32.00712420969277,20.54892530560914,0.0
2047-12-18,33.125569883496986,19.0,0.0
2047-12-19,32.1,20.57921639028856,1.1151063829787236
2047-12-20,32.50377002171822,20.244380606386798,0.0
2047-12-21,31.4,21.0,0.0
2047-12-22,32.65580127932099,21.956404661278818,0.0
2047-12-23,33.1,22.414729610616874,0.0
2047-12-24,34.14459789963751,24.44277954101562,0.0
2047-12-25,33.01274265988641,23.04141235351562,0.0
2047-12-26,33.284338276714045,21.686091099725292,0.0
2047-12-27,33.7,20.97709990050812,0.1
2047-12-28,32.4,20.37668912589045,1.3
2047-12-29,32.9,20.24159598134195,0.0
2047-12-30,30.5,20.3,9.2
2047-12-31,31.95513455328309,20.230692669088633,33.06255319148936
2048-01-01,30.2,19.633290394897195,41.4
2048-01-02,30.1,18.4,5.2
2048-01-03,26.4,18.8,17.8
2048-01-04,29.3,17.6,0.7
2048-01-05,31.7,18.5,0.0
2048-01-06,31.071227784111777,18.6,0.0
2048-01-07,28.0,19.4,0.0
2048-01-08,28.83155323835867,19.2,1.0
2048-01-09,29.9,18.7,0.0
2048-01-10,28.5,19.668537869150448,5.4
2048-01-11,27.3,19.7,2.1
2048-01-12,23.7,18.7,37.56
2048-01-13,23.9,18.7,27.4
2048-01-14,25.5,16.2,0.0
2048-01-15,29.5,15.3,0.0
2048-01-16,30.2,15.6,0.0
2048-01-17,30.0,16.4,0.0
2048-01-18,29.5,18.9,0.0
2048-01-19,28.4,17.6,0.0
2048-01-20,28.666366572071617,16.2,0.0
2048-01-21,30.1,15.7,0.0
2048-01-22,31.1,16.114070728206258,0.0
2048-01-23,31.7,19.8,0.0
2048-01-24,32.12984590488438,20.81812744140625,0.0
2048-01-25,28.7,19.8,9.650000000000002
2048-01-26,29.0,19.6,0.0
2048-01-27,31.1,19.6,0.0
2048-01-28,32.539863041934794,19.3,0.0
2048-01-29,30.7,19.552259624469755,4.4
2048-01-30,27.7,19.327885610854757,19.0
2048-01-31,29.1,19.2,3.4
2048-02-01,29.508463825105906,19.0,0.0
2048-02-02,29.8,19.9,16.15000000000001
2048-02-03,24.7,19.47250174892651,55.58640776699029
2048-02-04,25.163103955018848,19.0,83.23362068965517
2048-02-05,26.9,18.8,0.0
2048-02-06,28.1,18.6,3.6
2048-02-07,26.1,19.1,4.1
2048-02-08,27.3,17.5,0.0
2048-02-09,29.4,16.4,0.8
2048-02-10,28.3,18.8,6.885714285714284
2048-02-11,29.0,18.3,9.9
2048-02-12,29.5,18.4,9.3
2048-02-13,30.0,19.349471330111736,7.5
2048-02-14,30.9,19.018242385166932,1.3
2048-02-15,30.6,19.70399281384615,17.7
2048-02-16,29.7,19.718606985146522,2.2
2048-02-17,32.0,18.680529793295754,0.0
2048-02-18,29.1,20.047165493387663,0.0
2048-02-19,26.3,19.800239039309183,0.0
2048-02-20,31.081858674969734,19.7,2.3
2048-02-21,32.80199142525143,19.966820592700113,0.0
2048-02-22,33.68453601230581,18.9,0.0
2048-02-23,34.49187214444075,19.716491520775023,0.0
2048-02-24,30.985003791426905,17.5,0.0
2048-02-25,29.6,18.8,0.0
2048-02-26,29.5,17.4,0.0
2048-02-27,29.2,16.4,0.0
2048-02-28,28.1,15.907812518450815,0.0
2048-02-29,28.1,16.1,0.0
2048-03-01,29.8,15.0,0.0
2048-03-02,30.8,15.002569412407947,0.0
2048-03-03,32.79954476479515,16.4,0.0
2048-03-04,32.9,17.9,0.0
2048-03-05,31.0,19.9,0.0
2048-03-06,29.9,19.8,0.0
2048-03-07,29.0,20.90783922246193,0.0
2048-03-08,30.9,18.6,0.0
2048-03-09,32.6025,16.037994898034395,0.0
2048-03-10,33.0,15.5,0.0
2048-03-11,32.5,16.8,0.0
2048-03-12,31.2,16.5,0.0
2048-03-13,29.01818181818182,19.4,2.5
2048-03-14,29.0,19.2,1.7
2048-03-15,28.3,18.4,0.0
2048-03-16,30.3,18.7,0.0
2048-03-17,32.77162367223065,18.4,0.0
2048-03-18,32.5,17.8,0.0
2048-03-19,26.3,18.5,0.0
2048-03-20,29.6,16.1,0.0
2048-03-21,30.2,15.8,0.0
2048-03-22,31.0,14.4,0.0
2048-03-23,32.550380517503804,15.2,0.0
2048-03-24,33.2,15.8,0.0
2048-03-25,31.8,17.8,0.0
2048-03-26,31.2,17.1,0.0
2048-03-27,30.9,18.062561322956444,0.0
2048-03-28,28.7,18.640114141803917,0.0
2048-03-29,28.1,16.4,0.0
2048-03-30,29.2,14.4,0.0
2048-03-31,30.6,14.0,0.0
2048-04-01,31.0,12.0,0.0
2048-04-02,31.8,12.6,0.0
2048-04-03,31.7,16.0,0.0
2048-04-04,31.0,16.6,0.0
2048-04-05,30.8,16.4,0.0
2048-04-06,31.3,17.5,0.0
2048-04-07,32.5008547008547,15.3,0.0
2048-04-08,33.60766666666666,15.6,0.0
2048-04-09,33.27715517241379,19.2,2.8
2048-04-10,31.7,18.6,0.0
2048-04-11,31.6,18.4,0.0
2048-04-12,32.23518518518519,19.0,0.0
2048-04-13,33.174774774774775,20.38505859375,0.0
2048-04-14,32.95641527913809,20.04450830140485,0.0
2048-04-15,32.9926542605289,19.343795620437955,0.0
2048-04-16,28.5,19.233333333333338,0.0
2048-04-17,30.2,18.4,0.0
2048-04-18,31.591935483870973,17.3,0.0
2048-04-19,32.0,18.325260416666666,0.0
2048-04-20,31.8,18.026229508196725,0.0
2048-04-21,32.21512345679013,17.7,0.0
2048-04-22,35.229209621993164,18.6,0.0
2048-04-23,34.0193405846363,21.053759765625,0.0
2048-04-24,30.0,18.1,0.0
2048-04-25,26.7,16.6,0.0
2048-04-26,27.6,16.4,0.0
2048-04-27,28.6,14.4,0.0
2048-04-28,29.1,13.5,0.0
2048-04-29,29.834782608695654,14.5,0.0
2048-04-30,30.9,14.6,0.0
2048-05-01,31.0,17.701929287074584,0.0
2048-05-02,31.0,15.744937501372975,0.0
2048-05-03,30.4,16.0,0.0
2048-05-04,30.6,16.0,0.0
2048-05-05,31.124905139935404,14.9,0.0
2048-05-06,30.1,15.2,0.0
2048-05-07,26.9,14.9,0.0
2048-05-08,27.6,12.2,0.0
2048-05-09,28.7,10.0,0.0
2048-05-10,30.1,11.2,0.0
2048-05-11,30.1,12.7,0.0
2048-05-12,24.4,17.5,0.0
2048-05-13,21.487719129632477,16.047003322881057,0.6
2048-05-14,21.20076240840142,15.857537546773274,0.0
2048-05-15,25.4,14.9,0.0
2048-05-16,28.9,13.315095801937549,1.3476190476190475
2048-05-17,26.1,15.6,0.0
2048-05-18,26.4,14.0,0.0
2048-05-19,26.1,11.9,0.0
2048-05-20,26.7,10.10445556048038,0.0
2048-05-21,27.7,8.2,0.0
2048-05-22,28.932304547222536,9.3,0.0
2048-05-23,30.1,14.2,0.0
2048-05-24,30.7,15.9,0.0
2048-05-25,27.8,17.498688261947066,0.0
2048-05-26,28.4,14.9,0.0
2048-05-27,28.1,13.0,0.0
2048-05-28,28.63112373895411,13.9,0.0
2048-05-29,29.0,14.4,0.0
2048-05-30,29.6,15.198833017239894,0.0
2048-05-31,27.9,14.9,0.0
2048-06-01,27.4,12.7,0.0
2048-06-02,27.9,11.5,0.0
2048-06-03,28.0,10.2,0.0
2048-06-04,28.2,11.0,0.0
2048-06-05,28.9,10.0,0.0
2048-06-06,28.385593905298453,8.0,0.0
2048-06-07,27.250322580645157,12.63142998393277,0.0
2048-06-08,26.9,12.388657767890251,0.0
2048-06-09,26.78682795698926,11.5,0.0
2048-06-10,27.5,9.7,0.0
2048-06-11,27.1,9.04167296996663,0.0
2048-06-12,25.9,10.1,0.0
2048-06-13,25.9,7.9,0.0
2048-06-14,26.6,7.0,0.0
2048-06-15,27.0,10.2,0.0
2048-06-16,27.6,14.0,0.0
2048-06-17,27.8,14.2,0.0
2048-06-18,25.6,13.9133827873502,0.0
2048-06-19,25.0,12.0,0.0
2048-06-20,24.4,11.4,0.0
2048-06-21,24.7,11.1907692048404,0.0
2048-06-22,25.4,10.8,0.0
2048-06-23,25.5,10.1,0.0
2048-06-24,25.9,10.4,0.0
2048-06-25,26.0,9.99728269505801,0.0
2048-06-26,25.6,11.7,0.0
2048-06-27,25.2,11.715937824888949,0.0
2048-06-28,25.3,9.2,0.0
2048-06-29,25.5,12.5,0.0
2048-06-30,24.9,9.9,0.0
2048-07-01,23.0,14.2,0.0
2048-07-02,25.7,8.9,0.0
2048-07-03,24.3,15.3,0.0
2048-07-04,25.02765069967706,15.3,0.0
2048-07-05,25.0,13.0,0.0
2048-07-06,24.1,10.2,0.0
2048-07-07,24.9,8.4,0.0
2048-07-08,26.0,8.3,0.0
2048-07-09,25.7,10.4,0.0
2048-07-10,25.7,9.0,0.0
2048-07-11,26.0,9.0,0.0
2048-07-12,27.1,8.4,0.0
2048-07-13,25.2,12.0,0.0
2048-07-14,24.060796555435946,10.4,0.0
2048-07-15,23.5,12.4,0.0
2048-07-16,22.045125326772258,12.9,0.0
2048-07-17,18.197077937676347,9.2,0.0
2048-07-18,23.0,6.3,0.0
2048-07-19,23.4,9.5,0.0
2048-07-20,23.2,10.8,0.0
2048-07-21,19.4,11.5,0.0
2048-07-22,26.0,12.1,0.0
2048-07-23,28.1,12.2,0.0
2048-07-24,28.2,14.2,0.0
2048-07-25,27.7,14.2,0.0
2048-07-26,27.6,13.0,0.0
2048-07-27,28.5,12.239775632400432,0.0
2048-07-28,29.2,13.6,0.0
2048-07-29,29.425506817366326,14.3,0.0
2048-07-30,29.2,14.962098877684868,0.0
2048-07-31,31.117306772118447,14.533954685079676,0.0
2048-08-01,31.6,15.258184134794922,0.0
2048-08-02,32.97048818148466,16.6,0.0
2048-08-03,33.1,17.2,0.0
2048-08-04,33.1,17.503795028412636,0.0
2048-08-05,33.1,17.4,0.0
2048-08-06,33.49513206237932,18.0,0.0
2048-08-07,33.47704454269674,18.74310712434714,0.0
2048-08-08,33.1,18.853183696793295,0.0
2048-08-09,32.901909019310175,18.80831293439113,0.0
2048-08-10,30.3,17.7,0.0
2048-08-11,23.7,16.871221743810544,0.0
2048-08-12,24.7,14.0,0.0
2048-08-13,26.0,12.9,0.0
2048-08-14,27.0,13.258959454610688,0.0
2048-08-15,28.2,14.5,0.0
2048-08-16,28.2,14.7,0.0
2048-08-17,29.781377825618932,14.111421449209669,0.0
2048-08-18,31.0,15.4,0.0
2048-08-19,28.850807319698596,16.984139476609784,0.0
2048-08-20,27.2,15.8,0.0
2048-08-21,27.6,16.6,0.0
2048-08-22,27.2,15.3,0.0
2048-08-23,26.3,15.0,0.0
2048-08-24,27.3,12.4,0.0
2048-08-25,29.0,11.5,0.0
2048-08-26,30.9,12.5,0.0
2048-08-27,32.5,13.0,0.0
2048-08-28,31.307264141116004,16.0,0.0
2048-08-29,29.5,16.95482362490955,0.0
2048-08-30,29.6,15.6,0.0
2048-08-31,30.4,15.575466707673378,0.0
2048-09-01,31.0,14.5,0.0
2048-09-02,31.4,14.2,0.0
2048-09-03,31.0,15.2,0.0
2048-09-04,29.5,16.0,0.0
2048-09-05,29.2,14.6,0.0
2048-09-06,29.4,15.4,0.0
2048-09-07,29.7,14.9,0.0
2048-09-08,30.0,14.9,0.0
2048-09-09,30.1153332762899,15.0,0.0
2048-09-10,29.8,16.4,0.0
2048-09-11,30.0,16.0,0.0
2048-09-12,30.0,16.9,0.0
2048-09-13,30.3,16.4,0.0
2048-09-14,32.0,15.0,0.0
2048-09-15,33.0,17.3,0.0
2048-09-16,31.6,18.9,0.0
2048-09-17,31.3,17.5,0.0
2048-09-18,31.9,17.010314786096473,0.0
2048-09-19,32.5,17.0,0.0
2048-09-20,33.0,16.9,0.0
2048-09-21,34.3,17.6,0.0
2048-09-22,31.7,19.6,0.0
2048-09-23,31.3,18.2,0.0
2048-09-24,30.3,18.4,0.0
2048-09-25,31.0,19.2,0.0
2048-09-26,32.5,19.0,0.0
2048-09-27,33.5,18.7,0.0
2048-09-28,34.2,18.0,0.0
2048-09-29,36.0,18.9,0.0
2048-09-30,34.206612077534025,21.480629510620354,0.0
2048-10-01,33.4,19.9,0.0
2048-10-02,33.5,19.0,0.0
2048-10-03,33.9,19.4,0.0
2048-10-04,34.80140204520988,20.0,0.0
2048-10-05,34.1,19.6,0.0
2048-10-06,32.8,20.1,0.0
2048-10-07,32.0,19.0,0.0
2048-10-08,31.8,19.0,0.0
2048-10-09,32.0,18.9,0.0
2048-10-10,32.371830752670355,18.4,0.0
2048-10-11,33.6,19.0,0.0
2048-10-12,34.9,20.0,0.0
2048-10-13,35.0,20.9,0.0
2048-10-14,34.8,20.7,0.0
2048-10-15,35.5,19.9,0.0
2048-10-16,35.5,21.0,0.0
2048-10-17,35.9,21.0,0.0
2048-10-18,37.10091191583563,21.3,0.0
2048-10-19,36.0,22.6,0.0
2048-10-20,34.1,21.3,0.0
2048-10-21,32.9,20.1,0.0
2048-10-22,27.336675898936875,19.0,2.4
2048-10-23,27.3,18.2,3.3512
2048-10-24,28.60607497394365,16.5,0.0
2048-10-25,28.11766520517735,19.3,2.7
2048-10-26,27.085880095474327,18.9,0.4
2048-10-27,26.9,17.9,15.309028571428584
2048-10-28,24.304730687559925,17.3,8.819294117647066
2048-10-29,23.915392895586653,17.6,0.0
2048-10-30,27.2,17.5,0.0
2048-10-31,28.5,18.4,0.0
2048-11-01,33.4,20.9,0.0
2048-11-02,32.7,21.2,1.6444444444444446
2048-11-03,33.5,20.4,2.7
2048-11-04,33.386465353660924,20.4,18.923076923076923
2048-11-05,26.7,20.1,34.21818181818181
2048-11-06,27.1,19.5,11.933333333333334
2048-11-07,30.0166579217999,19.3,0.0
2048-11-08,32.7,17.2,0.0
2048-11-09,33.931620357698186,17.04509772763388,0.0
2048-11-10,33.7,16.3,0.0
2048-11-11,34.5,16.3,0.0
2048-11-12,34.4,17.0,0.0
2048-11-13,32.8,19.0,2.5
2048-11-14,31.7,19.768075639599555,3.8
2048-11-15,30.7,19.0,0.0
2048-11-16,29.9,19.2,0.0
2048-11-17,31.5,19.5,0.0
2048-11-18,32.6,17.7,0.0
2048-11-19,32.7,20.2,0.0
2048-11-20,33.4,20.906643300382672,0.0
2048-11-21,31.6,18.8,0.0
2048-11-22,30.020175457006737,19.0,4.0
2048-11-23,31.0,19.9,23.152499999999993
2048-11-24,32.7,18.5,0.0
2048-11-25,32.2,20.4,0.8
2048-11-26,29.2,20.16969218343756,18.9
2048-11-27,30.4,20.0,0.0
2048-11-28,31.5,20.0,0.0
2048-11-29,32.7,20.16330128474404,0.0
2048-11-30,30.0,20.4,0.0
2048-12-01,29.23137782561893,19.9,2.7997872340425527
2048-12-02,30.0,20.0,15.875319148936173
2048-12-03,29.9,19.7,12.669574468085111
2048-12-04,27.5,19.9,16.6
2048-12-05,25.0,19.9,2.833617021276596
2048-12-06,27.0,19.2,7.628145896656538
2048-12-07,27.0,19.2,18.732978723404273
2048-12-08,29.0,19.58327375012768,5.2
2048-12-09,28.4,19.9,0.1
2048-12-10,28.7,19.4,4.644255319148937
2048-12-11,30.1,18.4,1.0
2048-12-12,28.7,19.9,4.5
2048-12-13,28.4,19.9,10.2
2048-12-14,29.2,18.0,10.6
2048-12-15,28.4,20.0,4.0
2048-12-16,29.0,19.4,16.6
2048-12-17,29.31777717976318,20.0,30.348851063829787
2048-12-18,28.5,19.9,9.9
2048-12-19,26.9,19.5,0.1
2048-12-20,28.9,20.247165231431648,1.6
2048-12-21,27.0,19.0,19.51574468085107
2048-12-22,29.0,19.0,0.0
2048-12-23,30.7,19.8,13.9876595744681
2048-12-24,25.6,19.0,0.0
2048-12-25,25.3,18.7,3.6
2048-12-26,28.2,18.2,12.31840425531915
2048-12-27,29.9,17.9,1.3
2048-12-28,29.5,19.0,12.6
2048-12-29,29.6,19.2,12.669574468085111
2048-12-30,29.6,19.252437336613873,27.128389057750745
2048-12-31,29.5,20.0,13.340851063829788
2049-01-01,26.8,19.4,20.0
2049-01-02,23.2,17.4,16.8
2049-01-03,24.0,17.2,0.0
2049-01-04,24.4,16.5,0.0
2049-01-05,26.1,17.0,0.0
2049-01-06,28.1,16.6,0.0
2049-01-07,29.4,16.4,0.0
2049-01-08,30.4,15.8,0.0
2049-01-09,32.2,16.2,0.0
2049-01-10,32.2,17.3,0.0
2049-01-11,30.9,19.8,22.857142857142854
2049-01-12,29.2,18.8,1.1
2049-01-13,30.0,19.313504007459564,18.7
2049-01-14,30.9,18.5,0.0
2049-01-15,31.2,19.6,25.560000000000002
2049-01-16,28.9,19.2,7.5
2049-01-17,29.2,18.8,1.1
2049-01-18,30.0,18.0,0.0
2049-01-19,30.0,17.8,0.6
2049-01-20,29.4,17.0,1.2
2049-01-21,28.0,17.0,3.8
2049-01-22,29.2,16.3,0.0
2049-01-23,29.06409898128663,16.6,0.0
2049-01-24,29.6,16.9,0.0
2049-01-25,29.3,18.6,0.7
2049-01-26,28.8,19.0,3.4
2049-01-27,28.5,18.2,7.2
2049-01-28,28.0,19.4,11.0
2049-01-29,28.5,18.3,8.566666666666665
2049-01-30,28.6,19.3,16.5
2049-01-31,29.0,19.2,41.31764705882353
2049-02-01,29.0,18.8,3.0
2049-02-02,28.2,18.9,6.828571428571431
2049-02-03,25.2,18.2,14.4
2049-02-04,26.3,18.2,9.4
2049-02-05,26.7,17.3,13.075000000000005
2049-02-06,26.7,18.0,0.0
2049-02-07,26.7,17.9,0.1
2049-02-08,27.8,18.6,9.8
2049-02-09,31.8,19.2,21.1
2049-02-10,32.642956123526176,18.7,0.0
2049-02-11,32.9367493607372,18.7,0.0
2049-02-12,28.7,19.7,29.9
2049-02-13,30.0,19.70736979366855,3.9
2049-02-14,30.68867901770637,19.1,0.0
2049-02-15,30.53307394273707,17.8,0.0
2049-02-16,29.0,19.9,15.6
2049-02-17,29.0,19.5,82.60646551724135
2049-02-18,26.705071210286572,19.0,0.8
2049-02-19,25.4751119158996,18.9,1.3
2049-02-20,28.1,17.5,0.0
2049-02-21,28.7,16.6,0.0
2049-02-22,27.7,19.2,0.0
2049-02-23,28.6,18.6,15.2
2049-02-24,28.6,18.7,2.1
2049-02-25,28.9,19.0,47.37499999999998
2049-02-26,29.6,19.53265379923788,4.4
2049-02-27,29.8,19.1,21.4
2049-02-28,28.3,19.5,7.5
2049-03-01,29.4,19.0,7.0
2049-03-02,29.0,18.9,9.3
2049-03-03,24.5,19.0,49.13333333333327
2049-03-04,25.3,18.9,0.0
2049-03-05,26.7,17.9,0.0
2049-03-06,27.5,18.2,0.0
2049-03-07,26.8,18.7,0.0
2049-03-08,28.59166666666667,18.6,0.0
2049-03-09,29.4,17.2,0.0
2049-03-10,30.9,16.5,0.0
2049-03-11,30.4,19.4,0.0
2049-03-12,31.5,17.9,0.0
2049-03-13,31.5,18.5,22.4
2049-03-14,25.4,18.9,31.9
2049-03-15,26.7,18.1,7.3
2049-03-16,25.6,18.5,0.0
2049-03-17,26.5,18.8,0.0
2049-03-18,27.6,18.0,0.0
2049-03-19,29.0,17.1,0.0
2049-03-20,29.7,16.0,0.0
2049-03-21,30.4,17.3,0.0
2049-03-22,30.9,15.6,0.0
2049-03-23,29.9,16.5,0.0
2049-03-24,27.2,17.2,0.0
2049-03-25,28.0,14.8,0.0
2049-03-26,27.3,13.7,0.0
2049-03-27,25.9,13.5,0.0
2049-03-28,28.9,17.0,0.0
2049-03-29,30.2,17.8,0.0
2049-03-30,29.7,19.2,0.0
2049-03-31,28.5,15.2,0.0
2049-04-01,27.2,12.7,0.0
2049-04-02,28.0,11.8,0.0
2049-04-03,28.5,12.2,0.0
2049-04-04,26.8,13.5,0.0
2049-04-05,27.5,13.0,0.0
2049-04-06,27.2,13.6,0.0
2049-04-07,28.5,15.6,0.0
2049-04-08,28.164150943396226,15.2,0.0
2049-04-09,28.5,13.7,0.0
2049-04-10,29.3,12.029411764705884,0.0
2049-04-11,28.9,15.4,0.0
2049-04-12,30.0,16.5,0.0
2049-04-13,31.8,14.323076923076922,0.0
2049-04-14,32.72077393075357,14.0,0.0
2049-04-15,31.4,16.5,0.0
2049-04-16,31.01909722222222,16.0,0.0
2049-04-17,31.074131944444446,14.965116279069768,0.0
2049-04-18,31.065104166666664,15.2,0.0
2049-04-19,30.4,14.8,0.0
2049-04-20,29.4,18.9,0.0
2049-04-21,27.6,15.1,0.0
2049-04-22,28.5,15.0,0.0
2049-04-23,27.6,14.9,0.0
2049-04-24,26.5,15.9,0.0
2049-04-25,27.4,15.6,0.0
2049-04-26,27.0,15.0,0.9
2049-04-27,27.2,15.9,0.0
2049-04-28,28.6,14.9,0.0
2049-04-29,28.7,14.7,0.0
2049-04-30,31.23132530120482,15.9,0.0
2049-05-01,31.993061374187832,15.9,0.0
2049-05-02,33.852978515625,16.7,0.0
2049-05-03,33.8,17.5,0.0
2049-05-04,34.164501953125,18.274345928781845,0.0
2049-05-05,33.878857421875,20.750732421875,0.0
2049-05-06,33.848828125,18.329045424711644,0.0
2049-05-07,33.87666015625,18.602379874517347,0.0
2049-05-08,30.7,20.61767578125,0.1
2049-05-09,27.5,18.322661111635764,0.0
2049-05-10,26.6,15.6,0.0
2049-05-11,26.6,13.2,0.0
2049-05-12,25.7,14.9,0.0
2049-05-13,26.9,13.0,0.0
2049-05-14,27.0,15.9,2.5999999999999988
2049-05-15,26.2,15.0,0.6499999999999999
2049-05-16,27.068908277151433,14.4,0.6
2049-05-17,27.6,18.197568999326517,0.0
2049-05-18,29.2,17.0,0.0
2049-05-19,30.0,17.901345532830995,0.0
2049-05-20,30.7,15.3,0.0
2049-05-21,30.1,15.2,0.0
2049-05-22,30.2,15.2,0.0
2049-05-23,29.0,14.9,0.0
2049-05-24,26.1,11.4,0.0
2049-05-25,26.6,10.0,0.0
2049-05-26,28.3,11.7,0.0
2049-05-27,29.86142871122417,13.3,0.0
2049-05-28,30.0,13.9,0.0
2049-05-29,29.3,14.9,0.0
2049-05-30,29.3,13.6,0.0
2049-05-31,28.8,12.3,0.0
2049-06-01,28.4,11.9,0.0
2049-06-02,28.9,10.712170087976544,0.0
2049-06-03,29.5,11.67901186503523,0.0
2049-06-04,29.2,12.4,0.0
2049-06-05,28.0,13.550747744407369,0.0
2049-06-06,28.5,12.1,0.0
2049-06-07,29.4,11.8,0.0
2049-06-08,30.4,13.03636121512166,0.0
2049-06-09,30.519425159500337,12.0,0.0
2049-06-10,30.1,11.9,0.0
2049-06-11,30.046962311064593,12.4,0.0
2049-06-12,30.5,13.0,0.0
2049-06-13,29.6,13.7,0.0
2049-06-14,29.0,13.745165487858635,0.0
2049-06-15,28.6,12.5,0.0
2049-06-16,28.0,12.0,0.0
2049-06-17,28.4273396366333,11.5,0.0
2049-06-18,26.6,14.3,0.0
2049-06-19,23.0,15.086675756814632,0.0
2049-06-20,23.0,13.2,0.0
2049-06-21,23.9,10.7,0.0
2049-06-22,23.5,10.104524740751373,0.0
2049-06-23,23.5,10.7,0.0
2049-06-24,23.1,11.78463521559904,0.0
2049-06-25,22.6,12.7,0.0
2049-06-26,24.6,10.4,0.0
2049-06-27,25.7,8.5,0.0
2049-06-28,26.0,9.3,0.0
2049-06-29,27.1,11.3,0.0
2049-06-30,25.32628661475714,12.5,0.0
2049-07-01,23.2,10.0,0.0
2049-07-02,25.1,8.3,0.0
2049-07-03,26.7,12.8,0.0
2049-07-04,19.8,12.5,0.0
2049-07-05,21.4,11.9,0.0
2049-07-06,24.2,12.1,0.0
2049-07-07,21.5,8.9,0.0
2049-07-08,22.0,11.7,0.0
2049-07-09,22.7,12.5,0.0
2049-07-10,26.0,12.4,0.0
2049-07-11,25.9,11.114805272724059,0.0
2049-07-12,25.5,13.5,0.0
2049-07-13,25.6,11.2,0.0
2049-07-14,24.7,10.0,0.0
2049-07-15,26.0,11.1,0.0
2049-07-16,24.7,10.3,0.0
2049-07-17,25.4,11.1,0.0
2049-07-18,24.3,13.958010588519587,0.0
2049-07-19,25.4,12.4,0.0
2049-07-20,25.6,14.98092388420995,0.0
2049-07-21,26.0,15.250575474041565,0.0
2049-07-22,26.2,14.2,0.0
2049-07-23,26.23691938988971,12.4,0.0
2049-07-24,27.0,11.912697045807914,0.0
2049-07-25,27.404618541442396,11.6,0.0
2049-07-26,28.0,11.698437445744633,0.0
2049-07-27,26.7,13.0,0.0
2049-07-28,25.7,12.0,0.0
2049-07-29,26.2,9.8,0.0
2049-07-30,29.0,9.2,0.0
2049-07-31,29.242749598489546,10.4,0.0
2049-08-01,27.319141165615864,12.5,0.0
2049-08-02,26.0,12.5,0.0
2049-08-03,22.396663078579117,11.7,0.0
2049-08-04,27.0,10.6,0.0
2049-08-05,27.8,11.9,0.0
2049-08-06,30.0,13.0,0.0
2049-08-07,30.1,14.4,0.0
2049-08-08,27.9,14.8,0.0
2049-08-09,28.9,12.9,0.0
2049-08-10,29.5,13.3,0.0
2049-08-11,28.6,14.5,0.0
2049-08-12,28.1,14.5,0.0
2049-08-13,27.2,14.2,0.0
2049-08-14,28.1,13.7,0.0
2049-08-15,30.7106543774668,13.5,0.0
2049-08-16,31.9,15.420289690857924,0.0
2049-08-17,32.5,17.429632132530745,0.0
2049-08-18,32.9,18.090407620285553,0.0
2049-08-19,31.0,16.6,0.0
2049-08-20,29.6,16.9,0.0
2049-08-21,30.2,15.5,0.0
2049-08-22,31.0,14.2,0.0
2049-08-23,32.5,13.4,0.0
2049-08-24,28.9,16.9,0.0
2049-08-25,28.5,14.7,0.0
2049-08-26,29.0,14.7,0.0
2049-08-27,30.2,13.945282079680423,0.0
2049-08-28,30.7,14.7,0.0
2049-08-29,32.1,14.2,0.0
2049-08-30,32.9314329903659,15.4,0.0
2049-08-31,32.91365835473031,17.475307625741358,0.0
2049-09-01,30.5,17.8,0.0
2049-09-02,27.6,16.3,0.0
2049-09-03,28.0,14.9,0.0
2049-09-04,29.1,14.5,0.0
2049-09-05,29.5,15.1,0.0
2049-09-06,27.8,15.4,0.0
2049-09-07,27.1,14.3,0.0
2049-09-08,27.247569371373597,13.4,0.0
2049-09-09,29.0,14.2,0.0
2049-09-10,30.6,14.4,0.0
2049-09-11,31.3,16.0,0.0
2049-09-12,31.9,16.5,0.0
2049-09-13,31.584353960540952,16.9,0.0
2049-09-14,31.7,16.670316691749004,0.0
2049-09-15,33.1,16.0,0.0
2049-09-16,33.4,18.3,0.0
2049-09-17,31.5,18.2,0.0
2049-09-18,30.6,17.0,0.0
2049-09-19,30.7,13.9,0.0
2049-09-20,32.0,10.6,0.0
2049-09-21,32.0,14.171412680756394,0.0
2049-09-22,31.7,16.0,0.0
2049-09-23,32.0,17.0,0.0
2049-09-24,34.28442480767286,17.902898061337996,0.0
2049-09-25,36.0,19.3,0.0
2049-09-26,39.27392578125,23.24853515625,0.0
2049-09-27,33.2,19.3,3.3271232876712338
2049-09-28,31.6,19.0,0.0
2049-09-29,31.4,20.0,0.0
2049-09-30,29.5,18.6,0.0
2049-10-01,30.5,18.2,0.0
2049-10-02,29.7,20.6,0.0
2049-10-03,24.41592868854758,16.7,2.670666666666668
2049-10-04,20.19382100568968,15.2,9.737440000000007
2049-10-05,23.532690862562706,15.1,0.0
2049-10-06,27.984771932185144,15.5,0.0
2049-10-07,30.1,15.792326618483775,0.0
2049-10-08,31.1,16.0,0.0
2049-10-09,32.5,16.9,0.0
2049-10-10,33.1,18.6,0.0
2049-10-11,34.9,20.9,0.0
2049-10-12,35.7,19.4,0.0
2049-10-13,35.5,19.9,0.0
2049-10-14,35.2,19.6,0.0
2049-10-15,35.0,20.313811376997595,0.0
2049-10-16,34.9,20.370563965060537,0.0
2049-10-17,34.7,20.2,0.0
2049-10-18,34.1,20.0,0.0
2049-10-19,36.6899806507426,20.0,0.0
2049-10-20,36.0,19.8,0.0
2049-10-21,30.1,18.5,0.0
2049-10-22,27.4,16.7,0.0
2049-10-23,30.0,15.2,0.0
2049-10-24,32.40194281813646,20.0,0.0
2049-10-25,34.0,19.7,0.0
2049-10-26,35.54194148155396,19.8,0.0
2049-10-27,36.4,21.59033907427341,0.0
2049-10-28,32.9,19.3,0.9
2049-10-29,24.9,16.9,0.0
2049-10-30,27.620532831001075,16.8,0.0
2049-10-31,30.1,17.154494079655542,0.0
2049-11-01,34.6,22.3,0.0
2049-11-02,34.8,21.7,0.0
2049-11-03,35.68748410285768,21.1,0.0
2049-11-04,31.1,17.5,0.0
2049-11-05,24.56562649857867,16.18376358949453,0.0
2049-11-06,31.789910085279946,15.025270921337274,0.0
2049-11-07,34.0,15.8,0.0
2049-11-08,33.975060119709724,17.2,0.0
2049-11-09,34.48918495297806,16.3,0.0
2049-11-10,35.3,16.4,0.0
2049-11-11,37.04419168814798,17.4,0.0
2049-11-12,37.72936775010884,20.4,0.0
2049-11-13,40.806884765625,21.5,0.0
2049-11-14,39.7109375,23.2,0.0
2049-11-15,38.757470410873374,21.09120635680527,0.0
2049-11-16,33.7,20.9,1.2
2049-11-17,30.4,20.6,0.0
2049-11-18,31.8,20.9,0.0
2049-11-19,32.6,20.184729592128214,0.0
2049-11-20,35.3,17.5,0.0
2049-11-21,35.7,16.9,0.0
2049-11-22,36.0,19.5,0.0
2049-11-23,35.9,21.2,0.0
2049-11-24,34.8,22.1,0.0
2049-11-25,35.15978566387981,21.5,0.0
2049-11-26,34.59482258358787,21.3,12.148148148148147
2049-11-27,27.3,19.4,20.8
2049-11-28,24.0,17.6,0.0
2049-11-29,24.0,17.2,0.0
2049-11-30,29.7,18.2,0.0
2049-12-01,29.9,20.1,5.293617021276596
2049-12-02,32.0,18.7,0.0
2049-12-03,31.7,19.402978724271783,4.4
2049-12-04,26.7,20.670883567603283,60.736978723404334
2049-12-05,28.7,20.5,13.080851063829797
2049-12-06,31.2,19.4,0.0
2049-12-07,32.0,18.6,0.0
2049-12-08,31.866500025285173,20.5,14.873500967117993
2049-12-09,30.819471690919187,19.4,0.0
2049-12-10,32.1,17.3,0.0
2049-12-11,31.836435222979166,20.853159866312232,0.0
2049-12-12,27.2,20.941401657300105,18.10808510638299
2049-12-13,29.6,21.0,33.99617021276597
2049-12-14,26.0,20.43133411643895,19.658085106382988
2049-12-15,24.4,20.0,31.623936170212783
2049-12-16,24.2,18.4,53.86962765957446
2049-12-17,24.0,17.9,7.45617021276596
2049-12-18,25.3,19.0,0.7
2049-12-19,29.0,18.6,1.2
2049-12-20,29.7,18.0,0.0
2049-12-21,30.81785914392725,17.020383848411477,0.0
2049-12-22,31.7,16.9,0.0
2049-12-23,32.1,17.2,0.0
2049-12-24,31.6,19.9,0.0
2049-12-25,30.7,19.8,0.0
2049-12-26,30.7,20.0,3.3
2049-12-27,27.1,19.8,23.715319148936167
2049-12-28,25.3,16.7,0.0
2049-12-29,29.291373212363514,16.6,0.0
2049-12-30,27.9,17.5,0.0
2049-12-31,27.2,20.371449171004823,0.0
2050-01-01,29.2,17.8,0.0
2050-01-02,30.9,16.7,0.0
2050-01-03,31.6,16.8,0.0
2050-01-04,31.0,17.30724160493045,0.0
2050-01-05,31.427508200333943,16.2,0.0
2050-01-06,31.8,17.0,0.0
2050-01-07,30.9,19.0,1.0
2050-01-08,27.2,19.616323228369406,0.5
2050-01-09,29.2,19.540140315936576,0.0
2050-01-10,30.9,18.1,0.0
2050-01-11,31.9,16.4,0.0
2050-01-12,31.9,17.8,0.0
2050-01-13,32.13698210531639,17.3,0.0
2050-01-14,32.2,18.849556533694237,0.9
2050-01-15,31.0,19.6,0.0
2050-01-16,31.772282223760598,19.521521253673008,2.2
2050-01-17,29.3,19.625618885795014,36.26
2050-01-18,26.9,19.7,25.899999999999995
2050-01-19,28.509489111534325,19.6,11.2
2050-01-20,29.6,19.6,5.9
2050-01-21,28.9,19.615251981602885,8.9
2050-01-22,25.0,19.604574070284986,41.34117647058823
2050-01-23,29.5,19.8,9.4
2050-01-24,29.4,19.8,0.0
2050-01-25,29.1,19.6,1.4
2050-01-26,30.4,19.4,9.9
2050-01-27,31.602503715346703,19.62712208690288,0.8
2050-01-28,32.0,19.4,0.0
2050-01-29,32.78008317370839,19.4,0.0
2050-01-30,30.9,18.9,1.0
2050-01-31,28.8,18.2,0.0
2050-02-01,28.2,16.6,0.0
2050-02-02,28.0,16.8,0.0
2050-02-03,32.64630075679856,17.9,0.0
2050-02-04,33.013889709075116,16.5,0.0
2050-02-05,35.1187309374196,19.797921245985147,0.0
2050-02-06,35.77763671875,18.7,0.0
2050-02-07,34.562291995859816,20.354683147305078,0.0
2050-02-08,29.4,19.0,27.7
2050-02-09,28.0,18.8,0.0
2050-02-10,32.85491548372848,19.9,0.2
2050-02-11,29.8,19.716996126955376,28.0
2050-02-12,22.961981839996024,18.2,49.94390243902439
2050-02-13,24.0,18.2,0.0
2050-02-14,26.0,18.9,5.6
2050-02-15,24.6,19.350704043070877,1.5
2050-02-16,27.1,19.0,1.3
2050-02-17,26.7,18.7,0.0
2050-02-18,27.9,19.0,10.2
2050-02-19,31.9,18.9,39.0
2050-02-20,29.0,18.546659502829698,24.7
2050-02-21,28.9,19.703158272855564,44.6
2050-02-22,26.0,19.0,24.9
2050-02-23,27.791346995284908,19.2,0.0
2050-02-24,24.7,18.5,10.4
2050-02-25,24.4,18.5,56.337837837837775
2050-02-26,27.6,18.9,1.6
2050-02-27,29.9,18.4,10.4
2050-02-28,30.0,18.8,1.3
2050-03-01,30.2,18.6,18.4
2050-03-02,26.6,19.4,36.4
2050-03-03,27.7,19.83764961852838,22.4
2050-03-04,30.0,19.816587496912533,17.699999999999996
2050-03-05,27.9,19.4,3.2
2050-03-06,28.1,19.0,6.4
2050-03-07,26.5,18.6,10.271428571428565
2050-03-08,27.4,18.791451218318816,21.6
2050-03-09,26.5,18.5,0.0
2050-03-10,30.2,18.9,0.0
2050-03-11,30.0,18.0,0.0
2050-03-12,28.4,17.5,19.0
2050-03-13,25.868000000000002,19.0,4.757142857142859
2050-03-14,28.9,17.1,4.6
2050-03-15,29.8,17.2,7.240000000000001
2050-03-16,23.483333333333334,19.0,1.6
2050-03-17,25.9,18.3,0.0
2050-03-18,26.057758620689654,16.3,0.0
2050-03-19,25.3,14.9,0.0
2050-03-20,26.5,13.288445056332241,0.0
2050-03-21,25.6,15.0,0.0
2050-03-22,25.3,14.9,0.0
2050-03-23,27.1,15.833842030268823,0.0
2050-03-24,28.3,15.0,0.0
2050-03-25,28.1,15.5,0.0
2050-03-26,27.7,15.0,0.0
2050-03-27,28.5,14.5,0.0
2050-03-28,28.7,14.9,0.0
2050-03-29,29.7,14.8,0.0
2050-03-30,29.1,15.7,0.0
2050-03-31,27.7,14.9,0.0
2050-04-01,27.9,12.6,0.0
2050-04-02,27.9,13.6,0.0
2050-04-03,28.0,17.3,0.0
2050-04-04,29.9,16.4,25.55625
2050-04-05,30.4,15.0,0.0
2050-04-06,31.6,15.0,0.0
2050-04-07,30.0,16.6,0.0
2050-04-08,27.3,18.4,1.4
2050-04-09,25.141666666666666,17.1,0.0
2050-04-10,26.1,15.7,0.0
2050-04-11,30.0,14.5,0.0
2050-04-12,30.4,16.9,1.0
2050-04-13,27.1,16.9,19.25
2050-04-14,27.3,18.1,0.0
2050-04-15,26.2,18.4,0.0
2050-04-16,24.5,18.4,0.0
2050-04-17,24.61782178217822,17.8,0.0
2050-04-18,28.5,18.9,33.784615384615385
2050-04-19,28.100943396226416,18.3,44.403488372093015
2050-04-20,26.8,18.4,12.920000000000002
2050-04-21,27.6,18.4,0.0
2050-04-22,27.5,18.050409836065576,0.0
2050-04-23,29.0,18.1,0.0
2050-04-24,28.4,18.8,0.0
2050-04-25,27.0,18.86651376146789,25.63809523809524
2050-04-26,25.7,18.4,0.0
2050-04-27,25.7,18.309895833333336,0.0
2050-04-28,25.7,17.3,0.0
2050-04-29,25.0,11.5,0.0
2050-04-30,25.4,11.0,0.0
2050-05-01,23.794157941090127,14.5,0.0
2050-05-02,22.4,15.9,0.0
2050-05-03,24.4,15.0,0.0
2050-05-04,23.8,15.164701761580108,0.0
2050-05-05,24.0,13.0,0.0
2050-05-06,24.3,10.9,0.0
2050-05-07,24.8,12.5,0.0
2050-05-08,25.5,12.1,0.0
2050-05-09,27.2,13.4,0.0
2050-05-10,27.0,13.0,0.0
2050-05-11,26.2,14.0,0.0
2050-05-12,26.855995694294943,13.1,0.0
2050-05-13,27.0,13.3,0.0
2050-05-14,27.5,13.2,0.0
2050-05-15,27.5,12.48618586293505,0.0
2050-05-16,26.1,12.0,0.0
2050-05-17,27.5,10.4,0.0
2050-05-18,27.5,11.7,0.0
2050-05-19,25.0,15.9,0.0
2050-05-20,24.0,14.5,0.0
2050-05-21,22.9,14.5,0.0
2050-05-22,22.931835306781483,10.9,0.0
2050-05-23,24.7,10.0,0.0
2050-05-24,25.18543954072479,9.3,0.0
2050-05-25,26.1,8.9,0.0
2050-05-26,27.5,9.9,0.0
2050-05-27,28.9,11.2,0.0
2050-05-28,28.7,11.9,0.0
2050-05-29,25.4,13.5,0.0
2050-05-30,18.524602798708287,11.9,0.6
2050-05-31,22.9,13.1,0.0
2050-06-01,25.408150668498774,13.953907579429698,0.0
2050-06-02,26.0,17.061199788367933,0.0
2050-06-03,25.3,12.9,0.0
2050-06-04,24.0,11.443221114919835,0.0
2050-06-05,24.1,9.7,0.0
2050-06-06,26.2,9.0,0.0
2050-06-07,27.8,10.5,0.0
2050-06-08,27.0,11.5,0.0
2050-06-09,24.3,10.2,0.0
2050-06-10,22.1,10.2,0.0
2050-06-11,20.9,8.0,0.0
2050-06-12,21.8,6.5,0.0
2050-06-13,22.7,5.63297132522141,0.0
2050-06-14,25.2,6.681096643329192,0.0
2050-06-15,26.7,8.6,0.0
2050-06-16,26.5,11.388266164684415,0.0
2050-06-17,27.0,10.1,0.0
2050-06-18,27.5,7.0,0.0
2050-06-19,24.0,10.5,0.0
2050-06-20,23.2,7.105106908911136,0.0
2050-06-21,25.489059272207218,3.7,0.0
2050-06-22,25.5,5.0,0.0
2050-06-23,25.6,6.917774983476004,0.0
2050-06-24,25.7,5.5,0.0
2050-06-25,25.8,4.0,0.0
2050-06-26,26.2,4.0,0.0
2050-06-27,24.6,8.0,0.0
2050-06-28,24.6,9.9,0.0
2050-06-29,24.6,10.1,0.0
2050-06-30,24.8,8.9,0.0
2050-07-01,23.3,8.0,0.0
2050-07-02,23.0,7.4,0.0
2050-07-03,22.7,7.9,0.0
2050-07-04,22.9,7.8,0.0
2050-07-05,22.7,9.6,0.0
2050-07-06,24.0,11.211212562527695,0.0
2050-07-07,26.8,10.8,0.0
2050-07-08,30.878434950142815,12.2,0.0
2050-07-09,31.136019377233925,16.0,0.0
2050-07-10,29.219591989737825,17.410546875,0.0
2050-07-11,26.4,15.3,0.0
2050-07-12,25.8,13.0,0.0
2050-07-13,28.0,10.2,0.0
2050-07-14,28.0,10.4,0.0
2050-07-15,26.448767491926798,12.226769375672768,0.0
2050-07-16,26.7,11.0,0.0
2050-07-17,27.98801578758521,10.9,0.0
2050-07-18,28.2,12.835405197601101,0.0
2050-07-19,25.3,13.834689419363011,0.0
2050-07-20,17.8386615386741,12.211302475780407,0.0
2050-07-21,24.5,12.9,0.0
2050-07-22,27.6,10.4,0.0
2050-07-23,29.0,12.331288123430214,0.0
2050-07-24,28.894720173651567,14.0,0.0
2050-07-25,28.3,13.316441984041555,0.0
2050-07-26,28.0,10.8,0.0
2050-07-27,28.8,9.5,0.0
2050-07-28,27.7,13.5,0.0
2050-07-29,26.6,12.209666307857907,0.0
2050-07-30,26.6,11.4,0.0
2050-07-31,26.7,10.5,0.0
2050-08-01,25.7,9.173257065611933,0.0
2050-08-02,26.9,9.0,0.0
2050-08-03,27.9,10.5,0.0
2050-08-04,28.8,12.4,0.0
2050-08-05,28.2,15.0,0.0
2050-08-06,27.0,14.6,0.0
2050-08-07,26.7,13.3,0.0
2050-08-08,27.7,12.0,0.0
2050-08-09,29.9,12.3,0.0
2050-08-10,29.8,15.4,0.0
2050-08-11,27.9,15.8,0.0
2050-08-12,27.623170075349837,14.6,0.0
2050-08-13,28.31338208693529,14.6,0.0
2050-08-14,30.7,15.234511544122485,0.0
2050-08-15,32.9,16.4,0.0
2050-08-16,34.48999583957945,18.701771820780788,0.0
2050-08-17,33.1,19.0846168100639,0.0
2050-08-18,32.5,19.214469323080003,0.0
2050-08-19,30.7,16.0,0.0
2050-08-20,31.2,14.1,0.0
2050-08-21,30.515696601568497,13.5,0.0
2050-08-22,26.7,15.5,0.0
2050-08-23,27.0,13.6,0.0
2050-08-24,29.1,13.5,0.0
2050-08-25,32.56330989625083,14.7,0.0
2050-08-26,37.931884765625,18.285161284994178,0.0
2050-08-27,31.2,17.5,0.0
2050-08-28,29.0,16.9,0.0
2050-08-29,28.517909041980626,16.4,0.0
2050-08-30,29.0,15.4,0.0
2050-08-31,28.9,15.4,0.0
2050-09-01,27.167350114359277,14.9,0.0
2050-09-02,26.2,12.9,0.0
2050-09-03,28.0,12.0,0.0
2050-09-04,29.6,11.49047619047619,0.0
2050-09-05,30.7,13.2,0.0
2050-09-06,31.2,14.7,0.0
2050-09-07,29.2,17.0,0.0
2050-09-08,28.6,15.2,0.0
2050-09-09,28.3,14.5,0.0
2050-09-10,29.6,14.2,0.0
2050-09-11,32.0,16.9,0.0
2050-09-12,35.2,18.1,0.0
2050-09-13,39.058837890625,20.6,0.0
2050-09-14,33.5,18.3,0.0
2050-09-15,27.5,17.0,0.4784615384615385
2050-09-16,29.010949835860988,17.6,0.0
2050-09-17,30.4,17.2,0.0
2050-09-18,31.9,17.685967530730352,0.0
2050-09-19,33.31869802425975,17.077073471740704,0.0
2050-09-20,34.0,18.6,0.0
2050-09-21,34.0,19.5,0.0
2050-09-22,35.4,18.9,0.0
2050-09-23,38.376954602823474,19.6,0.0
2050-09-24,36.0,21.681041866606115,0.0
2050-09-25,35.376732365350065,20.59762100437422,0.0
2050-09-26,34.8,21.2,0.0
2050-09-27,33.93628404320213,20.0,0.0
2050-09-28,35.1,19.5,0.0
2050-09-29,35.4,19.7,0.0
2050-09-30,34.0227841810049,20.987515540142645,0.0
2050-10-01,32.5,20.2,0.0
2050-10-02,34.5,19.3,0.0
2050-10-03,35.2,20.0,0.0
2050-10-04,34.9,20.5,0.0
2050-10-05,35.94602918311206,20.576053959569816,0.0
2050-10-06,35.5,21.3,0.0
2050-10-07,36.9,20.6,0.0
2050-10-08,37.0,21.835613328965213,0.0
2050-10-09,33.7,22.1,0.0
2050-10-10,33.1,20.2,0.0
2050-10-11,34.3,20.1,0.0
2050-10-12,33.6,18.1,0.0
2050-10-13,33.8,17.6,0.0
2050-10-14,34.1,18.9,0.0
2050-10-15,36.9,18.9,0.0
2050-10-16,37.48988384504862,19.7,0.0
2050-10-17,32.0,17.9,8.179764705882354
2050-10-18,27.7,18.0,41.34240000000007
2050-10-19,25.075052043076017,17.2,0.2
2050-10-20,25.537451353813033,15.280575274897465,0.0
2050-10-21,28.8,12.895205050380278,0.0
2050-10-22,30.6,10.87728362887844,0.0
2050-10-23,31.0,12.04297379110194,0.0
2050-10-24,26.9,18.3,0.0
2050-10-25,26.6,15.4,0.0
2050-10-26,29.1,12.803638320775026,0.0
2050-10-27,29.9,12.0,0.0
2050-10-28,30.0,12.289306119069304,0.0
2050-10-29,30.0,13.9,0.0
2050-10-30,30.7,12.097800760040203,0.0
2050-10-31,33.5,15.0,0.0
2050-11-01,36.3,20.9,0.0
2050-11-02,37.65327631543658,21.4,0.0
2050-11-03,38.58525324434555,20.9,0.0
2050-11-04,36.82423311124616,23.2,0.0
2050-11-05,34.58380779741551,21.4,0.0
2050-11-06,34.5,20.3,0.0
2050-11-07,34.63548571872032,20.4,0.0
2050-11-08,32.9,21.1,0.0
2050-11-09,34.0,20.3,0.0
2050-11-10,34.4,19.8,0.0
2050-11-11,34.6,20.3,0.0
2050-11-12,35.2,20.5,0.0
2050-11-13,34.8,20.4,0.0
2050-11-14,34.90395045827397,20.5,0.0
2050-11-15,32.3,20.3,0.0
2050-11-16,34.1,19.0,0.0
2050-11-17,32.4,21.055220900715902,0.0
2050-11-18,31.2,21.0,0.0
2050-11-19,30.0,20.6,0.0
2050-11-20,32.8,20.0,0.0
2050-11-21,33.0,21.1,12.155555555555557
2050-11-22,33.739933259176865,20.0,0.0
2050-11-23,35.2,18.8,0.0
2050-11-24,32.5,20.3,0.0
2050-11-25,32.5,19.6,0.0
2050-11-26,25.1,19.5,12.096969696969698
2050-11-27,27.2158304548914,20.3,0.0
2050-11-28,32.6,19.8,0.0
2050-11-29,32.8,19.5,0.0
2050-11-30,32.4,20.0,0.0
2050-12-01,33.1,19.807445123599344,0.0
2050-12-02,31.6,20.23057037136707,3.4
2050-12-03,30.6,20.5,4.644255319148937
2050-12-04,31.6,20.094014133944867,15.875319148936173
2050-12-05,31.8,20.24308236903481,2.8
2050-12-06,31.7,18.6,0.0
2050-12-07,29.9,19.3,0.0
2050-12-08,31.1,16.6,0.0
2050-12-09,29.0,16.6,4.183191489361702
2050-12-10,25.3,19.2,51.999419729206984
2050-12-11,29.2,20.0,0.0
2050-12-12,25.0,16.9,13.340851063829788
2050-12-13,29.0,17.6,0.0
2050-12-14,27.6,17.2,0.0
2050-12-15,28.5,16.9,0.0
2050-12-16,31.0,16.6,0.0
2050-12-17,31.7,16.5,0.0
2050-12-18,30.4,17.8,0.0
2050-12-19,30.1,17.3,0.0
2050-12-20,31.2,19.6,0.0
2050-12-21,32.1,17.7,0.0
2050-12-22,33.4222591565949,17.9,0.0
2050-12-23,33.846194691179186,21.65664353296385,8.458510638297874
2050-12-24,28.9,20.0,0.0
2050-12-25,30.68452537301057,18.773678991658983,0.0
2050-12-26,31.1,20.3,0.0
2050-12-27,31.4,22.64275948656424,0.0
2050-12-28,29.2,18.5,0.0
2050-12-29,31.281359178864744,17.0,0.0
2050-12-30,32.9,17.0,0.0
2050-12-31,34.544970703125,18.4,0.0
2051-01-01,37.2384765625,19.7,0.0
2051-01-02,37.204052734375,20.092256405322694,0.0
2051-01-03,29.3,19.8,2.8
2051-01-04,30.9,19.5,0.8
2051-01-05,27.2,19.7,18.9
2051-01-06,29.0,19.6,20.936842105263157
2051-01-07,31.6,19.662974297233998,1.0
2051-01-08,29.4,19.8,30.8
2051-01-09,26.9,19.774588871451545,11.95
2051-01-10,29.0,19.8,57.766666666666715
2051-01-11,27.4,18.5,13.149999999999986
2051-01-12,31.6,17.8,0.0
2051-01-13,31.9,18.4,0.0
2051-01-14,31.9,19.6,0.5
2051-01-15,27.0,19.605610760704206,7.6
2051-01-16,27.4,19.6,0.0
2051-01-17,29.4,18.1,13.4
2051-01-18,25.7,19.599271267803108,3.7
2051-01-19,28.1,19.3,1.2
2051-01-20,29.7,18.0,8.700000000000006
2051-01-21,29.2,19.6,59.56666666666669
2051-01-22,24.6,19.532305042047682,16.0
2051-01-23,28.0,19.6,2.2
2051-01-24,30.4,18.9,1.0
2051-01-25,23.48605867415209,17.4,70.6
2051-01-26,23.003684190597767,17.6,1.4
2051-01-27,25.1,17.4,3.4
2051-01-28,29.0,18.0,5.0
2051-01-29,30.7,18.4,0.0
2051-01-30,30.9,18.6,0.0
2051-01-31,31.0,18.866695797674456,0.0
2051-02-01,30.5,19.355291539403982,7.45
2051-02-02,31.14848065501932,19.1,0.7750000000000004
2051-02-03,30.5,18.7,10.4
2051-02-04,28.5,19.0,41.97142857142857
2051-02-05,29.0,19.7,2.3
2051-02-06,27.5,19.0,0.0
2051-02-07,29.0,16.9,0.0
2051-02-08,28.5,16.5,0.0
2051-02-09,25.6,18.4,0.4
2051-02-10,29.5,18.6,2.7
2051-02-11,28.5,18.7,9.9
2051-02-12,30.5,17.1,0.0
2051-02-13,29.0,19.739483653673666,11.6
2051-02-14,28.2,19.9,6.857142857142853
2051-02-15,29.5,19.911294732760457,7.8
2051-02-16,26.2,19.817668115092275,3.6
2051-02-17,23.603497908710676,17.9,4.0
2051-02-18,26.0,18.3,0.0
2051-02-19,28.9,18.6,13.520000000000001
2051-02-20,30.9,19.5,52.98947368421053
2051-02-21,28.8,19.81098849023718,37.98
2051-02-22,27.3,19.802812337409087,0.0
2051-02-23,28.5,17.9,0.0
2051-02-24,29.5,16.1,0.0
2051-02-25,30.0,17.9,0.0
2051-02-26,31.685439269056282,17.3,0.0
2051-02-27,32.9,17.6,0.0
2051-02-28,32.0,18.0,0.0
2051-03-01,30.9,18.4,0.1
2051-03-02,29.3,18.4,1.4
2051-03-03,28.7,18.6,8.835714285714285
2051-03-04,30.0,18.6,0.0
2051-03-05,28.5,17.9,0.0
2051-03-06,27.9,16.9,0.0
2051-03-07,24.786026200873362,18.3,0.0
2051-03-08,28.8,19.0,4.283333333333332
2051-03-09,28.9,19.0,4.5666666666666655
2051-03-10,29.6,19.0,0.9
2051-03-11,30.1,18.2,0.0
2051-03-12,30.1,18.5,0.0
2051-03-13,28.2,19.3,0.0
2051-03-14,27.8,17.1,0.0
2051-03-15,30.3,15.5,0.0
2051-03-16,32.0,14.5,0.0
2051-03-17,34.150673000791734,18.0,1.4
2051-03-18,30.764971751412425,18.0,0.6499999999999998
2051-03-19,28.0,18.9,0.0
2051-03-20,29.6,18.6,0.4
2051-03-21,27.3,19.2,0.0
2051-03-22,28.1,19.3,0.0
2051-03-23,28.3,18.5,0.0
2051-03-24,29.9,17.1,0.0
2051-03-25,28.2,17.1,0.0
2051-03-26,27.1,16.5,0.0
2051-03-27,27.2,15.2,0.0
2051-03-28,27.5,14.160477014066108,0.0
2051-03-29,28.6,13.9,0.0
2051-03-30,29.6,13.5,0.0
2051-03-31,29.0,14.6,0.0
2051-04-01,29.9,13.0,0.0
2051-04-02,31.0,13.7,0.0
2051-04-03,31.3,19.2,0.0
2051-04-04,28.5,17.0,12.46
2051-04-05,28.475,16.9,0.0
2051-04-06,25.9,17.0,0.0
2051-04-07,27.51375,15.605882352941236,0.0
2051-04-08,29.1,15.1,0.0
2051-04-09,29.028767123287675,17.3,0.0
2051-04-10,30.2,16.9,0.0
2051-04-11,29.0,18.6,1.4
2051-04-12,29.6,18.13888888888889,0.0
2051-04-13,29.6,16.9,0.0
2051-04-14,29.9,16.0,0.0
2051-04-15,30.0,16.3,0.0
2051-04-16,28.08,17.0,0.0
2051-04-17,27.0,17.4,0.0
2051-04-18,29.0,15.3,0.0
2051-04-19,29.0,16.4,0.0
2051-04-20,29.1,18.9,0.0
2051-04-21,29.7,19.0,0.0
2051-04-22,26.0,17.7,0.0
2051-04-23,26.9,16.9,0.0
2051-04-24,27.6,14.7,0.0
2051-04-25,27.8,13.7,0.0
2051-04-26,28.0,15.0,0.0
2051-04-27,28.3,17.5,0.0
2051-04-28,28.4,15.5,0.0
2051-04-29,29.0,16.6,0.0
2051-04-30,29.7,18.6,0.0
2051-05-01,30.0,17.5,0.0
2051-05-02,30.536439861764197,16.0,0.0
2051-05-03,30.601252293091164,15.831153241395617,0.0
2051-05-04,30.6,15.2,0.0
2051-05-05,30.1,15.2,0.0
2051-05-06,29.2,15.2,0.0
2051-05-07,28.5,14.5,0.0
2051-05-08,28.7,18.13500108045592,0.0
2051-05-09,29.0,17.384926531719533,0.0
2051-05-10,29.9,18.327530502964834,0.0
2051-05-11,32.88174575297229,15.7,0.0
2051-05-12,35.370068359375,15.1,0.0
2051-05-13,35.550732421875,14.108046098142959,0.0
2051-05-14,34.016552734375,15.2,0.0
2051-05-15,33.8,17.5,0.0
2051-05-16,31.9356094331915,17.8,0.0
2051-05-17,27.8,17.618239039608824,0.0
2051-05-18,26.7,15.835758767801874,0.0
2051-05-19,26.4,12.8,0.0
2051-05-20,26.9,9.9,0.0
2051-05-21,26.9,10.7,0.0
2051-05-22,27.5,12.1,0.0
2051-05-23,27.2,11.9,0.0
2051-05-24,27.5,10.9,0.0
2051-05-25,27.0,12.9,0.0
2051-05-26,28.0,15.0,0.0
2051-05-27,28.5,14.3,0.0
2051-05-28,29.2,17.5,0.0
2051-05-29,30.4,17.99683702906349,0.0
2051-05-30,28.7,16.116695839378465,0.0
2051-05-31,21.25232443054161,13.0,0.0
2051-06-01,25.0,12.9,0.0
2051-06-02,25.2,11.746522279657139,0.0
2051-06-03,24.9,12.4,0.0
2051-06-04,25.6,13.0,0.0
2051-06-05,26.8,12.9,0.0
2051-06-06,28.0,12.9,0.0
2051-06-07,28.08720800889878,12.3,0.0
2051-06-08,26.3,13.2,0.0
2051-06-09,23.2,13.4,0.0
2051-06-10,22.5,11.5,0.0
2051-06-11,22.7,8.5,0.0
2051-06-12,23.4,6.9,0.0
2051-06-13,24.6,6.0,0.0
2051-06-14,24.5,9.2,0.0
2051-06-15,25.4,8.6,0.0
2051-06-16,25.6,11.6,0.0
2051-06-17,23.2,11.1,0.0
2051-06-18,20.83263560819211,10.5,0.0
2051-06-19,25.3,11.794163449584511,0.0
2051-06-20,25.6,9.9,0.0
2051-06-21,26.2,10.8,0.0
2051-06-22,26.9,10.6,0.0
2051-06-23,25.838850859929835,11.70123376009655,0.0
2051-06-24,24.3,11.788869986259247,0.0
2051-06-25,24.9,10.6,0.0
2051-06-26,21.7,13.7,0.0
2051-06-27,25.5,11.780929791271358,0.0
2051-06-28,25.9,10.6,0.0
2051-06-29,25.9,10.2,0.0
2051-06-30,25.9,10.2,0.0
2051-07-01,24.7,10.2,0.0
2051-07-02,25.4,8.3,0.0
2051-07-03,27.6,10.5,0.0
2051-07-04,29.2,11.8,0.0
2051-07-05,30.7,13.0,0.0
2051-07-06,30.7,14.974648882034924,0.0
2051-07-07,29.4,15.155739884759068,0.0
2051-07-08,30.7,14.2,0.0
2051-07-09,30.98635079358157,14.2,0.0
2051-07-10,31.182987000923422,14.426335002574053,0.0
2051-07-11,30.893933502126053,14.3,0.0
2051-07-12,29.0,15.280086114101183,0.0
2051-07-13,28.680269561394198,14.2,0.0
2051-07-14,29.1,13.4,0.0
2051-07-15,30.371041867316283,12.9,0.0
2051-07-16,30.7,12.2,0.0
2051-07-17,30.63006145167662,14.3,0.0
2051-07-18,26.7,15.3,0.0
2051-07-19,23.5,12.9,0.0
2051-07-20,23.003231431646928,9.2,0.0
2051-07-21,23.6,8.5,0.0
2051-07-22,23.8,9.412917115177603,0.0
2051-07-23,23.4,10.3,0.0
2051-07-24,21.1,9.6,0.0
2051-07-25,23.8,7.9,0.0
2051-07-26,25.0,8.9,0.0
2051-07-27,26.7,11.0,0.0
2051-07-28,27.3,11.5,0.0
2051-07-29,28.068599928238235,13.0,0.0
2051-07-30,28.2,13.4,0.0
2051-07-31,28.3,13.5,0.0
2051-08-01,26.5,12.5,0.0
2051-08-02,26.6,12.3,0.0
2051-08-03,25.2,12.9,0.0
2051-08-04,25.8,11.9,0.0
2051-08-05,28.6,11.9,0.0
2051-08-06,31.2,14.1,0.0
2051-08-07,31.8,15.2,0.0
2051-08-08,31.020972856602558,16.22284754912198,0.0
2051-08-09,29.4,15.9,0.0
2051-08-10,29.1,14.9,0.0
2051-08-11,28.9,14.5,0.0
2051-08-12,27.0,14.2,0.0
2051-08-13,27.1,12.4,0.0
2051-08-14,27.0,12.3,0.0
2051-08-15,27.3,12.5,0.0
2051-08-16,26.7,13.5,0.0
2051-08-17,26.8,13.2,0.0
2051-08-18,27.0,12.6,0.0
2051-08-19,27.2,11.4,0.0
2051-08-20,27.44105229237657,11.9,0.0
2051-08-21,27.4,12.6,0.0
2051-08-22,27.1,11.9,0.0
2051-08-23,28.6,12.0,0.0
2051-08-24,26.3,14.2,0.0
2051-08-25,20.765975432153486,10.8,0.0
2051-08-26,23.8,9.1,0.0
2051-08-27,23.1,10.9,0.0
2051-08-28,24.2,10.9,0.0
2051-08-29,27.8,11.9,0.0
2051-08-30,31.2,11.2,0.0
2051-08-31,38.2177734375,14.0,0.0
2051-09-01,34.42117653494776,18.2,0.0
2051-09-02,33.7,19.5,0.0
2051-09-03,33.0,18.9,0.0
2051-09-04,32.5,17.8,0.0
2051-09-05,32.7,16.9,0.0
2051-09-06,33.1,16.5,0.0
2051-09-07,33.6,17.7,0.0
2051-09-08,33.4,17.9,0.0
2051-09-09,33.9,17.9,0.0
2051-09-10,31.4,18.9,0.0
2051-09-11,30.2,16.9,0.0
2051-09-12,30.1,16.0,0.0
2051-09-13,30.0,15.3,0.0
2051-09-14,32.0,15.6,0.0
2051-09-15,32.1,16.7,0.0
2051-09-16,31.6,16.4,0.0
2051-09-17,31.88722557227329,16.0,0.0
2051-09-18,33.1,17.0,0.0
2051-09-19,35.382392665091395,19.2,0.0
2051-09-20,40.0615234375,21.155285400225985,0.0
2051-09-21,37.40835461561607,19.6,0.0
2051-09-22,34.2,19.7,0.0
2051-09-23,35.62564711541353,23.03515625,0.0
2051-09-24,36.0,23.4140625,0.0
2051-09-25,35.4,21.45533210367994,0.0
2051-09-26,36.43998287089988,20.5,0.0
2051-09-27,39.73046875,19.6,0.0
2051-09-28,39.0322265625,21.375155962856976,0.0
2051-09-29,40.622802734375,25.129150390625,0.0
2051-09-30,39.855712890625,22.990268896368345,0.0
2051-10-01,37.2,22.6,0.0
2051-10-02,36.348898757920104,21.1746376672305,0.0
2051-10-03,36.0,19.6,0.0
2051-10-04,37.89244503458096,19.0,0.0
2051-10-05,32.6,21.1,0.0
2051-10-06,31.9,18.1,0.0
2051-10-07,32.0,19.0,0.0
2051-10-08,33.0,19.4,0.0
2051-10-09,34.8,20.1,0.0
2051-10-10,35.5,22.6,0.0
2051-10-11,34.9,21.7,0.0
2051-10-12,36.2,22.152255602309406,0.0
2051-10-13,34.9,23.0,0.0
2051-10-14,34.9,22.164085678568906,0.0
2051-10-15,34.8,19.0,0.0
2051-10-16,29.378199805218102,17.6,0.0
2051-10-17,31.5,17.2,0.0
2051-10-18,34.3,18.4,0.0
2051-10-19,36.39783467667829,20.2,0.0
2051-10-20,34.0,22.0,0.0
2051-10-21,34.0,20.9,0.0
2051-10-22,33.0,20.4,0.0
2051-10-23,31.2,18.2,0.0
2051-10-24,32.0,18.0,0.0
2051-10-25,33.2,19.1,0.0
2051-10-26,34.0,19.7,0.0
2051-10-27,35.2,20.32324366002256,0.0
2051-10-28,36.0,20.7,0.0
2051-10-29,37.507171070706335,21.9,0.0
2051-10-30,35.5,23.49196783409118,0.0
2051-10-31,33.3,22.2,0.0
2051-11-01,35.7,21.5,0.0
2051-11-02,36.794321433318636,22.1,0.0
2051-11-03,36.4,21.043256039474063,0.8
2051-11-04,32.6,20.3,2.5
2051-11-05,30.0,21.0,1.4
2051-11-06,28.0,19.9,0.0
2051-11-07,29.7,19.0,0.0
2051-11-08,32.6,17.778989475485588,0.0
2051-11-09,32.8,16.8,0.0
2051-11-10,33.8,16.7,0.0
2051-11-11,35.0,16.5,0.0
2051-11-12,35.9,17.2,0.0
2051-11-13,36.0526601372799,18.5,0.0
2051-11-14,36.5,19.1,0.0
2051-11-15,37.29471620552436,20.3,0.0
2051-11-16,37.2,21.3,0.0
2051-11-17,37.06105304718552,20.9,0.0
2051-11-18,36.5,21.5,0.0
2051-11-19,36.2,21.4,0.0
2051-11-20,36.3,21.0,0.0
2051-11-21,34.8,20.956404393994216,0.0
2051-11-22,35.7,20.6,0.0
2051-11-23,35.7,21.3,0.0
2051-11-24,35.0,21.0,0.0
2051-11-25,33.6,21.1,5.4
2051-11-26,27.4,20.7,0.0
2051-11-27,29.6,20.55400444938821,0.0
2051-11-28,30.5,19.9,42.65714285714286
2051-11-29,32.4,19.9,0.0
2051-11-30,33.91453913306815,19.7,0.0
2051-12-01,33.033660591663256,20.0,0.0
2051-12-02,31.828919022402662,21.0,2.3
2051-12-03,29.6,21.0,40.76560283687942
2051-12-04,30.2,20.541157118268345,33.92936170212766
2051-12-05,31.8,19.6,0.0
2051-12-06,30.7,19.9,0.0
2051-12-07,28.4,20.0,0.1
2051-12-08,32.1,20.258021506099755,3.4
2051-12-09,25.6,19.0,0.0
2051-12-10,26.6,18.6,3.9
2051-12-11,27.0,19.9,0.0
2051-12-12,28.9,19.0,0.0
2051-12-13,28.0,19.0,0.0
2051-12-14,29.5,20.089302194973563,9.9
2051-12-15,31.3,20.88132948177869,2.3
2051-12-16,32.0,19.9,3.4
2051-12-17,26.2,20.290289289558668,12.769787234042555
2051-12-18,29.9,20.295143568353076,0.0
2051-12-19,28.7,20.336002417366842,4.0
2051-12-20,30.2,19.5,0.0
2051-12-21,31.0,20.241210273143164,6.9
2051-12-22,30.1,20.5,14.92816247582206
2051-12-23,30.4,19.9,25.0
2051-12-24,25.0,20.1,0.0
2051-12-25,28.2,17.6,0.0
2051-12-26,29.5,16.5,0.0
2051-12-27,31.4,16.5,0.0
2051-12-28,29.9,18.0,0.0
2051-12-29,29.5,19.644930783287858,0.0
2051-12-30,31.9,18.2,0.0
2051-12-31,34.02702810840666,17.1,0.0
2052-01-01,38.606640625,19.4,0.0
2052-01-02,36.878857421875,19.6,0.0
2052-01-03,31.9,19.8,0.0
2052-01-04,29.8,19.676796836156836,1.9
2052-01-05,31.8,18.9,0.0
2052-01-06,32.6,19.2,0.0
2052-01-07,35.70869015302224,19.6,0.0
2052-01-08,32.15482260639643,19.8,0.0
2052-01-09,32.2,19.868615545541328,38.6764705882353
2052-01-10,28.1,19.8,17.0
2052-01-11,27.5,19.3,43.611111111111114
2052-01-12,29.5,18.0,1.1
2052-01-13,31.602169241026356,19.232152228240192,0.0
2052-01-14,30.1,19.8,5.2
2052-01-15,30.2,19.655060893700668,1.2
2052-01-16,29.4,19.615355650644805,56.41428571428571
2052-01-17,24.744360257924274,19.7,0.0
2052-01-18,27.5,19.2,0.0
2052-01-19,28.528078165107228,19.4,0.5
2052-01-20,28.0,18.2,0.0
2052-01-21,31.2,18.7,0.0
2052-01-22,31.0,18.3,0.0
2052-01-23,31.2,18.9,0.0
2052-01-24,29.8,19.8,0.0
2052-01-25,30.2,19.649359096395,0.0
2052-01-26,31.2,18.9,0.0
2052-01-27,30.9,18.2,0.0
2052-01-28,32.10322030857554,18.5,0.0
2052-01-29,33.57110387778645,19.3,0.0
2052-01-30,30.315680555938894,19.9,1.3
2052-01-31,31.598514187298175,19.8,16.0
2052-02-01,30.2,20.314543133789115,0.0
2052-02-02,31.9,20.0273035592765,0.0
2052-02-03,32.01845888441633,19.9,2.3
2052-02-04,32.99176417233561,19.5,0.2
2052-02-05,31.935521469019744,19.7,9.8
2052-02-06,33.50860048188834,19.9,0.0
2052-02-07,32.78842840990851,19.7,1.4
2052-02-08,31.210651132557434,20.07750488040755,1.4
2052-02-09,25.9,19.95721521207979,10.2
2052-02-10,29.2,19.80777643019757,57.286486486486545
2052-02-11,30.3,19.7,10.2
2052-02-12,31.080089949835667,19.7,9.3
2052-02-13,32.0,19.68211918337074,1.1
2052-02-14,31.6,20.069967144501987,1.0
2052-02-15,28.6,20.257892573498097,48.747058823529414
2052-02-16,29.0,20.23115484592711,0.0
2052-02-17,30.010401891252958,19.9,0.0
2052-02-18,27.2,20.11015812768859,1.5
2052-02-19,32.9,19.9,0.0
2052-02-20,31.7,19.9,1.8
2052-02-21,29.4,19.9,9.9
2052-02-22,27.3,19.9,28.50000000000001
2052-02-23,28.7,19.2,4.0
2052-02-24,31.9,18.416834879068865,0.0
2052-02-25,30.9,19.035822441044857,3.6
2052-02-26,29.6,19.0,0.0
2052-02-27,29.0,19.9,41.59767441860464
2052-02-28,29.0,19.9,4.5
2052-02-29,28.1,19.80120630738929,11.6
2052-03-01,30.0,19.3,0.7
2052-03-02,31.8,19.2,0.0
2052-03-03,31.8,19.4,0.0
2052-03-04,31.83777777777778,18.3,0.0
2052-03-05,32.467021276595744,16.9,0.0
2052-03-06,32.9,20.29827976831205,0.0
2052-03-07,32.669000000000004,17.9,0.0
2052-03-08,32.54490106544902,15.6,0.0
2052-03-09,30.4,18.2,0.0
2052-03-10,29.29041095890411,18.7,0.0
2052-03-11,29.2,17.9,0.0
2052-03-12,29.7,18.9,0.0
2052-03-13,28.3,18.4,4.6
2052-03-14,28.6,19.6,0.0
2052-03-15,30.6,16.9,0.0
2052-03-16,30.1,15.7,0.0
2052-03-17,30.2,16.2,0.0
2052-03-18,31.8,14.5,0.0
2052-03-19,31.1,16.0,0.0
2052-03-20,29.961111111111116,17.0,0.0
2052-03-21,30.2,16.3,0.0
2052-03-22,31.34022988505747,16.9,0.0
2052-03-23,32.0,14.9,0.0
2052-03-24,32.5,14.9,0.0
2052-03-25,31.2,17.0,3.6
2052-03-26,32.7,18.5,0.0
2052-03-27,29.0,18.9,1.4
2052-03-28,31.12415349887132,19.2,0.0
2052-03-29,30.7,19.2,1.9
2052-03-30,26.4,19.9,25.4
2052-03-31,27.840740740740742,19.9,13.0
2052-04-01,26.7,18.887614678899084,50.333189655172355
2052-04-02,29.5,18.4,0.0
2052-04-03,29.080821917808215,19.0,2.86
2052-04-04,24.8,19.0,26.295238095238094
2052-04-05,26.2,18.92392344497608,9.442857142857143
2052-04-06,28.0,19.0,59.43275862068959
2052-04-07,26.0,18.85504587155963,45.820930232558126
2052-04-08,25.7,19.000646478394014,0.0
2052-04-09,27.6,18.2,0.0
2052-04-10,28.9,18.340625000000003,0.0
2052-04-11,28.9,17.6,0.0
2052-04-12,30.7,18.7,26.402941176470588
2052-04-13,28.7,18.36848958333333,0.0
2052-04-14,26.0,16.9,0.0
2052-04-15,27.7,15.2,0.0
2052-04-16,27.8,18.4,0.0
2052-04-17,26.7,18.4,0.0
2052-04-18,28.9,16.9,0.0
2052-04-19,28.85833333333333,19.7,0.0
2052-04-20,27.7,16.4,0.0
2052-04-21,26.0,15.7,0.0
2052-04-22,25.9,14.1,0.0
2052-04-23,26.5,14.3,0.0
2052-04-24,28.4,12.2,0.0
2052-04-25,29.4,14.4,0.0
2052-04-26,26.4,17.8,0.0
2052-04-27,30.7,18.42843137254902,0.0
2052-04-28,30.657692307692304,18.56913580246914,4.209090909090909
2052-04-29,27.2,18.9,1.4
2052-04-30,28.7,18.3,0.0
2052-05-01,29.0,16.7,0.0
2052-05-02,28.6,16.2,0.0
2052-05-03,25.3,17.5,0.0
2052-05-04,25.5,15.2,0.0
2052-05-05,24.4,13.4,0.0
2052-05-06,23.7,14.9,0.0
2052-05-07,27.6,14.6,0.0
2052-05-08,30.0,15.2,0.0
2052-05-09,30.0,14.6,0.0
2052-05-10,27.5,15.762713042698229,0.0
2052-05-11,26.7,13.4,0.0
2052-05-12,26.6,12.5,0.0
2052-05-13,26.6,11.9,0.0
2052-05-14,26.2,10.0,0.0
2052-05-15,28.6,7.788789688821347,0.0
2052-05-16,30.1,9.6,0.0
2052-05-17,27.483423035522065,14.5,0.0
2052-05-18,26.6,13.6,0.0
2052-05-19,27.0,12.0,0.0
2052-05-20,28.8,10.3,0.0
2052-05-21,30.0,12.7,0.0
2052-05-22,29.0,15.2,0.0
2052-05-23,26.9,18.0,0.0
2052-05-24,24.4,17.5,0.0
2052-05-25,25.0,12.9,0.0
2052-05-26,25.0,11.4,0.0
2052-05-27,25.7,9.9,0.0
2052-05-28,25.7,14.0,0.0
2052-05-29,26.4,15.2,0.0
2052-05-30,26.6,15.7,0.0
2052-05-31,26.9,13.1,0.0
2052-06-01,27.678512449730473,14.09689554049955,0.0
2052-06-02,27.447486586403187,16.051933598986945,0.0
2052-06-03,27.0,13.918150409947797,0.0
2052-06-04,27.449888356343642,12.9,0.0
2052-06-05,27.531990571534507,12.4,0.0
2052-06-06,27.4,14.0,0.0
2052-06-07,27.2,15.4,0.0
2052-06-08,27.5,14.3,0.0
2052-06-09,27.6,13.50450346063528,0.0
2052-06-10,27.9,13.2,0.0
2052-06-11,27.9,13.5,0.0
2052-06-12,27.459838546096965,13.765540327827575,0.0
2052-06-13,27.9,12.9,0.0
2052-06-14,28.653314918269373,13.2,0.0
2052-06-15,28.567745936732265,13.8,0.0
2052-06-16,28.5,14.1,0.0
2052-06-17,29.0,14.081215660498202,0.0
2052-06-18,30.133421100801193,14.209169138549013,0.0
2052-06-19,31.5494140625,14.707422117042816,0.0
2052-06-20,31.188297523564174,15.441910991825793,0.0
2052-06-21,30.0,17.611655366914835,0.0
2052-06-22,27.9,17.542598810420436,0.0
2052-06-23,24.1,14.178298485166021,0.0
2052-06-24,25.6,14.0,0.0
2052-06-25,24.9,11.7,0.0
2052-06-26,23.593592880978864,9.4,0.0
2052-06-27,25.2,9.4,0.0
2052-06-28,23.6,11.80594325990457,0.0
2052-06-29,26.0,9.0,0.0
2052-06-30,28.0,10.8,0.0
2052-07-01,28.5,12.4,0.0
2052-07-02,28.7,13.4,0.0
2052-07-03,28.306154188782887,13.0,0.0
2052-07-04,28.2,13.4,0.0
2052-07-05,27.0,12.292855220667379,0.0
2052-07-06,25.3,12.0,0.0
2052-07-07,26.4,10.5,0.0
2052-07-08,21.39009687836383,12.891969860064583,0.0
2052-07-09,24.6,14.2,0.0
2052-07-10,26.9,14.3,0.0
2052-07-11,27.6,13.6,0.0
2052-07-12,27.3,13.4,0.0
2052-07-13,28.372662484688753,14.79692082835444,0.0
2052-07-14,28.995991657696443,15.154456615800248,0.0
2052-07-15,29.2,14.3,0.0
2052-07-16,28.5,15.0,0.0
2052-07-17,26.9,14.7478415090471,0.0
2052-07-18,25.279193045191658,14.896817135916086,0.0
2052-07-19,25.5,15.3,0.0
2052-07-20,27.2,14.50923812941035,0.0
2052-07-21,26.0,12.2,0.0
2052-07-22,26.4802650699677,11.1,0.0
2052-07-23,26.7,11.2,0.0
2052-07-24,26.7,11.081563416354252,0.0
2052-07-25,26.0,11.089838288605963,0.0
2052-07-26,25.9,11.9,0.0
2052-07-27,26.590255932393998,12.2,0.0
2052-07-28,26.2,12.216223762109792,0.0
2052-07-29,26.0,12.0,0.0
2052-07-30,26.4,10.7,0.0
2052-07-31,26.7,11.2,0.0
2052-08-01,24.9,10.6,0.0
2052-08-02,25.4,11.3,0.0
2052-08-03,25.1,11.3,0.0
2052-08-04,26.1,12.0,0.0
2052-08-05,26.3,12.057888666769182,0.0
2052-08-06,26.2,12.4,0.0
2052-08-07,27.0,12.471752702765947,0.0
2052-08-08,28.5,13.4,0.0
2052-08-09,28.786485804628626,14.0,0.0
2052-08-10,29.0,14.4,0.0
2052-08-11,30.0,14.3,0.0
2052-08-12,31.1,13.594128584010178,0.0
2052-08-13,30.0,16.1,0.0
2052-08-14,29.4,15.5,0.0
2052-08-15,29.8,14.7,0.0
2052-08-16,30.4,13.9,0.0
2052-08-17,27.9,16.1,0.0
2052-08-18,23.9,14.5,0.0
2052-08-19,25.6,11.8,0.0
2052-08-20,26.7,11.8,0.0
2052-08-21,25.0,13.5,0.0
2052-08-22,23.5,11.7,0.0
2052-08-23,24.9,9.7,0.0
2052-08-24,25.6,14.5,0.0
2052-08-25,30.0,18.173087989384687,0.0
2052-08-26,31.9,17.75472159702512,0.0
2052-08-27,32.5,18.2,0.0
2052-08-28,32.60092026491752,18.1356386457339,0.0
2052-08-29,33.249407965554354,18.81141569987639,0.0
2052-08-30,35.549269467085615,19.223074672285833,0.0
2052-08-31,32.831137877941416,25.93603515625,0.0
2052-09-01,33.0,18.7,0.0
2052-09-02,33.4,17.922775708919744,0.0
2052-09-03,33.0,18.1,0.0
2052-09-04,32.9,18.0,0.0
2052-09-05,32.7,16.9,0.0
2052-09-06,32.7,17.5,0.0
2052-09-07,33.4,17.5,0.0
2052-09-08,35.4,19.0,0.0
2052-09-09,35.300249290796486,20.5,0.0
2052-09-10,33.5,21.191537987673694,0.0
2052-09-11,31.9,19.5,0.0
2052-09-12,31.6,18.7,0.0
2052-09-13,31.1,17.7,0.0
2052-09-14,31.2,16.5,0.0
2052-09-15,33.6,15.6,0.0
2052-09-16,35.4,16.7,0.0
2052-09-17,33.4,20.0,0.0
2052-09-18,32.9,18.8,0.0
2052-09-19,33.3,18.2,0.0
2052-09-20,33.7,18.0,0.0
2052-09-21,34.0,18.4,0.0
2052-09-22,39.3701171875,19.2,0.0
2052-09-23,39.708984375,21.268799983396132,0.0
2052-09-24,35.511775865481084,20.5,0.0
2052-09-25,32.9,20.2,0.0
2052-09-26,32.4,19.5,0.0
2052-09-27,33.7,19.6,0.0
2052-09-28,34.0,20.6,0.0
2052-09-29,35.2,20.6,0.0
2052-09-30,36.0,21.49398298055957,0.0
2052-10-01,36.9,24.22822265625,0.0
2052-10-02,37.2,24.55,0.0
2052-10-03,35.5,23.356644991512777,0.0
2052-10-04,31.7,20.3,0.0
2052-10-05,32.0,18.2,0.0
2052-10-06,33.5,20.3,0.0
2052-10-07,35.2,22.6,0.0
2052-10-08,36.94357636762171,21.6,0.0
2052-10-09,35.5,22.6,0.0
2052-10-10,29.7,18.6,0.0
2052-10-11,28.5,16.0,0.0
2052-10-12,29.9,15.3,0.0
2052-10-13,30.6,15.0,0.0
2052-10-14,31.8,15.0,0.0
2052-10-15,32.9,16.311963709057355,0.0
2052-10-16,33.2,16.9815931108719,0.0
2052-10-17,34.3,17.107831001076427,0.0
2052-10-18,34.5,20.1,0.0
2052-10-19,33.465435952637236,20.6,0.0
2052-10-20,33.2,19.4,0.0
2052-10-21,33.2,19.9,0.0
2052-10-22,33.6,19.907080365526873,0.0
2052-10-23,34.6,21.9,0.0
2052-10-24,35.5,21.7,0.0
2052-10-25,35.0,21.9,0.0
2052-10-26,36.3,22.0,0.0
2052-10-27,37.2,22.6,0.0
2052-10-28,36.9,22.104138090112244,0.0
2052-10-29,36.2,20.9,0.4
2052-10-30,28.7,18.4,8.881411764705886
2052-10-31,26.432916172322486,18.5,0.0
2052-11-01,33.7,19.7,0.0
2052-11-02,34.8,20.678981866503428,0.0
2052-11-03,35.9,22.0,0.0
2052-11-04,35.2,21.79127384389257,0.0
2052-11-05,35.5,22.09244577031693,0.0
2052-11-06,32.7,21.7,1.3
2052-11-07,34.1,21.4,0.0
2052-11-08,29.9,19.5,4.0
2052-11-09,27.5,19.5,1.2
2052-11-10,27.1,20.1,0.4
2052-11-11,31.0,20.7,12.024242424242424
2052-11-12,31.2,20.1,0.0
2052-11-13,32.3,19.9,0.0
2052-11-14,33.6,20.7,3.8
2052-11-15,32.5,20.9,5.1
2052-11-16,32.5,20.12389074280064,17.283333333333335
2052-11-17,26.8,18.8,0.0
2052-11-18,27.5,18.121511356704588,0.0
2052-11-19,30.7,17.0,0.0
2052-11-20,32.9,17.061096456380106,0.0
2052-11-21,33.2,16.5,0.0
2052-11-22,31.80814890107782,17.2,0.0
2052-11-23,32.6,16.9,0.0
2052-11-24,34.4,16.0,0.0
2052-11-25,34.2,17.9,0.0
2052-11-26,34.0,16.9,0.0
2052-11-27,34.8,19.8,0.0
2052-11-28,35.2,19.3,0.0
2052-11-29,35.7,19.873450298311262,0.0
2052-11-30,32.3,20.4,9.708333333333334
2052-12-01,25.3,20.281258073196987,30.716510638297873
2052-12-02,24.728701298451217,19.9,63.84974274661519
2052-12-03,25.0,20.079564187766177,11.233829787234045
2052-12-04,28.7,19.5,13.787234042553202
2052-12-05,30.3,18.5,0.0
2052-12-06,29.9,19.0,30.378914893617022
2052-12-07,29.0,19.9,9.963404255319151
2052-12-08,31.6,19.2,12.537446808510646
2052-12-09,28.9,19.8,12.6
2052-12-10,25.4,20.0,11.2
2052-12-11,25.3,19.2,52.63244055068839
2052-12-12,29.9,19.9,0.7
2052-12-13,31.2,20.0,0.0
2052-12-14,30.2,20.4582061405826,6.35
2052-12-15,29.0,20.0,5.1461702127659565
2052-12-16,28.8,20.074852248794873,1.0
2052-12-17,28.6,19.8,0.0
2052-12-18,31.430543595263718,18.8,0.9
2052-12-19,26.5,19.0,22.089787234042564
2052-12-20,26.4,19.9,53.86962765957446
2052-12-21,28.3,17.9,0.0
2052-12-22,29.9,17.5,0.0
2052-12-23,30.0,17.3,0.0
2052-12-24,29.4,17.7,0.0
2052-12-25,30.2,16.6,0.0
2052-12-26,31.9,16.5,0.0
2052-12-27,32.63949857605841,17.2,0.0
2052-12-28,33.14165330287119,17.5,0.0
2052-12-29,32.73135550946466,22.555926917908753,0.0
2052-12-30,27.2,20.25359997308935,0.0
2052-12-31,31.58756727664154,19.4,0.0
2053-01-01,31.9,19.3,0.0
2053-01-02,30.4,19.7,1.0
2053-01-03,27.1,19.6,0.0
2053-01-04,27.9,19.0,0.0
2053-01-05,29.4,19.603848386991547,46.681818181818194
2053-01-06,27.0,19.682083957294825,0.7
2053-01-07,28.475827502691068,19.0,0.8
2053-01-08,30.0,18.6,0.0
2053-01-09,30.7,18.4,0.0
2053-01-10,30.9,17.0,0.0
2053-01-11,30.9,19.66131559256326,0.0
2053-01-12,30.0,19.5,5.6
2053-01-13,29.7,18.4,14.0
2053-01-14,30.9,18.6,0.5
2053-01-15,30.0,19.6,33.0
2053-01-16,26.8,19.6,1.6
2053-01-17,27.3,19.51776728771852,0.9
2053-01-18,29.2,19.554739855053295,3.4
2053-01-19,29.2,19.5,25.8
2053-01-20,30.9,19.684848465079394,1.1
2053-01-21,29.8,19.8,3.5
2053-01-22,30.9,19.6,0.0
2053-01-23,30.9,18.8,0.0
2053-01-24,27.0,19.7,43.67777777777778
2053-01-25,27.8,16.0,0.0
2053-01-26,29.9,15.2,0.0
2053-01-27,29.5,16.4,0.0
2053-01-28,29.5,15.2,0.0
2053-01-29,30.9,15.2,0.0
2053-01-30,32.89571954594271,15.771432369365918,0.0
2053-01-31,35.05570558158433,17.6,0.0
2053-02-01,32.0,18.7,0.0
2053-02-02,32.9,18.3,1.9
2053-02-03,32.9,18.3,5.6
2053-02-04,27.6,19.9,46.788235294117676
2053-02-05,24.6,19.0,25.0
2053-02-06,30.9,19.0,3.0
2053-02-07,30.3,18.8,0.0
2053-02-08,28.1,18.8,23.2
2053-02-09,28.4,19.56534481112739,3.0
2053-02-10,28.5,18.7,1.1
2053-02-11,29.8,18.9,4.0
2053-02-12,28.1,18.4,4.0
2053-02-13,29.8,18.6,4.0
2053-02-14,27.2,19.800622296472994,10.2
2053-02-15,27.5,19.174822388013876,10.079999999999998
2053-02-16,27.6,19.55564133016627,12.262500000000001
2053-02-17,27.8,19.0,15.8
2053-02-18,28.0,18.6,2.6
2053-02-19,26.7,18.0,6.525000000000001
2053-02-20,27.7,18.3,8.750000000000002
2053-02-21,25.5,19.0,6.466666666666666
2053-02-22,24.9,19.0,0.0
2053-02-23,26.2,18.0,0.0
2053-02-24,30.2,17.5,3.0
2053-02-25,29.7,18.9,4.0
2053-02-26,28.5,19.1,0.8
2053-02-27,27.0,19.1,22.525000000000002
2053-02-28,25.0,18.8,5.133333333333332
2053-03-01,25.0,18.2,0.0
2053-03-02,26.5,17.7,0.8
2053-03-03,26.8,17.4,0.0
2053-03-04,29.7,15.2,0.0
2053-03-05,29.8,17.8,0.0
2053-03-06,29.5,17.7,0.0
2053-03-07,29.9,16.6,0.0
2053-03-08,26.8,18.4,3.0
2053-03-09,26.9,15.4,0.9
2053-03-10,30.0,14.0,0.0
2053-03-11,30.71412429378531,14.4,0.0
2053-03-12,30.0,15.7,0.0
2053-03-13,31.7,17.6,0.0
2053-03-14,31.9,16.9,0.0
2053-03-15,29.1,17.8,0.0
2053-03-16,28.2,18.9,0.0
2053-03-17,28.545833333333334,18.6,0.0
2053-03-18,29.97222222222222,17.0,0.0
2053-03-19,28.9,18.1,0.0
2053-03-20,29.8,18.2,0.0
2053-03-21,27.9,17.4,0.0
2053-03-22,25.6,18.2,0.6
2053-03-23,25.3,18.0,0.0
2053-03-24,24.813356164383563,18.5,0.0
2053-03-25,27.9,18.4,0.0
2053-03-26,27.1,18.1,0.0
2053-03-27,28.7,17.1,0.0
2053-03-28,30.2,16.5,0.0
2053-03-29,30.6,16.0,0.0
2053-03-30,28.9,16.0,0.0
2053-03-31,26.6,16.9,0.0
2053-04-01,26.5,17.9,0.0
2053-04-02,27.1,13.8,0.0
2053-04-03,28.2,11.116161616161616,0.0
2053-04-04,29.9,10.551388888888889,0.0
2053-04-05,31.58709677419355,11.067335243553007,0.0
2053-04-06,32.0,12.2,0.0
2053-04-07,31.3,14.6,0.0
2053-04-08,29.1,16.0,0.0
2053-04-09,28.4,15.9,0.0
2053-04-10,26.8,18.0155737704918,0.0
2053-04-11,28.0,16.7,0.0
2053-04-12,28.4,15.6,0.0
2053-04-13,29.7,15.5,0.0
2053-04-14,30.7,16.7,0.0
2053-04-15,30.642948717948716,17.590000000000003,0.0
2053-04-16,29.5,16.6,0.0
2053-04-17,29.1,15.9,0.0
2053-04-18,27.9,15.543478260869563,0.0
2053-04-19,28.9,15.7,0.0
2053-04-20,29.3,15.2,0.0
2053-04-21,29.0,13.2,0.0
2053-04-22,29.5,11.8,0.0
2053-04-23,30.0,12.0,0.0
2053-04-24,31.0,14.5,0.0
2053-04-25,31.551612903225806,15.0,0.0
2053-04-26,30.0,16.6,1.2
2053-04-27,29.8,17.1,0.0
2053-04-28,28.5,17.0,0.0
2053-04-29,29.813043478260873,16.3,0.0
2053-04-30,31.0,16.6,0.0
2053-05-01,29.2,16.2,0.0
2053-05-02,28.6,16.2,0.0
2053-05-03,26.0,18.203004725294676,0.0
2053-05-04,27.1,12.3,0.0
2053-05-05,27.5,10.0,0.0
2053-05-06,28.6,7.7,0.0
2053-05-07,29.618706472823476,7.5,0.0
2053-05-08,29.6,8.4,0.0
2053-05-09,28.6,10.0,0.0
2053-05-10,27.8,10.4,0.0
2053-05-11,29.1,11.0,0.0
2053-05-12,30.3,12.2,0.0
2053-05-13,31.0,14.1,0.0
2053-05-14,31.0,15.2,0.0
2053-05-15,31.0,15.762713042698229,0.0
2053-05-16,31.0,15.2,0.0
2053-05-17,30.4,15.6,0.0
2053-05-18,28.9,18.375629268426348,0.0
2053-05-19,30.0,16.8,0.0
2053-05-20,29.2,15.2,0.0
2053-05-21,28.7,14.8,0.0
2053-05-22,29.63104387409703,13.9,0.0
2053-05-23,30.0,14.849475950371067,0.0
2053-05-24,29.6,14.6,0.0
2053-05-25,29.729366865642426,13.6,0.0
2053-05-26,27.6,14.9,0.0
2053-05-27,27.420212893194588,12.0,0.0
2053-05-28,29.486441169164525,11.4,0.0
2053-05-29,29.2,13.0,0.0
2053-05-30,29.1,13.2,0.0
2053-05-31,29.1,13.0,0.0
2053-06-01,28.0,14.383536128578248,0.0
2053-06-02,26.6,13.0,0.0
2053-06-03,26.7,11.9,0.0
2053-06-04,27.5,12.1,0.0
2053-06-05,27.6,13.107116861237406,0.0
2053-06-06,26.6,14.0,0.0
2053-06-07,26.0,12.9,0.0
2053-06-08,25.9,17.703408488336695,0.0
2053-06-09,26.2,14.134390869081594,0.0
2053-06-10,26.5,13.0,0.0
2053-06-11,27.3,12.3,0.0
2053-06-12,26.0,13.0,0.0
2053-06-13,25.3,11.323658766150428,0.0
2053-06-14,26.3,11.2,0.0
2053-06-15,26.98888823839354,11.9,0.0
2053-06-16,27.6,12.7,0.0
2053-06-17,28.5,13.0,0.0
2053-06-18,28.9,13.2,0.0
2053-06-19,28.0,15.071884958368154,0.0
2053-06-20,26.9,12.4,0.0
2053-06-21,27.3,11.0,0.0
2053-06-22,27.7,11.9,0.0
2053-06-23,28.422451136183067,12.3,0.0
2053-06-24,27.4,14.691535347917442,0.0
2053-06-25,25.4,12.9,0.0
2053-06-26,26.6,15.161412680756406,0.0
2053-06-27,26.0,12.5,0.0
2053-06-28,26.3,13.2,0.0
2053-06-29,26.0,12.4,0.0
2053-06-30,22.01871975977687,12.4,0.0
2053-07-01,25.6,11.92669537136706,0.0
2053-07-02,26.2,15.0,0.0
2053-07-03,27.7,14.2,0.0
2053-07-04,28.5,15.158948057156117,0.0
2053-07-05,28.71774218792422,13.4,0.0
2053-07-06,29.1,11.7,0.0
2053-07-07,29.40395754843917,11.6,0.0
2053-07-08,28.9,13.5,0.0
2053-07-09,27.3,13.5,0.0
2053-07-10,26.0,12.572981700753493,0.0
2053-07-11,25.0,13.6,0.0
2053-07-12,25.3,11.4,0.0
2053-07-13,26.23691938988971,9.6,0.0
2053-07-14,21.3,13.207952637244345,0.0
2053-07-15,25.8,14.2,0.0
2053-07-16,27.7,14.2,0.0
2053-07-17,28.8,15.262233998509563,0.0
2053-07-18,28.8,14.662565995181694,0.0
2053-07-19,28.2,14.078496315310085,0.0
2053-07-20,28.2,12.23450282561894,0.0
2053-07-21,28.2,13.6,0.0
2053-07-22,25.7,14.203499018552524,0.0
2053-07-23,23.0,14.3,0.0
2053-07-24,23.7,11.1,0.0
2053-07-25,24.2,11.1,0.0
2053-07-26,25.0,12.2,0.0
2053-07-27,25.0,14.2,0.0
2053-07-28,26.5,14.12002980872732,0.0
2053-07-29,26.7,13.903799386038347,0.0
2053-07-30,26.9,12.2,0.0
2053-07-31,26.9,12.4,0.0
2053-08-01,26.1,9.2,0.0
2053-08-02,27.921682300476697,9.8,0.0
2053-08-03,28.9,10.641530027286153,0.0
2053-08-04,26.4,14.4,0.0
2053-08-05,24.6,13.0,0.0
2053-08-06,26.4,12.0,0.0
2053-08-07,27.779187363015023,11.5,0.0
2053-08-08,27.7,11.9,0.0
2053-08-09,26.4,12.2,0.0
2053-08-10,26.5,12.02336613870521,0.0
2053-08-11,27.8,12.4,0.0
2053-08-12,28.66506021485179,12.4,0.0
2053-08-13,29.1,13.2,0.0
2053-08-14,29.2,13.4,0.0
2053-08-15,30.1,14.0,0.0
2053-08-16,31.0,14.9,0.0
2053-08-17,31.4,15.4,0.0
2053-08-18,31.9,14.9,0.0
2053-08-19,31.5,14.6,0.0
2053-08-20,28.8,16.87933453790557,0.0
2053-08-21,27.0,15.2,0.0
2053-08-22,26.6,15.2,0.0
2053-08-23,27.6,12.5,0.0
2053-08-24,28.7,12.4,0.0
2053-08-25,29.0,13.0,0.0
2053-08-26,27.9,15.5,0.0
2053-08-27,27.0,16.7,0.0
2053-08-28,27.6,15.2,0.0
2053-08-29,27.7,16.2,0.0
2053-08-30,29.0,14.5,0.0
2053-08-31,31.4,17.4,0.0
2053-09-01,33.1,18.4,0.0
2053-09-02,34.04462641705915,19.324162649857875,0.0
2053-09-03,34.8,19.686490644961477,0.0
2053-09-04,34.85175323008472,20.1,0.0
2053-09-05,33.4,19.3,0.0
2053-09-06,31.9,18.1,0.0
2053-09-07,31.2,16.9,0.0
2053-09-08,31.3,15.835051291558525,0.0
2053-09-09,30.4,16.9,0.0
2053-09-10,28.6,16.0,0.0
2053-09-11,27.6,15.1,0.0
2053-09-12,27.1,14.1,0.0
2053-09-13,28.2,12.960201570768868,0.0
2053-09-14,29.7,13.6,0.0
2053-09-15,31.6,14.5,0.0
2053-09-16,32.9,16.0,0.0
2053-09-17,33.8,17.6,0.0
2053-09-18,34.0,18.3,0.0
2053-09-19,33.57952150223412,18.9,0.0
2053-09-20,34.0,18.4,0.0
2053-09-21,32.84334788420374,19.0,0.0
2053-09-22,31.7,17.8,0.0
2053-09-23,32.9,15.799368413114387,0.0
2053-09-24,35.2,17.5,0.0
2053-09-25,29.0,18.1,0.0
2053-09-26,22.47834975664824,16.0,0.0
2053-09-27,28.0,14.6,0.0
2053-09-28,30.1,15.5,0.0
2053-09-29,33.2,17.2,0.0
2053-09-30,39.966796875,20.0,0.0
2053-10-01,35.1,18.2,0.0
2053-10-02,23.6296632323543,15.9,0.0
2053-10-03,24.496522048587142,14.9,0.0
2053-10-04,29.5,12.10536310058341,0.0
2053-10-05,31.0,15.313950484391817,0.0
2053-10-06,33.0,17.0,0.0
2053-10-07,33.2,21.6,0.0
2053-10-08,30.8,20.6,0.0
2053-10-09,29.779052744886975,20.2,0.0
2053-10-10,32.41560030454986,19.0,0.0
2053-10-11,34.5133890866937,19.0,0.0
2053-10-12,34.7,21.9,0.0
2053-10-13,33.5,19.8,0.0
2053-10-14,33.1,19.0,0.0
2053-10-15,32.9,19.0,0.0
2053-10-16,34.6,20.2,0.0
2053-10-17,36.6,20.65843092097027,0.0
2053-10-18,38.0,21.3,0.0
2053-10-19,38.543798828125,22.6,0.0
2053-10-20,38.6509765625,22.38519241119481,0.0
2053-10-21,37.89952366526361,22.0,0.0
2053-10-22,38.791845703125,22.0,0.0
2053-10-23,36.9,24.40986328125,0.0
2053-10-24,35.5,22.172091891795027,0.0
2053-10-25,35.868184358698336,21.197969206520064,0.0
2053-10-26,37.44361125248271,21.848192071886544,0.0
2053-10-27,38.0,22.6,0.0
2053-10-28,36.9,22.6,0.0
2053-10-29,32.0,20.6,1.6
2053-10-30,31.1,18.5,4.624000000000002
2053-10-31,29.6,18.5,0.0
2053-11-01,35.67108803484147,21.2,0.0
2053-11-02,36.0,20.136609884318148,0.0
2053-11-03,35.980044222577924,21.5,0.0
2053-11-04,34.4,21.5,0.0
2053-11-05,34.0,21.2,2.5
2053-11-06,33.3,20.6,5.05
2053-11-07,32.25469295385677,20.4,25.2
2053-11-08,31.7,20.0,5.4
2053-11-09,32.4,20.0,0.0
2053-11-10,32.9,19.2,57.416853932584246
2053-11-11,32.1,19.7,0.0
2053-11-12,32.1,17.9,0.0
2053-11-13,33.6,18.0,0.0
2053-11-14,35.0,17.6,0.0
2053-11-15,31.5,20.95160691710111,0.0
2053-11-16,32.6,20.4,0.0
2053-11-17,34.0,20.0,0.0
2053-11-18,31.0,21.1,3.8
2053-11-19,32.2,21.0,3.6333333333333333
2053-11-20,31.0,20.3,2.5
2053-11-21,27.1,19.6,89.04627625716107
2053-11-22,24.56852651093808,18.5,0.0
2053-11-23,27.5,19.2,0.0
2053-11-24,25.238396533272883,19.4,0.0
2053-11-25,26.9,18.5,0.0
2053-11-26,30.8,16.4,0.0
2053-11-27,32.3,15.215714731284002,0.0
2053-11-28,32.5,15.9,0.0
2053-11-29,32.2,16.1,0.0
2053-11-30,31.2,19.5,1.4
2053-12-01,29.0,20.0,4.0
2053-12-02,29.178133169306466,18.8,0.0
2053-12-03,30.1,17.9,0.0
2053-12-04,29.2,18.4,0.0
2053-12-05,31.4,17.5,0.0
2053-12-06,31.5,18.9,0.0
2053-12-07,32.1,19.0,0.0
2053-12-08,32.9,18.0,0.0
2053-12-09,32.888740496177185,20.94560514112249,0.0
2053-12-10,32.1,21.0,0.0
2053-12-11,32.1,20.0,0.2
2053-12-12,29.48053350376749,20.24970526103337,3.69885106382979
2053-12-13,26.4,20.23057037136707,1.2
2053-12-14,24.2,19.4,114.9
2053-12-15,24.9,19.0,64.1877330754353
2053-12-16,24.304755664609644,18.9,13.080851063829797
2053-12-17,29.9,19.0,0.0
2053-12-18,30.5,18.1,0.0
2053-12-19,31.4,18.0,0.0
2053-12-20,32.51429800184418,17.8,0.0
2053-12-21,31.4,21.0,2.7
2053-12-22,31.1,20.1,0.6
2053-12-23,30.7,19.9,0.0
2053-12-24,28.7,20.247597977215648,13.6
2053-12-25,26.1,20.63454384201924,4.0
2053-12-26,25.6,20.411145469434114,7.9
2053-12-27,25.6,20.0,5.8
2053-12-28,27.8,20.2,5.2
2053-12-29,30.0,18.6,0.0
2053-12-30,27.1,19.4,3.4
2053-12-31,29.5,19.2,8.458510638297874
2054-01-01,28.9,19.5,2.2
2054-01-02,29.2,19.681150935917536,20.936842105263157
2054-01-03,29.2,19.66902165801274,6.2
2054-01-04,30.9,19.6,42.81176470588236
2054-01-05,25.984322028886076,19.1,70.6
2054-01-06,30.7,19.0,1.0
2054-01-07,32.06428656859227,19.8,0.0
2054-01-08,30.9,19.6,11.9
2054-01-09,28.5,19.65329851998801,33.9
2054-01-10,27.3847420165052,19.679146667773725,7.7
2054-01-11,28.0,19.4,1.0
2054-01-12,28.4,19.4,16.6
2054-01-13,28.9,19.533206944078067,0.6
2054-01-14,29.5,18.2,11.9
2054-01-15,28.0,19.6,38.60588235294118
2054-01-16,26.0,19.34226721424995,38.0
2054-01-17,26.6,19.4,47.89999999999999
2054-01-18,26.9,19.4,3.4
2054-01-19,27.5,19.0,0.0
2054-01-20,28.2,18.5,1.7
2054-01-21,27.6,18.5,17.933333333333334
2054-01-22,25.7,19.0,15.920000000000005
2054-01-23,26.8,19.4,0.0
2054-01-24,26.4,19.607545916153406,3.4
2054-01-25,26.09645481349751,19.0,10.950000000000003
2054-01-26,25.4,18.9,3.9
2054-01-27,28.4,18.845458014046795,1.0
2054-01-28,29.3,17.1,3.4
2054-01-29,27.9,17.0,10.7
2054-01-30,24.400514292548735,19.0,5.6
2054-01-31,25.2,18.2,1.0
2054-02-01,30.0,17.1,15.8
2054-02-02,28.5,17.4,5.0
2054-02-03,28.9,18.8,0.0
2054-02-04,30.889158540189122,18.9,25.0
2054-02-05,25.3,18.8,0.0
2054-02-06,28.115697100278293,18.9,25.279999999999994
2054-02-07,27.9,18.9,1.0
2054-02-08,29.2,17.6,0.0
2054-02-09,29.8,16.9,0.0
2054-02-10,30.9,15.4,0.0
2054-02-11,31.612529550827418,15.2,0.0
2054-02-12,30.5,16.0,0.0
2054-02-13,30.39687694413338,15.0,0.0
2054-02-14,31.849862484114546,14.2,0.0
2054-02-15,31.2,15.8,0.0
2054-02-16,31.12548722827654,15.6,0.0
2054-02-17,31.7,14.8,0.0
2054-02-18,31.2,16.0,0.0
2054-02-19,30.708072966583597,15.9,0.0
2054-02-20,30.4,15.0,0.0
2054-02-21,31.9,17.3,0.0
2054-02-22,31.9,18.9,11.6
2054-02-23,30.8,19.9,0.0
2054-02-24,30.2,19.461833749457217,0.3
2054-02-25,27.4,19.746090277164225,4.2
2054-02-26,27.9,19.516759502142765,1.6
2054-02-27,27.1,19.1,2.6
2054-02-28,26.8,19.0,0.0
2054-03-01,29.5,19.4,6.200000000000006
2054-03-02,29.6,18.7,48.155555555555594
2054-03-03,24.00581395348837,18.8,51.53333333333332
2054-03-04,27.6,19.0,9.560000000000006
2054-03-05,29.6,19.2,11.0
2054-03-06,25.0,19.3,4.5666666666666655
2054-03-07,25.7,19.2,11.250000000000002
2054-03-08,28.6,18.9,0.3
2054-03-09,30.739548022598875,17.0,0.0
2054-03-10,31.2,16.5,0.0
2054-03-11,29.4,16.5,0.0
2054-03-12,27.3,17.1,0.0
2054-03-13,24.512612612612614,16.6,0.0
2054-03-14,25.9,17.2,0.0
2054-03-15,27.0,17.4,0.0
2054-03-16,28.0,18.2,0.0
2054-03-17,30.6,15.5,0.0
2054-03-18,30.6,16.25277127678047,0.0
2054-03-19,30.4,17.0,0.0
2054-03-20,30.9,16.7,0.0
2054-03-21,31.3,16.9,0.0
2054-03-22,30.2,19.30056216818375,0.0
2054-03-23,31.9,18.6,0.0
2054-03-24,32.78315629742034,16.9,0.0
2054-03-25,32.9,17.4,0.0
2054-03-26,30.7,22.397406005859374,0.0
2054-03-27,26.06034482758621,19.4,0.0
2054-03-28,27.9,18.5,0.0
2054-03-29,28.5,16.7,0.0
2054-03-30,29.1,16.2,0.0
2054-03-31,30.4,14.7,0.0
2054-04-01,29.9,13.0,0.0
2054-04-02,29.6,14.1,0.0
2054-04-03,29.0,13.2,0.0
2054-04-04,29.2,11.4,0.0
2054-04-05,29.7,12.2,0.0
2054-04-06,29.9,12.2,0.0
2054-04-07,29.9,13.3,0.0
2054-04-08,30.9,14.9,0.0
2054-04-09,31.6,15.7,0.0
2054-04-10,31.4,15.9,0.0
2054-04-11,31.8,17.0,0.0
2054-04-12,32.0,15.2,0.0
2054-04-13,31.1374025974026,16.9,0.0
2054-04-14,29.7,15.708791208791212,0.0
2054-04-15,29.5,14.3,0.0
2054-04-16,30.6,12.1,0.0
2054-04-17,30.3,13.7,0.0
2054-04-18,30.0,15.7,0.0
2054-04-19,30.9,14.3,0.0
2054-04-20,31.109090909090906,12.7,0.0
2054-04-21,30.0,13.2,0.0
2054-04-22,30.2,14.0,0.0
2054-04-23,29.9,13.5,0.0
2054-04-24,30.7,12.7,0.0
2054-04-25,30.76630434782609,13.4,0.0
2054-04-26,30.6,12.8,0.0
2054-04-27,28.3,14.8,0.0
2054-04-28,24.11969696969697,15.3,0.0
2054-04-29,26.6,12.68157894736842,0.0
2054-04-30,27.1,12.5,0.0
2054-05-01,27.3,11.9,0.0
2054-05-02,28.1,11.5,0.0
2054-05-03,27.8,13.2,0.0
2054-05-04,26.6,14.1,0.0
2054-05-05,27.0,13.0,0.0
2054-05-06,27.5,14.9,0.0
2054-05-07,29.2,14.7,0.0
2054-05-08,30.0,14.0,0.0
2054-05-09,29.3,14.9,0.0
2054-05-10,29.0,15.2,0.0
2054-05-11,29.2,14.3,0.0
2054-05-12,28.6,12.5,0.0
2054-05-13,27.9,12.6,0.0
2054-05-14,29.6,12.9,0.0
2054-05-15,28.6,14.6,0.0
2054-05-16,27.0,13.476919936156781,0.0
2054-05-17,26.0,15.7,0.0
2054-05-18,24.9,14.0,0.0
2054-05-19,27.2,13.1,0.0
2054-05-20,28.6,12.2,0.0
2054-05-21,27.5,13.705902404018639,0.0
2054-05-22,27.6,11.9,0.0
2054-05-23,28.0,9.1,0.0
2054-05-24,28.6,11.7,0.0
2054-05-25,28.9,12.5,0.0
2054-05-26,29.3,12.9,0.0
2054-05-27,29.2,12.0,0.0
2054-05-28,28.0,13.8,0.0
2054-05-29,25.917059620125695,13.0,0.0
2054-05-30,26.2,12.9,0.0
2054-05-31,27.2,11.710352412598862,0.0
2054-06-01,28.5,11.8,0.0
2054-06-02,29.482043697386683,12.2,0.0
2054-06-03,28.2,14.2,0.0
2054-06-04,26.6,13.583157531356681,0.0
2054-06-05,25.9,12.2,0.0
2054-06-06,24.1,13.2,0.0
2054-06-07,26.2,11.9,0.0
2054-06-08,27.404921341172727,11.8,0.0
2054-06-09,28.0,11.7376998407817,0.0
2054-06-10,29.24736553459276,10.8,0.0
2054-06-11,28.70119215485195,8.5,0.0
2054-06-12,29.9,9.3,0.0
2054-06-13,30.0,10.4,0.0
2054-06-14,30.207254896439103,12.4,0.0
2054-06-15,30.0,13.2,0.0
2054-06-16,29.9,12.0,0.0
2054-06-17,27.6,13.016715756161002,0.0
2054-06-18,25.9,9.4,0.0
2054-06-19,26.486471078976646,5.5,0.0
2054-06-20,28.0,6.5,0.0
2054-06-21,28.9,5.7,0.0
2054-06-22,28.5,6.0,0.0
2054-06-23,27.4,10.2,0.0
2054-06-24,25.5,11.0,0.0
2054-06-25,23.5,8.5,0.0
2054-06-26,22.9,6.1582511033765135,0.0
2054-06-27,22.5,5.4,0.0
2054-06-28,22.7,4.4,0.0
2054-06-29,22.7,6.9,0.0
2054-06-30,23.1,9.0,0.0
2054-07-01,22.6,10.497455272026283,0.0
2054-07-02,21.817234151039596,11.047429568315948,0.0
2054-07-03,22.1,9.2,0.0
2054-07-04,22.9,8.1,0.0
2054-07-05,25.0,5.9,0.0
2054-07-06,25.4,5.3,0.0
2054-07-07,25.0,3.5306796366937343,0.0
2054-07-08,25.6,5.9,0.0
2054-07-09,25.1,8.7,0.0
2054-07-10,24.4,8.100685837305859,0.0
2054-07-11,24.7,7.8,0.0
2054-07-12,23.9,9.1,0.0
2054-07-13,21.741621815572298,10.0,0.0
2054-07-14,24.0,8.9,0.0
2054-07-15,27.6,11.2,0.0
2054-07-16,29.4,13.025281169963986,0.0
2054-07-17,29.41934988338714,12.1,0.0
2054-07-18,29.2,13.6,0.0
2054-07-19,25.7,14.974078427291737,0.0
2054-07-20,24.7,14.3,0.0
2054-07-21,26.7,12.0,0.0
2054-07-22,26.6,12.2,0.0
2054-07-23,25.7,12.4,0.0
2054-07-24,22.1,12.0,0.0
2054-07-25,25.4,11.2,0.0
2054-07-26,27.0,11.2,0.0
2054-07-27,28.6,12.128467886616434,0.0
2054-07-28,29.22326937825204,13.5,0.0
2054-07-29,29.67189699428665,14.3,0.0
2054-07-30,29.7,13.6,0.0
2054-07-31,30.7,13.9,0.0
2054-08-01,25.985252960172225,14.815440384980693,0.0
2054-08-02,20.04114167767137,10.5,0.0
2054-08-03,24.129211053784193,7.5,0.0
2054-08-04,26.4,5.62853294276118,0.0
2054-08-05,27.8,5.9,0.0
2054-08-06,28.3,6.5,0.0
2054-08-07,26.4,12.5,0.0
2054-08-08,23.7,12.947904680598345,0.0
2054-08-09,23.6,10.255340270302593,0.0
2054-08-10,24.223463143459604,10.0,0.0
2054-08-11,26.0,10.7,0.0
2054-08-12,26.6,11.4,0.0
2054-08-13,27.0,12.4,0.0
2054-08-14,27.7,13.2,0.0
2054-08-15,28.9,14.2,0.0
2054-08-16,27.3,13.9,0.0
2054-08-17,25.6,13.7,0.0
2054-08-18,25.2,12.0,0.0
2054-08-19,26.2,10.631414123713922,0.0
2054-08-20,26.4,11.4,0.0
2054-08-21,25.2,12.0,0.0
2054-08-22,24.2,11.9,0.0
2054-08-23,24.4,11.2,0.0
2054-08-24,26.0,11.2,0.0
2054-08-25,28.9,12.4,0.0
2054-08-26,32.1,14.2,0.0
2054-08-27,32.5,14.5,0.0
2054-08-28,31.29480537518662,15.4,0.0
2054-08-29,26.1,15.4,0.0
2054-08-30,24.2,12.5,0.0
2054-08-31,24.3,10.9,0.0
2054-09-01,26.2,10.037988638169395,0.0
2054-09-02,27.690059662250988,12.62406947890819,0.0
2054-09-03,29.4,12.4,0.0
2054-09-04,30.702204469612703,13.2,0.0
2054-09-05,32.3,14.9,0.0
2054-09-06,31.6,16.0,0.0
2054-09-07,31.0,14.4,0.0
2054-09-08,32.3,14.5,0.0
2054-09-09,31.9,16.3,0.0
2054-09-10,30.7,20.2,0.0
2054-09-11,31.7,19.4,0.0
2054-09-12,34.26876171659264,19.0,0.0
2054-09-13,34.0,20.19643030310439,0.0
2054-09-14,33.4,19.6,0.0
2054-09-15,35.0,19.5,0.0
2054-09-16,35.1,20.1,0.0
2054-09-17,33.0,20.5,0.0
2054-09-18,33.0,19.6,0.0
2054-09-19,35.2,18.9,0.0
2054-09-20,40.126953125,19.762440963547856,0.0
2054-09-21,32.8,18.2,0.0
2054-09-22,31.3,18.3,0.46461538461538465
2054-09-23,31.9,18.132398316970555,0.0
2054-09-24,33.26924924634457,20.1,0.0
2054-09-25,35.0,19.7,0.0
2054-09-26,36.0,20.6,0.0
2054-09-27,39.45068359375,20.6,0.0
2054-09-28,39.41650390625,20.5,0.0
2054-09-29,38.17799892977541,20.85806218486276,0.0
2054-09-30,36.874627520406094,20.711476205509836,0.0
2054-10-01,36.674521716734795,21.0,0.0
2054-10-02,36.9,21.17963728279255,0.0
2054-10-03,34.9,21.4,0.0
2054-10-04,36.64875682672177,19.965846532369667,0.0
2054-10-05,30.1,20.3,2.217333333333334
2054-10-06,31.0,17.9,0.0
2054-10-07,33.2,19.1,0.0
2054-10-08,34.9,20.1,0.0
2054-10-09,36.0,19.5,0.0
2054-10-10,36.3,20.1,0.0
2054-10-11,34.0,21.9,0.0
2054-10-12,32.5,19.9,0.0
2054-10-13,33.4,19.5,0.0
2054-10-14,34.4,20.0,0.0
2054-10-15,34.9,19.8,0.0
2054-10-16,34.0,19.988067045978774,0.0
2054-10-17,33.0,19.0,0.0
2054-10-18,33.6,19.0,0.0
2054-10-19,34.9,19.0,0.0
2054-10-20,34.4,20.6,0.0
2054-10-21,34.9,20.7,0.0
2054-10-22,35.2,21.6,0.0
2054-10-23,34.9,21.6,0.0
2054-10-24,35.6,20.658864996119846,0.0
2054-10-25,36.0,21.4,0.0
2054-10-26,32.5,19.5,2.7
2054-10-27,31.2,19.2,1.0
2054-10-28,30.1,19.3,0.0
2054-10-29,30.4,18.0,0.9
2054-10-30,28.7,17.4,3.1479999999999997
2054-10-31,31.2,18.4,0.0
2054-11-01,35.4,20.7,0.0
2054-11-02,35.7,21.995332028308994,0.0
2054-11-03,34.8,22.1,0.0
2054-11-04,35.5,21.823059623795974,0.0
2054-11-05,34.97699588236442,22.3,0.0
2054-11-06,35.52220409799659,21.9,0.0
2054-11-07,34.5,21.1,0.0
2054-11-08,35.0,22.1,0.0
2054-11-09,35.2,22.3,0.0
2054-11-10,33.7,21.1,0.0
2054-11-11,32.6,21.1,0.0
2054-11-12,33.574680200222474,20.9,0.0
2054-11-13,32.9,20.9,0.0
2054-11-14,28.5,19.3,0.0
2054-11-15,29.4,20.3,2.5
2054-11-16,27.3,20.7,0.0
2054-11-17,27.0,20.3,0.0
2054-11-18,25.76562367458647,19.9,33.96
2054-11-19,28.9,19.9,0.0
2054-11-20,30.6,19.9,1.2
2054-11-21,30.2,20.5,0.0
2054-11-22,31.0,20.2,0.0
2054-11-23,29.9,19.8,10.5
2054-11-24,30.2,19.8,0.0
2054-11-25,31.0,19.0,1.6
2054-11-26,31.0,19.9,0.0
2054-11-27,32.0,19.6,0.0
2054-11-28,32.8,19.0,0.7
2054-11-29,31.8,20.4,17.216666666666665
2054-11-30,32.7,20.186233332997276,0.0
2054-12-01,31.2,21.0,0.0
2054-12-02,31.4,20.973335586637308,0.1
2054-12-03,30.97948331539289,20.2,10.531914893617026
2054-12-04,30.1,19.4,13.6
2054-12-05,29.79531754574811,18.5,5.898297872340424
2054-12-06,27.6,20.245377803193403,1.0
2054-12-07,30.2,19.6,5.2
2054-12-08,30.3,19.7,0.0
2054-12-09,32.02500278386101,17.5175837872399,0.0
2054-12-10,30.6,19.0,0.0
2054-12-11,32.4,17.6,0.0
2054-12-12,31.5,21.918273837651913,0.0
2054-12-13,29.5,20.0,0.0
2054-12-14,29.9,20.275989863652672,9.9
2054-12-15,30.5,19.593821156097526,11.2
2054-12-16,31.1,20.29156871187657,11.0
2054-12-17,31.4,20.257551130247577,12.669574468085111
2054-12-18,31.1,19.9,0.5
2054-12-19,30.0,20.273355758880516,0.0
2054-12-20,28.6,20.192125651447977,0.0
2054-12-21,30.6,19.0,0.0
2054-12-22,32.1,18.99977125941872,0.0
2054-12-23,32.148027945279914,17.9,0.0
2054-12-24,32.68052809501591,17.5,0.0
2054-12-25,29.7,20.950749703412548,0.0
2054-12-26,28.5,20.632293538939095,10.0
2054-12-27,29.9,20.258868182633655,0.0
2054-12-28,31.8,19.0,0.0
2054-12-29,27.3,19.8,30.978723404255323
2054-12-30,25.2,19.0,15.494723404255321
2054-12-31,29.7,19.5,0.0
2055-01-01,30.2,18.5,0.0
2055-01-02,31.641302736506482,17.6,0.0
2055-01-03,31.8,17.4,0.0
2055-01-04,32.2,19.6,0.0
2055-01-05,30.7,19.8,6.3
2055-01-06,30.63820074873542,19.314702474409163,20.97894736842105
2055-01-07,30.2,18.9,0.0
2055-01-08,31.8,19.4,3.8
2055-01-09,30.9,19.5,11.0
2055-01-10,29.8,19.7,2.7
2055-01-11,29.0,19.3,20.050000000000004
2055-01-12,30.1,18.5,19.624999999999986
2055-01-13,28.0,19.0,8.516666666666664
2055-01-14,29.5,18.0,9.4
2055-01-15,29.6,19.6,3.4
2055-01-16,29.3,19.7,0.0
2055-01-17,28.5,19.8,0.0
2055-01-18,29.7,19.8,1.4
2055-01-19,28.7,19.7,3.4
2055-01-20,28.9,19.8,22.4
2055-01-21,27.4,19.6,0.0
2055-01-22,29.1,16.3,0.0
2055-01-23,30.9,15.4,0.0
2055-01-24,31.1,15.3,0.0
2055-01-25,30.9,16.3,0.0
2055-01-26,30.9,18.2,0.0
2055-01-27,31.541449138858994,19.0,0.0
2055-01-28,31.692677290416782,20.047333949484596,0.0
2055-01-29,31.9,21.18458251953125,0.0
2055-01-30,31.8,19.8,5.4
2055-01-31,28.1,19.191639167798964,0.0
2055-02-01,32.1069679875789,17.5,0.0
2055-02-02,30.3,19.731252749822175,2.75
2055-02-03,32.7063194991682,18.9,0.0
2055-02-04,31.0,19.1,7.19999999999999
2055-02-05,31.4,19.339549912438056,0.0
2055-02-06,32.0,19.9,0.0
2055-02-07,29.1,19.577746893302557,1.4
2055-02-08,26.406871552403466,19.1,22.5625
2055-02-09,28.863120567375887,19.786971041304664,10.020000000000001
2055-02-10,26.8,19.1,6.3500000000000005
2055-02-11,27.3,19.6915986252657,22.5125
2055-02-12,27.9,19.0,13.9
2055-02-13,28.6,18.4,1.4
2055-02-14,28.6,19.0,0.8
2055-02-15,28.9,16.0,8.6
2055-02-16,30.0,15.50403617818151,0.0
2055-02-17,31.632782250335442,15.4,0.0
2055-02-18,30.9,18.4,6.374999999999999
2055-02-19,30.0,19.0,2.6
2055-02-20,29.3,18.8,9.9
2055-02-21,28.9,19.2527746903779,25.549999999999997
2055-02-22,28.7,18.5,1.6
2055-02-23,29.2,18.6,4.5
2055-02-24,29.0,19.0,3.6
2055-02-25,30.4,18.8,0.0
2055-02-26,31.6,18.7,0.0
2055-02-27,29.8,18.2,0.0
2055-02-28,30.02114525873391,17.6,2.7
2055-03-01,27.0,18.6,27.0
2055-03-02,27.9,19.1,19.0
2055-03-03,23.6,19.0,58.393589743589764
2055-03-04,24.2,17.2,0.0
2055-03-05,28.1,15.3,7.3
2055-03-06,28.9,15.4,0.0
2055-03-07,30.6,13.9,0.0
2055-03-08,31.813333333333333,13.5,0.0
2055-03-09,32.1,14.9,0.0
2055-03-10,30.6,17.0,0.0
2055-03-11,29.0,17.4,0.0
2055-03-12,28.1,18.0,0.0
2055-03-13,29.9,17.0,0.0
2055-03-14,30.2,15.2,0.0
2055-03-15,27.2,18.8,1.2
2055-03-16,29.8,15.9,0.0
2055-03-17,28.613043478260867,15.7,0.0
2055-03-18,28.0,16.23730407305812,0.0
2055-03-19,31.2,16.4,0.0
2055-03-20,33.036610169491524,19.9,1.5
2055-03-21,33.224436090225566,19.851248365397627,10.9
2055-03-22,28.3,19.834435852178423,26.2
2055-03-23,28.6,19.804476112982112,2.3
2055-03-24,27.9,19.2,10.024999999999999
2055-03-25,29.7,19.4,3.6
2055-03-26,30.9,19.3,3.4
2055-03-27,25.0,19.2,0.0
2055-03-28,27.4,19.8,0.0
2055-03-29,27.6,19.4,0.0
2055-03-30,27.0,17.6,0.0
2055-03-31,28.0,17.2,0.0
2055-04-01,28.7,16.6,0.0
2055-04-02,29.71794871794872,16.9,0.0
2055-04-03,31.6,19.138482384823853,0.0
2055-04-04,31.7,17.684656084656083,0.0
2055-04-05,30.9,16.5,0.0
2055-04-06,30.4,18.53456790123457,0.0
2055-04-07,30.0,19.2,0.0
2055-04-08,29.9,18.394791666666663,0.0
2055-04-09,28.6,15.9,0.0
2055-04-10,29.1,14.5,0.0
2055-04-11,29.9,14.8,0.0
2055-04-12,30.2,15.0,0.0
2055-04-13,30.0,18.62679738562091,0.0
2055-04-14,28.133018867924527,17.2,0.0
2055-04-15,28.2,16.835555555555555,0.0
2055-04-16,27.0,14.9,0.0
2055-04-17,26.1,17.5,0.0
2055-04-18,27.2,15.6,0.0
2055-04-19,29.804347826086953,14.4,0.0
2055-04-20,30.7,15.0,0.0
2055-04-21,31.115844155844155,15.0,0.0
2055-04-22,30.2,16.3,0.0
2055-04-23,30.70108695652174,16.4,0.0
2055-04-24,31.2,18.036885245901637,0.0
2055-04-25,32.4,17.4,0.0
2055-04-26,33.2,17.7,0.0
2055-04-27,33.2,18.0,0.0
2055-04-28,32.615725806451614,18.3,0.0
2055-04-29,32.7,16.8,0.0
2055-04-30,31.2,19.2,0.0
2055-05-01,30.0,19.11769803824064,0.0
2055-05-02,31.0,17.8,0.0
2055-05-03,31.7,16.3,0.0
2055-05-04,31.6,18.39440347721731,0.0
2055-05-05,32.40993702014285,17.8,0.0
2055-05-06,33.19721557699454,16.25689064847079,0.0
2055-05-07,31.6,18.121554466312674,0.0
2055-05-08,31.1,17.392872832926365,0.0
2055-05-09,33.29975272376074,16.20443159219863,0.0
2055-05-10,33.80244140625,17.8,0.0
2055-05-11,31.944524389553,18.0,1.3571428571428572
2055-05-12,30.7,16.27897867216433,1.1374999999999997
2055-05-13,30.2,17.4,1.215151515151515
2055-05-14,28.798078993127422,16.9,2.4
2055-05-15,26.7,15.3,1.2272727272727273
2055-05-16,31.0,15.2,0.0
2055-05-17,31.0,17.0,1.9529411764705884
2055-05-18,25.5,15.9,0.6
2055-05-19,28.7,14.9,0.0
2055-05-20,28.8,16.2,0.0
2055-05-21,29.6,18.30534772024355,0.8875
2055-05-22,28.4,18.138477075948725,0.0
2055-05-23,28.2,15.9,0.0
2055-05-24,27.1,17.354200833719812,0.0
2055-05-25,28.0,16.5,15.756097560975606
2055-05-26,26.2,15.543872059049656,0.0
2055-05-27,26.4,12.4,0.0
2055-05-28,26.0,10.1,0.0
2055-05-29,25.9,9.5,0.0
2055-05-30,24.7,11.0,0.0
2055-05-31,24.0,10.3,0.0
2055-06-01,21.42133878913078,11.5,0.0
2055-06-02,23.5,15.45660642303886,0.0
2055-06-03,26.0,12.6,0.0
2055-06-04,26.20893770856507,12.8,0.0
2055-06-05,27.5,14.7,0.0
2055-06-06,27.8,13.2,0.0
2055-06-07,27.6,12.0,0.0
2055-06-08,25.8,13.8,0.0
2055-06-09,25.8,11.5,0.0
2055-06-10,21.653330861450996,15.042856288519936,0.0
2055-06-11,26.7,14.0,0.0
2055-06-12,26.3,12.4,0.0
2055-06-13,26.6,11.7,0.0
2055-06-14,27.08833304061043,11.0,0.0
2055-06-15,26.2,12.6,0.0
2055-06-16,23.823388560388736,12.3,0.0
2055-06-17,21.0,15.905923913332732,0.0
2055-06-18,21.5,15.9,0.0
2055-06-19,22.9,15.4,0.0
2055-06-20,22.9,13.4,0.0
2055-06-21,25.2,12.0,0.0
2055-06-22,19.2,12.0,0.0
2055-06-23,24.9,11.2,0.0
2055-06-24,25.2,9.7,0.0
2055-06-25,26.2,16.4,0.0
2055-06-26,27.1,12.9,0.0
2055-06-27,28.0,13.0,0.0
2055-06-28,28.6,13.27088122605365,0.0
2055-06-29,30.073862134397704,14.01852478477487,0.0
2055-06-30,31.10970727709149,14.3,0.0
2055-07-01,28.8,13.0,0.0
2055-07-02,25.0,15.525383520261114,0.0
2055-07-03,21.878632938643698,15.298994358186073,0.0
2055-07-04,22.5,12.0,0.0
2055-07-05,21.4,9.3,0.0
2055-07-06,19.653908483955966,11.6,0.0
2055-07-07,22.0,9.2,0.0
2055-07-08,24.0,9.5,0.0
2055-07-09,26.7,10.4,0.0
2055-07-10,26.6,9.9,0.0
2055-07-11,25.4,10.2,0.0
2055-07-12,25.7,8.3,0.0
2055-07-13,24.0,10.4,0.0
2055-07-14,22.88454559434107,10.5,0.0
2055-07-15,16.011978743582457,5.2,0.0
2055-07-16,21.5,6.7,0.0
2055-07-17,21.6,8.9,0.0
2055-07-18,21.37953165302516,11.2,0.0
2055-07-19,18.9,10.7,0.0
2055-07-20,23.7,9.1,0.0
2055-07-21,24.7,10.0,0.0
2055-07-22,26.6,9.6,0.0
2055-07-23,28.0,10.0,0.0
2055-07-24,27.0,12.0,0.0
2055-07-25,26.7,11.032948541875456,0.0
2055-07-26,25.7,10.5,0.0
2055-07-27,26.9,9.0,0.0
2055-07-28,29.1,10.729949977838281,0.0
2055-07-29,29.198891349509427,13.9,0.0
2055-07-30,28.5,14.215144684353822,0.0
2055-07-31,29.2,14.0,0.0
2055-08-01,27.0,13.0,0.0
2055-08-02,25.2,12.4,0.0
2055-08-03,26.3,11.2,0.0
2055-08-04,27.836660330256734,11.8,0.0
2055-08-05,31.1,13.7,0.0
2055-08-06,33.89907541651971,16.1,0.0
2055-08-07,32.63766365125909,15.0,0.0
2055-08-08,34.43411610875206,17.841620728273014,0.0
2055-08-09,32.5,18.907834310090486,0.0
2055-08-10,30.9,17.5,0.0
2055-08-11,31.2,15.2,0.0
2055-08-12,30.4,16.7,0.0
2055-08-13,30.5,14.866079312335224,0.0
2055-08-14,31.1,14.0,0.0
2055-08-15,31.2,14.9,0.0
2055-08-16,31.2,16.1122592991269,0.0
2055-08-17,29.9,15.7,0.0
2055-08-18,30.8,14.4,0.0
2055-08-19,31.2,14.8,0.0
2055-08-20,31.1,15.4,0.0
2055-08-21,30.186980907597302,15.5,0.0
2055-08-22,29.0,14.9,0.0
2055-08-23,29.1,13.5,0.0
2055-08-24,29.0,15.6,0.0
2055-08-25,25.5,17.4,0.0
2055-08-26,27.6,15.5,0.0
2055-08-27,28.7,17.4,0.0
2055-08-28,30.8,17.4,0.0
2055-08-29,32.5,17.4,0.0
2055-08-30,33.2,18.679474518791153,0.0
2055-08-31,33.36851942460122,19.088588509697335,0.0
2055-09-01,33.1,19.0,0.0
2055-09-02,32.6,18.0,0.0
2055-09-03,32.0,17.9,0.0
2055-09-04,32.7,16.9,0.0
2055-09-05,32.9,17.0,0.0
2055-09-06,30.0,18.0,0.0
2055-09-07,28.6,15.2,0.0
2055-09-08,29.6,14.3,0.0
2055-09-09,30.5,14.3,0.0
2055-09-10,31.0,15.1,0.0
2055-09-11,33.0,16.7,0.0
2055-09-12,34.0,17.9,0.0
2055-09-13,32.0,19.5,0.0
2055-09-14,31.0,17.4,0.0
2055-09-15,29.8,16.9,0.0
2055-09-16,28.6,15.4,0.0
2055-09-17,28.7,15.2,0.0
2055-09-18,30.6,14.09347620287317,0.0
2055-09-19,31.7,14.7,0.0
2055-09-20,31.7,16.2,0.0
2055-09-21,34.00193477386222,18.9,0.0
2055-09-22,39.02197265625,21.273553345819895,0.0
2055-09-23,35.4,20.0,0.0
2055-09-24,19.983317988779415,17.2,0.0
2055-09-25,14.95283203125,15.2,3.9
2055-09-26,25.50508547172465,14.7,3.9
2055-09-27,27.8,11.9,0.0
2055-09-28,26.2,14.7,0.0
2055-09-29,25.865283063052516,15.0,0.0
2055-09-30,29.2,15.0,0.0
2055-10-01,30.8,14.9,0.0
2055-10-02,31.1,14.2,0.0
2055-10-03,31.8,12.177543198685626,0.0
2055-10-04,32.1,15.5,0.0
2055-10-05,32.7,17.6,0.0
2055-10-06,34.34432536153881,17.5,0.0
2055-10-07,34.9,19.7006952115483,0.0
2055-10-08,35.06152314316469,17.0,0.0
2055-10-09,33.0,20.5,0.0
2055-10-10,32.9,18.5,0.0
2055-10-11,34.2,18.2,0.0
2055-10-12,35.6,18.7,0.0
2055-10-13,36.0,18.5,0.0
2055-10-14,35.2,21.2,0.0
2055-10-15,32.9,20.2,0.0
2055-10-16,26.8,19.16273797856786,0.0
2055-10-17,26.34152928068287,18.4,0.0
2055-10-18,24.9,18.0,0.0
2055-10-19,24.0,16.9,0.4
2055-10-20,26.9,14.6,0.0
2055-10-21,29.9,11.6,0.0
2055-10-22,30.6,16.3,0.0
2055-10-23,30.1,16.0,0.0
2055-10-24,31.1,15.7,0.0
2055-10-25,32.0,17.2,0.0
2055-10-26,33.1,16.0,0.0
2055-10-27,33.2,18.938576426264795,0.0
2055-10-28,33.5,20.0,0.0
2055-10-29,35.0,19.0,0.0
2055-10-30,31.3,22.331667115177584,0.0
2055-10-31,33.9,21.9,0.0
2055-11-01,35.50211188717734,21.839191504574018,0.0
2055-11-02,35.658942799273895,21.2,0.0
2055-11-03,35.2,21.5,0.7
2055-11-04,33.6,20.3,6.557142857142858
2055-11-05,32.8,19.3,0.0
2055-11-06,32.8,20.4,0.0
2055-11-07,31.4,19.9,0.0
2055-11-08,32.082821753900724,17.8,0.0
2055-11-09,32.9,17.0,0.0
2055-11-10,35.0,17.0,0.0
2055-11-11,35.04097952620623,22.9,0.0
2055-11-12,35.94861442359535,21.5,0.0
2055-11-13,34.53103546366431,21.2,0.0
2055-11-14,33.0,20.3,1.0400000000000003
2055-11-15,32.5,20.6,0.8
2055-11-16,31.7,20.6,20.422222222222224
2055-11-17,30.0,20.4,7.2
2055-11-18,30.3,20.5,8.9
2055-11-19,27.1,19.4,14.733333333333334
2055-11-20,25.4,18.5,0.0
2055-11-21,24.820027787366975,17.74668435013263,34.43333333333333
2055-11-22,26.892974709632245,18.7,21.079999999999988
2055-11-23,28.6,19.1,0.0
2055-11-24,29.7,18.9,0.0
2055-11-25,32.4,17.8,0.0
2055-11-26,33.5,19.4,0.0
2055-11-27,33.431385750248815,20.3,0.0
2055-11-28,30.0,20.2,0.0
2055-11-29,25.1,16.9,0.0
2055-11-30,30.9,16.7,0.0
2055-12-01,30.7,16.0,0.0
2055-12-02,30.7,15.4,0.0
2055-12-03,32.0,14.7,0.0
2055-12-04,32.0,15.2,0.0
2055-12-05,32.0,15.982292196501023,0.0
2055-12-06,31.191569882726174,19.0,0.0
2055-12-07,32.0,17.9,0.0
2055-12-08,31.7,20.288407786149985,0.0
2055-12-09,29.930795576866604,20.1,0.0
2055-12-10,30.7,20.43268464342555,0.0
2055-12-11,30.4,20.27027009329028,0.0
2055-12-12,28.7,20.0,13.671702127659575
2055-12-13,29.0,18.2,0.0
2055-12-14,28.3,17.2,38.9508510638298
2055-12-15,23.65156815735395,18.0,17.420340425531933
2055-12-16,26.5,17.0,0.0
2055-12-17,30.6,15.55766127978291,0.0
2055-12-18,32.653619192912615,16.5,0.0
2055-12-19,31.9,19.9,0.0
2055-12-20,32.0,19.0,0.0
2055-12-21,33.23734371118654,18.5,0.0
2055-12-22,32.72680301399353,22.590439717841782,0.0
2055-12-23,31.8,19.6,0.0
2055-12-24,30.0,18.6,0.0
2055-12-25,31.382067814854675,19.9,0.0
2055-12-26,32.66352250815063,18.0,0.0
2055-12-27,33.67845853729482,20.0,0.0
2055-12-28,33.1,19.653331914787096,1.0
2055-12-29,27.9,20.271003879619663,48.03712765957448
2055-12-30,28.377549492207603,19.2,0.0
2055-12-31,30.666168233431986,20.297373149892362,0.0
2056-01-01,31.68760754853327,19.4,0.0
2056-01-02,30.9,19.7,11.0
2056-01-03,30.9,19.6,12.1
2056-01-04,30.9,19.60035819591353,1.4
2056-01-05,30.9,18.0,0.0
2056-01-06,32.117988278914005,19.66283607184477,0.0
2056-01-07,32.2,19.6,0.0
2056-01-08,29.6,19.840267626733468,22.32
2056-01-09,30.9,19.9,0.0
2056-01-10,30.9,19.8,10.3
2056-01-11,30.2,19.8,1.7
2056-01-12,28.7,19.7,1.4
2056-01-13,29.2,19.8,6.0
2056-01-14,27.362831718693936,19.8,0.0
2056-01-15,31.1,19.8,0.0
2056-01-16,25.9,19.2,26.97368421052632
2056-01-17,24.9,19.0,45.15999999999995
2056-01-18,26.5,19.4,10.7
2056-01-19,26.3,17.9,0.0
2056-01-20,29.7,16.4,0.0
2056-01-21,29.5,17.192288174688603,0.0
2056-01-22,29.7,16.607704421321213,0.0
2056-01-23,29.6,15.7,0.0
2056-01-24,29.7,17.9,0.0
2056-01-25,31.7,17.6,0.0
2056-01-26,32.08710979547901,18.6,0.0
2056-01-27,30.9,19.1,0.0
2056-01-28,29.4,17.4,0.0
2056-01-29,32.889649180827796,16.5,0.0
2056-01-30,30.6,18.4,0.0
2056-01-31,27.9,18.7,25.075000000000006
2056-02-01,31.0,18.2,4.0
2056-02-02,30.0,19.2,60.4
2056-02-03,26.0,19.653274595890366,25.369999999999997
2056-02-04,28.0,19.597728025695883,23.387500000000003
2056-02-05,29.6,19.2,11.0
2056-02-06,30.5,19.67372310626378,26.766666666666666
2056-02-07,26.0,19.5,6.466666666666666
2056-02-08,26.2,18.9,0.0
2056-02-09,27.470507159106116,17.9,0.0
2056-02-10,29.6,15.857021276595894,0.0
2056-02-11,31.9,16.0,0.0
2056-02-12,32.9,16.0,0.0
2056-02-13,32.9,17.3,0.0
2056-02-14,32.82168285701406,19.7,0.0
2056-02-15,30.1,17.4,0.0
2056-02-16,30.0,15.0,1.6
2056-02-17,27.9,19.2,0.0
2056-02-18,29.6,18.563067554982517,0.0
2056-02-19,31.7,17.3,0.0
2056-02-20,32.0,16.6,2.2
2056-02-21,29.9,19.905266509896137,21.4
2056-02-22,29.1,19.909120479817883,0.0
2056-02-23,29.6,18.8,0.0
2056-02-24,29.6,16.5,0.0
2056-02-25,30.9,15.269278095936423,0.0
2056-02-26,31.9,16.9,0.0
2056-02-27,32.64082772053467,17.5,0.0
2056-02-28,32.7,18.1,0.0
2056-02-29,32.5135956108658,19.0,0.0
2056-03-01,32.1,18.8,0.0
2056-03-02,32.746130500758724,19.9,0.0
2056-03-03,32.780424886191206,21.73189925168892,0.0
2056-03-04,27.5,19.897197256186296,1.4
2056-03-05,28.0,19.2,2.9
2056-03-06,30.0,17.8,1.4
2056-03-07,30.0,19.1,5.25
2056-03-08,29.8,18.9,2.5
2056-03-09,31.0,18.1,24.850000000000016
2056-03-10,27.0,17.853380563762354,1.0
2056-03-11,31.3,16.5,0.0
2056-03-12,30.7,18.9,1.0
2056-03-13,28.1,17.5,9.924999999999999
2056-03-14,29.5,18.3,1.4
2056-03-15,31.2,19.0,10.062500000000002
2056-03-16,29.20684931506849,18.4,4.728571428571428
2056-03-17,28.1,18.9,48.51111111111116
2056-03-18,28.1,18.7,40.0
2056-03-19,28.6,19.6,17.600000000000005
2056-03-20,29.6,19.834807692913127,8.685714285714285
2056-03-21,28.0,18.7,0.0
2056-03-22,29.6,18.4,2.5
2056-03-23,30.2,17.1,0.0
2056-03-24,29.9,15.7,0.0
2056-03-25,27.9,16.7,0.0
2056-03-26,29.4,19.2,1.6
2056-03-27,29.0,17.0,1.0
2056-03-28,29.84146341463415,16.0,0.0
2056-03-29,30.15,15.7,0.0
2056-03-30,31.8,16.4,0.0
2056-03-31,32.0,15.9,0.0
2056-04-01,30.7,14.4,0.0
2056-04-02,30.0,14.0,0.0
2056-04-03,30.2,14.9,0.0
2056-04-04,29.952054794520542,13.7,0.0
2056-04-05,30.4,13.0,0.0
2056-04-06,30.697435897435895,12.4,0.0
2056-04-07,30.0,13.7,0.0
2056-04-08,30.0,14.4,0.0
2056-04-09,30.1,16.3,0.0
2056-04-10,29.4,16.9,0.0
2056-04-11,28.6,15.4,0.0
2056-04-12,29.8,14.1,0.0
2056-04-13,30.8,14.8,0.0
2056-04-14,31.0,18.545679012345676,0.0
2056-04-15,30.7,16.6,0.0
2056-04-16,31.7,15.8,0.0
2056-04-17,31.384585741811172,15.7,0.0
2056-04-18,30.4,16.3,0.0
2056-04-19,30.7,16.0,0.0
2056-04-20,28.3,18.3,1.4
2056-04-21,29.2,16.8,0.0
2056-04-22,29.3,16.4,0.0
2056-04-23,29.5,16.6,0.0
2056-04-24,29.6,17.0,0.0
2056-04-25,29.8,16.875816993464053,0.0
2056-04-26,28.964583333333326,16.5,0.0
2056-04-27,28.0,15.0,0.0
2056-04-28,27.9,13.5,0.0
2056-04-29,29.0,13.2,0.0
2056-04-30,26.6,14.3,0.0
2056-05-01,26.1,18.20748693000908,1.2515151515151515
2056-05-02,29.2,15.9,0.0
2056-05-03,30.7,14.7,0.0
2056-05-04,31.4,15.2,0.0
2056-05-05,30.0,16.2,0.0
2056-05-06,28.5,16.0,0.0
2056-05-07,29.2,14.0,0.0
2056-05-08,29.0,12.2,0.0
2056-05-09,26.2,12.6,0.0
2056-05-10,26.3,10.9,0.0
2056-05-11,26.7,10.9,0.0
2056-05-12,27.8,10.4,0.0
2056-05-13,26.7,13.5,0.0
2056-05-14,25.4,12.0,0.0
2056-05-15,25.1,10.0,0.0
2056-05-16,27.0,9.3,0.0
2056-05-17,27.5,9.7,0.0
2056-05-18,26.4,11.0,0.0
2056-05-19,26.5,9.1,0.0
2056-05-20,26.2,10.9,0.0
2056-05-21,26.5,12.5,0.0
2056-05-22,26.1,15.3,0.0
2056-05-23,26.0,13.2,0.0
2056-05-24,25.6,10.8,0.0
2056-05-25,25.5,10.153399022936155,0.0
2056-05-26,25.1,10.5,0.0
2056-05-27,25.5,11.9,0.0
2056-05-28,25.8,10.7,0.0
2056-05-29,26.6,10.6,0.0
2056-05-30,27.4,11.063555282177452,0.0
2056-05-31,29.0,11.0,0.0
2056-06-01,29.4,12.56398776418243,0.0
2056-06-02,29.282460239015194,12.0,0.0
2056-06-03,27.4,12.9,0.0
2056-06-04,26.9,11.7,0.0
2056-06-05,28.2,9.1,0.0
2056-06-06,26.7,12.9,0.0
2056-06-07,22.5,13.2,0.0
2056-06-08,25.4,12.4,0.0
2056-06-09,26.2,11.4,0.0
2056-06-10,26.6,15.4,0.0
2056-06-11,28.536531499646077,15.1,0.0
2056-06-12,29.0,15.500857833882709,0.0
2056-06-13,28.0,13.5,0.0
2056-06-14,25.6,12.6,0.0
2056-06-15,25.5,11.5,0.0
2056-06-16,24.3,8.6,0.0
2056-06-17,23.9,6.9,0.0
2056-06-18,23.5,13.2,0.0
2056-06-19,24.6,10.7,0.0
2056-06-20,24.5,11.7,0.0
2056-06-21,24.6,11.5,0.0
2056-06-22,27.0,8.334202354467932,0.0
2056-06-23,26.9,8.7,0.0
2056-06-24,26.294930875576036,9.0,0.0
2056-06-25,27.1,6.5,0.0
2056-06-26,28.2,6.0,0.0
2056-06-27,27.9,8.5,0.0
2056-06-28,28.0,10.0,0.0
2056-06-29,28.871558212829076,8.4,0.0
2056-06-30,28.5,9.0,0.0
2056-07-01,26.729189604797774,10.8,0.0
2056-07-02,27.6,9.0,0.0
2056-07-03,28.2,9.2,0.0
2056-07-04,28.2,10.2,0.0
2056-07-05,27.6,10.0,0.0
2056-07-06,22.5,9.5,0.0
2056-07-07,25.0,5.2,0.0
2056-07-08,26.6,4.6,0.0
2056-07-09,23.1,9.804033163090027,0.0
2056-07-10,22.1,6.4,0.0
2056-07-11,23.3,4.6,0.0
2056-07-12,23.6,6.5,0.0
2056-07-13,24.2,5.9,0.0
2056-07-14,24.4,6.6,0.0
2056-07-15,23.5,8.4,0.0
2056-07-16,21.9,9.2,0.0
2056-07-17,21.3,11.2,0.0
2056-07-18,24.6,9.2,0.0
2056-07-19,24.6,11.2,0.0
2056-07-20,24.7,9.0,0.0
2056-07-21,24.6,9.4,0.0
2056-07-22,25.8,8.9,0.0
2056-07-23,26.4,11.0,0.0
2056-07-24,26.0,12.068097416576958,0.0
2056-07-25,26.7,10.6,0.0
2056-07-26,28.1,10.4,0.0
2056-07-27,29.0,11.9,0.0
2056-07-28,29.2,13.0,0.0
2056-07-29,30.631715332942715,12.1,0.0
2056-07-30,30.7,12.0,0.0
2056-07-31,28.2,14.627855861397288,0.0
2056-08-01,24.2,12.0,0.0
2056-08-02,25.4,8.6,0.0
2056-08-03,27.5,8.4,0.0
2056-08-04,28.650155684469837,7.9,0.0
2056-08-05,26.4,13.6,0.0
2056-08-06,24.0,12.541714507833982,0.0
2056-08-07,23.73525767647287,10.2,0.0
2056-08-08,24.039060026594058,9.188992915613186,0.0
2056-08-09,26.4,7.9,0.0
2056-08-10,27.7,7.517310436328136,0.0
2056-08-11,28.68385288359424,7.474824289242069,0.0
2056-08-12,28.9,11.8,0.0
2056-08-13,27.0,14.656686263144813,0.0
2056-08-14,26.4,12.8,0.0
2056-08-15,28.0,11.0,0.0
2056-08-16,29.0,12.1,0.0
2056-08-17,29.798034653981038,11.5,0.0
2056-08-18,27.0,15.0,0.0
2056-08-19,20.31161220220566,15.0,0.0
2056-08-20,22.5,11.0,0.0
2056-08-21,23.0,8.168072809084647,0.0
2056-08-22,25.0,7.0,0.0
2056-08-23,24.99352321261155,9.5,0.0
2056-08-24,23.759894243893775,11.2,0.0
2056-08-25,23.710621109051967,11.0,0.0
2056-08-26,24.747023681377826,11.7,0.0
2056-08-27,26.7,11.153217578508913,0.0
2056-08-28,27.3,13.0,0.0
2056-08-29,24.7,14.9,0.0
2056-08-30,25.4,11.9,0.0
2056-08-31,26.5,12.2,0.0
2056-09-01,21.64723940536114,12.0,0.0
2056-09-02,22.083715239154618,7.5,0.0
2056-09-03,26.17249228983523,9.57758239313523,0.0
2056-09-04,28.9,12.3,0.0
2056-09-05,29.3,18.096311179087884,0.0
2056-09-06,29.3,16.7,0.4
2056-09-07,29.0,15.0,0.0
2056-09-08,30.3,14.9,0.0
2056-09-09,31.0,14.6,0.0
2056-09-10,31.9,16.4,0.0
2056-09-11,31.7,17.4,0.0
2056-09-12,30.9,16.9,0.0
2056-09-13,31.5,15.4,0.0
2056-09-14,31.6,16.0,0.0
2056-09-15,31.5,15.4,0.0
2056-09-16,32.0,14.8,0.0
2056-09-17,33.4,14.9,0.0
2056-09-18,34.4,15.5,0.0
2056-09-19,35.4,17.45029064552011,0.0
2056-09-20,34.6,19.0,0.0
2056-09-21,34.5,18.9,0.0
2056-09-22,35.2,18.3,0.0
2056-09-23,35.1,19.252675152204738,0.0
2056-09-24,31.720548083729405,19.4,0.0
2056-09-25,31.3,17.262751205042637,0.0
2056-09-26,32.1,16.9,0.0
2056-09-27,33.0,16.9,0.0
2056-09-28,33.9,18.2,0.0
2056-09-29,37.43976866925526,19.7,0.0
2056-09-30,39.3369140625,20.6,0.0
2056-10-01,36.9,21.662870833036646,0.0
2056-10-02,36.950468493029284,21.6,0.0
2056-10-03,38.48447265625,21.9,0.0
2056-10-04,36.6,22.1,0.0
2056-10-05,35.6,21.0,0.0
2056-10-06,36.91137545383226,20.5,0.0
2056-10-07,37.2,21.0,0.0
2056-10-08,35.5,21.919894688487712,0.0
2056-10-09,34.7,20.5,0.0
2056-10-10,35.5,19.4,0.0
2056-10-11,37.69387081595682,19.1,0.0
2056-10-12,35.5,21.91295962373073,0.0
2056-10-13,34.5,21.0,0.0
2056-10-14,36.0,20.68187097904723,0.0
2056-10-15,34.8,20.2,0.0
2056-10-16,35.4,21.2,0.0
2056-10-17,34.8,19.0,0.0
2056-10-18,34.0,19.0,0.0
2056-10-19,34.0,19.7,0.0
2056-10-20,34.9,20.0,0.0
2056-10-21,33.7,20.5,0.0
2056-10-22,33.2,19.0,0.0
2056-10-23,35.581534396712,19.618326157158233,0.0
2056-10-24,31.1,20.0,0.0
2056-10-25,33.2,19.6,0.0
2056-10-26,32.0,19.0,2.3666666666666667
2056-10-27,31.2,19.4,0.0
2056-10-28,34.0,17.6,0.0
2056-10-29,33.2,20.2,0.0
2056-10-30,29.9,19.0,0.0
2056-10-31,30.8,18.4,0.0
2056-11-01,34.4,20.1,0.0
2056-11-02,34.865841089255284,21.2,0.0
2056-11-03,35.2,21.2,0.0
2056-11-04,34.5,20.6,3.466666666666667
2056-11-05,31.1,20.7,12.03030303030303
2056-11-06,33.4,20.0,5.4
2056-11-07,30.6,20.2,2.5
2056-11-08,27.6,19.9,15.7
2056-11-09,24.6,17.2,0.0
2056-11-10,23.454309567413343,17.4,0.0
2056-11-11,27.518181312569524,17.7,0.0
2056-11-12,26.550790537977328,19.3,0.0
2056-11-13,31.74808423925744,16.5,0.0
2056-11-14,32.4,16.5,0.0
2056-11-15,33.6,17.0,0.0
2056-11-16,34.8,18.5,0.0
2056-11-17,34.8,18.4,0.0
2056-11-18,33.4,20.2,2.4
2056-11-19,32.20165701353994,20.447880220446965,0.0
2056-11-20,32.5,19.5,1.9
2056-11-21,25.5,20.2,18.75
2056-11-22,28.6,20.194879842994393,0.0
2056-11-23,29.694388400905215,20.3,4.5
2056-11-24,27.9,20.0,0.0
2056-11-25,30.0,17.9,1.8
2056-11-26,29.6,17.2,0.0
2056-11-27,33.8,19.5,0.0
2056-11-28,31.6,19.2,1.4
2056-11-29,27.00631993064189,19.3,9.916666666666666
2056-11-30,30.2,17.2,0.0
2056-12-01,29.6,16.5,0.0
2056-12-02,30.1,18.78569095430756,0.0
2056-12-03,30.41996281436538,17.7,0.0
2056-12-04,29.9,18.9,0.0
2056-12-05,30.0,19.5,1.3
2056-12-06,27.5,19.4,2.7
2056-12-07,25.2,18.5,1.3
2056-12-08,25.6,18.0,0.0
2056-12-09,27.5,19.7,23.8
2056-12-10,27.7,18.0,4.0
2056-12-11,28.2,18.1,38.18558994197291
2056-12-12,29.9,19.9,26.4
2056-12-13,31.1,19.8,0.2
2056-12-14,26.9,18.7,1.2
2056-12-15,26.4,18.7,25.968936170212768
2056-12-16,28.7,19.9,1.2
2056-12-17,30.1,18.8,0.0
2056-12-18,30.0,17.4,0.0
2056-12-19,31.6,16.3,0.0
2056-12-20,32.65571735292066,17.0,0.0
2056-12-21,29.9,20.5,0.5
2056-12-22,28.9,19.9,20.999148936170243
2056-12-23,29.6,19.9,7.6
2056-12-24,29.9,18.7,0.7
2056-12-25,28.5,18.5,0.0
2056-12-26,30.7,20.0,0.8
2056-12-27,29.5,20.0,43.2
2056-12-28,28.2,20.0,1.7
2056-12-29,26.5,18.6,0.0
2056-12-30,28.0,19.695337572283268,0.0
2056-12-31,31.2,17.2,0.0
2057-01-01,32.2,17.9,0.0
2057-01-02,31.2,19.9,0.0
2057-01-03,29.9,17.9,0.0
2057-01-04,27.4,18.5,7.2
2057-01-05,28.672757519415693,18.2,0.0
2057-01-06,27.5,17.8,4.750000000000002
2057-01-07,28.1,18.0,2.1
2057-01-08,27.1,19.0,16.8
2057-01-09,28.8,19.2,11.0
2057-01-10,27.8,18.8,11.0
2057-01-11,29.4,18.0,18.5
2057-01-12,31.961733274342745,19.6,47.41818181818181
2057-01-13,27.0,18.2,2.4
2057-01-14,31.0,16.3,0.0
2057-01-15,30.0,19.8,1.7
2057-01-16,30.117250900921984,19.6,2.1
2057-01-17,29.5,19.56846567657808,2.2
2057-01-18,29.6,19.2,0.0
2057-01-19,29.5,19.3,0.0
2057-01-20,29.1,19.5,1.0
2057-01-21,30.1,19.6,7.2
2057-01-22,27.5,19.7,14.3
2057-01-23,26.4,18.7,36.78
2057-01-24,27.9,18.7,3.4
2057-01-25,27.3,18.7,0.0
2057-01-26,29.6,17.0,0.0
2057-01-27,28.6,18.6,3.4
2057-01-28,27.0,19.6,0.0
2057-01-29,27.9,18.7,10.750000000000004
2057-01-30,29.7,18.9,2.1
2057-01-31,27.398919268030138,19.6,25.67142857142857
2057-02-01,26.7,18.8,41.94285714285714
2057-02-02,28.3,17.9,15.8
2057-02-03,26.0,18.6,10.020000000000001
2057-02-04,23.9,18.7,39.215384615384615
2057-02-05,26.0,17.6,0.0
2057-02-06,29.0,15.9,0.0
2057-02-07,30.2,17.9,0.0
2057-02-08,29.6,19.715132965674055,0.0
2057-02-09,29.817464539007084,19.2,0.8
2057-02-10,28.0,18.9,0.0
2057-02-11,28.0,18.3,0.8
2057-02-12,26.8,17.7,29.581818181818182
2057-02-13,27.3,17.8,0.0
2057-02-14,28.9,17.3,1.0
2057-02-15,28.5,19.2,0.0
2057-02-16,30.0,18.9,1.4
2057-02-17,28.9475768321513,18.0,12.4
2057-02-18,28.0,16.5,15.2
2057-02-19,26.7,18.8,4.850000000000002
2057-02-20,26.718041861269676,18.3,0.3
2057-02-21,28.2,16.9,0.0
2057-02-22,30.0891865861133,15.5,0.0
2057-02-23,30.1,19.9,10.2
2057-02-24,31.819677617931735,19.2,1.5
2057-02-25,30.7,18.7,3.2
2057-02-26,28.7,19.9,21.4
2057-02-27,27.8,19.0,28.75
2057-02-28,29.0,19.0,4.1
2057-03-01,27.45135135135135,19.2,1.9
2057-03-02,26.3,18.6,0.0
2057-03-03,25.8,18.3,0.0
2057-03-04,26.97339449541284,18.3,0.0
2057-03-05,29.0,17.0,0.0
2057-03-06,28.9,15.9,0.0
2057-03-07,29.6,16.0,0.0
2057-03-08,30.2,14.4,0.0
2057-03-09,29.7,15.0,0.0
2057-03-10,28.2,15.7,1.3
2057-03-11,29.8,16.9,0.0
2057-03-12,29.9,16.6,0.0
2057-03-13,27.6,18.6,0.0
2057-03-14,26.7,17.2,0.0
2057-03-15,25.3,16.6,0.0
2057-03-16,26.5,18.1,0.0
2057-03-17,26.2,17.3,0.0
2057-03-18,26.4,16.0,0.0
2057-03-19,27.6,17.8,0.0
2057-03-20,29.0,19.1,0.0
2057-03-21,29.2,17.4,0.0
2057-03-22,28.9,15.7,0.0
2057-03-23,24.885102739726026,16.7,0.0
2057-03-24,27.2,17.3,0.0
2057-03-25,28.2,16.0,0.0
2057-03-26,29.7,13.9,0.0
2057-03-27,31.8,14.1,0.0
2057-03-28,32.5,14.9,0.0
2057-03-29,31.5,17.0,0.0
2057-03-30,27.2,18.0,0.0
2057-03-31,28.4,14.9,0.0
2057-04-01,28.0,12.8,0.0
2057-04-02,28.5,12.943427835051539,0.0
2057-04-03,29.7,11.8,0.0
2057-04-04,31.0,11.0,0.0
2057-04-05,30.0,15.3,0.0
2057-04-06,28.9,16.9,0.0
2057-04-07,28.04,15.796153846153846,0.0
2057-04-08,28.6,17.5,0.0
2057-04-09,30.3,18.35546875,0.0
2057-04-10,30.0,18.1,0.0
2057-04-11,30.0,17.14651162790697,0.0
2057-04-12,29.8,16.4,0.0
2057-04-13,29.7,17.0,0.0
2057-04-14,29.7,16.0,0.0
2057-04-15,29.0,15.9,0.0
2057-04-16,28.97083333333333,15.1,0.0
2057-04-17,28.9,16.5,0.0
2057-04-18,27.6,16.3,0.0
2057-04-19,29.8,15.2,0.0
2057-04-20,31.0,16.8,0.0
2057-04-21,33.2,19.7,0.0
2057-04-22,30.7,19.2,0.0
2057-04-23,31.9,19.2,0.0
2057-04-24,31.6,18.4,0.0
2057-04-25,31.2,18.4,0.0
2057-04-26,29.63243243243243,19.2,0.0
2057-04-27,28.8,18.1,0.0
2057-04-28,29.8,16.3,0.0
2057-04-29,29.7,15.7,0.0
2057-04-30,31.2,15.7,0.0
2057-05-01,31.6,17.613821434870115,0.0
2057-05-02,30.7,17.0,0.0
2057-05-03,30.3,15.866846071044126,0.0
2057-05-04,31.1,16.0,0.0
2057-05-05,29.3,18.33034392906607,0.0
2057-05-06,30.7,17.9,0.0
2057-05-07,31.019181464391366,18.224678137225393,0.0
2057-05-08,32.36683239269931,21.349365234375,0.0
2057-05-09,32.49165620967116,20.2841796875,0.0
2057-05-10,28.9,17.8,0.0
2057-05-11,27.4,14.8,0.0
2057-05-12,27.1,12.0,0.0
2057-05-13,27.5,11.4,0.0
2057-05-14,28.3,12.7,0.0
2057-05-15,28.61184569554659,15.0,0.0
2057-05-16,29.3,14.6,0.0
2057-05-17,27.93635091496231,14.0,0.0
2057-05-18,26.8,12.8,0.0
2057-05-19,26.0,10.9,0.0
2057-05-20,25.8,9.825670203495818,0.0
2057-05-21,26.2,7.7,0.0
2057-05-22,27.5,8.0,0.0
2057-05-23,28.6,8.5,0.0
2057-05-24,30.6,8.0,0.0
2057-05-25,30.7,8.8,0.0
2057-05-26,31.475526283666056,13.2,0.0
2057-05-27,31.1,15.7,0.0
2057-05-28,29.1,15.8,0.0
2057-05-29,28.0,13.910010764262637,0.0
2057-05-30,27.31948331539289,12.3,0.0
2057-05-31,27.05607614299473,9.3,0.0
2057-06-01,27.6,11.84042497894858,0.0
2057-06-02,28.0,11.9,0.0
2057-06-03,28.5,11.9,0.0
2057-06-04,28.2,12.3,0.0
2057-06-05,27.7,17.02396301187296,0.0
2057-06-06,28.5,16.4,0.0
2057-06-07,29.5,15.031244820580648,0.0
2057-06-08,29.5,14.090078201368533,0.0
2057-06-09,28.2,14.2,0.0
2057-06-10,28.39767927593409,12.9,0.0
2057-06-11,28.0,12.3,0.0
2057-06-12,28.6,10.9,0.0
2057-06-13,29.0,11.1,0.0
2057-06-14,28.135204195137458,12.9,0.0
2057-06-15,28.6,11.3,0.0
2057-06-16,29.5,11.6,0.0
2057-06-17,22.090708630504484,14.684348736250154,0.0
2057-06-18,23.7,12.1,0.0
2057-06-19,22.9,9.2,0.0
2057-06-20,23.9,9.0,0.0
2057-06-21,25.0,8.939681517475558,0.0
2057-06-22,27.1,11.02042209061119,0.0
2057-06-23,27.6,12.7,0.0
2057-06-24,25.9,13.2,0.0
2057-06-25,21.1,14.13699924231433,0.0
2057-06-26,22.1,10.9,0.0
2057-06-27,23.4,13.2,0.0
2057-06-28,24.6,10.9,0.0
2057-06-29,25.9,11.9,0.0
2057-06-30,23.303561462053356,13.4,0.0
2057-07-01,24.3,10.0,0.0
2057-07-02,24.9,8.9,0.0
2057-07-03,26.0,11.2,0.0
2057-07-04,25.3,11.2,0.0
2057-07-05,24.1,10.488044632994924,0.0
2057-07-06,23.6,10.448637582051113,0.0
2057-07-07,25.4,13.0,0.0
2057-07-08,25.7,12.4,0.0
2057-07-09,27.0,13.8,0.0
2057-07-10,26.0,12.352285611768933,0.0
2057-07-11,26.0,11.0,0.0
2057-07-12,26.7,9.252981700753494,0.0
2057-07-13,27.1,10.2,0.0
2057-07-14,28.0,10.3,0.0
2057-07-15,29.1,10.7,0.0
2057-07-16,29.243544709519654,12.272467034445633,0.0
2057-07-17,30.65859762661134,12.9,0.0
2057-07-18,30.7,11.5,0.0
2057-07-19,29.2,10.5,0.0
2057-07-20,28.2,14.229966440828209,0.0
2057-07-21,28.3,12.292855220667379,0.0
2057-07-22,29.2,11.2,0.0
2057-07-23,29.2,12.0,0.0
2057-07-24,29.2,14.0,0.0
2057-07-25,28.11213049598409,14.2,0.0
2057-07-26,26.9,13.4,0.0
2057-07-27,27.2,13.2,0.0
2057-07-28,26.559611522580845,12.9,0.0
2057-07-29,23.7,11.9,0.0
2057-07-30,22.6,8.0,0.0
2057-07-31,24.1,5.026104116940452,0.0
2057-08-01,22.0,7.2,0.0
2057-08-02,22.1,8.0,0.0
2057-08-03,23.6,8.18723125709132,0.0
2057-08-04,24.2,9.2,0.0
2057-08-05,24.91760260772943,10.1,0.0
2057-08-06,26.3,11.0,0.0
2057-08-07,26.2,10.9,0.0
2057-08-08,25.4,11.4,0.0
2057-08-09,26.9,11.2,0.0
2057-08-10,29.6,12.4,0.0
2057-08-11,31.9,15.0,0.0
2057-08-12,33.10637936826806,16.25747312950853,0.0
2057-08-13,34.59306728654731,17.071490283836614,0.0
2057-08-14,31.0,18.856477401693027,0.0
2057-08-15,31.2,17.041601042433857,0.0
2057-08-16,31.83627806844068,16.6,0.0
2057-08-17,32.1,16.6,0.0
2057-08-18,31.9,17.7,0.0
2057-08-19,32.6,18.65743949442688,0.0
2057-08-20,32.94637945840035,16.997608921985556,0.0
2057-08-21,30.8,13.0,0.0
2057-08-22,29.6,12.9,0.0
2057-08-23,27.0,14.2,0.0
2057-08-24,24.5,13.9,0.0
2057-08-25,26.242043725177233,12.9,0.0
2057-08-26,27.6,13.5,0.0
2057-08-27,28.8,13.5,0.0
2057-08-28,30.2,14.2,0.0
2057-08-29,29.777179763186208,15.6,0.0
2057-08-30,31.0,15.0,0.0
2057-08-31,33.03155599272484,16.7,0.0
2057-09-01,34.0,19.487492837159134,0.0
2057-09-02,33.5,20.0,0.0
2057-09-03,33.5,20.0,0.0
2057-09-04,33.4,20.0,0.0
2057-09-05,32.7,19.2,0.0
2057-09-06,32.1,18.2,0.0
2057-09-07,31.9,17.816214945241786,0.0
2057-09-08,29.3,17.9,0.0
2057-09-09,28.2,15.7,0.0
2057-09-10,28.2,14.9,0.0
2057-09-11,29.2,14.2,0.0
2057-09-12,32.3,15.0,0.0
2057-09-13,33.1,18.707524100852794,0.0
2057-09-14,30.2,19.4,0.0
2057-09-15,30.0,17.9,0.0
2057-09-16,30.3,16.0,0.0
2057-09-17,30.0,14.4,0.0
2057-09-18,30.9,13.2,0.0
2057-09-19,31.5,13.9,0.0
2057-09-20,31.5,14.9,0.0
2057-09-21,31.6,15.0,0.0
2057-09-22,32.51214970038394,15.5,0.0
2057-09-23,34.2,16.7,0.0
2057-09-24,35.34732641791341,17.7,0.0
2057-09-25,35.4,19.6,0.0
2057-09-26,35.4,19.6,0.0
2057-09-27,33.4,19.993788814881334,0.0
2057-09-28,34.43494593263918,18.4,0.0
2057-09-29,36.0,18.9,0.0
2057-09-30,34.7,20.6,0.0
2057-10-01,31.6,19.3,0.0
2057-10-02,31.7,16.8,0.0
2057-10-03,33.5,16.1,0.0
2057-10-04,35.7,19.13209356875471,0.0
2057-10-05,37.2,21.033795862513774,0.0
2057-10-06,37.48578374190988,21.4,0.0
2057-10-07,35.728146393972,23.381098239422027,0.0
2057-10-08,36.9,21.9,0.0
2057-10-09,37.55531539289557,23.61981014425084,0.0
2057-10-10,37.03165099417104,21.9,0.0
2057-10-11,35.6,21.662144559440083,0.0
2057-10-12,36.9,21.2,0.0
2057-10-13,35.6,23.42569916546266,0.0
2057-10-14,35.6,23.151088406424197,0.0
2057-10-15,34.9,23.090937992840505,0.0
2057-10-16,34.6,21.6,0.0
2057-10-17,35.8,22.0,0.0
2057-10-18,34.9,22.18380247233473,0.0
2057-10-19,33.25477574452815,22.6,0.0
2057-10-20,33.9,19.5,0.0
2057-10-21,32.1,18.043410733507603,0.0
2057-10-22,29.6,17.6,0.0
2057-10-23,31.8,17.6,0.0
2057-10-24,33.6,20.1,0.0
2057-10-25,34.8,20.8,0.0
2057-10-26,35.8,20.9,0.0
2057-10-27,37.610900322927826,20.0,0.0
2057-10-28,37.09034669049698,19.6,0.0
2057-10-29,31.0,19.4,0.0
2057-10-30,30.0,19.0,0.0
2057-10-31,31.3,18.0,0.0
2057-11-01,35.5,20.5,0.0
2057-11-02,35.816608731924354,21.1,0.0
2057-11-03,35.6,20.1,0.0
2057-11-04,35.978907458151326,19.8,0.0
2057-11-05,36.2,20.701999297465022,0.0
2057-11-06,36.2,20.91262741734457,0.0
2057-11-07,35.6,20.3,0.0
2057-11-08,34.8,20.4,0.0
2057-11-09,34.0,20.7,0.0
2057-11-10,34.5252814708877,19.5,0.0
2057-11-11,32.5,19.9,0.0
2057-11-12,34.1940637405476,20.0,0.0
2057-11-13,35.1,19.3,0.0
2057-11-14,34.8,21.4,0.0
2057-11-15,35.6,21.7,0.0
2057-11-16,35.2,21.0,0.0
2057-11-17,32.53024348041033,20.3,1.5
2057-11-18,31.5,20.5,0.0
2057-11-19,31.77471700582347,20.0,0.0
2057-11-20,34.08973607038122,17.6,0.0
2057-11-21,34.80506373034257,22.0,0.0
2057-11-22,35.5,21.314822671185045,0.0
2057-11-23,35.9,20.7792563165422,0.0
2057-11-24,36.5,23.15540994647502,0.0
2057-11-25,36.5,22.4,0.0
2057-11-26,35.6448239629266,20.94920817865456,4.679999999999998
2057-11-27,34.4,20.6,1.3
2057-11-28,32.6,20.5,2.8
2057-11-29,32.7,20.0,1.0400000000000003
2057-11-30,34.0,20.0,0.0
2057-12-01,31.4,20.083726400524174,3.6
2057-12-02,31.405382131323986,20.593618330001533,4.342765957446808
2057-12-03,28.5,20.23549991029781,55.91482815057282
2057-12-04,27.0,19.4,0.7
2057-12-05,27.8,20.248764509329035,0.0
2057-12-06,30.0,17.5,0.0
2057-12-07,30.5,16.835043971894102,0.0
2057-12-08,31.7,16.0,0.0
2057-12-09,32.15595613824239,16.5,0.0
2057-12-10,33.39953206132839,19.2,0.0
2057-12-11,32.4,19.8,0.0
2057-12-12,33.7,20.1,2.6319148936170227
2057-12-13,32.9,20.4708456880213,6.4
2057-12-14,28.3,20.24671367061357,5.64808510638298
2057-12-15,30.3,20.289574318263373,7.6
2057-12-16,29.4,19.9,1.7
2057-12-17,30.0,19.5,3.4
2057-12-18,30.1,18.4,1.0
2057-12-19,31.5,20.155005382131325,7.6
2057-12-20,29.9,19.9,9.8
2057-12-21,31.0,20.375764427969454,12.669574468085111
2057-12-22,31.0,18.7,0.0
2057-12-23,30.3,18.4,0.0
2057-12-24,25.252903518214264,20.248576358988164,0.8
2057-12-25,28.0,19.9,10.6
2057-12-26,30.728844860064576,19.0,11.567446808510642
2057-12-27,27.93751062262761,19.8,18.732978723404273
2057-12-28,29.66541211748423,20.24308236903481,28.3
2057-12-29,31.4,20.325445449435517,0.8
2057-12-30,30.0,20.39881758206925,15.441276595744682
2057-12-31,26.9,20.298774869931826,31.323297872340433
2058-01-01,25.4,19.8,20.7
2058-01-02,26.9,19.7,16.5
2058-01-03,28.5,19.6,37.58
2058-01-04,28.0,19.68942555247222,11.0
2058-01-05,26.6,19.568381123262732,0.0
2058-01-06,26.9,19.6,0.0
2058-01-07,28.8,19.53041668467159,0.0
2058-01-08,28.5,19.6,0.0
2058-01-09,28.6,18.7,1.3
2058-01-10,29.3,19.4,0.6
2058-01-11,30.4,17.9,0.0
2058-01-12,31.9,18.3,0.0
2058-01-13,31.9,19.8,0.0
2058-01-14,32.832130429761136,19.8,10.0
2058-01-15,28.6,19.8,19.0
2058-01-16,27.2,19.4,0.0
2058-01-17,30.0,17.2,0.0
2058-01-18,30.9,15.5,0.0
2058-01-19,31.8,15.3,0.0
2058-01-20,32.427432227133544,16.8,0.0
2058-01-21,31.8,18.5,0.0
2058-01-22,32.6,19.8,1.3
2058-01-23,30.491848478558133,19.7,27.4
2058-01-24,25.26608232098006,19.7,22.4
2058-01-25,26.0,19.6,10.0
2058-01-26,26.7,18.9,5.6
2058-01-27,28.5,18.7,57.7
2058-01-28,27.0,18.4,0.0
2058-01-29,29.1,18.3,24.112500000000008
2058-01-30,29.3,18.3,1.0
2058-01-31,29.2,17.9,1.7499999999999993
2058-02-01,28.5,19.051005216575835,2.5
2058-02-02,29.0,18.7,0.0
2058-02-03,30.9,18.1,0.8
2058-02-04,26.7,18.0,3.6
2058-02-05,28.908788278629945,17.1,0.0
2058-02-06,30.1,18.7,0.7
2058-02-07,32.82478124874784,18.7,6.3500000000000005
2058-02-08,28.2,17.3,6.325000000000001
2058-02-09,31.131972553768094,15.0,0.0
2058-02-10,27.9,19.869942343997145,53.031578947368416
2058-02-11,27.3,19.7,34.7
2058-02-12,29.414573772771515,18.5,0.0
2058-02-13,28.5,20.23723767894951,0.0
2058-02-14,28.7,19.2,2.1199999999999997
2058-02-15,28.9,19.697760262497425,0.0
2058-02-16,30.706766340808887,19.281587946028658,0.0
2058-02-17,29.3,19.0,0.0
2058-02-18,32.9,18.7,0.2
2058-02-19,28.73679572142774,19.9,6.942857142857147
2058-02-20,28.9,19.74733130036134,0.0
2058-02-21,29.3,18.5,0.0
2058-02-22,31.0,18.9,0.0
2058-02-23,32.8,18.4,0.0
2058-02-24,35.042612369700734,21.06718139648438,0.0
2058-02-25,34.863102806256805,21.2586181640625,0.0
2058-02-26,33.28412879101471,19.7,0.0
2058-02-27,32.937933323684085,19.0,0.0
2058-02-28,31.9,18.9,3.6
2058-03-01,23.908994708994708,18.6,36.1
2058-03-02,25.218772563176895,18.9,0.0
2058-03-03,26.3,19.865484553526368,0.0
2058-03-04,28.72608695652174,17.5,0.0
2058-03-05,29.1,17.1,0.0
2058-03-06,29.9,17.4,0.0
2058-03-07,31.8,18.2,0.0
2058-03-08,30.3,19.3,0.4
2058-03-09,33.0,19.0,31.821739130434782
2058-03-10,28.3,19.832337608032574,2.4
2058-03-11,28.5,19.8,0.0
2058-03-12,30.8,18.5,0.0
2058-03-13,32.6,18.2,0.0
2058-03-14,30.6,17.2,11.066666666666668
2058-03-15,28.2,19.2,0.0
2058-03-16,29.9,19.1,7.0
2058-03-17,29.6,18.5,0.0
2058-03-18,30.9,17.9,0.0
2058-03-19,29.9,19.9,4.5666666666666655
2058-03-20,32.416489361702126,18.8,22.4
2058-03-21,29.0,19.4,5.300000000000001
2058-03-22,30.1,19.2,2.8
2058-03-23,30.4875,18.8,1.4749999999999999
2058-03-24,30.3,19.2,4.7857142857142865
2058-03-25,29.5,19.8,2.925000000000003
2058-03-26,30.71186440677966,18.7,23.1
2058-03-27,27.1,19.2,11.066666666666668
2058-03-28,25.0,19.2,0.1
2058-03-29,25.1,18.7,0.0
2058-03-30,28.2,19.0,0.0
2058-03-31,28.8,18.6,0.0
2058-04-01,27.7,17.4,0.0
2058-04-02,27.1,18.4,25.79047619047619
2058-04-03,27.1,18.39583333333333,0.0
2058-04-04,26.611392405063295,18.2,0.0
2058-04-05,27.7,16.886797385620913,0.0
2058-04-06,26.8,17.0,0.0
2058-04-07,28.6,16.174212034383956,0.0
2058-04-08,29.5,16.6,0.0
2058-04-09,30.4,16.3,0.0
2058-04-10,31.024652777777774,16.9,0.0
2058-04-11,30.7,15.6,0.0
2058-04-12,29.5,19.2,0.0
2058-04-13,29.6,18.4,0.0
2058-04-14,29.5,18.7,0.0
2058-04-15,29.8,16.5,0.0
2058-04-16,27.3,17.1,16.7
2058-04-17,26.9,16.83503267973856,1.5600000000000003
2058-04-18,26.0,18.057377049180328,0.0
2058-04-19,28.5,18.1,0.0
2058-04-20,29.0,17.7,0.0
2058-04-21,29.0,18.314583333333335,0.0
2058-04-22,27.7,16.9,4.1
2058-04-23,26.8,17.2,0.0
2058-04-24,28.9,16.0,0.0
2058-04-25,30.2,17.8,0.0
2058-04-26,30.0,18.8,0.0
2058-04-27,29.9,18.670588235294115,0.0
2058-04-28,28.4,15.6,0.0
2058-04-29,29.0,15.4,0.0
2058-04-30,28.5,16.0,0.0
2058-05-01,28.9,18.12150872952987,0.0
2058-05-02,27.5,15.9,0.0
2058-05-03,27.2,15.2,0.0
2058-05-04,27.6,16.2,0.0
2058-05-05,28.6,13.3,0.0
2058-05-06,29.4,12.2,0.0
2058-05-07,30.0,11.8,0.0
2058-05-08,29.386066738428408,11.9,0.0
2058-05-09,30.2,12.2,0.0
2058-05-10,30.2,13.0,0.0
2058-05-11,27.916846071044116,16.207744795752664,0.0
2058-05-12,26.8,13.9,0.0
2058-05-13,26.2,12.3,0.0
2058-05-14,25.7,11.9,0.0
2058-05-15,25.2,12.0,0.0
2058-05-16,25.4,15.9,0.0
2058-05-17,26.2,12.0,0.0
2058-05-18,27.0,10.8,0.0
2058-05-19,28.0,10.2,0.0
2058-05-20,28.4,12.9,0.0
2058-05-21,28.7,15.7,0.0
2058-05-22,28.92820689093721,15.9,0.0
2058-05-23,29.1,14.0,0.0
2058-05-24,29.254923067181657,13.476919936156781,0.0
2058-05-25,28.0,13.6,0.0
2058-05-26,26.6,12.8,0.0
2058-05-27,26.4,11.7,0.0
2058-05-28,26.9,9.7,0.0
2058-05-29,28.1,10.0,0.0
2058-05-30,28.9,11.2,0.0
2058-05-31,27.4,14.2,0.0
2058-06-01,26.5,13.2,0.0
2058-06-02,25.2,13.4,0.0
2058-06-03,26.3,12.3,0.0
2058-06-04,26.7,9.7,0.0
2058-06-05,27.2,9.2,0.0
2058-06-06,27.6,10.4,0.0
2058-06-07,27.4,12.3,0.0
2058-06-08,27.9,11.7,0.0
2058-06-09,28.449560093225276,11.9,0.0
2058-06-10,28.6,11.7,0.0
2058-06-11,28.929258616800333,12.0,0.0
2058-06-12,28.5,13.14555871140534,0.0
2058-06-13,28.0664689160796,12.1,0.0
2058-06-14,27.9,11.0,0.0
2058-06-15,25.8,12.4,0.0
2058-06-16,26.5,11.420742559483438,0.0
2058-06-17,27.75428669445802,10.148067745523704,0.0
2058-06-18,27.9,9.9,0.0
2058-06-19,26.6,12.4,0.0
2058-06-20,25.8,12.5,0.0
2058-06-21,24.9,12.4,0.0
2058-06-22,26.2,11.4,0.0
2058-06-23,25.9,10.9,0.0
2058-06-24,25.4,11.4,0.0
2058-06-25,25.9,10.418891360771235,0.0
2058-06-26,26.2,11.0,0.0
2058-06-27,26.5,10.7,0.0
2058-06-28,28.0,10.7,0.0
2058-06-29,30.1,11.1,0.0
2058-06-30,30.766807073218597,11.9,0.0
2058-07-01,28.2,14.96038751345531,0.0
2058-07-02,25.7,13.8,0.0
2058-07-03,27.3,12.0,0.0
2058-07-04,28.3,12.0,0.0
2058-07-05,28.2,12.6,0.0
2058-07-06,25.8,12.4,0.0
2058-07-07,25.283938443013263,10.8,0.0
2058-07-08,25.6,10.0,0.0
2058-07-09,26.0,11.1,0.0
2058-07-10,26.663376666390654,14.4,0.0
2058-07-11,25.6,11.1,0.0
2058-07-12,25.2,11.19550053821313,0.0
2058-07-13,25.033483584499447,13.2,0.0
2058-07-14,23.9,14.683992003690587,0.0
2058-07-15,25.2,11.8,0.0
2058-07-16,21.7,11.5,0.0
2058-07-17,20.27850507887418,7.0,0.0
2058-07-18,22.0,7.1875493362038005,0.0
2058-07-19,24.8,8.9,0.0
2058-07-20,27.2,11.2,0.0
2058-07-21,29.246029431488722,13.8,0.0
2058-07-22,30.782956216320244,15.930605469487285,0.0
2058-07-23,31.41083984375,19.720361328125,0.0
2058-07-24,32.498486328125,21.437646484375,0.0
2058-07-25,31.8498046875,19.176171875,0.0
2058-07-26,31.130639080283906,18.343896484375,0.0
2058-07-27,29.4,16.47861358595002,0.0
2058-07-28,29.2,15.0,0.0
2058-07-29,30.677566357741068,13.50988159311087,0.0
2058-07-30,31.189991538462127,13.8,0.0
2058-07-31,31.660107421875,15.1,0.0
2058-08-01,31.1,15.0,0.0
2058-08-02,27.1,16.59964221641293,0.0
2058-08-03,25.7,13.6,0.0
2058-08-04,25.6,13.5,0.0
2058-08-05,26.7,12.4,0.0
2058-08-06,27.1,12.0,0.0
2058-08-07,27.6,12.7,0.0
2058-08-08,24.120887309305516,13.395293081514824,0.0
2058-08-09,22.479948196986005,13.3,0.0
2058-08-10,24.6,11.9,0.0
2058-08-11,26.0,11.2,0.0
2058-08-12,27.6,12.0,0.0
2058-08-13,26.0,14.0,0.0
2058-08-14,24.6,12.3,0.0
2058-08-15,25.4,11.0,0.0
2058-08-16,28.6,9.4,0.0
2058-08-17,30.2,10.2,0.0
2058-08-18,28.6,12.4,0.0
2058-08-19,24.1,13.6,0.0
2058-08-20,21.650570198369984,10.157314805753986,0.0
2058-08-21,24.0,7.7,0.0
2058-08-22,26.816925726587723,10.2,0.0
2058-08-23,26.3,12.3,0.0
2058-08-24,25.4,11.7,0.0
2058-08-25,25.6,11.0,0.0
2058-08-26,26.7,11.4,0.0
2058-08-27,28.2,11.9,0.0
2058-08-28,28.6,12.9,0.0
2058-08-29,27.678794402583414,14.2,0.0
2058-08-30,27.0,13.7,0.0
2058-08-31,28.0,13.0,0.0
2058-09-01,27.6,13.622424916573971,0.0
2058-09-02,26.8,12.8,0.0
2058-09-03,27.2,12.3,0.0
2058-09-04,29.0,11.4,0.0
2058-09-05,30.0,12.0,0.0
2058-09-06,31.4,13.6,0.0
2058-09-07,33.0,15.2,0.0
2058-09-08,35.4,17.8,0.0
2058-09-09,39.354248046875,19.0,0.0
2058-09-10,40.181884765625,20.987515540142645,0.0
2058-09-11,38.341613792479386,25.072998046875,0.0
2058-09-12,35.379631543266356,25.2060546875,0.0
2058-09-13,33.3,18.2,0.0
2058-09-14,28.9,17.697780938032412,0.0
2058-09-15,29.3,16.3,0.0
2058-09-16,30.7,16.5,0.0
2058-09-17,32.3,17.0,0.0
2058-09-18,31.9,19.0,0.0
2058-09-19,31.15397173329843,17.9,0.0
2058-09-20,32.0,16.9,0.0
2058-09-21,32.891737864766995,16.6,0.0
2058-09-22,31.7,18.8,0.0
2058-09-23,32.8,18.0,0.0
2058-09-24,33.27060179587625,18.4,0.0
2058-09-25,33.558958164438835,18.8,0.0
2058-09-26,33.2,18.97736474871069,0.0
2058-09-27,33.5,18.7,0.0
2058-09-28,34.7,18.9,0.0
2058-09-29,35.079196717978164,19.5,0.0
2058-09-30,33.4,19.6,0.0
2058-10-01,34.2,18.4,0.0
2058-10-02,35.58059170825585,18.9,0.0
2058-10-03,35.3,19.9,0.0
2058-10-04,34.9,19.5,0.0
2058-10-05,35.6,18.9,0.0
2058-10-06,36.9,19.4,0.0
2058-10-07,34.5,20.6,0.0
2058-10-08,35.0,19.0,0.0
2058-10-09,37.06686841196659,20.0,0.0
2058-10-10,36.9,21.886739832451898,0.0
2058-10-11,35.2,20.7,0.0
2058-10-12,34.4,20.1,0.0
2058-10-13,31.38196007437126,19.6,0.0
2058-10-14,30.179447768292984,16.7,0.0
2058-10-15,31.6,16.5,0.0
2058-10-16,33.685300322927866,17.5,0.0
2058-10-17,35.5,19.6,0.0
2058-10-18,36.0,20.2,0.0
2058-10-19,36.4,19.8,0.0
2058-10-20,36.0,20.6,0.0
2058-10-21,36.6,20.0,0.0
2058-10-22,37.56589235737351,20.3,0.0
2058-10-23,38.75107421875,20.6,0.0
2058-10-24,38.948583984375,22.6,0.0
2058-10-25,37.58878837459633,24.718701171875,0.0
2058-10-26,32.8,19.6,0.0
2058-10-27,33.1,19.4,0.0
2058-10-28,34.4,19.7,0.0
2058-10-29,35.4,20.9,0.0
2058-10-30,36.0,20.2,0.0
2058-10-31,35.5,22.2,0.0
2058-11-01,36.4,22.44085668379329,0.0
2058-11-02,36.4,22.394370007078575,0.0
2058-11-03,37.653597376342375,21.7,0.0
2058-11-04,38.744339636633285,22.540473925779228,0.0
2058-11-05,38.795970128671534,23.485437280269146,0.0
2058-11-06,38.68567652947713,22.0,0.0
2058-11-07,36.0,21.5,0.0
2058-11-08,35.7,21.9,0.0
2058-11-09,36.2,21.5,0.0
2058-11-10,36.4,22.1,0.0
2058-11-11,37.56701795208095,21.7,0.0
2058-11-12,39.425943217993336,22.1,0.0
2058-11-13,37.714063846932866,22.593232265634832,0.0
2058-11-14,36.0,22.9,0.0
2058-11-15,36.354624362166064,23.3,0.0
2058-11-16,36.3,22.3,0.0
2058-11-17,37.09191251561272,22.1,0.0
2058-11-18,36.5,23.0,0.0
2058-11-19,35.5,22.1,0.0
2058-11-20,34.8,20.6,0.0
2058-11-21,34.5,20.3,0.0
2058-11-22,34.6,21.4,0.0
2058-11-23,35.64877116448606,20.4,0.0
2058-11-24,37.03528380035456,19.9,0.0
2058-11-25,36.99678899953303,21.9,0.0
2058-11-26,38.28398338895068,21.831424302717924,0.0
2058-11-27,38.94530979834727,21.7,0.0
2058-11-28,36.55454867548304,21.2,0.0
2058-11-29,35.7,21.5,0.0
2058-11-30,37.29618415328784,20.3,0.0
2058-12-01,38.837451171875,23.735321044921875,0.0
2058-12-02,36.44658203125,22.784648937519353,0.0
2058-12-03,35.447802734375,21.03958531461953,0.0
2058-12-04,37.746875,21.994472562754613,0.0
2058-12-05,33.224252711766155,23.64614868164062,0.0
2058-12-06,27.560877113788674,21.0,36.077872340425564
2058-12-07,27.5,20.481926935090836,53.8
2058-12-08,29.9,20.349410537221207,0.0
2058-12-09,30.5,20.285246860423396,3.6
2058-12-10,28.9,20.475278186849117,0.0
2058-12-11,27.1,20.630283268187487,23.8
2058-12-12,28.9,20.5,0.9
2058-12-13,28.2,20.370986822044333,5.0
2058-12-14,28.4,21.0,0.0
2058-12-15,29.6,20.869440523803405,3.6
2058-12-16,32.4,20.3,0.5
2058-12-17,32.10702786167399,21.009197230291637,48.0872340425532
2058-12-18,30.7,20.850368000191402,12.669574468085111
2058-12-19,32.92652070597314,21.0,0.0
2058-12-20,32.0,20.337081231607996,2.9
2058-12-21,30.3,20.3,0.0
2058-12-22,24.55188715180837,19.9,5.2
2058-12-23,26.5,17.0,0.0
2058-12-24,29.2,16.4,0.0
2058-12-25,31.3,15.7,0.0
2058-12-26,32.82732229393668,16.4,0.0
2058-12-27,31.3,19.0,0.0
2058-12-28,30.2,18.1,0.0
2058-12-29,31.1,18.6,0.0
2058-12-30,30.7,18.1,0.0
2058-12-31,30.2,18.1,0.0
2059-01-01,30.0,16.9,0.0
2059-01-02,29.808641550053817,17.21843503099122,0.0
2059-01-03,31.7,16.9,0.0
2059-01-04,28.6,19.774588871451545,1.7
2059-01-05,29.9,19.5,0.0
2059-01-06,32.2,18.0,0.0
2059-01-07,32.65159831567025,19.9,0.0
2059-01-08,30.9,19.8,11.0
2059-01-09,27.6,19.8,6.4
2059-01-10,28.9,19.8,0.0
2059-01-11,29.331666641398446,19.8,0.0
2059-01-12,30.6,19.8,1.3
2059-01-13,28.7,19.8,41.35294117647059
2059-01-14,28.463744617868677,19.8,40.0
2059-01-15,27.8,19.8,52.1
2059-01-16,27.7,19.8,26.0
2059-01-17,28.7,19.65025756142498,26.0
2059-01-18,28.0,19.8,16.8
2059-01-19,27.2,19.6,0.0
2059-01-20,27.4,19.8,14.0
2059-01-21,27.0,19.39140435918354,0.0
2059-01-22,26.2,19.15949265306651,0.0
2059-01-23,27.3,17.9,0.0
2059-01-24,25.6,19.0,6.2
2059-01-25,24.7,19.3,0.0
2059-01-26,29.0,19.5,19.0
2059-01-27,30.0,19.4,0.9
2059-01-28,28.1,19.0,35.0
2059-01-29,29.0,19.2,6.06
2059-01-30,31.9,19.7,53.48181818181826
2059-01-31,32.03072299964119,19.6,0.35
2059-02-01,32.9,19.457147229459146,5.6
2059-02-02,30.9,19.808141437020257,3.6
2059-02-03,32.9,18.5,0.0
2059-02-04,32.9,19.0,0.0
2059-02-05,30.9,19.0,9.2
2059-02-06,31.2,17.0,0.0
2059-02-07,32.84218138506039,18.3,0.8
2059-02-08,28.6,19.755908960694384,3.8
2059-02-09,28.0,19.0,4.1
2059-02-10,27.2,16.5,0.0
2059-02-11,28.0,18.5,0.0
2059-02-12,28.051221434200162,19.72838744626412,0.0
2059-02-13,29.1,17.6,0.0
2059-02-14,31.9,16.2,0.0
2059-02-15,32.9,15.4,0.0
2059-02-16,32.9,16.5,0.0
2059-02-17,33.09793175828573,19.7,0.0
2059-02-18,36.048388671875,18.9,0.0
2059-02-19,36.068408203125,20.234831283468115,0.0
2059-02-20,34.31588240903865,19.492296129444675,0.0
2059-02-21,28.7,19.91156758018854,0.0
2059-02-22,30.0,19.0,0.0
2059-02-23,30.5,18.8,0.0
2059-02-24,27.7,18.1,9.425
2059-02-25,24.9,19.0,29.2
2059-02-26,26.505831363278173,19.493159435760106,0.0
2059-02-27,28.5,18.5,0.0
2059-02-28,29.6,18.2,0.0
2059-03-01,33.06271186440678,17.07006246136441,0.0
2059-03-02,36.33115234375,18.211256343226196,0.0
2059-03-03,33.000338983050845,20.3,1.7
2059-03-04,29.0,18.774197083863395,0.0
2059-03-05,32.81047040971169,18.6,4.6
2059-03-06,29.9,19.86875143998128,18.70000000000001
2059-03-07,27.6,19.4,0.0
2059-03-08,23.610989010989012,18.2,2.4
2059-03-09,23.917195767195764,18.0,0.0
2059-03-10,26.5,17.8,0.0
2059-03-11,28.5,17.5,0.0
2059-03-12,28.1,19.0,0.0
2059-03-13,28.9,19.4,0.0
2059-03-14,30.0,18.6,0.0
2059-03-15,30.876666666666665,17.8,0.0
2059-03-16,30.2,18.7,0.0
2059-03-17,32.58569254185692,18.6,0.0
2059-03-18,33.3,22.413275146484374,0.0
2059-03-19,33.44580335731415,21.409500249352735,0.0
2059-03-20,34.22119292689368,22.467718505859374,0.0
2059-03-21,33.7,19.9,0.0
2059-03-22,30.9,19.9,0.2
2059-03-23,29.5,18.9,0.0
2059-03-24,29.6,18.5,0.0
2059-03-25,29.8,18.2,0.0
2059-03-26,30.0,17.2,0.0
2059-03-27,30.6,16.7,0.0
2059-03-28,30.9,17.0,0.0
2059-03-29,29.4,17.4,0.0
2059-03-30,29.6,16.434373504183224,0.0
2059-03-31,29.01818181818182,19.0,0.0
2059-04-01,29.9,19.7,0.0
2059-04-02,31.04097222222222,17.9,0.0
2059-04-03,31.010763888888892,19.7,0.0
2059-04-04,30.2,19.371532846715326,0.0
2059-04-05,29.833913043478255,18.4,0.0
2059-04-06,31.3,18.034836065573774,0.0
2059-04-07,31.4,19.2,1.7
2059-04-08,29.6,19.7,0.0
2059-04-09,30.0,16.831895424836603,0.0
2059-04-10,30.7,16.7,0.0
2059-04-11,29.9,18.0,0.0
2059-04-12,31.11246753246753,19.7,0.0
2059-04-13,31.7,18.801376146788993,0.0
2059-04-14,33.562666666666665,16.86065359477124,0.0
2059-04-15,35.46288659793809,15.9,0.0
2059-04-16,36.12939453125,16.9,0.0
2059-04-17,36.62109375,16.9,0.0
2059-04-18,35.757568359375,19.0,0.0
2059-04-19,33.33466666666667,19.2,1.1
2059-04-20,26.3,18.9,0.0
2059-04-21,29.3,17.1,0.0
2059-04-22,28.6,15.7,0.0
2059-04-23,29.4,14.9,0.0
2059-04-24,30.0,16.0,0.0
2059-04-25,31.007465277777776,18.894495412844037,0.0
2059-04-26,32.04659090909091,18.2,0.0
2059-04-27,31.6,18.7,0.0
2059-04-28,31.1,17.1,0.0
2059-04-29,30.6,16.8,0.0
2059-04-30,30.7,16.4,0.0
2059-05-01,34.151806640625,15.6,0.0
2059-05-02,34.96845703125,17.39552159999529,0.0
2059-05-03,36.212841796875,17.9,0.0
2059-05-04,35.91962890625,18.113596266105446,0.0
2059-05-05,35.687451171875,18.28624888536399,0.0
2059-05-06,33.43469160890508,19.845947265625,0.0
2059-05-07,30.0,18.192080585390507,0.0
2059-05-08,31.6,16.5,0.0
2059-05-09,33.24725370461649,15.2,0.0
2059-05-10,28.0,15.9,0.0
2059-05-11,26.9,12.0,0.0
2059-05-12,27.8,10.8,0.0
2059-05-13,29.675766953713662,9.7,0.0
2059-05-14,31.97000855773789,11.5,0.0
2059-05-15,34.131298828125,13.771062073914585,0.0
2059-05-16,30.761325597572007,18.0,0.0
2059-05-17,22.8,16.2,0.7
2059-05-18,25.6,17.5,0.0
2059-05-19,28.0,15.2,0.0
2059-05-20,28.9,14.2,0.0
2059-05-21,29.28169442157917,14.4,0.0
2059-05-22,28.3,15.0,0.0
2059-05-23,28.4,15.2,0.0
2059-05-24,29.2,13.45920018266627,0.0
2059-05-25,31.0,14.533193796595286,0.0
2059-05-26,30.1,16.2,0.0
2059-05-27,28.5,15.2,0.0
2059-05-28,28.7,13.5,0.0
2059-05-29,30.1,11.2,0.0
2059-05-30,30.0,13.2,0.0
2059-05-31,28.3,14.1,0.0
2059-06-01,28.5,13.2,0.0
2059-06-02,30.0,12.9,0.0
2059-06-03,30.58262575701397,13.2,0.0
2059-06-04,31.37969751966122,14.051293843455072,0.0
2059-06-05,31.279822414768823,15.1,0.0
2059-06-06,27.6,17.073415027218125,0.0
2059-06-07,26.9,17.06376104812683,0.0
2059-06-08,28.6,14.2,0.0
2059-06-09,27.7,16.387937432939268,0.0
2059-06-10,27.6,14.0,0.0
2059-06-11,28.0,13.2,0.0
2059-06-12,28.2,13.2,0.0
2059-06-13,28.9,12.3,0.0
2059-06-14,30.0,12.6,0.0
2059-06-15,27.7,15.064558675025511,0.0
2059-06-16,26.3,13.8,0.0
2059-06-17,26.8,12.9,0.0
2059-06-18,27.9,12.4,0.0
2059-06-19,28.0,11.9,0.0
2059-06-20,28.6,10.9,0.0
2059-06-21,28.6,11.5,0.0
2059-06-22,29.5,11.0,0.0
2059-06-23,27.3,13.7,0.0
2059-06-24,26.2,14.454327030033381,0.0
2059-06-25,25.5,12.9,0.0
2059-06-26,25.5,11.3,0.0
2059-06-27,25.7,8.7,0.0
2059-06-28,25.0,11.5,0.0
2059-06-29,18.53835674020847,9.8,0.0
2059-06-30,20.8,8.2,0.0
2059-07-01,19.53394477274225,10.2,0.0
2059-07-02,21.3,12.9,0.0
2059-07-03,20.0,14.3,0.0
2059-07-04,22.1,10.6,0.0
2059-07-05,25.1,9.5,0.0
2059-07-06,25.7,10.4,0.0
2059-07-07,26.2,10.7,0.0
2059-07-08,24.7,12.2,0.0
2059-07-09,23.5,12.1,0.0
2059-07-10,22.2,12.0,0.0
2059-07-11,24.97727804558431,11.0,0.0
2059-07-12,21.5,12.7,0.0
2059-07-13,26.0,11.4,0.0
2059-07-14,28.8,12.5,0.0
2059-07-15,28.8,11.2,0.0
2059-07-16,29.0,8.9,0.0
2059-07-17,29.1,10.0,0.0
2059-07-18,27.1,14.0,0.0
2059-07-19,26.0,12.091157158234656,0.0
2059-07-20,25.1,12.2,0.0
2059-07-21,26.4,12.0,0.0
2059-07-22,26.0,12.4,0.0
2059-07-23,25.4,11.6,0.0
2059-07-24,25.7,10.443932262535434,0.0
2059-07-25,26.0,10.2,0.0
2059-07-26,26.0,10.8,0.0
2059-07-27,24.7,12.7,0.0
2059-07-28,26.6,10.4,0.0
2059-07-29,28.8,12.4,0.0
2059-07-30,29.7,14.708417653390734,0.0
2059-07-31,29.684819077585477,15.817816601096727,0.0
2059-08-01,28.6,15.5,0.0
2059-08-02,27.8,14.8,0.0
2059-08-03,28.0,14.0,0.0
2059-08-04,28.4,13.6,0.0
2059-08-05,28.4,13.7,0.0
2059-08-06,26.4,13.6,0.0
2059-08-07,26.6,12.1,0.0
2059-08-08,26.7,12.2,0.0
2059-08-09,26.0,13.96092697101115,0.0
2059-08-10,24.6,14.5,0.0
2059-08-11,26.1,14.1,0.0
2059-08-12,24.41447793326157,13.9,0.0
2059-08-13,25.4,14.0,0.0
2059-08-14,26.7,13.5,0.0
2059-08-15,27.6,13.6,0.0
2059-08-16,28.2,15.0,0.0
2059-08-17,28.9,15.5,0.0
2059-08-18,28.9,16.001407733510366,0.0
2059-08-19,28.5,15.4,0.0
2059-08-20,29.246754802225617,14.6,0.0
2059-08-21,29.8,15.0,0.0
2059-08-22,30.5,15.1,0.0
2059-08-23,27.691388589881587,16.78287453302095,0.0
2059-08-24,27.0,13.6,0.0
2059-08-25,28.2,12.94457147099217,0.0
2059-08-26,27.6,13.5,0.0
2059-08-27,25.9,13.6,0.0
2059-08-28,24.4,12.6,0.0
2059-08-29,26.8,13.5,0.0
2059-08-30,29.5,14.859775198514845,0.0
2059-08-31,32.9,16.7,0.0
2059-09-01,35.308256544089105,18.383589530535936,0.0
2059-09-02,36.0,19.6,0.0
2059-09-03,33.7,20.583616771594258,0.0
2059-09-04,32.0,19.167634176863178,0.0
2059-09-05,32.7,18.2,0.0
2059-09-06,33.7,17.8,0.0
2059-09-07,35.2,17.9,0.0
2059-09-08,34.21706876298908,18.9,0.0
2059-09-09,33.5,18.7,0.0
2059-09-10,33.1,18.7,0.0
2059-09-11,32.9,18.9,0.0
2059-09-12,33.1,18.9,0.0
2059-09-13,32.9,19.2,0.0
2059-09-14,34.5,20.0,0.0
2059-09-15,39.841552734375,20.0,0.0
2059-09-16,39.7607421875,24.05859375,0.0
2059-09-17,29.169587122947064,19.6,0.4
2059-09-18,34.7,21.2,0.0
2059-09-19,37.67537407154897,21.565016780604317,0.0
2059-09-20,35.4,20.956154876009947,0.0
2059-09-21,35.1,20.617160092410387,0.0
2059-09-22,37.405736777812926,19.961855609311556,0.0
2059-09-23,34.7,20.6,0.46461538461538465
2059-09-24,31.3,17.9,0.0
2059-09-25,28.3,15.0,0.0
2059-09-26,30.0,12.7,0.0
2059-09-27,31.9,13.8,0.0
2059-09-28,31.5,16.9,0.0
2059-09-29,32.0,16.9231191839171,0.0
2059-09-30,33.5,18.9,0.0
2059-10-01,36.6,19.1,0.0
2059-10-02,35.5,21.9,0.0
2059-10-03,32.7,20.4,0.0
2059-10-04,33.0,19.100752695082168,0.0
2059-10-05,34.43033650021059,19.2,0.0
2059-10-06,34.9,21.0,0.0
2059-10-07,36.0,20.5,0.0
2059-10-08,38.786474609375,20.5,0.0
2059-10-09,39.9224609375,21.7,0.0
2059-10-10,39.835791015625,22.6,0.0
2059-10-11,37.787383252869866,23.0,0.0
2059-10-12,38.8404296875,21.856104506949958,0.0
2059-10-13,36.9,22.673743215079124,0.0
2059-10-14,36.0,22.0,0.0
2059-10-15,36.0,21.0,0.0
2059-10-16,37.2,21.0,0.0
2059-10-17,33.1,19.7,0.0
2059-10-18,32.9,19.0,0.0
2059-10-19,34.9,19.91251729970782,0.0
2059-10-20,36.4,21.2,0.0
2059-10-21,36.90188465818905,22.098154207711655,0.0
2059-10-22,37.24556638194954,22.235087219042043,0.0
2059-10-23,36.917363693940466,22.231996948937468,0.0
2059-10-24,33.6,22.384163078579082,0.0
2059-10-25,31.2,20.4,0.0
2059-10-26,28.83726392014874,21.0,4.424000000000002
2059-10-27,28.310853376625666,20.224407965554352,0.0
2059-10-28,28.6,17.4,0.0
2059-10-29,30.1,14.5,0.0
2059-10-30,32.0,16.5,0.0
2059-10-31,34.9,16.5,0.0
2059-11-01,38.41125250278079,19.5,0.0
2059-11-02,36.3,22.4,0.0
2059-11-03,35.94210160731719,21.9,0.0
2059-11-04,36.4,21.3,0.0
2059-11-05,36.4,22.08057129967692,0.0
2059-11-06,36.8,21.9,0.0
2059-11-07,37.318937343621805,21.4,0.0
2059-11-08,35.2,20.7,0.0
2059-11-09,35.0,21.2,10.3
2059-11-10,32.5,20.5,28.953333333333322
2059-11-11,29.364385903035895,20.34127549128662,89.17689369828132
2059-11-12,29.9,20.2,63.36363636363636
2059-11-13,28.9,20.3,1.2
2059-11-14,29.7,20.3,20.71111111111111
2059-11-15,29.4,20.4,5.6
2059-11-16,28.9,19.9,3.8499999999999996
2059-11-17,32.2,19.4,0.0
2059-11-18,29.5,20.4,0.0
2059-11-19,28.9,20.1,0.0
2059-11-20,30.3,20.4,1.0
2059-11-21,32.2,20.6,1.6
2059-11-22,33.3,19.7,0.0
2059-11-23,32.6,21.0,1.2
2059-11-24,32.60247325560637,21.1,0.0
2059-11-25,27.1,20.9,26.545454545454533
2059-11-26,31.3,21.1,6.980000000000001
2059-11-27,31.0,21.0,8.3
2059-11-28,30.0,20.7,25.444444444444446
2059-11-29,28.0,20.7,6.9
2059-11-30,29.4,21.0,0.0
2059-12-01,29.1,20.46059553448196,0.0
2059-12-02,30.6,20.27501148188016,2.7997872340425527
2059-12-03,29.7,20.1,34.958297872340424
2059-12-04,25.6,19.0,114.29530705996123
2059-12-05,23.7,17.2,55.63844344904813
2059-12-06,26.07637034655334,15.915505086493125,0.0
2059-12-07,28.9,18.6,0.0
2059-12-08,29.5,19.0,0.0
2059-12-09,30.2,18.2,0.0
2059-12-10,30.7,17.6,0.0
2059-12-11,30.1,18.1,0.0
2059-12-12,27.7,20.0,0.0
2059-12-13,29.9,19.0,0.0
2059-12-14,31.8,18.113511219673757,0.0
2059-12-15,31.94195909580193,19.2,0.0
2059-12-16,30.2,21.0,0.0
2059-12-17,29.7,18.4,0.0
2059-12-18,31.6,16.9,0.0
2059-12-19,32.89704025323672,17.2,0.0
2059-12-20,31.882158776486214,21.880394702629744,0.0
2059-12-21,29.4,20.0,9.423191489361713
2059-12-22,31.6,17.9,0.0
2059-12-23,32.12243120800109,19.2,0.0
2059-12-24,32.4,17.6,0.0
2059-12-25,32.0,18.2,0.0
2059-12-26,31.99719917514301,17.6,0.0
2059-12-27,31.5,19.6,0.0
2059-12-28,33.1,17.5,0.0
2059-12-29,32.9,19.0,0.0
2059-12-30,26.9,19.2,0.0
2059-12-31,32.0,19.9,0.0
2060-01-01,30.2,18.9,1.3
2060-01-02,28.6,19.545072592665196,6.020000000000001
2060-01-03,27.2,18.8,1.2
2060-01-04,29.6,19.7,0.0
2060-01-05,27.7,19.6,0.0
2060-01-06,30.9,18.9,0.0
2060-01-07,32.6,17.7,0.0
2060-01-08,32.72803591765567,19.5,0.0
2060-01-09,30.973785698148806,19.91932137291637,1.3
2060-01-10,30.4,19.8,6.4
2060-01-11,26.7,19.6,69.03423423423423
2060-01-12,25.2,17.1,1.6
2060-01-13,28.5,16.3,0.0
2060-01-14,29.9,16.9,0.0
2060-01-15,30.9,19.3,0.0
2060-01-16,30.7,18.3,0.0
2060-01-17,28.6,19.113586315120543,3.0
2060-01-18,29.5,17.8,0.0
2060-01-19,30.9,18.4,0.0
2060-01-20,31.1,18.8,0.0
2060-01-21,31.8,19.7,1.0
2060-01-22,31.6,19.6,7.4
2060-01-23,31.7,19.2,2.4
2060-01-24,29.0,19.2,20.849999999999994
2060-01-25,25.75956007459409,19.6,1.0
2060-01-26,25.51953313346796,19.6,22.985714285714288
2060-01-27,26.4,18.7,0.0
2060-01-28,29.5,16.9,0.0
2060-01-29,30.0,18.2,0.0
2060-01-30,30.2,19.3,7.1
2060-01-31,29.2,19.6,2.9
2060-02-01,29.3,19.487239621025708,11.0
2060-02-02,30.0,19.0,15.86666666666667
2060-02-03,26.9,19.267315029375283,14.1
2060-02-04,28.5,18.4,2.3
2060-02-05,28.5,19.1,4.8
2060-02-06,32.9,18.8,0.0
2060-02-07,30.5,19.76977921995632,1.0
2060-02-08,26.7,19.7,0.0
2060-02-09,27.0,19.1,25.549999999999997
2060-02-10,24.6,19.2,2.5
2060-02-11,24.4,18.7,21.2
2060-02-12,26.5,18.3,25.0
2060-02-13,24.9,18.1,3.0
2060-02-14,27.635899567946602,17.0,0.0
2060-02-15,29.00367907801418,18.9,1.2
2060-02-16,28.2,19.603814232689256,13.0
2060-02-17,29.5,19.5,0.6
2060-02-18,30.553217756763864,19.434821978651755,0.0
2060-02-19,31.123718503142484,19.0,9.9
2060-02-20,30.1,18.6,0.0
2060-02-21,30.0,19.0,2.7
2060-02-22,26.0,19.0,48.17605633802817
2060-02-23,24.9,19.0,80.05000000000013
2060-02-24,26.5,16.4,0.0
2060-02-25,30.0,15.2,0.0
2060-02-26,30.7,18.9,0.0
2060-02-27,32.87801454642873,17.8,0.0
2060-02-28,31.83886052354324,17.9,0.0
2060-02-29,31.0,16.4,0.0
2060-03-01,28.3,18.3,0.0
2060-03-02,27.1,18.4,0.0
2060-03-03,26.3,17.9,0.0
2060-03-04,26.3,19.0,0.0
2060-03-05,28.8,18.6,0.2
2060-03-06,29.6,18.1,0.4
2060-03-07,28.9,18.3,0.0
2060-03-08,28.9,18.9,6.850000000000001
2060-03-09,27.651999999999997,19.4,16.275000000000002
2060-03-10,27.4,19.35237341438188,7.3
2060-03-11,28.6,19.2,1.0
2060-03-12,30.4,17.9,0.0
2060-03-13,30.3,16.5,0.0
2060-03-14,31.8,16.9,0.0
2060-03-15,33.0,16.958156375379193,0.0
2060-03-16,31.2,18.9,1.4
2060-03-17,31.0,18.4,6.0
2060-03-18,28.7,19.3,0.0
2060-03-19,27.2,18.0,0.0
2060-03-20,26.4,16.9,0.0
2060-03-21,29.7,16.0,0.0
2060-03-22,30.0,15.3,0.0
2060-03-23,30.4,14.9,0.0
2060-03-24,30.6,15.3,0.0
2060-03-25,34.420295592504615,15.0,0.0
2060-03-26,32.55433789954338,15.5,0.0
2060-03-27,28.4,17.3,0.0
2060-03-28,28.2,16.0,0.0
2060-03-29,30.2,15.0,0.0
2060-03-30,31.20333333333333,13.964100238508223,0.0
2060-03-31,31.8,14.6,0.0
2060-04-01,31.3,13.7,0.0
2060-04-02,31.2,15.447058823529417,0.0
2060-04-03,31.13688311688312,15.4,0.0
2060-04-04,31.4,16.9,0.0
2060-04-05,28.5,18.4,0.0
2060-04-06,26.4,18.4,0.0
2060-04-07,27.9,17.7,0.0
2060-04-08,29.5,18.84311926605505,0.0
2060-04-09,30.7,18.927272727272722,0.0
2060-04-10,30.9,16.6,0.0
2060-04-11,31.0,14.1,0.0
2060-04-12,31.143896103896104,15.553913043478259,0.0
2060-04-13,31.6,16.864836601307193,0.0
2060-04-14,31.9,18.3,0.0
2060-04-15,32.21913580246914,19.2,2.8399999999999994
2060-04-16,26.1,18.3,1.4799999999999998
2060-04-17,29.5,17.0,26.461764705882352
2060-04-18,27.3,18.302604166666665,0.0
2060-04-19,28.5,17.1,0.0
2060-04-20,27.6,15.9,0.0
2060-04-21,27.0,14.4,0.0
2060-04-22,26.4,13.6,0.0
2060-04-23,27.3,11.5,0.0
2060-04-24,28.2,11.7,0.0
2060-04-25,28.1,15.0,0.0
2060-04-26,28.6,15.2,0.0
2060-04-27,29.5,17.1,0.0
2060-04-28,30.2,15.1,0.0
2060-04-29,30.2,15.5,0.0
2060-04-30,28.3,15.2,0.0
2060-05-01,25.4,15.3,1.3476190476190475
2060-05-02,26.0,13.0,0.0
2060-05-03,26.4,11.968634594684106,0.0
2060-05-04,26.9,12.4,0.0
2060-05-05,27.3,11.9,0.0
2060-05-06,28.7,10.0,0.0
2060-05-07,29.5,10.7,0.0
2060-05-08,28.4,13.0,0.0
2060-05-09,26.4,13.5,0.0
2060-05-10,27.5,12.9,0.0
2060-05-11,27.5,12.5,0.0
2060-05-12,27.9,11.5,0.0
2060-05-13,28.7,10.3,0.0
2060-05-14,27.9,16.3,0.0
2060-05-15,26.2,18.17099592851963,0.0
2060-05-16,21.56778948667494,15.7,16.57224199288256
2060-05-17,23.395073766858733,15.025739782631327,0.0
2060-05-18,25.1,12.3,0.0
2060-05-19,25.6,11.2,0.0
2060-05-20,26.336307857911724,12.9,0.0
2060-05-21,27.5,16.3,0.0
2060-05-22,26.7,13.4,0.0
2060-05-23,25.4,12.0,0.0
2060-05-24,22.0,12.5,0.0
2060-05-25,25.7,10.7,0.0
2060-05-26,26.1,9.33711278555196,0.0
2060-05-27,27.3,10.1,0.0
2060-05-28,28.635659749167644,11.7,0.0
2060-05-29,29.0,12.4,0.0
2060-05-30,28.7,12.7,0.0
2060-05-31,29.1,11.2,0.0
2060-06-01,28.6,12.0,0.0
2060-06-02,28.9,11.7,0.0
2060-06-03,29.0,11.5,0.0
2060-06-04,27.6,13.0,0.0
2060-06-05,26.5,12.8,0.0
2060-06-06,25.5,15.4,0.0
2060-06-07,27.027753058954403,13.2,0.0
2060-06-08,28.23102429490711,13.4,0.0
2060-06-09,28.723481090100123,14.2,0.0
2060-06-10,28.0,13.2,0.0
2060-06-11,27.9,11.9,0.0
2060-06-12,25.8,14.1,0.0
2060-06-13,18.99978547592563,12.0,1.9
2060-06-14,20.125683351872453,12.3,0.0
2060-06-15,21.0,13.394999864347927,0.0
2060-06-16,21.9,12.7,0.0
2060-06-17,22.5,13.695866374825082,0.0
2060-06-18,20.5,13.2,0.0
2060-06-19,23.9,12.6,0.0
2060-06-20,25.3,10.2,0.0
2060-06-21,25.7,9.5,0.0
2060-06-22,26.6,11.738876165965094,0.0
2060-06-23,25.9,12.275407017898681,0.0
2060-06-24,20.0,11.471380899412049,0.0
2060-06-25,22.1,12.4,0.0
2060-06-26,22.1,10.2,0.0
2060-06-27,22.1,8.9,0.0
2060-06-28,21.259423168600033,9.0,0.0
2060-06-29,19.405383373135322,12.6,0.0
2060-06-30,22.33429736744531,9.3,0.0
2060-07-01,22.6,7.2947147470398255,0.0
2060-07-02,24.0,10.5,0.0
2060-07-03,24.4,8.9,0.0
2060-07-04,22.7,9.9,0.0
2060-07-05,22.1,10.5,0.0
2060-07-06,22.6,11.0,0.0
2060-07-07,21.6,9.9,0.0
2060-07-08,21.144329851918656,10.0,0.0
2060-07-09,21.3,6.5,0.0
2060-07-10,23.3,10.2,0.0
2060-07-11,22.520292089721583,8.6,0.0
2060-07-12,19.486280773637972,8.9,0.0
2060-07-13,20.3,13.6,0.0
2060-07-14,21.6,13.4,0.0
2060-07-15,22.6,12.9,0.0
2060-07-16,21.6,9.3,0.0
2060-07-17,24.7,10.2,0.0
2060-07-18,26.0,9.9,0.0
2060-07-19,25.9,9.5,0.0
2060-07-20,25.2,7.4,0.0
2060-07-21,26.11442879206252,6.0,0.0
2060-07-22,27.068083961248647,9.1,0.0
2060-07-23,28.7,10.0,0.0
2060-07-24,30.7,12.2,0.0
2060-07-25,30.831556613897266,12.513391621449442,0.0
2060-07-26,27.1,15.293391915494253,0.0
2060-07-27,24.2,13.9,0.0
2060-07-28,26.5,11.1,0.0
2060-07-29,26.4,11.2,0.0
2060-07-30,25.4,10.4,0.0
2060-07-31,26.6,9.1,0.0
2060-08-01,26.0,8.41038069103534,0.0
2060-08-02,26.160982713860566,11.4,0.0
2060-08-03,25.0,12.2,0.0
2060-08-04,23.5,11.5,0.0
2060-08-05,23.53020726566286,11.7,0.0
2060-08-06,22.0,10.2,0.0
2060-08-07,24.3,9.2,0.0
2060-08-08,22.9,10.489333882099663,0.0
2060-08-09,22.6,8.18374790290829,0.0
2060-08-10,23.7,8.0,0.0
2060-08-11,24.8,8.5,0.0
2060-08-12,28.0,9.5,0.0
2060-08-13,31.4,12.548427221624204,0.0
2060-08-14,32.5,15.0,0.0
2060-08-15,29.7,15.726497885288548,0.0
2060-08-16,27.0,15.4,0.0
2060-08-17,25.6,13.4,0.0
2060-08-18,24.2,11.3,0.0
2060-08-19,25.6,11.5,0.0
2060-08-20,26.3,12.4,0.0
2060-08-21,26.8,13.7,0.0
2060-08-22,28.67607660687323,14.0,0.0
2060-08-23,29.6,13.996127976505276,0.0
2060-08-24,31.2,14.5,0.0
2060-08-25,32.5,16.3,0.0
2060-08-26,32.79630458775597,17.4,0.0
2060-08-27,32.57974486407255,17.5,0.0
2060-08-28,32.1,16.88986390896509,0.0
2060-08-29,34.18669098945471,16.4,0.0
2060-08-30,37.80859375,18.094055283628173,0.0
2060-08-31,34.51053114702132,19.15257700379196,0.0
2060-09-01,34.1,20.0,0.0
2060-09-02,35.2,20.6,0.0
2060-09-03,33.5,19.9,0.0
2060-09-04,31.9,18.99433309738093,0.0
2060-09-05,31.8,17.15971184914455,0.0
2060-09-06,33.0,16.9,0.0
2060-09-07,33.5,17.80103999927653,0.0
2060-09-08,32.9,18.13645596556562,0.0
2060-09-09,31.915007786429367,17.7,0.0
2060-09-10,31.4,17.0,0.0
2060-09-11,30.5,17.009633575018466,0.0
2060-09-12,30.2,16.4,0.0
2060-09-13,30.0,16.7,0.0
2060-09-14,30.0,14.2,0.0
2060-09-15,30.7,15.1,0.0
2060-09-16,29.3,16.4,0.0
2060-09-17,28.5,14.6,0.0
2060-09-18,29.6,14.4,0.0
2060-09-19,31.6,15.0,0.0
2060-09-20,31.7,17.7,0.0
2060-09-21,32.1,18.9,0.0
2060-09-22,32.9,18.9,0.0
2060-09-23,30.0,15.4,0.0
2060-09-24,24.00679542926484,12.8,0.0
2060-09-25,23.324099504499948,9.026832467252172,0.0
2060-09-26,24.79365311188287,10.1,0.0
2060-09-27,26.79708366832234,11.4,0.0
2060-09-28,29.2,12.4,0.0
2060-09-29,32.9,14.083547913757599,0.0
2060-09-30,35.2,15.9,0.0
2060-10-01,32.9,20.0,0.0
2060-10-02,30.6,15.9,0.0
2060-10-03,30.7,15.295932743796923,0.0
2060-10-04,31.1,15.9,0.0
2060-10-05,30.7,15.83828621088079,0.0
2060-10-06,31.3,15.4,0.0
2060-10-07,32.9,16.7,0.0
2060-10-08,34.9,18.9,0.0
2060-10-09,35.6,21.4,0.0
2060-10-10,34.6,21.1,0.0
2060-10-11,34.1,20.4,0.0
2060-10-12,34.9,20.0,0.0
2060-10-13,35.47722116419639,19.5,0.0
2060-10-14,34.0,20.2,0.0
2060-10-15,33.3,18.9,0.0
2060-10-16,33.5,18.4,0.0
2060-10-17,34.2,19.0,0.0
2060-10-18,35.0,19.6,0.0
2060-10-19,35.4,20.348781602424005,0.0
2060-10-20,34.10693218514531,21.4,0.0
2060-10-21,33.9,20.60412501922189,0.0
2060-10-22,33.2,19.0,0.0
2060-10-23,33.6,18.26474165769644,0.0
2060-10-24,34.3,19.0,0.0
2060-10-25,35.2,20.2,0.0
2060-10-26,35.5,20.7,0.0
2060-10-27,35.5,21.2,0.0
2060-10-28,35.6,21.0,0.0
2060-10-29,36.9,21.4,0.0
2060-10-30,37.87791521370602,21.9,0.0
2060-10-31,36.9,23.044660266690087,0.0
2060-11-01,36.63050138013431,22.977163083502752,0.0
2060-11-02,36.2,22.206482600758036,0.0
2060-11-03,36.0,22.1,0.0
2060-11-04,35.9,21.4462375550428,0.0
2060-11-05,36.2,21.4,0.0
2060-11-06,36.4,21.4,0.0
2060-11-07,36.2,22.194055496519475,0.0
2060-11-08,36.0,20.97199619389684,0.0
2060-11-09,36.0,22.1,0.0
2060-11-10,36.4,22.19209332216602,0.0
2060-11-11,34.4,21.440645712867376,0.0
2060-11-12,33.5,20.4,1.8
2060-11-13,34.0,20.1,0.0
2060-11-14,35.3,21.760802513534035,0.0
2060-11-15,35.3,22.6,0.0
2060-11-16,36.2,22.1,0.0
2060-11-17,35.3,21.5,0.0
2060-11-18,36.2,21.31525674522079,0.0
2060-11-19,34.5,21.558057020528956,0.0
2060-11-20,34.66026038529336,20.7,0.0
2060-11-21,35.7,18.9,0.0
2060-11-22,36.4,18.9,0.0
2060-11-23,36.4,21.4,0.0
2060-11-24,36.3,21.3,0.0
2060-11-25,37.519239422248624,21.4,0.0
2060-11-26,37.05023632629352,22.1,0.0
2060-11-27,37.65370439664431,22.572436259827676,0.0
2060-11-28,37.61111031647614,22.96268147558591,0.0
2060-11-29,37.3115976048044,23.2,0.0
2060-11-30,36.3,22.1,0.8
2060-12-01,32.153917460052035,20.7663601128305,3.638723404255321
2060-12-02,26.5,20.418417537823505,14.17212765957447
2060-12-03,25.4,18.4,32.962340425531906
2060-12-04,25.3,17.8,0.0
2060-12-05,27.0,19.9,0.0
2060-12-06,29.5,21.0,0.0
2060-12-07,30.4,21.2967455477777,0.0
2060-12-08,32.0,20.3,0.0
2060-12-09,32.67653110020056,21.0,0.0
2060-12-10,32.70976595472814,20.94648348102567,0.0
2060-12-11,33.66181671665467,20.536127356680772,0.0
2060-12-12,31.2,20.51768489752636,0.3
2060-12-13,28.7,20.418763826794432,4.0
2060-12-14,26.5,20.331533044082047,4.744468085106384
2060-12-15,26.2,20.452284599179805,1.2
2060-12-16,27.9,20.168899561149285,4.644255319148937
2060-12-17,25.4,20.258981072838182,7.628145896656538
2060-12-18,28.9,17.5,0.0
2060-12-19,29.0,15.5,0.0
2060-12-20,28.5,14.7,0.0
2060-12-21,29.6,14.747717456920423,0.0
2060-12-22,30.4,16.1,0.0
2060-12-23,31.4,17.0,0.0
2060-12-24,32.0,17.6,0.0
2060-12-25,33.670614154878535,20.0,0.0
2060-12-26,32.4,20.261822142985288,1.1151063829787236
2060-12-27,33.07871459856723,18.5,0.0
2060-12-28,32.661948888144586,18.0,0.0
2060-12-29,32.1,20.1,39.13021276595745
2060-12-30,25.7,19.5,26.913191489361697
2060-12-31,28.7,19.5,0.0
2061-01-01,27.5,19.68528041942074,10.9
2061-01-02,27.9,19.7,0.0
2061-01-03,29.5,19.605472535314977,0.0
2061-01-04,30.9,19.8,1.0
2061-01-05,30.0,19.621921356633155,5.4
2061-01-06,28.4,19.7,15.8
2061-01-07,27.1,19.5,35.40000000000001
2061-01-08,26.8,19.6,3.0
2061-01-09,25.7,19.6,9.0
2061-01-10,28.9,18.9,2.8
2061-01-11,30.9,19.6,27.4
2061-01-12,28.1,18.9,7.1
2061-01-13,27.7,17.9,0.0
2061-01-14,26.5,18.4,9.9
2061-01-15,28.0,19.3,35.120000000000005
2061-01-16,30.0,19.4,11.0
2061-01-17,29.8,19.0,0.0
2061-01-18,30.1,19.3,1.4
2061-01-19,31.0,18.9,0.0
2061-01-20,30.6,19.71125857447392,2.4
2061-01-21,31.0,19.3,0.0
2061-01-22,30.7344021253693,19.613627833279455,0.0
2061-01-23,31.5,19.6,0.0
2061-01-24,32.6,18.6,0.0
2061-01-25,31.0,17.7,0.0
2061-01-26,31.69977492905371,18.4,1.0
2061-01-27,25.1,18.5,10.0
2061-01-28,24.0,18.3,9.3
2061-01-29,25.36900902879988,18.3,13.671428571428573
2061-01-30,25.1,19.0,1.0
2061-01-31,26.028077840393422,19.1,0.0
2061-02-01,24.0,18.2,0.0
2061-02-02,29.6,17.9,0.0
2061-02-03,32.9,16.1,0.0
2061-02-04,33.05867483511329,18.1,0.0
2061-02-05,32.1365813886353,19.7,0.0
2061-02-06,31.2,19.5,0.2
2061-02-07,29.6,19.48249143629082,12.4
2061-02-08,26.9,19.73123449948104,43.14285714285716
2061-02-09,28.3,19.222829557884356,14.9
2061-02-10,25.3,19.1,2.8
2061-02-11,27.5,19.0,0.0
2061-02-12,28.3,20.01407483276224,0.0
2061-02-13,31.0877544254166,19.4,13.5
2061-02-14,28.1,18.7,17.9
2061-02-15,29.3,19.0,0.0
2061-02-16,27.6,17.6,0.0
2061-02-17,29.2,16.5,1.0
2061-02-18,28.9,17.9,2.3
2061-02-19,30.2,17.3,14.0
2061-02-20,28.6,18.9,42.5
2061-02-21,27.9,18.9,6.4333333333333345
2061-02-22,30.0,17.6,2.1599999999999997
2061-02-23,30.9,17.9,2.7
2061-02-24,31.667407833365278,17.4,0.0
2061-02-25,29.4,19.654425670977606,4.8
2061-02-26,27.6,19.9,17.9
2061-02-27,26.7,18.8,12.4
2061-02-28,25.9,18.0,13.6
2061-03-01,27.4,18.5,1.2
2061-03-02,24.836301369863012,17.1,0.0
2061-03-03,20.591847041847043,16.5,90.1
2061-03-04,21.397804391217566,16.9,90.1
2061-03-05,20.57420634920635,16.5,0.0
2061-03-06,27.4,17.1,0.0
2061-03-07,28.7,17.9,0.0
2061-03-08,30.881666666666664,18.6,0.2
2061-03-09,30.7,17.6,0.0
2061-03-10,30.0,17.7,0.0
2061-03-11,32.1,17.5,1.3
2061-03-12,27.0,19.2,0.0
2061-03-13,24.996296296296297,18.2,0.0
2061-03-14,27.5,19.4,0.0
2061-03-15,29.2,18.6,0.0
2061-03-16,31.161173814898415,16.4,0.0
2061-03-17,30.3,16.0,0.0
2061-03-18,30.6,16.5,0.0
2061-03-19,30.0,17.0,0.0
2061-03-20,29.4,18.0,0.0
2061-03-21,30.2,16.6,0.0
2061-03-22,32.0,15.3,0.0
2061-03-23,31.5,16.5,0.0
2061-03-24,30.9,19.0,0.0
2061-03-25,31.1,19.2,0.0
2061-03-26,31.158465011286676,18.2,0.0
2061-03-27,31.2,17.05367214108582,0.0
2061-03-28,31.2,18.0,0.0
2061-03-29,32.50654490106545,16.8,0.0
2061-03-30,32.50167427701675,16.5,0.0
2061-03-31,32.5,15.7,0.0
2061-04-01,30.4,15.0,2.8
2061-04-02,30.6,18.4,3.1000000000000005
2061-04-03,31.2,18.1,0.0
2061-04-04,31.8,18.47549019607843,0.0
2061-04-05,33.2,19.2,2.939999999999999
2061-04-06,30.0,18.9,12.5
2061-04-07,22.71108033240997,17.812875536480686,17.450000000000003
2061-04-08,27.2,18.4,25.99047619047619
2061-04-09,28.2,17.5,2.0
2061-04-10,28.0,17.4,12.73333333333333
2061-04-11,28.2,18.1,1.4399999999999997
2061-04-12,28.9,16.2,0.0
2061-04-13,28.6,15.085858585858583,0.0
2061-04-14,29.6,14.3,0.0
2061-04-15,29.9,15.2,0.0
2061-04-16,30.1,15.2,0.0
2061-04-17,29.811304347826084,18.6,0.0
2061-04-18,27.8,17.5,0.9666666666666666
2061-04-19,28.5,16.5,0.0
2061-04-20,29.7,16.9,0.0
2061-04-21,29.0,15.0,0.0
2061-04-22,28.1,13.9,0.0
2061-04-23,27.4,13.6,0.0
2061-04-24,27.6,14.4,0.0
2061-04-25,28.4,13.3,0.0
2061-04-26,28.5,15.4,0.0
2061-04-27,27.7,14.3,0.0
2061-04-28,28.1,12.2,0.0
2061-04-29,28.6,11.9,0.0
2061-04-30,28.2,12.9,0.0
2061-05-01,28.1,13.1,0.0
2061-05-02,28.2,13.0,0.0
2061-05-03,28.0,13.0,0.0
2061-05-04,26.5,12.2,0.0
2061-05-05,28.3,10.7,0.0
2061-05-06,27.0,13.0,0.0
2061-05-07,25.3,17.8,0.0
2061-05-08,26.1,15.026685648807234,0.0
2061-05-09,27.5,14.1,0.0
2061-05-10,28.9,13.1,0.0
2061-05-11,29.0,12.0,0.0
2061-05-12,28.6,12.7,0.0
2061-05-13,25.7,15.0,0.0
2061-05-14,26.4,14.0,0.0
2061-05-15,27.2,14.0,0.0
2061-05-16,27.5,15.0,0.0
2061-05-17,28.7,13.1,0.0
2061-05-18,29.42830173056222,12.6,0.0
2061-05-19,29.0,14.8,0.0
2061-05-20,30.2,14.6,0.0
2061-05-21,30.1,15.625828927762772,0.0
2061-05-22,29.4,15.019749296850568,0.0
2061-05-23,30.3,13.0,0.0
2061-05-24,30.1,13.6,0.0
2061-05-25,30.2,17.8,0.0
2061-05-26,30.1,17.5,0.0
2061-05-27,26.4,13.4,0.0
2061-05-28,26.2,11.4,0.0
2061-05-29,27.4,10.0,0.0
2061-05-30,27.5,11.7,0.0
2061-05-31,28.0,11.4,0.0
2061-06-01,28.496445256634352,11.2,0.0
2061-06-02,29.04971876508492,11.988794133399251,0.0
2061-06-03,28.0,13.0,0.0
2061-06-04,28.2,15.9,0.0
2061-06-05,27.949275104925174,20.765576171875,0.0
2061-06-06,28.6,17.584377309255895,0.0
2061-06-07,26.7,12.3,0.0
2061-06-08,26.9,9.7,0.0
2061-06-09,28.0,10.2,0.0
2061-06-10,26.496678601223582,13.982513315015224,0.0
2061-06-11,22.9,13.2,0.0
2061-06-12,23.5,11.5,0.0
2061-06-13,23.9,9.186896963704529,0.0
2061-06-14,25.0,6.9,0.0
2061-06-15,22.0,11.4,0.0
2061-06-16,26.0,15.991173964176587,0.0
2061-06-17,24.7,15.4,0.0
2061-06-18,20.9,12.4,0.0
2061-06-19,22.5,11.5,0.0
2061-06-20,23.99578544061303,10.8,0.0
2061-06-21,22.0,13.4,0.0
2061-06-22,25.8,12.3,0.0
2061-06-23,26.0,9.7,0.0
2061-06-24,25.6,11.5,0.0
2061-06-25,20.66516717921874,10.2,0.0
2061-06-26,17.575893115197815,9.4,1.9
2061-06-27,18.912835863174404,10.1,0.0
2061-06-28,21.1,11.721819450805905,0.0
2061-06-29,23.0,9.2,0.0
2061-06-30,20.1,15.039676958012752,0.0
2061-07-01,21.6,12.7,0.0
2061-07-02,21.9,11.0,0.0
2061-07-03,20.7,12.7,0.0
2061-07-04,19.953619019338554,13.853547457734432,0.0
2061-07-05,21.6,13.4,0.0
2061-07-06,20.3,9.8,0.0
2061-07-07,22.3,9.9,0.0
2061-07-08,22.5,14.2,0.0
2061-07-09,20.0,11.2,0.0
2061-07-10,20.0,8.5,0.0
2061-07-11,21.6,5.0,0.0
2061-07-12,21.5,8.505289866215588,0.0
2061-07-13,24.7,10.5,0.0
2061-07-14,23.3,12.9,0.0
2061-07-15,25.3,9.0,0.0
2061-07-16,26.7,8.524573273873594,0.0
2061-07-17,26.7,10.4,0.0
2061-07-18,26.1,11.2,0.0
2061-07-19,26.4,10.2,0.0
2061-07-20,26.7,9.3,0.0
2061-07-21,26.4,10.0,0.0
2061-07-22,25.7,9.9,0.0
2061-07-23,26.0,7.0,0.0
2061-07-24,28.2,8.0,0.0
2061-07-25,29.2,8.9,0.0
2061-07-26,29.4,8.9,0.0
2061-07-27,26.6,13.994740888820541,0.0
2061-07-28,25.7,11.024673669623745,0.0
2061-07-29,26.7,10.4,0.0
2061-07-30,28.2,11.07742598022839,0.0
2061-07-31,29.2,9.5,0.0
2061-08-01,28.2,8.4,0.0
2061-08-02,27.6,10.2,0.0
2061-08-03,28.6,8.5,0.0
2061-08-04,28.6,8.0,0.0
2061-08-05,25.4,12.0,0.0
2061-08-06,24.946802840376403,9.4,0.0
2061-08-07,26.0,10.5,0.0
2061-08-08,27.1,12.3,0.0
2061-08-09,28.07759450389413,13.0,0.0
2061-08-10,29.6,14.2,0.0
2061-08-11,30.811796300200847,15.4,0.0
2061-08-12,31.2,17.885867476938586,0.0
2061-08-13,31.2,18.881681404404027,0.0
2061-08-14,30.85160650056446,18.768358861911764,0.0
2061-08-15,27.3,16.9,0.0
2061-08-16,22.850071761750986,15.0,0.0
2061-08-17,22.9,15.0,0.0
2061-08-18,22.5,14.0,0.0
2061-08-19,25.5,15.0,0.0
2061-08-20,29.049543287713355,13.4,0.0
2061-08-21,30.28890608180839,15.755420696201993,0.0
2061-08-22,30.8,17.4,0.0
2061-08-23,29.6,17.2,0.0
2061-08-24,28.3,16.21563388654145,0.0
2061-08-25,28.9,14.0,0.0
2061-08-26,31.0,14.852399797378592,0.0
2061-08-27,32.5,14.5,0.0
2061-08-28,31.5,16.835490927264335,0.0
2061-08-29,30.0,17.4,0.0
2061-08-30,27.0,15.605684225146705,0.0
2061-08-31,26.4,13.9,0.0
2061-09-01,27.64339670340783,12.6,0.0
2061-09-02,28.2,11.5,0.0
2061-09-03,28.7,11.0,0.0
2061-09-04,29.0,12.6,0.0
2061-09-05,29.0,13.769484612532445,0.0
2061-09-06,29.384729064039412,13.661088511044017,0.0
2061-09-07,30.7,14.1,0.0
2061-09-08,30.0,16.7,0.0
2061-09-09,28.7,15.5,0.0
2061-09-10,29.6,14.350506735879376,0.0
2061-09-11,30.3,14.0,0.0
2061-09-12,31.2,14.9,0.0
2061-09-13,31.5,15.6,0.0
2061-09-14,29.5,16.7,0.0
2061-09-15,28.5,14.0,0.0
2061-09-16,30.3,12.0,0.0
2061-09-17,32.1,14.1,0.0
2061-09-18,33.1,16.3,0.0
2061-09-19,31.6,19.2,0.0
2061-09-20,31.3,17.2,0.0
2061-09-21,32.6,16.7,0.0
2061-09-22,36.0,18.2,0.0
2061-09-23,37.47641839850091,20.593451805302323,0.0
2061-09-24,39.102783203125,23.35546875,0.0
2061-09-25,39.4560546875,21.523278470513947,0.0
2061-09-26,33.1,20.0,0.0
2061-09-27,31.7,19.0,0.0
2061-09-28,32.3,18.4,0.0
2061-09-29,33.4,19.7,0.0
2061-09-30,21.9798059699781,17.12060384554267,3.9
2061-10-01,24.787192192025568,14.8,0.9
2061-10-02,28.9,14.1,0.0
2061-10-03,29.3,19.6,0.0
2061-10-04,26.3,17.6,0.0
2061-10-05,27.3,15.9,0.0
2061-10-06,27.7,13.233176199844102,0.0
2061-10-07,29.2,11.519536090426898,0.0
2061-10-08,30.6,11.6,0.0
2061-10-09,32.1,13.0,0.0
2061-10-10,33.0,16.5,0.0
2061-10-11,34.0,17.8,0.0
2061-10-12,34.9,18.2,0.0
2061-10-13,34.6,19.4,0.0
2061-10-14,33.1,19.0,0.0
2061-10-15,33.5,17.454359526372443,0.0
2061-10-16,34.06476879737993,17.6,0.0
2061-10-17,32.3,19.3,0.0
2061-10-18,29.9,18.0,0.0
2061-10-19,29.73074273412271,15.85284166658437,0.0
2061-10-20,30.1,13.374935414424112,0.0
2061-10-21,32.0,13.051739670447958,0.0
2061-10-22,34.0,13.0,0.0
2061-10-23,34.6,17.9,0.0
2061-10-24,34.0,19.55180301399353,0.0
2061-10-25,35.57210751215056,19.7,0.0
2061-10-26,38.42197265625,21.0,0.0
2061-10-27,31.7,17.6,0.0
2061-10-28,29.329314675278077,14.1,0.0
2061-10-29,30.8,13.6,0.0
2061-10-30,32.0,14.234660925726587,0.0
2061-10-31,33.0,15.9,0.0
2061-11-01,36.4,19.0,0.0
2061-11-02,37.5821078146531,20.4,0.0
2061-11-03,36.87996972581216,22.0,0.0
2061-11-04,36.4,22.3,0.0
2061-11-05,37.587351809447675,22.737581712886993,0.0
2061-11-06,36.3,22.3,0.0
2061-11-07,36.048113079573504,21.5,0.0
2061-11-08,36.5,22.1,0.0
2061-11-09,36.5,21.5,0.0
2061-11-10,36.64845383759733,21.781953201665257,0.0
2061-11-11,36.2,22.1,0.0
2061-11-12,35.838455923248056,21.2,0.0
2061-11-13,36.3,21.4,0.0
2061-11-14,39.8857421875,21.20283520851949,0.0
2061-11-15,38.89038026467347,22.1,0.0
2061-11-16,39.935302734375,21.820072238466707,0.0
2061-11-17,40.487548828125,23.145460815921098,0.0
2061-11-18,40.426025390625,23.661754631096628,0.0
2061-11-19,40.834228515625,23.186294506186815,0.0
2061-11-20,39.4509557735055,24.421148681640624,0.0
2061-11-21,36.758785952645795,23.3,0.0
2061-11-22,37.587886910957316,22.9,0.0
2061-11-23,37.142392304115276,23.54168527630494,0.0
2061-11-24,38.90681008054911,23.111804027064483,0.0
2061-11-25,39.896728515625,23.114230942181624,0.0
2061-11-26,39.06375160533146,25.01669921875,0.0
2061-11-27,37.2,21.5,0.0
2061-11-28,32.1,21.1,0.7
2061-11-29,34.6,20.0,0.0
2061-11-30,35.2,21.826375621511456,6.91
2061-12-01,32.0,21.0,28.3
2061-12-02,25.0,20.0,64.96028239845255
2061-12-03,24.8,19.6,25.501276595744677
2061-12-04,29.9,17.6,0.0
2061-12-05,30.9,18.4,0.0
2061-12-06,32.4,18.2,0.0
2061-12-07,31.6,19.9,18.945106382978725
2061-12-08,31.1,19.200830385975703,0.0
2061-12-09,30.7,18.5,0.0
2061-12-10,32.0,20.0,5.0
2061-12-11,30.0,19.6,0.1
2061-12-12,29.4,20.283534692321492,12.669574468085111
2061-12-13,31.7,19.4,0.0
2061-12-14,28.289718415116585,20.5,5.0
2061-12-15,30.7,19.9,25.16723404255319
2061-12-16,31.69968768477386,19.6,0.0
2061-12-17,31.0,20.501422001726546,0.0
2061-12-18,31.637988061454145,19.9,0.0
2061-12-19,29.4,19.8,6.6
2061-12-20,29.9,20.5,16.75234042553192
2061-12-21,29.9,20.5,40.13297872340424
2061-12-22,30.0,20.130450462069593,33.28170212765957
2061-12-23,27.0,20.497201205872106,18.978510638297873
2061-12-24,25.0,20.282198824901336,53.8
2061-12-25,26.168756727664153,19.8,0.0
2061-12-26,27.1,18.6,0.0
2061-12-27,29.4,19.9,3.4
2061-12-28,28.7,20.26336497578041,26.4
2061-12-29,25.891005188616486,20.0,9.2
2061-12-30,25.3,20.0,0.0
2061-12-31,27.7,20.280392581629,9.2
2062-01-01,29.0,19.7,11.0
2062-01-02,28.445894901653787,19.7,23.299999999999997
2062-01-03,29.5,19.7,20.7
2062-01-04,28.2,19.0,14.3
2062-01-05,27.7,19.2,1.8
2062-01-06,28.9,19.8,0.0
2062-01-07,29.9,19.6,0.0
2062-01-08,31.6,18.0,0.0
2062-01-09,30.9,18.8,0.0
2062-01-10,31.2,19.2,20.905263157894737
2062-01-11,26.1,19.8,22.3
2062-01-12,25.7,19.6,0.0
2062-01-13,27.4,19.6,0.0
2062-01-14,29.0,17.2,0.0
2062-01-15,29.3,18.2,0.0
2062-01-16,30.4,17.0,0.0
2062-01-17,31.48763720196977,18.3,0.0
2062-01-18,29.1,19.8,2.1
2062-01-19,29.5,19.4,11.2
2062-01-20,27.9,18.7,31.799999999999976
2062-01-21,31.9,19.4,33.94444444444444
2062-01-22,27.6,19.672891968911138,27.4
2062-01-23,29.2,19.6,10.750000000000004
2062-01-24,25.658146743083233,19.522476209924584,13.5
2062-01-25,24.0,19.5,27.374999999999996
2062-01-26,24.9,19.51565979805986,20.936842105263157
2062-01-27,26.0,19.6,19.0
2062-01-28,27.5,19.64821873693387,15.839999999999998
2062-01-29,28.8649953547864,19.4,0.4
2062-01-30,28.2,19.52949019894481,6.2
2062-01-31,25.5,19.538731094014118,26.0
2062-02-01,24.9,18.9,24.1
2062-02-02,26.7,17.7,2.1199999999999997
2062-02-03,27.9,17.6,0.0
2062-02-04,29.6,20.25314662685427,0.0
2062-02-05,31.663161299597466,19.1,0.0
2062-02-06,30.572186514972426,18.4,0.0
2062-02-07,30.717546003450273,18.5,0.0
2062-02-08,32.869704066338656,17.5,0.0
2062-02-09,32.1,19.0,0.0
2062-02-10,32.16823709321285,18.8,0.0
2062-02-11,31.9,16.8,0.0
2062-02-12,32.0,16.2,0.0
2062-02-13,33.07955542677373,15.3,0.0
2062-02-14,34.785305152485286,17.3,1.3
2062-02-15,32.9,19.1,0.0
2062-02-16,29.7,19.812393766504513,0.0
2062-02-17,29.1,18.2,0.0
2062-02-18,30.0,18.446983424206394,0.0
2062-02-19,29.9,20.278931822880537,0.0
2062-02-20,27.4,16.5,0.0
2062-02-21,30.0,14.9,0.0
2062-02-22,32.07306208784373,15.323491433661907,0.0
2062-02-23,32.9,15.9,0.0
2062-02-24,33.919626400402926,15.4,0.0
2062-02-25,35.59274201821436,20.266264824443784,6.4
2062-02-26,32.9,19.13751360276183,0.0
2062-02-27,32.92238394364838,19.5,0.0
2062-02-28,32.441311788500116,20.285332166417824,2.1800000000000006
2062-03-01,32.9,19.9,1.8
2062-03-02,32.75341426403643,19.2,1.3
2062-03-03,33.50419501133786,19.80288250983337,0.0
2062-03-04,33.2,20.306663915780245,0.0
2062-03-05,33.0,19.4,0.0
2062-03-06,33.0,22.352789306640627,0.0
2062-03-07,30.7,18.9,0.0
2062-03-08,30.9,18.4,0.0
2062-03-09,32.0,19.4,8.685714285714285
2062-03-10,25.6,19.2,1.4
2062-03-11,28.0,18.5,1.8
2062-03-12,31.2,17.3,0.0
2062-03-13,32.881790591805775,16.0,0.0
2062-03-14,34.85946159936656,17.9,0.0
2062-03-15,34.66838215888099,19.600260344957064,0.0
2062-03-16,28.8,19.9,0.0
2062-03-17,27.9,16.9,0.0
2062-03-18,28.9,15.2,0.0
2062-03-19,30.8,14.6,0.0
2062-03-20,33.0,17.5,0.0
2062-03-21,33.46067146282974,15.2,0.0
2062-03-22,33.24774436090226,14.1,0.0
2062-03-23,35.11826171875,13.9,0.0
2062-03-24,36.309912109375,15.033329916107094,0.0
2062-03-25,36.43076171875,16.4,0.0
2062-03-26,36.586279296875,17.0,0.0
2062-03-27,36.239599609375,19.852177967234386,0.0
2062-03-28,33.586507936507935,19.9,0.0
2062-03-29,32.411702127659574,19.8,0.0
2062-03-30,32.538356164383565,17.6,0.0
2062-03-31,33.751327433628305,16.2,0.0
2062-04-01,32.0,18.0,0.0
2062-04-02,31.039409722222224,17.8,0.0
2062-04-03,31.3,16.5,0.0
2062-04-04,31.38227360308285,17.5,0.0
2062-04-05,32.0,17.5,0.0
2062-04-06,31.8,18.1,0.0
2062-04-07,32.7,17.2,0.0
2062-04-08,34.00176750509858,16.6,0.0
2062-04-09,32.5,18.3,0.0
2062-04-10,31.0,18.1,0.0
2062-04-11,32.0,17.7,0.0
2062-04-12,33.0277179236043,17.6,0.0
2062-04-13,33.2,18.790909090909096,0.0
2062-04-14,30.4,19.0,12.523333333333333
2062-04-15,31.2,17.7,0.0
2062-04-16,31.015972222222217,19.0,0.0
2062-04-17,30.2,18.8,0.0
2062-04-18,30.0,16.9,0.0
2062-04-19,30.63717948717949,16.6,0.0
2062-04-20,29.9,17.7,0.0
2062-04-21,28.6,16.0,0.0
2062-04-22,30.0,17.0,0.0
2062-04-23,33.027326150832515,16.9,0.0
2062-04-24,33.980080753701216,17.7,0.0
2062-04-25,34.00819170632223,21.215869140625,0.0
2062-04-26,31.7,19.24188034188034,0.0
2062-04-27,30.4,18.02418032786885,0.0
2062-04-28,31.0,19.7,0.0
2062-04-29,31.6,19.2,0.0
2062-04-30,32.856822810590636,19.7,0.0
2062-05-01,30.224116365631538,18.0,0.0
2062-05-02,28.174847506279157,18.264444833079406,0.0
2062-05-03,30.0,18.050147379857727,0.0
2062-05-04,31.366559293315035,17.570749788667715,0.0
2062-05-05,33.8,18.476062330206368,0.0
2062-05-06,31.0,18.323364468161085,0.0
2062-05-07,30.7,16.30492123895145,0.0
2062-05-08,31.709336154651474,14.6,0.0
2062-05-09,30.2,16.9,0.0
2062-05-10,30.7,16.2,0.0
2062-05-11,30.3,15.8,0.0
2062-05-12,29.0,15.7,0.0
2062-05-13,27.4,12.5,0.0
2062-05-14,27.6,12.9,0.0
2062-05-15,29.2,13.953016146393956,0.0
2062-05-16,30.7,13.0,0.0
2062-05-17,30.7,15.2,0.0
2062-05-18,30.7,15.2,0.0
2062-05-19,31.959742850412525,15.2,0.0
2062-05-20,31.951188094308062,15.2,0.0
2062-05-21,31.714011973398993,15.2,0.0
2062-05-22,31.706664258224325,15.2,0.0
2062-05-23,33.8,14.9,0.0
2062-05-24,31.939031335633288,17.341486751788903,0.0
2062-05-25,31.0,16.2,0.0
2062-05-26,31.0,15.9,0.0
2062-05-27,30.0,15.9,0.0
2062-05-28,29.2,15.0,0.0
2062-05-29,29.46018464850542,14.9,0.0
2062-05-30,29.9,13.1,0.0
2062-05-31,30.0,12.2,0.0
2062-06-01,29.0,12.60476661310922,0.0
2062-06-02,30.0,15.06193227156305,0.0
2062-06-03,31.294721815662616,16.258347659015083,0.0
2062-06-04,33.46201171875,17.74923562520364,0.0
2062-06-05,34.8794921875,21.212841796875,0.0
2062-06-06,34.81455078125,21.86103515625,0.0
2062-06-07,35.12412109375,25.012646484375,0.0
2062-06-08,35.150244140625,27.93037109375,0.0
2062-06-09,34.519873046875,26.529736328125,0.0
2062-06-10,31.04961848447592,23.673046875,0.0
2062-06-11,29.5,21.9796875,0.0
2062-06-12,27.416920387732397,19.847119140625,0.0
2062-06-13,28.0,15.4,0.0
2062-06-14,28.6,15.969002240660814,0.0
2062-06-15,29.36115880389977,17.12326108252621,0.0
2062-06-16,29.228128437353796,19.8751953125,0.0
2062-06-17,29.0,17.35409307512498,0.0
2062-06-18,29.5,16.886387652947736,0.0
2062-06-19,29.272581729622214,16.894084070019325,0.0
2062-06-20,29.9,15.397562141289223,0.0
2062-06-21,27.6,16.654323334406662,0.0
2062-06-22,20.19547982606937,13.7,0.0
2062-06-23,26.6,12.4,0.0
2062-06-24,27.6,12.6,0.0
2062-06-25,27.5,12.9,0.0
2062-06-26,27.9,12.0,0.0
2062-06-27,28.3,12.0,0.0
2062-06-28,24.5,19.966259765625,0.0
2062-06-29,26.674921820891143,15.997617081827864,0.0
2062-06-30,25.9,13.2,0.0
2062-07-01,25.7,11.305920344456405,0.0
2062-07-02,26.46393299246501,12.9,0.0
2062-07-03,28.0,13.558966630785783,0.0
2062-07-04,28.5,14.3,0.0
2062-07-05,27.9,14.730700702239982,0.0
2062-07-06,26.9,14.0,0.0
2062-07-07,27.7,14.2,0.0
2062-07-08,27.3,13.4,0.0
2062-07-09,26.8,14.2,0.0
2062-07-10,25.7,12.526247226554775,0.0
2062-07-11,27.6,11.6,0.0
2062-07-12,29.236090543612445,13.002939014884374,0.0
2062-07-13,31.116663843552082,15.559605934384788,0.0
2062-07-14,30.92952276964309,15.946060847896469,0.0
2062-07-15,29.21780298992009,16.06618793583948,0.0
2062-07-16,26.4,15.462809819785399,0.0
2062-07-17,25.9,14.0,0.0
2062-07-18,25.7,13.6,0.0
2062-07-19,26.4,12.001542877646209,0.0
2062-07-20,28.7,11.5,0.0
2062-07-21,31.15645773797489,14.3,0.0
2062-07-22,31.243692975287637,16.0,0.0
2062-07-23,29.871964663523958,17.963525390625,0.0
2062-07-24,27.6,15.3,0.0
2062-07-25,26.5,14.2,0.0
2062-07-26,26.4,11.9,0.0
2062-07-27,27.7,10.8,0.0
2062-07-28,31.01275573399741,11.0,0.0
2062-07-29,32.91328125,14.4,0.0
2062-07-30,32.800244140625,16.187574349889463,0.0
2062-07-31,31.224137533443685,17.914697265625,0.0
2062-08-01,29.9,15.9,0.0
2062-08-02,29.0,15.0,0.0
2062-08-03,29.2,14.3,0.0
2062-08-04,30.0,13.9,0.0
2062-08-05,28.1,16.7,0.0
2062-08-06,26.5,15.2,0.0
2062-08-07,26.47200802426852,13.9,0.0
2062-08-08,26.5,13.1,0.0
2062-08-09,27.9262801783792,13.0,0.0
2062-08-10,28.7,13.9,0.0
2062-08-11,27.0,15.46892792524562,0.0
2062-08-12,21.638155928033214,14.0,0.0
2062-08-13,26.2,11.6,0.0
2062-08-14,28.93229278794403,12.6,0.0
2062-08-15,32.5,15.2,0.0
2062-08-16,35.759527847878786,17.7,0.0
2062-08-17,35.679429417100216,18.99821151523421,0.0
2062-08-18,37.735595703125,18.819626094698908,0.0
2062-08-19,38.733154296875,18.813468298582023,0.0
2062-08-20,37.898681640625,18.258461508813753,0.0
2062-08-21,34.45524378083167,25.577392578125,0.0
2062-08-22,34.052880535736335,26.894287109375,0.0
2062-08-23,38.22119140625,28.908203125,0.0
2062-08-24,34.59879347804552,27.662353515625,0.0
2062-08-25,35.839626278657065,25.978515625,0.0
2062-08-26,33.65144917458103,25.75830078125,0.0
2062-08-27,33.206923573735196,19.054001625389315,0.0
2062-08-28,32.9,19.112804844962465,0.0
2062-08-29,31.5,18.026475456323713,0.0
2062-08-30,31.2,16.6,0.0
2062-08-31,31.4,15.9,0.0
2062-09-01,32.8,16.0,0.0
2062-09-02,32.1,17.9,0.0
2062-09-03,32.4,17.0,0.0
2062-09-04,34.7,16.8,0.0
2062-09-05,25.3,16.9,0.0
2062-09-06,25.141561136305295,13.6,0.0
2062-09-07,27.1,10.621697683666941,0.0
2062-09-08,30.7,13.116503980702653,0.0
2062-09-09,32.69131998516871,16.3,0.0
2062-09-10,34.277572205325264,18.3,0.0
2062-09-11,37.883492176908405,19.5,0.0
2062-09-12,39.6357421875,24.9658203125,0.0
2062-09-13,35.3,23.10888671875,0.0
2062-09-14,33.4,20.5,0.0
2062-09-15,30.3,18.3,0.0
2062-09-16,33.4,18.5,0.0
2062-09-17,34.0,20.5,0.0
2062-09-18,34.6,21.664841895988868,0.0
2062-09-19,34.6,21.39437440456461,0.0
2062-09-20,35.2,20.59248968243958,0.0
2062-09-21,38.02092866157966,21.2,0.0
2062-09-22,33.5,19.4,0.4
2062-09-23,31.801431219873933,18.3,0.0
2062-09-24,32.8,19.703538540090094,0.0
2062-09-25,34.4,20.0,0.0
2062-09-26,35.6,18.64294804684944,0.0
2062-09-27,34.7,21.24696275404341,0.0
2062-09-28,38.08768352556293,20.886562914216093,0.0
2062-09-29,39.4248046875,21.356228709660066,0.0
2062-09-30,39.752197265625,24.89697265625,0.0
2062-10-01,36.3,22.418131054897717,0.0
2062-10-02,34.9,21.9,0.0
2062-10-03,34.8,20.9,0.0
2062-10-04,36.5,20.7,0.0
2062-10-05,38.0,21.9,0.0
2062-10-06,37.2,22.6,0.0
2062-10-07,36.3,22.1,0.0
2062-10-08,35.0,21.1,0.0
2062-10-09,35.8,21.05344347454709,0.0
2062-10-10,37.446539897581836,21.922470569683163,0.0
2062-10-11,37.2,22.6,0.0
2062-10-12,33.4,20.208853606027972,0.0
2062-10-13,30.4,18.5,2.4
2062-10-14,27.206810760659547,18.2,0.0
2062-10-15,26.97484726865746,15.62248295658414,15.520228571428577
2062-10-16,27.3,17.9,8.539764705882359
2062-10-17,28.7,17.9,0.0
2062-10-18,26.6,17.1,0.0
2062-10-19,26.28748654467169,17.0,0.0
2062-10-20,26.86093626726035,13.288219860064585,0.0
2062-10-21,28.6,12.0,0.0
2062-10-22,30.47482818580773,13.461673559571695,0.0
2062-10-23,32.6,14.9,0.0
2062-10-24,31.8,19.0,0.0
2062-10-25,31.6,17.983630632015988,0.0
2062-10-26,33.5,18.275629709364896,0.0
2062-10-27,34.6234509553283,19.5,0.0
2062-10-28,32.0,19.7,0.6432
2062-10-29,29.8,19.4,0.0
2062-10-30,30.1,19.6,3.3950857142857163
2062-10-31,29.0,19.0,2.532
2062-11-01,31.140024864228224,21.311350078899043,1.6
2062-11-02,29.6,20.979192409236507,0.0
2062-11-03,31.7,21.2,0.0
2062-11-04,32.9,21.5,0.0
2062-11-05,35.0,20.0,0.0
2062-11-06,35.5,19.7,0.0
2062-11-07,34.830443108376386,19.4,0.0
2062-11-08,34.9,20.9,0.0
2062-11-09,35.6,20.3,0.0
2062-11-10,36.0,19.7,0.0
2062-11-11,34.8,21.4,0.0
2062-11-12,33.9,20.15465477474692,0.0
2062-11-13,31.1,20.4,15.066666666666666
2062-11-14,34.0,20.1,1.0
2062-11-15,33.396060982791326,20.4,1.6
2062-11-16,28.4,20.9,0.0
2062-11-17,30.6,20.7,0.0
2062-11-18,32.5026243150826,19.8,0.0
2062-11-19,32.4,19.9,0.0
2062-11-20,34.8,18.2,0.0
2062-11-21,33.7,20.3,0.0
2062-11-22,33.8,19.8,0.0
2062-11-23,34.2,18.7,0.0
2062-11-24,33.7,17.8,0.0
2062-11-25,33.72896682588497,16.9,0.0
2062-11-26,34.8,16.4,0.0
2062-11-27,36.0,16.6,0.0
2062-11-28,36.2,17.2,0.0
2062-11-29,39.31191539139361,18.2,0.0
2062-11-30,39.712158203125,21.5,0.0
2062-12-01,38.673388671875,22.687874668974302,0.0
2062-12-02,37.215625,22.39616757601296,0.0
2062-12-03,37.89091796875,21.0,0.0
2062-12-04,37.42216796875,24.34408569335937,0.0
2062-12-05,36.51005859375,22.14265422882964,0.0
2062-12-06,35.407763671875,23.14541625976562,0.0
2062-12-07,33.13466971287976,21.0,28.3
2062-12-08,32.4,21.65739859877834,6.903510638297877
2062-12-09,30.7,20.52344118023213,1.0
2062-12-10,30.9,21.00416324107876,13.6
2062-12-11,27.5,20.752902654224027,5.64808510638298
2062-12-12,32.0,19.0,0.0
2062-12-13,29.2,19.4,0.0
2062-12-14,28.4,20.456197664551244,1.0
2062-12-15,29.9,21.0,0.8
2062-12-16,32.4,20.329067182959403,0.0
2062-12-17,33.311041456354516,20.69436402923434,3.6
2062-12-18,26.404342401409135,19.5,1.0
2062-12-19,25.6,18.5,36.077872340425564
2062-12-20,27.0,20.281794301668462,0.3
2062-12-21,32.0,20.1,0.0
2062-12-22,33.7,19.8,0.0
2062-12-23,32.0,20.3,15.14765957446809
2062-12-24,29.0,20.29357251300682,1.9
2062-12-25,30.4,21.0,8.9
2062-12-26,27.4,21.0,18.87829787234043
2062-12-27,26.0,21.07706924660611,1.5210638297872336
2062-12-28,30.0,19.7,0.0
2062-12-29,30.664114287744873,19.4,0.0
2062-12-30,32.0,20.5,0.0
2062-12-31,31.7,18.773234104153477,0.0
2063-01-01,32.2,16.7,0.0
2063-01-02,32.79510936897047,18.2,0.0
2063-01-03,31.9,19.8,0.0
2063-01-04,35.423478501129765,19.8,0.0
2063-01-05,28.3,19.8,5.0
2063-01-06,27.4,19.8,1.8
2063-01-07,27.8,19.8,60.4
2063-01-08,24.0,19.60198234423696,70.6
2063-01-09,26.1,19.7,1.5
2063-01-10,29.1,18.4,0.0
2063-01-11,30.9,19.8,0.0
2063-01-12,31.9,19.8,0.0
2063-01-13,30.7,19.8,0.9
2063-01-14,28.4,19.8,34.9
2063-01-15,26.9,19.8,36.26
2063-01-16,26.9,19.8,1.7
2063-01-17,28.6,19.5,1.0
2063-01-18,31.625247969130022,19.310807456822964,3.7
2063-01-19,26.7,18.9,2.6
2063-01-20,29.5,17.5,2.1
2063-01-21,30.9,17.7,0.0
2063-01-22,31.47279523321156,18.7,1.1
2063-01-23,29.3,19.8,5.0
2063-01-24,30.8,19.8,0.6
2063-01-25,31.2,19.5,0.0
2063-01-26,31.877191959148828,18.7,0.0
2063-01-27,31.9,19.891081271196562,0.6
2063-01-28,30.9,19.682222182684054,0.6
2063-01-29,31.9,19.7,26.29999999999999
2063-01-30,29.9,19.8,27.885714285714286
2063-01-31,27.9,19.8,40.62857142857142
2063-02-01,25.9,19.92388569860207,14.1
2063-02-02,27.2,19.71229940789205,7.6
2063-02-03,29.6,17.3,0.0
2063-02-04,24.6,19.1,40.37999999999999
2063-02-05,28.6,16.9,0.0
2063-02-06,31.7,15.1,0.0
2063-02-07,33.96978811741248,15.5,0.0
2063-02-08,33.18565140602146,19.0,0.0
2063-02-09,34.24998519321597,17.8,0.0
2063-02-10,34.0482414628606,19.1,0.0
2063-02-11,32.9,20.10614827684869,0.0
2063-02-12,32.9,18.1,0.0
2063-02-13,31.670021084914698,19.7,4.4
2063-02-14,32.9110062264842,19.7,0.0
2063-02-15,28.9,19.9,0.0
2063-02-16,29.6,19.5,0.0
2063-02-17,30.78165830594476,19.70304182527548,0.0
2063-02-18,31.6,17.3,0.0
2063-02-19,32.867649582396574,19.0,1.4
2063-02-20,32.51541995628709,20.16711704640419,82.60646551724135
2063-02-21,30.0,19.95212320307626,0.0
2063-02-22,29.5,19.5,0.0
2063-02-23,32.0,16.8,0.0
2063-02-24,32.7,17.8,0.0
2063-02-25,31.7,19.720528370217885,17.100000000000005
2063-02-26,32.92530438558402,18.8,0.0
2063-02-27,30.5,19.9,0.5
2063-02-28,30.0,19.9,0.0
2063-03-01,30.6,19.9043264297189,58.82857142857145
2063-03-02,23.717657045840408,19.19647897950765,3.4
2063-03-03,23.83955857385399,18.6,0.0
2063-03-04,27.3,18.8,0.0
2063-03-05,30.0,17.6,0.0
2063-03-06,28.7,17.8,0.0
2063-03-07,29.0,18.0,0.0
2063-03-08,28.714492753623183,17.2,0.0
2063-03-09,30.0,19.870345043130023,4.0
2063-03-10,31.700781250000002,19.4,0.0
2063-03-11,32.858421851289826,17.9,0.0
2063-03-12,32.528158295281585,17.6,0.0
2063-03-13,31.8,18.8,0.0
2063-03-14,30.6,17.9,0.0
2063-03-15,30.9,17.0,0.0
2063-03-16,31.8,16.3,0.0
2063-03-17,32.71820940819423,16.5,0.0
2063-03-18,34.6601477962523,17.0,0.0
2063-03-19,35.196630859375,17.6,0.0
2063-03-20,28.2,21.207063666490562,0.0
2063-03-21,30.0,15.9,0.0
2063-03-22,31.8,12.969255175180605,0.0
2063-03-23,33.57868480725623,15.5,0.0
2063-03-24,32.5,15.9,0.0
2063-03-25,33.0,15.9,0.0
2063-03-26,33.2,16.0,0.0
2063-03-27,33.4863309352518,16.0,0.0
2063-03-28,33.7,17.0,0.0
2063-03-29,34.39453681710215,18.5,0.0
2063-03-30,34.8440485616258,18.8,0.0
2063-03-31,33.57358276643991,18.7,0.0
2063-04-01,28.6,19.0,4.04
2063-04-02,29.1,18.9,0.0
2063-04-03,28.7,17.8,0.0
2063-04-04,29.0,16.4,0.0
2063-04-05,29.4,18.4,0.0
2063-04-06,28.6,18.1,0.0
2063-04-07,30.0,16.836078431372545,0.0
2063-04-08,32.0,17.1,0.0
2063-04-09,33.73412408759124,17.5,0.0
2063-04-10,33.96796769851951,18.4,0.0
2063-04-11,33.890174966352625,18.4,0.0
2063-04-12,35.9404296875,18.289795918367354,0.0
2063-04-13,35.701171875,19.0,0.0
2063-04-14,33.63066666666666,19.4,0.0
2063-04-15,32.4,19.7,0.0
2063-04-16,32.421052631578945,19.2,0.0
2063-04-17,31.846039603960392,18.6,0.0
2063-04-18,32.09232954545455,16.8,0.0
2063-04-19,31.39710982658959,17.1,0.0
2063-04-20,31.4,17.229411764705883,0.0
2063-04-21,32.477543859649124,16.7,0.0
2063-04-22,32.0,18.912918660287083,0.0
2063-04-23,32.64153225806452,18.4,0.0
2063-04-24,33.2,18.4,0.0
2063-04-25,33.294181034482754,18.7,0.0
2063-04-26,32.69153225806452,18.4,0.0
2063-04-27,32.48701754385965,17.2,0.0
2063-04-28,30.726086956521737,18.3,0.0
2063-04-29,31.26024096385542,17.7,0.0
2063-04-30,31.7639751552795,17.4,0.0
2063-05-01,32.7,18.41712852493833,0.0
2063-05-02,30.7,20.22119140625,0.0
2063-05-03,29.2,18.163129201878004,0.0
2063-05-04,31.9897295218103,16.0,0.0
2063-05-05,34.274365234375,16.8,0.0
2063-05-06,34.3537109375,17.8,0.0
2063-05-07,33.59259881492502,18.09216623240745,0.0
2063-05-08,33.9884765625,17.785384734269115,0.0
2063-05-09,32.0,18.16870908937963,0.0
2063-05-10,30.60262587364878,16.8,0.0
2063-05-11,30.643790365984927,16.0,0.0
2063-05-12,30.7,15.9,0.0
2063-05-13,31.0,17.344135518857847,0.0
2063-05-14,30.9,17.337778477892392,0.0
2063-05-15,30.7,16.97976998470339,0.0
2063-05-16,30.7,16.0,0.0
2063-05-17,31.479547900968775,15.2,0.0
2063-05-18,31.34643234368087,15.2,0.0
2063-05-19,29.0,15.84590189143471,0.0
2063-05-20,28.7,14.6,0.0
2063-05-21,28.1,18.11688931446706,0.0
2063-05-22,29.6,16.354479297745552,0.0
2063-05-23,29.2,15.0,0.0
2063-05-24,30.1,14.8,0.0
2063-05-25,31.089426181998835,14.1,0.0
2063-05-26,33.72138547126334,14.7,0.0
2063-05-27,33.8,15.8,0.0
2063-05-28,31.96622645503907,15.9,0.0
2063-05-29,31.4,15.803008357801822,0.0
2063-05-30,32.0,15.7,0.0
2063-05-31,32.3147476345384,15.6,0.0
2063-06-01,30.02198390368384,17.651998178505078,0.0
2063-06-02,27.6,17.19714357557176,0.0
2063-06-03,26.9,15.084878743919264,0.0
2063-06-04,26.6,12.6,0.0
2063-06-05,26.981520402786725,12.1,0.0
2063-06-06,27.2,12.2,0.0
2063-06-07,27.0,12.0,0.0
2063-06-08,28.55107579850628,9.4,0.0
2063-06-09,31.83408203125,11.2,0.0
2063-06-10,26.2,7.2,0.0
2063-06-11,27.3,2.9,0.0
2063-06-12,29.0,6.194536940686786,0.0
2063-06-13,29.9,12.1,0.0
2063-06-14,29.23826690752028,14.2,0.0
2063-06-15,28.9,15.4,0.0
2063-06-16,28.0,15.094002040157275,0.0
2063-06-17,27.3,13.943180428585134,0.0
2063-06-18,27.4,15.981488735490263,0.0
2063-06-19,27.9,13.5,0.0
2063-06-20,28.626600808002287,13.5,0.0
2063-06-21,30.5,14.2,0.0
2063-06-22,31.931005859375,15.968571671873587,0.0
2063-06-23,31.389521300470303,16.044631398982172,0.0
2063-06-24,29.0,17.122275982618902,0.0
2063-06-25,28.2,15.4,0.0
2063-06-26,28.0,14.296122675989196,0.0
2063-06-27,28.0,13.7,0.0
2063-06-28,28.0,13.0,0.0
2063-06-29,27.5,13.4,0.0
2063-06-30,26.4,12.0,0.0
2063-07-01,25.7,10.6,0.0
2063-07-02,25.8,14.2,0.0
2063-07-03,26.6,12.0,0.0
2063-07-04,27.3,11.7,0.0
2063-07-05,28.9,13.2,0.0
2063-07-06,28.5,12.9,0.0
2063-07-07,27.90688912809471,13.6,0.0
2063-07-08,28.0,12.228878498385356,0.0
2063-07-09,29.2,10.5,0.0
2063-07-10,30.652337945338537,10.5,0.0
2063-07-11,30.70690684275729,11.6,0.0
2063-07-12,30.78276487617231,13.882992465016143,0.0
2063-07-13,30.921295143281597,14.2,0.0
2063-07-14,30.7,14.2,0.0
2063-07-15,28.2,15.0,0.0
2063-07-16,27.393789020452093,14.0,0.0
2063-07-17,27.0,13.0,0.0
2063-07-18,27.3,12.14946537495515,0.0
2063-07-19,28.3,11.2,0.0
2063-07-20,28.857381800115906,11.80182992465015,0.0
2063-07-21,28.297954790096874,13.0,0.0
2063-07-22,28.3,12.9,0.0
2063-07-23,27.9,14.557000708866076,0.0
2063-07-24,26.9,14.2,0.0
2063-07-25,19.0,13.81980149433293,0.0
2063-07-26,27.1,13.0,0.0
2063-07-27,28.2,14.2,0.0
2063-07-28,28.844220418978207,15.186859157010486,0.0
2063-07-29,28.983548170075338,14.3,0.0
2063-07-30,28.8,14.3,0.0
2063-07-31,28.955939181916023,13.4,0.0
2063-08-01,27.6,10.2,0.0
2063-08-02,27.2,10.5,0.0
2063-08-03,29.2,12.5,0.0
2063-08-04,30.5,15.0,0.0
2063-08-05,29.5,16.4,0.0
2063-08-06,27.3,15.8,0.0
2063-08-07,25.7,13.6,0.0
2063-08-08,25.11630296506507,14.7,0.0
2063-08-09,24.8,12.7,0.0
2063-08-10,25.7,12.0,0.0
2063-08-11,26.7,13.0,0.0
2063-08-12,27.7,13.6,0.0
2063-08-13,28.7,14.2,0.0
2063-08-14,29.0,14.9,0.0
2063-08-15,28.779948196986002,15.0,0.0
2063-08-16,27.1,14.1,0.0
2063-08-17,28.0,12.8,0.0
2063-08-18,28.8,12.5,0.0
2063-08-19,20.9,14.2,0.0
2063-08-20,24.0,12.2,0.0
2063-08-21,24.5,11.7,0.0
2063-08-22,26.7,12.0,0.0
2063-08-23,28.3,13.2,0.0
2063-08-24,29.5,14.9,0.0
2063-08-25,30.8,15.4,0.0
2063-08-26,31.6,16.4,0.0
2063-08-27,31.9,16.7,0.0
2063-08-28,30.4,16.9,0.0
2063-08-29,31.04793878916591,14.1,0.0
2063-08-30,31.8,13.9,0.0
2063-08-31,28.2,16.9,0.0
2063-09-01,26.137299991443484,14.2,0.0
2063-09-02,28.0,12.7,0.0
2063-09-03,30.9,12.7,0.0
2063-09-04,33.4,15.4,0.0
2063-09-05,35.064645902855034,16.9,0.0
2063-09-06,33.4,17.2,0.0
2063-09-07,31.5,18.7,0.0
2063-09-08,32.3,17.9,0.0
2063-09-09,30.406030690666395,18.9,0.0
2063-09-10,30.0,16.4,0.0
2063-09-11,31.5,16.0,0.0
2063-09-12,30.9,16.49556369822679,0.0
2063-09-13,30.0,15.6,0.0
2063-09-14,30.0,16.6,0.0
2063-09-15,32.0,17.8,0.0
2063-09-16,33.5,18.707524100852794,0.0
2063-09-17,33.5,20.0,0.0
2063-09-18,33.8,19.6,0.0
2063-09-19,33.4,19.4,0.0
2063-09-20,32.59443706866651,18.9,0.0
2063-09-21,30.7,18.3,0.0
2063-09-22,30.3,17.0191705301105,0.0
2063-09-23,31.7,16.7,0.0
2063-09-24,33.4,18.0,0.0
2063-09-25,33.5,19.5,0.0
2063-09-26,33.9,19.4,0.0
2063-09-27,35.4,18.9,0.0
2063-09-28,34.01980569427023,20.70739164943071,0.0
2063-09-29,33.0,18.8,0.0
2063-09-30,33.4,18.7,0.0
2063-10-01,34.37002386858238,19.4,0.0
2063-10-02,34.84339881593109,20.6,0.0
2063-10-03,34.0,20.7,0.0
2063-10-04,33.0,20.7,0.0
2063-10-05,32.5,19.1,0.0
2063-10-06,33.3,19.0,0.0
2063-10-07,34.0,19.8,0.0
2063-10-08,34.9,20.2,0.0
2063-10-09,36.0,20.2,0.0
2063-10-10,37.338180028914834,20.9,0.0
2063-10-11,37.1107359836529,21.9,0.0
2063-10-12,37.04104230558319,21.9,0.0
2063-10-13,36.318162598376965,22.006403294633234,0.0
2063-10-14,34.9,21.4,0.0
2063-10-15,32.43153403869883,20.6,0.0
2063-10-16,32.6,20.0,0.0
2063-10-17,32.5,19.8,0.0
2063-10-18,33.0,20.7,0.0
2063-10-19,35.5,21.4,0.0
2063-10-20,37.281927222400796,21.7,0.0
2063-10-21,37.92783818799424,22.16671458440435,0.0
2063-10-22,37.48051218073147,22.2,0.0
2063-10-23,38.480322265625,21.9,0.0
2063-10-24,41.0044921875,21.5,0.0
2063-10-25,34.5,22.104471397816383,0.0
2063-10-26,32.0,19.7,0.0
2063-10-27,33.5,19.0,0.0
2063-10-28,35.6,19.8,0.0
2063-10-29,37.493983948187385,21.6,0.0
2063-10-30,36.96594752878072,21.5,0.0
2063-10-31,35.5,21.3,0.0
2063-11-01,38.90043433110482,23.12305608806213,0.0
2063-11-02,36.5,23.3,0.0
2063-11-03,35.71174221357062,22.1,0.0
2063-11-04,36.28428927290102,21.810273614586713,0.0
2063-11-05,38.19250871338524,21.762953430971113,0.0
2063-11-06,40.236083984375,22.177049985456183,0.0
2063-11-07,37.638507513770236,21.7,0.0
2063-11-08,35.2,21.3,0.0
2063-11-09,36.0,21.5,0.0
2063-11-10,36.8,21.5,0.0
2063-11-11,38.77144801542428,21.75542521994135,0.0
2063-11-12,39.28224363436448,22.201577164874397,0.0
2063-11-13,40.62109375,22.56106504482967,0.0
2063-11-14,38.29889773822764,22.41419213588291,0.0
2063-11-15,36.0,22.127299769179647,0.0
2063-11-16,35.5,22.1,0.0
2063-11-17,34.81233276525395,20.9,0.0
2063-11-18,32.5,20.4,1.0
2063-11-19,33.6,21.1,0.0
2063-11-20,32.2,21.3,6.425000000000001
2063-11-21,34.856401627687575,21.1,0.0
2063-11-22,35.2,21.5,0.0
2063-11-23,32.5,21.4,0.0
2063-11-24,33.5,21.2,9.916666666666666
2063-11-25,34.0,20.9,22.3
2063-11-26,32.6,21.1,0.0
2063-11-27,31.5,20.5,0.0
2063-11-28,33.4,19.2,0.0
2063-11-29,33.4,21.085299653154234,0.4
2063-11-30,33.8,20.7,12.096969696969698
2063-12-01,28.1,20.57753616398871,1.014255319148937
2063-12-02,28.7,21.0,5.64808510638298
2063-12-03,30.7,20.55920837374373,0.0
2063-12-04,28.5,20.919631375414006,0.0
2063-12-05,31.1,19.9,0.0
2063-12-06,30.4,17.3,0.0
2063-12-07,31.637988061454145,17.2,0.0
2063-12-08,33.68021802493959,17.5,0.0
2063-12-09,32.027148212761205,21.0,2.7
2063-12-10,31.76304628632938,20.237983494797273,0.6076595744680852
2063-12-11,32.0,20.18652650467955,10.013723404255321
2063-12-12,27.0,20.691770664815387,0.0
2063-12-13,30.0,20.493240146064355,0.0
2063-12-14,31.396999999999988,19.9,0.0
2063-12-15,32.0,20.50175731916572,0.0
2063-12-16,32.17203904396626,19.9,0.0
2063-12-17,32.0,21.0,0.506595744680851
2063-12-18,31.4,20.626982823669927,0.3
2063-12-19,33.68600967177031,19.6,0.0
2063-12-20,33.03486739541961,20.98136612289502,0.0
2063-12-21,32.0,20.95514140292849,0.0
2063-12-22,33.100809882618265,21.0,7.75412765957447
2063-12-23,30.6,20.87822392283526,49.70468085106388
2063-12-24,25.4,20.411561016199226,67.90562669245656
2063-12-25,28.0,21.0,0.0
2063-12-26,29.7,20.606940124236036,27.385957446808508
2063-12-27,30.2,20.3,6.903510638297877
2063-12-28,31.28209403049591,20.1,0.0
2063-12-29,31.6,19.9,0.0
2063-12-30,32.4,19.4,1.9
2063-12-31,31.4,21.0,21.9
2064-01-01,27.8,19.8,5.4
2064-01-02,26.8,19.677729857534136,0.0
2064-01-03,26.7,18.767728885068006,0.4
2064-01-04,31.149816792786595,17.4,0.0
2064-01-05,30.78924642527235,18.8,0.0
2064-01-06,29.0,19.8,0.0
2064-01-07,29.5,19.4,0.0
2064-01-08,31.9,18.5,0.0
2064-01-09,32.6,19.7,0.0
2064-01-10,37.348828125,21.503277587890626,2.1
2064-01-11,30.963045356084464,20.011564398258976,38.64705882352941
2064-01-12,30.9,19.8,10.974999999999998
2064-01-13,28.509489111534325,19.8,14.3
2064-01-14,30.1,19.6,0.0
2064-01-15,29.3,19.8,0.7
2064-01-16,26.9,19.7,41.32941176470588
2064-01-17,25.0,19.574187117583275,70.6
2064-01-18,24.03942784549888,19.52718513213066,41.4
2064-01-19,26.8,19.6,1.3
2064-01-20,27.798842841765335,19.6,11.0
2064-01-21,28.9,19.7,0.8
2064-01-22,27.0,19.4,3.0
2064-01-23,29.2,18.9,15.8
2064-01-24,31.2,19.2,1.4
2064-01-25,29.0,19.8,22.339999999999996
2064-01-26,27.0,19.7,13.61428571428572
2064-01-27,26.3,19.569508500800698,0.6
2064-01-28,29.5,19.55383795302292,35.0
2064-01-29,26.0,19.7,6.2
2064-01-30,26.0,19.8,16.4
2064-01-31,28.5,19.7,1.0
2064-02-01,26.5,19.0,29.468181818181815
2064-02-02,22.877777067847987,17.9,55.291262135922345
2064-02-03,23.7,17.5,4.4
2064-02-04,26.2,17.5,0.0
2064-02-05,27.7,16.2,0.0
2064-02-06,27.0,15.7,0.0
2064-02-07,28.5,16.9,0.0
2064-02-08,31.2,16.5,0.0
2064-02-09,33.29964814968125,16.8,0.0
2064-02-10,33.20596765736678,19.460076304457946,0.0
2064-02-11,32.16108903088889,19.76266158691401,0.0
2064-02-12,27.5,19.0,0.0
2064-02-13,28.7,16.4,0.0
2064-02-14,30.6,15.0,0.0
2064-02-15,32.9,15.6,0.0
2064-02-16,31.80359782940444,18.4,0.0
2064-02-17,30.4,19.2,0.0
2064-02-18,30.6,19.1,0.0
2064-02-19,29.44111621007741,17.6,0.0
2064-02-20,29.4,16.0,0.0
2064-02-21,31.9,16.0,0.0
2064-02-22,34.23992611665737,19.0,0.0
2064-02-23,30.7,20.036650351799402,8.725000000000001
2064-02-24,31.144353629706508,19.797118230975244,0.7
2064-02-25,31.4,20.10153141360653,0.0
2064-02-26,30.5,20.07256766338941,11.0
2064-02-27,31.2,19.9,10.2
2064-02-28,31.9,19.9,9.3
2064-02-29,27.6,19.930134982379148,29.78636363636363
2064-03-01,28.9,19.6,8.6
2064-03-02,31.0,19.3,7.450000000000005
2064-03-03,28.2,19.9,4.6
2064-03-04,30.9,19.82083710530917,4.9
2064-03-05,30.5,18.9,8.14285714285714
2064-03-06,32.1,18.9,17.900000000000002
2064-03-07,30.1,20.226829668358192,51.20000000000001
2064-03-08,28.9,19.9648359046565,49.13333333333327
2064-03-09,29.6,19.816853097437317,13.0
2064-03-10,29.7,19.822722869035182,0.0
2064-03-11,32.513242009132426,19.3,0.0
2064-03-12,32.51719939117199,18.0,0.0
2064-03-13,24.9,19.4,1.6
2064-03-14,26.5,17.2,0.0
2064-03-15,27.2,16.0,0.0
2064-03-16,28.3,16.0,0.0
2064-03-17,29.8,15.0,0.0
2064-03-18,31.8,16.0,0.0
2064-03-19,31.0,17.0,0.0
2064-03-20,29.55061728395062,17.1,0.0
2064-03-21,28.5,15.7,0.0
2064-03-22,30.6,14.573475062791516,0.0
2064-03-23,30.9,15.4,0.0
2064-03-24,28.821739130434782,16.9,0.0
2064-03-25,27.5,19.2,0.0
2064-03-26,26.6,16.1,0.0
2064-03-27,28.0,14.0,0.0
2064-03-28,25.8,13.4,0.0
2064-03-29,27.7,17.0,0.0
2064-03-30,23.926190476190474,18.9,0.0
2064-03-31,21.052996070726916,17.4,1.4
2064-04-01,25.4,14.4,0.0
2064-04-02,25.8,13.7,0.0
2064-04-03,25.379569892473118,13.5,0.0
2064-04-04,26.6,13.3,0.0
2064-04-05,26.5,15.2,0.0
2064-04-06,27.478571428571428,15.2,0.0
2064-04-07,28.0,14.0,0.0
2064-04-08,27.46607142857143,14.0,0.0
2064-04-09,27.0,12.908247422680411,0.0
2064-04-10,26.6126582278481,13.5,0.0
2064-04-11,25.7,14.5,0.0
2064-04-12,27.0,13.3,0.0
2064-04-13,26.0,12.8,0.0
2064-04-14,29.180952380952377,14.1,0.0
2064-04-15,29.6,14.0,0.0
2064-04-16,28.2,15.7,0.0
2064-04-17,27.6,14.0,0.0
2064-04-18,28.6,12.6,0.0
2064-04-19,30.2,13.4,0.0
2064-04-20,31.4,15.0,0.0
2064-04-21,30.7,16.2,0.0
2064-04-22,30.2,16.4,0.0
2064-04-23,30.4,16.3,0.0
2064-04-24,29.9,16.0,0.0
2064-04-25,29.7,15.0,0.0
2064-04-26,30.0,14.5,0.0
2064-04-27,31.099479166666672,14.4,0.0
2064-04-28,31.7,13.9,0.0
2064-04-29,29.6,17.3,0.0
2064-04-30,27.7,15.5,0.0
2064-05-01,26.5,12.54572120559741,0.0
2064-05-02,26.6,11.2,0.0
2064-05-03,26.7,11.3,0.0
2064-05-04,26.8,11.0,0.0
2064-05-05,27.0,12.2,0.0
2064-05-06,26.3,12.6,0.0
2064-05-07,27.0,10.8,0.0
2064-05-08,28.4,10.9,0.0
2064-05-09,28.4,12.4,0.0
2064-05-10,26.3,12.8,0.0
2064-05-11,25.0,15.2,0.0
2064-05-12,26.941466717594352,13.9,0.0
2064-05-13,27.5,12.9,0.0
2064-05-14,28.2,13.2,0.0
2064-05-15,29.0,13.4,0.0
2064-05-16,30.0,13.6,0.0
2064-05-17,29.1,12.2,0.0
2064-05-18,27.6,12.5,0.0
2064-05-19,25.9,12.3,0.0
2064-05-20,27.0,13.8,0.0
2064-05-21,29.5,17.5,0.0
2064-05-22,30.6,15.2,0.0
2064-05-23,30.7,15.799365357014702,0.0
2064-05-24,30.6,14.168876978780084,0.0
2064-05-25,29.3,13.6,0.0
2064-05-26,27.8,13.0,0.0
2064-05-27,26.9,11.9,0.0
2064-05-28,25.7,11.95359774778504,0.0
2064-05-29,25.7,10.9,0.0
2064-05-30,26.7,11.811786867599565,0.0
2064-05-31,27.1,12.8,0.0
2064-06-01,27.080965205003615,13.2,0.0
2064-06-02,27.0,13.2,0.0
2064-06-03,27.0,13.6,0.0
2064-06-04,26.8,12.3,0.0
2064-06-05,27.1,12.0,0.0
2064-06-06,28.076838462489185,9.7,0.0
2064-06-07,28.221255600719385,8.333264970337416,0.0
2064-06-08,27.1,12.4,0.0
2064-06-09,26.1,11.8,0.0
2064-06-10,25.4,10.9,0.0
2064-06-11,25.6,8.9,0.0
2064-06-12,26.3,7.067111605487579,0.0
2064-06-13,27.1,8.0,0.0
2064-06-14,28.0,9.683160776931636,0.0
2064-06-15,28.50889733181169,9.9,0.0
2064-06-16,27.6,12.0,0.0
2064-06-17,24.2,12.0,0.0
2064-06-18,24.7,10.6,0.0
2064-06-19,24.9,10.2,0.0
2064-06-20,25.7,10.2,0.0
2064-06-21,25.5,9.9,0.0
2064-06-22,25.8,8.1,0.0
2064-06-23,26.3,9.2,0.0
2064-06-24,27.2,9.9,0.0
2064-06-25,28.2,9.4,0.0
2064-06-26,26.2,13.0,0.0
2064-06-27,24.6,8.5,0.0
2064-06-28,25.6,6.4,0.0
2064-06-29,26.4,11.0,0.0
2064-06-30,27.6,10.6,0.0
2064-07-01,25.3,13.60054236551858,0.0
2064-07-02,19.5,14.0,0.0
2064-07-03,23.6,10.5,0.0
2064-07-04,24.1,9.0,0.0
2064-07-05,25.9,9.05522066738428,0.0
2064-07-06,27.0,10.4,0.0
2064-07-07,26.7,11.0,0.0
2064-07-08,25.7,10.5,0.0
2064-07-09,25.851915640074946,9.8,0.0
2064-07-10,27.2,8.5,0.0
2064-07-11,28.2,8.0,0.0
2064-07-12,28.1,9.6,0.0
2064-07-13,29.2,9.5,0.0
2064-07-14,31.14001230201444,11.4,0.0
2064-07-15,31.217837957028785,13.5,0.0
2064-07-16,30.7,15.3,0.0
2064-07-17,28.7,14.787013756530142,0.0
2064-07-18,29.5,14.3,0.0
2064-07-19,31.18870568132941,15.999977702346788,0.0
2064-07-20,30.8960382437534,16.38388175540062,0.0
2064-07-21,29.2,15.873503155364853,0.0
2064-07-22,28.0,15.0,0.0
2064-07-23,27.3,14.2,0.0
2064-07-24,27.6,13.4,0.0
2064-07-25,27.6,13.0,0.0
2064-07-26,27.6,12.5,0.0
2064-07-27,28.2,11.914696806602082,0.0
2064-07-28,28.8,13.2,0.0
2064-07-29,28.3,14.2,0.0
2064-07-30,26.7,13.4,0.0
2064-07-31,26.7,11.2,0.0
2064-08-01,19.654957540964002,11.9,0.0
2064-08-02,24.4,15.0,0.0
2064-08-03,25.3,12.6,0.0
2064-08-04,26.2,12.0,0.0
2064-08-05,27.4,11.70582403263271,0.0
2064-08-06,27.637863293864374,11.6,0.0
2064-08-07,27.0,12.9,0.0
2064-08-08,27.0,12.7,0.0
2064-08-09,27.1,11.2,0.0
2064-08-10,28.2,8.845088805166844,0.0
2064-08-11,28.6,10.5,0.0
2064-08-12,28.9,12.4,0.0
2064-08-13,29.8,13.0,0.0
2064-08-14,27.0,15.4,0.0
2064-08-15,24.0,13.2,0.0
2064-08-16,19.586399154806045,11.7,0.0
2064-08-17,24.1,9.9,0.0
2064-08-18,24.7,10.4,0.0
2064-08-19,25.2,11.2,0.0
2064-08-20,26.0,10.7,0.0
2064-08-21,27.6,10.9,0.0
2064-08-22,29.6,13.0,0.0
2064-08-23,30.201379327609075,14.6,0.0
2064-08-24,28.6,16.1,0.0
2064-08-25,27.8,14.173974948625112,0.0
2064-08-26,28.5,13.5,0.0
2064-08-27,28.8,12.6,0.0
2064-08-28,29.9,11.8,0.0
2064-08-29,30.812128105822683,12.0,0.0
2064-08-30,30.4,14.0,0.0
2064-08-31,29.6,14.278216531641261,0.0
2064-09-01,30.1,12.358114379962409,0.0
2064-09-02,31.2,12.8,0.0
2064-09-03,32.2,15.0,0.0
2064-09-04,32.8,17.1,0.0
2064-09-05,32.7,18.0,0.0
2064-09-06,30.3,19.33453219626746,0.0
2064-09-07,29.5,16.9,0.0
2064-09-08,29.6,15.5,0.0
2064-09-09,30.7,15.0,0.0
2064-09-10,31.5,15.7,0.0
2064-09-11,31.7,16.9,0.0
2064-09-12,32.5,17.9,0.0
2064-09-13,31.712063909394278,18.4,0.0
2064-09-14,31.0,18.51692730484852,0.0
2064-09-15,29.2,17.6,0.0
2064-09-16,29.0,16.5,0.0
2064-09-17,31.0,16.2,0.0
2064-09-18,32.9,16.5,0.0
2064-09-19,34.4,17.244086021505378,0.0
2064-09-20,35.3,18.7,0.0
2064-09-21,35.16947577845631,19.6,0.0
2064-09-22,33.5,19.4,0.0
2064-09-23,31.9,18.9,0.0
2064-09-24,31.3,18.0,0.0
2064-09-25,31.7,17.0,0.0
2064-09-26,33.0,17.4,0.0
2064-09-27,34.49993576587445,18.4,0.0
2064-09-28,35.1,19.0,0.0
2064-09-29,35.4,19.3,0.0
2064-09-30,36.0,19.7,0.0
2064-10-01,35.4,21.5,0.0
2064-10-02,34.0,20.7,0.0
2064-10-03,34.0,19.4,0.0
2064-10-04,35.1,18.6,0.0
2064-10-05,34.9,19.5,0.0
2064-10-06,32.0,19.9,0.0
2064-10-07,30.8,17.8,0.0
2064-10-08,31.2,18.3,0.0
2064-10-09,31.4,20.590609415273395,0.0
2064-10-10,34.0,20.3,0.0
2064-10-11,35.7,20.7,0.0
2064-10-12,36.905048256736784,21.6,0.0
2064-10-13,38.0,22.15882786689802,0.0
2064-10-14,36.9,22.299364837217244,0.0
2064-10-15,34.8,21.3,0.0
2064-10-16,34.6,20.1,0.0
2064-10-17,38.0,20.0,0.0
2064-10-18,38.0,21.2,0.0
2064-10-19,38.49033203125,25.20576171875,0.0
2064-10-20,34.9,23.39769952699344,0.0
2064-10-21,34.3,21.5,0.0
2064-10-22,34.9,19.783215702758657,0.0
2064-10-23,35.52591577779952,19.4,0.0
2064-10-24,37.0,19.4,0.0
2064-10-25,37.6278234660925,20.6,0.0
2064-10-26,36.96425274384442,21.0,0.0
2064-10-27,35.5,21.86503135676509,0.0
2064-10-28,33.9,21.0,0.0
2064-10-29,32.0,20.2,0.0
2064-10-30,31.1,17.6,0.0
2064-10-31,33.2,18.63791206942949,0.0
2064-11-01,36.65294195196308,22.1,0.0
2064-11-02,36.3,23.086431732658035,0.0
2064-11-03,34.3,21.5,0.0
2064-11-04,30.5,20.1,10.2
2064-11-05,28.0,19.6,5.6
2064-11-06,34.4,17.9,0.0
2064-11-07,32.8,20.6,1.0
2064-11-08,32.0,20.444698655071292,2.6
2064-11-09,32.5,21.1,1.0
2064-11-10,30.8,20.6,0.8
2064-11-11,34.0,20.6,0.0
2064-11-12,33.7,20.9,1.4
2064-11-13,32.2,20.5,63.968181818181826
2064-11-14,25.5,19.7,87.8395256916994
2064-11-15,24.6,18.8,0.0
2064-11-16,27.13572466138847,17.0,0.0
2064-11-17,29.9,16.1,0.0
2064-11-18,31.1,15.09354770467527,0.0
2064-11-19,31.9,15.1,0.0
2064-11-20,33.2,16.0,0.0
2064-11-21,34.0,15.9,0.0
2064-11-22,35.3,16.5,0.0
2064-11-23,35.7,17.5,0.0
2064-11-24,32.2,20.7,0.0
2064-11-25,27.464426862309566,19.7,0.0
2064-11-26,28.869519846461525,14.852417719034221,0.0
2064-11-27,30.6,14.0,0.0
2064-11-28,32.3,13.12121743599512,0.0
2064-11-29,35.0,13.632643344739622,0.0
2064-11-30,36.0,16.5,0.0
2064-12-01,35.285693359375,17.6,0.0
2064-12-02,34.8904296875,19.82912799988619,0.0
2064-12-03,35.30107421875,19.9,0.0
2064-12-04,32.1,20.32228606487213,0.0
2064-12-05,29.4,20.257776910656627,1.0
2064-12-06,30.6,20.50248384028393,0.0
2064-12-07,30.0,19.9,2.7
2064-12-08,30.2,20.586177327816497,3.6
2064-12-09,29.5,20.0,0.0
2064-12-10,31.5,18.6,12.757260638297877
2064-12-11,27.2,20.0,26.4
2064-12-12,25.0,20.07673702438339,2.4
2064-12-13,26.0,19.798107587892957,0.0
2064-12-14,30.0,18.7,10.063829787234045
2064-12-15,31.3,17.6,0.0
2064-12-16,31.7,16.9,0.0
2064-12-17,32.4,21.0,0.0
2064-12-18,31.6,19.0,0.0
2064-12-19,31.2,20.0,0.0
2064-12-20,29.0,18.0,0.6076595744680852
2064-12-21,26.3,20.270721654108367,43.2
2064-12-22,24.3,19.8,0.0
2064-12-23,24.8,19.2,1.7
2064-12-24,26.4,19.9,6.4
2064-12-25,28.0,18.3,10.0
2064-12-26,30.0,18.3,23.417021276595758
2064-12-27,25.5,19.2,9.963404255319151
2064-12-28,27.0,18.7,10.0
2064-12-29,25.4,19.9,0.0
2064-12-30,28.7,19.6,0.0
2064-12-31,31.9,19.6,0.0
2065-01-01,24.6,17.2,26.98421052631579
2065-01-02,28.9,16.5,0.0
2065-01-03,25.9,19.584108039917417,48.46470588235293
2065-01-04,29.5,19.588392074561703,2.4
2065-01-05,27.9,19.545720834749535,0.8
2065-01-06,29.8,19.540534898074867,4.0
2065-01-07,29.2,19.39709707719413,3.0
2065-01-08,23.5,18.9,25.560000000000002
2065-01-09,25.4,19.4,11.0
2065-01-10,28.7,19.4,15.2
2065-01-11,29.4,18.9,14.0
2065-01-12,28.7,19.3,1.4
2065-01-13,28.7,19.53630723230748,9.8
2065-01-14,25.0,19.561109538142823,10.0
2065-01-15,25.0,18.4,3.4
2065-01-16,28.1,18.3,1.6
2065-01-17,28.3,19.0,10.925000000000002
2065-01-18,28.1,18.9,0.7
2065-01-19,28.8,19.2,32.275
2065-01-20,28.7,19.559587578466566,0.0
2065-01-21,27.6,19.0,38.6764705882353
2065-01-22,28.7,19.0,2.6
2065-01-23,23.5,18.3,5.4
2065-01-24,23.655196606091305,18.6,35.59999999999998
2065-01-25,26.7,18.0,19.0
2065-01-26,27.6,17.3,6.4
2065-01-27,29.3,16.5,0.0
2065-01-28,29.1,18.2,0.0
2065-01-29,29.0,17.0,0.0
2065-01-30,21.719319445323876,16.2,27.0
2065-01-31,23.0,16.8,39.7
2065-02-01,29.1,17.1,4.2
2065-02-02,31.80931038585493,18.8,0.0
2065-02-03,32.25758343079292,18.457602590907197,0.0
2065-02-04,29.2,18.3,0.0
2065-02-05,28.2,17.5,26.3
2065-02-06,30.2,15.7,0.0
2065-02-07,29.8,17.6,0.0
2065-02-08,30.970409028056558,18.7,0.0
2065-02-09,30.3,15.4,0.0
2065-02-10,29.6,14.8,0.0
2065-02-11,30.2,15.2,0.0
2065-02-12,31.679951440802505,15.8,0.0
2065-02-13,32.90828255585522,15.229809146955576,0.0
2065-02-14,32.63383439641971,17.3,0.0
2065-02-15,29.4,19.0,7.9
2065-02-16,31.975996481389853,18.9,2.7250000000000014
2065-02-17,28.2,19.44876082525207,24.950000000000003
2065-02-18,31.9,18.8,0.2
2065-02-19,30.7,18.9,0.0
2065-02-20,31.9,18.9,2.6
2065-02-21,29.2,19.717617180715823,79.20000000000007
2065-02-22,29.1,19.7,13.5
2065-02-23,28.9,17.9,2.0
2065-02-24,30.7,16.0,0.0
2065-02-25,32.0,15.0,0.0
2065-02-26,29.5,19.45702389998552,0.0
2065-02-27,31.193597643684846,18.4,0.0
2065-02-28,31.9,19.2,6.4
2065-03-01,30.4,18.4,39.906666666666666
2065-03-02,29.0,15.8,0.0
2065-03-03,30.0,14.7,0.0
2065-03-04,30.9,16.1,0.0
2065-03-05,30.4,19.0,0.0
2065-03-06,29.6,17.1,0.0
2065-03-07,29.9,16.4,0.0
2065-03-08,31.3,14.6,0.0
2065-03-09,32.9,14.9,0.0
2065-03-10,28.9,17.9,1.2
2065-03-11,29.7,18.7,0.0
2065-03-12,26.6,18.6,0.0
2065-03-13,31.3,16.6,0.0
2065-03-14,31.8,15.9,0.0
2065-03-15,31.9,21.09459889823385,0.0
2065-03-16,32.9,19.0,0.0
2065-03-17,31.873333333333335,19.2,0.0
2065-03-18,31.2,17.1,0.0
2065-03-19,32.88361153262519,17.2,2.3600000000000003
2065-03-20,32.56362252663623,18.0,4.0
2065-03-21,30.9,18.7,0.7
2065-03-22,31.9,18.4,0.0
2065-03-23,27.20769230769231,19.3,31.9
2065-03-24,28.1,17.6,0.0
2065-03-25,28.1,16.4,0.0
2065-03-26,26.0,15.3,0.0
2065-03-27,27.5,18.3,0.0
2065-03-28,28.3,18.6,0.0
2065-03-29,27.0,18.8,0.0
2065-03-30,28.1,16.4,0.0
2065-03-31,29.2,15.9,0.0
2065-04-01,30.0,14.7,0.0
2065-04-02,30.0,15.2,0.0
2065-04-03,30.7,13.8,0.0
2065-04-04,30.4,13.483333333333336,0.0
2065-04-05,30.76630434782609,12.7,0.0
2065-04-06,30.7,14.5,0.0
2065-04-07,29.7,16.4,0.0
2065-04-08,29.9,15.3,0.0
2065-04-09,30.0,16.4,0.0
2065-04-10,29.6,16.0,0.0
2065-04-11,30.6,15.2,0.0
2065-04-12,31.796273291925466,14.3,0.0
2065-04-13,31.81287128712871,15.9,0.0
2065-04-14,32.07272727272728,16.6,0.0
2065-04-15,33.00499510284035,17.0,0.0
2065-04-16,32.84908350305499,19.148509485094856,0.0
2065-04-17,32.2283950617284,18.807339449541285,0.0
2065-04-18,31.706832298136646,17.9,0.0
2065-04-19,31.6,18.0,0.0
2065-04-20,31.6,17.7,0.0
2065-04-21,31.356647398843933,17.5,0.0
2065-04-22,29.2,17.1,0.0
2065-04-23,29.432692307692307,15.9,0.0
2065-04-24,28.4,15.0,0.0
2065-04-25,29.0,13.6,0.0
2065-04-26,28.9,15.2,0.0
2065-04-27,29.1,14.4,0.0
2065-04-28,27.6,15.2,0.0
2065-04-29,28.5,18.937799043062196,0.0
2065-04-30,29.7,16.5,0.0
2065-05-01,30.7,15.2,0.0
2065-05-02,30.7,15.1,0.0
2065-05-03,30.229803523145485,14.5,0.0
2065-05-04,29.0,14.0,0.0
2065-05-05,29.6,12.1,0.0
2065-05-06,27.5,17.5,0.0
2065-05-07,26.1,17.8,0.0
2065-05-08,28.0,14.0,0.0
2065-05-09,29.0,11.0,0.0
2065-05-10,29.2,8.802016678122607,0.0
2065-05-11,28.5,13.9,0.0
2065-05-12,27.6,13.1,0.0
2065-05-13,27.6,11.7,0.0
2065-05-14,27.5,9.6,0.0
2065-05-15,27.678740581270176,10.793403044748569,0.0
2065-05-16,27.5,10.9,0.0
2065-05-17,26.906568703532177,12.0,0.0
2065-05-18,28.0,9.9,0.0
2065-05-19,29.1,12.0,0.0
2065-05-20,29.5,14.2,0.0
2065-05-21,29.6,15.6,0.0
2065-05-22,26.8,18.133720450537506,0.0
2065-05-23,24.6,16.9,0.0
2065-05-24,26.8,12.9,0.0
2065-05-25,26.9,15.0,0.0
2065-05-26,27.6,11.9,0.0
2065-05-27,21.96457532420934,15.2,0.0
2065-05-28,26.5,12.8,0.0
2065-05-29,25.4,12.9,0.0
2065-05-30,25.7,12.0,0.0
2065-05-31,26.8,12.0,0.0
2065-06-01,27.5,15.39602240766039,0.0
2065-06-02,27.15141515263873,12.753495947878603,0.0
2065-06-03,28.0,14.015752018271163,0.0
2065-06-04,28.0,12.9,0.0
2065-06-05,27.75254228478164,10.9,0.0
2065-06-06,27.8,10.9,0.0
2065-06-07,27.5,9.9,0.0
2065-06-08,27.7,12.3,0.0
2065-06-09,27.9,11.7,0.0
2065-06-10,28.5,11.7,0.0
2065-06-11,30.0,12.3,0.0
2065-06-12,30.0,13.0,0.0
2065-06-13,30.0,14.034909314114971,0.0
2065-06-14,29.343591572335278,14.67622474045236,0.0
2065-06-15,28.0,14.373894463235805,0.0
2065-06-16,27.454005676241575,14.3,0.0
2065-06-17,27.2,13.0,0.0
2065-06-18,27.5,12.7,0.0
2065-06-19,27.7,13.2,0.0
2065-06-20,27.3,13.0,0.0
2065-06-21,26.5,12.3,0.0
2065-06-22,26.9,11.8,0.0
2065-06-23,27.6,11.9,0.0
2065-06-24,28.0,12.682691253192127,0.0
2065-06-25,28.2,13.7,0.0
2065-06-26,28.38895095269724,12.7,0.0
2065-06-27,28.0,12.798490386143342,0.0
2065-06-28,27.1,11.7,0.0
2065-06-29,26.8,11.7,0.0
2065-06-30,26.3,12.7,0.0
2065-07-01,26.3,11.2,0.0
2065-07-02,26.9,11.0,0.0
2065-07-03,27.4,11.7,0.0
2065-07-04,27.1,11.5,0.0
2065-07-05,27.6,12.164677840996466,0.0
2065-07-06,28.2,11.1,0.0
2065-07-07,27.1,12.9,0.0
2065-07-08,25.0,12.565877287405804,0.0
2065-07-09,23.6,14.960672740826894,0.0
2065-07-10,26.7,15.3,0.0
2065-07-11,26.7,12.6,0.0
2065-07-12,28.08104341585933,12.29109761840689,0.0
2065-07-13,30.937750396004542,12.2,0.0
2065-07-14,30.821798266352268,11.0,0.0
2065-07-15,31.223553788911026,14.3,0.0
2065-07-16,30.7,16.0,0.0
2065-07-17,29.7,15.249846816262316,0.0
2065-07-18,27.6,15.3,0.0
2065-07-19,21.3,12.23379978471474,0.0
2065-07-20,26.54986102854939,11.0,0.0
2065-07-21,27.6,10.0,0.0
2065-07-22,27.5,11.9,0.0
2065-07-23,26.7,11.031914182843986,0.0
2065-07-24,27.6,9.9,0.0
2065-07-25,28.7,10.7,0.0
2065-07-26,28.0,14.2,0.0
2065-07-27,26.4,12.87011533138551,0.0
2065-07-28,21.5,12.0,0.0
2065-07-29,24.3,13.400496545018925,0.0
2065-07-30,24.4,11.942693457720367,0.0
2065-07-31,24.6,11.7,0.0
2065-08-01,23.7,9.0,0.0
2065-08-02,23.6,9.15752121561068,0.0
2065-08-03,24.6,9.539169252200338,0.0
2065-08-04,24.0,12.2,0.0
2065-08-05,24.3,11.9,0.0
2065-08-06,24.2,12.0,0.0
2065-08-07,24.9,11.9,0.0
2065-08-08,25.9,13.91703785685046,0.0
2065-08-09,27.1,14.5,0.0
2065-08-10,27.8,14.1,0.0
2065-08-11,28.9,14.0,0.0
2065-08-12,30.1,15.0,0.0
2065-08-13,30.0,15.5,0.0
2065-08-14,30.091442411194826,15.2,0.0
2065-08-15,30.865265562235805,15.2,0.0
2065-08-16,31.9,16.3,0.0
2065-08-17,31.9,16.9,0.0
2065-08-18,31.6,17.483430573521108,0.0
2065-08-19,31.2,18.85891187922762,0.0
2065-08-20,31.5,16.9,0.0
2065-08-21,31.6,15.1,0.0
2065-08-22,30.6,16.7,0.0
2065-08-23,30.1,15.2,0.0
2065-08-24,30.3,15.18496917506606,0.0
2065-08-25,30.096806602081084,15.0,0.0
2065-08-26,30.8,15.2,0.0
2065-08-27,30.1,16.3,0.0
2065-08-28,29.7,15.2,0.0
2065-08-29,28.5,15.911029524834694,0.0
2065-08-30,26.8,14.6,0.0
2065-08-31,27.0,13.3,0.0
2065-09-01,27.8,10.6,0.0
2065-09-02,28.2,11.8,0.0
2065-09-03,30.0,13.8,0.0
2065-09-04,29.9,14.5,0.0
2065-09-05,29.2,14.4,0.0
2065-09-06,30.3,13.9,0.0
2065-09-07,31.1,14.8,0.0
2065-09-08,31.3,16.3,0.0
2065-09-09,31.9,16.9,0.0
2065-09-10,32.9,17.0,0.0
2065-09-11,31.7,19.6,0.0
2065-09-12,31.3,17.8,0.0
2065-09-13,30.39781423804227,16.9,0.0
2065-09-14,30.7,16.4,0.0
2065-09-15,31.4,14.9,0.0
2065-09-16,32.1,14.3,0.0
2065-09-17,34.54705228031146,15.4,0.0
2065-09-18,35.603955145356714,16.9,0.0
2065-09-19,34.0,16.7,0.0
2065-09-20,29.0,17.1,0.0
2065-09-21,27.7,15.7,0.0
2065-09-22,25.844271087433082,13.9,0.0
2065-09-23,25.810706503002038,12.1,0.0
2065-09-24,28.0,10.859378288188076,0.0
2065-09-25,30.7,12.3,0.0
2065-09-26,32.9,16.0,0.0
2065-09-27,33.9,18.4,0.0
2065-09-28,35.00995490808186,19.3,0.0
2065-09-29,35.4,18.9,0.0
2065-09-30,35.6847920326843,19.4,0.0
2065-10-01,34.0,20.9,0.0
2065-10-02,33.0,20.1,0.0
2065-10-03,34.5,19.866509687836373,0.0
2065-10-04,35.5,20.7,0.0
2065-10-05,35.8,21.2,0.0
2065-10-06,37.0,22.0,0.0
2065-10-07,36.0,21.9,0.0
2065-10-08,37.90995533153278,20.4,0.0
2065-10-09,36.0,22.6,0.0
2065-10-10,31.8,18.6,0.0
2065-10-11,27.890810509109755,17.6,1.6
2065-10-12,30.9,18.4,0.0
2065-10-13,31.6,20.1,0.0
2065-10-14,32.0,19.7,0.0
2065-10-15,33.6,18.2,0.0
2065-10-16,33.6,19.0,0.0
2065-10-17,33.4,19.3,0.0
2065-10-18,36.0,19.4,0.0
2065-10-19,36.797683586596385,23.0,0.0
2065-10-20,37.33056555165715,23.632810277127927,0.0
2065-10-21,36.9,22.0,0.0
2065-10-22,37.0,21.9,0.0
2065-10-23,37.428968026987185,21.9,0.0
2065-10-24,37.50541388364687,22.0,0.0
2065-10-25,35.8,22.2,0.0
2065-10-26,33.10865984930031,21.0,0.0
2065-10-27,36.2905608552021,20.9,0.0
2065-10-28,36.36957581070366,22.2,0.0
2065-10-29,32.7,21.0,0.0
2065-10-30,31.9,19.0,0.0
2065-10-31,33.8,19.6,0.0
2065-11-01,36.6415490462654,23.2,0.0
2065-11-02,37.2,22.1,0.0
2065-11-03,35.2,21.3,0.0
2065-11-04,32.8,20.9,0.0
2065-11-05,30.6,20.3,42.0
2065-11-06,28.7,20.4,12.066666666666666
2065-11-07,25.055158771800954,19.2,57.857303370786575
2065-11-08,24.6,18.0,6.94
2065-11-09,23.416886408174786,17.5,0.0
2065-11-10,25.79915413609046,18.772664071190217,0.0
2065-11-11,27.0,18.520992213570636,0.0
2065-11-12,29.9,19.20276418242492,0.0
2065-11-13,31.0,19.9,1.0799999999999998
2065-11-14,27.851658931379692,19.5,0.0
2065-11-15,28.433197997775306,20.0,1.4
2065-11-16,27.0,19.7,88.7729471674093
2065-11-17,30.1,19.9,63.65
2065-11-18,25.1,17.6,1.3
2065-11-19,26.5,17.3,0.0
2065-11-20,30.0,15.897305868049168,0.0
2065-11-21,32.1,15.035612635375365,0.0
2065-11-22,32.2,15.9,0.0
2065-11-23,30.9,16.8,0.0
2065-11-24,32.6,16.5,0.0
2065-11-25,32.6,16.5,0.0
2065-11-26,31.0,20.2,0.0
2065-11-27,32.5,19.2,0.0
2065-11-28,31.8,17.2,0.0
2065-11-29,32.9,16.4,0.0
2065-11-30,33.7,16.3,0.0
2065-12-01,30.6,17.5,0.0
2065-12-02,29.0,19.806052645305687,9.72382978723405
2065-12-03,30.4,18.4,0.0
2065-12-04,32.67770606980507,18.5,0.0
2065-12-05,32.66763490176641,19.9,0.8
2065-12-06,30.0,19.9,9.72382978723405
2065-12-07,28.5,19.4,25.0
2065-12-08,26.9,20.0,65.73283172147008
2065-12-09,28.1,20.231887423753136,43.19890212765958
2065-12-10,28.0,19.9,22.33095744680852
2065-12-11,28.9,19.2,0.0
2065-12-12,26.9,17.9,7.45617021276596
2065-12-13,27.27912809472551,18.0,1.5210638297872336
2065-12-14,29.9,17.6,0.0
2065-12-15,30.8,18.0,0.0
2065-12-16,30.1,17.2,0.0
2065-12-17,31.8,16.4,0.0
2065-12-18,32.72420129558354,16.7,0.0
2065-12-19,33.298200192975884,17.9,0.0
2065-12-20,32.0,22.14167893548605,0.0
2065-12-21,30.2,18.6,1.2
2065-12-22,30.7,18.3,0.0
2065-12-23,30.7,18.7,0.0
2065-12-24,28.9,18.3,0.0
2065-12-25,28.9,19.2,0.0
2065-12-26,29.9,17.8,2.0
2065-12-27,30.0,20.5,0.2
2065-12-28,28.7,20.0,0.2
2065-12-29,31.1,20.0,1.0
2065-12-30,29.6,20.0,13.6
2065-12-31,29.2,19.9,5.2
2066-01-01,29.4,19.8,0.0
2066-01-02,29.7,19.65181259705381,0.0
2066-01-03,28.3,19.2,0.0
2066-01-04,29.2,19.8,0.0
2066-01-05,30.0,19.6,0.0
2066-01-06,31.7,18.4,0.0
2066-01-07,31.9,19.6,0.5
2066-01-08,29.6,19.6,4.4
2066-01-09,29.8,18.0,9.0
2066-01-10,30.9,17.8,0.0
2066-01-11,31.7,16.2,0.0
2066-01-12,32.5650914198902,16.6,0.0
2066-01-13,31.9,17.6,0.0
2066-01-14,32.03206554239924,19.8,0.0
2066-01-15,29.6,19.8,0.5
2066-01-16,29.9,19.5,25.560000000000002
2066-01-17,27.6,19.3,0.0
2066-01-18,29.419619415265448,18.5,1.3
2066-01-19,31.1,19.34990744105367,0.0
2066-01-20,29.4,18.6,25.0
2066-01-21,25.50635180457081,18.0,0.0
2066-01-22,27.0,17.9,0.0
2066-01-23,30.9,18.9,0.0
2066-01-24,31.7,19.5,1.4
2066-01-25,26.5,19.64334629196356,5.4
2066-01-26,26.2,19.6,13.149999999999986
2066-01-27,27.045663598897697,19.505385785973893,14.0
2066-01-28,25.6,19.4,3.4
2066-01-29,27.495599004746857,18.6,11.5
2066-01-30,25.5,19.1,15.8
2066-01-31,24.8,19.2,35.160000000000004
2066-02-01,25.0,18.9,1.1
2066-02-02,27.2,18.0,1.1
2066-02-03,32.910325308826955,17.1,4.5
2066-02-04,28.5,19.0,2.7
2066-02-05,31.9,18.3,0.0
2066-02-06,32.88793529771666,19.77328328545407,0.0
2066-02-07,32.8,19.0,0.0
2066-02-08,32.8,18.4,0.0
2066-02-09,30.7,19.62764230723876,0.8
2066-02-10,28.529466396487685,19.2,4.1
2066-02-11,24.7,19.0,42.32000000000001
2066-02-12,25.706256019612994,18.4,0.0
2066-02-13,25.2,17.6,0.0
2066-02-14,20.423517850196003,16.5,0.0
2066-02-15,25.1,17.3,0.0
2066-02-16,28.8,19.0,0.0
2066-02-17,29.7,17.4,2.1
2066-02-18,30.9,16.7,13.5
2066-02-19,30.5,18.9,0.0
2066-02-20,25.3,19.0,47.187499999999986
2066-02-21,26.5,19.1,10.4
2066-02-22,29.4,18.9,1.6
2066-02-23,32.0,17.6,0.0
2066-02-24,32.93398678052781,18.4,0.0
2066-02-25,29.2,19.7554892028483,0.0
2066-02-26,32.9,19.0,3.6
2066-02-27,31.9,19.7708377397421,0.75
2066-02-28,32.0,19.0,0.0
2066-03-01,32.496808510638296,19.9,1.0
2066-03-02,32.6155,18.8,0.0
2066-03-03,31.8,18.2,0.0
2066-03-04,29.6,17.926813845955945,0.0
2066-03-05,32.42978723404255,17.3,0.0
2066-03-06,32.0,16.3,0.0
2066-03-07,24.7,18.3,27.2
2066-03-08,21.461676646706586,18.7,56.91923076923078
2066-03-09,27.9,18.6,2.3399999999999994
2066-03-10,29.0,19.3,10.442857142857145
2066-03-11,28.7,18.9,5.4
2066-03-12,31.0,18.2,0.0
2066-03-13,30.324999999999996,19.0,4.6
2066-03-14,30.3,19.3,10.024999999999999
2066-03-15,30.3,19.2,8.1
2066-03-16,26.6,19.862377027386326,18.4
2066-03-17,26.92935779816514,19.8,9.320000000000002
2066-03-18,31.8,19.0,1.5
2066-03-19,31.8,18.6,9.320000000000002
2066-03-20,28.2,19.0,16.775000000000002
2066-03-21,28.6,16.0,0.6
2066-03-22,27.5,15.6,0.0
2066-03-23,27.5,16.4,0.0
2066-03-24,25.6,18.5,0.0
2066-03-25,26.7,16.1,0.0
2066-03-26,28.858695652173918,15.0,0.0
2066-03-27,28.3,14.8,0.0
2066-03-28,27.5,19.0,0.0
2066-03-29,26.7,19.4,0.0
2066-03-30,28.0,19.3,0.0
2066-03-31,29.5,17.4,0.0
2066-04-01,30.2,17.2,0.0
2066-04-02,30.6,16.6,0.0
2066-04-03,29.7,15.5,0.0
2066-04-04,29.5,14.1,0.0
2066-04-05,24.418539325842694,17.6,0.0
2066-04-06,27.2,18.5,9.585714285714285
2066-04-07,28.5,18.688888888888883,45.94418604651164
2066-04-08,26.7,18.6,12.46
2066-04-09,27.4,17.3,13.176666666666666
2066-04-10,29.4576923076923,17.2,70.0
2066-04-11,28.0,18.6,22.7
2066-04-12,27.3,17.5,0.0
2066-04-13,27.4,16.26410256410256,0.0
2066-04-14,25.5,16.2,0.0
2066-04-15,28.2,15.8,0.0
2066-04-16,29.0,15.9,0.0
2066-04-17,27.2,18.4,0.0
2066-04-18,26.1,16.4,0.0
2066-04-19,24.6,17.6,0.0
2066-04-20,23.9,17.0,0.0
2066-04-21,26.1,16.9,0.0
2066-04-22,28.0,14.1,0.0
2066-04-23,28.5,13.033707865168541,0.0
2066-04-24,27.6,16.6,0.0
2066-04-25,27.6,15.5,0.0
2066-04-26,27.2,14.6,0.0
2066-04-27,27.0,13.9,0.0
2066-04-28,27.0,12.8,0.0
2066-04-29,26.4,12.9,0.0
2066-04-30,26.9,11.6,0.0
2066-05-01,26.2,13.2,0.0
2066-05-02,26.5,16.9,0.0
2066-05-03,27.0,15.6,0.0
2066-05-04,25.8,16.2,0.0
2066-05-05,27.5,14.3,0.0
2066-05-06,27.0,14.0,0.0
2066-05-07,25.8,13.0,0.0
2066-05-08,26.2,12.5,0.0
2066-05-09,27.6,13.3,0.0
2066-05-10,28.0,15.9,0.0
2066-05-11,29.0,15.3,0.0
2066-05-12,28.8,14.5,0.0
2066-05-13,28.5,13.4,0.0
2066-05-14,28.0,14.5,0.0
2066-05-15,26.8,13.7,0.0
2066-05-16,28.0,11.7,0.0
2066-05-17,28.7,11.0,0.0
2066-05-18,27.6,12.173633076647057,0.0
2066-05-19,28.0,10.0,0.0
2066-05-20,27.0,11.605223500084973,0.0
2066-05-21,26.5,11.0,0.0
2066-05-22,26.8,9.3,0.0
2066-05-23,28.9,12.0,0.0
2066-05-24,28.9,12.4,0.0
2066-05-25,28.4,11.0,0.0
2066-05-26,26.6,11.6,0.0
2066-05-27,26.8,10.2,0.0
2066-05-28,27.5,11.8,0.0
2066-05-29,28.4,10.8,0.0
2066-05-30,28.6,10.6,0.0
2066-05-31,27.0,11.5,0.0
2066-06-01,27.2,12.2,0.0
2066-06-02,26.9,12.59398405635892,0.0
2066-06-03,26.0,11.9,0.0
2066-06-04,25.7,11.6,0.0
2066-06-05,26.2,10.6,0.0
2066-06-06,26.45439029477197,14.4,0.0
2066-06-07,23.0,17.920285541855005,0.0
2066-06-08,24.2,13.2,0.0
2066-06-09,27.2,12.4,0.0
2066-06-10,27.0,14.1,0.0
2066-06-11,26.6,12.4,0.0
2066-06-12,25.7,11.2,0.0
2066-06-13,25.7,10.5,0.0
2066-06-14,27.0,11.5,0.0
2066-06-15,27.5,12.5,0.0
2066-06-16,27.45297634626709,13.27088122605365,0.0
2066-06-17,27.3,14.2,0.0
2066-06-18,27.5,16.408060808305535,0.0
2066-06-19,27.6,17.64065624926797,0.0
2066-06-20,28.0,13.808141058822256,0.0
2066-06-21,27.99231090100111,13.2,0.0
2066-06-22,27.45023146633514,12.9,0.0
2066-06-23,26.8,12.6,0.0
2066-06-24,27.0,11.7,0.0
2066-06-25,28.394993638015066,10.1,0.0
2066-06-26,28.0,11.5,0.0
2066-06-27,22.5,12.5,0.0
2066-06-28,22.7,11.9,0.0
2066-06-29,25.3,10.2,0.0
2066-06-30,26.3,8.483639941815692,0.0
2066-07-01,28.0,8.9,0.0
2066-07-02,29.2,9.5,0.0
2066-07-03,31.03916067441329,11.2,0.0
2066-07-04,29.5,13.8,0.0
2066-07-05,28.1,14.2,0.0
2066-07-06,28.3,12.826406274027363,0.0
2066-07-07,27.7,11.908697524219587,0.0
2066-07-08,26.7,12.2,0.0
2066-07-09,26.25452809878749,11.9,0.0
2066-07-10,25.0,10.0,0.0
2066-07-11,25.1,9.3,0.0
2066-07-12,25.0,10.9,0.0
2066-07-13,25.1,14.2,0.0
2066-07-14,22.7,15.3,0.0
2066-07-15,25.3,14.2,0.0
2066-07-16,23.0,12.0,0.0
2066-07-17,19.3,10.5,0.0
2066-07-18,23.7,9.5,0.0
2066-07-19,24.4,10.7,0.0
2066-07-20,25.7,10.7,0.0
2066-07-21,25.9,13.0,0.0
2066-07-22,23.3,11.5,0.0
2066-07-23,26.7,12.9,0.0
2066-07-24,26.7,11.2,0.0
2066-07-25,27.5,11.5,0.0
2066-07-26,27.7,11.4,0.0
2066-07-27,27.6,11.2,0.0
2066-07-28,28.2,12.031539289558662,0.0
2066-07-29,28.8,13.0,0.0
2066-07-30,28.2,18.18154296875,0.0
2066-07-31,29.02898614101183,15.730393430095232,0.0
2066-08-01,28.0,13.4,0.0
2066-08-02,26.0,15.4,0.0
2066-08-03,25.96544671689989,13.9,0.0
2066-08-04,23.4,14.5,0.0
2066-08-05,26.1,10.5,0.0
2066-08-06,28.0,13.0,0.0
2066-08-07,28.6,15.0,0.0
2066-08-08,27.0,15.2,0.0
2066-08-09,26.0,13.0,0.0
2066-08-10,26.7,12.4,0.0
2066-08-11,26.54289558665231,12.9,0.0
2066-08-12,26.9,12.9,0.0
2066-08-13,27.0,13.0,0.0
2066-08-14,27.3,13.7,0.0
2066-08-15,27.405997134100772,13.9,0.0
2066-08-16,28.2,13.0,0.0
2066-08-17,28.8,13.6,0.0
2066-08-18,29.8,14.0,0.0
2066-08-19,30.9,14.9,0.0
2066-08-20,31.6,16.3,0.0
2066-08-21,32.1,16.0,0.0
2066-08-22,32.9,15.830478895174398,0.0
2066-08-23,32.413219974092776,17.5,0.0
2066-08-24,32.1,16.92154617162821,0.0
2066-08-25,31.6,17.4,0.0
2066-08-26,30.753872688129945,16.74378284683086,0.0
2066-08-27,30.7,17.2,0.0
2066-08-28,30.5,16.761551795099084,0.0
2066-08-29,29.1,17.0,0.0
2066-08-30,28.2,16.0,0.0
2066-08-31,28.0,15.4,0.0
2066-09-01,30.7,15.7,0.0
2066-09-02,31.9,16.6,0.0
2066-09-03,29.9,18.325210233592884,0.0
2066-09-04,28.0,15.5,0.0
2066-09-05,28.2,14.5,0.0
2066-09-06,29.1,13.5,0.0
2066-09-07,31.7,11.5,0.0
2066-09-08,33.0,6.973842664795799,0.0
2066-09-09,32.1,11.6,0.0
2066-09-10,30.6,16.4,0.0
2066-09-11,30.2,15.8,0.0
2066-09-12,30.0,16.3,0.0
2066-09-13,30.9,15.050163375973309,0.0
2066-09-14,32.5,16.6,0.0
2066-09-15,32.9,19.6,0.0
2066-09-16,33.1,19.97849685728454,0.0
2066-09-17,34.2,18.6,0.0
2066-09-18,34.4,19.5,0.0
2066-09-19,31.4,19.3399423943942,0.0
2066-09-20,30.1,17.06208682802465,0.0
2066-09-21,30.5,14.9,0.0
2066-09-22,32.8,15.0,0.0
2066-09-23,34.9,15.9,0.0
2066-09-24,36.35866225905677,17.268972932888396,0.0
2066-09-25,39.3212890625,18.0,0.0
2066-09-26,34.2,20.766060727657933,0.0
2066-09-27,34.7,19.7,0.0
2066-09-28,34.9,20.0,0.0
2066-09-29,34.9,20.0,0.0
2066-09-30,35.2,19.2,0.0
2066-10-01,36.33716313336727,19.7,0.0
2066-10-02,36.9,20.1,0.0
2066-10-03,36.0,20.1,0.0
2066-10-04,35.6,20.9,0.0
2066-10-05,37.53055285252959,20.9,0.0
2066-10-06,36.60084176533906,22.6,0.0
2066-10-07,35.5,21.843931529929314,0.0
2066-10-08,34.9,21.0,0.0
2066-10-09,34.9,20.2,0.0
2066-10-10,36.0,19.5,0.0
2066-10-11,37.03282490809755,20.5,0.0
2066-10-12,36.64818427361037,21.6,0.0
2066-10-13,38.0,21.0,0.0
2066-10-14,36.56647215455214,19.0,0.0
2066-10-15,36.0,15.0,0.0
2066-10-16,34.7,21.0,0.0
2066-10-17,30.8,18.292739504843908,0.0
2066-10-18,32.5,17.0,0.0
2066-10-19,35.6,16.5,0.0
2066-10-20,37.2,18.9,0.0
2066-10-21,37.2,20.3,0.0
2066-10-22,37.2,21.4,0.0
2066-10-23,38.0,21.984688007788655,0.0
2066-10-24,38.0,21.9,0.0
2066-10-25,37.2,23.0,0.0
2066-10-26,37.2,21.9,0.0
2066-10-27,37.638773735199074,21.0,0.0
2066-10-28,31.69355289375443,19.0,0.0
2066-10-29,33.6,18.9,0.0
2066-10-30,33.2,16.4,0.0
2066-10-31,33.6,19.8,0.0
2066-11-01,35.7,22.5322784555104,0.0
2066-11-02,35.2,23.280859591083463,0.0
2066-11-03,36.5,23.3,0.0
2066-11-04,36.2,23.77480284753323,0.0
2066-11-05,36.4,22.1,0.0
2066-11-06,35.0,21.3,0.0
2066-11-07,36.0,20.1,0.0
2066-11-08,35.9,21.1,0.0
2066-11-09,34.56769661764099,20.6,20.53333333333333
2066-11-10,26.5,19.7,34.14545454545455
2066-11-11,29.61210233592881,19.5,0.0
2066-11-12,33.4,19.0,0.0
2066-11-13,34.4,18.7,0.0
2066-11-14,34.2,17.6,0.0
2066-11-15,34.8,16.612227872239,0.0
2066-11-16,33.5134658477213,19.9,0.0
2066-11-17,29.9,20.3,0.0
2066-11-18,33.4,18.5,0.0
2066-11-19,29.6,20.009092685566543,0.0
2066-11-20,27.479621732262597,19.6,0.0
2066-11-21,33.7,19.4,0.0
2066-11-22,32.6,20.7,26.27272727272728
2066-11-23,25.76562367458647,19.8,64.7
2066-11-24,25.58698553948832,19.9,31.057142857142857
2066-11-25,26.299860626871315,20.0,2.1
2066-11-26,29.6,20.4,0.0
2066-11-27,29.0,18.7,0.0
2066-11-28,31.8,17.6,0.0
2066-11-29,33.94284516245508,17.7,0.0
2066-11-30,34.4,17.617575083426033,0.0
2066-12-01,31.4,21.02489848236038,0.0
2066-12-02,32.579220545954264,20.519193826002628,0.6
2066-12-03,27.0,19.5,0.0
2066-12-04,28.9,17.9,0.0
2066-12-05,28.6,18.75944259148294,0.0
2066-12-06,30.4,21.0,0.0
2066-12-07,31.4,17.9,0.0
2066-12-08,32.0,16.6,0.0
2066-12-09,33.20947255113025,18.6,0.0
2066-12-10,34.5701171875,17.041690739559673,0.0
2066-12-11,33.66357620429944,20.255650811804806,0.0
2066-12-12,32.0,20.60531990601833,0.0
2066-12-13,29.629192680301387,19.9,8.9
2066-12-14,29.5,18.6,0.0
2066-12-15,31.1,19.4,0.0
2066-12-16,31.78171151776102,19.87803246163912,0.0
2066-12-17,32.4,17.2,0.0
2066-12-18,33.64913374321525,18.5,0.0
2066-12-19,33.42467693268707,18.8,0.0
2066-12-20,33.696126725727765,17.6,0.0
2066-12-21,34.356494140625,18.7,0.0
2066-12-22,33.1,21.005294390440586,0.0
2066-12-23,30.8,22.77511623161252,0.0
2066-12-24,32.0,23.014862060546875,0.0
2066-12-25,30.4,21.007287011170682,1.5
2066-12-26,32.72638338199192,20.229290949049158,0.0
2066-12-27,34.26103515625,20.660580200857712,0.0
2066-12-28,34.20830078125,21.46020946389771,0.0
2066-12-29,29.4,20.5,5.0
2066-12-30,30.7,20.554877190154432,7.45617021276596
2066-12-31,31.6,20.515924480970707,0.6
2067-01-01,29.2,19.8,5.9
2067-01-02,29.3,19.8,0.6
2067-01-03,31.7,19.6,0.0
2067-01-04,32.87497686335267,20.514242138403198,0.0
2067-01-05,36.712935390474996,19.8,0.0
2067-01-06,31.786296573443074,19.8,1.9499999999999993
2067-01-07,31.8,19.1,13.5
2067-01-08,31.7,19.8,0.0
2067-01-09,30.7,19.6,0.0
2067-01-10,31.8,18.6,0.0
2067-01-11,29.2,18.3,3.5
2067-01-12,32.46527479406666,16.6,0.0
2067-01-13,36.78799108834146,16.5,0.0
2067-01-14,37.172314453125,20.07058232720032,0.0
2067-01-15,31.606182932870475,20.020314575068515,1.9
2067-01-16,37.710888671875,19.8,0.5
2067-01-17,32.6,19.67836914995931,11.0
2067-01-18,32.1901792358096,19.630422218070702,1.7
2067-01-19,32.2,19.6,0.0
2067-01-20,27.5,19.6,6.0
2067-01-21,29.2,19.7,48.46470588235293
2067-01-22,28.2,19.638923079508253,10.6
2067-01-23,25.7,19.8,26.92105263157895
2067-01-24,28.9,19.675345469569947,6.4
2067-01-25,29.2,19.0,8.566666666666665
2067-01-26,30.4,17.8,1.2
2067-01-27,29.5,19.5,1.1
2067-01-28,29.6,19.8,0.0
2067-01-29,28.726036851769774,17.3,0.0
2067-01-30,30.9,16.0,0.0
2067-01-31,31.7,16.2,0.0
2067-02-01,26.5,18.3,1.8
2067-02-02,26.0,19.9,0.0
2067-02-03,28.5,19.975731608456304,0.0
2067-02-04,29.4,19.746418783304634,0.0
2067-02-05,29.1,19.43745898703343,9.6
2067-02-06,24.8,19.0,26.766666666666666
2067-02-07,28.5,19.350586414959768,12.4
2067-02-08,31.30504756962461,17.6,0.0
2067-02-09,32.9,17.9,0.0
2067-02-10,32.87253592258316,19.2,0.0
2067-02-11,30.9,19.276801297151,4.4
2067-02-12,32.8,19.7,1.6
2067-02-13,30.5,19.62184318548093,1.4
2067-02-14,28.8,19.40112687155239,0.0
2067-02-15,32.0,19.713619147132984,3.6
2067-02-16,31.2,19.809637964993257,0.2
2067-02-17,31.2,18.6,0.0
2067-02-18,30.0,18.8,0.0
2067-02-19,26.8,18.8,6.7
2067-02-20,29.0,19.0,10.2
2067-02-21,28.0,19.326669475458186,4.9
2067-02-22,29.0,19.7,0.8
2067-02-23,28.5,18.8,0.0
2067-02-24,24.9,18.5,0.5
2067-02-25,31.2,17.615909289904568,0.0
2067-02-26,26.7,18.6,3.3
2067-02-27,25.6,19.0,27.799999999999994
2067-02-28,28.9,19.5,17.0
2067-03-01,32.61300000000001,17.9,0.0
2067-03-02,34.12596991290578,17.7,0.0
2067-03-03,32.0,19.6,0.9
2067-03-04,27.5,17.5,15.9
2067-03-05,28.42,15.3,0.0
2067-03-06,21.04661100196464,18.0,0.4
2067-03-07,25.0,18.0,1.3
2067-03-08,30.3,17.1,0.0
2067-03-09,31.94472049689441,16.0,0.0
2067-03-10,30.9,17.3,0.0
2067-03-11,31.2,18.0,0.4
2067-03-12,30.8,19.0,1.5
2067-03-13,31.0,18.6,0.0
2067-03-14,31.24833333333333,16.9,0.0
2067-03-15,30.2,16.9,0.0
2067-03-16,29.9,19.0,0.0
2067-03-17,29.6,17.632928802091342,0.0
2067-03-18,28.9,18.0,0.0
2067-03-19,30.0,16.2,0.0
2067-03-20,29.9,16.0,0.0
2067-03-21,27.8,14.5,0.0
2067-03-22,28.9,13.4,0.0
2067-03-23,30.24772727272727,13.6,0.0
2067-03-24,31.9,13.6,0.0
2067-03-25,32.7,14.6,0.0
2067-03-26,30.986956521739135,16.5,0.0
2067-03-27,30.1,16.3,0.0
2067-03-28,28.9,16.3,0.0
2067-03-29,21.247970725216234,15.856877074984665,0.6499999999999998
2067-03-30,21.083644400785857,17.3,2.3399999999999994
2067-03-31,28.9,15.6,0.0
2067-04-01,27.9,14.0,0.0
2067-04-02,27.0,17.1,0.0
2067-04-03,28.6,15.9,0.0
2067-04-04,27.9,14.9,0.0
2067-04-05,28.2,16.9,0.0
2067-04-06,26.8,18.1,0.0
2067-04-07,27.3,18.9,0.0
2067-04-08,27.0,18.5,0.0
2067-04-09,29.0,16.7,0.0
2067-04-10,30.2,15.0,0.0
2067-04-11,30.790217391304353,15.5,0.0
2067-04-12,31.3,15.7,0.0
2067-04-13,31.7,16.0,0.0
2067-04-14,31.7,17.8,0.0
2067-04-15,30.6,17.0,0.0
2067-04-16,29.893913043478257,16.9,0.0
2067-04-17,30.6,15.3,0.0
2067-04-18,28.9,16.88261437908497,0.0
2067-04-19,25.18888888888889,17.1,0.0
2067-04-20,28.4,16.2,0.0
2067-04-21,28.9,14.5,0.0
2067-04-22,29.8,15.1,0.0
2067-04-23,25.5,14.904651162790698,0.0
2067-04-24,26.3,15.0,0.0
2067-04-25,29.1,13.7,0.0
2067-04-26,28.4,13.6,0.0
2067-04-27,28.0,12.6,0.0
2067-04-28,28.6,13.7,0.0
2067-04-29,29.9,12.920618556701031,0.0
2067-04-30,29.6,13.3,0.0
2067-05-01,26.4,15.0,0.0
2067-05-02,28.1,12.3,0.0
2067-05-03,28.6,15.6,0.0
2067-05-04,25.976832528907252,15.161598920156498,0.0
2067-05-05,26.2,16.0,0.0
2067-05-06,28.4,14.8,0.0
2067-05-07,29.9,14.0,0.0
2067-05-08,30.7,13.6,0.0
2067-05-09,30.2,15.0,0.0
2067-05-10,29.764930397183043,14.355765306942134,0.0
2067-05-11,27.4,14.2,0.0
2067-05-12,29.3,15.783075439540708,0.0
2067-05-13,30.221378104606305,16.3,0.0
2067-05-14,28.7,15.9,0.0
2067-05-15,28.2,15.1,0.0
2067-05-16,28.1,14.5,0.0
2067-05-17,28.7,12.5,0.0
2067-05-18,28.2,12.272108599449822,0.0
2067-05-19,28.2,11.5,0.0
2067-05-20,27.4,12.0,0.0
2067-05-21,27.6,12.1,0.0
2067-05-22,28.1,12.2,0.0
2067-05-23,28.8,12.3,0.0
2067-05-24,29.2,12.0,0.0
2067-05-25,28.9,12.9,0.0
2067-05-26,28.7,12.1,0.0
2067-05-27,29.1,10.5,0.0
2067-05-28,29.675766953713662,10.6,0.0
2067-05-29,28.8,12.5,0.0
2067-05-30,28.3,9.9,0.0
2067-05-31,29.1,10.13084375258756,0.0
2067-06-01,28.971026859680926,13.4,0.0
2067-06-02,28.9,14.2,0.0
2067-06-03,28.5,14.025834805557382,0.0
2067-06-04,29.170223769556372,13.5,0.0
2067-06-05,27.7,15.4,0.0
2067-06-06,27.3,13.72818645455118,0.0
2067-06-07,27.9,13.5,0.0
2067-06-08,29.5,12.9,0.0
2067-06-09,31.305855433912917,13.4,0.0
2067-06-10,32.93173828125,15.4,0.0
2067-06-11,32.623388671875,17.59830347553443,0.0
2067-06-12,32.171728515625,17.508716591433604,0.0
2067-06-13,30.0,17.39601514268497,0.0
2067-06-14,28.2,15.097181370664458,0.0
2067-06-15,27.9,14.4,0.0
2067-06-16,26.0,12.9,0.0
2067-06-17,26.2,11.5,0.0
2067-06-18,26.9,11.5,0.0
2067-06-19,26.5,12.5,0.0
2067-06-20,27.0,12.0,0.0
2067-06-21,27.5,11.9,0.0
2067-06-22,28.0,12.392111886383303,0.0
2067-06-23,28.411118703321158,13.0,0.0
2067-06-24,27.6,16.675636489374167,0.0
2067-06-25,24.1,12.6,0.0
2067-06-26,23.0,10.6,0.0
2067-06-27,22.4,8.5,0.0
2067-06-28,22.1,11.27089334625093,0.0
2067-06-29,22.7,11.7,0.0
2067-06-30,22.6,14.379174422828092,0.0
2067-07-01,23.8,14.2,0.0
2067-07-02,23.4,13.6,0.0
2067-07-03,24.0,10.5,0.0
2067-07-04,25.7,11.1,0.0
2067-07-05,22.7,11.2,0.0
2067-07-06,23.0,11.045360850253017,0.0
2067-07-07,20.4,15.177715865678884,0.0
2067-07-08,22.1,13.4,0.0
2067-07-09,25.0,13.9,0.0
2067-07-10,26.0,11.6,0.0
2067-07-11,26.9,11.1,0.0
2067-07-12,28.3,11.92169596938165,0.0
2067-07-13,29.2,13.0,0.0
2067-07-14,29.2,14.2,0.0
2067-07-15,28.5,14.3,0.0
2067-07-16,27.5,14.3,0.0
2067-07-17,19.0,12.9,0.0
2067-07-18,24.2,11.2,0.0
2067-07-19,26.555432739424504,9.9,0.0
2067-07-20,29.0,9.9,0.0
2067-07-21,29.5,10.8,0.0
2067-07-22,30.695966026936894,12.9,0.0
2067-07-23,29.1,15.0,0.0
2067-07-24,29.2,13.0,0.0
2067-07-25,30.36023568069797,11.1,0.0
2067-07-26,30.081511450948344,13.0,0.0
2067-07-27,29.4,13.0,0.0
2067-07-28,29.2,12.0,0.0
2067-07-29,29.211243323921757,12.559304496825632,0.0
2067-07-30,30.194702876170734,13.858510099411125,0.0
2067-07-31,31.224040242688243,14.62571326054641,0.0
2067-08-01,27.6,13.2,0.0
2067-08-02,27.0,10.640406038000348,0.0
2067-08-03,24.2,13.1,0.0
2067-08-04,22.6,12.7,0.0
2067-08-05,24.1,13.5,0.0
2067-08-06,25.5,14.755776820954429,0.0
2067-08-07,25.2,14.759804449228557,0.0
2067-08-08,19.84734930032293,13.0,0.0
2067-08-09,22.869229586344762,13.063916173304635,0.0
2067-08-10,24.441030678148547,10.6,0.0
2067-08-11,26.0,10.9,0.0
2067-08-12,25.5,11.7,0.0
2067-08-13,23.6,9.6,0.0
2067-08-14,19.530327313319777,8.7,0.0
2067-08-15,24.2,7.1,0.0
2067-08-16,24.0,10.5,0.0
2067-08-17,24.9,10.9,0.0
2067-08-18,25.5,10.9,0.0
2067-08-19,27.4,10.9,0.0
2067-08-20,29.8,12.0,0.0
2067-08-21,30.0,14.0,0.0
2067-08-22,30.8,14.5,0.0
2067-08-23,31.8,15.2,0.0
2067-08-24,31.6,16.4,0.0
2067-08-25,31.6,15.9,0.0
2067-08-26,31.7976710049907,15.4,0.0
2067-08-27,30.0,16.7,0.0
2067-08-28,28.2,15.4,0.0
2067-08-29,28.1,13.5,0.0
2067-08-30,28.655987892010597,14.2,0.0
2067-08-31,28.142238966630785,15.4,0.0
2067-09-01,28.89244811983149,14.4,0.0
2067-09-02,30.9,15.4,0.0
2067-09-03,33.2,18.3,0.0
2067-09-04,33.4,20.0,0.0
2067-09-05,31.4,19.6,0.0
2067-09-06,30.223923406960118,17.5,0.0
2067-09-07,31.3,16.2,0.0
2067-09-08,32.0,16.9,0.0
2067-09-09,31.7,17.495448347626404,0.0
2067-09-10,31.5,16.924257304864486,0.0
2067-09-11,30.9,16.9,0.0
2067-09-12,29.0,16.5,0.0
2067-09-13,30.0,14.504338153503893,0.0
2067-09-14,31.0,15.6,0.0
2067-09-15,31.44202037351443,17.0,0.0
2067-09-16,30.7,18.0,0.0
2067-09-17,29.7,17.5,0.0
2067-09-18,26.12366004962779,16.0,0.0
2067-09-19,26.515303235479035,15.2,0.0
2067-09-20,26.8,14.7,0.0
2067-09-21,27.2,14.0,0.0
2067-09-22,28.2,14.0,0.0
2067-09-23,29.6,15.6,0.0
2067-09-24,31.0,16.3,0.0
2067-09-25,32.0,17.2,0.0
2067-09-26,33.0,18.9,0.0
2067-09-27,32.7,19.6,0.0
2067-09-28,31.0,18.3,0.0
2067-09-29,31.9,16.5,0.0
2067-09-30,31.6,17.9,0.0
2067-10-01,30.6,17.5,0.0
2067-10-02,30.6,17.4,0.0
2067-10-03,32.0,18.0,0.0
2067-10-04,35.7,18.4,0.0
2067-10-05,37.0,22.0,0.0
2067-10-06,34.9,22.2,0.0
2067-10-07,32.4,19.905094702608608,0.0
2067-10-08,32.3,18.9,0.0
2067-10-09,33.6,19.6,0.0
2067-10-10,35.62021454289001,20.2,0.0
2067-10-11,34.6,21.578166097252765,0.0
2067-10-12,30.5,19.0,0.0
2067-10-13,32.085374058127016,17.0,0.0
2067-10-14,33.6,20.0,0.0
2067-10-15,35.5,21.0,0.0
2067-10-16,32.1,20.4,0.0
2067-10-17,32.2,19.3,0.0
2067-10-18,33.3,20.0,0.0
2067-10-19,33.4,21.2,0.0
2067-10-20,33.2,22.2,0.0
2067-10-21,32.7,21.11681347503751,0.0
2067-10-22,34.2,20.9,0.0
2067-10-23,34.50142419475034,20.8,0.0
2067-10-24,34.4,19.9,0.0
2067-10-25,35.5,20.3,0.0
2067-10-26,34.2,18.9,0.0
2067-10-27,30.7,17.9,0.0
2067-10-28,31.78263365626121,20.1,0.0
2067-10-29,34.2,19.9,0.0
2067-10-30,31.663767949980528,19.180846038911998,3.3
2067-10-31,30.9,18.4,2.2
2067-11-01,34.8,21.078999169259806,0.0
2067-11-02,33.8,20.5,0.0
2067-11-03,32.9,19.9,9.5
2067-11-04,31.0,20.3,17.266666666666666
2067-11-05,28.6,20.0,0.0
2067-11-06,33.6,20.4,0.0
2067-11-07,32.90181271371482,19.8,0.0
2067-11-08,33.559397720494594,20.0,5.85
2067-11-09,30.2,19.4,3.7
2067-11-10,30.7,19.9,2.250000000000001
2067-11-11,31.0,20.0,3.8
2067-11-12,29.6,19.7,6.571428571428572
2067-11-13,31.5,20.3,11.933333333333334
2067-11-14,33.13773146633514,19.0,1.9
2067-11-15,32.4,20.0,1.9
2067-11-16,31.5,20.1,1.5
2067-11-17,28.77813293596659,20.1,1.2
2067-11-18,26.9,19.4,8.4
2067-11-19,33.3,17.0,0.0
2067-11-20,28.8,19.5,0.0
2067-11-21,29.9,17.2,0.0
2067-11-22,32.5,16.4,0.0
2067-11-23,31.1,17.0,0.0
2067-11-24,31.8,16.0,0.0
2067-11-25,32.6,16.5,0.0
2067-11-26,32.2418357562042,17.2,0.0
2067-11-27,31.1,17.8,0.0
2067-11-28,32.6,17.5,0.0
2067-11-29,32.10231474124688,19.0,20.6
2067-11-30,30.77398961809418,19.8,1.688888888888889
2067-12-01,29.0,20.26567922497309,0.0
2067-12-02,26.48575805249648,19.9,0.0
2067-12-03,29.499004305705057,18.3,28.344285714285714
2067-12-04,25.7,19.829923701768283,2.3
2067-12-05,27.7,19.549155147017164,0.0
2067-12-06,27.73670004265085,20.0,18.8
2067-12-07,28.9,20.0,10.331276595744683
2067-12-08,29.3,19.5,0.7
2067-12-09,29.2,19.9,0.0
2067-12-10,29.4,19.9,10.2
2067-12-11,31.2,17.9,0.0
2067-12-12,31.6,17.3,0.0
2067-12-13,30.7,20.106311727093686,0.0
2067-12-14,29.5,20.0,10.498510638297875
2067-12-15,29.0,20.0,30.516085106382974
2067-12-16,28.7,19.9,7.75412765957447
2067-12-17,29.9,19.5,2.8
2067-12-18,29.4,19.4,0.0
2067-12-19,31.7,18.7,0.1
2067-12-20,27.9,20.1,2.833617021276596
2067-12-21,28.7,20.0,3.9
2067-12-22,26.9,20.280731252242553,5.8
2067-12-23,27.2,17.6,22.089787234042564
2067-12-24,31.4,17.2,0.0
2067-12-25,31.4,18.0,0.0
2067-12-26,29.9,20.0,0.7
2067-12-27,28.7,20.248501098851815,2.9
2067-12-28,29.7,19.8,7.628145896656538
2067-12-29,30.6,19.5,10.6
2067-12-30,28.9,19.9,27.385957446808508
2067-12-31,27.4,20.0,3.6587659574468114
2068-01-01,26.5,19.6425514959755,13.149999999999986
2068-01-02,27.0,19.64089279130476,14.0
2068-01-03,26.9,19.6,1.3
2068-01-04,26.1,19.7,26.94210526315789
2068-01-05,24.9,19.0,14.0
2068-01-06,29.5,16.7,0.0
2068-01-07,28.85731430331007,16.2,0.0
2068-01-08,27.33011634250999,16.5,0.0
2068-01-09,28.7,15.4,0.0
2068-01-10,30.0,15.3,0.0
2068-01-11,31.7,16.14053226556316,0.0
2068-01-12,29.4,18.3,3.8
2068-01-13,25.0,18.1,0.0
2068-01-14,26.2,18.7,0.0
2068-01-15,27.0,19.546059048010925,0.0
2068-01-16,27.2,19.2,0.0
2068-01-17,29.7,18.1,7.4
2068-01-18,31.2,18.1,22.885714285714283
2068-01-19,25.9,17.0,0.0
2068-01-20,26.9,17.7,0.0
2068-01-21,29.0,17.0,0.0
2068-01-22,31.02353394125219,16.2,0.0
2068-01-23,32.42962599912968,16.41652314316472,0.0
2068-01-24,35.05420446762711,17.8,0.0
2068-01-25,31.6,19.67404960654592,1.7
2068-01-26,30.7,19.57221420689183,0.0
2068-01-27,28.7,19.64956643447884,0.0
2068-01-28,30.965432098765433,18.2,0.0
2068-01-29,30.0,19.0,0.0
2068-01-30,30.9,19.2,2.1
2068-01-31,29.1,19.6,33.922222222222224
2068-02-01,26.0,19.260874810885344,31.0
2068-02-02,26.7,19.0,27.95
2068-02-03,25.2,18.3,49.73529411764708
2068-02-04,26.6,17.9,25.1
2068-02-05,26.9,18.993319590997338,26.8
2068-02-06,23.6,18.6,0.6
2068-02-07,24.9,18.1,0.0
2068-02-08,30.0,17.6,0.0
2068-02-09,29.6,15.711717330657597,0.0
2068-02-10,29.9,18.3,0.0
2068-02-11,30.6,15.536085212633116,0.0
2068-02-12,29.521083172147,17.037761632935478,0.8
2068-02-13,28.083451536643025,17.6,0.0
2068-02-14,31.61723340361638,16.4,0.0
2068-02-15,30.7,18.4,10.0
2068-02-16,29.8,17.7,2.1599999999999997
2068-02-17,30.5,18.0,2.1800000000000006
2068-02-18,26.9,18.96049991350976,7.4
2068-02-19,28.8,18.6,0.0
2068-02-20,27.6,19.0,0.0
2068-02-21,32.0,19.1,29.2
2068-02-22,24.6,18.8,0.0
2068-02-23,25.3,19.23690016230902,0.0
2068-02-24,25.6,18.4,0.0
2068-02-25,27.7,17.9,0.0
2068-02-26,27.6,15.3,0.0
2068-02-27,29.0,13.9,0.0
2068-02-28,30.5,12.519469575007736,0.0
2068-02-29,32.0,14.3,0.0
2068-03-01,32.074074074074076,15.9,0.0
2068-03-02,32.6255,18.0,0.0
2068-03-03,31.725781249999997,17.1,0.0
2068-03-04,30.6,17.5,0.0
2068-03-05,31.1,18.6,9.36
2068-03-06,31.13679458239277,18.1,0.0
2068-03-07,30.9,17.3,0.0
2068-03-08,23.791680814940577,18.6,0.0
2068-03-09,23.6,17.95115868147936,47.35555555555557
2068-03-10,25.8,18.9,10.9
2068-03-11,26.5,18.6,0.4
2068-03-12,27.6,18.4,0.0
2068-03-13,27.3,17.5,0.0
2068-03-14,29.7,17.5,0.0
2068-03-15,30.1,18.5,0.0
2068-03-16,31.8,16.9,0.0
2068-03-17,31.8,17.9,0.0
2068-03-18,32.0,17.5,0.0
2068-03-19,31.8,17.853852868052527,0.0
2068-03-20,29.6,18.8,0.0
2068-03-21,28.3,19.0,11.0
2068-03-22,30.9,18.6,4.9333333333333345
2068-03-23,31.377011494252876,18.7,1.8
2068-03-24,30.9,19.2,5.2
2068-03-25,30.0,18.9,0.0
2068-03-26,29.0,18.6,1.4
2068-03-27,28.418181818181818,18.2,0.0
2068-03-28,30.2,17.8,0.0
2068-03-29,31.5,18.6,0.0
2068-03-30,31.5,18.6,0.0
2068-03-31,27.70384615384615,19.3,0.0
2068-04-01,28.6,17.9,4.02
2068-04-02,28.5,17.4,17.875
2068-04-03,28.6,17.7,4.1
2068-04-04,29.6,17.5,0.0
2068-04-05,28.4,16.3,0.0
2068-04-06,29.5,15.4,0.0
2068-04-07,30.1,16.410574018126884,0.0
2068-04-08,29.9,16.4,0.0
2068-04-09,29.1,15.2,0.0
2068-04-10,28.2,15.0,4.04
2068-04-11,27.5,17.0,0.0
2068-04-12,27.0,17.5,0.0
2068-04-13,25.8,15.4,0.0
2068-04-14,25.6,18.6,0.0
2068-04-15,25.0,18.4,52.5836206896552
2068-04-16,23.224999999999998,17.9,70.0
2068-04-17,25.06050955414013,16.8,0.0
2068-04-18,23.7,14.5,0.0
2068-04-19,24.6,13.9,0.0
2068-04-20,25.2,13.3,0.0
2068-04-21,26.1,11.5,0.0
2068-04-22,26.7,11.4,0.0
2068-04-23,27.6,11.11010101010101,0.0
2068-04-24,29.0,11.0,0.0
2068-04-25,28.9,11.9,0.0
2068-04-26,26.49251700680272,14.6,0.0
2068-04-27,25.4,15.3,0.0
2068-04-28,26.0,12.9,0.0
2068-04-29,25.5,11.4,0.0
2068-04-30,25.7575,10.380743243243243,0.0
2068-05-01,25.5,11.7,0.0
2068-05-02,26.0,17.4,0.0
2068-05-03,25.9,17.8,0.6
2068-05-04,24.1,17.5,0.0
2068-05-05,21.8,16.2,4.1621951219512185
2068-05-06,23.7,13.1,0.0
2068-05-07,21.7,10.1,0.0
2068-05-08,23.4,9.3,0.0
2068-05-09,24.7,12.103054723183885,0.0
2068-05-10,24.7,11.9,0.0
2068-05-11,25.4,12.0,0.0
2068-05-12,26.6,10.2,0.0
2068-05-13,27.2,9.3,0.0
2068-05-14,27.0,12.1,0.0
2068-05-15,26.4,11.0,0.0
2068-05-16,26.4,10.2,0.0
2068-05-17,27.6,9.7,0.0
2068-05-18,30.1,9.6,0.0
2068-05-19,30.3,10.6,0.0
2068-05-20,27.5,13.7,0.0
2068-05-21,24.9,13.0,0.0
2068-05-22,25.7,11.8,0.0
2068-05-23,26.0,10.4,0.0
2068-05-24,26.1,9.7,0.0
2068-05-25,26.2,9.5,0.0
2068-05-26,27.5,8.6,0.0
2068-05-27,29.1,9.5,0.0
2068-05-28,30.1,10.0,0.0
2068-05-29,28.1,10.8,0.0
2068-05-30,26.4,10.4,0.0
2068-05-31,28.9,8.9,0.0
2068-06-01,29.4,11.8,0.0
2068-06-02,27.9,9.4,0.0
2068-06-03,25.0,13.2,0.0
2068-06-04,23.9,8.2,0.0
2068-06-05,24.1,6.0,0.0
2068-06-06,26.1,6.5,0.0
2068-06-07,26.3,6.4,0.0
2068-06-08,26.1,8.7,0.0
2068-06-09,25.5,10.2,0.0
2068-06-10,25.8,7.0,0.0
2068-06-11,26.7,7.0,0.0
2068-06-12,25.7,10.9,0.0
2068-06-13,25.8,10.418891360771235,0.0
2068-06-14,25.4,8.0,0.0
2068-06-15,26.1,5.9,0.0
2068-06-16,26.7,6.9,0.0
2068-06-17,25.7,9.4,0.0
2068-06-18,24.8,10.2,0.0
2068-06-19,23.5,8.332327586206903,0.0
2068-06-20,24.0,9.6,0.0
2068-06-21,24.0,7.7,0.0
2068-06-22,25.0,6.2,0.0
2068-06-23,25.3,5.1,0.0
2068-06-24,24.1,9.0,0.0
2068-06-25,23.7,10.433889506859476,0.0
2068-06-26,22.7,12.9,0.0
2068-06-27,24.8,10.2,0.0
2068-06-28,25.2,8.5,0.0
2068-06-29,26.3,15.09386380839609,0.0
2068-06-30,24.8,14.2,0.0
2068-07-01,23.6,14.568523720759265,0.0
2068-07-02,21.5,13.974539223655016,0.0
2068-07-03,25.4,10.5,0.0
2068-07-04,26.9,9.8,0.0
2068-07-05,27.4,10.9,0.0
2068-07-06,25.0,11.9,0.0
2068-07-07,25.13862025599761,9.1,0.0
2068-07-08,26.7,6.885162177234232,0.0
2068-07-09,24.0,11.9,0.0
2068-07-10,18.662731109690995,10.5,0.0
2068-07-11,23.6,8.0,0.0
2068-07-12,21.6,7.8,0.0
2068-07-13,21.9,9.9,0.0
2068-07-14,21.7,13.379720129171153,0.0
2068-07-15,23.3,10.5,0.0
2068-07-16,24.4,10.0,0.0
2068-07-17,25.1,10.4,0.0
2068-07-18,26.0,9.5,0.0
2068-07-19,27.6,8.7,0.0
2068-07-20,28.891120817728105,9.2,0.0
2068-07-21,28.2,12.0,0.0
2068-07-22,26.9,11.8,0.0
2068-07-23,27.3,12.2,0.0
2068-07-24,28.2,12.4,0.0
2068-07-25,32.20380859375,13.6,0.0
2068-07-26,31.158115816909163,15.2,0.0
2068-07-27,29.204584269044645,14.641139986672801,0.0
2068-07-28,27.6,13.8,0.0
2068-07-29,27.0,13.307871580637997,0.0
2068-07-30,28.2,12.459412397897797,0.0
2068-07-31,29.41837773591674,13.8,0.0
2068-08-01,30.7,14.0,0.0
2068-08-02,29.8,15.7,0.0
2068-08-03,29.8,15.4,0.0
2068-08-04,32.6,16.682841765339077,0.0
2068-08-05,31.5,18.070476212522813,0.0
2068-08-06,30.8,15.5,0.0
2068-08-07,29.201876923543402,14.7,0.0
2068-08-08,26.5,15.107638712202759,0.0
2068-08-09,24.4,13.2,0.0
2068-08-10,24.3,10.6,0.0
2068-08-11,25.12288629024366,9.3,0.0
2068-08-12,25.7,9.083174702094311,0.0
2068-08-13,25.9,10.5,0.0
2068-08-14,25.6,11.0,0.0
2068-08-15,27.3,11.4,0.0
2068-08-16,28.9,13.0,0.0
2068-08-17,30.8,14.1,0.0
2068-08-18,31.5,15.7,0.0
2068-08-19,32.1,17.4,0.0
2068-08-20,29.5,18.61961019627602,0.0
2068-08-21,28.2,16.7,0.0
2068-08-22,29.9,15.264102282463034,0.0
2068-08-23,30.9,15.2,0.0
2068-08-24,31.51731839946549,15.0,0.0
2068-08-25,32.1,16.2,0.0
2068-08-26,32.1,16.7,0.0
2068-08-27,32.5,16.847401199446402,0.0
2068-08-28,33.04348669314428,16.833074350299853,0.0
2068-08-29,35.77621502095756,17.4,0.0
2068-08-30,33.1,18.62126879405535,0.0
2068-08-31,33.940602798708184,18.2,0.0
2068-09-01,34.6,17.934948654704908,0.0
2068-09-02,34.23906710641973,17.9,0.0
2068-09-03,33.0,18.0,0.0
2068-09-04,32.1,16.2,0.0
2068-09-05,32.5,16.3,0.0
2068-09-06,32.9,16.0,0.0
2068-09-07,34.2,16.7,0.0
2068-09-08,34.20269082048838,17.1,0.0
2068-09-09,31.3,19.4,0.0
2068-09-10,28.5,16.9,0.0
2068-09-11,28.6,14.2,0.0
2068-09-12,28.60573286557714,14.0,0.0
2068-09-13,29.7,14.0,0.0
2068-09-14,30.0,16.2,0.0
2068-09-15,28.666753657910498,16.4,0.0
2068-09-16,29.1,13.9,0.0
2068-09-17,30.7,13.8,0.0
2068-09-18,33.45110702713159,15.1,0.0
2068-09-19,34.266803830207614,16.4,0.0
2068-09-20,35.386534347828956,19.0,0.0
2068-09-21,34.6,20.0,0.0
2068-09-22,34.809681158336524,19.6,0.0
2068-09-23,35.4,19.5,0.0
2068-09-24,37.511759208845,20.0,0.0
2068-09-25,35.98650773586815,20.0,0.0
2068-09-26,34.9,20.0,0.0
2068-09-27,35.2,18.3,0.0
2068-09-28,39.626953125,18.9,0.0
2068-09-29,34.86108582185335,21.38986098264843,0.0
2068-09-30,33.4,19.4,0.0
2068-10-01,32.0,19.5,0.0
2068-10-02,31.6,18.5,0.0
2068-10-03,32.4,17.7,0.0
2068-10-04,32.1,18.5,0.0
2068-10-05,33.4,17.9,0.0
2068-10-06,35.3,17.5,0.0
2068-10-07,36.0,19.691910242609918,0.0
2068-10-08,34.8,20.5,0.0
2068-10-09,34.0,20.0,0.0
2068-10-10,34.9,20.5,0.0
2068-10-11,35.852031754574796,21.9,0.0
2068-10-12,36.0,23.457990725544033,0.0
2068-10-13,36.9,20.2,0.0
2068-10-14,37.2,21.7,0.0
2068-10-15,38.0,21.008102831393284,0.0
2068-10-16,37.535281377825605,21.9,0.0
2068-10-17,36.86781485468244,22.2,0.0
2068-10-18,37.048085789142306,22.188701796846235,0.0
2068-10-19,38.0,22.6,0.0
2068-10-20,38.4634765625,26.365185546875,0.0
2068-10-21,37.399095846976294,24.8390625,0.0
2068-10-22,36.3,22.6,0.0
2068-10-23,35.78496153745175,22.15440652526568,0.0
2068-10-24,36.332133579987484,22.6,0.0
2068-10-25,36.65276469850158,23.379303505630524,0.0
2068-10-26,36.356163668357574,23.0,0.0
2068-10-27,37.2,20.4,0.0
2068-10-28,35.7,22.6,0.0
2068-10-29,34.0,22.6,0.0
2068-10-30,34.9,23.429336401625676,0.0
2068-10-31,33.6,19.4,0.0
2068-11-01,33.8,21.0,0.0
2068-11-02,33.693857372389076,20.4,0.0
2068-11-03,32.7,21.114358175750834,0.0
2068-11-04,34.27920555851106,20.9,0.0
2068-11-05,35.5,21.5,0.0
2068-11-06,34.9,21.1,0.0
2068-11-07,35.4,20.7,0.0
2068-11-08,32.1,21.5,1.4
2068-11-09,35.2,21.4,0.0
2068-11-10,35.5,21.5,0.0
2068-11-11,31.1,21.2,0.0
2068-11-12,32.7,20.5,0.0
2068-11-13,30.6,21.32437229997155,0.8
2068-11-14,30.0,20.6,21.439999999999994
2068-11-15,27.0,20.4,79.18181818181833
2068-11-16,30.6,19.8,1.8
2068-11-17,33.6,17.5,0.0
2068-11-18,34.4,19.5,0.0
2068-11-19,33.4,19.8,0.0
2068-11-20,30.6,17.2,0.0
2068-11-21,28.1,19.5,0.0
2068-11-22,26.8,19.1,0.0
2068-11-23,27.3,19.1,0.0
2068-11-24,30.8,18.5,0.0
2068-11-25,30.1,17.9,0.0
2068-11-26,33.5,19.9,0.0
2068-11-27,33.8,19.7,0.0
2068-11-28,34.4,20.6,0.0
2068-11-29,34.0,19.8,2.3
2068-11-30,32.9,20.795255045288418,54.98723404255322
2068-12-01,29.0,20.621702112441838,12.6
2068-12-02,27.5,20.5,22.381063829787237
2068-12-03,29.35510764262647,20.296234840330104,0.0
2068-12-04,31.0,19.9,0.0
2068-12-05,31.6,20.0,0.0
2068-12-06,32.8424462956896,17.6,0.0
2068-12-07,33.671860458626924,17.4,0.0
2068-12-08,32.1,19.2,30.921458966565353
2068-12-09,25.6,20.23587621097955,0.0
2068-12-10,27.5,20.0,2.4
2068-12-11,29.0,20.5,5.0
2068-12-12,32.013202924909976,20.261220061894516,2.0
2068-12-13,30.0,20.37037035676367,21.400000000000055
2068-12-14,31.2,20.592598192605195,7.45617021276596
2068-12-15,29.4,21.0,34.85744680851063
2068-12-16,26.8,20.339624150890717,45.09148936170209
2068-12-17,25.5,20.3,26.999088145896653
2068-12-18,31.0,19.0,0.0
2068-12-19,32.0,20.0,0.0
2068-12-20,33.01797214283062,19.2,0.0
2068-12-21,32.149840103671345,19.2,1.0
2068-12-22,31.9,20.5,28.358601823708206
2068-12-23,25.707460869258323,19.9,7.9
2068-12-24,24.1,19.0,1.014255319148937
2068-12-25,26.4,18.73096979113086,0.0
2068-12-26,26.4,17.2,0.0
2068-12-27,27.7,17.5,0.0
2068-12-28,28.18823664656641,17.4,0.0
2068-12-29,32.9,17.9,33.662127659574445
2068-12-30,27.3,20.259733674201655,18.928404255319155
2068-12-31,30.7,20.23114422990671,0.0
2069-01-01,31.0,19.8,0.0
2069-01-02,28.7,19.5,0.0
2069-01-03,32.39891319118396,19.8,0.0
2069-01-04,29.5,19.868261196556237,56.542857142857144
2069-01-05,28.5,19.8,25.642857142857142
2069-01-06,28.4,19.6,0.0
2069-01-07,29.832699916277956,19.8,37.54
2069-01-08,30.617134048292993,19.8,39.94545454545454
2069-01-09,30.1,19.8,7.5
2069-01-10,29.8,19.8,19.0
2069-01-11,29.5,19.8,27.857142857142858
2069-01-12,30.9,19.8,12.2
2069-01-13,29.9,19.8,2.2
2069-01-14,27.8,19.9,0.0
2069-01-15,27.4,19.8,0.0
2069-01-16,29.6,19.8,1.3
2069-01-17,29.5,19.8,25.560000000000002
2069-01-18,29.9,19.6,1.4
2069-01-19,28.7,19.7,9.8
2069-01-20,29.4,19.7,15.920000000000005
2069-01-21,26.0,19.611018829057773,51.449999999999925
2069-01-22,24.9,19.1,57.5071428571428
2069-01-23,24.6,18.8,42.83529411764707
2069-01-24,24.8,19.4,69.12432432432433
2069-01-25,26.6,19.5,29.150000000000002
2069-01-26,27.1,19.6,14.349999999999998
2069-01-27,26.9,19.6,19.0
2069-01-28,27.400021060513875,19.5,3.8
2069-01-29,25.0,19.8,0.0
2069-01-30,27.0,19.6,10.3
2069-01-31,30.7,18.8,1.4
2069-02-01,29.0,19.7,22.24
2069-02-02,29.6,19.60036920986282,41.29534883720928
2069-02-03,28.1,19.2,6.4
2069-02-04,29.2,18.3,1.3
2069-02-05,28.0,18.0,18.9
2069-02-06,30.7,18.8,3.0
2069-02-07,32.58748160042821,19.0,4.0
2069-02-08,30.9,19.2,12.4
2069-02-09,30.2,19.9,26.0
2069-02-10,28.0,19.78801131074931,23.35000000000001
2069-02-11,28.0,20.0071516185577,4.5
2069-02-12,29.4,19.9,48.28169014084508
2069-02-13,30.1,19.56534481112739,0.0
2069-02-14,32.7,18.49952035419996,0.0
2069-02-15,31.523795049934858,17.8,0.0
2069-02-16,30.0,18.9,0.0
2069-02-17,30.6,18.9,0.0
2069-02-18,31.851837194986317,17.9,0.0
2069-02-19,32.0,17.1,0.0
2069-02-20,29.2,18.7,0.0
2069-02-21,28.5,18.91629690246707,0.0
2069-02-22,30.1,19.7,0.8
2069-02-23,33.53755189828617,19.0,40.37999999999999
2069-02-24,31.0,19.298645822029012,16.4
2069-02-25,28.2,19.66532702915681,7.9799999999999995
2069-02-26,29.6,19.651243286912873,15.2
2069-02-27,29.4,19.969019414769825,6.4
2069-02-28,29.7,20.02941412533006,0.0
2069-03-01,31.5,19.817065577857154,1.4
2069-03-02,33.3,19.0,3.4
2069-03-03,27.6,19.2,39.673333333333325
2069-03-04,21.180106453759148,18.6,4.2
2069-03-05,24.89417808219178,17.5,0.0
2069-03-06,26.6,17.2,0.0
2069-03-07,28.9,15.8,0.0
2069-03-08,30.7,19.4,0.0
2069-03-09,30.0,19.811806687466316,0.0
2069-03-10,30.70960451977401,18.5,0.0
2069-03-11,32.0,16.4,0.0
2069-03-12,32.5,16.9,0.0
2069-03-13,30.0,18.8,0.0
2069-03-14,26.4,19.2,0.0
2069-03-15,27.110975609756096,16.5,0.0
2069-03-16,28.2,15.3,0.0
2069-03-17,28.0,16.068783638320774,0.0
2069-03-18,29.0,16.9,0.0
2069-03-19,31.2,14.9,0.0
2069-03-20,33.01796610169491,17.7,0.0
2069-03-21,33.0,18.3,0.0
2069-03-22,30.6,20.3,1.6
2069-03-23,31.2,18.8,0.0
2069-03-24,30.310000000000002,17.3,0.0
2069-03-25,28.889130434782604,20.415039056100394,0.9
2069-03-26,29.0,20.3,1.2
2069-03-27,29.6,20.3,0.0
2069-03-28,29.2,19.2,0.0
2069-03-29,30.6,19.0,0.0
2069-03-30,29.9,20.3,0.0
2069-03-31,29.279452054794525,22.180609130859374,0.0
2069-04-01,29.5,20.211962890625,0.0
2069-04-02,28.9,19.7,0.0
2069-04-03,29.001369863013704,19.0,0.0
2069-04-04,30.2,19.0,0.0
2069-04-05,31.37032755298651,19.201709401709397,0.0
2069-04-06,29.7,19.2,30.769230769230766
2069-04-07,29.5,18.668627450980388,0.0
2069-04-08,28.7,18.6,0.0
2069-04-09,29.7,18.0,0.0
2069-04-10,30.0,17.5,0.0
2069-04-11,31.7,19.114634146341462,0.0
2069-04-12,32.95504407443682,19.7,0.0
2069-04-13,33.754470802919705,18.4,0.0
2069-04-14,31.0,19.2,0.0
2069-04-15,28.4,18.017213114754096,0.0
2069-04-16,29.7,16.0,0.0
2069-04-17,30.0,14.3,0.0
2069-04-18,29.5,18.1,0.0
2069-04-19,29.9,19.4,0.0
2069-04-20,30.9,19.7,0.0
2069-04-21,29.5,19.2,0.9
2069-04-22,27.9,18.7,0.0
2069-04-23,29.0,17.8,0.0
2069-04-24,30.8,17.8,0.0
2069-04-25,31.4,18.3,0.0
2069-04-26,30.8,17.82618025751073,0.0
2069-04-27,30.8,18.5,0.0
2069-04-28,30.1,18.8,0.0
2069-04-29,29.5,17.0,0.0
2069-04-30,29.6,16.0,0.0
2069-05-01,30.9,17.0,0.0
2069-05-02,31.6,18.184762700142482,0.0
2069-05-03,32.0,18.180737863256066,0.0
2069-05-04,31.6,18.0,0.0
2069-05-05,30.1,18.113001687929046,0.0
2069-05-06,30.0,16.9,0.0
2069-05-07,30.2521308822743,16.95456348082259,0.0
2069-05-08,33.11518585958165,16.3,0.0
2069-05-09,32.855641525773514,16.26020385202482,0.0
2069-05-10,27.8,17.535408950758047,0.0
2069-05-11,27.5,16.9,0.0
2069-05-12,30.1,14.2,0.0
2069-05-13,30.7,15.2,0.0
2069-05-14,34.151806640625,15.8,0.0
2069-05-15,35.20087890625,18.248429946041597,0.0
2069-05-16,32.28601121624273,18.113367582191444,0.0
2069-05-17,32.882332364819455,15.9,0.0
2069-05-18,31.57623590002734,18.23003446768736,0.0
2069-05-19,31.331794562128756,18.17982312760006,0.0
2069-05-20,30.7,17.5,0.0
2069-05-21,30.4,16.5,0.0
2069-05-22,31.004518732075248,15.7,0.0
2069-05-23,31.564319757440657,17.5,0.0
2069-05-24,33.8,17.76495053048562,0.0
2069-05-25,34.94990234375,18.13408634479991,0.0
2069-05-26,33.17547770188017,19.681640625,0.0
2069-05-27,32.7,18.111675321227843,0.0
2069-05-28,31.1,17.373801710029984,0.0
2069-05-29,29.5,15.6,0.0
2069-05-30,29.403920675664477,13.5,0.0
2069-05-31,30.1,12.1,0.0
2069-06-01,30.001671792187405,15.080455327561443,0.0
2069-06-02,30.643925729442973,16.46345821598467,0.0
2069-06-03,31.492041015625,17.223027166961074,0.0
2069-06-04,32.296484375,15.972446790958589,0.0
2069-06-05,33.205419921875,16.18744733205246,0.0
2069-06-06,34.5689453125,20.555615234375,0.0
2069-06-07,34.731298828125,20.70869140625,0.0
2069-06-08,33.370947265625,16.050644975456695,0.0
2069-06-09,32.685888671875,15.488474043534614,0.0
2069-06-10,31.523046875,16.4,0.0
2069-06-11,30.435430347992423,17.39802510482827,0.0
2069-06-12,27.0,14.36149803636695,0.0
2069-06-13,23.4,10.1,0.0
2069-06-14,25.5,7.0,0.0
2069-06-15,26.1,6.0,0.0
2069-06-16,27.5,6.204488748181741,0.0
2069-06-17,28.363437392466455,8.1,0.0
2069-06-18,27.3,12.9,0.0
2069-06-19,27.007754648021624,12.4,0.0
2069-06-20,28.460892526087186,12.3,0.0
2069-06-21,28.698763599373123,14.0,0.0
2069-06-22,28.5,14.04423589235472,0.0
2069-06-23,27.7,14.7,0.0
2069-06-24,26.6,13.2,0.0
2069-06-25,27.1,13.2,0.0
2069-06-26,27.5,12.9,0.0
2069-06-27,28.0,12.679757343550447,0.0
2069-06-28,28.2,13.4,0.0
2069-06-29,27.4,14.7,0.0
2069-06-30,26.8,15.1,0.0
2069-07-01,26.4,15.724022510751004,0.0
2069-07-02,27.6,16.0,0.0
2069-07-03,28.43865774324892,15.0,0.0
2069-07-04,29.4,15.0,0.0
2069-07-05,30.760933020860527,15.3,0.0
2069-07-06,30.7,16.0,0.0
2069-07-07,28.9,15.76519752651283,0.0
2069-07-08,28.5,13.6,0.0
2069-07-09,29.0,11.744599928238248,0.0
2069-07-10,30.7,10.7,0.0
2069-07-11,32.052197265625,13.601076426264802,0.0
2069-07-12,33.551953125,14.2,0.0
2069-07-13,32.296337890625,15.0,0.0
2069-07-14,31.554150390625,14.623570659695513,0.0
2069-07-15,32.222607421875,15.755523167508604,0.0
2069-07-16,32.58125,16.632958984375,0.0
2069-07-17,31.536572265625,18.6078125,0.0
2069-07-18,31.732861328125,18.36708984375,0.0
2069-07-19,32.25849609375,18.152490234375,0.0
2069-07-20,31.29970812773367,17.56875,0.0
2069-07-21,31.128507264511253,16.0,0.0
2069-07-22,30.7,16.0,0.0
2069-07-23,30.47517421109285,15.473550470502435,0.0
2069-07-24,30.2,15.449166290496173,0.0
2069-07-25,29.0,15.940515788467204,0.0
2069-07-26,28.7,15.0,0.0
2069-07-27,28.689470731818247,14.3,0.0
2069-07-28,28.2,14.772267158747228,0.0
2069-07-29,28.08643559382848,14.382777179763188,0.0
2069-07-30,28.014678148546814,14.0,0.0
2069-07-31,28.8,12.0,0.0
2069-08-01,28.6,10.468011144177797,0.0
2069-08-02,25.3,13.919760760472407,0.0
2069-08-03,20.9,13.2,0.0
2069-08-04,21.8,10.4,0.0
2069-08-05,23.2,8.6,0.0
2069-08-06,24.1,10.0,0.0
2069-08-07,24.7,10.9,0.0
2069-08-08,22.6,11.5,0.0
2069-08-09,24.3,10.5,0.0
2069-08-10,25.0,10.4,0.0
2069-08-11,26.7,10.2,0.0
2069-08-12,28.2,10.0,0.0
2069-08-13,27.5,13.0,0.0
2069-08-14,26.0,13.4,0.0
2069-08-15,25.7,12.6,0.0
2069-08-16,26.3,11.8,0.0
2069-08-17,26.7,11.5,0.0
2069-08-18,24.4,15.048381220501774,0.0
2069-08-19,28.8,14.6,0.0
2069-08-20,29.9,16.3,0.0
2069-08-21,27.9,15.7,0.0
2069-08-22,27.6,14.0,0.0
2069-08-23,28.6,13.9,0.0
2069-08-24,30.3,15.2,0.0
2069-08-25,32.56194031559902,16.9,0.0
2069-08-26,37.707275390625,18.801916464006148,0.0
2069-08-27,37.771728515625,19.021235103413293,0.0
2069-08-28,32.70722637297373,19.031109190002013,0.0
2069-08-29,31.5,18.81084288163296,0.0
2069-08-30,32.5,17.854313859803618,0.0
2069-08-31,29.5,18.627920876882293,0.0
2069-09-01,29.4,15.4,0.0
2069-09-02,31.0,14.5,0.0
2069-09-03,33.0,11.4,0.0
2069-09-04,31.4,16.4,0.0
2069-09-05,30.7,15.9,0.0
2069-09-06,32.3,15.6,0.0
2069-09-07,34.09094404410698,17.0,0.0
2069-09-08,35.4,18.27611709487506,0.0
2069-09-09,37.57982299172984,18.4,0.0
2069-09-10,32.8,20.189251386359288,0.0
2069-09-11,31.9,18.4,0.0
2069-09-12,32.6,17.3,0.0
2069-09-13,31.2,17.2,0.0
2069-09-14,31.3,15.7930412322543,0.0
2069-09-15,32.0,15.2,0.0
2069-09-16,32.7,15.2,0.0
2069-09-17,32.3,16.5,0.0
2069-09-18,31.5,17.2,0.0
2069-09-19,31.5,16.6,0.0
2069-09-20,32.0,16.7,0.0
2069-09-21,32.633769002595486,17.2,0.0
2069-09-22,32.9,18.6,0.0
2069-09-23,33.0,18.2,0.0
2069-09-24,35.2,17.9,0.0
2069-09-25,31.8,20.5,0.0
2069-09-26,30.0,18.2,0.0
2069-09-27,28.53379996686626,15.1,0.0
2069-09-28,30.0,14.9,0.0
2069-09-29,34.4,14.9,0.0
2069-09-30,39.580322265625,16.9,0.0
2069-10-01,38.596533203125,17.2,0.0
2069-10-02,33.6,20.6,0.0
2069-10-03,29.9,18.0,0.0
2069-10-04,31.0,15.8,0.0
2069-10-05,33.3,18.0,0.0
2069-10-06,35.7,19.9,0.0
2069-10-07,37.53478363832076,20.75077259627069,0.0
2069-10-08,37.56141270182991,22.6,0.0
2069-10-09,34.673030476318615,21.562949875976965,0.0
2069-10-10,33.4,21.0,0.0
2069-10-11,33.67907857911732,19.8,0.0
2069-10-12,31.8,17.9,0.0
2069-10-13,30.9,18.9,0.0
2069-10-14,31.6,16.99586652314316,0.0
2069-10-15,32.0,17.5,0.0
2069-10-16,33.2,19.0,0.426857142857143
2069-10-17,31.8,19.28080578194678,1.0
2069-10-18,30.8,18.0,0.2
2069-10-19,31.4,20.6,0.0
2069-10-20,31.6,18.9,0.0
2069-10-21,32.8,17.1,0.0
2069-10-22,34.4,18.0,0.0
2069-10-23,29.7,18.7,0.0
2069-10-24,29.9,16.6,0.0
2069-10-25,30.6,16.9,0.0
2069-10-26,32.0,17.242960738768335,0.0
2069-10-27,34.32809472551129,17.9,0.0
2069-10-28,35.5,19.5,0.0
2069-10-29,30.6,18.5,0.0
2069-10-30,31.8,17.0,0.0
2069-10-31,34.9,18.1,0.0
2069-11-01,36.5,23.18103183867374,0.0
2069-11-02,37.2,23.774171733973215,0.0
2069-11-03,36.29667960488179,22.13136351034016,0.0
2069-11-04,35.60418413621972,21.5,0.0
2069-11-05,34.0,20.4,40.975
2069-11-06,28.757027724725585,20.3,3.8
2069-11-07,31.4,20.4,0.0
2069-11-08,33.4,20.4,0.0
2069-11-09,32.7,19.2,0.0
2069-11-10,34.0,20.1,0.0
2069-11-11,35.3,18.0,0.0
2069-11-12,34.0,21.3,0.0
2069-11-13,34.4,20.0,0.0
2069-11-14,32.4,21.4,0.0
2069-11-15,31.0,20.9,17.283333333333335
2069-11-16,30.0,20.3,0.0
2069-11-17,31.9,20.0,12.012121212121214
2069-11-18,30.2,20.6,0.9
2069-11-19,31.9,20.189992685169933,0.2
2069-11-20,31.0,19.8,1.0200000000000002
2069-11-21,30.3,20.0,0.0
2069-11-22,28.881111309630157,19.7,0.0
2069-11-23,31.8,20.3,0.0
2069-11-24,31.7,19.9,3.8
2069-11-25,32.61167964404894,20.6,1.6777777777777776
2069-11-26,31.7,20.7,0.0
2069-11-27,33.7,20.0,2.5
2069-11-28,32.7,20.4,9.541666666666666
2069-11-29,31.5,20.6,5.4
2069-11-30,28.54142380422692,20.3,25.0
2069-12-01,27.6,20.5,0.8
2069-12-02,29.2,20.0,0.0
2069-12-03,30.0,17.2,0.0
2069-12-04,29.9,18.7,0.0
2069-12-05,31.8,17.9,0.0
2069-12-06,32.148027945279914,18.6,0.0
2069-12-07,32.16841472718342,18.4,0.0
2069-12-08,31.9,17.5,0.0
2069-12-09,30.5,17.8,0.0
2069-12-10,31.6,19.0,0.0
2069-12-11,32.1,19.5,0.0
2069-12-12,33.25516377853505,18.5,0.0
2069-12-13,35.02568359375,20.254540724793685,0.0
2069-12-14,34.8103515625,21.468679666819156,0.0
2069-12-15,32.0,22.107417824157892,0.0
2069-12-16,32.4,21.0,4.510638297872341
2069-12-17,31.9880238507033,20.52500599494826,10.013723404255321
2069-12-18,32.4,20.242950663796194,14.8
2069-12-19,30.7,20.2,9.8
2069-12-20,32.64556225848169,21.0,32.67
2069-12-21,28.0,20.451799794620513,5.0
2069-12-22,27.0,20.90306839438251,11.2
2069-12-23,26.7,20.99968578373288,18.945106382978725
2069-12-24,28.6,20.86994243231953,8.35829787234043
2069-12-25,29.9,20.967563638702117,42.47963525835865
2069-12-26,28.6,19.9,0.7
2069-12-27,29.2,20.42735179327333,11.0
2069-12-28,27.1,20.983122802701388,33.5731914893617
2069-12-29,26.5,20.281295703265165,0.0
2069-12-30,31.0,20.5,0.0
2069-12-31,27.9,20.34586586185742,23.648510638297875
2070-01-01,30.1,19.54245143988942,0.0
2070-01-02,29.5,19.8,18.7
2070-01-03,27.9,19.8,65.6190476190476
2070-01-04,23.93926620568864,17.7,41.4
2070-01-05,24.858711287480787,17.4,8.5
2070-01-06,25.7,19.2,9.9
2070-01-07,25.6,19.63655596971772,10.750000000000004
2070-01-08,28.2,19.6,20.97894736842105
2070-01-09,29.0,19.608962726392996,0.0
2070-01-10,24.8,19.0,0.0
2070-01-11,27.2,17.8,0.0
2070-01-12,28.3,16.2,0.0
2070-01-13,30.4,15.4,0.0
2070-01-14,30.30741875435094,17.1,0.0
2070-01-15,26.4,18.0,26.0
2070-01-16,27.8,17.4,0.0
2070-01-17,28.7,17.7,0.0
2070-01-18,29.5,17.5,0.0
2070-01-19,30.68268287339131,16.2,0.0
2070-01-20,31.2,15.9,0.0
2070-01-21,31.9,16.5,0.0
2070-01-22,31.6,17.7,0.0
2070-01-23,29.8,18.1,0.6
2070-01-24,29.7,19.8,5.0
2070-01-25,29.45739579080211,19.53269962418598,0.0
2070-01-26,28.3,19.8,0.0
2070-01-27,29.5,19.4,1.5
2070-01-28,32.56344609089307,19.6,0.0
2070-01-29,32.62111038325443,19.8,1.0
2070-01-30,30.9,19.8,0.3
2070-01-31,31.635951147380993,19.656892380107948,26.97368421052632
2070-02-01,30.0,20.018352497888642,12.5
2070-02-02,28.0,19.0,0.0
2070-02-03,28.6,19.9,5.133333333333332
2070-02-04,28.5,19.711134932091216,6.4
2070-02-05,26.9,19.9,15.8
2070-02-06,25.2,19.9,55.62330097087381
2070-02-07,27.9,20.05564544628142,8.4
2070-02-08,29.406990219255547,20.024740729068608,4.9
2070-02-09,29.8,19.7,1.0
2070-02-10,27.9,20.029527191368647,0.3
2070-02-11,25.98086015639207,20.049276059441212,4.4
2070-02-12,31.9,19.2,0.0
2070-02-13,31.7,18.9,0.0
2070-02-14,30.4,19.7,1.3
2070-02-15,31.2,19.5,0.0
2070-02-16,30.0,20.171185540598163,0.0
2070-02-17,30.6,20.28569981017191,1.3
2070-02-18,30.043825701193708,19.9,2.7250000000000014
2070-02-19,29.0,19.9,10.2
2070-02-20,29.6,19.913102346971538,7.4
2070-02-21,25.9,19.703216496645606,48.29577464788732
2070-02-22,24.0,17.5,11.0
2070-02-23,21.63594671340453,17.2,3.9
2070-02-24,22.26188820045203,17.3,2.75
2070-02-25,24.6,18.0,0.0
2070-02-26,29.443012098456403,15.6,0.0
2070-02-27,30.0,14.5,0.0
2070-02-28,29.6,17.5,0.0
2070-03-01,29.9,17.8,0.0
2070-03-02,29.4,18.9,2.3799999999999994
2070-03-03,24.7,19.4,0.0
2070-03-04,28.7,19.4,2.3799999999999994
2070-03-05,31.8,18.5,0.0
2070-03-06,29.9,19.2,0.0
2070-03-07,28.8,19.034949076757474,0.0
2070-03-08,30.0,18.6,0.0
2070-03-09,28.7,18.1,0.0
2070-03-10,30.2,16.9,0.0
2070-03-11,30.7,16.9,0.0
2070-03-12,32.79256449165402,17.4,0.0
2070-03-13,33.688168557536464,19.2,0.0
2070-03-14,34.6983636843494,17.9,0.0
2070-03-15,31.906832298136642,19.0,0.9
2070-03-16,28.7,19.4,0.0
2070-03-17,28.7,20.3,0.0
2070-03-18,30.6,20.3,0.0
2070-03-19,32.0,19.9,0.0
2070-03-20,32.48989361702127,19.9,0.0
2070-03-21,31.94472049689441,18.8,0.0
2070-03-22,32.74461305007588,18.4,0.0
2070-03-23,30.5,19.6,0.0
2070-03-24,26.3,19.3,0.0
2070-03-25,27.0,19.880331622862126,0.0
2070-03-26,29.9,16.9,0.0
2070-03-27,30.9,15.072969740461668,0.0
2070-03-28,30.7,15.5,0.0
2070-03-29,31.5,17.7,0.0
2070-03-30,32.53592085235921,18.6,0.0
2070-03-31,32.84779969650986,17.3,0.0
2070-04-01,31.302697495183047,14.9,0.0
2070-04-02,30.4,13.8,0.0
2070-04-03,30.9,12.5,0.0
2070-04-04,31.303275529865125,14.3,0.0
2070-04-05,31.7,14.6,0.0
2070-04-06,31.7,14.9,0.0
2070-04-07,32.0,13.8,0.0
2070-04-08,31.4,17.3,0.0
2070-04-09,30.2,17.4,0.0
2070-04-10,30.9,16.9,0.0
2070-04-11,32.28333333333333,14.0,0.0
2070-04-12,32.7,15.1,0.0
2070-04-13,32.0,17.3,0.0
2070-04-14,27.2,17.7,0.0
2070-04-15,29.6,15.4,0.0
2070-04-16,32.4,16.85790849673203,0.0
2070-04-17,33.715784671532845,18.4,0.0
2070-04-18,33.87348586810228,18.87293577981652,0.0
2070-04-19,33.859219380888284,19.4,0.0
2070-04-20,33.2,19.0,0.0
2070-04-21,32.75010183299389,18.5,0.0
2070-04-22,31.35703275529865,18.9,0.0
2070-04-23,30.174193548387095,17.0,0.0
2070-04-24,30.4,15.5,0.0
2070-04-25,31.2,16.9,0.0
2070-04-26,32.4,17.7,0.0
2070-04-27,34.038375254928624,18.4,0.0
2070-04-28,34.05006798096533,17.7,0.0
2070-04-29,31.6,19.7,0.0
2070-04-30,30.6,18.1,0.0
2070-05-01,31.4,16.5,0.0
2070-05-02,33.938671875,15.7,0.0
2070-05-03,34.727001953125,16.0,0.0
2070-05-04,33.57578272285533,18.21093563280782,0.0
2070-05-05,31.1,17.9,0.0
2070-05-06,31.7,16.2,0.0
2070-05-07,33.33502550224837,16.068251041325396,0.0
2070-05-08,34.024609375,16.2,0.0
2070-05-09,33.8,17.728513636992176,0.0
2070-05-10,31.98828872078218,18.0,0.0
2070-05-11,31.7,17.5,0.0
2070-05-12,31.3885159656432,15.9,0.0
2070-05-13,30.8,15.3,0.0
2070-05-14,30.5,14.9,0.0
2070-05-15,30.899760408347497,13.5,0.0
2070-05-16,30.7,14.5,0.0
2070-05-17,30.214848405238445,13.6,0.0
2070-05-18,30.222431281923704,13.9,0.0
2070-05-19,29.9,15.2,0.0
2070-05-20,30.0,13.9,0.0
2070-05-21,30.1,13.2,0.0
2070-05-22,30.0,12.3,0.0
2070-05-23,30.6,12.9,0.0
2070-05-24,31.1,14.2,0.0
2070-05-25,31.959742850412525,15.2,0.0
2070-05-26,31.0,17.7467320837389,0.0
2070-05-27,29.638093817681913,18.29923392890816,0.0
2070-05-28,29.362660925726583,17.2,0.0
2070-05-29,28.9,15.0,0.0
2070-05-30,28.61751570831351,14.6,0.0
2070-05-31,28.1,14.0,0.0
2070-06-01,28.2,15.089302160277084,0.0
2070-06-02,26.9,15.404140431264109,0.0
2070-06-03,26.7,16.34907498006635,0.0
2070-06-04,28.193436127186896,15.9,0.0
2070-06-05,28.0,16.67164027281777,0.0
2070-06-06,28.0,21.777783203125,0.0
2070-06-07,28.346652155472512,20.608837890625,0.0
2070-06-08,28.551318203487288,20.208447265625,0.0
2070-06-09,30.175949367088634,21.139111328125,0.0
2070-06-10,30.0,20.598583984375,0.0
2070-06-11,27.0,17.38007901426318,0.0
2070-06-12,25.9,17.763707352635244,0.0
2070-06-13,27.0,14.2,0.0
2070-06-14,26.9,11.9,0.0
2070-06-15,26.3,10.433889506859476,0.0
2070-06-16,25.9,12.0,0.0
2070-06-17,26.7,10.9,0.0
2070-06-18,26.0,12.3,0.0
2070-06-19,26.9,12.0,0.0
2070-06-20,28.0,13.095931316486242,0.0
2070-06-21,28.184834660119034,14.2,0.0
2070-06-22,28.747279199110128,14.2,0.0
2070-06-23,29.223709104204303,14.804412042261168,0.0
2070-06-24,28.5,14.7,0.0
2070-06-25,28.2,13.2,0.0
2070-06-26,28.5,12.5,0.0
2070-06-27,27.9,14.0,0.0
2070-06-28,28.0,12.4,0.0
2070-06-29,29.5,12.9,0.0
2070-06-30,30.0,14.2,0.0
2070-07-01,27.0,15.3,0.0
2070-07-02,22.3,15.541347248872862,0.0
2070-07-03,25.4,13.958010588519587,0.0
2070-07-04,25.5,11.2,0.0
2070-07-05,26.1,9.1,0.0
2070-07-06,27.6,8.9,0.0
2070-07-07,27.6,9.4,0.0
2070-07-08,26.0,12.0,0.0
2070-07-09,26.0,10.9,0.0
2070-07-10,27.5,10.5,0.0
2070-07-11,28.1,11.6,0.0
2070-07-12,27.9,12.5,0.0
2070-07-13,28.5,12.1,0.0
2070-07-14,29.237581376793884,13.0,0.0
2070-07-15,29.234301543794714,13.215151776103335,0.0
2070-07-16,29.1,13.8,0.0
2070-07-17,28.2,14.2,0.0
2070-07-18,27.0,14.2,0.0
2070-07-19,26.0,13.0,0.0
2070-07-20,26.0,10.532185145317547,0.0
2070-07-21,27.1,11.2,0.0
2070-07-22,28.042883387154635,12.0,0.0
2070-07-23,28.3,13.170556306254719,0.0
2070-07-24,28.5,13.896490850376749,0.0
2070-07-25,28.7,14.2,0.0
2070-07-26,28.1,14.2,0.0
2070-07-27,28.3,12.084407965554359,0.0
2070-07-28,29.2,11.2,0.0
2070-07-29,29.2,13.854539986069774,0.0
2070-07-30,29.444187298170064,11.1,0.0
2070-07-31,30.7,11.2,0.0
2070-08-01,27.6,13.0,0.0
2070-08-02,18.911065577395586,13.5,0.0
2070-08-03,21.4,13.2,0.0
2070-08-04,22.216397560100464,11.2,0.0
2070-08-05,24.080238080162097,9.5,0.0
2070-08-06,24.4,11.5,0.0
2070-08-07,25.6,12.8,0.0
2070-08-08,21.4,14.0,0.0
2070-08-09,25.3,13.5,0.0
2070-08-10,27.0,11.7,0.0
2070-08-11,27.0,12.5,0.0
2070-08-12,26.6,11.9,0.0
2070-08-13,27.90019767100498,11.4,0.0
2070-08-14,29.5,11.5,0.0
2070-08-15,29.0,14.2,0.0
2070-08-16,26.0,14.5,0.0
2070-08-17,25.9,12.0,0.0
2070-08-18,27.0,10.2,0.0
2070-08-19,27.812007878524142,9.6,0.0
2070-08-20,27.7,13.9,0.0
2070-08-21,27.1,16.0,0.0
2070-08-22,28.2,16.294824580622414,0.0
2070-08-23,27.44412730626041,15.4,0.0
2070-08-24,27.3,13.0,0.0
2070-08-25,27.7,13.5,0.0
2070-08-26,28.6,13.7,0.0
2070-08-27,29.5,14.2,0.0
2070-08-28,30.3,15.0,0.0
2070-08-29,30.1,15.7,0.0
2070-08-30,29.9,15.0,0.0
2070-08-31,29.6,14.888844167797702,0.0
2070-09-01,31.506582362469025,15.2,0.0
2070-09-02,32.9,18.0,0.0
2070-09-03,32.5,20.5,0.0
2070-09-04,30.9,18.3,0.0
2070-09-05,28.758828522920208,16.7,0.0
2070-09-06,27.7,14.2,0.0
2070-09-07,29.0,13.5,0.0
2070-09-08,29.3,12.8,0.0
2070-09-09,31.9,14.9,0.0
2070-09-10,32.7,16.3,0.0
2070-09-11,32.6,16.9,0.0
2070-09-12,31.3,17.474374753310126,0.0
2070-09-13,30.9,17.2,0.0
2070-09-14,31.5,18.1,0.0
2070-09-15,31.4,18.3,0.0
2070-09-16,30.6,17.9,0.0
2070-09-17,30.0,16.7,0.0
2070-09-18,31.5,17.0,0.0
2070-09-19,33.1,18.2,0.0
2070-09-20,35.0,19.98299449187183,0.0
2070-09-21,36.0,20.0,0.0
2070-09-22,39.519775390625,20.5,0.0
2070-09-23,38.676697031296946,20.5,0.0
2070-09-24,33.5,20.92961007906324,0.0
2070-09-25,31.7,19.2,0.0
2070-09-26,31.9,19.0,0.0
2070-09-27,31.8,18.7,0.0
2070-09-28,32.4,18.4,0.0
2070-09-29,33.2,17.8,0.0
2070-09-30,35.4,18.8,0.0
2070-10-01,35.5,20.6,0.0
2070-10-02,33.8,20.3,0.0
2070-10-03,32.1,19.5,0.0
2070-10-04,31.1,18.0,0.0
2070-10-05,32.0,16.8,0.0
2070-10-06,33.1,17.3,0.0
2070-10-07,34.0,18.627704520990303,0.0
2070-10-08,34.6,18.0,0.0
2070-10-09,32.9,20.1,0.0
2070-10-10,33.0,19.5,0.0
2070-10-11,35.2,19.4,0.0
2070-10-12,33.0,21.9,0.0
2070-10-13,33.0,19.9,0.0
2070-10-14,34.9,20.7,0.0
2070-10-15,36.0,21.0,0.0
2070-10-16,37.15186276477348,22.0,0.0
2070-10-17,37.2,20.7,0.0
2070-10-18,37.78142230071605,20.9,0.0
2070-10-19,38.0,21.9,0.0
2070-10-20,37.2,22.2,0.0
2070-10-21,37.97589836473442,22.0,0.0
2070-10-22,38.0,22.997558063560852,0.0
2070-10-23,36.0,21.4,0.0
2070-10-24,33.078777487313545,19.5,0.0
2070-10-25,32.9,19.5,0.6687999999999998
2070-10-26,31.146716899892358,18.4,0.0
2070-10-27,34.6,21.7,0.0
2070-10-28,33.0,21.2,0.0
2070-10-29,31.4,20.2,0.0
2070-10-30,30.5,20.598315244763516,0.0
2070-10-31,31.450072380386764,20.0,3.3
2070-11-01,33.6,20.3,1.5
2070-11-02,32.8,20.0,0.0
2070-11-03,34.71505825777238,21.1,0.0
2070-11-04,34.8,20.4,0.0
2070-11-05,31.2,20.9,46.3
2070-11-06,30.5,20.459545960157755,0.0
2070-11-07,33.18982202447163,21.28542414468143,0.0
2070-11-08,34.2,21.1,0.0
2070-11-09,35.2,20.99463428798621,0.0
2070-11-10,35.64588667103876,19.0,0.0
2070-11-11,34.5,20.0,1.4
2070-11-12,34.56901181598993,19.0,0.0
2070-11-13,33.3,20.7,0.0
2070-11-14,32.4,19.5,0.0
2070-11-15,34.235365459829914,19.0,0.0
2070-11-16,34.6,21.4,0.0
2070-11-17,34.762136380490105,20.9,0.0
2070-11-18,32.7,21.2,0.9
2070-11-19,32.2,20.4,11.4
2070-11-20,29.8,20.0,5.4
2070-11-21,32.5,19.8,16.94285714285715
2070-11-22,26.7,20.3,4.5600000000000005
2070-11-23,26.8,20.4,23.599999999999994
2070-11-24,28.8,20.0,0.7
2070-11-25,31.0,20.4,0.8
2070-11-26,31.0,20.5,0.0
2070-11-27,32.2,20.3,1.3
2070-11-28,31.9,20.9,16.119999999999994
2070-11-29,30.5,21.0,16.6
2070-11-30,30.0,20.139241430839007,4.0
2070-12-01,29.6,19.511128972862725,14.8
2070-12-02,30.3,18.0,1.5210638297872336
2070-12-03,29.5,19.58327375012768,13.6
2070-12-04,25.753358979336145,20.0,10.6
2070-12-05,25.5,19.9,20.599659574468088
2070-12-06,28.6,19.2,1.0
2070-12-07,29.7,19.8,16.6
2070-12-08,28.4,19.6,0.0
2070-12-09,30.0,19.4,0.0
2070-12-10,31.0,20.0,0.0
2070-12-11,31.4,20.0,0.0
2070-12-12,27.7,20.3,0.0
2070-12-13,28.7,19.9,0.0
2070-12-14,30.1,18.1,0.0
2070-12-15,31.4,17.8,0.0
2070-12-16,32.4,16.9,0.0
2070-12-17,33.19448124534238,16.5,0.0
2070-12-18,33.1,18.3,0.0
2070-12-19,33.6799247769988,20.50404865500006,0.0
2070-12-20,33.33376855162103,22.888848019905915,0.0
2070-12-21,33.65851767732072,20.42375038797573,0.0
2070-12-22,33.68534986390352,22.099363788804403,3.69885106382979
2070-12-23,32.81330042794506,20.2,0.0
2070-12-24,32.433356652292616,21.812187090729278,0.0
2070-12-25,28.7,20.1,4.0
2070-12-26,29.0,20.52710172894308,2.3
2070-12-27,27.0,20.3,9.4
2070-12-28,27.4,20.281154590509512,23.715319148936167
2070-12-29,25.5,19.909649712952994,0.0
2070-12-30,30.2,20.2,0.0
2070-12-31,29.9,20.290627960172234,0.8
