date,tmax_C,tmin_C,precip_mm_day
1981-01-01,29.2,16.2,5.0
1981-01-02,28.2,18.1,1.0
1981-01-03,27.1,17.7,43.780337078651684
1981-01-04,25.5,18.4,5.6
1981-01-05,28.0,15.6,0.0
1981-01-06,28.6,14.999354144241119,0.0
1981-01-07,27.4,18.7,0.0
1981-01-08,28.5,17.2,7.562172284644196
1981-01-09,28.4,17.3,4.3
1981-01-10,27.2,17.3,35.11198501872659
1981-01-11,25.2,18.5,26.18164794007492
1981-01-12,27.2,17.4,16.0
1981-01-13,26.9,16.9,2.326404494382022
1981-01-14,26.9,18.1,7.2
1981-01-15,27.4,17.530570505920345,3.8
1981-01-16,25.5,17.1,5.7
1981-01-17,27.0,17.0,8.57247191011236
1981-01-18,26.5,18.1,39.32677902621724
1981-01-19,25.0,17.9,2.949812734082397
1981-01-20,28.19483315392895,17.6,1.8
1981-01-21,27.6,16.8,5.2
1981-01-22,26.5,18.0,0.0
1981-01-23,27.3,19.4,26.589138576779032
1981-01-24,26.129278794402584,18.8,23.4
1981-01-25,24.8,18.7,27.4
1981-01-26,23.779870828848225,17.6,0.5
1981-01-27,22.7,17.2,0.0
1981-01-28,27.2,18.3,2.4
1981-01-29,28.2,16.7,1.384269662921348
1981-01-30,29.0,17.2,7.460299625468167
1981-01-31,28.0,17.7,10.601498127340827
1981-02-01,27.0,18.1,2.1995391705069136
1981-02-02,29.1,17.6,0.0
1981-02-03,24.909773539928484,17.6,19.61336405529954
1981-02-04,24.9,18.6,0.2
1981-02-05,27.0,17.5,12.761751152073742
1981-02-06,26.2,16.0,2.4096774193548383
1981-02-07,27.6,16.1,1.0
1981-02-08,28.5,16.7,0.0
1981-02-09,30.2,15.3,0.0
1981-02-10,30.7,15.957091775923717,0.0
1981-02-11,29.8,18.2,0.3
1981-02-12,29.0,18.1,0.0
1981-02-13,29.6,17.4,0.0
1981-02-14,26.9,18.3,14.254838709677427
1981-02-15,24.477353992848627,17.7,55.77741935483874
1981-02-16,23.45244338498212,16.6,0.0
1981-02-17,23.7,16.4,0.0
1981-02-18,23.5,16.57175208581645,0.0
1981-02-19,24.6,15.4,0.0
1981-02-20,25.0,14.9,0.0
1981-02-21,23.9,18.1,0.0
1981-02-22,24.2,18.1,0.0
1981-02-23,26.7,16.9,0.0
1981-02-24,26.0,15.2,0.0
1981-02-25,26.5,14.5,0.0
1981-02-26,26.7,15.2,0.0
1981-02-27,29.9,16.1,0.0
1981-02-28,30.507747318235996,15.282240762812872,0.0
1981-03-01,31.0,17.72927879440258,0.0
1981-03-02,27.0,17.4,0.0
1981-03-03,26.5,17.047470398277714,0.0
1981-03-04,27.2,16.0,0.0
1981-03-05,25.3,15.2,0.0
1981-03-06,25.0,17.0,0.0
1981-03-07,26.6,17.0,0.0
1981-03-08,28.9,17.4,0.0
1981-03-09,29.9,15.5,0.0
1981-03-10,29.9,14.3,0.0
1981-03-11,29.7,17.9,0.0
1981-03-12,28.2,18.7,0.0
1981-03-13,29.6,17.8,0.0
1981-03-14,31.5,15.6,0.0
1981-03-15,32.9,15.4,0.0
1981-03-16,33.0,14.7,0.0
1981-03-17,32.5,16.1,0.0
1981-03-18,31.6,16.7,0.0
1981-03-19,29.8,16.0,0.0
1981-03-20,27.0,16.1,0.0
1981-03-21,30.7,14.192465016146393,0.0
1981-03-22,25.1,18.1,14.9
1981-03-23,24.8,18.4,1.4
1981-03-24,26.5,16.657265877287404,0.0
1981-03-25,24.8,15.4,0.0
1981-03-26,27.2,13.6,0.0
1981-03-27,28.8,11.6,0.0
1981-03-28,27.7,14.0,0.0
1981-03-29,28.1,14.7,0.0
1981-03-30,30.5,13.9,0.0
1981-03-31,30.7,15.9,0.0
1981-04-01,29.9,18.5,0.0
1981-04-02,29.5,16.9,0.0
1981-04-03,28.0,14.8,0.0
1981-04-04,27.9,12.8,0.0
1981-04-05,28.9,11.8,0.0
1981-04-06,29.8,12.0,0.0
1981-04-07,29.9,15.6,0.0
1981-04-08,29.5,14.0,0.0
1981-04-09,29.0,17.0,0.0
1981-04-10,26.1,17.4,36.3
1981-04-11,21.2,17.0,70.0
1981-04-12,21.3,15.0,0.0
1981-04-13,23.6,13.9,0.0
1981-04-14,24.3,12.5,0.0
1981-04-15,24.2,11.5,0.0
1981-04-16,25.4,10.5,0.0
1981-04-17,26.2,12.5,0.0
1981-04-18,26.4,12.3,0.0
1981-04-19,26.2,12.6,0.0
1981-04-20,25.5,12.6,0.0
1981-04-21,24.2,11.5,0.0
1981-04-22,26.7,11.2,0.0
1981-04-23,28.0,11.5,0.0
1981-04-24,29.0,12.6,0.0
1981-04-25,29.4,13.8,0.0
1981-04-26,28.7,14.2,0.0
1981-04-27,25.7,16.5,0.0
1981-04-28,24.3,15.9,0.0
1981-04-29,22.5,10.0,0.0
1981-04-30,25.4,8.2,0.0
1981-05-01,25.0,6.5,0.0
1981-05-02,26.9,11.4,0.0
1981-05-03,27.8,12.3,0.0
1981-05-04,27.4,11.2,0.0
1981-05-05,25.3,6.925941872981699,0.0
1981-05-06,26.3,6.662109795479009,0.0
1981-05-07,25.9,7.9,0.0
1981-05-08,26.5,12.7,0.0
1981-05-09,24.0,14.9,0.0
1981-05-10,27.5,13.5,0.0
1981-05-11,27.8,11.179978471474694,0.0
1981-05-12,27.5,9.7,0.0
1981-05-13,26.0,10.9,0.0
1981-05-14,25.0,9.6,0.0
1981-05-15,26.40172228202368,8.167707212055971,0.0
1981-05-16,26.5,8.4,0.0
1981-05-17,25.9,8.263186221743807,0.0
1981-05-18,25.0,7.2,0.0
1981-05-19,26.2,4.654790096878363,0.0
1981-05-20,28.7,3.488697524219591,0.0
1981-05-21,28.1,6.0,0.0
1981-05-22,27.9,7.9,0.0
1981-05-23,27.6,6.0,0.0
1981-05-24,24.6,10.0,0.0
1981-05-25,21.9,11.7,0.0
1981-05-26,23.3,12.8,0.0
1981-05-27,23.5,8.5,0.0
1981-05-28,24.0,6.8,0.0
1981-05-29,23.5,6.105059203444563,0.0
1981-05-30,23.3,1.2773950484391818,0.0
1981-05-31,23.8,0.6,0.0
1981-06-01,24.143715239154616,1.3498331479421581,0.0
1981-06-02,24.1,1.9,0.0
1981-06-03,23.7,2.0,0.0
1981-06-04,23.0,3.2895439377085656,0.0
1981-06-05,25.6,3.1496106785317024,0.0
1981-06-06,27.141045606229145,5.4,0.0
1981-06-07,29.9,10.4,0.0
1981-06-08,28.9,14.5,0.0
1981-06-09,25.3,11.9,0.0
1981-06-10,22.0,8.0,0.0
1981-06-11,22.4,3.2,0.0
1981-06-12,21.632591768631812,3.419466073414905,0.0
1981-06-13,24.563403781979982,11.0,0.0
1981-06-14,25.6,10.6,0.0
1981-06-15,21.4,13.5,0.0
1981-06-16,24.9,12.3,0.0
1981-06-17,25.4,12.1,0.0
1981-06-18,23.5,11.0,0.0
1981-06-19,22.9,9.4,0.0
1981-06-20,23.7,7.3,0.0
1981-06-21,24.5,6.0,0.0
1981-06-22,21.4,10.9,0.0
1981-06-23,23.1,7.0,0.0
1981-06-24,22.6,4.0,0.0
1981-06-25,20.7,4.5,0.0
1981-06-26,21.7,6.7,0.0
1981-06-27,22.7,8.056284760845383,0.0
1981-06-28,23.0,8.3,0.0
1981-06-29,23.5,6.4,0.0
1981-06-30,24.1,5.0,0.0
1981-07-01,23.7,10.203659849300326,0.0
1981-07-02,22.9,8.9,0.0
1981-07-03,23.7,8.0,0.0
1981-07-04,24.7,9.6,0.0
1981-07-05,25.8,10.073842841765341,0.0
1981-07-06,24.17674919268029,12.4,0.0
1981-07-07,22.6,11.1,0.0
1981-07-08,22.9,8.3,0.0
1981-07-09,20.4,10.4,0.0
1981-07-10,20.7,9.3,0.0
1981-07-11,20.4,5.0,0.0
1981-07-12,21.0,4.5,0.0
1981-07-13,24.7,5.3,0.0
1981-07-14,25.6,5.708719052744886,0.0
1981-07-15,26.0,6.5,0.0
1981-07-16,24.583100107642622,10.0,0.0
1981-07-17,25.0,8.4,0.0
1981-07-18,25.5,7.9,0.0
1981-07-19,25.3,6.4481162540365995,0.0
1981-07-20,24.5,6.168353067814855,0.0
1981-07-21,23.2,9.1,0.0
1981-07-22,22.0,8.2,0.0
1981-07-23,22.3,7.3,0.0
1981-07-24,21.618729817007534,8.1,0.0
1981-07-25,20.7,7.7,0.0
1981-07-26,21.5,6.2,0.0
1981-07-27,23.0,6.4,0.0
1981-07-28,24.3,7.7,0.0
1981-07-29,24.4,7.1,0.0
1981-07-30,24.5,7.0,0.0
1981-07-31,22.3,12.2,0.0
1981-08-01,18.6,10.855543595263725,0.0
1981-08-02,19.48622174381055,7.0,0.0
1981-08-03,20.9,4.266630785791174,0.0
1981-08-04,24.5,5.239935414424112,0.0
1981-08-05,26.9,7.193110871905275,0.0
1981-08-06,27.7,9.0,0.0
1981-08-07,28.122927879440255,10.535629709364905,0.0
1981-08-08,28.7,12.6,0.0
1981-08-09,30.075349838536056,13.5,0.0
1981-08-10,30.6,14.6,0.0
1981-08-11,30.9,14.4,0.0
1981-08-12,28.5,13.5,0.0
1981-08-13,27.2,11.4,0.0
1981-08-14,25.6,13.8,0.0
1981-08-15,25.7,11.6,0.0
1981-08-16,26.7,10.9,0.0
1981-08-17,27.771044133476845,11.9,0.0
1981-08-18,26.4,12.5,0.0
1981-08-19,27.6,10.2,0.0
1981-08-20,29.861463939720124,12.1,0.0
1981-08-21,28.8,11.0,0.0
1981-08-22,27.2,14.4,0.0
1981-08-23,27.0,14.0,0.0
1981-08-24,28.3,13.71420882669537,0.0
1981-08-25,30.32368137782562,14.0,0.0
1981-08-26,31.12734122712594,13.7,0.0
1981-08-27,31.1,14.5,0.0
1981-08-28,31.2,13.5,0.0
1981-08-29,29.4,12.7,0.0
1981-08-30,27.5,14.6,0.0
1981-08-31,27.8,12.0,0.0
1981-09-01,28.1,11.279421579532816,0.0
1981-09-02,28.1,9.899666295884316,0.0
1981-09-03,27.7,12.185761957730811,0.0
1981-09-04,26.892769744160177,12.7,0.0
1981-09-05,27.6,11.845939933259176,0.0
1981-09-06,28.5,10.2,0.0
1981-09-07,26.719466073414907,13.5,0.0
1981-09-08,23.359733036707453,11.4,0.0
1981-09-09,23.76607341490545,9.0,0.0
1981-09-10,26.1,7.5,0.0
1981-09-11,27.0,9.6,0.0
1981-09-12,28.0,11.4,0.0
1981-09-13,28.0,12.2,0.0
1981-09-14,27.4,12.2,0.0
1981-09-15,27.9,12.1,0.0
1981-09-16,28.405339265850944,12.6,0.0
1981-09-17,29.1,13.212013348164628,0.0
1981-09-18,29.657842046718578,14.0,0.0
1981-09-19,28.9,14.9,0.0
1981-09-20,27.8,14.5,0.0
1981-09-21,27.7,13.5,0.0
1981-09-22,29.0,12.6,0.0
1981-09-23,29.9,13.8,0.0
1981-09-24,27.8,14.0,0.0
1981-09-25,27.8,12.265739710789767,0.0
1981-09-26,29.9,12.0,0.0
1981-09-27,31.6,14.2,0.0
1981-09-28,31.6,16.7,0.0
1981-09-29,31.9,17.4,0.0
1981-09-30,33.0,17.2,0.0
1981-10-01,34.5,16.325296017222815,0.0
1981-10-02,34.2,17.0,0.0
1981-10-03,33.9,16.8,0.0
1981-10-04,34.4,16.2,0.0
1981-10-05,35.2,16.8,0.0
1981-10-06,35.274058127018286,17.3,0.0
1981-10-07,33.5,18.5,0.0
1981-10-08,32.5,17.9,0.0
1981-10-09,33.3,16.5,0.0
1981-10-10,35.0,17.7,0.0
1981-10-11,32.9,19.9,0.0
1981-10-12,31.3,18.7,0.0
1981-10-13,31.1,18.1,0.0
1981-10-14,31.6,18.0,0.0
1981-10-15,31.0,17.6,0.0
1981-10-16,31.2,16.7,0.0
1981-10-17,33.0,16.685037674919265,0.0
1981-10-18,32.9,18.5,0.0
1981-10-19,30.7,18.6,0.0
1981-10-20,29.6,16.9,0.0
1981-10-21,29.845425188374595,17.1,0.0
1981-10-22,30.6,19.5,1.0360000000000003
1981-10-23,28.0,16.9,2.4
1981-10-24,20.653283100107643,15.0,49.900000000000226
1981-10-25,17.3,10.333261571582346,8.112000000000005
1981-10-26,20.159956942949407,9.81324004305705,0.0
1981-10-27,24.0,10.986437029063508,0.0
1981-10-28,27.3,13.659741657696447,0.0
1981-10-29,26.413024757804088,14.5,0.5640000000000001
1981-10-30,22.199677072120558,14.9,0.0
1981-10-31,22.9,10.4,0.0
1981-11-01,27.6,14.0,0.0
1981-11-02,29.0,13.273192436040045,0.0
1981-11-03,30.1,14.06662958843159,0.0
1981-11-04,31.0,14.5,0.0
1981-11-05,31.3,15.019688542825362,0.0
1981-11-06,31.6,15.2,0.0
1981-11-07,31.5,15.9,0.0
1981-11-08,31.2,16.0,0.0
1981-11-09,31.9,15.6,0.0
1981-11-10,32.5,15.6,0.0
1981-11-11,34.0,16.0,0.0
1981-11-12,35.1,17.7,0.0
1981-11-13,34.764961067853164,19.3,0.0
1981-11-14,33.7,19.548275862068966,0.0
1981-11-15,33.4,19.5,0.0
1981-11-16,33.7,19.4,0.0
1981-11-17,31.0,17.0,9.4
1981-11-18,25.6,16.9,0.0
1981-11-19,26.152169076751946,16.9,0.0
1981-11-20,29.2,17.810678531701893,1.0
1981-11-21,29.0,17.0,0.0
1981-11-22,30.3,15.839599555061179,0.0
1981-11-23,30.2,17.5,0.0
1981-11-24,31.0,16.698887652947718,0.0
1981-11-25,32.186651835372636,19.9,0.0
1981-11-26,32.5,19.0,0.0
1981-11-27,32.2,17.9,0.0
1981-11-28,32.0,18.3,0.0
1981-11-29,31.7,19.7,0.0
1981-11-30,32.1,19.7,0.0
1981-12-01,33.25339074273411,19.0,0.0
1981-12-02,33.7,19.5,0.0
1981-12-03,33.44015069967705,20.2,0.0
1981-12-04,29.5,19.5,5.092110874200426
1981-12-05,29.1,19.0,1.4
1981-12-06,29.8,17.8,0.0
1981-12-07,30.2,17.1,0.0
1981-12-08,31.1,18.4,0.0
1981-12-09,31.6,18.0,0.0
1981-12-10,32.0,20.658127018299243,0.0
1981-12-11,30.6,19.2,0.0
1981-12-12,31.0,17.5,0.0
1981-12-13,29.4,18.5,15.296801705756929
1981-12-14,24.0,17.5,18.956929637526656
1981-12-15,24.9,17.2,8.818976545842219
1981-12-16,27.0,17.3,0.3
1981-12-17,28.9,16.9,6.6
1981-12-18,28.0,16.6,1.6
1981-12-19,27.6,17.2,10.0
1981-12-20,27.0,17.9,3.6
1981-12-21,25.5,17.554251883745962,34.26012793176972
1981-12-22,27.1,18.1,41.916417910447734
1981-12-23,26.5,17.8,9.8
1981-12-24,27.2,17.7,16.205756929637552
1981-12-25,27.4,16.5,12.6
1981-12-26,27.13789020452099,17.9,27.214285714285705
1981-12-27,26.345317545748113,18.5,1.3
1981-12-28,26.3,17.6,18.8
1981-12-29,26.0,17.9,52.32750533049039
1981-12-30,25.6,18.2,47.45970149253726
1981-12-31,25.4,17.4,0.0
1982-01-01,26.5,17.9,20.186704119850184
1982-01-02,26.8,17.3,5.4
1982-01-03,25.696393972012917,16.5,10.0
1982-01-04,27.7,17.0,0.6
1982-01-05,28.2,16.7,39.32677902621724
1982-01-06,26.0,17.0,16.0
1982-01-07,28.9,15.5,0.0
1982-01-08,25.7,16.9,1.9142322097378273
1982-01-09,25.396232508073197,18.1,3.108988764044941
1982-01-10,25.9,16.9,33.64719101123595
1982-01-11,26.6,16.4,0.0
1982-01-12,27.8,16.2,0.0
1982-01-13,28.6,17.0,0.0
1982-01-14,27.6,16.6,0.0
1982-01-15,25.9,15.9,0.0
1982-01-16,28.8,15.0,0.0
1982-01-17,29.9,15.2,0.0
1982-01-18,29.9,15.9,0.0
1982-01-19,29.6,15.4,0.0
1982-01-20,29.4,16.7,0.3056179775280899
1982-01-21,28.5,15.9,9.0
1982-01-22,26.4,17.8,9.9
1982-01-23,27.2,17.3,0.0
1982-01-24,29.2,16.9,0.0
1982-01-25,29.2,17.2,0.0
1982-01-26,27.0,17.30355220667384,5.8
1982-01-27,27.2,18.5,17.0
1982-01-28,28.2,16.686975242195906,0.0
1982-01-29,27.2,16.0,0.0
1982-01-30,30.0,14.240796555435953,0.0
1982-01-31,29.042142088266957,17.2,0.0
1982-02-01,28.3,16.9,4.2
1982-02-02,29.4,16.5,0.0
1982-02-03,28.2,16.5,0.8
1982-02-04,28.6,16.2,9.330414746543779
1982-02-05,29.9,17.7,51.88847926267285
1982-02-06,27.9,18.3,24.63640552995392
1982-02-07,29.0,18.0,8.7
1982-02-08,25.522169249106078,18.0,17.704147465437792
1982-02-09,24.9,17.7,3.3691244239631324
1982-02-10,27.4,17.3,13.0
1982-02-11,25.6,18.4,0.0
1982-02-12,26.5,18.0,4.2
1982-02-13,24.4,16.9,1.8
1982-02-14,24.7,17.3,21.12165898617512
1982-02-15,27.3,16.8,14.780184331797235
1982-02-16,29.0,15.6,0.0
1982-02-17,30.00786650774732,17.9,1.0
1982-02-18,29.3,17.7,7.0
1982-02-19,29.1,18.6,22.105069124423974
1982-02-20,28.6,16.9,0.2
1982-02-21,29.4,17.6,0.0
1982-02-22,30.0,16.8,0.0
1982-02-23,30.86019070321811,15.2,0.0
1982-02-24,31.592610250297966,16.45935637663885,0.0
1982-02-25,28.5,18.5,0.0
1982-02-26,25.9,16.0,0.0
1982-02-27,18.7,15.7,8.7
1982-02-28,24.9,17.2,1.4
1982-03-01,26.3,17.6,7.6
1982-03-02,27.0,17.2,0.0
1982-03-03,28.0,15.5,0.0
1982-03-04,30.3,15.2,0.0
1982-03-05,30.9,14.9,0.0
1982-03-06,27.8,16.0,0.0
1982-03-07,27.8,16.5,0.0
1982-03-08,29.2,18.1,0.0
1982-03-09,32.0,16.6,0.0
1982-03-10,31.0,16.0,1.0
1982-03-11,29.2,15.5,0.0
1982-03-12,27.4,14.4,0.0
1982-03-13,29.2,14.688482238966628,0.0
1982-03-14,31.0,12.9,0.0
1982-03-15,30.2,16.5,0.0
1982-03-16,32.4,15.0,0.0
1982-03-17,32.7,16.6,0.0
1982-03-18,29.6,18.5,1.0
1982-03-19,29.5,17.4,12.0
1982-03-20,25.8,17.0,2.3
1982-03-21,28.7,17.1,31.9
1982-03-22,28.7,18.1,9.4
1982-03-23,29.9,17.8,5.2
1982-03-24,30.2,17.4,1.6
1982-03-25,28.1,18.3,56.3
1982-03-26,24.4,18.0,5.4
1982-03-27,25.9,17.9,25.4
1982-03-28,27.5,17.5,0.0
1982-03-29,28.9,16.8,1.6
1982-03-30,28.5,17.3,0.0
1982-03-31,26.9,16.9,0.0
1982-04-01,25.7,17.5,0.0
1982-04-02,27.2,16.6,0.9
1982-04-03,23.4,16.4,1.8
1982-04-04,26.3,17.2,2.0
1982-04-05,21.7,16.9,0.0
1982-04-06,24.7,16.3,0.0
1982-04-07,23.9,14.5,0.0
1982-04-08,20.6,15.0,0.0
1982-04-09,23.9,9.0,0.0
1982-04-10,25.4,7.0,0.0
1982-04-11,24.7,7.9,0.0
1982-04-12,22.0,11.4,0.0
1982-04-13,24.0,13.4,0.0
1982-04-14,24.9,16.9,0.0
1982-04-15,24.0,13.9,0.0
1982-04-16,24.2,11.4,0.0
1982-04-17,25.5,12.0,0.0
1982-04-18,26.3,10.2,0.0
1982-04-19,23.9,16.4,0.0
1982-04-20,26.0,13.5,0.0
1982-04-21,25.4,16.7,0.0
1982-04-22,21.3,15.8,12.3
1982-04-23,27.3,16.6,0.4
1982-04-24,23.9,16.9,0.0
1982-04-25,22.6,16.5,0.0
1982-04-26,23.1,15.9,0.0
1982-04-27,24.0,12.0,0.0
1982-04-28,25.1,16.8,0.0
1982-04-29,25.4,17.7,0.0
1982-04-30,25.3,16.7,0.0
1982-05-01,24.2,16.2,0.0
1982-05-02,24.866200215285247,12.9,0.0
1982-05-03,27.1,9.5,0.0
1982-05-04,27.164047362755646,7.464908503767489,0.0
1982-05-05,26.8,10.1,0.0
1982-05-06,27.0,10.3,0.0
1982-05-07,27.5,8.9,0.0
1982-05-08,27.9,9.6,0.0
1982-05-09,27.8,10.2,0.0
1982-05-10,25.6,10.4,0.0
1982-05-11,25.5,9.459741657696444,0.0
1982-05-12,26.0,8.8,0.0
1982-05-13,26.4,9.8,0.0
1982-05-14,25.7,11.5,0.0
1982-05-15,26.9,10.9,0.0
1982-05-16,28.0,10.5,0.0
1982-05-17,26.9,12.7,0.0
1982-05-18,28.2,11.4,0.0
1982-05-19,29.086221743810544,10.8,0.0
1982-05-20,29.5,10.7,0.0
1982-05-21,30.2,12.2,0.0
1982-05-22,29.8,13.9,0.0
1982-05-23,30.5,13.0,0.0
1982-05-24,29.7,15.0,0.0
1982-05-25,26.9,14.7,0.0
1982-05-26,22.31087190527449,14.7,0.0
1982-05-27,22.5,13.0,0.0
1982-05-28,25.516146393972008,10.9,0.0
1982-05-29,26.1,10.2,0.0
1982-05-30,25.5,10.5,0.0
1982-05-31,25.3,9.3,0.0
1982-06-01,25.6,8.5,0.0
1982-06-02,25.5,9.2,0.0
1982-06-03,26.0,6.0,0.0
1982-06-04,26.1,8.9,0.0
1982-06-05,25.5,10.4,0.0
1982-06-06,24.5,10.2,0.0
1982-06-07,24.7,8.4,0.0
1982-06-08,25.69543937708566,5.1,0.0
1982-06-09,26.0,5.9,0.0
1982-06-10,25.3,9.2,0.0
1982-06-11,24.8,10.0,0.0
1982-06-12,24.8,8.5,0.0
1982-06-13,24.4,9.0,0.0
1982-06-14,23.4,7.2,0.0
1982-06-15,23.2,5.2486095661846495,0.0
1982-06-16,24.2,3.7,0.0
1982-06-17,25.4,5.0,0.0
1982-06-18,25.535595105672975,5.7,0.0
1982-06-19,25.0,8.0,0.0
1982-06-20,24.6,5.0,0.0
1982-06-21,24.7,3.2,0.0
1982-06-22,21.06618464961068,7.7,0.0
1982-06-23,18.099777530589545,6.2,0.0
1982-06-24,20.7,6.5,0.0
1982-06-25,20.9,5.0,0.0
1982-06-26,20.5,10.2,0.0
1982-06-27,19.646496106785317,5.068743047830923,0.0
1982-06-28,19.6,3.059621802002225,0.0
1982-06-29,19.58654060066741,1.6199110122358176,0.0
1982-06-30,19.22647385984427,2.1897664071190217,0.0
1982-07-01,19.1,1.2598493003229276,0.0
1982-07-02,17.646609257265876,4.589451022604951,0.0
1982-07-03,19.4,5.0,0.0
1982-07-04,20.3,2.3796555435952635,0.0
1982-07-05,21.5,2.989881593110872,0.0
1982-07-06,22.6,5.2,0.0
1982-07-07,24.6,7.0,0.0
1982-07-08,27.6,8.9,0.0
1982-07-09,24.1,6.6,0.0
1982-07-10,23.7,4.0,0.0
1982-07-11,23.0,2.9,0.0
1982-07-12,23.4,5.2,0.0
1982-07-13,24.5,4.5,0.0
1982-07-14,25.7,4.9,0.0
1982-07-15,23.0,5.0,0.0
1982-07-16,19.6,5.3,0.0
1982-07-17,18.9,8.0,0.0
1982-07-18,19.3,5.0,0.0
1982-07-19,20.7,5.159095801937566,0.0
1982-07-20,23.7,3.6,0.0
1982-07-21,25.0,3.0598493003229277,0.0
1982-07-22,26.4,2.759849300322928,0.0
1982-07-23,25.1,8.4,0.0
1982-07-24,23.8,6.5,0.0
1982-07-25,26.0,5.8,0.0
1982-07-26,27.2,5.7,0.0
1982-07-27,24.2,12.6,0.0
1982-07-28,23.477395048439178,9.0,0.0
1982-07-29,21.4,12.0,0.0
1982-07-30,25.7,10.4,0.0
1982-07-31,26.0,12.2,0.0
1982-08-01,22.5,8.0,0.0
1982-08-02,22.9,6.0,0.0
1982-08-03,24.900861141011838,7.9,0.0
1982-08-04,24.6,10.8,0.0
1982-08-05,23.2,10.2,0.0
1982-08-06,23.2,13.2,0.0
1982-08-07,22.5,12.6,0.0
1982-08-08,21.03455328310011,10.2,0.0
1982-08-09,21.9,9.5,0.0
1982-08-10,21.3,11.6,0.0
1982-08-11,20.94144241119483,7.9,0.0
1982-08-12,22.5,10.3,0.0
1982-08-13,23.8,9.5,0.0
1982-08-14,24.4,10.2,0.0
1982-08-15,25.4,9.4,0.0
1982-08-16,26.6,8.6,0.0
1982-08-17,26.7740581270183,9.8,0.0
1982-08-18,19.758665231431646,11.4,0.0
1982-08-19,19.4,10.6,0.0
1982-08-20,19.582777179763188,11.7,0.0
1982-08-21,21.131108719052744,7.2,0.0
1982-08-22,23.2,6.0,0.0
1982-08-23,25.2,7.5,0.0
1982-08-24,26.9,9.5,0.0
1982-08-25,27.912486544671683,11.0,0.0
1982-08-26,28.6,11.8,0.0
1982-08-27,28.1,12.9,0.0
1982-08-28,26.4,13.6,0.0
1982-08-29,26.5,11.9,0.0
1982-08-30,28.4,11.3,0.0
1982-08-31,30.813455328310003,12.144886975242196,0.0
1982-09-01,32.5,14.1,0.0
1982-09-02,30.7,17.1,0.0
1982-09-03,30.836707452725257,14.9,0.0
1982-09-04,31.6,14.0,0.0
1982-09-05,30.5,16.2,0.0
1982-09-06,31.7,15.2,0.0
1982-09-07,31.6,16.5,0.0
1982-09-08,31.0,16.4,0.0
1982-09-09,32.0,17.3,0.0
1982-09-10,32.5,17.6,0.0
1982-09-11,31.9,17.5,0.0
1982-09-12,31.1,17.0,0.0
1982-09-13,30.5,16.0,0.0
1982-09-14,31.4,15.210344827586209,0.0
1982-09-15,32.0,15.6,0.0
1982-09-16,32.6,16.1,0.0
1982-09-17,32.6,16.928809788654068,0.0
1982-09-18,33.1,17.0,0.0
1982-09-19,34.6,17.7,0.0
1982-09-20,35.0,18.0,0.0
1982-09-21,34.4,18.6,0.0
1982-09-22,31.1,19.2,0.0
1982-09-23,27.339265850945495,16.5,0.0
1982-09-24,25.71301446051168,14.3,0.0
1982-09-25,24.159510567296998,13.6,0.0
1982-09-26,22.97285873192436,11.5,0.0
1982-09-27,19.8,8.2,0.0
1982-09-28,25.6,9.5,0.0
1982-09-29,28.0,13.2,0.0
1982-09-30,28.9,15.0,0.0
1982-10-01,27.4,14.4,0.0
1982-10-02,28.319268030139934,13.6,0.0
1982-10-03,29.6,14.579547900968782,0.0
1982-10-04,33.0,15.2,0.0
1982-10-05,35.1,21.4,0.0
1982-10-06,32.0,17.2,1.2400000000000009
1982-10-07,27.7,15.6,6.452000000000002
1982-10-08,28.0,16.5,0.0
1982-10-09,29.079009687836383,15.4,0.0
1982-10-10,30.7,13.9,0.0
1982-10-11,32.0,15.1,0.0
1982-10-12,32.8,19.4,0.0
1982-10-13,32.0,19.4,0.0
1982-10-14,31.8,18.2,0.0
1982-10-15,32.7,17.584068891280943,0.0
1982-10-16,33.1,17.4,0.0
1982-10-17,34.2,18.0,0.0
1982-10-18,33.1,21.2,0.0
1982-10-19,31.6,18.376426264800855,0.0
1982-10-20,32.5,18.8,0.0
1982-10-21,33.0,19.9,0.0
1982-10-22,33.5,19.6,0.0
1982-10-23,34.2,19.5,0.0
1982-10-24,34.0,20.2,0.0
1982-10-25,34.03498385360602,20.1,0.0
1982-10-26,34.3,20.4,0.0
1982-10-27,34.5,20.0,0.0
1982-10-28,35.3,20.6,0.0
1982-10-29,34.2,20.634122712594177,0.0
1982-10-30,33.5,19.6,0.0
1982-10-31,33.2,20.0,0.0
1982-11-01,34.5,19.7,0.0
1982-11-02,34.453170189099,19.5,0.0
1982-11-03,33.7,20.4,0.0
1982-11-04,30.472636262513902,17.0,0.4
1982-11-05,28.929365962180196,16.1,0.0
1982-11-06,31.2,19.0,0.0
1982-11-07,32.1,20.207563959955504,0.0
1982-11-08,32.4,19.9,0.0
1982-11-09,31.7,18.9,0.0
1982-11-10,31.5,18.2,4.0
1982-11-11,32.0,18.6,0.0
1982-11-12,33.5,19.7,0.0
1982-11-13,33.3,19.455172413793104,0.0
1982-11-14,32.9,19.4,0.0
1982-11-15,32.6,19.5,0.0
1982-11-16,32.5,21.3,0.0
1982-11-17,32.8,18.5,0.0
1982-11-18,31.780200222469414,18.0,1.8
1982-11-19,31.6,18.2,0.6
1982-11-20,31.2,18.0,12.1
1982-11-21,26.511457174638487,17.2,1.3
1982-11-22,24.955728587319243,17.6,5.8
1982-11-23,25.4,17.5,1.6
1982-11-24,25.899666295884316,17.0,3.1
1982-11-25,27.3,17.5,29.6
1982-11-26,28.407563959955503,16.9,2.7
1982-11-27,27.81790878754171,16.8,19.9
1982-11-28,27.29432703003337,17.4,42.0
1982-11-29,26.8,17.2,18.6
1982-11-30,28.2,16.5,36.0
1982-12-01,24.8,17.5,42.530916844349676
1982-12-02,26.5,16.7,0.0
1982-12-03,26.5,18.1,12.072068230277182
1982-12-04,25.272551130247578,16.6,24.96588486140725
1982-12-05,25.6,17.5,30.71300639658849
1982-12-06,26.0,18.0,28.3
1982-12-07,26.9,17.1,0.0
1982-12-08,28.7,16.6,0.5
1982-12-09,29.5,17.7,0.0
1982-12-10,29.6,16.7,0.0
1982-12-11,25.3,16.5,19.716417910447763
1982-12-12,19.5,15.6,0.0
1982-12-13,25.0,16.031539289558665,0.0
1982-12-14,28.7,15.796232508073198,0.0
1982-12-15,28.7,17.0,0.0
1982-12-16,29.0,16.0,0.0
1982-12-17,28.7,15.0,0.0
1982-12-18,29.7,14.7,0.0
1982-12-19,29.9,15.0,0.0
1982-12-20,28.3,15.389989235737351,0.4
1982-12-21,26.5,18.4,1.1
1982-12-22,26.5,17.1,4.4
1982-12-23,29.5,17.7,0.0
1982-12-24,28.9,17.7,0.0
1982-12-25,28.5,18.9,0.0
1982-12-26,30.0,19.04940796555436,0.0
1982-12-27,28.0,18.8,0.0
1982-12-28,30.5,16.8,0.0
1982-12-29,30.51442411194833,17.2,0.0
1982-12-30,27.9,17.5,0.2
1982-12-31,25.5,17.8,1.0
1983-01-01,27.5,17.9,4.5
1983-01-02,29.9,17.7,0.0
1983-01-03,29.5,17.0,0.0
1983-01-04,30.2,16.4,0.0
1983-01-05,29.9,17.7,0.0
1983-01-06,30.9,15.9,0.0
1983-01-07,28.0,18.7,38.66348314606742
1983-01-08,27.6,17.9,0.0
1983-01-09,28.9,16.7,0.0
1983-01-10,27.5,18.2,6.034082397003744
1983-01-11,26.7,18.0,11.518352059925094
1983-01-12,24.0,18.5,43.65880149812734
1983-01-13,24.02314316469322,18.0,68.9269662921348
1983-01-14,25.206243272335843,18.0,2.1
1983-01-15,26.9,17.3,0.0
1983-01-16,26.7,17.5,0.0
1983-01-17,28.4,17.4,1.0
1983-01-18,27.1,17.1,1.595505617977528
1983-01-19,28.7,17.0,0.0
1983-01-20,24.6,16.4,23.4
1983-01-21,26.1,15.4,16.8
1983-01-22,27.4,18.0,18.4
1983-01-23,24.0,17.6,3.7
1983-01-24,25.6,18.2,22.807116104868914
1983-01-25,26.0,16.0,1.3
1983-01-26,24.6,15.3,1.2786516853932581
1983-01-27,27.6,17.5,3.108988764044941
1983-01-28,29.2,17.5,0.0
1983-01-29,28.6,17.8,16.45955056179775
1983-01-30,26.9,17.6,7.0
1983-01-31,26.065984930032293,17.0,12.538576779026233
1983-02-01,27.4,16.9,29.9
1983-02-02,26.9,17.3,26.646543778801846
1983-02-03,26.0,17.9,1.3
1983-02-04,27.60143027413588,16.3,0.0
1983-02-05,28.7,15.7,0.0
1983-02-06,30.5,14.6,0.0
1983-02-07,29.9,17.6,0.0
1983-02-08,30.4,17.3,0.0
1983-02-09,29.0,17.4,0.0
1983-02-10,27.9,16.5,19.745622119815682
1983-02-11,26.0,18.1,18.910599078341015
1983-02-12,26.0,17.9,25.0
1983-02-13,25.3,17.1,43.4815668202765
1983-02-14,20.77497020262217,16.7,58.450691244239636
1983-02-15,25.1,17.2,2.7
1983-02-16,21.577473182359952,17.4,14.982027649769586
1983-02-17,25.7,16.2,0.0
1983-02-18,27.174135876042907,15.6,0.0
1983-02-19,30.1,17.9,0.0
1983-02-20,25.17222884386174,16.2,1.1
1983-02-21,29.233134684147792,16.1,0.0
1983-02-22,27.5,17.9,16.88387096774195
1983-02-23,27.0,17.9,12.116129032258065
1983-02-24,29.0,17.6,0.0
1983-02-25,29.2,17.2,0.0
1983-02-26,28.0,17.2,8.923963133640553
1983-02-27,28.990822407628123,17.0,6.4
1983-02-28,26.2,16.399404052443384,0.4
1983-03-01,25.6,17.8,3.1
1983-03-02,24.5,16.1,0.0
1983-03-03,26.6,15.8,2.5
1983-03-04,29.1,15.0,16.2
1983-03-05,27.0,17.5,4.2
1983-03-06,26.6,17.9,10.9
1983-03-07,25.9,17.3,4.0
1983-03-08,26.4,17.4,0.0
1983-03-09,26.6,17.3,6.0
1983-03-10,26.7,16.9,1.8
1983-03-11,27.6,16.9,1.3
1983-03-12,27.0,16.1,4.3
1983-03-13,29.6,16.0,1.9
1983-03-14,27.3,17.3,7.2
1983-03-15,29.2,17.8,1.0
1983-03-16,27.1,17.6,8.2
1983-03-17,25.9,17.0,0.0
1983-03-18,25.7,16.5,0.0
1983-03-19,26.7,17.6,0.0
1983-03-20,28.9,17.0,0.0
1983-03-21,29.1,15.8,0.0
1983-03-22,28.0,16.6,0.0
1983-03-23,26.7,16.5,0.0
1983-03-24,23.9,16.5,0.3
1983-03-25,26.5,17.0,0.0
1983-03-26,26.2,16.5,0.0
1983-03-27,26.8,15.9,0.0
1983-03-28,26.2,17.6,1.2
1983-03-29,26.5,16.265016146393968,0.0
1983-03-30,26.0,17.4,2.0
1983-03-31,25.6,15.6,0.0
1983-04-01,25.2,14.4,0.0
1983-04-02,25.0,12.5,0.0
1983-04-03,26.6,9.6,0.0
1983-04-04,28.2,10.6,0.0
1983-04-05,28.3,12.2,0.0
1983-04-06,27.6,17.2,0.0
1983-04-07,27.7,15.7,0.0
1983-04-08,28.5,15.5,0.0
1983-04-09,28.7,14.9,0.0
1983-04-10,28.4,17.3,0.0
1983-04-11,27.5,18.8,0.0
1983-04-12,26.7,15.0,0.0
1983-04-13,26.4,14.3,0.0
1983-04-14,26.3,13.7,0.0
1983-04-15,24.4,15.3,1.6
1983-04-16,26.3,12.5,0.0
1983-04-17,26.0,14.8,0.0
1983-04-18,25.6,13.6,0.0
1983-04-19,24.5,11.2,0.0
1983-04-20,25.9,13.3,0.0
1983-04-21,26.8,12.0,0.0
1983-04-22,27.9,12.6,0.0
1983-04-23,28.8,12.5,0.0
1983-04-24,29.4,12.1,0.0
1983-04-25,29.5,11.5,0.0
1983-04-26,29.4,12.3,0.0
1983-04-27,27.4,13.2,0.0
1983-04-28,25.8,13.2,0.0
1983-04-29,27.6,16.3,1.6
1983-04-30,25.0,15.4,0.4
1983-05-01,24.4,11.9,0.0
1983-05-02,23.2,14.0,0.0
1983-05-03,25.2,14.7,0.0
1983-05-04,26.0,13.5,0.0
1983-05-05,25.7,12.2,0.0
1983-05-06,26.0,12.035844994617861,0.0
1983-05-07,25.5,11.9,0.0
1983-05-08,24.8,11.9,0.0
1983-05-09,24.7,9.2,0.0
1983-05-10,27.0,6.0,0.0
1983-05-11,25.7,12.4,0.0
1983-05-12,23.8,10.2,0.0
1983-05-13,24.5,7.7,0.0
1983-05-14,24.9,7.821959095801936,0.0
1983-05-15,25.6,8.0,0.0
1983-05-16,25.157265877287404,9.6,0.0
1983-05-17,24.7,8.9,0.0
1983-05-18,24.4,9.8,0.0
1983-05-19,24.0,8.6,0.0
1983-05-20,24.0,7.8,0.0
1983-05-21,20.555435952637247,7.3,0.0
1983-05-22,15.0,6.9,6.666666666666666
1983-05-23,21.267814854682456,13.5,2.2555555555555555
1983-05-24,24.1,13.117115177610318,0.0
1983-05-25,22.5,13.4,0.0
1983-05-26,24.5,12.0,0.0
1983-05-27,25.5,10.8,0.0
1983-05-28,25.6,9.0,0.0
1983-05-29,24.0,10.360818083961243,0.0
1983-05-30,24.2,8.5,0.0
1983-05-31,25.3,9.013993541442407,0.0
1983-06-01,25.4,10.2,0.0
1983-06-02,25.15606229143493,11.5,0.0
1983-06-03,23.9,11.6,0.0
1983-06-04,22.0,9.0,0.0
1983-06-05,19.49988876529477,11.2,0.0
1983-06-06,21.7,10.2,0.0
1983-06-07,20.1,10.2,0.0
1983-06-08,21.7,6.7775305895439395,0.0
1983-06-09,23.9,7.6,0.0
1983-06-10,25.0,8.9,0.0
1983-06-11,26.0,10.59377085650724,0.0
1983-06-12,26.5,11.0,0.0
1983-06-13,25.8,11.5,0.0
1983-06-14,25.7,10.0,0.0
1983-06-15,26.9,10.7,0.0
1983-06-16,27.5,11.6,0.0
1983-06-17,27.6,12.0,0.0
1983-06-18,28.0,12.5,0.0
1983-06-19,28.6,12.3,0.0
1983-06-20,27.8,12.2,0.0
1983-06-21,26.95450500556174,11.5,0.0
1983-06-22,24.9,11.7,0.0
1983-06-23,24.2,10.6,0.0
1983-06-24,24.1,11.2,0.0
1983-06-25,23.0,8.5,0.0
1983-06-26,22.9,6.3,0.0
1983-06-27,22.5,8.0,0.0
1983-06-28,21.4,7.0,0.0
1983-06-29,21.2,8.5,0.0
1983-06-30,17.639933259176864,4.4,0.0
1983-07-01,18.1,5.099138858988159,0.0
1983-07-02,20.7,2.7,0.0
1983-07-03,21.16576964477933,4.2,0.0
1983-07-04,22.0,7.1,0.0
1983-07-05,23.3,8.6,0.0
1983-07-06,24.023466092572654,8.9,0.0
1983-07-07,23.4,8.9,0.0
1983-07-08,21.6,9.2,0.0
1983-07-09,23.0,8.9,0.0
1983-07-10,25.1,8.6,0.0
1983-07-11,26.2,10.7,0.0
1983-07-12,26.0,11.5,0.0
1983-07-13,24.7,10.7,0.0
1983-07-14,22.9,9.4,0.0
1983-07-15,21.7,8.9,0.0
1983-07-16,21.5,8.9,0.0
1983-07-17,21.219052744886973,8.4,0.0
1983-07-18,21.0,7.6,0.0
1983-07-19,21.5,8.396232508073197,0.0
1983-07-20,22.0,12.8,0.0
1983-07-21,23.9,10.5,0.0
1983-07-22,25.2,10.0,0.0
1983-07-23,26.0,10.5,0.0
1983-07-24,26.508073196986,11.3,0.0
1983-07-25,27.9,12.031539289558662,0.0
1983-07-26,28.1,12.0,0.0
1983-07-27,26.6,12.4,0.0
1983-07-28,24.2,11.1,0.0
1983-07-29,22.7,9.2,0.0
1983-07-30,22.9,8.4,0.0
1983-07-31,22.831216361679225,7.6,0.0
1983-08-01,20.465554359526372,4.5,0.0
1983-08-02,21.4,2.2599569429494077,0.0
1983-08-03,23.107212055974166,4.3632938643702905,0.0
1983-08-04,24.9,5.7,0.0
1983-08-05,25.0,7.1,0.0
1983-08-06,22.127771797631862,10.3,0.0
1983-08-07,22.5,7.7,0.0
1983-08-08,24.1,7.5,0.0
1983-08-09,25.6,6.1,0.0
1983-08-10,27.0,7.2,0.0
1983-08-11,27.6,10.1,0.0
1983-08-12,27.3,11.1,0.0
1983-08-13,27.2,10.2,0.0
1983-08-14,26.3,10.9,0.0
1983-08-15,25.8,11.0,0.0
1983-08-16,25.9,10.6,0.0
1983-08-17,25.356189451022605,11.3,0.0
1983-08-18,25.125080731969856,10.1,0.0
1983-08-19,26.0,9.2,0.0
1983-08-20,28.0,11.0,0.0
1983-08-21,29.5,12.9,0.0
1983-08-22,30.0,14.5,0.0
1983-08-23,30.7,14.1,0.0
1983-08-24,31.1,12.4,0.0
1983-08-25,29.1,14.47061356297094,0.0
1983-08-26,26.3,15.0,0.0
1983-08-27,25.7,12.2,0.0
1983-08-28,26.3,12.4,0.0
1983-08-29,26.7,12.6,0.0
1983-08-30,27.1,13.144456404736268,0.0
1983-08-31,25.935737351991385,13.9,0.0
1983-09-01,25.6,12.0,0.0
1983-09-02,26.2,10.9,0.0
1983-09-03,27.7,9.5,0.0
1983-09-04,27.3,11.506006674082315,0.0
1983-09-05,28.0,10.6,0.0
1983-09-06,27.9,12.571301446051168,0.0
1983-09-07,27.832369299221355,12.8,0.0
1983-09-08,29.0,12.852169076751947,0.0
1983-09-09,31.9,14.9,0.0
1983-09-10,33.2,17.6,0.0
1983-09-11,31.18965517241379,16.0,0.4
1983-09-12,30.7,14.4,0.0
1983-09-13,29.7,14.1,0.0
1983-09-14,30.0,15.2,0.0
1983-09-15,29.90433815350389,14.6,0.0
1983-09-16,29.6,16.6,0.0
1983-09-17,30.9,16.0,0.0
1983-09-18,30.0,16.9,0.0
1983-09-19,29.0,14.9,0.0
1983-09-20,30.5,14.4,0.0
1983-09-21,32.0,16.3,0.0
1983-09-22,32.1,17.6,0.0
1983-09-23,31.9,19.54037819799778,0.0
1983-09-24,31.5,19.6,0.0
1983-09-25,31.9,18.1,0.0
1983-09-26,31.6,19.007230255839822,0.0
1983-09-27,30.7,20.1,0.0
1983-09-28,30.7,18.4,0.0
1983-09-29,31.4,19.7,0.0
1983-09-30,31.6,18.7,0.0
1983-10-01,33.1,17.7,0.0
1983-10-02,32.0,17.976964477933258,0.0
1983-10-03,31.0,19.0,0.0
1983-10-04,29.958665231431645,17.6,0.0
1983-10-05,30.0,15.2,0.0
1983-10-06,30.6,14.746178686759956,0.0
1983-10-07,30.1,16.0,0.0
1983-10-08,30.1,15.4,0.0
1983-10-09,30.6,16.5,0.0
1983-10-10,29.9,16.9,0.0
1983-10-11,29.3,15.9,0.0
1983-10-12,29.1,15.592465016146392,0.0
1983-10-13,30.698277717976314,13.1,0.0
1983-10-14,32.0,15.4,0.0
1983-10-15,33.4,16.7,0.0
1983-10-16,33.16932185145317,17.6,0.0
1983-10-17,31.8,17.4,0.0
1983-10-18,30.2,16.3,0.0
1983-10-19,29.5,15.765662002152851,0.0
1983-10-20,29.9,16.0,0.0
1983-10-21,31.0,16.0,0.0
1983-10-22,31.7,15.7,0.0
1983-10-23,32.7,16.8,0.0
1983-10-24,33.7,17.2,0.0
1983-10-25,35.3,18.2,0.0
1983-10-26,36.62012917115177,18.5,0.0
1983-10-27,33.4,20.720667384284162,0.0
1983-10-28,26.6,17.1,0.0
1983-10-29,27.7,16.29203444564047,0.0
1983-10-30,28.8,15.6,0.0
1983-10-31,31.1,14.093003229278795,0.0
1983-11-01,32.8,16.9,0.0
1983-11-02,34.0,17.4,0.0
1983-11-03,36.4,18.4,0.0
1983-11-04,36.78142380422691,19.80133481646274,0.0
1983-11-05,35.95105672969966,20.0,0.0
1983-11-06,33.2,19.9,0.0
1983-11-07,31.7,19.0,0.0
1983-11-08,32.0,17.5,0.0
1983-11-09,32.6,17.5,0.0
1983-11-10,35.40033370411568,18.2,0.0
1983-11-11,36.4,19.5,0.0
1983-11-12,35.5,20.2,0.0
1983-11-13,35.6,19.7,0.0
1983-11-14,32.2,18.7,0.0
1983-11-15,32.61167964404894,17.2,0.0
1983-11-16,32.1,18.483092324805334,0.0
1983-11-17,31.7,19.2,0.0
1983-11-18,31.0,18.7,2.3
1983-11-19,31.1,19.2,6.4
1983-11-20,29.1,17.6,64.4
1983-11-21,23.5,16.5,64.0
1983-11-22,24.676084538375974,16.4,10.5
1983-11-23,24.4,16.0,0.0
1983-11-24,27.0,15.2,0.0
1983-11-25,28.0,14.9,0.0
1983-11-26,29.2,14.5,0.0
1983-11-27,29.0,15.3,0.0
1983-11-28,24.589655172413796,16.8,5.3
1983-11-29,28.2,17.2,0.9
1983-11-30,28.5,17.0,0.4
1983-12-01,29.8,17.1,0.0
1983-12-02,30.1,16.2,0.0
1983-12-03,29.8,17.5,0.0
1983-12-04,23.579763186221744,16.0,0.0
1983-12-05,25.0,15.4,0.0
1983-12-06,27.7,17.3,0.0
1983-12-07,24.0,16.5,0.0
1983-12-08,27.0,17.0,0.0
1983-12-09,27.52421959095802,16.5,0.0
1983-12-10,30.0,16.195909580193756,0.5
1983-12-11,30.7,17.2,1.0
1983-12-12,30.8,17.0,0.0
1983-12-13,30.2,15.4,0.0
1983-12-14,29.3,17.5,0.0
1983-12-15,28.4,16.978686759956943,0.0
1983-12-16,30.0,16.9,0.0
1983-12-17,31.5,17.4,0.0
1983-12-18,31.5,18.6,0.0
1983-12-19,30.1,18.0,1.5
1983-12-20,29.2,17.8,9.4
1983-12-21,29.6,17.2,1.6
1983-12-22,27.1,18.3,23.23326226012788
1983-12-23,28.2,18.872551130247583,14.144136460554371
1983-12-24,23.0,17.2,39.863539445628966
1983-12-25,26.2,17.4,0.0
1983-12-26,28.4,16.5,0.0
1983-12-27,28.2,16.5,0.0
1983-12-28,27.2,17.9,0.0
1983-12-29,28.0,16.1,0.0
1983-12-30,29.9,17.3,0.0
1983-12-31,23.493110871905273,17.4,52.587206823027714
1984-01-01,23.0,17.0,0.0
1984-01-02,25.6,17.5,0.0
1984-01-03,25.4,17.2,0.0
1984-01-04,27.7,16.6,0.0
1984-01-05,30.0,15.7,0.0
1984-01-06,30.9,17.3,0.0
1984-01-07,30.88686759956942,19.7,0.0
1984-01-08,30.9,19.0,0.0
1984-01-09,30.2,17.0,0.0
1984-01-10,31.0,19.019698600645846,0.0
1984-01-11,26.8,17.4,0.0
1984-01-12,29.8,17.5,0.0
1984-01-13,24.2,17.2,0.9
1984-01-14,26.2,17.1,8.57247191011236
1984-01-15,26.4,18.3,37.560674157303374
1984-01-16,28.5,18.5,52.1
1984-01-17,26.4,18.8,23.01086142322097
1984-01-18,27.0,17.5,8.9
1984-01-19,27.8,18.5,40.94569288389512
1984-01-20,29.0,18.2,6.4
1984-01-21,29.5,18.0,7.314981273408246
1984-01-22,30.0,16.7,0.0
1984-01-23,30.8,18.3,1.0
1984-01-24,30.703552206673844,18.2,1.384269662921348
1984-01-25,31.6,17.8,3.5
1984-01-26,29.6,19.6,16.4
1984-01-27,25.9,18.8,0.2
1984-01-28,27.5,19.1,1.0
1984-01-29,29.7,17.8,0.0
1984-01-30,29.3,18.2,2.017041198501872
1984-01-31,24.7,18.6,30.300374531835214
1984-02-01,27.2,17.5,7.0
1984-02-02,30.7,16.3,0.0
1984-02-03,30.6,16.5,0.0
1984-02-04,29.2,17.5,0.0
1984-02-05,27.8,16.0,1.3
1984-02-06,27.6,17.4,5.3
1984-02-07,27.698927294398093,19.0,0.0
1984-02-08,28.9,18.3,7.0
1984-02-09,28.0,16.9,0.0
1984-02-10,29.4,18.4,14.637788018433195
1984-02-11,29.2,17.526102502979736,0.0
1984-02-12,29.6,15.0,0.0
1984-02-13,30.5,14.6,6.4
1984-02-14,28.3,17.2,9.433179723502304
1984-02-15,29.0,18.4253873659118,5.3
1984-02-16,26.0,18.8,9.22857142857143
1984-02-17,29.6,16.7,0.0
1984-02-18,24.0,18.4,0.8
1984-02-19,25.2,18.5,23.663594470046096
1984-02-20,28.4,18.4,5.68709677419355
1984-02-21,28.3,17.6,0.0
1984-02-22,26.0,15.9,0.0
1984-02-23,27.6,17.7,4.0
1984-02-24,27.231585220500595,17.9,21.0
1984-02-25,30.2,18.8,39.296774193548394
1984-02-26,28.8233611442193,17.5,17.30138248847927
1984-02-27,30.0,18.5,38.73271889400925
1984-02-28,20.362455303933253,17.2,84.0861751152074
1984-03-01,21.5,17.3,22.4
1984-03-02,20.5,16.5,0.0
1984-03-03,24.6,16.8,0.0
1984-03-04,26.0,14.4,0.0
1984-03-05,25.3,13.097093649085037,0.0
1984-03-06,26.9,14.5,0.0
1984-03-07,26.5,17.4,0.0
1984-03-08,26.7,15.5,0.0
1984-03-09,28.0,15.183530678148546,0.0
1984-03-10,28.5,16.7,0.0
1984-03-11,29.7,17.2,0.0
1984-03-12,30.7,16.3,0.0
1984-03-13,29.0,17.0,0.0
1984-03-14,28.4,18.6,0.0
1984-03-15,26.6,16.5,0.0
1984-03-16,27.9,17.8,0.0
1984-03-17,27.2,17.0,0.0
1984-03-18,27.1,17.6,0.0
1984-03-19,28.9,15.2,0.0
1984-03-20,28.7,19.60258342303552,0.0
1984-03-21,31.0,19.403013993541425,0.0
1984-03-22,31.9,17.4,0.0
1984-03-23,32.9,19.3,0.0
1984-03-24,30.9,19.2,0.0
1984-03-25,29.3,17.0,0.0
1984-03-26,30.1,15.7,0.0
1984-03-27,31.0,14.0,0.0
1984-03-28,31.2,12.997308934337997,0.0
1984-03-29,32.1,11.89870828848224,0.0
1984-03-30,28.8,15.4,0.0
1984-03-31,26.5,16.9,0.0
1984-04-01,28.6,13.6,0.0
1984-04-02,30.2,12.2,0.0
1984-04-03,29.0,15.0,0.0
1984-04-04,27.2,14.2,0.0
1984-04-05,26.9,15.7,0.0
1984-04-06,28.4,14.6,0.0
1984-04-07,28.0,16.7,0.0
1984-04-08,25.0,16.6,0.0
1984-04-09,28.5,14.7,0.0
1984-04-10,29.0,13.5,0.0
1984-04-11,30.0,16.3,0.0
1984-04-12,27.9,16.7,0.0
1984-04-13,30.6,15.0,0.0
1984-04-14,32.2,14.5,0.0
1984-04-15,29.2,14.9,0.0
1984-04-16,23.3,17.6,28.4
1984-04-17,26.0,17.4,0.0
1984-04-18,27.0,16.4,0.0
1984-04-19,25.0,14.9,0.7
1984-04-20,22.0,16.9,0.0
1984-04-21,27.0,16.0,0.0
1984-04-22,23.9,16.6,0.0
1984-04-23,25.9,16.6,1.6
1984-04-24,25.5,15.2,0.0
1984-04-25,27.8,15.1,0.0
1984-04-26,27.9,17.1,0.0
1984-04-27,25.5,16.0,0.0
1984-04-28,25.5,13.3,0.0
1984-04-29,26.4,12.0,0.0
1984-04-30,26.2,11.2,0.0
1984-05-01,25.4,11.4,0.0
1984-05-02,25.7,10.2,0.0
1984-05-03,24.8,8.9,0.0
1984-05-04,25.3,7.0,0.0
1984-05-05,27.2,6.5,0.0
1984-05-06,27.6,9.6,0.0
1984-05-07,27.5,11.2,0.0
1984-05-08,28.4,11.7,0.0
1984-05-09,30.2,12.4,0.0
1984-05-10,30.981700753498373,14.5,0.0
1984-05-11,31.0,17.527125941872967,0.0
1984-05-12,31.0,16.5,0.0
1984-05-13,30.3,16.7,0.0
1984-05-14,28.6,15.2,0.0
1984-05-15,27.6,14.0,0.0
1984-05-16,24.1,14.3,0.0
1984-05-17,22.0,14.9,0.0
1984-05-18,25.6,12.2,0.0
1984-05-19,26.5,13.4,0.0
1984-05-20,26.9,13.5,0.0
1984-05-21,26.1,12.2,0.0
1984-05-22,25.6,11.4,0.0
1984-05-23,26.1,10.2,0.0
1984-05-24,26.5,9.5,0.0
1984-05-25,26.0,8.9,0.0
1984-05-26,26.5,7.9,0.0
1984-05-27,26.02798708288482,7.6,0.0
1984-05-28,25.0,8.4,0.0
1984-05-29,24.6,6.5,0.0
1984-05-30,24.582561894510224,7.5,0.0
1984-05-31,25.45328310010764,8.9,0.0
1984-06-01,25.4,10.0,0.0
1984-06-02,25.4,10.174193548387104,0.0
1984-06-03,26.0,9.6,0.0
1984-06-04,27.9,9.2,0.0
1984-06-05,27.9,5.0,0.0
1984-06-06,27.9,7.0,0.0
1984-06-07,27.1,10.3,0.0
1984-06-08,26.3,10.9,0.0
1984-06-09,25.9,9.4,0.0
1984-06-10,25.45572858731925,7.9,0.0
1984-06-11,25.0,7.9,0.0
1984-06-12,24.6,6.4,0.0
1984-06-13,24.456840934371527,5.4,0.0
1984-06-14,23.7,5.4,0.0
1984-06-15,23.1,5.4,0.0
1984-06-16,22.8,5.0,0.0
1984-06-17,22.9,7.4,0.0
1984-06-18,22.3,9.0,0.0
1984-06-19,22.3,6.5,0.0
1984-06-20,22.1,5.7,0.0
1984-06-21,21.3,11.5,0.0
1984-06-22,21.4,8.0,0.0
1984-06-23,21.12614015572859,5.5,0.0
1984-06-24,22.165517241379312,5.9,0.0
1984-06-25,22.365406006674082,6.5,0.0
1984-06-26,22.2,7.4,0.0
1984-06-27,22.1,5.7,0.0
1984-06-28,22.0,5.1,0.0
1984-06-29,21.7,5.0,0.0
1984-06-30,22.7,4.9,0.0
1984-07-01,23.4,8.5,0.0
1984-07-02,23.637244348762103,10.5,0.0
1984-07-03,23.4,9.1,0.0
1984-07-04,23.850376749192677,8.2,0.0
1984-07-05,24.1,8.306243272335847,0.0
1984-07-06,24.79623250807319,8.7,0.0
1984-07-07,24.5,8.7,0.0
1984-07-08,23.2,8.9,0.0
1984-07-09,24.9,6.318191603875133,0.0
1984-07-10,25.0,6.2,0.0
1984-07-11,19.0,12.2,0.0
1984-07-12,21.358988159311085,8.3,0.0
1984-07-13,22.9,5.4,0.0
1984-07-14,24.7,3.3198062432723354,0.0
1984-07-15,26.0,4.6,0.0
1984-07-16,27.654036598492997,6.677933261571582,0.0
1984-07-17,27.700645855758864,7.9,0.0
1984-07-18,18.8,13.0,0.0
1984-07-19,18.759849300322927,7.8,0.0
1984-07-20,18.0,5.9,0.0
1984-07-21,16.999892357373522,6.4,0.0
1984-07-22,18.459634015069966,9.844241119483314,0.0
1984-07-23,20.7,7.777072120559739,0.0
1984-07-24,21.6,6.0083961248654445,0.0
1984-07-25,24.0,7.2,0.0
1984-07-26,22.0,9.3,0.0
1984-07-27,19.92626480086114,7.4,0.0
1984-07-28,20.9,7.537244348762109,0.0
1984-07-29,21.585468245425186,6.5,0.0
1984-07-30,22.7,4.94930032292788,0.0
1984-07-31,22.4,6.9,0.0
1984-08-01,22.2243272335845,1.8132400430570503,0.0
1984-08-02,26.2,0.5966630785791173,0.0
1984-08-03,28.7,8.0,0.0
1984-08-04,26.5,10.462325080731967,0.0
1984-08-05,27.0,8.5,0.0
1984-08-06,25.6,12.3,0.0
1984-08-07,24.6,11.5,0.0
1984-08-08,23.6,7.5,0.0
1984-08-09,22.3,5.529924650161464,0.0
1984-08-10,21.4,7.6,0.0
1984-08-11,23.6,6.5,0.0
1984-08-12,27.0,8.2,0.0
1984-08-13,29.5,11.8,0.0
1984-08-14,28.6,13.9,0.0
1984-08-15,27.1,13.2,0.0
1984-08-16,27.0,11.8,0.0
1984-08-17,26.6,10.9,0.0
1984-08-18,25.0,9.292680301399354,0.0
1984-08-19,25.9,8.106243272335844,0.0
1984-08-20,27.0,9.9,0.0
1984-08-21,27.4,10.0,0.0
1984-08-22,25.2,12.6,0.0
1984-08-23,24.7,11.0,0.0
1984-08-24,24.3,10.2,0.0
1984-08-25,23.5,9.9,0.0
1984-08-26,24.304090419806244,8.9,0.0
1984-08-27,23.545209903121638,9.9,0.0
1984-08-28,24.3,8.4,0.0
1984-08-29,25.3,7.1,0.0
1984-08-30,26.7,7.9,0.0
1984-08-31,27.5,10.4,0.0
1984-09-01,27.9,12.6,0.0
1984-09-02,28.8,9.54638487208009,0.0
1984-09-03,27.9,11.6,0.0
1984-09-04,23.95984427141268,12.1,0.0
1984-09-05,21.2,8.39944382647386,0.0
1984-09-06,22.413125695216905,4.686651835372636,0.0
1984-09-07,24.37964404894327,4.979977753058955,0.0
1984-09-08,26.46618464961068,6.779866518353726,0.0
1984-09-09,28.1,8.6,0.0
1984-09-10,29.9,13.098776418242492,0.0
1984-09-11,30.5,17.6,0.0
1984-09-12,30.0,17.4,0.0
1984-09-13,30.0,15.643270300333711,0.0
1984-09-14,30.6,14.4,0.0
1984-09-15,32.6,14.4,0.0
1984-09-16,29.2,17.1,0.0
1984-09-17,26.7,13.8,0.0
1984-09-18,26.9,12.3,0.0
1984-09-19,27.6,10.946162402669634,0.0
1984-09-20,29.2,7.646384872080089,0.0
1984-09-21,31.7,9.71301446051168,0.0
1984-09-22,33.927252502780874,12.4,0.0
1984-09-23,34.9,15.5,0.0
1984-09-24,35.840155728587334,17.0,0.0
1984-09-25,35.6,19.4,0.0
1984-09-26,31.056395995550606,19.26051167964405,0.0
1984-09-27,31.2,16.5,0.0
1984-09-28,32.70812013348165,15.5,0.0
1984-09-29,33.4,17.3,0.0
1984-09-30,32.5,18.3,0.0
1984-10-01,32.0,16.9,0.0
1984-10-02,32.5,15.2,0.0
1984-10-03,34.1,16.5,0.0
1984-10-04,32.8,18.8,0.0
1984-10-05,31.6,17.9,0.0
1984-10-06,32.4,16.7,0.0
1984-10-07,33.9,17.6,0.0
1984-10-08,32.1,18.2,0.0
1984-10-09,31.4,17.5,0.0
1984-10-10,32.9,17.0,0.0
1984-10-11,32.5,18.4,0.0
1984-10-12,32.4,17.9,0.0
1984-10-13,32.5,17.0,0.0
1984-10-14,32.0,17.5,0.0
1984-10-15,34.9,17.2,0.0
1984-10-16,36.6,18.2,0.0
1984-10-17,33.6,21.2,0.0
1984-10-18,28.619160387513457,17.9,0.0
1984-10-19,28.6,15.978902045209903,0.0
1984-10-20,30.1,13.9,0.0
1984-10-21,30.7,15.3,0.0
1984-10-22,30.1,16.0,0.0
1984-10-23,32.7,16.49192680301399,0.0
1984-10-24,33.1,20.9,0.0
1984-10-25,34.8,21.2,0.0
1984-10-26,34.9,20.0,0.0
1984-10-27,36.0,19.5,0.0
1984-10-28,36.0,20.9,0.0
1984-10-29,33.9,21.0,0.0
1984-10-30,33.4,20.7,0.0
1984-10-31,35.2,19.9,0.0
1984-11-01,36.17997775305895,19.1,0.0
1984-11-02,34.8,21.7,0.0
1984-11-03,34.32102335928809,19.894660734149063,0.0
1984-11-04,34.4,20.5,0.0
1984-11-05,36.0,23.0,0.0
1984-11-06,32.1,18.62280311457175,3.9
1984-11-07,27.7,17.5,2.8
1984-11-08,25.2,16.4,0.0
1984-11-09,28.612569521690766,16.0,0.0
1984-11-10,30.6,16.5,0.0
1984-11-11,32.1,19.1,0.0
1984-11-12,31.9,20.080978865406006,0.0
1984-11-13,32.2,19.3,0.0
1984-11-14,32.5,19.5,0.0
1984-11-15,32.7,21.5,0.0
1984-11-16,32.29165739710789,19.308676307007786,0.0
1984-11-17,31.7,19.0,0.3
1984-11-18,31.68197997775306,18.5,1.0
1984-11-19,30.2,17.8,2.0
1984-11-20,31.7,17.0,0.0
1984-11-21,28.7,17.8,47.3
1984-11-22,28.5,18.2,33.8
1984-11-23,27.0,17.6,6.9
1984-11-24,28.3,16.5,15.9
1984-11-25,28.0,16.7,5.8
1984-11-26,28.0,17.4,22.5
1984-11-27,27.3,16.97864293659622,13.2
1984-11-28,28.4,17.3,2.1
1984-11-29,29.6,17.2,0.0
1984-11-30,30.0,17.8,0.0
1984-12-01,30.0,17.6,0.0
1984-12-02,29.8,15.683423035522065,0.0
1984-12-03,30.820882669537127,15.2,0.0
1984-12-04,31.6,19.9,0.0
1984-12-05,32.1,20.487190527448874,0.0
1984-12-06,31.4,19.5,0.0
1984-12-07,28.3,18.1,51.215778251599176
1984-12-08,28.829601722282025,18.7,0.0
1984-12-09,27.30441334768568,16.3,0.0
1984-12-10,27.251130247578036,16.4,0.0
1984-12-11,29.4,18.4,3.6776119402985095
1984-12-12,27.5,17.5,0.0
1984-12-13,27.5,18.3,4.3
1984-12-14,28.2,17.5,4.0
1984-12-15,29.369106566200212,18.4,2.0
1984-12-16,29.6,18.8,9.020682302771856
1984-12-17,29.0,18.0,0.0
1984-12-18,28.6,17.8,0.0
1984-12-19,28.6,17.6,20.3590618336887
1984-12-20,28.3,18.2,16.704477611940302
1984-12-21,27.0,18.4,2.0
1984-12-22,26.631754574811627,18.7,12.0
1984-12-23,22.693218514531754,18.2,26.0
1984-12-24,24.1,17.6,4.5
1984-12-25,24.1,17.4,17.521108742004287
1984-12-26,25.85220667384284,17.6,25.0
1984-12-27,24.6,18.0,29.606183368869917
1984-12-28,25.5,17.3,2.8
1984-12-29,26.2,16.0,0.0
1984-12-30,28.4,15.4,1.4
1984-12-31,29.0,17.7,3.9
1985-01-01,25.2,17.5,5.6
1985-01-02,25.86275565123789,17.9,18.8565543071161
1985-01-03,26.4,18.4,38.66348314606742
1985-01-04,28.0,17.6,6.034082397003744
1985-01-05,28.7,17.8,5.4
1985-01-06,27.2,18.5,40.71573033707864
1985-01-07,26.9,18.2,27.0
1985-01-08,28.0,18.54660925726587,4.0
1985-01-09,26.6,17.9,1.1
1985-01-10,26.2,18.2,0.9
1985-01-11,27.2,18.3,5.2
1985-01-12,28.0,17.4,1.2
1985-01-13,26.8,17.6,6.89812734082397
1985-01-14,26.20258342303552,17.6,2.8
1985-01-15,26.6,17.5,0.0
1985-01-16,26.4,18.0,11.0
1985-01-17,23.1,17.0,10.195505617977522
1985-01-18,22.046609257265878,16.5,0.0
1985-01-19,27.6,15.0,0.0
1985-01-20,26.3,18.9,0.5
1985-01-21,24.6,17.7,2.4
1985-01-22,25.9,17.8,0.0
1985-01-23,26.29924650161464,17.8,2.742322097378279
1985-01-24,26.7,17.1,0.0
1985-01-25,27.7,16.3,0.0
1985-01-26,29.6,15.990850376749192,0.0
1985-01-27,28.9,18.0,4.0
1985-01-28,27.27534983853606,17.5,37.45973782771535
1985-01-29,26.5,18.2,9.382771535580527
1985-01-30,26.1,18.0,25.313857677902625
1985-01-31,27.5,17.5,0.0
1985-02-01,27.0,17.496185935637655,0.0
1985-02-02,28.9,17.1,3.6428571428571446
1985-02-03,28.4,18.1,12.4
1985-02-04,28.3,18.0,9.2
1985-02-05,27.6,17.176400476758047,2.6
1985-02-06,28.6,17.9,2.3
1985-02-07,27.5,18.0,9.2
1985-02-08,26.0,18.7,21.0
1985-02-09,26.182002383790223,17.3,1.6
1985-02-10,28.0,16.9,0.9377880184331797
1985-02-11,29.6,16.4,0.0
1985-02-12,30.3,17.2,8.923963133640553
1985-02-13,28.9,17.3,24.63640552995392
1985-02-14,29.6,18.0,2.097695852534563
1985-02-15,28.6,18.9,10.4
1985-02-16,29.2,18.2,0.0
1985-02-17,28.745887961859356,18.7,2.3
1985-02-18,30.5,17.9,8.066359447004624
1985-02-19,29.0,17.4,12.360829493087559
1985-02-20,29.8,17.5,4.0
1985-02-21,24.739809296781882,17.5,0.0
1985-02-22,26.7,16.4,0.0
1985-02-23,27.9,15.4,0.2055299539170507
1985-02-24,29.8,14.412395709177593,0.0
1985-02-25,29.0,14.2,0.0
1985-02-26,26.9,16.0,0.5193548387096775
1985-02-27,29.2,16.0,0.0
1985-02-28,29.2,16.5,0.0
1985-03-01,29.2,17.7,0.9
1985-03-02,30.1,17.3,0.0
1985-03-03,28.8,17.7,0.0
1985-03-04,28.7,16.2,0.0
1985-03-05,28.5,16.1,0.0
1985-03-06,29.2,18.2,4.8
1985-03-07,29.7,17.9,3.8
1985-03-08,28.2,18.4,1.6
1985-03-09,27.6,17.8,12.4
1985-03-10,24.3,18.3,6.9
1985-03-11,25.7,17.8,0.0
1985-03-12,25.5,17.9,8.9
1985-03-13,27.9,17.9,6.4
1985-03-14,29.5,17.0,1.6
1985-03-15,28.0,16.6,5.0
1985-03-16,30.5,17.2,1.6
1985-03-17,30.7,17.3,27.6
1985-03-18,26.3,17.0,3.4
1985-03-19,26.9,17.2,20.9
1985-03-20,28.6,18.7,4.6
1985-03-21,30.1,17.2,0.6
1985-03-22,29.9,17.2,0.0
1985-03-23,28.3,17.8,0.0
1985-03-24,29.2,17.6,0.0
1985-03-25,28.2,15.972874058127013,0.0
1985-03-26,27.6,16.2,0.0
1985-03-27,26.2,17.242841765339072,0.0
1985-03-28,26.2,17.923358449946168,0.0
1985-03-29,27.1,15.9,0.0
1985-03-30,28.6,13.6,0.0
1985-03-31,29.0,13.8,0.0
1985-04-01,29.0,15.6,0.0
1985-04-02,27.0,18.1,0.0
1985-04-03,25.7,17.5,0.0
1985-04-04,26.7,15.5,0.0
1985-04-05,27.1,14.7,0.0
1985-04-06,27.2,14.7,0.0
1985-04-07,27.2,13.6,0.0
1985-04-08,26.9,12.6,0.0
1985-04-09,28.3,10.7,0.0
1985-04-10,29.5,11.0,0.0
1985-04-11,29.1,13.2,0.0
1985-04-12,27.0,17.4,0.0
1985-04-13,23.0,17.3,17.6
1985-04-14,26.8,14.4,0.0
1985-04-15,26.7,10.6,0.0
1985-04-16,24.6,13.1,3.3
1985-04-17,25.6,16.5,1.0
1985-04-18,25.9,16.6,0.0
1985-04-19,25.4,15.0,0.0
1985-04-20,25.3,13.3,0.0
1985-04-21,25.6,12.5,0.0
1985-04-22,26.6,11.0,0.0
1985-04-23,28.3,10.5,0.0
1985-04-24,28.4,11.4,0.0
1985-04-25,27.5,11.5,0.0
1985-04-26,26.9,11.8,0.0
1985-04-27,26.3,10.6,0.0
1985-04-28,24.4,13.3,0.0
1985-04-29,24.0,14.1,0.0
1985-04-30,25.7,10.4,0.0
1985-05-01,24.9,8.0,0.0
1985-05-02,25.7,8.5,0.0
1985-05-03,23.9,15.0,0.0
1985-05-04,22.4,15.7,0.0
1985-05-05,24.4,15.2,0.0
1985-05-06,24.9,15.0,0.0
1985-05-07,27.7,12.5,0.0
1985-05-08,30.1,13.0,0.0
1985-05-09,30.2,12.564047362755641,0.0
1985-05-10,29.7,12.0,0.0
1985-05-11,24.9,13.2,0.0
1985-05-12,25.7,13.9,0.0
1985-05-13,20.90096878363832,15.1,0.0
1985-05-14,19.72572658772874,15.9,2.3611111111111107
1985-05-15,25.2,12.2,0.0
1985-05-16,24.0,9.9,0.0
1985-05-17,24.6,7.542303552206672,0.0
1985-05-18,25.6,7.5,0.0
1985-05-19,23.8,11.0,0.0
1985-05-20,22.0,11.341550053821308,0.0
1985-05-21,24.8,8.1,0.0
1985-05-22,27.5,7.2,0.0
1985-05-23,28.5,7.4,0.0
1985-05-24,29.2,8.7,0.0
1985-05-25,27.6,12.0,0.0
1985-05-26,26.0,11.2,0.0
1985-05-27,28.0,9.3,0.0
1985-05-28,29.2,10.5,0.0
1985-05-29,25.9,12.5,0.0
1985-05-30,24.7,10.8,0.0
1985-05-31,24.0,12.0,0.0
1985-06-01,22.7,11.5,0.0
1985-06-02,22.0,9.0,0.0
1985-06-03,24.7,9.6,0.0
1985-06-04,26.4,10.36395995550612,0.0
1985-06-05,27.0,11.9,0.0
1985-06-06,27.427586206896546,12.9,0.0
1985-06-07,27.7,13.4,0.0
1985-06-08,27.5,13.4,0.0
1985-06-09,28.80700778642937,13.5,0.0
1985-06-10,29.2,14.0,0.0
1985-06-11,28.0,14.0,0.0
1985-06-12,27.8,13.290878754171311,0.0
1985-06-13,28.5,12.7,0.0
1985-06-14,28.2,13.0,0.0
1985-06-15,25.7,14.1,0.0
1985-06-16,24.0,12.0,0.0
1985-06-17,20.093103448275862,11.4,0.0
1985-06-18,22.9,11.7,0.0
1985-06-19,22.6,9.634705228031153,0.0
1985-06-20,22.7,6.9,0.0
1985-06-21,23.9,6.277864293659622,0.0
1985-06-22,25.0,8.0,0.0
1985-06-23,25.5,7.6,0.0
1985-06-24,26.5,6.0,0.0
1985-06-25,27.0,8.0,0.0
1985-06-26,24.3,11.5,0.0
1985-06-27,24.3,9.6,0.0
1985-06-28,25.3,8.2,0.0
1985-06-29,25.3,8.196218020022247,0.0
1985-06-30,19.406562847608452,10.8,0.0
1985-07-01,21.5,10.9,0.0
1985-07-02,21.4,7.8,0.0
1985-07-03,22.0,6.6,0.0
1985-07-04,23.0,6.4,0.0
1985-07-05,24.6,4.299569429494079,0.0
1985-07-06,23.7,8.9,0.0
1985-07-07,21.8,10.5,0.0
1985-07-08,22.2,9.694402583423042,0.0
1985-07-09,22.3,8.3,0.0
1985-07-10,22.8,9.0,0.0
1985-07-11,22.0,7.2,0.0
1985-07-12,21.7,5.798708288482238,0.0
1985-07-13,23.6,4.2,0.0
1985-07-14,26.8,4.878686759956942,0.0
1985-07-15,27.5,6.0,0.0
1985-07-16,27.6,10.0,0.0
1985-07-17,27.0,12.631108719052744,0.0
1985-07-18,26.8,12.4,0.0
1985-07-19,27.5,12.0,0.0
1985-07-20,28.786975242195904,12.1,0.0
1985-07-21,29.0,12.7,0.0
1985-07-22,28.9,12.9,0.0
1985-07-23,28.2,12.7,0.0
1985-07-24,28.1,11.9,0.0
1985-07-25,26.2,11.2,0.0
1985-07-26,25.8,11.7,0.0
1985-07-27,25.7,11.2,0.0
1985-07-28,25.6,11.7,0.0
1985-07-29,24.7,11.6,0.0
1985-07-30,23.6,11.1,0.0
1985-07-31,23.4,9.2,0.0
1985-08-01,22.0,5.086544671689989,0.0
1985-08-02,23.2,6.183207750269106,0.0
1985-08-03,24.5,7.949623250807319,0.0
1985-08-04,24.0,9.0,0.0
1985-08-05,24.0,7.7,0.0
1985-08-06,24.4,7.2,0.0
1985-08-07,25.0,7.893003229278794,0.0
1985-08-08,22.7,11.0,0.0
1985-08-09,19.372443487621098,10.7,0.0
1985-08-10,20.56210979547901,7.9,0.0
1985-08-11,20.217330462863295,5.9,0.0
1985-08-12,21.0,5.3,0.0
1985-08-13,22.1,7.796340150699677,0.0
1985-08-14,22.9,9.0,0.0
1985-08-15,23.1,7.7,0.0
1985-08-16,24.0,8.5,0.0
1985-08-17,25.7,9.2,0.0
1985-08-18,27.8,10.2,0.0
1985-08-19,29.8,11.5,0.0
1985-08-20,29.0,13.887513455328307,0.0
1985-08-21,28.1,15.6,0.0
1985-08-22,29.6,14.8,0.0
1985-08-23,30.9,14.0,0.0
1985-08-24,30.5,15.2,0.0
1985-08-25,29.6,17.36684607104414,0.0
1985-08-26,29.4,15.8,0.0
1985-08-27,30.0,15.2,0.0
1985-08-28,30.5,14.3,0.0
1985-08-29,31.0,14.5,0.0
1985-08-30,30.565123789020447,15.1,0.0
1985-08-31,28.6,16.7,0.0
1985-09-01,27.63915461624027,14.9,0.0
1985-09-02,28.1,13.1,0.0
1985-09-03,29.2,12.0,0.0
1985-09-04,28.3,13.8,0.0
1985-09-05,28.1,13.7,0.0
1985-09-06,28.2,13.5,0.0
1985-09-07,28.6,13.44527252502781,0.0
1985-09-08,29.5,13.7,0.0
1985-09-09,30.6,14.0,0.0
1985-09-10,30.2,15.7,0.0
1985-09-11,29.2,15.4,0.0
1985-09-12,29.704449388209124,14.0,0.0
1985-09-13,30.4,14.5,0.0
1985-09-14,30.9,15.0,0.0
1985-09-15,30.144048943270302,14.4,0.0
1985-09-16,29.7,14.1,0.0
1985-09-17,29.5,14.284649610678533,0.0
1985-09-18,29.0,14.5,0.0
1985-09-19,26.7,14.324582869855396,0.0
1985-09-20,26.646162402669635,12.3,0.0
1985-09-21,27.1,12.4,0.0
1985-09-22,27.8,13.1,0.0
1985-09-23,29.2,12.3,0.0
1985-09-24,30.0,13.931590656284762,0.0
1985-09-25,30.2,14.9,0.0
1985-09-26,31.4,16.1,0.0
1985-09-27,32.4,16.9,0.0
1985-09-28,33.5,18.3,0.4857142857142857
1985-09-29,28.0,17.0,0.0
1985-09-30,31.4,16.80233592880979,0.0
1985-10-01,31.6,13.413132400430571,0.0
1985-10-02,32.7,19.7,0.0
1985-10-03,34.4,17.6,0.0
1985-10-04,34.88772874058126,22.0,0.0
1985-10-05,31.1778256189451,17.4,2.7
1985-10-06,32.2,14.9,0.0
1985-10-07,34.0,16.6,0.0
1985-10-08,34.0,16.5,0.0
1985-10-09,34.7,16.7,0.0
1985-10-10,34.561248654467164,19.8,0.0
1985-10-11,33.9,16.9,3.3
1985-10-12,30.5,16.1,1.6
1985-10-13,29.0,17.9,2.932000000000001
1985-10-14,25.58643702906351,16.1,0.0
1985-10-15,25.026264800861142,16.8,2.7
1985-10-16,27.4,16.0,2.4
1985-10-17,26.9,14.9,6.0760000000000005
1985-10-18,28.4,16.1,18.120000000000008
1985-10-19,25.819483315392894,16.092142088266954,4.912000000000001
1985-10-20,26.8,16.1,32.22000000000004
1985-10-21,25.212917115177607,16.4,4.296000000000002
1985-10-22,28.6,17.1,0.0
1985-10-23,28.4,17.2,0.0
1985-10-24,28.4,17.1,0.0
1985-10-25,29.0,16.5,0.0
1985-10-26,30.9,14.9,0.0
1985-10-27,32.0,18.0,0.0
1985-10-28,31.6,15.4,0.0
1985-10-29,31.8,13.6,0.0
1985-10-30,33.6,12.106566200215285,0.0
1985-10-31,34.0,14.6,0.0
1985-11-01,33.9,19.0,0.0
1985-11-02,32.5,19.0,0.0
1985-11-03,27.5,17.43793103448276,15.9
1985-11-04,28.009343715239154,17.2,44.4
1985-11-05,29.3,17.8,6.6
1985-11-06,29.649388209121245,17.9,5.0
1985-11-07,30.1,16.305895439377085,0.0
1985-11-08,29.9,18.0,0.0
1985-11-09,30.7,17.0,0.0
1985-11-10,31.4,15.8,0.0
1985-11-11,32.0,16.0,0.0
1985-11-12,31.5,17.8,0.6
1985-11-13,31.0,17.3,1.6
1985-11-14,28.6,17.0,2.8
1985-11-15,28.7,17.1,28.0
1985-11-16,24.4,16.7,44.3
1985-11-17,25.3,16.126028921023362,0.0
1985-11-18,27.0,16.2,0.1
1985-11-19,25.5,16.5,0.0
1985-11-20,26.0,16.8,10.8
1985-11-21,27.6,16.6,27.0
1985-11-22,28.5,16.6,1.6
1985-11-23,26.295439377085646,17.0,10.1
1985-11-24,29.4,16.4,0.0
1985-11-25,29.0,16.1,0.0
1985-11-26,26.9,17.53103448275862,88.6
1985-11-27,27.06218020022247,17.5,34.5
1985-11-28,25.0,15.999555061179088,19.0
1985-11-29,27.1,16.0,0.0
1985-11-30,27.0,17.0,0.0
1985-12-01,26.9,19.2,0.0
1985-12-02,27.5,18.9,0.4
1985-12-03,28.5,17.9,0.0
1985-12-04,28.7,16.7,0.0
1985-12-05,28.9,16.9,6.6
1985-12-06,27.0,17.4,10.127931769722817
1985-12-07,27.0,19.0,1.7473347547974412
1985-12-08,24.686114101184067,19.0,0.0
1985-12-09,26.7,17.5,0.0
1985-12-10,28.5,17.0,9.22196162046908
1985-12-11,27.7,17.9,0.2
1985-12-12,26.5,18.3,25.536034115138587
1985-12-13,26.1,17.2,0.0
1985-12-14,26.9,17.2,0.0
1985-12-15,29.5,18.2,2.4
1985-12-16,28.749623250807318,17.8,2.9
1985-12-17,27.44434876210979,17.6,0.0
1985-12-18,29.4,16.105597416576966,0.0
1985-12-19,28.3,17.7,10.0
1985-12-20,27.3,18.6,2.9
1985-12-21,26.5,18.7,0.20469083155650333
1985-12-22,26.5,17.6,14.745415778251601
1985-12-23,27.0,17.3,26.0
1985-12-24,26.56512378902045,17.6,15.700213219616215
1985-12-25,28.1,17.3,0.0
1985-12-26,27.5,16.779009687836385,4.889552238805971
1985-12-27,27.5,17.6,2.3
1985-12-28,27.9,17.2,1.3
1985-12-29,28.2,17.4,5.0
1985-12-30,27.0,17.4,27.214285714285705
1985-12-31,25.2,18.4,0.0
1986-01-01,27.7,16.9,0.0
1986-01-02,27.6,15.9,0.0
1986-01-03,29.5,19.0,0.0
1986-01-04,29.8,19.3,0.0
1986-01-05,28.6,17.751668460710437,0.0
1986-01-06,30.0,16.5,0.0
1986-01-07,30.2,19.2,0.0
1986-01-08,32.02669537136706,19.6,0.0
1986-01-09,30.4,19.2,0.0
1986-01-10,28.7,17.2,3.7
1986-01-11,28.3,18.1,0.8
1986-01-12,28.97438105489774,17.4,3.5
1986-01-13,29.2,17.6,1.0
1986-01-14,28.3,18.0,9.9
1986-01-15,30.0,18.9,12.1249063670412
1986-01-16,30.1,18.3,10.601498127340827
1986-01-17,28.0,18.6,0.0
1986-01-18,27.0,18.0,8.9
1986-01-19,27.2,17.0,0.0
1986-01-20,27.0,15.6270182992465,18.4
1986-01-21,28.314747039827772,18.4,0.7271535580524344
1986-01-22,21.2,17.0,69.19812734082397
1986-01-23,27.4,17.0,17.709550561797755
1986-01-24,29.0,17.942518837459627,0.6
1986-01-25,27.405274488697525,17.9,14.239887640449439
1986-01-26,28.8,18.2,1.8
1986-01-27,26.0,18.5,0.0
1986-01-28,27.0,18.8,0.0
1986-01-29,29.2,17.7,0.0
1986-01-30,26.9,18.4,1.0
1986-01-31,26.9,18.0,4.6
1986-02-01,26.6,17.830870083432654,7.712903225806453
1986-02-02,25.5,18.0,7.5
1986-02-03,20.8849821215733,17.6,12.463594470046086
1986-02-04,26.2,17.5,1.8
1986-02-05,26.0,17.8,1.6
1986-02-06,25.5,18.2,0.0
1986-02-07,27.0,17.8,9.9
1986-02-08,28.9,18.1,18.629032258064516
1986-02-09,25.8,16.9,30.614746543778843
1986-02-10,28.5,14.8,0.0
1986-02-11,28.1,15.0,0.0
1986-02-12,26.9,17.1,3.0
1986-02-13,30.0,15.0,0.0
1986-02-14,29.633015494636467,16.9,1.0
1986-02-15,28.4,16.301907032181166,1.8
1986-02-16,27.0,17.5,1.6
1986-02-17,28.3,18.2,3.0
1986-02-18,30.7,17.5,2.2004608294930894
1986-02-19,29.315613825983316,17.6,1.0
1986-02-20,29.0,16.9,26.0
1986-02-21,28.6,16.8,17.30138248847927
1986-02-22,24.65482717520858,18.5,6.3
1986-02-23,24.7,18.4,1.5
1986-02-24,26.2,17.9,0.0
1986-02-25,26.6,17.3,0.0
1986-02-26,28.4,17.9,0.0
1986-02-27,27.2,18.0,9.534101382488481
1986-02-28,28.5,18.2,0.0
1986-03-01,28.3,18.0,4.9
1986-03-02,25.6,18.8,0.9
1986-03-03,30.2,19.0,17.8
1986-03-04,27.9,17.6,4.5
1986-03-05,29.5,17.2,0.0
1986-03-06,28.0,17.9,31.9
1986-03-07,25.6,18.6,0.0
1986-03-08,26.5,16.7,0.0
1986-03-09,26.4,15.0,0.0
1986-03-10,26.5,17.5,0.0
1986-03-11,24.0,17.6,0.0
1986-03-12,27.8,16.0,0.0
1986-03-13,28.9,16.3,0.0
1986-03-14,27.6,16.4,0.0
1986-03-15,25.7,15.7,0.0
1986-03-16,26.3,18.5,0.0
1986-03-17,23.4,16.5,0.0
1986-03-18,25.4,17.1,1.8
1986-03-19,29.0,17.5,2.7
1986-03-20,28.2,17.437029063509144,0.0
1986-03-21,27.0,18.0,10.9
1986-03-22,26.4,17.7,0.7
1986-03-23,25.9,17.9,0.0
1986-03-24,26.7,17.5,0.0
1986-03-25,28.2,19.3,0.0
1986-03-26,28.6,16.1,0.0
1986-03-27,28.2,16.0,0.0
1986-03-28,27.7,16.7,0.0
1986-03-29,27.1,15.4,0.0
1986-03-30,29.1,14.78783638320775,0.0
1986-03-31,30.0,14.2,0.0
1986-04-01,23.2,17.8,17.0
1986-04-02,27.0,17.4,0.0
1986-04-03,26.0,16.6,0.0
1986-04-04,20.4,16.6,0.0
1986-04-05,24.2,16.5,0.0
1986-04-06,24.9,15.3,0.0
1986-04-07,25.4,13.7,0.0
1986-04-08,26.0,12.4,0.0
1986-04-09,25.0,11.5,0.0
1986-04-10,26.1,16.2,0.0
1986-04-11,25.0,17.5,0.0
1986-04-12,26.0,13.8,0.0
1986-04-13,27.6,11.0,0.0
1986-04-14,28.9,11.4,0.0
1986-04-15,28.7,12.9,0.0
1986-04-16,27.7,18.6,0.0
1986-04-17,24.5,16.5,0.0
1986-04-18,23.0,16.6,0.0
1986-04-19,23.7,17.2,0.0
1986-04-20,23.3,15.7,0.0
1986-04-21,23.9,14.2,0.0
1986-04-22,26.0,10.4,0.0
1986-04-23,26.5,11.0,0.0
1986-04-24,24.7,11.4,0.0
1986-04-25,23.8,11.3,0.0
1986-04-26,25.0,8.5,0.0
1986-04-27,25.0,7.9,0.0
1986-04-28,25.6,10.2,0.0
1986-04-29,25.7,11.6,0.0
1986-04-30,26.5,12.1,0.0
1986-05-01,24.5,10.517868675995686,0.0
1986-05-02,25.4,10.0,0.0
1986-05-03,26.1,13.0,0.0
1986-05-04,25.7,13.1,0.0
1986-05-05,26.499246501614632,11.9,0.0
1986-05-06,26.6,11.666953713670605,0.0
1986-05-07,22.6,12.2,1.4444444444444444
1986-05-08,21.48858988159311,15.84241119483314,29.4
1986-05-09,24.4,15.6,1.2
1986-05-10,28.9,13.5,0.0
1986-05-11,28.427341227125932,14.2,0.0
1986-05-12,25.3,13.6,0.0
1986-05-13,23.4,12.6,0.0
1986-05-14,22.3,10.6,0.0
1986-05-15,23.7,7.0,0.0
1986-05-16,23.980624327233585,6.6,0.0
1986-05-17,24.1,5.452529601722282,0.0
1986-05-18,24.2,2.3254036598492993,0.0
1986-05-19,25.2,3.932185145317545,0.0
1986-05-20,25.8,7.098815931108717,0.0
1986-05-21,25.1,9.0,0.0
1986-05-22,24.5,9.195909580193751,0.0
1986-05-23,24.1,7.5,0.0
1986-05-24,24.0,7.0,0.0
1986-05-25,23.81280947255113,6.1,0.0
1986-05-26,23.64994617868676,5.6,0.0
1986-05-27,23.8,5.9,0.0
1986-05-28,23.4,6.5,0.0
1986-05-29,22.6,6.753067814854681,0.0
1986-05-30,22.0,6.2,0.0
1986-05-31,22.0,5.4,0.0
1986-06-01,21.5,5.2,0.0
1986-06-02,20.779644048943272,10.1,0.0
1986-06-03,21.1,9.4,0.0
1986-06-04,23.5,9.4,0.0
1986-06-05,25.1,9.5,0.0
1986-06-06,25.2,10.1,0.0
1986-06-07,24.8,9.9,0.0
1986-06-08,22.3,6.9,0.0
1986-06-09,21.7,3.989210233592881,0.0
1986-06-10,22.2,3.9,0.0
1986-06-11,21.9,4.698998887652949,0.0
1986-06-12,20.852947719688544,3.9,0.0
1986-06-13,21.6,2.9,0.0
1986-06-14,23.6,1.9,0.0
1986-06-15,22.1,6.5,0.0
1986-06-16,21.5,4.9,0.0
1986-06-17,21.279421579532816,3.5,0.0
1986-06-18,21.859176863181315,2.9,0.0
1986-06-19,22.1,2.009788654060067,0.0
1986-06-20,20.433036707452725,6.8,0.0
1986-06-21,17.15984427141268,2.39944382647386,0.0
1986-06-22,18.81979977753059,1.9298109010011124,0.0
1986-06-23,20.8,5.7,0.0
1986-06-24,22.1,10.6,0.0
1986-06-25,22.5,7.356952169076752,0.0
1986-06-26,24.0,5.4,0.0
1986-06-27,25.2,3.9,0.0
1986-06-28,24.0,8.5,0.0
1986-06-29,20.8,7.796662958843159,0.0
1986-06-30,19.6,8.62569521690768,0.0
1986-07-01,18.199892357373518,13.0,0.0
1986-07-02,19.6,8.2,0.0
1986-07-03,19.5,7.077610333692139,0.0
1986-07-04,16.173304628632938,7.916792249730889,0.0
1986-07-05,18.846501614639397,11.0,0.0
1986-07-06,19.83961248654467,5.0,0.0
1986-07-07,20.386114101184067,4.4,0.0
1986-07-08,20.9,4.619375672766415,0.0
1986-07-09,21.5,4.0,0.0
1986-07-10,21.0,5.3,0.0
1986-07-11,19.066415500538213,6.4,0.0
1986-07-12,19.0,4.6,0.0
1986-07-13,20.7,2.9,0.0
1986-07-14,23.0,1.7498385360602797,0.0
1986-07-15,23.0,6.0,0.0
1986-07-16,22.1,5.9,0.0
1986-07-17,24.7,7.4,0.0
1986-07-18,25.7,10.0,0.0
1986-07-19,26.6,10.5,0.0
1986-07-20,27.27427341227125,11.651991388589872,0.0
1986-07-21,22.4,11.2,0.0
1986-07-22,16.0,9.5,0.0
1986-07-23,20.5,7.8,0.0
1986-07-24,22.0,4.6,0.0
1986-07-25,25.6,3.2,0.0
1986-07-26,26.7,4.6,0.0
1986-07-27,28.1,5.7,0.0
1986-07-28,25.4,7.9,0.0
1986-07-29,22.1,9.9,0.0
1986-07-30,24.4,7.4,0.0
1986-07-31,27.3,8.6,0.0
1986-08-01,25.6,9.8,0.0
1986-08-02,25.4,9.9,0.0
1986-08-03,25.41829924650161,10.2,0.0
1986-08-04,26.7,10.6,0.0
1986-08-05,28.9,12.1,0.0
1986-08-06,30.4,13.937459634015061,0.0
1986-08-07,30.8,14.2,0.0
1986-08-08,30.0,12.4,0.0
1986-08-09,28.4,7.2,0.0
1986-08-10,25.7,7.359741657696446,0.0
1986-08-11,25.9,8.5,0.0
1986-08-12,29.3,8.1,0.0
1986-08-13,31.0,11.2,0.0
1986-08-14,31.4,12.9,0.0
1986-08-15,29.0,11.9,0.0
1986-08-16,26.7,13.6,0.0
1986-08-17,25.4,11.815069967707208,0.0
1986-08-18,27.1,11.4,0.0
1986-08-19,30.8,13.0,0.0
1986-08-20,31.2,14.1,0.0
1986-08-21,30.2,16.7,0.0
1986-08-22,27.6,16.7,0.0
1986-08-23,26.1,13.8,0.0
1986-08-24,26.9,13.434337997847152,0.0
1986-08-25,27.0,14.0,0.0
1986-08-26,27.0,14.0,0.0
1986-08-27,27.2,13.7,0.0
1986-08-28,25.6,13.1,0.0
1986-08-29,24.46275565123789,11.4,0.0
1986-08-30,24.7,10.9,0.0
1986-08-31,26.0,10.9,0.0
1986-09-01,27.8,11.5,0.0
1986-09-02,28.0,11.5,0.0
1986-09-03,28.072191323692994,7.4995550611790875,0.0
1986-09-04,29.4,10.2,0.0
1986-09-05,29.8,15.3,0.0
1986-09-06,29.038264738598446,15.1,0.0
1986-09-07,28.6,14.0,0.0
1986-09-08,28.338709677419356,13.4,0.0
1986-09-09,28.0,13.6,0.0
1986-09-10,28.558620689655175,13.5,0.0
1986-09-11,30.0,13.4,0.0
1986-09-12,30.1,14.5,0.0
1986-09-13,27.9,15.0,0.0
1986-09-14,27.0,12.9,0.0
1986-09-15,26.3,11.0,0.0
1986-09-16,26.8,10.1,0.0
1986-09-17,27.25261401557286,9.619688542825362,0.0
1986-09-18,27.7,10.519577308120134,0.0
1986-09-19,28.0,9.4797552836485,0.0
1986-09-20,29.5,7.7,0.0
1986-09-21,30.7,9.293103448275863,0.0
1986-09-22,31.0,12.7,0.0
1986-09-23,30.7,14.4,0.0
1986-09-24,31.5,15.4,0.0
1986-09-25,32.7,16.4,0.0
1986-09-26,32.54827586206897,17.3,0.0
1986-09-27,30.4,17.0,0.0
1986-09-28,29.8,15.2,0.0
1986-09-29,29.6,14.9,0.0
1986-09-30,31.0,15.3,0.0
1986-10-01,30.9,16.5,0.0
1986-10-02,32.1,18.0,0.0
1986-10-03,33.5,18.0,0.0
1986-10-04,33.1,20.6,0.0
1986-10-05,33.9,21.520344456404732,0.0
1986-10-06,30.7,19.2,0.0
1986-10-07,30.6,17.8,0.0
1986-10-08,30.851453175457475,17.0,0.0
1986-10-09,31.8,17.4,0.0
1986-10-10,32.1,18.4,0.0
1986-10-11,32.0,18.1,0.0
1986-10-12,32.9,17.2,0.0
1986-10-13,31.1,18.2,0.0
1986-10-14,30.9,16.9,0.0
1986-10-15,32.0,16.6,0.0
1986-10-16,34.2,17.5,0.0
1986-10-17,30.978040904198057,19.9,0.0
1986-10-18,29.4,16.5,0.0
1986-10-19,32.0,17.0,0.0
1986-10-20,34.5,18.4,0.0
1986-10-21,35.340688912809455,18.7,0.0
1986-10-22,35.6,18.2,0.0
1986-10-23,35.2,18.5,0.0
1986-10-24,33.3,21.0,0.0
1986-10-25,33.8,19.9,0.0
1986-10-26,34.5,18.6,0.0
1986-10-27,35.8,19.0,0.0
1986-10-28,36.0,20.5,0.0
1986-10-29,35.2,21.9,0.0
1986-10-30,33.6,20.940581270182985,0.0
1986-10-31,31.5,19.6,0.0
1986-11-01,32.5,19.7,0.0
1986-11-02,31.3,18.2,0.9
1986-11-03,31.4,17.3,5.4
1986-11-04,28.6,17.0,7.0
1986-11-05,28.7,16.8,34.0
1986-11-06,27.4,17.2,11.4
1986-11-07,23.018576195773083,16.1,90.5
1986-11-08,19.47285873192436,15.373081201334816,14.2
1986-11-09,19.1,14.8,0.0
1986-11-10,23.2,14.29321468298109,0.0
1986-11-11,26.058954393770858,13.659955506117909,0.0
1986-11-12,26.7,11.5,0.0
1986-11-13,27.0,13.939933259176863,0.0
1986-11-14,28.56006674082314,14.159955506117909,0.0
1986-11-15,30.2,14.699777530589543,0.0
1986-11-16,30.0,15.146496106785317,0.0
1986-11-17,29.4,15.5,0.0
1986-11-18,29.5,15.1,0.0
1986-11-19,30.0,14.793214682981091,0.0
1986-11-20,31.0,15.206451612903225,0.0
1986-11-21,31.0,15.8,0.0
1986-11-22,31.6,16.5,0.0
1986-11-23,31.4,16.552280311457174,0.0
1986-11-24,30.8,16.5,0.0
1986-11-25,30.6,16.5,0.0
1986-11-26,31.839488320355947,18.8,0.0
1986-11-27,31.6,19.4,0.0
1986-11-28,29.7,19.4,0.0
1986-11-29,30.5,18.1,0.0
1986-11-30,31.4,19.2,0.0
1986-12-01,31.0,20.30656620021529,0.0
1986-12-02,31.6,20.1,0.0
1986-12-03,31.8,19.9,0.0
1986-12-04,32.90010764262647,19.0,0.0
1986-12-05,32.993433799784704,21.0,0.0
1986-12-06,32.34703982777178,19.0,0.0
1986-12-07,28.7,17.9,0.0
1986-12-08,30.0,18.7,1.2
1986-12-09,29.9,17.3,0.0
1986-12-10,29.7,17.9,2.357569296375266
1986-12-11,29.5,17.7,4.0
1986-12-12,29.0,17.1,1.9
1986-12-13,30.7,17.7,0.0
1986-12-14,27.6,18.5,0.5
1986-12-15,27.7,19.0,13.6
1986-12-16,24.0,18.5,0.3
1986-12-17,28.0,18.5,0.0
1986-12-18,25.2,18.5,9.22196162046908
1986-12-19,21.979870828848224,17.6,108.92452025586309
1986-12-20,21.733261571582347,17.0,91.23773987206823
1986-12-21,22.13326157158235,17.1,114.9
1986-12-22,25.6,17.3,11.2
1986-12-23,26.5,16.4,2.4
1986-12-24,25.32583423035522,16.3,15.700213219616215
1986-12-25,21.9,17.2,0.0
1986-12-26,25.4,16.9,1.0
1986-12-27,23.0,17.8,32.63987206823028
1986-12-28,21.859956942949406,16.4,2.1541577825159917
1986-12-29,24.8,15.173735199138859,0.0
1986-12-30,27.6,13.334983853606028,0.0
1986-12-31,29.1,14.764370290635092,0.0
1987-01-01,29.1,16.4,0.0
1987-01-02,29.9,16.0,0.0
1987-01-03,31.206889128094726,15.9,0.0
1987-01-04,29.0,18.4,10.601498127340827
1987-01-05,25.46620021528525,17.9,20.638202247191018
1987-01-06,27.0,17.0,0.0
1987-01-07,26.9,16.5,0.0
1987-01-08,28.9,16.0,0.0
1987-01-09,30.4,15.5,0.0
1987-01-10,27.2,17.5,0.0
1987-01-11,29.0,16.5,0.0
1987-01-12,30.3,15.873735199138858,0.0
1987-01-13,30.4,16.5,0.0
1987-01-14,28.8,17.4,0.0
1987-01-15,28.2,16.8,27.0
1987-01-16,23.503229278794404,17.4,0.0
1987-01-17,26.3,17.4,11.02734082397003
1987-01-18,24.73638320775027,16.6,17.9
1987-01-19,27.4,16.2,0.0
1987-01-20,28.6,15.415823466092572,0.0
1987-01-21,28.7,14.905274488697524,0.0
1987-01-22,26.6,16.0,16.0
1987-01-23,23.2,17.4,57.51460674157311
1987-01-24,24.0,17.8,1.4
1987-01-25,27.5,17.2,14.613483146067413
1987-01-26,28.6,16.4,0.0
1987-01-27,27.928310010764257,17.7,0.0
1987-01-28,28.238105489773943,17.3,0.0
1987-01-29,28.8,17.0,0.0
1987-01-30,28.5,17.2,7.6
1987-01-31,23.9,18.4,2.326404494382022
1987-02-01,27.6,17.1,1.6
1987-02-02,27.9,16.3,0.5
1987-02-03,25.7,17.1,10.450691244239632
1987-02-04,27.2,18.3,0.0
1987-02-05,21.972467222884386,16.2,0.0
1987-02-06,24.9,16.2,0.0
1987-02-07,25.1,16.6,0.0
1987-02-08,27.8,17.6,27.955760368663597
1987-02-09,28.326102502979737,17.4,0.0
1987-02-10,29.0,16.0,0.0
1987-02-11,26.8,15.2,0.0
1987-02-12,25.0,16.0,0.0
1987-02-13,26.0,14.77735399284863,0.0
1987-02-14,26.8,13.469845053635279,0.0
1987-02-15,30.0,13.9,0.0
1987-02-16,31.0,14.59487485101311,0.0
1987-02-17,32.9,15.2,0.0
1987-02-18,34.21001191895113,19.0,0.0
1987-02-19,30.7,18.91513706793802,0.0
1987-02-20,28.9,18.4,12.116129032258065
1987-02-21,19.479976162097735,17.0,0.0
1987-02-22,25.1,16.3,0.0
1987-02-23,27.4,15.0,0.0
1987-02-24,28.4,14.4,0.0
1987-02-25,27.1,13.9,0.0
1987-02-26,28.1,12.779976162097736,0.0
1987-02-27,27.0,18.4,0.0
1987-02-28,28.0,16.5,0.0
1987-03-01,30.4,15.2,0.0
1987-03-02,31.3,14.9,0.0
1987-03-03,31.4,16.1,0.0
1987-03-04,31.1,17.0,0.0
1987-03-05,31.5,18.6,0.0
1987-03-06,30.6,17.9,1.2
1987-03-07,27.0,17.0,0.0
1987-03-08,27.9,16.2,0.0
1987-03-09,28.7,16.5,0.0
1987-03-10,29.6,15.5,0.0
1987-03-11,30.5,14.49041980624327,0.0
1987-03-12,31.0,15.9,0.0
1987-03-13,32.5,15.7,0.0
1987-03-14,33.1,15.9,0.0
1987-03-15,32.0,17.9,0.0
1987-03-16,30.5,17.7,0.0
1987-03-17,27.9,16.2,0.0
1987-03-18,31.2,17.0,0.0
1987-03-19,33.6,16.2,0.0
1987-03-20,31.8,18.1,4.2
1987-03-21,27.7,18.2,5.4
1987-03-22,30.4,17.0,0.0
1987-03-23,24.9,18.0,7.6
1987-03-24,25.5,17.4,3.3
1987-03-25,25.0,16.0,0.0
1987-03-26,27.9,14.9,0.0
1987-03-27,29.9,15.8,0.0
1987-03-28,30.0,18.2,0.0
1987-03-29,28.3,18.2,51.0
1987-03-30,24.0,18.4,13.4
1987-03-31,26.4,18.2,1.7
1987-04-01,27.5,18.1,19.8
1987-04-02,27.0,17.9,0.8
1987-04-03,26.9,17.9,0.0
1987-04-04,26.5,15.7,0.0
1987-04-05,25.6,14.4,0.0
1987-04-06,26.0,11.6,0.0
1987-04-07,25.2,13.8,0.0
1987-04-08,25.2,9.6,0.0
1987-04-09,26.8,8.4,0.0
1987-04-10,26.4,10.9,0.0
1987-04-11,25.4,14.9,0.0
1987-04-12,25.4,15.1,0.0
1987-04-13,24.2,14.0,0.0
1987-04-14,26.8,14.0,0.0
1987-04-15,28.9,12.6,0.0
1987-04-16,29.6,14.1,0.0
1987-04-17,29.7,15.1,0.0
1987-04-18,27.5,14.0,0.0
1987-04-19,27.0,17.5,0.0
1987-04-20,27.6,11.3,0.0
1987-04-21,27.0,8.5,0.0
1987-04-22,27.2,7.5,0.0
1987-04-23,28.1,8.1,0.0
1987-04-24,28.5,8.0,0.0
1987-04-25,28.1,10.0,0.0
1987-04-26,27.0,13.2,0.0
1987-04-27,27.5,11.9,0.0
1987-04-28,27.0,12.5,0.0
1987-04-29,27.0,10.6,0.0
1987-04-30,27.5,11.5,0.0
1987-05-01,26.7,11.4,0.0
1987-05-02,25.5,12.0,0.0
1987-05-03,24.1,12.1,0.0
1987-05-04,22.9,12.5,0.0
1987-05-05,22.7,10.6,0.0
1987-05-06,24.1,6.5,0.0
1987-05-07,25.2,10.7,0.0
1987-05-08,29.2,12.9,0.0
1987-05-09,29.5,10.2,0.0
1987-05-10,28.4,9.9,0.0
1987-05-11,26.0,10.1,0.0
1987-05-12,24.10139935414424,7.0,0.0
1987-05-13,23.2,6.0,0.0
1987-05-14,23.12421959095802,13.7,0.0
1987-05-15,24.7,10.9,0.0
1987-05-16,25.5,13.6,0.0
1987-05-17,27.5,11.0,0.0
1987-05-18,28.5,11.5,0.0
1987-05-19,28.7,11.6,0.0
1987-05-20,26.3,11.9,0.0
1987-05-21,21.6,9.3,0.0
1987-05-22,21.07276641550054,7.9,0.0
1987-05-23,22.7,5.9,0.0
1987-05-24,22.403444564047362,6.387513455328309,0.0
1987-05-25,24.6,4.5,0.0
1987-05-26,27.0,8.433799784714745,0.0
1987-05-27,29.0,10.6,0.0
1987-05-28,29.5,12.7,0.0
1987-05-29,29.4,13.0,0.0
1987-05-30,28.6,12.5,0.0
1987-05-31,25.4,11.9,0.0
1987-06-01,25.0,11.0,0.0
1987-06-02,25.222580645161294,11.0,0.0
1987-06-03,25.0,11.5,0.0
1987-06-04,21.0,11.5,0.0
1987-06-05,24.7,10.5,0.0
1987-06-06,24.9,10.0,0.0
1987-06-07,25.6,10.2,0.0
1987-06-08,27.9,11.5,0.0
1987-06-09,27.847385984427145,12.7,0.0
1987-06-10,27.2,15.9,0.0
1987-06-11,26.6,14.3,0.0
1987-06-12,26.6,13.0,0.0
1987-06-13,28.6,15.260400444938838,0.0
1987-06-14,30.453392658509458,14.270411568409346,0.0
1987-06-15,30.740044493882085,17.300111234705266,0.0
1987-06-16,31.4,16.620133481646295,0.0
1987-06-17,31.02669632925471,13.7,0.0
1987-06-18,30.246829810901023,12.6,0.0
1987-06-19,30.4,19.8,0.0
1987-06-20,30.5,16.92013348164628,0.0
1987-06-21,29.4,15.9,0.0
1987-06-22,28.567074527252508,14.0,0.0
1987-06-23,28.6,12.721357063403792,0.0
1987-06-24,29.0,12.4,0.0
1987-06-25,27.8,13.2,0.0
1987-06-26,27.07441601779756,12.6,0.0
1987-06-27,26.3,12.0,0.0
1987-06-28,24.5,12.171857619577311,0.0
1987-06-29,24.9,11.5,0.0
1987-06-30,23.6,11.5,0.0
1987-07-01,23.6,9.764370290635084,0.0
1987-07-02,24.2,8.7,0.0
1987-07-03,24.6,8.9,0.0
1987-07-04,25.5,9.994079655543596,0.0
1987-07-05,25.82195909580193,9.8,0.0
1987-07-06,26.7,9.165123789020447,0.0
1987-07-07,25.2,10.4,0.0
1987-07-08,20.4,10.6,0.0
1987-07-09,20.0,9.2,0.0
1987-07-10,22.251668460710437,7.5,0.0
1987-07-11,24.0,8.446071044133475,0.0
1987-07-12,23.8,8.7,0.0
1987-07-13,23.6,7.6,0.0
1987-07-14,24.1,7.5,0.0
1987-07-15,24.4,8.9,0.0
1987-07-16,23.7,9.7,0.0
1987-07-17,22.7,9.5,0.0
1987-07-18,24.0,9.1,0.0
1987-07-19,22.66469321851453,14.360279870828846,0.0
1987-07-20,24.336598493003226,12.9,0.0
1987-07-21,23.7,13.0,0.0
1987-07-22,24.3,10.972766415500535,0.0
1987-07-23,21.5,11.6,0.0
1987-07-24,24.1,12.9,0.0
1987-07-25,23.1,9.5,0.0
1987-07-26,20.6,11.8,0.0
1987-07-27,21.7,10.5,0.0
1987-07-28,22.0,10.2,0.0
1987-07-29,21.6,7.9,0.0
1987-07-30,24.6,9.2,0.0
1987-07-31,26.155005382131314,9.8,0.0
1987-08-01,24.2,9.9,0.0
1987-08-02,24.6,10.0,0.0
1987-08-03,26.8,10.21237890204521,0.0
1987-08-04,27.6,11.7,0.0
1987-08-05,27.9,13.2,0.0
1987-08-06,28.2,13.580947255113028,0.0
1987-08-07,28.1,13.5,0.0
1987-08-08,28.0,13.4,0.0
1987-08-09,28.5,12.9,0.0
1987-08-10,28.4,13.0,0.0
1987-08-11,29.1,13.0,0.0
1987-08-12,30.734122712594175,13.7,0.0
1987-08-13,30.7,14.3,0.0
1987-08-14,29.0,15.4,0.0
1987-08-15,26.3,15.3,0.0
1987-08-16,25.9,13.0,0.0
1987-08-17,26.1,11.8,0.0
1987-08-18,26.4,11.5,0.0
1987-08-19,24.8,11.9,0.0
1987-08-20,24.0,9.0,0.0
1987-08-21,25.9,9.5,0.0
1987-08-22,28.999138858988154,12.211517761033363,0.0
1987-08-23,31.8,15.6,0.0
1987-08-24,31.82055974165769,17.2,0.0
1987-08-25,31.6,17.663401506996767,0.0
1987-08-26,28.264370290635085,18.08675995694295,0.0
1987-08-27,26.2,15.0,0.0
1987-08-28,26.0,12.9,0.0
1987-08-29,27.4,12.5,0.0
1987-08-30,29.2,13.2,0.0
1987-08-31,30.5,15.7,0.0
1987-09-01,30.4,16.9,0.0
1987-09-02,30.4,16.0,0.0
1987-09-03,31.1,15.4,0.0
1987-09-04,32.1,15.8,0.0
1987-09-05,33.1,16.5,0.0
1987-09-06,33.4,17.0,0.0
1987-09-07,33.5,17.1,0.0
1987-09-08,33.4,16.5,0.0
1987-09-09,29.0,16.9,0.0
1987-09-10,25.366407119021133,13.8,0.0
1987-09-11,27.6,11.186095661846496,0.0
1987-09-12,29.6,10.819021134593994,0.0
1987-09-13,27.19933259176863,14.9,0.0
1987-09-14,24.533147942157953,12.0,0.0
1987-09-15,25.4,11.679310344827586,0.0
1987-09-16,27.8,12.332369299221357,0.0
1987-09-17,30.0,15.4,0.0
1987-09-18,31.0,18.2,0.0
1987-09-19,32.0,18.4,0.0
1987-09-20,33.1,17.8,0.0
1987-09-21,34.0,19.0,0.0
1987-09-22,35.0,19.48042269187987,0.0
1987-09-23,35.2,20.0,0.0
1987-09-24,34.22046718576197,20.2,0.0
1987-09-25,30.7,18.8,0.0
1987-09-26,26.29955506117909,15.6,0.0
1987-09-27,27.1,13.6,0.0
1987-09-28,27.2,13.5,0.0
1987-09-29,29.1,12.8,0.0
1987-09-30,30.4,14.59766407119021,0.0
1987-10-01,30.0,14.5,0.0
1987-10-02,31.06458557588805,16.9,0.0
1987-10-03,31.5,17.3,0.0
1987-10-04,31.4,17.3,0.0
1987-10-05,31.7,18.3,0.0
1987-10-06,30.7,18.3,0.0
1987-10-07,30.1,16.7,0.0
1987-10-08,28.9,16.1,0.0
1987-10-09,28.8,14.0,0.0
1987-10-10,30.011948331539287,15.4,0.0
1987-10-11,30.8,16.0,0.0
1987-10-12,31.2,16.3,0.0
1987-10-13,31.424327233584492,17.1,0.0
1987-10-14,32.1,17.1,0.0
1987-10-15,32.5,16.90473627556512,0.0
1987-10-16,33.2,17.4,0.0
1987-10-17,33.6,17.9,0.0
1987-10-18,33.4,18.2,0.0
1987-10-19,33.9,18.0,0.0
1987-10-20,35.7,18.2,0.0
1987-10-21,34.0,20.4,0.0
1987-10-22,32.263509149623246,18.5,0.0
1987-10-23,33.7,17.9,0.0
1987-10-24,34.6,19.3,0.0
1987-10-25,36.0,20.2,0.0
1987-10-26,37.10678148546823,20.0,0.0
1987-10-27,35.5,20.8,0.0
1987-10-28,35.2,21.440365984930022,0.0
1987-10-29,34.6,20.4,0.0
1987-10-30,33.83530678148546,18.7,0.0
1987-10-31,31.1,19.5,0.0
1987-11-01,32.9,19.1,0.0
1987-11-02,34.0,20.0,0.0
1987-11-03,33.6,18.6,0.0
1987-11-04,33.9,18.8,0.0
1987-11-05,35.7,19.6,0.0
1987-11-06,36.0,21.9,0.0
1987-11-07,33.7,22.50011123470524,0.0
1987-11-08,32.6,18.9,0.0
1987-11-09,32.6,17.71078976640712,0.0
1987-11-10,33.5,20.0,0.0
1987-11-11,34.0,21.5,0.0
1987-11-12,34.5,23.140044493882094,0.0
1987-11-13,34.5,23.9,0.0
1987-11-14,34.0,21.9,0.0
1987-11-15,32.3,18.5,0.1
1987-11-16,32.1,18.9,0.0
1987-11-17,31.8,17.9,0.0
1987-11-18,32.0,18.9,0.0
1987-11-19,33.96529477196885,19.0,0.0
1987-11-20,31.333036707452717,21.1,0.0
1987-11-21,32.6,18.4,0.0
1987-11-22,32.8,22.0,0.0
1987-11-23,33.5,22.320133481646284,0.0
1987-11-24,33.5,23.2,0.0
1987-11-25,33.5,21.90689655172415,0.0
1987-11-26,35.1,23.433370411568387,0.0
1987-11-27,34.1,22.15350389321469,0.0
1987-11-28,33.739933259176865,20.827252502780873,0.0
1987-11-29,30.5,18.3,1.9
1987-11-30,29.6,17.4,1.6
1987-12-01,31.6,18.6,0.0
1987-12-02,32.48030139935412,20.39687836383208,0.0
1987-12-03,32.633476856835294,20.2,0.0
1987-12-04,33.16006458557588,19.6,0.0
1987-12-05,31.2,17.6,0.0
1987-12-06,32.4,19.4,0.0
1987-12-07,32.0,19.9,0.0
1987-12-08,30.4,19.4,0.2
1987-12-09,29.0,18.9,0.0
1987-12-10,32.4,18.2,0.0
1987-12-11,27.7,19.2,4.990405117270789
1987-12-12,27.9,18.4,4.2
1987-12-13,27.4,17.2,3.9
1987-12-14,27.2,18.9,15.095095948827291
1987-12-15,22.973196986006457,18.0,4.588272921108739
1987-12-16,24.3,17.8,2.0
1987-12-17,25.2,18.0,23.8
1987-12-18,25.4,17.5,0.0
1987-12-19,24.2,16.6,0.0
1987-12-20,26.9,17.9,9.4
1987-12-21,27.9,17.6,0.0
1987-12-22,28.0,17.5,5.0
1987-12-23,28.0,16.862755651237887,0.0
1987-12-24,28.3,16.5,7.010447761194032
1987-12-25,28.6,18.8,6.502345415778253
1987-12-26,29.0,18.3,1.3
1987-12-27,28.6,19.0,0.0
1987-12-28,29.8,17.9,0.0
1987-12-29,27.877287405812694,17.2,2.4
1987-12-30,25.6,17.284284176533905,3.6
1987-12-31,28.449946178686755,17.1,5.2
1988-01-01,28.7,17.8,14.987265917602999
1988-01-02,29.8,18.0,18.8565543071161
1988-01-03,30.6,17.9,0.0
1988-01-04,30.0,19.19009687836383,2.8460674157303356
1988-01-05,30.6,17.8,0.6
1988-01-06,29.7,16.3,0.0
1988-01-07,29.6,18.4,0.0
1988-01-08,29.8,18.7,0.0
1988-01-09,29.6,18.6,0.0
1988-01-10,29.2,16.7,0.0
1988-01-11,27.8,17.7,0.0
1988-01-12,30.390312163616784,18.5,0.0
1988-01-13,30.4,17.2,0.0
1988-01-14,29.6,19.0,0.0
1988-01-15,28.827771797631858,16.6,0.0
1988-01-16,31.5,15.2,0.0
1988-01-17,31.9,19.0,0.0
1988-01-18,32.6,19.8,0.0
1988-01-19,33.03013993541432,19.68880516684606,0.0
1988-01-20,32.620021528525285,19.935522066738393,0.0
1988-01-21,31.6,19.8,0.0
1988-01-22,31.5,19.4,0.0
1988-01-23,30.7,18.9,0.0
1988-01-24,31.2,16.0,0.0
1988-01-25,31.1,17.0,0.5140449438202247
1988-01-26,30.9,18.7,0.4
1988-01-27,31.9,17.4,0.0
1988-01-28,31.933369214208824,18.0,0.0
1988-01-29,31.1,18.6,0.0
1988-01-30,23.12658772874058,17.5,6.547191011235953
1988-01-31,28.2,18.1,2.8
1988-02-01,29.0,17.6,2.1995391705069136
1988-02-02,29.4,15.8,0.0
1988-02-03,28.0,15.0,0.0
1988-02-04,29.4,16.5,0.0
1988-02-05,30.9,16.0,0.0
1988-02-06,32.1,19.7,0.0
1988-02-07,33.03754469606676,19.9,0.0
1988-02-08,34.43253873659121,20.105005959475566,0.0
1988-02-09,32.047556615017875,19.2,0.2
1988-02-10,30.7,19.1,4.4
1988-02-11,30.6,18.2,0.0
1988-02-12,32.0,19.1,0.0
1988-02-13,30.9,18.3,0.0
1988-02-14,31.305125148986885,17.6,0.0
1988-02-15,31.87008343265792,17.366269368295583,0.0
1988-02-16,31.8,18.4,8.0
1988-02-17,29.0,18.5,29.4
1988-02-18,28.0,18.6,8.923963133640553
1988-02-19,27.4,18.6,1.2
1988-02-20,25.9,18.1,0.0
1988-02-21,23.5,16.6,0.0
1988-02-22,27.9,17.5,0.0
1988-02-23,28.6,16.6,0.0
1988-02-24,29.1,16.2,0.0
1988-02-25,29.8,17.2,0.0
1988-02-26,30.5,17.4,0.0
1988-02-27,28.0,18.6,0.0
1988-02-28,28.7,17.63098927294398,0.0
1988-03-01,30.9,17.5,0.0
1988-03-02,30.6,17.2,0.0
1988-03-03,28.5,19.0,0.0
1988-03-04,29.9,16.7,0.0
1988-03-05,28.8,16.5,1.7
1988-03-06,28.8,17.5,3.1
1988-03-07,26.4,18.9,1.4
1988-03-08,27.9,18.6,0.8
1988-03-09,29.7,17.4,0.0
1988-03-10,30.2,17.2,0.0
1988-03-11,29.8,17.2,0.0
1988-03-12,29.5,15.7,0.0
1988-03-13,30.7,13.6,0.0
1988-03-14,31.6,14.1,0.0
1988-03-15,31.7,17.0,0.0
1988-03-16,29.0,18.215715823466084,3.5
1988-03-17,28.4,18.1,1.2
1988-03-18,29.2,17.4,0.9
1988-03-19,30.5,17.4,0.0
1988-03-20,30.6,19.0,0.0
1988-03-21,30.0,19.0,0.0
1988-03-22,26.0,16.2,0.3
1988-03-23,30.1,14.4,0.0
1988-03-24,32.9,16.2,0.0
1988-03-25,31.2,16.9,0.0
1988-03-26,29.9,17.0,0.0
1988-03-27,30.2,17.1,0.0
1988-03-28,30.9,16.1,0.0
1988-03-29,30.8,15.5,0.0
1988-03-30,28.0,14.8,0.0
1988-03-31,25.7,14.1,0.0
1988-04-01,30.1,13.7,0.0
1988-04-02,31.7,14.5,0.0
1988-04-03,32.0,15.7,0.0
1988-04-04,31.9,16.0,0.0
1988-04-05,30.7,16.3,0.0
1988-04-06,29.3,14.6,0.0
1988-04-07,29.9,14.1,0.0
1988-04-08,30.6,14.4,0.0
1988-04-09,31.1,13.8,0.0
1988-04-10,31.0,12.5,0.0
1988-04-11,31.6,14.8,0.0
1988-04-12,31.5,19.2,0.0
1988-04-13,26.6,17.5,0.0
1988-04-14,25.0,17.7,0.0
1988-04-15,21.5,17.0,0.0
1988-04-16,26.4,16.4,0.0
1988-04-17,30.0,14.4,0.0
1988-04-18,30.7,14.0,0.0
1988-04-19,33.7,14.3,0.0
1988-04-20,33.8,16.5,0.0
1988-04-21,34.1,16.3,0.0
1988-04-22,34.0,16.7,0.0
1988-04-23,29.4,16.6,0.0
1988-04-24,28.2,16.7,0.0
1988-04-25,26.1,15.0,0.0
1988-04-26,21.4,16.6,4.0
1988-04-27,23.5,17.0,1.7
1988-04-28,27.3,16.7,0.0
1988-04-29,30.0,15.0,0.0
1988-04-30,31.6,15.5,0.0
1988-05-01,31.0,16.2,0.0
1988-05-02,30.886652314316457,16.019806243272317,0.0
1988-05-03,31.0,15.1,0.0
1988-05-04,31.63466092572658,15.2,0.0
1988-05-05,30.1,15.9,0.0
1988-05-06,26.7,15.2,0.0
1988-05-07,27.5,13.5,0.0
1988-05-08,26.7,13.0,0.0
1988-05-09,26.5,13.0,0.0
1988-05-10,27.0,11.7,0.0
1988-05-11,26.4,13.0,0.0
1988-05-12,24.7,14.6,0.0
1988-05-13,26.3,12.9,0.0
1988-05-14,27.5,15.2,0.0
1988-05-15,28.0,13.0,0.0
1988-05-16,26.8,12.3,0.0
1988-05-17,25.1,11.582777179763179,0.0
1988-05-18,26.4,10.9,0.0
1988-05-19,28.6,10.0,0.0
1988-05-20,30.6,11.9,0.0
1988-05-21,31.30398277717974,14.6,0.0
1988-05-22,27.605597416576963,14.9,0.0
1988-05-23,26.6,12.6,0.0
1988-05-24,29.1,11.9,0.0
1988-05-25,30.5,13.9,0.0
1988-05-26,29.6,16.297201291711506,0.0
1988-05-27,29.8,15.2,0.0
1988-05-28,30.4,16.490419806243256,0.0
1988-05-29,30.3,17.818083961248647,0.0
1988-05-30,30.6,15.9,0.0
1988-05-31,31.6,16.2,0.0
1988-06-01,28.180533926585102,15.540155728587326,0.0
1988-06-02,22.9,12.9,0.0
1988-06-03,26.0,12.1,0.0
1988-06-04,28.5,11.8,0.0
1988-06-05,29.56017797552837,12.3,0.0
1988-06-06,29.920133481646282,13.8,0.0
1988-06-07,30.913348164627365,15.450166852057853,0.0
1988-06-08,29.840155728587323,15.1,0.0
1988-06-09,24.9,14.1,0.0
1988-06-10,24.9,13.2,0.0
1988-06-11,24.7,13.2,0.0
1988-06-12,23.9,12.1,0.0
1988-06-13,25.1,10.7,0.0
1988-06-14,25.0,10.6,0.0
1988-06-15,25.3,11.0,0.0
1988-06-16,25.775305895439377,11.6,0.0
1988-06-17,25.7,11.8,0.0
1988-06-18,25.4,11.0,0.0
1988-06-19,25.0,9.9,0.0
1988-06-20,24.4,8.8,0.0
1988-06-21,23.9,8.4,0.0
1988-06-22,23.4,7.3,0.0
1988-06-23,23.5,5.9,0.0
1988-06-24,24.5,4.6090100111234715,0.0
1988-06-25,25.3,5.818242491657397,0.0
1988-06-26,27.7,7.7,0.0
1988-06-27,27.7,9.6,0.0
1988-06-28,26.2,10.9,0.0
1988-06-29,25.2,11.1,0.0
1988-06-30,24.6,9.7,0.0
1988-07-01,23.6,11.2,0.0
1988-07-02,22.2,10.0,0.0
1988-07-03,21.6,8.3,0.0
1988-07-04,21.0,6.5,0.0
1988-07-05,20.7,4.119268030139935,0.0
1988-07-06,21.092465016146395,6.278256189451023,0.0
1988-07-07,22.6,8.0,0.0
1988-07-08,22.0,10.5,0.0
1988-07-09,23.7,8.9,0.0
1988-07-10,22.7,9.0,0.0
1988-07-11,24.9,9.0,0.0
1988-07-12,25.4,10.4,0.0
1988-07-13,23.5,11.2,0.0
1988-07-14,21.6,10.2,0.0
1988-07-15,20.446071044133475,13.4,0.0
1988-07-16,23.2,9.4,0.0
1988-07-17,24.2,6.5,0.0
1988-07-18,22.2,9.3,0.0
1988-07-19,22.0,7.0,0.0
1988-07-20,23.4,5.0,0.0
1988-07-21,25.0,5.2,0.0
1988-07-22,24.6,7.247470398277715,0.0
1988-07-23,21.5,8.7,0.0
1988-07-24,23.7,5.648762109795479,0.0
1988-07-25,25.5,7.0,0.0
1988-07-26,22.5,11.5,0.0
1988-07-27,17.6,5.458880516684607,0.0
1988-07-28,19.5,5.4,0.0
1988-07-29,19.0,9.6,0.0
1988-07-30,23.157588805166842,12.4,0.0
1988-07-31,24.2,10.0,0.0
1988-08-01,23.4,9.4,0.0
1988-08-02,23.959095801937565,9.5,0.0
1988-08-03,24.6,8.9,0.0
1988-08-04,25.2,9.6,0.0
1988-08-05,25.4,9.449300322927877,0.0
1988-08-06,26.0,10.8,0.0
1988-08-07,28.0,11.4,0.0
1988-08-08,28.57825618945102,12.0,0.0
1988-08-09,27.6,11.8,0.0
1988-08-10,25.6,12.0,0.0
1988-08-11,25.4,10.9,0.0
1988-08-12,25.5,10.7,0.0
1988-08-13,25.7,10.5,0.0
1988-08-14,26.7,10.7,0.0
1988-08-15,26.91205597416577,12.2,0.0
1988-08-16,23.7,13.2,0.0
1988-08-17,24.2,10.0,0.0
1988-08-18,26.5,10.3,0.0
1988-08-19,24.4,13.4,0.0
1988-08-20,21.4,10.4,0.0
1988-08-21,20.848331539289557,7.7,0.0
1988-08-22,22.0,4.7497308934338,0.0
1988-08-23,25.9,3.859849300322928,0.0
1988-08-24,26.6,6.5,0.0
1988-08-25,26.0,11.5,0.0
1988-08-26,25.2,10.4,0.0
1988-08-27,25.4,10.0,0.0
1988-08-28,25.7,10.9,0.0
1988-08-29,26.5,11.6,0.0
1988-08-30,27.9,12.0,0.0
1988-08-31,30.7,13.1,0.0
1988-09-01,32.0,14.6,0.0
1988-09-02,31.5,16.7,0.0
1988-09-03,30.4,16.1,0.0
1988-09-04,29.6,14.7,0.0
1988-09-05,28.498665183537266,14.9,0.0
1988-09-06,29.0,14.5,0.0
1988-09-07,29.1,14.4,0.0
1988-09-08,29.9,12.7,0.0
1988-09-09,32.0,13.2,0.0
1988-09-10,31.0,17.421690767519465,0.0
1988-09-11,29.9,16.3,0.0
1988-09-12,29.8,15.5,0.0
1988-09-13,30.6,16.2,0.0
1988-09-14,31.0,16.3,0.0
1988-09-15,30.4,16.8,0.0
1988-09-16,29.9,16.46262513904338,0.0
1988-09-17,29.6,15.5,0.0
1988-09-18,30.0,14.6,0.0
1988-09-19,30.9,14.4,0.0
1988-09-20,31.6,14.2,0.0
1988-09-21,32.7,16.0,0.0
1988-09-22,33.4,17.1,0.0
1988-09-23,31.3,19.0,0.0
1988-09-24,28.6,17.0,0.0
1988-09-25,28.7,14.4,0.0
1988-09-26,30.3,13.5,0.0
1988-09-27,32.475083426028924,14.9,0.0
1988-09-28,33.0,16.7,0.0
1988-09-29,30.92324805339266,18.1,0.0
1988-09-30,30.5,15.2,0.0
1988-10-01,29.40559741657696,14.2,0.0
1988-10-02,29.7,15.8,0.0
1988-10-03,29.0,16.6,0.0
1988-10-04,28.7,15.7,0.0
1988-10-05,29.5,14.9,0.0
1988-10-06,30.6,14.4,0.0
1988-10-07,32.8,15.9,0.0
1988-10-08,33.1,18.8,0.0
1988-10-09,31.6,17.0,0.0
1988-10-10,32.0,16.5,0.0
1988-10-11,32.9,17.9,0.0
1988-10-12,33.70871905274488,19.4,0.0
1988-10-13,34.3,22.0,0.0
1988-10-14,32.1,21.746932185145308,0.0
1988-10-15,32.0,21.0,0.0
1988-10-16,29.9,19.8,0.0
1988-10-17,29.0,16.9,0.0
1988-10-18,29.8,20.5,0.0
1988-10-19,31.6,20.1,0.0
1988-10-20,30.1,22.1,0.0
1988-10-21,25.0,15.8,3.4280000000000013
1988-10-22,27.4,14.2,0.4680000000000001
1988-10-23,30.1,16.7,0.0
1988-10-24,28.5,18.2,0.0
1988-10-25,27.259526372443485,19.2,2.932000000000001
1988-10-26,26.6,17.37093649085037,5.303999999999999
1988-10-27,24.77965554359526,17.2,2.2920000000000003
1988-10-28,26.99956942949408,16.831539289558663,3.8400000000000025
1988-10-29,29.9,16.8,0.0
1988-10-30,30.598385360602798,17.3,0.0
1988-10-31,29.8,19.2,0.0
1988-11-01,31.0,18.3,0.0
1988-11-02,32.2,18.702669632925474,0.0
1988-11-03,32.8,20.6,0.0
1988-11-04,32.6,20.0,0.0
1988-11-05,33.279199110122356,20.0,0.0
1988-11-06,33.2,20.5,0.0
1988-11-07,32.1,18.9,0.1
1988-11-08,31.4,17.6,3.8
1988-11-09,26.5,17.3,0.0
1988-11-10,26.697886540600667,17.2,0.0
1988-11-11,24.0,15.5,1.4
1988-11-12,27.963626251390433,16.0,0.0
1988-11-13,29.0,15.5,0.0
1988-11-14,30.6,15.7,0.0
1988-11-15,32.0,15.3,0.0
1988-11-16,33.11991101223582,15.5,0.0
1988-11-17,33.2,17.5,0.0
1988-11-18,32.3,19.4,0.0
1988-11-19,32.3,17.7,0.0
1988-11-20,35.2,17.8,0.0
1988-11-21,37.55428253615128,18.56952169076752,0.0
1988-11-22,34.0,19.927808676307016,0.0
1988-11-23,32.7,18.5,0.0
1988-11-24,32.9,20.0,0.0
1988-11-25,32.5,19.9,0.0
1988-11-26,34.4,21.2,0.0
1988-11-27,33.4,21.586985539488328,0.0
1988-11-28,32.4,18.6,1.0
1988-11-29,31.0,18.4,1.0
1988-11-30,31.1,18.3,0.0
1988-12-01,32.72680301399353,18.4,0.0
1988-12-02,31.57384284176533,19.5,0.0
1988-12-03,32.1,18.6,0.0
1988-12-04,31.7,17.5,0.0
1988-12-05,31.6,18.6,0.0
1988-12-06,30.1,19.4,7.0
1988-12-07,30.2,18.5,15.0
1988-12-08,27.3,18.5,53.8
1988-12-09,24.2,18.2,16.205756929637552
1988-12-10,27.2,17.9,9.9
1988-12-11,29.2,17.7,0.0
1988-12-12,29.4,17.3,0.0
1988-12-13,29.9,17.5,0.0
1988-12-14,30.7,18.5,5.8
1988-12-15,30.4,18.132615715823466,0.0
1988-12-16,29.7,17.0,0.0
1988-12-17,30.2,17.6,2.3
1988-12-18,22.51324004305705,18.3,7.915565031982944
1988-12-19,23.239612486544672,17.5,0.0
1988-12-20,23.2,17.2,20.3590618336887
1988-12-21,27.5,17.5,7.010447761194032
1988-12-22,28.1,17.824219590958013,25.134328358208947
1988-12-23,28.6,18.4,0.0
1988-12-24,27.9,17.6,3.4
1988-12-25,29.9,18.4,2.4
1988-12-26,28.6,18.2,10.027505330490404
1988-12-27,27.7,18.3,2.5
1988-12-28,30.4,17.5,6.299786780383794
1988-12-29,29.195909580193753,16.6,1.5
1988-12-30,28.3,18.2,0.6
1988-12-31,29.9,18.4,6.6
1989-01-01,29.4,18.1,1.0
1989-01-02,28.1,17.2,0.0
1989-01-03,25.2,18.0,69.0
1989-01-04,21.366630785791173,17.2,64.74157303370774
1989-01-05,24.0,17.7,0.0
1989-01-06,24.9,16.8,5.9
1989-01-07,25.9,16.8,16.0
1989-01-08,23.1,17.7,65.95318352059921
1989-01-09,24.7,18.361033369214205,16.0
1989-01-10,24.8,16.4,0.0
1989-01-11,26.4,16.4,0.0
1989-01-12,28.0,15.2,0.0
1989-01-13,29.0,15.4,0.0
1989-01-14,28.9,16.4,0.0
1989-01-15,28.6,16.6,2.4
1989-01-16,28.0,16.756727664155004,1.8
1989-01-17,28.7,16.7,7.2
1989-01-18,28.0,17.2,9.0
1989-01-19,28.1,17.0,3.7
1989-01-20,28.6,17.035737351991383,10.0
1989-01-21,28.6,17.7,13.932397003745313
1989-01-22,26.9,18.0,47.668164794007495
1989-01-23,22.6,17.0,8.746816479400751
1989-01-24,25.6,16.9,3.8
1989-01-25,26.5924650161464,17.0,3.8
1989-01-26,28.1,17.4,11.9
1989-01-27,26.8,17.7,35.65543071161047
1989-01-28,26.8,18.0,10.805243445692888
1989-01-29,24.0,17.9,20.991385767790263
1989-01-30,26.0,16.2,0.0
1989-01-31,28.1,15.363186221743812,3.4
1989-02-01,27.9,17.3,0.0
1989-02-02,28.680929678188317,15.8,0.0
1989-02-03,29.2,15.2,0.0
1989-02-04,31.6,17.8,6.0
1989-02-05,30.6,19.527532777115606,15.778801843317977
1989-02-06,28.2,18.2,17.409677419354843
1989-02-07,27.306555423122767,18.3,10.552534562211985
1989-02-08,28.2,17.6,0.0
1989-02-09,27.7,18.2,1.4
1989-02-10,28.2,18.1,1.0
1989-02-11,29.4,17.0,0.0
1989-02-12,29.0,17.5,0.8
1989-02-13,28.9,16.4,0.0
1989-02-14,25.9,16.7,0.0
1989-02-15,26.3,15.5,0.0
1989-02-16,26.1,14.5,0.2
1989-02-17,27.1,17.8,5.58341013824885
1989-02-18,26.6818831942789,18.1,34.523041474654384
1989-02-19,28.1,17.0,0.0
1989-02-20,27.0,18.5,0.0
1989-02-21,26.6,17.9,31.267281105990804
1989-02-22,27.6,16.9,10.2
1989-02-23,29.9,16.4,0.0
1989-02-24,28.0,17.6,0.8
1989-02-25,28.6,17.6,6.291705069124424
1989-02-26,29.7,17.2,2.0
1989-02-27,26.814302741358762,17.5,4.8
1989-02-28,24.7,18.0,15.6
1989-03-01,24.9,17.5,0.0
1989-03-02,26.4,17.5,0.0
1989-03-03,28.9,17.1,0.0
1989-03-04,27.0,19.103121636167916,0.0
1989-03-05,27.2,18.6,2.3
1989-03-06,26.8,18.5,25.3
1989-03-07,27.0,15.8,0.0
1989-03-08,29.0,14.2,0.0
1989-03-09,27.4,18.6,1.6
1989-03-10,28.9,18.0,6.6
1989-03-11,27.7,16.7,4.8
1989-03-12,30.1,15.3,0.9
1989-03-13,29.1,17.7,4.2
1989-03-14,28.7,17.9,10.1
1989-03-15,28.9,18.0,16.4
1989-03-16,29.9,17.9,2.4
1989-03-17,29.4,17.9,4.0
1989-03-18,25.7,18.8,19.0
1989-03-19,25.7,18.8,16.7
1989-03-20,27.3,17.7,10.5
1989-03-21,26.9,16.5,7.0
1989-03-22,28.1,17.5,7.0
1989-03-23,27.3,17.9,4.0
1989-03-24,27.3,18.6,7.0
1989-03-25,24.9,16.5,0.0
1989-03-26,27.0,15.4,0.0
1989-03-27,28.0,13.9,0.0
1989-03-28,26.8,16.0,0.0
1989-03-29,27.5,17.3,0.4
1989-03-30,27.5,16.9,0.0
1989-03-31,27.7,16.2,0.0
1989-04-01,28.2,16.2,0.0
1989-04-02,28.2,15.4,0.0
1989-04-03,26.6,15.9,0.0
1989-04-04,24.0,17.4,0.0
1989-04-05,25.9,16.7,0.0
1989-04-06,26.7,14.9,0.0
1989-04-07,28.5,15.3,0.0
1989-04-08,28.4,17.1,0.0
1989-04-09,27.4,15.5,0.0
1989-04-10,26.4,13.4,0.0
1989-04-11,26.6,11.5,0.0
1989-04-12,26.0,13.7,0.0
1989-04-13,25.3,15.6,0.0
1989-04-14,25.7,17.1,0.0
1989-04-15,27.1,17.4,0.0
1989-04-16,27.3,15.6,0.0
1989-04-17,27.0,16.2,0.0
1989-04-18,27.9,16.6,0.0
1989-04-19,27.3,15.2,0.0
1989-04-20,22.7,15.1,0.0
1989-04-21,26.0,16.6,0.0
1989-04-22,26.8,15.9,0.0
1989-04-23,25.7,14.6,0.0
1989-04-24,25.2,12.6,0.0
1989-04-25,25.7,13.8,0.0
1989-04-26,21.9,15.0,0.0
1989-04-27,24.1,16.6,0.0
1989-04-28,25.6,15.9,0.0
1989-04-29,26.3,14.5,0.0
1989-04-30,26.2,14.3,0.0
1989-05-01,25.0,11.8,0.0
1989-05-02,24.5,13.9,0.0
1989-05-03,25.4,15.3,0.0
1989-05-04,24.9,15.0,0.0
1989-05-05,24.1,11.2,0.0
1989-05-06,23.9,8.5,0.0
1989-05-07,23.9,6.844025834230354,0.0
1989-05-08,24.6,5.4,0.0
1989-05-09,25.7,5.764370290635091,0.0
1989-05-10,25.8,5.543487621097954,0.0
1989-05-11,25.9,6.009580193756727,0.0
1989-05-12,26.5,10.274381054897736,0.0
1989-05-13,27.6,13.7,0.0
1989-05-14,28.3,16.2,0.0
1989-05-15,28.6,14.6,0.0
1989-05-16,29.0,13.0,0.0
1989-05-17,29.1,12.3,0.0
1989-05-18,28.507534983853596,12.6,0.0
1989-05-19,27.499677072120555,12.2,0.0
1989-05-20,26.3,10.9,0.0
1989-05-21,26.1,10.1,0.0
1989-05-22,26.1,9.9,0.0
1989-05-23,25.217653390742726,9.9,0.0
1989-05-24,25.812163616792247,9.2,0.0
1989-05-25,25.9,9.6,0.0
1989-05-26,24.9,9.5,0.0
1989-05-27,26.2,8.4,0.0
1989-05-28,28.4,9.6,0.0
1989-05-29,28.8,12.4,0.0
1989-05-30,25.8,13.4,0.0
1989-05-31,23.5,14.4,0.0
1989-06-01,23.2,11.9,0.0
1989-06-02,23.3,9.9,0.0
1989-06-03,23.464404894327032,8.9,0.0
1989-06-04,23.9,8.0,0.0
1989-06-05,24.5,7.9,0.0
1989-06-06,23.0,9.9,0.0
1989-06-07,22.1,6.9,0.0
1989-06-08,22.0,8.765628476084544,0.0
1989-06-09,23.0,6.0,0.0
1989-06-10,23.2,8.5,0.0
1989-06-11,23.87741935483871,10.2,0.0
1989-06-12,25.2,12.201779755283647,0.0
1989-06-13,25.5,11.8622914349277,0.0
1989-06-14,24.1,11.5,0.0
1989-06-15,22.9,10.0,0.0
1989-06-16,23.0,8.5,0.0
1989-06-17,23.8,6.13793103448276,0.0
1989-06-18,24.0,3.5,0.0
1989-06-19,24.8,4.8,0.0
1989-06-20,26.2,8.9,0.0
1989-06-21,28.2,11.14304783092325,0.0
1989-06-22,30.0,13.0,0.0
1989-06-23,28.9,13.7,0.0
1989-06-24,28.0,15.99010011123471,0.0
1989-06-25,28.9,14.0,0.0
1989-06-26,30.0,14.1,0.0
1989-06-27,30.5,16.45005561735262,0.0
1989-06-28,29.480200222469417,15.0,0.0
1989-06-29,27.9,15.690433815350426,0.0
1989-06-30,26.7,14.2,0.0
1989-07-01,27.0,14.6,0.0
1989-07-02,27.6,13.9,0.0
1989-07-03,28.3,13.9,0.0
1989-07-04,28.2,14.78040904198061,0.0
1989-07-05,27.3,15.3,0.0
1989-07-06,24.6,15.1,0.0
1989-07-07,25.0,13.200753498385355,0.0
1989-07-08,25.7,12.0,0.0
1989-07-09,25.6,11.8,0.0
1989-07-10,24.7,10.7,0.0
1989-07-11,25.9,10.2,0.0
1989-07-12,26.6,11.5,0.0
1989-07-13,26.0,12.0,0.0
1989-07-14,25.3,11.5,0.0
1989-07-15,26.3,10.7,0.0
1989-07-16,26.9,11.8,0.0
1989-07-17,27.5,11.9,0.0
1989-07-18,27.054359526372433,11.212271259418728,0.0
1989-07-19,26.2,11.9,0.0
1989-07-20,25.3,11.2,0.0
1989-07-21,26.0,9.8,0.0
1989-07-22,27.5,10.3,0.0
1989-07-23,27.4,11.7,0.0
1989-07-24,26.2,11.7,0.0
1989-07-25,27.6,11.0,0.0
1989-07-26,28.866953713670604,11.4,0.0
1989-07-27,28.2,12.9,0.0
1989-07-28,25.3,13.0,0.0
1989-07-29,23.2,11.1,0.0
1989-07-30,25.7,10.0,0.0
1989-07-31,26.7,10.4,0.0
1989-08-01,25.0,8.4,0.0
1989-08-02,25.0,9.2,0.0
1989-08-03,25.0,10.5,0.0
1989-08-04,24.7,11.5,0.0
1989-08-05,23.7,11.5,0.0
1989-08-06,24.1,9.879224973089343,0.0
1989-08-07,25.5,8.7,0.0
1989-08-08,26.6,9.032723358449946,0.0
1989-08-09,28.2,9.0,0.0
1989-08-10,27.6,9.4,0.0
1989-08-11,25.2,13.7,0.0
1989-08-12,24.1,11.9,0.0
1989-08-13,22.9,10.9,0.0
1989-08-14,22.0,8.802798708288481,0.0
1989-08-15,21.9,7.7,0.0
1989-08-16,22.5,7.0,0.0
1989-08-17,25.0,7.9,0.0
1989-08-18,25.1,10.8,0.0
1989-08-19,24.6,11.0,0.0
1989-08-20,24.7,10.7,0.0
1989-08-21,26.0,10.2,0.0
1989-08-22,27.3,11.691819160387512,0.0
1989-08-23,27.7,13.0,0.0
1989-08-24,25.5,14.7,0.0
1989-08-25,24.6,12.6,0.0
1989-08-26,25.5,11.8,0.0
1989-08-27,26.9,11.3,0.0
1989-08-28,26.5,12.2,0.0
1989-08-29,25.2,12.3,0.0
1989-08-30,24.531754574811625,11.9,0.0
1989-08-31,24.5,9.605920344456402,0.0
1989-09-01,25.18642936596218,7.5,0.0
1989-09-02,25.899666295884316,9.199555061179087,0.0
1989-09-03,27.2,10.1,0.0
1989-09-04,29.0,11.0,0.0
1989-09-05,30.2,14.0,0.0
1989-09-06,30.77007786429366,15.2,0.0
1989-09-07,30.1,16.0,0.0
1989-09-08,29.6,14.8,0.0
1989-09-09,29.491323692992214,14.3,0.0
1989-09-10,29.7,13.678420467185763,0.0
1989-09-11,30.6,14.3,0.0
1989-09-12,30.477085650723026,15.2,0.0
1989-09-13,30.2,16.3,0.0
1989-09-14,30.3,16.0,0.0
1989-09-15,31.4,16.3,0.0
1989-09-16,31.7,17.5,0.0
1989-09-17,32.3,20.0,0.0
1989-09-18,31.5,20.5,0.0
1989-09-19,30.0,19.3,0.0
1989-09-20,28.5,17.0,0.0
1989-09-21,28.4,14.6,0.0
1989-09-22,30.2,15.4,0.0
1989-09-23,29.3,16.9,0.0
1989-09-24,29.284760845383758,15.6,0.0
1989-09-25,30.09744160177976,16.9,0.0
1989-09-26,30.7,16.4,0.0
1989-09-27,31.0,16.6,0.0
1989-09-28,31.0,15.436818687430481,0.0
1989-09-29,31.4,16.3,0.0
1989-09-30,31.5,17.528253615127923,0.0
1989-10-01,30.604951560818087,17.6,0.0
1989-10-02,31.2,17.3,0.0
1989-10-03,31.5,17.877179763186216,0.0
1989-10-04,31.8,17.9,0.0
1989-10-05,32.5,18.0,0.0
1989-10-06,32.6,18.3,0.0
1989-10-07,32.9,17.8,0.0
1989-10-08,31.1,17.9,0.0
1989-10-09,29.8,17.3,0.0
1989-10-10,28.7,16.3,0.0
1989-10-11,29.9,15.5,0.0
1989-10-12,31.7,15.7,0.0
1989-10-13,35.1,17.7,0.0
1989-10-14,36.96673842841764,20.5,0.0
1989-10-15,34.6,21.5,0.0
1989-10-16,34.9,17.6,0.0
1989-10-17,28.0,15.5,1.9080000000000004
1989-10-18,27.4,17.7,0.0
1989-10-19,26.9,13.0,2.0080000000000005
1989-10-20,32.7,17.0,0.0
1989-10-21,31.9,18.4,0.0
1989-10-22,30.8,17.0,0.0
1989-10-23,32.0,17.6,0.0
1989-10-24,33.5,17.0,0.0
1989-10-25,34.0,16.9,0.0
1989-10-26,34.0,18.0,0.0
1989-10-27,34.0,18.7,0.0
1989-10-28,35.2,20.7,0.0
1989-10-29,36.206889128094716,21.7,0.0
1989-10-30,35.6,20.3,0.0
1989-10-31,36.0,19.7,0.0
1989-11-01,36.0,19.4,0.0
1989-11-02,35.6,19.7,0.0
1989-11-03,37.340711902113455,20.3,0.0
1989-11-04,36.67641824249166,21.0,0.0
1989-11-05,34.4,20.5,0.0
1989-11-06,34.009232480533925,19.9,0.0
1989-11-07,33.0,20.9,0.0
1989-11-08,33.5,19.5,0.0
1989-11-09,34.0,19.6,0.0
1989-11-10,35.2,20.0,0.0
1989-11-11,35.55283648498331,21.7,0.0
1989-11-12,35.6,20.673971078976646,0.0
1989-11-13,33.4,20.0,0.0
1989-11-14,32.1,19.4,0.0
1989-11-15,31.8,20.4,0.0
1989-11-16,35.1,19.9,0.0
1989-11-17,34.9,21.2,0.0
1989-11-18,36.8,22.3,0.0
1989-11-19,38.00856507230253,23.3,0.0
1989-11-20,36.5,21.68031145717464,0.0
1989-11-21,38.75428253615123,20.5,0.0
1989-11-22,34.9,20.4,0.0
1989-11-23,31.9,19.3,0.0
1989-11-24,31.7,19.5,0.0
1989-11-25,30.940155728587314,19.2,0.0
1989-11-26,31.7,18.7,3.6
1989-11-27,31.6,18.26996662958843,0.0
1989-11-28,28.6,17.9,41.0
1989-11-29,21.85250278086763,16.0,5.7
1989-11-30,21.7321468298109,15.9,0.8
1989-12-01,25.0,17.2,0.0
1989-12-02,25.4,18.5,7.0
1989-12-03,27.1,16.7,0.0
1989-12-04,29.555543595263714,15.522174381054898,0.0
1989-12-05,31.2,17.0,0.0
1989-12-06,32.0,18.8,0.0
1989-12-07,30.1,19.616576964477936,10.0
1989-12-08,26.4,19.0,0.0
1989-12-09,28.7,18.7,0.0
1989-12-10,30.7,16.9,0.0
1989-12-11,28.2,18.4,2.766098081023455
1989-12-12,27.7,18.7,43.04456289978676
1989-12-13,30.0,18.2,2.4
1989-12-14,29.0,18.0,8.9
1989-12-15,27.0,17.4,4.0
1989-12-16,29.5,17.9,0.0
1989-12-17,28.4,19.0,0.5
1989-12-18,30.174703982777174,17.5,0.0
1989-12-19,30.6610333692142,16.0,0.0
1989-12-20,29.7,16.8,0.0
1989-12-21,27.0,18.7,4.4
1989-12-22,29.0,17.7,0.0
1989-12-23,28.2,17.0,0.0
1989-12-24,30.0,15.2,0.0
1989-12-25,30.7,14.2,0.0
1989-12-26,31.3,14.122497308934337,0.0
1989-12-27,32.9,15.2,0.0
1989-12-28,32.82012917115176,16.1,0.0
1989-12-29,32.1,18.5,0.0
1989-12-30,31.2,17.9,1.0
1989-12-31,27.0,18.78880516684607,27.37185501066098
1990-01-01,27.7,18.3,60.4
1990-01-02,27.6,17.6,0.0
1990-01-03,29.5,17.3,0.0
1990-01-04,30.9,17.3,0.0
1990-01-05,30.9,19.829601722282014,0.0
1990-01-06,30.0,19.6,41.4
1990-01-07,28.1,19.6,6.034082397003744
1990-01-08,29.2,18.3,6.034082397003744
1990-01-09,30.5,17.9,4.388202247191012
1990-01-10,30.6,19.4,1.8
1990-01-11,27.0,19.2,24.911048689138575
1990-01-12,27.3,19.5,5.4
1990-01-13,27.6,18.9,59.99157303370786
1990-01-14,27.7,18.1,32.63314606741571
1990-01-15,28.5,18.4,2.017041198501872
1990-01-16,30.1,18.8,5.8
1990-01-17,30.8,18.4,1.0664794007490634
1990-01-18,32.6,19.0,0.0
1990-01-19,36.8,18.5,0.0
1990-01-20,32.12335844994618,19.0,0.0
1990-01-21,28.6,19.4,27.522846441947557
1990-01-22,26.5,19.3,11.02734082397003
1990-01-23,28.7,19.2,0.6
1990-01-24,29.1,19.0,19.48389513108614
1990-01-25,28.591280947255118,18.7,3.6
1990-01-26,29.9,17.3,0.0
1990-01-27,29.0,19.8,0.0
1990-01-28,30.5,19.9,0.0
1990-01-29,31.1,18.3,0.0
1990-01-30,31.116792249730885,17.4,0.0
1990-01-31,31.6,17.6,0.0
1990-02-01,32.82753277711561,18.7,0.0
1990-02-02,32.0,19.0,0.0
1990-02-03,32.63754469606674,19.2,0.0
1990-02-04,33.92252681764004,18.0,0.0
1990-02-05,32.8,18.8,0.0
1990-02-06,31.0,18.0,0.0
1990-02-07,31.207628128724664,17.4,0.0
1990-02-08,30.4,17.9,0.0
1990-02-09,29.5,18.3,0.0
1990-02-10,29.0,17.9,0.0
1990-02-11,30.1,16.9,0.0
1990-02-12,24.9,17.4,0.0
1990-02-13,28.6,18.2,17.8
1990-02-14,29.0,19.0,0.2
1990-02-15,26.8,20.00750893921335,7.611981566820279
1990-02-16,26.0,19.0,0.0
1990-02-17,29.1,17.8,0.0
1990-02-18,30.5,17.4,0.0
1990-02-19,30.1,17.8,0.0
1990-02-20,30.5,17.7,0.0
1990-02-21,32.7,19.625029797377824,0.0
1990-02-22,32.0,17.9,0.0
1990-02-23,30.76769964243146,16.5,0.0
1990-02-24,32.420143027413566,14.5,0.0
1990-02-25,31.6,15.4,0.0
1990-02-26,31.7,18.5,0.0
1990-02-27,31.4,17.5,0.0
1990-02-28,30.4,16.6,9.635944700460831
1990-03-01,26.7,18.5,58.6
1990-03-02,27.7,19.2,39.3
1990-03-03,28.0,17.9,1.4
1990-03-04,27.7,18.2,0.0
1990-03-05,28.1,18.7,45.7
1990-03-06,27.1,18.5,0.0
1990-03-07,28.6,18.0,2.8
1990-03-08,27.2,18.3,1.4
1990-03-09,27.65,17.2,0.0
1990-03-10,30.0,16.9,0.0
1990-03-11,30.6,16.9,0.9
1990-03-12,27.5,18.9,9.0
1990-03-13,30.1,18.3,0.0
1990-03-14,28.9,16.8,1.4
1990-03-15,25.2,19.202475780409028,0.0
1990-03-16,28.5,19.2,0.0
1990-03-17,29.9,18.7,0.0
1990-03-18,25.5,17.8,0.2
1990-03-19,26.6,18.7,2.6
1990-03-20,27.9,17.6,0.0
1990-03-21,29.5,17.4,0.0
1990-03-22,29.9,15.7,0.0
1990-03-23,32.0,19.0,0.0
1990-03-24,31.5,17.2,0.0
1990-03-25,28.0,18.6,0.0
1990-03-26,28.3,19.9,0.0
1990-03-27,30.0,19.3,0.0
1990-03-28,27.9,18.6,0.0
1990-03-29,25.3,19.0,0.0
1990-03-30,26.8,18.118083961248644,0.0
1990-03-31,27.0,16.9,0.0
1990-04-01,29.2,16.4,0.0
1990-04-02,29.2,16.0,0.0
1990-04-03,27.1,16.8,0.0
1990-04-04,27.0,18.0,8.4
1990-04-05,28.0,15.1,0.0
1990-04-06,26.0,15.2,13.2
1990-04-07,27.2,17.9,0.0
1990-04-08,24.2,18.5,0.0
1990-04-09,27.6,17.0,0.0
1990-04-10,26.2,15.4,0.0
1990-04-11,27.6,13.4,0.0
1990-04-12,28.1,13.0,0.0
1990-04-13,28.2,12.4,0.0
1990-04-14,29.7,19.0,0.0
1990-04-15,29.4,19.4,0.0
1990-04-16,30.6,19.4,0.0
1990-04-17,30.6,19.7,0.0
1990-04-18,26.7,17.2,0.0
1990-04-19,26.3,17.0,0.0
1990-04-20,27.5,17.4,0.0
1990-04-21,29.0,17.2,0.0
1990-04-22,29.8,16.4,0.0
1990-04-23,29.9,16.4,0.0
1990-04-24,27.3,18.4,9.9
1990-04-25,28.9,18.1,5.3
1990-04-26,29.0,17.7,0.0
1990-04-27,28.6,16.0,0.0
1990-04-28,26.3,15.0,0.0
1990-04-29,26.0,14.5,0.0
1990-04-30,27.2,14.1,0.0
1990-05-01,25.7,14.4,0.0
1990-05-02,27.4,12.1,0.0
1990-05-03,27.8,10.8,0.0
1990-05-04,28.1,10.438213132400422,0.0
1990-05-05,27.545209903121634,12.8,0.0
1990-05-06,26.0,15.0,0.0
1990-05-07,26.8,14.6,0.0
1990-05-08,27.0,12.5,0.0
1990-05-09,24.033584499461785,14.1,0.0
1990-05-10,24.640473627556513,12.0,0.0
1990-05-11,23.3,14.1,0.0
1990-05-12,25.4,12.9,0.0
1990-05-13,27.2,12.3,0.0
1990-05-14,28.1,14.0,0.0
1990-05-15,28.67534983853606,12.2,0.0
1990-05-16,28.0,12.1,0.0
1990-05-17,26.7,13.38546824542517,0.0
1990-05-18,25.5,10.4,0.0
1990-05-19,26.4,12.9,0.0
1990-05-20,28.0,14.9,0.0
1990-05-21,28.5,15.6,0.0
1990-05-22,29.2,14.291065662002145,0.0
1990-05-23,29.9,13.6,0.0
1990-05-24,27.5,14.1,0.0
1990-05-25,26.0,12.2,0.0
1990-05-26,27.6,8.947900968783634,0.0
1990-05-27,28.7,8.4,0.0
1990-05-28,28.0,9.6,0.0
1990-05-29,24.1,11.5,0.0
1990-05-30,23.0,9.0,0.0
1990-05-31,24.0,11.0,0.0
1990-06-01,24.2,10.9,0.0
1990-06-02,25.6,11.0,0.0
1990-06-03,26.9,12.7,0.0
1990-06-04,27.6,12.5,0.0
1990-06-05,27.5,12.9,0.0
1990-06-06,26.1,12.801334816462745,0.0
1990-06-07,25.4,12.1,0.0
1990-06-08,25.0,11.2,0.0
1990-06-09,25.2,9.5,0.0
1990-06-10,26.428142380422692,9.6,0.0
1990-06-11,28.5,11.9,0.0
1990-06-12,27.8,14.570300333704122,0.0
1990-06-13,28.23381535038932,14.130478309232487,0.0
1990-06-14,28.620355951056737,13.7,0.0
1990-06-15,29.30022246941046,15.1,0.0
1990-06-16,26.9,14.490322580645174,0.0
1990-06-17,26.3,13.6,0.0
1990-06-18,25.5,13.2,0.0
1990-06-19,24.0,13.0,0.0
1990-06-20,24.1,11.1,0.0
1990-06-21,25.2,8.925472747497219,0.0
1990-06-22,25.9,7.7,0.0
1990-06-23,26.108342602892105,6.1,0.0
1990-06-24,26.9,3.5,0.0
1990-06-25,25.7,8.6,0.0
1990-06-26,26.9,5.5,0.0
1990-06-27,27.5,7.0,0.0
1990-06-28,26.9,10.7,0.0
1990-06-29,26.5,10.6,0.0
1990-06-30,25.6,11.2,0.0
1990-07-01,26.4,10.4,0.0
1990-07-02,26.3,10.3,0.0
1990-07-03,24.9,10.6,0.0
1990-07-04,24.3,9.5,0.0
1990-07-05,24.9,10.0,0.0
1990-07-06,26.0,9.0,0.0
1990-07-07,26.434768568353057,9.4,0.0
1990-07-08,25.1,11.2,0.0
1990-07-09,25.4,10.5,0.0
1990-07-10,26.1,9.4,0.0
1990-07-11,26.3,10.5,0.0
1990-07-12,26.8,10.5,0.0
1990-07-13,27.1,11.1,0.0
1990-07-14,26.1,11.2,0.0
1990-07-15,24.6,10.0,0.0
1990-07-16,25.102583423035515,7.9,0.0
1990-07-17,25.9,11.0,0.0
1990-07-18,23.2,13.6,0.0
1990-07-19,25.1,14.2,0.0
1990-07-20,21.2,10.0,0.0
1990-07-21,19.413024757804088,9.5,0.0
1990-07-22,20.73928955866523,8.3,0.0
1990-07-23,22.7,7.2,0.0
1990-07-24,23.1,10.2,0.0
1990-07-25,22.9,11.971689989235736,0.0
1990-07-26,21.3,9.6,0.0
1990-07-27,23.2,9.334876210979546,0.0
1990-07-28,19.752960172228203,10.0,0.0
1990-07-29,22.7,10.5,0.0
1990-07-30,23.4,10.8,0.0
1990-07-31,22.3,9.5,0.0
1990-08-01,22.041550053821314,8.466200215285253,0.0
1990-08-02,20.658665231431648,11.4,0.0
1990-08-03,19.951776103336922,8.7,0.0
1990-08-04,21.87599569429494,5.0,0.0
1990-08-05,22.5,7.626372443487621,0.0
1990-08-06,23.7,8.0,0.0
1990-08-07,24.9,7.9,0.0
1990-08-08,22.9,11.4,0.0
1990-08-09,22.410548977395045,9.1,0.0
1990-08-10,22.855435952637244,9.0,0.0
1990-08-11,23.7,8.6,0.0
1990-08-12,24.3,8.8,0.0
1990-08-13,22.1,10.2,0.0
1990-08-14,21.8,8.0,0.0
1990-08-15,21.9,6.7,0.0
1990-08-16,22.669214208826695,8.7,0.0
1990-08-17,23.5,9.0,0.0
1990-08-18,24.8,8.3,0.0
1990-08-19,26.0,10.2,0.0
1990-08-20,26.6,11.0,0.0
1990-08-21,26.3,11.7,0.0
1990-08-22,26.7,10.2,0.0
1990-08-23,28.0,8.5,0.0
1990-08-24,31.6,10.4,0.0
1990-08-25,31.5,11.4,0.0
1990-08-26,28.7,15.4,0.0
1990-08-27,26.0,14.7,0.0
1990-08-28,27.194940796555436,13.4,0.0
1990-08-29,28.2,12.2,0.0
1990-08-30,30.4,12.4,0.0
1990-08-31,31.9,12.7,0.0
1990-09-01,32.0,16.4,0.0
1990-09-02,32.5,15.5,0.0
1990-09-03,32.6,14.2,0.0
1990-09-04,32.9,15.2,0.0
1990-09-05,33.9,15.9,0.0
1990-09-06,33.1,17.4,0.0
1990-09-07,30.5,17.8,0.0
1990-09-08,30.0,14.9,0.0
1990-09-09,31.2,14.2,0.0
1990-09-10,33.00111234705229,14.9,0.0
1990-09-11,34.84026696329256,16.0,0.0
1990-09-12,32.0,19.2,0.0
1990-09-13,31.4,17.4,0.0
1990-09-14,32.4,17.0,0.0
1990-09-15,32.9,18.2,0.0
1990-09-16,31.982202447163516,18.9,0.0
1990-09-17,32.0,17.3,0.0
1990-09-18,32.848053392658514,16.5,0.0
1990-09-19,31.7,16.9,0.0
1990-09-20,30.0,16.2,0.0
1990-09-21,30.6,15.2,0.0
1990-09-22,30.9,15.4,0.0
1990-09-23,30.6,15.1,0.0
1990-09-24,30.7,15.9,0.0
1990-09-25,31.5,16.1,0.0
1990-09-26,32.0,16.5,0.0
1990-09-27,32.0,17.0,0.0
1990-09-28,32.5,16.7,0.0
1990-09-29,32.9,17.0,0.0
1990-09-30,33.2,17.0,0.0
1990-10-01,33.08277717976318,17.9,0.0
1990-10-02,31.377717976318614,18.3,0.0
1990-10-03,30.8,17.1,0.0
1990-10-04,31.2,16.6,0.0
1990-10-05,32.0,16.9,0.0
1990-10-06,33.5,17.5,0.0
1990-10-07,35.2,19.1,0.0
1990-10-08,33.8,20.4,0.0
1990-10-09,32.12357373519914,19.5,0.0
1990-10-10,25.493110871905273,15.4,0.0
1990-10-11,24.646501614639398,11.759849300322928,0.0
1990-10-12,26.7,8.6,0.0
1990-10-13,28.7,11.9,0.0
1990-10-14,30.4,13.506458557588804,0.0
1990-10-15,27.4,16.2,0.0
1990-10-16,27.819375672766416,14.3,0.0
1990-10-17,30.4,12.973196986006458,0.0
1990-10-18,31.9,14.819483315392896,0.0
1990-10-19,33.5,16.99806243272335,0.0
1990-10-20,34.2,18.6,0.0
1990-10-21,33.5,19.2,0.0
1990-10-22,33.2,18.2,0.0
1990-10-23,34.3,17.6,0.0
1990-10-24,34.9,19.2,0.0
1990-10-25,35.5,19.9,0.0
1990-10-26,35.5,20.3,0.0
1990-10-27,33.3,20.4,0.0
1990-10-28,33.0,19.7,0.0
1990-10-29,34.0,18.9,0.0
1990-10-30,34.7,19.0,0.0
1990-10-31,34.3,20.7,0.0
1990-11-01,34.6,20.0,0.0
1990-11-02,34.0,21.433704115684098,0.0
1990-11-03,34.0,20.0,0.0
1990-11-04,31.0,16.7,5.4
1990-11-05,20.85750834260289,15.2,0.0
1990-11-06,27.12146829810901,14.513125695216909,0.0
1990-11-07,28.81078976640712,14.2,0.0
1990-11-08,30.5,14.5,0.0
1990-11-09,32.1,14.5,0.0
1990-11-10,32.46273637374861,15.766295884315907,0.0
1990-11-11,32.7,16.605561735261404,0.0
1990-11-12,32.8,18.4,0.0
1990-11-13,32.1,18.1,0.0
1990-11-14,32.2,18.2,0.0
1990-11-15,33.7,20.2,0.0
1990-11-16,32.9,20.6,0.0
1990-11-17,34.0,19.9,0.0
1990-11-18,34.6,20.3,0.0
1990-11-19,32.7,19.6,0.0
1990-11-20,32.4,19.2,0.0
1990-11-21,32.7,19.2,0.0
1990-11-22,32.6,19.9,0.0
1990-11-23,31.5,19.0,0.0
1990-11-24,31.0,17.5,0.0
1990-11-25,32.540600667408235,17.9,0.0
1990-11-26,33.9,20.0,0.0
1990-11-27,34.6,18.5,0.0
1990-11-28,35.32068965517241,20.5,0.0
1990-11-29,34.1,20.507341490545052,0.0
1990-11-30,35.842825361512794,21.746941045606235,0.0
1990-12-01,34.2,21.029063509149612,0.0
1990-12-02,34.10667384284175,23.0,0.0
1990-12-03,33.7,20.84531754574808,0.0
1990-12-04,30.5,19.9,0.0
1990-12-05,31.9,19.0,0.0
1990-12-06,33.1,19.9,0.0
1990-12-07,33.1,20.5,0.0
1990-12-08,33.75339074273408,19.5,0.0
1990-12-09,33.64004305705059,21.645317545747968,0.0
1990-12-10,33.7,21.177502691065623,0.0
1990-12-11,32.1,19.6,0.0
1990-12-12,32.1,19.0,0.0
1990-12-13,32.1,18.9,0.0
1990-12-14,32.0,19.4,0.0
1990-12-15,25.8,18.4,6.705330490405116
1990-12-16,22.5,18.5,59.90149253731336
1990-12-17,23.4,18.2,23.6637526652452
1990-12-18,26.6,17.1,0.0
1990-12-19,27.6,16.3,0.0
1990-12-20,24.832723358449947,17.7,18.5
1990-12-21,24.78638320775027,18.4,1.4
1990-12-22,25.6,17.7,0.0
1990-12-23,27.7,18.4,0.0
1990-12-24,29.9,18.0,0.0
1990-12-25,30.5,19.0,0.0
1990-12-26,29.6,17.7,0.0
1990-12-27,31.0,19.2,0.0
1990-12-28,30.6,17.0,0.0
1990-12-29,26.4,16.8,27.745415778251598
1990-12-30,27.0,18.6,1.6
1990-12-31,27.2,18.1,9.020682302771856
1991-01-01,26.1,17.9,10.195505617977522
1991-01-02,26.0,17.8,1.0
1991-01-03,25.4,16.2,7.2
1991-01-04,29.2,16.1,0.0
1991-01-05,28.2,18.5,0.0
1991-01-06,28.7,18.5,5.8265917602996256
1991-01-07,26.3,17.2,1.9142322097378273
1991-01-08,28.1,17.15285252960172,16.0
1991-01-09,27.0,18.3,6.547191011235953
1991-01-10,26.1,18.2,0.0
1991-01-11,27.2,17.8,13.429588014981276
1991-01-12,28.0,18.3,51.75917602996261
1991-01-13,27.0,17.9,21.190262172284648
1991-01-14,28.4,18.1,6.3
1991-01-15,25.4,18.9,44.1250936329588
1991-01-16,25.0,17.7,17.198314606741576
1991-01-17,26.2,17.0,0.0
1991-01-18,27.5,17.5,20.08576779026217
1991-01-19,27.2,18.4,10.7
1991-01-20,28.7,17.4,0.0
1991-01-21,27.0,17.2,15.144569288389512
1991-01-22,25.0,17.7,19.0
1991-01-23,27.3,18.0,20.7
1991-01-24,29.650592034445637,17.4,1.4
1991-01-25,29.477395048439174,17.9,6.237827715355805
1991-01-26,27.7,18.3,11.92303370786517
1991-01-27,25.0,18.5,46.173033707865144
1991-01-28,24.4,18.4,43.39232209737827
1991-01-29,23.9,16.4,0.0
1991-01-30,23.2264800861141,15.6,1.2
1991-01-31,25.0,18.54660925726587,0.0
1991-02-01,27.9,18.5,1.1525345622119814
1991-02-02,27.6,17.8,5.58341013824885
1991-02-03,28.9,17.4,3.7437788018433196
1991-02-04,27.3,17.4,1.8
1991-02-05,28.4,16.5,0.0
1991-02-06,30.0,18.5,1.4
1991-02-07,29.0,17.0,4.8
1991-02-08,30.0,17.5,3.0
1991-02-09,29.3,18.7,14.637788018433195
1991-02-10,26.7,18.9,4.952073732718897
1991-02-11,28.5,18.9,15.542857142857157
1991-02-12,29.0,16.9,0.0
1991-02-13,29.5,17.1,0.5
1991-02-14,25.9,18.700238379022647,6.4
1991-02-15,23.637425506555424,17.6,24.9
1991-02-16,23.7,17.4,13.0
1991-02-17,25.5,16.5,0.4
1991-02-18,24.0,17.4,0.0
1991-02-19,26.3,16.0,0.0
1991-02-20,28.0,16.0,0.0
1991-02-21,27.0,16.8,0.4
1991-02-22,27.7,15.9,4.4
1991-02-23,27.5,16.9715137067938,25.485714285714284
1991-02-24,29.0,15.6,0.0
1991-02-25,27.8,17.7,0.0
1991-02-26,30.0,16.5,1.1
1991-02-27,28.5,17.7,2.0
1991-02-28,27.0,18.0,0.0
1991-03-01,28.1,17.8,4.8
1991-03-02,29.2,17.3,1.4
1991-03-03,27.5,18.2,11.5
1991-03-04,25.4,18.1,11.2
1991-03-05,25.0,18.1,0.0
1991-03-06,26.0,17.6,0.0
1991-03-07,26.2,16.6,0.0
1991-03-08,26.5,16.7,0.0
1991-03-09,27.5,14.9,0.0
1991-03-10,28.2,13.695156081808395,0.0
1991-03-11,28.0,14.0,0.0
1991-03-12,28.6,12.6,0.0
1991-03-13,29.7,13.595801937567275,0.0
1991-03-14,28.2,18.2,0.0
1991-03-15,25.8,17.0,0.0
1991-03-16,26.2,16.0,0.0
1991-03-17,25.9,16.2,0.0
1991-03-18,28.8,17.9,0.0
1991-03-19,27.5,19.9,0.0
1991-03-20,26.0,19.0,0.0
1991-03-21,26.5,15.3,0.0
1991-03-22,30.0,13.6,0.0
1991-03-23,29.0,17.2,0.0
1991-03-24,26.7,18.0,0.0
1991-03-25,26.0,15.9,0.0
1991-03-26,25.6,14.9,0.0
1991-03-27,25.7,11.6,0.0
1991-03-28,25.7,11.396770721205597,0.0
1991-03-29,28.1,14.2,0.0
1991-03-30,30.0,11.9,0.0
1991-03-31,28.6,14.5,0.0
1991-04-01,28.3,12.3,0.0
1991-04-02,28.9,8.9,0.0
1991-04-03,26.0,11.4,0.0
1991-04-04,26.0,18.7,0.0
1991-04-05,30.7,17.4,0.0
1991-04-06,27.9,16.6,4.1
1991-04-07,25.5,16.8,2.4
1991-04-08,24.0,15.6,0.0
1991-04-09,20.3,15.4,0.0
1991-04-10,26.0,15.8,0.0
1991-04-11,27.5,14.6,0.0
1991-04-12,27.9,13.9,0.0
1991-04-13,27.9,13.0,0.0
1991-04-14,27.1,13.3,0.0
1991-04-15,26.9,11.3,0.0
1991-04-16,25.8,9.4,0.0
1991-04-17,27.5,14.9,0.0
1991-04-18,27.3,13.4,0.0
1991-04-19,27.2,14.5,0.0
1991-04-20,27.0,17.0,0.0
1991-04-21,27.7,15.0,0.0
1991-04-22,27.9,16.0,0.0
1991-04-23,28.0,17.0,0.0
1991-04-24,29.0,16.2,0.0
1991-04-25,29.8,14.3,0.0
1991-04-26,29.7,14.6,0.0
1991-04-27,29.6,14.5,0.0
1991-04-28,30.4,14.5,0.0
1991-04-29,31.0,15.0,0.0
1991-04-30,29.9,15.0,0.0
1991-05-01,30.173304628632934,12.1,0.0
1991-05-02,30.5,12.2,0.0
1991-05-03,28.2,12.5,0.0
1991-05-04,26.3,12.5,0.0
1991-05-05,25.5,12.5,0.0
1991-05-06,26.2,11.9,0.0
1991-05-07,26.8,11.0,0.0
1991-05-08,27.2,11.744348762109782,0.0
1991-05-09,26.7,11.8,0.0
1991-05-10,27.9,11.0,0.0
1991-05-11,29.9,11.5,0.0
1991-05-12,30.7,11.9,0.0
1991-05-13,29.0,13.8,0.0
1991-05-14,25.7,10.7,0.0
1991-05-15,27.4,7.278471474703981,0.0
1991-05-16,27.5,9.6,0.0
1991-05-17,25.9,11.2,0.0
1991-05-18,27.0,11.08449946178686,0.0
1991-05-19,28.9,10.9,0.0
1991-05-20,29.5,11.7,0.0
1991-05-21,29.9,11.2,0.0
1991-05-22,28.9,13.7,0.0
1991-05-23,27.3,12.4,0.0
1991-05-24,28.4,10.0,0.0
1991-05-25,29.1,10.3,0.0
1991-05-26,27.5,11.4,0.0
1991-05-27,27.7,9.1,0.0
1991-05-28,28.0,9.1,0.0
1991-05-29,26.0,10.7,0.0
1991-05-30,24.3,9.0,0.0
1991-05-31,26.2,6.5,0.0
1991-06-01,25.9,5.9,0.0
1991-06-02,26.04171301446051,9.9,0.0
1991-06-03,27.4,11.0,0.0
1991-06-04,28.320467185761967,12.0,0.0
1991-06-05,28.5,12.6,0.0
1991-06-06,28.0,12.5,0.0
1991-06-07,27.6,12.3,0.0
1991-06-08,25.8,12.1,0.0
1991-06-09,23.5,11.662513904338155,0.0
1991-06-10,24.0,10.6,0.0
1991-06-11,24.4,7.9,0.0
1991-06-12,24.5,7.0,0.0
1991-06-13,23.9,6.9,0.0
1991-06-14,23.4,5.2,0.0
1991-06-15,24.1,3.518687430478311,0.0
1991-06-16,23.1,7.0,0.0
1991-06-17,19.6,7.0,0.0
1991-06-18,21.0,10.7,0.0
1991-06-19,24.6,8.5,0.0
1991-06-20,25.835261401557283,8.5,0.0
1991-06-21,26.7,9.6,0.0
1991-06-22,25.4,9.744605116796443,0.0
1991-06-23,24.256952169076754,7.5,0.0
1991-06-24,25.2,4.6,0.0
1991-06-25,21.999110122358175,10.4,0.0
1991-06-26,17.7,9.5,0.0
1991-06-27,20.9,9.0,0.0
1991-06-28,22.0,4.4,0.0
1991-06-29,23.9,3.3695216907675203,0.0
1991-06-30,24.9,2.6296996662958847,0.0
1991-07-01,25.0,9.0,0.0
1991-07-02,26.2,10.2,0.0
1991-07-03,24.6,11.3,0.0
1991-07-04,26.0,10.2,0.0
1991-07-05,27.967276641550047,9.9,0.0
1991-07-06,25.7,10.7,0.0
1991-07-07,24.2,9.8,0.0
1991-07-08,24.3,9.2,0.0
1991-07-09,23.0,8.4,0.0
1991-07-10,22.1,6.3,0.0
1991-07-11,22.1,3.809257265877287,0.0
1991-07-12,22.3,4.0,0.0
1991-07-13,22.0,6.0,0.0
1991-07-14,22.1,5.3,0.0
1991-07-15,23.6,5.3,0.0
1991-07-16,25.0,5.009149623250806,0.0
1991-07-17,26.0,6.2,0.0
1991-07-18,26.9,5.328955866523143,0.0
1991-07-19,26.9,5.4,0.0
1991-07-20,25.7,9.9,0.0
1991-07-21,24.9,7.0,0.0
1991-07-22,24.4,6.5,0.0
1991-07-23,24.0,8.4,0.0
1991-07-24,23.8,9.4,0.0
1991-07-25,24.8,9.9,0.0
1991-07-26,25.0,10.573089343379975,0.0
1991-07-27,22.1,12.1,0.0
1991-07-28,18.019913885898816,10.5,0.0
1991-07-29,22.558127018299242,7.0,0.0
1991-07-30,25.582238966630783,8.0,0.0
1991-07-31,28.1,9.0,0.0
1991-08-01,26.06340150699677,10.7,0.0
1991-08-02,26.5,11.11539289558665,0.0
1991-08-03,25.0,11.2,0.0
1991-08-04,22.6,10.2,0.0
1991-08-05,23.0,9.4,0.0
1991-08-06,24.4,9.3,0.0
1991-08-07,24.5,9.4,0.0
1991-08-08,24.2,9.2,0.0
1991-08-09,23.7,9.4,0.0
1991-08-10,24.3,8.709472551130247,0.0
1991-08-11,25.2,10.192465016146395,0.0
1991-08-12,25.6,10.9,0.0
1991-08-13,24.5,12.068245425188369,0.0
1991-08-14,24.4,10.6,0.0
1991-08-15,25.7,10.7,0.0
1991-08-16,26.3,14.2,0.0
1991-08-17,27.0,16.7,0.0
1991-08-18,27.6,16.57018299246501,0.0
1991-08-19,27.8,14.3,0.0
1991-08-20,28.0,13.9,0.0
1991-08-21,28.7,13.1,0.0
1991-08-22,28.2,13.4,0.0
1991-08-23,27.6,12.8,0.0
1991-08-24,26.85683530678148,12.3,0.0
1991-08-25,26.0,11.8,0.0
1991-08-26,26.6,10.389020452099029,0.0
1991-08-27,28.2,9.0,0.0
1991-08-28,29.5,9.2,0.0
1991-08-29,30.2,12.4,0.0
1991-08-30,29.0,15.2,0.0
1991-08-31,29.8,14.2,0.0
1991-09-01,31.7,13.4,0.0
1991-09-02,32.1,13.5,0.0
1991-09-03,33.0,14.7,0.0
1991-09-04,30.3,17.1,0.0
1991-09-05,27.5,15.2,0.0
1991-09-06,27.7,12.0,0.0
1991-09-07,28.9,12.3,0.0
1991-09-08,29.9,11.6,0.0
1991-09-09,30.0,9.5,0.0
1991-09-10,30.33715239154616,11.992547274749722,0.0
1991-09-11,31.0,14.1,0.0
1991-09-12,32.0,15.0,0.0
1991-09-13,32.32847608453837,14.9,0.0
1991-09-14,30.8,16.6,0.0
1991-09-15,30.3,14.1,0.0
1991-09-16,31.542602892102337,13.6,0.0
1991-09-17,29.4,16.4,0.0
1991-09-18,28.691879866518352,14.2,0.0
1991-09-19,28.9,14.7,0.0
1991-09-20,28.1,13.2,0.0
1991-09-21,28.9,13.172080088987764,0.0
1991-09-22,30.0,13.2,0.0
1991-09-23,30.92324805339266,14.0,0.0
1991-09-24,31.6,13.9,0.0
1991-09-25,32.0,15.1,0.0
1991-09-26,30.2,16.7,0.0
1991-09-27,28.6,15.2,0.0
1991-09-28,30.8,13.5,0.0
1991-09-29,32.5,14.777530589543938,0.0
1991-09-30,33.1,17.3,0.0
1991-10-01,32.8,16.9,0.0
1991-10-02,32.6,16.6,0.0
1991-10-03,33.9,15.7,0.0
1991-10-04,36.80010764262647,15.7,0.0
1991-10-05,34.5,21.140473627556506,0.0
1991-10-06,31.8,18.9,0.0
1991-10-07,28.7,17.2,0.0
1991-10-08,29.798815931108717,15.1,0.0
1991-10-09,31.0,13.2,0.0
1991-10-10,32.0,13.6,0.0
1991-10-11,32.8,15.9,0.0
1991-10-12,34.32809472551129,17.0,0.0
1991-10-13,35.8,18.1,0.0
1991-10-14,35.5,21.6,0.0
1991-10-15,30.7,19.4,0.0
1991-10-16,30.2,16.784930032292785,0.0
1991-10-17,31.697524219590953,17.5,0.0
1991-10-18,33.8,18.5,0.0
1991-10-19,35.4,21.6,0.0
1991-10-20,36.5,22.6,0.0
1991-10-21,36.0,21.0,0.0
1991-10-22,35.78040904198061,21.207104413347682,0.0
1991-10-23,34.6,22.6,0.0
1991-10-24,33.3,20.6,0.0
1991-10-25,33.4,19.1,0.0
1991-10-26,33.5,19.0,0.0
1991-10-27,36.3,18.6,0.0
1991-10-28,35.58719052744886,19.0,0.0
1991-10-29,34.0,21.6,0.0
1991-10-30,31.60419806243272,18.6,0.0
1991-10-31,30.9,20.9,0.0
1991-11-01,32.9,21.5,0.0
1991-11-02,32.8,22.1,0.0
1991-11-03,32.4,18.8,0.0
1991-11-04,31.0,17.8,1.6
1991-11-05,31.0,17.6,0.7
1991-11-06,32.3,17.9,0.0
1991-11-07,32.6,18.2,0.0
1991-11-08,32.3,18.5,0.0
1991-11-09,30.4,18.5,0.0
1991-11-10,31.2,17.5,0.0
1991-11-11,32.5,16.7,0.0
1991-11-12,34.4,17.9,0.0
1991-11-13,35.49354838709677,19.3,0.0
1991-11-14,33.8,19.5,0.0
1991-11-15,32.6,19.8,0.0
1991-11-16,34.0,19.3,0.0
1991-11-17,33.7,18.3,0.0
1991-11-18,34.0,22.3,0.0
1991-11-19,32.7,19.3,0.0
1991-11-20,32.75061179087874,18.5,0.0
1991-11-21,33.6,21.067185761957738,0.0
1991-11-22,32.6,20.6,0.0
1991-11-23,32.0,18.5,0.0
1991-11-24,32.1,17.5,0.0
1991-11-25,32.2,19.2,0.0
1991-11-26,30.0,18.103448275862075,4.5
1991-11-27,30.9,17.4,2.8
1991-11-28,31.0,18.0,1.7
1991-11-29,30.8,17.6,5.0
1991-11-30,28.7,17.4,1.3
1991-12-01,29.8,17.8,3.1415778251599153
1991-12-02,28.7,17.4,7.41215351812367
1991-12-03,25.4,17.2,25.335181236673773
1991-12-04,22.6,16.5,0.0
1991-12-05,23.0,15.0,0.0
1991-12-06,25.3,11.9,0.0
1991-12-07,27.4,12.403121636167922,0.0
1991-12-08,28.6,13.851560818083962,0.0
1991-12-09,28.8,12.570936490850377,0.0
1991-12-10,29.0,14.032185145317545,0.0
1991-12-11,30.1,11.990312163616792,0.0
1991-12-12,30.9,15.6,0.0
1991-12-13,30.0,16.8,0.0
1991-12-14,28.3,16.5,0.0
1991-12-15,29.9,15.876856835306782,2.6
1991-12-16,29.9,17.017115177610332,0.0
1991-12-17,30.4,18.0,0.0
1991-12-18,30.1,19.0,0.0
1991-12-19,30.2,19.265339074273413,0.0
1991-12-20,30.9,16.5,0.0
1991-12-21,31.36060279870828,16.5,0.0
1991-12-22,30.0,18.3,0.0
1991-12-23,31.6,17.0,0.0
1991-12-24,31.8,16.1,0.0
1991-12-25,31.986975242195903,18.2,0.0
1991-12-26,28.3,17.9,0.0
1991-12-27,27.6,16.8,0.0
1991-12-28,26.9,16.2,0.0
1991-12-29,29.9,17.6,0.0
1991-12-30,29.0,17.4,4.0
1991-12-31,24.91270182992465,16.7,12.6
1992-01-01,24.0,16.7,0.0
1992-01-02,26.7,16.1,2.7
1992-01-03,27.5,17.6,0.8
1992-01-04,27.9,16.7,0.0
1992-01-05,28.6,15.7,0.0
1992-01-06,30.4,16.2,0.0
1992-01-07,29.5,16.4,0.0
1992-01-08,28.4,17.0,20.9
1992-01-09,28.6,17.25748116254036,4.5
1992-01-10,26.9,17.0,1.0
1992-01-11,27.6,16.5,4.491011235955056
1992-01-12,27.8,17.6,0.5
1992-01-13,25.1,17.5,0.7271535580524344
1992-01-14,26.2,16.6,3.5
1992-01-15,25.9,16.7,4.0
1992-01-16,29.0,16.4,2.5357677902621725
1992-01-17,29.4,17.9,0.0
1992-01-18,29.5,17.4,0.0
1992-01-19,29.8,18.6,0.0
1992-01-20,29.9,19.2,0.0
1992-01-21,30.7,16.5,0.0
1992-01-22,30.1,16.4,1.0
1992-01-23,30.0,15.9,0.0
1992-01-24,29.8,15.9,0.0
1992-01-25,30.0,17.2,0.0
1992-01-26,30.7,17.0,0.0
1992-01-27,29.0,18.0,0.0
1992-01-28,29.8,17.0,0.0
1992-01-29,29.710548977395053,17.5,0.0
1992-01-30,27.5,17.6,2.0
1992-01-31,27.2,17.0,8.97621722846442
1992-02-01,29.0,16.6,7.409216589861754
1992-02-02,26.5,18.2,16.88387096774195
1992-02-03,28.3,17.3,3.6428571428571446
1992-02-04,28.486054827175206,16.9,1.3
1992-02-05,28.2,17.1,2.0
1992-02-06,27.4,16.5,0.0
1992-02-07,29.2,17.9,2.4096774193548383
1992-02-08,28.8,16.9,1.3
1992-02-09,23.759833134684147,17.4,16.394009216589865
1992-02-10,26.7,16.2,6.5
1992-02-11,27.0,16.6,2.512442396313364
1992-02-12,26.6,16.2,1.7695852534562222
1992-02-13,26.6,16.4,3.6428571428571446
1992-02-14,26.9,16.0,0.0
1992-02-15,27.0,16.3,0.0
1992-02-16,26.4,16.7,40.33640552995396
1992-02-17,25.954588796185934,17.2,36.98571428571435
1992-02-18,26.0,16.5,0.0
1992-02-19,29.5,15.534684147794993,0.0
1992-02-20,26.434445768772346,16.6,1.1
1992-02-21,25.6,17.9,4.052995391705069
1992-02-22,22.559833134684148,17.0,28.592626728110602
1992-02-23,25.25470798569726,16.6,0.0
1992-02-24,24.0,16.0,0.0
1992-02-25,26.26197854588796,15.2,0.0
1992-02-26,28.5,14.2,0.0
1992-02-27,27.8,14.8,0.0
1992-02-28,29.5,14.322407628128724,0.0
1992-03-01,28.0,17.4,3.8
1992-03-02,29.7,16.0,19.0
1992-03-03,24.2,17.8,52.0
1992-03-04,26.0,17.4,0.0
1992-03-05,27.5,16.9,1.1
1992-03-06,27.0,18.4,1.8
1992-03-07,27.6,17.7,10.6
1992-03-08,26.0,17.2,13.0
1992-03-09,26.7,17.8,1.5
1992-03-10,26.2,17.1,1.6
1992-03-11,29.0,16.4,1.5
1992-03-12,29.0,17.5,0.0
1992-03-13,30.1,16.3,0.0
1992-03-14,29.8,16.5,2.6
1992-03-15,23.0,17.9,2.4
1992-03-16,24.2,16.85468245425188,0.0
1992-03-17,25.3,16.5,0.0
1992-03-18,26.6,15.6,0.0
1992-03-19,27.6,16.5,0.0
1992-03-20,28.6,17.0,0.0
1992-03-21,29.6,15.578794402583421,0.0
1992-03-22,27.5,16.5,0.0
1992-03-23,27.0,14.9,0.0
1992-03-24,26.9,13.9,0.0
1992-03-25,25.9,14.6,0.4
1992-03-26,25.0,16.8,0.0
1992-03-27,24.7,15.6,0.0
1992-03-28,22.0,17.0,44.7
1992-03-29,25.3,17.1,0.0
1992-03-30,23.6,15.0,0.0
1992-03-31,21.1,15.8,0.6
1992-04-01,25.1,15.2,0.0
1992-04-02,26.8,14.0,0.0
1992-04-03,26.7,13.2,0.0
1992-04-04,26.1,15.0,0.0
1992-04-05,25.1,14.6,0.0
1992-04-06,24.6,13.9,0.0
1992-04-07,23.4,11.8,0.0
1992-04-08,24.0,13.6,0.0
1992-04-09,24.7,15.6,0.0
1992-04-10,27.2,15.3,0.0
1992-04-11,26.6,14.9,0.0
1992-04-12,27.4,15.9,0.0
1992-04-13,28.3,12.6,0.0
1992-04-14,29.1,14.9,0.0
1992-04-15,29.5,13.0,0.0
1992-04-16,28.4,14.9,0.0
1992-04-17,26.7,11.5,0.0
1992-04-18,26.5,11.0,0.0
1992-04-19,22.9,14.9,9.4
1992-04-20,25.9,16.8,0.0
1992-04-21,27.4,14.0,0.0
1992-04-22,27.3,12.0,0.0
1992-04-23,28.2,11.4,0.0
1992-04-24,28.4,11.5,0.0
1992-04-25,27.6,11.5,0.0
1992-04-26,27.3,10.7,0.0
1992-04-27,27.9,10.3,0.0
1992-04-28,26.8,10.0,0.0
1992-04-29,26.2,12.0,0.0
1992-04-30,26.2,9.4,0.0
1992-05-01,24.2,7.8,0.0
1992-05-02,24.4,5.6,0.0
1992-05-03,26.6,6.4,0.0
1992-05-04,27.1,11.8,0.0
1992-05-05,26.0,11.5,0.0
1992-05-06,23.9,13.3,0.0
1992-05-07,24.6,12.3,0.0
1992-05-08,22.8,10.0,0.0
1992-05-09,24.3,8.6,0.0
1992-05-10,25.0,6.566630785791172,0.0
1992-05-11,26.0,7.194294940796554,0.0
1992-05-12,25.4,8.7,0.0
1992-05-13,25.5,8.4,0.0
1992-05-14,27.2,8.4,0.0
1992-05-15,29.1,9.9,0.0
1992-05-16,29.1,15.039612486544657,0.0
1992-05-17,29.0,15.7,0.0
1992-05-18,28.6,13.5,0.0
1992-05-19,27.7,10.2,0.0
1992-05-20,26.2,12.4,0.0
1992-05-21,25.2,10.6,0.0
1992-05-22,25.2,9.1,0.0
1992-05-23,25.2,9.2,0.0
1992-05-24,25.979978471474702,9.2,0.0
1992-05-25,26.7,9.9,0.0
1992-05-26,26.3,11.8,0.0
1992-05-27,25.4,13.0,0.0
1992-05-28,25.7,12.812055974165757,0.0
1992-05-29,26.7,10.5,0.0
1992-05-30,27.6,9.5,0.0
1992-05-31,27.3,10.1,0.0
1992-06-01,22.7,12.9,0.0
1992-06-02,23.34449388209121,10.5,0.0
1992-06-03,23.7,8.1,0.0
1992-06-04,25.4,12.0,0.0
1992-06-05,25.2,10.2,0.0
1992-06-06,25.2,9.43492769744161,0.0
1992-06-07,25.0,10.7,0.0
1992-06-08,25.2,11.9,0.0
1992-06-09,26.2,11.4,0.0
1992-06-10,27.640823136818693,12.061957730812015,0.0
1992-06-11,27.9,12.681423804226922,0.0
1992-06-12,28.713681868743056,12.1,0.0
1992-06-13,27.2,12.2,0.0
1992-06-14,28.0,11.5,0.0
1992-06-15,28.2,13.0,0.0
1992-06-16,27.787430478309233,12.391657397107902,0.0
1992-06-17,28.0,11.6,0.0
1992-06-18,27.4,11.1,0.0
1992-06-19,26.8,9.0,0.0
1992-06-20,24.8,10.5,0.0
1992-06-21,24.9,6.5,0.0
1992-06-22,24.0,10.7,0.0
1992-06-23,15.2,9.5,0.0
1992-06-24,21.0,6.857508342602893,0.0
1992-06-25,21.4,3.2,0.0
1992-06-26,22.3,3.0,0.0
1992-06-27,23.0,4.1,0.0
1992-06-28,21.0,7.6,0.0
1992-06-29,21.49933259176863,5.6,0.0
1992-06-30,18.41991101223582,5.6,0.0
1992-07-01,20.1,4.7,0.0
1992-07-02,20.532723358449946,7.9,0.0
1992-07-03,21.5,6.0,0.0
1992-07-04,24.0,7.2,0.0
1992-07-05,23.2,8.6,0.0
1992-07-06,21.3,9.4,0.0
1992-07-07,19.153067814854683,8.3,0.0
1992-07-08,19.0,7.5,0.0
1992-07-09,19.0,7.0,0.0
1992-07-10,21.4,7.1275565123788995,0.0
1992-07-11,23.9,5.8,0.0
1992-07-12,22.9,9.4,0.0
1992-07-13,16.2,8.5,0.0
1992-07-14,18.106566200215287,9.8,0.0
1992-07-15,21.2,5.868675995694294,0.0
1992-07-16,24.6,5.6,0.0
1992-07-17,26.7,6.6,0.0
1992-07-18,27.7,7.9,0.0
1992-07-19,27.7,8.9,0.0
1992-07-20,28.007212055974154,10.0,0.0
1992-07-21,28.0,10.2,0.0
1992-07-22,26.7,11.7,0.0
1992-07-23,26.4,10.2,0.0
1992-07-24,26.6,9.9,0.0
1992-07-25,27.0,9.5,0.0
1992-07-26,25.3,12.391280947255115,0.0
1992-07-27,23.2,11.9,0.0
1992-07-28,23.0,10.4,0.0
1992-07-29,24.5,9.1,0.0
1992-07-30,26.4,9.6,0.0
1992-07-31,27.6,10.2,0.0
1992-08-01,26.0,8.4,0.0
1992-08-02,26.2,8.6,0.0
1992-08-03,27.0,8.7,0.0
1992-08-04,26.7,10.9,0.0
1992-08-05,25.9,11.2,0.0
1992-08-06,25.2,12.1,0.0
1992-08-07,23.36620021528525,12.0,0.0
1992-08-08,18.98622174381055,11.0,0.0
1992-08-09,20.751776103336923,8.1,0.0
1992-08-10,21.958772874058127,6.273196986006458,0.0
1992-08-11,23.0,6.766307857911733,0.0
1992-08-12,22.58643702906351,7.7,0.0
1992-08-13,23.0,5.909903121636168,0.0
1992-08-14,24.3,3.4,0.0
1992-08-15,25.7,6.5,0.0
1992-08-16,27.2,8.0,0.0
1992-08-17,28.9,9.7,0.0
1992-08-18,31.2,10.5,0.0
1992-08-19,31.548116254036596,12.5,0.0
1992-08-20,31.98955866523143,14.3,0.0
1992-08-21,31.9,16.1,0.0
1992-08-22,32.5,16.0,0.0
1992-08-23,32.6,16.0,0.0
1992-08-24,31.9,16.293541442411186,0.0
1992-08-25,31.6,17.4,0.0
1992-08-26,32.9,16.6,0.0
1992-08-27,33.12411194833154,16.830139935414415,0.0
1992-08-28,33.327556512378884,16.7,0.0
1992-08-29,33.1,17.0,0.0
1992-08-30,31.9,16.013562970936487,0.0
1992-08-31,30.0,15.7,0.0
1992-09-01,30.9,14.044827586206896,0.0
1992-09-02,31.7,13.5,0.0
1992-09-03,32.1,12.7,0.0
1992-09-04,32.07530589543938,13.6,0.0
1992-09-05,32.1,14.1,0.0
1992-09-06,33.0,14.9,0.0
1992-09-07,34.06051167964405,15.5,0.0
1992-09-08,33.0,16.9,0.0
1992-09-09,30.9,17.0,0.0
1992-09-10,30.7,14.6,0.0
1992-09-11,30.610233592880984,15.3,0.0
1992-09-12,28.0,15.6,0.0
1992-09-13,29.4,13.5,0.0
1992-09-14,31.6,15.2,0.0
1992-09-15,31.9,17.7,0.0
1992-09-16,31.2,17.9,0.0
1992-09-17,28.2587319243604,16.9,0.0
1992-09-18,27.0,13.7,0.0
1992-09-19,28.2,11.9,0.0
1992-09-20,30.0,10.166295884315906,0.0
1992-09-21,31.4,11.8,0.0
1992-09-22,31.3,14.6,0.0
1992-09-23,31.5,15.6,0.0
1992-09-24,31.7,15.177196885428254,0.0
1992-09-25,31.0,16.4,0.0
1992-09-26,30.4,15.909788654060074,0.0
1992-09-27,30.3,16.4,0.0
1992-09-28,30.7,15.7,0.0
1992-09-29,32.0,16.0,0.0
1992-09-30,36.12002224694105,17.3,0.0
1992-10-01,36.0,17.8,0.0
1992-10-02,27.6,15.7,0.2
1992-10-03,28.7,17.3,1.1
1992-10-04,32.46340150699676,14.1,0.0
1992-10-05,32.1,15.5,0.0
1992-10-06,35.0,15.9,0.0
1992-10-07,34.2,18.0,0.0
1992-10-08,33.2,16.1,0.0
1992-10-09,34.2,14.9,0.0
1992-10-10,34.2,15.63907427341227,0.0
1992-10-11,33.4,16.5,0.0
1992-10-12,35.8,15.5,0.0
1992-10-13,35.0,17.730570505920337,0.0
1992-10-14,36.0,17.9,0.0
1992-10-15,36.9,17.9,0.0
1992-10-16,36.7,20.0,0.0
1992-10-17,36.9,19.4,0.0
1992-10-18,37.0,18.5,0.0
1992-10-19,34.181593110871894,21.0,0.0
1992-10-20,32.0,19.8,0.0
1992-10-21,30.8,18.3,0.0
1992-10-22,31.0,17.6,0.0
1992-10-23,31.8,18.4,0.0
1992-10-24,33.9,19.6,0.0
1992-10-25,32.2,19.908073196986,0.0
1992-10-26,32.7,18.0,0.0
1992-10-27,33.4,18.4,0.0
1992-10-28,32.9,19.3,0.0
1992-10-29,32.9,18.9,0.0
1992-10-30,33.1,19.6,0.0
1992-10-31,34.5,20.0,0.0
1992-11-01,35.5,20.3,0.0
1992-11-02,35.241045606229136,21.1,0.0
1992-11-03,35.7,21.0,0.0
1992-11-04,34.0,19.5,1.4
1992-11-05,31.2,18.2,5.0
1992-11-06,30.8,18.2,2.5
1992-11-07,30.1,17.5,1.2
1992-11-08,30.2,17.5,0.0
1992-11-09,31.3,18.0,0.0
1992-11-10,31.6,18.6,0.0
1992-11-11,30.5,18.7,10.4
1992-11-12,29.6,17.4,11.4
1992-11-13,28.0,17.0,6.5
1992-11-14,27.373971078976638,17.9,21.8
1992-11-15,28.0,17.3,15.0
1992-11-16,27.4,17.7,9.0
1992-11-17,29.2,16.3,1.5
1992-11-18,29.77474972191324,16.7,0.0
1992-11-19,30.0,16.3,0.0
1992-11-20,29.9,16.2,0.0
1992-11-21,30.0,19.0,0.0
1992-11-22,29.6,19.0,0.0
1992-11-23,31.0,16.5,0.0
1992-11-24,31.5,15.51301446051168,0.0
1992-11-25,31.1,19.5,0.0
1992-11-26,31.1,19.5,0.0
1992-11-27,31.5,19.4,0.0
1992-11-28,31.8,18.7,0.0
1992-11-29,31.9,19.7,0.0
1992-11-30,29.7,17.6,0.8
1992-12-01,29.9,18.0,7.2
1992-12-02,27.9,17.4,0.0
1992-12-03,30.9,16.0,0.0
1992-12-04,30.0,16.7,0.0
1992-12-05,29.0,19.7,0.0
1992-12-06,29.6,19.4,0.0
1992-12-07,29.8,18.6,1.5
1992-12-08,24.0,17.9,54.85778251599145
1992-12-09,25.4,17.4,62.92324093816632
1992-12-10,25.932185145317543,16.9,12.8
1992-12-11,27.2,17.5,0.0
1992-12-12,27.1,17.9,0.0
1992-12-13,28.3,17.5,0.5
1992-12-14,28.6,17.3,0.7170575692963754
1992-12-15,29.4,16.5,10.727078891257992
1992-12-16,27.3,17.480516684607103,6.502345415778253
1992-12-17,27.9,17.9,9.8
1992-12-18,26.8,17.5,0.2
1992-12-19,27.2,17.9,0.0
1992-12-20,26.4,18.4,10.530490405117273
1992-12-21,26.6,18.0,1.7473347547974412
1992-12-22,26.8,17.8,15.095095948827291
1992-12-23,26.5,16.5,10.0
1992-12-24,26.3,18.1,22.362046908315566
1992-12-25,25.0,17.7,0.0
1992-12-26,25.2,17.4,0.0
1992-12-27,25.125941872981702,17.0,1.0
1992-12-28,24.5,17.9,41.11044776119401
1992-12-29,24.73972012917115,18.065123789020447,20.518976545842225
1992-12-30,24.36620021528525,17.2,13.6
1992-12-31,27.5,17.1,0.0
1993-01-01,26.3,16.9,0.2
1993-01-02,25.53950484391819,17.0,9.0
1993-01-03,25.4,16.8,9.8
1993-01-04,25.132938643702907,18.1,2.636704119850188
1993-01-05,23.1,17.3,25.429588014981274
1993-01-06,24.649730893433798,16.9,35.11198501872659
1993-01-07,26.1,16.9,1.6
1993-01-08,25.3,17.0,13.7629213483146
1993-01-09,23.409903121636166,17.6,25.313857677902625
1993-01-10,25.4,17.5,17.367977528089888
1993-01-11,26.2,17.0,2.326404494382022
1993-01-12,26.3,17.7,2.5357677902621725
1993-01-13,26.0,17.7,11.0
1993-01-14,27.0,17.1,11.0
1993-01-15,26.5,17.6,14.0
1993-01-16,25.6,17.1,11.316479400749063
1993-01-17,25.4,16.7,9.9
1993-01-18,24.0,16.9,3.5
1993-01-19,27.2,15.3,0.0
1993-01-20,27.2,15.2,0.0
1993-01-21,29.0,12.982238966630787,0.0
1993-01-22,24.4,16.0,0.0
1993-01-23,25.5,16.4,2.949812734082397
1993-01-24,26.9,16.5,2.7
1993-01-25,24.576426264800862,17.4,8.57247191011236
1993-01-26,24.0,17.3,34.7623595505618
1993-01-27,25.922712594187296,17.1,29.036329588014983
1993-01-28,26.0,17.5,21.995505617977535
1993-01-29,23.043272335844996,17.4,8.57247191011236
1993-01-30,25.0,17.0,1.384269662921348
1993-01-31,26.9,16.7,0.2
1993-02-01,27.9,16.0,12.360829493087559
1993-02-02,28.6,17.2,3.0
1993-02-03,27.4,17.1,1.4755760368663593
1993-02-04,26.7,17.9,0.0
1993-02-05,28.1,17.9,15.8
1993-02-06,28.1,16.8,4.4
1993-02-07,26.7,17.4,27.653917050691245
1993-02-08,26.0,16.2,42.157603686635944
1993-02-09,24.199761620977352,17.3,64.83041474654408
1993-02-10,24.7,15.9,0.0
1993-02-11,25.2,14.682359952324195,0.0
1993-02-12,26.0,14.9,0.0
1993-02-13,26.1,17.8,0.0
1993-02-14,24.00476758045292,16.1,0.0
1993-02-15,27.54648390941597,14.2,0.0
1993-02-16,29.6,14.139928486293206,0.0
1993-02-17,28.1,15.0,0.0
1993-02-18,27.3,14.5,0.0
1993-02-19,26.0,14.8,0.0
1993-02-20,26.9,13.9,0.0
1993-02-21,27.6,12.34994040524434,0.0
1993-02-22,26.8,13.2,0.0
1993-02-23,25.2,14.5,0.0
1993-02-24,28.5,14.22741358760429,0.0
1993-02-25,29.8,12.974970202622169,0.0
1993-02-26,31.0,13.947437425506555,0.0
1993-02-27,30.2,15.114779499404053,0.0
1993-02-28,27.2,17.6,0.0
1993-03-01,26.4,15.9,0.0
1993-03-02,28.5,15.1,0.0
1993-03-03,27.2,14.4,0.0
1993-03-04,26.3,18.1,0.0
1993-03-05,26.4,19.4,0.0
1993-03-06,25.2,18.4,21.6
1993-03-07,23.7,17.9,62.6
1993-03-08,25.6,17.9,4.6
1993-03-09,27.5,16.5,0.0
1993-03-10,29.1,15.6,0.0
1993-03-11,30.6,14.0,0.0
1993-03-12,31.5,13.296663078579119,0.0
1993-03-13,31.8,13.496232508073197,0.0
1993-03-14,30.2,16.0,0.0
1993-03-15,30.4,16.3,0.0
1993-03-16,30.7,16.1,0.0
1993-03-17,30.8,16.0,0.0
1993-03-18,30.0,16.1,0.0
1993-03-19,26.7,17.5,0.0
1993-03-20,26.6,17.8,0.0
1993-03-21,29.4,17.3,0.0
1993-03-22,30.4,17.8,0.0
1993-03-23,30.2,17.2,0.0
1993-03-24,28.9,16.4,0.0
1993-03-25,28.6,14.5,0.0
1993-03-26,28.8,12.9,0.0
1993-03-27,28.2,14.2,0.0
1993-03-28,27.6,15.4,0.0
1993-03-29,28.4,15.9,0.0
1993-03-30,29.0,14.9,0.0
1993-03-31,30.5,13.894510226049515,0.0
1993-04-01,29.1,19.0,0.0
1993-04-02,27.2,17.8,0.0
1993-04-03,30.3,15.6,0.0
1993-04-04,31.4,16.7,0.0
1993-04-05,32.5,16.2,0.0
1993-04-06,32.4,18.2,0.0
1993-04-07,31.6,19.1,0.0
1993-04-08,31.2,17.6,0.0
1993-04-09,31.0,17.9,0.0
1993-04-10,31.2,16.5,0.0
1993-04-11,31.5,16.3,0.0
1993-04-12,31.1,17.0,0.0
1993-04-13,29.9,15.3,0.0
1993-04-14,29.9,14.9,0.0
1993-04-15,28.9,15.0,0.0
1993-04-16,28.7,14.0,0.0
1993-04-17,26.6,17.6,0.0
1993-04-18,27.4,16.5,0.0
1993-04-19,28.5,15.0,0.0
1993-04-20,30.0,12.5,0.0
1993-04-21,31.8,13.9,0.0
1993-04-22,29.5,17.8,0.0
1993-04-23,28.6,15.5,0.0
1993-04-24,28.3,14.1,0.0
1993-04-25,28.2,13.0,0.0
1993-04-26,28.6,11.7,0.0
1993-04-27,31.3,12.4,0.0
1993-04-28,33.2,15.0,0.0
1993-04-29,32.2,14.0,0.0
1993-04-30,28.9,16.3,0.0
1993-05-01,28.0,13.2,0.0
1993-05-02,29.2,12.1,0.0
1993-05-03,30.1,12.969106566200203,0.0
1993-05-04,29.499569429494073,14.0,0.0
1993-05-05,23.5,14.4,0.0
1993-05-06,25.3,13.5,0.0
1993-05-07,26.2,11.252852529601713,0.0
1993-05-08,26.7,11.1,0.0
1993-05-09,27.6,11.5,0.0
1993-05-10,27.0,11.3,0.0
1993-05-11,25.72949407965554,11.7,0.0
1993-05-12,26.7,11.0,0.0
1993-05-13,28.0,9.955758880516681,0.0
1993-05-14,27.5,12.2,0.0
1993-05-15,26.1,9.0,0.0
1993-05-16,25.6,6.9,0.0
1993-05-17,27.0,9.0,0.0
1993-05-18,25.1,11.5,0.0
1993-05-19,24.8,10.0,0.0
1993-05-20,25.5,9.5,0.0
1993-05-21,25.0,9.700968783638313,0.0
1993-05-22,25.1,9.9,0.0
1993-05-23,24.9,8.7,0.0
1993-05-24,24.0,8.7,0.0
1993-05-25,22.0,8.9,0.0
1993-05-26,24.5,7.2,0.0
1993-05-27,29.92529601722281,7.728740581270182,0.0
1993-05-28,31.059418729817008,12.2,0.0
1993-05-29,31.729709364908494,15.6,0.0
1993-05-30,30.79160387513454,15.66049515608179,0.0
1993-05-31,31.0,15.2,0.0
1993-06-01,30.366740823136823,14.340378197997783,0.0
1993-06-02,30.1,15.010233592880986,0.0
1993-06-03,29.393548387096782,13.640711902113466,0.0
1993-06-04,27.980645161290322,12.9,0.0
1993-06-05,27.0,13.0,0.0
1993-06-06,27.9,12.8,0.0
1993-06-07,30.086763070077875,12.9,0.0
1993-06-08,28.6,16.4,0.0
1993-06-09,28.0,14.7,0.0
1993-06-10,28.4,13.2,0.0
1993-06-11,28.6,14.0805339265851,0.0
1993-06-12,27.8,14.790767519466096,0.0
1993-06-13,28.0,13.370856507230265,0.0
1993-06-14,30.0,14.3,0.0
1993-06-15,25.9,13.8,1.9
1993-06-16,21.4,12.9,0.0
1993-06-17,23.2,11.7,0.0
1993-06-18,22.9,9.5,0.0
1993-06-19,23.5,7.0,0.0
1993-06-20,24.74983314794217,7.2,0.0
1993-06-21,23.5,8.5,0.0
1993-06-22,22.238820912124584,7.0,0.0
1993-06-23,22.7,7.0,0.0
1993-06-24,22.5,6.2,0.0
1993-06-25,23.2,6.0,0.0
1993-06-26,24.5,6.9,0.0
1993-06-27,25.2,7.3,0.0
1993-06-28,24.7,8.9,0.0
1993-06-29,23.2,8.0,0.0
1993-06-30,23.0,7.9,0.0
1993-07-01,25.4,10.7,0.0
1993-07-02,25.2,15.2,0.0
1993-07-03,24.9,14.0,0.0
1993-07-04,22.9,11.9,0.0
1993-07-05,23.0,10.7,0.0
1993-07-06,23.9,9.8,0.0
1993-07-07,24.8,10.2,0.0
1993-07-08,26.2,10.293649085037677,0.0
1993-07-09,27.887298170075336,11.2,0.0
1993-07-10,28.293756727664146,12.2,0.0
1993-07-11,28.6,12.561141011840684,0.0
1993-07-12,29.19354144241118,13.2,0.0
1993-07-13,29.600107642626472,14.0,0.0
1993-07-14,29.246824542518823,13.5,0.0
1993-07-15,29.020236813778244,13.1,0.0
1993-07-16,26.63466092572658,13.8,0.0
1993-07-17,25.0,12.2,0.0
1993-07-18,24.989451022604946,10.0,0.0
1993-07-19,24.9,8.0,0.0
1993-07-20,25.2,9.0,0.0
1993-07-21,26.0,9.6,0.0
1993-07-22,26.7,9.9,0.0
1993-07-23,27.6,10.0,0.0
1993-07-24,28.0,9.8,0.0
1993-07-25,25.3,12.4,0.0
1993-07-26,25.1,10.4,0.0
1993-07-27,26.0,10.9,0.0
1993-07-28,27.5,10.9,0.0
1993-07-29,27.1,12.2,0.0
1993-07-30,25.7,12.0,0.0
1993-07-31,25.062648008611397,11.7,0.0
1993-08-01,21.8,9.4,0.0
1993-08-02,22.6,6.5,0.0
1993-08-03,25.0,7.0,0.0
1993-08-04,30.1,10.1,0.0
1993-08-05,28.8,10.2,0.0
1993-08-06,28.0,12.0,0.0
1993-08-07,25.7,13.1,0.0
1993-08-08,23.4,10.9,0.0
1993-08-09,23.86598493003229,9.0,0.0
1993-08-10,27.5,7.1,0.0
1993-08-11,29.288912809472546,11.761786867599568,0.0
1993-08-12,28.9,14.6,0.0
1993-08-13,27.7,15.0,0.0
1993-08-14,26.7,14.4,0.0
1993-08-15,26.3,12.9,0.0
1993-08-16,26.9,11.2,0.0
1993-08-17,27.7,11.528525296017222,0.0
1993-08-18,28.5,12.9,0.0
1993-08-19,28.9,14.0,0.0
1993-08-20,28.9,14.5,0.0
1993-08-21,29.464800861141008,14.4,0.0
1993-08-22,30.2,14.5,0.0
1993-08-23,31.2,15.4,0.0
1993-08-24,32.1,16.0,0.0
1993-08-25,33.031001076426264,16.0,0.0
1993-08-26,29.8,17.2,0.0
1993-08-27,28.1,14.2,0.0
1993-08-28,28.0,15.2,0.0
1993-08-29,29.6,16.7,0.0
1993-08-30,31.1,15.0,0.0
1993-08-31,31.9,18.733369214208803,0.0
1993-09-01,30.6,18.034482758620697,0.0
1993-09-02,28.5,15.1,0.0
1993-09-03,31.0,15.0,0.0
1993-09-04,33.2,19.2,0.0
1993-09-05,31.9,15.5,0.0
1993-09-06,32.2,13.878309232480538,0.0
1993-09-07,32.7,14.171412680756394,0.0
1993-09-08,32.0,18.201001112347047,0.0
1993-09-09,30.5,17.9,0.0
1993-09-10,31.7,16.4,0.0
1993-09-11,34.60033370411569,17.7,0.0
1993-09-12,35.2,20.173526140155733,0.0
1993-09-13,34.0,16.9,0.0
1993-09-14,35.39343715239155,16.2,0.0
1993-09-15,35.47341490545051,20.34682981090101,0.0
1993-09-16,34.7,20.960066740823144,0.0
1993-09-17,33.2,20.6,0.0
1993-09-18,32.7,19.5,0.0
1993-09-19,32.9,18.973971078976646,0.0
1993-09-20,33.7,18.9,0.0
1993-09-21,33.7,19.3,0.0
1993-09-22,33.6,19.0,0.0
1993-09-23,33.7,18.6,0.0
1993-09-24,33.4,19.6,0.0
1993-09-25,33.0,18.9,0.0
1993-09-26,32.9,17.7,0.0
1993-09-27,33.873971078976645,17.8,0.0
1993-09-28,33.9,18.9,0.0
1993-09-29,31.8,19.0,0.0
1993-09-30,31.882313681868748,17.0,0.0
1993-10-01,32.1,14.946071044133475,0.0
1993-10-02,33.7,16.2,0.0
1993-10-03,35.2,17.3,0.0
1993-10-04,34.9,19.7,0.0
1993-10-05,33.1,19.7,0.0
1993-10-06,32.0,18.5,0.0
1993-10-07,31.1,18.5,0.0
1993-10-08,31.0,17.5,0.0
1993-10-09,33.0,16.0,0.0
1993-10-10,34.0,17.3,0.0
1993-10-11,34.4,19.1,0.0
1993-10-12,34.0,19.2,0.0
1993-10-13,31.1,19.5,0.0
1993-10-14,30.7,18.0,0.0
1993-10-15,31.1,17.4,0.0
1993-10-16,32.31679224973088,17.057911733046286,0.0
1993-10-17,33.6,18.0,0.0
1993-10-18,33.2,19.9,0.0
1993-10-19,28.6,17.9,0.0
1993-10-20,28.845748116254033,18.9,0.0
1993-10-21,31.0,17.683961248654462,0.0
1993-10-22,32.0,18.6,0.0
1993-10-23,28.765769644779333,18.0,7.004000000000004
1993-10-24,27.0,16.9,37.272000000000105
1993-10-25,24.179870828848223,16.1,30.700000000000006
1993-10-26,23.99956942949408,17.0,19.596
1993-10-27,24.08654467168999,16.0,0.0
1993-10-28,25.7,16.5,2.5640000000000005
1993-10-29,26.3,15.3,1.9
1993-10-30,27.4,14.6,10.47600000000001
1993-10-31,27.3,16.6,85.9
1993-11-01,25.806451612903224,16.7,5.9
1993-11-02,27.9,16.2,0.0
1993-11-03,30.0,16.5,0.0
1993-11-04,29.33937708565072,16.3,0.0
1993-11-05,29.5,17.2,0.0
1993-11-06,28.9,16.066073414905453,0.0
1993-11-07,29.9,17.9,0.0
1993-11-08,29.9,17.8,0.0
1993-11-09,31.1,17.9,0.0
1993-11-10,31.0,19.022246941045612,0.0
1993-11-11,31.1,17.7,0.0
1993-11-12,31.9,18.8,0.0
1993-11-13,29.25973303670745,19.0,0.0
1993-11-14,28.8,18.1,13.2
1993-11-15,27.2,17.9,25.0
1993-11-16,28.8,17.5,8.4
1993-11-17,29.9,17.7,0.0
1993-11-18,29.0,16.2,0.0
1993-11-19,30.2,16.9,3.8
1993-11-20,29.6,18.0,17.2
1993-11-21,29.6,18.1,2.0
1993-11-22,30.0,18.4,0.0
1993-11-23,28.3,17.9,0.0
1993-11-24,25.453948832035593,17.4,0.0
1993-11-25,27.7,18.1,20.4
1993-11-26,29.4,17.617575083426033,0.1
1993-11-27,30.0,17.9,0.0
1993-11-28,30.1,18.2,1.0
1993-11-29,28.9,17.2,0.0
1993-11-30,28.8,17.2,1.4
1993-12-01,28.0,17.3,22.146481876332622
1993-12-02,25.7,16.6,0.0
1993-12-03,24.0,16.5,1.1
1993-12-04,25.2,17.8,0.0
1993-12-05,26.7,18.2,6.6
1993-12-06,27.0,17.4,30.232196162046893
1993-12-07,27.0,17.0,14.8
1993-12-08,27.6,18.2,2.0
1993-12-09,28.0,18.0,0.0
1993-12-10,29.4,18.5,2.0
1993-12-11,28.3,17.4,16.551385927505333
1993-12-12,29.1,18.4,0.1
1993-12-13,26.3,18.7,1.2
1993-12-14,25.4,17.4,10.4
1993-12-15,28.316684607104406,17.0,12.63901918976546
1993-12-16,27.9,17.3,16.704477611940302
1993-12-17,26.47857911733046,18.3,0.10127931769722813
1993-12-18,24.8,18.5,9.8
1993-12-19,25.5,18.2,28.69936034115137
1993-12-20,22.9,17.8,68.1869936034114
1993-12-21,24.12626480086114,18.0,35.93859275053304
1993-12-22,24.066307857911735,18.1,55.761620469083155
1993-12-23,26.4,18.2,21.720682302771863
1993-12-24,28.0,18.7,43.1
1993-12-25,26.9,18.4,5.997014925373132
1993-12-26,27.3,18.6,0.9
1993-12-27,27.9,18.6,0.0
1993-12-28,24.519483315392893,17.7,2.6
1993-12-29,25.465769644779332,18.0,3.1415778251599153
1993-12-30,27.7,16.9,0.0
1993-12-31,30.0,15.5,0.0
1994-01-01,30.6,15.9,0.0
1994-01-02,30.0,16.5,0.0
1994-01-03,29.5,16.007965554359526,0.0
1994-01-04,30.0,15.2,0.0
1994-01-05,28.4,16.4,0.0
1994-01-06,27.5,16.2,0.0
1994-01-07,28.5,17.4,0.0
1994-01-08,28.4,18.4,0.0
1994-01-09,27.6,17.3,1.0
1994-01-10,29.0,17.6,1.0
1994-01-11,26.9,17.9,25.313857677902625
1994-01-12,26.7,17.9,18.8565543071161
1994-01-13,28.0,17.0,1.0
1994-01-14,29.320775026910656,16.5,2.326404494382022
1994-01-15,27.1,18.4,2.7
1994-01-16,29.0,18.2,3.56760299625468
1994-01-17,25.9,18.0,0.0
1994-01-18,29.6,18.2,0.0
1994-01-19,28.7,17.9,5.0
1994-01-20,29.7,17.9,1.1
1994-01-21,29.5,18.2,0.0
1994-01-22,27.9,18.4,19.924157303370784
1994-01-23,27.6,17.9,14.239887640449439
1994-01-24,23.2,18.0,5.2
1994-01-25,23.87653390742734,17.5,0.0
1994-01-26,25.2,14.2,0.0
1994-01-27,28.3,12.87631862217438,0.0
1994-01-28,28.8,11.4,0.0
1994-01-29,29.0,12.623035522066738,0.0
1994-01-30,30.2,13.152637244348762,0.0
1994-01-31,31.0,16.0,0.0
1994-02-01,30.1,17.5,0.0
1994-02-02,30.2,16.5,0.0
1994-02-03,30.2,16.1,0.0
1994-02-04,28.2,17.9,26.0
1994-02-05,29.0,15.6,0.0
1994-02-06,29.5,16.4,0.0
1994-02-07,31.2,18.0,3.6428571428571446
1994-02-08,29.4,16.9,0.9
1994-02-09,27.9,18.5,10.4
1994-02-10,29.9,18.7,2.0
1994-02-11,29.1,18.632777115613827,4.5
1994-02-12,28.3,18.0,0.7258064516129032
1994-02-13,30.9,17.6,0.0
1994-02-14,29.6,16.5,0.0
1994-02-15,29.895470798569722,17.2,4.8
1994-02-16,27.9,16.9,29.037788018433194
1994-02-17,26.9,18.1,28.113364055299538
1994-02-18,26.0,17.8,43.22580645161295
1994-02-19,27.3,18.2,7.611981566820279
1994-02-20,27.90131108462455,18.1,2.6
1994-02-21,28.9,16.4,0.0
1994-02-22,28.4,14.7,0.0
1994-02-23,27.7,14.1,0.0
1994-02-24,25.0,17.7,0.0
1994-02-25,24.9,15.9,0.0
1994-02-26,26.5,14.8,0.0
1994-02-27,26.097020262216926,14.4,0.0
1994-02-28,26.2,17.2,0.0
1994-03-01,26.5,15.4,0.0
1994-03-02,28.2,14.2,0.0
1994-03-03,27.0,17.8,0.5
1994-03-04,26.5,17.0,0.0
1994-03-05,29.6,15.7,0.0
1994-03-06,30.0,15.6,0.0
1994-03-07,26.7,17.3,9.3
1994-03-08,27.6,17.8,27.2
1994-03-09,26.6,18.3,0.0
1994-03-10,26.4,18.0,0.0
1994-03-11,27.0,16.0,0.0
1994-03-12,26.7,15.381700753498386,0.0
1994-03-13,27.7,16.0,0.0
1994-03-14,26.6,16.6,0.0
1994-03-15,27.0,17.3,0.0
1994-03-16,27.0,18.0,0.0
1994-03-17,28.5,16.4,0.0
1994-03-18,27.4,15.6,0.0
1994-03-19,27.2,15.775565123789018,0.0
1994-03-20,28.3,13.794725511302476,0.0
1994-03-21,31.2,13.4,0.0
1994-03-22,32.1,14.6,0.0
1994-03-23,31.0,17.9,0.5
1994-03-24,29.2,17.7,0.0
1994-03-25,31.0,16.0,0.0
1994-03-26,32.6,14.9,0.0
1994-03-27,31.8,15.9,0.1
1994-03-28,30.6,16.9,0.8
1994-03-29,32.0,18.5,1.0
1994-03-30,27.8,18.3,5.4
1994-03-31,29.5,16.6,0.1
1994-04-01,23.3,18.1,42.0
1994-04-02,26.2,17.9,47.3
1994-04-03,27.8,18.2,0.0
1994-04-04,26.6,16.7,0.0
1994-04-05,28.6,15.9,0.0
1994-04-06,28.5,15.9,0.0
1994-04-07,28.0,17.6,0.0
1994-04-08,28.6,17.1,0.0
1994-04-09,28.9,15.9,0.0
1994-04-10,28.6,14.5,0.0
1994-04-11,29.8,13.9,0.0
1994-04-12,30.4,14.7,0.0
1994-04-13,30.0,16.7,0.0
1994-04-14,30.3,16.8,0.0
1994-04-15,30.6,17.8,0.0
1994-04-16,29.6,18.0,0.0
1994-04-17,28.4,15.3,0.0
1994-04-18,28.7,15.0,0.0
1994-04-19,28.0,16.0,0.0
1994-04-20,28.2,16.2,0.0
1994-04-21,28.4,14.8,0.0
1994-04-22,29.1,15.2,0.0
1994-04-23,28.5,17.5,0.5
1994-04-24,23.5,16.8,8.6
1994-04-25,22.9,15.8,1.4
1994-04-26,26.1,14.0,0.0
1994-04-27,25.4,11.5,0.0
1994-04-28,25.6,9.1,0.0
1994-04-29,26.5,9.3,0.0
1994-04-30,27.5,10.6,0.0
1994-05-01,27.0,11.0,0.0
1994-05-02,25.7,11.0,0.0
1994-05-03,25.6,8.875026910656617,0.0
1994-05-04,25.4,9.5,0.0
1994-05-05,25.7,9.3,0.0
1994-05-06,26.3,10.3,0.0
1994-05-07,21.845532831001076,13.2,10.533333333333339
1994-05-08,24.9,16.5,3.333333333333334
1994-05-09,22.851453175457483,14.0,0.0
1994-05-10,23.206889128094726,10.9,0.0
1994-05-11,23.7,8.5,0.0
1994-05-12,24.198923573735197,8.2,0.0
1994-05-13,24.8,6.0,0.0
1994-05-14,26.7,6.8,0.0
1994-05-15,24.9,10.2,0.0
1994-05-16,24.0,8.0,0.0
1994-05-17,23.7,14.4,0.0
1994-05-18,24.0,12.2,0.0
1994-05-19,23.6,10.9,0.0
1994-05-20,22.8,5.923143164693218,0.0
1994-05-21,18.248008611410118,4.872874058127018,0.0
1994-05-22,22.766307857911734,10.695263724434868,0.0
1994-05-23,22.7,10.9,0.0
1994-05-24,22.6,8.3,0.0
1994-05-25,22.6,7.5,0.0
1994-05-26,24.6,5.9,0.0
1994-05-27,26.7,7.2,0.0
1994-05-28,27.0,10.4,0.0
1994-05-29,27.9,10.8,0.0
1994-05-30,28.9,12.3,0.0
1994-05-31,28.4,12.6,0.0
1994-06-01,24.6,12.291768631813135,0.0
1994-06-02,21.2,11.8,0.0
1994-06-03,22.0,10.1,0.0
1994-06-04,24.0,6.6,0.0
1994-06-05,25.9,9.3,0.0
1994-06-06,25.9,11.9,0.0
1994-06-07,26.0,7.0,0.0
1994-06-08,26.6,4.7,0.0
1994-06-09,27.587541713014463,9.0,0.0
1994-06-10,25.2,9.345050055617358,0.0
1994-06-11,22.6,9.4,0.0
1994-06-12,20.0,6.1,0.0
1994-06-13,21.1,3.5,0.0
1994-06-14,21.6,1.9,0.0
1994-06-15,21.565962180200223,2.7393770856507236,0.0
1994-06-16,22.5,2.5397107897664073,0.0
1994-06-17,23.0,5.0,0.0
1994-06-18,24.3,4.908898776418244,0.0
1994-06-19,24.8,5.5,0.0
1994-06-20,25.082758620689653,6.0,0.0
1994-06-21,24.84304783092325,7.6,0.0
1994-06-22,23.537597330367074,9.8,0.0
1994-06-23,22.7,9.2,0.0
1994-06-24,23.0,9.0,0.0
1994-06-25,23.1,9.3,0.0
1994-06-26,23.2,9.2,0.0
1994-06-27,22.9,8.5,0.0
1994-06-28,21.9,7.4,0.0
1994-06-29,21.1,5.2,0.0
1994-06-30,22.0,3.5,0.0
1994-07-01,22.1,6.6,0.0
1994-07-02,22.6,5.6,0.0
1994-07-03,24.28998923573735,4.4,0.0
1994-07-04,25.1,4.209580193756728,0.0
1994-07-05,21.9,8.2,0.0
1994-07-06,20.0,9.904090419806238,0.0
1994-07-07,18.2,7.0,0.0
1994-07-08,18.6,4.7,0.0
1994-07-09,17.399784714747042,6.0,0.0
1994-07-10,19.5,5.7,0.0
1994-07-11,22.0,4.0,0.0
1994-07-12,23.8,4.0,0.0
1994-07-13,20.7,8.3,0.0
1994-07-14,20.8,6.7,0.0
1994-07-15,20.0,10.6,0.0
1994-07-16,21.0,6.5,0.0
1994-07-17,21.1,5.6,0.0
1994-07-18,24.0,3.9497308934337996,0.0
1994-07-19,25.6,5.5,0.0
1994-07-20,25.4,6.0,0.0
1994-07-21,21.5,10.4,0.0
1994-07-22,19.0,7.3,0.0
1994-07-23,20.97922497308934,8.4,0.0
1994-07-24,21.0,6.2,0.0
1994-07-25,21.6,6.4,0.0
1994-07-26,22.7,5.4,0.0
1994-07-27,23.963616792249727,6.2,0.0
1994-07-28,21.9,8.7,0.0
1994-07-29,22.8,6.0,0.0
1994-07-30,24.3,7.0,0.0
1994-07-31,24.4,8.5,0.0
1994-08-01,23.01754574811625,5.6,0.0
1994-08-02,24.683530678148543,7.9,0.0
1994-08-03,26.0,9.4,0.0
1994-08-04,26.0,9.7,0.0
1994-08-05,24.4,9.6,0.0
1994-08-06,24.241980624327233,6.9,0.0
1994-08-07,25.4,7.7,0.0
1994-08-08,25.783961248654467,9.519268030139934,0.0
1994-08-09,27.0,10.608934337997848,0.0
1994-08-10,28.2,10.9,0.0
1994-08-11,30.0,11.8,0.0
1994-08-12,31.1,13.5,0.0
1994-08-13,28.6,17.196770721205592,0.0
1994-08-14,28.5,15.3,0.0
1994-08-15,28.7,15.7,0.0
1994-08-16,30.2,15.7,0.0
1994-08-17,30.8,16.4,0.0
1994-08-18,30.499569429494077,16.10688912809473,0.0
1994-08-19,29.9,16.47351991388589,0.0
1994-08-20,28.3,15.2,0.0
1994-08-21,27.1,14.2,0.0
1994-08-22,26.7,13.1,0.0
1994-08-23,26.8,11.8,0.0
1994-08-24,28.5,10.5,0.0
1994-08-25,28.6,12.4,0.0
1994-08-26,26.5,13.8,0.0
1994-08-27,27.0,13.2,0.0
1994-08-28,28.0,13.5,0.0
1994-08-29,28.2,13.8,0.0
1994-08-30,28.3,13.6,0.0
1994-08-31,28.8,13.5,0.0
1994-09-01,29.358064516129033,14.0,0.0
1994-09-02,29.0,12.645606229143494,0.0
1994-09-03,28.81179087875417,12.7,0.0
1994-09-04,29.1,13.2,0.0
1994-09-05,29.2,12.9,0.0
1994-09-06,28.6,13.6,0.0
1994-09-07,29.5,12.6,0.0
1994-09-08,30.6,13.738375973303672,0.0
1994-09-09,30.0,14.8,0.0
1994-09-10,30.3,14.5,0.0
1994-09-11,31.3,14.0,0.0
1994-09-12,32.1,13.8,0.0
1994-09-13,30.9,16.7,0.0
1994-09-14,30.5,15.7,0.0
1994-09-15,30.7,14.5,0.0
1994-09-16,30.2,15.4,0.0
1994-09-17,30.9,14.9,0.0
1994-09-18,30.9,15.9,0.0
1994-09-19,30.6,15.6,0.0
1994-09-20,30.5,16.2,0.0
1994-09-21,29.7,16.89566184649611,0.0
1994-09-22,27.0,15.5,0.0
1994-09-23,26.379532814238043,12.7,0.0
1994-09-24,27.96562847608454,12.1,0.0
1994-09-25,29.53793103448276,12.912124582869854,0.0
1994-09-26,30.5,14.3,0.0
1994-09-27,31.0,16.3,0.0
1994-09-28,19.013125695216907,15.789877641824253,3.4714285714285715
1994-09-29,27.9,15.0,0.0
1994-09-30,30.2,14.5,0.0
1994-10-01,29.9,15.5,0.0
1994-10-02,30.6,15.4,0.0
1994-10-03,31.1,16.4,0.0
1994-10-04,28.7,17.470828848223892,0.0
1994-10-05,27.99935414424112,15.7,0.0
1994-10-06,27.8,14.9,0.0
1994-10-07,28.6,14.252960172228201,0.0
1994-10-08,29.158988159311086,15.9,0.0
1994-10-09,30.5,16.7,0.0
1994-10-10,32.4,16.2,0.0
1994-10-11,35.0,15.4,0.0
1994-10-12,34.0,19.754897739504834,0.0
1994-10-13,32.85640473627556,19.0,0.0
1994-10-14,32.6,19.18223896663078,0.0
1994-10-15,32.1,17.6,0.0
1994-10-16,32.7,17.0,0.0
1994-10-17,34.2,18.07007534983853,0.0
1994-10-18,33.9,19.6,0.0
1994-10-19,32.92960172228202,20.4,0.0
1994-10-20,33.9,22.6,0.0
1994-10-21,31.6,22.960064585575882,0.0
1994-10-22,31.0,20.3,0.0
1994-10-23,30.6,20.0,0.4
1994-10-24,31.0,19.3,0.0
1994-10-25,30.1,18.4,0.0
1994-10-26,29.9,17.2,2.2
1994-10-27,27.3,17.0,9.192000000000004
1994-10-28,22.97965554359526,16.0,46.74400000000001
1994-10-29,20.346609257265875,15.332615715823465,8.112000000000005
1994-10-30,21.305920344456403,15.01270182992465,2.388
1994-10-31,24.273196986006457,16.8,0.0
1994-11-01,29.5,17.3,0.0
1994-11-02,30.2,17.7,0.0
1994-11-03,31.0,18.80923248053393,0.0
1994-11-04,31.2,19.768075639599555,0.0
1994-11-05,32.3,21.2071190211346,0.0
1994-11-06,32.3,20.4,0.0
1994-11-07,32.6,19.6,0.0
1994-11-08,33.4,19.6,0.0
1994-11-09,34.24137931034482,20.4,0.0
1994-11-10,34.512458286985535,21.7,0.0
1994-11-11,33.7,20.0,0.0
1994-11-12,33.7,20.5,0.0
1994-11-13,33.7,22.0,0.0
1994-11-14,32.4,18.9,2.7
1994-11-15,30.4,18.1,2.8
1994-11-16,29.8,17.0,20.8
1994-11-17,25.035372636262515,16.3,3.2
1994-11-18,25.540378197997775,16.3,0.0
1994-11-19,27.5,16.0,0.0
1994-11-20,27.5,16.7,0.0
1994-11-21,28.9,17.6,0.0
1994-11-22,28.74471635150167,18.5,0.0
1994-11-23,30.5,18.4,0.0
1994-11-24,30.5,17.9,0.0
1994-11-25,29.4,19.4,1.0
1994-11-26,30.887652947719687,17.9,1.2
1994-11-27,31.1,16.1,3.0
1994-11-28,31.6,18.1,2.1
1994-11-29,31.0,17.7,0.0
1994-11-30,30.5,18.7,0.2
1994-12-01,31.3,19.0,0.0
1994-12-02,32.4,20.0,0.0
1994-12-03,31.6,18.2,0.0
1994-12-04,31.9,16.1,0.0
1994-12-05,29.4,19.4,0.0
1994-12-06,29.7,17.4,0.0
1994-12-07,31.0,19.83907427341227,0.0
1994-12-08,31.080731969860057,19.4,0.0
1994-12-09,30.0,17.6,15.4
1994-12-10,29.5,17.9,13.281449893390192
1994-12-11,30.0,18.0,0.0
1994-12-12,29.9,17.8,0.0
1994-12-13,26.9,16.7,0.0
1994-12-14,28.0,16.4,30.71300639658849
1994-12-15,25.772228202368137,17.2,41.11044776119401
1994-12-16,25.0,16.4,0.0
1994-12-17,26.0,15.6,0.0
1994-12-18,28.0,14.38686759956943,0.0
1994-12-19,27.4,16.6243272335845,0.0
1994-12-20,29.2,16.6,0.0
1994-12-21,29.475672766415492,17.6,0.0
1994-12-22,29.6,19.4,0.0
1994-12-23,29.86856835306781,17.309903121636165,0.0
1994-12-24,31.0,19.139720129171142,0.0
1994-12-25,31.2,19.2,0.0
1994-12-26,31.2,17.9,0.7
1994-12-27,30.4,17.9,6.907036247334752
1994-12-28,27.2,17.0,18.856503198294245
1994-12-29,25.3,17.5,22.562899786780385
1994-12-30,28.7,17.6,0.0
1994-12-31,27.0,17.2,0.7
1995-01-01,27.8,16.4,8.57247191011236
1995-01-02,26.9,16.6,0.5
1995-01-03,29.1,16.2,0.0
1995-01-04,27.685145317545746,17.9,22.002247191011232
1995-01-05,29.2,17.3,5.208801498127342
1995-01-06,27.9,18.6,32.63314606741571
1995-01-07,27.9,18.2,3.7
1995-01-08,28.9,17.8,5.8
1995-01-09,28.0,18.5,0.5
1995-01-10,28.2,18.0,1.0
1995-01-11,29.1,18.4,6.4
1995-01-12,30.0,18.005059203444556,7.2
1995-01-13,28.7,18.0,5.6
1995-01-14,25.7,18.3,20.87902621722846
1995-01-15,29.2,17.3,21.995505617977535
1995-01-16,27.0,16.8,7.664044943820223
1995-01-17,28.5,18.5,0.0
1995-01-18,30.1,18.4,0.0
1995-01-19,27.5,18.0,0.8
1995-01-20,27.9,18.1,14.239887640449439
1995-01-21,25.0,17.9,42.91011235955057
1995-01-22,20.379978471474704,16.464585575888048,4.899438202247192
1995-01-23,20.77330462863294,16.3,0.0
1995-01-24,24.9,16.9,0.9
1995-01-25,26.6,17.2,13.7629213483146
1995-01-26,27.9,16.4,0.0
1995-01-27,28.7,16.2,0.0
1995-01-28,29.2,15.2,0.0
1995-01-29,21.639935414424112,14.7,24.911048689138575
1995-01-30,25.3,13.958557588805167,0.0
1995-01-31,26.0,17.4,0.5
1995-02-01,27.0,16.3,3.2
1995-02-02,29.0,17.4,0.0
1995-02-03,27.5,18.6,1.4755760368663593
1995-02-04,28.5,18.6,0.0
1995-02-05,28.0,18.5,0.0
1995-02-06,26.5,17.7,2.512442396313364
1995-02-07,24.9,17.7,1.3
1995-02-08,26.9,19.0,0.0
1995-02-09,28.0,18.0,9.330414746543779
1995-02-10,27.0,16.9,12.116129032258065
1995-02-11,25.602145411203818,17.1,21.22350230414747
1995-02-12,29.0,16.4,0.0
1995-02-13,22.887365911799762,17.0,53.941013824884784
1995-02-14,19.879976162097734,16.2,37.97235023041475
1995-02-15,27.091656734207387,16.8,1.3
1995-02-16,25.0,16.8,0.0
1995-02-17,26.7,16.9,4.769585253456222
1995-02-18,27.2,17.7,5.3
1995-02-19,26.4,17.0,4.8
1995-02-20,24.3,16.9,1.5
1995-02-21,23.30989272943981,17.0,53.16682027649772
1995-02-22,24.6,16.9,42.43917050691245
1995-02-23,25.2,16.4,0.0
1995-02-24,25.8,16.9,4.8
1995-02-25,29.0,17.9,17.934562211981564
1995-02-26,24.4,17.9,0.0
1995-02-27,26.4,16.6,0.0
1995-02-28,26.7,16.0,13.5
1995-03-01,27.4,16.9,40.0
1995-03-02,28.2,17.8,25.3
1995-03-03,28.8,17.3,4.9
1995-03-04,27.5,18.0,15.4
1995-03-05,26.7,18.5,27.2
1995-03-06,26.9,18.0,13.0
1995-03-07,27.6,17.2,1.4
1995-03-08,27.1,18.6,0.2
1995-03-09,24.3,18.6,0.0
1995-03-10,25.0,18.0,1.0
1995-03-11,28.7,18.1,28.0
1995-03-12,28.6,18.1,61.0
1995-03-13,21.7,17.2,1.4
1995-03-14,20.6,16.4,1.5
1995-03-15,22.0,15.8,0.0
1995-03-16,21.0,15.4,0.0
1995-03-17,24.2,16.0,0.0
1995-03-18,25.0,16.0,0.0
1995-03-19,23.5,15.6,0.0
1995-03-20,21.0,16.4,0.8
1995-03-21,23.1,16.0,0.0
1995-03-22,24.2,15.480086114101184,0.0
1995-03-23,24.5,13.9,0.0
1995-03-24,25.2,15.5,0.0
1995-03-25,24.3,15.0,0.0
1995-03-26,25.2,14.5,0.0
1995-03-27,27.0,13.396555435952637,0.0
1995-03-28,25.0,17.4,1.3
1995-03-29,26.5,16.2,0.0
1995-03-30,27.3,14.9,0.0
1995-03-31,27.2,14.291711517761033,0.0
1995-04-01,28.9,15.2,1.0
1995-04-02,28.4,15.2,0.0
1995-04-03,29.5,14.0,0.0
1995-04-04,29.1,14.6,0.0
1995-04-05,27.9,18.3,3.7
1995-04-06,26.8,17.3,9.7
1995-04-07,27.6,16.6,0.0
1995-04-08,27.1,15.5,0.0
1995-04-09,27.1,14.3,0.0
1995-04-10,25.5,12.0,0.0
1995-04-11,18.4,16.3,1.2
1995-04-12,25.5,16.4,26.4
1995-04-13,24.8,17.8,0.0
1995-04-14,25.7,17.0,0.0
1995-04-15,26.8,15.9,0.0
1995-04-16,26.2,15.6,0.0
1995-04-17,25.2,16.5,0.0
1995-04-18,25.4,11.9,0.0
1995-04-19,23.3,12.0,0.0
1995-04-20,24.6,15.9,0.0
1995-04-21,24.0,14.8,0.0
1995-04-22,23.7,15.4,0.0
1995-04-23,22.0,14.9,0.0
1995-04-24,21.9,15.0,0.0
1995-04-25,23.5,15.9,0.0
1995-04-26,22.3,15.9,0.0
1995-04-27,24.0,15.8,0.0
1995-04-28,26.0,15.9,0.0
1995-04-29,27.0,16.5,0.0
1995-04-30,27.8,16.8,0.0
1995-05-01,27.071474703982773,16.9,0.0
1995-05-02,26.2,17.0,0.0
1995-05-03,25.2,17.0,0.0
1995-05-04,24.9,13.5,0.0
1995-05-05,25.0,11.414424111948323,0.0
1995-05-06,24.5,9.9,0.0
1995-05-07,24.7,8.9,0.0
1995-05-08,24.7,13.465123789020444,0.0
1995-05-09,25.6,12.5,0.0
1995-05-10,25.7,10.1,0.0
1995-05-11,26.9,8.1,0.0
1995-05-12,27.3,8.4,0.0
1995-05-13,25.4,9.9,0.0
1995-05-14,23.9,9.6,0.0
1995-05-15,23.1,10.4,0.0
1995-05-16,22.9,6.5,0.0
1995-05-17,22.6,4.4638320775026905,0.0
1995-05-18,22.8,0.7954790096878364,0.0
1995-05-19,23.7,5.5,0.0
1995-05-20,24.8,5.273412271259418,0.0
1995-05-21,27.4,6.2,0.0
1995-05-22,29.6,7.9,0.0
1995-05-23,28.0,7.0,0.0
1995-05-24,26.9,5.7,0.0
1995-05-25,26.2,7.997093649085036,0.0
1995-05-26,26.6,6.9,0.0
1995-05-27,27.9,6.7,0.0
1995-05-28,28.8,7.0,0.0
1995-05-29,29.4,7.9,0.0
1995-05-30,30.9,11.5,0.0
1995-05-31,30.6,13.6,0.0
1995-06-01,29.0,13.0,0.0
1995-06-02,28.5,12.9,0.0
1995-06-03,25.7,12.9,0.0
1995-06-04,26.6,12.3,0.0
1995-06-05,28.0,12.4,0.0
1995-06-06,28.407119021134598,12.5,0.0
1995-06-07,29.213570634037826,12.4,0.0
1995-06-08,29.9,12.7,0.0
1995-06-09,30.0,13.0,0.0
1995-06-10,29.2,13.57074527252503,0.0
1995-06-11,26.4,13.7,0.0
1995-06-12,25.6,12.2,0.0
1995-06-13,25.7,11.392880978865415,0.0
1995-06-14,26.7,10.9,0.0
1995-06-15,26.5,10.2,0.0
1995-06-16,27.5,10.5,0.0
1995-06-17,25.5,12.3,0.0
1995-06-18,23.5,11.6,0.0
1995-06-19,21.905784204671857,8.4,0.0
1995-06-20,23.0,5.4,0.0
1995-06-21,25.3,4.99888765294772,0.0
1995-06-22,25.3,6.5,0.0
1995-06-23,25.1,6.5,0.0
1995-06-24,24.6,6.2,0.0
1995-06-25,23.6,8.2,0.0
1995-06-26,24.8,8.5,0.0
1995-06-27,25.8,9.9,0.0
1995-06-28,25.6,10.5,0.0
1995-06-29,24.2,9.7,0.0
1995-06-30,23.9,7.0,0.0
1995-07-01,25.4,8.3,0.0
1995-07-02,25.0,10.5,0.0
1995-07-03,23.9,10.2,0.0
1995-07-04,22.0,10.413347685683522,0.0
1995-07-05,22.9,8.9,0.0
1995-07-06,23.6,10.3,0.0
1995-07-07,24.2,9.0,0.0
1995-07-08,25.295801937567273,9.2,0.0
1995-07-09,25.7,10.3,0.0
1995-07-10,26.3,10.4,0.0
1995-07-11,26.7,8.9,0.0
1995-07-12,26.0,8.0,0.0
1995-07-13,25.9,7.7,0.0
1995-07-14,24.7,7.7,0.0
1995-07-15,22.7,9.4,0.0
1995-07-16,22.3,8.745748116254036,0.0
1995-07-17,23.5,10.4,0.0
1995-07-18,25.7,10.313562970936486,0.0
1995-07-19,26.9,13.5,0.0
1995-07-20,27.6,15.120129171151772,0.0
1995-07-21,28.3,13.8,0.0
1995-07-22,26.7,14.2,0.0
1995-07-23,26.2,12.491173304628624,0.0
1995-07-24,25.9,12.7,0.0
1995-07-25,26.6,14.2,0.0
1995-07-26,26.0,13.0,0.0
1995-07-27,24.7,12.16146393972013,0.0
1995-07-28,24.0,8.9,0.0
1995-07-29,24.0,8.6,0.0
1995-07-30,25.20247578040903,9.8,0.0
1995-07-31,26.0,9.4,0.0
1995-08-01,26.2,8.6,0.0
1995-08-02,31.2,12.3,0.0
1995-08-03,28.6,12.5,0.0
1995-08-04,26.0,11.2,0.0
1995-08-05,27.0,8.9,0.0
1995-08-06,28.1,12.3,0.0
1995-08-07,28.3,16.2,0.0
1995-08-08,29.37857911733046,16.9,0.0
1995-08-09,30.8,15.4,0.0
1995-08-10,31.6,17.003444564047363,0.0
1995-08-11,31.630893433799777,15.503659849300318,0.0
1995-08-12,32.086114101184066,16.4,0.0
1995-08-13,31.1,16.7,0.0
1995-08-14,30.9,15.5,0.0
1995-08-15,29.0,15.6,0.0
1995-08-16,27.0,15.0,0.0
1995-08-17,26.8,12.8,0.0
1995-08-18,27.0,12.6,0.0
1995-08-19,26.8,13.4,0.0
1995-08-20,25.273412271259417,13.1,0.0
1995-08-21,24.9,11.5,0.0
1995-08-22,24.2,11.6,0.0
1995-08-23,23.4,10.3,0.0
1995-08-24,24.2,7.9,0.0
1995-08-25,23.1,8.0,0.0
1995-08-26,24.183315392895587,10.7,0.0
1995-08-27,25.2,10.4,0.0
1995-08-28,26.3,11.2,0.0
1995-08-29,27.4,13.0,0.0
1995-08-30,29.6,14.7,0.0
1995-08-31,28.2,14.6,0.0
1995-09-01,21.46651835372636,10.5,0.0
1995-09-02,17.733259176863182,6.513125695216908,0.0
1995-09-03,21.05984427141268,4.5,0.0
1995-09-04,21.859733036707453,4.873303670745273,0.0
1995-09-05,21.653170189099,7.0,0.0
1995-09-06,23.473192436040044,7.013236929922136,0.0
1995-09-07,25.61968854282536,9.5,0.0
1995-09-08,27.5,12.0,0.0
1995-09-09,28.0,13.8,0.0
1995-09-10,29.2,14.9,0.0
1995-09-11,30.7,17.5,0.0
1995-09-12,32.3,17.8,0.0
1995-09-13,33.5,18.0,0.0
1995-09-14,34.2,20.25350389321469,0.0
1995-09-15,33.4,16.9,0.0
1995-09-16,30.2,15.3,0.0
1995-09-17,30.9,15.0,1.2857142857142856
1995-09-18,28.9,16.569187986651837,0.0
1995-09-19,28.6,18.5,0.0
1995-09-20,30.0,17.9,0.8571428571428571
1995-09-21,28.3,17.088654060066744,0.0
1995-09-22,28.5,17.308453837597334,0.0
1995-09-23,20.399666295884316,15.4,0.0
1995-09-24,24.806451612903228,13.551835372636264,0.0
1995-09-25,27.03270300333704,12.6,0.0
1995-09-26,28.2,11.372747497219132,0.0
1995-09-27,28.4,11.09276974416018,0.0
1995-09-28,28.7,11.0,0.0
1995-09-29,29.9,10.6,0.0
1995-09-30,29.6,12.8,0.0
1995-10-01,26.233046286329387,12.0,0.0
1995-10-02,26.672981700753496,11.466523143164693,0.0
1995-10-03,27.906027987082883,11.6,0.0
1995-10-04,29.498923573735198,12.572874058127017,0.0
1995-10-05,30.1,16.7,0.0
1995-10-06,30.2,17.9,0.0
1995-10-07,27.172443487621095,16.7,0.0
1995-10-08,29.8,15.6,0.72
1995-10-09,29.572228202368137,13.9,0.3760000000000001
1995-10-10,24.519698600645857,14.2,0.0
1995-10-11,25.67976318622174,15.9,0.0
1995-10-12,27.8,14.339612486544672,0.0
1995-10-13,28.6,13.6,4.816000000000001
1995-10-14,24.9264800861141,14.5,1.6480000000000006
1995-10-15,27.2,13.806135629709365,2.4760000000000004
1995-10-16,28.0,14.0,0.0
1995-10-17,28.7,15.5,0.0
1995-10-18,30.0,14.8,0.0
1995-10-19,30.6,16.3,0.0
1995-10-20,31.3,19.0,0.0
1995-10-21,32.7,19.6,0.0
1995-10-22,33.2,18.4,0.0
1995-10-23,32.1,18.6,0.0
1995-10-24,30.5,19.0,0.0
1995-10-25,29.7,17.2,0.0
1995-10-26,30.0,16.0,0.0
1995-10-27,31.4,17.9,0.0
1995-10-28,33.2,16.4,0.0
1995-10-29,33.9,17.6,0.0
1995-10-30,34.4,19.2,0.0
1995-10-31,33.9,21.680301399354132,0.0
1995-11-01,32.5,20.0,0.0
1995-11-02,31.9,19.3,2.5
1995-11-03,29.854393770856507,18.0,11.0
1995-11-04,31.0,17.2,0.0
1995-11-05,31.6,16.7,0.0
1995-11-06,32.5,18.5,0.0
1995-11-07,33.2,17.9,0.0
1995-11-08,33.0,18.2,0.0
1995-11-09,33.8,18.4,0.0
1995-11-10,35.4,17.7,0.0
1995-11-11,35.5,18.8,0.0
1995-11-12,34.8,18.795995550611796,0.0
1995-11-13,32.8,18.9,0.0
1995-11-14,33.2,19.0,0.0
1995-11-15,32.5,19.7,0.0
1995-11-16,30.6,17.6,3.4
1995-11-17,30.7,18.5,0.0
1995-11-18,31.9,19.4,0.0
1995-11-19,32.3,18.5,0.0
1995-11-20,33.4,17.2,0.0
1995-11-21,33.3,18.8,0.0
1995-11-22,33.6,20.6,0.0
1995-11-23,34.7,20.3,0.0
1995-11-24,34.8,19.9,0.0
1995-11-25,35.241045606229136,21.3,0.0
1995-11-26,32.1,18.7,1.0
1995-11-27,28.0,17.8,15.9
1995-11-28,26.930033370411568,17.4,73.8
1995-11-29,22.85072302558398,16.0,64.7
1995-11-30,24.825027808676307,15.8,2.6
1995-12-01,25.3,16.8,8.6
1995-12-02,29.0,17.2,2.9
1995-12-03,24.8,16.4,2.4
1995-12-04,22.873089343379977,17.4,0.0
1995-12-05,25.1,17.2,1.0
1995-12-06,27.9,16.9,0.0
1995-12-07,28.1,16.9,0.8
1995-12-08,27.9,18.0,18.8
1995-12-09,28.7,17.2,0.0
1995-12-10,29.4,17.2,2.3
1995-12-11,26.7,17.5,0.0
1995-12-12,28.1302475780409,17.4,4.889552238805971
1995-12-13,29.9,18.0,2.6
1995-12-14,29.7,17.9,0.0
1995-12-15,30.6,18.0,3.1415778251599153
1995-12-16,26.0,16.8,2.0
1995-12-17,27.0,16.6,0.5
1995-12-18,23.2,16.1,13.441151385927508
1995-12-19,21.38643702906351,14.935306781485469,0.0
1995-12-20,24.0,13.941872981700755,0.0
1995-12-21,24.2,16.0,0.0
1995-12-22,24.0,16.3,0.0
1995-12-23,25.03928955866523,15.7,0.0
1995-12-24,24.6,16.0,0.0
1995-12-25,25.61227125941873,17.3,0.0
1995-12-26,27.5,16.0,0.0
1995-12-27,28.3,16.0,0.0
1995-12-28,26.9,17.6,5.8
1995-12-29,28.4,17.4,0.0
1995-12-30,27.8,17.0,0.0
1995-12-31,28.9,16.8,0.0
1996-01-01,27.1,17.5,0.0
1996-01-02,26.5,17.0,0.0
1996-01-03,28.0,15.8,0.0
1996-01-04,29.4,15.06383207750269,0.0
1996-01-05,29.7,16.0,0.0
1996-01-06,30.2,15.785575888051667,0.0
1996-01-07,31.496770721205593,16.2,0.0
1996-01-08,29.2,18.5,0.0
1996-01-09,29.1,18.1,1.2
1996-01-10,28.9,17.1,1.8
1996-01-11,29.9,15.7,0.0
1996-01-12,29.4,16.2,2.1
1996-01-13,29.0,17.3,1.8
1996-01-14,29.0,15.9,39.73445692883896
1996-01-15,27.1,17.0,2.326404494382022
1996-01-16,25.8,15.6,1.0
1996-01-17,26.365877287405812,15.9,0.0
1996-01-18,27.5,15.0,0.0
1996-01-19,29.1,16.4,0.0
1996-01-20,30.206996770721197,15.4,0.0
1996-01-21,26.1,17.1,0.0
1996-01-22,28.6,16.7,5.5
1996-01-23,29.2,16.6,0.0
1996-01-24,29.6,15.1,0.0
1996-01-25,30.6,15.2,0.0
1996-01-26,31.586759956942952,16.7,0.0
1996-01-27,30.62023681377826,18.2,0.0
1996-01-28,28.9,18.0,0.0
1996-01-29,28.5,17.5,0.0
1996-01-30,29.9,16.6,0.0
1996-01-31,31.1,19.2,0.0
1996-02-01,31.6,18.4,0.0
1996-02-02,31.68259833134683,18.1,0.0
1996-02-03,32.9,20.8,0.0
1996-02-04,32.9,20.215017878426714,0.0
1996-02-05,30.9,18.4,0.0
1996-02-06,29.2,16.5,9.4
1996-02-07,29.8,18.8,27.352073732718896
1996-02-08,30.435280095351605,18.9,9.22857142857143
1996-02-09,30.265315852205006,17.6,3.8
1996-02-10,30.0,16.4,0.0
1996-02-11,27.1,16.856615017878426,27.0
1996-02-12,25.0,17.7,22.629953917050695
1996-02-13,27.4,17.008939213349226,27.15345622119817
1996-02-14,26.9,18.0,2.4096774193548383
1996-02-15,28.0,18.8,15.542857142857157
1996-02-16,29.715494636471984,19.0,1.0
1996-02-17,30.2,18.2,0.0
1996-02-18,27.7,15.9,6.600921658986178
1996-02-19,23.5,17.9,5.58341013824885
1996-02-20,25.5,18.4,33.643778801843396
1996-02-21,25.7,17.9,29.71566820276497
1996-02-22,28.5,19.067580452920136,13.0
1996-02-23,28.7,17.9,11.0
1996-02-24,29.5,16.094517282479142,2.6
1996-02-25,25.874612634088198,17.1,13.975576036866357
1996-02-26,25.9,15.882121573301548,0.0
1996-02-27,26.7,15.7,4.952073732718897
1996-02-28,26.0,16.7,26.8
1996-03-01,25.6,17.5,13.0
1996-03-02,25.1,17.1,6.8
1996-03-03,26.7,16.9,13.0
1996-03-04,23.4,18.0,1.3
1996-03-05,25.3,16.4,4.6
1996-03-06,29.7,13.6,0.0
1996-03-07,31.0,14.5,0.0
1996-03-08,30.6,15.9,0.0
1996-03-09,30.0,15.3,0.0
1996-03-10,30.7,14.9,0.0
1996-03-11,28.3,17.0,0.0
1996-03-12,28.7,15.0,0.0
1996-03-13,28.2,14.9,0.0
1996-03-14,30.0,14.0,0.0
1996-03-15,27.6,16.4,0.0
1996-03-16,27.1,13.0,0.0
1996-03-17,29.5,11.6,0.0
1996-03-18,30.7,12.2,0.0
1996-03-19,31.1,15.0,0.0
1996-03-20,31.8,17.0,0.0
1996-03-21,33.2,16.3,0.0
1996-03-22,31.8,18.4,0.0
1996-03-23,29.7,15.6,0.0
1996-03-24,29.6,13.7,0.0
1996-03-25,28.4,11.599246501614639,0.0
1996-03-26,29.0,10.499354144241119,0.0
1996-03-27,29.6,11.499354144241119,0.0
1996-03-28,30.9,12.196770721205596,0.0
1996-03-29,32.3,13.2,0.0
1996-03-30,32.9,14.0,0.0
1996-03-31,29.0,16.4,0.0
1996-04-01,28.6,15.0,0.0
1996-04-02,25.7,15.9,0.0
1996-04-03,27.2,16.2,0.0
1996-04-04,27.6,14.0,0.0
1996-04-05,27.9,13.9,0.0
1996-04-06,28.1,13.5,0.0
1996-04-07,29.8,11.5,0.0
1996-04-08,31.7,10.7,0.0
1996-04-09,32.3,13.0,0.0
1996-04-10,30.7,16.3,0.0
1996-04-11,26.1,17.0,0.0
1996-04-12,27.3,15.8,0.0
1996-04-13,28.4,15.2,0.0
1996-04-14,29.3,14.1,0.0
1996-04-15,29.2,13.8,0.0
1996-04-16,29.0,12.8,0.0
1996-04-17,28.3,15.1,0.0
1996-04-18,29.0,15.7,0.0
1996-04-19,29.7,14.5,0.0
1996-04-20,29.9,14.5,0.0
1996-04-21,30.2,14.5,0.0
1996-04-22,29.1,15.7,0.0
1996-04-23,28.6,12.9,0.0
1996-04-24,28.7,12.2,0.0
1996-04-25,29.7,12.9,0.0
1996-04-26,30.1,13.2,0.0
1996-04-27,29.7,14.4,0.0
1996-04-28,30.3,14.4,0.0
1996-04-29,30.6,14.2,0.0
1996-04-30,30.4,15.0,0.0
1996-05-01,29.3,14.7,0.0
1996-05-02,28.5,13.9,0.0
1996-05-03,27.0,12.9,0.0
1996-05-04,28.34714747039827,11.2,0.0
1996-05-05,30.2,10.9,0.0
1996-05-06,30.1,14.3,0.0
1996-05-07,29.224327233584493,14.2,0.0
1996-05-08,26.4,13.0,0.0
1996-05-09,24.9,10.4,0.0
1996-05-10,24.6,9.1,0.0
1996-05-11,23.9,9.1,0.0
1996-05-12,24.3,7.9,0.0
1996-05-13,26.1,8.5,0.0
1996-05-14,27.2,11.0,0.0
1996-05-15,27.6,15.0,0.0
1996-05-16,27.8,14.2,0.0
1996-05-17,27.5,12.2,0.0
1996-05-18,24.7,11.7,0.0
1996-05-19,24.0,8.0,0.0
1996-05-20,24.6,5.5,0.0
1996-05-21,25.7,5.5,0.0
1996-05-22,25.9,9.0,0.0
1996-05-23,25.3,9.5,0.0
1996-05-24,25.0,8.9,0.0
1996-05-25,24.3,7.1,0.0
1996-05-26,23.9,8.511194833153924,0.0
1996-05-27,24.1,8.6,0.0
1996-05-28,25.7,8.4,0.0
1996-05-29,27.5,8.0,0.0
1996-05-30,28.6,8.1,0.0
1996-05-31,29.2,9.364262648008605,0.0
1996-06-01,28.0,10.9,0.0
1996-06-02,27.2,12.431590656284769,0.0
1996-06-03,26.9,11.8,0.0
1996-06-04,27.3,11.7,0.0
1996-06-05,27.1,13.5,0.0
1996-06-06,27.0,14.4,0.0
1996-06-07,22.6,12.6,0.0
1996-06-08,21.9,13.190989988876535,0.0
1996-06-09,22.7,10.9,0.0
1996-06-10,23.9,8.9,0.0
1996-06-11,24.64994438264739,9.6,0.0
1996-06-12,25.0,10.8,0.0
1996-06-13,24.4,10.7,0.0
1996-06-14,23.2,9.3,0.0
1996-06-15,22.7,5.6,0.0
1996-06-16,23.2,3.9,0.0
1996-06-17,24.6,4.529032258064517,0.0
1996-06-18,25.6,7.0,0.0
1996-06-19,26.3,9.2,0.0
1996-06-20,26.1,8.1,0.0
1996-06-21,25.0,10.0,0.0
1996-06-22,22.052280311457174,8.6,0.0
1996-06-23,21.4,5.6,0.0
1996-06-24,21.2,4.059176863181313,0.0
1996-06-25,22.1,3.2,0.0
1996-06-26,22.0,4.0,0.0
1996-06-27,22.0,6.0,0.0
1996-06-28,22.3,5.6,0.0
1996-06-29,22.7,5.2,0.0
1996-06-30,22.7,4.129143492769744,0.0
1996-07-01,22.3,6.98772874058127,0.0
1996-07-02,20.139504843918193,8.7,0.0
1996-07-03,20.4,6.3,0.0
1996-07-04,22.3,7.4273412271259405,0.0
1996-07-05,24.0,9.6,0.0
1996-07-06,25.2,10.9,0.0
1996-07-07,25.2,10.3,0.0
1996-07-08,25.9,8.2,0.0
1996-07-09,25.7,8.0,0.0
1996-07-10,26.0,8.0,0.0
1996-07-11,25.1,9.2,0.0
1996-07-12,25.2,8.3,0.0
1996-07-13,26.0,4.2,0.0
1996-07-14,21.75199138858988,10.7,0.0
1996-07-15,19.0,8.9,0.0
1996-07-16,20.9,6.5,0.0
1996-07-17,21.7,4.0,0.0
1996-07-18,23.5,4.0,0.0
1996-07-19,21.2,10.2,0.0
1996-07-20,16.63982777179763,6.0,0.0
1996-07-21,18.9264800861141,4.389558665231432,0.0
1996-07-22,19.32637244348762,4.0,0.0
1996-07-23,21.0,5.3,0.0
1996-07-24,23.7,7.5,0.0
1996-07-25,23.8,9.5,0.0
1996-07-26,23.3,10.0,0.0
1996-07-27,23.9,9.4,0.0
1996-07-28,24.5,9.9,0.0
1996-07-29,25.0,9.6,0.0
1996-07-30,25.4,10.4,0.0
1996-07-31,25.62217438105489,10.3,0.0
1996-08-01,24.3,7.9,0.0
1996-08-02,26.4,8.62615715823466,0.0
1996-08-03,29.78557588805166,11.2,0.0
1996-08-04,25.7,11.9,0.0
1996-08-05,24.2,7.0,0.0
1996-08-06,21.4,9.126049515608178,0.0
1996-08-07,21.2,6.1,0.0
1996-08-08,21.31044133476857,4.459956942949408,0.0
1996-08-09,21.3,5.3665231431646925,0.0
1996-08-10,22.6,3.3666307857911733,0.0
1996-08-11,24.0,6.2,0.0
1996-08-12,25.0,7.0097954790096875,0.0
1996-08-13,25.639074273412266,8.8994617868676,0.0
1996-08-14,26.4,10.4,0.0
1996-08-15,27.0,11.0,0.0
1996-08-16,27.6,12.0,0.0
1996-08-17,27.2,13.0,0.0
1996-08-18,25.7,13.9,0.0
1996-08-19,24.4,12.0,0.0
1996-08-20,24.0,10.2,0.0
1996-08-21,23.7,10.5,0.0
1996-08-22,22.758880516684606,10.7,0.0
1996-08-23,24.4,10.2,0.0
1996-08-24,26.373842841765335,11.4,0.0
1996-08-25,26.7,13.0,0.0
1996-08-26,25.0,13.074488697524222,0.0
1996-08-27,24.2,11.94833153928956,0.0
1996-08-28,24.3,11.5,0.0
1996-08-29,26.0,11.3,0.0
1996-08-30,29.0,12.6,0.0
1996-08-31,31.378902045209884,15.6,0.0
1996-09-01,31.5,20.086874304783098,0.0
1996-09-02,31.0,18.1,0.0
1996-09-03,30.0,17.6,0.0
1996-09-04,28.9,17.8,0.0
1996-09-05,27.6,18.5,0.0
1996-09-06,28.0,16.0,0.0
1996-09-07,26.0,12.4,0.0
1996-09-08,26.066295884315906,9.992992213570634,0.0
1996-09-09,26.066295884315906,9.6,0.0
1996-09-10,26.8,9.6,0.0
1996-09-11,27.7,10.6,0.0
1996-09-12,29.2,11.8,0.0
1996-09-13,31.4,14.3,0.0
1996-09-14,32.9,16.2,0.0
1996-09-15,32.8,18.5,0.0
1996-09-16,32.5,17.8,0.0
1996-09-17,32.2,17.2,0.0
1996-09-18,33.0,17.5,0.0
1996-09-19,34.0,16.7,0.0
1996-09-20,32.5,16.9,0.0
1996-09-21,31.2,18.4,0.0
1996-09-22,32.0,19.5,0.0
1996-09-23,31.1,19.4,0.0
1996-09-24,30.3,17.2,0.0
1996-09-25,31.0,16.0,0.0
1996-09-26,31.6,16.2,0.0
1996-09-27,32.8,16.72235817575084,0.0
1996-09-28,34.0,17.8,0.0
1996-09-29,34.693659621802006,19.100556173526147,0.0
1996-09-30,34.2,19.940266963292554,0.0
1996-10-01,33.2091496232508,19.5,0.0
1996-10-02,32.1,19.0,0.0
1996-10-03,29.8,17.9,0.0
1996-10-04,28.0,16.13875134553283,0.0
1996-10-05,29.0,16.5,0.0
1996-10-06,28.5,15.7,0.0
1996-10-07,28.57255113024758,13.2,0.0
1996-10-08,29.9,13.0,0.0
1996-10-09,31.7307857911733,14.9,0.0
1996-10-10,34.1,16.2,0.0
1996-10-11,35.6,18.4,0.0
1996-10-12,35.0,22.2,0.0
1996-10-13,33.5,22.0,0.0
1996-10-14,32.0,20.5,0.0
1996-10-15,32.9,19.5,0.0
1996-10-16,33.5,19.4,0.0
1996-10-17,33.2,18.8,0.0
1996-10-18,32.4,19.6,0.0
1996-10-19,32.2,17.9,0.0
1996-10-20,33.3,18.4,0.0
1996-10-21,34.1,18.6,0.0
1996-10-22,35.0,19.4,0.0
1996-10-23,32.0,20.32099031216361,0.0
1996-10-24,30.2,17.4,0.0
1996-10-25,29.318945102260496,17.2,0.0
1996-10-26,29.7,16.5,0.0
1996-10-27,31.4,16.9,0.0
1996-10-28,33.7,18.2,0.0
1996-10-29,34.7,21.3,0.0
1996-10-30,33.9,21.9,0.0
1996-10-31,31.9,20.187836383207742,2.2
1996-11-01,31.9,18.9,0.0
1996-11-02,32.5,18.3,0.0
1996-11-03,32.86918798665183,20.4,0.0
1996-11-04,32.5,21.840266963292557,0.0
1996-11-05,31.0,18.9,6.8
1996-11-06,29.6,17.7,63.3
1996-11-07,27.585761957730814,17.4,19.9
1996-11-08,24.260734149054503,16.5,23.4
1996-11-09,21.437152391546164,15.5,0.0
1996-11-10,26.2,15.9,0.0
1996-11-11,28.7,15.3,1.0
1996-11-12,28.7,17.0,2.5
1996-11-13,29.47830923248053,16.5,0.0
1996-11-14,30.5,18.0,0.0
1996-11-15,31.0,17.6,0.0
1996-11-16,31.2,18.5,0.0
1996-11-17,31.1,19.4,0.0
1996-11-18,30.2,18.4,0.0
1996-11-19,30.02369299221357,16.5,0.0
1996-11-20,30.7,15.6,0.0
1996-11-21,30.5,19.2,0.0
1996-11-22,31.0,19.5,0.0
1996-11-23,30.0,18.5,0.0
1996-11-24,29.7,16.9,0.0
1996-11-25,27.45361512791991,16.872080088987765,0.0
1996-11-26,23.957508342602893,16.279310344827586,5.8
1996-11-27,27.5,16.2,0.0
1996-11-28,29.7,16.0,0.0
1996-11-29,29.9,16.4,0.0
1996-11-30,30.0,16.0,0.0
1996-12-01,30.3,16.41496232508073,0.0
1996-12-02,31.5,17.6,0.0
1996-12-03,31.0,18.9,0.0
1996-12-04,30.9,17.8,0.0
1996-12-05,30.34790096878363,16.3,0.0
1996-12-06,27.1,16.9,0.0
1996-12-07,28.0,18.2,0.0
1996-12-08,30.7,16.7,0.4
1996-12-09,30.0,17.1,0.8
1996-12-10,30.2,17.9,0.40852878464818776
1996-12-11,30.1,18.1,0.9
1996-12-12,30.5,17.5,2.9
1996-12-13,27.9,17.6,21.860767590618337
1996-12-14,28.0,18.6,4.9
1996-12-15,29.0,18.5,2.3
1996-12-16,30.0,18.9,2.5
1996-12-17,30.6,18.9,1.7
1996-12-18,28.6,18.2,0.0
1996-12-19,27.7,18.8,0.0
1996-12-20,29.7,18.4,0.0
1996-12-21,29.9,17.3,0.0
1996-12-22,29.0,16.9,3.6
1996-12-23,27.0,19.0,1.8477611940298504
1996-12-24,23.2,18.2,0.6
1996-12-25,25.0,17.9,4.4
1996-12-26,26.2,18.5,0.5
1996-12-27,26.6,18.9,1.7
1996-12-28,28.6,18.0,2.766098081023455
1996-12-29,29.0,17.5,0.0
1996-12-30,29.6,18.1,14.745415778251601
1996-12-31,27.6,18.28385360602799,14.892537313432841
1997-01-01,24.5,18.8,33.9503745318352
1997-01-02,24.8,18.4,49.345505617977516
1997-01-03,27.7,17.4,0.0
1997-01-04,27.0,17.9,0.0
1997-01-05,28.0,16.3,0.0
1997-01-06,28.4,16.8,1.4
1997-01-07,29.1,18.9,17.0
1997-01-08,27.8,18.3,7.562172284644196
1997-01-09,30.4,17.0,0.0
1997-01-10,29.3,19.0,0.0
1997-01-11,31.040150699677067,16.9,0.0
1997-01-12,31.8,18.9,0.0
1997-01-13,30.0,19.6,2.949812734082397
1997-01-14,25.9,18.3,0.0
1997-01-15,24.7,17.647039827771795,0.0
1997-01-16,26.8,16.5,0.0
1997-01-17,26.995586652314316,16.7,0.0
1997-01-18,26.7,16.9,0.0
1997-01-19,27.2,19.3,0.0
1997-01-20,31.1,19.7,0.0
1997-01-21,30.2,19.5,0.0
1997-01-22,31.8,18.6,0.0
1997-01-23,27.8,17.8,1.4
1997-01-24,27.6,17.8,11.316479400749063
1997-01-25,23.599892357373523,18.0,14.0
1997-01-26,23.689881593110872,18.5,14.341760299625467
1997-01-27,22.44983853606028,18.0,70.6
1997-01-28,22.859849300322928,17.9,29.137265917602996
1997-01-29,24.6,17.6,16.0
1997-01-30,24.5,17.0,1.0664794007490634
1997-01-31,25.0,17.3,2.4
1997-02-01,31.4,15.4,0.0
1997-02-02,29.0,18.2,0.7258064516129032
1997-02-03,27.0,17.5,0.0
1997-02-04,28.7,15.612157330154947,0.0
1997-02-05,30.6,14.4,0.0
1997-02-06,29.5,16.5,0.0
1997-02-07,31.495113230035752,16.9,0.0
1997-02-08,29.6,17.6,0.0
1997-02-09,28.5,18.6,0.0
1997-02-10,27.4,16.7,4.0
1997-02-11,28.2,17.0,4.4
1997-02-12,28.0,18.2,1.7695852534562222
1997-02-13,29.0,17.0,0.0
1997-02-14,30.0,15.2,0.0
1997-02-15,30.4,16.5,0.0
1997-02-16,29.0,17.6,0.8
1997-02-17,30.0,16.7,8.7
1997-02-18,24.56984505363528,17.6,14.076497695852535
1997-02-19,26.5,18.0,39.47511520737327
1997-02-20,24.5,16.5,17.409677419354843
1997-02-21,26.9,16.2,19.03456221198157
1997-02-22,27.2,17.8,24.939170506912443
1997-02-23,28.4,17.0,1.3
1997-02-24,28.6,16.0,0.0
1997-02-25,28.7,15.0,0.0
1997-02-26,27.9,14.6,0.0
1997-02-27,30.0,15.5,0.0
1997-02-28,28.1,18.4,0.0
1997-03-01,28.5,17.6,1.6
1997-03-02,29.0,18.5,21.8
1997-03-03,28.0,17.7,9.8
1997-03-04,28.8,16.9,1.2
1997-03-05,25.0,16.4,1.9
1997-03-06,28.0,17.0,0.0
1997-03-07,30.7,17.2,0.0
1997-03-08,31.4,17.9,0.9
1997-03-09,27.8,18.5,2.0
1997-03-10,26.2,18.1,0.0
1997-03-11,27.9,17.82669537136706,0.0
1997-03-12,28.9,16.5,0.0
1997-03-13,28.5,16.9,0.0
1997-03-14,28.3,18.0,0.0
1997-03-15,26.9,16.46210979547901,0.0
1997-03-16,27.6,16.0,0.0
1997-03-17,23.6,17.8,47.0
1997-03-18,24.9,18.6,2.5
1997-03-19,25.5,17.4,0.0
1997-03-20,27.6,16.6,0.0
1997-03-21,27.0,16.0,0.0
1997-03-22,27.7,14.0,0.0
1997-03-23,30.3,13.5,0.0
1997-03-24,30.0,15.3,0.0
1997-03-25,30.0,15.0,0.0
1997-03-26,30.2,14.5,1.4
1997-03-27,26.2,18.4,4.4
1997-03-28,26.7,18.0,1.7
1997-03-29,27.2,17.2,0.0
1997-03-30,28.7,16.1,0.0
1997-03-31,28.2,16.9,0.0
1997-04-01,27.9,14.4,0.0
1997-04-02,28.9,12.7,0.0
1997-04-03,29.5,12.2,0.0
1997-04-04,30.0,11.5,0.0
1997-04-05,31.2,12.7,0.0
1997-04-06,31.7,14.5,0.0
1997-04-07,32.7,15.7,0.0
1997-04-08,32.4,16.4,0.0
1997-04-09,32.9,17.2,0.0
1997-04-10,31.3,16.0,0.0
1997-04-11,28.6,18.4,0.0
1997-04-12,26.1,18.0,0.0
1997-04-13,26.9,18.7,0.0
1997-04-14,26.3,16.3,0.0
1997-04-15,27.6,14.3,0.0
1997-04-16,27.4,14.4,0.0
1997-04-17,27.6,13.9,0.0
1997-04-18,28.5,12.2,0.0
1997-04-19,29.8,12.6,0.0
1997-04-20,29.9,13.2,0.0
1997-04-21,30.4,12.8,0.0
1997-04-22,30.6,14.0,0.0
1997-04-23,31.4,14.1,0.0
1997-04-24,31.3,15.3,0.0
1997-04-25,29.5,16.3,0.0
1997-04-26,25.5,17.8,0.0
1997-04-27,29.6,17.0,0.0
1997-04-28,30.4,16.2,0.0
1997-04-29,30.8,16.0,0.0
1997-04-30,32.5,16.1,0.0
1997-05-01,32.51485468245425,18.0,0.0
1997-05-02,30.7,17.2,0.0
1997-05-03,29.750053821313237,16.951991388589857,0.0
1997-05-04,28.9,17.4,0.0
1997-05-05,25.4,15.452637244348718,0.0
1997-05-06,29.6,16.5,0.0
1997-05-07,29.6,18.106781485468222,0.0
1997-05-08,30.1,16.9,0.0
1997-05-09,28.1,14.5,0.0
1997-05-10,25.8,12.9,0.0
1997-05-11,28.6,12.5,0.0
1997-05-12,29.5,11.7,0.0
1997-05-13,26.5,14.7,0.0
1997-05-14,23.5,12.4,0.0
1997-05-15,24.6,9.4,0.0
1997-05-16,24.924111948331536,7.7,0.0
1997-05-17,24.4,9.610010764262642,0.0
1997-05-18,24.5,9.7,0.0
1997-05-19,25.0,8.695371367061352,0.0
1997-05-20,26.6,7.637782561894508,0.0
1997-05-21,28.0,7.9,0.0
1997-05-22,26.5,11.5,0.0
1997-05-23,24.2,10.0,0.0
1997-05-24,23.9,8.354144241119482,0.0
1997-05-25,25.5,5.4,0.0
1997-05-26,25.0,6.5,0.0
1997-05-27,26.331431646932174,5.4,0.0
1997-05-28,26.8,11.0,0.0
1997-05-29,16.170290635091497,13.9,1.3388888888888888
1997-05-30,21.7,14.6,0.0
1997-05-31,24.41474703982777,12.5,0.0
1997-06-01,24.8,11.0,0.0
1997-06-02,24.8,10.2,0.0
1997-06-03,25.0,10.493882091212463,0.0
1997-06-04,24.8,9.115239154616244,0.0
1997-06-05,25.0,8.4,0.0
1997-06-06,24.1,8.9,0.0
1997-06-07,25.2,6.5,0.0
1997-06-08,25.2,4.309121245828698,0.0
1997-06-09,25.7,5.0,0.0
1997-06-10,26.3,5.338598442714129,0.0
1997-06-11,23.8,8.9,0.0
1997-06-12,20.339710789766407,2.2697441601779755,0.0
1997-06-13,20.0,1.8698553948832035,0.0
1997-06-14,20.0,1.7,0.0
1997-06-15,20.7,2.2,0.0
1997-06-16,22.0,9.0,0.0
1997-06-17,22.5,6.9,0.0
1997-06-18,23.670856507230255,3.9,0.0
1997-06-19,24.5,3.4,0.0
1997-06-20,23.0,3.3,0.0
1997-06-21,17.386651835372636,6.4977753058954395,0.0
1997-06-22,19.2,2.0997775305895443,0.0
1997-06-23,18.606562847608455,1.1599555061179088,0.0
1997-06-24,19.066518353726362,0.3,0.0
1997-06-25,19.93314794215795,0.9299221357063405,0.0
1997-06-26,19.5,1.0,0.0
1997-06-27,19.6,1.7898776418242495,0.0
1997-06-28,21.4,1.7,0.0
1997-06-29,22.9,1.8,0.0
1997-06-30,23.0,1.0699666295884316,0.0
1997-07-01,22.0,5.1,0.0
1997-07-02,20.4,6.7878363832077495,0.0
1997-07-03,20.0,7.8,0.0
1997-07-04,20.2,9.2,0.0
1997-07-05,21.4,8.825726587728742,0.0
1997-07-06,21.4,6.0,0.0
1997-07-07,22.3,4.9,0.0
1997-07-08,23.2,4.2,0.0
1997-07-09,21.1,7.8,0.0
1997-07-10,20.0,6.0,0.0
1997-07-11,21.9,4.439504843918192,0.0
1997-07-12,22.3,5.9785791173304625,0.0
1997-07-13,20.3,7.866953713670611,0.0
1997-07-14,20.9,6.2,0.0
1997-07-15,22.4,6.5,0.0
1997-07-16,22.6,6.9,0.0
1997-07-17,22.0,6.7,0.0
1997-07-18,21.0,7.1,0.0
1997-07-19,20.7,6.0,0.0
1997-07-20,21.4,5.0,0.0
1997-07-21,23.0,3.0,0.0
1997-07-22,23.0,5.1,0.0
1997-07-23,21.0,7.7,0.0
1997-07-24,20.22615715823466,5.9,0.0
1997-07-25,19.9,7.0,0.0
1997-07-26,17.7,5.0,0.0
1997-07-27,18.666523143164692,5.9,0.0
1997-07-28,20.7,3.409795479009688,0.0
1997-07-29,23.0,6.098385360602798,0.0
1997-07-30,26.6,10.4,0.0
1997-07-31,26.8,10.5,0.0
1997-08-01,25.7,9.7,0.0
1997-08-02,26.222066738428413,10.6,0.0
1997-08-03,25.9,10.5,0.0
1997-08-04,24.0,10.9,0.0
1997-08-05,23.7,6.546501614639397,0.0
1997-08-06,24.2,7.446393972012917,0.0
1997-08-07,24.7,6.7,0.0
1997-08-08,24.01776103336921,6.926480086114101,0.0
1997-08-09,24.4,6.0,0.0
1997-08-10,26.149623250807316,8.0,0.0
1997-08-11,28.1,11.2,0.0
1997-08-12,28.7,12.654682454251883,0.0
1997-08-13,29.9,13.4,0.0
1997-08-14,29.9,13.6,0.0
1997-08-15,27.0,14.530570505920345,0.0
1997-08-16,27.6,12.6,0.0
1997-08-17,29.37857911733046,12.8,0.0
1997-08-18,30.5,13.9,0.0
1997-08-19,30.5,15.0,0.0
1997-08-20,30.6,14.853821313240045,0.0
1997-08-21,30.8,13.7,0.0
1997-08-22,30.0,13.5,0.0
1997-08-23,28.8,15.8,0.0
1997-08-24,28.0,14.5,0.0
1997-08-25,27.2,12.0,0.0
1997-08-26,27.7,12.7,0.0
1997-08-27,26.3,14.2,0.0
1997-08-28,25.4,12.5,0.0
1997-08-29,24.5,12.0,0.0
1997-08-30,24.3,12.591388589881587,0.0
1997-08-31,24.0,10.2,0.0
1997-09-01,25.3,7.126251390433815,0.0
1997-09-02,26.9,8.106340378197999,0.0
1997-09-03,28.9,11.0,0.0
1997-09-04,30.3,13.5,0.0
1997-09-05,29.4,14.9,0.0
1997-09-06,27.6,14.7,0.0
1997-09-07,26.552836484983317,13.6,0.0
1997-09-08,27.2,12.4,0.0
1997-09-09,29.6,12.7,0.0
1997-09-10,30.8,12.9,0.0
1997-09-11,31.0,14.2,0.0
1997-09-12,32.2,14.9,0.0
1997-09-13,31.0,17.2,0.0
1997-09-14,31.0,15.02391546162403,0.0
1997-09-15,31.8,14.3,0.0
1997-09-16,32.9,14.5,0.0
1997-09-17,35.0,16.5,0.0
1997-09-18,35.22680756395996,18.9,0.0
1997-09-19,30.9,18.7,0.0
1997-09-20,26.14627363737486,16.3,0.0
1997-09-21,26.8,16.9,0.0
1997-09-22,30.7,17.3,0.0
1997-09-23,31.5,18.3,0.0
1997-09-24,31.8,18.1,0.0
1997-09-25,32.6,18.2,0.0
1997-09-26,32.5,18.2,0.0
1997-09-27,32.0,17.8,0.0
1997-09-28,32.0,16.9,0.0
1997-09-29,33.70066740823137,16.9,0.0
1997-09-30,35.4,19.6,0.0
1997-10-01,34.72109795479009,21.0,0.0
1997-10-02,34.2,18.6,0.0
1997-10-03,34.4,18.0,0.0
1997-10-04,34.0,18.4,0.0
1997-10-05,32.1,18.5,0.0
1997-10-06,30.6,18.0,0.0
1997-10-07,29.6,16.0,0.0
1997-10-08,29.3,15.3,0.0
1997-10-09,29.3,15.4,0.0
1997-10-10,30.6,15.459203444564046,0.0
1997-10-11,31.0,16.5,0.0
1997-10-12,31.9,18.2,0.0
1997-10-13,32.8,18.7,0.0
1997-10-14,33.2,19.4,0.0
1997-10-15,34.1,18.8,0.0
1997-10-16,34.4,19.5,0.0
1997-10-17,34.28148546824542,19.6,0.0
1997-10-18,35.840365984930024,19.5,0.0
1997-10-19,34.9,20.7,0.0
1997-10-20,36.2,20.0,0.0
1997-10-21,35.5,18.4,0.0
1997-10-22,34.8,21.0,0.0
1997-10-23,35.16081808396124,20.0,0.0
1997-10-24,32.7,18.6,5.024000000000001
1997-10-25,29.8,17.2,0.0
1997-10-26,30.431754574811624,15.5,0.8560000000000001
1997-10-27,23.339720129171152,14.5,0.0
1997-10-28,27.2,12.0,0.0
1997-10-29,27.659418729817006,16.3,0.0
1997-10-30,20.46663078579117,12.013240043057051,20.492000000000008
1997-10-31,23.626264800861144,11.9,0.0
1997-11-01,26.770745272525026,15.6,2.1
1997-11-02,29.7,14.9,0.0
1997-11-03,31.2,14.439933259176863,0.0
1997-11-04,30.887652947719687,17.4,0.0
1997-11-05,30.2,18.5,0.0
1997-11-06,32.0,16.5,0.0
1997-11-07,32.8,16.5,0.0
1997-11-08,34.4,19.3,0.0
1997-11-09,34.2,21.5,0.0
1997-11-10,32.6,19.9,0.0
1997-11-11,32.6,19.4,0.0
1997-11-12,32.1,21.5,0.0
1997-11-13,32.4,19.5,0.0
1997-11-14,31.7,17.9,0.0
1997-11-15,31.7,19.4,0.0
1997-11-16,32.5,18.8,0.0
1997-11-17,34.0,17.6,0.0
1997-11-18,33.9,19.1,0.0
1997-11-19,32.6,19.5,0.0
1997-11-20,33.9,20.9,0.0
1997-11-21,33.3,20.5,0.0
1997-11-22,35.0,22.960066740823144,0.0
1997-11-23,32.1,19.0,0.0
1997-11-24,32.9,17.4,0.0
1997-11-25,34.67853170189099,16.5,0.0
1997-11-26,35.0,18.989098998887656,0.0
1997-11-27,34.0,19.5,0.0
1997-11-28,30.0,18.8,2.6
1997-11-29,30.5,18.0,1.5
1997-11-30,30.6,18.2,0.0
1997-12-01,27.5,19.0,12.961194029850759
1997-12-02,26.078794402583423,18.4,10.4
1997-12-03,29.215823466092562,17.6,0.0
1997-12-04,30.7,17.6,0.0
1997-12-05,30.1,18.5,0.0
1997-12-06,29.3,18.1,1.7
1997-12-07,25.5,18.0,6.4
1997-12-08,27.3,18.5,29.15138592750532
1997-12-09,24.9,17.9,5.595095948827291
1997-12-10,25.7,17.4,0.0
1997-12-11,25.8,17.8,1.3
1997-12-12,27.0,18.0,5.8
1997-12-13,29.4,17.5,0.0
1997-12-14,29.2,18.0,0.0
1997-12-15,28.2,17.9,1.0
1997-12-16,29.2,17.4,12.8
1997-12-17,27.0,18.2,2.357569296375266
1997-12-18,26.2,18.2,11.534754797441366
1997-12-19,23.7,17.7,52.4
1997-12-20,21.9,17.6,56.18464818763326
1997-12-21,24.2,17.2,33.02494669509594
1997-12-22,24.45285252960172,17.9,13.6
1997-12-23,24.286221743810547,17.4,11.2
1997-12-24,26.7,16.9,4.0
1997-12-25,29.102583423035515,16.0,0.0
1997-12-26,30.3,18.4,0.0
1997-12-27,30.960818083961236,16.4,0.0
1997-12-28,30.5,19.8,0.0
1997-12-29,29.5,18.0,0.8
1997-12-30,29.9,17.1,5.997014925373132
1997-12-31,26.5,17.7,15.296801705756929
1998-01-01,28.2,18.2,17.972659176029964
1998-01-02,27.738428417653388,18.2,34.319101123595495
1998-01-03,25.7,16.4,21.392134831460673
1998-01-04,27.881700753498382,15.9,1.0
1998-01-05,30.140365984930032,18.2,5.7
1998-01-06,25.2,17.6,1.9
1998-01-07,23.5,18.0,21.995505617977535
1998-01-08,23.6,17.7,5.415355805243445
1998-01-09,25.4,17.5,27.15393258426966
1998-01-10,26.3,18.0,5.0
1998-01-11,25.6,17.8,1.0
1998-01-12,24.9,17.4,47.668164794007495
1998-01-13,21.853283100107642,16.0,2.5357677902621725
1998-01-14,27.7,13.622389666307859,0.0
1998-01-15,26.2,16.8,0.0
1998-01-16,27.8,17.397631862217434,1.9
1998-01-17,29.5,18.8,0.0
1998-01-18,28.6,17.0,0.0
1998-01-19,27.0,16.8,0.0
1998-01-20,28.5,15.4,0.0
1998-01-21,29.5,15.2,0.0
1998-01-22,27.5,15.5,0.0
1998-01-23,27.1,14.7,0.0
1998-01-24,29.2,15.146071044133476,0.0
1998-01-25,29.6,18.0,0.0
1998-01-26,29.5,19.0,0.0
1998-01-27,29.7,19.765123789020446,0.0
1998-01-28,29.9,18.7,0.0
1998-01-29,31.760064585575883,16.166523143164692,0.0
1998-01-30,32.2,15.5,0.0
1998-01-31,24.6,18.5,0.0
1998-02-01,27.4,17.3,0.9
1998-02-02,27.9,17.5,1.9
1998-02-03,26.5,17.9,16.997695852534562
1998-02-04,24.8,17.7,2.6
1998-02-05,27.5,17.3,3.8
1998-02-06,27.3,17.3,0.0
1998-02-07,29.4,17.0,0.0
1998-02-08,28.8,18.3,0.0
1998-02-09,29.7,19.0,3.0
1998-02-10,21.824910607866506,18.7,45.100460829493095
1998-02-11,25.3,18.2,0.5
1998-02-12,25.2,17.2,0.0
1998-02-13,27.6,17.0,0.0
1998-02-14,26.0,17.6,1.4
1998-02-15,28.5,17.3,4.052995391705069
1998-02-16,26.2,17.221334922526815,1.6
1998-02-17,26.8,16.62419547079857,13.5
1998-02-18,28.3,15.9,0.0
1998-02-19,26.35196662693683,17.0,0.0
1998-02-20,26.7,15.7,0.0
1998-02-21,28.8,12.574970202622168,0.0
1998-02-22,30.2,9.8,0.0
1998-02-23,30.3,15.0,0.0
1998-02-24,25.6,17.3,0.0
1998-02-25,25.3,16.4,0.0
1998-02-26,26.6,14.2,0.0
1998-02-27,26.0,12.682479141835518,0.0
1998-02-28,26.1,11.869964243146603,0.0
1998-03-01,26.4,14.8,0.0
1998-03-02,29.1,12.2,0.0
1998-03-03,30.9,16.0,0.0
1998-03-04,32.0,19.6,0.0
1998-03-05,33.2,18.4,0.0
1998-03-06,33.4,17.9,0.0
1998-03-07,33.0,19.9,0.0
1998-03-08,29.9,19.0,1.0
1998-03-09,30.7,17.4,1.0
1998-03-10,32.2,16.3,0.0
1998-03-11,31.7,17.3,0.0
1998-03-12,30.4,17.2,0.0
1998-03-13,30.2,16.8,0.0
1998-03-14,32.5,19.8,0.8
1998-03-15,30.6,18.0,7.6
1998-03-16,27.4,18.0,38.0
1998-03-17,29.0,17.5,5.9
1998-03-18,28.7,17.0,2.5
1998-03-19,27.5,14.6,0.0
1998-03-20,24.2,13.9,0.0
1998-03-21,28.6,15.5,0.0
1998-03-22,27.5,17.3,0.0
1998-03-23,22.2,17.0,2.8
1998-03-24,25.9,17.5,0.0
1998-03-25,29.7,17.5,0.0
1998-03-26,30.7,18.0,0.6
1998-03-27,30.1,18.0,6.7
1998-03-28,25.4,18.2,2.8
1998-03-29,26.0,17.9,0.0
1998-03-30,26.9,16.6,0.0
1998-03-31,24.6,16.9,0.0
1998-04-01,25.0,17.3,3.3
1998-04-02,25.1,13.6,0.0
1998-04-03,25.4,13.0,0.0
1998-04-04,27.2,12.0,0.0
1998-04-05,28.3,12.0,0.0
1998-04-06,28.4,13.1,0.0
1998-04-07,28.2,14.0,0.0
1998-04-08,28.6,12.4,0.0
1998-04-09,28.1,13.7,0.0
1998-04-10,27.6,12.0,0.0
1998-04-11,27.9,10.9,0.0
1998-04-12,27.1,12.6,0.0
1998-04-13,26.5,11.9,0.0
1998-04-14,25.0,16.9,0.0
1998-04-15,24.7,13.6,0.0
1998-04-16,27.2,11.3,0.0
1998-04-17,28.3,11.1,0.0
1998-04-18,28.7,12.0,0.0
1998-04-19,28.7,13.7,0.0
1998-04-20,28.0,13.5,0.0
1998-04-21,27.8,11.7,0.0
1998-04-22,27.0,12.2,0.0
1998-04-23,26.5,13.2,0.0
1998-04-24,26.2,12.7,0.0
1998-04-25,24.2,14.3,0.0
1998-04-26,24.1,16.0,0.0
1998-04-27,26.6,14.0,0.0
1998-04-28,27.0,11.7,0.0
1998-04-29,26.7,10.9,0.0
1998-04-30,27.6,9.0,0.0
1998-05-01,28.4,11.0,0.0
1998-05-02,28.5,12.0,0.0
1998-05-03,27.8,10.863616792249728,0.0
1998-05-04,28.0,14.382023681377808,0.0
1998-05-05,24.8,15.2,0.0
1998-05-06,27.0,14.0,0.0
1998-05-07,29.0,13.540258342303535,0.0
1998-05-08,29.5,12.5,0.0
1998-05-09,27.3,13.8,0.0
1998-05-10,24.4,11.9,0.0
1998-05-11,24.2,11.9,0.0
1998-05-12,24.5,13.2,0.0
1998-05-13,25.0,15.746932185145305,0.0
1998-05-14,27.2318622174381,14.9,0.0
1998-05-15,30.4,15.9,0.0
1998-05-16,31.447039827771786,16.576856835306767,0.0
1998-05-17,30.6,17.2,0.0
1998-05-18,30.7,16.2,0.0
1998-05-19,29.65748116254036,15.3,0.0
1998-05-20,29.2,14.966738428417642,0.0
1998-05-21,27.9,14.5,0.0
1998-05-22,23.4,14.0,0.31666666666666665
1998-05-23,20.130678148546824,13.0,0.0
1998-05-24,22.215823466092573,12.2,0.0
1998-05-25,21.75048439181916,12.9,0.0
1998-05-26,21.7,12.9,0.0
1998-05-27,21.657911733046287,13.4,0.0
1998-05-28,23.396986006458555,14.0,0.0
1998-05-29,24.271689989235735,11.9,0.0
1998-05-30,24.3,11.4,0.0
1998-05-31,24.1,10.0,0.0
1998-06-01,23.5,9.7,0.0
1998-06-02,24.1,9.2,0.0
1998-06-03,24.5,9.814571746384878,0.0
1998-06-04,23.7174638487208,10.2,0.0
1998-06-05,24.1,9.1,0.0
1998-06-06,26.2,10.0,0.0
1998-06-07,27.3,11.6,0.0
1998-06-08,26.7,12.2,0.0
1998-06-09,26.3,11.8,0.0
1998-06-10,27.0,10.2,0.0
1998-06-11,25.7,11.4,0.0
1998-06-12,25.5,9.9,0.0
1998-06-13,24.6,9.9,0.0
1998-06-14,23.5,8.0,0.0
1998-06-15,21.2,8.0,0.0
1998-06-16,21.5,5.5,0.0
1998-06-17,21.8,7.9,0.0
1998-06-18,23.0,5.0,0.0
1998-06-19,24.2,7.4,0.0
1998-06-20,25.9,9.2,0.0
1998-06-21,26.747942157953293,10.0,0.0
1998-06-22,25.8,10.6,0.0
1998-06-23,25.8,9.984427141268084,0.0
1998-06-24,26.7,7.8666295884315955,0.0
1998-06-25,27.2,6.2,0.0
1998-06-26,26.834593993325928,8.4,0.0
1998-06-27,27.0,9.295105672969967,0.0
1998-06-28,26.6,8.2,0.0
1998-06-29,25.2,10.9,0.0
1998-06-30,23.8,11.0,0.0
1998-07-01,21.3,13.560602798708283,0.0
1998-07-02,24.9,10.8,0.0
1998-07-03,25.2,9.8,0.0
1998-07-04,26.2,8.7,0.0
1998-07-05,27.6,7.8,0.0
1998-07-06,26.9,9.5,0.0
1998-07-07,24.0,11.132508073196982,0.0
1998-07-08,23.7,9.524542518837455,0.0
1998-07-09,24.463186221743797,9.3,0.0
1998-07-10,25.7,9.5,0.0
1998-07-11,25.6,8.9,0.0
1998-07-12,24.689666307857905,9.8,0.0
1998-07-13,21.0,11.5,0.0
1998-07-14,22.178363832077498,11.0,0.0
1998-07-15,21.2,11.6,0.0
1998-07-16,19.579655543595265,13.4,0.0
1998-07-17,20.3,12.761033369214202,0.0
1998-07-18,21.7,10.153821313240044,0.0
1998-07-19,22.6,8.28643702906351,0.0
1998-07-20,23.8,9.3,0.0
1998-07-21,25.0,10.6,0.0
1998-07-22,25.5,11.2,0.0
1998-07-23,26.7,11.741872981700753,0.0
1998-07-24,27.3,12.2,0.0
1998-07-25,27.0,12.7,0.0
1998-07-26,26.7,12.2,0.0
1998-07-27,26.3,11.2,0.0
1998-07-28,27.0,10.8,0.0
1998-07-29,27.7,11.532077502691063,0.0
1998-07-30,28.6,12.8,0.0
1998-07-31,29.1,13.6,0.0
1998-08-01,28.8,13.5,0.0
1998-08-02,29.695909580193756,14.2,0.0
1998-08-03,29.0,14.6,0.0
1998-08-04,30.0,14.5,0.0
1998-08-05,31.0,14.6,0.0
1998-08-06,31.5,15.6,0.0
1998-08-07,29.04402583423035,18.2,0.0
1998-08-08,26.432508073196985,15.4,0.0
1998-08-09,26.2,12.9,0.0
1998-08-10,27.2,13.0,0.0
1998-08-11,27.6,12.5,0.0
1998-08-12,27.9,12.9,0.0
1998-08-13,27.1,12.4,0.0
1998-08-14,26.7,12.0,0.0
1998-08-15,27.2,12.0,0.0
1998-08-16,30.9,13.7,0.0
1998-08-17,31.9,15.5,0.0
1998-08-18,31.9,16.916792249730882,0.0
1998-08-19,31.5,17.0,0.0
1998-08-20,31.0,16.2,0.0
1998-08-21,30.0,15.5,0.0
1998-08-22,29.2,15.3,0.0
1998-08-23,28.2,14.0,0.0
1998-08-24,27.6,14.0,0.0
1998-08-25,27.5,13.9,0.0
1998-08-26,27.336383207750266,13.6,0.0
1998-08-27,27.3,13.2,0.0
1998-08-28,27.9,12.0,0.0
1998-08-29,28.2,13.4,0.0
1998-08-30,28.90258342303552,15.4,0.0
1998-08-31,29.0,16.7,0.0
1998-09-01,29.4,15.4,0.0
1998-09-02,30.0,14.504338153503893,0.0
1998-09-03,30.5,14.4,0.0
1998-09-04,30.9,15.4,0.0
1998-09-05,32.5,15.5,0.0
1998-09-06,33.5,16.6,0.0
1998-09-07,34.147163515016686,16.7,0.0
1998-09-08,34.4,16.6,0.0
1998-09-09,33.4,17.7,0.0
1998-09-10,31.4,17.6,0.0
1998-09-11,31.0,15.1,0.0
1998-09-12,31.9,14.1,0.0
1998-09-13,29.3,17.4,0.0
1998-09-14,26.3,14.3,0.0
1998-09-15,24.71979977753059,11.9,0.0
1998-09-16,24.899777530589542,11.0,0.0
1998-09-17,26.0,9.806340378198,0.0
1998-09-18,27.9,11.9,0.0
1998-09-19,29.4,14.1,0.0
1998-09-20,30.7,15.2,0.0
1998-09-21,31.3,16.0,0.0
1998-09-22,30.2,17.7,0.0
1998-09-23,27.6,15.7,0.0
1998-09-24,26.2,13.2,0.0
1998-09-25,27.106006674082316,11.4,0.0
1998-09-26,28.4,10.6,0.0
1998-09-27,29.191546162402666,12.012458286985542,0.0
1998-09-28,30.0,12.7,0.0
1998-09-29,31.3,13.9,0.0
1998-09-30,32.5,15.4,0.0
1998-10-01,33.4,16.56512378902045,0.0
1998-10-02,33.54886975242195,18.2,0.0
1998-10-03,33.0,19.6,0.0
1998-10-04,33.6,19.4,0.0
1998-10-05,34.5,18.9,0.0
1998-10-06,33.9,20.3,0.0
1998-10-07,34.3,19.4,0.0
1998-10-08,30.9,19.28880516684606,0.0
1998-10-09,30.0,19.9,0.0
1998-10-10,32.2,17.9,0.0
1998-10-11,33.6,15.259311087190525,0.0
1998-10-12,34.9,22.0,0.0
1998-10-13,34.7,20.2,0.0
1998-10-14,34.9,19.808180839612483,0.0
1998-10-15,33.2,20.5,0.0
1998-10-16,32.8,20.1,0.0
1998-10-17,33.1,18.4,0.0
1998-10-18,34.0,17.9,0.0
1998-10-19,35.6,19.2,0.0
1998-10-20,36.6,23.326695371367048,0.0
1998-10-21,37.2,23.23336921420881,0.0
1998-10-22,37.52669537136705,23.8,0.0
1998-10-23,35.6,22.21345532831,0.0
1998-10-24,36.0,19.6,0.0
1998-10-25,35.5,20.2,0.0
1998-10-26,34.9,20.7,0.0
1998-10-27,33.3,20.893972012917104,0.0
1998-10-28,33.4,20.0,0.0
1998-10-29,33.9,19.7,0.0
1998-10-30,35.4,19.9,0.0
1998-10-31,33.8,20.1,0.0
1998-11-01,33.5,19.9,0.0
1998-11-02,34.0,19.5,0.0
1998-11-03,34.9,19.5,0.0
1998-11-04,34.2,19.9,0.0
1998-11-05,34.4,19.8,0.0
1998-11-06,35.2,20.0,0.0
1998-11-07,36.0,20.4,0.0
1998-11-08,34.6,20.7,0.0
1998-11-09,33.3,22.4,0.0
1998-11-10,31.8,18.9,7.2
1998-11-11,27.6,18.2,9.0
1998-11-12,25.720022246941046,17.4,5.3
1998-11-13,27.1,16.9,0.0
1998-11-14,28.5,17.3,0.0
1998-11-15,30.5,16.3,0.0
1998-11-16,29.5,17.9,0.0
1998-11-17,30.0,16.9,10.5
1998-11-18,29.3,17.1,5.0
1998-11-19,29.0,18.0,0.0
1998-11-20,26.5,17.4,2.0
1998-11-21,29.9,16.5,0.0
1998-11-22,29.5,17.0,0.0
1998-11-23,29.7,17.9,0.0
1998-11-24,30.6,17.5,0.0
1998-11-25,31.5,19.9,0.0
1998-11-26,32.3,18.9,0.0
1998-11-27,31.2,18.7,0.0
1998-11-28,27.9,17.9,2.4
1998-11-29,30.4,16.8,5.4
1998-11-30,29.9,17.7,0.0
1998-12-01,28.9,18.1,0.5
1998-12-02,25.2,18.0,53.72835820895523
1998-12-03,20.759956942949408,15.7,83.83624733475449
1998-12-04,19.873304628632937,15.3,0.0
1998-12-05,26.7,15.7,0.0
1998-12-06,29.0,14.206243272335845,0.0
1998-12-07,29.7,14.9,0.0
1998-12-08,30.5,15.2,0.0
1998-12-09,29.9,15.7,0.0
1998-12-10,29.5,18.3,0.0
1998-12-11,30.0,18.7,0.0
1998-12-12,31.4,19.5,0.0
1998-12-13,30.2,17.6,0.0
1998-12-14,26.4,16.7,13.874840085287858
1998-12-15,29.6,16.1,0.0
1998-12-16,30.9,15.957481162540367,0.0
1998-12-17,31.6,19.0,0.0
1998-12-18,31.8,19.9,0.0
1998-12-19,30.8,19.3,0.0
1998-12-20,30.3,18.6,0.7
1998-12-21,29.7,17.142734122712596,0.8
1998-12-22,25.7,17.6,6.502345415778253
1998-12-23,25.3,17.2,7.8
1998-12-24,25.5,17.2,2.4
1998-12-25,26.0,17.9,5.4
1998-12-26,27.0,17.4,11.2
1998-12-27,26.7,17.4,29.15138592750532
1998-12-28,29.7,17.5,2.9
1998-12-29,28.0,17.7,48.927078891257985
1998-12-30,26.732508073196986,17.9,0.9
1998-12-31,28.236813778256185,18.2,0.0
1999-01-01,23.7,18.5,1.9
1999-01-02,24.9,18.0,66.38501872659177
1999-01-03,25.9,18.0,1.4936329588014992
1999-01-04,26.3,17.9,15.336516853932586
1999-01-05,28.1,17.4,4.6
1999-01-06,28.0,18.406458557588792,7.2
1999-01-07,26.795694294940795,18.4,6.0
1999-01-08,26.7,16.9,2.4
1999-01-09,28.2,17.3,49.345505617977516
1999-01-10,27.9,18.0,2.7
1999-01-11,27.0,16.8,5.4
1999-01-12,26.8,18.4,0.3
1999-01-13,29.0,16.8,0.0
1999-01-14,30.453606027987075,15.6,0.0
1999-01-15,30.0,18.5,1.8
1999-01-16,29.0,19.0,21.0
1999-01-17,27.9,18.2,22.807116104868914
1999-01-18,26.0,18.1,19.164044943820222
1999-01-19,24.2,17.0,23.0
1999-01-20,25.648062432723357,17.0,1.4
1999-01-21,27.1,17.6,0.0
1999-01-22,28.3,18.1,0.8
1999-01-23,29.2,19.3,0.0
1999-01-24,29.1,18.0,0.0
1999-01-25,25.6,17.9,29.795692883895146
1999-01-26,29.2,17.2,3.0
1999-01-27,29.5,17.2,1.0
1999-01-28,26.7,16.6,4.0
1999-01-29,29.5,16.4,0.0
1999-01-30,30.063724434876207,17.9,27.0
1999-01-31,29.5,17.7,0.0
1999-02-01,29.4,16.0,0.5
1999-02-02,28.1,16.8,0.0
1999-02-03,29.7,18.6,0.0
1999-02-04,30.1,18.8,17.0
1999-02-05,26.0,17.6,31.0
1999-02-06,26.9,17.3,46.717972350230475
1999-02-07,27.7,18.2,8.0
1999-02-08,27.7,17.0,1.4
1999-02-09,27.5,17.9,0.0
1999-02-10,29.0,17.1,2.7
1999-02-11,26.8,17.6,1.0
1999-02-12,26.0,17.9,15.167741935483875
1999-02-13,24.0,17.6,5.977880184331798
1999-02-14,25.6,17.4,9.736866359447006
1999-02-15,28.7,16.9,41.600460829493116
1999-02-16,27.3,17.930750893921335,25.225806451612907
1999-02-17,27.2,18.2,50.80046082949313
1999-02-18,30.6,17.9,77.15437788018436
1999-02-19,27.0,18.8,29.322580645161292
1999-02-20,27.0,18.1,0.0
1999-02-21,28.1,16.2,0.0
1999-02-22,26.73682955899881,18.5,0.0
1999-02-23,27.0,18.4,0.0
1999-02-24,27.7,16.2,0.0
1999-02-25,28.5,15.2,0.0
1999-02-26,28.6,15.019785458879618,0.0
1999-02-27,27.2,18.4,0.0
1999-02-28,29.095709177592372,18.2,0.0
1999-03-01,29.4,18.5,0.0
1999-03-02,28.8,16.8,0.0
1999-03-03,26.6,16.1,0.0
1999-03-04,23.1,18.4,8.4
1999-03-05,27.3,18.2,8.9
1999-03-06,28.2,16.5,0.0
1999-03-07,28.7,17.3,0.0
1999-03-08,29.6,18.7,0.0
1999-03-09,28.9,18.7,0.0
1999-03-10,30.8,16.2,0.0
1999-03-11,31.5,15.4,0.0
1999-03-12,31.6,18.1,0.0
1999-03-13,30.4,18.2,2.7
1999-03-14,26.5,18.1,1.7
1999-03-15,26.3,18.4,13.9
1999-03-16,26.4,17.4,5.5
1999-03-17,28.5,17.1,6.4
1999-03-18,31.2,17.5,8.6
1999-03-19,29.3,18.6,22.7
1999-03-20,29.0,17.6,2.8
1999-03-21,29.6,17.6,17.4
1999-03-22,29.1,18.0,10.1
1999-03-23,28.8,18.8,14.8
1999-03-24,28.9,18.0,3.4
1999-03-25,29.9,17.7,3.8
1999-03-26,28.9,17.3,2.0
1999-03-27,29.2,16.8,5.7
1999-03-28,27.6,16.9,6.7
1999-03-29,28.1,16.6,10.6
1999-03-30,26.3,18.8,43.0
1999-03-31,24.0,18.5,28.0
1999-04-01,23.5,18.2,34.0
1999-04-02,27.0,17.6,0.0
1999-04-03,25.6,18.2,0.8
1999-04-04,23.4,18.4,7.2
1999-04-05,26.3,16.9,9.4
1999-04-06,27.4,16.3,0.0
1999-04-07,26.8,15.7,0.0
1999-04-08,26.4,15.5,0.0
1999-04-09,26.1,16.0,4.4
1999-04-10,25.2,17.3,1.0
1999-04-11,25.8,16.7,0.0
1999-04-12,23.2,15.8,0.0
1999-04-13,24.8,17.6,0.0
1999-04-14,25.5,18.3,0.0
1999-04-15,26.9,15.0,0.0
1999-04-16,28.0,12.5,0.0
1999-04-17,25.5,13.0,0.0
1999-04-18,25.8,12.9,0.3
1999-04-19,16.8,16.4,3.3
1999-04-20,22.7,15.1,1.2
1999-04-21,24.2,15.7,0.0
1999-04-22,24.5,15.5,0.0
1999-04-23,25.5,12.7,0.0
1999-04-24,26.8,14.7,0.0
1999-04-25,27.2,16.0,0.0
1999-04-26,25.2,15.2,1.0
1999-04-27,25.5,14.0,0.0
1999-04-28,23.7,14.2,0.0
1999-04-29,25.7,17.3,0.0
1999-04-30,27.9,15.5,0.0
1999-05-01,26.4,14.5,0.0
1999-05-02,25.9,13.6,0.0
1999-05-03,24.0,14.0,0.0
1999-05-04,22.678686759956943,10.0,0.0
1999-05-05,22.1,9.798708288482237,0.0
1999-05-06,23.8,14.620990312163602,0.0
1999-05-07,23.7,10.6,0.0
1999-05-08,23.7,9.0,0.0
1999-05-09,18.84058127018299,12.3,0.0
1999-05-10,22.02572658772874,14.1,0.0
1999-05-11,23.4,15.2,0.0
1999-05-12,24.4,14.5,0.0
1999-05-13,27.31948331539289,15.8,0.0
1999-05-14,26.83649085037675,15.7,0.0
1999-05-15,27.2,13.883745963401498,0.0
1999-05-16,25.6,12.40473627556512,0.0
1999-05-17,23.2,12.3,0.0
1999-05-18,22.120775026910657,8.0,0.0
1999-05-19,22.2,5.636706135629709,0.0
1999-05-20,24.2,3.3095801937567266,0.0
1999-05-21,25.5,11.0,0.0
1999-05-22,24.6,12.6,0.0
1999-05-23,24.3,10.2,0.0
1999-05-24,24.4,8.6,0.0
1999-05-25,24.9,8.5,0.0
1999-05-26,24.8,9.0,0.0
1999-05-27,24.2,8.354144241119482,0.0
1999-05-28,23.9,8.3,0.0
1999-05-29,24.2,6.9,0.0
1999-05-30,25.2,6.9,0.0
1999-05-31,25.2,6.2,0.0
1999-06-01,20.1,11.4,0.0
1999-06-02,19.77964404894327,9.0,0.0
1999-06-03,19.2,12.541490545050062,0.0
1999-06-04,20.1,12.0,0.0
1999-06-05,20.24638487208009,12.4,0.0
1999-06-06,21.1,12.6,0.0
1999-06-07,22.7,12.3,0.0
1999-06-08,23.4,10.283982202447165,0.0
1999-06-09,21.8,10.1,0.0
1999-06-10,22.1,8.4,0.0
1999-06-11,21.9,8.5,0.0
1999-06-12,21.0,8.0,0.0
1999-06-13,20.519688542825364,6.0,0.0
1999-06-14,20.0,3.9,0.0
1999-06-15,20.9,4.459065628476086,0.0
1999-06-16,22.0,3.9,0.0
1999-06-17,24.2,5.568409343715241,0.0
1999-06-18,24.7,9.9,0.0
1999-06-19,25.6,11.9,0.0
1999-06-20,25.2,13.881201334816486,0.0
1999-06-21,22.7,12.9,0.0
1999-06-22,20.613014460511682,7.3,0.0
1999-06-23,20.7,3.2,0.0
1999-06-24,21.2,2.3,0.0
1999-06-25,23.0,3.5,0.0
1999-06-26,25.7,7.4,0.0
1999-06-27,28.0,11.3,0.0
1999-06-28,27.4,12.7,0.0
1999-06-29,25.9,12.0,0.0
1999-06-30,25.7,10.773526140155731,0.0
1999-07-01,23.6,11.9,0.0
1999-07-02,21.498923573735198,7.1,0.0
1999-07-03,22.6,5.0,0.0
1999-07-04,21.4,6.3,0.0
1999-07-05,20.1,6.7,0.0
1999-07-06,19.23972012917115,9.4,0.0
1999-07-07,21.5,8.1,0.0
1999-07-08,19.0,7.3874058127018305,0.0
1999-07-09,22.5,5.6,0.0
1999-07-10,23.2,5.3,0.0
1999-07-11,23.9,4.9,0.0
1999-07-12,24.6,5.6,0.0
1999-07-13,25.0,7.5,0.0
1999-07-14,24.86953713670613,8.4,0.0
1999-07-15,24.7,9.49472551130247,0.0
1999-07-16,23.9,10.9,0.0
1999-07-17,22.1,9.7,0.0
1999-07-18,22.3,8.2,0.0
1999-07-19,22.3,8.0,0.0
1999-07-20,22.7,8.7,0.0
1999-07-21,23.6,7.8,0.0
1999-07-22,23.8,8.3,0.0
1999-07-23,21.7,10.5,0.0
1999-07-24,21.5,8.026587728740578,0.0
1999-07-25,21.998600645855756,11.7,0.0
1999-07-26,23.4,10.0,0.0
1999-07-27,25.4,9.4,0.0
1999-07-28,26.9,11.2,0.0
1999-07-29,27.4,12.2,0.0
1999-07-30,27.6,11.9,0.0
1999-07-31,28.7,12.8,0.0
1999-08-01,26.9,11.9,0.0
1999-08-02,25.8,12.2,0.0
1999-08-03,24.1,11.325296017222819,0.0
1999-08-04,23.5,9.5,0.0
1999-08-05,23.7,8.542841765339073,0.0
1999-08-06,24.5,9.2,0.0
1999-08-07,24.7,9.0,0.0
1999-08-08,23.617653390742735,10.1,0.0
1999-08-09,23.46243272335845,7.269752421959096,0.0
1999-08-10,24.2,6.439720129171151,0.0
1999-08-11,25.6,9.0,0.0
1999-08-12,26.6,11.2,0.0
1999-08-13,26.5,12.3,0.0
1999-08-14,26.3,12.1,0.0
1999-08-15,26.7,11.9,0.0
1999-08-16,28.0,12.4,0.0
1999-08-17,28.9,14.0,0.0
1999-08-18,24.9,15.936921420882666,0.0
1999-08-19,24.1,13.0,0.0
1999-08-20,25.1,11.481916038751345,0.0
1999-08-21,26.7,12.3,0.0
1999-08-22,28.0,13.3,0.0
1999-08-23,28.7,13.9,0.0
1999-08-24,29.5,13.6,0.0
1999-08-25,31.0,14.1,0.0
1999-08-26,32.55166846071044,15.7,0.0
1999-08-27,31.1,17.2,0.0
1999-08-28,28.9,15.846932185145311,0.0
1999-08-29,28.5,14.7,0.0
1999-08-30,28.9,13.6,0.0
1999-08-31,30.161571582346607,13.2,0.0
1999-09-01,30.0,15.4,0.0
1999-09-02,28.0,14.4,0.0
1999-09-03,27.77908787541713,12.4,0.0
1999-09-04,28.7,12.7,0.0
1999-09-05,30.2,14.2,0.0
1999-09-06,30.8,15.2,0.0
1999-09-07,30.7,15.6,0.0
1999-09-08,31.349499443826474,15.2,0.0
1999-09-09,32.4,15.9,0.0
1999-09-10,32.8,17.0,0.0
1999-09-11,31.9,17.4,0.0
1999-09-12,30.9,16.5,0.0
1999-09-13,31.1,16.0,0.0
1999-09-14,31.8,18.0,0.0
1999-09-15,32.3,18.347608453837598,0.0
1999-09-16,32.0,18.1,0.0
1999-09-17,31.0,17.5,0.0
1999-09-18,30.3,14.5,0.0
1999-09-19,31.0,15.6,0.0
1999-09-20,31.6,16.082981090100116,0.0
1999-09-21,32.26852057842047,16.3,0.0
1999-09-22,32.4,16.8,0.0
1999-09-23,32.4,17.0,0.0
1999-09-24,31.9,17.5,0.0
1999-09-25,30.0,17.9,0.0
1999-09-26,30.3,16.7,0.0
1999-09-27,32.0,16.9,0.0
1999-09-28,33.2,17.9,0.0
1999-09-29,34.6,18.2,0.0
1999-09-30,35.1,19.19388209121246,0.0
1999-10-01,34.3,19.0,0.0
1999-10-02,32.3,18.0,0.0
1999-10-03,30.6,17.4,0.0
1999-10-04,28.059311087190526,17.3,0.0
1999-10-05,27.332831001076425,15.8,0.0
1999-10-06,27.73939720129171,15.0,0.0
1999-10-07,29.645532831001074,14.6,0.0
1999-10-08,30.6,16.4,0.0
1999-10-09,31.6,17.5,0.0
1999-10-10,33.9,17.9,0.0
1999-10-11,34.9,18.7,0.0
1999-10-12,32.9,20.3,0.0
1999-10-13,32.0,18.0,0.0
1999-10-14,32.7,17.2,0.0
1999-10-15,33.5,17.5,0.0
1999-10-16,33.5,19.0,0.0
1999-10-17,32.8,19.4,0.0
1999-10-18,31.4,18.9,0.0
1999-10-19,31.0,18.5,0.0
1999-10-20,31.8,19.4,0.0
1999-10-21,33.2,17.4,0.0
1999-10-22,33.6,18.7,0.0
1999-10-23,32.72314316469321,18.0,0.0
1999-10-24,32.9,17.0,0.0
1999-10-25,34.2,16.2,0.0
1999-10-26,34.0,18.9,0.0
1999-10-27,33.9,19.5,0.0
1999-10-28,34.8,19.575134553283096,0.0
1999-10-29,36.9,19.5,0.0
1999-10-30,33.0,21.7,0.0
1999-10-31,30.4,18.7,0.0
1999-11-01,31.6,17.7,0.0
1999-11-02,32.1,18.4,0.0
1999-11-03,33.0,18.7,0.0
1999-11-04,35.7,19.2,0.0
1999-11-05,35.2,20.0,0.0
1999-11-06,34.9,19.7,0.0
1999-11-07,34.2,19.4,0.0
1999-11-08,34.8,19.0,0.0
1999-11-09,35.4,19.5,0.0
1999-11-10,36.0,19.4,0.0
1999-11-11,37.43392658509455,19.9,0.0
1999-11-12,36.4,20.73392658509455,0.0
1999-11-13,36.2,20.1,0.0
1999-11-14,37.2,19.9,0.0
1999-11-15,35.0,19.9,0.0
1999-11-16,33.56885428253615,20.1,0.0
1999-11-17,33.5,19.8,0.0
1999-11-18,34.1,19.5,0.0
1999-11-19,32.9,19.0,0.0
1999-11-20,32.0,18.2,0.0
1999-11-21,32.2,18.0,0.0
1999-11-22,32.5,19.0,0.0
1999-11-23,31.6,17.9,4.5
1999-11-24,31.9,17.9,1.7
1999-11-25,31.280533926585093,18.0,2.3
1999-11-26,28.9,17.5,5.1
1999-11-27,29.4,17.4,0.0
1999-11-28,31.1,17.0,0.0
1999-11-29,27.0,18.5,5.9
1999-11-30,26.2,17.9,0.0
1999-12-01,30.0,18.6,0.0
1999-12-02,29.7,17.9,7.110874200426439
1999-12-03,30.2,19.0,7.0
1999-12-04,29.4,18.9,8.316417910447763
1999-12-05,28.5,18.5,7.0
1999-12-06,25.4,18.0,6.6
1999-12-07,24.3,18.5,0.8
1999-12-08,28.7,17.0,2.7
1999-12-09,29.2,18.3,6.907036247334752
1999-12-10,26.8,19.0,2.3
1999-12-11,26.9,18.6,3.6
1999-12-12,30.6,17.6,0.0
1999-12-13,31.147362755651223,16.1,0.0
1999-12-14,31.8,16.1,0.0
1999-12-15,32.0,18.4,0.0
1999-12-16,31.2,19.2,0.0
1999-12-17,28.6,18.3,0.0
1999-12-18,30.5,17.2,0.2
1999-12-19,31.0,17.9,1.3
1999-12-20,29.6,18.8,0.0
1999-12-21,29.9,18.9,5.8
1999-12-22,28.9,19.2,2.0
1999-12-23,27.7,18.8,0.0
1999-12-24,28.3,18.4,0.9
1999-12-25,29.5,18.3,11.434328358208955
1999-12-26,28.5,18.4,0.0
1999-12-27,30.0,16.7,0.0
1999-12-28,30.3,18.0,0.0
1999-12-29,30.48783638320774,17.0,0.0
1999-12-30,30.1,18.3,2.3
1999-12-31,27.0,17.9,0.0
2000-01-01,27.0021528525296,17.8,39.566292134831464
2000-01-02,23.9,18.4,40.71573033707864
2000-01-03,21.159956942949407,16.7,11.6
2000-01-04,19.8,16.844241119483314,14.0
2000-01-05,24.1,16.6,0.0
2000-01-06,27.4,15.7,0.0
2000-01-07,28.1,18.2,1.1
2000-01-08,30.9,17.8,0.0
2000-01-09,30.9,17.2,0.7271535580524344
2000-01-10,29.1,18.0,25.835205992509366
2000-01-11,27.1,17.7,12.538576779026233
2000-01-12,27.7,17.2,0.0
2000-01-13,29.3,17.4,0.0
2000-01-14,27.5,17.2,0.0
2000-01-15,28.2,19.0,1.4
2000-01-16,30.1,17.9,0.0
2000-01-17,29.870505920344456,18.0,1.0
2000-01-18,30.4,17.4,0.6
2000-01-19,28.3,18.0,9.382771535580527
2000-01-20,28.1,18.0,0.0
2000-01-21,28.63121636167923,18.9,6.2
2000-01-22,26.4,18.0,23.41647940074906
2000-01-23,24.396447793326153,17.6,27.026029962546815
2000-01-24,26.0,17.8,26.18164794007492
2000-01-25,26.7,18.5,14.239887640449439
2000-01-26,23.2,18.4,40.71573033707864
2000-01-27,25.04962325080732,18.3,38.66348314606742
2000-01-28,24.9,18.0,21.0
2000-01-29,25.4,17.9,16.560486891385768
2000-01-30,24.20312163616792,17.9,33.1940074906367
2000-01-31,26.0,17.2,0.0
2000-02-01,28.0,15.0,0.0
2000-02-02,30.4,19.240047675804522,0.0
2000-02-03,26.7,19.1,4.4
2000-02-04,27.6,17.8,10.5
2000-02-05,26.5,18.9,20.58986175115207
2000-02-06,28.1,18.0,6.181566820276501
2000-02-07,26.1,18.2,0.5
2000-02-08,27.2,17.5,0.623963133640553
2000-02-09,25.7,18.86019070321811,2.512442396313364
2000-02-10,25.5,18.8,16.394009216589865
2000-02-11,27.0,18.382955899880802,10.042396313364058
2000-02-12,27.4,19.0,24.63640552995392
2000-02-13,26.7,17.9,19.61336405529954
2000-02-14,27.9,16.3,0.0
2000-02-15,29.3,16.6,3.0
2000-02-16,29.9,16.6,3.0
2000-02-17,29.9,17.6,13.210138248847933
2000-02-18,27.7,18.0,5.6
2000-02-19,25.9,17.6,10.4
2000-02-20,25.0,17.5,3.5
2000-02-21,28.2,17.2,12.116129032258065
2000-02-22,27.9,17.6,2.719815668202764
2000-02-23,28.1,16.2,0.0
2000-02-24,28.2,19.337544696066743,16.394009216589865
2000-02-25,28.5,16.7,0.0
2000-02-26,25.8,16.3,47.85253456221201
2000-02-27,28.2,18.6,24.06728110599079
2000-02-28,30.942669845053626,18.5,0.0
2000-03-01,31.1,17.8,1.5
2000-03-02,30.7,16.7,3.1
2000-03-03,29.3,17.3,2.4
2000-03-04,27.5,19.0,0.0
2000-03-05,26.2,18.7,0.0
2000-03-06,25.0,17.9,0.0
2000-03-07,26.1,17.4,0.0
2000-03-08,27.0,15.1,0.0
2000-03-09,27.2,15.9,0.0
2000-03-10,30.0,16.16716899892357,0.0
2000-03-11,30.3,16.0,0.0
2000-03-12,28.9,18.412486544671687,0.0
2000-03-13,27.5,16.4,0.0
2000-03-14,29.9,15.2,0.0
2000-03-15,28.6,18.3,0.0
2000-03-16,26.7,17.2,0.0
2000-03-17,27.4,16.5,0.0
2000-03-18,28.4,17.0,0.0
2000-03-19,28.0,16.0,0.0
2000-03-20,29.8,15.7,0.0
2000-03-21,30.0,15.0,0.0
2000-03-22,29.0,16.5,0.0
2000-03-23,30.7,15.9,0.0
2000-03-24,31.5,18.2,0.0
2000-03-25,26.5,17.0,0.0
2000-03-26,26.5,17.7,1.7
2000-03-27,29.9,16.0,0.0
2000-03-28,31.8,14.8,0.0
2000-03-29,33.2,16.6,0.0
2000-03-30,33.7,16.9,0.0
2000-03-31,29.7,20.301722282023544,0.0
2000-04-01,29.4,19.0,0.0
2000-04-02,28.9,17.1,0.0
2000-04-03,29.4,17.8,0.0
2000-04-04,30.2,17.0,0.0
2000-04-05,29.5,18.7,0.0
2000-04-06,30.1,16.7,0.0
2000-04-07,30.1,16.2,0.0
2000-04-08,29.9,16.1,0.0
2000-04-09,29.0,15.4,0.0
2000-04-10,28.9,14.5,0.0
2000-04-11,28.6,15.5,0.0
2000-04-12,22.6,16.0,0.0
2000-04-13,25.3,14.5,0.0
2000-04-14,26.2,13.9,0.0
2000-04-15,26.8,13.3,0.0
2000-04-16,27.6,12.2,0.0
2000-04-17,28.2,11.5,0.0
2000-04-18,29.8,9.9,0.0
2000-04-19,31.0,10.2,0.0
2000-04-20,31.8,10.2,0.0
2000-04-21,31.8,12.2,0.0
2000-04-22,31.7,12.2,0.0
2000-04-23,31.3,18.0,0.0
2000-04-24,31.1,18.4,0.0
2000-04-25,30.8,17.4,0.0
2000-04-26,30.2,15.7,0.0
2000-04-27,30.4,16.0,0.0
2000-04-28,31.2,15.9,0.0
2000-04-29,31.0,17.0,0.0
2000-04-30,30.9,17.6,0.0
2000-05-01,30.7,15.2,0.0
2000-05-02,30.1,15.28988159311086,0.0
2000-05-03,24.6,14.889343379978454,0.1
2000-05-04,21.8,12.8,15.722222222222225
2000-05-05,23.47717976318622,12.0,0.0
2000-05-06,25.0,9.9,0.0
2000-05-07,24.8,10.0,0.0
2000-05-08,23.5,10.3,0.0
2000-05-09,25.0,8.6,0.0
2000-05-10,26.1,9.3,0.0
2000-05-11,26.8,10.925188374596337,0.0
2000-05-12,27.6,12.0,0.0
2000-05-13,28.1,13.0,0.0
2000-05-14,29.2,12.6,0.0
2000-05-15,28.9,12.8,0.0
2000-05-16,26.7,12.5,0.0
2000-05-17,26.1,10.5,0.0
2000-05-18,26.6,10.5,0.0
2000-05-19,26.795263724434868,11.2,0.0
2000-05-20,27.0,11.4,0.0
2000-05-21,24.7,11.0,0.0
2000-05-22,23.4,9.7,0.0
2000-05-23,17.530678148546826,8.781808396124864,0.0
2000-05-24,22.944025834230352,10.2,0.0
2000-05-25,23.4,8.5,0.0
2000-05-26,23.2,8.9,0.0
2000-05-27,24.0,9.8,0.0
2000-05-28,24.3,12.727879440258334,0.0
2000-05-29,24.7,9.1,0.0
2000-05-30,24.7,8.8,0.0
2000-05-31,24.6,7.5,0.0
2000-06-01,26.1,3.8692992213570645,0.0
2000-06-02,26.9,6.5,0.0
2000-06-03,26.4,7.706674082313682,0.0
2000-06-04,25.5,11.2,0.0
2000-06-05,25.9,11.3,0.0
2000-06-06,26.3,10.7,0.0
2000-06-07,27.360956618464964,10.403893214682986,0.0
2000-06-08,29.0,11.6,0.0
2000-06-09,29.693659621802023,12.5,0.0
2000-06-10,29.6,10.9,0.0
2000-06-11,28.2,13.01101223581758,0.0
2000-06-12,28.9,12.5,0.0
2000-06-13,29.5,12.9,0.0
2000-06-14,27.3,14.2,0.0
2000-06-15,27.1,13.0,0.0
2000-06-16,27.9,12.0,0.0
2000-06-17,27.7,12.3,0.0
2000-06-18,26.7,12.5,0.0
2000-06-19,26.2,12.0,0.0
2000-06-20,25.9,11.3,0.0
2000-06-21,25.7,10.1,0.0
2000-06-22,24.2,11.0,0.0
2000-06-23,23.4,8.5,0.0
2000-06-24,23.6,7.7,0.0
2000-06-25,23.7,8.4,0.0
2000-06-26,22.6,7.7,0.0
2000-06-27,22.9,11.9,0.0
2000-06-28,24.1,13.0,0.0
2000-06-29,23.9,11.9,0.0
2000-06-30,23.6,10.7,0.0
2000-07-01,23.9,10.4,0.0
2000-07-02,24.4,8.5,0.0
2000-07-03,25.762002152852517,8.8,0.0
2000-07-04,26.4,10.0,0.0
2000-07-05,26.2,10.782884822389661,0.0
2000-07-06,23.8,11.5,0.0
2000-07-07,22.06512378902045,8.975457481162538,0.0
2000-07-08,22.5,6.0,0.0
2000-07-09,23.9,3.0,0.0
2000-07-10,21.3,9.1,0.0
2000-07-11,21.40559741657696,6.4,0.0
2000-07-12,23.2,4.6,0.0
2000-07-13,24.5,5.6,0.0
2000-07-14,25.4,7.9,0.0
2000-07-15,26.0,9.0,0.0
2000-07-16,22.9,12.0,0.0
2000-07-17,21.5,9.0,0.0
2000-07-18,18.579870828848225,11.6,0.0
2000-07-19,21.3,8.4,0.0
2000-07-20,25.8,8.0,0.0
2000-07-21,28.5,12.0,0.0
2000-07-22,28.2,13.3,0.0
2000-07-23,28.2,12.92088266953714,0.0
2000-07-24,29.1,13.410656620021525,0.0
2000-07-25,29.50678148546823,14.4,0.0
2000-07-26,28.8,16.0,0.0
2000-07-27,26.7,14.140796555435937,0.0
2000-07-28,26.9,13.601076426264802,0.0
2000-07-29,27.7,13.6,0.0
2000-07-30,28.0,14.2,0.0
2000-07-31,28.5,14.2,0.0
2000-08-01,28.0,13.0,0.0
2000-08-02,29.119913885898818,18.0,0.0
2000-08-03,29.1,18.0,0.0
2000-08-04,26.4,15.42368137782561,0.0
2000-08-05,24.6,12.1,0.0
2000-08-06,25.0,10.2,0.0
2000-08-07,26.9,11.2,0.0
2000-08-08,27.02249730893433,13.0,0.0
2000-08-09,26.1,12.804628632938638,0.0
2000-08-10,25.2,12.0,0.0
2000-08-11,24.7,11.9,0.0
2000-08-12,24.6,11.3,0.0
2000-08-13,24.7,9.9,0.0
2000-08-14,25.7,9.4,0.0
2000-08-15,27.7,9.78923573735199,0.0
2000-08-16,30.9,10.9,0.0
2000-08-17,31.2,11.7,0.0
2000-08-18,30.0,15.683638320775025,0.0
2000-08-19,29.93735199138858,15.7,0.0
2000-08-20,29.6,15.9,0.0
2000-08-21,30.4,14.5,0.0
2000-08-22,30.7,13.9,0.0
2000-08-23,28.774919268030132,15.267061356297086,0.0
2000-08-24,29.5,14.7,0.0
2000-08-25,30.0,14.6,0.0
2000-08-26,30.4,14.167384284176531,0.0
2000-08-27,30.0,13.5,0.0
2000-08-28,29.7,15.2,0.0
2000-08-29,27.6,15.9,0.0
2000-08-30,26.65328310010764,14.5,0.0
2000-08-31,26.6,13.7,0.0
2000-09-01,28.2,13.3,0.0
2000-09-02,30.0,13.7,0.0
2000-09-03,31.2,15.4,0.0
2000-09-04,31.5,17.2,0.0
2000-09-05,30.6,17.648164627363744,0.0
2000-09-06,29.4,16.3,0.0
2000-09-07,29.6,14.9,0.0
2000-09-08,30.2,15.0,0.0
2000-09-09,30.0,15.4,0.0
2000-09-10,28.9,14.5,0.0
2000-09-11,28.7,13.5,0.0
2000-09-12,28.9,13.4,0.0
2000-09-13,29.0,11.765962180200223,0.0
2000-09-14,29.6,11.7,0.0
2000-09-15,30.1,15.2,0.0
2000-09-16,28.7,16.3,0.0
2000-09-17,28.0,14.2,0.0
2000-09-18,29.1,14.2,0.0
2000-09-19,30.0,14.6,0.0
2000-09-20,30.23058954393771,14.5,0.0
2000-09-21,31.2,14.7,0.0
2000-09-22,31.9,16.7,0.0
2000-09-23,31.7,17.5,0.0
2000-09-24,31.5,16.9,0.0
2000-09-25,32.10189098998888,15.7,0.0
2000-09-26,33.0,16.7,0.0
2000-09-27,33.79399332591768,18.181090100111245,0.0
2000-09-28,34.75361512791992,18.84071190211346,0.0
2000-09-29,35.15350389321469,19.4,0.0
2000-09-30,35.2,19.5,0.0
2000-10-01,35.5,18.616038751345524,0.0
2000-10-02,33.5,18.989128094725505,0.0
2000-10-03,32.9,18.3,0.0
2000-10-04,33.9,16.5,0.0
2000-10-05,33.0,17.5,0.0
2000-10-06,30.2,18.2,0.0
2000-10-07,30.9,16.7,0.0
2000-10-08,33.8,17.2,0.0
2000-10-09,36.04047362755649,18.5,0.0
2000-10-10,34.9,20.4,0.0
2000-10-11,31.9,20.2,0.0
2000-10-12,31.9,18.4,0.0
2000-10-13,32.5,19.1,0.0
2000-10-14,32.6,19.488589881593107,0.0
2000-10-15,32.3,18.7,0.0
2000-10-16,31.8,18.5,0.0
2000-10-17,32.3,17.2,0.0
2000-10-18,33.7,17.7,0.0
2000-10-19,31.2,19.7,0.0
2000-10-20,30.6,17.9,0.0
2000-10-21,32.1,17.8,0.0
2000-10-22,33.6,19.6,0.0
2000-10-23,34.9,20.427556512378896,0.0
2000-10-24,36.0,20.3,0.0
2000-10-25,35.5,20.7,0.0
2000-10-26,33.3,20.1,0.0
2000-10-27,34.0,18.3,0.0
2000-10-28,35.0,19.4,0.0
2000-10-29,34.6,21.5,0.0
2000-10-30,33.6,20.7,0.0
2000-10-31,34.7,20.9,0.0
2000-11-01,32.9,19.5,0.8
2000-11-02,34.0,19.6,0.0
2000-11-03,35.7,19.9,0.0
2000-11-04,33.4,21.5,0.0
2000-11-05,32.9,19.3,0.0
2000-11-06,34.0,19.8,0.0
2000-11-07,33.4,19.6,0.8
2000-11-08,30.6,18.7,1.4
2000-11-09,28.5,18.0,25.6
2000-11-10,27.0,17.5,10.4
2000-11-11,28.9,17.5,15.6
2000-11-12,29.9,16.9,6.0
2000-11-13,30.2,18.1,3.9
2000-11-14,31.48553948832035,17.7,0.0
2000-11-15,32.0,17.8,0.0
2000-11-16,30.8,17.9,2.3
2000-11-17,28.9,17.9,3.0
2000-11-18,28.6,17.5,5.0
2000-11-19,26.8,16.9,8.3
2000-11-20,25.626807563959957,17.5,4.0
2000-11-21,25.1,17.0,0.0
2000-11-22,23.757174638487207,16.4,0.0
2000-11-23,27.0,17.4,12.1
2000-11-24,27.9,17.9,10.2
2000-11-25,29.0,17.2,0.0
2000-11-26,29.530812013348164,18.2,0.0
2000-11-27,28.8,17.6,1.2
2000-11-28,29.1,16.8,0.0
2000-11-29,25.992880978865404,17.4,26.0
2000-11-30,24.5,16.9,0.8
2000-12-01,22.6,17.0,0.9
2000-12-02,25.6,17.2,30.95735607675906
2000-12-03,28.2,17.8,0.0
2000-12-04,28.2,18.2,0.9
2000-12-05,26.145425188374595,17.1,43.2
2000-12-06,20.506566200215286,16.1,0.0
2000-12-07,25.6,16.6,31.94925373134329
2000-12-08,23.919698600645855,17.2,27.544562899786772
2000-12-09,24.4,18.0,0.5
2000-12-10,27.4,18.4,34.98336886993604
2000-12-11,26.4,17.5,3.4
2000-12-12,27.9,17.0,32.7
2000-12-13,27.4,17.2,13.874840085287858
2000-12-14,27.2,18.0,35.418976545842206
2000-12-15,26.1,18.2,23.8
2000-12-16,26.824973089343377,18.6,34.98336886993604
2000-12-17,27.6,18.2,9.020682302771856
2000-12-18,27.5,18.0,53.98976545842218
2000-12-19,25.2,18.4,12.6
2000-12-20,26.9,18.6,1.1
2000-12-21,26.6,18.4,5.0
2000-12-22,28.7,18.2,1.0
2000-12-23,29.3,17.2,0.0
2000-12-24,29.6,17.9,5.192537313432836
2000-12-25,28.9,16.9,33.26332622601279
2000-12-26,28.1,17.9,4.0
2000-12-27,27.2,16.7,25.0
2000-12-28,27.8,18.2,0.0
2000-12-29,26.5,17.6,0.0
2000-12-30,28.0,16.2,0.0
2000-12-31,28.1,16.8,0.0
2001-01-01,29.5,18.0,0.0
2001-01-02,29.7,16.3,0.0
2001-01-03,27.0,17.8,0.0
2001-01-04,26.8,18.6,14.3
2001-01-05,27.0,18.0,28.3
2001-01-06,28.4,18.162970936490847,0.0
2001-01-07,29.0,18.3,8.167790262172282
2001-01-08,24.48643702906351,17.1,21.0
2001-01-09,27.2,16.5,0.6
2001-01-10,25.6,18.6,0.0
2001-01-11,28.5,18.0,0.0
2001-01-12,26.4,18.3,13.0432584269663
2001-01-13,24.8,18.6,4.4
2001-01-14,27.2,17.6,0.0
2001-01-15,28.2,16.7,0.0
2001-01-16,29.2,18.0,0.0
2001-01-17,28.7,16.8,0.0
2001-01-18,23.1,17.9,41.374719101123596
2001-01-19,25.6,17.7,9.0
2001-01-20,26.6,16.3,19.164044943820222
2001-01-21,28.1,17.3,4.899438202247192
2001-01-22,26.9,17.0,41.221348314606736
2001-01-23,27.2,16.5,9.8
2001-01-24,29.0,15.7,0.0
2001-01-25,25.5,17.7,10.9061797752809
2001-01-26,26.5,17.5,0.0
2001-01-27,27.4,17.9,6.89812734082397
2001-01-28,26.1,17.7,4.899438202247192
2001-01-29,26.7,17.9,9.9
2001-01-30,28.0,17.4,0.0
2001-01-31,30.0,17.3,0.0
2001-02-01,28.530989272943984,18.2,5.58341013824885
2001-02-02,24.6,17.0,48.43087557603687
2001-02-03,22.139928486293204,16.5,125.0
2001-02-04,24.289868891537544,16.4,82.5059907834103
2001-02-05,24.834803337306315,17.5,0.0
2001-02-06,27.2,17.4,0.0
2001-02-07,25.7,17.2,6.4
2001-02-08,24.0,17.0,49.988018433179725
2001-02-09,25.9,17.0,0.0
2001-02-10,25.0,15.0,0.0
2001-02-11,28.3,15.9,0.0
2001-02-12,25.082240762812873,17.5,0.0
2001-02-13,26.4,16.6,1.0
2001-02-14,28.0,15.6,0.0
2001-02-15,27.2,17.9,0.0
2001-02-16,27.6,17.6,0.0
2001-02-17,27.7,19.0,6.4
2001-02-18,29.17568533969011,16.5,0.0
2001-02-19,28.0,15.792133492252681,0.0
2001-02-20,28.9,15.4,0.623963133640553
2001-02-21,27.2,15.3,0.0
2001-02-22,24.2,15.7,0.0
2001-02-23,24.9,13.144934445768772,0.0
2001-02-24,28.2,11.484982121573301,0.0
2001-02-25,29.4,12.877473182359953,0.0
2001-02-26,29.0,15.7,0.0
2001-02-27,28.7,18.8,0.0
2001-02-28,26.50441001191895,15.1,0.0
2001-03-01,27.0,15.67717976318622,0.0
2001-03-02,28.1,13.993864370290634,0.0
2001-03-03,26.1,17.6,0.0
2001-03-04,28.3,18.1,0.0
2001-03-05,29.2,15.7,0.0
2001-03-06,32.0,14.589343379978471,0.0
2001-03-07,33.3,16.4,0.0
2001-03-08,34.1,18.9,0.0
2001-03-09,32.5,18.2,0.6
2001-03-10,30.7,17.2,2.9
2001-03-11,26.5,17.3,11.0
2001-03-12,28.7,15.4,0.0
2001-03-13,28.9,14.5,0.0
2001-03-14,29.7,14.4,0.0
2001-03-15,29.1,18.3,0.0
2001-03-16,30.0,19.0,0.0
2001-03-17,29.6,18.9,1.5
2001-03-18,29.6,18.314208826695364,0.0
2001-03-19,30.7,17.5,1.4
2001-03-20,29.9,17.9,14.8
2001-03-21,30.4,18.2,16.4
2001-03-22,28.9,18.2,16.2
2001-03-23,29.5,17.4,7.2
2001-03-24,28.9,17.3,22.4
2001-03-25,22.8,18.0,90.1
2001-03-26,23.6,16.9,0.0
2001-03-27,20.0,16.5,0.0
2001-03-28,25.3,15.7,0.0
2001-03-29,26.5,14.4,0.0
2001-03-30,27.1,13.1,0.0
2001-03-31,27.2,12.795479009687837,0.0
2001-04-01,27.7,13.2,0.0
2001-04-02,28.0,13.6,0.0
2001-04-03,27.4,13.4,0.0
2001-04-04,27.7,11.5,0.0
2001-04-05,28.4,11.5,0.0
2001-04-06,28.1,13.5,0.0
2001-04-07,27.2,13.7,0.0
2001-04-08,27.0,13.9,0.0
2001-04-09,26.8,14.2,1.7
2001-04-10,24.6,17.6,20.5
2001-04-11,25.8,14.8,0.0
2001-04-12,24.5,11.6,0.0
2001-04-13,26.3,11.8,0.0
2001-04-14,26.9,9.9,0.0
2001-04-15,26.9,11.2,0.0
2001-04-16,25.4,13.8,0.0
2001-04-17,23.6,10.5,0.0
2001-04-18,24.7,14.6,0.0
2001-04-19,25.8,13.6,0.0
2001-04-20,27.3,11.4,0.0
2001-04-21,27.1,18.6,0.0
2001-04-22,27.0,17.5,1.4
2001-04-23,26.7,15.3,0.8
2001-04-24,27.3,15.2,0.0
2001-04-25,22.9,17.1,0.0
2001-04-26,26.0,14.9,0.0
2001-04-27,27.0,12.0,0.0
2001-04-28,27.7,9.5,0.0
2001-04-29,26.0,9.5,0.0
2001-04-30,26.6,9.4,0.0
2001-05-01,26.3,7.0,0.0
2001-05-02,25.3,9.537136706135627,0.0
2001-05-03,25.1,10.2,0.0
2001-05-04,24.7,11.7,0.0
2001-05-05,24.4,7.5,0.0
2001-05-06,24.7,5.4,0.0
2001-05-07,24.9,4.7751345532831,0.0
2001-05-08,23.6,6.8,0.0
2001-05-09,23.4,6.48923573735199,0.0
2001-05-10,21.170290635091497,12.3,0.0
2001-05-11,21.48858988159311,7.0,0.0
2001-05-12,20.360387513455326,4.970613562970936,0.0
2001-05-13,19.25048439181916,4.252529601722282,0.0
2001-05-14,23.0,6.9,0.0
2001-05-15,22.593541442411194,7.9,0.0
2001-05-16,24.0,7.2,0.0
2001-05-17,24.5,8.0,0.0
2001-05-18,23.72766415500538,10.9,0.0
2001-05-19,23.2,13.958880516684593,0.0
2001-05-20,24.0,12.9,0.0
2001-05-21,23.557373519913885,12.9,0.0
2001-05-22,24.1,12.5,0.0
2001-05-23,24.0,10.0,0.0
2001-05-24,26.2,7.7,0.0
2001-05-25,29.0,10.7,0.0
2001-05-26,29.5,12.0,0.0
2001-05-27,28.0,12.9,0.0
2001-05-28,25.7,11.7,0.0
2001-05-29,24.7,14.7,0.0
2001-05-30,28.3,14.2,0.0
2001-05-31,30.0,14.536813778256173,0.0
2001-06-01,29.0,13.6,0.0
2001-06-02,26.7,13.2,0.0
2001-06-03,25.9,11.7,0.0
2001-06-04,27.2,10.2,0.0
2001-06-05,25.5,12.2,0.0
2001-06-06,19.6,13.7,0.0
2001-06-07,20.1,13.2,0.0
2001-06-08,24.6,12.0,0.0
2001-06-09,25.6,9.5,0.0
2001-06-10,26.361512791991107,9.3,0.0
2001-06-11,26.0,11.7,0.0
2001-06-12,26.5,11.30289210233593,0.0
2001-06-13,26.6,11.013125695216909,0.0
2001-06-14,25.7,11.0,0.0
2001-06-15,25.5,9.6,0.0
2001-06-16,26.24160177975529,8.0,0.0
2001-06-17,27.2,9.205116796440493,0.0
2001-06-18,27.4,10.983314794215804,0.0
2001-06-19,25.0,12.0,0.0
2001-06-20,22.3,10.8,0.0
2001-06-21,20.1,10.8,0.0
2001-06-22,23.0,7.4,0.0
2001-06-23,23.5,8.6,0.0
2001-06-24,24.2,9.0,0.0
2001-06-25,24.6,8.106229143492769,0.0
2001-06-26,24.0,9.4,0.0
2001-06-27,22.3,9.4,0.0
2001-06-28,23.1,8.7,0.0
2001-06-29,24.8,8.7,0.0
2001-06-30,26.2,9.5,0.0
2001-07-01,28.0,9.6,0.0
2001-07-02,26.5,10.5,0.0
2001-07-03,25.3,10.2,0.0
2001-07-04,23.6,9.9,0.0
2001-07-05,22.6,8.2,0.0
2001-07-06,24.0,4.5,0.0
2001-07-07,26.3,4.5,0.0
2001-07-08,22.5,11.2,0.0
2001-07-09,20.1,10.0,0.0
2001-07-10,21.831969860064582,9.5,0.0
2001-07-11,22.6,8.3,0.0
2001-07-12,24.0,7.2,0.0
2001-07-13,24.6,6.0,0.0
2001-07-14,22.6,9.1,0.0
2001-07-15,21.6,7.7,0.0
2001-07-16,23.7,5.9,0.0
2001-07-17,24.5,6.9,0.0
2001-07-18,24.0,7.9,0.0
2001-07-19,24.9,6.527987082884821,0.0
2001-07-20,25.7,6.8,0.0
2001-07-21,26.0,7.5,0.0
2001-07-22,25.7,8.9,0.0
2001-07-23,25.955220667384282,6.5,0.0
2001-07-24,25.8,7.4,0.0
2001-07-25,25.335737351991387,8.3,0.0
2001-07-26,26.2,9.0,0.0
2001-07-27,26.0,10.5,0.0
2001-07-28,22.5,10.603013993541444,0.0
2001-07-29,24.0,8.0,0.0
2001-07-30,23.09095801937567,11.2,0.0
2001-07-31,23.8,9.3,0.0
2001-08-01,21.758988159311087,4.139935414424112,0.0
2001-08-02,21.48977395048439,5.623250807319699,0.0
2001-08-03,23.0,3.079870828848224,0.0
2001-08-04,24.3,7.7,0.0
2001-08-05,23.77631862217438,8.5,0.0
2001-08-06,23.8,8.4,0.0
2001-08-07,24.8,9.0,0.0
2001-08-08,26.0,9.9,0.0
2001-08-09,27.405382131324004,10.6,0.0
2001-08-10,29.0,11.5,0.0
2001-08-11,30.4,12.0,0.0
2001-08-12,29.1,13.4,0.0
2001-08-13,28.6,14.4,0.0
2001-08-14,29.7,14.6,0.0
2001-08-15,28.0,15.2,0.0
2001-08-16,26.9,13.1,0.0
2001-08-17,27.4,11.9,0.0
2001-08-18,28.122927879440255,11.8,0.0
2001-08-19,28.5,13.0,0.0
2001-08-20,23.6,12.5,0.0
2001-08-21,21.22421959095802,10.2,0.0
2001-08-22,21.3,8.4,0.0
2001-08-23,22.4,7.1,0.0
2001-08-24,24.9,4.5,0.0
2001-08-25,27.0,9.382669537136707,0.0
2001-08-26,27.846932185145313,12.9,0.0
2001-08-27,28.6,13.8,0.0
2001-08-28,29.6,13.0,0.0
2001-08-29,30.1,12.3,0.0
2001-08-30,31.72744886975241,12.8,0.0
2001-08-31,32.40667384284175,11.2,0.0
2001-09-01,31.9,15.9,0.0
2001-09-02,32.1,16.3,0.0
2001-09-03,33.094438264738606,17.7,0.0
2001-09-04,33.5,18.7,0.0
2001-09-05,33.5,18.2,0.0
2001-09-06,33.9,17.9,0.0
2001-09-07,33.7,17.3,0.0
2001-09-08,33.7,16.7,0.0
2001-09-09,34.307119021134596,16.7,0.0
2001-09-10,33.3,17.2,0.0
2001-09-11,31.6,17.8,0.0
2001-09-12,31.3,14.997330367074532,0.0
2001-09-13,32.0,14.8,0.0
2001-09-14,32.6,15.4,0.0
2001-09-15,31.6,17.6,0.0
2001-09-16,31.449388209121246,15.5,0.0
2001-09-17,32.1,14.2,0.0
2001-09-18,32.4,14.5,0.0
2001-09-19,32.7,15.2,0.0
2001-09-20,31.8,17.768075639599555,0.0
2001-09-21,28.6,16.5,0.0
2001-09-22,27.2,14.1,0.0
2001-09-23,28.4,13.1,0.0
2001-09-24,30.6,11.0,0.0
2001-09-25,32.1952169076752,12.778865406006677,0.0
2001-09-26,33.0,15.7,0.0
2001-09-27,32.8,17.7,0.0
2001-09-28,32.5,16.9,0.0
2001-09-29,32.0,16.4,0.0
2001-09-30,32.0,17.14193548387097,0.0
2001-10-01,30.125188374596338,15.6,0.0
2001-10-02,29.2,15.0,0.0
2001-10-03,29.0,14.5,0.0
2001-10-04,29.7,13.6,0.0
2001-10-05,30.9,13.13982777179763,0.0
2001-10-06,31.7,15.0,0.0
2001-10-07,31.7,15.6,0.0
2001-10-08,32.0,16.6,0.0
2001-10-09,32.5,16.9,0.0
2001-10-10,34.0,18.0,0.0
2001-10-11,36.4,18.4,0.0
2001-10-12,33.7,16.9,0.0
2001-10-13,33.2,14.8,0.0
2001-10-14,32.2,20.7,0.0
2001-10-15,31.0,18.3,0.0
2001-10-16,32.1,18.5,0.0
2001-10-17,33.2,18.6,0.0
2001-10-18,34.2,19.0,0.0
2001-10-19,34.6,19.4,0.0
2001-10-20,31.1,20.0,0.0
2001-10-21,30.8,18.1,0.0
2001-10-22,33.1,17.0,0.0
2001-10-23,33.0,19.0,0.0
2001-10-24,33.8,17.9,0.0
2001-10-25,35.7,18.2,0.0
2001-10-26,36.706781485468234,23.0,0.0
2001-10-27,33.2,21.2,0.0
2001-10-28,29.8,18.1,0.0
2001-10-29,28.925726587728736,16.6,0.0
2001-10-30,30.7,17.2,0.0
2001-10-31,32.0,18.3,0.0
2001-11-01,33.338487208008885,21.4,0.0
2001-11-02,31.7,18.0,0.0
2001-11-03,27.9,17.6,0.0
2001-11-04,31.0,16.0,0.0
2001-11-05,32.2,19.5,0.0
2001-11-06,32.6,21.3,0.0
2001-11-07,35.0,23.046718576195776,0.0
2001-11-08,36.2,23.313348164627364,0.0
2001-11-09,35.9,22.593437152391555,0.0
2001-11-10,33.4,20.3,0.0
2001-11-11,32.8,19.5,0.0
2001-11-12,33.5,19.5,0.0
2001-11-13,35.2,19.8,0.0
2001-11-14,35.7,19.6,0.0
2001-11-15,35.7,19.4,0.0
2001-11-16,37.12213570634037,20.7,0.0
2001-11-17,37.24749721913236,21.7,0.0
2001-11-18,36.40856507230256,19.9,0.0
2001-11-19,37.74071190211344,19.5,0.0
2001-11-20,36.0,21.3,0.0
2001-11-21,35.9,22.9,0.0
2001-11-22,36.3,19.8,0.0
2001-11-23,30.1,18.9,20.9
2001-11-24,28.7,19.0,24.0
2001-11-25,28.9,18.389877641824253,15.5
2001-11-26,28.3,17.5,3.4
2001-11-27,27.5,17.0,8.6
2001-11-28,24.41001112347052,16.7,46.3
2001-11-29,23.47786429365962,16.4,0.0
2001-11-30,23.11179087875417,16.5,55.6
2001-12-01,26.7,17.5,1.2
2001-12-02,27.5,16.9,23.8
2001-12-03,26.4,18.2,4.5
2001-12-04,25.0,18.4,8.316417910447763
2001-12-05,24.2,17.7,0.0
2001-12-06,24.5,17.6,0.0
2001-12-07,25.6,17.9,0.0
2001-12-08,28.09031216361679,18.9,0.0
2001-12-09,29.6,16.4,0.0
2001-12-10,28.9,16.2,0.0
2001-12-11,29.3,16.4,0.0
2001-12-12,31.0,17.0,0.0
2001-12-13,31.2,17.6,0.0
2001-12-14,31.0,19.2,0.0
2001-12-15,29.8,19.7,0.0
2001-12-16,31.0,18.0,0.0
2001-12-17,31.407212055974153,19.4,0.0
2001-12-18,31.4,19.922820236813774,0.0
2001-12-19,31.280624327233575,20.225941872981704,0.0
2001-12-20,31.753713670613553,20.07438105489774,0.0
2001-12-21,30.9,20.0,0.0
2001-12-22,31.0,17.9,0.0
2001-12-23,30.0,18.7,1.337953091684436
2001-12-24,29.9,18.5,2.1541577825159917
2001-12-25,27.5,17.7,12.6
2001-12-26,29.8,17.5,0.0
2001-12-27,29.9,17.7,1.0
2001-12-28,30.0,17.9,0.0
2001-12-29,31.1,19.9,0.0
2001-12-30,29.0,19.9,0.0
2001-12-31,30.1,19.7,0.0
2002-01-01,30.9,20.8,0.0
2002-01-02,28.754467168998918,17.0,0.0
2002-01-03,29.1,16.0,0.0
2002-01-04,28.9,19.6,0.0
2002-01-05,29.8,18.7,0.0
2002-01-06,31.0,19.459849300322922,0.0
2002-01-07,27.0,18.6,23.63670411985018
2002-01-08,25.6,18.9,55.47303370786518
2002-01-09,28.4,18.2,17.9
2002-01-10,28.4,18.0,1.0
2002-01-11,28.7,18.2,0.9
2002-01-12,28.9,18.0,11.518352059925094
2002-01-13,26.7,18.6,18.0
2002-01-14,26.862325080731967,18.1,1.1
2002-01-15,26.1,17.6,10.0
2002-01-16,25.6,17.8,6.547191011235953
2002-01-17,28.4,17.9,1.4
2002-01-18,28.9,18.0,3.4
2002-01-19,28.0,17.4,26.5
2002-01-20,27.2,18.2,9.8
2002-01-21,26.6,17.8,0.0
2002-01-22,28.0,18.3,11.0
2002-01-23,27.5,16.5,0.3
2002-01-24,27.4,16.3,0.0
2002-01-25,27.1,17.6,2.4
2002-01-26,28.7,18.2,4.0
2002-01-27,28.7,17.6,40.27640449438201
2002-01-28,24.0,17.7,0.0
2002-01-29,26.0,17.4,0.0
2002-01-30,27.3,15.7,0.0
2002-01-31,28.4,15.4,0.0
2002-02-01,27.4,15.9,0.3
2002-02-02,27.3,17.9,2.4096774193548383
2002-02-03,27.7,15.2,0.0
2002-02-04,26.9,16.4,0.0
2002-02-05,22.26746126340882,17.4,0.0
2002-02-06,21.479976162097735,16.5,45.100460829493095
2002-02-07,27.1,17.0,3.5
2002-02-08,26.9,17.3,0.0
2002-02-09,23.922407628128724,17.2,26.74746543778802
2002-02-10,21.31239570917759,16.2,26.898617511520744
2002-02-11,23.05995232419547,16.0,0.0
2002-02-12,23.15744934445769,16.6,0.0
2002-02-13,25.6,17.6,0.0
2002-02-14,26.7,16.8,0.0
2002-02-15,27.2,16.0,0.0
2002-02-16,29.2,15.372228843861741,15.6
2002-02-17,29.2,15.6,4.5
2002-02-18,29.2,18.108104886769958,9.9
2002-02-19,27.5,18.5,9.940552995391707
2002-02-20,25.0,18.7,0.0
2002-02-21,26.5,18.8,0.0
2002-02-22,27.9,18.4,0.0
2002-02-23,28.5,16.1,0.0
2002-02-24,26.5,16.6,0.0
2002-02-25,29.96543504171632,16.5,2.0
2002-02-26,27.4,17.4,0.0
2002-02-27,26.8,16.9,11.0
2002-02-28,27.0,18.7,52.726267281106004
2002-03-01,24.3,18.1,26.2
2002-03-02,26.2,16.5,0.0
2002-03-03,26.8,15.4,0.0
2002-03-04,27.6,16.6,0.0
2002-03-05,28.0,17.5,0.0
2002-03-06,29.0,16.4,0.0
2002-03-07,28.4,16.0,0.0
2002-03-08,29.0,15.9,0.0
2002-03-09,31.0,16.7,0.0
2002-03-10,29.9,16.0,2.3
2002-03-11,26.8,18.510226049515595,4.3
2002-03-12,27.2,17.6,0.3
2002-03-13,29.9,16.8,0.0
2002-03-14,30.0,16.9,1.4
2002-03-15,28.5,17.1,4.0
2002-03-16,29.5,16.5,1.8
2002-03-17,28.1,18.6,2.2
2002-03-18,27.6,18.020129171151765,16.3
2002-03-19,26.2,18.2,35.9
2002-03-20,28.3,18.0,1.4
2002-03-21,29.4,16.0,0.0
2002-03-22,22.0,17.3,43.0
2002-03-23,23.0,14.7,0.0
2002-03-24,24.3,14.092895586652313,0.0
2002-03-25,26.3,11.998493003229278,0.0
2002-03-26,28.0,11.79763186221744,0.0
2002-03-27,28.9,12.396124865446717,0.0
2002-03-28,28.9,15.5,0.0
2002-03-29,29.7,13.5,0.0
2002-03-30,29.9,14.9,0.0
2002-03-31,24.6,13.5,0.0
2002-04-01,28.9,17.0,1.6
2002-04-02,31.2,17.4,0.0
2002-04-03,30.5,17.7,0.0
2002-04-04,29.4,16.4,0.0
2002-04-05,28.2,14.9,0.0
2002-04-06,28.3,14.4,0.0
2002-04-07,28.5,14.4,0.0
2002-04-08,28.9,13.0,0.0
2002-04-09,27.7,15.5,0.0
2002-04-10,27.2,13.9,0.0
2002-04-11,27.0,12.4,0.0
2002-04-12,27.4,11.6,0.0
2002-04-13,25.7,15.0,0.0
2002-04-14,27.8,16.0,0.0
2002-04-15,30.0,15.7,0.0
2002-04-16,30.4,17.0,0.0
2002-04-17,30.0,17.8,0.0
2002-04-18,30.0,16.1,0.0
2002-04-19,31.1,14.9,0.0
2002-04-20,31.1,14.4,0.0
2002-04-21,30.9,14.2,0.0
2002-04-22,30.7,18.5,0.0
2002-04-23,30.0,16.9,0.0
2002-04-24,29.9,16.9,0.0
2002-04-25,22.4,15.0,26.5
2002-04-26,28.0,18.2,0.0
2002-04-27,26.7,16.8,0.0
2002-04-28,28.2,14.9,0.0
2002-04-29,29.0,13.8,0.0
2002-04-30,30.0,13.9,0.0
2002-05-01,30.3,14.796124865446696,0.0
2002-05-02,30.348546824542506,16.7,0.0
2002-05-03,29.840150699677057,15.2,0.0
2002-05-04,29.158988159311082,14.5,0.0
2002-05-05,29.2,14.4,0.0
2002-05-06,27.0,14.4,0.0
2002-05-07,26.4,13.8,0.0
2002-05-08,25.6,17.090419806243236,5.755555555555554
2002-05-09,28.7,17.43390742734121,0.0
2002-05-10,28.2,17.9,0.0
2002-05-11,24.6,13.2,0.0
2002-05-12,24.8,11.4,0.0
2002-05-13,27.0,10.0,0.0
2002-05-14,27.5,12.9,0.0
2002-05-15,26.8,11.0,0.0
2002-05-16,25.07707212055974,11.8,0.0
2002-05-17,26.562109795479014,12.7,0.0
2002-05-18,26.258665231431646,10.0,0.0
2002-05-19,26.3,7.371689989235736,0.0
2002-05-20,26.0,7.0010764262648,0.0
2002-05-21,26.7,7.2,0.0
2002-05-22,25.9,10.021851453175453,0.0
2002-05-23,26.0,9.0,0.0
2002-05-24,26.0,9.282346609257262,0.0
2002-05-25,24.6,11.2,0.0
2002-05-26,24.346932185145317,8.9,0.0
2002-05-27,26.7,6.5,0.0
2002-05-28,28.6,7.5,0.0
2002-05-29,26.8,7.5,0.0
2002-05-30,24.3,11.4,0.0
2002-05-31,22.7,9.6,0.0
2002-06-01,22.5,7.686763070077864,0.0
2002-06-02,24.3,5.0,0.0
2002-06-03,24.7,6.537597330367074,0.0
2002-06-04,24.5,7.9,0.0
2002-06-05,23.9,7.5568409343715235,0.0
2002-06-06,23.6,8.2,0.0
2002-06-07,25.3,8.2,0.0
2002-06-08,25.93515016685206,6.9,0.0
2002-06-09,26.0,7.0,0.0
2002-06-10,26.2,10.5,0.0
2002-06-11,26.3,11.1,0.0
2002-06-12,22.7,12.1,0.0
2002-06-13,21.9,9.9,0.0
2002-06-14,23.9,6.9,0.0
2002-06-15,22.0,8.3,0.0
2002-06-16,20.912903225806453,5.938153503893215,0.0
2002-06-17,22.0,6.9,0.0
2002-06-18,23.1,5.6,0.0
2002-06-19,23.2,3.779310344827586,0.0
2002-06-20,23.257842046718576,4.8589543937708575,0.0
2002-06-21,22.5,5.6,0.0
2002-06-22,22.438709677419354,5.458509454949945,0.0
2002-06-23,22.0,5.2,0.0
2002-06-24,22.0,3.5,0.0
2002-06-25,22.8,4.1,0.0
2002-06-26,23.1,6.5,0.0
2002-06-27,23.0,7.3,0.0
2002-06-28,22.0,9.1,0.0
2002-06-29,22.7,7.476863181312569,0.0
2002-06-30,23.1,6.357842046718579,0.0
2002-07-01,25.7,8.5,0.0
2002-07-02,26.4,9.0,0.0
2002-07-03,25.9,9.5,0.0
2002-07-04,26.70785791173303,8.0,0.0
2002-07-05,26.6,8.9,0.0
2002-07-06,23.5,11.2,0.0
2002-07-07,22.0,9.9,0.0
2002-07-08,22.3,7.8,0.0
2002-07-09,22.418191603875126,8.3,0.0
2002-07-10,22.7,7.3,0.0
2002-07-11,23.9,5.9,0.0
2002-07-12,25.4,5.0,0.0
2002-07-13,25.5,6.9,0.0
2002-07-14,22.7,15.0,0.0
2002-07-15,23.0,14.3,0.0
2002-07-16,22.0,11.0,0.0
2002-07-17,21.905274488697522,9.05522066738428,0.0
2002-07-18,21.7,9.0,0.0
2002-07-19,24.2,8.6,0.0
2002-07-20,26.6,10.4,0.0
2002-07-21,27.7,12.5,0.0
2002-07-22,27.7,12.9,0.0
2002-07-23,27.6,12.9,0.0
2002-07-24,26.2,13.0,0.0
2002-07-25,25.7,11.0,0.0
2002-07-26,24.9,10.4,0.0
2002-07-27,22.7,11.0,0.0
2002-07-28,21.6,8.675888051668457,0.0
2002-07-29,24.8,8.4,0.0
2002-07-30,27.2,8.4,0.0
2002-07-31,28.200430570505905,10.3,0.0
2002-08-01,27.0,10.988805166846074,0.0
2002-08-02,26.7,11.0,0.0
2002-08-03,27.0,11.2,0.0
2002-08-04,28.619698600645854,11.2,0.0
2002-08-05,30.0,11.5,0.0
2002-08-06,28.9,13.2,0.0
2002-08-07,27.2,13.9,0.0
2002-08-08,25.6,13.3,0.0
2002-08-09,25.5,11.8,0.0
2002-08-10,25.6,10.3,0.0
2002-08-11,26.5,7.9,0.0
2002-08-12,28.1,7.2,0.0
2002-08-13,28.7,11.5,0.0
2002-08-14,28.2,13.8,0.0
2002-08-15,28.9,12.9,0.0
2002-08-16,30.230570505920337,12.9,0.0
2002-08-17,29.8,13.5,0.0
2002-08-18,29.2,11.8,0.0
2002-08-19,28.9,12.434768568353064,0.0
2002-08-20,27.7,13.6,0.0
2002-08-21,26.9,13.3,0.0
2002-08-22,27.0,12.0,0.0
2002-08-23,28.6,11.5,0.0
2002-08-24,29.4,13.5,0.0
2002-08-25,27.6,15.0,0.0
2002-08-26,26.7,13.9,0.0
2002-08-27,26.0,12.6,0.0
2002-08-28,26.0,11.9,0.0
2002-08-29,26.0,12.8,0.0
2002-08-30,25.5,12.2,0.0
2002-08-31,24.0,12.4,0.0
2002-09-01,23.173081201334817,8.239822024471636,0.0
2002-09-02,24.8,7.5,0.0
2002-09-03,28.6,7.8795328142380425,0.0
2002-09-04,31.229588431590653,10.6,0.0
2002-09-05,28.7,15.4,0.0
2002-09-06,25.45305895439377,13.391991101223583,0.0
2002-09-07,25.806340378197998,11.4,0.0
2002-09-08,27.1,10.5,0.0
2002-09-09,26.2,11.4,0.0
2002-09-10,27.0,8.679199110122358,0.0
2002-09-11,28.2,6.9332591768631815,0.0
2002-09-12,30.0,9.012903225806452,0.0
2002-09-13,30.2,12.0,0.0
2002-09-14,29.2,14.7,0.0
2002-09-15,29.3,15.0,0.0
2002-09-16,30.3,14.5,0.0
2002-09-17,31.5,14.5,0.0
2002-09-18,32.9,15.37030033370412,0.0
2002-09-19,33.1,17.1,0.0
2002-09-20,32.3,18.6,0.0
2002-09-21,31.8,17.6,0.0
2002-09-22,32.0,16.4,0.0
2002-09-23,33.4,16.7,0.0
2002-09-24,35.1,17.7,0.0
2002-09-25,33.2,19.5,0.0
2002-09-26,31.1,18.294327030033372,0.0
2002-09-27,30.1,16.9,0.0
2002-09-28,29.4,16.4,0.0
2002-09-29,29.6,15.9,0.0
2002-09-30,30.7,16.2,0.0
2002-10-01,29.9,15.4,0.0
2002-10-02,30.9,15.9,0.0
2002-10-03,32.3,16.7,0.0
2002-10-04,32.8,17.4,0.0
2002-10-05,33.2,18.0,0.0
2002-10-06,33.3,20.0,0.0
2002-10-07,33.2,20.5,0.0
2002-10-08,33.1,20.0,0.0
2002-10-09,32.1,19.4,0.0
2002-10-10,32.2,19.2,0.0
2002-10-11,32.0,18.7,0.0
2002-10-12,32.9,19.0,0.0
2002-10-13,33.8,18.88256189451022,0.0
2002-10-14,34.45468245425187,19.2,0.0
2002-10-15,35.2,19.4,0.0
2002-10-16,35.8,20.3,0.0
2002-10-17,35.493972012917105,21.373735199138846,0.0
2002-10-18,35.1,20.800645855758866,0.0
2002-10-19,35.5,20.0,0.0
2002-10-20,34.9,19.1,0.0
2002-10-21,35.5,19.4,0.0
2002-10-22,35.9,21.6,0.0
2002-10-23,33.0,18.0,1.0
2002-10-24,27.2,17.1778256189451,0.0
2002-10-25,28.1,16.3,0.0
2002-10-26,30.2,17.25769644779332,0.0
2002-10-27,31.1,17.2,0.0
2002-10-28,33.0,16.3,0.0
2002-10-29,32.6,18.263186221743798,0.0
2002-10-30,34.7,17.3,0.0
2002-10-31,36.0,18.9,0.0
2002-11-01,35.115684093437146,21.9,0.0
2002-11-02,34.0,23.22669632925473,0.0
2002-11-03,31.5,18.7,0.0
2002-11-04,30.6,18.0,0.0
2002-11-05,31.5,20.4,0.0
2002-11-06,32.0,19.9,0.0
2002-11-07,28.1,18.1,0.0
2002-11-08,31.050166852057842,18.7,7.9
2002-11-09,30.7,18.0,5.7
2002-11-10,30.162625139043378,17.2,10.1
2002-11-11,28.188987764182425,17.1,22.5
2002-11-12,27.5,17.2,22.3
2002-11-13,28.4,17.4,0.0
2002-11-14,27.5,18.0,0.0
2002-11-15,28.268631813125694,16.2,0.0
2002-11-16,29.2,15.2,0.0
2002-11-17,30.1,15.5,0.0
2002-11-18,30.2,15.906229143492771,0.0
2002-11-19,30.9,15.466407119021135,0.0
2002-11-20,30.2,15.2,0.0
2002-11-21,30.2,18.2,7.9
2002-11-22,30.0,17.0,0.1
2002-11-23,30.254060066740823,17.5,2.8
2002-11-24,29.4,17.9,1.2
2002-11-25,28.6,17.0,13.2
2002-11-26,26.0,17.31813125695217,5.1
2002-11-27,27.20111234705228,17.3,29.1
2002-11-28,27.645050055617354,17.5,34.4
2002-11-29,24.7,17.5,46.3
2002-11-30,26.850389321468295,17.4,15.4
2002-12-01,27.9,18.0,24.520042643923208
2002-12-02,25.3,17.0,18.665671641791057
2002-12-03,27.1,19.2,0.0
2002-12-04,28.9,16.4,0.0
2002-12-05,27.7,17.6,0.4
2002-12-06,29.6,18.5,18.3631130063966
2002-12-07,29.0,16.23778256189451,0.0
2002-12-08,29.5,19.5,0.0
2002-12-09,29.0,18.6,0.0
2002-12-10,31.1,16.7,0.0
2002-12-11,31.4,17.9,0.0
2002-12-12,31.6,16.6,0.0
2002-12-13,29.6,17.4,0.0
2002-12-14,28.909472551130243,15.7,0.0
2002-12-15,30.1,17.142734122712596,0.0
2002-12-16,27.1,18.0,5.6
2002-12-17,30.2,17.0,1.2
2002-12-18,29.5,18.8,3.4
2002-12-19,30.6,18.0,1.4
2002-12-20,29.9,17.9,0.0
2002-12-21,26.5,17.0,7.41215351812367
2002-12-22,26.1,17.3,0.6
2002-12-23,28.0,18.3,0.3
2002-12-24,27.2,17.2,12.0
2002-12-25,29.74865446716899,18.0,0.0
2002-12-26,28.4,17.0,0.0
2002-12-27,30.0,17.6,7.6
2002-12-28,26.0,18.3,7.814712153518125
2002-12-29,28.2,18.4,1.3
2002-12-30,27.6,18.4,1.6
2002-12-31,28.2,19.0,6.4
2003-01-01,27.0,17.8,8.167790262172282
2003-01-02,24.8,19.242734122712584,25.835205992509366
2003-01-03,24.6,19.1,16.8
2003-01-04,26.0,18.83875134553282,0.0
2003-01-05,24.9,16.4,0.0
2003-01-06,24.81302475780409,17.1,0.0
2003-01-07,27.0,15.6,0.0
2003-01-08,25.772766415500538,15.0,0.0
2003-01-09,29.7,17.1,0.0
2003-01-10,28.5,16.4,0.0
2003-01-11,27.1,15.0,0.0
2003-01-12,28.2,16.9,0.0
2003-01-13,27.5,16.4,0.0
2003-01-14,28.2,14.734230355220667,0.0
2003-01-15,29.5,14.105274488697523,0.0
2003-01-16,30.8,13.864477933261572,0.0
2003-01-17,31.2,15.280947255113025,0.0
2003-01-18,32.0,16.2,0.0
2003-01-19,32.26673842841761,17.8,0.0
2003-01-20,31.1,19.9,0.0
2003-01-21,29.0,19.7,0.6
2003-01-22,29.4,18.7,0.8
2003-01-23,29.4,17.7,0.0
2003-01-24,30.0,16.1,0.0
2003-01-25,29.5,17.4,0.0
2003-01-26,30.7,19.4,36.75224719101123
2003-01-27,27.9,18.9,22.807116104868914
2003-01-28,28.6,18.9,27.522846441947557
2003-01-29,27.2,16.8,0.0
2003-01-30,28.7,16.8,0.0
2003-01-31,28.4,18.62228202368137,4.0
2003-02-01,30.0,18.6,0.9
2003-02-02,30.0,18.3,0.0
2003-02-03,29.0,18.6,3.0
2003-02-04,26.2,18.9,3.3691244239631324
2003-02-05,25.0,17.7,21.22350230414747
2003-02-06,26.4,18.2,0.0
2003-02-07,27.9,17.8,9.024884792626727
2003-02-08,29.5,16.8,22.42811059907834
2003-02-09,27.9,15.5,6.5
2003-02-10,28.4,17.3,1.0
2003-02-11,30.0,17.8,0.5
2003-02-12,30.8,16.4,2.0
2003-02-13,30.6,16.6,4.637327188940096
2003-02-14,28.1,18.3,1.4
2003-02-15,27.8,17.0,41.977880184331795
2003-02-16,27.0,18.2,0.3
2003-02-17,29.0,18.0,8.4
2003-02-18,27.99880810488677,17.4,21.5520737327189
2003-02-19,27.1,17.2,9.9
2003-02-20,27.3,18.2,10.4
2003-02-21,28.7,18.3,18.629032258064516
2003-02-22,30.4,16.9,10.042396313364058
2003-02-23,24.6,18.6,7.4
2003-02-24,28.3,18.3,12.761751152073742
2003-02-25,31.1176400476758,16.8,4.1
2003-02-26,29.9,17.6,15.6
2003-02-27,27.0,18.9,4.4
2003-02-28,28.3,16.6,4.2
2003-03-01,27.6,17.5,2.5
2003-03-02,26.7,18.9,5.9
2003-03-03,25.6,18.90473627556512,3.3
2003-03-04,24.0,18.6,0.0
2003-03-05,24.9,18.8,1.5
2003-03-06,27.1,18.1,2.0
2003-03-07,27.0,17.6,0.0
2003-03-08,27.7,17.2,0.0
2003-03-09,27.9,17.0,0.0
2003-03-10,28.2,17.7,0.0
2003-03-11,27.9,17.4,0.0
2003-03-12,27.5,18.5,0.0
2003-03-13,28.9,18.4,3.4
2003-03-14,29.0,18.5,16.4
2003-03-15,30.4,18.9,7.2
2003-03-16,30.0,18.706996770721204,31.8
2003-03-17,26.6,18.8,2.5
2003-03-18,27.9,18.8,0.0
2003-03-19,26.6,17.0,0.8
2003-03-20,25.6,16.4,0.0
2003-03-21,28.2,16.0,0.0
2003-03-22,29.0,18.4,0.9
2003-03-23,28.0,18.2,0.0
2003-03-24,27.9,15.8,0.0
2003-03-25,25.1,16.2,0.0
2003-03-26,26.7,17.4,0.0
2003-03-27,28.0,18.0,0.0
2003-03-28,28.0,16.75597416576964,0.0
2003-03-29,28.0,14.4,0.0
2003-03-30,27.4,14.391388589881592,0.0
2003-03-31,27.8,15.5,0.0
2003-04-01,29.4,15.5,0.0
2003-04-02,29.7,19.3,0.0
2003-04-03,28.4,17.1,0.0
2003-04-04,27.0,14.1,0.0
2003-04-05,27.6,13.8,0.0
2003-04-06,26.3,14.5,0.0
2003-04-07,27.2,13.9,0.0
2003-04-08,27.5,16.6,0.0
2003-04-09,27.0,15.2,0.0
2003-04-10,27.9,15.6,0.0
2003-04-11,28.6,12.9,0.0
2003-04-12,28.2,12.3,0.0
2003-04-13,27.6,12.0,0.0
2003-04-14,28.5,11.6,0.0
2003-04-15,28.9,12.7,0.0
2003-04-16,28.6,11.9,0.0
2003-04-17,27.7,13.0,0.0
2003-04-18,27.1,11.5,0.0
2003-04-19,26.5,11.8,0.0
2003-04-20,27.7,11.5,0.0
2003-04-21,29.0,12.0,0.0
2003-04-22,28.5,13.8,0.0
2003-04-23,27.6,13.8,0.0
2003-04-24,28.0,14.5,0.0
2003-04-25,29.1,13.6,0.0
2003-04-26,31.0,14.3,0.0
2003-04-27,30.8,17.2,0.0
2003-04-28,29.7,15.5,0.0
2003-04-29,29.3,14.9,0.0
2003-04-30,28.7,15.3,0.0
2003-05-01,26.0,13.2,0.0
2003-05-02,25.68148546824542,12.1,0.0
2003-05-03,23.0,15.0,0.0
2003-05-04,27.0,12.5,0.0
2003-05-05,29.3,11.9,0.0
2003-05-06,31.6,14.4,0.0
2003-05-07,32.6123789020452,17.5,0.0
2003-05-08,31.6,16.9,0.0
2003-05-09,30.093110871905264,16.2,0.0
2003-05-10,29.3,14.9,0.0
2003-05-11,29.1,14.5,0.0
2003-05-12,28.7,13.8,0.0
2003-05-13,28.840688912809465,12.2,0.0
2003-05-14,29.2,11.9,0.0
2003-05-15,29.2,12.4,0.0
2003-05-16,28.7,13.0,0.0
2003-05-17,29.0,11.6,0.0
2003-05-18,30.0,12.4,0.0
2003-05-19,31.0,12.9,0.0
2003-05-20,30.0,13.6,0.0
2003-05-21,26.5,16.8,0.0
2003-05-22,25.2,15.6,0.0
2003-05-23,26.190850376749186,7.9,0.0
2003-05-24,27.2,6.7,0.0
2003-05-25,21.940581270182992,13.9,1.2333333333333334
2003-05-26,23.1,13.6,0.6
2003-05-27,25.1,11.2,0.0
2003-05-28,25.0,8.0,0.0
2003-05-29,24.1,7.0,0.0
2003-05-30,22.8,9.0,0.0
2003-05-31,22.4,9.9,0.0
2003-06-01,23.0,8.3,0.0
2003-06-02,23.5,6.5,0.0
2003-06-03,23.4,8.845606229143497,0.0
2003-06-04,23.0,8.9,0.0
2003-06-05,25.0,8.5,0.0
2003-06-06,25.6,7.3,0.0
2003-06-07,25.0,6.7,0.0
2003-06-08,24.6,6.4,0.0
2003-06-09,26.0,10.054282536151282,0.0
2003-06-10,27.7,11.4,0.0
2003-06-11,29.2,12.9,0.0
2003-06-12,28.0,14.1,0.0
2003-06-13,27.6,15.370189098998889,0.0
2003-06-14,27.0,14.4,0.0
2003-06-15,28.3,13.5,0.0
2003-06-16,28.0,13.4,0.0
2003-06-17,26.7,13.5,0.0
2003-06-18,25.4,14.660289210233595,0.0
2003-06-19,24.2,12.0,0.0
2003-06-20,22.0,9.8,0.0
2003-06-21,22.5,8.0,0.0
2003-06-22,23.2,5.9,0.0
2003-06-23,24.2,3.4,0.0
2003-06-24,22.938264738598445,7.6,0.0
2003-06-25,22.0,6.9,0.0
2003-06-26,22.9,7.8,0.0
2003-06-27,23.7,6.4,0.0
2003-06-28,25.6,8.0,0.0
2003-06-29,27.7,10.0,0.0
2003-06-30,29.5,11.1,0.0
2003-07-01,28.613670613562963,11.6,0.0
2003-07-02,27.6,11.372228202368138,0.0
2003-07-03,24.702906350914954,12.0,0.0
2003-07-04,24.3,11.2,0.0
2003-07-05,24.5,10.0,0.0
2003-07-06,25.2,10.5,0.0
2003-07-07,26.0,10.1,0.0
2003-07-08,26.4,10.842841765339074,0.0
2003-07-09,26.7,11.0,0.0
2003-07-10,25.3,12.0,0.0
2003-07-11,25.0,10.7,0.0
2003-07-12,26.394833153928953,10.2,0.0
2003-07-13,26.8,11.1,0.0
2003-07-14,27.340904198062425,12.1,0.0
2003-07-15,28.5,12.2,0.0
2003-07-16,29.426803013993528,13.370721205597416,0.0
2003-07-17,30.0,13.290742734122707,0.0
2003-07-18,30.12012917115176,13.5,0.0
2003-07-19,29.2,15.400107642626464,0.0
2003-07-20,29.2,15.2,0.0
2003-07-21,29.5,14.0,0.0
2003-07-22,29.7,14.290312163616788,0.0
2003-07-23,29.2,14.520236813778247,0.0
2003-07-24,28.0,15.0,0.0
2003-07-25,27.2,13.4,0.0
2003-07-26,28.2,12.0,0.0
2003-07-27,29.4,12.0,0.0
2003-07-28,30.2,13.120775026910648,0.0
2003-07-29,30.780086114101124,15.040150699677067,0.0
2003-07-30,30.7,14.4,0.0
2003-07-31,28.95360602798707,14.2,0.0
2003-08-01,27.0,10.2,0.0
2003-08-02,25.0,12.9,0.0
2003-08-03,24.1,11.9,0.0
2003-08-04,25.5,11.2,0.0
2003-08-05,26.2,11.0,0.0
2003-08-06,25.0,11.2,0.0
2003-08-07,24.2,10.4,0.0
2003-08-08,22.6,10.9,0.0
2003-08-09,22.93821313240043,10.0,0.0
2003-08-10,24.3,10.0,0.0
2003-08-11,26.3,11.025403659849301,0.0
2003-08-12,27.8,12.5,0.0
2003-08-13,28.5,12.9,0.0
2003-08-14,30.0,13.0,0.0
2003-08-15,31.4,14.2,0.0
2003-08-16,30.2,16.9,0.0
2003-08-17,30.9858988159311,15.7,0.0
2003-08-18,31.4,17.0,0.0
2003-08-19,30.2,17.7,0.0
2003-08-20,29.0,16.0,0.0
2003-08-21,29.8,15.4,0.0
2003-08-22,31.46533907427341,15.756942949407962,0.0
2003-08-23,32.5,17.7,0.0
2003-08-24,32.5,18.3,0.0
2003-08-25,32.734337997847135,18.236706135629703,0.0
2003-08-26,32.9,18.620021528525292,0.0
2003-08-27,34.41377825618943,19.0,0.0
2003-08-28,37.5,19.020021528525284,0.0
2003-08-29,34.6998923573734,25.5,0.0
2003-08-30,33.2,19.506889128094567,0.0
2003-08-31,26.7,17.4,0.0
2003-09-01,25.54638487208009,15.2,0.0
2003-09-02,26.20622914349277,13.005450500556174,0.0
2003-09-03,26.97274749721913,10.6,0.0
2003-09-04,28.73181312569522,9.386429365962181,0.0
2003-09-05,28.2,13.3,0.0
2003-09-06,26.2,13.2,0.0
2003-09-07,26.5,11.9,0.0
2003-09-08,28.2,12.0,0.0
2003-09-09,29.2,14.1,0.0
2003-09-10,30.590322580645164,15.2,0.0
2003-09-11,32.5,15.9,0.0
2003-09-12,30.9,18.1,0.0
2003-09-13,31.1,16.7,0.0
2003-09-14,32.5,16.4,0.0
2003-09-15,33.9,17.4,0.0
2003-09-16,35.3,21.2,0.0
2003-09-17,32.8,19.820578420467196,0.0
2003-09-18,32.7,18.2,0.0
2003-09-19,33.2,17.7,0.0
2003-09-20,34.3,17.4,0.0
2003-09-21,35.300111234705234,18.0,0.0
2003-09-22,34.6,19.3,0.0
2003-09-23,33.8,19.31379310344828,0.0
2003-09-24,32.0,19.3,0.0
2003-09-25,32.7,18.5,0.0
2003-09-26,33.2,18.8,0.0
2003-09-27,33.7,18.0,0.0
2003-09-28,35.08020022246942,18.407563959955503,0.0
2003-09-29,37.13348164627355,19.673637374860963,0.0
2003-09-30,39.0,22.72002224694103,0.0
2003-10-01,34.6,21.9,0.0
2003-10-02,35.7,19.6,0.0
2003-10-03,36.5,19.7,0.0
2003-10-04,35.8,19.9,0.0
2003-10-05,34.5,20.4,0.0
2003-10-06,32.1,20.20107642626479,0.0
2003-10-07,31.6,19.34876210979547,0.0
2003-10-08,33.0,19.1,0.0
2003-10-09,30.358449946178684,21.4,0.0
2003-10-10,31.3,19.2,1.6
2003-10-11,26.319698600645854,18.1,0.4680000000000001
2003-10-12,24.6,16.7,2.66
2003-10-13,26.9,15.6,3.18
2003-10-14,28.13928955866523,16.5,1.0
2003-10-15,29.7,15.6,1.0
2003-10-16,32.3,17.6,0.0
2003-10-17,33.9,20.7,0.2
2003-10-18,34.6,20.7,0.0
2003-10-19,35.5,21.986867599569422,0.0
2003-10-20,35.00086114101184,22.320344456404694,0.0
2003-10-21,33.2,19.7,0.9
2003-10-22,33.5,19.9,0.0
2003-10-23,34.5,19.9,0.0
2003-10-24,34.5,20.0,0.0
2003-10-25,34.6,20.3,0.0
2003-10-26,34.5,20.1,0.0
2003-10-27,35.5,19.6,0.0
2003-10-28,36.466846071044124,23.42002152852528,0.0
2003-10-29,35.5,23.526695371367037,0.0
2003-10-30,35.2,22.04015069967706,0.0
2003-10-31,32.5,21.9,0.0
2003-11-01,33.026696329254726,20.0,0.0
2003-11-02,34.3,21.4,0.0
2003-11-03,36.93570634037818,20.7,0.0
2003-11-04,35.3,21.2,0.0
2003-11-05,34.0,20.5,0.0
2003-11-06,36.25606229143492,19.9,0.0
2003-11-07,39.5,20.1,0.0
2003-11-08,36.0,19.2,0.3
2003-11-09,33.4,19.1,0.0
2003-11-10,35.2,20.0,0.0
2003-11-11,31.93092324805339,18.8,0.0
2003-11-12,29.7,17.9,6.7
2003-11-13,30.7,17.7,0.0
2003-11-14,29.7,18.0,8.8
2003-11-15,25.4,17.5,60.5
2003-11-16,21.8,16.3,28.0
2003-11-17,24.074304783092323,16.0,0.0
2003-11-18,26.60467185761958,17.3,0.8
2003-11-19,26.7,16.7321468298109,0.0
2003-11-20,28.1,15.299777530589544,0.0
2003-11-21,29.6,14.879866518353728,0.0
2003-11-22,30.3,16.0,0.0
2003-11-23,30.8,19.7,0.0
2003-11-24,31.6,19.7,0.0
2003-11-25,31.4,18.7,0.0
2003-11-26,31.7,19.282091212458297,0.0
2003-11-27,31.5,19.0,0.0
2003-11-28,31.1,18.7,0.0
2003-11-29,30.0,18.0,1.4
2003-11-30,29.0,18.196774193548393,12.2
2003-12-01,29.0,18.682561894510222,9.121108742004262
2003-12-02,30.7,18.5,0.0
2003-12-03,30.0,19.5,15.449253731343283
2003-12-04,26.2,19.0,8.8
2003-12-05,25.5,17.9,0.5132196162046909
2003-12-06,25.592357373519913,17.4,0.0
2003-12-07,28.1,16.6,0.0
2003-12-08,27.9,15.2,0.0
2003-12-09,28.1,15.3,0.0
2003-12-10,28.0,18.0,0.0
2003-12-11,29.5,16.1,0.0
2003-12-12,29.8,15.3,0.0
2003-12-13,29.3,16.9,0.0
2003-12-14,30.7,19.0,0.0
2003-12-15,26.3,18.7,2.766098081023455
2003-12-16,27.1,17.7,0.0
2003-12-17,28.7,17.0,3.6
2003-12-18,27.6,16.0,1.7473347547974412
2003-12-19,28.0,18.0,3.2
2003-12-20,26.7,18.98848223896662,0.0
2003-12-21,29.5,19.2,0.0
2003-12-22,30.0,18.6,0.0
2003-12-23,29.9,19.0,11.2
2003-12-24,29.3,18.9,5.8
2003-12-25,29.4,18.0,6.502345415778253
2003-12-26,27.6,18.6,19.716417910447763
2003-12-27,27.6,17.6,0.0
2003-12-28,29.4,16.3,0.0
2003-12-29,30.2,15.7,0.0
2003-12-30,29.0,19.5,1.3
2003-12-31,26.9,19.5,38.90149253731343
2004-01-01,25.5,18.2,5.6
2004-01-02,26.0,17.9,0.0
2004-01-03,29.2,17.7,0.0
2004-01-04,30.4,16.9,0.0
2004-01-05,30.3,18.9,0.0
2004-01-06,30.2,18.6,0.0
2004-01-07,31.2,19.0,0.8
2004-01-08,27.8,18.4,4.3
2004-01-09,29.0,19.5,7.05187265917603
2004-01-10,27.9,19.0,5.415355805243445
2004-01-11,29.5,18.4,0.7271535580524344
2004-01-12,29.1,18.5,34.0
2004-01-13,29.0,19.0,1.4
2004-01-14,29.130893433799784,18.3,3.56760299625468
2004-01-15,27.2,18.6,4.3
2004-01-16,29.7,18.7,0.0
2004-01-17,28.7,17.4,0.0
2004-01-18,26.7,18.9,16.4
2004-01-19,27.7,18.5,0.0
2004-01-20,28.0,16.6,1.0
2004-01-21,30.2,17.5,0.0
2004-01-22,31.846716899892357,17.8,0.0
2004-01-23,31.9,19.8,0.0
2004-01-24,31.40010764262648,20.23552206673839,0.0
2004-01-25,29.6,19.8,0.0
2004-01-26,23.6,18.1,16.0
2004-01-27,28.4,19.4,32.94756554307116
2004-01-28,27.7,18.9,2.326404494382022
2004-01-29,29.5,18.4,0.0
2004-01-30,29.0,17.7,0.0
2004-01-31,28.9,15.6,0.0
2004-02-01,27.766388557806913,16.7,0.0
2004-02-02,30.2,17.6,0.623963133640553
2004-02-03,28.0,19.1,1.4
2004-02-04,30.0,19.2,0.0
2004-02-05,30.6,19.0,0.0
2004-02-06,30.8,18.9,3.2
2004-02-07,25.3,16.789153754469606,7.4
2004-02-08,28.5,13.75995232419547,0.0
2004-02-09,30.0,11.164958283671037,0.0
2004-02-10,35.7,12.6,0.0
2004-02-11,32.0,16.174493444576875,0.0
2004-02-12,32.18510131108461,14.949821215733015,0.0
2004-02-13,32.9,19.43253873659117,0.0
2004-02-14,30.1,19.5,0.0
2004-02-15,31.4,19.0,0.0
2004-02-16,31.0,17.4,0.0
2004-02-17,31.02014302741358,16.5,0.0
2004-02-18,30.9,16.0,0.0
2004-02-19,31.9,17.3,0.0
2004-02-20,30.4,17.6,0.3
2004-02-21,30.7,18.7,10.292165898617508
2004-02-22,31.0,19.4,29.2
2004-02-23,31.2,18.9,1.3
2004-02-24,31.9,19.0,1.3645161290322583
2004-02-25,32.732538736591174,18.5,1.5
2004-02-26,30.685220500595943,19.7,5.788018433179725
2004-02-27,27.2,19.0,15.0
2004-02-28,23.9,17.4,60.3170506912443
2004-03-01,22.7,17.2,0.0
2004-03-02,24.7,17.3,0.0
2004-03-03,24.0,16.9,0.0
2004-03-04,25.9,17.6,0.0
2004-03-05,25.3,19.2,0.0
2004-03-06,28.3,16.9,0.0
2004-03-07,28.7,16.0,0.0
2004-03-08,28.4,15.9,0.0
2004-03-09,28.2,15.7,0.0
2004-03-10,29.3,15.6,0.0
2004-03-11,29.9,18.7,0.0
2004-03-12,27.2,18.6,0.0
2004-03-13,25.9,17.3,0.0
2004-03-14,27.8,16.5,0.0
2004-03-15,29.1,17.7,0.0
2004-03-16,29.5,17.9,0.0
2004-03-17,29.7,18.0,0.0
2004-03-18,30.2,19.900538213132386,0.0
2004-03-19,31.0,17.8,0.0
2004-03-20,32.0,20.00086114101181,0.0
2004-03-21,33.0,20.200322927879434,0.0
2004-03-22,33.5,20.3,0.0
2004-03-23,33.3,21.9,0.0
2004-03-24,31.9,17.0,2.4
2004-03-25,31.2,16.9,0.0
2004-03-26,31.1,17.6,0.0
2004-03-27,29.9,16.4,0.0
2004-03-28,31.6,16.0,0.0
2004-03-29,33.0,15.2,0.0
2004-03-30,34.9,15.4,0.0
2004-03-31,33.7,17.8,0.0
2004-04-01,32.3,18.3,0.0
2004-04-02,32.6,16.6,0.0
2004-04-03,33.1,15.9,0.0
2004-04-04,33.5,15.5,0.0
2004-04-05,30.7,19.4,0.0
2004-04-06,29.9,19.0,0.0
2004-04-07,25.0,16.9,0.0
2004-04-08,25.0,17.8,12.5
2004-04-09,28.9,17.5,0.0
2004-04-10,29.0,16.7,0.0
2004-04-11,29.0,16.0,0.0
2004-04-12,28.5,14.0,0.0
2004-04-13,29.0,12.3,0.0
2004-04-14,29.5,10.4,0.0
2004-04-15,28.9,12.9,0.0
2004-04-16,28.8,13.2,0.0
2004-04-17,29.9,10.9,0.0
2004-04-18,31.4,13.0,0.0
2004-04-19,32.0,13.7,0.0
2004-04-20,32.0,14.7,0.0
2004-04-21,31.5,16.4,0.0
2004-04-22,32.0,18.8,0.0
2004-04-23,31.4,17.0,0.0
2004-04-24,28.7,16.0,0.0
2004-04-25,26.6,15.0,0.0
2004-04-26,28.6,13.6,0.0
2004-04-27,28.6,14.0,0.0
2004-04-28,29.6,12.8,0.0
2004-04-29,30.0,13.4,0.0
2004-04-30,30.9,13.2,0.0
2004-05-01,31.0,12.6,0.0
2004-05-02,30.7,15.571797631862202,0.0
2004-05-03,30.0,16.2,0.0
2004-05-04,29.0,14.7,0.0
2004-05-05,29.9,14.0,0.0
2004-05-06,29.9,13.9,0.0
2004-05-07,27.9,14.6,0.0
2004-05-08,27.0,12.336383207750258,0.0
2004-05-09,24.9,12.4,0.0
2004-05-10,26.9,9.9,0.0
2004-05-11,28.169429494079655,9.889666307857905,0.0
2004-05-12,28.1,14.7,0.0
2004-05-13,28.753067814854674,17.7226049515608,0.0
2004-05-14,28.9,17.624865446716885,0.0
2004-05-15,29.4,15.2,0.0
2004-05-16,30.8,15.0,0.0
2004-05-17,32.08665231431647,17.27685683530674,0.0
2004-05-18,31.0,18.424865446716737,0.0
2004-05-19,27.6,15.2,0.0
2004-05-20,26.9,12.0,0.0
2004-05-21,26.7,9.3,0.0
2004-05-22,27.5,9.1,0.0
2004-05-23,28.0,6.9,0.0
2004-05-24,27.0,9.9,0.0
2004-05-25,26.1,9.3,0.0
2004-05-26,25.5,9.0,0.0
2004-05-27,26.2,8.0767491926803,0.0
2004-05-28,28.7,8.7,0.0
2004-05-29,30.0,10.2,0.0
2004-05-30,30.0,12.9,0.0
2004-05-31,27.9,13.701829924650143,0.0
2004-06-01,26.0,11.8,0.0
2004-06-02,25.5,12.0,0.0
2004-06-03,24.94293659621802,11.8,0.0
2004-06-04,25.2,10.5,0.0
2004-06-05,25.6,8.0,0.0
2004-06-06,27.287652947719685,6.0,0.0
2004-06-07,26.9,10.6,0.0
2004-06-08,25.0,12.0,0.0
2004-06-09,25.0,10.5,0.0
2004-06-10,26.3,10.2,0.0
2004-06-11,26.0,11.8,0.0
2004-06-12,25.5,11.9,0.0
2004-06-13,24.9,11.762402669632934,0.0
2004-06-14,23.8,11.5,0.0
2004-06-15,23.9,10.9,0.0
2004-06-16,23.5,10.1,0.0
2004-06-17,23.9,8.0,0.0
2004-06-18,23.4,8.0,0.0
2004-06-19,24.0,6.407786429365962,0.0
2004-06-20,24.4,5.128698553948832,0.0
2004-06-21,24.4,6.0,0.0
2004-06-22,24.7,6.0,0.0
2004-06-23,24.9,6.9,0.0
2004-06-24,23.9,8.4,0.0
2004-06-25,22.1,10.0,0.0
2004-06-26,21.9,6.5,0.0
2004-06-27,22.3,5.0,0.0
2004-06-28,21.406006674082313,8.455951056729702,0.0
2004-06-29,22.4,6.1,0.0
2004-06-30,23.0,3.5,0.0
2004-07-01,23.6,6.9,0.0
2004-07-02,25.0,5.1,0.0
2004-07-03,26.301506996770716,6.1,0.0
2004-07-04,27.6,7.3,0.0
2004-07-05,28.2,11.6,0.0
2004-07-06,27.6,14.200322927879437,0.0
2004-07-07,25.4,13.0,0.0
2004-07-08,23.0,12.301291711517758,0.0
2004-07-09,16.0,5.4,0.0
2004-07-10,18.9,2.7,0.0
2004-07-11,20.0,0.2,0.0
2004-07-12,22.1,0.6499461786867599,0.0
2004-07-13,21.2,5.5,0.0
2004-07-14,22.0,7.9,0.0
2004-07-15,21.8,11.2,0.0
2004-07-16,20.8259418729817,9.0,0.0
2004-07-17,22.3,9.2,0.0
2004-07-18,23.7,8.0,0.0
2004-07-19,26.6,9.0,0.0
2004-07-20,28.0,8.6,0.0
2004-07-21,27.560818083961237,6.7,0.0
2004-07-22,25.0,12.0,0.0
2004-07-23,24.0,10.5,0.0
2004-07-24,25.0,6.0,0.0
2004-07-25,26.081700753498378,5.4,0.0
2004-07-26,24.2,9.3,0.0
2004-07-27,24.3,7.9,0.0
2004-07-28,25.2,7.6,0.0
2004-07-29,26.3,7.7,0.0
2004-07-30,26.0,9.40473627556512,0.0
2004-07-31,26.2,9.0,0.0
2004-08-01,24.4,7.4,0.0
2004-08-02,23.6,8.0,0.0
2004-08-03,24.2,5.733153928955867,0.0
2004-08-04,23.9,8.9,0.0
2004-08-05,23.6,8.9,0.0
2004-08-06,24.0,7.3,0.0
2004-08-07,24.9,6.093218514531754,0.0
2004-08-08,26.6,6.643164693218514,0.0
2004-08-09,27.61582346609257,7.4,0.0
2004-08-10,27.3,10.2,0.0
2004-08-11,25.3,12.95123789020452,0.0
2004-08-12,25.3,11.251991388589879,0.0
2004-08-13,25.7,11.6,0.0
2004-08-14,27.2,11.9,0.0
2004-08-15,29.2,12.5,0.0
2004-08-16,31.9,14.0,0.0
2004-08-17,31.2,11.5,0.0
2004-08-18,29.6,14.7,0.0
2004-08-19,25.0,15.0037674919268,0.0
2004-08-20,24.7,13.294402583423032,0.0
2004-08-21,25.8,12.0,0.0
2004-08-22,28.0,11.0,0.0
2004-08-23,29.6,12.7,0.0
2004-08-24,31.4,14.9,0.0
2004-08-25,30.9,17.56673842841765,0.0
2004-08-26,30.5,16.0,0.0
2004-08-27,30.0,18.330032292787944,0.0
2004-08-28,30.1,17.47341227125941,0.0
2004-08-29,27.8,16.4,0.0
2004-08-30,28.0,14.8,0.0
2004-08-31,28.7,14.4,0.0
2004-09-01,25.6,14.4,0.0
2004-09-02,21.279866518353725,11.0,0.0
2004-09-03,19.679866518353727,7.0,0.0
2004-09-04,20.819911012235817,6.259955506117909,0.0
2004-09-05,24.62647385984427,5.733036707452725,0.0
2004-09-06,27.4,6.7,0.0
2004-09-07,28.7,6.133259176863182,0.0
2004-09-08,30.0,10.379199110122359,0.0
2004-09-09,30.2,12.0,0.0
2004-09-10,30.9,11.9,0.0
2004-09-11,31.7,13.5,0.0
2004-09-12,31.62914349276975,13.7,0.0
2004-09-13,31.3,15.4,0.0
2004-09-14,27.7,16.3,0.0
2004-09-15,26.2,13.4,0.0
2004-09-16,27.2,12.0,0.0
2004-09-17,28.2,13.6,0.0
2004-09-18,28.931701890989988,12.9,0.0
2004-09-19,30.0,13.9,0.0
2004-09-20,31.5,15.2,0.0
2004-09-21,34.0,17.275194660734147,0.0
2004-09-22,35.3,20.0,0.0
2004-09-23,34.6,19.3,0.0
2004-09-24,35.0,21.333370411568406,0.0
2004-09-25,25.279755283648498,16.9,1.7142857142857142
2004-09-26,22.599777530589545,16.0,0.0
2004-09-27,27.7,13.9,0.0
2004-09-28,29.0,14.7,0.0
2004-09-29,29.7,14.6,0.0
2004-09-30,31.1,14.84416017797553,0.0
2004-10-01,32.0,14.0,0.0
2004-10-02,30.8,17.9,0.0
2004-10-03,30.718191603875127,16.7,0.0
2004-10-04,32.1,16.3,0.0
2004-10-05,34.8,16.9,0.0
2004-10-06,36.6,18.6,0.0
2004-10-07,30.1,19.2,0.0
2004-10-08,25.39956942949408,15.7,0.0
2004-10-09,26.019160387513452,15.186006458557587,0.0
2004-10-10,26.6,12.859634015069966,0.0
2004-10-11,28.6,13.23961248654467,0.0
2004-10-12,29.9,14.9,0.0
2004-10-13,30.8,14.419590958019375,0.0
2004-10-14,33.0,16.6,0.0
2004-10-15,33.655435952637234,18.729278794402575,0.0
2004-10-16,33.8,19.6,0.0
2004-10-17,34.0,19.6,0.0
2004-10-18,33.5,19.5,0.0
2004-10-19,32.0,18.0,0.0
2004-10-20,31.977287405812696,15.7,0.0
2004-10-21,32.5,14.8,0.0
2004-10-22,34.0,15.9,0.0
2004-10-23,35.6,17.4,0.0
2004-10-24,35.0,19.0,0.0
2004-10-25,35.09418729817007,19.0,0.0
2004-10-26,35.6,18.5,0.0
2004-10-27,37.2,19.03562970936491,0.0
2004-10-28,38.4,20.2,0.0
2004-10-29,38.026695371367005,21.0,0.0
2004-10-30,37.300107642626436,21.4,0.0
2004-10-31,36.54682454251882,21.053821313240036,0.0
2004-11-01,35.2,21.3,0.0
2004-11-02,34.2,20.0,0.0
2004-11-03,34.8,20.4,0.0
2004-11-04,35.7,21.14048943270301,0.0
2004-11-05,36.4,22.406785317018915,0.0
2004-11-06,36.5,22.1,0.0
2004-11-07,36.2,20.5,0.0
2004-11-08,36.3424916573971,19.9,0.0
2004-11-09,35.5,21.2,0.0
2004-11-10,35.2,20.3,0.0
2004-11-11,34.3,21.3,0.0
2004-11-12,34.98353726362625,20.7,0.0
2004-11-13,35.3,20.0,0.0
2004-11-14,34.5,20.3,0.0
2004-11-15,32.9,19.0,0.0
2004-11-16,31.3,18.7,0.0
2004-11-17,30.3,18.3,0.0
2004-11-18,32.5,19.8,0.0
2004-11-19,32.0,20.1,0.0
2004-11-20,30.9,20.2,0.0
2004-11-21,31.0,18.9,0.0
2004-11-22,32.1,21.36040044493883,0.0
2004-11-23,33.5,19.4,0.0
2004-11-24,33.62135706340378,19.0,0.0
2004-11-25,33.7,19.2,0.0
2004-11-26,34.5,19.5,0.0
2004-11-27,32.8,19.6,0.0
2004-11-28,30.4,18.090211345939938,4.3
2004-11-29,28.0,17.085094549499445,1.9
2004-11-30,28.4,18.4,4.5
2004-12-01,30.2,18.8,0.0
2004-12-02,31.6,18.8,0.0
2004-12-03,27.7,18.4,29.276119402985074
2004-12-04,23.9,15.705920344456404,0.0
2004-12-05,23.9,17.3,0.0
2004-12-06,26.29203444564047,16.8,0.0
2004-12-07,27.1,18.7,2.8
2004-12-08,26.4,19.4,6.907036247334752
2004-12-09,27.5,18.9,1.3
2004-12-10,27.8,17.5,10.228784648187636
2004-12-11,28.0,18.3,1.3
2004-12-12,30.0,17.8,1.0285714285714285
2004-12-13,30.8,17.9,6.907036247334752
2004-12-14,30.4,19.0,2.7
2004-12-15,28.2,17.7,28.3
2004-12-16,28.3,17.6,22.462473347547974
2004-12-17,24.5,18.9,19.114712153518123
2004-12-18,26.9,18.0,7.0
2004-12-19,28.7,17.8,0.0
2004-12-20,28.1,17.2,10.530490405117273
2004-12-21,29.2,17.4,43.18976545842217
2004-12-22,30.0,17.7,21.9
2004-12-23,28.5,19.2,12.6
2004-12-24,24.1,18.6,18.3631130063966
2004-12-25,25.0,18.1,0.0
2004-12-26,25.5,18.1,0.0
2004-12-27,24.1,18.1,28.69936034115137
2004-12-28,23.666415500538214,18.3,5.4
2004-12-29,22.279763186221743,17.8,71.15053304904052
2004-12-30,23.4,18.4,4.0
2004-12-31,26.1,16.5502691065662,1.4
2005-01-01,27.6,16.0,0.0
2005-01-02,26.1,16.9,3.108988764044941
2005-01-03,27.0,17.6,0.0
2005-01-04,29.3,17.9,6.135018726591759
2005-01-05,28.1,17.9,7.460299625468167
2005-01-06,28.5,18.8,27.327902621722842
2005-01-07,27.0,17.6,1.8
2005-01-08,27.6,18.8,31.08389513108615
2005-01-09,26.4,18.9,0.6
2005-01-10,27.8,18.0,6.3
2005-01-11,26.7,18.5,6.4
2005-01-12,27.3,18.4,5.6
2005-01-13,26.0,18.4,9.382771535580527
2005-01-14,26.2,18.9,11.74232209737828
2005-01-15,23.7,18.4,11.0
2005-01-16,26.7,17.9,5.208801498127342
2005-01-17,25.0,18.1,4.899438202247192
2005-01-18,25.6,18.2,1.4
2005-01-19,28.0,17.3,0.7271535580524344
2005-01-20,27.8,17.5,0.3
2005-01-21,29.0,17.4,4.0
2005-01-22,28.1,16.1,16.45955056179775
2005-01-23,29.5,16.569860064585576,0.0
2005-01-24,28.5,17.0,0.0
2005-01-25,27.8,18.2,0.0
2005-01-26,28.6,16.3,0.0
2005-01-27,29.5,17.1,0.0
2005-01-28,28.1,17.2,0.0
2005-01-29,29.9,17.5,0.0
2005-01-30,28.8,16.91399354144241,0.0
2005-01-31,29.7,15.5,0.0
2005-02-01,26.7,16.5,2.7
2005-02-02,25.5,16.6,24.774654377880193
2005-02-03,27.474016686531584,16.5,0.0
2005-02-04,26.4,15.9,0.0
2005-02-05,25.0,18.9,32.5373271889401
2005-02-06,25.784624553039333,18.4,4.052995391705069
2005-02-07,26.7,18.2,13.823963133640564
2005-02-08,26.7,19.0,17.80599078341014
2005-02-09,24.9,18.8,8.0
2005-02-10,28.6,18.9,4.465898617511521
2005-02-11,29.2,18.0,0.0
2005-02-12,28.9,16.0,0.0
2005-02-13,29.7,15.7,1.3
2005-02-14,28.6,18.2,23.663594470046096
2005-02-15,27.2,17.9,7.4
2005-02-16,24.384862932061978,17.778426698450534,49.71935483870973
2005-02-17,23.6,16.7,12.463594470046086
2005-02-18,26.3,16.5,10.2
2005-02-19,28.6,18.3,0.0
2005-02-20,28.2,18.3,6.701843317972352
2005-02-21,26.6,17.8,18.4
2005-02-22,24.0,17.2,0.0
2005-02-23,24.2,17.3,19.7
2005-02-24,26.6,18.577830750893924,3.0
2005-02-25,28.0,16.5,0.0
2005-02-26,28.5,15.4,0.0
2005-02-27,29.0,15.2,0.0
2005-02-28,28.8,16.0,0.0
2005-03-01,30.0,15.1,0.0
2005-03-02,31.1,14.7,0.0
2005-03-03,32.4,16.0,0.2
2005-03-04,29.6,17.6,5.7
2005-03-05,29.2,17.4,3.1
2005-03-06,30.9,16.9,0.0
2005-03-07,30.0,16.0,0.0
2005-03-08,29.0,19.4,0.0
2005-03-09,26.7,17.9,0.0
2005-03-10,27.5,16.4,0.0
2005-03-11,26.7,14.985683530678147,0.0
2005-03-12,27.3,13.7,0.0
2005-03-13,29.2,13.4,0.0
2005-03-14,29.5,15.1,0.0
2005-03-15,29.7,16.3,0.0
2005-03-16,26.7,15.0,0.0
2005-03-17,27.9,14.5,0.0
2005-03-18,29.0,14.4,0.0
2005-03-19,31.1,15.6,0.0
2005-03-20,32.1,18.2,0.0
2005-03-21,31.1,18.6,0.0
2005-03-22,28.6,17.145855758880508,0.0
2005-03-23,28.9,15.874596340150697,0.0
2005-03-24,29.0,15.2,0.0
2005-03-25,29.6,14.2,0.0
2005-03-26,30.8,14.3,0.0
2005-03-27,29.9,15.8,0.0
2005-03-28,30.2,15.6,0.0
2005-03-29,29.8,16.2,0.0
2005-03-30,28.1,15.3,0.0
2005-03-31,26.6,14.7,0.0
2005-04-01,29.0,15.2,0.0
2005-04-02,28.5,14.0,0.0
2005-04-03,28.6,18.9,0.0
2005-04-04,29.5,16.0,0.0
2005-04-05,29.9,16.3,0.0
2005-04-06,32.0,19.7,0.0
2005-04-07,32.7,19.7,0.0
2005-04-08,31.7,18.6,0.0
2005-04-09,31.7,16.5,0.0
2005-04-10,31.1,15.7,0.0
2005-04-11,30.7,15.6,0.0
2005-04-12,29.2,16.6,0.0
2005-04-13,31.5,20.2,0.0
2005-04-14,32.7,18.3,0.0
2005-04-15,34.3,16.4,0.0
2005-04-16,35.5,16.4,0.0
2005-04-17,33.3,18.9,0.0
2005-04-18,30.9,18.3,0.0
2005-04-19,30.0,16.6,0.0
2005-04-20,29.9,16.0,0.0
2005-04-21,30.5,15.1,0.0
2005-04-22,32.2,15.2,0.0
2005-04-23,33.2,16.5,0.0
2005-04-24,31.9,16.2,0.0
2005-04-25,29.0,16.2,0.0
2005-04-26,28.9,14.5,0.0
2005-04-27,28.0,14.6,0.0
2005-04-28,27.5,13.6,0.0
2005-04-29,27.2,13.0,0.0
2005-04-30,29.4,11.3,0.0
2005-05-01,28.8,13.1,0.0
2005-05-02,27.5,13.2,0.0
2005-05-03,27.2,13.1,0.0
2005-05-04,27.6,13.6,0.0
2005-05-05,23.5,14.9,0.0
2005-05-06,28.7,15.3,1.8500000000000005
2005-05-07,28.0,15.3,0.0
2005-05-08,28.0,15.2,0.0
2005-05-09,29.6,15.3,0.0
2005-05-10,30.0,14.9,0.0
2005-05-11,29.402045209903115,14.5,0.0
2005-05-12,28.1,14.0,0.0
2005-05-13,27.0,12.8,0.0
2005-05-14,26.9,12.3,0.0
2005-05-15,27.402152852529596,12.1,0.0
2005-05-16,27.2,13.6,0.0
2005-05-17,28.6,15.0,0.0
2005-05-18,29.1,13.6,0.0
2005-05-19,30.7,13.9,0.0
2005-05-20,31.7,13.7,0.0
2005-05-21,30.0,15.0,0.0
2005-05-22,25.9,14.1,0.0
2005-05-23,25.387944025834223,12.0,0.0
2005-05-24,25.387944025834223,12.2,0.0
2005-05-25,24.8,13.2,0.0
2005-05-26,26.7,11.6,0.0
2005-05-27,26.938320775026902,11.0,0.0
2005-05-28,27.4,11.8,0.0
2005-05-29,26.1,12.0,0.0
2005-05-30,26.9,8.9,0.0
2005-05-31,25.4,11.2,0.0
2005-06-01,24.0,10.4,0.0
2005-06-02,24.6,8.9,0.0
2005-06-03,22.56529477196886,11.9,0.0
2005-06-04,21.792547274749722,13.7,0.0
2005-06-05,23.0,11.432814238042273,0.0
2005-06-06,23.1,9.0,0.0
2005-06-07,23.038042269187986,6.9,0.0
2005-06-08,21.9,7.0,0.0
2005-06-09,22.2,5.2,0.0
2005-06-10,24.9,6.5,0.0
2005-06-11,25.4,5.5,0.0
2005-06-12,24.8,5.7282536151279215,0.0
2005-06-13,24.5,7.966518353726367,0.0
2005-06-14,24.8,5.678309232480537,0.0
2005-06-15,24.5,4.219132369299222,0.0
2005-06-16,24.7,5.5,0.0
2005-06-17,24.6,7.007119021134594,0.0
2005-06-18,22.7,8.585761957730812,0.0
2005-06-19,22.6,6.9,0.0
2005-06-20,23.2,5.5,0.0
2005-06-21,24.030478309232482,6.0,0.0
2005-06-22,23.7,7.0,0.0
2005-06-23,22.9,7.7,0.0
2005-06-24,22.3,6.617575083426031,0.0
2005-06-25,22.8,5.2,0.0
2005-06-26,20.8,6.5,0.0
2005-06-27,22.4,4.4,0.0
2005-06-28,23.2,4.9,0.0
2005-06-29,23.2,6.9,0.0
2005-06-30,23.4,6.0,0.0
2005-07-01,24.2,6.9,0.0
2005-07-02,23.0,9.9,0.0
2005-07-03,21.3,8.7,0.0
2005-07-04,20.619375672766417,6.1,0.0
2005-07-05,22.7,4.4,0.0
2005-07-06,23.26415500538213,5.0,0.0
2005-07-07,23.2,3.49978471474704,0.0
2005-07-08,22.9,2.9,0.0
2005-07-09,22.6,5.0,0.0
2005-07-10,22.931108719052737,4.4,0.0
2005-07-11,24.0,4.6,0.0
2005-07-12,25.4,7.67717976318622,0.0
2005-07-13,26.867814854682443,8.7,0.0
2005-07-14,28.1,9.6,0.0
2005-07-15,25.7,12.9,0.0
2005-07-16,24.0,12.1,0.0
2005-07-17,23.6,10.9,0.0
2005-07-18,24.5,11.0,0.0
2005-07-19,23.9,10.4,0.0
2005-07-20,24.2,8.9,0.0
2005-07-21,24.6,9.5,0.0
2005-07-22,26.5,9.6,0.0
2005-07-23,26.90775026910655,9.2,0.0
2005-07-24,25.9,11.1,0.0
2005-07-25,22.9,11.9,0.0
2005-07-26,23.7,8.6,0.0
2005-07-27,24.7,8.9,0.0
2005-07-28,26.1,8.9,0.0
2005-07-29,26.2,10.5,0.0
2005-07-30,27.2,11.3,0.0
2005-07-31,29.100215285252954,11.7,0.0
2005-08-01,28.5,11.6,0.0
2005-08-02,27.581270182992466,11.4,0.0
2005-08-03,25.5,13.4,0.0
2005-08-04,24.1,11.7,0.0
2005-08-05,24.6,9.5,0.0
2005-08-06,26.5,8.2962325080732,0.0
2005-08-07,26.2,11.3,0.0
2005-08-08,23.0,11.7,0.0
2005-08-09,24.6,10.0,0.0
2005-08-10,28.4,11.0,0.0
2005-08-11,30.0,13.3,0.0
2005-08-12,28.2,17.100107642626483,0.0
2005-08-13,27.9,14.763832077502688,0.0
2005-08-14,26.3,15.1,0.0
2005-08-15,24.5,13.6,0.0
2005-08-16,24.4,12.2,0.0
2005-08-17,25.9,12.7,0.0
2005-08-18,27.0,12.9,0.0
2005-08-19,28.1,12.4,0.0
2005-08-20,31.0,12.0,0.0
2005-08-21,31.5,13.7,0.0
2005-08-22,29.2,16.9,0.0
2005-08-23,27.0,15.193756727664157,0.0
2005-08-24,26.9,12.5,0.0
2005-08-25,27.1,11.0,0.0
2005-08-26,27.5,10.9,0.0
2005-08-27,27.6,10.8,0.0
2005-08-28,26.6,12.731324004305701,0.0
2005-08-29,25.6,12.8,0.0
2005-08-30,26.0,13.2,0.0
2005-08-31,27.4,12.2,0.0
2005-09-01,27.592547274749723,13.8,0.0
2005-09-02,26.1,11.9,0.0
2005-09-03,27.2,10.24627363737486,0.0
2005-09-04,28.6,10.086318131256952,0.0
2005-09-05,29.8,11.432703003337041,0.0
2005-09-06,29.5,12.9,0.0
2005-09-07,29.4,11.9,0.0
2005-09-08,30.3,10.666184649610678,0.0
2005-09-09,31.4,12.4,0.0
2005-09-10,30.2,15.5,0.0
2005-09-11,29.0,15.2,0.0
2005-09-12,30.3,14.3,0.0
2005-09-13,32.68820912124583,15.6,0.0
2005-09-14,34.2,17.4,0.0
2005-09-15,34.0,18.0,0.0
2005-09-16,32.9,18.2,0.0
2005-09-17,32.0,16.9,0.0
2005-09-18,32.0,16.4,0.0
2005-09-19,32.961290322580645,15.0,0.0
2005-09-20,32.5,17.0,0.0
2005-09-21,31.5,17.8,0.0
2005-09-22,31.6,17.0,0.0
2005-09-23,33.0,17.2,0.0
2005-09-24,34.0,17.5,0.0
2005-09-25,34.4,18.3,0.0
2005-09-26,33.0,19.6,0.0
2005-09-27,32.0,18.6,0.0
2005-09-28,31.7,17.8,0.0
2005-09-29,32.3,17.5,0.0
2005-09-30,32.7,17.9,0.0
2005-10-01,29.9,18.3,0.0
2005-10-02,29.705489773950482,16.6,0.0
2005-10-03,30.7,17.0,0.0
2005-10-04,29.245640473627557,17.9,0.0
2005-10-05,28.492572658772872,17.1,0.0
2005-10-06,29.5,16.6,0.0
2005-10-07,31.2,17.0,0.0
2005-10-08,32.2,18.11001076426264,0.0
2005-10-09,32.7,18.2,0.0
2005-10-10,32.3,18.8,0.0
2005-10-11,32.1,18.462970936490848,0.0
2005-10-12,32.4,18.2,0.0
2005-10-13,32.4,18.5,0.0
2005-10-14,34.4,22.0,0.0
2005-10-15,34.6,23.080086114101174,0.0
2005-10-16,33.2,21.1,0.0
2005-10-17,33.3,20.5,0.0
2005-10-18,34.0,20.3,0.0
2005-10-19,35.4,21.3,0.0
2005-10-20,33.2,21.9,0.0
2005-10-21,32.7,19.6,0.0
2005-10-22,34.3,18.2,0.0
2005-10-23,36.0,19.4,0.0
2005-10-24,35.0,20.2,0.0
2005-10-25,34.4,18.9,0.0
2005-10-26,33.988482238966625,19.7,0.0
2005-10-27,33.1,20.0,0.0
2005-10-28,33.0,20.4,0.0
2005-10-29,32.5,20.0,0.0
2005-10-30,31.3,19.8,0.0
2005-10-31,31.1,20.7,0.0
2005-11-01,32.4,20.1,0.0
2005-11-02,33.7,19.9,0.0
2005-11-03,33.6,21.1,0.0
2005-11-04,33.5,22.246829810901012,0.0
2005-11-05,31.9,19.3,0.0
2005-11-06,31.6,18.3,0.0
2005-11-07,32.0,17.4,0.0
2005-11-08,34.4,17.138375973303674,0.0
2005-11-09,34.2,19.4,0.0
2005-11-10,36.2,19.9,0.0
2005-11-11,31.7,18.5,0.0
2005-11-12,30.326918798665183,18.4,0.4
2005-11-13,32.0,17.2,0.0
2005-11-14,32.6,19.17552836484984,0.0
2005-11-15,33.6,19.0,0.0
2005-11-16,31.5,19.6,0.0
2005-11-17,32.2,19.0,0.0
2005-11-18,32.1,18.1,0.0
2005-11-19,31.9,18.1,0.0
2005-11-20,32.967408231368175,19.8,0.0
2005-11-21,33.5,19.9,0.0
2005-11-22,33.812791991101214,19.7,0.0
2005-11-23,34.18209121245828,22.1,0.0
2005-11-24,33.5,20.5,0.0
2005-11-25,33.5,19.7,0.0
2005-11-26,33.9,19.8,0.0
2005-11-27,31.9,18.8,0.0
2005-11-28,30.6,18.5,2.2
2005-11-29,31.1,17.9,0.2
2005-11-30,30.73515016685206,17.5,4.3
2005-12-01,27.95715823466092,18.6,0.2
2005-12-02,29.6,17.6,0.0
2005-12-03,30.8,18.380409041980617,0.0
2005-12-04,31.2,18.4,0.0
2005-12-05,30.3,18.8,0.0
2005-12-06,31.4,18.7,0.0
2005-12-07,31.7,19.8,0.0
2005-12-08,33.08675995694294,20.567814854682453,0.0
2005-12-09,31.806996770721202,20.155005382131325,0.0
2005-12-10,33.1,20.0,0.0
2005-12-11,31.8,19.6,0.7
2005-12-12,30.7,19.6,0.0
2005-12-13,30.9,19.6,1.6
2005-12-14,30.1,19.5,7.8
2005-12-15,26.3,18.0,0.0
2005-12-16,28.7,19.5,0.0
2005-12-17,30.7,19.4,0.0
2005-12-18,31.6,17.5,0.0
2005-12-19,31.8,18.5,0.0
2005-12-20,32.180193756727654,19.9,0.0
2005-12-21,31.4,20.0,0.0
2005-12-22,30.2,19.9,1.0
2005-12-23,30.5,19.0,0.0
2005-12-24,31.5,18.9,0.0
2005-12-25,32.0,16.4,0.0
2005-12-26,32.9,19.8,0.0
2005-12-27,32.4,19.9,0.0
2005-12-28,31.6,19.2,0.0
2005-12-29,31.4,18.1,0.0
2005-12-30,30.0,18.9,0.0
2005-12-31,30.0,18.4,0.0
2006-01-01,31.8,19.530247578040893,0.6
2006-01-02,28.2,19.3,3.5
2006-01-03,29.92378902045209,18.6,0.0
2006-01-04,29.2,18.9,0.0
2006-01-05,29.2,19.1,0.0
2006-01-06,29.3,18.8,1.2
2006-01-07,30.2,17.9,0.0
2006-01-08,29.4,18.91442411194832,32.244756554307116
2006-01-09,27.09881593110872,18.6,10.298689138576782
2006-01-10,28.5,18.7,5.928464419475655
2006-01-11,27.4,19.1,30.764044943820235
2006-01-12,27.348654467168995,18.1,0.0
2006-01-13,27.3,19.4,19.365917602996248
2006-01-14,30.8,18.1,0.0
2006-01-15,28.9,18.4,3.8
2006-01-16,28.0,17.48449946178686,9.4
2006-01-17,30.54025834230355,16.9,10.195505617977522
2006-01-18,31.67341227125941,18.2,1.0
2006-01-19,26.4,17.3,0.5
2006-01-20,30.3,18.4,28.3
2006-01-21,27.0,17.4,6.4
2006-01-22,28.454682454251884,16.9,12.538576779026233
2006-01-23,29.2,18.8,25.835205992509366
2006-01-24,29.1,17.8,0.0
2006-01-25,26.1,17.9,39.93632958801498
2006-01-26,27.0,18.7,7.7
2006-01-27,23.96318622174381,17.8,1.595505617977528
2006-01-28,24.986329386437028,18.099138858988155,1.0
2006-01-29,28.7,18.9,3.5
2006-01-30,27.5,18.4,3.4
2006-01-31,29.8,17.9,0.0
2006-02-01,29.2,18.6,1.0
2006-02-02,26.1,18.7,21.02073732718894
2006-02-03,28.7,17.5,0.0
2006-02-04,25.2,15.4,4.465898617511521
2006-02-05,20.579976162097736,15.5,0.0
2006-02-06,27.9,14.3,0.0
2006-02-07,29.1,13.6,0.0
2006-02-08,29.0,13.662455303933253,0.0
2006-02-09,29.0,17.9,0.0
2006-02-10,28.0,16.2,0.0
2006-02-11,28.2,17.5,0.0
2006-02-12,26.5,19.0,0.0
2006-02-13,26.969249106078664,16.9,0.0
2006-02-14,28.4,16.3,0.0
2006-02-15,29.7,17.8,0.0
2006-02-16,27.5,16.2,0.0
2006-02-17,28.4,18.6,0.0
2006-02-18,28.7,17.7,0.0
2006-02-19,30.5,15.5,0.0
2006-02-20,32.0,16.5,0.0
2006-02-21,32.915017878426696,16.0,0.0
2006-02-22,30.0,17.0,0.0
2006-02-23,29.9,18.9,0.0
2006-02-24,31.2,18.8,0.0
2006-02-25,30.0,19.2,1.0
2006-02-26,29.9,16.9,0.0
2006-02-27,24.6,18.9,0.4
2006-02-28,27.6,18.4,12.966359447004608
2006-03-01,28.2,18.1,2.0
2006-03-02,29.9,17.2,9.3
2006-03-03,29.7,17.8,17.5
2006-03-04,26.7,19.00344456404736,19.3
2006-03-05,25.3,18.5,16.8
2006-03-06,24.9,18.8,8.2
2006-03-07,23.6,18.2,10.9
2006-03-08,25.0,16.9,2.6
2006-03-09,29.5,15.4,0.0
2006-03-10,27.3,18.9,4.9
2006-03-11,29.4,18.5,6.4
2006-03-12,28.9,18.5,25.3
2006-03-13,27.2,18.5,28.6
2006-03-14,27.4,18.2,11.0
2006-03-15,28.2,17.6,0.0
2006-03-16,24.4,18.2,0.0
2006-03-17,22.4,18.1,22.4
2006-03-18,24.0,17.8,1.2
2006-03-19,26.7,18.6,0.0
2006-03-20,28.2,16.6,0.0
2006-03-21,27.8,17.3,0.0
2006-03-22,28.2,15.7,0.0
2006-03-23,28.0,15.0,0.0
2006-03-24,28.4,17.5,0.0
2006-03-25,29.0,18.3,0.0
2006-03-26,30.6,16.2,0.0
2006-03-27,30.9,16.0,0.0
2006-03-28,32.0,16.9,0.0
2006-03-29,32.6,16.1,0.0
2006-03-30,27.6,18.3,0.0
2006-03-31,25.2,18.3,0.0
2006-04-01,27.1,18.3,0.0
2006-04-02,27.0,16.4,0.0
2006-04-03,28.6,15.1,0.0
2006-04-04,29.2,17.9,0.0
2006-04-05,28.9,17.7,0.0
2006-04-06,30.2,16.0,0.0
2006-04-07,30.6,16.8,0.0
2006-04-08,28.3,16.0,0.0
2006-04-09,27.2,14.3,0.0
2006-04-10,23.9,17.0,0.0
2006-04-11,25.7,16.0,0.0
2006-04-12,27.8,12.1,0.0
2006-04-13,26.9,10.5,0.0
2006-04-14,26.8,16.3,0.0
2006-04-15,28.0,14.1,0.0
2006-04-16,28.6,13.2,0.0
2006-04-17,27.6,11.9,0.0
2006-04-18,28.0,13.7,0.0
2006-04-19,27.7,12.2,0.0
2006-04-20,26.7,12.9,0.0
2006-04-21,26.8,14.7,0.0
2006-04-22,26.1,11.0,0.0
2006-04-23,26.5,8.4,0.0
2006-04-24,28.0,8.7,0.0
2006-04-25,24.0,15.0,0.0
2006-04-26,27.5,18.0,0.0
2006-04-27,28.2,16.0,0.0
2006-04-28,27.4,15.9,0.0
2006-04-29,25.4,16.9,0.0
2006-04-30,25.2,17.5,0.0
2006-05-01,23.9,16.86329386437028,0.0
2006-05-02,24.3,15.0,0.0
2006-05-03,26.1,13.1,0.0
2006-05-04,27.5,14.7,0.0
2006-05-05,26.9,14.2,0.0
2006-05-06,27.2,12.9,0.0
2006-05-07,28.0,11.6,0.0
2006-05-08,29.6,13.2,0.0
2006-05-09,30.438643702906337,14.5,0.0
2006-05-10,30.4,14.8,0.0
2006-05-11,31.154467168998913,16.3,0.0
2006-05-12,31.544564047362744,16.0,0.0
2006-05-13,31.827233584499453,17.8,0.0
2006-05-14,28.6,16.0,0.0
2006-05-15,22.8,15.7,0.6166666666666667
2006-05-16,27.0,14.0,0.0
2006-05-17,24.9,14.1,0.0
2006-05-18,26.0,15.130570505920334,0.0
2006-05-19,27.2,13.1,0.0
2006-05-20,28.5,12.5,0.0
2006-05-21,29.1,12.4,0.0
2006-05-22,29.1,10.4,0.0
2006-05-23,30.1,10.779440258342296,0.0
2006-05-24,29.577287405812687,12.1,0.0
2006-05-25,29.0,11.9,0.0
2006-05-26,30.616361679224973,12.7,0.0
2006-05-27,30.7,15.7,0.0
2006-05-28,31.1,16.2,0.0
2006-05-29,31.9,17.5,0.0
2006-05-30,31.4,17.91356297093648,0.0
2006-05-31,31.922282023681376,16.5,0.0
2006-06-01,30.53337041156841,17.910233592880967,0.0
2006-06-02,29.08053392658511,16.34015572858733,0.0
2006-06-03,28.2,14.2,0.0
2006-06-04,29.3,13.0,0.0
2006-06-05,27.6,13.3,0.0
2006-06-06,25.9,13.0,0.0
2006-06-07,25.7,12.2,0.0
2006-06-08,25.4,9.9,0.0
2006-06-09,25.6,8.7,0.0
2006-06-10,26.5,7.8,0.0
2006-06-11,23.0,11.7,0.0
2006-06-12,23.2,12.1,0.0
2006-06-13,23.4,10.823470522803118,0.0
2006-06-14,21.0,15.4,0.0
2006-06-15,23.0,13.200889877641833,0.0
2006-06-16,21.8,10.2,0.0
2006-06-17,20.15305895439377,6.0,0.0
2006-06-18,20.0,10.60367074527253,0.0
2006-06-19,18.7,9.4,0.0
2006-06-20,22.61857619577308,5.5,0.0
2006-06-21,24.9,12.891323692992215,0.0
2006-06-22,25.60211345939934,11.2,0.0
2006-06-23,25.5,7.0,0.0
2006-06-24,25.9,9.0,0.0
2006-06-25,26.3,10.7,0.0
2006-06-26,24.4,11.8,0.0
2006-06-27,22.5,9.2,0.0
2006-06-28,22.9,7.247052280311457,0.0
2006-06-29,23.0,8.1,0.0
2006-06-30,23.0,5.6,0.0
2006-07-01,23.0,8.3,0.0
2006-07-02,22.34488697524219,9.0,0.0
2006-07-03,22.6,8.1,0.0
2006-07-04,22.5,8.4,0.0
2006-07-05,23.0,8.3,0.0
2006-07-06,20.7,8.6,0.0
2006-07-07,22.1,10.693003229278784,0.0
2006-07-08,21.3,11.9,0.0
2006-07-09,20.072874058127017,8.4,0.0
2006-07-10,20.0,6.3,0.0
2006-07-11,20.3,6.2,0.0
2006-07-12,20.1,6.7,0.0
2006-07-13,20.3,6.0,0.0
2006-07-14,22.1,5.6,0.0
2006-07-15,23.524004305705056,6.3,0.0
2006-07-16,21.7,9.5,0.0
2006-07-17,21.5,6.867814854682454,0.0
2006-07-18,22.9,8.0,0.0
2006-07-19,22.7,10.4,0.0
2006-07-20,23.7,9.234983853606028,0.0
2006-07-21,25.8,11.6,0.0
2006-07-22,26.7,12.2,0.0
2006-07-23,26.0,12.810979547900963,0.0
2006-07-24,24.1,12.211302475780407,0.0
2006-07-25,22.5,11.022604951560815,0.0
2006-07-26,22.9,9.8,0.0
2006-07-27,25.0,8.0,0.0
2006-07-28,26.6,8.4,0.0
2006-07-29,26.7,12.1,0.0
2006-07-30,26.7,12.4,0.0
2006-07-31,27.2,11.891819160387508,0.0
2006-08-01,25.7,9.5,0.0
2006-08-02,25.2,10.1,0.0
2006-08-03,24.82497308934338,10.0,0.0
2006-08-04,25.4,10.0,0.0
2006-08-05,24.99741657696448,10.3,0.0
2006-08-06,23.6,10.2,0.0
2006-08-07,21.9,8.38955866523143,0.0
2006-08-08,22.1,6.2,0.0
2006-08-09,23.5,6.5,0.0
2006-08-10,24.6,6.0,0.0
2006-08-11,23.7,10.1,0.0
2006-08-12,21.4,10.5,0.0
2006-08-13,20.7,12.4,0.0
2006-08-14,20.368998923573734,7.3,0.0
2006-08-15,22.0,0.5,0.0
2006-08-16,24.7,4.0,0.0
2006-08-17,27.8,8.016254036598493,0.0
2006-08-18,30.2,12.0,0.0
2006-08-19,30.5,14.4,0.0
2006-08-20,27.9,15.5,0.0
2006-08-21,26.9,13.9,0.0
2006-08-22,26.9,13.0,0.0
2006-08-23,27.0,11.0,0.0
2006-08-24,26.4,11.1,0.0
2006-08-25,25.038858988159312,11.2,0.0
2006-08-26,24.7,11.7,0.0
2006-08-27,25.3,11.6,0.0
2006-08-28,26.7,11.9,0.0
2006-08-29,27.7,12.0,0.0
2006-08-30,29.0,13.4,0.0
2006-08-31,29.8,14.2,0.0
2006-09-01,31.3,14.4,0.0
2006-09-02,31.2,14.6,0.0
2006-09-03,29.1,15.5,0.0
2006-09-04,28.8,13.6,0.0
2006-09-05,30.1,13.2,0.0
2006-09-06,31.4,14.2,0.0
2006-09-07,32.7,16.149610678531698,0.0
2006-09-08,33.9,17.3,0.0
2006-09-09,34.8,17.5,0.0
2006-09-10,34.9,17.907897664071196,0.0
2006-09-11,33.66740823136819,18.5,0.0
2006-09-12,33.7,17.7,0.0
2006-09-13,34.5,16.5,0.0
2006-09-14,33.0,18.6,0.0
2006-09-15,33.0,18.1,0.0
2006-09-16,34.6,18.7,0.0
2006-09-17,33.9,19.9,0.0
2006-09-18,33.0,19.2,0.0
2006-09-19,33.2,18.560845383759734,0.0
2006-09-20,33.5,19.0,0.0
2006-09-21,33.7,20.5,0.0
2006-09-22,32.5,20.5,0.0
2006-09-23,33.0,20.80022246941047,0.0
2006-09-24,33.58743047830923,20.0,0.0
2006-09-25,33.8,19.6,0.0
2006-09-26,34.54705228031146,19.6,0.0
2006-09-27,34.913570634037825,19.9,0.0
2006-09-28,33.134371523915455,20.2,0.0
2006-09-29,33.2,19.6,0.0
2006-09-30,34.7,21.240044493882095,0.0
2006-10-01,34.9,20.7,0.4680000000000001
2006-10-02,32.0,19.4,0.0
2006-10-03,33.1,21.4,0.0
2006-10-04,33.5,22.673412271259412,0.0
2006-10-05,33.2,22.833476856835286,0.0
2006-10-06,33.0,22.0,0.0
2006-10-07,33.6,20.7,0.0
2006-10-08,26.8,19.0,0.0
2006-10-09,27.6,17.2,0.0
2006-10-10,28.2259418729817,15.5,0.0
2006-10-11,30.2,16.5,0.0
2006-10-12,31.5,17.8,0.0
2006-10-13,31.7,18.5,0.0
2006-10-14,31.7,18.5,0.0
2006-10-15,33.1,17.9,0.0
2006-10-16,34.1,17.9,0.0
2006-10-17,33.4,19.0,0.0
2006-10-18,31.83735199138859,19.6,0.0
2006-10-19,32.0,18.0,0.0
2006-10-20,33.0,18.0,0.0
2006-10-21,34.9,18.0,0.0
2006-10-22,32.9,20.5,0.0
2006-10-23,30.9,19.641657696447787,0.0
2006-10-24,33.1,19.4,0.0
2006-10-25,32.9,20.2,0.0
2006-10-26,31.7,19.3,0.0
2006-10-27,36.0,18.7,0.0
2006-10-28,36.3,21.3,0.0
2006-10-29,35.5,23.70667384284175,0.0
2006-10-30,34.5,22.12680301399353,0.0
2006-10-31,34.9,21.0,0.0
2006-11-01,33.3,21.4,0.0
2006-11-02,32.9,19.5,0.0
2006-11-03,32.0,18.7,0.0
2006-11-04,32.1,18.5,0.4
2006-11-05,31.57697441601779,18.9,0.8
2006-11-06,31.6,19.4,2.3
2006-11-07,29.0,18.3,5.6
2006-11-08,30.0,17.8,15.0
2006-11-09,30.5,18.4,0.0
2006-11-10,30.9,19.1,0.0
2006-11-11,30.1,17.4,0.0
2006-11-12,30.682647385984424,16.5,0.0
2006-11-13,31.3,16.4,0.0
2006-11-14,30.6,18.4,0.1
2006-11-15,28.6,18.0,1.4
2006-11-16,30.0,18.0,0.0
2006-11-17,31.3,17.9,0.0
2006-11-18,31.1,18.9,0.0
2006-11-19,30.0,18.0,0.0
2006-11-20,30.7,16.9,0.0
2006-11-21,31.9,16.6,0.0
2006-11-22,32.2,18.9,0.0
2006-11-23,31.7,19.2,0.7
2006-11-24,31.0,18.6,3.9
2006-11-25,27.6,18.0,41.0
2006-11-26,28.5,18.0,20.8
2006-11-27,27.0,17.4,2.5
2006-11-28,29.0,17.291546162402668,0.0
2006-11-29,29.6,17.1,0.0
2006-11-30,24.6,16.9,3.8
2006-12-01,25.9,18.6,0.8
2006-12-02,26.2,18.4,0.7170575692963754
2006-12-03,29.1,17.6,0.0
2006-12-04,26.3,17.5,38.90149253731343
2006-12-05,25.6,18.0,6.197867803837951
2006-12-06,25.0,17.5,29.930916844349674
2006-12-07,25.6,17.2,48.07441364605544
2006-12-08,26.9,17.5,25.73688699360341
2006-12-09,28.6,17.4,0.0
2006-12-10,27.5,17.6,6.705330490405116
2006-12-11,28.3,18.1,0.0
2006-12-12,29.5,17.5,0.0
2006-12-13,27.8,17.2,32.7
2006-12-14,29.2,18.2,0.5
2006-12-15,28.9,16.4,0.0
2006-12-16,30.287944025834225,16.2,0.0
2006-12-17,29.6,18.1,3.4
2006-12-18,27.630785791173302,18.4,0.0
2006-12-19,28.9,16.9,0.0
2006-12-20,29.2,18.5,7.6
2006-12-21,25.5,17.2,41.28763326226012
2006-12-22,23.6,18.2,56.68294243070363
2006-12-23,24.1,17.6,0.0
2006-12-24,25.7,17.8,4.2
2006-12-25,26.9,17.0,35.58422174840086
2006-12-26,23.5,18.1,12.6
2006-12-27,23.4,18.1,0.0
2006-12-28,26.924865446716897,17.6,0.0
2006-12-29,27.1,17.9,13.6
2006-12-30,28.8,19.0,2.0
2006-12-31,29.0,18.2,7.9
2007-01-01,29.4,18.4,5.415355805243445
2007-01-02,27.2,17.6,60.37003745318352
2007-01-03,27.6,18.72163616792249,42.319101123595516
2007-01-04,28.5,18.4,16.45955056179775
2007-01-05,23.0,15.5,0.0
2007-01-06,28.5,15.5,0.0
2007-01-07,26.5,16.7,0.0
2007-01-08,25.8,16.8,0.0
2007-01-09,29.7,15.568460710441334,0.0
2007-01-10,30.1,17.3,0.0
2007-01-11,29.4,16.3,0.0
2007-01-12,28.5,15.9,0.0
2007-01-13,29.4,17.9,0.0
2007-01-14,29.2,16.1,0.0
2007-01-15,29.0,14.9,0.0
2007-01-16,29.0,15.2,0.0
2007-01-17,30.4,14.439504843918192,0.0
2007-01-18,31.7,16.7,0.0
2007-01-19,31.7,19.5,0.0
2007-01-20,27.0,18.9,0.0
2007-01-21,26.7,18.5,26.0
2007-01-22,26.0,18.4,34.319101123595495
2007-01-23,26.6,17.9,10.8
2007-01-24,26.4291711517761,18.4,17.709550561797755
2007-01-25,25.0,18.2794402583423,9.8
2007-01-26,25.9,16.7,0.0
2007-01-27,28.044886975242196,15.4,1.0
2007-01-28,26.3,18.2,0.0
2007-01-29,27.16210979547901,16.1,0.0
2007-01-30,26.6,15.1,0.0
2007-01-31,28.3,16.0,0.0
2007-02-01,28.4,19.2,0.0
2007-02-02,28.9,17.1,0.0
2007-02-03,31.0,16.0,0.0
2007-02-04,31.77759237187127,16.5,0.0
2007-02-05,30.2,17.6,0.0
2007-02-06,31.0,17.5,0.0
2007-02-07,30.9,17.9,0.0
2007-02-08,30.0,18.3,0.0
2007-02-09,29.48557806912991,18.9,5.3
2007-02-10,28.0,18.0,2.3
2007-02-11,27.1,18.7,4.052995391705069
2007-02-12,27.9,17.8,0.0
2007-02-13,27.0,18.2280095351609,21.5520737327189
2007-02-14,27.0,18.3,13.823963133640564
2007-02-15,30.5,18.4,0.0
2007-02-16,28.103694874851005,16.9,0.2
2007-02-17,26.9,18.2,0.0
2007-02-18,24.5,17.8,3.6
2007-02-19,27.6,18.2,28.257603686635946
2007-02-20,27.0,18.2,3.6428571428571446
2007-02-21,26.9,17.8,23.663594470046096
2007-02-22,25.439690107270557,16.9,0.0
2007-02-23,25.342193087008344,18.9,0.0
2007-02-24,26.9,14.9,0.0
2007-02-25,28.7,14.044934445768773,0.0
2007-02-26,30.5,15.0,0.0
2007-02-27,31.96257449344457,19.717520858164473,0.0
2007-02-28,31.8,19.910011918951135,0.0
2007-03-01,31.4,17.7,0.0
2007-03-02,29.7,17.4,0.0
2007-03-03,28.3,16.2,0.0
2007-03-04,30.1,17.0,0.0
2007-03-05,31.9,17.0,0.0
2007-03-06,32.7,19.801076426264796,4.5
2007-03-07,32.0,17.9,18.4
2007-03-08,30.3,18.7,36.7
2007-03-09,31.2,17.6,0.8
2007-03-10,28.9,17.5,1.4
2007-03-11,27.2,17.1,0.0
2007-03-12,25.8,15.3,0.0
2007-03-13,26.4,17.9,0.0
2007-03-14,28.1,16.1,0.0
2007-03-15,29.4,17.5,0.0
2007-03-16,30.0,16.0,0.0
2007-03-17,31.3,14.88719052744887,0.0
2007-03-18,30.9,18.3,0.4
2007-03-19,27.5,18.3,0.0
2007-03-20,29.6,16.5,0.0
2007-03-21,29.0,15.1,0.0
2007-03-22,29.8,17.534337997847146,4.6
2007-03-23,29.8,17.1,2.3
2007-03-24,29.4,17.1,0.0
2007-03-25,29.9,17.9,0.0
2007-03-26,27.3,17.6,0.0
2007-03-27,29.2,16.2,0.0
2007-03-28,28.7,17.6,0.0
2007-03-29,28.7,17.3399354144241,0.0
2007-03-30,28.5,16.5,6.4
2007-03-31,28.9,18.9,19.2
2007-04-01,29.5,18.1,0.0
2007-04-02,30.2,18.0,0.0
2007-04-03,28.8,16.6,0.0
2007-04-04,28.6,14.5,0.0
2007-04-05,29.3,15.2,0.0
2007-04-06,29.4,15.0,0.0
2007-04-07,30.0,18.4,0.0
2007-04-08,30.4,18.4,0.0
2007-04-09,29.6,16.0,0.0
2007-04-10,29.3,15.4,0.0
2007-04-11,29.6,14.4,0.0
2007-04-12,28.9,15.9,0.0
2007-04-13,28.0,14.8,0.0
2007-04-14,27.6,12.8,0.0
2007-04-15,27.5,17.9,0.0
2007-04-16,30.4,17.3,0.0
2007-04-17,31.0,15.9,0.0
2007-04-18,23.6,16.6,0.0
2007-04-19,25.0,17.6,0.6
2007-04-20,30.3,16.7,0.0
2007-04-21,30.0,15.9,0.0
2007-04-22,30.4,14.2,0.0
2007-04-23,31.4,13.9,0.0
2007-04-24,31.1,15.9,13.7
2007-04-25,29.4,18.1,1.4
2007-04-26,29.9,16.0,0.0
2007-04-27,30.2,15.5,0.0
2007-04-28,31.1,16.0,0.0
2007-04-29,30.9,15.6,0.0
2007-04-30,29.5,16.6,0.0
2007-05-01,30.258449946178683,15.5,0.0
2007-05-02,29.2,15.2,0.0
2007-05-03,27.9,14.5,0.0
2007-05-04,28.1,13.4,0.0
2007-05-05,27.5,13.799569429494067,0.0
2007-05-06,25.9,11.4,0.0
2007-05-07,26.5,11.3,0.0
2007-05-08,28.094187298170066,11.5,0.0
2007-05-09,27.5,12.6,0.0
2007-05-10,24.9,11.9,0.0
2007-05-11,25.8,12.110979547900955,0.0
2007-05-12,26.2,10.5,0.0
2007-05-13,26.9,10.4,0.0
2007-05-14,24.795909580193754,11.974273412271256,0.0
2007-05-15,24.6,13.9,0.0
2007-05-16,25.6,13.4,0.0
2007-05-17,25.2,10.6,0.0
2007-05-18,27.0,12.2,0.0
2007-05-19,28.8,10.9,0.0
2007-05-20,28.2,12.5,0.0
2007-05-21,27.0,11.9,0.0
2007-05-22,26.7,9.9,0.0
2007-05-23,27.9,8.5,0.0
2007-05-24,29.2,9.5,0.0
2007-05-25,30.0,9.0,0.0
2007-05-26,25.3,12.4,0.0
2007-05-27,23.7,11.5,0.0
2007-05-28,26.0,10.4,0.0
2007-05-29,23.2,9.5,0.0
2007-05-30,23.9,7.3,0.0
2007-05-31,24.2,8.6,0.0
2007-06-01,23.5,9.7,0.0
2007-06-02,23.5,9.0,0.0
2007-06-03,24.2,8.0,0.0
2007-06-04,25.0,7.3,0.0
2007-06-05,24.7,8.6,0.0
2007-06-06,22.9,8.366073414905456,0.0
2007-06-07,22.1,3.4,0.0
2007-06-08,24.0,1.5399332591768633,0.0
2007-06-09,25.2,1.6,0.0
2007-06-10,21.6,7.3,0.0
2007-06-11,22.0,5.1,0.0
2007-06-12,23.0,5.9,0.0
2007-06-13,23.6,5.9,0.0
2007-06-14,24.2,8.22614015572859,0.0
2007-06-15,25.4,9.045272525027809,0.0
2007-06-16,26.581423804226922,9.7,0.0
2007-06-17,27.0,9.9,0.0
2007-06-18,27.1,9.4,0.0
2007-06-19,27.7,9.0,0.0
2007-06-20,26.9,10.503781979977754,0.0
2007-06-21,20.9,11.922135706340383,0.0
2007-06-22,22.9,11.0,0.0
2007-06-23,22.1,7.0971078976640705,0.0
2007-06-24,21.2,4.9,0.0
2007-06-25,21.5,4.399110122358177,0.0
2007-06-26,22.9,4.778976640711903,0.0
2007-06-27,23.5,6.2,0.0
2007-06-28,23.0,8.0,0.0
2007-06-29,22.9,6.997330367074527,0.0
2007-06-30,24.0,6.5,0.0
2007-07-01,25.2,11.0,0.0
2007-07-02,25.2,11.2,0.0
2007-07-03,25.195909580193753,11.7,0.0
2007-07-04,25.1,10.5,0.0
2007-07-05,25.4,9.0,0.0
2007-07-06,22.0,10.7,0.0
2007-07-07,19.5,7.9,0.0
2007-07-08,19.2,5.5,0.0
2007-07-09,21.1,5.3,0.0
2007-07-10,23.5,6.0,0.0
2007-07-11,25.2,8.2,0.0
2007-07-12,25.6,9.9,0.0
2007-07-13,25.5,9.5,0.0
2007-07-14,24.1,5.9,0.0
2007-07-15,23.1,7.5,0.0
2007-07-16,24.2,8.9,0.0
2007-07-17,27.6,9.0,0.0
2007-07-18,26.0,6.5,0.0
2007-07-19,24.0,6.9,0.0
2007-07-20,21.7,7.8,0.0
2007-07-21,23.3,6.2,0.0
2007-07-22,25.7,6.7,0.0
2007-07-23,27.0,7.5,0.0
2007-07-24,27.9,8.575995694294935,0.0
2007-07-25,28.373735199138846,9.9,0.0
2007-07-26,28.7,10.6,0.0
2007-07-27,28.167168998923565,11.2,0.0
2007-07-28,26.7,12.2,0.0
2007-07-29,26.3,11.2,0.0
2007-07-30,26.9,11.2,0.0
2007-07-31,27.7,11.7,0.0
2007-08-01,25.5,8.9,0.0
2007-08-02,22.7,9.2,0.0
2007-08-03,23.2,7.2,0.0
2007-08-04,23.6,9.9,0.0
2007-08-05,23.2,9.9491926803014,0.0
2007-08-06,24.1,9.2,0.0
2007-08-07,25.4,8.5,0.0
2007-08-08,25.0,10.775565123789017,0.0
2007-08-09,23.4,10.0,0.0
2007-08-10,22.317438105489774,8.2,0.0
2007-08-11,24.0,7.9,0.0
2007-08-12,23.4,11.0,0.0
2007-08-13,25.2,11.4,0.0
2007-08-14,26.4,12.0,0.0
2007-08-15,26.591173304628633,13.5,0.0
2007-08-16,28.4,13.4,0.0
2007-08-17,29.9,14.3,0.0
2007-08-18,28.9,15.0,0.0
2007-08-19,28.5,14.1,0.0
2007-08-20,29.1,13.2,0.0
2007-08-21,28.34025834230355,13.9,0.0
2007-08-22,28.6,12.8,0.0
2007-08-23,30.0,13.0,0.0
2007-08-24,29.2,15.0,0.0
2007-08-25,27.9,14.0,0.0
2007-08-26,27.4,13.0,0.0
2007-08-27,24.6,13.9,0.0
2007-08-28,24.1,11.2,0.0
2007-08-29,24.8,10.8,0.0
2007-08-30,26.7,11.5,0.0
2007-08-31,27.6,13.2,0.0
2007-09-01,27.41924360400445,13.6,0.0
2007-09-02,26.7,11.599332591768633,0.0
2007-09-03,27.6,10.6,0.0
2007-09-04,29.0,12.0,0.0
2007-09-05,29.2,14.0,0.0
2007-09-06,29.99766407119021,13.9,0.0
2007-09-07,31.7,14.0,0.0
2007-09-08,33.1,15.9,0.0
2007-09-09,31.9,17.9,0.0
2007-09-10,33.5,17.8,0.0
2007-09-11,33.46084538375973,19.6,0.0
2007-09-12,34.1,17.4,0.0
2007-09-13,33.6,20.5,0.0
2007-09-14,32.9,20.433481646273645,0.0
2007-09-15,33.0,21.540044493882085,0.0
2007-09-16,33.0,21.426696329254728,0.0
2007-09-17,29.864404894327034,18.7,0.0
2007-09-18,29.7,17.0,0.0
2007-09-19,31.6,17.5,0.0
2007-09-20,24.3,14.5,2.3999999999999995
2007-09-21,16.8,14.2,3.9
2007-09-22,22.139710789766408,14.63092324805339,0.0
2007-09-23,25.992992213570634,15.876529477196888,0.0
2007-09-24,29.2,16.5,0.0
2007-09-25,30.1,16.0,0.0
2007-09-26,30.7,16.0,0.0
2007-09-27,31.0,16.3,0.0
2007-09-28,30.7,16.0,0.0
2007-09-29,29.0,15.1,0.0
2007-09-30,31.0,18.2,0.0
2007-10-01,30.7,20.4,0.0
2007-10-02,30.26512378902045,18.9,0.0
2007-10-03,30.50505920344456,17.1,0.0
2007-10-04,31.8,16.9,0.0
2007-10-05,31.0,19.1,0.0
2007-10-06,31.0,17.7,0.0
2007-10-07,31.9,19.7,0.0
2007-10-08,33.0,21.7,0.0
2007-10-09,32.1,20.4,0.0
2007-10-10,32.0,19.4,0.0
2007-10-11,33.0,19.0,0.0
2007-10-12,32.0,20.567491926803,0.0
2007-10-13,28.6,17.1,0.0
2007-10-14,30.0,17.0,0.0
2007-10-15,31.9,17.3,0.0
2007-10-16,32.1,18.0,0.0
2007-10-17,33.0,18.7,0.0
2007-10-18,34.4,20.0,0.0
2007-10-19,32.5,20.2,0.0
2007-10-20,30.2,16.9,4.6400000000000015
2007-10-21,26.759634015069967,17.4,14.504000000000001
2007-10-22,27.9,17.9,5.400000000000004
2007-10-23,26.906243272335843,16.5,0.0
2007-10-24,26.506350914962326,18.0,5.784000000000003
2007-10-25,22.633046286329385,14.9,11.220000000000006
2007-10-26,24.36652314316469,13.919698600645855,0.0
2007-10-27,27.558880516684606,14.652852529601722,2.5
2007-10-28,28.9,16.3,0.0
2007-10-29,31.6,18.0,0.0
2007-10-30,32.9,15.8,0.0
2007-10-31,31.4,17.8,0.0
2007-11-01,33.0,19.5,0.0
2007-11-02,32.6,19.4,0.0
2007-11-03,32.9,20.3,0.0
2007-11-04,33.4706340378198,20.480756395995552,0.0
2007-11-05,32.8,21.0,0.0
2007-11-06,32.2,20.1,0.0
2007-11-07,31.5,19.4,14.4
2007-11-08,32.1,18.5,0.0
2007-11-09,32.7,19.668186874304787,0.0
2007-11-10,34.0,18.5,0.0
2007-11-11,34.0,17.0,0.0
2007-11-12,34.4,18.5,0.0
2007-11-13,35.5,22.08020022246942,0.0
2007-11-14,32.32380422691879,19.0,0.0
2007-11-15,32.2,18.4,0.0
2007-11-16,31.2,18.5,1.5
2007-11-17,31.2,18.8,1.8
2007-11-18,29.0,17.8,2.4
2007-11-19,29.5,17.8,0.0
2007-11-20,30.584427141268076,17.4,0.0
2007-11-21,30.4,18.2,0.0
2007-11-22,30.1,18.0,8.3
2007-11-23,29.4,18.0,2.5
2007-11-24,29.7,18.3,16.6
2007-11-25,30.0,17.7,0.0
2007-11-26,29.96618464961068,17.8,1.1
2007-11-27,30.4,18.8,0.0
2007-11-28,30.2,20.134260289210236,0.0
2007-11-29,27.5,18.5,1.7
2007-11-30,29.6,18.1,0.0
2007-12-01,30.9,19.0,0.0
2007-12-02,29.9,17.5,0.0
2007-12-03,28.0,16.6,0.4
2007-12-04,27.8,18.0,9.9
2007-12-05,26.5,18.0,3.6
2007-12-06,26.7,18.0,2.0
2007-12-07,26.8,18.2,0.0
2007-12-08,26.4,18.1,2.4
2007-12-09,27.5,18.1,7.8
2007-12-10,27.0,17.1,0.0
2007-12-11,29.6,16.4,0.0
2007-12-12,30.0,17.9,0.0
2007-12-13,30.4,19.2,0.0
2007-12-14,30.7,19.2,3.4
2007-12-15,28.3,18.6,0.0
2007-12-16,29.63541442411194,17.9,4.5
2007-12-17,28.9,18.4,1.2
2007-12-18,28.5,18.2,1.0
2007-12-19,28.9,19.0,4.0
2007-12-20,28.9,19.0,0.0
2007-12-21,29.9,19.2,0.0
2007-12-22,29.03595263724434,18.9,1.2
2007-12-23,27.024650161463935,18.1,4.889552238805971
2007-12-24,28.2,17.6,0.0
2007-12-25,27.7,17.6,0.1
2007-12-26,27.3,17.6,0.0
2007-12-27,26.7791711517761,17.756727664155004,1.3
2007-12-28,25.0,17.5,2.4
2007-12-29,26.0,17.5,7.0
2007-12-30,27.0,17.3,17.10618336886994
2007-12-31,27.7,18.0,1.7473347547974412
2008-01-01,28.9,17.4,3.2
2008-01-02,27.4,18.0,7.0
2008-01-03,29.2,17.2,0.0
2008-01-04,27.9,17.9,0.0
2008-01-05,27.0,18.4,17.3
2008-01-06,26.6,17.7,4.0
2008-01-07,26.6524219590958,17.9,16.109737827715346
2008-01-08,28.4,17.0,15.5
2008-01-09,28.8,17.0,4.0
2008-01-10,28.4,16.7,1.1
2008-01-11,25.7,17.9,9.4
2008-01-12,25.5,17.9,59.69400749063677
2008-01-13,25.9,18.1,32.244756554307116
2008-01-14,22.663293864370292,18.0,1.1
2008-01-15,24.116469321851454,17.0,0.0
2008-01-16,24.29978471474704,16.3,0.0
2008-01-17,25.5,16.3,0.0
2008-01-18,26.8,17.3,5.2
2008-01-19,27.6,17.2,2.949812734082397
2008-01-20,24.0,18.0,4.4
2008-01-21,26.3,17.7,10.8
2008-01-22,27.8,17.7,28.547752808988758
2008-01-23,24.0,17.4,19.0
2008-01-24,22.7,16.9,3.4
2008-01-25,25.7,16.312594187298167,5.0
2008-01-26,27.8,17.4,27.86329588014981
2008-01-27,25.1,17.8,22.002247191011232
2008-01-28,27.9,17.2,0.0
2008-01-29,28.5,17.7,0.0
2008-01-30,29.8,18.6,0.0
2008-01-31,29.5,18.8,11.620224719101122
2008-02-01,25.69964243146603,18.0,27.80967741935484
2008-02-02,27.6,17.9,1.4
2008-02-03,29.3,17.6,0.6
2008-02-04,29.9,18.3,0.0
2008-02-05,28.9,18.2,26.27373271889402
2008-02-06,27.2,17.9,3.0
2008-02-07,27.3,18.0,0.0
2008-02-08,26.9,18.1,0.8
2008-02-09,28.6,17.9,0.6
2008-02-10,28.5,18.4,3.0
2008-02-11,28.2,16.9,2.097695852534563
2008-02-12,27.0,18.0,20.41705069124424
2008-02-13,27.5,18.5,32.07741935483871
2008-02-14,27.0,18.2,3.5373271889400932
2008-02-15,28.6,15.3,0.0
2008-02-16,28.4,14.6,0.0
2008-02-17,30.0,13.857449344457688,0.0
2008-02-18,28.8,17.6,5.6
2008-02-19,28.5,17.7,1.8894009216589869
2008-02-20,27.6,17.4,10.1
2008-02-21,28.8,18.0,27.505990783410144
2008-02-22,28.2,18.1,5.6
2008-02-23,24.7,18.0,4.4
2008-02-24,25.6,16.5,0.8331797235023044
2008-02-25,28.6,15.4,3.3691244239631324
2008-02-26,28.038736591179973,16.0,1.4755760368663593
2008-02-27,26.8,16.8,0.0
2008-02-28,28.6,16.2,13.5
2008-03-01,26.8,17.6,36.7
2008-03-02,28.6,17.6,29.0
2008-03-03,26.2,18.8,38.4
2008-03-04,28.9,18.4,4.4
2008-03-05,30.0,18.4,9.9
2008-03-06,27.9,18.0,1.8
2008-03-07,22.8,15.2,36.1
2008-03-08,17.5,14.8,0.0
2008-03-09,22.7,15.0,0.0
2008-03-10,26.8,13.196878363832077,0.0
2008-03-11,27.2,14.0,0.0
2008-03-12,26.2,14.1,0.0
2008-03-13,24.8,15.282454251883744,0.0
2008-03-14,24.0,16.8,0.0
2008-03-15,26.0,16.7,0.0
2008-03-16,29.0,15.9,0.0
2008-03-17,29.5,14.8,0.0
2008-03-18,30.2,15.7,0.0
2008-03-19,30.0,17.3,0.0
2008-03-20,27.7,15.6,0.0
2008-03-21,25.0,17.3,0.6
2008-03-22,24.4,15.7,0.0
2008-03-23,24.8,15.4,0.0
2008-03-24,24.6,12.595909580193757,0.0
2008-03-25,26.3,10.8,0.0
2008-03-26,26.3,10.19978471474704,0.0
2008-03-27,26.9,10.0,0.0
2008-03-28,28.5,10.79903121636168,0.0
2008-03-29,30.0,13.7,0.0
2008-03-30,30.5,19.2,0.0
2008-03-31,30.3,19.1,0.0
2008-04-01,24.2,17.5,0.0
2008-04-02,25.6,13.2,0.0
2008-04-03,25.6,11.3,0.0
2008-04-04,26.7,10.0,0.0
2008-04-05,27.6,8.9,0.0
2008-04-06,27.0,10.2,0.0
2008-04-07,25.5,15.0,0.0
2008-04-08,23.7,16.0,0.0
2008-04-09,25.5,15.0,0.0
2008-04-10,28.6,12.7,0.0
2008-04-11,30.5,13.7,0.0
2008-04-12,30.7,13.8,0.0
2008-04-13,30.1,12.8,0.0
2008-04-14,29.0,14.0,0.0
2008-04-15,27.9,14.1,0.0
2008-04-16,27.3,11.5,0.0
2008-04-17,27.9,16.4,0.0
2008-04-18,28.6,14.8,0.0
2008-04-19,28.9,14.3,0.0
2008-04-20,28.9,14.4,0.0
2008-04-21,28.5,12.6,0.0
2008-04-22,27.9,12.0,0.0
2008-04-23,28.1,12.7,0.0
2008-04-24,28.4,13.2,0.0
2008-04-25,28.5,14.1,0.0
2008-04-26,27.6,13.0,0.0
2008-04-27,27.6,11.6,0.0
2008-04-28,28.8,11.9,0.0
2008-04-29,28.4,13.2,0.0
2008-04-30,27.6,13.4,0.0
2008-05-01,26.4,11.9,0.0
2008-05-02,26.0,11.9,0.0
2008-05-03,26.4,11.824004305705051,0.0
2008-05-04,26.5,11.6,0.0
2008-05-05,25.7,11.8,0.0
2008-05-06,25.4,10.8,0.0
2008-05-07,24.5,11.0,0.0
2008-05-08,24.7,13.030678148546809,0.0
2008-05-09,26.639827771797624,11.9,0.0
2008-05-10,27.9,11.5,0.0
2008-05-11,30.0,12.26124865446716,0.0
2008-05-12,30.7,13.4,0.0
2008-05-13,32.0,14.104628632938628,0.0
2008-05-14,33.8,15.9,0.0
2008-05-15,33.8,18.20904198062429,0.0
2008-05-16,32.7,16.9,0.0
2008-05-17,32.71485468245423,19.5,0.0
2008-05-18,32.94456404736266,18.009041980624307,0.0
2008-05-19,30.0,16.11754574811624,1.2
2008-05-20,25.2,14.461679224973075,0.0
2008-05-21,24.4,11.8,0.0
2008-05-22,25.0,10.2,0.0
2008-05-23,27.7,10.108288482238965,0.0
2008-05-24,29.1,10.0,0.0
2008-05-25,30.2,10.4,0.0
2008-05-26,29.311948331539284,12.4,0.0
2008-05-27,28.9,13.289989235737334,0.0
2008-05-28,30.0,13.2,0.0
2008-05-29,30.7,13.8,0.0
2008-05-30,29.5,14.0,0.0
2008-05-31,30.52874058127017,14.3,0.0
2008-06-01,30.62669632925473,13.770634037819807,0.0
2008-06-02,28.973637374860964,14.2,1.9
2008-06-03,27.0,14.400333704115688,0.0
2008-06-04,27.9,12.9511679644049,0.0
2008-06-05,27.0,15.900111234705232,0.0
2008-06-06,26.2,14.0,0.0
2008-06-07,23.9,14.4,0.0
2008-06-08,27.0,13.2,0.0
2008-06-09,28.2,13.43081201334817,0.0
2008-06-10,26.9,14.7,0.0
2008-06-11,25.5,16.16017797552837,0.0
2008-06-12,24.6,13.101001112347056,0.0
2008-06-13,23.8,11.55261401557286,0.0
2008-06-14,24.8,10.9,0.0
2008-06-15,25.5,10.9,0.0
2008-06-16,25.7,11.0,0.0
2008-06-17,26.3,11.5,0.0
2008-06-18,26.0,10.693659621802006,0.0
2008-06-19,25.7,11.1,0.0
2008-06-20,25.6,9.544827586206903,0.0
2008-06-21,24.8,10.2,0.0
2008-06-22,23.9,8.6,0.0
2008-06-23,22.9,9.7,0.0
2008-06-24,21.8,6.9073414905450505,0.0
2008-06-25,23.0,4.5,0.0
2008-06-26,24.5,3.6986651835372637,0.0
2008-06-27,25.0,2.9796440489432703,0.0
2008-06-28,22.1,3.4,0.0
2008-06-29,20.9,2.9,0.0
2008-06-30,22.3,3.5,0.0
2008-07-01,24.4,7.2,0.0
2008-07-02,25.4,7.9,0.0
2008-07-03,25.9,7.7,0.0
2008-07-04,25.9,8.7,0.0
2008-07-05,22.3,11.0,0.0
2008-07-06,21.5,7.9,0.0
2008-07-07,22.751237890204518,5.0,0.0
2008-07-08,23.5,3.9,0.0
2008-07-09,17.79978471474704,7.2,0.0
2008-07-10,19.8,5.219052744886976,0.0
2008-07-11,21.0,3.5897739504843917,0.0
2008-07-12,23.0,3.14983853606028,0.0
2008-07-13,24.0,3.229817007534984,0.0
2008-07-14,21.6,7.3,0.0
2008-07-15,23.7,5.9,0.0
2008-07-16,26.5,8.1,0.0
2008-07-17,28.5,10.0,0.0
2008-07-18,28.8,10.5,0.0
2008-07-19,28.0,12.4,0.0
2008-07-20,24.7,13.4,0.0
2008-07-21,25.7,11.4,0.0
2008-07-22,27.793972012917106,12.4,0.0
2008-07-23,26.4,13.5,0.0
2008-07-24,26.7,12.2,0.0
2008-07-25,27.5,11.9,0.0
2008-07-26,28.0,11.442195909580187,0.0
2008-07-27,28.53369214208826,11.5,0.0
2008-07-28,29.0,12.7,0.0
2008-07-29,29.2,12.8,0.0
2008-07-30,28.2,13.860495156081807,0.0
2008-07-31,28.2,12.9,0.0
2008-08-01,26.7,10.9,0.0
2008-08-02,26.7,10.6,0.0
2008-08-03,27.253606027987075,9.3,0.0
2008-08-04,28.2,11.6,0.0
2008-08-05,27.5,14.087405812701824,0.0
2008-08-06,26.5,13.2,0.0
2008-08-07,23.7,12.0,0.0
2008-08-08,24.742195909580193,9.7,0.0
2008-08-09,27.4,8.97610333692142,0.0
2008-08-10,28.2,10.2,0.0
2008-08-11,27.7,12.4,0.0
2008-08-12,27.7,11.9,0.0
2008-08-13,28.416146393972003,11.7,0.0
2008-08-14,29.9,13.4,0.0
2008-08-15,29.2,14.2,0.0
2008-08-16,28.2,14.9,0.0
2008-08-17,26.7,14.6,0.0
2008-08-18,23.7,11.8,0.0
2008-08-19,25.1,8.4,0.0
2008-08-20,26.4,6.5,0.0
2008-08-21,28.7,7.5330462863293866,0.0
2008-08-22,29.0,10.7,0.0
2008-08-23,28.6,13.0,0.0
2008-08-24,30.2,13.7,0.0
2008-08-25,32.1,14.4,0.0
2008-08-26,32.5,13.647578040904193,0.0
2008-08-27,30.9,17.860172228202348,0.0
2008-08-28,31.2,16.733476856835296,0.0
2008-08-29,32.934445640473626,17.5,0.0
2008-08-30,33.217222820236806,18.426695371367064,0.0
2008-08-31,33.59300322927869,18.52335844994618,0.0
2008-09-01,34.9,17.9,0.0
2008-09-02,35.1,17.6,0.0
2008-09-03,34.7,18.4,0.0
2008-09-04,32.9,20.0,0.0
2008-09-05,33.7,19.0,0.0
2008-09-06,34.7,18.0,0.0
2008-09-07,35.65339265850946,21.833481646273647,0.0
2008-09-08,36.0,23.0,0.0
2008-09-09,36.30678531701892,20.5,0.0
2008-09-10,35.566740823136826,18.614126807563963,0.0
2008-09-11,36.02669632925473,20.0,0.0
2008-09-12,34.4,18.9,0.0
2008-09-13,28.12547274749722,16.5,0.0
2008-09-14,25.086206896551726,14.5,0.0
2008-09-15,26.4,13.4,0.0
2008-09-16,28.7,13.8,0.0
2008-09-17,31.2,15.5,0.0
2008-09-18,32.6,17.5,0.0
2008-09-19,31.7,18.9,0.0
2008-09-20,31.3,18.0,0.0
2008-09-21,31.0,18.0,0.0
2008-09-22,29.7,17.0,0.0
2008-09-23,31.1,16.9,0.0
2008-09-24,33.0,17.6,0.0
2008-09-25,34.4,19.3,0.0
2008-09-26,35.4,20.4,0.0
2008-09-27,36.0,21.106785317018918,0.0
2008-09-28,34.46707452725251,20.58008898776419,0.0
2008-09-29,34.0,20.5,0.0
2008-09-30,33.32758620689655,20.0,0.0
2008-10-01,34.4,18.5,0.0
2008-10-02,35.6,20.04122712594187,0.0
2008-10-03,34.6,21.83358449946177,0.0
2008-10-04,32.0,20.7,0.0
2008-10-05,32.0,18.3,0.0
2008-10-06,32.56996770721205,17.5,0.0
2008-10-07,33.9,18.0,0.0
2008-10-08,35.0,18.9,0.0
2008-10-09,32.9,20.2,0.0
2008-10-10,33.6,18.5,0.0
2008-10-11,34.7,17.1,0.0
2008-10-12,35.6,18.1,0.0
2008-10-13,36.0,19.6,0.0
2008-10-14,35.1,21.3,0.0
2008-10-15,32.60990312163617,20.0,0.0
2008-10-16,32.4,19.5,0.0
2008-10-17,33.33573735199138,20.0,0.0
2008-10-18,32.6,19.0,0.0
2008-10-19,33.3,19.0,0.0
2008-10-20,31.8,21.7,0.0
2008-10-21,31.3,19.5,0.0
2008-10-22,33.2,18.6,0.0
2008-10-23,35.6,19.5,0.0
2008-10-24,34.1,21.8,0.0
2008-10-25,33.2,20.0,0.0
2008-10-26,32.9,18.5,15.128000000000009
2008-10-27,27.4,18.2,13.124000000000015
2008-10-28,24.9,17.0,27.460000000000026
2008-10-29,20.55995694294941,15.5,16.44800000000001
2008-10-30,19.946609257265877,13.599784714747038,2.5
2008-10-31,19.4465016146394,12.19989235737352,0.2
2008-11-01,20.191434927697443,15.5,0.0
2008-11-02,22.6642936596218,15.9,9.5
2008-11-03,25.287875417130145,16.0,0.0
2008-11-04,23.2,16.0,5.8
2008-11-05,27.2,16.5,0.0
2008-11-06,28.9,15.679644048943269,0.0
2008-11-07,29.9,16.3,0.0
2008-11-08,29.107230255839823,16.6,0.0
2008-11-09,27.9,16.6,0.0
2008-11-10,29.0,16.4,0.0
2008-11-11,29.7,16.5,0.0
2008-11-12,30.2,16.4,0.0
2008-11-13,31.0,18.6,0.0
2008-11-14,29.9,18.5,0.8
2008-11-15,25.8,17.9,0.0
2008-11-16,27.724694104560623,17.5,0.0
2008-11-17,29.2,17.4,0.0
2008-11-18,31.0,18.0,0.0
2008-11-19,30.6,19.5,0.0
2008-11-20,29.9,17.6,10.3
2008-11-21,26.9,17.2,1.0
2008-11-22,28.3,17.0,55.6
2008-11-23,27.9,17.0,1.3
2008-11-24,28.334705228031144,17.4,16.6
2008-11-25,25.2,17.5,11.4
2008-11-26,25.0,17.5,0.0
2008-11-27,24.5,17.0,33.0
2008-11-28,25.374304783092324,17.2,0.0
2008-11-29,27.5,16.8,1.4
2008-11-30,28.9,16.5,13.5
2008-12-01,28.3,16.7,0.20469083155650333
2008-12-02,28.4,16.360279870828847,0.0
2008-12-03,30.068137782561884,19.2,0.0
2008-12-04,30.8,16.3,0.0
2008-12-05,31.680409041980614,17.1,0.0
2008-12-06,30.4,19.4,0.0
2008-12-07,29.0,17.8,4.2
2008-12-08,28.6,18.5,0.0
2008-12-09,29.8,16.0,0.1
2008-12-10,28.7,16.9,0.0
2008-12-11,27.9,17.5,10.727078891257992
2008-12-12,28.68310010764262,15.441550053821313,1.3
2008-12-13,29.7,16.7,0.0
2008-12-14,29.5,19.33627556512378,0.0
2008-12-15,29.9,19.5,5.494669509594882
2008-12-16,28.7,18.7,0.0
2008-12-17,28.0,18.4,9.8
2008-12-18,24.5,18.6,14.745415778251601
2008-12-19,23.9,18.0,10.6
2008-12-20,24.6,17.8,3.1415778251599153
2008-12-21,27.1,18.0,0.0
2008-12-22,23.7,17.4,0.0
2008-12-23,27.71733046286329,17.4,0.0
2008-12-24,27.0,16.9,1.0
2008-12-25,24.6,16.5,0.0
2008-12-26,27.0,16.5,1.7
2008-12-27,25.5,18.2,1.0
2008-12-28,25.9,18.0,0.0
2008-12-29,28.0,15.7,0.0
2008-12-30,28.9,16.1,0.0
2008-12-31,30.0,14.854682454251884,0.0
2009-01-01,31.7,15.2,0.0
2009-01-02,27.9,18.6,0.0
2009-01-03,24.9,17.6,0.0
2009-01-04,26.9,17.3,0.0
2009-01-05,27.8,16.9,1.1730337078651683
2009-01-06,27.6,18.4,11.316479400749063
2009-01-07,24.6,17.6,1.6
2009-01-08,26.5,16.8,1.0
2009-01-09,28.1,17.862217438105482,0.9
2009-01-10,27.2,17.7,0.0
2009-01-11,27.9,18.8,14.0
2009-01-12,29.5,17.9,0.0
2009-01-13,30.0,19.0,0.0
2009-01-14,28.9,16.6,0.0
2009-01-15,29.2,16.3,7.460299625468167
2009-01-16,29.1,17.0,0.0
2009-01-17,29.24413347685683,17.0,0.9
2009-01-18,28.6,17.2,2.7
2009-01-19,28.2,17.4,0.0
2009-01-20,29.3,17.8,0.0
2009-01-21,29.9,17.2,0.0
2009-01-22,29.4,19.307212055974162,0.0
2009-01-23,29.090473627556516,16.4,0.0
2009-01-24,29.9,16.4,0.0
2009-01-25,26.9,19.2,11.0
2009-01-26,29.587298170075353,18.4,6.547191011235953
2009-01-27,25.2,18.4,1.3
2009-01-28,29.5,18.6,6.2
2009-01-29,29.8,17.2,12.023970037453186
2009-01-30,30.4,17.9,29.352808988764046
2009-01-31,28.0,18.0,2.8
2009-02-01,29.3,17.0,25.225806451612907
2009-02-02,29.0,18.0,9.6
2009-02-03,27.0,18.8,16.88387096774195
2009-02-04,29.558045292014295,17.4,0.0
2009-02-05,30.0,18.0,0.0
2009-02-06,28.4,18.79773539928486,9.4
2009-02-07,29.1,18.4,0.0
2009-02-08,25.6,18.6,2.3059907834101394
2009-02-09,27.6,18.0,22.4
2009-02-10,28.261144219308704,17.4,14.982027649769586
2009-02-11,27.6,16.5,2.3
2009-02-12,29.0,17.2,0.9
2009-02-13,28.7,16.9,16.394009216589865
2009-02-14,29.2,15.6,0.0
2009-02-15,29.5,14.9,0.0
2009-02-16,27.7,18.9,7.4
2009-02-17,28.6,17.2,0.0
2009-02-18,28.7,15.6,0.0
2009-02-19,29.0,15.8,0.0
2009-02-20,29.4,17.7,0.0
2009-02-21,29.8,17.9,1.3
2009-02-22,31.0,18.4,12.360829493087559
2009-02-23,28.5,18.050655542312274,17.0
2009-02-24,27.7,18.5,4.2
2009-02-25,27.851370679380214,18.6,20.064516129032267
2009-02-26,28.5,16.5,8.4
2009-02-27,29.2,14.86233611442193,0.0
2009-02-28,29.3,14.8,0.0
2009-03-01,31.1,14.6,0.0
2009-03-02,30.6,16.0,1.4
2009-03-03,28.7,16.2,1.8
2009-03-04,27.5,17.0,0.0
2009-03-05,29.5,16.951345532831,2.2
2009-03-06,30.5,17.63121636167922,18.4
2009-03-07,28.2,18.6,16.2
2009-03-08,26.9,16.8,0.4
2009-03-09,28.5,16.6,0.0
2009-03-10,28.1,16.558880516684603,3.4
2009-03-11,27.4,17.1,1.2
2009-03-12,28.8,16.068783638320774,1.8
2009-03-13,28.1,16.0,0.0
2009-03-14,25.6,16.9,0.0
2009-03-15,28.0,14.6,0.0
2009-03-16,30.1,12.89763186221744,0.0
2009-03-17,29.6,14.9,0.0
2009-03-18,25.6,17.1,0.0
2009-03-19,27.9,16.363939720129167,0.0
2009-03-20,29.6,14.5,0.0
2009-03-21,30.0,16.9,0.0
2009-03-22,30.9,17.7,0.0
2009-03-23,31.3,16.2,0.0
2009-03-24,29.9,15.7,0.0
2009-03-25,29.4,15.0,0.0
2009-03-26,26.5,18.5,0.0
2009-03-27,22.5,17.7,0.0
2009-03-28,23.6,17.4,25.6
2009-03-29,27.0,17.0,0.0
2009-03-30,25.5,15.6,2.3
2009-03-31,23.7,17.6,27.5
2009-04-01,25.9,18.4,0.0
2009-04-02,26.9,17.0,0.0
2009-04-03,28.2,15.5,0.0
2009-04-04,28.5,14.5,0.0
2009-04-05,29.9,13.6,0.0
2009-04-06,30.2,14.3,0.0
2009-04-07,30.7,15.6,0.0
2009-04-08,29.9,16.3,0.0
2009-04-09,29.2,16.2,0.0
2009-04-10,29.5,15.8,0.0
2009-04-11,31.4,15.5,0.0
2009-04-12,32.1,15.2,0.0
2009-04-13,30.0,17.5,0.0
2009-04-14,26.2,15.9,0.0
2009-04-15,26.5,15.4,0.0
2009-04-16,26.7,14.0,0.0
2009-04-17,26.7,13.5,0.0
2009-04-18,27.0,12.6,0.0
2009-04-19,28.1,13.2,0.0
2009-04-20,29.0,11.4,0.0
2009-04-21,28.0,13.6,0.0
2009-04-22,25.7,15.8,0.0
2009-04-23,25.9,14.7,0.0
2009-04-24,24.7,10.7,0.0
2009-04-25,24.9,8.9,0.0
2009-04-26,25.6,8.8,0.0
2009-04-27,26.3,8.0,0.0
2009-04-28,27.0,7.6,0.0
2009-04-29,27.2,8.5,0.0
2009-04-30,26.7,9.3,0.0
2009-05-01,27.0,6.7,0.0
2009-05-02,26.2,10.9,0.0
2009-05-03,28.5,12.1,0.0
2009-05-04,29.0,14.8,0.0
2009-05-05,28.4,14.0,0.0
2009-05-06,28.0,14.020452099031198,0.0
2009-05-07,27.9,12.7,0.0
2009-05-08,25.2,13.0,0.0
2009-05-09,23.7,10.9,0.0
2009-05-10,23.031646932185144,9.2,0.0
2009-05-11,26.5,14.0,0.0
2009-05-12,25.5,16.5,0.0
2009-05-13,25.9,16.674596340150686,0.0
2009-05-14,25.8,16.39268030139933,0.0
2009-05-15,25.1,15.2,0.0
2009-05-16,25.3,15.1,0.0
2009-05-17,27.873412271259415,12.0,0.0
2009-05-18,28.2,10.9,0.0
2009-05-19,28.9,11.3,0.0
2009-05-20,29.8,10.2,0.0
2009-05-21,29.6,10.517868675995686,0.0
2009-05-22,28.6,12.2,0.0
2009-05-23,25.0,10.6,0.0
2009-05-24,25.7,7.5,0.0
2009-05-25,27.790742734122702,5.4,0.0
2009-05-26,27.2,10.6,0.0
2009-05-27,23.9,9.0,0.0
2009-05-28,24.4,7.4,0.0
2009-05-29,26.1,6.2,0.0
2009-05-30,27.6,7.0,0.0
2009-05-31,26.4,9.6,0.0
2009-06-01,25.7,8.7,0.0
2009-06-02,26.6,8.7,0.0
2009-06-03,24.1,11.5,0.0
2009-06-04,21.6,10.2,0.0
2009-06-05,22.791768631813127,11.3,0.0
2009-06-06,24.7,8.2,0.0
2009-06-07,25.4,8.3,0.0
2009-06-08,26.6,9.0,0.0
2009-06-09,24.7,11.6,0.0
2009-06-10,23.9,10.0,0.0
2009-06-11,23.943937708565077,8.5,0.0
2009-06-12,24.4,7.6,0.0
2009-06-13,24.6,7.9,0.0
2009-06-14,25.2,7.2,0.0
2009-06-15,25.5,8.4,0.0
2009-06-16,25.6,8.4,0.0
2009-06-17,25.35583982202447,8.0,0.0
2009-06-18,23.4,10.1,0.0
2009-06-19,22.0,7.9,0.0
2009-06-20,21.1,6.087986651835375,0.0
2009-06-21,22.7,3.5,0.0
2009-06-22,24.9,5.4,0.0
2009-06-23,25.7,9.4,0.0
2009-06-24,26.6,10.9,0.0
2009-06-25,27.6,11.7,0.0
2009-06-26,28.6,12.0,0.0
2009-06-27,28.08720800889878,12.9,0.0
2009-06-28,26.2,14.2,0.0
2009-06-29,26.4,12.5,0.0
2009-06-30,27.2,12.301668520578426,0.0
2009-07-01,28.467061356297084,13.781054897739503,0.0
2009-07-02,29.2,13.6,0.0
2009-07-03,30.480086114101173,15.0,0.0
2009-07-04,31.11334768568352,15.540043057050582,0.0
2009-07-05,31.3,16.6,0.0
2009-07-06,31.20667384284175,16.060064585575844,0.0
2009-07-07,30.2934337997847,15.720129171151738,0.0
2009-07-08,29.5,14.60043057050591,0.0
2009-07-09,29.2,14.0,0.0
2009-07-10,29.92023681377823,14.430247578040897,0.0
2009-07-11,30.633369214208813,14.96038751345531,0.0
2009-07-12,29.7,15.3,0.0
2009-07-13,29.340150699677057,15.280086114101183,0.0
2009-07-14,29.693433799784703,13.6,0.0
2009-07-15,29.0,13.930462863293863,0.0
2009-07-16,29.0,12.6,0.0
2009-07-17,28.7,12.5,0.0
2009-07-18,27.4,14.3,0.0
2009-07-19,27.127664155005377,13.4,0.0
2009-07-20,25.6,13.040796555435946,0.0
2009-07-21,22.5,11.5,0.0
2009-07-22,23.0,9.5,0.0
2009-07-23,23.4,9.1,0.0
2009-07-24,22.6,9.0,0.0
2009-07-25,22.1,7.8,0.0
2009-07-26,23.1,8.3,0.0
2009-07-27,23.5,9.3,0.0
2009-07-28,22.7,9.3,0.0
2009-07-29,23.2,8.5,0.0
2009-07-30,24.5,7.6,0.0
2009-07-31,27.0,8.0,0.0
2009-08-01,26.4,8.0,0.0
2009-08-02,26.0,12.0,0.0
2009-08-03,25.870182992465015,11.9,0.0
2009-08-04,27.1,10.9,0.0
2009-08-05,28.2,11.6,0.0
2009-08-06,28.7,12.2,0.0
2009-08-07,29.6,13.377717976318621,0.0
2009-08-08,29.5,13.5,0.0
2009-08-09,28.6,13.0,0.0
2009-08-10,28.0,11.9,0.0
2009-08-11,28.6,10.9,0.0
2009-08-12,28.7,11.0,0.0
2009-08-13,28.6,11.325296017222819,0.0
2009-08-14,29.1,12.1,0.0
2009-08-15,29.2,11.5,0.0
2009-08-16,28.9,11.4,0.0
2009-08-17,30.5,12.7,0.0
2009-08-18,29.0,14.9,0.0
2009-08-19,27.6,15.3,0.0
2009-08-20,29.0,14.0,0.0
2009-08-21,31.2,14.5,0.0
2009-08-22,30.7,14.7,0.0
2009-08-23,29.530355220667374,16.38686759956942,0.0
2009-08-24,31.4,16.2,0.0
2009-08-25,32.17233584499461,18.91334768568352,0.0
2009-08-26,28.4,16.66350914962325,0.0
2009-08-27,25.583853606027986,14.69386437029063,0.0
2009-08-28,25.6,13.5,0.0
2009-08-29,26.4,12.5,0.0
2009-08-30,27.4,11.6,0.0
2009-08-31,27.9,13.0,0.0
2009-09-01,27.9,14.904004449388209,0.0
2009-09-02,27.5,14.424471635150171,0.0
2009-09-03,27.9,13.9,0.0
2009-09-04,29.2,14.8,0.0
2009-09-05,29.5,15.4,0.0
2009-09-06,30.0,14.9,0.0
2009-09-07,31.3,14.4,0.0
2009-09-08,32.0,15.4,0.0
2009-09-09,31.4,16.4,0.0
2009-09-10,31.5,16.2,0.0
2009-09-11,32.5,16.0,0.0
2009-09-12,33.5,15.536707452725254,0.0
2009-09-13,33.0,16.62914349276975,0.0
2009-09-14,33.2,16.9,0.0
2009-09-15,33.5,17.4,0.0
2009-09-16,33.2,18.76740823136819,0.0
2009-09-17,34.6,18.7,0.0
2009-09-18,34.0,19.5,0.0
2009-09-19,33.0,19.6,0.0
2009-09-20,32.9,19.0,0.0
2009-09-21,32.8,18.5,0.0
2009-09-22,33.0,18.0,0.0
2009-09-23,33.4,18.8,0.0
2009-09-24,31.7,19.4,0.0
2009-09-25,31.3,17.6,0.0
2009-09-26,31.8,16.9,0.0
2009-09-27,32.8,17.5,0.0
2009-09-28,32.4,18.9,0.0
2009-09-29,32.1,18.6,0.0
2009-09-30,33.1,18.3,0.0
2009-10-01,34.1,19.3,0.0
2009-10-02,35.2,21.6,0.0
2009-10-03,31.8,21.0,0.0
2009-10-04,30.1,19.0,0.0
2009-10-05,29.1,17.584068891280943,0.0
2009-10-06,31.2,18.4,0.0
2009-10-07,28.1,19.4,0.0
2009-10-08,25.7,17.4,0.0
2009-10-09,25.9,15.1,0.0
2009-10-10,26.83961248654467,13.9,0.0
2009-10-11,28.2,12.9,0.0
2009-10-12,31.0,13.053175457481162,0.0
2009-10-13,33.0,16.0,0.0
2009-10-14,32.2,18.2,0.0
2009-10-15,30.9,17.8,0.0
2009-10-16,30.8,16.8,0.0
2009-10-17,30.8,17.4,0.0
2009-10-18,31.217761033369207,18.2,0.0
2009-10-19,33.8,18.3,0.0
2009-10-20,36.38019375672765,20.0,0.0
2009-10-21,36.0,21.0,0.0
2009-10-22,35.4,20.3,0.0
2009-10-23,35.5,20.6,0.0
2009-10-24,35.4,20.2,0.0
2009-10-25,35.61377825618945,20.0,0.0
2009-10-26,36.8934337997847,19.7,0.0
2009-10-27,38.0,20.4,0.0
2009-10-28,35.7,20.0,0.4
2009-10-29,25.9,17.6,9.772000000000006
2009-10-30,26.59967707212056,17.0,22.468000000000057
2009-10-31,26.9,18.0,0.0
2009-11-01,30.2,17.9,0.0
2009-11-02,31.8,18.5,0.0
2009-11-03,32.7,18.0,0.0
2009-11-04,33.6,19.2,0.0
2009-11-05,35.0,19.4,0.0
2009-11-06,34.4,20.0,0.0
2009-11-07,34.81746384872079,20.90723025583982,0.0
2009-11-08,35.2,21.0,0.0
2009-11-09,36.0,22.3,0.0
2009-11-10,30.9,19.5,0.0
2009-11-11,30.9,18.3,0.0
2009-11-12,29.4,17.0,0.0
2009-11-13,31.5,18.7,0.0
2009-11-14,32.4,21.0,0.0
2009-11-15,32.5,20.0,0.0
2009-11-16,35.62569521690767,22.9,0.0
2009-11-17,34.8,21.9,0.0
2009-11-18,32.9,22.6,0.0
2009-11-19,32.6,20.7,0.0
2009-11-20,33.0,22.840266963292564,0.0
2009-11-21,33.8,20.347497219132368,0.0
2009-11-22,32.9,19.5,0.0
2009-11-23,35.04282536151278,22.0,0.0
2009-11-24,32.2,19.0,0.9
2009-11-25,32.02235817575083,18.5,0.0
2009-11-26,31.9,19.6,0.0
2009-11-27,31.5,18.5,13.4
2009-11-28,30.6,18.4,34.4
2009-11-29,29.8,17.6,3.7
2009-11-30,28.7,17.983759733036706,3.8
2009-12-01,28.9,19.2,3.4
2009-12-02,30.7,18.7,0.0
2009-12-03,31.2,18.4,0.0
2009-12-04,29.9,19.0,2.0
2009-12-05,28.5,18.6,21.199147121535187
2009-12-06,27.5,18.6,28.165671641791025
2009-12-07,25.6,18.1,1.6
2009-12-08,28.0,17.8,0.0
2009-12-09,30.1,17.2,0.0
2009-12-10,28.7,18.3,0.0
2009-12-11,30.0,17.1,0.0
2009-12-12,30.76092572658772,18.553821313240043,0.0
2009-12-13,31.7,18.7,0.0
2009-12-14,31.6,18.2,0.0
2009-12-15,30.5,18.5,0.0
2009-12-16,30.7,19.0,8.41684434968017
2009-12-17,27.6,18.3,17.10618336886994
2009-12-18,30.6,17.7,0.0
2009-12-19,30.5,16.1,0.0
2009-12-20,31.1,15.0,0.0
2009-12-21,32.0,19.777825618945098,0.0
2009-12-22,32.033584499461774,20.3,0.0
2009-12-23,32.1,19.57470398277718,0.0
2009-12-24,27.397739504843912,19.41033369214209,3.4
2009-12-25,27.7,19.3,27.214285714285705
2009-12-26,28.0,18.4,32.35906183368869
2009-12-27,28.57653390742734,17.9,4.0
2009-12-28,27.0,17.6,2.7
2009-12-29,29.981700753498377,17.7,0.0
2009-12-30,30.0,18.3,0.0
2009-12-31,29.9,18.0,0.0
2010-01-01,30.953498385360597,18.2,1.384269662921348
2010-01-02,30.5,18.6,2.4
2010-01-03,28.0,18.1,1.8
2010-01-04,28.7,17.0,0.0
2010-01-05,27.5,18.0,0.8
2010-01-06,27.545209903121638,16.8,0.0
2010-01-07,27.7,16.289558665231432,0.0
2010-01-08,27.4,17.9,0.8
2010-01-09,27.3,17.7,4.899438202247192
2010-01-10,25.2,18.1,1.2786516853932581
2010-01-11,28.7,16.8,1.0
2010-01-12,29.5,18.7,1.8
2010-01-13,29.1,18.7,16.66142322097378
2010-01-14,29.5,18.9,3.108988764044941
2010-01-15,27.4,18.4,0.0
2010-01-16,25.6,17.9,0.0
2010-01-17,27.2,18.7,3.4
2010-01-18,25.1,18.4,0.0
2010-01-19,26.9,18.4,1.9
2010-01-20,28.7,17.6,8.167790262172282
2010-01-21,24.2,18.0,0.0
2010-01-22,24.8,17.9,0.0
2010-01-23,26.6,17.9,1.9
2010-01-24,25.1,18.7,0.0
2010-01-25,28.4,18.4,2.326404494382022
2010-01-26,26.7,17.8,2.1
2010-01-27,27.8,18.0,32.244756554307116
2010-01-28,29.7,17.8,6.034082397003744
2010-01-29,30.3,17.2,1.6983146067415726
2010-01-30,27.9,18.5,28.3
2010-01-31,26.9,18.0,37.35880149812734
2010-02-01,27.0,17.7,2.3
2010-02-02,28.2,15.2,0.0
2010-02-03,29.0,19.15506555423122,0.0
2010-02-04,29.6,17.3,0.0
2010-02-05,30.6,19.815017878426698,0.0
2010-02-06,33.3600715137068,18.2,0.0
2010-02-07,30.5,18.9,0.0
2010-02-08,28.3,19.0,22.52903225806452
2010-02-09,28.0,17.7,1.3
2010-02-10,26.0,18.8,6.393548387096776
2010-02-11,27.0,17.0,0.0
2010-02-12,23.54243146603099,17.5,0.0
2010-02-13,28.3,18.0,0.0
2010-02-14,29.7,18.4,1.1
2010-02-15,28.8,17.6,0.0
2010-02-16,30.3,16.1,0.0
2010-02-17,30.0,15.449702026221692,0.0
2010-02-18,30.190345649582834,14.5,0.0
2010-02-19,28.4,17.5,3.8
2010-02-20,29.5,16.226936829558998,0.0
2010-02-21,27.5,18.7,0.0
2010-02-22,28.8,19.0,0.0
2010-02-23,30.35530393325387,16.5,0.8331797235023044
2010-02-24,24.0,16.7,0.0
2010-02-25,26.0,16.7,0.0
2010-02-26,28.0,17.5,0.0
2010-02-27,28.0,18.5,0.0
2010-02-28,28.1,16.9,1.4
2010-03-01,27.2,16.8,0.0
2010-03-02,26.2,16.7,18.4
2010-03-03,26.7,17.5,0.0
2010-03-04,28.1,19.301937567276628,0.0
2010-03-05,27.4,17.7,0.0
2010-03-06,29.5,16.5,0.0
2010-03-07,29.0,19.4,0.0
2010-03-08,30.0,16.9,0.0
2010-03-09,31.3,15.5,0.0
2010-03-10,31.9,14.6,0.0
2010-03-11,31.6,17.6,0.0
2010-03-12,29.7,18.0,0.0
2010-03-13,30.1,17.6,9.0
2010-03-14,28.6,19.3,1.4
2010-03-15,31.2,18.9,20.4
2010-03-16,29.2,19.1,0.0
2010-03-17,29.1,18.5,0.0
2010-03-18,29.4,19.0,0.0
2010-03-19,28.0,18.805812701829918,0.0
2010-03-20,27.8,16.2,0.0
2010-03-21,28.4,15.0,0.0
2010-03-22,29.9,16.3,0.0
2010-03-23,29.9,15.2,0.0
2010-03-24,30.6,14.6,0.0
2010-03-25,31.8,19.9,0.0
2010-03-26,30.4,18.5,0.8
2010-03-27,30.2,18.4,0.6
2010-03-28,28.4,18.0,0.0
2010-03-29,29.5,17.2,0.0
2010-03-30,30.2,17.2,0.0
2010-03-31,31.3,16.3,0.0
2010-04-01,30.7,17.3,0.0
2010-04-02,25.5,17.7,0.0
2010-04-03,26.1,17.9,0.0
2010-04-04,30.4,18.9,24.9
2010-04-05,29.7,19.0,1.4
2010-04-06,29.1,19.2,0.0
2010-04-07,27.2,16.4,17.0
2010-04-08,26.0,17.2,2.3
2010-04-09,28.0,15.4,0.0
2010-04-10,29.7,16.9,7.2
2010-04-11,31.6,16.6,25.6
2010-04-12,26.7,18.4,27.4
2010-04-13,28.5,18.6,0.0
2010-04-14,27.1,18.5,1.4
2010-04-15,27.6,16.5,0.0
2010-04-16,27.4,16.1,2.3
2010-04-17,27.8,15.1,0.0
2010-04-18,27.0,15.4,0.0
2010-04-19,28.0,14.3,0.0
2010-04-20,28.4,17.0,0.0
2010-04-21,29.0,16.0,0.0
2010-04-22,29.2,15.7,0.0
2010-04-23,28.5,15.2,0.0
2010-04-24,25.6,15.5,10.6
2010-04-25,26.0,16.3,0.0
2010-04-26,27.0,14.7,0.0
2010-04-27,25.8,12.6,0.0
2010-04-28,25.1,10.8,0.0
2010-04-29,23.0,15.9,0.0
2010-04-30,27.2,15.1,0.0
2010-05-01,25.2,13.5,0.0
2010-05-02,25.0,15.9,4.594444444444446
2010-05-03,24.7,14.7,0.0
2010-05-04,25.4,13.61313240043056,0.0
2010-05-05,24.5,12.0,0.0
2010-05-06,24.7,10.6,0.0
2010-05-07,25.7,10.3,0.0
2010-05-08,27.4,11.0,0.0
2010-05-09,27.6,12.0,0.0
2010-05-10,27.94122712594186,12.4,0.0
2010-05-11,28.1,13.8,0.0
2010-05-12,28.6,13.6,0.0
2010-05-13,28.913455328310004,13.4,0.0
2010-05-14,28.254574811625393,12.2,0.0
2010-05-15,26.3,12.2,0.0
2010-05-16,22.5,12.9,0.0
2010-05-17,23.0,15.926587728740559,0.0
2010-05-18,27.0,16.767814854682438,0.0
2010-05-19,27.5,14.4,0.0
2010-05-20,26.6,12.8,0.0
2010-05-21,27.0,11.6,0.0
2010-05-22,27.7,11.3,0.0
2010-05-23,27.6,14.0,0.0
2010-05-24,26.4,13.2,0.0
2010-05-25,26.6,12.9,0.0
2010-05-26,26.5,12.643702906350903,0.0
2010-05-27,25.6,12.1,0.0
2010-05-28,26.0,11.5,0.0
2010-05-29,27.0,10.7,0.0
2010-05-30,28.9,14.9,0.0
2010-05-31,29.3,15.2,0.0
2010-06-01,26.6,13.0,0.0
2010-06-02,25.5,12.4,0.0
2010-06-03,24.9,11.9,0.0
2010-06-04,24.4,11.0,0.0
2010-06-05,24.0,10.4,0.0
2010-06-06,24.0,8.9,0.0
2010-06-07,23.6,8.1,0.0
2010-06-08,23.4,9.0,0.0
2010-06-09,23.1,9.6,0.0
2010-06-10,23.0,11.3,0.0
2010-06-11,24.1,11.2,0.0
2010-06-12,22.7,10.7,0.0
2010-06-13,24.323581757508343,11.5,0.0
2010-06-14,25.6,11.9,0.0
2010-06-15,25.9,9.7,0.0
2010-06-16,25.0,6.7,0.0
2010-06-17,23.5,9.2,0.0
2010-06-18,23.5,7.4,0.0
2010-06-19,24.0,6.1,0.0
2010-06-20,22.9,11.7,0.0
2010-06-21,23.6,9.6,0.0
2010-06-22,24.6,9.5,0.0
2010-06-23,25.0,11.262958843159073,0.0
2010-06-24,21.36607341490545,10.0,0.0
2010-06-25,22.5,10.2,0.0
2010-06-26,23.164627363737488,8.3,0.0
2010-06-27,24.7,7.7,0.0
2010-06-28,26.0,7.187096774193553,0.0
2010-06-29,26.60800889877642,7.0,0.0
2010-06-30,25.6,9.7,0.0
2010-07-01,24.6,11.0,0.0
2010-07-02,23.9,9.2,0.0
2010-07-03,24.4,7.7,0.0
2010-07-04,25.7,8.0,0.0
2010-07-05,24.9,10.5,0.0
2010-07-06,23.7,11.5,0.0
2010-07-07,21.2,12.1,0.0
2010-07-08,21.3,9.9,0.0
2010-07-09,21.0,7.4,0.0
2010-07-10,20.9,12.7,0.0
2010-07-11,21.5,8.3,0.0
2010-07-12,24.4,6.7,0.0
2010-07-13,25.7,6.7,0.0
2010-07-14,23.717115177610328,11.0,0.0
2010-07-15,19.659634015069965,10.0,0.0
2010-07-16,22.7,11.1,0.0
2010-07-17,20.9,12.401184068891276,0.0
2010-07-18,24.0,10.4,0.0
2010-07-19,25.4,8.0,0.0
2010-07-20,27.2,8.17653390742734,0.0
2010-07-21,27.6,9.1,0.0
2010-07-22,27.3,11.0,0.0
2010-07-23,26.261571582346598,10.6,0.0
2010-07-24,24.4,9.6,0.0
2010-07-25,25.42895586652314,9.604413347685682,0.0
2010-07-26,27.4,15.2,0.0
2010-07-27,26.7,14.0,0.0
2010-07-28,25.7,12.2,0.0
2010-07-29,27.407534983853598,11.5,0.0
2010-07-30,27.1,11.9,0.0
2010-07-31,27.2,11.80182992465015,0.0
2010-08-01,25.2,9.2,0.0
2010-08-02,25.2,9.6,0.0
2010-08-03,24.6,7.9,0.0
2010-08-04,26.3,7.4,0.0
2010-08-05,27.6,11.2,0.0
2010-08-06,28.3,12.3,0.0
2010-08-07,28.3,12.5,0.0
2010-08-08,27.7,13.1,0.0
2010-08-09,28.6,12.3,0.0
2010-08-10,30.0,11.9,0.0
2010-08-11,31.2,12.6,0.0
2010-08-12,31.0,14.1,0.0
2010-08-13,30.65479009687836,14.4,0.0
2010-08-14,30.3,13.9,0.0
2010-08-15,29.9,13.8,0.0
2010-08-16,29.5,15.0,0.0
2010-08-17,30.5,14.940473627556504,0.0
2010-08-18,31.4,14.4,0.0
2010-08-19,29.5,16.3,0.0
2010-08-20,27.7,14.307319698600644,0.0
2010-08-21,27.9,13.0,0.0
2010-08-22,28.6,13.2,0.0
2010-08-23,28.8,14.6,0.0
2010-08-24,28.9,14.0,0.0
2010-08-25,30.403013993541443,14.227341227125937,0.0
2010-08-26,31.05489773950484,14.5,0.0
2010-08-27,31.1,15.350376749192678,0.0
2010-08-28,29.5,15.5,0.0
2010-08-29,29.0,14.0,0.0
2010-08-30,31.0,14.2,0.0
2010-08-31,32.1,14.7,0.0
2010-09-01,34.7,15.5,0.0
2010-09-02,34.5,16.4,0.0
2010-09-03,30.1,18.4,0.0
2010-09-04,28.9,15.3,0.0
2010-09-05,30.004115684093442,15.2,0.0
2010-09-06,30.7,15.7,0.0
2010-09-07,31.6,15.6,0.0
2010-09-08,32.7,15.9,0.0
2010-09-09,33.3,17.2,0.0
2010-09-10,31.9,18.9,0.0
2010-09-11,29.5,17.87463848720801,0.0
2010-09-12,28.5,15.6,0.0
2010-09-13,28.2,15.2,0.0
2010-09-14,29.797775305895442,15.2,0.0
2010-09-15,31.4,15.6,0.0
2010-09-16,32.7,17.8,0.0
2010-09-17,32.6,19.0,0.0
2010-09-18,32.8,18.3,0.0
2010-09-19,33.0,18.2,0.0
2010-09-20,32.1,18.2,0.0
2010-09-21,32.0,17.2,0.0
2010-09-22,32.5,16.4,0.0
2010-09-23,33.2476084538376,16.3,0.0
2010-09-24,35.3,17.4,0.0
2010-09-25,33.0,20.5,0.0
2010-09-26,30.5,19.0,0.0
2010-09-27,29.2,16.282869855394882,0.0
2010-09-28,29.2,16.376084538375974,0.0
2010-09-29,30.2,15.6,0.0
2010-09-30,31.0,15.2,0.0
2010-10-01,32.6,11.933261571582348,0.0
2010-10-02,33.8,14.179655543595262,0.0
2010-10-03,33.2,16.7,0.0
2010-10-04,33.0,17.5,0.0
2010-10-05,33.9,18.516146393972015,0.0
2010-10-06,35.0,18.9,0.0
2010-10-07,36.3,18.6,0.0
2010-10-08,37.68008611410112,19.8,0.0
2010-10-09,34.6,23.0,0.0
2010-10-10,34.7,20.9,0.0
2010-10-11,35.274058127018286,20.4,0.0
2010-10-12,35.3,19.9,0.0
2010-10-13,34.0,20.9,0.0
2010-10-14,34.2,20.2,0.0
2010-10-15,35.92701829924649,19.9,0.0
2010-10-16,31.8,21.0,0.0
2010-10-17,29.9,17.7,0.0
2010-10-18,30.7,17.9,0.0
2010-10-19,31.4,18.1,0.0
2010-10-20,31.0,19.4,0.0
2010-10-21,30.1,18.9,0.0
2010-10-22,31.2,19.2,0.0
2010-10-23,34.5,20.1,0.0
2010-10-24,35.3,20.7,0.0
2010-10-25,35.40064585575887,20.7,0.0
2010-10-26,33.6,22.6,0.0
2010-10-27,31.7,21.9,0.0
2010-10-28,31.5,20.9,0.0
2010-10-29,31.584284176533906,20.8,0.0
2010-10-30,32.6,19.8,0.0
2010-10-31,33.1,20.29440258342302,0.0
2010-11-01,31.9,17.9,5.3
2010-11-02,24.0,16.5,25.4
2010-11-03,23.36929922135706,16.41913236929922,1.6
2010-11-04,26.0,17.0,5.5
2010-11-05,28.9,17.5,0.0
2010-11-06,27.1,16.8,3.2
2010-11-07,29.0,16.5,0.0
2010-11-08,27.9,17.3,1.9
2010-11-09,28.7,17.6,12.1
2010-11-10,29.02758620689655,18.2,0.0
2010-11-11,30.4,18.5,0.0
2010-11-12,31.5,18.9,0.0
2010-11-13,30.6,17.7,0.0
2010-11-14,30.0,16.3,0.0
2010-11-15,30.6,16.399221357063404,0.0
2010-11-16,31.16195773081201,18.5,0.0
2010-11-17,29.6,17.2,1.0
2010-11-18,27.1,17.4,7.1
2010-11-19,22.355728587319245,16.3,17.3
2010-11-20,26.7,16.0,0.0
2010-11-21,28.9,16.0,0.0
2010-11-22,29.2,16.1,5.4
2010-11-23,27.6,17.1,10.6
2010-11-24,26.0,16.4,10.5
2010-11-25,25.1,16.6,5.3
2010-11-26,25.2,16.4,15.7
2010-11-27,27.1,17.1,39.7
2010-11-28,25.115016685205784,17.2,18.9
2010-11-29,22.03715239154616,17.0,0.0
2010-11-30,23.2,17.0,0.0
2010-12-01,27.0,15.9,3.6
2010-12-02,29.0,14.65123789020452,0.0
2010-12-03,29.5,15.228740581270182,0.0
2010-12-04,29.9,16.4,0.0
2010-12-05,23.093003229278793,17.1,0.0
2010-12-06,26.5,17.6,0.0
2010-12-07,28.5,16.8,0.0
2010-12-08,29.0,17.5,0.0
2010-12-09,26.5,18.4,11.267803837953094
2010-12-10,27.0,17.5,0.0
2010-12-11,27.4,17.9,0.0
2010-12-12,29.2,19.0,2.0
2010-12-13,29.6,18.7,26.28059701492537
2010-12-14,29.2,19.0,43.92494669509592
2010-12-15,25.7,18.4,4.2
2010-12-16,29.4,17.4,4.4
2010-12-17,28.3,18.6,37.361194029850736
2010-12-18,27.7,18.1,33.546268656716414
2010-12-19,27.5,18.0,0.8
2010-12-20,27.1,18.4,2.1541577825159917
2010-12-21,27.2,18.5,5.2
2010-12-22,28.5,17.5,4.3
2010-12-23,26.2,17.95920344456404,8.6362473347548
2010-12-24,24.8,18.454144241119476,10.2
2010-12-25,23.792787944025832,18.5,1.3
2010-12-26,27.0,17.618299246501614,0.0
2010-12-27,28.4,15.8,0.0
2010-12-28,28.4,15.4,0.0
2010-12-29,27.9,18.5,26.0
2010-12-30,28.7,18.7,8.6
2010-12-31,28.9,18.6,6.299786780383794
